datetime,prob_up,label
2026-05-26 09:30:00,0.4431017964119343,0
2026-05-26 09:31:00,0.5574598178176579,0
2026-05-26 09:32:00,0.45242351707054335,0
2026-05-26 09:33:00,0.43619281727986203,0
2026-05-26 09:34:00,0.5222280783266579,0
2026-05-26 09:35:00,0.5132466015501902,0
2026-05-26 09:36:00,0.4674389531699746,0
2026-05-26 09:37:00,0.4432601479980299,0
2026-05-26 09:38:00,0.48227345119357884,0
2026-05-26 09:39:00,0.4092732735808275,0
2026-05-26 09:40:00,0.42984318582054937,0
2026-05-26 09:41:00,0.4262203329980227,0
2026-05-26 09:42:00,0.43591709657181105,0
2026-05-26 09:43:00,0.46518033271487785,0
2026-05-26 09:44:00,0.4591290424722216,0
2026-05-26 09:45:00,0.5184853226189778,0
2026-05-26 09:46:00,0.5312704564261669,1
2026-05-26 09:47:00,0.43373608194571606,0
2026-05-26 09:48:00,0.45669706631472123,1
2026-05-26 09:49:00,0.4403313447102333,1
2026-05-26 09:50:00,0.4608175139135192,1
2026-05-26 09:51:00,0.45905633290731995,0
2026-05-26 09:52:00,0.46428057065140566,0
2026-05-26 09:53:00,0.4124004650696968,0
2026-05-26 09:54:00,0.4473839671362859,1
2026-05-26 09:55:00,0.46859836386693016,1
2026-05-26 09:56:00,0.4656094992442278,1
2026-05-26 09:57:00,0.40901096551914295,1
2026-05-26 09:58:00,0.4257980765055336,1
2026-05-26 09:59:00,0.4681048193867719,1
2026-05-26 10:00:00,0.38208028685925155,0
2026-05-26 10:01:00,0.44242940643769735,0
2026-05-26 10:02:00,0.40567980180071694,1
2026-05-26 10:03:00,0.48845002461274295,1
2026-05-26 10:04:00,0.39113358935330345,0
2026-05-26 10:05:00,0.43388922937576835,0
2026-05-26 10:06:00,0.4654830679424951,1
2026-05-26 10:07:00,0.43870856470762487,1
2026-05-26 10:08:00,0.39164954370717336,0
2026-05-26 10:09:00,0.43665819643256115,0
2026-05-26 10:10:00,0.43105376698711595,0
2026-05-26 10:11:00,0.36824336066125446,0
2026-05-26 10:12:00,0.4503414560655732,0
2026-05-26 10:13:00,0.45986768884008616,1
2026-05-26 10:14:00,0.44208264841895134,1
2026-05-26 10:15:00,0.4703782213705108,1
2026-05-26 10:16:00,0.3962692947049281,1
2026-05-26 10:17:00,0.3740147999588307,0
2026-05-26 10:18:00,0.406033753417971,1
2026-05-26 10:19:00,0.40678829764170005,1
2026-05-26 10:20:00,0.41103458288425,0
2026-05-26 10:21:00,0.3949980280256284,0
2026-05-26 10:22:00,0.42707814412476686,0
2026-05-26 10:23:00,0.4657197752862842,1
2026-05-26 10:24:00,0.4049355623557328,0
2026-05-26 10:25:00,0.38075082882124217,0
2026-05-26 10:26:00,0.38473836974740294,0
2026-05-26 10:27:00,0.35116775800420397,0
2026-05-26 10:28:00,0.36466091016663954,0
2026-05-26 10:29:00,0.4056923154049018,0
2026-05-26 10:30:00,0.3601667253922309,0
2026-05-26 10:31:00,0.41724743952585824,0
2026-05-26 10:32:00,0.40736327749056495,0
2026-05-26 10:33:00,0.37984884334572444,0
2026-05-26 10:34:00,0.396158020310052,0
2026-05-26 10:35:00,0.4358849914857367,0
2026-05-26 10:36:00,0.45586745278114593,0
2026-05-26 10:37:00,0.40792184454415686,0
2026-05-26 10:38:00,0.4101593430134211,0
2026-05-26 10:39:00,0.46330416591785983,0
2026-05-26 10:40:00,0.46258971476403704,0
2026-05-26 10:41:00,0.5168127588935932,0
2026-05-26 10:42:00,0.5563691023184407,1
2026-05-26 10:43:00,0.5002609049818834,0
2026-05-26 10:44:00,0.5361335484304594,0
2026-05-26 10:45:00,0.5128155194067666,0
2026-05-26 10:46:00,0.42476078465380246,0
2026-05-26 10:47:00,0.38154568986559534,0
2026-05-26 10:48:00,0.43276554669615575,0
2026-05-26 10:49:00,0.3671081983199019,0
2026-05-26 10:50:00,0.4514627748488646,0
2026-05-26 10:51:00,0.4958867150644612,0
2026-05-26 10:52:00,0.3730611510362921,0
2026-05-26 10:53:00,0.3666989885715307,0
2026-05-26 10:54:00,0.4049318199654171,0
2026-05-26 10:55:00,0.4014798087052211,0
2026-05-26 10:56:00,0.4121460405108023,0
2026-05-26 10:57:00,0.43668486778430765,0
2026-05-26 10:58:00,0.45240136413079596,0
2026-05-26 10:59:00,0.4891285181691817,0
2026-05-26 11:00:00,0.39880271786198485,0
2026-05-26 11:01:00,0.4216629929304432,0
2026-05-26 11:02:00,0.38970493438307785,0
2026-05-26 11:03:00,0.43225421021662613,0
2026-05-26 11:04:00,0.44191269623404567,0
2026-05-26 11:05:00,0.4420579878797319,0
2026-05-26 11:06:00,0.45189891983127684,0
2026-05-26 11:07:00,0.3509575612971281,0
2026-05-26 11:08:00,0.3378755961045535,0
2026-05-26 11:09:00,0.31752147417388416,0
2026-05-26 11:10:00,0.3360886975465076,0
2026-05-26 11:11:00,0.3206593770136376,0
2026-05-26 11:12:00,0.33457462180516884,0
2026-05-26 11:13:00,0.4084598697178676,0
2026-05-26 11:14:00,0.5369588290816124,0
2026-05-26 11:15:00,0.6009183370744102,0
2026-05-26 11:16:00,0.5797118733603651,1
2026-05-26 11:17:00,0.4833953371213366,1
2026-05-26 11:18:00,0.5033081574194587,1
2026-05-26 11:19:00,0.559196855050395,1
2026-05-26 11:20:00,0.4237435285996184,0
2026-05-26 11:21:00,0.46749537459935486,0
2026-05-26 11:22:00,0.4491938512511229,0
2026-05-26 11:23:00,0.3766898203338066,0
2026-05-26 11:24:00,0.4304162096725416,0
2026-05-26 11:25:00,0.4261206398590273,0
2026-05-26 11:26:00,0.4246104375705264,0
2026-05-26 11:27:00,0.43448160034768857,0
2026-05-26 11:28:00,0.5118337129870316,0
2026-05-26 11:29:00,0.497238581321994,0
2026-05-26 11:30:00,0.42070661963545647,0
2026-05-26 13:01:00,0.36912886485893,0
2026-05-26 13:02:00,0.33681842757989056,0
2026-05-26 13:03:00,0.39798136570059084,0
2026-05-26 13:04:00,0.3470883107515695,0
2026-05-26 13:05:00,0.42331220276181225,0
2026-05-26 13:06:00,0.40078439784635156,0
2026-05-26 13:07:00,0.4576692958500564,0
2026-05-26 13:08:00,0.45614650223678554,0
2026-05-26 13:09:00,0.4073076077819263,0
2026-05-26 13:10:00,0.38770937750127465,0
2026-05-26 13:11:00,0.4234622648196912,1
2026-05-26 13:12:00,0.45767631830196864,1
2026-05-26 13:13:00,0.4203146366398363,0
2026-05-26 13:14:00,0.4890835979309509,0
2026-05-26 13:15:00,0.55148680503784,1
2026-05-26 13:16:00,0.4597249564583993,1
2026-05-26 13:17:00,0.4368077779989357,1
2026-05-26 13:18:00,0.4974513339213372,1
2026-05-26 13:19:00,0.48586486096514314,1
2026-05-26 13:20:00,0.43958404301458787,1
2026-05-26 13:21:00,0.45843224778061714,1
2026-05-26 13:22:00,0.48786403571383113,1
2026-05-26 13:23:00,0.45383394586968473,1
2026-05-26 13:24:00,0.4137076621693765,1
2026-05-26 13:25:00,0.43448977820087226,1
2026-05-26 13:26:00,0.3952013788817278,0
2026-05-26 13:27:00,0.46874394346932646,0
2026-05-26 13:28:00,0.4556076033364171,0
2026-05-26 13:29:00,0.4289809315696219,0
2026-05-26 13:30:00,0.4056034595842251,0
2026-05-26 13:31:00,0.45708734875608836,0
2026-05-26 13:32:00,0.41635452293789055,0
2026-05-26 13:33:00,0.4240666937839251,0
2026-05-26 13:34:00,0.3960343661340635,0
2026-05-26 13:35:00,0.4301387361180666,0
2026-05-26 13:36:00,0.39776200568662706,0
2026-05-26 13:37:00,0.4239779089254094,0
2026-05-26 13:38:00,0.4278528974385519,0
2026-05-26 13:39:00,0.3978838833338806,0
2026-05-26 13:40:00,0.3756843076537833,0
2026-05-26 13:41:00,0.45276398171233306,0
2026-05-26 13:42:00,0.47692238414441745,0
2026-05-26 13:43:00,0.48822902943823865,0
2026-05-26 13:44:00,0.4667782668541963,0
2026-05-26 13:45:00,0.44763419112612995,0
2026-05-26 13:46:00,0.42282831656397224,0
2026-05-26 13:47:00,0.4923407081626221,0
2026-05-26 13:48:00,0.45212966942728916,0
2026-05-26 13:49:00,0.4331286386031451,0
2026-05-26 13:50:00,0.3446842231702832,0
2026-05-26 13:51:00,0.3655880421001555,0
2026-05-26 13:52:00,0.3089978417712423,0
2026-05-26 13:53:00,0.3809154365629653,0
2026-05-26 13:54:00,0.29486553691226336,0
2026-05-26 13:55:00,0.31880514214431993,0
2026-05-26 13:56:00,0.3445646817859451,0
2026-05-26 13:57:00,0.34962678456558555,0
2026-05-26 13:58:00,0.32309687998454895,0
2026-05-26 13:59:00,0.2984072900861425,0
2026-05-26 14:00:00,0.3462609423064313,1
2026-05-26 14:01:00,0.3125203100516621,1
2026-05-26 14:02:00,0.2962913217020479,1
2026-05-26 14:03:00,0.3531276957075238,1
2026-05-26 14:04:00,0.4866773334149889,1
2026-05-26 14:05:00,0.41442845529770583,1
2026-05-26 14:06:00,0.34829693345377477,1
2026-05-26 14:07:00,0.35426134479031346,1
2026-05-26 14:08:00,0.2685131626308476,1
2026-05-26 14:09:00,0.2319861748618915,1
2026-05-26 14:10:00,0.24486683417824945,1
2026-05-26 14:11:00,0.33823482796558774,1
2026-05-26 14:12:00,0.34607293656409055,1
2026-05-26 14:13:00,0.3227793306567881,1
2026-05-26 14:14:00,0.2801042495096159,1
2026-05-26 14:15:00,0.27911549280794484,1
2026-05-26 14:16:00,0.3267022442748201,1
2026-05-26 14:17:00,0.2777471358054604,1
2026-05-26 14:18:00,0.2564514185145954,1
2026-05-26 14:19:00,0.3344428839114862,1
2026-05-26 14:20:00,0.3619448150108687,1
2026-05-26 14:21:00,0.3876188638872398,1
2026-05-26 14:22:00,0.33890096895663463,1
2026-05-26 14:23:00,0.33917888152539327,1
2026-05-26 14:24:00,0.27453468297074735,1
2026-05-26 14:25:00,0.25080385971802127,1
2026-05-26 14:26:00,0.2576557327469076,1
2026-05-26 14:27:00,0.2472451763964257,1
2026-05-26 14:28:00,0.26081524806710243,1
2026-05-26 14:29:00,0.2409286703428868,1
2026-05-26 14:30:00,0.2909941099735416,1
2026-05-26 14:31:00,0.3007216421348779,1
2026-05-26 14:32:00,0.28287062908093796,0
2026-05-26 14:33:00,0.3448720730489879,0
2026-05-26 14:34:00,0.2887435648662147,1
2026-05-26 14:35:00,0.3362111870659578,1
2026-05-26 14:36:00,0.3464558506671726,0
2026-05-26 14:37:00,0.3206683707872182,0
2026-05-26 14:38:00,0.36024083202251794,0
2026-05-26 14:39:00,0.3860330733119975,1
2026-05-26 14:40:00,0.35541189800983963,0
2026-05-26 14:41:00,0.41476259717069225,0
2026-05-26 14:42:00,0.43853253003464937,0
2026-05-26 14:43:00,0.45102971685744064,1
2026-05-26 14:44:00,0.40178117165449134,0
2026-05-26 14:45:00,0.35511773718436596,0
2026-05-26 14:46:00,0.3127759114156495,0
2026-05-26 14:47:00,0.4187122859429767,1
2026-05-26 14:48:00,0.40142473269112255,1
2026-05-26 14:49:00,0.475937819945705,1
2026-05-26 14:50:00,0.3724898852819025,1
2026-05-26 14:51:00,0.47282021778801075,1
2026-05-26 14:52:00,0.48349926697211537,1
2026-05-26 14:53:00,0.4864271214433183,1
2026-05-26 14:54:00,0.4882303609123714,1
2026-05-26 14:55:00,0.501028785886396,1
2026-05-26 14:56:00,0.48962785718442275,1
2026-05-26 14:57:00,0.5178647194700382,1
2026-05-26 14:58:00,0.48784199956736723,1
2026-05-26 14:59:00,0.591626578160336,1
2026-05-26 15:00:00,0.47638304713934526,1
2026-05-27 09:30:00,0.3711177239860883,1
2026-05-27 09:31:00,0.5465312740550876,1
2026-05-27 09:32:00,0.5536057220553976,0
2026-05-27 09:33:00,0.5146138918167094,0
2026-05-27 09:34:00,0.609607169849791,0
2026-05-27 09:35:00,0.560487071573899,0
2026-05-27 09:36:00,0.5188538987087141,0
2026-05-27 09:37:00,0.42959271765131046,0
2026-05-27 09:38:00,0.40339896289441285,0
2026-05-27 09:39:00,0.41394939635161176,0
2026-05-27 09:40:00,0.3813747124388332,0
2026-05-27 09:41:00,0.461578103403776,0
2026-05-27 09:42:00,0.41867506563127455,0
2026-05-27 09:43:00,0.4580532958950759,0
2026-05-27 09:44:00,0.42302784835771856,0
2026-05-27 09:45:00,0.4442517695394521,0
2026-05-27 09:46:00,0.42081165557146,0
2026-05-27 09:47:00,0.38869766866946476,0
2026-05-27 09:48:00,0.43983086470248106,1
2026-05-27 09:49:00,0.3890547496614394,0
2026-05-27 09:50:00,0.4418720577730266,1
2026-05-27 09:51:00,0.47263140323787983,1
2026-05-27 09:52:00,0.49421818100967313,1
2026-05-27 09:53:00,0.4692217451095031,1
2026-05-27 09:54:00,0.42242610963279065,1
2026-05-27 09:55:00,0.42553562290018293,1
2026-05-27 09:56:00,0.4544995732052332,1
2026-05-27 09:57:00,0.34137037109849916,1
2026-05-27 09:58:00,0.38470947836624797,1
2026-05-27 09:59:00,0.4199680018557659,0
2026-05-27 10:00:00,0.3996859871901481,0
2026-05-27 10:01:00,0.45645734863680903,0
2026-05-27 10:02:00,0.3935581162512032,0
2026-05-27 10:03:00,0.38495500872736493,0
2026-05-27 10:04:00,0.45008301290676955,0
2026-05-27 10:05:00,0.39696118643226863,0
2026-05-27 10:06:00,0.4178067008332192,0
2026-05-27 10:07:00,0.4330848822864168,1
2026-05-27 10:08:00,0.4210282337837476,1
2026-05-27 10:09:00,0.44224761545572006,1
2026-05-27 10:10:00,0.41532913300889934,1
2026-05-27 10:11:00,0.4004951020759559,0
2026-05-27 10:12:00,0.3866962031284438,0
2026-05-27 10:13:00,0.4166429913963063,0
2026-05-27 10:14:00,0.392677188270995,0
2026-05-27 10:15:00,0.3968680664602702,0
2026-05-27 10:16:00,0.4313103019291839,0
2026-05-27 10:17:00,0.3858102255496346,0
2026-05-27 10:18:00,0.3817599651735384,0
2026-05-27 10:19:00,0.4416445654065923,0
2026-05-27 10:20:00,0.3586728415314819,0
2026-05-27 10:21:00,0.407769315078507,0
2026-05-27 10:22:00,0.3649293275271786,0
2026-05-27 10:23:00,0.42632370830418975,0
2026-05-27 10:24:00,0.35423639749533276,0
2026-05-27 10:25:00,0.41873930306718504,0
2026-05-27 10:26:00,0.39916338390407496,0
2026-05-27 10:27:00,0.4080415279362714,0
2026-05-27 10:28:00,0.5136894506053639,0
2026-05-27 10:29:00,0.41025933268705134,0
2026-05-27 10:30:00,0.3826434137498757,0
2026-05-27 10:31:00,0.42463039200884367,0
2026-05-27 10:32:00,0.35867413735518844,0
2026-05-27 10:33:00,0.3906608764680966,0
2026-05-27 10:34:00,0.4404568974295407,0
2026-05-27 10:35:00,0.3935050942292604,0
2026-05-27 10:36:00,0.3721533027222006,0
2026-05-27 10:37:00,0.3551679170431544,0
2026-05-27 10:38:00,0.5192657549917484,0
2026-05-27 10:39:00,0.5331649159271109,1
2026-05-27 10:40:00,0.4859908510849449,1
2026-05-27 10:41:00,0.38227159594938787,0
2026-05-27 10:42:00,0.5001084203911819,0
2026-05-27 10:43:00,0.460765640912418,0
2026-05-27 10:44:00,0.365384746001375,0
2026-05-27 10:45:00,0.45827163419139383,0
2026-05-27 10:46:00,0.40287245130354105,0
2026-05-27 10:47:00,0.49214661346398303,0
2026-05-27 10:48:00,0.4916162598694211,0
2026-05-27 10:49:00,0.43013102724400043,0
2026-05-27 10:50:00,0.37725305478792226,0
2026-05-27 10:51:00,0.3652167619149838,0
2026-05-27 10:52:00,0.3598113353833954,0
2026-05-27 10:53:00,0.35740586008145575,0
2026-05-27 10:54:00,0.4118718908616991,0
2026-05-27 10:55:00,0.36236912770649427,0
2026-05-27 10:56:00,0.42715762913856187,0
2026-05-27 10:57:00,0.42147367091336013,0
2026-05-27 10:58:00,0.4066477779497589,0
2026-05-27 10:59:00,0.4444887859435504,0
2026-05-27 11:00:00,0.4088192882850308,0
2026-05-27 11:01:00,0.450140532598473,0
2026-05-27 11:02:00,0.5456905973609641,0
2026-05-27 11:03:00,0.4397868655732889,0
2026-05-27 11:04:00,0.523971234968833,0
2026-05-27 11:05:00,0.40574732158553267,0
2026-05-27 11:06:00,0.38214065249903834,0
2026-05-27 11:07:00,0.36450831452080174,0
2026-05-27 11:08:00,0.37355901777810074,0
2026-05-27 11:09:00,0.3414353627815485,0
2026-05-27 11:10:00,0.35432251267484455,0
2026-05-27 11:11:00,0.34973395569357635,0
2026-05-27 11:12:00,0.3529022788865512,0
2026-05-27 11:13:00,0.3575695417093619,0
2026-05-27 11:14:00,0.4380254078705891,0
2026-05-27 11:15:00,0.35135145499294923,0
2026-05-27 11:16:00,0.3867656286741423,0
2026-05-27 11:17:00,0.4586844136855794,0
2026-05-27 11:18:00,0.38303733394845507,0
2026-05-27 11:19:00,0.4247626039913177,1
2026-05-27 11:20:00,0.3876389431172394,1
2026-05-27 11:21:00,0.4079032267481564,1
2026-05-27 11:22:00,0.40118205146420216,1
2026-05-27 11:23:00,0.33775728697512053,1
2026-05-27 11:24:00,0.40073394387854844,1
2026-05-27 11:25:00,0.434732840466752,1
2026-05-27 11:26:00,0.3618760443226722,1
2026-05-27 11:27:00,0.3857790299592993,1
2026-05-27 11:28:00,0.37649106863808685,1
2026-05-27 11:29:00,0.36818079278351423,1
2026-05-27 11:30:00,0.37654168835245105,1
2026-05-27 13:01:00,0.4573326655520235,1
2026-05-27 13:02:00,0.334477050952805,0
2026-05-27 13:03:00,0.36813649790286723,0
2026-05-27 13:04:00,0.33821321575494545,0
2026-05-27 13:05:00,0.33777293029130284,1
2026-05-27 13:06:00,0.3886986831200703,0
2026-05-27 13:07:00,0.40968495572599306,0
2026-05-27 13:08:00,0.41107060892291836,0
2026-05-27 13:09:00,0.4507421179427846,0
2026-05-27 13:10:00,0.4479779816965825,0
2026-05-27 13:11:00,0.45411857078717854,0
2026-05-27 13:12:00,0.4255646576881511,1
2026-05-27 13:13:00,0.41467774162828036,1
2026-05-27 13:14:00,0.4211007781461016,1
2026-05-27 13:15:00,0.4426657524532671,0
2026-05-27 13:16:00,0.45541589460995896,1
2026-05-27 13:17:00,0.5163673412555523,1
2026-05-27 13:18:00,0.5038134198760635,1
2026-05-27 13:19:00,0.49310204287704945,1
2026-05-27 13:20:00,0.4492801630147124,0
2026-05-27 13:21:00,0.447077062907664,0
2026-05-27 13:22:00,0.4140187093951556,0
2026-05-27 13:23:00,0.40325273973704384,0
2026-05-27 13:24:00,0.38729161947385243,0
2026-05-27 13:25:00,0.4508041833458737,0
2026-05-27 13:26:00,0.4643663531664892,0
2026-05-27 13:27:00,0.4140608908356629,0
2026-05-27 13:28:00,0.4245316870825591,0
2026-05-27 13:29:00,0.4280816191357227,0
2026-05-27 13:30:00,0.4174275549644151,0
2026-05-27 13:31:00,0.4368484993647727,0
2026-05-27 13:32:00,0.4395944270990549,0
2026-05-27 13:33:00,0.42461298825660093,0
2026-05-27 13:34:00,0.40172206880463945,0
2026-05-27 13:35:00,0.41095908262251224,0
2026-05-27 13:36:00,0.4427409461436296,0
2026-05-27 13:37:00,0.4071834144199959,0
2026-05-27 13:38:00,0.442570309438112,0
2026-05-27 13:39:00,0.488636118134023,0
2026-05-27 13:40:00,0.5229282471492971,0
2026-05-27 13:41:00,0.525746487771814,0
2026-05-27 13:42:00,0.604993357572337,1
2026-05-27 13:43:00,0.6156367935787841,1
2026-05-27 13:44:00,0.588801623196128,1
2026-05-27 13:45:00,0.39047243655238273,0
2026-05-27 13:46:00,0.5512412440467588,0
2026-05-27 13:47:00,0.35693913834126095,0
2026-05-27 13:48:00,0.3481313974252927,0
2026-05-27 13:49:00,0.4625135856043597,0
2026-05-27 13:50:00,0.556968392969675,0
2026-05-27 13:51:00,0.4305674610638228,0
2026-05-27 13:52:00,0.3876667766757644,0
2026-05-27 13:53:00,0.3802424785220839,0
2026-05-27 13:54:00,0.3380316847531592,0
2026-05-27 13:55:00,0.37641347100130446,0
2026-05-27 13:56:00,0.3195299977774333,1
2026-05-27 13:57:00,0.2777289748388159,1
2026-05-27 13:58:00,0.2820448522994147,1
2026-05-27 13:59:00,0.34632555161898443,0
2026-05-27 14:00:00,0.372289947592843,1
2026-05-27 14:01:00,0.40158154810240665,1
2026-05-27 14:02:00,0.41437645606506185,1
2026-05-27 14:03:00,0.3932020709567141,1
2026-05-27 14:04:00,0.3785406946206688,1
2026-05-27 14:05:00,0.39311218651854796,1
2026-05-27 14:06:00,0.29167349795040215,1
2026-05-27 14:07:00,0.35615826870968564,1
2026-05-27 14:08:00,0.4361586181236845,1
2026-05-27 14:09:00,0.22564358823462236,1
2026-05-27 14:10:00,0.3251789129355247,1
2026-05-27 14:11:00,0.22943529056989828,1
2026-05-27 14:12:00,0.2874394128309568,1
2026-05-27 14:13:00,0.2699103897837756,1
2026-05-27 14:14:00,0.3331547013473031,1
2026-05-27 14:15:00,0.28221449747676036,1
2026-05-27 14:16:00,0.3905896218892786,1
2026-05-27 14:17:00,0.31175882373203734,1
2026-05-27 14:18:00,0.3762475449013166,1
2026-05-27 14:19:00,0.23885298036637537,0
2026-05-27 14:20:00,0.23860452422405518,0
2026-05-27 14:21:00,0.3068757709407985,1
2026-05-27 14:22:00,0.309064817374095,1
2026-05-27 14:23:00,0.38853151342167397,1
2026-05-27 14:24:00,0.276184293284291,0
2026-05-27 14:25:00,0.28902668521309965,0
2026-05-27 14:26:00,0.27328887182352724,0
2026-05-27 14:27:00,0.31341413068371765,0
2026-05-27 14:28:00,0.34418534708464,0
2026-05-27 14:29:00,0.3754037718964823,0
2026-05-27 14:30:00,0.36920380387615087,0
2026-05-27 14:31:00,0.3402461937138284,0
2026-05-27 14:32:00,0.36244001542695903,0
2026-05-27 14:33:00,0.39074287776714195,0
2026-05-27 14:34:00,0.3298991265522483,0
2026-05-27 14:35:00,0.4053950843769521,0
2026-05-27 14:36:00,0.28832340571277126,0
2026-05-27 14:37:00,0.29101530280878035,0
2026-05-27 14:38:00,0.2791820487150524,0
2026-05-27 14:39:00,0.3927837831963493,0
2026-05-27 14:40:00,0.34304031012560066,0
2026-05-27 14:41:00,0.41497484385279826,0
2026-05-27 14:42:00,0.45414444119542735,0
2026-05-27 14:43:00,0.3941570915147428,1
2026-05-27 14:44:00,0.4048297623343148,0
2026-05-27 14:45:00,0.46379272360759194,1
2026-05-27 14:46:00,0.45497814233987516,0
2026-05-27 14:47:00,0.3786685419996067,1
2026-05-27 14:48:00,0.45991775885026814,0
2026-05-27 14:49:00,0.4740570921261258,1
2026-05-27 14:50:00,0.407045565234284,1
2026-05-27 14:51:00,0.4409220685056912,1
2026-05-27 14:52:00,0.4610228810640587,1
2026-05-27 14:53:00,0.4635831376544488,1
2026-05-27 14:54:00,0.4560454032108664,1
2026-05-27 14:55:00,0.46460670967266343,1
2026-05-27 14:56:00,0.4301993489732863,1
2026-05-27 14:57:00,0.357927334676417,1
2026-05-27 14:58:00,0.38977509327628057,0
2026-05-27 14:59:00,0.41716134195893645,0
2026-05-27 15:00:00,0.3656582035419902,0
2026-05-28 09:30:00,0.4530039597746792,1
2026-05-28 09:31:00,0.5031362424536546,0
2026-05-28 09:32:00,0.489749765461895,1
2026-05-28 09:33:00,0.4938025592659851,0
2026-05-28 09:34:00,0.5019867535671105,0
2026-05-28 09:35:00,0.4994940954549297,0
2026-05-28 09:36:00,0.4386560436901111,1
2026-05-28 09:37:00,0.4749630393738423,1
2026-05-28 09:38:00,0.5528415196125264,1
2026-05-28 09:39:00,0.511564989733319,1
2026-05-28 09:40:00,0.5055460952971952,1
2026-05-28 09:41:00,0.3969176685327513,1
2026-05-28 09:42:00,0.4747438223699989,1
2026-05-28 09:43:00,0.4644327421287206,1
2026-05-28 09:44:00,0.4647873210278148,1
2026-05-28 09:45:00,0.3970990980499616,1
2026-05-28 09:46:00,0.4023123937229064,1
2026-05-28 09:47:00,0.4148939249113,1
2026-05-28 09:48:00,0.3926367830710466,1
2026-05-28 09:49:00,0.4056845304709051,1
2026-05-28 09:50:00,0.3943141542533584,1
2026-05-28 09:51:00,0.38901348047852813,1
2026-05-28 09:52:00,0.4995325524816093,1
2026-05-28 09:53:00,0.3854341454955067,1
2026-05-28 09:54:00,0.4766051365929011,1
2026-05-28 09:55:00,0.46941671359340476,1
2026-05-28 09:56:00,0.37371093656790644,1
2026-05-28 09:57:00,0.5165612185333017,1
2026-05-28 09:58:00,0.6023338195436625,1
2026-05-28 09:59:00,0.4518416569316424,1
2026-05-28 10:00:00,0.42065386359870544,0
2026-05-28 10:01:00,0.5508959448714094,1
2026-05-28 10:02:00,0.5591887433816372,1
2026-05-28 10:03:00,0.6092756777573096,1
2026-05-28 10:04:00,0.4661336805553983,0
2026-05-28 10:05:00,0.4147946551516712,0
2026-05-28 10:06:00,0.5532425183213945,0
2026-05-28 10:07:00,0.5101662007099491,0
2026-05-28 10:08:00,0.4382833396665304,0
2026-05-28 10:09:00,0.32571675784089327,0
2026-05-28 10:10:00,0.4580893736523204,0
2026-05-28 10:11:00,0.4392257720716421,0
2026-05-28 10:12:00,0.5252155696115901,0
2026-05-28 10:13:00,0.5275613073453824,0
2026-05-28 10:14:00,0.47230221880613277,0
2026-05-28 10:15:00,0.5545802435222733,0
2026-05-28 10:16:00,0.503707215790485,0
2026-05-28 10:17:00,0.5081369411559485,0
2026-05-28 10:18:00,0.5653557980691324,0
2026-05-28 10:19:00,0.5728228646571989,0
2026-05-28 10:20:00,0.44407191512608063,1
2026-05-28 10:21:00,0.5194060659635733,1
2026-05-28 10:22:00,0.49206310044124574,1
2026-05-28 10:23:00,0.5123139738787372,1
2026-05-28 10:24:00,0.4286926487355333,1
2026-05-28 10:25:00,0.43390985072086524,1
2026-05-28 10:26:00,0.36972267289160426,1
2026-05-28 10:27:00,0.41357258871727803,1
2026-05-28 10:28:00,0.40893826652075055,1
2026-05-28 10:29:00,0.4289431931286728,1
2026-05-28 10:30:00,0.37882757982828197,1
2026-05-28 10:31:00,0.4330049332914377,1
2026-05-28 10:32:00,0.3871204675171576,1
2026-05-28 10:33:00,0.4385798132186207,1
2026-05-28 10:34:00,0.4083919361862525,1
2026-05-28 10:35:00,0.4474602157056199,1
2026-05-28 10:36:00,0.38616747535648777,0
2026-05-28 10:37:00,0.48765779802890624,0
2026-05-28 10:38:00,0.39508207611878055,0
2026-05-28 10:39:00,0.44840031931818547,0
2026-05-28 10:40:00,0.4752796916339714,0
2026-05-28 10:41:00,0.4329186148903979,0
2026-05-28 10:42:00,0.4382447717412478,0
2026-05-28 10:43:00,0.37680579816242643,0
2026-05-28 10:44:00,0.46081643810502904,0
2026-05-28 10:45:00,0.4466464834178853,0
2026-05-28 10:46:00,0.5079177074034218,0
2026-05-28 10:47:00,0.542463366898662,0
2026-05-28 10:48:00,0.48087860752579364,0
2026-05-28 10:49:00,0.44946459040959014,0
2026-05-28 10:50:00,0.5068108494248091,0
2026-05-28 10:51:00,0.4659210863781233,0
2026-05-28 10:52:00,0.46796570295572143,1
2026-05-28 10:53:00,0.5577651080219591,0
2026-05-28 10:54:00,0.4862780247453164,0
2026-05-28 10:55:00,0.4877727072942621,0
2026-05-28 10:56:00,0.5334130784445319,0
2026-05-28 10:57:00,0.4546716432548489,0
2026-05-28 10:58:00,0.5170249925232347,0
2026-05-28 10:59:00,0.44647061213792094,0
2026-05-28 11:00:00,0.443800582822485,1
2026-05-28 11:01:00,0.45682570418360274,1
2026-05-28 11:02:00,0.41435560218224354,1
2026-05-28 11:03:00,0.42048031284748005,1
2026-05-28 11:04:00,0.3712517801995583,0
2026-05-28 11:05:00,0.3750814018635099,0
2026-05-28 11:06:00,0.36468027160809174,0
2026-05-28 11:07:00,0.41555401876693454,0
2026-05-28 11:08:00,0.4441712796754251,0
2026-05-28 11:09:00,0.39778153794207416,1
2026-05-28 11:10:00,0.4441658242330961,1
2026-05-28 11:11:00,0.4044103314046966,0
2026-05-28 11:12:00,0.44973431232946914,1
2026-05-28 11:13:00,0.4207663001202719,1
2026-05-28 11:14:00,0.4300168866358381,1
2026-05-28 11:15:00,0.44663488830469183,1
2026-05-28 11:16:00,0.4640936676134377,0
2026-05-28 11:17:00,0.45628570041170674,0
2026-05-28 11:18:00,0.44395829900366923,0
2026-05-28 11:19:00,0.42134361650711555,0
2026-05-28 11:20:00,0.4686125805695153,0
2026-05-28 11:21:00,0.4149942682509949,0
2026-05-28 11:22:00,0.44306297117785526,0
2026-05-28 11:23:00,0.43388495005869004,0
2026-05-28 11:24:00,0.40990190559622147,0
2026-05-28 11:25:00,0.4047773219474993,0
2026-05-28 11:26:00,0.3808492806567939,0
2026-05-28 11:27:00,0.40563425077577253,0
2026-05-28 11:28:00,0.45311814636549663,0
2026-05-28 11:29:00,0.3702987497487338,0
2026-05-28 11:30:00,0.3373477107018412,0
2026-05-28 13:01:00,0.45962486023239635,0
2026-05-28 13:02:00,0.4929722323565472,0
2026-05-28 13:03:00,0.48490082739713397,1
2026-05-28 13:04:00,0.41675368388826056,1
2026-05-28 13:05:00,0.425827994469035,0
2026-05-28 13:06:00,0.4671980625161132,1
2026-05-28 13:07:00,0.42295393976792234,0
2026-05-28 13:08:00,0.3892405280044834,0
2026-05-28 13:09:00,0.431262722915386,0
2026-05-28 13:10:00,0.4644076771227201,0
2026-05-28 13:11:00,0.5129873408325244,1
2026-05-28 13:12:00,0.4711327204805961,1
2026-05-28 13:13:00,0.3878237995712787,1
2026-05-28 13:14:00,0.3399707667145311,1
2026-05-28 13:15:00,0.4439319819850901,1
2026-05-28 13:16:00,0.46482902424397904,1
2026-05-28 13:17:00,0.48303660083014766,1
2026-05-28 13:18:00,0.38667534380478374,0
2026-05-28 13:19:00,0.4252966094291445,0
2026-05-28 13:20:00,0.409563257097706,1
2026-05-28 13:21:00,0.47377122705430874,1
2026-05-28 13:22:00,0.48160282132047694,1
2026-05-28 13:23:00,0.46762119685509906,1
2026-05-28 13:24:00,0.46614471132228236,1
2026-05-28 13:25:00,0.5013275760364598,1
2026-05-28 13:26:00,0.47419377613917213,1
2026-05-28 13:27:00,0.3775708085199512,1
2026-05-28 13:28:00,0.3228330509135159,1
2026-05-28 13:29:00,0.3931288120833298,1
2026-05-28 13:30:00,0.4171926013660647,1
2026-05-28 13:31:00,0.3610939767897851,1
2026-05-28 13:32:00,0.4373770801287408,1
2026-05-28 13:33:00,0.45078591661456235,1
2026-05-28 13:34:00,0.4508078842657819,1
2026-05-28 13:35:00,0.39775874005458467,1
2026-05-28 13:36:00,0.46547408802509854,1
2026-05-28 13:37:00,0.35496764796413016,1
2026-05-28 13:38:00,0.33764760966168017,1
2026-05-28 13:39:00,0.3974836560758457,1
2026-05-28 13:40:00,0.36610802398704184,1
2026-05-28 13:41:00,0.24065207645064007,1
2026-05-28 13:42:00,0.2954031562497935,1
2026-05-28 13:43:00,0.27992989576109734,1
2026-05-28 13:44:00,0.2871139015454942,1
2026-05-28 13:45:00,0.3265918773072019,0
2026-05-28 13:46:00,0.3344115632938057,1
2026-05-28 13:47:00,0.2959109972177712,0
2026-05-28 13:48:00,0.361545636074834,0
2026-05-28 13:49:00,0.36852039415518184,0
2026-05-28 13:50:00,0.37368539344431817,0
2026-05-28 13:51:00,0.3894509906035346,0
2026-05-28 13:52:00,0.3764732384683328,0
2026-05-28 13:53:00,0.42229300198290204,0
2026-05-28 13:54:00,0.35586107707886483,0
2026-05-28 13:55:00,0.42585877760334934,1
2026-05-28 13:56:00,0.37543442319664416,1
2026-05-28 13:57:00,0.4440028066959352,0
2026-05-28 13:58:00,0.2989530402261326,0
2026-05-28 13:59:00,0.29541288998547033,0
2026-05-28 14:00:00,0.3777267046387045,0
2026-05-28 14:01:00,0.2640963772618039,0
2026-05-28 14:02:00,0.3009188495708706,0
2026-05-28 14:03:00,0.3334176894805856,0
2026-05-28 14:04:00,0.4289565753095472,0
2026-05-28 14:05:00,0.32949961584360415,0
2026-05-28 14:06:00,0.40989318970021904,0
2026-05-28 14:07:00,0.35440345760668385,0
2026-05-28 14:08:00,0.4628226025848283,0
2026-05-28 14:09:00,0.2842734482483184,0
2026-05-28 14:10:00,0.3002464405174319,0
2026-05-28 14:11:00,0.349818296927571,0
2026-05-28 14:12:00,0.3829282400637031,0
2026-05-28 14:13:00,0.4477423344249734,0
2026-05-28 14:14:00,0.4121834267242958,0
2026-05-28 14:15:00,0.4459235078514893,0
2026-05-28 14:16:00,0.40107385160938036,0
2026-05-28 14:17:00,0.40441302518213956,1
2026-05-28 14:18:00,0.31277181641888724,0
2026-05-28 14:19:00,0.305577805029897,0
2026-05-28 14:20:00,0.31395214274373656,0
2026-05-28 14:21:00,0.3603437484958838,1
2026-05-28 14:22:00,0.33310087390594006,1
2026-05-28 14:23:00,0.3903094532175546,1
2026-05-28 14:24:00,0.40113586976705073,1
2026-05-28 14:25:00,0.4034887079688725,1
2026-05-28 14:26:00,0.4026220429950957,1
2026-05-28 14:27:00,0.35959900629738306,1
2026-05-28 14:28:00,0.3536771936964929,1
2026-05-28 14:29:00,0.3155817111107296,1
2026-05-28 14:30:00,0.3380163600061545,1
2026-05-28 14:31:00,0.36896188327776575,1
2026-05-28 14:32:00,0.2553179650363555,0
2026-05-28 14:33:00,0.3021111602129306,0
2026-05-28 14:34:00,0.31491604472359636,0
2026-05-28 14:35:00,0.348957328164123,0
2026-05-28 14:36:00,0.3476455413695178,0
2026-05-28 14:37:00,0.3251374223550181,0
2026-05-28 14:38:00,0.24719973564303147,0
2026-05-28 14:39:00,0.46558028578969995,0
2026-05-28 14:40:00,0.447544290170058,0
2026-05-28 14:41:00,0.4644214044451661,1
2026-05-28 14:42:00,0.4702516528027414,1
2026-05-28 14:43:00,0.43804411886378664,1
2026-05-28 14:44:00,0.44396412199149127,0
2026-05-28 14:45:00,0.4450063173392457,1
2026-05-28 14:46:00,0.4136472061330975,1
2026-05-28 14:47:00,0.43104122174069737,1
2026-05-28 14:48:00,0.44633555278344916,1
2026-05-28 14:49:00,0.44667002737568534,1
2026-05-28 14:50:00,0.4502687467130406,0
2026-05-28 14:51:00,0.4589911447375978,0
2026-05-28 14:52:00,0.4341180321424117,0
2026-05-28 14:53:00,0.44474959374425993,0
2026-05-28 14:54:00,0.4915482576521245,0
2026-05-28 14:55:00,0.46806538462039227,0
2026-05-28 14:56:00,0.47648263517000666,0
2026-05-28 14:57:00,0.48317309039262546,0
2026-05-28 14:58:00,0.49643372305844063,0
2026-05-28 14:59:00,0.477039177990758,0
2026-05-28 15:00:00,0.45887352330021264,0
2026-05-29 09:30:00,0.4759658258986163,0
2026-05-29 09:31:00,0.4589751421865481,0
2026-05-29 09:32:00,0.47965160437531446,0
2026-05-29 09:33:00,0.49120070565389456,0
2026-05-29 09:34:00,0.47285230009615936,0
2026-05-29 09:35:00,0.4943055508102427,0
2026-05-29 09:36:00,0.4807698332324304,0
2026-05-29 09:37:00,0.4975368612193207,0
2026-05-29 09:38:00,0.3941343604351505,0
2026-05-29 09:39:00,0.377679715383577,0
2026-05-29 09:40:00,0.4804561866480421,0
2026-05-29 09:41:00,0.4782965182246592,0
2026-05-29 09:42:00,0.4748336498541254,0
2026-05-29 09:43:00,0.3950354699188701,0
2026-05-29 09:44:00,0.44436530485768333,0
2026-05-29 09:45:00,0.47737924444916957,0
2026-05-29 09:46:00,0.44354657993657814,0
2026-05-29 09:47:00,0.5469275662478549,0
2026-05-29 09:48:00,0.4557060756947261,0
2026-05-29 09:49:00,0.46778704722416253,0
2026-05-29 09:50:00,0.4574028842849714,0
2026-05-29 09:51:00,0.45925618039369853,0
2026-05-29 09:52:00,0.48442304751344806,0
2026-05-29 09:53:00,0.4852389604306548,0
2026-05-29 09:54:00,0.471634822278125,1
2026-05-29 09:55:00,0.4767506651433515,0
2026-05-29 09:56:00,0.4764633568847727,1
2026-05-29 09:57:00,0.43012116739669776,1
2026-05-29 09:58:00,0.3831555802441306,0
2026-05-29 09:59:00,0.38843157264523065,0
2026-05-29 10:00:00,0.41532289523530586,0
2026-05-29 10:01:00,0.46253711107297124,0
2026-05-29 10:02:00,0.44418009679601433,0
2026-05-29 10:03:00,0.47488809522851755,0
2026-05-29 10:04:00,0.46924491828911374,1
2026-05-29 10:05:00,0.4371522449632112,1
2026-05-29 10:06:00,0.45693880517749774,1
2026-05-29 10:07:00,0.3889428191263422,1
2026-05-29 10:08:00,0.45511497351643465,1
2026-05-29 10:09:00,0.3972638729376578,0
2026-05-29 10:10:00,0.42370538517482653,1
2026-05-29 10:11:00,0.3864197107384851,1
2026-05-29 10:12:00,0.397911276958057,1
2026-05-29 10:13:00,0.4260014273925799,1
2026-05-29 10:14:00,0.3485394882889933,0
2026-05-29 10:15:00,0.43315864707656593,1
2026-05-29 10:16:00,0.4374342389923832,1
2026-05-29 10:17:00,0.38536336142332794,0
2026-05-29 10:18:00,0.4572285980308831,1
2026-05-29 10:19:00,0.4101056252384644,0
2026-05-29 10:20:00,0.37799790937010436,0
2026-05-29 10:21:00,0.41443905625274247,0
2026-05-29 10:22:00,0.38030815244033966,0
2026-05-29 10:23:00,0.41463697107771397,0
2026-05-29 10:24:00,0.40530049075706054,0
2026-05-29 10:25:00,0.36309613504133453,0
2026-05-29 10:26:00,0.3775019976836641,0
2026-05-29 10:27:00,0.4055229142669219,0
2026-05-29 10:28:00,0.4421662814237455,0
2026-05-29 10:29:00,0.35492736155324944,0
2026-05-29 10:30:00,0.37131073448441504,0
2026-05-29 10:31:00,0.4129577987395443,1
2026-05-29 10:32:00,0.4631458644181478,0
2026-05-29 10:33:00,0.37057121248716324,0
2026-05-29 10:34:00,0.4076556040771253,0
2026-05-29 10:35:00,0.3836019248962852,0
2026-05-29 10:36:00,0.39079889428327313,0
2026-05-29 10:37:00,0.37806770529490713,0
2026-05-29 10:38:00,0.39377789540412894,0
2026-05-29 10:39:00,0.3899044458932782,0
2026-05-29 10:40:00,0.38104190116495834,0
2026-05-29 10:41:00,0.34389086953576337,0
2026-05-29 10:42:00,0.3199097113208846,0
2026-05-29 10:43:00,0.4052322727305103,0
2026-05-29 10:44:00,0.406023437177076,0
2026-05-29 10:45:00,0.34637002127999256,0
2026-05-29 10:46:00,0.35302558197100137,0
2026-05-29 10:47:00,0.39661643167625693,0
2026-05-29 10:48:00,0.4498911302682355,0
2026-05-29 10:49:00,0.5081794827224078,0
2026-05-29 10:50:00,0.39397087033465217,0
2026-05-29 10:51:00,0.41807074171863684,0
2026-05-29 10:52:00,0.36115109381767196,0
2026-05-29 10:53:00,0.3524387433975709,0
2026-05-29 10:54:00,0.34727663679783544,0
2026-05-29 10:55:00,0.43668486778430765,0
2026-05-29 10:56:00,0.3721801073540966,0
2026-05-29 10:57:00,0.41724590297279956,0
2026-05-29 10:58:00,0.4973514162633852,0
2026-05-29 10:59:00,0.4196750832986086,0
2026-05-29 11:00:00,0.49556493954123293,0
2026-05-29 11:01:00,0.42039982367395645,0
2026-05-29 11:02:00,0.4652863331322051,0
2026-05-29 11:03:00,0.4940640548262971,0
2026-05-29 11:04:00,0.5617760157572911,0
2026-05-29 11:05:00,0.5495062877047723,0
2026-05-29 11:06:00,0.6437517389552926,0
2026-05-29 11:07:00,0.5820814306998662,0
2026-05-29 11:08:00,0.48436640050151686,0
2026-05-29 11:09:00,0.3134440954564775,0
2026-05-29 11:10:00,0.3380520924133626,0
2026-05-29 11:11:00,0.36178599531155536,0
2026-05-29 11:12:00,0.3861089315223058,0
2026-05-29 11:13:00,0.3478442207145658,0
2026-05-29 11:14:00,0.3374885747003682,0
2026-05-29 11:15:00,0.3590946238637338,0
2026-05-29 11:16:00,0.46998006587273655,1
2026-05-29 11:17:00,0.5506146786573315,1
2026-05-29 11:18:00,0.520529619271028,1
2026-05-29 11:19:00,0.3710413984975535,1
2026-05-29 11:20:00,0.45272594598914606,1
2026-05-29 11:21:00,0.3642673345230611,1
2026-05-29 11:22:00,0.41820122932924225,1
2026-05-29 11:23:00,0.4091703923291586,1
2026-05-29 11:24:00,0.39951808089283974,1
2026-05-29 11:25:00,0.36382731410404273,1
2026-05-29 11:26:00,0.4255792877865854,1
2026-05-29 11:27:00,0.3455093475585607,1
2026-05-29 11:28:00,0.35446637269589903,1
2026-05-29 11:29:00,0.3508361970442933,1
2026-05-29 11:30:00,0.3639327263767338,1
2026-05-29 13:01:00,0.39192925472130924,1
2026-05-29 13:02:00,0.4065712528030374,1
2026-05-29 13:03:00,0.3726613793694228,1
2026-05-29 13:04:00,0.39593614296764384,1
2026-05-29 13:05:00,0.46891294870933276,1
2026-05-29 13:06:00,0.39093024339564314,1
2026-05-29 13:07:00,0.3890110775131307,1
2026-05-29 13:08:00,0.4170011182221488,0
2026-05-29 13:09:00,0.40818696897752516,1
2026-05-29 13:10:00,0.3629399851271531,1
2026-05-29 13:11:00,0.40795537762434453,0
2026-05-29 13:12:00,0.4152077573414198,0
2026-05-29 13:13:00,0.41246270442258187,0
2026-05-29 13:14:00,0.39190597452538095,0
2026-05-29 13:15:00,0.41027290682259443,0
2026-05-29 13:16:00,0.4260015034553815,0
2026-05-29 13:17:00,0.4471823010896916,0
2026-05-29 13:18:00,0.41055634048923434,0
2026-05-29 13:19:00,0.48105184340251933,0
2026-05-29 13:20:00,0.47762992672924826,0
2026-05-29 13:21:00,0.4284642953121774,0
2026-05-29 13:22:00,0.46260836532464905,0
2026-05-29 13:23:00,0.4572077466478517,0
2026-05-29 13:24:00,0.4702151845895832,0
2026-05-29 13:25:00,0.4275432710030032,0
2026-05-29 13:26:00,0.4971032733325754,0
2026-05-29 13:27:00,0.4983239698528853,0
2026-05-29 13:28:00,0.5465736444766089,0
2026-05-29 13:29:00,0.46383623423517756,0
2026-05-29 13:30:00,0.41457930855484537,0
2026-05-29 13:31:00,0.40833402300341337,0
2026-05-29 13:32:00,0.4628655543939898,0
2026-05-29 13:33:00,0.43730480785094766,0
2026-05-29 13:34:00,0.4739917080146833,0
2026-05-29 13:35:00,0.40941063425794777,0
2026-05-29 13:36:00,0.4209626738764606,0
2026-05-29 13:37:00,0.42379331703668727,0
2026-05-29 13:38:00,0.532165144877178,0
2026-05-29 13:39:00,0.5153725218889069,0
2026-05-29 13:40:00,0.43957292167270096,0
2026-05-29 13:41:00,0.5403481414169258,0
2026-05-29 13:42:00,0.6135572230047559,0
2026-05-29 13:43:00,0.5086071060112102,0
2026-05-29 13:44:00,0.580536820353167,0
2026-05-29 13:45:00,0.5787774834785415,0
2026-05-29 13:46:00,0.5371510932084146,0
2026-05-29 13:47:00,0.47955928981909957,0
2026-05-29 13:48:00,0.45155124034560273,0
2026-05-29 13:49:00,0.4172038207942745,0
2026-05-29 13:50:00,0.3813555982930522,0
2026-05-29 13:51:00,0.2959734392074062,0
2026-05-29 13:52:00,0.3794053669761022,0
2026-05-29 13:53:00,0.4026184702176541,0
2026-05-29 13:54:00,0.5337940406422439,0
2026-05-29 13:55:00,0.4875451944871062,1
2026-05-29 13:56:00,0.364334913892186,1
2026-05-29 13:57:00,0.4122963684342583,1
2026-05-29 13:58:00,0.3321352397524601,1
2026-05-29 13:59:00,0.4331421351746456,1
2026-05-29 14:00:00,0.4059357028305132,1
2026-05-29 14:01:00,0.2877473824809041,0
2026-05-29 14:02:00,0.33184561488495323,0
2026-05-29 14:03:00,0.3010970387241693,0
2026-05-29 14:04:00,0.32494394819460304,1
2026-05-29 14:05:00,0.3303980017127067,1
2026-05-29 14:06:00,0.33179427924531407,1
2026-05-29 14:07:00,0.25394375302873967,1
2026-05-29 14:08:00,0.31565262783312575,1
2026-05-29 14:09:00,0.25084281293997596,1
2026-05-29 14:10:00,0.2854303224264644,1
2026-05-29 14:11:00,0.23917472472704393,1
2026-05-29 14:12:00,0.2505993704689285,1
2026-05-29 14:13:00,0.24173647892925007,0
2026-05-29 14:14:00,0.22801367424868788,0
2026-05-29 14:15:00,0.2805411455985989,0
2026-05-29 14:16:00,0.32068620546208154,1
2026-05-29 14:17:00,0.39353835004584475,1
2026-05-29 14:18:00,0.3477757401908583,1
2026-05-29 14:19:00,0.33530972434192174,1
2026-05-29 14:20:00,0.27433577332162234,1
2026-05-29 14:21:00,0.2610655206209489,1
2026-05-29 14:22:00,0.24838505755491685,0
2026-05-29 14:23:00,0.3251044663827077,0
2026-05-29 14:24:00,0.35674264839787484,0
2026-05-29 14:25:00,0.2972127368211014,0
2026-05-29 14:26:00,0.24776888633356303,0
2026-05-29 14:27:00,0.28828829828996627,0
2026-05-29 14:28:00,0.37101982857296906,1
2026-05-29 14:29:00,0.3061994699712145,0
2026-05-29 14:30:00,0.342101707666695,0
2026-05-29 14:31:00,0.27659757179709304,0
2026-05-29 14:32:00,0.3321345174496808,0
2026-05-29 14:33:00,0.2713112194426639,0
2026-05-29 14:34:00,0.3107931057576361,0
2026-05-29 14:35:00,0.224007125947732,0
2026-05-29 14:36:00,0.2921187718120961,0
2026-05-29 14:37:00,0.36135542298959067,0
2026-05-29 14:38:00,0.3712649623709566,1
2026-05-29 14:39:00,0.3624609168057089,1
2026-05-29 14:40:00,0.3865602136483299,0
2026-05-29 14:41:00,0.3821594398239302,0
2026-05-29 14:42:00,0.35452058358866895,0
2026-05-29 14:43:00,0.4104263427166511,0
2026-05-29 14:44:00,0.39205085119956223,0
2026-05-29 14:45:00,0.41651514675650864,1
2026-05-29 14:46:00,0.42798299305378074,0
2026-05-29 14:47:00,0.4168001813830119,1
2026-05-29 14:48:00,0.43263069262634946,1
2026-05-29 14:49:00,0.49297918513882677,1
2026-05-29 14:50:00,0.5045800719516037,1
2026-05-29 14:51:00,0.4641895375776181,1
2026-05-29 14:52:00,0.435838533729021,1
2026-05-29 14:53:00,0.36351359926547355,1
2026-05-29 14:54:00,0.39962341971675747,1
2026-05-29 14:55:00,0.4392468928671458,1
2026-05-29 14:56:00,0.44538864917689647,1
2026-05-29 14:57:00,0.4138461884652829,1
2026-05-29 14:58:00,0.41734404751464715,1
2026-05-29 14:59:00,0.49575230225267586,1
2026-05-29 15:00:00,0.41998699418893876,1
2026-06-01 09:30:00,0.537407886092003,1
2026-06-01 09:31:00,0.5148179260612382,1
2026-06-01 09:32:00,0.555122944655641,1
2026-06-01 09:33:00,0.5297957471037422,0
2026-06-01 09:34:00,0.582272519898369,1
2026-06-01 09:35:00,0.49020606150971546,1
2026-06-01 09:36:00,0.5760456090993717,1
2026-06-01 09:37:00,0.45484312682347683,1
2026-06-01 09:38:00,0.46851063258866305,1
2026-06-01 09:39:00,0.5731111410242276,0
2026-06-01 09:40:00,0.4394741389993749,0
2026-06-01 09:41:00,0.45274309138902746,0
2026-06-01 09:42:00,0.507438158464223,0
2026-06-01 09:43:00,0.5062888505645026,1
2026-06-01 09:44:00,0.4951027306367713,1
2026-06-01 09:45:00,0.49587912231154074,1
2026-06-01 09:46:00,0.5175533429004628,1
2026-06-01 09:47:00,0.4754073158233031,1
2026-06-01 09:48:00,0.43341530810110956,1
2026-06-01 09:49:00,0.5352604406558943,1
2026-06-01 09:50:00,0.46840860463285044,1
2026-06-01 09:51:00,0.42460254028222866,0
2026-06-01 09:52:00,0.4199769633252811,0
2026-06-01 09:53:00,0.5128914462812644,1
2026-06-01 09:54:00,0.42813224624985596,1
2026-06-01 09:55:00,0.46622767107063307,1
2026-06-01 09:56:00,0.46421021306042554,1
2026-06-01 09:57:00,0.45275969578283976,1
2026-06-01 09:58:00,0.4083610975296714,0
2026-06-01 09:59:00,0.40873604096172855,0
2026-06-01 10:00:00,0.4296879777387601,0
2026-06-01 10:01:00,0.35758638402316434,0
2026-06-01 10:02:00,0.35630399758088643,0
2026-06-01 10:03:00,0.4450007494659673,0
2026-06-01 10:04:00,0.5892366814592387,0
2026-06-01 10:05:00,0.5319341582617115,0
2026-06-01 10:06:00,0.6064311248188278,0
2026-06-01 10:07:00,0.5609342344548055,0
2026-06-01 10:08:00,0.5499962832255814,0
2026-06-01 10:09:00,0.5592064975061845,0
2026-06-01 10:10:00,0.48494712796437134,0
2026-06-01 10:11:00,0.5574647258226345,0
2026-06-01 10:12:00,0.5109363225629378,0
2026-06-01 10:13:00,0.49350056341947823,0
2026-06-01 10:14:00,0.5729387814338799,0
2026-06-01 10:15:00,0.5749632041284906,0
2026-06-01 10:16:00,0.4300649828431189,0
2026-06-01 10:17:00,0.45839919887187164,0
2026-06-01 10:18:00,0.4914721404920045,0
2026-06-01 10:19:00,0.5391021516087503,0
2026-06-01 10:20:00,0.5735365343125268,0
2026-06-01 10:21:00,0.49849481531849615,0
2026-06-01 10:22:00,0.5250255544063289,0
2026-06-01 10:23:00,0.5414370341182149,0
2026-06-01 10:24:00,0.5290290094707147,0
2026-06-01 10:25:00,0.451188114438417,0
2026-06-01 10:26:00,0.45795169553483417,0
2026-06-01 10:27:00,0.45437066726570485,0
2026-06-01 10:28:00,0.458112582918665,0
2026-06-01 10:29:00,0.46589952542391394,0
2026-06-01 10:30:00,0.40326210568804943,0
2026-06-01 10:31:00,0.45738420965735155,0
2026-06-01 10:32:00,0.43352689902471386,0
2026-06-01 10:33:00,0.41480622425235636,0
2026-06-01 10:34:00,0.4455519720443405,0
2026-06-01 10:35:00,0.38053764459707384,0
2026-06-01 10:36:00,0.4149007657429461,0
2026-06-01 10:37:00,0.34940970133106186,0
2026-06-01 10:38:00,0.37684656077092865,0
2026-06-01 10:39:00,0.3867560512437647,0
2026-06-01 10:40:00,0.4612914893248282,0
2026-06-01 10:41:00,0.3921485654642987,0
2026-06-01 10:42:00,0.4621552585394602,0
2026-06-01 10:43:00,0.41867208846705456,0
2026-06-01 10:44:00,0.45210059863952073,0
2026-06-01 10:45:00,0.45186417386120875,0
2026-06-01 10:46:00,0.450653264673569,0
2026-06-01 10:47:00,0.418441478507834,0
2026-06-01 10:48:00,0.3872242848917578,0
2026-06-01 10:49:00,0.35746896462598643,0
2026-06-01 10:50:00,0.3361319368713683,0
2026-06-01 10:51:00,0.3177341647656536,0
2026-06-01 10:52:00,0.4232025543931985,1
2026-06-01 10:53:00,0.37471417615405356,0
2026-06-01 10:54:00,0.43264722400797573,1
2026-06-01 10:55:00,0.37740473861481544,1
2026-06-01 10:56:00,0.5105182399996968,1
2026-06-01 10:57:00,0.45330983355952054,1
2026-06-01 10:58:00,0.35039337356593037,1
2026-06-01 10:59:00,0.3757494882073884,0
2026-06-01 11:00:00,0.35419802018930874,1
2026-06-01 11:01:00,0.3444533550928904,0
2026-06-01 11:02:00,0.33392457430801636,0
2026-06-01 11:03:00,0.3218624463971949,0
2026-06-01 11:04:00,0.41311514978865,1
2026-06-01 11:05:00,0.3942072382413454,0
2026-06-01 11:06:00,0.4280236360346364,0
2026-06-01 11:07:00,0.335600040088534,0
2026-06-01 11:08:00,0.3673693744739641,0
2026-06-01 11:09:00,0.32099273749233137,0
2026-06-01 11:10:00,0.3592303941268786,0
2026-06-01 11:11:00,0.350723412741447,0
2026-06-01 11:12:00,0.43208622018301557,1
2026-06-01 11:13:00,0.44997385847219024,1
2026-06-01 11:14:00,0.422656461106537,1
2026-06-01 11:15:00,0.4058512213837914,0
2026-06-01 11:16:00,0.4644194792498749,1
2026-06-01 11:17:00,0.4364958946068793,1
2026-06-01 11:18:00,0.42186457979117,1
2026-06-01 11:19:00,0.37007454721238525,1
2026-06-01 11:20:00,0.4020459581310972,1
2026-06-01 11:21:00,0.4073845932255272,1
2026-06-01 11:22:00,0.38983022316217136,1
2026-06-01 11:23:00,0.44594337765432546,1
2026-06-01 11:24:00,0.4123188341088466,1
2026-06-01 11:25:00,0.39341933234621124,1
2026-06-01 11:26:00,0.3647414907697276,1
2026-06-01 11:27:00,0.3386505975554669,1
2026-06-01 11:28:00,0.3487618569016909,1
2026-06-01 11:29:00,0.41794208229092666,1
2026-06-01 11:30:00,0.4572403876648083,1
2026-06-01 13:01:00,0.4634163957350096,1
2026-06-01 13:02:00,0.4170717248983428,1
2026-06-01 13:03:00,0.38735152461434896,1
2026-06-01 13:04:00,0.3675147330413328,1
2026-06-01 13:05:00,0.38672836894366963,0
2026-06-01 13:06:00,0.43187116945376774,0
2026-06-01 13:07:00,0.4649802784539887,0
2026-06-01 13:08:00,0.37274610182095413,0
2026-06-01 13:09:00,0.33800191597181445,0
2026-06-01 13:10:00,0.43447770885877995,0
2026-06-01 13:11:00,0.39792263252731574,0
2026-06-01 13:12:00,0.425928309565202,0
2026-06-01 13:13:00,0.4061664964216324,0
2026-06-01 13:14:00,0.41400305339979554,0
2026-06-01 13:15:00,0.47922045998980156,0
2026-06-01 13:16:00,0.4376762203041822,0
2026-06-01 13:17:00,0.39034965466291605,0
2026-06-01 13:18:00,0.3667145139328029,0
2026-06-01 13:19:00,0.4406394273550773,0
2026-06-01 13:20:00,0.4657050544281275,0
2026-06-01 13:21:00,0.47309054706301024,0
2026-06-01 13:22:00,0.5393175886762469,0
2026-06-01 13:23:00,0.5287690701782221,0
2026-06-01 13:24:00,0.5239079723730375,0
2026-06-01 13:25:00,0.48721393786504846,0
2026-06-01 13:26:00,0.4345060940080211,0
2026-06-01 13:27:00,0.46356844646682677,0
2026-06-01 13:28:00,0.48111128865619673,0
2026-06-01 13:29:00,0.5719130051748909,0
2026-06-01 13:30:00,0.5083896474990045,0
2026-06-01 13:31:00,0.5352715163348402,0
2026-06-01 13:32:00,0.5117971797090353,0
2026-06-01 13:33:00,0.5611092404072758,0
2026-06-01 13:34:00,0.4772999050976215,0
2026-06-01 13:35:00,0.5052652405627892,0
2026-06-01 13:36:00,0.4904314337560371,0
2026-06-01 13:37:00,0.4443436399533161,0
2026-06-01 13:38:00,0.4006919406351284,0
2026-06-01 13:39:00,0.3937039726596179,0
2026-06-01 13:40:00,0.4304631274899156,0
2026-06-01 13:41:00,0.39138842464224205,0
2026-06-01 13:42:00,0.5158063893758161,0
2026-06-01 13:43:00,0.48647861098161843,1
2026-06-01 13:44:00,0.4809482149942977,1
2026-06-01 13:45:00,0.47394562691445036,1
2026-06-01 13:46:00,0.47718084508330705,0
2026-06-01 13:47:00,0.32226821663205063,0
2026-06-01 13:48:00,0.35486476061703864,0
2026-06-01 13:49:00,0.38948495824706275,0
2026-06-01 13:50:00,0.37730731125951905,1
2026-06-01 13:51:00,0.4272550693303104,0
2026-06-01 13:52:00,0.3218670135764365,0
2026-06-01 13:53:00,0.3675398058378021,0
2026-06-01 13:54:00,0.38098607667328155,0
2026-06-01 13:55:00,0.4108393813448154,0
2026-06-01 13:56:00,0.3219499703392185,0
2026-06-01 13:57:00,0.4088779201625566,0
2026-06-01 13:58:00,0.2610074466538752,0
2026-06-01 13:59:00,0.29719344901937056,0
2026-06-01 14:00:00,0.34957114570372205,1
2026-06-01 14:01:00,0.4152669589333726,1
2026-06-01 14:02:00,0.34069131025115723,1
2026-06-01 14:03:00,0.23966480597227754,0
2026-06-01 14:04:00,0.3545933119601494,1
2026-06-01 14:05:00,0.2294449293915836,1
2026-06-01 14:06:00,0.37114483928568426,1
2026-06-01 14:07:00,0.2928509486664495,1
2026-06-01 14:08:00,0.30197612036602156,1
2026-06-01 14:09:00,0.3372282785273464,1
2026-06-01 14:10:00,0.26270895823662466,1
2026-06-01 14:11:00,0.2690699688000002,1
2026-06-01 14:12:00,0.24191059010549423,1
2026-06-01 14:13:00,0.3515478532423454,1
2026-06-01 14:14:00,0.2133917866767811,1
2026-06-01 14:15:00,0.23755196415174853,1
2026-06-01 14:16:00,0.2740468032728872,1
2026-06-01 14:17:00,0.3276771924537246,1
2026-06-01 14:18:00,0.27769448579727957,1
2026-06-01 14:19:00,0.2908904472058574,1
2026-06-01 14:20:00,0.26496052319301566,1
2026-06-01 14:21:00,0.2998847536528542,1
2026-06-01 14:22:00,0.2187330646336112,1
2026-06-01 14:23:00,0.32265957290765873,1
2026-06-01 14:24:00,0.24197372467246592,1
2026-06-01 14:25:00,0.3105970295482175,1
2026-06-01 14:26:00,0.3029394813332259,0
2026-06-01 14:27:00,0.3164257749738081,0
2026-06-01 14:28:00,0.33682820243376294,0
2026-06-01 14:29:00,0.3065383452957007,0
2026-06-01 14:30:00,0.3077397826932954,0
2026-06-01 14:31:00,0.29523586199967355,0
2026-06-01 14:32:00,0.3652316506426256,1
2026-06-01 14:33:00,0.3425183845102399,1
2026-06-01 14:34:00,0.3538743890273772,0
2026-06-01 14:35:00,0.40435412564380746,0
2026-06-01 14:36:00,0.3713426091065267,0
2026-06-01 14:37:00,0.33170821526255817,0
2026-06-01 14:38:00,0.39337377873744006,0
2026-06-01 14:39:00,0.38777088285796585,0
2026-06-01 14:40:00,0.4501714506991914,0
2026-06-01 14:41:00,0.47461430739442106,0
2026-06-01 14:42:00,0.428089155016218,0
2026-06-01 14:43:00,0.45859946563436005,0
2026-06-01 14:44:00,0.4617811468801888,0
2026-06-01 14:45:00,0.418861752422158,0
2026-06-01 14:46:00,0.4706261749581697,0
2026-06-01 14:47:00,0.39603066160090183,1
2026-06-01 14:48:00,0.43815557179177883,1
2026-06-01 14:49:00,0.38931977784909244,0
2026-06-01 14:50:00,0.43722899986318525,0
2026-06-01 14:51:00,0.44764708896868494,0
2026-06-01 14:52:00,0.4747404351099268,0
2026-06-01 14:53:00,0.4680173966490906,0
2026-06-01 14:54:00,0.4494845488415246,1
2026-06-01 14:55:00,0.4926181121878325,0
2026-06-01 14:56:00,0.4880224974035018,1
2026-06-01 14:57:00,0.5468417910055489,1
2026-06-01 14:58:00,0.578805946838274,0
2026-06-01 14:59:00,0.5506698241896657,0
2026-06-01 15:00:00,0.4792185905430219,0
2026-06-02 09:30:00,0.4398466771481248,0
2026-06-02 09:31:00,0.5464091299017838,0
2026-06-02 09:32:00,0.5537343888060609,0
2026-06-02 09:33:00,0.46685029883532275,0
2026-06-02 09:34:00,0.45940329074287267,0
2026-06-02 09:35:00,0.48246937313659916,0
2026-06-02 09:36:00,0.45576518516461806,0
2026-06-02 09:37:00,0.46634351527365014,0
2026-06-02 09:38:00,0.4730426798748889,0
2026-06-02 09:39:00,0.5604591331837779,0
2026-06-02 09:40:00,0.5043809466013571,0
2026-06-02 09:41:00,0.5012692653837894,0
2026-06-02 09:42:00,0.5422778419728568,0
2026-06-02 09:43:00,0.44259836496998695,0
2026-06-02 09:44:00,0.4376020297512955,0
2026-06-02 09:45:00,0.49555104928551885,0
2026-06-02 09:46:00,0.48537151855569666,0
2026-06-02 09:47:00,0.4346302482694987,0
2026-06-02 09:48:00,0.4404001036563247,0
2026-06-02 09:49:00,0.4884469092796325,0
2026-06-02 09:50:00,0.4569151558838764,0
2026-06-02 09:51:00,0.4582869877845968,0
2026-06-02 09:52:00,0.5281210886205885,0
2026-06-02 09:53:00,0.5284920900950807,0
2026-06-02 09:54:00,0.5033667476657749,0
2026-06-02 09:55:00,0.5129254698219516,0
2026-06-02 09:56:00,0.5378705581867325,0
2026-06-02 09:57:00,0.5728157945608944,1
2026-06-02 09:58:00,0.4328520825722894,0
2026-06-02 09:59:00,0.4554663431806259,0
2026-06-02 10:00:00,0.4829398696827575,1
2026-06-02 10:01:00,0.4829559637385674,0
2026-06-02 10:02:00,0.4491570292867853,0
2026-06-02 10:03:00,0.41467478614656406,0
2026-06-02 10:04:00,0.504056831405344,1
2026-06-02 10:05:00,0.4882322377460407,1
2026-06-02 10:06:00,0.522118387602468,1
2026-06-02 10:07:00,0.40711695563220257,1
2026-06-02 10:08:00,0.43096683279860354,1
2026-06-02 10:09:00,0.3962613304714927,1
2026-06-02 10:10:00,0.3695885243764979,1
2026-06-02 10:11:00,0.386475235436932,1
2026-06-02 10:12:00,0.45320799860718886,1
2026-06-02 10:13:00,0.4334865547894086,1
2026-06-02 10:14:00,0.46238842090129045,1
2026-06-02 10:15:00,0.39905024271081074,1
2026-06-02 10:16:00,0.4172613525102957,1
2026-06-02 10:17:00,0.38341644926253965,1
2026-06-02 10:18:00,0.43486655349438624,1
2026-06-02 10:19:00,0.4189709259863652,1
2026-06-02 10:20:00,0.4156777318346289,1
2026-06-02 10:21:00,0.3970803906861607,1
2026-06-02 10:22:00,0.3752644179491688,1
2026-06-02 10:23:00,0.40031748906224995,0
2026-06-02 10:24:00,0.3402403295693776,0
2026-06-02 10:25:00,0.414678218092674,0
2026-06-02 10:26:00,0.32490219658059666,0
2026-06-02 10:27:00,0.39632373912482527,0
2026-06-02 10:28:00,0.4345618952457607,0
2026-06-02 10:29:00,0.476637972060954,0
2026-06-02 10:30:00,0.48933258356177833,0
2026-06-02 10:31:00,0.5176019728138354,0
2026-06-02 10:32:00,0.5426764214304389,0
2026-06-02 10:33:00,0.3599717280246245,0
2026-06-02 10:34:00,0.5141590064168947,0
2026-06-02 10:35:00,0.4581426032445885,0
2026-06-02 10:36:00,0.4495784612533113,0
2026-06-02 10:37:00,0.4878484105102234,0
2026-06-02 10:38:00,0.4764365036907875,1
2026-06-02 10:39:00,0.42887105240865236,1
2026-06-02 10:40:00,0.3765909817567479,1
2026-06-02 10:41:00,0.36105249788198,0
2026-06-02 10:42:00,0.389597960793006,1
2026-06-02 10:43:00,0.3544003620970626,1
2026-06-02 10:44:00,0.43441581735042384,1
2026-06-02 10:45:00,0.46365797530862474,1
2026-06-02 10:46:00,0.40660663636620753,1
2026-06-02 10:47:00,0.3797621056479944,0
2026-06-02 10:48:00,0.3286301664514658,0
2026-06-02 10:49:00,0.3219898533881584,0
2026-06-02 10:50:00,0.41878585574074173,0
2026-06-02 10:51:00,0.3992458018030416,0
2026-06-02 10:52:00,0.4466347914297578,0
2026-06-02 10:53:00,0.371015199573054,0
2026-06-02 10:54:00,0.3799228159050596,0
2026-06-02 10:55:00,0.4341229597061848,0
2026-06-02 10:56:00,0.39197380967589635,0
2026-06-02 10:57:00,0.34725682581346556,0
2026-06-02 10:58:00,0.408390577111801,0
2026-06-02 10:59:00,0.35714147636345367,0
2026-06-02 11:00:00,0.39870927573726445,0
2026-06-02 11:01:00,0.40062134973756297,0
2026-06-02 11:02:00,0.46021836425803464,0
2026-06-02 11:03:00,0.5161302931828663,0
2026-06-02 11:04:00,0.39819437020533177,0
2026-06-02 11:05:00,0.47203545331187813,0
2026-06-02 11:06:00,0.370276085532821,0
2026-06-02 11:07:00,0.41007210215709616,0
2026-06-02 11:08:00,0.39340142646257575,0
2026-06-02 11:09:00,0.4509060603656185,0
2026-06-02 11:10:00,0.4355867174510572,0
2026-06-02 11:11:00,0.45232709046182296,0
2026-06-02 11:12:00,0.48458561477678325,0
2026-06-02 11:13:00,0.48369802838021236,0
2026-06-02 11:14:00,0.5039105889880205,0
2026-06-02 11:15:00,0.559053512059175,0
2026-06-02 11:16:00,0.43948507629553185,1
2026-06-02 11:17:00,0.3664681257126681,0
2026-06-02 11:18:00,0.450119610958107,0
2026-06-02 11:19:00,0.38044942562192174,1
2026-06-02 11:20:00,0.3282812100194121,1
2026-06-02 11:21:00,0.31334705853544376,1
2026-06-02 11:22:00,0.40136335429404757,1
2026-06-02 11:23:00,0.4423022525662254,1
2026-06-02 11:24:00,0.38390338161333604,1
2026-06-02 11:25:00,0.4327146452546858,1
2026-06-02 11:26:00,0.3838071240587713,1
2026-06-02 11:27:00,0.4090712478494673,1
2026-06-02 11:28:00,0.4256003834449128,1
2026-06-02 11:29:00,0.41179297981616014,1
2026-06-02 11:30:00,0.406818272689926,1
2026-06-02 13:01:00,0.35714912433665114,1
2026-06-02 13:02:00,0.3289239090174789,1
2026-06-02 13:03:00,0.38731237582882966,1
2026-06-02 13:04:00,0.35998806195477967,1
2026-06-02 13:05:00,0.38647516272499766,1
2026-06-02 13:06:00,0.5006454403801942,1
2026-06-02 13:07:00,0.4625353474836917,1
2026-06-02 13:08:00,0.4459512996427969,1
2026-06-02 13:09:00,0.4549787980314132,1
2026-06-02 13:10:00,0.43510757981282444,1
2026-06-02 13:11:00,0.431858137731385,1
2026-06-02 13:12:00,0.352356916826028,1
2026-06-02 13:13:00,0.38728735286808214,1
2026-06-02 13:14:00,0.40424664672402494,1
2026-06-02 13:15:00,0.40506101051918314,1
2026-06-02 13:16:00,0.3743317398404242,1
2026-06-02 13:17:00,0.3736760345998353,1
2026-06-02 13:18:00,0.43603792395604896,1
2026-06-02 13:19:00,0.42189254006826443,1
2026-06-02 13:20:00,0.3788338169398508,1
2026-06-02 13:21:00,0.379789326015239,1
2026-06-02 13:22:00,0.35847682698072864,1
2026-06-02 13:23:00,0.4026895774370221,1
2026-06-02 13:24:00,0.3948301751163957,1
2026-06-02 13:25:00,0.37354803539764697,0
2026-06-02 13:26:00,0.45629393026765036,0
2026-06-02 13:27:00,0.29868322048081425,0
2026-06-02 13:28:00,0.3019816173508159,0
2026-06-02 13:29:00,0.27460171477947953,0
2026-06-02 13:30:00,0.32242104261233484,0
2026-06-02 13:31:00,0.26799435506673736,0
2026-06-02 13:32:00,0.342499932722717,0
2026-06-02 13:33:00,0.35244868299018606,0
2026-06-02 13:34:00,0.4020427685804417,0
2026-06-02 13:35:00,0.41458075029026525,0
2026-06-02 13:36:00,0.4261256907326791,0
2026-06-02 13:37:00,0.39000774061684745,0
2026-06-02 13:38:00,0.3898669638253115,0
2026-06-02 13:39:00,0.4762564087050158,0
2026-06-02 13:40:00,0.49421296564288725,0
2026-06-02 13:41:00,0.476115286860489,0
2026-06-02 13:42:00,0.47397158173391035,0
2026-06-02 13:43:00,0.5078420786428041,0
2026-06-02 13:44:00,0.48819176452360213,0
2026-06-02 13:45:00,0.3454357679236748,0
2026-06-02 13:46:00,0.4013503773060858,0
2026-06-02 13:47:00,0.44456257725718057,0
2026-06-02 13:48:00,0.5545355800181218,0
2026-06-02 13:49:00,0.5311198982046493,0
2026-06-02 13:50:00,0.5171658789609579,0
2026-06-02 13:51:00,0.49195348559641805,0
2026-06-02 13:52:00,0.4785386651927898,0
2026-06-02 13:53:00,0.4131575857010291,0
2026-06-02 13:54:00,0.3207195734243191,0
2026-06-02 13:55:00,0.35944081762792157,0
2026-06-02 13:56:00,0.293651686070584,0
2026-06-02 13:57:00,0.3783814201264025,0
2026-06-02 13:58:00,0.4212321515135823,0
2026-06-02 13:59:00,0.4211124916568583,0
2026-06-02 14:00:00,0.42229769604967743,0
2026-06-02 14:01:00,0.42966391937008297,0
2026-06-02 14:02:00,0.3971739304670451,0
2026-06-02 14:03:00,0.43005974779995143,1
2026-06-02 14:04:00,0.4392283485615171,1
2026-06-02 14:05:00,0.4714438241762262,1
2026-06-02 14:06:00,0.3950219174301341,1
2026-06-02 14:07:00,0.36013128934443955,1
2026-06-02 14:08:00,0.3529115754269173,1
2026-06-02 14:09:00,0.362969636177653,1
2026-06-02 14:10:00,0.334847833969645,1
2026-06-02 14:11:00,0.4166287792249257,1
2026-06-02 14:12:00,0.31394053195225374,1
2026-06-02 14:13:00,0.3215189751915721,1
2026-06-02 14:14:00,0.3018508907844767,1
2026-06-02 14:15:00,0.3538215222550618,1
2026-06-02 14:16:00,0.2935921296237651,1
2026-06-02 14:17:00,0.2799532127604676,0
2026-06-02 14:18:00,0.31018771665330597,0
2026-06-02 14:19:00,0.3381182624308145,0
2026-06-02 14:20:00,0.38755841597497576,0
2026-06-02 14:21:00,0.37333119325924075,0
2026-06-02 14:22:00,0.38331800363081603,0
2026-06-02 14:23:00,0.3072519050256696,0
2026-06-02 14:24:00,0.3229405759716141,0
2026-06-02 14:25:00,0.40931241377795746,0
2026-06-02 14:26:00,0.3962116039991711,0
2026-06-02 14:27:00,0.4402665581337217,0
2026-06-02 14:28:00,0.4287514836528236,0
2026-06-02 14:29:00,0.44353730900667565,0
2026-06-02 14:30:00,0.3584046668480221,0
2026-06-02 14:31:00,0.31460538909726427,0
2026-06-02 14:32:00,0.41043961461748024,0
2026-06-02 14:33:00,0.4136137419530205,1
2026-06-02 14:34:00,0.3956922252192309,0
2026-06-02 14:35:00,0.32891585968140186,0
2026-06-02 14:36:00,0.42796796272178667,1
2026-06-02 14:37:00,0.44060548059589427,1
2026-06-02 14:38:00,0.37451157941325863,1
2026-06-02 14:39:00,0.365058113809446,1
2026-06-02 14:40:00,0.4058649663668951,1
2026-06-02 14:41:00,0.45945117746203235,1
2026-06-02 14:42:00,0.42510663325231324,0
2026-06-02 14:43:00,0.42330712703113166,0
2026-06-02 14:44:00,0.42158676137563533,0
2026-06-02 14:45:00,0.43859336923658826,0
2026-06-02 14:46:00,0.4356157227060569,1
2026-06-02 14:47:00,0.5163015713283612,1
2026-06-02 14:48:00,0.4127647960396414,1
2026-06-02 14:49:00,0.44818032290546694,1
2026-06-02 14:50:00,0.39990242764368855,1
2026-06-02 14:51:00,0.47250391461522434,1
2026-06-02 14:52:00,0.34074272813024004,1
2026-06-02 14:53:00,0.48944927425030904,1
2026-06-02 14:54:00,0.4807185382783888,0
2026-06-02 14:55:00,0.4884728336174657,0
2026-06-02 14:56:00,0.5500079931136576,1
2026-06-02 14:57:00,0.5315287951119592,1
2026-06-02 14:58:00,0.5484972309626784,1
2026-06-02 14:59:00,0.5437582425737858,1
2026-06-02 15:00:00,0.4792591589330855,1
2026-06-03 09:30:00,0.5129137289728131,1
2026-06-03 09:31:00,0.5076641804068233,1
2026-06-03 09:32:00,0.5070991727054479,1
2026-06-03 09:33:00,0.5608884054332258,1
2026-06-03 09:34:00,0.48829453273275525,1
2026-06-03 09:35:00,0.4992983808260326,1
2026-06-03 09:36:00,0.4581704116811626,1
2026-06-03 09:37:00,0.4910693186404479,1
2026-06-03 09:38:00,0.49568010090561704,1
2026-06-03 09:39:00,0.42412965162856964,1
2026-06-03 09:40:00,0.406229228396061,1
2026-06-03 09:41:00,0.47593978231166023,1
2026-06-03 09:42:00,0.47194985291881325,1
2026-06-03 09:43:00,0.4727138620365801,1
2026-06-03 09:44:00,0.43114744951489586,1
2026-06-03 09:45:00,0.4263304440780616,1
2026-06-03 09:46:00,0.417645887668199,1
2026-06-03 09:47:00,0.4006787299546301,1
2026-06-03 09:48:00,0.43649452602385214,1
2026-06-03 09:49:00,0.44453630517116416,1
2026-06-03 09:50:00,0.4581332097268193,1
2026-06-03 09:51:00,0.40130337198595345,1
2026-06-03 09:52:00,0.3840046197721482,1
2026-06-03 09:53:00,0.3473574061304901,1
2026-06-03 09:54:00,0.3640773742514235,0
2026-06-03 09:55:00,0.35816901123653855,0
2026-06-03 09:56:00,0.4338260422340467,1
2026-06-03 09:57:00,0.4475561070004761,0
2026-06-03 09:58:00,0.4970785339384843,1
2026-06-03 09:59:00,0.45946009417774314,1
2026-06-03 10:00:00,0.55113093246992,1
2026-06-03 10:01:00,0.49206934445803774,0
2026-06-03 10:02:00,0.5088952855488754,0
2026-06-03 10:03:00,0.3053879383801371,0
2026-06-03 10:04:00,0.3726992827711122,0
2026-06-03 10:05:00,0.3155296519442103,0
2026-06-03 10:06:00,0.3278688635212477,0
2026-06-03 10:07:00,0.3886445685003586,0
2026-06-03 10:08:00,0.45867426106812864,1
2026-06-03 10:09:00,0.5519973083876987,1
2026-06-03 10:10:00,0.5085569267941533,1
2026-06-03 10:11:00,0.5109765196530097,1
2026-06-03 10:12:00,0.49317264192943855,1
2026-06-03 10:13:00,0.4967511324169025,1
2026-06-03 10:14:00,0.549237938899532,1
2026-06-03 10:15:00,0.5252347614519108,1
2026-06-03 10:16:00,0.5756389829490276,1
2026-06-03 10:17:00,0.47430423623788764,1
2026-06-03 10:18:00,0.4028045516238029,1
2026-06-03 10:19:00,0.48371047175989684,1
2026-06-03 10:20:00,0.38188031994287697,1
2026-06-03 10:21:00,0.46780483866307104,1
2026-06-03 10:22:00,0.46632634626679037,1
2026-06-03 10:23:00,0.31786243550297144,1
2026-06-03 10:24:00,0.3548695313877054,1
2026-06-03 10:25:00,0.31310045248772206,1
2026-06-03 10:26:00,0.36027107501793865,1
2026-06-03 10:27:00,0.37746866657258615,1
2026-06-03 10:28:00,0.4492723557105252,1
2026-06-03 10:29:00,0.40103142491528215,1
2026-06-03 10:30:00,0.4524163012001873,1
2026-06-03 10:31:00,0.389221800599695,1
2026-06-03 10:32:00,0.37272535311598215,1
2026-06-03 10:33:00,0.39465221309379245,1
2026-06-03 10:34:00,0.37002182026859376,1
2026-06-03 10:35:00,0.3898791394695996,1
2026-06-03 10:36:00,0.38670449974417787,1
2026-06-03 10:37:00,0.41085576275791547,1
2026-06-03 10:38:00,0.40543343379062446,1
2026-06-03 10:39:00,0.40155062170806693,1
2026-06-03 10:40:00,0.4187605293692049,1
2026-06-03 10:41:00,0.44200311122308394,1
2026-06-03 10:42:00,0.3341585387614952,1
2026-06-03 10:43:00,0.36994646330481745,1
2026-06-03 10:44:00,0.40668850307468973,1
2026-06-03 10:45:00,0.4785871069092678,1
2026-06-03 10:46:00,0.36183906959484974,1
2026-06-03 10:47:00,0.3980220540073911,1
2026-06-03 10:48:00,0.3958612869981364,1
2026-06-03 10:49:00,0.41598619032483447,1
2026-06-03 10:50:00,0.4437047069850377,1
2026-06-03 10:51:00,0.4577357094474132,1
2026-06-03 10:52:00,0.4690016877762586,0
2026-06-03 10:53:00,0.411325859090424,0
2026-06-03 10:54:00,0.43629203607225503,1
2026-06-03 10:55:00,0.41436137690783287,1
2026-06-03 10:56:00,0.39869766623813224,1
2026-06-03 10:57:00,0.415219032332563,1
2026-06-03 10:58:00,0.41883603376395295,1
2026-06-03 10:59:00,0.4621764124334036,1
2026-06-03 11:00:00,0.39460467049328835,1
2026-06-03 11:01:00,0.3428704508063668,0
2026-06-03 11:02:00,0.3598307190679603,0
2026-06-03 11:03:00,0.37948853233954766,1
2026-06-03 11:04:00,0.39990551407020386,1
2026-06-03 11:05:00,0.3930749108059073,0
2026-06-03 11:06:00,0.36463093008794967,0
2026-06-03 11:07:00,0.4056496669019937,0
2026-06-03 11:08:00,0.38933222184191446,0
2026-06-03 11:09:00,0.47592283980878514,0
2026-06-03 11:10:00,0.4167083382898992,0
2026-06-03 11:11:00,0.396748157427609,0
2026-06-03 11:12:00,0.41415455480812335,0
2026-06-03 11:13:00,0.44174005911085823,0
2026-06-03 11:14:00,0.39982693445455836,0
2026-06-03 11:15:00,0.37783918352970647,0
2026-06-03 11:16:00,0.4184303996470158,0
2026-06-03 11:17:00,0.409616325731253,0
2026-06-03 11:18:00,0.3918121905662162,0
2026-06-03 11:19:00,0.4122551684379244,0
2026-06-03 11:20:00,0.4492062550011008,0
2026-06-03 11:21:00,0.44824133415186296,0
2026-06-03 11:22:00,0.4619321818022161,0
2026-06-03 11:23:00,0.5345906730723251,0
2026-06-03 11:24:00,0.5073700731391672,0
2026-06-03 11:25:00,0.39802501030641063,0
2026-06-03 11:26:00,0.34305596757308876,0
2026-06-03 11:27:00,0.3170854884139786,0
2026-06-03 11:28:00,0.3235587671147907,0
2026-06-03 11:29:00,0.3720624007996853,0
2026-06-03 11:30:00,0.3949547065808122,0
2026-06-03 13:01:00,0.5264789927048491,0
2026-06-03 13:02:00,0.5406780784147758,0
2026-06-03 13:03:00,0.4416193890984097,0
2026-06-03 13:04:00,0.4114603804169782,0
2026-06-03 13:05:00,0.4530374595335626,0
2026-06-03 13:06:00,0.44515992981774344,0
2026-06-03 13:07:00,0.45822356245065127,0
2026-06-03 13:08:00,0.44906174653359837,1
2026-06-03 13:09:00,0.38935614558761306,1
2026-06-03 13:10:00,0.3836309476912261,1
2026-06-03 13:11:00,0.36134345605932056,0
2026-06-03 13:12:00,0.36548012773846167,0
2026-06-03 13:13:00,0.45281807833841325,1
2026-06-03 13:14:00,0.47577996255809873,1
2026-06-03 13:15:00,0.5085240025736298,1
2026-06-03 13:16:00,0.5328847505124886,1
2026-06-03 13:17:00,0.43405334922380967,1
2026-06-03 13:18:00,0.36199440953348033,1
2026-06-03 13:19:00,0.40171147428300885,1
2026-06-03 13:20:00,0.3450741852029086,1
2026-06-03 13:21:00,0.36342240594970915,1
2026-06-03 13:22:00,0.29849804595150725,1
2026-06-03 13:23:00,0.2817959411695725,1
2026-06-03 13:24:00,0.3130207033177,1
2026-06-03 13:25:00,0.34114787554228077,1
2026-06-03 13:26:00,0.39447293853252946,1
2026-06-03 13:27:00,0.38814709609220155,1
2026-06-03 13:28:00,0.35460963549540186,0
2026-06-03 13:29:00,0.38173099335215444,0
2026-06-03 13:30:00,0.38468853513619605,1
2026-06-03 13:31:00,0.40142509851921476,1
2026-06-03 13:32:00,0.3546006920449635,0
2026-06-03 13:33:00,0.42790203328249304,0
2026-06-03 13:34:00,0.3673121924516213,0
2026-06-03 13:35:00,0.3208414298710247,0
2026-06-03 13:36:00,0.33437492497819943,0
2026-06-03 13:37:00,0.29377959636533646,0
2026-06-03 13:38:00,0.3773016568623731,0
2026-06-03 13:39:00,0.3872091574267376,0
2026-06-03 13:40:00,0.3989396265543374,0
2026-06-03 13:41:00,0.3515716208632253,0
2026-06-03 13:42:00,0.41802909578033975,0
2026-06-03 13:43:00,0.41388638726777055,0
2026-06-03 13:44:00,0.3802161106583939,0
2026-06-03 13:45:00,0.37791165359795503,0
2026-06-03 13:46:00,0.35367073634747465,0
2026-06-03 13:47:00,0.4141423118591439,0
2026-06-03 13:48:00,0.4696355184876177,0
2026-06-03 13:49:00,0.46732696722861444,0
2026-06-03 13:50:00,0.42476497560607646,0
2026-06-03 13:51:00,0.3611137328315155,0
2026-06-03 13:52:00,0.3222249600369599,0
2026-06-03 13:53:00,0.2903461399222621,0
2026-06-03 13:54:00,0.29193605902945696,0
2026-06-03 13:55:00,0.31428084877582246,0
2026-06-03 13:56:00,0.3994599288350199,0
2026-06-03 13:57:00,0.40885077378872225,0
2026-06-03 13:58:00,0.4077563866948219,0
2026-06-03 13:59:00,0.4044814380350667,0
2026-06-03 14:00:00,0.4459651037950317,0
2026-06-03 14:01:00,0.41178790194794734,0
2026-06-03 14:02:00,0.3006047899735383,0
2026-06-03 14:03:00,0.3296952161434473,0
2026-06-03 14:04:00,0.2674301072980574,0
2026-06-03 14:05:00,0.4124085662874839,0
2026-06-03 14:06:00,0.3813061278475265,0
2026-06-03 14:07:00,0.5131278914929502,0
2026-06-03 14:08:00,0.516265628878537,0
2026-06-03 14:09:00,0.5428661511325333,0
2026-06-03 14:10:00,0.44962666044066135,0
2026-06-03 14:11:00,0.4349308760012981,0
2026-06-03 14:12:00,0.4568028276091697,0
2026-06-03 14:13:00,0.41434424545555437,0
2026-06-03 14:14:00,0.4572224742891907,0
2026-06-03 14:15:00,0.4493073464688534,0
2026-06-03 14:16:00,0.5054232313421444,0
2026-06-03 14:17:00,0.5333839403666734,0
2026-06-03 14:18:00,0.5465015090314546,0
2026-06-03 14:19:00,0.5097784650122654,0
2026-06-03 14:20:00,0.4297313572233889,0
2026-06-03 14:21:00,0.33713978510981546,0
2026-06-03 14:22:00,0.3701450844630477,0
2026-06-03 14:23:00,0.342719543520921,0
2026-06-03 14:24:00,0.3662064576794167,0
2026-06-03 14:25:00,0.3751476578604083,1
2026-06-03 14:26:00,0.45595503296664236,1
2026-06-03 14:27:00,0.35747277668985333,0
2026-06-03 14:28:00,0.27877876897744197,0
2026-06-03 14:29:00,0.3525112647137028,0
2026-06-03 14:30:00,0.40580713194079987,1
2026-06-03 14:31:00,0.33384496249967616,1
2026-06-03 14:32:00,0.34547056925352976,1
2026-06-03 14:33:00,0.3187411020670131,1
2026-06-03 14:34:00,0.392914446756113,1
2026-06-03 14:35:00,0.27609388990372946,1
2026-06-03 14:36:00,0.31248745022293206,1
2026-06-03 14:37:00,0.29976962859718714,1
2026-06-03 14:38:00,0.3136651940100086,1
2026-06-03 14:39:00,0.3117791269324816,1
2026-06-03 14:40:00,0.3476877405615113,1
2026-06-03 14:41:00,0.4125012258073638,1
2026-06-03 14:42:00,0.5153244975457338,1
2026-06-03 14:43:00,0.4479386775072982,1
2026-06-03 14:44:00,0.4791171387175963,1
2026-06-03 14:45:00,0.46910922918645975,1
2026-06-03 14:46:00,0.4315481140169273,0
2026-06-03 14:47:00,0.4401338185125735,0
2026-06-03 14:48:00,0.3917783040050886,0
2026-06-03 14:49:00,0.33552377062399646,1
2026-06-03 14:50:00,0.32410173025632516,1
2026-06-03 14:51:00,0.318923671209387,1
2026-06-03 14:52:00,0.3676438353732709,1
2026-06-03 14:53:00,0.39570054127170023,1
2026-06-03 14:54:00,0.39586565814494973,1
2026-06-03 14:55:00,0.34469768845366866,1
2026-06-03 14:56:00,0.3728155581278592,1
2026-06-03 14:57:00,0.34275979148410946,1
2026-06-03 14:58:00,0.34716027922937676,1
2026-06-03 14:59:00,0.4695626963911297,1
2026-06-03 15:00:00,0.388523669621389,1
2026-06-04 09:30:00,0.4408170495829829,1
2026-06-04 09:31:00,0.5327300537843602,1
2026-06-04 09:32:00,0.5296547640207424,1
2026-06-04 09:33:00,0.4639333613991817,1
2026-06-04 09:34:00,0.4782460696394159,1
2026-06-04 09:35:00,0.5112979965934322,1
2026-06-04 09:36:00,0.4652156242343498,0
2026-06-04 09:37:00,0.4652272124277098,0
2026-06-04 09:38:00,0.5335628559609787,0
2026-06-04 09:39:00,0.5065389640897505,0
2026-06-04 09:40:00,0.4930248984613518,1
2026-06-04 09:41:00,0.3837118668215674,0
2026-06-04 09:42:00,0.4082993280289206,0
2026-06-04 09:43:00,0.4445339266625453,1
2026-06-04 09:44:00,0.5335899359770611,1
2026-06-04 09:45:00,0.4537087687535109,0
2026-06-04 09:46:00,0.49939991054713184,0
2026-06-04 09:47:00,0.39587153663971913,0
2026-06-04 09:48:00,0.4954418126345898,0
2026-06-04 09:49:00,0.4301813569896249,0
2026-06-04 09:50:00,0.4818355572981102,0
2026-06-04 09:51:00,0.522534070031985,0
2026-06-04 09:52:00,0.4875088743677115,0
2026-06-04 09:53:00,0.529874694437341,1
2026-06-04 09:54:00,0.47091240299942494,1
2026-06-04 09:55:00,0.4067344908470377,1
2026-06-04 09:56:00,0.4113774904090925,1
2026-06-04 09:57:00,0.41413943030034034,1
2026-06-04 09:58:00,0.3561149878559173,0
2026-06-04 09:59:00,0.44782897115767617,0
2026-06-04 10:00:00,0.46127387670004344,0
2026-06-04 10:01:00,0.5110717730567915,0
2026-06-04 10:02:00,0.4690316184912964,0
2026-06-04 10:03:00,0.49666305336627936,0
2026-06-04 10:04:00,0.539194287664632,0
2026-06-04 10:05:00,0.5241509241806737,0
2026-06-04 10:06:00,0.4364633598621899,0
2026-06-04 10:07:00,0.49046030870747875,0
2026-06-04 10:08:00,0.5378886257277771,0
2026-06-04 10:09:00,0.40973414304078154,0
2026-06-04 10:10:00,0.4868022598914365,0
2026-06-04 10:11:00,0.450352909851893,0
2026-06-04 10:12:00,0.507978104152395,0
2026-06-04 10:13:00,0.5556358415624109,0
2026-06-04 10:14:00,0.48210988199988136,0
2026-06-04 10:15:00,0.510385322138657,0
2026-06-04 10:16:00,0.5210573206785559,0
2026-06-04 10:17:00,0.4541434953644203,0
2026-06-04 10:18:00,0.43281994233543875,0
2026-06-04 10:19:00,0.5308574889000505,0
2026-06-04 10:20:00,0.4114372969172923,0
2026-06-04 10:21:00,0.4919954651370079,0
2026-06-04 10:22:00,0.5388933027369889,0
2026-06-04 10:23:00,0.5233316708028665,1
2026-06-04 10:24:00,0.3807125915479716,0
2026-06-04 10:25:00,0.532387609066122,1
2026-06-04 10:26:00,0.3562161062595546,1
2026-06-04 10:27:00,0.35873790878297995,1
2026-06-04 10:28:00,0.4030582534694097,1
2026-06-04 10:29:00,0.37833133492463383,1
2026-06-04 10:30:00,0.42650409665157185,1
2026-06-04 10:31:00,0.4551120090270853,1
2026-06-04 10:32:00,0.4668952098057374,1
2026-06-04 10:33:00,0.4830221095942182,1
2026-06-04 10:34:00,0.4917561780067674,1
2026-06-04 10:35:00,0.3585583729363352,1
2026-06-04 10:36:00,0.3250474489593305,1
2026-06-04 10:37:00,0.3141856763348754,1
2026-06-04 10:38:00,0.3428651857287265,1
2026-06-04 10:39:00,0.37077543704548394,0
2026-06-04 10:40:00,0.31176693148254225,0
2026-06-04 10:41:00,0.3296698148678384,1
2026-06-04 10:42:00,0.38296877446893446,0
2026-06-04 10:43:00,0.5067356809334994,0
2026-06-04 10:44:00,0.4898017351451872,0
2026-06-04 10:45:00,0.5024405706635823,0
2026-06-04 10:46:00,0.5428793519379821,0
2026-06-04 10:47:00,0.46816459200234894,0
2026-06-04 10:48:00,0.47955874547839633,0
2026-06-04 10:49:00,0.5330115567502125,0
2026-06-04 10:50:00,0.47286236899023876,1
2026-06-04 10:51:00,0.45947162998330837,1
2026-06-04 10:52:00,0.41739880522812656,1
2026-06-04 10:53:00,0.38942362260319735,1
2026-06-04 10:54:00,0.4699605700093116,1
2026-06-04 10:55:00,0.4040436879209874,1
2026-06-04 10:56:00,0.3232625197020716,1
2026-06-04 10:57:00,0.3908703631186162,1
2026-06-04 10:58:00,0.34063600961039203,0
2026-06-04 10:59:00,0.43441581735042384,1
2026-06-04 11:00:00,0.3408944508563711,1
2026-06-04 11:01:00,0.37590257793704096,1
2026-06-04 11:02:00,0.35036138579371423,1
2026-06-04 11:03:00,0.39671862145741454,1
2026-06-04 11:04:00,0.3237099724569229,1
2026-06-04 11:05:00,0.4884433881358104,0
2026-06-04 11:06:00,0.43063349726147393,0
2026-06-04 11:07:00,0.5163567097942805,0
2026-06-04 11:08:00,0.4622120470131667,1
2026-06-04 11:09:00,0.4558634693591209,0
2026-06-04 11:10:00,0.4516139872575187,0
2026-06-04 11:11:00,0.41576176946074034,0
2026-06-04 11:12:00,0.4383048275095451,1
2026-06-04 11:13:00,0.45668846859645246,0
2026-06-04 11:14:00,0.4601742387042921,1
2026-06-04 11:15:00,0.35646846755277967,0
2026-06-04 11:16:00,0.35137486034564575,0
2026-06-04 11:17:00,0.43739846085394885,0
2026-06-04 11:18:00,0.3681730062869664,0
2026-06-04 11:19:00,0.43753713685761625,0
2026-06-04 11:20:00,0.4810658904883242,0
2026-06-04 11:21:00,0.46199901131143883,0
2026-06-04 11:22:00,0.49008566462335906,1
2026-06-04 11:23:00,0.4699750672492871,1
2026-06-04 11:24:00,0.471357551146329,1
2026-06-04 11:25:00,0.42600468403411784,1
2026-06-04 11:26:00,0.4207784695402943,1
2026-06-04 11:27:00,0.40452161824997407,1
2026-06-04 11:28:00,0.4610752785311263,1
2026-06-04 11:29:00,0.389856379995632,1
2026-06-04 11:30:00,0.3972605396456847,1
2026-06-04 13:01:00,0.38646616337553263,1
2026-06-04 13:02:00,0.34818081694925074,1
2026-06-04 13:03:00,0.41936909783351206,1
2026-06-04 13:04:00,0.3821197170304518,1
2026-06-04 13:05:00,0.4097734945078573,1
2026-06-04 13:06:00,0.3469086637109218,1
2026-06-04 13:07:00,0.3400989520968778,1
2026-06-04 13:08:00,0.3810505851665799,1
2026-06-04 13:09:00,0.3721661528082123,1
2026-06-04 13:10:00,0.381426782713423,1
2026-06-04 13:11:00,0.3836702621853489,0
2026-06-04 13:12:00,0.39473530181114275,0
2026-06-04 13:13:00,0.4106196134041686,0
2026-06-04 13:14:00,0.39475121883700737,0
2026-06-04 13:15:00,0.41949471471085226,0
2026-06-04 13:16:00,0.46861111776500464,1
2026-06-04 13:17:00,0.41608777494548893,1
2026-06-04 13:18:00,0.41040282153890617,0
2026-06-04 13:19:00,0.4425408721250192,0
2026-06-04 13:20:00,0.4381730566987702,1
2026-06-04 13:21:00,0.36904990896630563,0
2026-06-04 13:22:00,0.49444673342110085,0
2026-06-04 13:23:00,0.421231674623743,0
2026-06-04 13:24:00,0.47494265126769386,0
2026-06-04 13:25:00,0.4244615723255354,1
2026-06-04 13:26:00,0.39828081183646347,1
2026-06-04 13:27:00,0.3161662163798645,0
2026-06-04 13:28:00,0.36301037437643907,0
2026-06-04 13:29:00,0.3880164423753147,0
2026-06-04 13:30:00,0.27951269740118934,0
2026-06-04 13:31:00,0.29462508543600135,0
2026-06-04 13:32:00,0.2853234255668411,0
2026-06-04 13:33:00,0.36586187599140213,0
2026-06-04 13:34:00,0.3818492207505128,0
2026-06-04 13:35:00,0.38168107093284354,0
2026-06-04 13:36:00,0.3993140144006531,1
2026-06-04 13:37:00,0.4021455781823897,1
2026-06-04 13:38:00,0.39292165694153836,1
2026-06-04 13:39:00,0.4028737661317072,1
2026-06-04 13:40:00,0.4379011134369437,1
2026-06-04 13:41:00,0.42233659115120054,1
2026-06-04 13:42:00,0.3653159217956363,0
2026-06-04 13:43:00,0.41156917077436395,0
2026-06-04 13:44:00,0.38851427533957994,1
2026-06-04 13:45:00,0.39422288655689647,1
2026-06-04 13:46:00,0.32745767845129575,1
2026-06-04 13:47:00,0.3486091259759122,1
2026-06-04 13:48:00,0.3182073934953396,1
2026-06-04 13:49:00,0.31948371678372617,1
2026-06-04 13:50:00,0.2687092866610988,0
2026-06-04 13:51:00,0.27968564590746414,0
2026-06-04 13:52:00,0.33437485768075415,0
2026-06-04 13:53:00,0.30870497245155126,0
2026-06-04 13:54:00,0.38012693940557457,0
2026-06-04 13:55:00,0.40490913122394834,0
2026-06-04 13:56:00,0.42430781240285625,0
2026-06-04 13:57:00,0.4158238291056171,0
2026-06-04 13:58:00,0.3853144060943681,0
2026-06-04 13:59:00,0.3329056302822347,0
2026-06-04 14:00:00,0.3527626071768345,0
2026-06-04 14:01:00,0.4030975967957179,0
2026-06-04 14:02:00,0.3497784918123476,0
2026-06-04 14:03:00,0.2570912320122762,0
2026-06-04 14:04:00,0.33542748086703045,0
2026-06-04 14:05:00,0.44785903570097485,0
2026-06-04 14:06:00,0.5401911726332328,0
2026-06-04 14:07:00,0.5064635783208898,1
2026-06-04 14:08:00,0.450887356754152,1
2026-06-04 14:09:00,0.42121703889102785,0
2026-06-04 14:10:00,0.43965431525679244,1
2026-06-04 14:11:00,0.4365244668358225,1
2026-06-04 14:12:00,0.38192436844480304,0
2026-06-04 14:13:00,0.47757795518736723,1
2026-06-04 14:14:00,0.4561619597664598,1
2026-06-04 14:15:00,0.31786079457213057,1
2026-06-04 14:16:00,0.269087666050017,1
2026-06-04 14:17:00,0.27810121560594736,0
2026-06-04 14:18:00,0.2540259602662739,0
2026-06-04 14:19:00,0.34785750429805395,0
2026-06-04 14:20:00,0.31794914352132997,1
2026-06-04 14:21:00,0.4139652534447051,1
2026-06-04 14:22:00,0.318547760915,1
2026-06-04 14:23:00,0.43556770675889706,1
2026-06-04 14:24:00,0.4045801668824875,1
2026-06-04 14:25:00,0.40151967710990005,1
2026-06-04 14:26:00,0.3325754630708008,1
2026-06-04 14:27:00,0.4115670073580381,1
2026-06-04 14:28:00,0.37101019255452267,1
2026-06-04 14:29:00,0.3447881267561923,1
2026-06-04 14:30:00,0.2890294304931035,1
2026-06-04 14:31:00,0.2642125308473064,1
2026-06-04 14:32:00,0.25224275055055534,1
2026-06-04 14:33:00,0.37518858671605326,1
2026-06-04 14:34:00,0.3666003444870566,1
2026-06-04 14:35:00,0.2921853451779326,0
2026-06-04 14:36:00,0.3049657174594384,0
2026-06-04 14:37:00,0.39526855243788084,0
2026-06-04 14:38:00,0.4124353630843459,1
2026-06-04 14:39:00,0.38931492120599676,1
2026-06-04 14:40:00,0.37302447154893836,1
2026-06-04 14:41:00,0.4136108829034515,1
2026-06-04 14:42:00,0.41697318756349316,1
2026-06-04 14:43:00,0.33838130372689723,1
2026-06-04 14:44:00,0.33500714929236175,1
2026-06-04 14:45:00,0.35666857223547827,1
2026-06-04 14:46:00,0.37090299111731057,1
2026-06-04 14:47:00,0.41671979033596845,0
2026-06-04 14:48:00,0.44447704099281293,0
2026-06-04 14:49:00,0.39685862962803586,0
2026-06-04 14:50:00,0.39981746130556906,0
2026-06-04 14:51:00,0.43619329378823307,0
2026-06-04 14:52:00,0.4242814817319472,0
2026-06-04 14:53:00,0.39075089077155445,0
2026-06-04 14:54:00,0.4370296862725297,0
2026-06-04 14:55:00,0.44415357354927687,0
2026-06-04 14:56:00,0.42446743568580525,0
2026-06-04 14:57:00,0.48654615738657675,0
2026-06-04 14:58:00,0.5254208519915875,0
2026-06-04 14:59:00,0.46053349632924356,0
2026-06-04 15:00:00,0.4864660941418323,0
2026-06-05 09:30:00,0.4176278840707712,0
2026-06-05 09:31:00,0.49117663247017573,0
2026-06-05 09:32:00,0.5319917148145333,0
2026-06-05 09:33:00,0.5567757628364444,0
2026-06-05 09:34:00,0.5259330853561026,0
2026-06-05 09:35:00,0.4418630888671832,0
2026-06-05 09:36:00,0.440193313383123,0
2026-06-05 09:37:00,0.47792652234163435,0
2026-06-05 09:38:00,0.4075081826908406,0
2026-06-05 09:39:00,0.43585320110904413,0
2026-06-05 09:40:00,0.4041965223361582,1
2026-06-05 09:41:00,0.47115705806434427,1
2026-06-05 09:42:00,0.46892408199142493,1
2026-06-05 09:43:00,0.49785112373487256,1
2026-06-05 09:44:00,0.48468232492264474,1
2026-06-05 09:45:00,0.4587076551749089,1
2026-06-05 09:46:00,0.43304929302468526,1
2026-06-05 09:47:00,0.46169072297314245,1
2026-06-05 09:48:00,0.4096695040062943,1
2026-06-05 09:49:00,0.4203059263358403,1
2026-06-05 09:50:00,0.4549781156554342,1
2026-06-05 09:51:00,0.4605380728298062,1
2026-06-05 09:52:00,0.4933926251059086,1
2026-06-05 09:53:00,0.47787681469294774,1
2026-06-05 09:54:00,0.4494732803457231,0
2026-06-05 09:55:00,0.46694496392814433,0
2026-06-05 09:56:00,0.40380760900172397,0
2026-06-05 09:57:00,0.34228980691192495,0
2026-06-05 09:58:00,0.45586218417611407,0
2026-06-05 09:59:00,0.4925584496245988,1
2026-06-05 10:00:00,0.4425544223489079,0
2026-06-05 10:01:00,0.5250787530711901,1
2026-06-05 10:02:00,0.4577335336333418,1
2026-06-05 10:03:00,0.5059528516449554,1
2026-06-05 10:04:00,0.433470280567319,1
2026-06-05 10:05:00,0.4570492178815365,0
2026-06-05 10:06:00,0.4789066291751788,1
2026-06-05 10:07:00,0.4107176816067364,1
2026-06-05 10:08:00,0.3848863636944329,1
2026-06-05 10:09:00,0.45594948938735336,1
2026-06-05 10:10:00,0.4159049739529185,1
2026-06-05 10:11:00,0.5336839604262942,1
2026-06-05 10:12:00,0.5379975343698417,1
2026-06-05 10:13:00,0.45265335180442146,1
2026-06-05 10:14:00,0.3465082796261473,1
2026-06-05 10:15:00,0.3854512035980067,0
2026-06-05 10:16:00,0.42424299922258524,0
2026-06-05 10:17:00,0.4706351748779782,1
2026-06-05 10:18:00,0.43057265572905434,0
2026-06-05 10:19:00,0.46434564433767483,1
2026-06-05 10:20:00,0.44507169823548676,1
2026-06-05 10:21:00,0.48751222757821044,1
2026-06-05 10:22:00,0.4982886088110478,1
2026-06-05 10:23:00,0.4055762609197027,1
2026-06-05 10:24:00,0.49811805562063716,1
2026-06-05 10:25:00,0.4592220712901457,1
2026-06-05 10:26:00,0.4420850476875597,1
2026-06-05 10:27:00,0.531367693450409,1
2026-06-05 10:28:00,0.5011552232202114,1
2026-06-05 10:29:00,0.42987652552341143,1
2026-06-05 10:30:00,0.4479005345983527,1
2026-06-05 10:31:00,0.38560158637678976,1
2026-06-05 10:32:00,0.4261354456406474,1
2026-06-05 10:33:00,0.4382972131206377,1
2026-06-05 10:34:00,0.4405241403252891,1
2026-06-05 10:35:00,0.3838445662544741,1
2026-06-05 10:36:00,0.3769217934066984,1
2026-06-05 10:37:00,0.39252329604950936,1
2026-06-05 10:38:00,0.4431665406347538,1
2026-06-05 10:39:00,0.40243895999942036,1
2026-06-05 10:40:00,0.3444907695967737,1
2026-06-05 10:41:00,0.4063542187279034,1
2026-06-05 10:42:00,0.3950678394543586,1
2026-06-05 10:43:00,0.4174896511029334,1
2026-06-05 10:44:00,0.4664170878600237,1
2026-06-05 10:45:00,0.47592718226236586,0
2026-06-05 10:46:00,0.4594554993081057,0
2026-06-05 10:47:00,0.4429693682639263,0
2026-06-05 10:48:00,0.4914906153924676,0
2026-06-05 10:49:00,0.4432427473991627,0
2026-06-05 10:50:00,0.322174336994082,0
2026-06-05 10:51:00,0.4646227078297426,0
2026-06-05 10:52:00,0.4041249551860369,0
2026-06-05 10:53:00,0.39408974186151235,0
2026-06-05 10:54:00,0.430277072774913,1
2026-06-05 10:55:00,0.4719185065746381,1
2026-06-05 10:56:00,0.4568752410514952,1
2026-06-05 10:57:00,0.4746194884082816,1
2026-06-05 10:58:00,0.35863973720380243,0
2026-06-05 10:59:00,0.3908302292409504,1
2026-06-05 11:00:00,0.45735095230375616,1
2026-06-05 11:01:00,0.37097794642310833,1
2026-06-05 11:02:00,0.36849882537862966,1
2026-06-05 11:03:00,0.3968282049328538,1
2026-06-05 11:04:00,0.488643009015227,1
2026-06-05 11:05:00,0.4736169016309027,1
2026-06-05 11:06:00,0.42823989665925505,1
2026-06-05 11:07:00,0.4465788832380786,1
2026-06-05 11:08:00,0.40054704498065663,1
2026-06-05 11:09:00,0.3519054806586,1
2026-06-05 11:10:00,0.377930863904079,0
2026-06-05 11:11:00,0.3766780130397179,0
2026-06-05 11:12:00,0.4282099597712679,1
2026-06-05 11:13:00,0.43509894068810295,1
2026-06-05 11:14:00,0.47721697222844733,1
2026-06-05 11:15:00,0.46250022808549973,1
2026-06-05 11:16:00,0.4661244421296061,1
2026-06-05 11:17:00,0.4603467223131265,0
2026-06-05 11:18:00,0.5072833404365233,0
2026-06-05 11:19:00,0.3794318070119774,1
2026-06-05 11:20:00,0.47367633788726254,0
2026-06-05 11:21:00,0.41403883734844504,1
2026-06-05 11:22:00,0.3859365951708501,1
2026-06-05 11:23:00,0.4059370164294049,0
2026-06-05 11:24:00,0.4034787122257645,1
2026-06-05 11:25:00,0.4175787726268291,1
2026-06-05 11:26:00,0.4674025930763934,1
2026-06-05 11:27:00,0.4772101400017722,0
2026-06-05 11:28:00,0.4242966945199805,0
2026-06-05 11:29:00,0.36426858565732095,0
2026-06-05 11:30:00,0.4132732700199367,0
2026-06-05 13:01:00,0.3007090486895038,0
2026-06-05 13:02:00,0.3388710693094339,0
2026-06-05 13:03:00,0.33756078456216887,0
2026-06-05 13:04:00,0.4145127199988964,0
2026-06-05 13:05:00,0.3708949491076645,0
2026-06-05 13:06:00,0.4136833940294325,0
2026-06-05 13:07:00,0.4135346773809138,0
2026-06-05 13:08:00,0.40236895018570346,0
2026-06-05 13:09:00,0.3695310588896223,0
2026-06-05 13:10:00,0.4795960619922383,0
2026-06-05 13:11:00,0.507844386345257,0
2026-06-05 13:12:00,0.4767438193533356,0
2026-06-05 13:13:00,0.5329012890398018,0
2026-06-05 13:14:00,0.5345692093520121,0
2026-06-05 13:15:00,0.37438528057230536,0
2026-06-05 13:16:00,0.35623703534383155,0
2026-06-05 13:17:00,0.41133105052057106,0
2026-06-05 13:18:00,0.4332280814985051,0
2026-06-05 13:19:00,0.4156999879323597,0
2026-06-05 13:20:00,0.5137599109813004,0
2026-06-05 13:21:00,0.4342871614226849,0
2026-06-05 13:22:00,0.5144755291326366,0
2026-06-05 13:23:00,0.539612626298304,0
2026-06-05 13:24:00,0.4847294743179003,0
2026-06-05 13:25:00,0.41474586334622093,0
2026-06-05 13:26:00,0.5753541893576184,1
2026-06-05 13:27:00,0.5819979574790995,0
2026-06-05 13:28:00,0.5490171579990797,0
2026-06-05 13:29:00,0.5862710891108481,1
2026-06-05 13:30:00,0.6429743094153412,1
2026-06-05 13:31:00,0.6282382628999009,1
2026-06-05 13:32:00,0.5255699568553251,1
2026-06-05 13:33:00,0.4547877690691068,1
2026-06-05 13:34:00,0.42808649414739547,0
2026-06-05 13:35:00,0.316080788490303,1
2026-06-05 13:36:00,0.2606204299620135,1
2026-06-05 13:37:00,0.34894219746763516,1
2026-06-05 13:38:00,0.2694049535480728,1
2026-06-05 13:39:00,0.3016826183000644,1
2026-06-05 13:40:00,0.3052466440112818,1
2026-06-05 13:41:00,0.32976523165077215,1
2026-06-05 13:42:00,0.4415129744719695,1
2026-06-05 13:43:00,0.48444112107249787,1
2026-06-05 13:44:00,0.40036936822378255,1
2026-06-05 13:45:00,0.4369741328305647,1
2026-06-05 13:46:00,0.38204195079131303,1
2026-06-05 13:47:00,0.4122036698676948,1
2026-06-05 13:48:00,0.24932518595011427,1
2026-06-05 13:49:00,0.42083486349311455,1
2026-06-05 13:50:00,0.2596990953919725,0
2026-06-05 13:51:00,0.2707674020994376,0
2026-06-05 13:52:00,0.37258402560584036,0
2026-06-05 13:53:00,0.38841347941889137,0
2026-06-05 13:54:00,0.3930340004598649,0
2026-06-05 13:55:00,0.3978754850688794,0
2026-06-05 13:56:00,0.40646412033540563,0
2026-06-05 13:57:00,0.39533028649114826,0
2026-06-05 13:58:00,0.4193150594164433,0
2026-06-05 13:59:00,0.42336995120164506,0
2026-06-05 14:00:00,0.4192049414804279,0
2026-06-05 14:01:00,0.5006274475798017,0
2026-06-05 14:02:00,0.44353958978775193,0
2026-06-05 14:03:00,0.45907387683326434,0
2026-06-05 14:04:00,0.40068851561393165,0
2026-06-05 14:05:00,0.37974990757452304,1
2026-06-05 14:06:00,0.4003765736084757,1
2026-06-05 14:07:00,0.3577188784947943,1
2026-06-05 14:08:00,0.3539860992108687,1
2026-06-05 14:09:00,0.43429193638779034,1
2026-06-05 14:10:00,0.420173689911638,1
2026-06-05 14:11:00,0.3708260288390419,1
2026-06-05 14:12:00,0.3373082886308083,1
2026-06-05 14:13:00,0.4467556184527436,1
2026-06-05 14:14:00,0.3469961444031847,1
2026-06-05 14:15:00,0.37741918921097256,1
2026-06-05 14:16:00,0.42759492935372984,1
2026-06-05 14:17:00,0.41685095880223544,1
2026-06-05 14:18:00,0.38822542150721734,1
2026-06-05 14:19:00,0.3923362610105471,1
2026-06-05 14:20:00,0.25211055218178163,0
2026-06-05 14:21:00,0.3099928185317292,0
2026-06-05 14:22:00,0.32260180226997404,0
2026-06-05 14:23:00,0.3465236182310401,1
2026-06-05 14:24:00,0.39438193332959515,1
2026-06-05 14:25:00,0.31315552967351423,0
2026-06-05 14:26:00,0.36445357255374156,0
2026-06-05 14:27:00,0.39241250808720535,0
2026-06-05 14:28:00,0.38408081525521115,0
2026-06-05 14:29:00,0.39704519705424896,0
2026-06-05 14:30:00,0.36995334441592365,0
2026-06-05 14:31:00,0.3114593100383162,0
2026-06-05 14:32:00,0.29847133910532253,0
2026-06-05 14:33:00,0.37868136877100517,0
2026-06-05 14:34:00,0.3926658516976819,0
2026-06-05 14:35:00,0.4827118518733081,1
2026-06-05 14:36:00,0.4399530024621976,1
2026-06-05 14:37:00,0.39559924709384914,1
2026-06-05 14:38:00,0.3356052650929164,1
2026-06-05 14:39:00,0.31737021235286555,1
2026-06-05 14:40:00,0.4158507472642077,1
2026-06-05 14:41:00,0.4157447509914144,1
2026-06-05 14:42:00,0.40456658613573365,0
2026-06-05 14:43:00,0.465483586843845,0
2026-06-05 14:44:00,0.4190133696200454,0
2026-06-05 14:45:00,0.4155060836232408,0
2026-06-05 14:46:00,0.43155303034345893,0
2026-06-05 14:47:00,0.38426936799068595,0
2026-06-05 14:48:00,0.3282034029004273,0
2026-06-05 14:49:00,0.4096408122277257,0
2026-06-05 14:50:00,0.39328144607889354,0
2026-06-05 14:51:00,0.40497452017589997,0
2026-06-05 14:52:00,0.4619785558209846,0
2026-06-05 14:53:00,0.4411301626422498,0
2026-06-05 14:54:00,0.43964340394417045,0
2026-06-05 14:55:00,0.45746385887714,0
2026-06-05 14:56:00,0.4733755333202359,0
2026-06-05 14:57:00,0.48661573522227275,0
2026-06-05 14:58:00,0.5104564491715536,0
2026-06-05 14:59:00,0.6038079092151583,0
2026-06-05 15:00:00,0.5535814150773021,0
2026-06-08 09:30:00,0.529287472908843,1
2026-06-08 09:31:00,0.5399816703648429,1
2026-06-08 09:32:00,0.5548609343368563,1
2026-06-08 09:33:00,0.5813667200406877,1
2026-06-08 09:34:00,0.5410931230763972,1
2026-06-08 09:35:00,0.5518900882308805,1
2026-06-08 09:36:00,0.5160035888099895,1
2026-06-08 09:37:00,0.43998558183386377,1
2026-06-08 09:38:00,0.38575864053730147,1
2026-06-08 09:39:00,0.4320093145058144,1
2026-06-08 09:40:00,0.5254959430132696,1
2026-06-08 09:41:00,0.5573060372333624,1
2026-06-08 09:42:00,0.4539284769092177,1
2026-06-08 09:43:00,0.3875685912354915,1
2026-06-08 09:44:00,0.46677292177361623,1
2026-06-08 09:45:00,0.5007437716996431,1
2026-06-08 09:46:00,0.4891168260332107,1
2026-06-08 09:47:00,0.5130143480101718,1
2026-06-08 09:48:00,0.4453381746644391,1
2026-06-08 09:49:00,0.3620174317464606,1
2026-06-08 09:50:00,0.38979921629550895,1
2026-06-08 09:51:00,0.36465662767650486,1
2026-06-08 09:52:00,0.364529480363819,1
2026-06-08 09:53:00,0.3759674608874624,1
2026-06-08 09:54:00,0.4169446794892817,1
2026-06-08 09:55:00,0.4518169990689969,1
2026-06-08 09:56:00,0.3981536196589701,1
2026-06-08 09:57:00,0.44971603959135015,1
2026-06-08 09:58:00,0.4029854649196402,1
2026-06-08 09:59:00,0.4008493543147755,1
2026-06-08 10:00:00,0.32767394329017324,1
2026-06-08 10:01:00,0.3365678544798106,1
2026-06-08 10:02:00,0.37763062339393133,1
2026-06-08 10:03:00,0.40971784550842993,1
2026-06-08 10:04:00,0.4197619339406429,0
2026-06-08 10:05:00,0.3567672768496089,0
2026-06-08 10:06:00,0.47804930858041317,1
2026-06-08 10:07:00,0.5672780515446108,0
2026-06-08 10:08:00,0.3553506510381756,0
2026-06-08 10:09:00,0.348488616368521,0
2026-06-08 10:10:00,0.379046460257574,0
2026-06-08 10:11:00,0.34788871922411924,0
2026-06-08 10:12:00,0.3970243126631055,0
2026-06-08 10:13:00,0.3478094443500787,0
2026-06-08 10:14:00,0.3896510037597294,0
2026-06-08 10:15:00,0.4151509035157224,0
2026-06-08 10:16:00,0.40573902796949657,0
2026-06-08 10:17:00,0.4710497532503515,0
2026-06-08 10:18:00,0.5146251944850577,0
2026-06-08 10:19:00,0.5296770449630959,0
2026-06-08 10:20:00,0.5508674887974917,0
2026-06-08 10:21:00,0.5367120642907223,0
2026-06-08 10:22:00,0.6010218473309322,0
2026-06-08 10:23:00,0.5420280589658469,0
2026-06-08 10:24:00,0.5748107483722075,0
2026-06-08 10:25:00,0.6157111157646815,0
2026-06-08 10:26:00,0.6374132709551243,0
2026-06-08 10:27:00,0.6414525303550638,0
2026-06-08 10:28:00,0.42921232088580347,0
2026-06-08 10:29:00,0.43231594671874357,0
2026-06-08 10:30:00,0.45297751619614385,0
2026-06-08 10:31:00,0.4580216390861209,0
2026-06-08 10:32:00,0.47615228538862175,0
2026-06-08 10:33:00,0.5477801904974656,0
2026-06-08 10:34:00,0.5805094715762017,0
2026-06-08 10:35:00,0.5670385966994664,0
2026-06-08 10:36:00,0.5586778350284246,0
2026-06-08 10:37:00,0.5591347409101202,0
2026-06-08 10:38:00,0.5041524819900957,0
2026-06-08 10:39:00,0.4625293913675741,0
2026-06-08 10:40:00,0.4453943987465547,0
2026-06-08 10:41:00,0.4816779181532406,0
2026-06-08 10:42:00,0.3856592214240717,0
2026-06-08 10:43:00,0.45263265419878407,0
2026-06-08 10:44:00,0.46026790895504377,0
2026-06-08 10:45:00,0.5552419627013916,0
2026-06-08 10:46:00,0.4431425805419206,0
2026-06-08 10:47:00,0.34799682726789927,0
2026-06-08 10:48:00,0.48920472378113444,0
2026-06-08 10:49:00,0.5309318788876924,0
2026-06-08 10:50:00,0.5428938015052464,0
2026-06-08 10:51:00,0.5338943415697248,0
2026-06-08 10:52:00,0.5567664794370792,0
2026-06-08 10:53:00,0.5188926105433537,0
2026-06-08 10:54:00,0.5403354526694135,0
2026-06-08 10:55:00,0.323491279985806,0
2026-06-08 10:56:00,0.3685293519925522,0
2026-06-08 10:57:00,0.30196640220907,0
2026-06-08 10:58:00,0.3515505180161957,0
2026-06-08 10:59:00,0.33269726827415336,0
2026-06-08 11:00:00,0.32922273978847233,0
2026-06-08 11:01:00,0.3916658323391845,0
2026-06-08 11:02:00,0.44604130462211034,0
2026-06-08 11:03:00,0.3769039978999749,0
2026-06-08 11:04:00,0.3651879286989893,0
2026-06-08 11:05:00,0.34391159357619844,0
2026-06-08 11:06:00,0.45337794488716504,0
2026-06-08 11:07:00,0.49175309655970495,0
2026-06-08 11:08:00,0.5531855521294138,1
2026-06-08 11:09:00,0.4645372187634714,1
2026-06-08 11:10:00,0.46516749845466665,1
2026-06-08 11:11:00,0.35487745150856204,0
2026-06-08 11:12:00,0.34914802514804527,0
2026-06-08 11:13:00,0.3361317419714919,1
2026-06-08 11:14:00,0.36527019330757793,0
2026-06-08 11:15:00,0.31331749928000474,0
2026-06-08 11:16:00,0.3579482644649988,0
2026-06-08 11:17:00,0.3311220891736179,0
2026-06-08 11:18:00,0.3739695187129875,0
2026-06-08 11:19:00,0.4464970908341321,1
2026-06-08 11:20:00,0.3745787454180492,0
2026-06-08 11:21:00,0.3831605341178896,1
2026-06-08 11:22:00,0.3640471132858133,1
2026-06-08 11:23:00,0.38484810744129405,1
2026-06-08 11:24:00,0.3286165707023283,1
2026-06-08 11:25:00,0.38728960116626265,1
2026-06-08 11:26:00,0.33007507925652374,1
2026-06-08 11:27:00,0.35482710421518143,1
2026-06-08 11:28:00,0.36157352448061886,1
2026-06-08 11:29:00,0.3383844737753897,1
2026-06-08 11:30:00,0.38532202216547057,1
2026-06-08 13:01:00,0.4522789007335351,1
2026-06-08 13:02:00,0.35942833294258714,0
2026-06-08 13:03:00,0.3569017446430611,0
2026-06-08 13:04:00,0.36202351163067414,0
2026-06-08 13:05:00,0.42620933610517375,0
2026-06-08 13:06:00,0.33937501893517197,0
2026-06-08 13:07:00,0.3593157835762077,0
2026-06-08 13:08:00,0.39855667002239126,0
2026-06-08 13:09:00,0.3471898870286797,0
2026-06-08 13:10:00,0.36019857095847213,0
2026-06-08 13:11:00,0.3963327903208792,0
2026-06-08 13:12:00,0.4424526817558753,0
2026-06-08 13:13:00,0.39217445412641555,0
2026-06-08 13:14:00,0.4401078296511736,0
2026-06-08 13:15:00,0.4521477078992302,0
2026-06-08 13:16:00,0.4523639908666252,0
2026-06-08 13:17:00,0.44209029764396063,0
2026-06-08 13:18:00,0.44619840561283275,0
2026-06-08 13:19:00,0.4733725724378618,0
2026-06-08 13:20:00,0.5685301463014155,0
2026-06-08 13:21:00,0.5350184854429767,0
2026-06-08 13:22:00,0.5141098420229522,0
2026-06-08 13:23:00,0.5245938704992964,0
2026-06-08 13:24:00,0.459337297049283,0
2026-06-08 13:25:00,0.38555078024933975,0
2026-06-08 13:26:00,0.37376588035451186,0
2026-06-08 13:27:00,0.3367789840435174,0
2026-06-08 13:28:00,0.328882858784553,0
2026-06-08 13:29:00,0.3885760140922937,0
2026-06-08 13:30:00,0.39008027528569783,0
2026-06-08 13:31:00,0.43577145254561994,0
2026-06-08 13:32:00,0.4345992511780506,0
2026-06-08 13:33:00,0.5283126663309482,0
2026-06-08 13:34:00,0.4852440830091442,1
2026-06-08 13:35:00,0.4320721374452376,0
2026-06-08 13:36:00,0.447943714401942,1
2026-06-08 13:37:00,0.4225647375114947,1
2026-06-08 13:38:00,0.40009373990731223,1
2026-06-08 13:39:00,0.3688999597804774,1
2026-06-08 13:40:00,0.44509421997044574,1
2026-06-08 13:41:00,0.3715762674831349,1
2026-06-08 13:42:00,0.3481349885251913,0
2026-06-08 13:43:00,0.40292614333388216,1
2026-06-08 13:44:00,0.4398031883161986,1
2026-06-08 13:45:00,0.37525673724845876,0
2026-06-08 13:46:00,0.4403103803776531,1
2026-06-08 13:47:00,0.5258949214332338,1
2026-06-08 13:48:00,0.4706802536705709,1
2026-06-08 13:49:00,0.2866766690372348,1
2026-06-08 13:50:00,0.31182027033545473,1
2026-06-08 13:51:00,0.28942956922159385,0
2026-06-08 13:52:00,0.37144188409570106,1
2026-06-08 13:53:00,0.28624920490757,1
2026-06-08 13:54:00,0.30847659986933923,1
2026-06-08 13:55:00,0.29414733053300046,1
2026-06-08 13:56:00,0.3714847757967754,1
2026-06-08 13:57:00,0.38101480800177334,1
2026-06-08 13:58:00,0.32539981413963354,1
2026-06-08 13:59:00,0.30959173171394805,1
2026-06-08 14:00:00,0.4293966400753463,1
2026-06-08 14:01:00,0.43872105041439613,1
2026-06-08 14:02:00,0.3259782302496296,1
2026-06-08 14:03:00,0.27911267450806315,1
2026-06-08 14:04:00,0.2768300805170242,1
2026-06-08 14:05:00,0.23520056487407773,1
2026-06-08 14:06:00,0.24831989754421657,1
2026-06-08 14:07:00,0.21418904767364544,1
2026-06-08 14:08:00,0.21788857687428778,0
2026-06-08 14:09:00,0.2270297944366278,0
2026-06-08 14:10:00,0.3156466683429447,1
2026-06-08 14:11:00,0.3028381369844423,1
2026-06-08 14:12:00,0.3735296035652382,1
2026-06-08 14:13:00,0.34343341006062666,1
2026-06-08 14:14:00,0.2982345135813431,1
2026-06-08 14:15:00,0.33885237892174747,1
2026-06-08 14:16:00,0.3775533994440554,1
2026-06-08 14:17:00,0.37059649576458853,1
2026-06-08 14:18:00,0.33186688840897094,1
2026-06-08 14:19:00,0.2541129276356011,1
2026-06-08 14:20:00,0.23161434591326768,0
2026-06-08 14:21:00,0.3401521875487411,1
2026-06-08 14:22:00,0.23404770236927458,0
2026-06-08 14:23:00,0.23353194908596472,0
2026-06-08 14:24:00,0.23741468021680412,0
2026-06-08 14:25:00,0.21801442573594174,0
2026-06-08 14:26:00,0.2662100577013057,0
2026-06-08 14:27:00,0.2861032521912352,0
2026-06-08 14:28:00,0.33825596431300137,0
2026-06-08 14:29:00,0.30069318573396053,0
2026-06-08 14:30:00,0.2927277154083644,0
2026-06-08 14:31:00,0.3105437771262204,0
2026-06-08 14:32:00,0.30721681340594464,0
2026-06-08 14:33:00,0.29458143374241436,0
2026-06-08 14:34:00,0.3861293618163386,0
2026-06-08 14:35:00,0.4034420390442101,0
2026-06-08 14:36:00,0.37074801719964773,0
2026-06-08 14:37:00,0.3156122112538875,0
2026-06-08 14:38:00,0.4411774375282943,0
2026-06-08 14:39:00,0.40360777038397544,0
2026-06-08 14:40:00,0.3956974870766574,0
2026-06-08 14:41:00,0.40687691498207446,0
2026-06-08 14:42:00,0.39543824619928103,0
2026-06-08 14:43:00,0.34974989642989834,0
2026-06-08 14:44:00,0.3541120089662607,0
2026-06-08 14:45:00,0.3539523630466312,0
2026-06-08 14:46:00,0.3278219758953063,0
2026-06-08 14:47:00,0.3551231631618468,0
2026-06-08 14:48:00,0.45472362783486037,0
2026-06-08 14:49:00,0.4883399958691457,0
2026-06-08 14:50:00,0.45947121154662135,0
2026-06-08 14:51:00,0.5120216347832554,0
2026-06-08 14:52:00,0.5126484078958752,0
2026-06-08 14:53:00,0.531985013163257,0
2026-06-08 14:54:00,0.5665240166659915,0
2026-06-08 14:55:00,0.6010888857820682,0
2026-06-08 14:56:00,0.6149269965302987,0
2026-06-08 14:57:00,0.3901058591016495,0
2026-06-08 14:58:00,0.41954109813888246,0
2026-06-08 14:59:00,0.43584470859703917,0
2026-06-08 15:00:00,0.4201736485024551,0
2026-06-09 09:30:00,0.5251767569573577,0
2026-06-09 09:31:00,0.5104022348751077,0
2026-06-09 09:32:00,0.4562848611195409,0
2026-06-09 09:33:00,0.480112733943941,0
2026-06-09 09:34:00,0.4776691079340849,0
2026-06-09 09:35:00,0.5209884643755963,0
2026-06-09 09:36:00,0.522975316563109,0
2026-06-09 09:37:00,0.38041439146518635,0
2026-06-09 09:38:00,0.42909091359618756,0
2026-06-09 09:39:00,0.5100479371606186,0
2026-06-09 09:40:00,0.5272960750625592,0
2026-06-09 09:41:00,0.4729169535059372,0
2026-06-09 09:42:00,0.5153805112946578,1
2026-06-09 09:43:00,0.4609025845040085,1
2026-06-09 09:44:00,0.46287919634741326,1
2026-06-09 09:45:00,0.5268833466263324,1
2026-06-09 09:46:00,0.4226024619439392,0
2026-06-09 09:47:00,0.4437916811895169,0
2026-06-09 09:48:00,0.43213862372252093,1
2026-06-09 09:49:00,0.44803936389637145,0
2026-06-09 09:50:00,0.48886124854852503,1
2026-06-09 09:51:00,0.38027445707479435,1
2026-06-09 09:52:00,0.41951507325023696,1
2026-06-09 09:53:00,0.533017888657563,1
2026-06-09 09:54:00,0.40390877555595167,1
2026-06-09 09:55:00,0.43124236953380574,1
2026-06-09 09:56:00,0.393841607421774,1
2026-06-09 09:57:00,0.40308335632835157,1
2026-06-09 09:58:00,0.491410394650491,1
2026-06-09 09:59:00,0.42079651292454145,1
2026-06-09 10:00:00,0.48129856585827807,1
2026-06-09 10:01:00,0.38883163458027536,1
2026-06-09 10:02:00,0.42537920691154024,0
2026-06-09 10:03:00,0.43741761144916513,1
2026-06-09 10:04:00,0.46542162789511304,1
2026-06-09 10:05:00,0.3739613669191089,0
2026-06-09 10:06:00,0.43115871375829357,1
2026-06-09 10:07:00,0.4274446067839126,0
2026-06-09 10:08:00,0.4788305492913582,0
2026-06-09 10:09:00,0.4289931294043784,0
2026-06-09 10:10:00,0.4917897531060782,0
2026-06-09 10:11:00,0.396496006657747,0
2026-06-09 10:12:00,0.4468015685644137,0
2026-06-09 10:13:00,0.5053462830886101,0
2026-06-09 10:14:00,0.4939604022612067,1
2026-06-09 10:15:00,0.45332059147953946,1
2026-06-09 10:16:00,0.47157493354085717,1
2026-06-09 10:17:00,0.45158729394832287,1
2026-06-09 10:18:00,0.4610215953113099,1
2026-06-09 10:19:00,0.4353449354974548,1
2026-06-09 10:20:00,0.4468558097169348,1
2026-06-09 10:21:00,0.3880610358666276,1
2026-06-09 10:22:00,0.4107126683949748,1
2026-06-09 10:23:00,0.4788752897198509,1
2026-06-09 10:24:00,0.4953861867988931,1
2026-06-09 10:25:00,0.416935951156084,1
2026-06-09 10:26:00,0.3727383981028982,1
2026-06-09 10:27:00,0.39374829927362137,1
2026-06-09 10:28:00,0.3378044933584782,1
2026-06-09 10:29:00,0.34451267965621674,1
2026-06-09 10:30:00,0.36640694027087506,1
2026-06-09 10:31:00,0.35106899569343886,1
2026-06-09 10:32:00,0.37485082770216144,1
2026-06-09 10:33:00,0.43399044334881226,1
2026-06-09 10:34:00,0.3529214459827517,1
2026-06-09 10:35:00,0.3498851339375752,1
2026-06-09 10:36:00,0.45705438113921515,1
2026-06-09 10:37:00,0.44109646644085465,1
2026-06-09 10:38:00,0.40359445854171283,0
2026-06-09 10:39:00,0.3997574472221579,0
2026-06-09 10:40:00,0.420738055260401,0
2026-06-09 10:41:00,0.4225322032226933,0
2026-06-09 10:42:00,0.3973915578154398,0
2026-06-09 10:43:00,0.46163679071123137,0
2026-06-09 10:44:00,0.4784420627892545,0
2026-06-09 10:45:00,0.4701442154811678,0
2026-06-09 10:46:00,0.4469946895219345,0
2026-06-09 10:47:00,0.4471703764525435,1
2026-06-09 10:48:00,0.4347220012255036,0
2026-06-09 10:49:00,0.4878210251233074,0
2026-06-09 10:50:00,0.45742910375467427,1
2026-06-09 10:51:00,0.47946388030443476,1
2026-06-09 10:52:00,0.5014000145320272,1
2026-06-09 10:53:00,0.45259661303674137,1
2026-06-09 10:54:00,0.560258257173033,1
2026-06-09 10:55:00,0.5195008912447363,1
2026-06-09 10:56:00,0.44560988817614755,1
2026-06-09 10:57:00,0.40232092808116926,1
2026-06-09 10:58:00,0.42848583350461855,1
2026-06-09 10:59:00,0.36440726372895277,1
2026-06-09 11:00:00,0.4136469831487645,1
2026-06-09 11:01:00,0.4362697555097865,1
2026-06-09 11:02:00,0.39400353272468264,1
2026-06-09 11:03:00,0.40778830393147913,1
2026-06-09 11:04:00,0.4697875942602714,1
2026-06-09 11:05:00,0.40892181591130133,1
2026-06-09 11:06:00,0.4104083261329392,1
2026-06-09 11:07:00,0.4494430796470727,1
2026-06-09 11:08:00,0.4362070380112964,1
2026-06-09 11:09:00,0.40429986579297533,1
2026-06-09 11:10:00,0.4351615483190657,1
2026-06-09 11:11:00,0.4459887101209702,1
2026-06-09 11:12:00,0.35304092485026983,1
2026-06-09 11:13:00,0.49588504180149723,1
2026-06-09 11:14:00,0.40967622153183564,1
2026-06-09 11:15:00,0.47787947344602866,1
2026-06-09 11:16:00,0.4927585545435235,1
2026-06-09 11:17:00,0.438398291180386,1
2026-06-09 11:18:00,0.46134879016799746,0
2026-06-09 11:19:00,0.4587684973132859,1
2026-06-09 11:20:00,0.468016360585076,1
2026-06-09 11:21:00,0.39437240068127877,1
2026-06-09 11:22:00,0.41248625647517184,1
2026-06-09 11:23:00,0.4222016229500955,1
2026-06-09 11:24:00,0.4079087182409157,0
2026-06-09 11:25:00,0.41125789539399227,0
2026-06-09 11:26:00,0.39680400232278656,0
2026-06-09 11:27:00,0.3655063001401049,0
2026-06-09 11:28:00,0.3589243624924817,0
2026-06-09 11:29:00,0.35757503619444675,0
2026-06-09 11:30:00,0.3456327210398878,0
2026-06-09 13:01:00,0.4464812298860884,0
2026-06-09 13:02:00,0.3908424388495175,0
2026-06-09 13:03:00,0.3779256268675359,0
2026-06-09 13:04:00,0.3861343437363863,1
2026-06-09 13:05:00,0.437400021684856,0
2026-06-09 13:06:00,0.4026503443756616,1
2026-06-09 13:07:00,0.44639205008373634,1
2026-06-09 13:08:00,0.3633375347038344,1
2026-06-09 13:09:00,0.463178532547801,1
2026-06-09 13:10:00,0.5376496006270751,1
2026-06-09 13:11:00,0.4404540710347228,1
2026-06-09 13:12:00,0.4125596836885688,1
2026-06-09 13:13:00,0.4076035558811396,1
2026-06-09 13:14:00,0.4360625069710281,1
2026-06-09 13:15:00,0.29364918731406414,1
2026-06-09 13:16:00,0.3574742096302654,0
2026-06-09 13:17:00,0.3331047222434217,1
2026-06-09 13:18:00,0.31570207796355854,1
2026-06-09 13:19:00,0.4087316167488482,0
2026-06-09 13:20:00,0.4085845023032,0
2026-06-09 13:21:00,0.40080686236450785,0
2026-06-09 13:22:00,0.435658971676161,0
2026-06-09 13:23:00,0.4125931326215162,0
2026-06-09 13:24:00,0.3785328705786442,0
2026-06-09 13:25:00,0.3955534698102961,0
2026-06-09 13:26:00,0.4287039154704205,0
2026-06-09 13:27:00,0.4109370899640769,0
2026-06-09 13:28:00,0.3851333996230037,0
2026-06-09 13:29:00,0.34726959060739415,0
2026-06-09 13:30:00,0.3410573939181394,0
2026-06-09 13:31:00,0.3710864739838832,0
2026-06-09 13:32:00,0.36588364950338037,0
2026-06-09 13:33:00,0.35483913275539636,0
2026-06-09 13:34:00,0.3482139185362543,0
2026-06-09 13:35:00,0.3788746529970394,1
2026-06-09 13:36:00,0.4058537792925255,1
2026-06-09 13:37:00,0.412383608747785,1
2026-06-09 13:38:00,0.39056958908421724,1
2026-06-09 13:39:00,0.48402689143643063,0
2026-06-09 13:40:00,0.4476006136280121,0
2026-06-09 13:41:00,0.3924531508293839,1
2026-06-09 13:42:00,0.4027900155375305,1
2026-06-09 13:43:00,0.35441649339519865,1
2026-06-09 13:44:00,0.48549360716656337,1
2026-06-09 13:45:00,0.3904587595574109,1
2026-06-09 13:46:00,0.4044406848328462,1
2026-06-09 13:47:00,0.34422520116877714,1
2026-06-09 13:48:00,0.31437734742206286,0
2026-06-09 13:49:00,0.30132082281701217,0
2026-06-09 13:50:00,0.34711921598031387,0
2026-06-09 13:51:00,0.3304402708989829,0
2026-06-09 13:52:00,0.36373549409898503,0
2026-06-09 13:53:00,0.41676469997081195,0
2026-06-09 13:54:00,0.42846962235852554,1
2026-06-09 13:55:00,0.4317632934386687,1
2026-06-09 13:56:00,0.3204760879346708,0
2026-06-09 13:57:00,0.3282706062063205,0
2026-06-09 13:58:00,0.3908739207423338,0
2026-06-09 13:59:00,0.358268514910059,0
2026-06-09 14:00:00,0.4313581522911275,0
2026-06-09 14:01:00,0.4204723030521758,1
2026-06-09 14:02:00,0.45601586186294174,1
2026-06-09 14:03:00,0.35680466712215886,1
2026-06-09 14:04:00,0.2920436825031814,0
2026-06-09 14:05:00,0.2641757295609638,1
2026-06-09 14:06:00,0.25355443324463683,1
2026-06-09 14:07:00,0.424807005816767,1
2026-06-09 14:08:00,0.3665525345353618,1
2026-06-09 14:09:00,0.4277935212559351,1
2026-06-09 14:10:00,0.2884304529589938,1
2026-06-09 14:11:00,0.36905672891714825,1
2026-06-09 14:12:00,0.31129437173385405,1
2026-06-09 14:13:00,0.36392188704315814,1
2026-06-09 14:14:00,0.341413777084842,1
2026-06-09 14:15:00,0.3590286410355044,1
2026-06-09 14:16:00,0.38067300107040614,1
2026-06-09 14:17:00,0.388474922422548,1
2026-06-09 14:18:00,0.3670676562558308,1
2026-06-09 14:19:00,0.2970302849865355,0
2026-06-09 14:20:00,0.32808297145472065,0
2026-06-09 14:21:00,0.3512277532729192,0
2026-06-09 14:22:00,0.36757198867048363,1
2026-06-09 14:23:00,0.2994030943740054,1
2026-06-09 14:24:00,0.3346657891733627,0
2026-06-09 14:25:00,0.36435181565979496,0
2026-06-09 14:26:00,0.37217478309659185,0
2026-06-09 14:27:00,0.3171713429318915,0
2026-06-09 14:28:00,0.32551675755225373,0
2026-06-09 14:29:00,0.3302331620041066,0
2026-06-09 14:30:00,0.391716838752652,1
2026-06-09 14:31:00,0.36205207745814993,0
2026-06-09 14:32:00,0.3430195695987091,1
2026-06-09 14:33:00,0.3848952457134445,1
2026-06-09 14:34:00,0.4445184900662924,1
2026-06-09 14:35:00,0.458012035775505,1
2026-06-09 14:36:00,0.35515123747970323,1
2026-06-09 14:37:00,0.31067255318411785,1
2026-06-09 14:38:00,0.30762406160784717,1
2026-06-09 14:39:00,0.46176694720637557,1
2026-06-09 14:40:00,0.4545702679700895,1
2026-06-09 14:41:00,0.5235647371501695,1
2026-06-09 14:42:00,0.5567893337847685,1
2026-06-09 14:43:00,0.5619605242459473,1
2026-06-09 14:44:00,0.41909474186342394,1
2026-06-09 14:45:00,0.4178160851878754,1
2026-06-09 14:46:00,0.4677894826739091,0
2026-06-09 14:47:00,0.4751849553700371,0
2026-06-09 14:48:00,0.5126444664294088,0
2026-06-09 14:49:00,0.5213222420415924,0
2026-06-09 14:50:00,0.4807779695298151,0
2026-06-09 14:51:00,0.5203698277005788,1
2026-06-09 14:52:00,0.5633321095596733,1
2026-06-09 14:53:00,0.5087948968845681,1
2026-06-09 14:54:00,0.48073477392174946,0
2026-06-09 14:55:00,0.45515557466804174,0
2026-06-09 14:56:00,0.5462096409843646,0
2026-06-09 14:57:00,0.4445717722922111,0
2026-06-09 14:58:00,0.4199730250068767,0
2026-06-09 14:59:00,0.42010571965897714,0
2026-06-09 15:00:00,0.4521652099401109,0
2026-06-10 09:30:00,0.4782661319934876,0
2026-06-10 09:31:00,0.5178029840257528,1
2026-06-10 09:32:00,0.5163031293784435,1
2026-06-10 09:33:00,0.4613024177353098,1
2026-06-10 09:34:00,0.4961873284405875,0
2026-06-10 09:35:00,0.4957165541524365,0
2026-06-10 09:36:00,0.5054820007362046,0
2026-06-10 09:37:00,0.48962931420650313,1
2026-06-10 09:38:00,0.48324821312809924,1
2026-06-10 09:39:00,0.4404655671032017,1
2026-06-10 09:40:00,0.5108778868222253,1
2026-06-10 09:41:00,0.42408299959988777,1
2026-06-10 09:42:00,0.44256302970120803,1
2026-06-10 09:43:00,0.4246913910649723,1
2026-06-10 09:44:00,0.43137873230585533,1
2026-06-10 09:45:00,0.4124374405967464,1
2026-06-10 09:46:00,0.43435958298401184,1
2026-06-10 09:47:00,0.37301690904034135,1
2026-06-10 09:48:00,0.41324168904625047,1
2026-06-10 09:49:00,0.36777416214985054,1
2026-06-10 09:50:00,0.3845784254935181,1
2026-06-10 09:51:00,0.41747176483075993,1
2026-06-10 09:52:00,0.34847087156981293,1
2026-06-10 09:53:00,0.3663426749744003,1
2026-06-10 09:54:00,0.3737344141318278,0
2026-06-10 09:55:00,0.4316235448414816,0
2026-06-10 09:56:00,0.4917088134785638,1
2026-06-10 09:57:00,0.4339844299611922,0
2026-06-10 09:58:00,0.398963900172981,0
2026-06-10 09:59:00,0.3760807500123951,0
2026-06-10 10:00:00,0.408685573112468,1
2026-06-10 10:01:00,0.43405454670971527,1
2026-06-10 10:02:00,0.4140196885592799,0
2026-06-10 10:03:00,0.36445085896928897,0
2026-06-10 10:04:00,0.3812337821039501,0
2026-06-10 10:05:00,0.4953846212923196,0
2026-06-10 10:06:00,0.524668989971892,0
2026-06-10 10:07:00,0.440205831768364,0
2026-06-10 10:08:00,0.441087238771114,0
2026-06-10 10:09:00,0.4644818920564861,0
2026-06-10 10:10:00,0.5380327761487256,1
2026-06-10 10:11:00,0.49841577078113675,1
2026-06-10 10:12:00,0.5387462746599532,0
2026-06-10 10:13:00,0.5459599695412031,1
2026-06-10 10:14:00,0.5665575172211433,1
2026-06-10 10:15:00,0.5139358288236715,0
2026-06-10 10:16:00,0.39426179918019055,0
2026-06-10 10:17:00,0.49300776870347873,0
2026-06-10 10:18:00,0.4353458862037854,0
2026-06-10 10:19:00,0.5230557392027294,0
2026-06-10 10:20:00,0.5222690761701207,0
2026-06-10 10:21:00,0.49147139451167143,0
2026-06-10 10:22:00,0.4993163785770064,0
2026-06-10 10:23:00,0.3863120391442666,0
2026-06-10 10:24:00,0.3721054516372853,0
2026-06-10 10:25:00,0.3842909607717302,0
2026-06-10 10:26:00,0.48170834255645056,0
2026-06-10 10:27:00,0.503587256756513,0
2026-06-10 10:28:00,0.5237391299475251,0
2026-06-10 10:29:00,0.494031465935133,0
2026-06-10 10:30:00,0.5249368202991107,0
2026-06-10 10:31:00,0.5339454666356154,0
2026-06-10 10:32:00,0.4961131835386343,0
2026-06-10 10:33:00,0.45452463253993214,0
2026-06-10 10:34:00,0.5429534213616175,0
2026-06-10 10:35:00,0.47362034607170383,0
2026-06-10 10:36:00,0.39109654038692065,0
2026-06-10 10:37:00,0.44050685587057953,0
2026-06-10 10:38:00,0.3694838468330488,0
2026-06-10 10:39:00,0.3481522513641198,0
2026-06-10 10:40:00,0.47283033868449764,0
2026-06-10 10:41:00,0.523480795910269,0
2026-06-10 10:42:00,0.5687372290422483,1
2026-06-10 10:43:00,0.5077873000616517,0
2026-06-10 10:44:00,0.4911200847059069,0
2026-06-10 10:45:00,0.3972463371712894,0
2026-06-10 10:46:00,0.36377044767323546,0
2026-06-10 10:47:00,0.3356454335131783,0
2026-06-10 10:48:00,0.40815403169934117,0
2026-06-10 10:49:00,0.4458520077057342,0
2026-06-10 10:50:00,0.4134029447225753,0
2026-06-10 10:51:00,0.3751282586922814,0
2026-06-10 10:52:00,0.41360832996406377,0
2026-06-10 10:53:00,0.41323911330516355,0
2026-06-10 10:54:00,0.3532135476697674,0
2026-06-10 10:55:00,0.424805060934372,0
2026-06-10 10:56:00,0.47142222523966065,1
2026-06-10 10:57:00,0.4186394429608915,0
2026-06-10 10:58:00,0.3982837622866367,0
2026-06-10 10:59:00,0.40959494989034106,0
2026-06-10 11:00:00,0.3823973334205586,0
2026-06-10 11:01:00,0.3652219058291487,0
2026-06-10 11:02:00,0.3197311070586074,1
2026-06-10 11:03:00,0.3428431693111564,1
2026-06-10 11:04:00,0.3903373701814201,1
2026-06-10 11:05:00,0.38492048331121254,1
2026-06-10 11:06:00,0.34580354240808864,1
2026-06-10 11:07:00,0.32850037008526256,1
2026-06-10 11:08:00,0.33089549501051685,0
2026-06-10 11:09:00,0.3474632781172118,0
2026-06-10 11:10:00,0.3060542907177902,0
2026-06-10 11:11:00,0.39251225212349844,1
2026-06-10 11:12:00,0.41337758436573774,1
2026-06-10 11:13:00,0.46359589587972694,1
2026-06-10 11:14:00,0.3906911097694406,1
2026-06-10 11:15:00,0.3900324230476138,1
2026-06-10 11:16:00,0.373602443160056,1
2026-06-10 11:17:00,0.4371792042168866,0
2026-06-10 11:18:00,0.42996391730521527,0
2026-06-10 11:19:00,0.43190647449662234,0
2026-06-10 11:20:00,0.42733082438417064,0
2026-06-10 11:21:00,0.4364453190078357,0
2026-06-10 11:22:00,0.4797816178667634,0
2026-06-10 11:23:00,0.3991993805291802,1
2026-06-10 11:24:00,0.4123659591986492,1
2026-06-10 11:25:00,0.36513460817578663,1
2026-06-10 11:26:00,0.45869974959700355,0
2026-06-10 11:27:00,0.3919907144263322,1
2026-06-10 11:28:00,0.3093047303521795,0
2026-06-10 11:29:00,0.3575988606164666,0
2026-06-10 11:30:00,0.3399020925548149,0
2026-06-10 13:01:00,0.3532415306479141,0
2026-06-10 13:02:00,0.45012924062789156,0
2026-06-10 13:03:00,0.41690759525187965,0
2026-06-10 13:04:00,0.430441217425939,0
2026-06-10 13:05:00,0.43642512826981117,0
2026-06-10 13:06:00,0.4585208334513636,1
2026-06-10 13:07:00,0.4159736180016325,1
2026-06-10 13:08:00,0.42858338024852066,1
2026-06-10 13:09:00,0.40370592024892915,1
2026-06-10 13:10:00,0.4006823468748667,1
2026-06-10 13:11:00,0.39408646919808854,1
2026-06-10 13:12:00,0.4208849423410086,1
2026-06-10 13:13:00,0.4219508501149226,1
2026-06-10 13:14:00,0.40283711052335225,1
2026-06-10 13:15:00,0.4616494259608256,1
2026-06-10 13:16:00,0.4303490029300569,1
2026-06-10 13:17:00,0.4515894993083671,1
2026-06-10 13:18:00,0.39678683162509626,1
2026-06-10 13:19:00,0.4058172091414349,1
2026-06-10 13:20:00,0.3953757360908865,0
2026-06-10 13:21:00,0.3963317188270446,0
2026-06-10 13:22:00,0.4577465742835854,0
2026-06-10 13:23:00,0.4715491621838372,0
2026-06-10 13:24:00,0.4392184466947925,0
2026-06-10 13:25:00,0.4161176076982975,0
2026-06-10 13:26:00,0.4930308524579617,0
2026-06-10 13:27:00,0.4396724455700527,1
2026-06-10 13:28:00,0.4236464562014196,1
2026-06-10 13:29:00,0.39979959838803264,1
2026-06-10 13:30:00,0.4422762187327605,1
2026-06-10 13:31:00,0.4060552264706266,0
2026-06-10 13:32:00,0.4493194157543015,1
2026-06-10 13:33:00,0.39047692617963076,0
2026-06-10 13:34:00,0.430263359544316,0
2026-06-10 13:35:00,0.4494996785156934,0
2026-06-10 13:36:00,0.4116874955695226,0
2026-06-10 13:37:00,0.41415421275133846,0
2026-06-10 13:38:00,0.430439714217296,0
2026-06-10 13:39:00,0.42142445424898406,0
2026-06-10 13:40:00,0.4200380297284764,0
2026-06-10 13:41:00,0.41985960028471975,0
2026-06-10 13:42:00,0.364113788151329,0
2026-06-10 13:43:00,0.363405204294283,0
2026-06-10 13:44:00,0.3491346033683223,0
2026-06-10 13:45:00,0.4249113798356852,0
2026-06-10 13:46:00,0.44247737367944384,1
2026-06-10 13:47:00,0.4222685007050071,1
2026-06-10 13:48:00,0.4443631711354973,1
2026-06-10 13:49:00,0.40732651122584546,1
2026-06-10 13:50:00,0.4601143340940568,1
2026-06-10 13:51:00,0.5034440930065206,1
2026-06-10 13:52:00,0.5355249902443967,1
2026-06-10 13:53:00,0.5023276929668038,1
2026-06-10 13:54:00,0.3609792245499939,1
2026-06-10 13:55:00,0.32518125671157694,1
2026-06-10 13:56:00,0.2688689547662557,0
2026-06-10 13:57:00,0.28508142139800513,0
2026-06-10 13:58:00,0.2879675273852927,0
2026-06-10 13:59:00,0.3156264520942975,0
2026-06-10 14:00:00,0.3296361178839355,0
2026-06-10 14:01:00,0.35422879371677746,0
2026-06-10 14:02:00,0.39829089671741885,0
2026-06-10 14:03:00,0.35698771756474,0
2026-06-10 14:04:00,0.42957845130601735,0
2026-06-10 14:05:00,0.35247098951022615,0
2026-06-10 14:06:00,0.4257674443980844,0
2026-06-10 14:07:00,0.47777905825001743,0
2026-06-10 14:08:00,0.4495908959873658,0
2026-06-10 14:09:00,0.44805159824356466,0
2026-06-10 14:10:00,0.3694539697546248,0
2026-06-10 14:11:00,0.3362351628423064,0
2026-06-10 14:12:00,0.3139062260839549,0
2026-06-10 14:13:00,0.36473182432278634,0
2026-06-10 14:14:00,0.34402746814964213,0
2026-06-10 14:15:00,0.40276837665364207,1
2026-06-10 14:16:00,0.369272965753852,1
2026-06-10 14:17:00,0.3263077990645662,1
2026-06-10 14:18:00,0.29614742169470365,1
2026-06-10 14:19:00,0.26079076018333497,1
2026-06-10 14:20:00,0.2280589172324945,0
2026-06-10 14:21:00,0.25540708820042235,0
2026-06-10 14:22:00,0.2819187951456911,0
2026-06-10 14:23:00,0.2824232367215464,0
2026-06-10 14:24:00,0.3254393554911384,0
2026-06-10 14:25:00,0.3159523222348086,0
2026-06-10 14:26:00,0.37036465609456465,0
2026-06-10 14:27:00,0.3044582225004377,0
2026-06-10 14:28:00,0.25573423302049075,0
2026-06-10 14:29:00,0.2854818203804113,0
2026-06-10 14:30:00,0.31516604960056277,0
2026-06-10 14:31:00,0.2736548113894325,1
2026-06-10 14:32:00,0.3033958174017349,1
2026-06-10 14:33:00,0.3195939698875999,1
2026-06-10 14:34:00,0.3333839845422628,1
2026-06-10 14:35:00,0.33047376314418836,1
2026-06-10 14:36:00,0.2992032676621051,1
2026-06-10 14:37:00,0.2992032676621051,1
2026-06-10 14:38:00,0.2774627363465334,1
2026-06-10 14:39:00,0.2999743030903802,1
2026-06-10 14:40:00,0.3290431109981189,1
2026-06-10 14:41:00,0.4656898042033175,1
2026-06-10 14:42:00,0.43169467123439037,1
2026-06-10 14:43:00,0.4226266780647138,1
2026-06-10 14:44:00,0.4181463386958142,1
2026-06-10 14:45:00,0.3774334202226294,1
2026-06-10 14:46:00,0.40113534183154603,1
2026-06-10 14:47:00,0.39789717613218306,1
2026-06-10 14:48:00,0.43936650605845484,0
2026-06-10 14:49:00,0.3231271946579564,0
2026-06-10 14:50:00,0.338644001361085,0
2026-06-10 14:51:00,0.35451604451320357,0
2026-06-10 14:52:00,0.38476488605854087,0
2026-06-10 14:53:00,0.3570731337112634,0
2026-06-10 14:54:00,0.4009294522495697,0
2026-06-10 14:55:00,0.4559356865437904,0
2026-06-10 14:56:00,0.44084773818216966,0
2026-06-10 14:57:00,0.45396424781596306,0
2026-06-10 14:58:00,0.36762780026264236,0
2026-06-10 14:59:00,0.41481636312771475,0
2026-06-10 15:00:00,0.4435329279767308,0
2026-06-11 09:30:00,0.504498162747871,0
2026-06-11 09:31:00,0.5122255700624229,0
2026-06-11 09:32:00,0.5485299574966865,0
2026-06-11 09:33:00,0.4643087732120704,1
2026-06-11 09:34:00,0.4392892528501991,1
2026-06-11 09:35:00,0.4491480399671193,1
2026-06-11 09:36:00,0.3929280004389454,0
2026-06-11 09:37:00,0.39391507234055506,0
2026-06-11 09:38:00,0.507414354723138,0
2026-06-11 09:39:00,0.478973972956661,0
2026-06-11 09:40:00,0.54726260509952,0
2026-06-11 09:41:00,0.39209160429330436,0
2026-06-11 09:42:00,0.40654535106560663,0
2026-06-11 09:43:00,0.44592039716488596,0
2026-06-11 09:44:00,0.4618133622968754,0
2026-06-11 09:45:00,0.509948747355597,0
2026-06-11 09:46:00,0.4379990978977881,0
2026-06-11 09:47:00,0.4401091591036668,0
2026-06-11 09:48:00,0.4257874987394076,0
2026-06-11 09:49:00,0.45474800355136336,0
2026-06-11 09:50:00,0.4467306187357642,0
2026-06-11 09:51:00,0.43021697347492205,0
2026-06-11 09:52:00,0.4627045944582724,0
2026-06-11 09:53:00,0.40142556031316384,0
2026-06-11 09:54:00,0.39665458653808544,0
2026-06-11 09:55:00,0.4346235483270742,0
2026-06-11 09:56:00,0.4301990507807516,1
2026-06-11 09:57:00,0.37312603667446187,1
2026-06-11 09:58:00,0.33734167925192904,0
2026-06-11 09:59:00,0.4154446988525241,0
2026-06-11 10:00:00,0.48685145289918136,1
2026-06-11 10:01:00,0.470887713483602,1
2026-06-11 10:02:00,0.46511352858550475,1
2026-06-11 10:03:00,0.4110625142391941,0
2026-06-11 10:04:00,0.4036691444406713,0
2026-06-11 10:05:00,0.42643231209788285,0
2026-06-11 10:06:00,0.4158293040521467,0
2026-06-11 10:07:00,0.47451482264782996,0
2026-06-11 10:08:00,0.4819342447259973,0
2026-06-11 10:09:00,0.4422808069232493,0
2026-06-11 10:10:00,0.4301921541120813,0
2026-06-11 10:11:00,0.3731824490336334,0
2026-06-11 10:12:00,0.34473956069062156,0
2026-06-11 10:13:00,0.42514513033728396,0
2026-06-11 10:14:00,0.41615126130925406,0
2026-06-11 10:15:00,0.3596746396533788,0
2026-06-11 10:16:00,0.38429451240948254,0
2026-06-11 10:17:00,0.42180012208609136,0
2026-06-11 10:18:00,0.4315802073435125,0
2026-06-11 10:19:00,0.42518960989476207,1
2026-06-11 10:20:00,0.41930809116082146,1
2026-06-11 10:21:00,0.41489659167693277,0
2026-06-11 10:22:00,0.3917580388305049,0
2026-06-11 10:23:00,0.4198168684720081,0
2026-06-11 10:24:00,0.3889150312243899,1
2026-06-11 10:25:00,0.3596275434927963,0
2026-06-11 10:26:00,0.3391246579968391,0
2026-06-11 10:27:00,0.35215063682575737,0
2026-06-11 10:28:00,0.34581486409300743,0
2026-06-11 10:29:00,0.357098008845082,0
2026-06-11 10:30:00,0.37525458199278466,0
2026-06-11 10:31:00,0.36763220306988437,0
2026-06-11 10:32:00,0.35350355022496066,0
2026-06-11 10:33:00,0.38943726498818676,0
2026-06-11 10:34:00,0.35775018134193526,0
2026-06-11 10:35:00,0.37114093333653914,0
2026-06-11 10:36:00,0.36241024748949985,0
2026-06-11 10:37:00,0.3641855081481545,0
2026-06-11 10:38:00,0.33397253013700506,0
2026-06-11 10:39:00,0.36614923070517846,0
2026-06-11 10:40:00,0.380790986593322,0
2026-06-11 10:41:00,0.37215263875018906,0
2026-06-11 10:42:00,0.4246675335912017,0
2026-06-11 10:43:00,0.5919603678516839,0
2026-06-11 10:44:00,0.5988134091446383,1
2026-06-11 10:45:00,0.5254802879478937,1
2026-06-11 10:46:00,0.5265590956713398,1
2026-06-11 10:47:00,0.5204955659875131,1
2026-06-11 10:48:00,0.49460523105821524,1
2026-06-11 10:49:00,0.5212272720248617,1
2026-06-11 10:50:00,0.5207878743733445,1
2026-06-11 10:51:00,0.5436456577879466,1
2026-06-11 10:52:00,0.5366101337452324,1
2026-06-11 10:53:00,0.4232069683527307,1
2026-06-11 10:54:00,0.3561398252255467,1
2026-06-11 10:55:00,0.3707079351571682,1
2026-06-11 10:56:00,0.36595750725302284,1
2026-06-11 10:57:00,0.36079714654390904,1
2026-06-11 10:58:00,0.37552335298302875,1
2026-06-11 10:59:00,0.42859982467402075,1
2026-06-11 11:00:00,0.4784079341797674,0
2026-06-11 11:01:00,0.47238775491573476,1
2026-06-11 11:02:00,0.4501739643410621,1
2026-06-11 11:03:00,0.4270532144524164,1
2026-06-11 11:04:00,0.43078129674685167,1
2026-06-11 11:05:00,0.4288284883930239,1
2026-06-11 11:06:00,0.4683569474847612,1
2026-06-11 11:07:00,0.3966388513079215,1
2026-06-11 11:08:00,0.4047880058623259,1
2026-06-11 11:09:00,0.3977972794144698,1
2026-06-11 11:10:00,0.33714216709255296,1
2026-06-11 11:11:00,0.39983703914278035,1
2026-06-11 11:12:00,0.33911381043552136,0
2026-06-11 11:13:00,0.37131708119297224,1
2026-06-11 11:14:00,0.404535971545245,1
2026-06-11 11:15:00,0.38733830303004846,1
2026-06-11 11:16:00,0.34804282323485247,1
2026-06-11 11:17:00,0.4114545337725226,0
2026-06-11 11:18:00,0.5077765612651696,0
2026-06-11 11:19:00,0.4864651084209481,0
2026-06-11 11:20:00,0.49894331319430174,0
2026-06-11 11:21:00,0.5160113496693514,0
2026-06-11 11:22:00,0.5141652475233042,0
2026-06-11 11:23:00,0.4968768486026965,0
2026-06-11 11:24:00,0.5040987015470698,0
2026-06-11 11:25:00,0.5053137125393806,0
2026-06-11 11:26:00,0.4767490818252212,0
2026-06-11 11:27:00,0.5673243400466654,1
2026-06-11 11:28:00,0.42630960293076375,0
2026-06-11 11:29:00,0.4610885827725443,0
2026-06-11 11:30:00,0.4369522328514381,1
2026-06-11 13:01:00,0.3908383028367238,0
2026-06-11 13:02:00,0.35461937717461006,1
2026-06-11 13:03:00,0.3617839573579398,0
2026-06-11 13:04:00,0.3638163060299293,0
2026-06-11 13:05:00,0.39011821798892643,0
2026-06-11 13:06:00,0.45216570741875156,0
2026-06-11 13:07:00,0.4769225664209667,1
2026-06-11 13:08:00,0.4384422254352366,0
2026-06-11 13:09:00,0.48630327862201544,0
2026-06-11 13:10:00,0.442982833598102,1
2026-06-11 13:11:00,0.40113095853432623,0
2026-06-11 13:12:00,0.44254258128476015,0
2026-06-11 13:13:00,0.39723415208519297,0
2026-06-11 13:14:00,0.40935075693083334,0
2026-06-11 13:15:00,0.3610242047002351,0
2026-06-11 13:16:00,0.36818990903188514,0
2026-06-11 13:17:00,0.4031679698991974,0
2026-06-11 13:18:00,0.4764545350478784,0
2026-06-11 13:19:00,0.48504197403545857,0
2026-06-11 13:20:00,0.4497377172747536,0
2026-06-11 13:21:00,0.4726172120133881,0
2026-06-11 13:22:00,0.43759528980149426,0
2026-06-11 13:23:00,0.4724680263218892,0
2026-06-11 13:24:00,0.47811815787331696,1
2026-06-11 13:25:00,0.4625137170352012,0
2026-06-11 13:26:00,0.4338039824758009,0
2026-06-11 13:27:00,0.5427537883335679,1
2026-06-11 13:28:00,0.5082577625534754,0
2026-06-11 13:29:00,0.3838401426821098,0
2026-06-11 13:30:00,0.4273923494342318,0
2026-06-11 13:31:00,0.4976042572571233,0
2026-06-11 13:32:00,0.4738214773002326,0
2026-06-11 13:33:00,0.5457865716705315,1
2026-06-11 13:34:00,0.5522819343698988,1
2026-06-11 13:35:00,0.5143833010174477,1
2026-06-11 13:36:00,0.44858941754374215,0
2026-06-11 13:37:00,0.38736228215712637,0
2026-06-11 13:38:00,0.37433513878305585,0
2026-06-11 13:39:00,0.3314342964665796,0
2026-06-11 13:40:00,0.3317420835548296,1
2026-06-11 13:41:00,0.3947722414304619,1
2026-06-11 13:42:00,0.42425016853739467,1
2026-06-11 13:43:00,0.4208709797171185,1
2026-06-11 13:44:00,0.4306098583082346,1
2026-06-11 13:45:00,0.41099784737919887,1
2026-06-11 13:46:00,0.47374848185458285,1
2026-06-11 13:47:00,0.46471762916481807,1
2026-06-11 13:48:00,0.4290033788384797,1
2026-06-11 13:49:00,0.4649689377072295,1
2026-06-11 13:50:00,0.43933231090971536,1
2026-06-11 13:51:00,0.33938134104929013,1
2026-06-11 13:52:00,0.30924411782809397,1
2026-06-11 13:53:00,0.2831189181813836,1
2026-06-11 13:54:00,0.27311782281010105,0
2026-06-11 13:55:00,0.31155846057221914,0
2026-06-11 13:56:00,0.3878514189801554,0
2026-06-11 13:57:00,0.38702294661481523,0
2026-06-11 13:58:00,0.3776663174552038,0
2026-06-11 13:59:00,0.3967333008513403,0
2026-06-11 14:00:00,0.3997143115903615,0
2026-06-11 14:01:00,0.38279939809571034,0
2026-06-11 14:02:00,0.3834762349056918,0
2026-06-11 14:03:00,0.37323289435455903,0
2026-06-11 14:04:00,0.35063106944168254,0
2026-06-11 14:05:00,0.33935017414773794,0
2026-06-11 14:06:00,0.24890871979070986,0
2026-06-11 14:07:00,0.21308934734856091,0
2026-06-11 14:08:00,0.30551542449235847,0
2026-06-11 14:09:00,0.333090071684214,0
2026-06-11 14:10:00,0.2583382421941156,0
2026-06-11 14:11:00,0.3681018202376036,0
2026-06-11 14:12:00,0.40240770239858487,0
2026-06-11 14:13:00,0.35400945080007323,0
2026-06-11 14:14:00,0.34133206324727505,0
2026-06-11 14:15:00,0.3816688198916907,0
2026-06-11 14:16:00,0.3760391379312065,0
2026-06-11 14:17:00,0.39104053472295314,0
2026-06-11 14:18:00,0.4215368542355292,0
2026-06-11 14:19:00,0.35952800478265573,0
2026-06-11 14:20:00,0.42356068000668534,1
2026-06-11 14:21:00,0.41387547505339445,1
2026-06-11 14:22:00,0.45539631452603185,1
2026-06-11 14:23:00,0.3313234171361829,1
2026-06-11 14:24:00,0.3103574852799554,0
2026-06-11 14:25:00,0.3348246769094997,0
2026-06-11 14:26:00,0.3264904133929,0
2026-06-11 14:27:00,0.29378849497915854,0
2026-06-11 14:28:00,0.2751777827182231,0
2026-06-11 14:29:00,0.2805538326137984,0
2026-06-11 14:30:00,0.23275690598729185,0
2026-06-11 14:31:00,0.29393937525193187,0
2026-06-11 14:32:00,0.32689563918062914,0
2026-06-11 14:33:00,0.2904688224879916,0
2026-06-11 14:34:00,0.22050283214100663,0
2026-06-11 14:35:00,0.28314652892160214,0
2026-06-11 14:36:00,0.2753929927865423,0
2026-06-11 14:37:00,0.30625850413356337,0
2026-06-11 14:38:00,0.3781361184048714,0
2026-06-11 14:39:00,0.43490522571768303,0
2026-06-11 14:40:00,0.37615628045515387,0
2026-06-11 14:41:00,0.4610993224445404,0
2026-06-11 14:42:00,0.4333227603385694,0
2026-06-11 14:43:00,0.5323264300934398,0
2026-06-11 14:44:00,0.46333665938817836,0
2026-06-11 14:45:00,0.4412388310165777,0
2026-06-11 14:46:00,0.3289178657505106,0
2026-06-11 14:47:00,0.3710191486580852,1
2026-06-11 14:48:00,0.4598951349590175,1
2026-06-11 14:49:00,0.46629659384835687,1
2026-06-11 14:50:00,0.5357412405744508,1
2026-06-11 14:51:00,0.5406730733425663,1
2026-06-11 14:52:00,0.6159021110209641,1
2026-06-11 14:53:00,0.47809195654543635,1
2026-06-11 14:54:00,0.5083300642481559,1
2026-06-11 14:55:00,0.45032922088913674,1
2026-06-11 14:56:00,0.43031184056975597,1
2026-06-11 14:57:00,0.5314413844802345,1
2026-06-11 14:58:00,0.5011278714543145,1
2026-06-11 14:59:00,0.5296457847672006,1
2026-06-11 15:00:00,0.6479241484426479,1
2026-06-12 09:30:00,0.46857200486936484,1
2026-06-12 09:31:00,0.5238999593100981,0
2026-06-12 09:32:00,0.5070592873714522,0
2026-06-12 09:33:00,0.5088862168157945,0
2026-06-12 09:34:00,0.5059960807219581,0
2026-06-12 09:35:00,0.579611638574268,0
2026-06-12 09:36:00,0.5322822093896343,0
2026-06-12 09:37:00,0.5162323751332896,0
2026-06-12 09:38:00,0.4282229349366952,0
2026-06-12 09:39:00,0.40628503035825536,0
2026-06-12 09:40:00,0.5028267371422844,0
2026-06-12 09:41:00,0.45121973841683743,0
2026-06-12 09:42:00,0.42022698511203277,0
2026-06-12 09:43:00,0.4272274719844432,0
2026-06-12 09:44:00,0.4646341890688405,0
2026-06-12 09:45:00,0.40401616351910496,0
2026-06-12 09:46:00,0.38789894314972057,0
2026-06-12 09:47:00,0.38458725105936326,0
2026-06-12 09:48:00,0.4871567343175349,0
2026-06-12 09:49:00,0.48632011042781276,1
2026-06-12 09:50:00,0.4792127827122062,1
2026-06-12 09:51:00,0.4703816896861307,1
2026-06-12 09:52:00,0.5221610122823502,1
2026-06-12 09:53:00,0.44977636118433767,1
2026-06-12 09:54:00,0.4523561731809791,1
2026-06-12 09:55:00,0.46416765671589694,1
2026-06-12 09:56:00,0.44160591543783656,1
2026-06-12 09:57:00,0.3741388397978242,1
2026-06-12 09:58:00,0.40847064080201956,1
2026-06-12 09:59:00,0.4643359508807264,1
2026-06-12 10:00:00,0.398625282926301,1
2026-06-12 10:01:00,0.397837744417045,0
2026-06-12 10:02:00,0.44993390379021075,1
2026-06-12 10:03:00,0.46541917220604073,1
2026-06-12 10:04:00,0.4535642506114962,1
2026-06-12 10:05:00,0.41027914162857687,0
2026-06-12 10:06:00,0.39312433579299433,0
2026-06-12 10:07:00,0.43620840026066793,0
2026-06-12 10:08:00,0.41450597646476844,0
2026-06-12 10:09:00,0.4949679173652887,1
2026-06-12 10:10:00,0.4553510817616731,0
2026-06-12 10:11:00,0.39492667372817497,0
2026-06-12 10:12:00,0.3245517583264606,0
2026-06-12 10:13:00,0.4287247023401013,0
2026-06-12 10:14:00,0.41952774750984284,0
2026-06-12 10:15:00,0.47403749981994625,0
2026-06-12 10:16:00,0.4514561968387768,0
2026-06-12 10:17:00,0.5239104105991754,0
2026-06-12 10:18:00,0.4329230181828334,0
2026-06-12 10:19:00,0.4118765559985491,0
2026-06-12 10:20:00,0.4461543704060253,0
2026-06-12 10:21:00,0.4427250078451246,0
2026-06-12 10:22:00,0.42463821738001767,0
2026-06-12 10:23:00,0.3845316837392801,0
2026-06-12 10:24:00,0.44564822468782256,0
2026-06-12 10:25:00,0.45296987419094226,0
2026-06-12 10:26:00,0.5640816930373803,0
2026-06-12 10:27:00,0.5582221900672548,1
2026-06-12 10:28:00,0.5468077804868724,1
2026-06-12 10:29:00,0.5109061571113742,1
2026-06-12 10:30:00,0.5495600010588433,1
2026-06-12 10:31:00,0.3363499425548468,1
2026-06-12 10:32:00,0.3512552960682715,1
2026-06-12 10:33:00,0.37692931534723423,1
2026-06-12 10:34:00,0.39842456062675796,1
2026-06-12 10:35:00,0.32065476035943064,1
2026-06-12 10:36:00,0.43736583170277366,1
2026-06-12 10:37:00,0.44065942675482644,1
2026-06-12 10:38:00,0.4169587920921924,1
2026-06-12 10:39:00,0.40230300095929294,1
2026-06-12 10:40:00,0.43659955372774867,1
2026-06-12 10:41:00,0.404340203142417,1
2026-06-12 10:42:00,0.3568077676426296,1
2026-06-12 10:43:00,0.3629155478613734,1
2026-06-12 10:44:00,0.4826171562968107,0
2026-06-12 10:45:00,0.44372805562238526,0
2026-06-12 10:46:00,0.42926884495304424,0
2026-06-12 10:47:00,0.5407888549110818,0
2026-06-12 10:48:00,0.5734022863901485,0
2026-06-12 10:49:00,0.5814171433598441,0
2026-06-12 10:50:00,0.4905741891435859,1
2026-06-12 10:51:00,0.4915009519050471,1
2026-06-12 10:52:00,0.5466039214365279,0
2026-06-12 10:53:00,0.4878878133127883,1
2026-06-12 10:54:00,0.47799006733017535,1
2026-06-12 10:55:00,0.47670808438810686,1
2026-06-12 10:56:00,0.3764941540161122,1
2026-06-12 10:57:00,0.46403800944182116,0
2026-06-12 10:58:00,0.4415669442084623,0
2026-06-12 10:59:00,0.4411784027557422,0
2026-06-12 11:00:00,0.418564165825934,0
2026-06-12 11:01:00,0.39484180095283233,0
2026-06-12 11:02:00,0.42665520910942006,0
2026-06-12 11:03:00,0.4941585863271328,0
2026-06-12 11:04:00,0.4962625902798737,1
2026-06-12 11:05:00,0.41729137930518867,0
2026-06-12 11:06:00,0.4179607723868068,0
2026-06-12 11:07:00,0.4370321576457368,0
2026-06-12 11:08:00,0.4627015896651096,0
2026-06-12 11:09:00,0.4980953681087256,0
2026-06-12 11:10:00,0.520768524196721,0
2026-06-12 11:11:00,0.46921628119824577,0
2026-06-12 11:12:00,0.5148916471438165,1
2026-06-12 11:13:00,0.41003977381740203,1
2026-06-12 11:14:00,0.4634873582664527,1
2026-06-12 11:15:00,0.44402659539310907,1
2026-06-12 11:16:00,0.45224923618409507,1
2026-06-12 11:17:00,0.39161699362637653,1
2026-06-12 11:18:00,0.3861048312542015,0
2026-06-12 11:19:00,0.4207861124882818,0
2026-06-12 11:20:00,0.4327898456113337,0
2026-06-12 11:21:00,0.37111944306924166,0
2026-06-12 11:22:00,0.45216625659813997,0
2026-06-12 11:23:00,0.4334672106107686,0
2026-06-12 11:24:00,0.4160449906375092,0
2026-06-12 11:25:00,0.4351671157279957,0
2026-06-12 11:26:00,0.4413094044477646,0
2026-06-12 11:27:00,0.38399406757901083,0
2026-06-12 11:28:00,0.408807991332796,0
2026-06-12 11:29:00,0.3897143690040626,0
2026-06-12 11:30:00,0.4406297105710808,0
2026-06-12 13:01:00,0.3627823487891347,0
2026-06-12 13:02:00,0.4488204728182571,0
2026-06-12 13:03:00,0.4817890909896371,0
2026-06-12 13:04:00,0.4593316314537351,0
2026-06-12 13:05:00,0.4551941167746845,0
2026-06-12 13:06:00,0.5054578127580961,0
2026-06-12 13:07:00,0.5017782973316666,0
2026-06-12 13:08:00,0.5211587834086424,0
2026-06-12 13:09:00,0.5097076710332548,0
2026-06-12 13:10:00,0.5814476227645301,1
2026-06-12 13:11:00,0.5963641588576001,1
2026-06-12 13:12:00,0.3685602546033592,0
2026-06-12 13:13:00,0.37411481545905123,0
2026-06-12 13:14:00,0.3878770180264639,0
2026-06-12 13:15:00,0.4847714591148683,0
2026-06-12 13:16:00,0.4496079880215857,0
2026-06-12 13:17:00,0.5052466778046536,0
2026-06-12 13:18:00,0.5806792001735901,1
2026-06-12 13:19:00,0.5840687248508819,1
2026-06-12 13:20:00,0.42610166711118386,0
2026-06-12 13:21:00,0.4282086143689589,0
2026-06-12 13:22:00,0.4479457961522177,0
2026-06-12 13:23:00,0.39541542648262684,0
2026-06-12 13:24:00,0.5100207556322383,0
2026-06-12 13:25:00,0.38380702134962447,0
2026-06-12 13:26:00,0.473217265728622,0
2026-06-12 13:27:00,0.3932321862581256,0
2026-06-12 13:28:00,0.4086362750014461,0
2026-06-12 13:29:00,0.4304577157672515,0
2026-06-12 13:30:00,0.44715809413444063,0
2026-06-12 13:31:00,0.46234373515349764,0
2026-06-12 13:32:00,0.4697770634080618,0
2026-06-12 13:33:00,0.4391037939291316,0
2026-06-12 13:34:00,0.4491057667118085,1
2026-06-12 13:35:00,0.425713507627491,1
2026-06-12 13:36:00,0.42811653657928156,1
2026-06-12 13:37:00,0.3952449590582028,1
2026-06-12 13:38:00,0.4150398477088248,1
2026-06-12 13:39:00,0.48084676150996736,1
2026-06-12 13:40:00,0.42892919603024826,1
2026-06-12 13:41:00,0.3616994659675332,1
2026-06-12 13:42:00,0.33275567656855815,1
2026-06-12 13:43:00,0.3782654910841739,0
2026-06-12 13:44:00,0.35909270150321226,0
2026-06-12 13:45:00,0.3514153907777895,0
2026-06-12 13:46:00,0.35994908816007887,0
2026-06-12 13:47:00,0.3669289590144513,0
2026-06-12 13:48:00,0.361965522121843,0
2026-06-12 13:49:00,0.3020204005597827,0
2026-06-12 13:50:00,0.30902142627292367,0
2026-06-12 13:51:00,0.3160237919720714,0
2026-06-12 13:52:00,0.30891938684422293,0
2026-06-12 13:53:00,0.4088184004836517,0
2026-06-12 13:54:00,0.3335802907682396,0
2026-06-12 13:55:00,0.3591972116338487,0
2026-06-12 13:56:00,0.36523208381911815,0
2026-06-12 13:57:00,0.38984525485183347,0
2026-06-12 13:58:00,0.40646949809481703,0
2026-06-12 13:59:00,0.3641414552720609,0
2026-06-12 14:00:00,0.34223319428192445,0
2026-06-12 14:01:00,0.38139008787165646,0
2026-06-12 14:02:00,0.4514744132210654,0
2026-06-12 14:03:00,0.36470226970032676,0
2026-06-12 14:04:00,0.39237810044738863,0
2026-06-12 14:05:00,0.36451998355978277,0
2026-06-12 14:06:00,0.32289246145691813,0
2026-06-12 14:07:00,0.2951512353167335,0
2026-06-12 14:08:00,0.2580246974650425,0
2026-06-12 14:09:00,0.2584954475653098,0
2026-06-12 14:10:00,0.5096024257092597,0
2026-06-12 14:11:00,0.4624260025674012,0
2026-06-12 14:12:00,0.4390706742673724,0
2026-06-12 14:13:00,0.44834778559396665,0
2026-06-12 14:14:00,0.48666009494197915,0
2026-06-12 14:15:00,0.39082186582032996,0
2026-06-12 14:16:00,0.3378118794833731,0
2026-06-12 14:17:00,0.38199394134494374,0
2026-06-12 14:18:00,0.3120831941718715,0
2026-06-12 14:19:00,0.24433181490273,0
2026-06-12 14:20:00,0.23893997133466538,0
2026-06-12 14:21:00,0.24558868716934687,0
2026-06-12 14:22:00,0.2296213552783948,0
2026-06-12 14:23:00,0.3202501274703762,0
2026-06-12 14:24:00,0.32606012654038463,0
2026-06-12 14:25:00,0.38892205692155835,0
2026-06-12 14:26:00,0.3648803786880244,0
2026-06-12 14:27:00,0.3969466741664947,0
2026-06-12 14:28:00,0.4135455236337207,0
2026-06-12 14:29:00,0.4115462043918438,0
2026-06-12 14:30:00,0.43157821593372864,0
2026-06-12 14:31:00,0.3682571871408253,0
2026-06-12 14:32:00,0.3636659774671165,0
2026-06-12 14:33:00,0.3697307168180557,0
2026-06-12 14:34:00,0.4135423592005003,0
2026-06-12 14:35:00,0.4277580874011506,0
2026-06-12 14:36:00,0.4406504375668664,1
2026-06-12 14:37:00,0.46028655550815367,1
2026-06-12 14:38:00,0.25008139725682904,0
2026-06-12 14:39:00,0.22746083023475222,0
2026-06-12 14:40:00,0.3502856956565629,0
2026-06-12 14:41:00,0.41847326321034994,0
2026-06-12 14:42:00,0.3998320457335953,0
2026-06-12 14:43:00,0.4456942709773295,1
2026-06-12 14:44:00,0.41884194886325293,1
2026-06-12 14:45:00,0.47875993864081956,1
2026-06-12 14:46:00,0.4763023907149647,1
2026-06-12 14:47:00,0.5223240806994215,1
2026-06-12 14:48:00,0.4598423097115293,1
2026-06-12 14:49:00,0.4934396640504122,1
2026-06-12 14:50:00,0.4659843313133742,1
2026-06-12 14:51:00,0.36793797379856236,0
2026-06-12 14:52:00,0.3394862001397696,0
2026-06-12 14:53:00,0.4017362133671582,0
2026-06-12 14:54:00,0.4547807232958055,0
2026-06-12 14:55:00,0.48546005197508385,1
2026-06-12 14:56:00,0.40022005818678874,0
2026-06-12 14:57:00,0.40059725328012824,0
2026-06-12 14:58:00,0.5883159194167455,0
2026-06-12 14:59:00,0.6160857299344623,1
2026-06-12 15:00:00,0.4364314024276564,1
2026-06-15 09:30:00,0.4797350806491342,1
2026-06-15 09:31:00,0.495419548461046,0
2026-06-15 09:32:00,0.4674836228766905,0
2026-06-15 09:33:00,0.5323779502299778,1
2026-06-15 09:34:00,0.5660712867358656,1
2026-06-15 09:35:00,0.5410453798503114,1
2026-06-15 09:36:00,0.491607967268907,1
2026-06-15 09:37:00,0.4560471294769365,1
2026-06-15 09:38:00,0.47806811649843217,1
2026-06-15 09:39:00,0.5299914558684149,1
2026-06-15 09:40:00,0.39787660050229534,1
2026-06-15 09:41:00,0.4042699062139446,1
2026-06-15 09:42:00,0.4104196848612093,1
2026-06-15 09:43:00,0.38016456343317856,1
2026-06-15 09:44:00,0.48377215054959455,1
2026-06-15 09:45:00,0.4290386467599318,1
2026-06-15 09:46:00,0.4859714426417021,1
2026-06-15 09:47:00,0.4188412794078744,0
2026-06-15 09:48:00,0.42990865212944324,0
2026-06-15 09:49:00,0.41242413504284287,0
2026-06-15 09:50:00,0.4520720134870433,1
2026-06-15 09:51:00,0.38805348478668356,0
2026-06-15 09:52:00,0.40168942333658164,0
2026-06-15 09:53:00,0.3802892248217522,0
2026-06-15 09:54:00,0.5001742099541265,1
2026-06-15 09:55:00,0.503155517125143,0
2026-06-15 09:56:00,0.50889243728721,1
2026-06-15 09:57:00,0.517510785139014,1
2026-06-15 09:58:00,0.554612478637166,1
2026-06-15 09:59:00,0.5488085245409534,1
2026-06-15 10:00:00,0.4765546270508063,1
2026-06-15 10:01:00,0.4682274926639731,1
2026-06-15 10:02:00,0.48555269651345045,1
2026-06-15 10:03:00,0.4590992015574533,0
2026-06-15 10:04:00,0.5118325274941822,0
2026-06-15 10:05:00,0.37877821813550416,0
2026-06-15 10:06:00,0.44884220240611294,0
2026-06-15 10:07:00,0.41893297704586585,0
2026-06-15 10:08:00,0.4892403056036622,0
2026-06-15 10:09:00,0.4978276390095503,0
2026-06-15 10:10:00,0.48923632336744877,0
2026-06-15 10:11:00,0.5068352661980965,0
2026-06-15 10:12:00,0.48526798916889174,0
2026-06-15 10:13:00,0.5011489819368738,0
2026-06-15 10:14:00,0.46054677972283586,1
2026-06-15 10:15:00,0.4622934535991928,1
2026-06-15 10:16:00,0.44793296470515115,1
2026-06-15 10:17:00,0.49927873335261935,1
2026-06-15 10:18:00,0.5246160494148905,1
2026-06-15 10:19:00,0.5637513043626627,1
2026-06-15 10:20:00,0.4912585265138603,1
2026-06-15 10:21:00,0.4005040845550837,1
2026-06-15 10:22:00,0.3997489186142075,0
2026-06-15 10:23:00,0.5061719910474831,1
2026-06-15 10:24:00,0.45835857931508195,1
2026-06-15 10:25:00,0.4911159113514543,1
2026-06-15 10:26:00,0.45100988950006665,1
2026-06-15 10:27:00,0.5558080072344564,0
2026-06-15 10:28:00,0.4615371569277148,0
2026-06-15 10:29:00,0.3429096366577931,0
2026-06-15 10:30:00,0.3542548215940347,0
2026-06-15 10:31:00,0.419904909349732,0
2026-06-15 10:32:00,0.39286736659766136,0
2026-06-15 10:33:00,0.46438333467868664,0
2026-06-15 10:34:00,0.37397228279092154,0
2026-06-15 10:35:00,0.47078638480925533,0
2026-06-15 10:36:00,0.43698879056953266,0
2026-06-15 10:37:00,0.44836927638822693,1
2026-06-15 10:38:00,0.42657464267526646,0
2026-06-15 10:39:00,0.4539149047888016,1
2026-06-15 10:40:00,0.45284964023176555,0
2026-06-15 10:41:00,0.47070288643659436,0
2026-06-15 10:42:00,0.5267710002617467,0
2026-06-15 10:43:00,0.4976741211649286,1
2026-06-15 10:44:00,0.4905117508589735,0
2026-06-15 10:45:00,0.49797910996113887,0
2026-06-15 10:46:00,0.5421126547531563,0
2026-06-15 10:47:00,0.36261521953030157,0
2026-06-15 10:48:00,0.4429514067601477,0
2026-06-15 10:49:00,0.4112935649629563,0
2026-06-15 10:50:00,0.41213244730936077,0
2026-06-15 10:51:00,0.41213244730936077,0
2026-06-15 10:52:00,0.37366459111736516,0
2026-06-15 10:53:00,0.41612945164797244,0
2026-06-15 10:54:00,0.44753593431250066,0
2026-06-15 10:55:00,0.5197114767028392,0
2026-06-15 10:56:00,0.5717882472865787,1
2026-06-15 10:57:00,0.5102432194742615,0
2026-06-15 10:58:00,0.4952736018578756,1
2026-06-15 10:59:00,0.5391110874087566,0
2026-06-15 11:00:00,0.4645075837574352,0
2026-06-15 11:01:00,0.43800272772477183,0
2026-06-15 11:02:00,0.44018767090851935,1
2026-06-15 11:03:00,0.44880234892553167,1
2026-06-15 11:04:00,0.439692208106222,1
2026-06-15 11:05:00,0.44866791244725096,1
2026-06-15 11:06:00,0.3449700057577568,1
2026-06-15 11:07:00,0.37823103996580354,1
2026-06-15 11:08:00,0.42462816846472184,0
2026-06-15 11:09:00,0.43302353480563255,0
2026-06-15 11:10:00,0.48083659051804556,0
2026-06-15 11:11:00,0.4648710371836287,1
2026-06-15 11:12:00,0.5175421408160422,1
2026-06-15 11:13:00,0.551637889207322,1
2026-06-15 11:14:00,0.5063777498241033,1
2026-06-15 11:15:00,0.46906193086989895,1
2026-06-15 11:16:00,0.4373988713231577,1
2026-06-15 11:17:00,0.545515386980755,1
2026-06-15 11:18:00,0.4509867573308996,1
2026-06-15 11:19:00,0.4430262943088212,1
2026-06-15 11:20:00,0.4581122415251201,0
2026-06-15 11:21:00,0.4193750014595482,1
2026-06-15 11:22:00,0.4446021965380567,1
2026-06-15 11:23:00,0.43042875685083665,1
2026-06-15 11:24:00,0.41845867345540233,1
2026-06-15 11:25:00,0.419641213610882,0
2026-06-15 11:26:00,0.40944326238201784,0
2026-06-15 11:27:00,0.3426474630846173,0
2026-06-15 11:28:00,0.35051039204582923,0
2026-06-15 11:29:00,0.4145645645804813,0
2026-06-15 11:30:00,0.46052835914440415,0
2026-06-15 13:01:00,0.44522397399382885,0
2026-06-15 13:02:00,0.4303626124803274,0
2026-06-15 13:03:00,0.4985759504098776,1
2026-06-15 13:04:00,0.44227044661870774,1
2026-06-15 13:05:00,0.44468666153652164,1
2026-06-15 13:06:00,0.41991577692563503,1
2026-06-15 13:07:00,0.45974488624594545,1
2026-06-15 13:08:00,0.4377171201147825,1
2026-06-15 13:09:00,0.4386078290791659,1
2026-06-15 13:10:00,0.41771736358145245,1
2026-06-15 13:11:00,0.3372305353496607,1
2026-06-15 13:12:00,0.44195800199139457,1
2026-06-15 13:13:00,0.46542929211173717,1
2026-06-15 13:14:00,0.46534917236316536,1
2026-06-15 13:15:00,0.406181749269569,1
2026-06-15 13:16:00,0.3838268404902439,0
2026-06-15 13:17:00,0.3933337478750398,0
2026-06-15 13:18:00,0.3116147170998636,1
2026-06-15 13:19:00,0.3045741811622581,0
2026-06-15 13:20:00,0.43988504717021165,1
2026-06-15 13:21:00,0.31710070958403747,1
2026-06-15 13:22:00,0.34881107472573725,0
2026-06-15 13:23:00,0.3549450025184953,0
2026-06-15 13:24:00,0.36898305372917783,1
2026-06-15 13:25:00,0.31969159520063356,1
2026-06-15 13:26:00,0.4056982058394661,0
2026-06-15 13:27:00,0.3707938342666069,0
2026-06-15 13:28:00,0.4815793759562822,1
2026-06-15 13:29:00,0.45546594173384447,1
2026-06-15 13:30:00,0.46513663438015357,1
2026-06-15 13:31:00,0.44794223590714255,1
2026-06-15 13:32:00,0.4462001306796264,1
2026-06-15 13:33:00,0.28915494583998147,1
2026-06-15 13:34:00,0.30424422510490384,1
2026-06-15 13:35:00,0.3244421516114646,1
2026-06-15 13:36:00,0.3403082098526509,1
2026-06-15 13:37:00,0.3137140863061538,1
2026-06-15 13:38:00,0.3272188462965483,1
2026-06-15 13:39:00,0.2695757406727671,1
2026-06-15 13:40:00,0.27673448256442335,1
2026-06-15 13:41:00,0.37215881596743533,1
2026-06-15 13:42:00,0.371423100146786,1
2026-06-15 13:43:00,0.2808853571392637,1
2026-06-15 13:44:00,0.33032480132392156,1
2026-06-15 13:45:00,0.27779382188367996,0
2026-06-15 13:46:00,0.30852065433115405,0
2026-06-15 13:47:00,0.3892402487510452,0
2026-06-15 13:48:00,0.4128271912618756,0
2026-06-15 13:49:00,0.3456212970148658,0
2026-06-15 13:50:00,0.40605020244209017,0
2026-06-15 13:51:00,0.4151712095402049,0
2026-06-15 13:52:00,0.4430551001705636,1
2026-06-15 13:53:00,0.3569581083299939,0
2026-06-15 13:54:00,0.4193642734699544,0
2026-06-15 13:55:00,0.39912375231095115,0
2026-06-15 13:56:00,0.41510242379663376,0
2026-06-15 13:57:00,0.3938256375638498,0
2026-06-15 13:58:00,0.30067996896594995,0
2026-06-15 13:59:00,0.351051782136201,0
2026-06-15 14:00:00,0.41757083128174144,0
2026-06-15 14:01:00,0.4529539466138145,0
2026-06-15 14:02:00,0.4433466015935436,0
2026-06-15 14:03:00,0.4696303228846353,1
2026-06-15 14:04:00,0.3388441839788509,0
2026-06-15 14:05:00,0.3321328545841151,0
2026-06-15 14:06:00,0.2625991598903508,0
2026-06-15 14:07:00,0.24505597466252624,0
2026-06-15 14:08:00,0.37117517553730467,0
2026-06-15 14:09:00,0.42575151993718385,0
2026-06-15 14:10:00,0.4032475850545046,1
2026-06-15 14:11:00,0.35481133828885814,0
2026-06-15 14:12:00,0.37626787942564605,0
2026-06-15 14:13:00,0.3329722903302206,0
2026-06-15 14:14:00,0.26366362605642624,0
2026-06-15 14:15:00,0.3878782406948005,0
2026-06-15 14:16:00,0.37803379704602813,0
2026-06-15 14:17:00,0.37697827616146007,0
2026-06-15 14:18:00,0.34963957660935746,0
2026-06-15 14:19:00,0.3247209349025631,0
2026-06-15 14:20:00,0.3323560132635851,0
2026-06-15 14:21:00,0.34497868100313195,0
2026-06-15 14:22:00,0.32921317801917394,1
2026-06-15 14:23:00,0.34880184263618463,1
2026-06-15 14:24:00,0.33275661130973805,1
2026-06-15 14:25:00,0.3572357701106425,1
2026-06-15 14:26:00,0.3222292564646778,1
2026-06-15 14:27:00,0.3264368834477177,1
2026-06-15 14:28:00,0.3263446109375246,1
2026-06-15 14:29:00,0.3273584027157498,1
2026-06-15 14:30:00,0.352927987927323,1
2026-06-15 14:31:00,0.3606961630970744,1
2026-06-15 14:32:00,0.3688264063137795,1
2026-06-15 14:33:00,0.3357398216556311,1
2026-06-15 14:34:00,0.4080606763867687,1
2026-06-15 14:35:00,0.290975795720186,1
2026-06-15 14:36:00,0.2826960325301856,1
2026-06-15 14:37:00,0.37491538684614123,1
2026-06-15 14:38:00,0.3830353608062873,0
2026-06-15 14:39:00,0.32588119250021463,1
2026-06-15 14:40:00,0.3514423965502538,0
2026-06-15 14:41:00,0.41557233504168545,0
2026-06-15 14:42:00,0.3682802869543421,0
2026-06-15 14:43:00,0.3726206173557682,0
2026-06-15 14:44:00,0.45242974138537034,0
2026-06-15 14:45:00,0.4267081772814867,1
2026-06-15 14:46:00,0.45848096549500644,1
2026-06-15 14:47:00,0.4459562784408484,0
2026-06-15 14:48:00,0.49112163577058493,0
2026-06-15 14:49:00,0.43516947126601363,0
2026-06-15 14:50:00,0.4102374649347905,0
2026-06-15 14:51:00,0.4284093973130874,0
2026-06-15 14:52:00,0.43114862902336343,0
2026-06-15 14:53:00,0.4185779282279697,0
2026-06-15 14:54:00,0.4449140647357121,0
2026-06-15 14:55:00,0.4284992073759757,0
2026-06-15 14:56:00,0.4383691143729407,0
2026-06-15 14:57:00,0.4276296743482791,0
2026-06-15 14:58:00,0.5381983862447846,0
2026-06-15 14:59:00,0.5510541225001714,0
2026-06-15 15:00:00,0.5213266684759492,0
2026-06-16 09:30:00,0.4442721057946691,0
2026-06-16 09:31:00,0.46837041262725215,0
2026-06-16 09:32:00,0.4135748269655894,0
2026-06-16 09:33:00,0.38927796138315557,1
2026-06-16 09:34:00,0.45877685839409593,1
2026-06-16 09:35:00,0.5396916005707779,1
2026-06-16 09:36:00,0.4526143922416438,1
2026-06-16 09:37:00,0.4793421705418441,1
2026-06-16 09:38:00,0.46721861082310717,1
2026-06-16 09:39:00,0.3932250190983781,1
2026-06-16 09:40:00,0.43798741606231983,1
2026-06-16 09:41:00,0.3996265410885641,1
2026-06-16 09:42:00,0.4089785242565781,1
2026-06-16 09:43:00,0.4773429980932987,1
2026-06-16 09:44:00,0.48811336697553825,1
2026-06-16 09:45:00,0.4446093247983651,1
2026-06-16 09:46:00,0.40052394447650874,1
2026-06-16 09:47:00,0.4199500448142957,1
2026-06-16 09:48:00,0.44616185872535635,1
2026-06-16 09:49:00,0.42488376167837877,1
2026-06-16 09:50:00,0.40155426600948246,1
2026-06-16 09:51:00,0.4184559389504015,1
2026-06-16 09:52:00,0.43489309906183504,1
2026-06-16 09:53:00,0.3363405012337764,1
2026-06-16 09:54:00,0.43157359819793756,1
2026-06-16 09:55:00,0.4317209265283486,1
2026-06-16 09:56:00,0.42189759164755064,1
2026-06-16 09:57:00,0.47604456244801363,1
2026-06-16 09:58:00,0.5300615778926657,1
2026-06-16 09:59:00,0.4180057073441433,1
2026-06-16 10:00:00,0.49070679462341055,1
2026-06-16 10:01:00,0.587659641389902,1
2026-06-16 10:02:00,0.5013504730785401,1
2026-06-16 10:03:00,0.4445292470667945,1
2026-06-16 10:04:00,0.4628820256669321,1
2026-06-16 10:05:00,0.4179824769157043,1
2026-06-16 10:06:00,0.5156791730173725,1
2026-06-16 10:07:00,0.34708949959956725,1
2026-06-16 10:08:00,0.3273990168237724,1
2026-06-16 10:09:00,0.37913038605743515,1
2026-06-16 10:10:00,0.31195716866136525,1
2026-06-16 10:11:00,0.4025923072737865,1
2026-06-16 10:12:00,0.3113856658640997,1
2026-06-16 10:13:00,0.4702066987963751,1
2026-06-16 10:14:00,0.485151006276455,1
2026-06-16 10:15:00,0.485664875636089,1
2026-06-16 10:16:00,0.4655044765152421,1
2026-06-16 10:17:00,0.5230425078088639,1
2026-06-16 10:18:00,0.3142425892817172,1
2026-06-16 10:19:00,0.3065295465299846,0
2026-06-16 10:20:00,0.3640247221141287,1
2026-06-16 10:21:00,0.35922204613593267,1
2026-06-16 10:22:00,0.4109814482504928,1
2026-06-16 10:23:00,0.3455034080331006,1
2026-06-16 10:24:00,0.4296289010866993,1
2026-06-16 10:25:00,0.4635544149948842,1
2026-06-16 10:26:00,0.4183085878645448,1
2026-06-16 10:27:00,0.41680581454465626,1
2026-06-16 10:28:00,0.3942026461055603,1
2026-06-16 10:29:00,0.4123242700807868,1
2026-06-16 10:30:00,0.34710326473345815,1
2026-06-16 10:31:00,0.4227599484356037,1
2026-06-16 10:32:00,0.33718277932801816,0
2026-06-16 10:33:00,0.42261025482524583,0
2026-06-16 10:34:00,0.34574589923619936,0
2026-06-16 10:35:00,0.4554038691382306,0
2026-06-16 10:36:00,0.3656585182398416,0
2026-06-16 10:37:00,0.3617196085455504,0
2026-06-16 10:38:00,0.41832856627232323,0
2026-06-16 10:39:00,0.4592773867834357,0
2026-06-16 10:40:00,0.40344077983933646,0
2026-06-16 10:41:00,0.4568700438662821,0
2026-06-16 10:42:00,0.4659246355558364,0
2026-06-16 10:43:00,0.43421682883184587,0
2026-06-16 10:44:00,0.47023419013722084,0
2026-06-16 10:45:00,0.4273594640805718,0
2026-06-16 10:46:00,0.47429268895927684,0
2026-06-16 10:47:00,0.4299193873079676,0
2026-06-16 10:48:00,0.4294510425647592,0
2026-06-16 10:49:00,0.4865034765704002,1
2026-06-16 10:50:00,0.46258600297201774,0
2026-06-16 10:51:00,0.4433928593860034,0
2026-06-16 10:52:00,0.4318886250674452,0
2026-06-16 10:53:00,0.47789423526099095,1
2026-06-16 10:54:00,0.40823985667832297,1
2026-06-16 10:55:00,0.562855358390555,1
2026-06-16 10:56:00,0.5280182203904137,1
2026-06-16 10:57:00,0.5289411822230307,1
2026-06-16 10:58:00,0.3688029047127738,1
2026-06-16 10:59:00,0.372809919896052,0
2026-06-16 11:00:00,0.4194444059238613,0
2026-06-16 11:01:00,0.3608626453710374,0
2026-06-16 11:02:00,0.43809451231360275,0
2026-06-16 11:03:00,0.36890370815265183,0
2026-06-16 11:04:00,0.42768078103578655,0
2026-06-16 11:05:00,0.3695263107799618,0
2026-06-16 11:06:00,0.4632145031842559,1
2026-06-16 11:07:00,0.43198367140293975,0
2026-06-16 11:08:00,0.45713759453492264,0
2026-06-16 11:09:00,0.46818198254870236,1
2026-06-16 11:10:00,0.4632123049281044,0
2026-06-16 11:11:00,0.4614971303824194,0
2026-06-16 11:12:00,0.485135039300361,0
2026-06-16 11:13:00,0.47845431736363153,0
2026-06-16 11:14:00,0.5706204465395048,1
2026-06-16 11:15:00,0.4942040464869249,0
2026-06-16 11:16:00,0.4783803565964021,0
2026-06-16 11:17:00,0.4152219396683329,1
2026-06-16 11:18:00,0.4820957545999445,1
2026-06-16 11:19:00,0.44007295638208827,1
2026-06-16 11:20:00,0.43899593167501105,1
2026-06-16 11:21:00,0.3663939256561326,1
2026-06-16 11:22:00,0.3664699684360209,1
2026-06-16 11:23:00,0.4346592447991366,1
2026-06-16 11:24:00,0.4007755789284291,1
2026-06-16 11:25:00,0.42803584118894294,1
2026-06-16 11:26:00,0.47686459754255534,1
2026-06-16 11:27:00,0.449009270249367,1
2026-06-16 11:28:00,0.4368113590737423,1
2026-06-16 11:29:00,0.37954310002089725,1
2026-06-16 11:30:00,0.46511036652751786,1
2026-06-16 13:01:00,0.47872440475710043,1
2026-06-16 13:02:00,0.3120659367936945,1
2026-06-16 13:03:00,0.348330270345569,0
2026-06-16 13:04:00,0.36281195270244904,0
2026-06-16 13:05:00,0.3838981114942286,0
2026-06-16 13:06:00,0.4257514224607118,0
2026-06-16 13:07:00,0.3823490384081113,0
2026-06-16 13:08:00,0.45408481955712265,0
2026-06-16 13:09:00,0.4544535772925719,0
2026-06-16 13:10:00,0.42210148692343474,0
2026-06-16 13:11:00,0.43565667910886857,0
2026-06-16 13:12:00,0.37641002752678476,0
2026-06-16 13:13:00,0.3140766159053932,0
2026-06-16 13:14:00,0.32693802723557935,0
2026-06-16 13:15:00,0.3623542966861852,0
2026-06-16 13:16:00,0.3649693561932006,0
2026-06-16 13:17:00,0.4242267908929083,0
2026-06-16 13:18:00,0.48787328570079086,0
2026-06-16 13:19:00,0.4912782636948753,0
2026-06-16 13:20:00,0.42624668767738444,0
2026-06-16 13:21:00,0.5275548018937106,0
2026-06-16 13:22:00,0.5652659612112237,0
2026-06-16 13:23:00,0.5532721583811402,0
2026-06-16 13:24:00,0.5532721583811402,0
2026-06-16 13:25:00,0.4886351952286497,0
2026-06-16 13:26:00,0.5188182195404725,0
2026-06-16 13:27:00,0.503124386016233,0
2026-06-16 13:28:00,0.6609530761290179,0
2026-06-16 13:29:00,0.40151515708497226,0
2026-06-16 13:30:00,0.45239484900605725,0
2026-06-16 13:31:00,0.4251310561364964,0
2026-06-16 13:32:00,0.3173710348150739,0
2026-06-16 13:33:00,0.47521427544417727,1
2026-06-16 13:34:00,0.5835558390366457,1
2026-06-16 13:35:00,0.498753904855964,1
2026-06-16 13:36:00,0.43868881834590073,1
2026-06-16 13:37:00,0.42968683968392923,1
2026-06-16 13:38:00,0.43409803760803506,1
2026-06-16 13:39:00,0.4516922716785502,1
2026-06-16 13:40:00,0.3187383754138237,1
2026-06-16 13:41:00,0.33671291093966327,0
2026-06-16 13:42:00,0.347796898490872,0
2026-06-16 13:43:00,0.4315724569796798,0
2026-06-16 13:44:00,0.3947596088397703,0
2026-06-16 13:45:00,0.41384005477106933,0
2026-06-16 13:46:00,0.3030366664835058,0
2026-06-16 13:47:00,0.3418704219657345,0
2026-06-16 13:48:00,0.33105193867116056,0
2026-06-16 13:49:00,0.3598931427495823,0
2026-06-16 13:50:00,0.37435203274691103,0
2026-06-16 13:51:00,0.39678135310443846,0
2026-06-16 13:52:00,0.4165767773993726,0
2026-06-16 13:53:00,0.43270425376858956,1
2026-06-16 13:54:00,0.40811985294497877,1
2026-06-16 13:55:00,0.3668574116883727,0
2026-06-16 13:56:00,0.41922692433530606,1
2026-06-16 13:57:00,0.4018299084980298,1
2026-06-16 13:58:00,0.3987913749698286,0
2026-06-16 13:59:00,0.43778688906055185,1
2026-06-16 14:00:00,0.4002736557909587,1
2026-06-16 14:01:00,0.4341801070336547,1
2026-06-16 14:02:00,0.397451639249389,1
2026-06-16 14:03:00,0.3913266090101835,1
2026-06-16 14:04:00,0.32801714421595574,1
2026-06-16 14:05:00,0.34089138499569455,1
2026-06-16 14:06:00,0.3202139007593608,1
2026-06-16 14:07:00,0.26925074302194096,1
2026-06-16 14:08:00,0.28010257708623487,1
2026-06-16 14:09:00,0.25916428390539215,0
2026-06-16 14:10:00,0.34621141581249987,0
2026-06-16 14:11:00,0.33807666253983376,0
2026-06-16 14:12:00,0.36546732901559675,0
2026-06-16 14:13:00,0.43022463246968484,1
2026-06-16 14:14:00,0.4224975222934447,1
2026-06-16 14:15:00,0.5228977106605911,1
2026-06-16 14:16:00,0.4387315069224896,0
2026-06-16 14:17:00,0.4101435315517923,0
2026-06-16 14:18:00,0.3552700747624418,0
2026-06-16 14:19:00,0.35261745503464254,0
2026-06-16 14:20:00,0.3164099400045125,0
2026-06-16 14:21:00,0.3450449118245078,0
2026-06-16 14:22:00,0.2633623312093705,0
2026-06-16 14:23:00,0.2906808862132678,0
2026-06-16 14:24:00,0.2712569253221442,0
2026-06-16 14:25:00,0.36839256744969845,0
2026-06-16 14:26:00,0.2653429185236456,0
2026-06-16 14:27:00,0.41420566369343675,0
2026-06-16 14:28:00,0.3848903283313891,0
2026-06-16 14:29:00,0.385976946408962,0
2026-06-16 14:30:00,0.3606212145275165,0
2026-06-16 14:31:00,0.39023329264316176,0
2026-06-16 14:32:00,0.36781206181877185,0
2026-06-16 14:33:00,0.3685582102928072,0
2026-06-16 14:34:00,0.3463431005895252,0
2026-06-16 14:35:00,0.44272915923460077,0
2026-06-16 14:36:00,0.4603361120835462,0
2026-06-16 14:37:00,0.4408722141649127,0
2026-06-16 14:38:00,0.352787337903316,0
2026-06-16 14:39:00,0.4284165388516542,0
2026-06-16 14:40:00,0.41059638065462073,0
2026-06-16 14:41:00,0.475892002151458,0
2026-06-16 14:42:00,0.3586618503438973,0
2026-06-16 14:43:00,0.45743176478321723,0
2026-06-16 14:44:00,0.485003574858932,1
2026-06-16 14:45:00,0.5153308717395951,1
2026-06-16 14:46:00,0.4666248053765862,1
2026-06-16 14:47:00,0.4356447603512858,0
2026-06-16 14:48:00,0.41901316228956315,0
2026-06-16 14:49:00,0.4768460168406459,1
2026-06-16 14:50:00,0.4452161513163405,1
2026-06-16 14:51:00,0.5103580067374835,1
2026-06-16 14:52:00,0.4867268121112683,1
2026-06-16 14:53:00,0.5075318700409063,1
2026-06-16 14:54:00,0.49027033493583394,1
2026-06-16 14:55:00,0.48017380374971563,1
2026-06-16 14:56:00,0.4054801028789389,1
2026-06-16 14:57:00,0.45923050035592006,1
2026-06-16 14:58:00,0.43604364286849345,1
2026-06-16 14:59:00,0.4615829512734651,0
2026-06-16 15:00:00,0.46012018144153044,0
2026-06-17 09:30:00,0.45495983428522685,0
2026-06-17 09:31:00,0.4546106513610368,0
2026-06-17 09:32:00,0.4855757845290456,0
2026-06-17 09:33:00,0.48153782235128556,0
2026-06-17 09:34:00,0.4535419121516979,0
2026-06-17 09:35:00,0.5277540456219815,0
2026-06-17 09:36:00,0.482328055195859,0
2026-06-17 09:37:00,0.5632689593935534,0
2026-06-17 09:38:00,0.4548970633637117,0
2026-06-17 09:39:00,0.5689514100273803,0
2026-06-17 09:40:00,0.4892145770106689,0
2026-06-17 09:41:00,0.524547316534594,0
2026-06-17 09:42:00,0.4488436572126614,0
2026-06-17 09:43:00,0.43079974182179176,1
2026-06-17 09:44:00,0.43318310853605035,0
2026-06-17 09:45:00,0.4502132899012427,1
2026-06-17 09:46:00,0.47334360152981114,1
2026-06-17 09:47:00,0.4668132630353826,1
2026-06-17 09:48:00,0.446703461531036,1
2026-06-17 09:49:00,0.44666105398836936,1
2026-06-17 09:50:00,0.501559724997334,1
2026-06-17 09:51:00,0.4526122783545056,1
2026-06-17 09:52:00,0.38132611697361485,1
2026-06-17 09:53:00,0.4157429122747084,1
2026-06-17 09:54:00,0.3940726020005852,1
2026-06-17 09:55:00,0.4391969554026488,1
2026-06-17 09:56:00,0.42169459657129715,1
2026-06-17 09:57:00,0.4097345241676598,1
2026-06-17 09:58:00,0.3759100415440781,1
2026-06-17 09:59:00,0.4906659880115697,1
2026-06-17 10:00:00,0.3729844131660414,1
2026-06-17 10:01:00,0.5243614132755079,1
2026-06-17 10:02:00,0.38108995639044874,1
2026-06-17 10:03:00,0.47041685372919995,1
2026-06-17 10:04:00,0.4934515788169901,1
2026-06-17 10:05:00,0.45031750337687654,0
2026-06-17 10:06:00,0.5061170640163398,0
2026-06-17 10:07:00,0.4445783384347085,0
2026-06-17 10:08:00,0.43584841584455003,0
2026-06-17 10:09:00,0.4775233074543294,0
2026-06-17 10:10:00,0.5273985267148696,0
2026-06-17 10:11:00,0.48445322021260306,0
2026-06-17 10:12:00,0.4483798091494237,0
2026-06-17 10:13:00,0.5451408678397385,0
2026-06-17 10:14:00,0.5088330278910899,0
2026-06-17 10:15:00,0.4873257390495903,0
2026-06-17 10:16:00,0.47710578887239086,0
2026-06-17 10:17:00,0.5384859200173129,0
2026-06-17 10:18:00,0.47248443723081485,0
2026-06-17 10:19:00,0.49194596952943154,0
2026-06-17 10:20:00,0.46392677095351054,1
2026-06-17 10:21:00,0.41318746236532095,1
2026-06-17 10:22:00,0.47804939258963236,1
2026-06-17 10:23:00,0.4544542398096518,1
2026-06-17 10:24:00,0.4311206617831681,0
2026-06-17 10:25:00,0.40914247238784524,0
2026-06-17 10:26:00,0.3605021532196687,0
2026-06-17 10:27:00,0.4100408579948476,1
2026-06-17 10:28:00,0.3988009444491961,1
2026-06-17 10:29:00,0.3503151597653499,0
2026-06-17 10:30:00,0.3985877515030799,0
2026-06-17 10:31:00,0.3744734874417575,0
2026-06-17 10:32:00,0.4008412885219581,0
2026-06-17 10:33:00,0.3469394661572836,0
2026-06-17 10:34:00,0.4017876432519131,0
2026-06-17 10:35:00,0.34411080088867424,0
2026-06-17 10:36:00,0.4525357980738226,0
2026-06-17 10:37:00,0.3790114833510371,0
2026-06-17 10:38:00,0.36863144081187477,0
2026-06-17 10:39:00,0.4225601026025408,0
2026-06-17 10:40:00,0.49209767559286505,0
2026-06-17 10:41:00,0.39859776660775015,0
2026-06-17 10:42:00,0.39097621485240064,0
2026-06-17 10:43:00,0.43024568147420594,0
2026-06-17 10:44:00,0.39456766072716887,0
2026-06-17 10:45:00,0.4484010288812161,0
2026-06-17 10:46:00,0.36247513107907026,0
2026-06-17 10:47:00,0.3910773382234478,0
2026-06-17 10:48:00,0.4420694461687996,0
2026-06-17 10:49:00,0.43784992720556015,0
2026-06-17 10:50:00,0.3363616676860032,0
2026-06-17 10:51:00,0.40383838483778656,0
2026-06-17 10:52:00,0.3871222210938951,0
2026-06-17 10:53:00,0.42969642155485854,0
2026-06-17 10:54:00,0.5123018193966474,1
2026-06-17 10:55:00,0.5437950092442893,0
2026-06-17 10:56:00,0.40824706280000983,0
2026-06-17 10:57:00,0.47480183295884576,1
2026-06-17 10:58:00,0.39428164923236597,0
2026-06-17 10:59:00,0.3302375256015383,0
2026-06-17 11:00:00,0.30972357252527777,0
2026-06-17 11:01:00,0.36852237151951034,0
2026-06-17 11:02:00,0.3701415545807507,0
2026-06-17 11:03:00,0.34988322540008376,0
2026-06-17 11:04:00,0.406481950000385,0
2026-06-17 11:05:00,0.32606555971775175,0
2026-06-17 11:06:00,0.4414462937748425,0
2026-06-17 11:07:00,0.40146769704557816,0
2026-06-17 11:08:00,0.4476925417524552,0
2026-06-17 11:09:00,0.358550407584586,0
2026-06-17 11:10:00,0.4156294373008797,0
2026-06-17 11:11:00,0.4226429274803568,0
2026-06-17 11:12:00,0.3552837959345563,0
2026-06-17 11:13:00,0.37272696908307096,0
2026-06-17 11:14:00,0.38146711242561354,0
2026-06-17 11:15:00,0.36543729938491104,0
2026-06-17 11:16:00,0.40872271242371283,0
2026-06-17 11:17:00,0.43334147625027836,0
2026-06-17 11:18:00,0.401507901724305,0
2026-06-17 11:19:00,0.4383751760707873,0
2026-06-17 11:20:00,0.5030649610860505,0
2026-06-17 11:21:00,0.5371752775887381,0
2026-06-17 11:22:00,0.4671545126823205,0
2026-06-17 11:23:00,0.4267915765424911,0
2026-06-17 11:24:00,0.40925636090027273,0
2026-06-17 11:25:00,0.41659788283675636,0
2026-06-17 11:26:00,0.3526564683032241,0
2026-06-17 11:27:00,0.33822297402548485,0
2026-06-17 11:28:00,0.4079727156712665,0
2026-06-17 11:29:00,0.4049093278715314,0
2026-06-17 11:30:00,0.42122811051132614,0
2026-06-17 13:01:00,0.4692895481586589,0
2026-06-17 13:02:00,0.513594940655558,1
2026-06-17 13:03:00,0.45723199043489393,1
2026-06-17 13:04:00,0.3777264128280075,1
2026-06-17 13:05:00,0.42407885238830867,1
2026-06-17 13:06:00,0.4769128342268971,1
2026-06-17 13:07:00,0.5258651956027872,1
2026-06-17 13:08:00,0.49761506697719166,1
2026-06-17 13:09:00,0.513364661306648,1
2026-06-17 13:10:00,0.39980771036146473,1
2026-06-17 13:11:00,0.34356291602517225,1
2026-06-17 13:12:00,0.41816431791778746,1
2026-06-17 13:13:00,0.3579595319988129,1
2026-06-17 13:14:00,0.35428785299017973,1
2026-06-17 13:15:00,0.42225936238245915,1
2026-06-17 13:16:00,0.4172356402200077,1
2026-06-17 13:17:00,0.44850299735255467,1
2026-06-17 13:18:00,0.38609173397306934,1
2026-06-17 13:19:00,0.4460208247152651,1
2026-06-17 13:20:00,0.4345309198935774,1
2026-06-17 13:21:00,0.46535015256933976,1
2026-06-17 13:22:00,0.44105284705395487,1
2026-06-17 13:23:00,0.4274687259380327,0
2026-06-17 13:24:00,0.46151735943095373,1
2026-06-17 13:25:00,0.43205771301042156,1
2026-06-17 13:26:00,0.429242659048553,0
2026-06-17 13:27:00,0.41714991801215795,0
2026-06-17 13:28:00,0.4103410039663825,0
2026-06-17 13:29:00,0.4254401330983262,0
2026-06-17 13:30:00,0.4068674234121358,0
2026-06-17 13:31:00,0.4084410814412995,0
2026-06-17 13:32:00,0.37826243629037126,0
2026-06-17 13:33:00,0.4402912123090416,0
2026-06-17 13:34:00,0.4021077667596337,0
2026-06-17 13:35:00,0.38814250730273697,0
2026-06-17 13:36:00,0.3858729238158208,0
2026-06-17 13:37:00,0.46158272490877167,0
2026-06-17 13:38:00,0.4199759068116717,0
2026-06-17 13:39:00,0.38896912581402016,0
2026-06-17 13:40:00,0.4639036600456046,0
2026-06-17 13:41:00,0.41578967025266705,0
2026-06-17 13:42:00,0.4671997368467697,0
2026-06-17 13:43:00,0.5216435249284836,0
2026-06-17 13:44:00,0.4213484614941001,0
2026-06-17 13:45:00,0.4457562143806981,0
2026-06-17 13:46:00,0.5292393774098288,1
2026-06-17 13:47:00,0.5040613094705984,0
2026-06-17 13:48:00,0.46841580548700895,0
2026-06-17 13:49:00,0.38863237702957265,0
2026-06-17 13:50:00,0.38128927747006885,0
2026-06-17 13:51:00,0.35554976190138055,0
2026-06-17 13:52:00,0.34945485014180444,0
2026-06-17 13:53:00,0.4095835137385816,0
2026-06-17 13:54:00,0.49186333695359225,1
2026-06-17 13:55:00,0.3844541509982298,1
2026-06-17 13:56:00,0.3598786609214081,0
2026-06-17 13:57:00,0.310305793244771,0
2026-06-17 13:58:00,0.27351650584966497,0
2026-06-17 13:59:00,0.31515844890831335,0
2026-06-17 14:00:00,0.2501191009645756,0
2026-06-17 14:01:00,0.25058509233872095,0
2026-06-17 14:02:00,0.29932648529034256,0
2026-06-17 14:03:00,0.30437807231124175,0
2026-06-17 14:04:00,0.32181215147283143,0
2026-06-17 14:05:00,0.3261643622125476,0
2026-06-17 14:06:00,0.3085410732071297,0
2026-06-17 14:07:00,0.26644336629956294,0
2026-06-17 14:08:00,0.26436540458732866,0
2026-06-17 14:09:00,0.24293123007990275,0
2026-06-17 14:10:00,0.25645942075101713,0
2026-06-17 14:11:00,0.29920497264857354,0
2026-06-17 14:12:00,0.41093493928353947,0
2026-06-17 14:13:00,0.36064105312929795,0
2026-06-17 14:14:00,0.3663319576817677,0
2026-06-17 14:15:00,0.3134723383366525,0
2026-06-17 14:16:00,0.3488577480515005,0
2026-06-17 14:17:00,0.37633070287272663,0
2026-06-17 14:18:00,0.3217843468413157,0
2026-06-17 14:19:00,0.27475764188138585,0
2026-06-17 14:20:00,0.27813791796255166,0
2026-06-17 14:21:00,0.3309045097010138,0
2026-06-17 14:22:00,0.3571151826818177,1
2026-06-17 14:23:00,0.41579594468564524,1
2026-06-17 14:24:00,0.34713162903625056,1
2026-06-17 14:25:00,0.39386225742320485,1
2026-06-17 14:26:00,0.34617712900236697,1
2026-06-17 14:27:00,0.38662249149349126,1
2026-06-17 14:28:00,0.41027362594026406,1
2026-06-17 14:29:00,0.36846826235966973,1
2026-06-17 14:30:00,0.3043129816655893,1
2026-06-17 14:31:00,0.29750708870124615,1
2026-06-17 14:32:00,0.24292201748583286,1
2026-06-17 14:33:00,0.21692958104057924,0
2026-06-17 14:34:00,0.32038872679182206,1
2026-06-17 14:35:00,0.36252127122242966,1
2026-06-17 14:36:00,0.3573220256662614,1
2026-06-17 14:37:00,0.2734171610850568,0
2026-06-17 14:38:00,0.31634779130935137,0
2026-06-17 14:39:00,0.2955430010050772,0
2026-06-17 14:40:00,0.3899136686367399,0
2026-06-17 14:41:00,0.40415047911950713,0
2026-06-17 14:42:00,0.4620878643712884,0
2026-06-17 14:43:00,0.5074241283112039,0
2026-06-17 14:44:00,0.45185688276340835,0
2026-06-17 14:45:00,0.3453756680676983,0
2026-06-17 14:46:00,0.3488787348640068,0
2026-06-17 14:47:00,0.41561688444382144,0
2026-06-17 14:48:00,0.45896642830677536,0
2026-06-17 14:49:00,0.41406257099581034,0
2026-06-17 14:50:00,0.38476666569793144,0
2026-06-17 14:51:00,0.4483947243170665,0
2026-06-17 14:52:00,0.41740353604088465,0
2026-06-17 14:53:00,0.47392169843928217,0
2026-06-17 14:54:00,0.4818978999508338,0
2026-06-17 14:55:00,0.4936786263572646,0
2026-06-17 14:56:00,0.489269805946501,0
2026-06-17 14:57:00,0.5189484185744594,0
2026-06-17 14:58:00,0.5374230259819346,0
2026-06-17 14:59:00,0.563307529186523,0
2026-06-17 15:00:00,0.477041874280173,0
2026-06-18 09:30:00,0.4303271021708681,0
2026-06-18 09:31:00,0.535161333822243,0
2026-06-18 09:32:00,0.546408232965821,1
2026-06-18 09:33:00,0.5535048622701754,1
2026-06-18 09:34:00,0.5225841808051898,0
2026-06-18 09:35:00,0.5103079097469077,1
2026-06-18 09:36:00,0.5342478804850497,1
2026-06-18 09:37:00,0.5603900915694795,1
2026-06-18 09:38:00,0.5691194456681985,1
2026-06-18 09:39:00,0.5269963034994011,1
2026-06-18 09:40:00,0.5415994243521274,1
2026-06-18 09:41:00,0.4121565509349899,1
2026-06-18 09:42:00,0.4715835208297355,1
2026-06-18 09:43:00,0.5122305440308216,1
2026-06-18 09:44:00,0.43397818812293776,1
2026-06-18 09:45:00,0.4606146497578361,1
2026-06-18 09:46:00,0.46756343900422814,0
2026-06-18 09:47:00,0.41682233292454496,0
2026-06-18 09:48:00,0.46224417595902406,0
2026-06-18 09:49:00,0.5552484683776512,1
2026-06-18 09:50:00,0.5387594914127516,1
2026-06-18 09:51:00,0.5249780039378148,0
2026-06-18 09:52:00,0.40125201045208936,0
2026-06-18 09:53:00,0.4614461464546038,0
2026-06-18 09:54:00,0.44320344804723455,0
2026-06-18 09:55:00,0.47893672270467624,0
2026-06-18 09:56:00,0.5387254067521754,0
2026-06-18 09:57:00,0.5099439103004144,0
2026-06-18 09:58:00,0.513588749118618,0
2026-06-18 09:59:00,0.38285355892228795,0
2026-06-18 10:00:00,0.4389514474960194,0
2026-06-18 10:01:00,0.4906839954629264,1
2026-06-18 10:02:00,0.4980100699920825,1
2026-06-18 10:03:00,0.5177565063706905,0
2026-06-18 10:04:00,0.5311687372918192,0
2026-06-18 10:05:00,0.5268829854685203,1
2026-06-18 10:06:00,0.533066214460022,1
2026-06-18 10:07:00,0.5410970455058541,1
2026-06-18 10:08:00,0.4899214541953246,1
2026-06-18 10:09:00,0.5125635645237556,1
2026-06-18 10:10:00,0.48182978408529725,1
2026-06-18 10:11:00,0.4578463203434672,1
2026-06-18 10:12:00,0.48128073347580236,1
2026-06-18 10:13:00,0.44637823043350994,1
2026-06-18 10:14:00,0.49573901254011765,1
2026-06-18 10:15:00,0.3199002782879513,1
2026-06-18 10:16:00,0.3528268709860329,1
2026-06-18 10:17:00,0.45350793329296224,1
2026-06-18 10:18:00,0.5110420281817707,1
2026-06-18 10:19:00,0.5387779176692836,1
2026-06-18 10:20:00,0.5257565252772874,1
2026-06-18 10:21:00,0.4515371932410173,0
2026-06-18 10:22:00,0.42296122009651255,0
2026-06-18 10:23:00,0.3657429718933327,0
2026-06-18 10:24:00,0.46413214035997175,0
2026-06-18 10:25:00,0.45417128089023634,0
2026-06-18 10:26:00,0.3503669158799951,0
2026-06-18 10:27:00,0.434689873922163,0
2026-06-18 10:28:00,0.40319049927125244,0
2026-06-18 10:29:00,0.4089203486506832,0
2026-06-18 10:30:00,0.34590539740434584,0
2026-06-18 10:31:00,0.46139087581441557,0
2026-06-18 10:32:00,0.4679109122109817,0
2026-06-18 10:33:00,0.4715971556379395,0
2026-06-18 10:34:00,0.4599538633085542,0
2026-06-18 10:35:00,0.4689235908449442,0
2026-06-18 10:36:00,0.501465822962857,0
2026-06-18 10:37:00,0.46772080065895877,0
2026-06-18 10:38:00,0.5053610542206274,0
2026-06-18 10:39:00,0.5360760188841486,0
2026-06-18 10:40:00,0.5200007111444717,1
2026-06-18 10:41:00,0.5879099904997265,1
2026-06-18 10:42:00,0.5446329710973636,0
2026-06-18 10:43:00,0.45612833903139793,0
2026-06-18 10:44:00,0.4526399614893022,0
2026-06-18 10:45:00,0.42567576590536904,0
2026-06-18 10:46:00,0.4300697599766622,0
2026-06-18 10:47:00,0.4154095961964549,0
2026-06-18 10:48:00,0.4989460906443053,0
2026-06-18 10:49:00,0.4982924020793258,0
2026-06-18 10:50:00,0.5595024535294728,0
2026-06-18 10:51:00,0.482184294155761,0
2026-06-18 10:52:00,0.43656994106525404,0
2026-06-18 10:53:00,0.4897492538583641,0
2026-06-18 10:54:00,0.4899255365330488,0
2026-06-18 10:55:00,0.4083321288716317,0
2026-06-18 10:56:00,0.45869273079283945,1
2026-06-18 10:57:00,0.4545854068828958,1
2026-06-18 10:58:00,0.43713802454613615,0
2026-06-18 10:59:00,0.4330456203070785,0
2026-06-18 11:00:00,0.4419364261615986,0
2026-06-18 11:01:00,0.5103507774287974,1
2026-06-18 11:02:00,0.4050022496258115,1
2026-06-18 11:03:00,0.5255963513263637,1
2026-06-18 11:04:00,0.4180583400034781,0
2026-06-18 11:05:00,0.359220009952132,0
2026-06-18 11:06:00,0.3602959688942833,0
2026-06-18 11:07:00,0.348104795524729,0
2026-06-18 11:08:00,0.38670303911123033,1
2026-06-18 11:09:00,0.371247430333513,0
2026-06-18 11:10:00,0.347624099786888,0
2026-06-18 11:11:00,0.44276541018739163,0
2026-06-18 11:12:00,0.4600404814633027,0
2026-06-18 11:13:00,0.3793187067895426,0
2026-06-18 11:14:00,0.44431685190205455,1
2026-06-18 11:15:00,0.4264093622759395,1
2026-06-18 11:16:00,0.43078343464140567,0
2026-06-18 11:17:00,0.3976480962157865,1
2026-06-18 11:18:00,0.4244901396281088,1
2026-06-18 11:19:00,0.4675632854347438,1
2026-06-18 11:20:00,0.3895039241460894,1
2026-06-18 11:21:00,0.3886869251455551,1
2026-06-18 11:22:00,0.35397900939088317,1
2026-06-18 11:23:00,0.33355779187767254,1
2026-06-18 11:24:00,0.39969436412096765,1
2026-06-18 11:25:00,0.3219974794129801,1
2026-06-18 11:26:00,0.3794163561593461,1
2026-06-18 11:27:00,0.43418717729053724,1
2026-06-18 11:28:00,0.37590729368942793,1
2026-06-18 11:29:00,0.3920880834744953,1
2026-06-18 11:30:00,0.37996903344209637,1
2026-06-18 13:01:00,0.41349070287062617,1
2026-06-18 13:02:00,0.35160846995238204,0
2026-06-18 13:03:00,0.3744650440523569,0
2026-06-18 13:04:00,0.3934230433235087,0
2026-06-18 13:05:00,0.3997114091620138,0
2026-06-18 13:06:00,0.3842351535898941,1
2026-06-18 13:07:00,0.4202679536695282,1
2026-06-18 13:08:00,0.46942329688667567,1
2026-06-18 13:09:00,0.4097393856627008,1
2026-06-18 13:10:00,0.40844814537027746,1
2026-06-18 13:11:00,0.39486386544176016,1
2026-06-18 13:12:00,0.42813338582491056,1
2026-06-18 13:13:00,0.4105973701437869,1
2026-06-18 13:14:00,0.442553046263441,1
2026-06-18 13:15:00,0.4582814435582609,1
2026-06-18 13:16:00,0.3968467357203418,1
2026-06-18 13:17:00,0.3567816750124027,1
2026-06-18 13:18:00,0.32300547625986414,0
2026-06-18 13:19:00,0.43892747257870185,0
2026-06-18 13:20:00,0.37251134265518254,1
2026-06-18 13:21:00,0.33123626939796874,0
2026-06-18 13:22:00,0.36545456205124743,0
2026-06-18 13:23:00,0.37828034798689003,0
2026-06-18 13:24:00,0.34170264281824064,0
2026-06-18 13:25:00,0.36934559291213676,0
2026-06-18 13:26:00,0.4366563606145306,0
2026-06-18 13:27:00,0.39080954151738523,0
2026-06-18 13:28:00,0.33574735997749316,0
2026-06-18 13:29:00,0.426030556817503,0
2026-06-18 13:30:00,0.3805587153034207,0
2026-06-18 13:31:00,0.40332508330819855,0
2026-06-18 13:32:00,0.454230989160373,0
2026-06-18 13:33:00,0.47834871616409635,0
2026-06-18 13:34:00,0.41794016637801207,0
2026-06-18 13:35:00,0.31136680663553107,0
2026-06-18 13:36:00,0.4354091299220576,0
2026-06-18 13:37:00,0.2789680539124823,0
2026-06-18 13:38:00,0.44391747598487963,0
2026-06-18 13:39:00,0.44685059360633633,0
2026-06-18 13:40:00,0.41940695301690895,0
2026-06-18 13:41:00,0.4530546131983157,0
2026-06-18 13:42:00,0.41958498486280627,0
2026-06-18 13:43:00,0.3963415647224685,0
2026-06-18 13:44:00,0.30830117069915236,0
2026-06-18 13:45:00,0.4611973765900383,1
2026-06-18 13:46:00,0.4074694385854767,1
2026-06-18 13:47:00,0.43642846518897493,1
2026-06-18 13:48:00,0.41621539768360327,1
2026-06-18 13:49:00,0.4078682810556132,1
2026-06-18 13:50:00,0.49891587115560426,1
2026-06-18 13:51:00,0.4297417122640058,1
2026-06-18 13:52:00,0.4485202596298951,1
2026-06-18 13:53:00,0.3603884367678974,1
2026-06-18 13:54:00,0.36038839285074104,0
2026-06-18 13:55:00,0.275674836429061,0
2026-06-18 13:56:00,0.30373564848116663,0
2026-06-18 13:57:00,0.3016764229063759,0
2026-06-18 13:58:00,0.4082491254575569,0
2026-06-18 13:59:00,0.32906732666027394,0
2026-06-18 14:00:00,0.36022690376863203,0
2026-06-18 14:01:00,0.2846584532689898,0
2026-06-18 14:02:00,0.35272054014236326,0
2026-06-18 14:03:00,0.2563539710655079,0
2026-06-18 14:04:00,0.45378892765303896,0
2026-06-18 14:05:00,0.4582222520535387,0
2026-06-18 14:06:00,0.44306385680362503,1
2026-06-18 14:07:00,0.37714441547308436,1
2026-06-18 14:08:00,0.4002484108377486,0
2026-06-18 14:09:00,0.41737382492681885,1
2026-06-18 14:10:00,0.4262271559448377,1
2026-06-18 14:11:00,0.3928060576824857,1
2026-06-18 14:12:00,0.34759262682712766,1
2026-06-18 14:13:00,0.3464058629254197,0
2026-06-18 14:14:00,0.3468386761601798,0
2026-06-18 14:15:00,0.33267323478687183,0
2026-06-18 14:16:00,0.35203148588551,1
2026-06-18 14:17:00,0.3862156629259721,1
2026-06-18 14:18:00,0.32715257572688045,1
2026-06-18 14:19:00,0.30139645645994045,1
2026-06-18 14:20:00,0.27941913891356307,1
2026-06-18 14:21:00,0.2664811660941424,1
2026-06-18 14:22:00,0.301118941286008,1
2026-06-18 14:23:00,0.3694098445278099,1
2026-06-18 14:24:00,0.4540320873159212,0
2026-06-18 14:25:00,0.45146596380333953,1
2026-06-18 14:26:00,0.3582948625288574,0
2026-06-18 14:27:00,0.32727115370525667,1
2026-06-18 14:28:00,0.36123343629273613,1
2026-06-18 14:29:00,0.36069636705831387,1
2026-06-18 14:30:00,0.37479486289443226,1
2026-06-18 14:31:00,0.3244580865777372,1
2026-06-18 14:32:00,0.3257398176019832,0
2026-06-18 14:33:00,0.29902076322529664,0
2026-06-18 14:34:00,0.3140247536269312,0
2026-06-18 14:35:00,0.3519098239499858,0
2026-06-18 14:36:00,0.4391023378227646,0
2026-06-18 14:37:00,0.4260263722175593,0
2026-06-18 14:38:00,0.42810626376152067,0
2026-06-18 14:39:00,0.4451041467305002,0
2026-06-18 14:40:00,0.41648410945081754,0
2026-06-18 14:41:00,0.500641047839203,1
2026-06-18 14:42:00,0.4463025581371701,0
2026-06-18 14:43:00,0.4574646607912212,0
2026-06-18 14:44:00,0.46179063442939605,0
2026-06-18 14:45:00,0.47110049364553064,0
2026-06-18 14:46:00,0.362722031413918,0
2026-06-18 14:47:00,0.4707131097640291,0
2026-06-18 14:48:00,0.5042200788550649,1
2026-06-18 14:49:00,0.4445723953373433,0
2026-06-18 14:50:00,0.4623057906686612,0
2026-06-18 14:51:00,0.4416630258596596,0
2026-06-18 14:52:00,0.47927964304449727,0
2026-06-18 14:53:00,0.5085075513488667,0
2026-06-18 14:54:00,0.546118002707497,0
2026-06-18 14:55:00,0.5162790724958471,0
2026-06-18 14:56:00,0.4619546772189032,0
2026-06-18 14:57:00,0.4883913696649303,0
2026-06-18 14:58:00,0.48357772169910485,0
2026-06-18 14:59:00,0.4709178275567803,0
2026-06-18 15:00:00,0.5047700720881986,0
2026-06-22 09:30:00,0.5383232757439776,0
2026-06-22 09:31:00,0.5061741994905354,0
2026-06-22 09:32:00,0.4814657887002692,0
2026-06-22 09:33:00,0.5301386977382118,0
2026-06-22 09:34:00,0.4932288327973678,0
2026-06-22 09:35:00,0.5344499183728268,0
2026-06-22 09:36:00,0.4689333954225434,0
2026-06-22 09:37:00,0.4983557174557801,1
2026-06-22 09:38:00,0.49970120895918335,0
2026-06-22 09:39:00,0.4455688526913638,1
2026-06-22 09:40:00,0.4182362170819681,1
2026-06-22 09:41:00,0.4602528205164993,1
2026-06-22 09:42:00,0.41568253623815077,1
2026-06-22 09:43:00,0.4747057585614759,1
2026-06-22 09:44:00,0.46243079085228506,1
2026-06-22 09:45:00,0.47731192160206437,1
2026-06-22 09:46:00,0.5154771027280407,1
2026-06-22 09:47:00,0.5321626721144149,1
2026-06-22 09:48:00,0.44537755603581036,1
2026-06-22 09:49:00,0.39639961884656116,1
2026-06-22 09:50:00,0.39828536688310057,1
2026-06-22 09:51:00,0.4487237348404483,0
2026-06-22 09:52:00,0.3957060280697589,0
2026-06-22 09:53:00,0.44768265979162275,0
2026-06-22 09:54:00,0.39068980371616224,0
2026-06-22 09:55:00,0.551156504822409,0
2026-06-22 09:56:00,0.3604809182962404,0
2026-06-22 09:57:00,0.4945318603169727,0
2026-06-22 09:58:00,0.5251454192229404,0
2026-06-22 09:59:00,0.6108801500498285,0
2026-06-22 10:00:00,0.502167384744991,0
2026-06-22 10:01:00,0.44202480143505896,0
2026-06-22 10:02:00,0.48584742646515444,0
2026-06-22 10:03:00,0.46387607648147294,0
2026-06-22 10:04:00,0.5090909286076695,0
2026-06-22 10:05:00,0.568333362358795,0
2026-06-22 10:06:00,0.43856977066305103,0
2026-06-22 10:07:00,0.47704636063367706,0
2026-06-22 10:08:00,0.5470921314822138,0
2026-06-22 10:09:00,0.5199193691755297,0
2026-06-22 10:10:00,0.49961657412937127,1
2026-06-22 10:11:00,0.5182933635834973,1
2026-06-22 10:12:00,0.4927177925635271,1
2026-06-22 10:13:00,0.5441459505312257,1
2026-06-22 10:14:00,0.5339800743074129,1
2026-06-22 10:15:00,0.503083557515213,0
2026-06-22 10:16:00,0.3758303016445859,0
2026-06-22 10:17:00,0.43179971661936706,0
2026-06-22 10:18:00,0.4164192678774469,1
2026-06-22 10:19:00,0.3901914179415161,0
2026-06-22 10:20:00,0.35457487948814553,0
2026-06-22 10:21:00,0.4288839275454986,0
2026-06-22 10:22:00,0.4249183150901239,0
2026-06-22 10:23:00,0.41964262608451897,0
2026-06-22 10:24:00,0.40690442665675786,0
2026-06-22 10:25:00,0.3895443658651559,0
2026-06-22 10:26:00,0.3949561719651587,1
2026-06-22 10:27:00,0.41924420818295577,1
2026-06-22 10:28:00,0.36429078543963295,1
2026-06-22 10:29:00,0.442236174272163,1
2026-06-22 10:30:00,0.44523434422129615,1
2026-06-22 10:31:00,0.4669419890872609,1
2026-06-22 10:32:00,0.46988977646530544,1
2026-06-22 10:33:00,0.4041233038881094,1
2026-06-22 10:34:00,0.3771101093007356,1
2026-06-22 10:35:00,0.4097446020870934,1
2026-06-22 10:36:00,0.3104335690667218,1
2026-06-22 10:37:00,0.3554847191956462,1
2026-06-22 10:38:00,0.38401610054324187,1
2026-06-22 10:39:00,0.4351235069436537,1
2026-06-22 10:40:00,0.39250989718886875,1
2026-06-22 10:41:00,0.43216238336689494,0
2026-06-22 10:42:00,0.46565777148090215,0
2026-06-22 10:43:00,0.43876937533959487,0
2026-06-22 10:44:00,0.4435846557226855,0
2026-06-22 10:45:00,0.4486194534835054,0
2026-06-22 10:46:00,0.4796940564924549,0
2026-06-22 10:47:00,0.4841242636071707,0
2026-06-22 10:48:00,0.44775091812265716,1
2026-06-22 10:49:00,0.4047383309101227,0
2026-06-22 10:50:00,0.49575590738795927,0
2026-06-22 10:51:00,0.4103511385360291,0
2026-06-22 10:52:00,0.4441295459980797,0
2026-06-22 10:53:00,0.43700622202828165,0
2026-06-22 10:54:00,0.4291070840359111,0
2026-06-22 10:55:00,0.48516189557240186,1
2026-06-22 10:56:00,0.39892176951284963,1
2026-06-22 10:57:00,0.5206295078442171,1
2026-06-22 10:58:00,0.3787137020780241,1
2026-06-22 10:59:00,0.382972205411878,1
2026-06-22 11:00:00,0.29638399399966353,1
2026-06-22 11:01:00,0.32057678806536943,1
2026-06-22 11:02:00,0.3164067922861578,1
2026-06-22 11:03:00,0.335441089289181,1
2026-06-22 11:04:00,0.4091044447364117,1
2026-06-22 11:05:00,0.4188401582358566,1
2026-06-22 11:06:00,0.4474243491017938,1
2026-06-22 11:07:00,0.40887971809683815,1
2026-06-22 11:08:00,0.41082065657411715,0
2026-06-22 11:09:00,0.39199616252747727,0
2026-06-22 11:10:00,0.3248959653616637,0
2026-06-22 11:11:00,0.4102238795172194,0
2026-06-22 11:12:00,0.40612889694797644,0
2026-06-22 11:13:00,0.42981869518559296,0
2026-06-22 11:14:00,0.3576702619297632,0
2026-06-22 11:15:00,0.4528550794896439,0
2026-06-22 11:16:00,0.3806703594217653,1
2026-06-22 11:17:00,0.4466917067483734,1
2026-06-22 11:18:00,0.4349809742898904,1
2026-06-22 11:19:00,0.415274634731026,1
2026-06-22 11:20:00,0.458312117315003,1
2026-06-22 11:21:00,0.471357551146329,1
2026-06-22 11:22:00,0.3829483133978253,1
2026-06-22 11:23:00,0.43264994243832294,1
2026-06-22 11:24:00,0.44461417059830244,1
2026-06-22 11:25:00,0.46633209602070513,1
2026-06-22 11:26:00,0.4114646557002345,1
2026-06-22 11:27:00,0.3998218818480876,1
2026-06-22 11:28:00,0.38157320334646794,1
2026-06-22 11:29:00,0.34736121033604606,1
2026-06-22 11:30:00,0.340683497002205,1
2026-06-22 13:01:00,0.34756105954370586,1
2026-06-22 13:02:00,0.3836316339581275,1
2026-06-22 13:03:00,0.36255285136195337,1
2026-06-22 13:04:00,0.4315359326877506,1
2026-06-22 13:05:00,0.3556175818198651,1
2026-06-22 13:06:00,0.4573330244992788,1
2026-06-22 13:07:00,0.44538047219290255,1
2026-06-22 13:08:00,0.4193492481463177,1
2026-06-22 13:09:00,0.4045998546450845,1
2026-06-22 13:10:00,0.42578250968625814,1
2026-06-22 13:11:00,0.3334851717754994,1
2026-06-22 13:12:00,0.33801128731869495,1
2026-06-22 13:13:00,0.38642241402594296,1
2026-06-22 13:14:00,0.5010040551083104,0
2026-06-22 13:15:00,0.42692617474446654,0
2026-06-22 13:16:00,0.40069767537027606,0
2026-06-22 13:17:00,0.4401300141666387,0
2026-06-22 13:18:00,0.3684938015477322,0
2026-06-22 13:19:00,0.38446219283422645,0
2026-06-22 13:20:00,0.400318437431315,0
2026-06-22 13:21:00,0.44726271380624466,1
2026-06-22 13:22:00,0.4099263962776516,1
2026-06-22 13:23:00,0.38367179285191133,1
2026-06-22 13:24:00,0.45704113793612144,0
2026-06-22 13:25:00,0.419871849029213,1
2026-06-22 13:26:00,0.3074727483507425,0
2026-06-22 13:27:00,0.31479930581490057,0
2026-06-22 13:28:00,0.28154729298864,0
2026-06-22 13:29:00,0.4958528451454135,1
2026-06-22 13:30:00,0.4404312143532504,1
2026-06-22 13:31:00,0.4031318372224768,1
2026-06-22 13:32:00,0.330878176826239,1
2026-06-22 13:33:00,0.3341940728867142,1
2026-06-22 13:34:00,0.3760226386450303,1
2026-06-22 13:35:00,0.4049370701745445,1
2026-06-22 13:36:00,0.3719448801717576,1
2026-06-22 13:37:00,0.34258446356527555,1
2026-06-22 13:38:00,0.403430486955084,1
2026-06-22 13:39:00,0.48340553819299975,1
2026-06-22 13:40:00,0.343707183084173,1
2026-06-22 13:41:00,0.32774942029841075,1
2026-06-22 13:42:00,0.3555875144979979,1
2026-06-22 13:43:00,0.34478938334057996,1
2026-06-22 13:44:00,0.3196604804636592,1
2026-06-22 13:45:00,0.3341472064870714,1
2026-06-22 13:46:00,0.32357744881194217,1
2026-06-22 13:47:00,0.33807060646539394,1
2026-06-22 13:48:00,0.29360743128835376,1
2026-06-22 13:49:00,0.36256795203591025,1
2026-06-22 13:50:00,0.3154590470134894,1
2026-06-22 13:51:00,0.4122700816047644,1
2026-06-22 13:52:00,0.3439715736126332,1
2026-06-22 13:53:00,0.4163094342680371,1
2026-06-22 13:54:00,0.3773027374491984,1
2026-06-22 13:55:00,0.37927662173981336,1
2026-06-22 13:56:00,0.4919783699237954,1
2026-06-22 13:57:00,0.44323056864317284,1
2026-06-22 13:58:00,0.451103078922387,1
2026-06-22 13:59:00,0.39965914279843917,1
2026-06-22 14:00:00,0.42518478101322793,1
2026-06-22 14:01:00,0.35514389104754823,1
2026-06-22 14:02:00,0.4611716946218883,1
2026-06-22 14:03:00,0.4533297473478758,1
2026-06-22 14:04:00,0.4292150064738468,1
2026-06-22 14:05:00,0.4431316244223132,1
2026-06-22 14:06:00,0.5262422397619805,0
2026-06-22 14:07:00,0.44410945289629955,0
2026-06-22 14:08:00,0.43188436571737276,0
2026-06-22 14:09:00,0.43923238532130454,1
2026-06-22 14:10:00,0.4414047968997394,1
2026-06-22 14:11:00,0.3676756391395942,1
2026-06-22 14:12:00,0.34879781043823344,1
2026-06-22 14:13:00,0.4706126659122429,1
2026-06-22 14:14:00,0.47446632277273604,1
2026-06-22 14:15:00,0.41957281331673413,1
2026-06-22 14:16:00,0.3197499355960762,1
2026-06-22 14:17:00,0.3259319991276924,1
2026-06-22 14:18:00,0.32931555830634535,1
2026-06-22 14:19:00,0.31754793996882635,1
2026-06-22 14:20:00,0.3487636600337862,1
2026-06-22 14:21:00,0.32266081703918925,1
2026-06-22 14:22:00,0.3103430945770179,1
2026-06-22 14:23:00,0.35009682855140584,1
2026-06-22 14:24:00,0.40843737460224655,1
2026-06-22 14:25:00,0.4894245174670864,0
2026-06-22 14:26:00,0.3425470118235338,1
2026-06-22 14:27:00,0.3430238744508793,1
2026-06-22 14:28:00,0.3367376288226041,1
2026-06-22 14:29:00,0.3262785522815098,1
2026-06-22 14:30:00,0.3171744469319681,1
2026-06-22 14:31:00,0.3120285522596225,1
2026-06-22 14:32:00,0.27521684257861534,1
2026-06-22 14:33:00,0.285783058186457,1
2026-06-22 14:34:00,0.3617647368522213,0
2026-06-22 14:35:00,0.30895912429515227,0
2026-06-22 14:36:00,0.368017578714295,1
2026-06-22 14:37:00,0.4149745862190525,1
2026-06-22 14:38:00,0.35318653787983106,1
2026-06-22 14:39:00,0.37486814233005983,1
2026-06-22 14:40:00,0.4033341294012699,0
2026-06-22 14:41:00,0.43408557803417536,0
2026-06-22 14:42:00,0.4353934795312613,0
2026-06-22 14:43:00,0.4303251441650853,0
2026-06-22 14:44:00,0.41717663252799525,0
2026-06-22 14:45:00,0.4935080824676599,1
2026-06-22 14:46:00,0.44811225050749176,0
2026-06-22 14:47:00,0.5089945533945802,0
2026-06-22 14:48:00,0.46932125840349453,0
2026-06-22 14:49:00,0.5735570340283994,0
2026-06-22 14:50:00,0.5392659144815181,0
2026-06-22 14:51:00,0.5585860505203522,0
2026-06-22 14:52:00,0.615828063908023,0
2026-06-22 14:53:00,0.6068699066308736,0
2026-06-22 14:54:00,0.571090145640296,0
2026-06-22 14:55:00,0.5395031670072417,0
2026-06-22 14:56:00,0.5280112301459076,0
2026-06-22 14:57:00,0.5622981793461072,0
2026-06-22 14:58:00,0.5607865934894684,0
2026-06-22 14:59:00,0.5035254462809166,0
2026-06-22 15:00:00,0.5302653129005976,0
2026-06-23 09:30:00,0.4852104228898122,0
2026-06-23 09:31:00,0.533183766825276,1
2026-06-23 09:32:00,0.5452467656759946,1
2026-06-23 09:33:00,0.5056827886288298,1
2026-06-23 09:34:00,0.4886973632783894,1
2026-06-23 09:35:00,0.455241867640567,1
2026-06-23 09:36:00,0.521620742354492,1
2026-06-23 09:37:00,0.4998440833931524,1
2026-06-23 09:38:00,0.44653818287503505,1
2026-06-23 09:39:00,0.48992570773735444,1
2026-06-23 09:40:00,0.424445713234929,1
2026-06-23 09:41:00,0.47691308504359536,1
2026-06-23 09:42:00,0.5092614638955782,1
2026-06-23 09:43:00,0.4279419253399155,1
2026-06-23 09:44:00,0.4354322407885064,1
2026-06-23 09:45:00,0.5062956120845623,1
2026-06-23 09:46:00,0.5030228286963123,1
2026-06-23 09:47:00,0.523110758073607,1
2026-06-23 09:48:00,0.5138057912904368,1
2026-06-23 09:49:00,0.47380476660059917,1
2026-06-23 09:50:00,0.4990810047986045,1
2026-06-23 09:51:00,0.49134414553839345,1
2026-06-23 09:52:00,0.3419324428686923,1
2026-06-23 09:53:00,0.36141621267078455,1
2026-06-23 09:54:00,0.3982977834963404,1
2026-06-23 09:55:00,0.38920549308772484,0
2026-06-23 09:56:00,0.4152294445216937,0
2026-06-23 09:57:00,0.3433919997851342,0
2026-06-23 09:58:00,0.38965588028493353,0
2026-06-23 09:59:00,0.39396515235838264,0
2026-06-23 10:00:00,0.37292811483661814,0
2026-06-23 10:01:00,0.3336840839899649,0
2026-06-23 10:02:00,0.34693207007026694,0
2026-06-23 10:03:00,0.3877950724615515,0
2026-06-23 10:04:00,0.4211271462783322,0
2026-06-23 10:05:00,0.3665230665873484,0
2026-06-23 10:06:00,0.4159431636157031,0
2026-06-23 10:07:00,0.475780100866414,0
2026-06-23 10:08:00,0.46917013229419235,0
2026-06-23 10:09:00,0.45021110343480825,0
2026-06-23 10:10:00,0.47283920004193897,0
2026-06-23 10:11:00,0.4740200506005102,0
2026-06-23 10:12:00,0.5150671188671113,0
2026-06-23 10:13:00,0.5352921006622733,0
2026-06-23 10:14:00,0.5363628521284617,0
2026-06-23 10:15:00,0.5758630841010723,0
2026-06-23 10:16:00,0.6995242088214874,1
2026-06-23 10:17:00,0.4572996326919519,0
2026-06-23 10:18:00,0.5948718448245623,0
2026-06-23 10:19:00,0.42810534576747333,0
2026-06-23 10:20:00,0.4301799236368575,0
2026-06-23 10:21:00,0.4731268991947408,0
2026-06-23 10:22:00,0.49029596545108534,0
2026-06-23 10:23:00,0.47085075479583355,0
2026-06-23 10:24:00,0.5866058343940713,0
2026-06-23 10:25:00,0.5415573149151252,0
2026-06-23 10:26:00,0.457554416592314,0
2026-06-23 10:27:00,0.47301730135666564,0
2026-06-23 10:28:00,0.37237086933441627,0
2026-06-23 10:29:00,0.5121885161858261,1
2026-06-23 10:30:00,0.4231692756606557,0
2026-06-23 10:31:00,0.4585193496148271,0
2026-06-23 10:32:00,0.453856283499441,0
2026-06-23 10:33:00,0.5471116268749809,0
2026-06-23 10:34:00,0.536871833057061,1
2026-06-23 10:35:00,0.5258538667368058,1
2026-06-23 10:36:00,0.43905549219441503,1
2026-06-23 10:37:00,0.41220723548005495,0
2026-06-23 10:38:00,0.49296419495572885,0
2026-06-23 10:39:00,0.3764439395556621,0
2026-06-23 10:40:00,0.4309330682324194,0
2026-06-23 10:41:00,0.4426966229050143,0
2026-06-23 10:42:00,0.3928413240749651,0
2026-06-23 10:43:00,0.4328070868535115,0
2026-06-23 10:44:00,0.34999003921327376,0
2026-06-23 10:45:00,0.46458109774832207,0
2026-06-23 10:46:00,0.4669398373702218,0
2026-06-23 10:47:00,0.5154859718580116,0
2026-06-23 10:48:00,0.46300780716988077,0
2026-06-23 10:49:00,0.48821624853627604,0
2026-06-23 10:50:00,0.5149550059405159,0
2026-06-23 10:51:00,0.466800976137155,0
2026-06-23 10:52:00,0.4414419093114425,0
2026-06-23 10:53:00,0.4587581869921969,0
2026-06-23 10:54:00,0.531686724847145,0
2026-06-23 10:55:00,0.4293165867392596,0
2026-06-23 10:56:00,0.4337615960159579,0
2026-06-23 10:57:00,0.39031983472273085,0
2026-06-23 10:58:00,0.3793061533936497,0
2026-06-23 10:59:00,0.3513414618156983,0
2026-06-23 11:00:00,0.3833985505552678,0
2026-06-23 11:01:00,0.3433113427607898,0
2026-06-23 11:02:00,0.4395681278856476,0
2026-06-23 11:03:00,0.512110206154788,0
2026-06-23 11:04:00,0.3581293429286561,0
2026-06-23 11:05:00,0.3503110318473725,0
2026-06-23 11:06:00,0.3694083769658867,0
2026-06-23 11:07:00,0.39202200435576195,0
2026-06-23 11:08:00,0.37853608057096894,0
2026-06-23 11:09:00,0.45095397568822393,0
2026-06-23 11:10:00,0.4280649426496654,0
2026-06-23 11:11:00,0.39218694685508687,0
2026-06-23 11:12:00,0.3639497226441466,0
2026-06-23 11:13:00,0.34728183987385963,0
2026-06-23 11:14:00,0.36052114682515524,0
2026-06-23 11:15:00,0.42472171782903506,1
2026-06-23 11:16:00,0.5135905001237914,1
2026-06-23 11:17:00,0.41770402235947235,0
2026-06-23 11:18:00,0.3692034116561706,0
2026-06-23 11:19:00,0.41469292281311765,1
2026-06-23 11:20:00,0.37101820392592966,1
2026-06-23 11:21:00,0.3995754912405683,0
2026-06-23 11:22:00,0.37638683641682363,0
2026-06-23 11:23:00,0.44843868826615985,0
2026-06-23 11:24:00,0.41505359320332363,0
2026-06-23 11:25:00,0.4574184231246047,1
2026-06-23 11:26:00,0.4065218000473973,1
2026-06-23 11:27:00,0.3484900024592709,0
2026-06-23 11:28:00,0.3553736669017001,0
2026-06-23 11:29:00,0.3419747242275266,0
2026-06-23 11:30:00,0.38061118057408916,0
2026-06-23 13:01:00,0.4194942790102617,0
2026-06-23 13:02:00,0.36532541052034534,0
2026-06-23 13:03:00,0.3662850196800463,0
2026-06-23 13:04:00,0.4057241494601601,0
2026-06-23 13:05:00,0.3701466007072471,0
2026-06-23 13:06:00,0.39329228075665407,0
2026-06-23 13:07:00,0.40323511892330144,0
2026-06-23 13:08:00,0.4136389844153174,0
2026-06-23 13:09:00,0.38825754598951356,0
2026-06-23 13:10:00,0.3832148364067979,0
2026-06-23 13:11:00,0.3974180479326856,0
2026-06-23 13:12:00,0.4509013356788398,1
2026-06-23 13:13:00,0.40389604001539986,1
2026-06-23 13:14:00,0.3990593525959739,0
2026-06-23 13:15:00,0.4387760907911325,0
2026-06-23 13:16:00,0.4078107716995551,0
2026-06-23 13:17:00,0.40721613850679406,0
2026-06-23 13:18:00,0.4187606414564874,0
2026-06-23 13:19:00,0.4668856405141848,0
2026-06-23 13:20:00,0.4476003106412955,1
2026-06-23 13:21:00,0.4512703060660038,1
2026-06-23 13:22:00,0.41692923997745324,1
2026-06-23 13:23:00,0.43884814429985064,0
2026-06-23 13:24:00,0.4381136363108502,0
2026-06-23 13:25:00,0.434859931680732,0
2026-06-23 13:26:00,0.38985725184156256,0
2026-06-23 13:27:00,0.41906315771320785,0
2026-06-23 13:28:00,0.3959172718798494,0
2026-06-23 13:29:00,0.3980802924940277,0
2026-06-23 13:30:00,0.42870436083424407,1
2026-06-23 13:31:00,0.4008030319682921,1
2026-06-23 13:32:00,0.4054719055693264,1
2026-06-23 13:33:00,0.39762851444187164,1
2026-06-23 13:34:00,0.41227697521635726,1
2026-06-23 13:35:00,0.38594052974149834,0
2026-06-23 13:36:00,0.3613003603027643,0
2026-06-23 13:37:00,0.4354045803709527,0
2026-06-23 13:38:00,0.4492601618612615,0
2026-06-23 13:39:00,0.42547424907094616,0
2026-06-23 13:40:00,0.43231268537524675,0
2026-06-23 13:41:00,0.4303831180553765,0
2026-06-23 13:42:00,0.41906687292550016,0
2026-06-23 13:43:00,0.3535349508691735,0
2026-06-23 13:44:00,0.35270016184936337,0
2026-06-23 13:45:00,0.3349162011280376,0
2026-06-23 13:46:00,0.29610908885014375,0
2026-06-23 13:47:00,0.3057732965602865,0
2026-06-23 13:48:00,0.3471904707212867,0
2026-06-23 13:49:00,0.38903372873379727,0
2026-06-23 13:50:00,0.4369127871798318,0
2026-06-23 13:51:00,0.4195420928081262,0
2026-06-23 13:52:00,0.4209043390317224,0
2026-06-23 13:53:00,0.47726394367606173,0
2026-06-23 13:54:00,0.420851667772984,0
2026-06-23 13:55:00,0.3616388213718769,0
2026-06-23 13:56:00,0.3105783744300745,0
2026-06-23 13:57:00,0.30274852376585876,0
2026-06-23 13:58:00,0.3193420666328038,0
2026-06-23 13:59:00,0.3431028754429575,0
2026-06-23 14:00:00,0.3702087427934593,0
2026-06-23 14:01:00,0.34086013099260415,0
2026-06-23 14:02:00,0.33160365794026925,0
2026-06-23 14:03:00,0.22389504967166246,0
2026-06-23 14:04:00,0.23850247352617732,0
2026-06-23 14:05:00,0.29682883624282846,0
2026-06-23 14:06:00,0.2601566284180763,0
2026-06-23 14:07:00,0.37796849066324245,0
2026-06-23 14:08:00,0.3609424935846974,0
2026-06-23 14:09:00,0.34151641885087536,0
2026-06-23 14:10:00,0.35880218591472607,0
2026-06-23 14:11:00,0.38432637286140764,0
2026-06-23 14:12:00,0.2554544276283431,0
2026-06-23 14:13:00,0.25509608236497855,0
2026-06-23 14:14:00,0.26537326545231615,0
2026-06-23 14:15:00,0.30485606588902675,0
2026-06-23 14:16:00,0.28381854561454783,0
2026-06-23 14:17:00,0.28540250161052316,0
2026-06-23 14:18:00,0.2854675303650552,0
2026-06-23 14:19:00,0.4044767765097892,0
2026-06-23 14:20:00,0.34212312209129625,0
2026-06-23 14:21:00,0.35223720768779443,0
2026-06-23 14:22:00,0.37766349751108674,0
2026-06-23 14:23:00,0.39930030968260016,0
2026-06-23 14:24:00,0.43454459791107014,0
2026-06-23 14:25:00,0.3852531800292484,0
2026-06-23 14:26:00,0.49580498236866355,0
2026-06-23 14:27:00,0.38114144328257815,0
2026-06-23 14:28:00,0.4429541892948761,0
2026-06-23 14:29:00,0.457885597224482,0
2026-06-23 14:30:00,0.4496847061163637,0
2026-06-23 14:31:00,0.4389855772097104,0
2026-06-23 14:32:00,0.2736340484283139,0
2026-06-23 14:33:00,0.26989815244005716,0
2026-06-23 14:34:00,0.28775868966636586,0
2026-06-23 14:35:00,0.3715383089912812,0
2026-06-23 14:36:00,0.2823151473784166,0
2026-06-23 14:37:00,0.2925071746185931,0
2026-06-23 14:38:00,0.3540652846135266,1
2026-06-23 14:39:00,0.42067451408294126,1
2026-06-23 14:40:00,0.3866701406670158,1
2026-06-23 14:41:00,0.3845377242978964,1
2026-06-23 14:42:00,0.4325556156629296,1
2026-06-23 14:43:00,0.4778679307160422,1
2026-06-23 14:44:00,0.49789477151976025,1
2026-06-23 14:45:00,0.4871381868339572,1
2026-06-23 14:46:00,0.4104750260286862,0
2026-06-23 14:47:00,0.3845219449401841,0
2026-06-23 14:48:00,0.4276440313596134,0
2026-06-23 14:49:00,0.37143706583489394,0
2026-06-23 14:50:00,0.4166827428671215,0
2026-06-23 14:51:00,0.4222374626018806,0
2026-06-23 14:52:00,0.3774058034436015,0
2026-06-23 14:53:00,0.3796001108670826,0
2026-06-23 14:54:00,0.39490589041014457,0
2026-06-23 14:55:00,0.40642094476602664,0
2026-06-23 14:56:00,0.37343065113292284,0
2026-06-23 14:57:00,0.3789429940442674,0
2026-06-23 14:58:00,0.40425416635443645,0
2026-06-23 14:59:00,0.3707896496729608,0
2026-06-23 15:00:00,0.3753702570807958,0
2026-06-24 09:30:00,0.46254515112852473,0
2026-06-24 09:31:00,0.5446328217581305,0
2026-06-24 09:32:00,0.5162566057200207,0
2026-06-24 09:33:00,0.4971333871791453,0
2026-06-24 09:34:00,0.5840151042378261,0
2026-06-24 09:35:00,0.42623510119295094,0
2026-06-24 09:36:00,0.43932003220537175,0
2026-06-24 09:37:00,0.49434588792239453,0
2026-06-24 09:38:00,0.4754852687496743,0
2026-06-24 09:39:00,0.48149730014155667,0
2026-06-24 09:40:00,0.46446938177696917,0
2026-06-24 09:41:00,0.4712941601512359,0
2026-06-24 09:42:00,0.49433778062491085,0
2026-06-24 09:43:00,0.437838131517131,0
2026-06-24 09:44:00,0.43275808508607144,1
2026-06-24 09:45:00,0.46483192899009046,1
2026-06-24 09:46:00,0.4676407164426441,1
2026-06-24 09:47:00,0.4360729784256064,0
2026-06-24 09:48:00,0.43869629222353884,1
2026-06-24 09:49:00,0.4601203109084253,1
2026-06-24 09:50:00,0.4893133431454516,1
2026-06-24 09:51:00,0.5056788898980752,1
2026-06-24 09:52:00,0.47771550704932253,1
2026-06-24 09:53:00,0.461422735103987,1
2026-06-24 09:54:00,0.40154466172062675,1
2026-06-24 09:55:00,0.4698136811787899,1
2026-06-24 09:56:00,0.39135018610165534,1
2026-06-24 09:57:00,0.432735997606991,0
2026-06-24 09:58:00,0.4492188318481674,1
2026-06-24 09:59:00,0.4482948488642527,0
2026-06-24 10:00:00,0.3788409797194981,0
2026-06-24 10:01:00,0.4924654732100907,0
2026-06-24 10:02:00,0.5133071972745512,0
2026-06-24 10:03:00,0.34040602085289995,0
2026-06-24 10:04:00,0.4805070059614316,0
2026-06-24 10:05:00,0.5308297120052898,0
2026-06-24 10:06:00,0.5003646060825023,0
2026-06-24 10:07:00,0.4895906563768197,0
2026-06-24 10:08:00,0.5357461595240389,0
2026-06-24 10:09:00,0.5245149955481272,0
2026-06-24 10:10:00,0.5314378976281403,0
2026-06-24 10:11:00,0.49214738698390326,0
2026-06-24 10:12:00,0.4759318392965844,0
2026-06-24 10:13:00,0.5446414129939885,0
2026-06-24 10:14:00,0.49897756959479944,0
2026-06-24 10:15:00,0.45427906737975393,0
2026-06-24 10:16:00,0.49777581568536927,1
2026-06-24 10:17:00,0.5262668538778594,1
2026-06-24 10:18:00,0.49985945136426924,0
2026-06-24 10:19:00,0.40867438968126485,0
2026-06-24 10:20:00,0.43310095366107004,0
2026-06-24 10:21:00,0.39407802378906126,0
2026-06-24 10:22:00,0.3651441431843454,0
2026-06-24 10:23:00,0.34783041125978564,1
2026-06-24 10:24:00,0.46758112074499164,1
2026-06-24 10:25:00,0.4052470099122453,1
2026-06-24 10:26:00,0.3777992376453823,0
2026-06-24 10:27:00,0.33500565097414664,1
2026-06-24 10:28:00,0.3602988054443748,0
2026-06-24 10:29:00,0.412511839602604,1
2026-06-24 10:30:00,0.44123835221783475,1
2026-06-24 10:31:00,0.42108880316106656,0
2026-06-24 10:32:00,0.4359657325036772,0
2026-06-24 10:33:00,0.4421925149239707,0
2026-06-24 10:34:00,0.45911661167932316,0
2026-06-24 10:35:00,0.42792816615214346,0
2026-06-24 10:36:00,0.37638902077924247,0
2026-06-24 10:37:00,0.33989354258269355,0
2026-06-24 10:38:00,0.3589418217459449,0
2026-06-24 10:39:00,0.3580412452602604,0
2026-06-24 10:40:00,0.3940383925106798,0
2026-06-24 10:41:00,0.3773157997369169,0
2026-06-24 10:42:00,0.4011635878069921,0
2026-06-24 10:43:00,0.461217506811828,0
2026-06-24 10:44:00,0.405195047005996,0
2026-06-24 10:45:00,0.4187132732101991,0
2026-06-24 10:46:00,0.4636810092439826,0
2026-06-24 10:47:00,0.379251609679198,0
2026-06-24 10:48:00,0.4665104585690954,0
2026-06-24 10:49:00,0.5347678892526662,0
2026-06-24 10:50:00,0.5660146650403899,0
2026-06-24 10:51:00,0.5061581417841046,0
2026-06-24 10:52:00,0.413140303803553,0
2026-06-24 10:53:00,0.42724085237726883,0
2026-06-24 10:54:00,0.3490667225854591,0
2026-06-24 10:55:00,0.46097068528641727,1
2026-06-24 10:56:00,0.45129045056095907,0
2026-06-24 10:57:00,0.46239831988534824,1
2026-06-24 10:58:00,0.5311499955580858,1
2026-06-24 10:59:00,0.4764355956207888,1
2026-06-24 11:00:00,0.4994693240067973,1
2026-06-24 11:01:00,0.3842325652882559,1
2026-06-24 11:02:00,0.34962967649765997,1
2026-06-24 11:03:00,0.3401191331955454,1
2026-06-24 11:04:00,0.3773734084701657,1
2026-06-24 11:05:00,0.4062965154880077,1
2026-06-24 11:06:00,0.361707308904752,1
2026-06-24 11:07:00,0.36927051154344415,1
2026-06-24 11:08:00,0.3562113133029138,1
2026-06-24 11:09:00,0.3783745287754056,1
2026-06-24 11:10:00,0.339665442331475,1
2026-06-24 11:11:00,0.4240899805479603,1
2026-06-24 11:12:00,0.3767049394893951,1
2026-06-24 11:13:00,0.4168883832526709,1
2026-06-24 11:14:00,0.3736986526626374,0
2026-06-24 11:15:00,0.39995930414982733,0
2026-06-24 11:16:00,0.36633293744164475,1
2026-06-24 11:17:00,0.34723344314134635,0
2026-06-24 11:18:00,0.4565079882665746,1
2026-06-24 11:19:00,0.4243199513323248,1
2026-06-24 11:20:00,0.4809485289239299,1
2026-06-24 11:21:00,0.465611384922454,1
2026-06-24 11:22:00,0.41273775023729614,1
2026-06-24 11:23:00,0.4220038024686594,1
2026-06-24 11:24:00,0.3648303564974056,1
2026-06-24 11:25:00,0.35264957196051994,1
2026-06-24 11:26:00,0.3872335049730631,1
2026-06-24 11:27:00,0.3618976740925231,1
2026-06-24 11:28:00,0.43189066005668525,1
2026-06-24 11:29:00,0.4298470820111371,1
2026-06-24 11:30:00,0.36196098422561007,1
2026-06-24 13:01:00,0.3455684229936715,1
2026-06-24 13:02:00,0.40394941956281,1
2026-06-24 13:03:00,0.35176039043085017,0
2026-06-24 13:04:00,0.37247401417943454,0
2026-06-24 13:05:00,0.3415512576706407,0
2026-06-24 13:06:00,0.38787541794136476,1
2026-06-24 13:07:00,0.38954206754312076,1
2026-06-24 13:08:00,0.45272465872530815,1
2026-06-24 13:09:00,0.44465838253700024,1
2026-06-24 13:10:00,0.4492681372701183,1
2026-06-24 13:11:00,0.39749707333566897,1
2026-06-24 13:12:00,0.3898692979895159,1
2026-06-24 13:13:00,0.4335228253088233,1
2026-06-24 13:14:00,0.422680776915515,1
2026-06-24 13:15:00,0.4270399401988463,1
2026-06-24 13:16:00,0.48054369693998744,1
2026-06-24 13:17:00,0.4500229362634014,1
2026-06-24 13:18:00,0.3672521663092612,1
2026-06-24 13:19:00,0.4409654254102798,1
2026-06-24 13:20:00,0.2896242561497876,1
2026-06-24 13:21:00,0.31766221325297933,0
2026-06-24 13:22:00,0.30448148260733854,0
2026-06-24 13:23:00,0.3719963376833101,1
2026-06-24 13:24:00,0.3572788325616095,1
2026-06-24 13:25:00,0.38524433689468385,1
2026-06-24 13:26:00,0.3834601256097172,1
2026-06-24 13:27:00,0.4541812502639079,1
2026-06-24 13:28:00,0.4399233312125934,1
2026-06-24 13:29:00,0.42131810077368964,0
2026-06-24 13:30:00,0.36803266803971807,0
2026-06-24 13:31:00,0.3861448249709628,0
2026-06-24 13:32:00,0.3789426558540813,0
2026-06-24 13:33:00,0.3608509991940069,0
2026-06-24 13:34:00,0.38304924165042514,0
2026-06-24 13:35:00,0.48006482468644257,0
2026-06-24 13:36:00,0.3686751070715268,0
2026-06-24 13:37:00,0.33892381889120654,0
2026-06-24 13:38:00,0.30061168381462827,0
2026-06-24 13:39:00,0.2816532556207916,0
2026-06-24 13:40:00,0.3520982269759833,0
2026-06-24 13:41:00,0.32537327219957835,0
2026-06-24 13:42:00,0.3277491124274318,0
2026-06-24 13:43:00,0.41405853488172156,0
2026-06-24 13:44:00,0.4307524188918834,0
2026-06-24 13:45:00,0.393566040310121,0
2026-06-24 13:46:00,0.4286276679428628,0
2026-06-24 13:47:00,0.34603330773851443,0
2026-06-24 13:48:00,0.3363522973875705,0
2026-06-24 13:49:00,0.39752274236836926,0
2026-06-24 13:50:00,0.4880048663378759,0
2026-06-24 13:51:00,0.48799510465916046,1
2026-06-24 13:52:00,0.4374634788309052,0
2026-06-24 13:53:00,0.4978587065209445,1
2026-06-24 13:54:00,0.4334231653948975,1
2026-06-24 13:55:00,0.3282793332991236,0
2026-06-24 13:56:00,0.30496385965490325,0
2026-06-24 13:57:00,0.4077537970659272,1
2026-06-24 13:58:00,0.34538115896263266,1
2026-06-24 13:59:00,0.2566565916228276,0
2026-06-24 14:00:00,0.3304043389294396,1
2026-06-24 14:01:00,0.38644672060500496,1
2026-06-24 14:02:00,0.35985492294177934,1
2026-06-24 14:03:00,0.3456167563930692,1
2026-06-24 14:04:00,0.4267986088301899,1
2026-06-24 14:05:00,0.34487728043832644,1
2026-06-24 14:06:00,0.3232391893813794,1
2026-06-24 14:07:00,0.2824095803577919,1
2026-06-24 14:08:00,0.3167945062181703,1
2026-06-24 14:09:00,0.3163926124284302,1
2026-06-24 14:10:00,0.320281695651561,1
2026-06-24 14:11:00,0.3185275186907863,1
2026-06-24 14:12:00,0.2716349206117757,0
2026-06-24 14:13:00,0.3110135100320097,0
2026-06-24 14:14:00,0.30931349821395054,1
2026-06-24 14:15:00,0.36137159654245254,0
2026-06-24 14:16:00,0.3816402882159926,1
2026-06-24 14:17:00,0.3644681425940132,1
2026-06-24 14:18:00,0.38011809978465344,0
2026-06-24 14:19:00,0.3773288034983181,0
2026-06-24 14:20:00,0.4011634590997696,0
2026-06-24 14:21:00,0.43592486198078345,0
2026-06-24 14:22:00,0.38423448365949187,0
2026-06-24 14:23:00,0.3472013775707145,0
2026-06-24 14:24:00,0.341979793149382,0
2026-06-24 14:25:00,0.3365242621354161,0
2026-06-24 14:26:00,0.37605241257814775,0
2026-06-24 14:27:00,0.38520362092286536,0
2026-06-24 14:28:00,0.3626604006713486,0
2026-06-24 14:29:00,0.3015558512342672,0
2026-06-24 14:30:00,0.33021813211374407,0
2026-06-24 14:31:00,0.276016145747127,0
2026-06-24 14:32:00,0.32148545929200917,0
2026-06-24 14:33:00,0.37202423613832136,0
2026-06-24 14:34:00,0.4566263887375317,0
2026-06-24 14:35:00,0.40601098635196,0
2026-06-24 14:36:00,0.4664928707333385,0
2026-06-24 14:37:00,0.36783236952363807,0
2026-06-24 14:38:00,0.48161496206323184,0
2026-06-24 14:39:00,0.3954027315920488,0
2026-06-24 14:40:00,0.5023368494153937,0
2026-06-24 14:41:00,0.471814416989258,1
2026-06-24 14:42:00,0.39162187934133985,1
2026-06-24 14:43:00,0.46698152666403214,1
2026-06-24 14:44:00,0.48359873539093606,1
2026-06-24 14:45:00,0.5259050568717344,1
2026-06-24 14:46:00,0.35145035107839806,0
2026-06-24 14:47:00,0.31849067446049867,0
2026-06-24 14:48:00,0.40438722379328745,0
2026-06-24 14:49:00,0.3787948384685479,0
2026-06-24 14:50:00,0.5020704782118811,0
2026-06-24 14:51:00,0.5347675087316192,0
2026-06-24 14:52:00,0.48970445349686464,0
2026-06-24 14:53:00,0.5073096695357431,0
2026-06-24 14:54:00,0.5136229833651216,0
2026-06-24 14:55:00,0.5088154921111724,0
2026-06-24 14:56:00,0.4120255470882393,0
2026-06-24 14:57:00,0.40348579622456454,0
2026-06-24 14:58:00,0.3812297433458825,0
2026-06-24 14:59:00,0.46332949807032003,0
2026-06-24 15:00:00,0.3993527822495037,0
2026-06-25 09:30:00,0.46646548332496257,1
2026-06-25 09:31:00,0.5027202595319629,1
2026-06-25 09:32:00,0.4801383433349666,1
2026-06-25 09:33:00,0.473188747728269,1
2026-06-25 09:34:00,0.4985521969148993,1
2026-06-25 09:35:00,0.5186015213860726,1
2026-06-25 09:36:00,0.4820136933162863,1
2026-06-25 09:37:00,0.5146783390108585,1
2026-06-25 09:38:00,0.4588259504012998,1
2026-06-25 09:39:00,0.4634797697545175,1
2026-06-25 09:40:00,0.4590414025953841,0
2026-06-25 09:41:00,0.4464769297850527,0
2026-06-25 09:42:00,0.46171793580528164,0
2026-06-25 09:43:00,0.47543534959584816,0
2026-06-25 09:44:00,0.39545264373863187,0
2026-06-25 09:45:00,0.45915983009258104,0
2026-06-25 09:46:00,0.3989179132068822,0
2026-06-25 09:47:00,0.3957679205412689,0
2026-06-25 09:48:00,0.5204124358234686,0
2026-06-25 09:49:00,0.5016026556725461,0
2026-06-25 09:50:00,0.5751038298464093,0
2026-06-25 09:51:00,0.45842582802709186,0
2026-06-25 09:52:00,0.4861842813763521,0
2026-06-25 09:53:00,0.49140929731641103,0
2026-06-25 09:54:00,0.44981605407072683,0
2026-06-25 09:55:00,0.44184485041340127,0
2026-06-25 09:56:00,0.5112147562872355,0
2026-06-25 09:57:00,0.48151881881654046,0
2026-06-25 09:58:00,0.5023069649602991,0
2026-06-25 09:59:00,0.4811956544906234,0
2026-06-25 10:00:00,0.6773773415681185,0
2026-06-25 10:01:00,0.48501791732732996,0
2026-06-25 10:02:00,0.4902670535658528,0
2026-06-25 10:03:00,0.4950267321829267,0
2026-06-25 10:04:00,0.4290387704339625,0
2026-06-25 10:05:00,0.45811254482297314,0
2026-06-25 10:06:00,0.5637050450310306,0
2026-06-25 10:07:00,0.4723968460562304,0
2026-06-25 10:08:00,0.6240346072696977,0
2026-06-25 10:09:00,0.5989498966794882,0
2026-06-25 10:10:00,0.48487552098683506,0
2026-06-25 10:11:00,0.5317128365918232,0
2026-06-25 10:12:00,0.4397459219056657,0
2026-06-25 10:13:00,0.6000272297713253,0
2026-06-25 10:14:00,0.4316776018209192,0
2026-06-25 10:15:00,0.4785736521492509,0
2026-06-25 10:16:00,0.32403017609353796,0
2026-06-25 10:17:00,0.47326904692866245,0
2026-06-25 10:18:00,0.34649754467063093,0
2026-06-25 10:19:00,0.39285814931667506,0
2026-06-25 10:20:00,0.4098897926717226,0
2026-06-25 10:21:00,0.43050129881123395,0
2026-06-25 10:22:00,0.4558917314305143,0
2026-06-25 10:23:00,0.4483481437859785,0
2026-06-25 10:24:00,0.44376447660962076,0
2026-06-25 10:25:00,0.4538516619990535,0
2026-06-25 10:26:00,0.4960572437987362,0
2026-06-25 10:27:00,0.5496750691478541,0
2026-06-25 10:28:00,0.46795199420892347,0
2026-06-25 10:29:00,0.3964784500053636,0
2026-06-25 10:30:00,0.3701550326535091,0
2026-06-25 10:31:00,0.40965239876483817,0
2026-06-25 10:32:00,0.3806294884435711,0
2026-06-25 10:33:00,0.4464687412901889,0
2026-06-25 10:34:00,0.4611861668931065,0
2026-06-25 10:35:00,0.3895401821824517,0
2026-06-25 10:36:00,0.3798729472134323,0
2026-06-25 10:37:00,0.3925196835201314,0
2026-06-25 10:38:00,0.376954416312181,0
2026-06-25 10:39:00,0.35066374209939244,0
2026-06-25 10:40:00,0.3837717833264838,0
2026-06-25 10:41:00,0.36808929861351974,0
2026-06-25 10:42:00,0.42395416562497845,0
2026-06-25 10:43:00,0.5769763589636246,1
2026-06-25 10:44:00,0.40848157697700604,0
2026-06-25 10:45:00,0.3888696309946103,0
2026-06-25 10:46:00,0.40043712832314,0
2026-06-25 10:47:00,0.4062132611552048,0
2026-06-25 10:48:00,0.4234781443912663,1
2026-06-25 10:49:00,0.4770020780291052,1
2026-06-25 10:50:00,0.354786007105937,0
2026-06-25 10:51:00,0.3680592562186625,0
2026-06-25 10:52:00,0.5083217234461731,1
2026-06-25 10:53:00,0.5036679920511737,1
2026-06-25 10:54:00,0.4527248265053839,1
2026-06-25 10:55:00,0.447072078550162,1
2026-06-25 10:56:00,0.355146990557993,1
2026-06-25 10:57:00,0.33331928932041316,0
2026-06-25 10:58:00,0.4162670523109334,0
2026-06-25 10:59:00,0.3345684180204818,0
2026-06-25 11:00:00,0.41929845023121637,1
2026-06-25 11:01:00,0.3298417501020297,1
2026-06-25 11:02:00,0.36481552505846265,0
2026-06-25 11:03:00,0.3858673907330966,1
2026-06-25 11:04:00,0.3951751971537462,1
2026-06-25 11:05:00,0.38438933665703795,1
2026-06-25 11:06:00,0.3753572864192378,1
2026-06-25 11:07:00,0.31223693679196934,1
2026-06-25 11:08:00,0.37032883013169793,1
2026-06-25 11:09:00,0.3587196651494323,1
2026-06-25 11:10:00,0.3271330503363939,1
2026-06-25 11:11:00,0.3812681192262203,1
2026-06-25 11:12:00,0.3397681362199781,1
2026-06-25 11:13:00,0.37276518153282223,1
2026-06-25 11:14:00,0.3254040030744151,0
2026-06-25 11:15:00,0.3798716257670274,1
2026-06-25 11:16:00,0.345396548362699,1
2026-06-25 11:17:00,0.32206750725303374,1
2026-06-25 11:18:00,0.3444131903828197,1
2026-06-25 11:19:00,0.39344474188574763,1
2026-06-25 11:20:00,0.3227288042603744,1
2026-06-25 11:21:00,0.367421566245468,1
2026-06-25 11:22:00,0.3499208529329528,1
2026-06-25 11:23:00,0.34801995135674063,1
2026-06-25 11:24:00,0.3656960311409182,1
2026-06-25 11:25:00,0.4132503291684737,1
2026-06-25 11:26:00,0.34897203761741735,1
2026-06-25 11:27:00,0.4209655731960451,1
2026-06-25 11:28:00,0.40678376996074644,1
2026-06-25 11:29:00,0.3987693700958599,1
2026-06-25 11:30:00,0.4198581754368928,1
2026-06-25 13:01:00,0.41661236994519696,1
2026-06-25 13:02:00,0.37656872985464557,1
2026-06-25 13:03:00,0.3941940468156789,1
2026-06-25 13:04:00,0.38916205442648644,1
2026-06-25 13:05:00,0.37809270068659917,1
2026-06-25 13:06:00,0.4903009812247182,1
2026-06-25 13:07:00,0.4298842033546334,1
2026-06-25 13:08:00,0.42940421951990215,1
2026-06-25 13:09:00,0.4044428039650711,1
2026-06-25 13:10:00,0.44331093576519415,1
2026-06-25 13:11:00,0.3499551794919654,1
2026-06-25 13:12:00,0.43414263779096784,1
2026-06-25 13:13:00,0.4312610194424617,0
2026-06-25 13:14:00,0.42716058683919456,0
2026-06-25 13:15:00,0.40244649619892514,0
2026-06-25 13:16:00,0.47061924612697664,0
2026-06-25 13:17:00,0.43464396260314436,0
2026-06-25 13:18:00,0.32948981267227045,0
2026-06-25 13:19:00,0.451091189630317,0
2026-06-25 13:20:00,0.3352964735942865,0
2026-06-25 13:21:00,0.3909073519963893,0
2026-06-25 13:22:00,0.3645734962706824,0
2026-06-25 13:23:00,0.40557091375409837,0
2026-06-25 13:24:00,0.35331971865278256,0
2026-06-25 13:25:00,0.3608542086378208,0
2026-06-25 13:26:00,0.36381210083637244,0
2026-06-25 13:27:00,0.4752995803962111,1
2026-06-25 13:28:00,0.5128254288197128,1
2026-06-25 13:29:00,0.37227583919584406,0
2026-06-25 13:30:00,0.447543597601798,0
2026-06-25 13:31:00,0.5069807653534306,1
2026-06-25 13:32:00,0.521727063967208,1
2026-06-25 13:33:00,0.501103863710938,0
2026-06-25 13:34:00,0.4414826911352026,0
2026-06-25 13:35:00,0.5423520451880687,1
2026-06-25 13:36:00,0.4269068105255927,1
2026-06-25 13:37:00,0.3271443993354183,0
2026-06-25 13:38:00,0.3660855258669673,1
2026-06-25 13:39:00,0.3029801501921804,0
2026-06-25 13:40:00,0.35498807948088945,0
2026-06-25 13:41:00,0.3992315086067289,0
2026-06-25 13:42:00,0.34327868230478187,0
2026-06-25 13:43:00,0.3958435155671983,0
2026-06-25 13:44:00,0.35731911523891896,0
2026-06-25 13:45:00,0.39098615962626315,0
2026-06-25 13:46:00,0.3571463577885453,0
2026-06-25 13:47:00,0.41245180907614787,0
2026-06-25 13:48:00,0.3919401737171656,0
2026-06-25 13:49:00,0.4155147483665686,0
2026-06-25 13:50:00,0.4154385027565854,0
2026-06-25 13:51:00,0.3976132082258781,0
2026-06-25 13:52:00,0.39151287220038083,0
2026-06-25 13:53:00,0.30008965685274636,0
2026-06-25 13:54:00,0.3456403462615299,0
2026-06-25 13:55:00,0.2952844754576036,0
2026-06-25 13:56:00,0.3874120816536473,0
2026-06-25 13:57:00,0.3740680067864662,0
2026-06-25 13:58:00,0.5184708918621257,1
2026-06-25 13:59:00,0.439309690679483,1
2026-06-25 14:00:00,0.37778721616543476,1
2026-06-25 14:01:00,0.3117887140377036,0
2026-06-25 14:02:00,0.43186513093193146,0
2026-06-25 14:03:00,0.29660106495879274,0
2026-06-25 14:04:00,0.39971784408757677,0
2026-06-25 14:05:00,0.4289916131313514,0
2026-06-25 14:06:00,0.31022462791423777,0
2026-06-25 14:07:00,0.2711017778799218,0
2026-06-25 14:08:00,0.24343597328104136,0
2026-06-25 14:09:00,0.2885134380239784,0
2026-06-25 14:10:00,0.37156833604095485,0
2026-06-25 14:11:00,0.32820045328227154,0
2026-06-25 14:12:00,0.4099678991694898,0
2026-06-25 14:13:00,0.4364860826910801,0
2026-06-25 14:14:00,0.3209639819482216,0
2026-06-25 14:15:00,0.3174881739519746,0
2026-06-25 14:16:00,0.4018285604146656,0
2026-06-25 14:17:00,0.4494093989327927,0
2026-06-25 14:18:00,0.47388119270717716,0
2026-06-25 14:19:00,0.46719027509761196,0
2026-06-25 14:20:00,0.47168794319789725,1
2026-06-25 14:21:00,0.4264698792668088,1
2026-06-25 14:22:00,0.3438807009861754,0
2026-06-25 14:23:00,0.3219749710065496,0
2026-06-25 14:24:00,0.29340349111451186,0
2026-06-25 14:25:00,0.32427254091170127,0
2026-06-25 14:26:00,0.2858585073809412,0
2026-06-25 14:27:00,0.3287047113089099,0
2026-06-25 14:28:00,0.3266234731194691,0
2026-06-25 14:29:00,0.3092195506742956,0
2026-06-25 14:30:00,0.33823788956268486,0
2026-06-25 14:31:00,0.3677721732055703,0
2026-06-25 14:32:00,0.3101002760242331,0
2026-06-25 14:33:00,0.35298016730692705,0
2026-06-25 14:34:00,0.34658747216630603,0
2026-06-25 14:35:00,0.38008017490173757,0
2026-06-25 14:36:00,0.3232876800078748,0
2026-06-25 14:37:00,0.36650378620009866,0
2026-06-25 14:38:00,0.3784532579698372,0
2026-06-25 14:39:00,0.422452810018322,0
2026-06-25 14:40:00,0.4423827182967777,0
2026-06-25 14:41:00,0.5451107813738728,0
2026-06-25 14:42:00,0.530762006627199,0
2026-06-25 14:43:00,0.5044984060251181,0
2026-06-25 14:44:00,0.5012777196758406,0
2026-06-25 14:45:00,0.4550669809880448,0
2026-06-25 14:46:00,0.5091543652561786,0
2026-06-25 14:47:00,0.6022568211811001,0
2026-06-25 14:48:00,0.4769591500408762,0
2026-06-25 14:49:00,0.44561266647836456,0
2026-06-25 14:50:00,0.563401035927672,1
2026-06-25 14:51:00,0.5696186470468191,1
2026-06-25 14:52:00,0.48575722489054934,1
2026-06-25 14:53:00,0.5499821355591595,0
2026-06-25 14:54:00,0.6114831954387472,1
2026-06-25 14:55:00,0.5153034243223951,0
2026-06-25 14:56:00,0.575234624386906,1
2026-06-25 14:57:00,0.5418665861788308,1
2026-06-25 14:58:00,0.5640362771451909,1
2026-06-25 14:59:00,0.5421085193965928,1
2026-06-25 15:00:00,0.5272901087698655,1
2026-06-26 09:30:00,0.5115164609584143,1
2026-06-26 09:31:00,0.5481044061119392,1
2026-06-26 09:32:00,0.5474864780588512,1
2026-06-26 09:33:00,0.4436226618254972,1
2026-06-26 09:34:00,0.5019987756354793,0
2026-06-26 09:35:00,0.5230237540832016,1
2026-06-26 09:36:00,0.5258278809526472,1
2026-06-26 09:37:00,0.5759059266858998,1
2026-06-26 09:38:00,0.4741706955319333,1
2026-06-26 09:39:00,0.47180456755257844,1
2026-06-26 09:40:00,0.4407935699068121,1
2026-06-26 09:41:00,0.3621624293633944,0
2026-06-26 09:42:00,0.4115739005351241,0
2026-06-26 09:43:00,0.40546406907700344,0
2026-06-26 09:44:00,0.2890560147650784,0
2026-06-26 09:45:00,0.4684369979040613,0
2026-06-26 09:46:00,0.4687123276389137,0
2026-06-26 09:47:00,0.49705029049315036,0
2026-06-26 09:48:00,0.5016499724772063,0
2026-06-26 09:49:00,0.5008437948464344,0
2026-06-26 09:50:00,0.4178082802585067,0
2026-06-26 09:51:00,0.44584194307418035,0
2026-06-26 09:52:00,0.35641679395671705,0
2026-06-26 09:53:00,0.42538188435715446,0
2026-06-26 09:54:00,0.4539590987060336,0
2026-06-26 09:55:00,0.5124515336458632,0
2026-06-26 09:56:00,0.4643730700851306,0
2026-06-26 09:57:00,0.4550562277649879,0
2026-06-26 09:58:00,0.4953807239689558,0
2026-06-26 09:59:00,0.48299499096847587,1
2026-06-26 10:00:00,0.49102663721901896,1
2026-06-26 10:01:00,0.48125053705197646,1
2026-06-26 10:02:00,0.4288060035041056,1
2026-06-26 10:03:00,0.46686168620685836,1
2026-06-26 10:04:00,0.5425531144059829,1
2026-06-26 10:05:00,0.4075201483689911,1
2026-06-26 10:06:00,0.4169887541174296,1
2026-06-26 10:07:00,0.44479977974982876,1
2026-06-26 10:08:00,0.40993641714142626,1
2026-06-26 10:09:00,0.4755234611848144,1
2026-06-26 10:10:00,0.4748272434676131,1
2026-06-26 10:11:00,0.436955615125971,1
2026-06-26 10:12:00,0.49005636916223155,1
2026-06-26 10:13:00,0.49027834596384146,1
2026-06-26 10:14:00,0.31450132475677806,1
2026-06-26 10:15:00,0.31439493939176566,1
2026-06-26 10:16:00,0.38135233134813873,1
2026-06-26 10:17:00,0.32924887887852977,0
2026-06-26 10:18:00,0.3180837817828971,1
2026-06-26 10:19:00,0.2868695687927663,0
2026-06-26 10:20:00,0.32329247334661015,0
2026-06-26 10:21:00,0.29910585096151987,0
2026-06-26 10:22:00,0.2940774270972833,0
2026-06-26 10:23:00,0.32786911841913347,0
2026-06-26 10:24:00,0.38482768683223145,0
2026-06-26 10:25:00,0.36145343255230955,0
2026-06-26 10:26:00,0.4427406250998895,0
2026-06-26 10:27:00,0.4291887406071594,0
2026-06-26 10:28:00,0.43701914596655983,0
2026-06-26 10:29:00,0.4796299151358282,0
2026-06-26 10:30:00,0.5260996208738199,0
2026-06-26 10:31:00,0.47485398270410795,0
2026-06-26 10:32:00,0.551261448277472,0
2026-06-26 10:33:00,0.45983325387657353,0
2026-06-26 10:34:00,0.4903758899811579,0
2026-06-26 10:35:00,0.4114095494996213,0
2026-06-26 10:36:00,0.44140191428753234,0
2026-06-26 10:37:00,0.45211297560088587,0
2026-06-26 10:38:00,0.45096972474270075,0
2026-06-26 10:39:00,0.5396020629360688,0
2026-06-26 10:40:00,0.5702977994366896,0
2026-06-26 10:41:00,0.553088437147413,0
2026-06-26 10:42:00,0.4728000230990149,0
2026-06-26 10:43:00,0.5814323967024566,0
2026-06-26 10:44:00,0.3747180569010871,0
2026-06-26 10:45:00,0.45925927137623535,0
2026-06-26 10:46:00,0.5416859916318991,0
2026-06-26 10:47:00,0.5374340533071134,0
2026-06-26 10:48:00,0.5246356843531265,0
2026-06-26 10:49:00,0.4685970390717423,0
2026-06-26 10:50:00,0.526881485937838,1
2026-06-26 10:51:00,0.5282682197652971,1
2026-06-26 10:52:00,0.6082963516515383,1
2026-06-26 10:53:00,0.4815252806883398,1
2026-06-26 10:54:00,0.5060565602339943,1
2026-06-26 10:55:00,0.48236942733069155,1
2026-06-26 10:56:00,0.5130214818429966,1
2026-06-26 10:57:00,0.41172652729929454,1
2026-06-26 10:58:00,0.3368057253972948,0
2026-06-26 10:59:00,0.3191786601495934,0
2026-06-26 11:00:00,0.33270402893923906,0
2026-06-26 11:01:00,0.42831529704191107,0
2026-06-26 11:02:00,0.41155553735335154,0
2026-06-26 11:03:00,0.4926112230287935,0
2026-06-26 11:04:00,0.4142778637774905,0
2026-06-26 11:05:00,0.40324136039840536,0
2026-06-26 11:06:00,0.4509843417645453,0
2026-06-26 11:07:00,0.4367136276446305,0
2026-06-26 11:08:00,0.454581215077975,0
2026-06-26 11:09:00,0.3929984310108407,0
2026-06-26 11:10:00,0.4243115464567552,0
2026-06-26 11:11:00,0.3850471611535747,0
2026-06-26 11:12:00,0.40961261902795065,0
2026-06-26 11:13:00,0.42341460729451696,0
2026-06-26 11:14:00,0.4390488435885287,0
2026-06-26 11:15:00,0.41895709950638343,0
2026-06-26 11:16:00,0.39204536170795257,0
2026-06-26 11:17:00,0.3414597177057571,0
2026-06-26 11:18:00,0.38519198596524273,0
2026-06-26 11:19:00,0.39977395261402704,0
2026-06-26 11:20:00,0.4562953067317855,0
2026-06-26 11:21:00,0.4199785858998576,0
2026-06-26 11:22:00,0.38636477912976186,0
2026-06-26 11:23:00,0.46137849815893234,0
2026-06-26 11:24:00,0.454181694036767,1
2026-06-26 11:25:00,0.45368039872722266,1
2026-06-26 11:26:00,0.5451972027063582,1
2026-06-26 11:27:00,0.4640916100330267,1
2026-06-26 11:28:00,0.47077453626811555,1
2026-06-26 11:29:00,0.4290064513704709,1
2026-06-26 11:30:00,0.4099363538861271,1
2026-06-26 13:01:00,0.3593947713222509,0
2026-06-26 13:02:00,0.4215825273005241,1
2026-06-26 13:03:00,0.5169342147189204,1
2026-06-26 13:04:00,0.37017455247560055,0
2026-06-26 13:05:00,0.3573379508822027,0
2026-06-26 13:06:00,0.41787697118503836,1
2026-06-26 13:07:00,0.3492017848664105,1
2026-06-26 13:08:00,0.4687156017901046,1
2026-06-26 13:09:00,0.3414534378443089,1
2026-06-26 13:10:00,0.35375979528877805,0
2026-06-26 13:11:00,0.3933619308833862,0
2026-06-26 13:12:00,0.4260567841706223,1
2026-06-26 13:13:00,0.504031451216139,1
2026-06-26 13:14:00,0.4486971563133238,1
2026-06-26 13:15:00,0.49289581566151053,1
2026-06-26 13:16:00,0.4954768802668965,1
2026-06-26 13:17:00,0.4686820223067843,1
2026-06-26 13:18:00,0.41869273414099495,1
2026-06-26 13:19:00,0.4699855002282347,1
2026-06-26 13:20:00,0.4425564623088398,1
2026-06-26 13:21:00,0.43202875362743526,0
2026-06-26 13:22:00,0.36469783481830215,0
2026-06-26 13:23:00,0.4553907190832702,0
2026-06-26 13:24:00,0.39590684053457237,0
2026-06-26 13:25:00,0.4328854168095985,0
2026-06-26 13:26:00,0.3514596223781678,0
2026-06-26 13:27:00,0.34178397844744907,0
2026-06-26 13:28:00,0.4171926013660647,0
2026-06-26 13:29:00,0.41222600835334444,0
2026-06-26 13:30:00,0.440250385823221,0
2026-06-26 13:31:00,0.40630175889088715,0
2026-06-26 13:32:00,0.4141349450113955,0
2026-06-26 13:33:00,0.4842184129175331,0
2026-06-26 13:34:00,0.4721190607461155,0
2026-06-26 13:35:00,0.4458638208759526,0
2026-06-26 13:36:00,0.475140824810172,1
2026-06-26 13:37:00,0.4576313333909846,1
2026-06-26 13:38:00,0.45322681259199427,1
2026-06-26 13:39:00,0.4009950237720784,1
2026-06-26 13:40:00,0.43754825226478533,1
2026-06-26 13:41:00,0.34967235858351553,1
2026-06-26 13:42:00,0.33523791470053277,1
2026-06-26 13:43:00,0.31926575929766826,1
2026-06-26 13:44:00,0.43877099844560125,1
2026-06-26 13:45:00,0.4062146540703179,1
2026-06-26 13:46:00,0.4221154767026422,1
2026-06-26 13:47:00,0.42904717228165373,1
2026-06-26 13:48:00,0.4466819827361419,1
2026-06-26 13:49:00,0.4187996580253673,1
2026-06-26 13:50:00,0.41954526716133983,1
2026-06-26 13:51:00,0.3281729702925033,1
2026-06-26 13:52:00,0.31026701749875013,1
2026-06-26 13:53:00,0.31211204169224505,0
2026-06-26 13:54:00,0.4158984879010724,1
2026-06-26 13:55:00,0.3629685631463677,1
2026-06-26 13:56:00,0.3433454896082883,0
2026-06-26 13:57:00,0.3795622435110625,1
2026-06-26 13:58:00,0.41178341862292905,0
2026-06-26 13:59:00,0.3597917394862657,0
2026-06-26 14:00:00,0.4183176997208406,0
2026-06-26 14:01:00,0.4224740173629987,0
2026-06-26 14:02:00,0.4458505241940268,0
2026-06-26 14:03:00,0.36028181464187803,0
2026-06-26 14:04:00,0.3263807585930259,0
2026-06-26 14:05:00,0.3155800078813194,0
2026-06-26 14:06:00,0.3588987489664486,0
2026-06-26 14:07:00,0.3812052874704423,0
2026-06-26 14:08:00,0.4131918100582655,0
2026-06-26 14:09:00,0.40055813670558726,0
2026-06-26 14:10:00,0.4005111809373002,0
2026-06-26 14:11:00,0.3643982713880026,0
2026-06-26 14:12:00,0.3320713587211578,0
2026-06-26 14:13:00,0.39356883741969284,0
2026-06-26 14:14:00,0.3818731892967499,0
2026-06-26 14:15:00,0.4373808070111136,1
2026-06-26 14:16:00,0.4239051649712958,0
2026-06-26 14:17:00,0.42144784994143025,0
2026-06-26 14:18:00,0.32631238625810405,0
2026-06-26 14:19:00,0.29826876840292593,0
2026-06-26 14:20:00,0.353909292997338,0
2026-06-26 14:21:00,0.41370903276845045,0
2026-06-26 14:22:00,0.3661395195217435,0
2026-06-26 14:23:00,0.3978383354884137,0
2026-06-26 14:24:00,0.38077534115992034,0
2026-06-26 14:25:00,0.3688724358114363,1
2026-06-26 14:26:00,0.2869679430708591,0
2026-06-26 14:27:00,0.3530521679764068,0
2026-06-26 14:28:00,0.28225129182575726,0
2026-06-26 14:29:00,0.40219506876631184,0
2026-06-26 14:30:00,0.3346368229777224,0
2026-06-26 14:31:00,0.4461960668199449,0
2026-06-26 14:32:00,0.4213269818686823,1
2026-06-26 14:33:00,0.43931695147288563,1
2026-06-26 14:34:00,0.3790016322509953,1
2026-06-26 14:35:00,0.39520833822970003,0
2026-06-26 14:36:00,0.40979860287197817,0
2026-06-26 14:37:00,0.4088668599929336,0
2026-06-26 14:38:00,0.3592887517075297,0
2026-06-26 14:39:00,0.3059785390079793,0
2026-06-26 14:40:00,0.31032433648147095,0
2026-06-26 14:41:00,0.3906147967986349,0
2026-06-26 14:42:00,0.46321344932882275,0
2026-06-26 14:43:00,0.36179725431555726,0
2026-06-26 14:44:00,0.4837113235794149,0
2026-06-26 14:45:00,0.4596837474713587,0
2026-06-26 14:46:00,0.4814437778525072,0
2026-06-26 14:47:00,0.4556187790868458,0
2026-06-26 14:48:00,0.4743215437243841,0
2026-06-26 14:49:00,0.46975364849549717,0
2026-06-26 14:50:00,0.5508304131521307,0
2026-06-26 14:51:00,0.5291446786063492,0
2026-06-26 14:52:00,0.4725611417391879,0
2026-06-26 14:53:00,0.5117765582671013,0
2026-06-26 14:54:00,0.61260002712838,0
2026-06-26 14:55:00,0.5021932692971058,0
2026-06-26 14:56:00,0.5318058158255952,0
2026-06-26 14:57:00,0.5931978380873837,0
2026-06-26 14:58:00,0.6734367200610338,0
2026-06-26 14:59:00,0.648999178911773,0
2026-06-26 15:00:00,0.6198690967270533,0
2026-06-29 09:30:00,0.645454578088272,0
2026-06-29 09:31:00,0.5314159673367893,1
2026-06-29 09:32:00,0.5198187911883074,1
2026-06-29 09:33:00,0.5197994078807706,1
2026-06-29 09:34:00,0.52652505750772,1
2026-06-29 09:35:00,0.47049406779384273,0
2026-06-29 09:36:00,0.3446696477922005,0
2026-06-29 09:37:00,0.4461129577896147,0
2026-06-29 09:38:00,0.39015847062188885,0
2026-06-29 09:39:00,0.43299521861340146,0
2026-06-29 09:40:00,0.4629492958846665,0
2026-06-29 09:41:00,0.4225644479828325,0
2026-06-29 09:42:00,0.4599454286929358,0
2026-06-29 09:43:00,0.48555813810063786,0
2026-06-29 09:44:00,0.4969780744753317,0
2026-06-29 09:45:00,0.42910772968474814,0
2026-06-29 09:46:00,0.4262460240204827,0
2026-06-29 09:47:00,0.4727524962398619,0
2026-06-29 09:48:00,0.46092643104357595,0
2026-06-29 09:49:00,0.5084235991823539,0
2026-06-29 09:50:00,0.4665990876130747,0
2026-06-29 09:51:00,0.4936539959904137,0
2026-06-29 09:52:00,0.45279624849833683,0
2026-06-29 09:53:00,0.48250140378706585,0
2026-06-29 09:54:00,0.5036193946158172,0
2026-06-29 09:55:00,0.4806389090012388,0
2026-06-29 09:56:00,0.43294424981573765,0
2026-06-29 09:57:00,0.484997978747031,0
2026-06-29 09:58:00,0.482584814266859,0
2026-06-29 09:59:00,0.48685114864972096,0
2026-06-29 10:00:00,0.535775575551617,0
2026-06-29 10:01:00,0.39117498280378865,0
2026-06-29 10:02:00,0.384886985597197,0
2026-06-29 10:03:00,0.4681675659168666,0
2026-06-29 10:04:00,0.39967488957528224,0
2026-06-29 10:05:00,0.47816418294941027,0
2026-06-29 10:06:00,0.5175349237780583,1
2026-06-29 10:07:00,0.459369201897787,0
2026-06-29 10:08:00,0.5075753425014876,0
2026-06-29 10:09:00,0.4098736093727011,0
2026-06-29 10:10:00,0.46417653256115177,0
2026-06-29 10:11:00,0.46843513725040553,1
2026-06-29 10:12:00,0.42282132874136946,1
2026-06-29 10:13:00,0.5642276685921787,1
2026-06-29 10:14:00,0.5854723204167698,1
2026-06-29 10:15:00,0.4776578310970769,1
2026-06-29 10:16:00,0.38685047254101096,1
2026-06-29 10:17:00,0.4392303522155358,1
2026-06-29 10:18:00,0.3199693673440526,0
2026-06-29 10:19:00,0.4218540019360342,0
2026-06-29 10:20:00,0.4374836618011142,0
2026-06-29 10:21:00,0.3882031447261526,0
2026-06-29 10:22:00,0.39819142215546993,0
2026-06-29 10:23:00,0.41231442866586776,0
2026-06-29 10:24:00,0.43029529724475385,0
2026-06-29 10:25:00,0.34755928854987544,0
2026-06-29 10:26:00,0.42478174969284566,0
2026-06-29 10:27:00,0.3556586426725902,0
2026-06-29 10:28:00,0.40594181067559687,0
2026-06-29 10:29:00,0.45106226131737387,0
2026-06-29 10:30:00,0.4529591194715112,0
2026-06-29 10:31:00,0.49416229205989703,0
2026-06-29 10:32:00,0.4555147877323353,0
2026-06-29 10:33:00,0.44211939738320405,0
2026-06-29 10:34:00,0.4619712369422714,1
2026-06-29 10:35:00,0.4417670433569388,1
2026-06-29 10:36:00,0.5226405675417819,1
2026-06-29 10:37:00,0.45976929000817435,1
2026-06-29 10:38:00,0.5336593948512232,1
2026-06-29 10:39:00,0.4871550985455672,1
2026-06-29 10:40:00,0.3508018169995565,1
2026-06-29 10:41:00,0.42566904488742596,1
2026-06-29 10:42:00,0.2914472322890077,1
2026-06-29 10:43:00,0.34608414782959546,1
2026-06-29 10:44:00,0.3891157983678064,1
2026-06-29 10:45:00,0.33441240333176425,1
2026-06-29 10:46:00,0.31311865826328167,1
2026-06-29 10:47:00,0.3551845165813114,1
2026-06-29 10:48:00,0.43122647624210414,1
2026-06-29 10:49:00,0.355852539656082,1
2026-06-29 10:50:00,0.4330213250160845,1
2026-06-29 10:51:00,0.4174763390657145,1
2026-06-29 10:52:00,0.3885810555320538,0
2026-06-29 10:53:00,0.49721644162891304,0
2026-06-29 10:54:00,0.3644785678225617,0
2026-06-29 10:55:00,0.3474065675088051,0
2026-06-29 10:56:00,0.36200699661575086,1
2026-06-29 10:57:00,0.34067774157790726,0
2026-06-29 10:58:00,0.42164344040807955,0
2026-06-29 10:59:00,0.40577958416454046,0
2026-06-29 11:00:00,0.5263002043580046,0
2026-06-29 11:01:00,0.4436160303109699,0
2026-06-29 11:02:00,0.4791552881427645,0
2026-06-29 11:03:00,0.46006239394615595,0
2026-06-29 11:04:00,0.43747868875020113,0
2026-06-29 11:05:00,0.46448311455625546,0
2026-06-29 11:06:00,0.3803739010731936,0
2026-06-29 11:07:00,0.376989743755384,0
2026-06-29 11:08:00,0.40785295144529227,0
2026-06-29 11:09:00,0.38780524687999585,0
2026-06-29 11:10:00,0.44062354103716833,0
2026-06-29 11:11:00,0.3706878534063173,0
2026-06-29 11:12:00,0.4057855724656969,0
2026-06-29 11:13:00,0.38984908963563575,0
2026-06-29 11:14:00,0.4027187828897259,0
2026-06-29 11:15:00,0.40197661857303335,0
2026-06-29 11:16:00,0.3637891590899972,0
2026-06-29 11:17:00,0.430139979434111,0
2026-06-29 11:18:00,0.3737714827865967,0
2026-06-29 11:19:00,0.45558945215193963,0
2026-06-29 11:20:00,0.41836017597136066,0
2026-06-29 11:21:00,0.42025078402497335,0
2026-06-29 11:22:00,0.4136676515282151,0
2026-06-29 11:23:00,0.4594992030941969,0
2026-06-29 11:24:00,0.45082349038316255,0
2026-06-29 11:25:00,0.45391303162849395,0
2026-06-29 11:26:00,0.4446587322030737,0
2026-06-29 11:27:00,0.4236355278537224,0
2026-06-29 11:28:00,0.39519307775106194,0
2026-06-29 11:29:00,0.3379650171053,0
2026-06-29 11:30:00,0.4324367208926835,0
2026-06-29 13:01:00,0.511871341780785,0
2026-06-29 13:02:00,0.38980065220832244,0
2026-06-29 13:03:00,0.38829806146166634,0
2026-06-29 13:04:00,0.4171701311295531,0
2026-06-29 13:05:00,0.4501418800138965,0
2026-06-29 13:06:00,0.4279411638088798,0
2026-06-29 13:07:00,0.4454522912218346,0
2026-06-29 13:08:00,0.45362578649100854,1
2026-06-29 13:09:00,0.5154503658072869,1
2026-06-29 13:10:00,0.5188370244935196,1
2026-06-29 13:11:00,0.49119051642107836,1
2026-06-29 13:12:00,0.5340668176570542,1
2026-06-29 13:13:00,0.5076708704357619,1
2026-06-29 13:14:00,0.555543659895204,1
2026-06-29 13:15:00,0.4973819524875496,1
2026-06-29 13:16:00,0.3943493418205803,1
2026-06-29 13:17:00,0.43819249096674856,1
2026-06-29 13:18:00,0.3828317826460191,1
2026-06-29 13:19:00,0.39469709995836977,1
2026-06-29 13:20:00,0.46536489237305556,1
2026-06-29 13:21:00,0.41474408026968934,1
2026-06-29 13:22:00,0.4059651365775025,1
2026-06-29 13:23:00,0.44945223923741306,1
2026-06-29 13:24:00,0.47222761652922934,1
2026-06-29 13:25:00,0.4945099001865455,1
2026-06-29 13:26:00,0.4794613433497275,1
2026-06-29 13:27:00,0.38811004418080003,1
2026-06-29 13:28:00,0.45750947434916345,1
2026-06-29 13:29:00,0.4620263451084978,1
2026-06-29 13:30:00,0.3923106550479809,0
2026-06-29 13:31:00,0.34861267508069554,1
2026-06-29 13:32:00,0.405426746588012,0
2026-06-29 13:33:00,0.4497699445207041,0
2026-06-29 13:34:00,0.43171742413187,0
2026-06-29 13:35:00,0.38355256038663205,0
2026-06-29 13:36:00,0.36238139301699707,0
2026-06-29 13:37:00,0.43042489214521185,0
2026-06-29 13:38:00,0.47592917106389515,0
2026-06-29 13:39:00,0.40923889096106847,0
2026-06-29 13:40:00,0.4452332982375384,0
2026-06-29 13:41:00,0.43876615317251294,0
2026-06-29 13:42:00,0.37647430272186105,0
2026-06-29 13:43:00,0.43465390562695433,1
2026-06-29 13:44:00,0.3587176769691122,0
2026-06-29 13:45:00,0.46320654146181006,0
2026-06-29 13:46:00,0.32112207675095034,0
2026-06-29 13:47:00,0.46148275051841736,0
2026-06-29 13:48:00,0.3647334747806628,0
2026-06-29 13:49:00,0.4598678649284252,0
2026-06-29 13:50:00,0.4656863039992503,0
2026-06-29 13:51:00,0.4617119987569367,0
2026-06-29 13:52:00,0.49807507240072135,0
2026-06-29 13:53:00,0.44330219772778134,0
2026-06-29 13:54:00,0.45487065475146327,0
2026-06-29 13:55:00,0.38382384709710304,0
2026-06-29 13:56:00,0.3532090736272257,0
2026-06-29 13:57:00,0.3071593641673295,0
2026-06-29 13:58:00,0.2760115124215106,0
2026-06-29 13:59:00,0.3409166881051261,0
2026-06-29 14:00:00,0.4036469163868279,0
2026-06-29 14:01:00,0.3542897004843175,0
2026-06-29 14:02:00,0.3658603531604156,0
2026-06-29 14:03:00,0.43627636007143145,0
2026-06-29 14:04:00,0.37353044832498355,0
2026-06-29 14:05:00,0.34593884281329634,0
2026-06-29 14:06:00,0.4136231219932556,0
2026-06-29 14:07:00,0.42621938563311684,0
2026-06-29 14:08:00,0.3753013703183042,0
2026-06-29 14:09:00,0.3583659413394399,0
2026-06-29 14:10:00,0.3527363894866018,0
2026-06-29 14:11:00,0.30785453569265203,0
2026-06-29 14:12:00,0.3215837338151167,0
2026-06-29 14:13:00,0.35879757136249746,0
2026-06-29 14:14:00,0.30274639830578637,1
2026-06-29 14:15:00,0.4037682772150498,1
2026-06-29 14:16:00,0.32051607092440054,0
2026-06-29 14:17:00,0.37327171270225756,1
2026-06-29 14:18:00,0.26317046882329104,1
2026-06-29 14:19:00,0.2741701158580681,1
2026-06-29 14:20:00,0.2974888010304929,1
2026-06-29 14:21:00,0.3095882173947681,1
2026-06-29 14:22:00,0.28589804823327497,1
2026-06-29 14:23:00,0.3166359921142807,1
2026-06-29 14:24:00,0.27101207339112493,1
2026-06-29 14:25:00,0.2697518755477633,1
2026-06-29 14:26:00,0.3579251908723195,1
2026-06-29 14:27:00,0.3095721131599677,1
2026-06-29 14:28:00,0.27433344700931367,1
2026-06-29 14:29:00,0.37617912414773486,0
2026-06-29 14:30:00,0.3262865893801545,0
2026-06-29 14:31:00,0.28717667987836126,1
2026-06-29 14:32:00,0.3181705107981884,1
2026-06-29 14:33:00,0.2960380003825101,1
2026-06-29 14:34:00,0.360107303688153,1
2026-06-29 14:35:00,0.40252440918658516,1
2026-06-29 14:36:00,0.4065551236818362,1
2026-06-29 14:37:00,0.4049655623213158,1
2026-06-29 14:38:00,0.422822276086268,1
2026-06-29 14:39:00,0.3654996585412951,0
2026-06-29 14:40:00,0.5106913214776093,1
2026-06-29 14:41:00,0.46403483938769213,0
2026-06-29 14:42:00,0.4894669039216003,0
2026-06-29 14:43:00,0.4363541290459779,0
2026-06-29 14:44:00,0.5357371240292452,0
2026-06-29 14:45:00,0.4680661728170218,0
2026-06-29 14:46:00,0.42707761004882,0
2026-06-29 14:47:00,0.39836158061117727,0
2026-06-29 14:48:00,0.4640693563170046,1
2026-06-29 14:49:00,0.35082886804352287,1
2026-06-29 14:50:00,0.4825860949108479,0
2026-06-29 14:51:00,0.4971953545574956,1
2026-06-29 14:52:00,0.5228741292394794,1
2026-06-29 14:53:00,0.4562436946048975,1
2026-06-29 14:54:00,0.5211595755665117,1
2026-06-29 14:55:00,0.4575859751890039,1
2026-06-29 14:56:00,0.5563218632221957,1
2026-06-29 14:57:00,0.4947564394779336,1
2026-06-29 14:58:00,0.5712466967081031,1
2026-06-29 14:59:00,0.570985713624459,1
2026-06-29 15:00:00,0.5009803210866105,1
2026-06-30 09:30:00,0.4121084371759563,1
2026-06-30 09:31:00,0.4781221138852157,1
2026-06-30 09:32:00,0.4872578938786272,1
2026-06-30 09:33:00,0.4752695534768723,1
2026-06-30 09:34:00,0.6217915453001969,1
2026-06-30 09:35:00,0.4103210954871234,0
2026-06-30 09:36:00,0.4936805737303375,0
2026-06-30 09:37:00,0.5088184100828567,1
2026-06-30 09:38:00,0.5493505606124104,1
2026-06-30 09:39:00,0.48371738686112353,1
2026-06-30 09:40:00,0.4473588875570326,1
2026-06-30 09:41:00,0.46318562111320416,1
2026-06-30 09:42:00,0.42121481350695394,1
2026-06-30 09:43:00,0.534947170573395,1
2026-06-30 09:44:00,0.4966313201636962,1
2026-06-30 09:45:00,0.5049023407206497,1
2026-06-30 09:46:00,0.48826084468115155,1
2026-06-30 09:47:00,0.4727708524005054,1
2026-06-30 09:48:00,0.4659333800326439,1
2026-06-30 09:49:00,0.4970872642147431,1
2026-06-30 09:50:00,0.44740872406356785,1
2026-06-30 09:51:00,0.4550498407525514,1
2026-06-30 09:52:00,0.378767606854213,1
2026-06-30 09:53:00,0.4337412829290139,1
2026-06-30 09:54:00,0.36597193454324817,1
2026-06-30 09:55:00,0.44153289829982567,1
2026-06-30 09:56:00,0.3549815269521339,1
2026-06-30 09:57:00,0.3651116230122,1
2026-06-30 09:58:00,0.38431513602464856,0
2026-06-30 09:59:00,0.5357094102991676,1
2026-06-30 10:00:00,0.3700355659430729,1
2026-06-30 10:01:00,0.31896078870405636,1
2026-06-30 10:02:00,0.41490736905508224,1
2026-06-30 10:03:00,0.33181235136798354,0
2026-06-30 10:04:00,0.3741037485035779,1
2026-06-30 10:05:00,0.40794689470335893,1
2026-06-30 10:06:00,0.4597579936089606,1
2026-06-30 10:07:00,0.45803954292576116,1
2026-06-30 10:08:00,0.46520725075823594,1
2026-06-30 10:09:00,0.3916843624392006,0
2026-06-30 10:10:00,0.4497783240067455,0
2026-06-30 10:11:00,0.3420285609169211,0
2026-06-30 10:12:00,0.4541041296314726,0
2026-06-30 10:13:00,0.47781388676406256,0
2026-06-30 10:14:00,0.5202846680151647,1
2026-06-30 10:15:00,0.3826768567163456,0
2026-06-30 10:16:00,0.4324307431132904,0
2026-06-30 10:17:00,0.42619085311320193,0
2026-06-30 10:18:00,0.3696919538157298,0
2026-06-30 10:19:00,0.3651016239155407,0
2026-06-30 10:20:00,0.34897662047843925,0
2026-06-30 10:21:00,0.4587271285679579,1
2026-06-30 10:22:00,0.46039329677715835,1
2026-06-30 10:23:00,0.4727390706151651,1
2026-06-30 10:24:00,0.45529140211981156,1
2026-06-30 10:25:00,0.47693523492597006,0
2026-06-30 10:26:00,0.4581946281490031,1
2026-06-30 10:27:00,0.4570084608832711,1
2026-06-30 10:28:00,0.4568390532765316,1
2026-06-30 10:29:00,0.3853799241502709,1
2026-06-30 10:30:00,0.4106515356384482,1
2026-06-30 10:31:00,0.4132074564611115,1
2026-06-30 10:32:00,0.38862585272286904,1
2026-06-30 10:33:00,0.3498736561851506,1
2026-06-30 10:34:00,0.36202088622783846,1
2026-06-30 10:35:00,0.36355975716396927,1
2026-06-30 10:36:00,0.3378858846779772,0
2026-06-30 10:37:00,0.36947372297526454,0
2026-06-30 10:38:00,0.3808543990192545,0
2026-06-30 10:39:00,0.4325222067583581,0
2026-06-30 10:40:00,0.45415947597094025,1
2026-06-30 10:41:00,0.4315628919749489,1
2026-06-30 10:42:00,0.4270027601090047,0
2026-06-30 10:43:00,0.42964367690823335,1
2026-06-30 10:44:00,0.42118308183088354,0
2026-06-30 10:45:00,0.41519201914993437,0
2026-06-30 10:46:00,0.4408331338042699,0
2026-06-30 10:47:00,0.3951089199634197,0
2026-06-30 10:48:00,0.3282949313122463,0
2026-06-30 10:49:00,0.40104261229307525,0
2026-06-30 10:50:00,0.3865655750803727,0
2026-06-30 10:51:00,0.3939919754874035,0
2026-06-30 10:52:00,0.4356087677146107,0
2026-06-30 10:53:00,0.4882814469698359,0
2026-06-30 10:54:00,0.4617177553627312,1
2026-06-30 10:55:00,0.5184560880207987,0
2026-06-30 10:56:00,0.42930330110651316,0
2026-06-30 10:57:00,0.43261546461542666,0
2026-06-30 10:58:00,0.40719715916472343,0
2026-06-30 10:59:00,0.41992911706534763,1
2026-06-30 11:00:00,0.5164532597620487,1
2026-06-30 11:01:00,0.462868871311389,0
2026-06-30 11:02:00,0.37730894534657045,0
2026-06-30 11:03:00,0.3774299074730562,0
2026-06-30 11:04:00,0.44399519957127487,1
2026-06-30 11:05:00,0.3882456564930574,1
2026-06-30 11:06:00,0.4739049857135906,1
2026-06-30 11:07:00,0.4472951243979619,0
2026-06-30 11:08:00,0.41624616916701124,1
2026-06-30 11:09:00,0.3592099118496715,1
2026-06-30 11:10:00,0.4644796416286812,1
2026-06-30 11:11:00,0.37659820676939165,1
2026-06-30 11:12:00,0.4208174075937617,0
2026-06-30 11:13:00,0.5242890460601977,1
2026-06-30 11:14:00,0.42969760484156805,1
2026-06-30 11:15:00,0.41984651687800956,1
2026-06-30 11:16:00,0.4328168855394897,1
2026-06-30 11:17:00,0.4188185059891338,1
2026-06-30 11:18:00,0.36187832258285785,1
2026-06-30 11:19:00,0.3616704555337768,1
2026-06-30 11:20:00,0.41081417331827547,1
2026-06-30 11:21:00,0.36644936707049824,0
2026-06-30 11:22:00,0.4227324649168105,0
2026-06-30 11:23:00,0.3958697507265468,0
2026-06-30 11:24:00,0.4112729790692723,0
2026-06-30 11:25:00,0.3701092653767595,0
2026-06-30 11:26:00,0.4348460199392544,0
2026-06-30 11:27:00,0.42714634491580206,1
2026-06-30 11:28:00,0.4091415842934092,1
2026-06-30 11:29:00,0.3784802088865465,1
2026-06-30 11:30:00,0.4065550354005467,1
2026-06-30 13:01:00,0.34713257687319443,1
2026-06-30 13:02:00,0.32504156973606546,0
2026-06-30 13:03:00,0.33596685452071995,0
2026-06-30 13:04:00,0.4401465178592248,0
2026-06-30 13:05:00,0.4236332690512573,0
2026-06-30 13:06:00,0.48723596161329363,1
2026-06-30 13:07:00,0.4570398262074496,1
2026-06-30 13:08:00,0.41797135403781227,1
2026-06-30 13:09:00,0.38000001559719654,1
2026-06-30 13:10:00,0.3504228084384973,0
2026-06-30 13:11:00,0.3545085505045839,1
2026-06-30 13:12:00,0.2937287155323215,1
2026-06-30 13:13:00,0.33676008256336526,0
2026-06-30 13:14:00,0.3076400724104695,0
2026-06-30 13:15:00,0.3417806630522135,0
2026-06-30 13:16:00,0.33101348521047236,0
2026-06-30 13:17:00,0.4218878180004215,0
2026-06-30 13:18:00,0.43589262251407923,1
2026-06-30 13:19:00,0.40875414166271706,0
2026-06-30 13:20:00,0.44158695542752746,1
2026-06-30 13:21:00,0.3843775455793676,1
2026-06-30 13:22:00,0.4083661979020309,1
2026-06-30 13:23:00,0.33401194479899987,0
2026-06-30 13:24:00,0.35814682259896485,0
2026-06-30 13:25:00,0.39765409353841086,1
2026-06-30 13:26:00,0.359800018169553,1
2026-06-30 13:27:00,0.3522916852567579,1
2026-06-30 13:28:00,0.37955054881894246,1
2026-06-30 13:29:00,0.3379969462809457,1
2026-06-30 13:30:00,0.39622418333915754,0
2026-06-30 13:31:00,0.3473112548673405,0
2026-06-30 13:32:00,0.3393952975320296,0
2026-06-30 13:33:00,0.3582101089058281,1
2026-06-30 13:34:00,0.33943456408131106,1
2026-06-30 13:35:00,0.385297081208495,1
2026-06-30 13:36:00,0.3820859449617435,1
2026-06-30 13:37:00,0.38824141074415863,1
2026-06-30 13:38:00,0.3325913803609671,1
2026-06-30 13:39:00,0.4082937577854844,1
2026-06-30 13:40:00,0.35911920232843997,1
2026-06-30 13:41:00,0.29308940074524936,1
2026-06-30 13:42:00,0.34150030367713297,1
2026-06-30 13:43:00,0.3720660395755871,1
2026-06-30 13:44:00,0.32964313869849693,1
2026-06-30 13:45:00,0.4181949990230286,1
2026-06-30 13:46:00,0.39357669496097525,1
2026-06-30 13:47:00,0.37966232084395124,1
2026-06-30 13:48:00,0.2989912216930952,1
2026-06-30 13:49:00,0.328928114501366,0
2026-06-30 13:50:00,0.3577873102006032,1
2026-06-30 13:51:00,0.3202202811214695,1
2026-06-30 13:52:00,0.4250207361486913,1
2026-06-30 13:53:00,0.3662158355867479,0
2026-06-30 13:54:00,0.40292680172335077,0
2026-06-30 13:55:00,0.4180453640394753,0
2026-06-30 13:56:00,0.3583053001967207,0
2026-06-30 13:57:00,0.34030470814807495,0
2026-06-30 13:58:00,0.388566458999576,0
2026-06-30 13:59:00,0.38137702382684924,0
2026-06-30 14:00:00,0.4124053052758898,0
2026-06-30 14:01:00,0.3399668136390958,0
2026-06-30 14:02:00,0.34869042445362736,0
2026-06-30 14:03:00,0.3183912630075103,0
2026-06-30 14:04:00,0.35225169195293965,0
2026-06-30 14:05:00,0.4083436811639797,0
2026-06-30 14:06:00,0.38251683323475316,0
2026-06-30 14:07:00,0.39229889458820644,0
2026-06-30 14:08:00,0.43721737291370233,0
2026-06-30 14:09:00,0.41306234780893525,0
2026-06-30 14:10:00,0.3790014512401729,0
2026-06-30 14:11:00,0.3938582585861936,0
2026-06-30 14:12:00,0.4592605587356649,0
2026-06-30 14:13:00,0.4851629252868453,0
2026-06-30 14:14:00,0.4222034690455817,0
2026-06-30 14:15:00,0.3843518594781789,0
2026-06-30 14:16:00,0.34305602907949134,1
2026-06-30 14:17:00,0.29803096636470366,1
2026-06-30 14:18:00,0.2930326910109213,1
2026-06-30 14:19:00,0.2686026163137557,1
2026-06-30 14:20:00,0.3572295509078155,1
2026-06-30 14:21:00,0.3599429821462131,1
2026-06-30 14:22:00,0.3939546417399403,1
2026-06-30 14:23:00,0.36752938094217086,1
2026-06-30 14:24:00,0.35160661069390425,1
2026-06-30 14:25:00,0.3256367321504472,1
2026-06-30 14:26:00,0.3638700952167179,1
2026-06-30 14:27:00,0.36596661518802165,1
2026-06-30 14:28:00,0.2667159229879484,1
2026-06-30 14:29:00,0.3033292079982919,1
2026-06-30 14:30:00,0.2619142273762749,1
2026-06-30 14:31:00,0.22106133199898398,1
2026-06-30 14:32:00,0.29243125342885407,1
2026-06-30 14:33:00,0.25969199019183625,1
2026-06-30 14:34:00,0.32894722937351706,1
2026-06-30 14:35:00,0.39708222666343845,1
2026-06-30 14:36:00,0.3712079284949348,1
2026-06-30 14:37:00,0.43684552741297983,1
2026-06-30 14:38:00,0.42247952514292186,1
2026-06-30 14:39:00,0.4110343292802003,1
2026-06-30 14:40:00,0.3754343417520166,0
2026-06-30 14:41:00,0.5947714443470825,1
2026-06-30 14:42:00,0.6195538882758403,1
2026-06-30 14:43:00,0.4935154919048689,1
2026-06-30 14:44:00,0.40935199263472277,0
2026-06-30 14:45:00,0.5240305375667369,1
2026-06-30 14:46:00,0.40797262432154724,0
2026-06-30 14:47:00,0.44053349751524473,0
2026-06-30 14:48:00,0.5165376225189036,0
2026-06-30 14:49:00,0.4329033015633414,0
2026-06-30 14:50:00,0.43616016554667736,0
2026-06-30 14:51:00,0.5371751483424947,0
2026-06-30 14:52:00,0.4747192444911961,0
2026-06-30 14:53:00,0.5446106268917801,0
2026-06-30 14:54:00,0.6176913212448673,0
2026-06-30 14:55:00,0.604692965863225,0
2026-06-30 14:56:00,0.6344425901761631,0
2026-06-30 14:57:00,0.6561249443718243,0
2026-06-30 14:58:00,0.5529549680865095,0
2026-06-30 14:59:00,0.5213393035309842,0
2026-06-30 15:00:00,0.6072275437370936,0
2026-07-01 09:30:00,0.457431117281159,1
2026-07-01 09:31:00,0.5969862214131194,1
2026-07-01 09:32:00,0.5610410967832528,1
2026-07-01 09:33:00,0.6163636827923737,1
2026-07-01 09:34:00,0.5310756428301051,1
2026-07-01 09:35:00,0.44719102643352715,0
2026-07-01 09:36:00,0.49030081302247613,1
2026-07-01 09:37:00,0.4494160797293041,1
2026-07-01 09:38:00,0.371948915005348,1
2026-07-01 09:39:00,0.3819600417335313,1
2026-07-01 09:40:00,0.41926638000965183,0
2026-07-01 09:41:00,0.38634747637390837,0
2026-07-01 09:42:00,0.4183270993966239,0
2026-07-01 09:43:00,0.3854491646810834,0
2026-07-01 09:44:00,0.4299919076302149,0
2026-07-01 09:45:00,0.37294922419231624,0
2026-07-01 09:46:00,0.4631503025226258,0
2026-07-01 09:47:00,0.5055527090559824,1
2026-07-01 09:48:00,0.5208017821418274,1
2026-07-01 09:49:00,0.4943237421845317,1
2026-07-01 09:50:00,0.46050338353364256,1
2026-07-01 09:51:00,0.4980100619137205,1
2026-07-01 09:52:00,0.46100731431265335,0
2026-07-01 09:53:00,0.4732973490032913,0
2026-07-01 09:54:00,0.4909201649720852,0
2026-07-01 09:55:00,0.46275654736378796,0
2026-07-01 09:56:00,0.3949005550189392,1
2026-07-01 09:57:00,0.38208970496261047,1
2026-07-01 09:58:00,0.367464776860629,0
2026-07-01 09:59:00,0.4780515205899517,1
2026-07-01 10:00:00,0.4948351552249103,1
2026-07-01 10:01:00,0.45091840926938326,1
2026-07-01 10:02:00,0.37644452644083315,1
2026-07-01 10:03:00,0.4456851422751937,1
2026-07-01 10:04:00,0.3973202618293839,1
2026-07-01 10:05:00,0.4606062393244663,1
2026-07-01 10:06:00,0.4895589500488542,1
2026-07-01 10:07:00,0.5403351882934221,1
2026-07-01 10:08:00,0.5086413225219678,1
2026-07-01 10:09:00,0.5016578993806372,1
2026-07-01 10:10:00,0.48994585844662397,1
2026-07-01 10:11:00,0.4499607821016489,1
2026-07-01 10:12:00,0.35041824329681753,1
2026-07-01 10:13:00,0.49521296468639003,1
2026-07-01 10:14:00,0.33835861428875597,1
2026-07-01 10:15:00,0.3218777438088357,1
2026-07-01 10:16:00,0.3225580344436138,1
2026-07-01 10:17:00,0.38939266030067393,1
2026-07-01 10:18:00,0.3247484201391761,1
2026-07-01 10:19:00,0.42537386048801656,1
2026-07-01 10:20:00,0.37767018418361215,1
2026-07-01 10:21:00,0.4308254297058565,1
2026-07-01 10:22:00,0.519617888006671,1
2026-07-01 10:23:00,0.43605027850178835,1
2026-07-01 10:24:00,0.47053338031136427,1
2026-07-01 10:25:00,0.39681915433669696,1
2026-07-01 10:26:00,0.3982426468998843,1
2026-07-01 10:27:00,0.3279069199617146,1
2026-07-01 10:28:00,0.42306429850597854,1
2026-07-01 10:29:00,0.4308500522150651,1
2026-07-01 10:30:00,0.4096078660192307,1
2026-07-01 10:31:00,0.39052188832954976,1
2026-07-01 10:32:00,0.41041027168244293,1
2026-07-01 10:33:00,0.4025205514545258,1
2026-07-01 10:34:00,0.43953691544698953,1
2026-07-01 10:35:00,0.41754325573601747,1
2026-07-01 10:36:00,0.45037433394064985,1
2026-07-01 10:37:00,0.5028100328298933,1
2026-07-01 10:38:00,0.42393291572985997,1
2026-07-01 10:39:00,0.42859142630555414,1
2026-07-01 10:40:00,0.4158737465413167,1
2026-07-01 10:41:00,0.3966045994446371,0
2026-07-01 10:42:00,0.41860280089901636,1
2026-07-01 10:43:00,0.3938762022690156,1
2026-07-01 10:44:00,0.4599771988652601,1
2026-07-01 10:45:00,0.4525536985730833,1
2026-07-01 10:46:00,0.346491865340826,1
2026-07-01 10:47:00,0.4529798192512884,0
2026-07-01 10:48:00,0.4256589130322354,1
2026-07-01 10:49:00,0.40264291671758035,1
2026-07-01 10:50:00,0.4234938947734371,1
2026-07-01 10:51:00,0.41352775939053843,0
2026-07-01 10:52:00,0.40955482015508365,0
2026-07-01 10:53:00,0.3712517001114913,0
2026-07-01 10:54:00,0.424445173053682,0
2026-07-01 10:55:00,0.41609823812245594,1
2026-07-01 10:56:00,0.3874626478983699,0
2026-07-01 10:57:00,0.39290537123870467,0
2026-07-01 10:58:00,0.4542295733468504,0
2026-07-01 10:59:00,0.4532463387605793,0
2026-07-01 11:00:00,0.4212202237716484,0
2026-07-01 11:01:00,0.43153366214361283,0
2026-07-01 11:02:00,0.348292282408878,0
2026-07-01 11:03:00,0.41405762651285244,0
2026-07-01 11:04:00,0.43473490955338384,0
2026-07-01 11:05:00,0.41358837633714574,0
2026-07-01 11:06:00,0.42331366350934485,0
2026-07-01 11:07:00,0.41503717697141057,0
2026-07-01 11:08:00,0.43626849002441304,0
2026-07-01 11:09:00,0.35116927754162947,0
2026-07-01 11:10:00,0.36718233030442854,0
2026-07-01 11:11:00,0.38645675582810923,0
2026-07-01 11:12:00,0.4820944118454252,0
2026-07-01 11:13:00,0.472085116405271,0
2026-07-01 11:14:00,0.4575043310229335,0
2026-07-01 11:15:00,0.4901504732769364,0
2026-07-01 11:16:00,0.5862197584312979,1
2026-07-01 11:17:00,0.4585199170837863,1
2026-07-01 11:18:00,0.43058945267751586,1
2026-07-01 11:19:00,0.42521799195068,1
2026-07-01 11:20:00,0.48293801580135415,1
2026-07-01 11:21:00,0.5533285070100011,1
2026-07-01 11:22:00,0.6095724081239077,1
2026-07-01 11:23:00,0.6410843017296759,1
2026-07-01 11:24:00,0.4880459655421913,1
2026-07-01 11:25:00,0.5106079031965031,1
2026-07-01 11:26:00,0.36365946792165493,1
2026-07-01 11:27:00,0.3370823962576239,1
2026-07-01 11:28:00,0.42302560363298547,1
2026-07-01 11:29:00,0.3879146329534058,1
2026-07-01 11:30:00,0.33764202336467397,0
2026-07-01 13:01:00,0.33905046229664787,0
2026-07-01 13:02:00,0.46144487093673703,0
2026-07-01 13:03:00,0.43842257378992466,0
2026-07-01 13:04:00,0.41380370290598634,0
2026-07-01 13:05:00,0.43537113262607696,1
2026-07-01 13:06:00,0.3591415252337771,0
2026-07-01 13:07:00,0.4074159738141858,1
2026-07-01 13:08:00,0.3846081944796691,1
2026-07-01 13:09:00,0.37701156603767216,1
2026-07-01 13:10:00,0.42700023926898545,0
2026-07-01 13:11:00,0.4441201820739114,0
2026-07-01 13:12:00,0.39798896590002447,0
2026-07-01 13:13:00,0.38671743999955266,0
2026-07-01 13:14:00,0.49981798051027615,1
2026-07-01 13:15:00,0.4352911178825134,1
2026-07-01 13:16:00,0.4585246000258515,1
2026-07-01 13:17:00,0.4487200171883872,1
2026-07-01 13:18:00,0.3451576357197893,1
2026-07-01 13:19:00,0.3582593741027133,1
2026-07-01 13:20:00,0.38926418182658157,1
2026-07-01 13:21:00,0.4502404085717588,1
2026-07-01 13:22:00,0.2790769610738241,1
2026-07-01 13:23:00,0.31742670004442197,1
2026-07-01 13:24:00,0.42771576771583025,1
2026-07-01 13:25:00,0.4081419554550841,0
2026-07-01 13:26:00,0.38081749193090003,1
2026-07-01 13:27:00,0.3779688915133571,1
2026-07-01 13:28:00,0.4704949621983568,1
2026-07-01 13:29:00,0.3631385333600313,0
2026-07-01 13:30:00,0.47713752387807046,0
2026-07-01 13:31:00,0.39370140565958345,0
2026-07-01 13:32:00,0.3518967874263887,0
2026-07-01 13:33:00,0.3952716591861915,0
2026-07-01 13:34:00,0.38525510119110923,0
2026-07-01 13:35:00,0.40454827669686355,0
2026-07-01 13:36:00,0.39617733164846525,0
2026-07-01 13:37:00,0.3889657116483285,0
2026-07-01 13:38:00,0.36975281322905545,0
2026-07-01 13:39:00,0.3472986043717689,0
2026-07-01 13:40:00,0.507191262716118,0
2026-07-01 13:41:00,0.4892661951040232,0
2026-07-01 13:42:00,0.4197366308281659,0
2026-07-01 13:43:00,0.5502433597822312,1
2026-07-01 13:44:00,0.5173046648291355,1
2026-07-01 13:45:00,0.4261032230303969,1
2026-07-01 13:46:00,0.5085035854780646,1
2026-07-01 13:47:00,0.4396866860268709,1
2026-07-01 13:48:00,0.46525189400367245,1
2026-07-01 13:49:00,0.3380611663635767,1
2026-07-01 13:50:00,0.3970308065056741,1
2026-07-01 13:51:00,0.428728574231131,1
2026-07-01 13:52:00,0.5213830037050161,1
2026-07-01 13:53:00,0.4243969863155701,1
2026-07-01 13:54:00,0.42853082468032955,1
2026-07-01 13:55:00,0.3721396320954227,1
2026-07-01 13:56:00,0.43581850750417106,1
2026-07-01 13:57:00,0.39142453066972255,1
2026-07-01 13:58:00,0.2712418295957821,0
2026-07-01 13:59:00,0.28764100132822973,0
2026-07-01 14:00:00,0.28980407170918787,0
2026-07-01 14:01:00,0.2462279327385748,0
2026-07-01 14:02:00,0.3665529505826324,0
2026-07-01 14:03:00,0.3374152078241974,0
2026-07-01 14:04:00,0.3873538113440872,0
2026-07-01 14:05:00,0.4541006201804088,0
2026-07-01 14:06:00,0.4119753663113852,0
2026-07-01 14:07:00,0.3903935544001439,0
2026-07-01 14:08:00,0.39239948214258513,0
2026-07-01 14:09:00,0.3838433433736715,0
2026-07-01 14:10:00,0.42102201856115007,1
2026-07-01 14:11:00,0.4259980184445593,1
2026-07-01 14:12:00,0.39169500809601904,0
2026-07-01 14:13:00,0.4061725279389956,1
2026-07-01 14:14:00,0.3691721967390295,1
2026-07-01 14:15:00,0.44586023832549665,1
2026-07-01 14:16:00,0.3657632112434644,1
2026-07-01 14:17:00,0.40612609271303773,1
2026-07-01 14:18:00,0.36614645180788286,1
2026-07-01 14:19:00,0.3274695851409257,1
2026-07-01 14:20:00,0.33468042235320566,1
2026-07-01 14:21:00,0.3750800560929381,1
2026-07-01 14:22:00,0.3597382237788753,0
2026-07-01 14:23:00,0.26788835498689767,0
2026-07-01 14:24:00,0.33779403923205453,0
2026-07-01 14:25:00,0.35136876181815996,0
2026-07-01 14:26:00,0.3082798061395387,0
2026-07-01 14:27:00,0.2527392297509069,0
2026-07-01 14:28:00,0.33035335621752365,0
2026-07-01 14:29:00,0.3399721129699408,0
2026-07-01 14:30:00,0.3535086141052456,0
2026-07-01 14:31:00,0.3264099812811559,0
2026-07-01 14:32:00,0.3920852367290004,0
2026-07-01 14:33:00,0.35732284710339035,1
2026-07-01 14:34:00,0.40108229157532715,1
2026-07-01 14:35:00,0.4192783222743892,1
2026-07-01 14:36:00,0.4005540726288328,0
2026-07-01 14:37:00,0.3695675742453631,1
2026-07-01 14:38:00,0.48654739002332936,1
2026-07-01 14:39:00,0.4708490644501263,1
2026-07-01 14:40:00,0.5169110111639956,1
2026-07-01 14:41:00,0.5330462460897448,1
2026-07-01 14:42:00,0.5509301300408308,1
2026-07-01 14:43:00,0.42880081483941557,1
2026-07-01 14:44:00,0.46955609404996856,1
2026-07-01 14:45:00,0.5264148361496074,1
2026-07-01 14:46:00,0.4337331991798898,0
2026-07-01 14:47:00,0.4257096343830338,0
2026-07-01 14:48:00,0.4262359444966341,0
2026-07-01 14:49:00,0.4440293152409207,0
2026-07-01 14:50:00,0.4017017031816455,0
2026-07-01 14:51:00,0.5347738714035299,0
2026-07-01 14:52:00,0.5712879417381208,0
2026-07-01 14:53:00,0.5560666180048478,0
2026-07-01 14:54:00,0.5235535525207402,0
2026-07-01 14:55:00,0.5515361806075253,0
2026-07-01 14:56:00,0.5120875745937762,0
2026-07-01 14:57:00,0.569827482550116,0
2026-07-01 14:58:00,0.5472545922179405,0
2026-07-01 14:59:00,0.5467296069026214,0
2026-07-01 15:00:00,0.5381851736766599,0
2026-07-02 09:30:00,0.5180178449425763,1
2026-07-02 09:31:00,0.48712051303664156,0
2026-07-02 09:32:00,0.6013548484971272,1
2026-07-02 09:33:00,0.6148102419241582,1
2026-07-02 09:34:00,0.6072039900627054,1
2026-07-02 09:35:00,0.510919412854219,0
2026-07-02 09:36:00,0.49951710433182905,0
2026-07-02 09:37:00,0.446113589509981,0
2026-07-02 09:38:00,0.5093400854168778,0
2026-07-02 09:39:00,0.43877111826371373,0
2026-07-02 09:40:00,0.40575705152890146,0
2026-07-02 09:41:00,0.36616879199019303,0
2026-07-02 09:42:00,0.44609941781419044,0
2026-07-02 09:43:00,0.5271690882284487,0
2026-07-02 09:44:00,0.4899250919728662,0
2026-07-02 09:45:00,0.4471339232416324,0
2026-07-02 09:46:00,0.5215325095940772,1
2026-07-02 09:47:00,0.4832929212628119,1
2026-07-02 09:48:00,0.4518856100194434,0
2026-07-02 09:49:00,0.41826997562274576,0
2026-07-02 09:50:00,0.45395241779999956,0
2026-07-02 09:51:00,0.46591793388232255,0
2026-07-02 09:52:00,0.44982477828518264,0
2026-07-02 09:53:00,0.46217977166755186,1
2026-07-02 09:54:00,0.462082732201302,1
2026-07-02 09:55:00,0.4212258121977615,1
2026-07-02 09:56:00,0.5143580399155337,1
2026-07-02 09:57:00,0.3959498598357808,1
2026-07-02 09:58:00,0.38898173255928853,1
2026-07-02 09:59:00,0.45035328171217426,1
2026-07-02 10:00:00,0.4879000968114857,1
2026-07-02 10:01:00,0.5031299856974789,1
2026-07-02 10:02:00,0.46800196844152425,1
2026-07-02 10:03:00,0.4777532926214515,1
2026-07-02 10:04:00,0.46873682435831043,1
2026-07-02 10:05:00,0.5192962573812071,1
2026-07-02 10:06:00,0.5323406876647068,1
2026-07-02 10:07:00,0.5759335777362565,1
2026-07-02 10:08:00,0.44264013966021437,1
2026-07-02 10:09:00,0.4456354589683034,1
2026-07-02 10:10:00,0.3327187797622735,1
2026-07-02 10:11:00,0.4755387881476539,1
2026-07-02 10:12:00,0.4040484477541208,1
2026-07-02 10:13:00,0.4682492357333363,0
2026-07-02 10:14:00,0.29412333584249806,0
2026-07-02 10:15:00,0.38919997932386025,0
2026-07-02 10:16:00,0.43632318834374156,0
2026-07-02 10:17:00,0.4875500878548541,1
2026-07-02 10:18:00,0.5007223021289291,1
2026-07-02 10:19:00,0.44503548789797187,1
2026-07-02 10:20:00,0.48487162036075787,1
2026-07-02 10:21:00,0.4554431201988518,1
2026-07-02 10:22:00,0.3508579434155223,1
2026-07-02 10:23:00,0.31131662506617885,1
2026-07-02 10:24:00,0.33534283683944816,0
2026-07-02 10:25:00,0.36551623113731135,1
2026-07-02 10:26:00,0.36517908248223047,0
2026-07-02 10:27:00,0.48560205053714744,1
2026-07-02 10:28:00,0.5076227930362377,1
2026-07-02 10:29:00,0.46277944339837007,1
2026-07-02 10:30:00,0.4417571329799376,1
2026-07-02 10:31:00,0.45088259899272887,1
2026-07-02 10:32:00,0.46086148174299335,1
2026-07-02 10:33:00,0.3275061891786339,1
2026-07-02 10:34:00,0.33764278020005833,1
2026-07-02 10:35:00,0.3202142773599036,1
2026-07-02 10:36:00,0.3496117083816299,1
2026-07-02 10:37:00,0.3654777588902379,0
2026-07-02 10:38:00,0.40845080375203474,0
2026-07-02 10:39:00,0.4108411822410068,0
2026-07-02 10:40:00,0.41367869568830556,0
2026-07-02 10:41:00,0.43765590869593074,1
2026-07-02 10:42:00,0.3992680563269567,0
2026-07-02 10:43:00,0.44416515032610415,1
2026-07-02 10:44:00,0.37993201545927385,0
2026-07-02 10:45:00,0.4335168215066558,0
2026-07-02 10:46:00,0.33051149922277767,0
2026-07-02 10:47:00,0.43354070817684104,0
2026-07-02 10:48:00,0.35686886261707906,0
2026-07-02 10:49:00,0.365405321674026,0
2026-07-02 10:50:00,0.44826972381241675,0
2026-07-02 10:51:00,0.46668458853519434,0
2026-07-02 10:52:00,0.4910634808581698,0
2026-07-02 10:53:00,0.47879168113058607,0
2026-07-02 10:54:00,0.46363259922074823,0
2026-07-02 10:55:00,0.45978071165430384,0
2026-07-02 10:56:00,0.4275138197644981,0
2026-07-02 10:57:00,0.38024597528744203,1
2026-07-02 10:58:00,0.3182490932193639,0
2026-07-02 10:59:00,0.3380923664371155,0
2026-07-02 11:00:00,0.485658927425904,1
2026-07-02 11:01:00,0.4896515040598732,1
2026-07-02 11:02:00,0.5186819669514913,1
2026-07-02 11:03:00,0.4483583595036961,1
2026-07-02 11:04:00,0.4684860045858069,1
2026-07-02 11:05:00,0.41435646115249763,1
2026-07-02 11:06:00,0.4582277042597389,1
2026-07-02 11:07:00,0.43601656038136843,1
2026-07-02 11:08:00,0.4484842265830462,1
2026-07-02 11:09:00,0.471368527723378,1
2026-07-02 11:10:00,0.4443059594576318,1
2026-07-02 11:11:00,0.400298201114284,1
2026-07-02 11:12:00,0.34822610518335684,1
2026-07-02 11:13:00,0.3621798786896221,1
2026-07-02 11:14:00,0.43464638406453454,1
2026-07-02 11:15:00,0.4016633242899588,1
2026-07-02 11:16:00,0.4096020100992684,1
2026-07-02 11:17:00,0.3992982735551497,1
2026-07-02 11:18:00,0.4347117796194036,1
2026-07-02 11:19:00,0.35923022584414543,1
2026-07-02 11:20:00,0.3698482708606485,1
2026-07-02 11:21:00,0.35600920840101014,0
2026-07-02 11:22:00,0.3111991434342652,0
2026-07-02 11:23:00,0.3628706016170841,1
2026-07-02 11:24:00,0.39207643624828764,1
2026-07-02 11:25:00,0.43680249882318417,1
2026-07-02 11:26:00,0.40206076588860024,1
2026-07-02 11:27:00,0.4375333164882693,1
2026-07-02 11:28:00,0.43380411289972615,0
2026-07-02 11:29:00,0.4400912577566591,0
2026-07-02 11:30:00,0.41208546008134245,0
2026-07-02 13:01:00,0.4726896777962373,1
2026-07-02 13:02:00,0.3727626301507015,0
2026-07-02 13:03:00,0.46485715033378205,0
2026-07-02 13:04:00,0.3662090600620672,0
2026-07-02 13:05:00,0.4335294146020063,0
2026-07-02 13:06:00,0.3624489941813695,0
2026-07-02 13:07:00,0.3821295475724139,0
2026-07-02 13:08:00,0.31636280530970834,0
2026-07-02 13:09:00,0.34321227773774093,0
2026-07-02 13:10:00,0.3655632885754617,0
2026-07-02 13:11:00,0.36919824342152185,0
2026-07-02 13:12:00,0.48193461593977116,0
2026-07-02 13:13:00,0.48395227936429946,0
2026-07-02 13:14:00,0.417447007474905,0
2026-07-02 13:15:00,0.36679175112206447,0
2026-07-02 13:16:00,0.45963278681795566,0
2026-07-02 13:17:00,0.49108530964266606,0
2026-07-02 13:18:00,0.4712859578180275,0
2026-07-02 13:19:00,0.4702115382013252,0
2026-07-02 13:20:00,0.4550926513351319,0
2026-07-02 13:21:00,0.3550050942166991,0
2026-07-02 13:22:00,0.4471586015894557,0
2026-07-02 13:23:00,0.3578369862944249,0
2026-07-02 13:24:00,0.3383676637502101,0
2026-07-02 13:25:00,0.3352816406957386,0
2026-07-02 13:26:00,0.372800087961816,0
2026-07-02 13:27:00,0.3627278661979711,0
2026-07-02 13:28:00,0.4117396299369753,0
2026-07-02 13:29:00,0.43504526104025,0
2026-07-02 13:30:00,0.4052348956145259,0
2026-07-02 13:31:00,0.4639440666258302,0
2026-07-02 13:32:00,0.5049374366892783,0
2026-07-02 13:33:00,0.4155643530930734,0
2026-07-02 13:34:00,0.4416357573394136,0
2026-07-02 13:35:00,0.37088258011187303,0
2026-07-02 13:36:00,0.3686967128144143,0
2026-07-02 13:37:00,0.3426031223816395,0
2026-07-02 13:38:00,0.40301945726215904,1
2026-07-02 13:39:00,0.45579477433449206,1
2026-07-02 13:40:00,0.46373756269724353,1
2026-07-02 13:41:00,0.3707615506430131,1
2026-07-02 13:42:00,0.3318741729009498,1
2026-07-02 13:43:00,0.3607911716852343,1
2026-07-02 13:44:00,0.38216284262648215,1
2026-07-02 13:45:00,0.32614064984844715,1
2026-07-02 13:46:00,0.2857383865664824,1
2026-07-02 13:47:00,0.25926076537206005,1
2026-07-02 13:48:00,0.3650472342030934,1
2026-07-02 13:49:00,0.34516103406091314,1
2026-07-02 13:50:00,0.37594219451196986,0
2026-07-02 13:51:00,0.3461378478152311,0
2026-07-02 13:52:00,0.31874735623261874,0
2026-07-02 13:53:00,0.33302897324834224,0
2026-07-02 13:54:00,0.3449971267776768,0
2026-07-02 13:55:00,0.30422769312620257,0
2026-07-02 13:56:00,0.35092763454027365,0
2026-07-02 13:57:00,0.3816719952698415,0
2026-07-02 13:58:00,0.43403559080962684,0
2026-07-02 13:59:00,0.36490462525460343,0
2026-07-02 14:00:00,0.325453145189681,0
2026-07-02 14:01:00,0.36022219459619176,0
2026-07-02 14:02:00,0.38811633659303163,0
2026-07-02 14:03:00,0.40451878022008275,0
2026-07-02 14:04:00,0.40411170416450315,0
2026-07-02 14:05:00,0.48022406644703153,1
2026-07-02 14:06:00,0.4246210344130504,1
2026-07-02 14:07:00,0.4037006784344268,0
2026-07-02 14:08:00,0.34747677179844183,1
2026-07-02 14:09:00,0.30703476922207706,0
2026-07-02 14:10:00,0.2587286027456199,0
2026-07-02 14:11:00,0.27279632543934873,0
2026-07-02 14:12:00,0.3653002695690436,0
2026-07-02 14:13:00,0.4170478588014861,0
2026-07-02 14:14:00,0.3756338828712578,0
2026-07-02 14:15:00,0.38894972462450494,0
2026-07-02 14:16:00,0.4153519642918899,0
2026-07-02 14:17:00,0.3367237570782402,0
2026-07-02 14:18:00,0.3600076682625245,0
2026-07-02 14:19:00,0.34281388285542996,0
2026-07-02 14:20:00,0.2968676024632359,0
2026-07-02 14:21:00,0.30694576073425817,0
2026-07-02 14:22:00,0.3271219994385445,0
2026-07-02 14:23:00,0.3191384093322307,0
2026-07-02 14:24:00,0.3146155973297199,0
2026-07-02 14:25:00,0.3287115689397108,0
2026-07-02 14:26:00,0.37890283482930515,0
2026-07-02 14:27:00,0.44825714620260115,0
2026-07-02 14:28:00,0.4209772149723435,0
2026-07-02 14:29:00,0.4346221074936016,0
2026-07-02 14:30:00,0.3694985308261993,0
2026-07-02 14:31:00,0.4551166692495207,0
2026-07-02 14:32:00,0.3949851626010467,0
2026-07-02 14:33:00,0.3676326909986394,0
2026-07-02 14:34:00,0.4417109068930722,0
2026-07-02 14:35:00,0.4566921321676083,0
2026-07-02 14:36:00,0.48791982810804213,0
2026-07-02 14:37:00,0.4220348723609746,0
2026-07-02 14:38:00,0.4200288481801678,0
2026-07-02 14:39:00,0.4165262007446177,0
2026-07-02 14:40:00,0.4634168600871919,0
2026-07-02 14:41:00,0.4868540022324639,1
2026-07-02 14:42:00,0.48222616115794165,1
2026-07-02 14:43:00,0.42519236462308957,1
2026-07-02 14:44:00,0.44310755113980693,1
2026-07-02 14:45:00,0.5020425846582721,1
2026-07-02 14:46:00,0.41283564047138616,1
2026-07-02 14:47:00,0.4179870123523236,1
2026-07-02 14:48:00,0.3814018830394576,0
2026-07-02 14:49:00,0.4298248647566747,0
2026-07-02 14:50:00,0.4737701173837336,1
2026-07-02 14:51:00,0.4847909598379054,1
2026-07-02 14:52:00,0.5056110924939976,1
2026-07-02 14:53:00,0.48480275967624964,1
2026-07-02 14:54:00,0.5011701242954321,1
2026-07-02 14:55:00,0.4239880873976001,1
2026-07-02 14:56:00,0.41109411544839763,1
2026-07-02 14:57:00,0.43338169333537035,1
2026-07-02 14:58:00,0.500525098720771,1
2026-07-02 14:59:00,0.5084257047727916,1
2026-07-02 15:00:00,0.4164024935172952,1
2026-07-03 09:30:00,0.5244290027263162,1
2026-07-03 09:31:00,0.5239474245347818,1
2026-07-03 09:32:00,0.535263485527442,1
2026-07-03 09:33:00,0.5539333261296339,1
2026-07-03 09:34:00,0.5187274403066445,0
2026-07-03 09:35:00,0.42008083139924374,0
2026-07-03 09:36:00,0.4648738652514845,0
2026-07-03 09:37:00,0.502039413067497,0
2026-07-03 09:38:00,0.4305933899582099,0
2026-07-03 09:39:00,0.48027238511933673,0
2026-07-03 09:40:00,0.496621084468239,0
2026-07-03 09:41:00,0.5712317030972135,0
2026-07-03 09:42:00,0.4759274698774999,0
2026-07-03 09:43:00,0.4544403681941071,0
2026-07-03 09:44:00,0.47820377826021054,0
2026-07-03 09:45:00,0.49222947196653727,0
2026-07-03 09:46:00,0.4728089884912577,0
2026-07-03 09:47:00,0.543026926235687,0
2026-07-03 09:48:00,0.4656042371760345,0
2026-07-03 09:49:00,0.45102322526015354,1
2026-07-03 09:50:00,0.4619822514299573,0
2026-07-03 09:51:00,0.45251405240450243,0
2026-07-03 09:52:00,0.4679759379393422,1
2026-07-03 09:53:00,0.4608225921766257,1
2026-07-03 09:54:00,0.4599611420113981,1
2026-07-03 09:55:00,0.43227218025446196,1
2026-07-03 09:56:00,0.4082757773532467,1
2026-07-03 09:57:00,0.4677890148793051,1
2026-07-03 09:58:00,0.4530084894074345,1
2026-07-03 09:59:00,0.4594844932514604,1
2026-07-03 10:00:00,0.38570719753091254,1
2026-07-03 10:01:00,0.41456675058505643,1
2026-07-03 10:02:00,0.4456059485081005,1
2026-07-03 10:03:00,0.465721552876835,1
2026-07-03 10:04:00,0.4388181246997266,0
2026-07-03 10:05:00,0.47460851484677724,0
2026-07-03 10:06:00,0.45440976959144935,1
2026-07-03 10:07:00,0.45749747089093595,0
2026-07-03 10:08:00,0.4283598714996777,0
2026-07-03 10:09:00,0.3355511747603541,0
2026-07-03 10:10:00,0.41796270198891,0
2026-07-03 10:11:00,0.54415976782529,0
2026-07-03 10:12:00,0.5475828115642221,0
2026-07-03 10:13:00,0.50834046898416,0
2026-07-03 10:14:00,0.5092165036524645,0
2026-07-03 10:15:00,0.47976677024300857,0
2026-07-03 10:16:00,0.4804256608257697,0
2026-07-03 10:17:00,0.5198163352768023,0
2026-07-03 10:18:00,0.4149960921191121,0
2026-07-03 10:19:00,0.47174778803312006,0
2026-07-03 10:20:00,0.42844237323282175,1
2026-07-03 10:21:00,0.4094130501853934,1
2026-07-03 10:22:00,0.4967717355203573,1
2026-07-03 10:23:00,0.4403572236783258,1
2026-07-03 10:24:00,0.40383590200519814,0
2026-07-03 10:25:00,0.42967206311405304,1
2026-07-03 10:26:00,0.37602820299655376,0
2026-07-03 10:27:00,0.3954361703663668,0
2026-07-03 10:28:00,0.3379946373221281,0
2026-07-03 10:29:00,0.44121708464670994,1
2026-07-03 10:30:00,0.42034048112971667,0
2026-07-03 10:31:00,0.3958451647273797,0
2026-07-03 10:32:00,0.4251080118257062,1
2026-07-03 10:33:00,0.3985157798227257,1
2026-07-03 10:34:00,0.4136323358133462,1
2026-07-03 10:35:00,0.44423698567493675,0
2026-07-03 10:36:00,0.4294505902200123,0
2026-07-03 10:37:00,0.4427306074636254,0
2026-07-03 10:38:00,0.45441531326912415,0
2026-07-03 10:39:00,0.44749699444015084,0
2026-07-03 10:40:00,0.5108906450871744,0
2026-07-03 10:41:00,0.4616604934114297,0
2026-07-03 10:42:00,0.44510583018383404,0
2026-07-03 10:43:00,0.42659455151133474,0
2026-07-03 10:44:00,0.46628852500291357,0
2026-07-03 10:45:00,0.4389372261986196,1
2026-07-03 10:46:00,0.39656339122929357,0
2026-07-03 10:47:00,0.4139110797899097,0
2026-07-03 10:48:00,0.43881365883693463,0
2026-07-03 10:49:00,0.46253750557058754,0
2026-07-03 10:50:00,0.46517587350970085,0
2026-07-03 10:51:00,0.3997379425947425,0
2026-07-03 10:52:00,0.44308428101176867,0
2026-07-03 10:53:00,0.4088898858785493,0
2026-07-03 10:54:00,0.4398718021287068,0
2026-07-03 10:55:00,0.42812790321997135,1
2026-07-03 10:56:00,0.4087160733857548,1
2026-07-03 10:57:00,0.40805574828643076,1
2026-07-03 10:58:00,0.3803521463554108,0
2026-07-03 10:59:00,0.36908423109932237,0
2026-07-03 11:00:00,0.35889739528488646,0
2026-07-03 11:01:00,0.4366759361774149,0
2026-07-03 11:02:00,0.39065269347412923,0
2026-07-03 11:03:00,0.3940594775057513,0
2026-07-03 11:04:00,0.4522867014282566,0
2026-07-03 11:05:00,0.4142332076362648,0
2026-07-03 11:06:00,0.4003017486021181,0
2026-07-03 11:07:00,0.4159656265688026,0
2026-07-03 11:08:00,0.42032792464203483,0
2026-07-03 11:09:00,0.400851822487077,0
2026-07-03 11:10:00,0.4526951613858288,0
2026-07-03 11:11:00,0.40215770954802493,0
2026-07-03 11:12:00,0.37336550984760997,0
2026-07-03 11:13:00,0.4124074522203255,0
2026-07-03 11:14:00,0.3455895490324975,0
2026-07-03 11:15:00,0.41378277139347897,0
2026-07-03 11:16:00,0.40958256865990533,0
2026-07-03 11:17:00,0.4080191313690907,1
2026-07-03 11:18:00,0.4101181964058471,1
2026-07-03 11:19:00,0.4025037237265262,1
2026-07-03 11:20:00,0.43143891596396905,1
2026-07-03 11:21:00,0.45861185893602724,1
2026-07-03 11:22:00,0.43732099618198095,1
2026-07-03 11:23:00,0.44778640989861684,1
2026-07-03 11:24:00,0.3880013860230257,1
2026-07-03 11:25:00,0.4369822404175075,1
2026-07-03 11:26:00,0.4377392670827299,1
2026-07-03 11:27:00,0.4108038067795084,1
2026-07-03 11:28:00,0.3497021651257716,1
2026-07-03 11:29:00,0.3442484554167859,1
2026-07-03 11:30:00,0.36178295852984843,1
2026-07-03 13:01:00,0.3250384230359648,1
2026-07-03 13:02:00,0.337683570043209,1
2026-07-03 13:03:00,0.35589896964126577,0
2026-07-03 13:04:00,0.41807662940207996,1
2026-07-03 13:05:00,0.4635495188801288,1
2026-07-03 13:06:00,0.39296186714981696,1
2026-07-03 13:07:00,0.4152581323731415,1
2026-07-03 13:08:00,0.36534039701296345,0
2026-07-03 13:09:00,0.4416479473977023,0
2026-07-03 13:10:00,0.38645577485634447,0
2026-07-03 13:11:00,0.3829847129723423,0
2026-07-03 13:12:00,0.33207814056960516,0
2026-07-03 13:13:00,0.4478548469132466,0
2026-07-03 13:14:00,0.32072080580622475,0
2026-07-03 13:15:00,0.4835900594949097,0
2026-07-03 13:16:00,0.4199327969086887,0
2026-07-03 13:17:00,0.3708521931118582,0
2026-07-03 13:18:00,0.37518008172521633,0
2026-07-03 13:19:00,0.4147869953159328,0
2026-07-03 13:20:00,0.4787248055064126,1
2026-07-03 13:21:00,0.3708541862804058,0
2026-07-03 13:22:00,0.48148711944367173,1
2026-07-03 13:23:00,0.3307875039508789,1
2026-07-03 13:24:00,0.37633274807185646,0
2026-07-03 13:25:00,0.44708554965420955,1
2026-07-03 13:26:00,0.46960765552933054,1
2026-07-03 13:27:00,0.42392751501120834,1
2026-07-03 13:28:00,0.44578028676958575,1
2026-07-03 13:29:00,0.4708471619077405,1
2026-07-03 13:30:00,0.43684905456146356,1
2026-07-03 13:31:00,0.4228318581620964,1
2026-07-03 13:32:00,0.3796133062291567,1
2026-07-03 13:33:00,0.45992656807959315,1
2026-07-03 13:34:00,0.3761076824309862,1
2026-07-03 13:35:00,0.27366354166209783,1
2026-07-03 13:36:00,0.3487759664241923,1
2026-07-03 13:37:00,0.2711251056815917,1
2026-07-03 13:38:00,0.36617235427016487,1
2026-07-03 13:39:00,0.3558403874481544,1
2026-07-03 13:40:00,0.33320312715089595,1
2026-07-03 13:41:00,0.30258335363464767,1
2026-07-03 13:42:00,0.27237933707101325,1
2026-07-03 13:43:00,0.321576056179113,1
2026-07-03 13:44:00,0.32649540068847055,1
2026-07-03 13:45:00,0.3382576849065275,1
2026-07-03 13:46:00,0.28940787276979213,0
2026-07-03 13:47:00,0.31420807148239793,0
2026-07-03 13:48:00,0.3124828903059613,0
2026-07-03 13:49:00,0.3207877462710609,0
2026-07-03 13:50:00,0.38351339669700113,0
2026-07-03 13:51:00,0.3665089330167643,0
2026-07-03 13:52:00,0.3527264559524548,0
2026-07-03 13:53:00,0.3776182551521788,0
2026-07-03 13:54:00,0.42721042425998584,0
2026-07-03 13:55:00,0.35988871819946083,0
2026-07-03 13:56:00,0.4095366804108597,0
2026-07-03 13:57:00,0.4139185625840581,0
2026-07-03 13:58:00,0.40581735027567545,0
2026-07-03 13:59:00,0.3372215461048844,0
2026-07-03 14:00:00,0.30093736985508235,0
2026-07-03 14:01:00,0.3644128920120594,0
2026-07-03 14:02:00,0.3774137876041129,0
2026-07-03 14:03:00,0.4285119135899931,0
2026-07-03 14:04:00,0.35853775126142073,0
2026-07-03 14:05:00,0.330123358564692,0
2026-07-03 14:06:00,0.2686998928458991,0
2026-07-03 14:07:00,0.26042385655190725,0
2026-07-03 14:08:00,0.35794306429893985,0
2026-07-03 14:09:00,0.38562854643450745,0
2026-07-03 14:10:00,0.3555724452358444,0
2026-07-03 14:11:00,0.3752156004075947,0
2026-07-03 14:12:00,0.4959055315174722,0
2026-07-03 14:13:00,0.40498276364169916,0
2026-07-03 14:14:00,0.4427414585129083,0
2026-07-03 14:15:00,0.3422739053815031,0
2026-07-03 14:16:00,0.42009004856541704,0
2026-07-03 14:17:00,0.43919379691769367,0
2026-07-03 14:18:00,0.3886737673597667,0
2026-07-03 14:19:00,0.39831907678303125,0
2026-07-03 14:20:00,0.4243694278474773,0
2026-07-03 14:21:00,0.3493298874467019,0
2026-07-03 14:22:00,0.31335857867599715,0
2026-07-03 14:23:00,0.3014029278612119,0
2026-07-03 14:24:00,0.44293858676870945,1
2026-07-03 14:25:00,0.4608206072889776,1
2026-07-03 14:26:00,0.4244572369140094,1
2026-07-03 14:27:00,0.44927625207022676,1
2026-07-03 14:28:00,0.30075299294237984,0
2026-07-03 14:29:00,0.336286837396257,0
2026-07-03 14:30:00,0.32780339459521934,0
2026-07-03 14:31:00,0.3847426417536704,1
2026-07-03 14:32:00,0.3528005435766911,1
2026-07-03 14:33:00,0.38800294749963266,1
2026-07-03 14:34:00,0.37363715358898664,1
2026-07-03 14:35:00,0.3236275244743134,1
2026-07-03 14:36:00,0.324256249330077,1
2026-07-03 14:37:00,0.37987420937919314,1
2026-07-03 14:38:00,0.33732787135272235,1
2026-07-03 14:39:00,0.3705742962818711,1
2026-07-03 14:40:00,0.3187445249937569,1
2026-07-03 14:41:00,0.48803768799596925,1
2026-07-03 14:42:00,0.5689864266499535,1
2026-07-03 14:43:00,0.4379062800148336,1
2026-07-03 14:44:00,0.42264528467859075,1
2026-07-03 14:45:00,0.44721022615944345,1
2026-07-03 14:46:00,0.3496379742608397,0
2026-07-03 14:47:00,0.4206310032526419,0
2026-07-03 14:48:00,0.36654551255131834,0
2026-07-03 14:49:00,0.3993777550956234,0
2026-07-03 14:50:00,0.34242589971764237,0
2026-07-03 14:51:00,0.36632316859221864,0
2026-07-03 14:52:00,0.4105233618475222,0
2026-07-03 14:53:00,0.40123618979100695,0
2026-07-03 14:54:00,0.41019814464649035,0
2026-07-03 14:55:00,0.35298235223345703,0
2026-07-03 14:56:00,0.4705214833041981,0
2026-07-03 14:57:00,0.5236374407525609,0
2026-07-03 14:58:00,0.5614632656718291,0
2026-07-03 14:59:00,0.542429444523313,0
2026-07-03 15:00:00,0.39587705229832343,0
2026-07-06 09:30:00,0.42050560043118745,0
2026-07-06 09:31:00,0.46183729901701287,0
2026-07-06 09:32:00,0.5447168715042057,0
2026-07-06 09:33:00,0.4971068793723511,0
2026-07-06 09:34:00,0.48894981319047565,0
2026-07-06 09:35:00,0.4986914572973047,0
2026-07-06 09:36:00,0.46748058686839167,1
2026-07-06 09:37:00,0.4571621477956499,0
2026-07-06 09:38:00,0.43032347497205103,0
2026-07-06 09:39:00,0.45103124569154257,0
2026-07-06 09:40:00,0.4353729827651858,0
2026-07-06 09:41:00,0.48149281882021777,0
2026-07-06 09:42:00,0.471784031483658,0
2026-07-06 09:43:00,0.39420169625686946,0
2026-07-06 09:44:00,0.4778286866144433,0
2026-07-06 09:45:00,0.4646867320242763,0
2026-07-06 09:46:00,0.5365218536733015,0
2026-07-06 09:47:00,0.5107857132103105,0
2026-07-06 09:48:00,0.40614899433079843,0
2026-07-06 09:49:00,0.4231213139487695,0
2026-07-06 09:50:00,0.4985241757867713,0
2026-07-06 09:51:00,0.4887903637319691,0
2026-07-06 09:52:00,0.48112192280116844,0
2026-07-06 09:53:00,0.4537914664401079,0
2026-07-06 09:54:00,0.45778042166707894,0
2026-07-06 09:55:00,0.4375932223383097,0
2026-07-06 09:56:00,0.43973496091183073,0
2026-07-06 09:57:00,0.43522384139575354,0
2026-07-06 09:58:00,0.4602239035558752,0
2026-07-06 09:59:00,0.43895020746316554,0
2026-07-06 10:00:00,0.4142221412462707,0
2026-07-06 10:01:00,0.46014669202540714,0
2026-07-06 10:02:00,0.5751568505502843,0
2026-07-06 10:03:00,0.5617336874499256,0
2026-07-06 10:04:00,0.5255835282954588,0
2026-07-06 10:05:00,0.42225327747793373,0
2026-07-06 10:06:00,0.46862866355401583,0
2026-07-06 10:07:00,0.3873320126967623,0
2026-07-06 10:08:00,0.4979943023419281,0
2026-07-06 10:09:00,0.48610907043778595,0
2026-07-06 10:10:00,0.5428244734492723,0
2026-07-06 10:11:00,0.499669436205012,0
2026-07-06 10:12:00,0.49763644478855024,0
2026-07-06 10:13:00,0.49958550075376795,0
2026-07-06 10:14:00,0.48941685027352816,0
2026-07-06 10:15:00,0.5225508217499946,0
2026-07-06 10:16:00,0.41621829165647384,0
2026-07-06 10:17:00,0.36910064718398156,0
2026-07-06 10:18:00,0.3993864562278575,0
2026-07-06 10:19:00,0.42250544464921247,0
2026-07-06 10:20:00,0.4271673226838616,0
2026-07-06 10:21:00,0.3648040806129936,0
2026-07-06 10:22:00,0.42461922285155684,0
2026-07-06 10:23:00,0.40561343224763124,0
2026-07-06 10:24:00,0.4252137227902143,0
2026-07-06 10:25:00,0.4535901231834379,0
2026-07-06 10:26:00,0.4771175938625119,0
2026-07-06 10:27:00,0.47674707773683644,0
2026-07-06 10:28:00,0.4919596272101585,0
2026-07-06 10:29:00,0.5662963436413095,1
2026-07-06 10:30:00,0.4949991631204976,0
2026-07-06 10:31:00,0.4449251647215875,0
2026-07-06 10:32:00,0.5200263374875586,0
2026-07-06 10:33:00,0.48667057533443997,1
2026-07-06 10:34:00,0.4416499729107325,0
2026-07-06 10:35:00,0.5642572727799564,0
2026-07-06 10:36:00,0.4193062959792042,0
2026-07-06 10:37:00,0.44775767121314725,0
2026-07-06 10:38:00,0.32027187474993124,1
2026-07-06 10:39:00,0.3324145482419847,0
2026-07-06 10:40:00,0.34445091190008487,0
2026-07-06 10:41:00,0.3426858990768645,0
2026-07-06 10:42:00,0.3116966155480739,0
2026-07-06 10:43:00,0.3784095374315997,0
2026-07-06 10:44:00,0.38721918804048283,0
2026-07-06 10:45:00,0.36165183630040626,0
2026-07-06 10:46:00,0.41148489813134453,0
2026-07-06 10:47:00,0.43424671853709723,0
2026-07-06 10:48:00,0.358010380730652,0
2026-07-06 10:49:00,0.4602257539195418,0
2026-07-06 10:50:00,0.41256763492529114,1
2026-07-06 10:51:00,0.36708409323132163,0
2026-07-06 10:52:00,0.39696419570586533,0
2026-07-06 10:53:00,0.37232408891982627,0
2026-07-06 10:54:00,0.41385443048474313,0
2026-07-06 10:55:00,0.37537287215556986,0
2026-07-06 10:56:00,0.4202024244600823,0
2026-07-06 10:57:00,0.4035268727848727,1
2026-07-06 10:58:00,0.423325182221486,1
2026-07-06 10:59:00,0.3652136538671475,0
2026-07-06 11:00:00,0.34536987189230967,0
2026-07-06 11:01:00,0.380414271381144,1
2026-07-06 11:02:00,0.4002657840183851,1
2026-07-06 11:03:00,0.38149855630708557,1
2026-07-06 11:04:00,0.41734975036782274,1
2026-07-06 11:05:00,0.3282932201992796,0
2026-07-06 11:06:00,0.41841990343596586,1
2026-07-06 11:07:00,0.37345457781685065,1
2026-07-06 11:08:00,0.4458893875095349,1
2026-07-06 11:09:00,0.3672876889133269,1
2026-07-06 11:10:00,0.3747086194845719,1
2026-07-06 11:11:00,0.3529619182338774,1
2026-07-06 11:12:00,0.3391962770445933,1
2026-07-06 11:13:00,0.39711720481897345,1
2026-07-06 11:14:00,0.32247845875464587,1
2026-07-06 11:15:00,0.35212665045536345,1
2026-07-06 11:16:00,0.32554827609025605,1
2026-07-06 11:17:00,0.42922803095931333,1
2026-07-06 11:18:00,0.34917875734364723,1
2026-07-06 11:19:00,0.4003914539071945,1
2026-07-06 11:20:00,0.35098304881872583,1
2026-07-06 11:21:00,0.40026762528235604,1
2026-07-06 11:22:00,0.33871273010736197,1
2026-07-06 11:23:00,0.4189824113425539,0
2026-07-06 11:24:00,0.4278215023394808,1
2026-07-06 11:25:00,0.36660031660760484,0
2026-07-06 11:26:00,0.407107157390271,0
2026-07-06 11:27:00,0.41484454532778636,0
2026-07-06 11:28:00,0.4855978506037343,0
2026-07-06 11:29:00,0.4213611698317004,0
2026-07-06 11:30:00,0.44212668393428317,0
2026-07-06 13:01:00,0.47850953505518956,0
2026-07-06 13:02:00,0.42198727940863695,0
2026-07-06 13:03:00,0.40867716071520166,0
2026-07-06 13:04:00,0.4477520229477275,0
2026-07-06 13:05:00,0.48135818215530934,0
2026-07-06 13:06:00,0.4350116134148415,0
2026-07-06 13:07:00,0.47561711687829716,0
2026-07-06 13:08:00,0.40618562589581714,0
2026-07-06 13:09:00,0.4128381472134126,0
2026-07-06 13:10:00,0.49477436812409725,0
2026-07-06 13:11:00,0.4430293731473028,1
2026-07-06 13:12:00,0.44022022550019807,1
2026-07-06 13:13:00,0.3602475701989709,0
2026-07-06 13:14:00,0.41122354176973225,0
2026-07-06 13:15:00,0.45885835264917685,0
2026-07-06 13:16:00,0.44851025477572504,1
2026-07-06 13:17:00,0.4808185805641483,1
2026-07-06 13:18:00,0.5180188726995666,1
2026-07-06 13:19:00,0.46594637256911986,0
2026-07-06 13:20:00,0.44528003380002384,0
2026-07-06 13:21:00,0.4434577534832654,0
2026-07-06 13:22:00,0.44353778093063057,0
2026-07-06 13:23:00,0.4808234601612432,0
2026-07-06 13:24:00,0.4719747907715298,0
2026-07-06 13:25:00,0.4793813708242388,0
2026-07-06 13:26:00,0.38542561868105096,0
2026-07-06 13:27:00,0.38112313374414275,0
2026-07-06 13:28:00,0.4424545033718017,0
2026-07-06 13:29:00,0.39146790921936975,0
2026-07-06 13:30:00,0.46009362818995486,0
2026-07-06 13:31:00,0.3961589973725182,0
2026-07-06 13:32:00,0.4316344835536021,0
2026-07-06 13:33:00,0.4638928776135283,1
2026-07-06 13:34:00,0.42453033507443577,0
2026-07-06 13:35:00,0.44421429838100407,0
2026-07-06 13:36:00,0.42916765575172183,1
2026-07-06 13:37:00,0.4865572338112665,0
2026-07-06 13:38:00,0.45361428605112103,0
2026-07-06 13:39:00,0.43586752739042794,0
2026-07-06 13:40:00,0.4067453386687318,0
2026-07-06 13:41:00,0.3928362344978497,0
2026-07-06 13:42:00,0.36353345505557716,0
2026-07-06 13:43:00,0.39128712617654526,0
2026-07-06 13:44:00,0.3787009731135381,0
2026-07-06 13:45:00,0.3904249288577568,0
2026-07-06 13:46:00,0.3792529304828381,0
2026-07-06 13:47:00,0.37343422380037433,0
2026-07-06 13:48:00,0.38871386954371834,0
2026-07-06 13:49:00,0.44802384695846365,0
2026-07-06 13:50:00,0.4508752512313649,0
2026-07-06 13:51:00,0.398918317191204,0
2026-07-06 13:52:00,0.45662382506494004,0
2026-07-06 13:53:00,0.4226146654993169,0
2026-07-06 13:54:00,0.4161844987025436,0
2026-07-06 13:55:00,0.3433501990089432,0
2026-07-06 13:56:00,0.3261643233343059,0
2026-07-06 13:57:00,0.34122904225049716,0
2026-07-06 13:58:00,0.39725982975034957,0
2026-07-06 13:59:00,0.4174541641900659,0
2026-07-06 14:00:00,0.39685964618473324,0
2026-07-06 14:01:00,0.44596697146782543,0
2026-07-06 14:02:00,0.4020077857372205,0
2026-07-06 14:03:00,0.4000945268682014,0
2026-07-06 14:04:00,0.3646410790904874,0
2026-07-06 14:05:00,0.36265699287054687,0
2026-07-06 14:06:00,0.3793795620422311,0
2026-07-06 14:07:00,0.32910249043577217,0
2026-07-06 14:08:00,0.29891269433840634,0
2026-07-06 14:09:00,0.3386239306480854,0
2026-07-06 14:10:00,0.350578718321624,0
2026-07-06 14:11:00,0.3781346113981207,0
2026-07-06 14:12:00,0.305469509935723,0
2026-07-06 14:13:00,0.3201782059001899,0
2026-07-06 14:14:00,0.2916903691354284,0
2026-07-06 14:15:00,0.2779081653489852,0
2026-07-06 14:16:00,0.2656102224955324,0
2026-07-06 14:17:00,0.33000100070393174,0
2026-07-06 14:18:00,0.2603340062192833,0
2026-07-06 14:19:00,0.25734697478234325,0
2026-07-06 14:20:00,0.23443693750137581,0
2026-07-06 14:21:00,0.28173021265354337,0
2026-07-06 14:22:00,0.32443650826025966,0
2026-07-06 14:23:00,0.29323374096372545,0
2026-07-06 14:24:00,0.29323374096372545,0
2026-07-06 14:25:00,0.32733356797104757,0
2026-07-06 14:26:00,0.35314499953313333,0
2026-07-06 14:27:00,0.2645382146898721,0
2026-07-06 14:28:00,0.3340795243084657,0
2026-07-06 14:29:00,0.3142902961019187,0
2026-07-06 14:30:00,0.27042000126254095,0
2026-07-06 14:31:00,0.2640573417765388,0
2026-07-06 14:32:00,0.24105775375243949,0
2026-07-06 14:33:00,0.2474521726897616,0
2026-07-06 14:34:00,0.30582165754757745,0
2026-07-06 14:35:00,0.2448063793813612,0
2026-07-06 14:36:00,0.2743104301178742,0
2026-07-06 14:37:00,0.31294288017171545,0
2026-07-06 14:38:00,0.2889527830685102,0
2026-07-06 14:39:00,0.3297520463966582,0
2026-07-06 14:40:00,0.40797397604780744,0
2026-07-06 14:41:00,0.4209896413688315,0
2026-07-06 14:42:00,0.43924325661720154,0
2026-07-06 14:43:00,0.4226773059346965,0
2026-07-06 14:44:00,0.4517317044186293,1
2026-07-06 14:45:00,0.417454345482915,0
2026-07-06 14:46:00,0.4445200714801372,1
2026-07-06 14:47:00,0.38370116281569094,0
2026-07-06 14:48:00,0.42233320196708807,1
2026-07-06 14:49:00,0.3815400967424725,1
2026-07-06 14:50:00,0.48625807075020155,1
2026-07-06 14:51:00,0.5031449684012149,1
2026-07-06 14:52:00,0.4797038100889411,1
2026-07-06 14:53:00,0.4603345391493354,1
2026-07-06 14:54:00,0.45710239405061875,1
2026-07-06 14:55:00,0.4710650274683928,1
2026-07-06 14:56:00,0.4678832908986109,1
2026-07-06 14:57:00,0.39127246885925887,1
2026-07-06 14:58:00,0.5054460008824325,1
2026-07-06 14:59:00,0.5027934477665861,1
2026-07-06 15:00:00,0.44596410480013615,1
2026-07-07 09:30:00,0.4069796672428623,1
2026-07-07 09:31:00,0.49498069376642106,1
2026-07-07 09:32:00,0.42574366811259334,1
2026-07-07 09:33:00,0.4904744124182473,1
2026-07-07 09:34:00,0.4602422363544837,1
2026-07-07 09:35:00,0.4802477147754734,1
2026-07-07 09:36:00,0.4169326687671375,0
2026-07-07 09:37:00,0.3704985697760631,0
2026-07-07 09:38:00,0.442746853934848,0
2026-07-07 09:39:00,0.463612923140979,0
2026-07-07 09:40:00,0.48924526558661435,0
2026-07-07 09:41:00,0.508890783234547,0
2026-07-07 09:42:00,0.4381818740570752,0
2026-07-07 09:43:00,0.47107042134461735,0
2026-07-07 09:44:00,0.4032964414383059,0
2026-07-07 09:45:00,0.5412564474212586,0
2026-07-07 09:46:00,0.5088174521055094,0
2026-07-07 09:47:00,0.48625208504541756,1
2026-07-07 09:48:00,0.4441921464216372,1
2026-07-07 09:49:00,0.4805919770669655,0
2026-07-07 09:50:00,0.4680145334998224,1
2026-07-07 09:51:00,0.4446577904908277,1
2026-07-07 09:52:00,0.460675314591062,1
2026-07-07 09:53:00,0.4812412146943432,1
2026-07-07 09:54:00,0.4943237259200471,1
2026-07-07 09:55:00,0.4569865836768729,1
2026-07-07 09:56:00,0.5077115676030826,1
2026-07-07 09:57:00,0.37942360315704815,1
2026-07-07 09:58:00,0.41828250738892075,1
2026-07-07 09:59:00,0.4578676688469678,1
2026-07-07 10:00:00,0.381130394034211,0
2026-07-07 10:01:00,0.42286782828124786,0
2026-07-07 10:02:00,0.30373815884485017,0
2026-07-07 10:03:00,0.4170271606638964,0
2026-07-07 10:04:00,0.43362981990379945,0
2026-07-07 10:05:00,0.4716805452699876,0
2026-07-07 10:06:00,0.3107180568121952,0
2026-07-07 10:07:00,0.47550933144121244,0
2026-07-07 10:08:00,0.503619513638604,0
2026-07-07 10:09:00,0.4860441098795342,0
2026-07-07 10:10:00,0.5038279068613359,0
2026-07-07 10:11:00,0.48433035156222576,0
2026-07-07 10:12:00,0.5170744627199129,0
2026-07-07 10:13:00,0.4514259820894121,0
2026-07-07 10:14:00,0.4601446474748992,0
2026-07-07 10:15:00,0.5661830892602978,0
2026-07-07 10:16:00,0.5189638034780072,0
2026-07-07 10:17:00,0.4575105994500019,0
2026-07-07 10:18:00,0.5425769862178484,0
2026-07-07 10:19:00,0.5019401518752574,0
2026-07-07 10:20:00,0.5026806562121202,0
2026-07-07 10:21:00,0.5521338393495874,0
2026-07-07 10:22:00,0.5449019387049853,0
2026-07-07 10:23:00,0.5470880777423461,1
2026-07-07 10:24:00,0.4993818997584512,0
2026-07-07 10:25:00,0.475138412062827,0
2026-07-07 10:26:00,0.45468138118827345,0
2026-07-07 10:27:00,0.48697157782819217,1
2026-07-07 10:28:00,0.43058462094653577,0
2026-07-07 10:29:00,0.48077876890005844,0
2026-07-07 10:30:00,0.4503804407911236,1
2026-07-07 10:31:00,0.48092093040887063,0
2026-07-07 10:32:00,0.4478611452178471,1
2026-07-07 10:33:00,0.48457029551283615,1
2026-07-07 10:34:00,0.44274697498196997,1
2026-07-07 10:35:00,0.49165305287548766,1
2026-07-07 10:36:00,0.5141208001668092,1
2026-07-07 10:37:00,0.47737584623721385,1
2026-07-07 10:38:00,0.4910248647101583,1
2026-07-07 10:39:00,0.48316726022227324,1
2026-07-07 10:40:00,0.47336662365128973,1
2026-07-07 10:41:00,0.4493341177494464,1
2026-07-07 10:42:00,0.47175190097222347,1
2026-07-07 10:43:00,0.47521739517036987,1
2026-07-07 10:44:00,0.4951122652652136,1
2026-07-07 10:45:00,0.36275576514206026,0
2026-07-07 10:46:00,0.49721544518728267,0
2026-07-07 10:47:00,0.5021964845099338,0
2026-07-07 10:48:00,0.4908874362330699,0
2026-07-07 10:49:00,0.4215934314349166,0
2026-07-07 10:50:00,0.4504879474771017,0
2026-07-07 10:51:00,0.44772969393668555,0
2026-07-07 10:52:00,0.4517115039092205,0
2026-07-07 10:53:00,0.5019819526254632,0
2026-07-07 10:54:00,0.5070146701569408,0
2026-07-07 10:55:00,0.48422341562703713,0
2026-07-07 10:56:00,0.37397228279092154,0
2026-07-07 10:57:00,0.4060821745438831,0
2026-07-07 10:58:00,0.4160441885205565,0
2026-07-07 10:59:00,0.4237666862856711,0
2026-07-07 11:00:00,0.5100995599249423,1
2026-07-07 11:01:00,0.4634662821726338,1
2026-07-07 11:02:00,0.5892697277220962,0
2026-07-07 11:03:00,0.5460036152918998,1
2026-07-07 11:04:00,0.4963255528213158,0
2026-07-07 11:05:00,0.41637757720726853,0
2026-07-07 11:06:00,0.5448633747726804,0
2026-07-07 11:07:00,0.4592521016413868,0
2026-07-07 11:08:00,0.4663096735329157,0
2026-07-07 11:09:00,0.43672889534751463,0
2026-07-07 11:10:00,0.5193558531656551,0
2026-07-07 11:11:00,0.4400518000024993,0
2026-07-07 11:12:00,0.37182562462793817,0
2026-07-07 11:13:00,0.4498058719589481,0
2026-07-07 11:14:00,0.51423830060119,0
2026-07-07 11:15:00,0.5327552619179727,0
2026-07-07 11:16:00,0.4892275613419104,0
2026-07-07 11:17:00,0.4833558666979104,0
2026-07-07 11:18:00,0.5291390664729636,0
2026-07-07 11:19:00,0.4758837949459701,0
2026-07-07 11:20:00,0.4919263707576787,0
2026-07-07 11:21:00,0.4486845103409804,0
2026-07-07 11:22:00,0.43772696635240754,0
2026-07-07 11:23:00,0.4543780482857405,0
2026-07-07 11:24:00,0.45040406712848235,0
2026-07-07 11:25:00,0.4108318021848726,0
2026-07-07 11:26:00,0.4791584200782466,0
2026-07-07 11:27:00,0.4389588209410794,0
2026-07-07 11:28:00,0.4694974094938812,0
2026-07-07 11:29:00,0.43649493235086345,0
2026-07-07 11:30:00,0.42163293532037416,0
2026-07-07 13:01:00,0.5185619898946585,0
2026-07-07 13:02:00,0.49985627793270926,0
2026-07-07 13:03:00,0.39949148609503127,0
2026-07-07 13:04:00,0.4235448861280521,0
2026-07-07 13:05:00,0.4470760623177113,0
2026-07-07 13:06:00,0.4802054129179312,0
2026-07-07 13:07:00,0.5206552792521906,0
2026-07-07 13:08:00,0.5486634298649341,1
2026-07-07 13:09:00,0.5092977381954111,1
2026-07-07 13:10:00,0.37095619292745374,1
2026-07-07 13:11:00,0.4243163398638269,1
2026-07-07 13:12:00,0.4131235867591777,1
2026-07-07 13:13:00,0.40233846597785483,1
2026-07-07 13:14:00,0.46312607207461953,1
2026-07-07 13:15:00,0.4979156832158839,1
2026-07-07 13:16:00,0.45556384050639076,1
2026-07-07 13:17:00,0.4803342423201054,1
2026-07-07 13:18:00,0.44443222837063057,1
2026-07-07 13:19:00,0.4703893245783338,1
2026-07-07 13:20:00,0.41156071882252787,1
2026-07-07 13:21:00,0.4882635015298101,1
2026-07-07 13:22:00,0.42134731051186197,1
2026-07-07 13:23:00,0.3526091700035769,1
2026-07-07 13:24:00,0.4639997374194487,1
2026-07-07 13:25:00,0.3786455335752026,1
2026-07-07 13:26:00,0.3735937040636589,1
2026-07-07 13:27:00,0.3381252854869622,1
2026-07-07 13:28:00,0.3702307515605829,1
2026-07-07 13:29:00,0.33579428015909196,0
2026-07-07 13:30:00,0.37175452000986775,0
2026-07-07 13:31:00,0.39625386583454625,0
2026-07-07 13:32:00,0.3475276589436593,0
2026-07-07 13:33:00,0.350207658698532,0
2026-07-07 13:34:00,0.3693418458740431,0
2026-07-07 13:35:00,0.4032382958448222,0
2026-07-07 13:36:00,0.41125295331114203,0
2026-07-07 13:37:00,0.4310672319864597,0
2026-07-07 13:38:00,0.35481475219158104,0
2026-07-07 13:39:00,0.3190048437044782,0
2026-07-07 13:40:00,0.3444963369402885,0
2026-07-07 13:41:00,0.3121273426857528,0
2026-07-07 13:42:00,0.31522613814735556,0
2026-07-07 13:43:00,0.3795491383834889,0
2026-07-07 13:44:00,0.4354705239766279,0
2026-07-07 13:45:00,0.3406954879043245,0
2026-07-07 13:46:00,0.41330016028475924,0
2026-07-07 13:47:00,0.3097336327055185,0
2026-07-07 13:48:00,0.4637294830406193,0
2026-07-07 13:49:00,0.4223885549318262,0
2026-07-07 13:50:00,0.5122311704749236,0
2026-07-07 13:51:00,0.39565350527425625,0
2026-07-07 13:52:00,0.4685611279666968,0
2026-07-07 13:53:00,0.44307325699075495,0
2026-07-07 13:54:00,0.3673567450039902,0
2026-07-07 13:55:00,0.34976558146481274,0
2026-07-07 13:56:00,0.30315096550855136,0
2026-07-07 13:57:00,0.3654204469991103,0
2026-07-07 13:58:00,0.351523696909055,0
2026-07-07 13:59:00,0.2979969725271209,0
2026-07-07 14:00:00,0.32414950034179574,0
2026-07-07 14:01:00,0.41935283416109653,0
2026-07-07 14:02:00,0.4032988152541135,0
2026-07-07 14:03:00,0.4303832950793724,0
2026-07-07 14:04:00,0.3902300687681126,0
2026-07-07 14:05:00,0.43731692726142374,0
2026-07-07 14:06:00,0.4219307991845688,0
2026-07-07 14:07:00,0.4375582562392762,0
2026-07-07 14:08:00,0.4025794174642322,0
2026-07-07 14:09:00,0.4072933189480996,0
2026-07-07 14:10:00,0.4857437807585039,0
2026-07-07 14:11:00,0.4180379203262229,0
2026-07-07 14:12:00,0.31660961462728626,0
2026-07-07 14:13:00,0.3655706203942157,0
2026-07-07 14:14:00,0.3876852665564344,0
2026-07-07 14:15:00,0.30224302544786114,0
2026-07-07 14:16:00,0.36589083943307477,0
2026-07-07 14:17:00,0.40787059752541305,0
2026-07-07 14:18:00,0.41950243083656613,1
2026-07-07 14:19:00,0.36810904803591055,1
2026-07-07 14:20:00,0.31114416756560653,0
2026-07-07 14:21:00,0.3619847076164106,0
2026-07-07 14:22:00,0.41357462333442135,0
2026-07-07 14:23:00,0.39389828044329045,1
2026-07-07 14:24:00,0.4262151957480042,1
2026-07-07 14:25:00,0.4187207961346038,1
2026-07-07 14:26:00,0.40591062180825777,1
2026-07-07 14:27:00,0.3640637677291778,1
2026-07-07 14:28:00,0.3420814890702593,1
2026-07-07 14:29:00,0.36861633891616497,1
2026-07-07 14:30:00,0.32274582607411934,1
2026-07-07 14:31:00,0.2732736759144086,0
2026-07-07 14:32:00,0.26127426829319395,0
2026-07-07 14:33:00,0.28582164951444605,0
2026-07-07 14:34:00,0.2733938339108916,1
2026-07-07 14:35:00,0.35694268571933024,1
2026-07-07 14:36:00,0.38853822882031425,0
2026-07-07 14:37:00,0.42893842239182167,1
2026-07-07 14:38:00,0.3243148542867202,0
2026-07-07 14:39:00,0.3670524974967383,0
2026-07-07 14:40:00,0.3273590111291555,0
2026-07-07 14:41:00,0.4777112659698491,0
2026-07-07 14:42:00,0.4956321171122067,0
2026-07-07 14:43:00,0.5139382166163634,0
2026-07-07 14:44:00,0.49234221297106406,0
2026-07-07 14:45:00,0.48923002492584194,0
2026-07-07 14:46:00,0.4679057183138548,0
2026-07-07 14:47:00,0.4322370444297599,1
2026-07-07 14:48:00,0.45594567205698633,1
2026-07-07 14:49:00,0.3449362156839705,0
2026-07-07 14:50:00,0.4552828987414859,1
2026-07-07 14:51:00,0.4775100274448921,1
2026-07-07 14:52:00,0.4945389656455168,0
2026-07-07 14:53:00,0.4714339088177626,1
2026-07-07 14:54:00,0.5479920948746637,1
2026-07-07 14:55:00,0.5209449292128171,0
2026-07-07 14:56:00,0.5086971777525743,0
2026-07-07 14:57:00,0.49060797490499464,0
2026-07-07 14:58:00,0.5046089769515675,0
2026-07-07 14:59:00,0.5284621660600857,0
2026-07-07 15:00:00,0.5199913564388752,0
2026-07-08 09:30:00,0.4336388046193524,0
2026-07-08 09:31:00,0.4676674243626269,0
2026-07-08 09:32:00,0.5199770944300857,0
2026-07-08 09:33:00,0.46266360221731295,0
2026-07-08 09:34:00,0.5430483189381778,0
2026-07-08 09:35:00,0.47117013290380055,0
2026-07-08 09:36:00,0.4656749343729738,0
2026-07-08 09:37:00,0.5219793696309372,0
2026-07-08 09:38:00,0.48183820054830834,0
2026-07-08 09:39:00,0.4426138659897833,0
2026-07-08 09:40:00,0.47791190380317916,0
2026-07-08 09:41:00,0.5009893734058168,0
2026-07-08 09:42:00,0.5149009549057629,0
2026-07-08 09:43:00,0.5114473754581309,0
2026-07-08 09:44:00,0.4964748244340826,0
2026-07-08 09:45:00,0.5260959522736569,0
2026-07-08 09:46:00,0.5374122583066435,0
2026-07-08 09:47:00,0.5050495930200829,0
2026-07-08 09:48:00,0.5370354828948245,0
2026-07-08 09:49:00,0.4900770815045577,0
2026-07-08 09:50:00,0.4963075823074561,1
2026-07-08 09:51:00,0.5088682516907058,1
2026-07-08 09:52:00,0.5211953109667832,1
2026-07-08 09:53:00,0.4137956286410495,0
2026-07-08 09:54:00,0.4732130904724039,0
2026-07-08 09:55:00,0.3792463179408633,0
2026-07-08 09:56:00,0.46825771298294677,0
2026-07-08 09:57:00,0.4770013314088531,0
2026-07-08 09:58:00,0.4297526464300949,0
2026-07-08 09:59:00,0.5012716110292501,0
2026-07-08 10:00:00,0.44579867023566006,0
2026-07-08 10:01:00,0.4453645326297149,0
2026-07-08 10:02:00,0.4890466074961246,0
2026-07-08 10:03:00,0.46229285173973134,0
2026-07-08 10:04:00,0.5077557606985781,0
2026-07-08 10:05:00,0.499981735380162,0
2026-07-08 10:06:00,0.47664790889684155,0
2026-07-08 10:07:00,0.3712730089465021,0
2026-07-08 10:08:00,0.5064728065731984,0
2026-07-08 10:09:00,0.475476813147832,0
2026-07-08 10:10:00,0.4714124895650884,0
2026-07-08 10:11:00,0.5690487257073992,1
2026-07-08 10:12:00,0.5137447983352627,1
2026-07-08 10:13:00,0.5645839405655001,1
2026-07-08 10:14:00,0.5539152141348508,1
2026-07-08 10:15:00,0.5109044710633767,1
2026-07-08 10:16:00,0.5156048507134462,1
2026-07-08 10:17:00,0.5438652810197556,1
2026-07-08 10:18:00,0.5643173714492308,1
2026-07-08 10:19:00,0.3315963283546079,1
2026-07-08 10:20:00,0.44186542283482344,0
2026-07-08 10:21:00,0.4000256739585448,0
2026-07-08 10:22:00,0.37549534362228243,1
2026-07-08 10:23:00,0.4183721056912568,1
2026-07-08 10:24:00,0.5229916897800915,0
2026-07-08 10:25:00,0.45063975165260345,1
2026-07-08 10:26:00,0.48278108795479324,1
2026-07-08 10:27:00,0.4297339790677583,1
2026-07-08 10:28:00,0.39672292666744874,1
2026-07-08 10:29:00,0.46655003886500274,1
2026-07-08 10:30:00,0.41105514541370447,1
2026-07-08 10:31:00,0.39366291684201726,0
2026-07-08 10:32:00,0.47628362347813724,1
2026-07-08 10:33:00,0.43277366091557795,1
2026-07-08 10:34:00,0.47341334143864194,1
2026-07-08 10:35:00,0.49332762832981064,0
2026-07-08 10:36:00,0.5435027040103594,0
2026-07-08 10:37:00,0.45116704190142676,1
2026-07-08 10:38:00,0.4741891056776615,1
2026-07-08 10:39:00,0.46320261459358403,0
2026-07-08 10:40:00,0.48015823055779966,1
2026-07-08 10:41:00,0.5167663082485716,0
2026-07-08 10:42:00,0.5245534294244866,0
2026-07-08 10:43:00,0.4477910999857417,0
2026-07-08 10:44:00,0.5154902167696633,0
2026-07-08 10:45:00,0.4955386584943943,0
2026-07-08 10:46:00,0.5288782779378053,0
2026-07-08 10:47:00,0.369258646146213,0
2026-07-08 10:48:00,0.3789520287476489,0
2026-07-08 10:49:00,0.36966709717634416,0
2026-07-08 10:50:00,0.4925348727911807,0
2026-07-08 10:51:00,0.49996956436819606,0
2026-07-08 10:52:00,0.4761046740137882,0
2026-07-08 10:53:00,0.4143527391741851,0
2026-07-08 10:54:00,0.5044789160112728,0
2026-07-08 10:55:00,0.40964523973371314,0
2026-07-08 10:56:00,0.4567283832622347,0
2026-07-08 10:57:00,0.5337469340524152,0
2026-07-08 10:58:00,0.5282100452592609,1
2026-07-08 10:59:00,0.46799981485084735,1
2026-07-08 11:00:00,0.5039086976252537,1
2026-07-08 11:01:00,0.47648084976479516,1
2026-07-08 11:02:00,0.5241031375684913,1
2026-07-08 11:03:00,0.4951593743373889,1
2026-07-08 11:04:00,0.46544291120057596,1
2026-07-08 11:05:00,0.4347958964362896,1
2026-07-08 11:06:00,0.41818676310944575,1
2026-07-08 11:07:00,0.4253430875276162,1
2026-07-08 11:08:00,0.46921159764111,1
2026-07-08 11:09:00,0.48233122558349895,1
2026-07-08 11:10:00,0.41952787998235147,1
2026-07-08 11:11:00,0.4715065142799212,1
2026-07-08 11:12:00,0.4640557316836226,1
2026-07-08 11:13:00,0.3635707993523469,1
2026-07-08 11:14:00,0.4467797520926969,0
2026-07-08 11:15:00,0.4428793118394245,0
2026-07-08 11:16:00,0.4408387988703953,0
2026-07-08 11:17:00,0.4778882556246315,0
2026-07-08 11:18:00,0.4879021216546609,0
2026-07-08 11:19:00,0.49434670221217875,0
2026-07-08 11:20:00,0.49433050696648767,0
2026-07-08 11:21:00,0.4784469241872854,0
2026-07-08 11:22:00,0.45319909861669555,0
2026-07-08 11:23:00,0.46839898209818626,0
2026-07-08 11:24:00,0.44633746248088557,0
2026-07-08 11:25:00,0.4471918113991839,0
2026-07-08 11:26:00,0.47717735488643526,0
2026-07-08 11:27:00,0.4108026718494972,0
2026-07-08 11:28:00,0.4067095101873104,0
2026-07-08 11:29:00,0.33447220451133625,0
2026-07-08 11:30:00,0.4606334367606603,0
2026-07-08 13:01:00,0.5715444537674613,1
2026-07-08 13:02:00,0.5279099863983122,1
2026-07-08 13:03:00,0.4279874633324804,0
2026-07-08 13:04:00,0.49671160542622383,0
2026-07-08 13:05:00,0.40068262672819593,0
2026-07-08 13:06:00,0.37822622836497155,0
2026-07-08 13:07:00,0.39291258117168576,0
2026-07-08 13:08:00,0.3661138847252982,0
2026-07-08 13:09:00,0.459256019915492,0
2026-07-08 13:10:00,0.5078454380998523,0
2026-07-08 13:11:00,0.4242433651622334,0
2026-07-08 13:12:00,0.40579254710929785,0
2026-07-08 13:13:00,0.35395048207369456,0
2026-07-08 13:14:00,0.4063804116946151,0
2026-07-08 13:15:00,0.3068317839568835,0
2026-07-08 13:16:00,0.434284565037487,0
2026-07-08 13:17:00,0.4043266896429359,0
2026-07-08 13:18:00,0.5052107881346898,0
2026-07-08 13:19:00,0.5363082958290833,0
2026-07-08 13:20:00,0.55028147039085,0
2026-07-08 13:21:00,0.4354644804211009,0
2026-07-08 13:22:00,0.4768312438382728,0
2026-07-08 13:23:00,0.4228027276449327,0
2026-07-08 13:24:00,0.40266208399851466,0
2026-07-08 13:25:00,0.3568795042748922,0
2026-07-08 13:26:00,0.4762019270383795,0
2026-07-08 13:27:00,0.5105897202937184,0
2026-07-08 13:28:00,0.5744225166101075,0
2026-07-08 13:29:00,0.5483987332696496,0
2026-07-08 13:30:00,0.5357863689692985,0
2026-07-08 13:31:00,0.5421219519082096,0
2026-07-08 13:32:00,0.5428089181983619,0
2026-07-08 13:33:00,0.45073437919587583,0
2026-07-08 13:34:00,0.5228829248924447,0
2026-07-08 13:35:00,0.4996669169843427,0
2026-07-08 13:36:00,0.4699955335964714,0
2026-07-08 13:37:00,0.4131585393246428,0
2026-07-08 13:38:00,0.4068768687637569,1
2026-07-08 13:39:00,0.3052283851022665,0
2026-07-08 13:40:00,0.38155524437465094,0
2026-07-08 13:41:00,0.3954961477061315,0
2026-07-08 13:42:00,0.4613064986696155,0
2026-07-08 13:43:00,0.45218796521810845,0
2026-07-08 13:44:00,0.4659470741954107,1
2026-07-08 13:45:00,0.4454087070327901,1
2026-07-08 13:46:00,0.4628926201594167,1
2026-07-08 13:47:00,0.46604302718806667,1
2026-07-08 13:48:00,0.45582775965868316,1
2026-07-08 13:49:00,0.4457105018290674,1
2026-07-08 13:50:00,0.40800012931147533,1
2026-07-08 13:51:00,0.3645871743186598,0
2026-07-08 13:52:00,0.31056900128881126,0
2026-07-08 13:53:00,0.2939072567937246,0
2026-07-08 13:54:00,0.3049296070304556,0
2026-07-08 13:55:00,0.38017637909805135,0
2026-07-08 13:56:00,0.4220186248391812,0
2026-07-08 13:57:00,0.385000322788077,0
2026-07-08 13:58:00,0.4187688019857068,0
2026-07-08 13:59:00,0.3951651580108879,0
2026-07-08 14:00:00,0.39404853879353896,0
2026-07-08 14:01:00,0.39115598644745597,0
2026-07-08 14:02:00,0.38147779003284,0
2026-07-08 14:03:00,0.4298036736343899,0
2026-07-08 14:04:00,0.40162297916046913,0
2026-07-08 14:05:00,0.39138981872318485,0
2026-07-08 14:06:00,0.3906125509469402,0
2026-07-08 14:07:00,0.34570127186942406,0
2026-07-08 14:08:00,0.4210204688269622,0
2026-07-08 14:09:00,0.44166108622400985,0
2026-07-08 14:10:00,0.39367335352377764,0
2026-07-08 14:11:00,0.39053436015765713,0
2026-07-08 14:12:00,0.45219995234804505,1
2026-07-08 14:13:00,0.4201558641884387,1
2026-07-08 14:14:00,0.4815563644677895,1
2026-07-08 14:15:00,0.4732988696671671,1
2026-07-08 14:16:00,0.3896971730384459,1
2026-07-08 14:17:00,0.3171910390659489,1
2026-07-08 14:18:00,0.2920187361936128,1
2026-07-08 14:19:00,0.32471459473180153,1
2026-07-08 14:20:00,0.276643018110273,0
2026-07-08 14:21:00,0.3248085933617926,0
2026-07-08 14:22:00,0.2890755087498892,0
2026-07-08 14:23:00,0.34891663725255834,0
2026-07-08 14:24:00,0.3920429844261809,1
2026-07-08 14:25:00,0.36219714175645035,1
2026-07-08 14:26:00,0.3555413383406931,1
2026-07-08 14:27:00,0.34519145429298537,0
2026-07-08 14:28:00,0.3940829269806672,0
2026-07-08 14:29:00,0.3656173678932276,0
2026-07-08 14:30:00,0.4610349859017611,0
2026-07-08 14:31:00,0.35672240426241064,0
2026-07-08 14:32:00,0.4085328690655177,0
2026-07-08 14:33:00,0.4197381367989554,0
2026-07-08 14:34:00,0.41027073654210044,0
2026-07-08 14:35:00,0.4519416563425545,0
2026-07-08 14:36:00,0.4022976654136708,0
2026-07-08 14:37:00,0.4380095116660203,0
2026-07-08 14:38:00,0.41790249462460516,0
2026-07-08 14:39:00,0.3980571490828287,0
2026-07-08 14:40:00,0.46170168404574585,0
2026-07-08 14:41:00,0.4650597703912109,0
2026-07-08 14:42:00,0.4908244079994083,0
2026-07-08 14:43:00,0.4661265147931583,0
2026-07-08 14:44:00,0.4676106370750968,0
2026-07-08 14:45:00,0.43292381782687056,0
2026-07-08 14:46:00,0.4135746876075052,0
2026-07-08 14:47:00,0.4699166730358629,1
2026-07-08 14:48:00,0.5056983781310357,1
2026-07-08 14:49:00,0.42251259800792823,1
2026-07-08 14:50:00,0.4723204514574037,1
2026-07-08 14:51:00,0.48707855701839464,1
2026-07-08 14:52:00,0.4768367074672247,1
2026-07-08 14:53:00,0.42481689394811056,1
2026-07-08 14:54:00,0.4426828886624184,1
2026-07-08 14:55:00,0.45887040992328,1
2026-07-08 14:56:00,0.48862279997833413,1
2026-07-08 14:57:00,0.4960239207478601,1
2026-07-08 14:58:00,0.5156191462841092,1
2026-07-08 14:59:00,0.559647160704274,1
2026-07-08 15:00:00,0.482821387636917,1
2026-07-09 09:30:00,0.4071049381765863,1
2026-07-09 09:31:00,0.4671509775793281,0
2026-07-09 09:32:00,0.4919055921963865,0
2026-07-09 09:33:00,0.49523678857782855,0
2026-07-09 09:34:00,0.5046302200552383,0
2026-07-09 09:35:00,0.5361536334433675,0
2026-07-09 09:36:00,0.48332239576001806,0
2026-07-09 09:37:00,0.4796682885484299,0
2026-07-09 09:38:00,0.44148858569676686,0
2026-07-09 09:39:00,0.4745635034845452,0
2026-07-09 09:40:00,0.3939493601809205,0
2026-07-09 09:41:00,0.48771145991945475,0
2026-07-09 09:42:00,0.397923207122505,0
2026-07-09 09:43:00,0.4550553421782823,0
2026-07-09 09:44:00,0.39489277829857333,0
2026-07-09 09:45:00,0.4810914513029215,0
2026-07-09 09:46:00,0.4045249922688255,0
2026-07-09 09:47:00,0.44560618228319415,0
2026-07-09 09:48:00,0.4706811220557303,0
2026-07-09 09:49:00,0.457494749707813,0
2026-07-09 09:50:00,0.4752865006099185,0
2026-07-09 09:51:00,0.45827735970324757,0
2026-07-09 09:52:00,0.4697461786064818,0
2026-07-09 09:53:00,0.5009658956476414,1
2026-07-09 09:54:00,0.5519769656766623,0
2026-07-09 09:55:00,0.4043238973454146,0
2026-07-09 09:56:00,0.43886325944999005,0
2026-07-09 09:57:00,0.4250553052231211,0
2026-07-09 09:58:00,0.4776361271547718,0
2026-07-09 09:59:00,0.4047272915354521,0
2026-07-09 10:00:00,0.48751362252655484,1
2026-07-09 10:01:00,0.47217374887488683,1
2026-07-09 10:02:00,0.48663988999567664,1
2026-07-09 10:03:00,0.5280973896295742,1
2026-07-09 10:04:00,0.5221773823219495,1
2026-07-09 10:05:00,0.5464037814457876,1
2026-07-09 10:06:00,0.49353898386576905,1
2026-07-09 10:07:00,0.47395812749287664,1
2026-07-09 10:08:00,0.4527560413442816,1
2026-07-09 10:09:00,0.5088760312043341,1
2026-07-09 10:10:00,0.3920651545695832,0
2026-07-09 10:11:00,0.4589326628609347,1
2026-07-09 10:12:00,0.4374085484118616,1
2026-07-09 10:13:00,0.5062705918248779,1
2026-07-09 10:14:00,0.40325588613770214,0
2026-07-09 10:15:00,0.5039011790385216,0
2026-07-09 10:16:00,0.3970442251024424,0
2026-07-09 10:17:00,0.4770111832450944,0
2026-07-09 10:18:00,0.4960890713753873,0
2026-07-09 10:19:00,0.449362719919866,0
2026-07-09 10:20:00,0.4582153291012782,0
2026-07-09 10:21:00,0.48624096511318454,0
2026-07-09 10:22:00,0.47953428765472095,0
2026-07-09 10:23:00,0.30181568614551163,0
2026-07-09 10:24:00,0.4048794067027684,0
2026-07-09 10:25:00,0.4547557653308929,0
2026-07-09 10:26:00,0.4335544426324118,0
2026-07-09 10:27:00,0.43446611121559175,0
2026-07-09 10:28:00,0.42793410068278986,0
2026-07-09 10:29:00,0.473960722718947,0
2026-07-09 10:30:00,0.43210306844967866,0
2026-07-09 10:31:00,0.5075530143208155,0
2026-07-09 10:32:00,0.513896589917567,0
2026-07-09 10:33:00,0.5679493579076904,0
2026-07-09 10:34:00,0.5942493892242436,0
2026-07-09 10:35:00,0.6200466032782348,1
2026-07-09 10:36:00,0.5206276877872853,0
2026-07-09 10:37:00,0.5926679241159681,0
2026-07-09 10:38:00,0.5555037652554234,0
2026-07-09 10:39:00,0.5476544748490286,0
2026-07-09 10:40:00,0.46012924935868293,0
2026-07-09 10:41:00,0.5367242656317717,1
2026-07-09 10:42:00,0.603241667126958,1
2026-07-09 10:43:00,0.5413591222871624,1
2026-07-09 10:44:00,0.4414280201445259,0
2026-07-09 10:45:00,0.4749710755482871,0
2026-07-09 10:46:00,0.44260835635995166,0
2026-07-09 10:47:00,0.42921690284788283,0
2026-07-09 10:48:00,0.5371811824705234,0
2026-07-09 10:49:00,0.37914607519991905,0
2026-07-09 10:50:00,0.39703371405929194,0
2026-07-09 10:51:00,0.5227669280784955,0
2026-07-09 10:52:00,0.45053269998785767,0
2026-07-09 10:53:00,0.49708470206564503,0
2026-07-09 10:54:00,0.5185212646184443,0
2026-07-09 10:55:00,0.47126706683888747,0
2026-07-09 10:56:00,0.3585961916201718,0
2026-07-09 10:57:00,0.4465762468700261,0
2026-07-09 10:58:00,0.4549966191499247,0
2026-07-09 10:59:00,0.48887023548021247,0
2026-07-09 11:00:00,0.4098552190805105,0
2026-07-09 11:01:00,0.4707949321987101,0
2026-07-09 11:02:00,0.49971886407339455,0
2026-07-09 11:03:00,0.38631675760470924,0
2026-07-09 11:04:00,0.5429269209306878,0
2026-07-09 11:05:00,0.48610150397429314,0
2026-07-09 11:06:00,0.4920485119032064,0
2026-07-09 11:07:00,0.44399547353977004,0
2026-07-09 11:08:00,0.4421661780105619,0
2026-07-09 11:09:00,0.48070539333675305,1
2026-07-09 11:10:00,0.31674832768940825,0
2026-07-09 11:11:00,0.3470983337034095,0
2026-07-09 11:12:00,0.3449528642641495,1
2026-07-09 11:13:00,0.43369139054160855,1
2026-07-09 11:14:00,0.49019228766732004,1
2026-07-09 11:15:00,0.5341979798443152,1
2026-07-09 11:16:00,0.4559622883326305,1
2026-07-09 11:17:00,0.39526908763199275,1
2026-07-09 11:18:00,0.4037776987984883,1
2026-07-09 11:19:00,0.461510059246,1
2026-07-09 11:20:00,0.37291367583044305,1
2026-07-09 11:21:00,0.4142005446131479,1
2026-07-09 11:22:00,0.41782552095974845,1
2026-07-09 11:23:00,0.423012983118534,1
2026-07-09 11:24:00,0.33081250167210535,0
2026-07-09 11:25:00,0.42121321139495255,0
2026-07-09 11:26:00,0.41859947876669873,1
2026-07-09 11:27:00,0.4549960596323994,0
2026-07-09 11:28:00,0.40136089264078456,0
2026-07-09 11:29:00,0.43627657814262766,0
2026-07-09 11:30:00,0.4614525139016811,0
2026-07-09 13:01:00,0.474862003880462,1
2026-07-09 13:02:00,0.472747945780626,0
2026-07-09 13:03:00,0.45266411597203937,1
2026-07-09 13:04:00,0.4057328235062847,0
2026-07-09 13:05:00,0.47908095174896725,0
2026-07-09 13:06:00,0.4723948097615871,1
2026-07-09 13:07:00,0.4220102188262822,0
2026-07-09 13:08:00,0.3464170306290178,0
2026-07-09 13:09:00,0.4573946083951573,0
2026-07-09 13:10:00,0.3863458025147597,0
2026-07-09 13:11:00,0.32054915538020207,0
2026-07-09 13:12:00,0.4198075106913139,0
2026-07-09 13:13:00,0.46217890666636013,1
2026-07-09 13:14:00,0.40886065994202064,1
2026-07-09 13:15:00,0.37323403423419066,1
2026-07-09 13:16:00,0.37947557442043345,0
2026-07-09 13:17:00,0.444546478836624,0
2026-07-09 13:18:00,0.48746057783924085,0
2026-07-09 13:19:00,0.48318551820612404,0
2026-07-09 13:20:00,0.4799039120766257,1
2026-07-09 13:21:00,0.4686832349527629,1
2026-07-09 13:22:00,0.47961549944107884,1
2026-07-09 13:23:00,0.39669611863858545,1
2026-07-09 13:24:00,0.3932571896140657,1
2026-07-09 13:25:00,0.43790677783159704,1
2026-07-09 13:26:00,0.4547958267478809,1
2026-07-09 13:27:00,0.4216994276318537,1
2026-07-09 13:28:00,0.2795981208285067,0
2026-07-09 13:29:00,0.38526032439910834,1
2026-07-09 13:30:00,0.315068907356588,1
2026-07-09 13:31:00,0.44607810046334256,1
2026-07-09 13:32:00,0.44901726458137337,1
2026-07-09 13:33:00,0.4660724048456108,1
2026-07-09 13:34:00,0.4367569681962697,1
2026-07-09 13:35:00,0.4261122479406581,1
2026-07-09 13:36:00,0.37648270610656964,1
2026-07-09 13:37:00,0.39190447453172716,1
2026-07-09 13:38:00,0.27858220358772295,1
2026-07-09 13:39:00,0.4215282077601054,1
2026-07-09 13:40:00,0.29096748223612273,1
2026-07-09 13:41:00,0.2813032644314938,1
2026-07-09 13:42:00,0.2631440866281827,1
2026-07-09 13:43:00,0.2867424426249096,1
2026-07-09 13:44:00,0.26242144629076697,1
2026-07-09 13:45:00,0.2847997150204173,1
2026-07-09 13:46:00,0.324575721983684,0
2026-07-09 13:47:00,0.3329547190127945,1
2026-07-09 13:48:00,0.33776523020907645,1
2026-07-09 13:49:00,0.4314546637618479,1
2026-07-09 13:50:00,0.34605837231588715,1
2026-07-09 13:51:00,0.37592951162005067,1
2026-07-09 13:52:00,0.3593696857456978,1
2026-07-09 13:53:00,0.3424365879284508,1
2026-07-09 13:54:00,0.30819759074420616,1
2026-07-09 13:55:00,0.3834091289840793,1
2026-07-09 13:56:00,0.35518079763908006,1
2026-07-09 13:57:00,0.4078136374444109,1
2026-07-09 13:58:00,0.35095491421760966,1
2026-07-09 13:59:00,0.41369837555861083,1
2026-07-09 14:00:00,0.29733387729993205,1
2026-07-09 14:01:00,0.27986605486541066,1
2026-07-09 14:02:00,0.3145559332488134,1
2026-07-09 14:03:00,0.31999232803121236,1
2026-07-09 14:04:00,0.3297410731982147,1
2026-07-09 14:05:00,0.35960111138183504,1
2026-07-09 14:06:00,0.3913228947225175,1
2026-07-09 14:07:00,0.36009618654605524,1
2026-07-09 14:08:00,0.386654549724378,1
2026-07-09 14:09:00,0.40555350064018153,1
2026-07-09 14:10:00,0.3922511527079951,1
2026-07-09 14:11:00,0.3953990282017962,1
2026-07-09 14:12:00,0.28913352843630924,1
2026-07-09 14:13:00,0.31092709459839507,1
2026-07-09 14:14:00,0.4180043420068428,0
2026-07-09 14:15:00,0.40633784462584477,0
2026-07-09 14:16:00,0.39296159177329076,1
2026-07-09 14:17:00,0.4272855355078338,0
2026-07-09 14:18:00,0.4056358777864091,1
2026-07-09 14:19:00,0.4464181421215568,0
2026-07-09 14:20:00,0.41142459067065323,1
2026-07-09 14:21:00,0.39577320234728464,1
2026-07-09 14:22:00,0.3725707307737193,1
2026-07-09 14:23:00,0.3528575884281278,1
2026-07-09 14:24:00,0.3608056276293921,1
2026-07-09 14:25:00,0.4127570781760982,1
2026-07-09 14:26:00,0.3285549394182299,1
2026-07-09 14:27:00,0.26898515373723725,1
2026-07-09 14:28:00,0.29682923096195923,1
2026-07-09 14:29:00,0.3085048615377998,1
2026-07-09 14:30:00,0.26283158262953915,1
2026-07-09 14:31:00,0.31605076062357773,0
2026-07-09 14:32:00,0.3084309301253391,0
2026-07-09 14:33:00,0.2794465891790974,0
2026-07-09 14:34:00,0.37082112107541465,0
2026-07-09 14:35:00,0.4025998897979073,1
2026-07-09 14:36:00,0.3639313803874727,0
2026-07-09 14:37:00,0.38485340759110365,1
2026-07-09 14:38:00,0.30872265860687076,0
2026-07-09 14:39:00,0.40109447529375364,0
2026-07-09 14:40:00,0.4537821212477249,0
2026-07-09 14:41:00,0.43988147741956185,0
2026-07-09 14:42:00,0.4831730313488238,0
2026-07-09 14:43:00,0.5483097868539987,0
2026-07-09 14:44:00,0.49365214855835005,0
2026-07-09 14:45:00,0.4991051208607327,0
2026-07-09 14:46:00,0.49857446676220324,1
2026-07-09 14:47:00,0.5048780959448325,1
2026-07-09 14:48:00,0.4303307111686379,1
2026-07-09 14:49:00,0.5108067289565588,1
2026-07-09 14:50:00,0.5507053108332052,1
2026-07-09 14:51:00,0.5645030784399908,1
2026-07-09 14:52:00,0.5566304243238686,1
2026-07-09 14:53:00,0.5962515379151442,1
2026-07-09 14:54:00,0.5174743563231692,1
2026-07-09 14:55:00,0.6153749844641877,1
2026-07-09 14:56:00,0.6291455101665714,1
2026-07-09 14:57:00,0.5753171872168938,1
2026-07-09 14:58:00,0.5116231832197273,1
2026-07-09 14:59:00,0.5132641405217279,1
2026-07-09 15:00:00,0.5523909880786536,1
2026-07-10 09:30:00,0.5082399434051117,1
2026-07-10 09:31:00,0.5229456307943375,1
2026-07-10 09:32:00,0.5004523330869344,1
2026-07-10 09:33:00,0.5049560979974799,1
2026-07-10 09:34:00,0.48447296330105066,1
2026-07-10 09:35:00,0.48917949739788236,1
2026-07-10 09:36:00,0.46980314082224167,1
2026-07-10 09:37:00,0.4064298977373122,1
2026-07-10 09:38:00,0.4979765109879574,1
2026-07-10 09:39:00,0.4664101390936239,1
2026-07-10 09:40:00,0.4864730960466326,1
2026-07-10 09:41:00,0.3967278510587846,1
2026-07-10 09:42:00,0.4101451303718675,1
2026-07-10 09:43:00,0.46050622509127287,1
2026-07-10 09:44:00,0.40938345922659425,1
2026-07-10 09:45:00,0.48227895179681574,1
2026-07-10 09:46:00,0.4620247790995605,1
2026-07-10 09:47:00,0.4992951355507448,1
2026-07-10 09:48:00,0.46135748471312926,1
2026-07-10 09:49:00,0.45954650918252193,1
2026-07-10 09:50:00,0.44130455794509615,1
2026-07-10 09:51:00,0.36559286186082934,1
2026-07-10 09:52:00,0.39134700999037997,1
2026-07-10 09:53:00,0.392896415844138,0
2026-07-10 09:54:00,0.3941309003552003,0
2026-07-10 09:55:00,0.3897865917456586,0
2026-07-10 09:56:00,0.42094306633966067,0
2026-07-10 09:57:00,0.4294478838535259,0
2026-07-10 09:58:00,0.3916443971108782,0
2026-07-10 09:59:00,0.486678770801421,1
2026-07-10 10:00:00,0.46960419627100647,1
2026-07-10 10:01:00,0.4625581067004064,1
2026-07-10 10:02:00,0.4331732623401521,1
2026-07-10 10:03:00,0.45012232172230426,0
2026-07-10 10:04:00,0.35591872004032843,0
2026-07-10 10:05:00,0.4189716534476189,0
2026-07-10 10:06:00,0.48549676997112085,0
2026-07-10 10:07:00,0.42728694957749697,0
2026-07-10 10:08:00,0.485528830970089,1
2026-07-10 10:09:00,0.4514430292591389,1
2026-07-10 10:10:00,0.4342446417846284,1
2026-07-10 10:11:00,0.39931907791691507,1
2026-07-10 10:12:00,0.4514097177268177,1
2026-07-10 10:13:00,0.5477804242125139,1
2026-07-10 10:14:00,0.48614825528683875,1
2026-07-10 10:15:00,0.3799946663127601,0
2026-07-10 10:16:00,0.4314313431523653,0
2026-07-10 10:17:00,0.42613391273692786,0
2026-07-10 10:18:00,0.48102509633886914,0
2026-07-10 10:19:00,0.46807682176674276,0
2026-07-10 10:20:00,0.5508119507121464,1
2026-07-10 10:21:00,0.490286576484846,1
2026-07-10 10:22:00,0.43234984632537465,1
2026-07-10 10:23:00,0.46131735024596127,1
2026-07-10 10:24:00,0.33116137983555244,0
2026-07-10 10:25:00,0.3667325944731689,0
2026-07-10 10:26:00,0.37047487356045217,0
2026-07-10 10:27:00,0.38815348879439454,1
2026-07-10 10:28:00,0.36768065015167534,1
2026-07-10 10:29:00,0.4162767307766116,0
2026-07-10 10:30:00,0.4676081185724011,1
2026-07-10 10:31:00,0.43394762608838877,1
2026-07-10 10:32:00,0.3951775263921038,1
2026-07-10 10:33:00,0.49535877256020033,1
2026-07-10 10:34:00,0.5016807921244308,1
2026-07-10 10:35:00,0.37125027546389033,0
2026-07-10 10:36:00,0.3721603833735609,1
2026-07-10 10:37:00,0.39047996421444936,1
2026-07-10 10:38:00,0.48371237069546447,1
2026-07-10 10:39:00,0.4295225016391014,1
2026-07-10 10:40:00,0.42852894417635756,1
2026-07-10 10:41:00,0.38127248244219925,1
2026-07-10 10:42:00,0.3178511745102353,1
2026-07-10 10:43:00,0.3395210362480438,1
2026-07-10 10:44:00,0.4038955558449987,1
2026-07-10 10:45:00,0.3353430488747366,1
2026-07-10 10:46:00,0.40500337559118005,1
2026-07-10 10:47:00,0.4563888617600439,1
2026-07-10 10:48:00,0.3725207795245959,1
2026-07-10 10:49:00,0.4288177653987386,1
2026-07-10 10:50:00,0.42126138077679925,1
2026-07-10 10:51:00,0.36463109169728214,1
2026-07-10 10:52:00,0.3995155299625761,1
2026-07-10 10:53:00,0.3647680290192008,1
2026-07-10 10:54:00,0.43277900875708064,1
2026-07-10 10:55:00,0.37151995989129855,1
2026-07-10 10:56:00,0.41339050089328166,1
2026-07-10 10:57:00,0.4142029396173785,1
2026-07-10 10:58:00,0.4235859161666796,1
2026-07-10 10:59:00,0.39056090412045447,1
2026-07-10 11:00:00,0.4156991029759736,1
2026-07-10 11:01:00,0.4158641032287705,1
2026-07-10 11:02:00,0.39477409971512456,1
2026-07-10 11:03:00,0.38253497904453587,1
2026-07-10 11:04:00,0.4171218600471868,1
2026-07-10 11:05:00,0.4034477483508056,1
2026-07-10 11:06:00,0.3700484987211577,1
2026-07-10 11:07:00,0.40069495887905504,1
2026-07-10 11:08:00,0.4044944429443668,1
2026-07-10 11:09:00,0.4191433495169306,1
2026-07-10 11:10:00,0.4021373893511281,1
2026-07-10 11:11:00,0.4021373893511281,1
2026-07-10 11:12:00,0.40998373105983604,1
2026-07-10 11:13:00,0.3967897183635476,1
2026-07-10 11:14:00,0.4174793874103439,1
2026-07-10 11:15:00,0.4201905100389345,1
2026-07-10 11:16:00,0.40067814131579654,1
2026-07-10 11:17:00,0.415983750385502,1
2026-07-10 11:18:00,0.4621955899558302,1
2026-07-10 11:19:00,0.39606123451397685,1
2026-07-10 11:20:00,0.4801675432159927,1
2026-07-10 11:21:00,0.438361474902602,1
2026-07-10 11:22:00,0.4122789221538986,1
2026-07-10 11:23:00,0.3991402439428459,1
2026-07-10 11:24:00,0.3850467114277535,1
2026-07-10 11:25:00,0.3689281363607513,1
2026-07-10 11:26:00,0.3764620209492433,1
2026-07-10 11:27:00,0.40762811393927617,1
2026-07-10 11:28:00,0.3518259732558429,1
2026-07-10 11:29:00,0.3934722989877251,1
2026-07-10 11:30:00,0.48515828865495236,0
2026-07-10 13:01:00,0.47032318546270313,0
2026-07-10 13:02:00,0.36787772523618373,0
2026-07-10 13:03:00,0.4664825740959924,0
2026-07-10 13:04:00,0.40953662305870825,0
2026-07-10 13:05:00,0.4062265922839443,0
2026-07-10 13:06:00,0.41109904731813574,0
2026-07-10 13:07:00,0.41518227988324524,1
2026-07-10 13:08:00,0.35911939650728253,0
2026-07-10 13:09:00,0.3688294356696005,0
2026-07-10 13:10:00,0.39251575296620755,0
2026-07-10 13:11:00,0.4036273025455389,0
2026-07-10 13:12:00,0.38718929743088404,0
2026-07-10 13:13:00,0.39999753181744624,0
2026-07-10 13:14:00,0.41091415319044056,0
2026-07-10 13:15:00,0.40057117480908055,0
2026-07-10 13:16:00,0.37184355867149455,0
2026-07-10 13:17:00,0.3547255425815265,0
2026-07-10 13:18:00,0.4032429238077096,0
2026-07-10 13:19:00,0.38299245592419284,1
2026-07-10 13:20:00,0.453914259879765,1
2026-07-10 13:21:00,0.5020336083622621,1
2026-07-10 13:22:00,0.4056176725187618,0
2026-07-10 13:23:00,0.3580102372195774,0
2026-07-10 13:24:00,0.3540875176201107,0
2026-07-10 13:25:00,0.37110520467181773,0
2026-07-10 13:26:00,0.3384435744360126,0
2026-07-10 13:27:00,0.3654554961983018,0
2026-07-10 13:28:00,0.39229684505317963,0
2026-07-10 13:29:00,0.3989209032774735,0
2026-07-10 13:30:00,0.4063711794588813,0
2026-07-10 13:31:00,0.401069784166595,0
2026-07-10 13:32:00,0.39568322753544255,0
2026-07-10 13:33:00,0.32897080879549206,0
2026-07-10 13:34:00,0.36902512540919014,0
2026-07-10 13:35:00,0.3662418230733059,0
2026-07-10 13:36:00,0.39670753879467047,0
2026-07-10 13:37:00,0.45957277180206224,0
2026-07-10 13:38:00,0.4485009593229196,0
2026-07-10 13:39:00,0.5280108669190551,0
2026-07-10 13:40:00,0.49828951237455754,0
2026-07-10 13:41:00,0.3687682096762678,0
2026-07-10 13:42:00,0.46065707900100367,0
2026-07-10 13:43:00,0.37540185418279576,0
2026-07-10 13:44:00,0.35251949537652383,0
2026-07-10 13:45:00,0.3771423333840633,0
2026-07-10 13:46:00,0.4055105334549563,0
2026-07-10 13:47:00,0.3964301273427787,0
2026-07-10 13:48:00,0.48732806975992665,0
2026-07-10 13:49:00,0.6170105755245481,1
2026-07-10 13:50:00,0.5313626202576875,0
2026-07-10 13:51:00,0.4499233948403954,0
2026-07-10 13:52:00,0.39210845210601164,0
2026-07-10 13:53:00,0.3210309756347084,0
2026-07-10 13:54:00,0.2932960929924839,0
2026-07-10 13:55:00,0.37716713872914537,0
2026-07-10 13:56:00,0.3466432373288561,0
2026-07-10 13:57:00,0.4726146358065289,0
2026-07-10 13:58:00,0.43118660828818944,0
2026-07-10 13:59:00,0.43206314718810734,1
2026-07-10 14:00:00,0.5008385085178972,1
2026-07-10 14:01:00,0.3575597340152008,0
2026-07-10 14:02:00,0.36823925290740905,0
2026-07-10 14:03:00,0.29057464214203377,0
2026-07-10 14:04:00,0.27911920380576555,0
2026-07-10 14:05:00,0.3609309736249351,1
2026-07-10 14:06:00,0.3524519276211077,1
2026-07-10 14:07:00,0.3418502684272283,1
2026-07-10 14:08:00,0.3701365645274614,1
2026-07-10 14:09:00,0.4254129128231873,1
2026-07-10 14:10:00,0.3517825620753265,1
2026-07-10 14:11:00,0.32207016239159286,1
2026-07-10 14:12:00,0.3723124245381143,0
2026-07-10 14:13:00,0.25458305404115356,0
2026-07-10 14:14:00,0.31921383840872175,0
2026-07-10 14:15:00,0.3337184018978204,0
2026-07-10 14:16:00,0.3486945162012072,0
2026-07-10 14:17:00,0.2811141759742733,0
2026-07-10 14:18:00,0.27525330664313136,0
2026-07-10 14:19:00,0.3496962453139457,0
2026-07-10 14:20:00,0.2359618869890488,0
2026-07-10 14:21:00,0.33013156159896656,0
2026-07-10 14:22:00,0.34542831507451094,0
2026-07-10 14:23:00,0.4356748318781555,0
2026-07-10 14:24:00,0.4093089447081418,0
2026-07-10 14:25:00,0.34003787869522395,0
2026-07-10 14:26:00,0.3844877368975935,0
2026-07-10 14:27:00,0.3590368502882373,0
2026-07-10 14:28:00,0.42357526684929403,0
2026-07-10 14:29:00,0.352434404507465,0
2026-07-10 14:30:00,0.29435452696894304,0
2026-07-10 14:31:00,0.35239038711594883,0
2026-07-10 14:32:00,0.24952416388942256,0
2026-07-10 14:33:00,0.36815427990101035,0
2026-07-10 14:34:00,0.41458782840567676,0
2026-07-10 14:35:00,0.40077841396130415,0
2026-07-10 14:36:00,0.31773251056852164,0
2026-07-10 14:37:00,0.34088720182960613,0
2026-07-10 14:38:00,0.3687498871474117,0
2026-07-10 14:39:00,0.42174455360308727,1
2026-07-10 14:40:00,0.41407274630210583,0
2026-07-10 14:41:00,0.4717797419438217,0
2026-07-10 14:42:00,0.4716697542421806,0
2026-07-10 14:43:00,0.45201686995767465,0
2026-07-10 14:44:00,0.45761829494961576,1
2026-07-10 14:45:00,0.481583525603001,1
2026-07-10 14:46:00,0.4922850441801479,0
2026-07-10 14:47:00,0.3671786456689575,0
2026-07-10 14:48:00,0.4140919002596719,0
2026-07-10 14:49:00,0.4009759064628442,0
2026-07-10 14:50:00,0.44734172185212473,0
2026-07-10 14:51:00,0.4460172894941768,0
2026-07-10 14:52:00,0.4280948269252301,0
2026-07-10 14:53:00,0.4294592438935329,0
2026-07-10 14:54:00,0.44664620620770357,0
2026-07-10 14:55:00,0.4178687638977656,0
2026-07-10 14:56:00,0.4362558558997551,0
2026-07-10 14:57:00,0.5195856249007728,0
2026-07-10 14:58:00,0.47734464250067876,0
2026-07-10 14:59:00,0.5251454027453958,0
2026-07-10 15:00:00,0.442517663663767,0
2026-07-13 09:30:00,0.42632822023296346,0
2026-07-13 09:31:00,0.5193220004509763,1
2026-07-13 09:32:00,0.5501375355406185,1
2026-07-13 09:33:00,0.6109370180831369,1
2026-07-13 09:34:00,0.46118055477212255,0
2026-07-13 09:35:00,0.4856833524534488,0
2026-07-13 09:36:00,0.4873304299035529,0
2026-07-13 09:37:00,0.4323388801003223,0
2026-07-13 09:38:00,0.41371026998028804,0
2026-07-13 09:39:00,0.4809059468826857,0
2026-07-13 09:40:00,0.46843437058257476,0
2026-07-13 09:41:00,0.4802770164614421,0
2026-07-13 09:42:00,0.46646901319037165,0
2026-07-13 09:43:00,0.4938867804816459,0
2026-07-13 09:44:00,0.42878202235738117,0
2026-07-13 09:45:00,0.4424469358842643,0
2026-07-13 09:46:00,0.36600220741776346,0
2026-07-13 09:47:00,0.3573625903343383,0
2026-07-13 09:48:00,0.3613528264245407,0
2026-07-13 09:49:00,0.4837025603407425,0
2026-07-13 09:50:00,0.5106083242488838,0
2026-07-13 09:51:00,0.46864448274217446,0
2026-07-13 09:52:00,0.44720394706574673,0
2026-07-13 09:53:00,0.44874140417136726,0
2026-07-13 09:54:00,0.46708825482605865,0
2026-07-13 09:55:00,0.4508939071510667,0
2026-07-13 09:56:00,0.4721915883794599,0
2026-07-13 09:57:00,0.5113030314472562,0
2026-07-13 09:58:00,0.478852651135236,1
2026-07-13 09:59:00,0.4588358900933953,0
2026-07-13 10:00:00,0.43429886354202457,0
2026-07-13 10:01:00,0.5416788799884066,0
2026-07-13 10:02:00,0.5037891559132556,0
2026-07-13 10:03:00,0.48993139854312523,0
2026-07-13 10:04:00,0.5406048592298082,0
2026-07-13 10:05:00,0.4729429379165319,0
2026-07-13 10:06:00,0.387199505804613,0
2026-07-13 10:07:00,0.49573938225568487,0
2026-07-13 10:08:00,0.5690378042881006,0
2026-07-13 10:09:00,0.5455514195076534,0
2026-07-13 10:10:00,0.481357995728561,0
2026-07-13 10:11:00,0.566206844531797,0
2026-07-13 10:12:00,0.4888351256493626,0
2026-07-13 10:13:00,0.4376680738751392,0
2026-07-13 10:14:00,0.5034661688659214,1
2026-07-13 10:15:00,0.5387919682392981,1
2026-07-13 10:16:00,0.504795302734205,1
2026-07-13 10:17:00,0.48633014213657766,1
2026-07-13 10:18:00,0.5808985091130507,1
2026-07-13 10:19:00,0.5387970841281189,1
2026-07-13 10:20:00,0.43373350130674354,0
2026-07-13 10:21:00,0.4242410194587934,0
2026-07-13 10:22:00,0.4253911823489215,0
2026-07-13 10:23:00,0.3927769879609183,0
2026-07-13 10:24:00,0.48755545481099444,0
2026-07-13 10:25:00,0.4244079231724281,0
2026-07-13 10:26:00,0.40928213132224356,0
2026-07-13 10:27:00,0.3513353633057395,0
2026-07-13 10:28:00,0.3483614594968746,0
2026-07-13 10:29:00,0.39074814005527714,0
2026-07-13 10:30:00,0.39810618705730344,0
2026-07-13 10:31:00,0.4652496109673363,0
2026-07-13 10:32:00,0.46676889700327223,0
2026-07-13 10:33:00,0.5327852049082469,0
2026-07-13 10:34:00,0.5354060126530233,0
2026-07-13 10:35:00,0.45569910520132156,0
2026-07-13 10:36:00,0.5284781188461828,0
2026-07-13 10:37:00,0.46433515007210996,0
2026-07-13 10:38:00,0.4583678071414867,0
2026-07-13 10:39:00,0.4757358795430233,0
2026-07-13 10:40:00,0.48058071714438083,0
2026-07-13 10:41:00,0.4090043513889083,0
2026-07-13 10:42:00,0.49887270355646024,0
2026-07-13 10:43:00,0.3464574445535066,0
2026-07-13 10:44:00,0.4417763735269927,0
2026-07-13 10:45:00,0.3843929610751128,0
2026-07-13 10:46:00,0.35936900331915556,0
2026-07-13 10:47:00,0.42317790449835846,0
2026-07-13 10:48:00,0.39416772897125296,0
2026-07-13 10:49:00,0.3717162350555902,0
2026-07-13 10:50:00,0.3606443600838432,0
2026-07-13 10:51:00,0.47903760780770926,0
2026-07-13 10:52:00,0.47806863127213145,0
2026-07-13 10:53:00,0.5095500789293371,0
2026-07-13 10:54:00,0.4149850508545422,0
2026-07-13 10:55:00,0.337163211094041,0
2026-07-13 10:56:00,0.4099724516859317,0
2026-07-13 10:57:00,0.3112888367416921,0
2026-07-13 10:58:00,0.45973906985343915,0
2026-07-13 10:59:00,0.34729766854020966,0
2026-07-13 11:00:00,0.33388125258312135,0
2026-07-13 11:01:00,0.40951428098363746,1
2026-07-13 11:02:00,0.4501314183548567,1
2026-07-13 11:03:00,0.3708425392728193,0
2026-07-13 11:04:00,0.37867100953763666,1
2026-07-13 11:05:00,0.3506676589051094,0
2026-07-13 11:06:00,0.36808958779518536,0
2026-07-13 11:07:00,0.4760180846867026,1
2026-07-13 11:08:00,0.466208388330169,1
2026-07-13 11:09:00,0.427117683693069,1
2026-07-13 11:10:00,0.37395093136797386,1
2026-07-13 11:11:00,0.3700063600445328,0
2026-07-13 11:12:00,0.43131666985647504,0
2026-07-13 11:13:00,0.39790162199095663,0
2026-07-13 11:14:00,0.39309132299795196,0
2026-07-13 11:15:00,0.4337386765000906,1
2026-07-13 11:16:00,0.3718115333699093,0
2026-07-13 11:17:00,0.38521588767344,0
2026-07-13 11:18:00,0.4123126277715868,0
2026-07-13 11:19:00,0.37409581965898153,0
2026-07-13 11:20:00,0.4183990150835029,0
2026-07-13 11:21:00,0.444649175418661,0
2026-07-13 11:22:00,0.42593989958959777,0
2026-07-13 11:23:00,0.3696177229462861,0
2026-07-13 11:24:00,0.42756006415046505,0
2026-07-13 11:25:00,0.41599343219572643,0
2026-07-13 11:26:00,0.42902708997579486,0
2026-07-13 11:27:00,0.4751219654996002,0
2026-07-13 11:28:00,0.47798453702329186,0
2026-07-13 11:29:00,0.4428244108999765,0
2026-07-13 11:30:00,0.31904606519336065,0
2026-07-13 13:01:00,0.44007446431292896,0
2026-07-13 13:02:00,0.4438968226024189,0
2026-07-13 13:03:00,0.39861916887406756,0
2026-07-13 13:04:00,0.4416592668446101,0
2026-07-13 13:05:00,0.43561400744943013,0
2026-07-13 13:06:00,0.4393439483595991,0
2026-07-13 13:07:00,0.4722671488991538,0
2026-07-13 13:08:00,0.4474470815766395,0
2026-07-13 13:09:00,0.46829279947003927,0
2026-07-13 13:10:00,0.4878084750970168,0
2026-07-13 13:11:00,0.39354139355332324,0
2026-07-13 13:12:00,0.3398370341023509,0
2026-07-13 13:13:00,0.4085906182787006,0
2026-07-13 13:14:00,0.4389822787614516,0
2026-07-13 13:15:00,0.5317022562352831,0
2026-07-13 13:16:00,0.4818994065215827,0
2026-07-13 13:17:00,0.5116532432856422,1
2026-07-13 13:18:00,0.5118320878270981,1
2026-07-13 13:19:00,0.5401552348298431,1
2026-07-13 13:20:00,0.4217655038602386,1
2026-07-13 13:21:00,0.43502902859832787,1
2026-07-13 13:22:00,0.5263099341956777,1
2026-07-13 13:23:00,0.4178185000711664,1
2026-07-13 13:24:00,0.38915970899464797,1
2026-07-13 13:25:00,0.45168478781154786,1
2026-07-13 13:26:00,0.4060571404360616,1
2026-07-13 13:27:00,0.4031935599752593,1
2026-07-13 13:28:00,0.3582424690957741,1
2026-07-13 13:29:00,0.4129936132738055,1
2026-07-13 13:30:00,0.4364358403644032,1
2026-07-13 13:31:00,0.37391150632879694,1
2026-07-13 13:32:00,0.42376313583945246,0
2026-07-13 13:33:00,0.4009441546822045,0
2026-07-13 13:34:00,0.3703287507286333,0
2026-07-13 13:35:00,0.3905977682992854,0
2026-07-13 13:36:00,0.38535277471157725,0
2026-07-13 13:37:00,0.4499128981950884,0
2026-07-13 13:38:00,0.4652564440497992,0
2026-07-13 13:39:00,0.45865475883898743,1
2026-07-13 13:40:00,0.4702694120167041,0
2026-07-13 13:41:00,0.43389806619226634,0
2026-07-13 13:42:00,0.460909390711284,0
2026-07-13 13:43:00,0.42416559479839727,0
2026-07-13 13:44:00,0.4638503485990576,0
2026-07-13 13:45:00,0.45564603793457986,0
2026-07-13 13:46:00,0.49274038465501463,0
2026-07-13 13:47:00,0.4368962152589267,0
2026-07-13 13:48:00,0.44290759883662595,0
2026-07-13 13:49:00,0.4097764294952107,0
2026-07-13 13:50:00,0.4151019455459548,0
2026-07-13 13:51:00,0.36694427545340225,0
2026-07-13 13:52:00,0.3208896032754689,0
2026-07-13 13:53:00,0.3356530955967093,0
2026-07-13 13:54:00,0.30953046428643305,0
2026-07-13 13:55:00,0.38210514963300296,0
2026-07-13 13:56:00,0.3343893804250327,0
2026-07-13 13:57:00,0.37397775607458056,0
2026-07-13 13:58:00,0.3261157019547,0
2026-07-13 13:59:00,0.3328086369493666,0
2026-07-13 14:00:00,0.3705991706906913,0
2026-07-13 14:01:00,0.37727513696445597,0
2026-07-13 14:02:00,0.39183972472005346,0
2026-07-13 14:03:00,0.36940646178606185,0
2026-07-13 14:04:00,0.36746110963156015,0
2026-07-13 14:05:00,0.3166252672225065,0
2026-07-13 14:06:00,0.25059914499953057,0
2026-07-13 14:07:00,0.31651916010214975,0
2026-07-13 14:08:00,0.35412154270658847,0
2026-07-13 14:09:00,0.317219417743977,0
2026-07-13 14:10:00,0.36434506748944206,0
2026-07-13 14:11:00,0.2425616856482655,0
2026-07-13 14:12:00,0.29699702488874213,0
2026-07-13 14:13:00,0.2886567945511719,1
2026-07-13 14:14:00,0.3881992288790873,1
2026-07-13 14:15:00,0.3970140554191794,1
2026-07-13 14:16:00,0.43719351249264693,1
2026-07-13 14:17:00,0.33650412931609447,0
2026-07-13 14:18:00,0.22747962995717314,0
2026-07-13 14:19:00,0.23073546548718096,0
2026-07-13 14:20:00,0.274449291587662,0
2026-07-13 14:21:00,0.2503203920532452,1
2026-07-13 14:22:00,0.3026682018969906,1
2026-07-13 14:23:00,0.35385042741994777,1
2026-07-13 14:24:00,0.3064746300952013,1
2026-07-13 14:25:00,0.262697360584787,1
2026-07-13 14:26:00,0.273300111067764,0
2026-07-13 14:27:00,0.26958693484712926,0
2026-07-13 14:28:00,0.24689056122191907,0
2026-07-13 14:29:00,0.3260243156660224,1
2026-07-13 14:30:00,0.35326290105698793,1
2026-07-13 14:31:00,0.341880737599696,1
2026-07-13 14:32:00,0.32570526912791403,1
2026-07-13 14:33:00,0.27581813088210144,1
2026-07-13 14:34:00,0.33619155135677653,1
2026-07-13 14:35:00,0.2568438816613515,1
2026-07-13 14:36:00,0.28193805451503445,1
2026-07-13 14:37:00,0.34599916624531735,1
2026-07-13 14:38:00,0.3265765420378416,1
2026-07-13 14:39:00,0.3272795973263176,1
2026-07-13 14:40:00,0.3742978678482071,1
2026-07-13 14:41:00,0.4514078920613274,1
2026-07-13 14:42:00,0.4504096483226126,1
2026-07-13 14:43:00,0.4373277911690162,1
2026-07-13 14:44:00,0.4224616827421013,1
2026-07-13 14:45:00,0.45732023119510745,0
2026-07-13 14:46:00,0.4446743356233613,1
2026-07-13 14:47:00,0.4261459249298482,1
2026-07-13 14:48:00,0.41253041760662273,0
2026-07-13 14:49:00,0.5277895865858404,1
2026-07-13 14:50:00,0.37969790290791183,0
2026-07-13 14:51:00,0.5052929150052273,1
2026-07-13 14:52:00,0.4999451565543817,1
2026-07-13 14:53:00,0.5332413422718381,1
2026-07-13 14:54:00,0.4876665897194991,1
2026-07-13 14:55:00,0.5094252710280385,1
2026-07-13 14:56:00,0.5776984487234048,1
2026-07-13 14:57:00,0.5381597498242049,1
2026-07-13 14:58:00,0.6467166626843351,0
2026-07-13 14:59:00,0.6367651784860692,0
2026-07-13 15:00:00,0.520531993943303,1
2026-07-14 09:30:00,0.4427002156083041,0
2026-07-14 09:31:00,0.5225546659855906,0
2026-07-14 09:32:00,0.515279584373903,0
2026-07-14 09:33:00,0.48526656256491685,0
2026-07-14 09:34:00,0.5513138819679743,0
2026-07-14 09:35:00,0.4910066465420232,0
2026-07-14 09:36:00,0.48387254436063437,0
2026-07-14 09:37:00,0.4814501222716201,0
2026-07-14 09:38:00,0.5030286558816623,0
2026-07-14 09:39:00,0.4686815495964477,0
2026-07-14 09:40:00,0.43832679662224855,0
2026-07-14 09:41:00,0.40812159393074476,1
2026-07-14 09:42:00,0.4436213907876502,1
2026-07-14 09:43:00,0.4385464713499491,1
2026-07-14 09:44:00,0.42520299898614544,1
2026-07-14 09:45:00,0.4222310478947523,1
2026-07-14 09:46:00,0.3538632186095791,1
2026-07-14 09:47:00,0.4670909736427139,1
2026-07-14 09:48:00,0.4624011416987321,1
2026-07-14 09:49:00,0.41475217837453043,1
2026-07-14 09:50:00,0.39387963367798495,1
2026-07-14 09:51:00,0.4195865939376402,1
2026-07-14 09:52:00,0.43516823966803403,1
2026-07-14 09:53:00,0.4483642489274974,1
2026-07-14 09:54:00,0.4200199439398413,1
2026-07-14 09:55:00,0.4225793690150221,1
2026-07-14 09:56:00,0.3477342407904376,0
2026-07-14 09:57:00,0.3419136501691819,0
2026-07-14 09:58:00,0.3874887698494262,0
2026-07-14 09:59:00,0.3535379718808137,0
2026-07-14 10:00:00,0.4496352379727299,0
2026-07-14 10:01:00,0.49855279514685213,1
2026-07-14 10:02:00,0.4719711213088253,1
2026-07-14 10:03:00,0.45535933047631894,1
2026-07-14 10:04:00,0.45416416243748686,1
2026-07-14 10:05:00,0.3529471174975371,0
2026-07-14 10:06:00,0.38261491206596476,0
2026-07-14 10:07:00,0.5034890760967499,1
2026-07-14 10:08:00,0.4800133437495771,0
2026-07-14 10:09:00,0.4207446700299037,0
2026-07-14 10:10:00,0.44823741777563847,0
2026-07-14 10:11:00,0.48529720057365305,0
2026-07-14 10:12:00,0.48477683766044577,1
2026-07-14 10:13:00,0.49474815736990974,1
2026-07-14 10:14:00,0.41303301005555937,0
2026-07-14 10:15:00,0.3656703643252335,0
2026-07-14 10:16:00,0.4258898909847148,0
2026-07-14 10:17:00,0.3731739453388355,0
2026-07-14 10:18:00,0.45713415731940577,0
2026-07-14 10:19:00,0.44817269071410076,0
2026-07-14 10:20:00,0.39114857998711833,0
2026-07-14 10:21:00,0.5141067703584289,0
2026-07-14 10:22:00,0.5090417617909268,0
2026-07-14 10:23:00,0.506576320219596,0
2026-07-14 10:24:00,0.49435398461663466,0
2026-07-14 10:25:00,0.5514768188468685,0
2026-07-14 10:26:00,0.4872310458038332,0
2026-07-14 10:27:00,0.5006980184212193,0
2026-07-14 10:28:00,0.4124577113621398,0
2026-07-14 10:29:00,0.4929660158990993,0
2026-07-14 10:30:00,0.41826442344551107,0
2026-07-14 10:31:00,0.4204268268554659,0
2026-07-14 10:32:00,0.4683913152395471,0
2026-07-14 10:33:00,0.40022820588945485,0
2026-07-14 10:34:00,0.43928216561363165,0
2026-07-14 10:35:00,0.42481187775729257,0
2026-07-14 10:36:00,0.44900583312072156,0
2026-07-14 10:37:00,0.41964721331830035,0
2026-07-14 10:38:00,0.41202945990872636,0
2026-07-14 10:39:00,0.40939682100718444,0
2026-07-14 10:40:00,0.41473557318971704,0
2026-07-14 10:41:00,0.39303160747115773,0
2026-07-14 10:42:00,0.4214213859872394,0
2026-07-14 10:43:00,0.42080363387230635,0
2026-07-14 10:44:00,0.3930830346089804,0
2026-07-14 10:45:00,0.43733926108394783,0
2026-07-14 10:46:00,0.4089373623296715,0
2026-07-14 10:47:00,0.42927163511744526,0
2026-07-14 10:48:00,0.56480984295869,0
2026-07-14 10:49:00,0.4567291366728204,0
2026-07-14 10:50:00,0.4328537359127482,0
2026-07-14 10:51:00,0.42970896255372903,0
2026-07-14 10:52:00,0.4045781781023842,0
2026-07-14 10:53:00,0.40181082994814366,0
2026-07-14 10:54:00,0.3708486336393497,0
2026-07-14 10:55:00,0.38532644787755754,0
2026-07-14 10:56:00,0.44524556187199904,0
2026-07-14 10:57:00,0.4322250926932124,0
2026-07-14 10:58:00,0.4613784440949569,0
2026-07-14 10:59:00,0.45362231184632723,0
2026-07-14 11:00:00,0.49893115512099273,0
2026-07-14 11:01:00,0.4328537359127482,0
2026-07-14 11:02:00,0.44141373257173144,0
2026-07-14 11:03:00,0.465365661619271,0
2026-07-14 11:04:00,0.3996515803452547,0
2026-07-14 11:05:00,0.435555019108099,0
2026-07-14 11:06:00,0.4482906678440816,0
2026-07-14 11:07:00,0.5026949565006482,0
2026-07-14 11:08:00,0.44201727117502215,0
2026-07-14 11:09:00,0.4675625178570601,0
2026-07-14 11:10:00,0.4683929868221351,0
2026-07-14 11:11:00,0.4666941827755991,0
2026-07-14 11:12:00,0.438729348701519,0
2026-07-14 11:13:00,0.5119250977445158,0
2026-07-14 11:14:00,0.5483060098590861,0
2026-07-14 11:15:00,0.4716616769897748,0
2026-07-14 11:16:00,0.4822943590185062,1
2026-07-14 11:17:00,0.4165716200820143,0
2026-07-14 11:18:00,0.43477324414261903,0
2026-07-14 11:19:00,0.4321852998819026,1
2026-07-14 11:20:00,0.4881578766889968,1
2026-07-14 11:21:00,0.45377900613683103,1
2026-07-14 11:22:00,0.5272041466062747,1
2026-07-14 11:23:00,0.4987723975911325,1
2026-07-14 11:24:00,0.5288597697594493,1
2026-07-14 11:25:00,0.5433467856545937,1
2026-07-14 11:26:00,0.5465784731003983,1
2026-07-14 11:27:00,0.4985144412025865,1
2026-07-14 11:28:00,0.5056992044892739,1
2026-07-14 11:29:00,0.35496026158028726,1
2026-07-14 11:30:00,0.3258913614187912,1
2026-07-14 13:01:00,0.3109618140608372,1
2026-07-14 13:02:00,0.4176823515809026,1
2026-07-14 13:03:00,0.40058399946855977,1
2026-07-14 13:04:00,0.32151737851075424,0
2026-07-14 13:05:00,0.34407411122447645,1
2026-07-14 13:06:00,0.4104999096662946,0
2026-07-14 13:07:00,0.3986619952286975,1
2026-07-14 13:08:00,0.36399766422875857,0
2026-07-14 13:09:00,0.3752796525735184,0
2026-07-14 13:10:00,0.44283624761856066,1
2026-07-14 13:11:00,0.5064316329742629,0
2026-07-14 13:12:00,0.3767582760333642,0
2026-07-14 13:13:00,0.4487258875568238,1
2026-07-14 13:14:00,0.4377442852521722,1
2026-07-14 13:15:00,0.42193143518937615,1
2026-07-14 13:16:00,0.377320974201178,1
2026-07-14 13:17:00,0.37186101549055267,1
2026-07-14 13:18:00,0.41208218353014076,1
2026-07-14 13:19:00,0.4208262928240996,1
2026-07-14 13:20:00,0.3764983195998677,1
2026-07-14 13:21:00,0.35866526628165873,1
2026-07-14 13:22:00,0.3517641765409225,1
2026-07-14 13:23:00,0.3045191624600898,0
2026-07-14 13:24:00,0.38751865926834395,1
2026-07-14 13:25:00,0.3158757187879935,0
2026-07-14 13:26:00,0.44476869772801425,1
2026-07-14 13:27:00,0.3292932490638085,0
2026-07-14 13:28:00,0.40523132647377896,0
2026-07-14 13:29:00,0.2938355356223724,0
2026-07-14 13:30:00,0.3653163945108068,0
2026-07-14 13:31:00,0.3204640123877935,0
2026-07-14 13:32:00,0.3583131182331314,0
2026-07-14 13:33:00,0.3514512001692615,0
2026-07-14 13:34:00,0.34142813209101724,0
2026-07-14 13:35:00,0.3633373494201247,0
2026-07-14 13:36:00,0.39017466039311577,0
2026-07-14 13:37:00,0.40894342831471087,0
2026-07-14 13:38:00,0.4675891567244795,0
2026-07-14 13:39:00,0.3589646951324834,0
2026-07-14 13:40:00,0.44989992502143966,0
2026-07-14 13:41:00,0.40919191461511295,0
2026-07-14 13:42:00,0.40370040933179563,0
2026-07-14 13:43:00,0.4386652232347994,0
2026-07-14 13:44:00,0.468127575924904,0
2026-07-14 13:45:00,0.4411083512008152,0
2026-07-14 13:46:00,0.3511322068084688,0
2026-07-14 13:47:00,0.45551235744716223,0
2026-07-14 13:48:00,0.3823064633959245,0
2026-07-14 13:49:00,0.4604493097861584,1
2026-07-14 13:50:00,0.40211896482647674,0
2026-07-14 13:51:00,0.459133082255269,0
2026-07-14 13:52:00,0.5436778285132567,1
2026-07-14 13:53:00,0.48229325420822444,1
2026-07-14 13:54:00,0.5320942748955697,1
2026-07-14 13:55:00,0.4462394554624398,1
2026-07-14 13:56:00,0.3702326218406681,1
2026-07-14 13:57:00,0.40050846503950494,1
2026-07-14 13:58:00,0.28181096753016266,1
2026-07-14 13:59:00,0.24102200115022715,0
2026-07-14 14:00:00,0.26187872792102646,0
2026-07-14 14:01:00,0.3671700783864213,1
2026-07-14 14:02:00,0.3074022110203217,1
2026-07-14 14:03:00,0.3929305306676038,1
2026-07-14 14:04:00,0.29478594250041174,1
2026-07-14 14:05:00,0.3765526762031765,1
2026-07-14 14:06:00,0.26356324826904876,1
2026-07-14 14:07:00,0.25354259156825637,1
2026-07-14 14:08:00,0.3245831642374195,0
2026-07-14 14:09:00,0.3604755543132345,0
2026-07-14 14:10:00,0.3201403482380813,1
2026-07-14 14:11:00,0.40777633808421,1
2026-07-14 14:12:00,0.3263363609124199,1
2026-07-14 14:13:00,0.3145379792669797,1
2026-07-14 14:14:00,0.3770446387782377,1
2026-07-14 14:15:00,0.3582213433751932,1
2026-07-14 14:16:00,0.3113345683422111,1
2026-07-14 14:17:00,0.3664260547495605,1
2026-07-14 14:18:00,0.3548432981649944,1
2026-07-14 14:19:00,0.3430441407380206,1
2026-07-14 14:20:00,0.3669244327070746,1
2026-07-14 14:21:00,0.4065284959996271,1
2026-07-14 14:22:00,0.42149495924728714,1
2026-07-14 14:23:00,0.4314332229997891,1
2026-07-14 14:24:00,0.40421252979069816,1
2026-07-14 14:25:00,0.30805850910330973,1
2026-07-14 14:26:00,0.2643921024503398,1
2026-07-14 14:27:00,0.27073742609216495,1
2026-07-14 14:28:00,0.25470132175370686,1
2026-07-14 14:29:00,0.35294564398752737,1
2026-07-14 14:30:00,0.29447634483981694,1
2026-07-14 14:31:00,0.2548015877403699,1
2026-07-14 14:32:00,0.25561234764271745,1
2026-07-14 14:33:00,0.2759597757733047,1
2026-07-14 14:34:00,0.3509160370909982,1
2026-07-14 14:35:00,0.4163226012834818,1
2026-07-14 14:36:00,0.39853120975450546,1
2026-07-14 14:37:00,0.4193072627465492,1
2026-07-14 14:38:00,0.3891421027654322,1
2026-07-14 14:39:00,0.3897031540971452,1
2026-07-14 14:40:00,0.44956877983956983,1
2026-07-14 14:41:00,0.5391752039984312,1
2026-07-14 14:42:00,0.5586522591226994,1
2026-07-14 14:43:00,0.5471418864541411,1
2026-07-14 14:44:00,0.5312769839094382,1
2026-07-14 14:45:00,0.5127096182938288,1
2026-07-14 14:46:00,0.505051405915363,0
2026-07-14 14:47:00,0.48117381400208187,0
2026-07-14 14:48:00,0.48802533384726876,0
2026-07-14 14:49:00,0.43416020093577345,0
2026-07-14 14:50:00,0.5381776643223215,0
2026-07-14 14:51:00,0.5681130900164622,0
2026-07-14 14:52:00,0.5541331538620503,0
2026-07-14 14:53:00,0.4905720458232963,0
2026-07-14 14:54:00,0.5897762056234945,0
2026-07-14 14:55:00,0.6140762896432898,0
2026-07-14 14:56:00,0.5604632960417911,0
2026-07-14 14:57:00,0.5592509998080695,0
2026-07-14 14:58:00,0.5040986948953368,0
2026-07-14 14:59:00,0.5236725704533229,0
2026-07-14 15:00:00,0.5579057641736992,0
2026-07-15 09:30:00,0.40290484729853815,0
2026-07-15 09:31:00,0.45558935452854,1
2026-07-15 09:32:00,0.4576902130184259,1
2026-07-15 09:33:00,0.5894251725184022,1
2026-07-15 09:34:00,0.5323260667507316,1
2026-07-15 09:35:00,0.5577558788792595,1
2026-07-15 09:36:00,0.5943067543325665,1
2026-07-15 09:37:00,0.5686582863123555,1
2026-07-15 09:38:00,0.48889893108948984,1
2026-07-15 09:39:00,0.4073895411943813,1
2026-07-15 09:40:00,0.36103772645884846,1
2026-07-15 09:41:00,0.4952597656948985,1
2026-07-15 09:42:00,0.35119018269518665,1
2026-07-15 09:43:00,0.42594535832131586,1
2026-07-15 09:44:00,0.3829020339130164,1
2026-07-15 09:45:00,0.45361943637742086,1
2026-07-15 09:46:00,0.40302250310092386,1
2026-07-15 09:47:00,0.38284826055438637,1
2026-07-15 09:48:00,0.41347101698539884,1
2026-07-15 09:49:00,0.456124882543738,1
2026-07-15 09:50:00,0.4397236402350991,1
2026-07-15 09:51:00,0.44171885241962733,0
2026-07-15 09:52:00,0.46202538525028064,0
2026-07-15 09:53:00,0.46985369563823565,0
2026-07-15 09:54:00,0.44401825554702823,0
2026-07-15 09:55:00,0.4493705575240703,0
2026-07-15 09:56:00,0.39248955695586984,0
2026-07-15 09:57:00,0.38281953907269606,0
2026-07-15 09:58:00,0.3904329003631357,0
2026-07-15 09:59:00,0.3821539762891317,0
2026-07-15 10:00:00,0.45490852177991314,0
2026-07-15 10:01:00,0.4001931698920048,0
2026-07-15 10:02:00,0.4211254811043517,0
2026-07-15 10:03:00,0.4160971125909636,0
2026-07-15 10:04:00,0.43619522640783964,0
2026-07-15 10:05:00,0.45291728356982847,0
2026-07-15 10:06:00,0.4741929303458268,0
2026-07-15 10:07:00,0.4797141410402739,0
2026-07-15 10:08:00,0.5377027693497606,0
2026-07-15 10:09:00,0.5233843174159215,1
2026-07-15 10:10:00,0.5684154062948436,1
2026-07-15 10:11:00,0.6113535181911942,1
2026-07-15 10:12:00,0.5895249193746551,1
2026-07-15 10:13:00,0.6635324521147442,1
2026-07-15 10:14:00,0.4390509480333401,1
2026-07-15 10:15:00,0.42544535754404933,1
2026-07-15 10:16:00,0.3696024227998502,1
2026-07-15 10:17:00,0.3889514295412709,0
2026-07-15 10:18:00,0.43399715095924296,1
2026-07-15 10:19:00,0.49915728164803175,0
2026-07-15 10:20:00,0.4926253854548724,1
2026-07-15 10:21:00,0.4730279312234668,1
2026-07-15 10:22:00,0.4684904955125382,1
2026-07-15 10:23:00,0.481557745031065,1
2026-07-15 10:24:00,0.35226943331474503,1
2026-07-15 10:25:00,0.43993036549934206,1
2026-07-15 10:26:00,0.3228381865456225,1
2026-07-15 10:27:00,0.39262592574234906,1
2026-07-15 10:28:00,0.3290428724487069,1
2026-07-15 10:29:00,0.38830605080571556,1
2026-07-15 10:30:00,0.4037423465176579,1
2026-07-15 10:31:00,0.4280305512083804,1
2026-07-15 10:32:00,0.4351440204849372,1
2026-07-15 10:33:00,0.4184851141968788,1
2026-07-15 10:34:00,0.49626787476853834,1
2026-07-15 10:35:00,0.3824065159868118,0
2026-07-15 10:36:00,0.38919295799225606,0
2026-07-15 10:37:00,0.4177287281689229,0
2026-07-15 10:38:00,0.38025364765573055,0
2026-07-15 10:39:00,0.42676781251933565,0
2026-07-15 10:40:00,0.4358643683070795,0
2026-07-15 10:41:00,0.4323617415172723,0
2026-07-15 10:42:00,0.43990486000484036,0
2026-07-15 10:43:00,0.46388472387187335,0
2026-07-15 10:44:00,0.43696566493991984,0
2026-07-15 10:45:00,0.3819371162305399,0
2026-07-15 10:46:00,0.4081791179350028,0
2026-07-15 10:47:00,0.35404475355966253,0
2026-07-15 10:48:00,0.43444663268272377,0
2026-07-15 10:49:00,0.409517673596889,0
2026-07-15 10:50:00,0.4106778315441713,0
2026-07-15 10:51:00,0.39826542737861215,0
2026-07-15 10:52:00,0.40829311009825847,0
2026-07-15 10:53:00,0.4693506055532225,0
2026-07-15 10:54:00,0.4597627337315952,0
2026-07-15 10:55:00,0.3879697336468277,0
2026-07-15 10:56:00,0.34383596247650167,0
2026-07-15 10:57:00,0.35245221999257786,0
2026-07-15 10:58:00,0.4065343380847953,0
2026-07-15 10:59:00,0.367288437128091,0
2026-07-15 11:00:00,0.39827678056333726,0
2026-07-15 11:01:00,0.4092516148683596,1
2026-07-15 11:02:00,0.4187624646585251,0
2026-07-15 11:03:00,0.4365571566348875,1
2026-07-15 11:04:00,0.4597494160738812,1
2026-07-15 11:05:00,0.420098121301751,0
2026-07-15 11:06:00,0.41449699359662606,1
2026-07-15 11:07:00,0.5202984872430108,1
2026-07-15 11:08:00,0.4997033753178753,1
2026-07-15 11:09:00,0.4936719711506085,1
2026-07-15 11:10:00,0.4323800484379248,0
2026-07-15 11:11:00,0.3857592893220497,0
2026-07-15 11:12:00,0.33953513033446514,0
2026-07-15 11:13:00,0.48684099077115456,1
2026-07-15 11:14:00,0.4019612407544508,1
2026-07-15 11:15:00,0.36180332221462597,0
2026-07-15 11:16:00,0.37464697618413234,0
2026-07-15 11:17:00,0.38125019226219087,0
2026-07-15 11:18:00,0.35649394436496284,0
2026-07-15 11:19:00,0.46565624532446986,0
2026-07-15 11:20:00,0.42380658748296857,0
2026-07-15 11:21:00,0.42572622783188324,0
2026-07-15 11:22:00,0.4116668773759407,0
2026-07-15 11:23:00,0.4664191895598834,0
2026-07-15 11:24:00,0.371353174177631,0
2026-07-15 11:25:00,0.4300887270356566,0
2026-07-15 11:26:00,0.4387371343247768,0
2026-07-15 11:27:00,0.4437573930167581,0
2026-07-15 11:28:00,0.430041824683069,0
2026-07-15 11:29:00,0.34820561364819347,0
2026-07-15 11:30:00,0.3168374945136538,0
2026-07-15 13:01:00,0.315934869171409,0
2026-07-15 13:02:00,0.3692687382974276,0
2026-07-15 13:03:00,0.33215308677699645,0
2026-07-15 13:04:00,0.4346460745476082,0
2026-07-15 13:05:00,0.48494729865203073,0
2026-07-15 13:06:00,0.45636717604153704,0
2026-07-15 13:07:00,0.45882482476631115,0
2026-07-15 13:08:00,0.47751489877310604,0
2026-07-15 13:09:00,0.49586737058781494,1
2026-07-15 13:10:00,0.4601057455921489,1
2026-07-15 13:11:00,0.486194350146269,1
2026-07-15 13:12:00,0.4315459698304524,1
2026-07-15 13:13:00,0.45644551431684155,1
2026-07-15 13:14:00,0.4789136698597146,1
2026-07-15 13:15:00,0.434582036827503,1
2026-07-15 13:16:00,0.38086954806417994,1
2026-07-15 13:17:00,0.31882045444106627,1
2026-07-15 13:18:00,0.3564588617340742,1
2026-07-15 13:19:00,0.32327284052260447,1
2026-07-15 13:20:00,0.326487773780266,1
2026-07-15 13:21:00,0.3575756571442627,0
2026-07-15 13:22:00,0.35883787091728225,0
2026-07-15 13:23:00,0.38578858658436727,1
2026-07-15 13:24:00,0.4070892014680203,1
2026-07-15 13:25:00,0.3477176919422095,1
2026-07-15 13:26:00,0.35893830511456065,0
2026-07-15 13:27:00,0.353534702810681,1
2026-07-15 13:28:00,0.38991005419530683,1
2026-07-15 13:29:00,0.3397444419694033,1
2026-07-15 13:30:00,0.3060667862660341,1
2026-07-15 13:31:00,0.3529140258166956,0
2026-07-15 13:32:00,0.3455090200926875,0
2026-07-15 13:33:00,0.3940004913690737,1
2026-07-15 13:34:00,0.3999040539170105,1
2026-07-15 13:35:00,0.3698079340989394,0
2026-07-15 13:36:00,0.4976842392795531,1
2026-07-15 13:37:00,0.4493733016130579,1
2026-07-15 13:38:00,0.3342336073412373,0
2026-07-15 13:39:00,0.2663913347153732,0
2026-07-15 13:40:00,0.3112885748530189,0
2026-07-15 13:41:00,0.3129550580667752,0
2026-07-15 13:42:00,0.39730438593675393,0
2026-07-15 13:43:00,0.3594684317526286,0
2026-07-15 13:44:00,0.3445786860445739,0
2026-07-15 13:45:00,0.3663485679840459,0
2026-07-15 13:46:00,0.3969969050391023,0
2026-07-15 13:47:00,0.4077376112335402,0
2026-07-15 13:48:00,0.38154513902790416,0
2026-07-15 13:49:00,0.41581089729344406,0
2026-07-15 13:50:00,0.45180483717589787,0
2026-07-15 13:51:00,0.412485302868038,0
2026-07-15 13:52:00,0.4271653367491748,0
2026-07-15 13:53:00,0.4163553118995548,0
2026-07-15 13:54:00,0.38206719893393115,0
2026-07-15 13:55:00,0.3912648240804427,0
2026-07-15 13:56:00,0.34917338151934196,0
2026-07-15 13:57:00,0.3855271655214128,0
2026-07-15 13:58:00,0.43882308076745796,0
2026-07-15 13:59:00,0.5171046589251692,0
2026-07-15 14:00:00,0.4134103553458494,0
2026-07-15 14:01:00,0.44880390921623514,0
2026-07-15 14:02:00,0.5061590487096702,1
2026-07-15 14:03:00,0.49944342485048865,1
2026-07-15 14:04:00,0.36118754411229476,0
2026-07-15 14:05:00,0.36769360759582204,0
2026-07-15 14:06:00,0.3525510012247768,0
2026-07-15 14:07:00,0.35464428512097906,0
2026-07-15 14:08:00,0.3099421793859386,0
2026-07-15 14:09:00,0.36590658314980495,0
2026-07-15 14:10:00,0.3645248451878052,0
2026-07-15 14:11:00,0.39340189213304044,0
2026-07-15 14:12:00,0.34598197415732357,1
2026-07-15 14:13:00,0.3647005997181639,1
2026-07-15 14:14:00,0.3259724777196246,1
2026-07-15 14:15:00,0.38235568718429797,1
2026-07-15 14:16:00,0.2974239924675805,1
2026-07-15 14:17:00,0.3252403032713959,0
2026-07-15 14:18:00,0.28906184884460284,0
2026-07-15 14:19:00,0.323803158680806,0
2026-07-15 14:20:00,0.3732272249192104,0
2026-07-15 14:21:00,0.43138284049621495,1
2026-07-15 14:22:00,0.4353557591348942,1
2026-07-15 14:23:00,0.44728706006265223,1
2026-07-15 14:24:00,0.38643324637635806,1
2026-07-15 14:25:00,0.2434900961196557,0
2026-07-15 14:26:00,0.2571244023124738,0
2026-07-15 14:27:00,0.23755757706657996,0
2026-07-15 14:28:00,0.28899861670653765,0
2026-07-15 14:29:00,0.3320889654684339,0
2026-07-15 14:30:00,0.3484536832043476,0
2026-07-15 14:31:00,0.29459016092753587,0
2026-07-15 14:32:00,0.34685490871266667,0
2026-07-15 14:33:00,0.3754792227422308,0
2026-07-15 14:34:00,0.3902123082142262,0
2026-07-15 14:35:00,0.35216749477811965,0
2026-07-15 14:36:00,0.32993430908784555,0
2026-07-15 14:37:00,0.3595018439399496,1
2026-07-15 14:38:00,0.37574574996594373,1
2026-07-15 14:39:00,0.3310066618842113,1
2026-07-15 14:40:00,0.4050982858765047,0
2026-07-15 14:41:00,0.5188871286121403,0
2026-07-15 14:42:00,0.5293305814936862,0
2026-07-15 14:43:00,0.4953936266259583,0
2026-07-15 14:44:00,0.4918276894667646,0
2026-07-15 14:45:00,0.46668941267204583,0
2026-07-15 14:46:00,0.4160372247892451,0
2026-07-15 14:47:00,0.4953227488033041,0
2026-07-15 14:48:00,0.48767847550749766,0
2026-07-15 14:49:00,0.44509210145860617,0
2026-07-15 14:50:00,0.5024628720034253,0
2026-07-15 14:51:00,0.5271770149409271,0
2026-07-15 14:52:00,0.49754957016891005,0
2026-07-15 14:53:00,0.4369783956941096,0
2026-07-15 14:54:00,0.4931401281727773,0
2026-07-15 14:55:00,0.5189971261273213,0
2026-07-15 14:56:00,0.5941321481567446,0
2026-07-15 14:57:00,0.5643722674769986,0
2026-07-15 14:58:00,0.5051414687605319,0
2026-07-15 14:59:00,0.5188304892398344,0
2026-07-15 15:00:00,0.5776050454295922,0
2026-07-16 09:30:00,0.45406865733157387,0
2026-07-16 09:31:00,0.5692866953325475,0
2026-07-16 09:32:00,0.5495422224220555,0
2026-07-16 09:33:00,0.5891451188026985,0
2026-07-16 09:34:00,0.5912598382597539,0
2026-07-16 09:35:00,0.5468219253915452,0
2026-07-16 09:36:00,0.5717953779393439,0
2026-07-16 09:37:00,0.5794153712600228,0
2026-07-16 09:38:00,0.5439367174511738,0
2026-07-16 09:39:00,0.5931038374303399,0
2026-07-16 09:40:00,0.5966430021198039,1
2026-07-16 09:41:00,0.5856343971229483,1
2026-07-16 09:42:00,0.5965822639195123,1
2026-07-16 09:43:00,0.5937923283093389,1
2026-07-16 09:44:00,0.5947361734919069,1
2026-07-16 09:45:00,0.40032174127012593,1
2026-07-16 09:46:00,0.42972039446276644,1
2026-07-16 09:47:00,0.40221517466602374,1
2026-07-16 09:48:00,0.4309807703646132,1
2026-07-16 09:49:00,0.5848378190427486,1
2026-07-16 09:50:00,0.45185828532136724,1
2026-07-16 09:51:00,0.45130213306035677,1
2026-07-16 09:52:00,0.43294241994307064,1
2026-07-16 09:53:00,0.5024124056534184,1
2026-07-16 09:54:00,0.45858268973532507,1
2026-07-16 09:55:00,0.43571045187700974,1
2026-07-16 09:56:00,0.3666487810661897,1
2026-07-16 09:57:00,0.33701161680000014,1
2026-07-16 09:58:00,0.3653720795648814,0
2026-07-16 09:59:00,0.3637108914009152,0
2026-07-16 10:00:00,0.4161860518979889,0
2026-07-16 10:01:00,0.4620814501716925,1
2026-07-16 10:02:00,0.4621093024136379,0
2026-07-16 10:03:00,0.4218923881811418,0
2026-07-16 10:04:00,0.4631138897871267,1
2026-07-16 10:05:00,0.5139673392506702,1
2026-07-16 10:06:00,0.5245542723324784,1
2026-07-16 10:07:00,0.5158472672277901,1
2026-07-16 10:08:00,0.5570666008772112,1
2026-07-16 10:09:00,0.3643337706014713,1
2026-07-16 10:10:00,0.3598099274712042,0
2026-07-16 10:11:00,0.35701591961701307,0
2026-07-16 10:12:00,0.4302834867409975,0
2026-07-16 10:13:00,0.5599909671843437,1
2026-07-16 10:14:00,0.44952167818233907,0
2026-07-16 10:15:00,0.4585710211032401,1
2026-07-16 10:16:00,0.41556902358904224,0
2026-07-16 10:17:00,0.4524115739201635,0
2026-07-16 10:18:00,0.37469972793663436,0
2026-07-16 10:19:00,0.385973589853913,0
2026-07-16 10:20:00,0.4161290542824255,0
2026-07-16 10:21:00,0.4411394870282309,0
2026-07-16 10:22:00,0.4184623381381032,0
2026-07-16 10:23:00,0.43199595215442677,0
2026-07-16 10:24:00,0.4392372245653425,0
2026-07-16 10:25:00,0.4670269952300195,0
2026-07-16 10:26:00,0.44097979163356926,0
2026-07-16 10:27:00,0.4285475433530622,0
2026-07-16 10:28:00,0.3920977136673044,0
2026-07-16 10:29:00,0.45296770153568566,0
2026-07-16 10:30:00,0.35742514975679446,0
2026-07-16 10:31:00,0.41618041938036326,1
2026-07-16 10:32:00,0.4978772180532809,1
2026-07-16 10:33:00,0.4823133424002947,1
2026-07-16 10:34:00,0.3980639174677373,1
2026-07-16 10:35:00,0.4343550329779525,1
2026-07-16 10:36:00,0.35228800021921747,0
2026-07-16 10:37:00,0.46772986656372695,1
2026-07-16 10:38:00,0.4849749454165917,1
2026-07-16 10:39:00,0.4771493435068062,1
2026-07-16 10:40:00,0.44268313948100446,1
2026-07-16 10:41:00,0.48782563689426295,1
2026-07-16 10:42:00,0.404293783369882,1
2026-07-16 10:43:00,0.42168361099968993,1
2026-07-16 10:44:00,0.3660662274120588,0
2026-07-16 10:45:00,0.34741869845217355,0
2026-07-16 10:46:00,0.3454886874624599,0
2026-07-16 10:47:00,0.37872886546889256,0
2026-07-16 10:48:00,0.3659863402492046,0
2026-07-16 10:49:00,0.40381318756489076,0
2026-07-16 10:50:00,0.4101398950770154,0
2026-07-16 10:51:00,0.4241735630223889,0
2026-07-16 10:52:00,0.3735551162029073,0
2026-07-16 10:53:00,0.43573064141844253,0
2026-07-16 10:54:00,0.42188825392806495,0
2026-07-16 10:55:00,0.45247861230201103,0
2026-07-16 10:56:00,0.43975571751554243,0
2026-07-16 10:57:00,0.5055201861421257,0
2026-07-16 10:58:00,0.5020014061369482,0
2026-07-16 10:59:00,0.46066049439143136,0
2026-07-16 11:00:00,0.3376787533002736,0
2026-07-16 11:01:00,0.4361756467855267,0
2026-07-16 11:02:00,0.46346288673145086,0
2026-07-16 11:03:00,0.46468971139452087,0
2026-07-16 11:04:00,0.4333980265124824,0
2026-07-16 11:05:00,0.49433926078960133,0
2026-07-16 11:06:00,0.3935585250727047,0
2026-07-16 11:07:00,0.4099109035739661,0
2026-07-16 11:08:00,0.5108474104715509,0
2026-07-16 11:09:00,0.49134623497249275,0
2026-07-16 11:10:00,0.41004935127331293,0
2026-07-16 11:11:00,0.4410282698728019,0
2026-07-16 11:12:00,0.4300659418115695,0
2026-07-16 11:13:00,0.5097549155910867,0
2026-07-16 11:14:00,0.43950139749040446,0
2026-07-16 11:15:00,0.4694148667437809,0
2026-07-16 11:16:00,0.4851276679606148,0
2026-07-16 11:17:00,0.41608227994662267,0
2026-07-16 11:18:00,0.44151987809274573,0
2026-07-16 11:19:00,0.4404870867852274,0
2026-07-16 11:20:00,0.4034807615301323,0
2026-07-16 11:21:00,0.43198637242478205,0
2026-07-16 11:22:00,0.46161006849871417,0
2026-07-16 11:23:00,0.47916855806244824,0
2026-07-16 11:24:00,0.43189215952029036,0
2026-07-16 11:25:00,0.45858955277221847,0
2026-07-16 11:26:00,0.45322525269710784,0
2026-07-16 11:27:00,0.42027505786435587,0
2026-07-16 11:28:00,0.3520714739637788,0
2026-07-16 11:29:00,0.35635177861166845,0
2026-07-16 11:30:00,0.3764838204653483,0
2026-07-16 13:01:00,0.3890670576591774,0
2026-07-16 13:02:00,0.4454492756101466,0
2026-07-16 13:03:00,0.4252461309848723,0
2026-07-16 13:04:00,0.4206520002037935,0
2026-07-16 13:05:00,0.42416772279816184,1
2026-07-16 13:06:00,0.3817804795839875,1
2026-07-16 13:07:00,0.4545867241798462,1
2026-07-16 13:08:00,0.4559017360245674,0
2026-07-16 13:09:00,0.4794544291096603,1
2026-07-16 13:10:00,0.4689140215139188,1
2026-07-16 13:11:00,0.5502966732732056,0
2026-07-16 13:12:00,0.4497283934944863,1
2026-07-16 13:13:00,0.3749323967280924,0
2026-07-16 13:14:00,0.44227461447426886,0
2026-07-16 13:15:00,0.39208609892016705,1
2026-07-16 13:16:00,0.42796333904314027,0
2026-07-16 13:17:00,0.46301071044786074,0
2026-07-16 13:18:00,0.35562527320039444,0
2026-07-16 13:19:00,0.3088237622650203,0
2026-07-16 13:20:00,0.26931296245271397,0
2026-07-16 13:21:00,0.32262054275464064,0
2026-07-16 13:22:00,0.3720003700719162,0
2026-07-16 13:23:00,0.4398650754947659,0
2026-07-16 13:24:00,0.40942381624624125,0
2026-07-16 13:25:00,0.457680247029182,0
2026-07-16 13:26:00,0.4636186393943472,0
2026-07-16 13:27:00,0.4420700057747366,0
2026-07-16 13:28:00,0.3967299065049212,0
2026-07-16 13:29:00,0.39062334698285645,0
2026-07-16 13:30:00,0.3707810532323523,0
2026-07-16 13:31:00,0.38635741582586836,0
2026-07-16 13:32:00,0.48920526748140947,0
2026-07-16 13:33:00,0.4667877350744797,0
2026-07-16 13:34:00,0.46856363116652006,0
2026-07-16 13:35:00,0.3789235059696133,0
2026-07-16 13:36:00,0.34004082942233865,0
2026-07-16 13:37:00,0.525982162903613,0
2026-07-16 13:38:00,0.3791407963184546,0
2026-07-16 13:39:00,0.44569759693743566,1
2026-07-16 13:40:00,0.4137993539332925,1
2026-07-16 13:41:00,0.42462363092294636,0
2026-07-16 13:42:00,0.3522978495095113,0
2026-07-16 13:43:00,0.3267680639801844,0
2026-07-16 13:44:00,0.32852583375821637,0
2026-07-16 13:45:00,0.31508154741558936,0
2026-07-16 13:46:00,0.2945112049585482,0
2026-07-16 13:47:00,0.296829117107503,0
2026-07-16 13:48:00,0.3698345781944906,1
2026-07-16 13:49:00,0.31548530909060796,0
2026-07-16 13:50:00,0.35869658194120024,0
2026-07-16 13:51:00,0.4170850556202561,1
2026-07-16 13:52:00,0.42725912943987493,1
2026-07-16 13:53:00,0.38349647246135127,1
2026-07-16 13:54:00,0.29895611284728235,0
2026-07-16 13:55:00,0.3129643650436299,0
2026-07-16 13:56:00,0.3509364188267668,0
2026-07-16 13:57:00,0.45545866263325185,0
2026-07-16 13:58:00,0.39153981427857604,0
2026-07-16 13:59:00,0.47036294484807495,0
2026-07-16 14:00:00,0.3933638525416098,0
2026-07-16 14:01:00,0.29519725617313636,0
2026-07-16 14:02:00,0.2653639445228376,0
2026-07-16 14:03:00,0.2638046751319705,0
2026-07-16 14:04:00,0.2627380082175105,0
2026-07-16 14:05:00,0.30045110335484854,0
2026-07-16 14:06:00,0.36826701344297524,0
2026-07-16 14:07:00,0.3361984032180076,0
2026-07-16 14:08:00,0.31063088613220236,0
2026-07-16 14:09:00,0.3652519691451709,0
2026-07-16 14:10:00,0.3905059108018038,0
2026-07-16 14:11:00,0.39065761194492216,0
2026-07-16 14:12:00,0.3989244663604743,0
2026-07-16 14:13:00,0.4462849304100252,0
2026-07-16 14:14:00,0.45379798268743593,0
2026-07-16 14:15:00,0.46204326307419064,1
2026-07-16 14:16:00,0.5167092582211078,1
2026-07-16 14:17:00,0.48145984027818056,1
2026-07-16 14:18:00,0.4692682516468923,0
2026-07-16 14:19:00,0.40585151193105445,1
2026-07-16 14:20:00,0.3602391025335001,1
2026-07-16 14:21:00,0.3414682436105897,1
2026-07-16 14:22:00,0.36462583705015583,1
2026-07-16 14:23:00,0.3743762302206513,1
2026-07-16 14:24:00,0.31417259870912156,1
2026-07-16 14:25:00,0.3135477880188373,1
2026-07-16 14:26:00,0.29541959373714705,1
2026-07-16 14:27:00,0.3357920434450689,1
2026-07-16 14:28:00,0.3060844544499632,1
2026-07-16 14:29:00,0.3105717161540151,1
2026-07-16 14:30:00,0.29915201699647576,1
2026-07-16 14:31:00,0.30236878906487735,0
2026-07-16 14:32:00,0.4112088532742396,1
2026-07-16 14:33:00,0.42072019726126514,1
2026-07-16 14:34:00,0.3568255329032977,1
2026-07-16 14:35:00,0.3454276200084864,1
2026-07-16 14:36:00,0.345156635282822,1
2026-07-16 14:37:00,0.3388996605046658,1
2026-07-16 14:38:00,0.29306442689157697,1
2026-07-16 14:39:00,0.3077435926100096,1
2026-07-16 14:40:00,0.3644817262236367,0
2026-07-16 14:41:00,0.39933046037846015,0
2026-07-16 14:42:00,0.31865092874410084,0
2026-07-16 14:43:00,0.410830006066432,1
2026-07-16 14:44:00,0.36553221089216614,1
2026-07-16 14:45:00,0.43317095759730695,1
2026-07-16 14:46:00,0.4429457080994138,0
2026-07-16 14:47:00,0.4281671920102473,1
2026-07-16 14:48:00,0.4035510778667619,1
2026-07-16 14:49:00,0.4073232210528838,1
2026-07-16 14:50:00,0.43690044904370195,1
2026-07-16 14:51:00,0.42160695003986126,1
2026-07-16 14:52:00,0.4760211575835452,1
2026-07-16 14:53:00,0.4296381193978607,1
2026-07-16 14:54:00,0.40823177970680413,1
2026-07-16 14:55:00,0.39137582641585233,0
2026-07-16 14:56:00,0.3800358918474662,1
2026-07-16 14:57:00,0.3875877555106972,1
2026-07-16 14:58:00,0.36843918344159565,0
2026-07-16 14:59:00,0.47073792563243727,0
2026-07-16 15:00:00,0.4688295174276969,0
2026-07-17 09:30:00,0.47584377803287775,0
2026-07-17 09:31:00,0.5105520075361686,0
2026-07-17 09:32:00,0.5036854045072828,0
2026-07-17 09:33:00,0.5261750451096656,0
2026-07-17 09:34:00,0.4509634222140155,0
2026-07-17 09:35:00,0.5024316658571284,0
2026-07-17 09:36:00,0.459379074687122,0
2026-07-17 09:37:00,0.4975972002178899,0
2026-07-17 09:38:00,0.5011801425109093,0
2026-07-17 09:39:00,0.46544400521728924,1
2026-07-17 09:40:00,0.5365726260462478,1
2026-07-17 09:41:00,0.5170430893750234,1
2026-07-17 09:42:00,0.44313455760327736,1
2026-07-17 09:43:00,0.4484176612696022,1
2026-07-17 09:44:00,0.44197432713342455,1
2026-07-17 09:45:00,0.42471416445274396,1
2026-07-17 09:46:00,0.4378219781882428,1
2026-07-17 09:47:00,0.40827048925877146,1
2026-07-17 09:48:00,0.4097119027912712,1
2026-07-17 09:49:00,0.4490634584846539,1
2026-07-17 09:50:00,0.47355732917211724,1
2026-07-17 09:51:00,0.4208092193615665,1
2026-07-17 09:52:00,0.38406676475052504,1
2026-07-17 09:53:00,0.4455602209472815,1
2026-07-17 09:54:00,0.38398946425018504,1
2026-07-17 09:55:00,0.3743487308123795,0
2026-07-17 09:56:00,0.4287077669469014,0
2026-07-17 09:57:00,0.37543446073612785,0
2026-07-17 09:58:00,0.38978384294117635,0
2026-07-17 09:59:00,0.4190913361253619,0
2026-07-17 10:00:00,0.4378984477215664,1
2026-07-17 10:01:00,0.4645087859808085,1
2026-07-17 10:02:00,0.47031152802062737,1
2026-07-17 10:03:00,0.46564459328242963,1
2026-07-17 10:04:00,0.4258413397062311,1
2026-07-17 10:05:00,0.3478769055918438,0
2026-07-17 10:06:00,0.33972667642092363,0
2026-07-17 10:07:00,0.4095999982513582,0
2026-07-17 10:08:00,0.45491753242292154,0
2026-07-17 10:09:00,0.515873114160271,0
2026-07-17 10:10:00,0.44397901228156117,0
2026-07-17 10:11:00,0.5299652993515711,1
2026-07-17 10:12:00,0.4644785101860039,0
2026-07-17 10:13:00,0.46592363172709916,0
2026-07-17 10:14:00,0.3565246813794095,0
2026-07-17 10:15:00,0.4091314423621528,0
2026-07-17 10:16:00,0.4906814057674361,0
2026-07-17 10:17:00,0.4203250713741316,0
2026-07-17 10:18:00,0.39675467147155,0
2026-07-17 10:19:00,0.4665506798182527,0
2026-07-17 10:20:00,0.44930539623382,0
2026-07-17 10:21:00,0.4977733034295752,0
2026-07-17 10:22:00,0.4617450239068683,0
2026-07-17 10:23:00,0.5186028068505141,0
2026-07-17 10:24:00,0.5488299241084413,0
2026-07-17 10:25:00,0.48266107251961005,1
2026-07-17 10:26:00,0.40538011002715524,0
2026-07-17 10:27:00,0.5090828960377,0
2026-07-17 10:28:00,0.45736823113316233,0
2026-07-17 10:29:00,0.42196269550260657,0
2026-07-17 10:30:00,0.44971236768315237,0
2026-07-17 10:31:00,0.5157888580437969,0
2026-07-17 10:32:00,0.5752935492935453,0
2026-07-17 10:33:00,0.4208477492617161,0
2026-07-17 10:34:00,0.3749487215934762,0
2026-07-17 10:35:00,0.38707722277572165,0
2026-07-17 10:36:00,0.4402197193819683,0
2026-07-17 10:37:00,0.3840089449336497,0
2026-07-17 10:38:00,0.4178624614414806,0
2026-07-17 10:39:00,0.40350905973629636,0
2026-07-17 10:40:00,0.346219281002482,0
2026-07-17 10:41:00,0.34228975419436697,0
2026-07-17 10:42:00,0.47792661346342136,0
2026-07-17 10:43:00,0.4268090819989906,1
2026-07-17 10:44:00,0.4654584989294362,1
2026-07-17 10:45:00,0.465011663427631,1
2026-07-17 10:46:00,0.4695813629753028,1
2026-07-17 10:47:00,0.45299221955896185,1
2026-07-17 10:48:00,0.4241786414336302,1
2026-07-17 10:49:00,0.4781287127948143,1
2026-07-17 10:50:00,0.5729016557779069,1
2026-07-17 10:51:00,0.41623871545009583,1
2026-07-17 10:52:00,0.4561409107690286,1
2026-07-17 10:53:00,0.4067414993908091,1
2026-07-17 10:54:00,0.42715573753056213,1
2026-07-17 10:55:00,0.43343923342180185,1
2026-07-17 10:56:00,0.43483727573496955,1
2026-07-17 10:57:00,0.373435421171646,1
2026-07-17 10:58:00,0.326652978925432,1
2026-07-17 10:59:00,0.32543896516232496,0
2026-07-17 11:00:00,0.40433559107413725,1
2026-07-17 11:01:00,0.35339794944074765,1
2026-07-17 11:02:00,0.3970467666812534,0
2026-07-17 11:03:00,0.4539507053270824,0
2026-07-17 11:04:00,0.4528464612461992,0
2026-07-17 11:05:00,0.45989549252144113,0
2026-07-17 11:06:00,0.46523153676344586,0
2026-07-17 11:07:00,0.46245947916409585,0
2026-07-17 11:08:00,0.41240404087732685,0
2026-07-17 11:09:00,0.4443471079901323,0
2026-07-17 11:10:00,0.4847174894227689,0
2026-07-17 11:11:00,0.48706257855369245,0
2026-07-17 11:12:00,0.4193209199367973,0
2026-07-17 11:13:00,0.5083636815348088,0
2026-07-17 11:14:00,0.5198466458150954,0
2026-07-17 11:15:00,0.4987147881230097,0
2026-07-17 11:16:00,0.41285644178418496,0
2026-07-17 11:17:00,0.44446228822417905,0
2026-07-17 11:18:00,0.3991216175489388,0
2026-07-17 11:19:00,0.4853021473139835,0
2026-07-17 11:20:00,0.4248943778786095,0
2026-07-17 11:21:00,0.46172004701475616,0
2026-07-17 11:22:00,0.3964602367539195,0
2026-07-17 11:23:00,0.45722755936269543,0
2026-07-17 11:24:00,0.4699978258771417,0
2026-07-17 11:25:00,0.437581696659582,0
2026-07-17 11:26:00,0.4692039722601056,0
2026-07-17 11:27:00,0.4374539492895719,0
2026-07-17 11:28:00,0.47430538914182113,0
2026-07-17 11:29:00,0.3872870825431272,0
2026-07-17 11:30:00,0.3486724017034846,0
2026-07-17 13:01:00,0.3610479060972972,0
2026-07-17 13:02:00,0.4532968788093445,0
2026-07-17 13:03:00,0.5716970184240915,0
2026-07-17 13:04:00,0.48064495632731763,0
2026-07-17 13:05:00,0.5382004781752913,0
2026-07-17 13:06:00,0.4245346980122076,0
2026-07-17 13:07:00,0.5655147960255555,0
2026-07-17 13:08:00,0.5064127470200704,0
2026-07-17 13:09:00,0.5990974330743225,0
2026-07-17 13:10:00,0.5442809298872102,0
2026-07-17 13:11:00,0.4309918978745422,0
2026-07-17 13:12:00,0.440239701689176,0
2026-07-17 13:13:00,0.37036298141028834,0
2026-07-17 13:14:00,0.43765612445117763,0
2026-07-17 13:15:00,0.447821707127353,0
2026-07-17 13:16:00,0.4292341995806889,0
2026-07-17 13:17:00,0.4849428721226412,0
2026-07-17 13:18:00,0.449385687817796,0
2026-07-17 13:19:00,0.399271767120933,0
2026-07-17 13:20:00,0.3365293020856056,0
2026-07-17 13:21:00,0.3930827542048274,0
2026-07-17 13:22:00,0.5176046482569119,0
2026-07-17 13:23:00,0.3958225842092784,0
2026-07-17 13:24:00,0.5172143970330352,0
2026-07-17 13:25:00,0.5532937560369522,0
2026-07-17 13:26:00,0.5118336331732726,0
2026-07-17 13:27:00,0.4821087073797144,0
2026-07-17 13:28:00,0.48987404904770565,0
2026-07-17 13:29:00,0.35717778442483633,0
2026-07-17 13:30:00,0.3903925056761766,0
2026-07-17 13:31:00,0.3254353452333222,0
2026-07-17 13:32:00,0.3249542877165009,0
2026-07-17 13:33:00,0.4542511597653483,0
2026-07-17 13:34:00,0.4769632746126528,0
2026-07-17 13:35:00,0.43383172387963065,0
2026-07-17 13:36:00,0.43188328324032,0
2026-07-17 13:37:00,0.5301574670128014,0
2026-07-17 13:38:00,0.5028363032803423,0
2026-07-17 13:39:00,0.5187741698169953,0
2026-07-17 13:40:00,0.448257427024344,0
2026-07-17 13:41:00,0.5421534346633701,0
2026-07-17 13:42:00,0.4022001138953428,0
2026-07-17 13:43:00,0.48154052933447256,1
2026-07-17 13:44:00,0.43776744313498434,1
2026-07-17 13:45:00,0.29808391889977387,0
2026-07-17 13:46:00,0.462322541979964,1
2026-07-17 13:47:00,0.3809770552881258,1
2026-07-17 13:48:00,0.4570202606613366,1
2026-07-17 13:49:00,0.33115978475773383,1
2026-07-17 13:50:00,0.4284421043313075,1
2026-07-17 13:51:00,0.28685900676054676,1
2026-07-17 13:52:00,0.4420079298623746,1
2026-07-17 13:53:00,0.4179969036671099,1
2026-07-17 13:54:00,0.40347989587513505,1
2026-07-17 13:55:00,0.3879487670864643,1
2026-07-17 13:56:00,0.39398184771281586,1
2026-07-17 13:57:00,0.3717949867440362,1
2026-07-17 13:58:00,0.28376407503638107,1
2026-07-17 13:59:00,0.29319232146608276,1
2026-07-17 14:00:00,0.33797825997507186,1
2026-07-17 14:01:00,0.2944637773216065,1
2026-07-17 14:02:00,0.28581783216729834,1
2026-07-17 14:03:00,0.32828563932459487,1
2026-07-17 14:04:00,0.3391744913232415,1
2026-07-17 14:05:00,0.3545221410683067,1
2026-07-17 14:06:00,0.38025640820708634,1
2026-07-17 14:07:00,0.4148264609566761,1
2026-07-17 14:08:00,0.37081937111907115,1
2026-07-17 14:09:00,0.3340561675613638,1
2026-07-17 14:10:00,0.3226566596248369,1
2026-07-17 14:11:00,0.3112405295306142,0
2026-07-17 14:12:00,0.3245462738829742,0
2026-07-17 14:13:00,0.34810045021290126,0
2026-07-17 14:14:00,0.3865631748301579,0
2026-07-17 14:15:00,0.3679934493313332,0
2026-07-17 14:16:00,0.42044682361367924,0
2026-07-17 14:17:00,0.41948560553595027,0
2026-07-17 14:18:00,0.350947646074508,0
2026-07-17 14:19:00,0.3390624977540644,0
2026-07-17 14:20:00,0.3791323824348369,0
2026-07-17 14:21:00,0.4262035664536642,0
2026-07-17 14:22:00,0.3584255850811455,0
2026-07-17 14:23:00,0.3084973440666608,0
2026-07-17 14:24:00,0.2974002258853445,0
2026-07-17 14:25:00,0.3101822944329874,0
2026-07-17 14:26:00,0.3631111020790203,0
2026-07-17 14:27:00,0.406881586856801,0
2026-07-17 14:28:00,0.35454814967062015,0
2026-07-17 14:29:00,0.4283283676262458,0
2026-07-17 14:30:00,0.3024690772063245,0
2026-07-17 14:31:00,0.4181145963194357,0
2026-07-17 14:32:00,0.4041002819526561,0
2026-07-17 14:33:00,0.41003979853713535,0
2026-07-17 14:34:00,0.42077835543110026,0
2026-07-17 14:35:00,0.36605851408392315,0
2026-07-17 14:36:00,0.36128137530216853,0
2026-07-17 14:37:00,0.33660022061665,0
2026-07-17 14:38:00,0.30426269889265956,0
2026-07-17 14:39:00,0.4190625688301309,0
2026-07-17 14:40:00,0.3973838556356076,0
2026-07-17 14:41:00,0.45030740914937323,0
2026-07-17 14:42:00,0.43986453176410284,0
2026-07-17 14:43:00,0.46122457115176163,0
2026-07-17 14:44:00,0.42977133084466584,0
2026-07-17 14:45:00,0.44648491014974706,0
2026-07-17 14:46:00,0.5364545798860015,0
2026-07-17 14:47:00,0.49990733284602773,0
2026-07-17 14:48:00,0.45832243176290816,0
2026-07-17 14:49:00,0.41737502536400656,1
2026-07-17 14:50:00,0.3794114084666346,1
2026-07-17 14:51:00,0.43100016394945784,1
2026-07-17 14:52:00,0.49053153903332375,1
2026-07-17 14:53:00,0.46961363872123946,1
2026-07-17 14:54:00,0.5432402899131137,1
2026-07-17 14:55:00,0.4360675071698325,1
2026-07-17 14:56:00,0.4297998326428673,1
2026-07-17 14:57:00,0.5843640226514148,1
2026-07-17 14:58:00,0.5911075612140932,1
2026-07-17 14:59:00,0.6241572382135308,1
2026-07-17 15:00:00,0.581548156733651,1
2026-07-20 09:30:00,0.4227708695510266,1
2026-07-20 09:31:00,0.5077339027812052,1
2026-07-20 09:32:00,0.5077716404761934,0
2026-07-20 09:33:00,0.41215268210485473,0
2026-07-20 09:34:00,0.5286360566732864,0
2026-07-20 09:35:00,0.44743212374242397,0
2026-07-20 09:36:00,0.4562374499141629,0
2026-07-20 09:37:00,0.42814337396688473,0
2026-07-20 09:38:00,0.46330689852467444,0
2026-07-20 09:39:00,0.5264574898786806,0
2026-07-20 09:40:00,0.46451812921069785,0
2026-07-20 09:41:00,0.4412042023776867,0
2026-07-20 09:42:00,0.44723307543991714,1
2026-07-20 09:43:00,0.43424641958388904,1
2026-07-20 09:44:00,0.43962894602317965,1
2026-07-20 09:45:00,0.3866112871857149,0
2026-07-20 09:46:00,0.3283130399844712,0
2026-07-20 09:47:00,0.4114871383965,1
2026-07-20 09:48:00,0.4089647177542966,1
2026-07-20 09:49:00,0.39723853656105257,1
2026-07-20 09:50:00,0.37508399027315675,1
2026-07-20 09:51:00,0.39551838193262834,1
2026-07-20 09:52:00,0.410794971381134,1
2026-07-20 09:53:00,0.5301432385456909,0
2026-07-20 09:54:00,0.4036525182081965,1
2026-07-20 09:55:00,0.43938501192795876,1
2026-07-20 09:56:00,0.3840521870476808,0
2026-07-20 09:57:00,0.35286493560974486,0
2026-07-20 09:58:00,0.40216091164722584,0
2026-07-20 09:59:00,0.4464466479586902,0
2026-07-20 10:00:00,0.4734931780101357,0
2026-07-20 10:01:00,0.4733965034432406,0
2026-07-20 10:02:00,0.4209964003786336,0
2026-07-20 10:03:00,0.4494037293340701,0
2026-07-20 10:04:00,0.4446440098483732,0
2026-07-20 10:05:00,0.41384088117041995,0
2026-07-20 10:06:00,0.4406641678746608,0
2026-07-20 10:07:00,0.4881790686361696,0
2026-07-20 10:08:00,0.5349745047803378,0
2026-07-20 10:09:00,0.4529715444292121,0
2026-07-20 10:10:00,0.48876796978768294,0
2026-07-20 10:11:00,0.42148353742356576,0
2026-07-20 10:12:00,0.402273258353941,0
2026-07-20 10:13:00,0.524963697628357,0
2026-07-20 10:14:00,0.5092665127690619,0
2026-07-20 10:15:00,0.5092993558326308,0
2026-07-20 10:16:00,0.4808398463316922,0
2026-07-20 10:17:00,0.5139413715027642,0
2026-07-20 10:18:00,0.48400405956339154,0
2026-07-20 10:19:00,0.5374473883071165,0
2026-07-20 10:20:00,0.5466503841334931,0
2026-07-20 10:21:00,0.46955959343215653,0
2026-07-20 10:22:00,0.5884875610461486,0
2026-07-20 10:23:00,0.535969947764358,0
2026-07-20 10:24:00,0.5710328831573883,0
2026-07-20 10:25:00,0.436566804029548,0
2026-07-20 10:26:00,0.374939910532664,0
2026-07-20 10:27:00,0.44051717533361484,0
2026-07-20 10:28:00,0.5381733769853322,0
2026-07-20 10:29:00,0.5789098910804527,0
2026-07-20 10:30:00,0.5941092795551038,1
2026-07-20 10:31:00,0.6297392171323938,1
2026-07-20 10:32:00,0.6200816080832331,1
2026-07-20 10:33:00,0.6005848952536139,1
2026-07-20 10:34:00,0.4476572877616489,1
2026-07-20 10:35:00,0.5734729298117078,1
2026-07-20 10:36:00,0.4318325612008221,1
2026-07-20 10:37:00,0.5372142659130463,1
2026-07-20 10:38:00,0.4439542123939672,1
2026-07-20 10:39:00,0.4708893015751424,1
2026-07-20 10:40:00,0.35479936787532756,0
2026-07-20 10:41:00,0.4199564262253971,0
2026-07-20 10:42:00,0.43110413676710113,0
2026-07-20 10:43:00,0.4945976375076236,1
2026-07-20 10:44:00,0.42465717990644014,1
2026-07-20 10:45:00,0.42068225311776375,1
2026-07-20 10:46:00,0.38439584065821736,0
2026-07-20 10:47:00,0.4354783915950745,0
2026-07-20 10:48:00,0.4095296616771713,0
2026-07-20 10:49:00,0.44708711153591046,0
2026-07-20 10:50:00,0.4011729446699768,0
2026-07-20 10:51:00,0.47902234516285297,0
2026-07-20 10:52:00,0.4665548639592613,0
2026-07-20 10:53:00,0.47781229522748514,1
2026-07-20 10:54:00,0.43304948425499856,1
2026-07-20 10:55:00,0.4798792201073241,1
2026-07-20 10:56:00,0.5116072284162546,1
2026-07-20 10:57:00,0.4214672467060874,0
2026-07-20 10:58:00,0.36145864020311175,0
2026-07-20 10:59:00,0.3669206606601082,0
2026-07-20 11:00:00,0.3708294745736992,0
2026-07-20 11:01:00,0.4099863219793541,0
2026-07-20 11:02:00,0.44598086616419746,0
2026-07-20 11:03:00,0.4493000867435908,0
2026-07-20 11:04:00,0.461152483730972,0
2026-07-20 11:05:00,0.44045932590932607,0
2026-07-20 11:06:00,0.44110826511744844,0
2026-07-20 11:07:00,0.4675871818706765,0
2026-07-20 11:08:00,0.4847943034941449,1
2026-07-20 11:09:00,0.4597447054338977,0
2026-07-20 11:10:00,0.46455282102412554,0
2026-07-20 11:11:00,0.43507370565397235,0
2026-07-20 11:12:00,0.43532239594732075,0
2026-07-20 11:13:00,0.45596107063184904,0
2026-07-20 11:14:00,0.45518971530131624,0
2026-07-20 11:15:00,0.4514043206190643,0
2026-07-20 11:16:00,0.45467676411051927,0
2026-07-20 11:17:00,0.43788153814443614,0
2026-07-20 11:18:00,0.42557527468601836,0
2026-07-20 11:19:00,0.43684505859572614,0
2026-07-20 11:20:00,0.4465594785069223,0
2026-07-20 11:21:00,0.4400089947629111,0
2026-07-20 11:22:00,0.4475728355727829,1
2026-07-20 11:23:00,0.40074148124624204,0
2026-07-20 11:24:00,0.41267379342913224,0
2026-07-20 11:25:00,0.37136950389411544,0
2026-07-20 11:26:00,0.43358935889543215,0
2026-07-20 11:27:00,0.39697932652369183,0
2026-07-20 11:28:00,0.4484336933565119,0
2026-07-20 11:29:00,0.4526251711429799,0
2026-07-20 11:30:00,0.4372274760039343,0
2026-07-20 13:01:00,0.37952202755868764,0
2026-07-20 13:02:00,0.48741808388242136,0
2026-07-20 13:03:00,0.5747800307106954,0
2026-07-20 13:04:00,0.502519218026634,0
2026-07-20 13:05:00,0.4730652498909231,0
2026-07-20 13:06:00,0.38115064494704787,0
2026-07-20 13:07:00,0.3507730453708879,0
2026-07-20 13:08:00,0.420825620524778,0
2026-07-20 13:09:00,0.47416079207336337,0
2026-07-20 13:10:00,0.41163915989242017,0
2026-07-20 13:11:00,0.43821379498015944,0
2026-07-20 13:12:00,0.46140055368002053,0
2026-07-20 13:13:00,0.49222939603836185,0
2026-07-20 13:14:00,0.5351054514087998,0
2026-07-20 13:15:00,0.5069673539131636,0
2026-07-20 13:16:00,0.455471153958093,0
2026-07-20 13:17:00,0.5295238681417593,1
2026-07-20 13:18:00,0.4805347396848097,0
2026-07-20 13:19:00,0.46352162460662527,0
2026-07-20 13:20:00,0.34427956749688116,0
2026-07-20 13:21:00,0.426123077701834,0
2026-07-20 13:22:00,0.4683110033751216,0
2026-07-20 13:23:00,0.3568533380520742,0
2026-07-20 13:24:00,0.44234780930670886,0
2026-07-20 13:25:00,0.4273168263167226,0
2026-07-20 13:26:00,0.45175988296231806,0
2026-07-20 13:27:00,0.44940170230624804,0
2026-07-20 13:28:00,0.44536852061021936,0
2026-07-20 13:29:00,0.4672890348621277,0
2026-07-20 13:30:00,0.39603723893783555,0
2026-07-20 13:31:00,0.34961667366739213,0
2026-07-20 13:32:00,0.35487956649627367,0
2026-07-20 13:33:00,0.46789131143527485,0
2026-07-20 13:34:00,0.5733487089487969,0
2026-07-20 13:35:00,0.4360585608902334,0
2026-07-20 13:36:00,0.4595293151151035,0
2026-07-20 13:37:00,0.43305282609909085,0
2026-07-20 13:38:00,0.5770721787907547,0
2026-07-20 13:39:00,0.5927976668532973,0
2026-07-20 13:40:00,0.5744646227335667,0
2026-07-20 13:41:00,0.584890961396893,0
2026-07-20 13:42:00,0.42433984950690873,0
2026-07-20 13:43:00,0.4711462692236406,0
2026-07-20 13:44:00,0.37217745570770616,0
2026-07-20 13:45:00,0.46483354079843553,0
2026-07-20 13:46:00,0.5172623918546141,0
2026-07-20 13:47:00,0.5592570591778051,0
2026-07-20 13:48:00,0.5638426582642752,1
2026-07-20 13:49:00,0.3705426625897611,0
2026-07-20 13:50:00,0.37344334707091104,0
2026-07-20 13:51:00,0.3504724473099385,0
2026-07-20 13:52:00,0.2959983128791952,0
2026-07-20 13:53:00,0.3655709136955249,0
2026-07-20 13:54:00,0.5125212552967625,0
2026-07-20 13:55:00,0.47031704544120995,0
2026-07-20 13:56:00,0.413982825699892,0
2026-07-20 13:57:00,0.3879101063144214,1
2026-07-20 13:58:00,0.3434566145797944,0
2026-07-20 13:59:00,0.33611560463801,0
2026-07-20 14:00:00,0.4989146270486909,1
2026-07-20 14:01:00,0.2947867225960993,0
2026-07-20 14:02:00,0.36465933731623457,1
2026-07-20 14:03:00,0.2766348279379038,0
2026-07-20 14:04:00,0.350330431624016,0
2026-07-20 14:05:00,0.26336242522533926,0
2026-07-20 14:06:00,0.34498479376899543,1
2026-07-20 14:07:00,0.32815509798431625,0
2026-07-20 14:08:00,0.42709081023047146,0
2026-07-20 14:09:00,0.363682199270418,1
2026-07-20 14:10:00,0.44765321726355667,0
2026-07-20 14:11:00,0.3459957068859378,0
2026-07-20 14:12:00,0.38401756397522574,0
2026-07-20 14:13:00,0.3745803763733276,0
2026-07-20 14:14:00,0.35306993294343786,0
2026-07-20 14:15:00,0.31131911934663403,0
2026-07-20 14:16:00,0.296079410463738,0
2026-07-20 14:17:00,0.34722341433118437,0
2026-07-20 14:18:00,0.3408465438276451,0
2026-07-20 14:19:00,0.3488503839966455,0
2026-07-20 14:20:00,0.3576135671638972,0
2026-07-20 14:21:00,0.29081782402589357,0
2026-07-20 14:22:00,0.33975018418216857,0
2026-07-20 14:23:00,0.34041446743488757,0
2026-07-20 14:24:00,0.33526380777471504,0
2026-07-20 14:25:00,0.3656044632317977,0
2026-07-20 14:26:00,0.36547225657024035,0
2026-07-20 14:27:00,0.36125321362133705,0
2026-07-20 14:28:00,0.2778646876028626,0
2026-07-20 14:29:00,0.3202321519881357,0
2026-07-20 14:30:00,0.3647331885585691,0
2026-07-20 14:31:00,0.31189219515456806,1
2026-07-20 14:32:00,0.3761643550179854,1
2026-07-20 14:33:00,0.39395620273898146,1
2026-07-20 14:34:00,0.3779312954464044,1
2026-07-20 14:35:00,0.37150210114344645,1
2026-07-20 14:36:00,0.24655792662060158,1
2026-07-20 14:37:00,0.3042171520575926,1
2026-07-20 14:38:00,0.27614095802738303,1
2026-07-20 14:39:00,0.29372861427656316,1
2026-07-20 14:40:00,0.4295929719330298,1
2026-07-20 14:41:00,0.45737745960978493,1
2026-07-20 14:42:00,0.4999035870215441,1
2026-07-20 14:43:00,0.39640753079931446,1
2026-07-20 14:44:00,0.34993555765112866,1
2026-07-20 14:45:00,0.4037946993294983,1
2026-07-20 14:46:00,0.35424412859891213,1
2026-07-20 14:47:00,0.4378136780354712,1
2026-07-20 14:48:00,0.36099257358745707,1
2026-07-20 14:49:00,0.49692003505400245,1
2026-07-20 14:50:00,0.421431170646368,1
2026-07-20 14:51:00,0.5539545230148122,1
2026-07-20 14:52:00,0.4855025923673678,1
2026-07-20 14:53:00,0.456957002057749,1
2026-07-20 14:54:00,0.35250532735618323,1
2026-07-20 14:55:00,0.4609099623613918,1
2026-07-20 14:56:00,0.4813444613243923,1
2026-07-20 14:57:00,0.41537340195711825,1
2026-07-20 14:58:00,0.5465000318230585,1
2026-07-20 14:59:00,0.5226173136992466,1
2026-07-20 15:00:00,0.37568206971889706,1
2026-07-21 09:30:00,0.4447608965447772,0
2026-07-21 09:31:00,0.5416124794023783,0
2026-07-21 09:32:00,0.5071070234528249,0
2026-07-21 09:33:00,0.4266118073491677,1
2026-07-21 09:34:00,0.5311907253175148,0
2026-07-21 09:35:00,0.5107668685883829,0
2026-07-21 09:36:00,0.4852539977824996,0
2026-07-21 09:37:00,0.4759071819060879,0
2026-07-21 09:38:00,0.46109104591384614,0
2026-07-21 09:39:00,0.44659328489774075,0
2026-07-21 09:40:00,0.40997317439030223,0
2026-07-21 09:41:00,0.42688453497346107,0
2026-07-21 09:42:00,0.44446938083935245,0
2026-07-21 09:43:00,0.4473879337257522,0
2026-07-21 09:44:00,0.4644267088426102,0
2026-07-21 09:45:00,0.4194753210951558,0
2026-07-21 09:46:00,0.4434782735575718,0
2026-07-21 09:47:00,0.45585077909121036,0
2026-07-21 09:48:00,0.40538787512252766,0
2026-07-21 09:49:00,0.44343883810148366,0
2026-07-21 09:50:00,0.44274756364192236,0
2026-07-21 09:51:00,0.4643936134165236,0
2026-07-21 09:52:00,0.4615836217922636,0
2026-07-21 09:53:00,0.5132969452090752,0
2026-07-21 09:54:00,0.4595371705742412,0
2026-07-21 09:55:00,0.4919965133199747,0
2026-07-21 09:56:00,0.5304110855423547,0
2026-07-21 09:57:00,0.5569654708204281,0
2026-07-21 09:58:00,0.5226086931426104,0
2026-07-21 09:59:00,0.5195055464630222,0
2026-07-21 10:00:00,0.4290654735489223,0
2026-07-21 10:01:00,0.5486985648290306,0
2026-07-21 10:02:00,0.5751594503393916,0
2026-07-21 10:03:00,0.5786193657501936,0
2026-07-21 10:04:00,0.5778027765121897,0
2026-07-21 10:05:00,0.516287176053595,0
2026-07-21 10:06:00,0.4918207370486357,1
2026-07-21 10:07:00,0.5272921205783321,1
2026-07-21 10:08:00,0.4989828746070812,1
2026-07-21 10:09:00,0.5401772262036995,1
2026-07-21 10:10:00,0.5498887744446326,1
2026-07-21 10:11:00,0.5559815139213227,1
2026-07-21 10:12:00,0.5460051609372094,1
2026-07-21 10:13:00,0.49059065427373283,1
2026-07-21 10:14:00,0.38734803734797374,1
2026-07-21 10:15:00,0.4300292080090845,1
2026-07-21 10:16:00,0.35581282570724465,1
2026-07-21 10:17:00,0.5137662816903714,1
2026-07-21 10:18:00,0.5113239505136162,1
2026-07-21 10:19:00,0.4866293941802887,1
2026-07-21 10:20:00,0.4387114346601171,1
2026-07-21 10:21:00,0.40253058654081675,1
2026-07-21 10:22:00,0.3535217979977436,1
2026-07-21 10:23:00,0.3732330551884011,1
2026-07-21 10:24:00,0.3620767630684525,1
2026-07-21 10:25:00,0.4177187301573083,1
2026-07-21 10:26:00,0.32263336488041927,1
2026-07-21 10:27:00,0.467828498967997,1
2026-07-21 10:28:00,0.4055241929977721,1
2026-07-21 10:29:00,0.4818657721723949,1
2026-07-21 10:30:00,0.36825401650240835,1
2026-07-21 10:31:00,0.3590661399940007,1
2026-07-21 10:32:00,0.33578290699158725,1
2026-07-21 10:33:00,0.39412921219082225,0
2026-07-21 10:34:00,0.39181640764273895,1
2026-07-21 10:35:00,0.39924122118997163,1
2026-07-21 10:36:00,0.37934418986765417,1
2026-07-21 10:37:00,0.4217458805169573,1
2026-07-21 10:38:00,0.39058238039540105,1
2026-07-21 10:39:00,0.36848873905813745,1
2026-07-21 10:40:00,0.43143943732892126,1
2026-07-21 10:41:00,0.43112444290197893,1
2026-07-21 10:42:00,0.4009031204059778,1
2026-07-21 10:43:00,0.4123449351828739,1
2026-07-21 10:44:00,0.4223370633171399,1
2026-07-21 10:45:00,0.46080876844769797,1
2026-07-21 10:46:00,0.4088950123491597,1
2026-07-21 10:47:00,0.39901058592104655,1
2026-07-21 10:48:00,0.4186029420230071,1
2026-07-21 10:49:00,0.4784628452510046,1
2026-07-21 10:50:00,0.4880365747092922,1
2026-07-21 10:51:00,0.36715668564742476,1
2026-07-21 10:52:00,0.428603168444237,1
2026-07-21 10:53:00,0.37196661819378984,1
2026-07-21 10:54:00,0.43977748523155047,1
2026-07-21 10:55:00,0.39567115424908017,1
2026-07-21 10:56:00,0.4906341476616598,1
2026-07-21 10:57:00,0.4535361065575705,1
2026-07-21 10:58:00,0.43632214879380615,0
2026-07-21 10:59:00,0.4559101668081491,0
2026-07-21 11:00:00,0.4377944343520369,1
2026-07-21 11:01:00,0.410964703173241,1
2026-07-21 11:02:00,0.4069422401785379,1
2026-07-21 11:03:00,0.42557287710027103,1
2026-07-21 11:04:00,0.4002252194418435,1
2026-07-21 11:05:00,0.3828709202802764,1
2026-07-21 11:06:00,0.4138257642904069,1
2026-07-21 11:07:00,0.41164406228184,1
2026-07-21 11:08:00,0.40991590667220285,0
2026-07-21 11:09:00,0.39335462845059366,1
2026-07-21 11:10:00,0.4017259486719609,0
2026-07-21 11:11:00,0.3906860337953369,0
2026-07-21 11:12:00,0.45499250573358907,1
2026-07-21 11:13:00,0.41019412414428486,1
2026-07-21 11:14:00,0.4236151678794625,1
2026-07-21 11:15:00,0.4619694148233052,0
2026-07-21 11:16:00,0.4618573722539415,1
2026-07-21 11:17:00,0.44965480757675613,1
2026-07-21 11:18:00,0.3975985840782068,1
2026-07-21 11:19:00,0.37721929263647863,1
2026-07-21 11:20:00,0.4195582748356429,1
2026-07-21 11:21:00,0.4721741813071184,1
2026-07-21 11:22:00,0.40277939648805605,1
2026-07-21 11:23:00,0.38700237576816826,1
2026-07-21 11:24:00,0.39075830601941863,1
2026-07-21 11:25:00,0.4076475216502632,1
2026-07-21 11:26:00,0.4001327913409074,1
2026-07-21 11:27:00,0.3709773595571321,1
2026-07-21 11:28:00,0.3410318091299829,1
2026-07-21 11:29:00,0.37936727055866815,1
2026-07-21 11:30:00,0.3916689764319414,1
2026-07-21 13:01:00,0.44625718416461563,1
2026-07-21 13:02:00,0.41368831683116214,0
2026-07-21 13:03:00,0.41065289788589976,0
2026-07-21 13:04:00,0.4378875727044172,0
2026-07-21 13:05:00,0.41440656860135255,0
2026-07-21 13:06:00,0.44932347752564633,0
2026-07-21 13:07:00,0.4112598767883821,0
2026-07-21 13:08:00,0.4491415875671871,0
2026-07-21 13:09:00,0.3973874140226476,0
2026-07-21 13:10:00,0.44624319453140365,0
2026-07-21 13:11:00,0.39312289725060334,0
2026-07-21 13:12:00,0.42917500769625944,1
2026-07-21 13:13:00,0.4076196475381708,1
2026-07-21 13:14:00,0.45841162621011566,0
2026-07-21 13:15:00,0.4126240234073369,0
2026-07-21 13:16:00,0.40692599112917927,0
2026-07-21 13:17:00,0.4580532942029154,1
2026-07-21 13:18:00,0.3880469690148257,1
2026-07-21 13:19:00,0.4183095190239142,0
2026-07-21 13:20:00,0.359043986143924,0
2026-07-21 13:21:00,0.35607321416473936,0
2026-07-21 13:22:00,0.393612217639512,0
2026-07-21 13:23:00,0.41824148187613136,1
2026-07-21 13:24:00,0.3633811606208084,1
2026-07-21 13:25:00,0.361042857092975,1
2026-07-21 13:26:00,0.38045423901526354,1
2026-07-21 13:27:00,0.3571879759560028,1
2026-07-21 13:28:00,0.3472591707696167,0
2026-07-21 13:29:00,0.3564450907209224,1
2026-07-21 13:30:00,0.35978702100536963,1
2026-07-21 13:31:00,0.4044090746294239,1
2026-07-21 13:32:00,0.35048197322214025,1
2026-07-21 13:33:00,0.34544230855097274,1
2026-07-21 13:34:00,0.39999887551712526,1
2026-07-21 13:35:00,0.3676542719731883,1
2026-07-21 13:36:00,0.35430372172555735,1
2026-07-21 13:37:00,0.33944795687472684,1
2026-07-21 13:38:00,0.3489066221056161,1
2026-07-21 13:39:00,0.35062027118594735,1
2026-07-21 13:40:00,0.33670016426471716,1
2026-07-21 13:41:00,0.35293903147683064,1
2026-07-21 13:42:00,0.3329195477706162,1
2026-07-21 13:43:00,0.37704261165974134,1
2026-07-21 13:44:00,0.4629564209672162,1
2026-07-21 13:45:00,0.42996179942024304,1
2026-07-21 13:46:00,0.403107100718359,1
2026-07-21 13:47:00,0.3790498276422355,1
2026-07-21 13:48:00,0.4099272375614978,1
2026-07-21 13:49:00,0.47935312131771696,1
2026-07-21 13:50:00,0.4764248184145405,1
2026-07-21 13:51:00,0.39600248844342545,1
2026-07-21 13:52:00,0.39600248844342545,1
2026-07-21 13:53:00,0.3769618787717376,1
2026-07-21 13:54:00,0.4845797938864774,1
2026-07-21 13:55:00,0.4020153945441822,1
2026-07-21 13:56:00,0.41605921033654486,1
2026-07-21 13:57:00,0.42289337472251426,1
2026-07-21 13:58:00,0.40291725192186534,1
2026-07-21 13:59:00,0.38471324044896016,1
2026-07-21 14:00:00,0.36913094294896387,1
2026-07-21 14:01:00,0.46689803512347083,1
2026-07-21 14:02:00,0.45630595561507936,1
2026-07-21 14:03:00,0.44206256519918913,0
2026-07-21 14:04:00,0.3118841719189438,1
2026-07-21 14:05:00,0.37296333380598656,1
2026-07-21 14:06:00,0.3516022577469264,1
2026-07-21 14:07:00,0.3091325652102887,1
2026-07-21 14:08:00,0.38772228293436783,1
2026-07-21 14:09:00,0.35577149414684567,0
2026-07-21 14:10:00,0.39033914183727003,1
2026-07-21 14:11:00,0.33538360491091457,1
2026-07-21 14:12:00,0.4450883036585569,0
2026-07-21 14:13:00,0.3422300020984802,0
2026-07-21 14:14:00,0.33283489532406474,0
2026-07-21 14:15:00,0.38732956264850915,0
2026-07-21 14:16:00,0.3503108548104625,1
2026-07-21 14:17:00,0.3048279990769754,1
2026-07-21 14:18:00,0.4002667408596738,1
2026-07-21 14:19:00,0.34624029609945456,1
2026-07-21 14:20:00,0.2819214738762888,1
2026-07-21 14:21:00,0.27953228019491355,1
2026-07-21 14:22:00,0.343121485530209,1
2026-07-21 14:23:00,0.32848953765880157,1
2026-07-21 14:24:00,0.39451667979166494,1
2026-07-21 14:25:00,0.32412310575707287,1
2026-07-21 14:26:00,0.26924277658417395,1
2026-07-21 14:27:00,0.3104868854335288,1
2026-07-21 14:28:00,0.2950857520473412,1
2026-07-21 14:29:00,0.3258761006931749,1
2026-07-21 14:30:00,0.28359478537608923,1
2026-07-21 14:31:00,0.30026803172675937,1
2026-07-21 14:32:00,0.36083219713022247,1
2026-07-21 14:33:00,0.3100441414184647,1
2026-07-21 14:34:00,0.3730177711906072,1
2026-07-21 14:35:00,0.4326506050039442,1
2026-07-21 14:36:00,0.3771552238653592,1
2026-07-21 14:37:00,0.3272036562433072,1
2026-07-21 14:38:00,0.31987353813222535,1
2026-07-21 14:39:00,0.3146964367811662,1
2026-07-21 14:40:00,0.36586704340106857,1
2026-07-21 14:41:00,0.4056523767797866,1
2026-07-21 14:42:00,0.3849034902450563,0
2026-07-21 14:43:00,0.4525353030586853,0
2026-07-21 14:44:00,0.37346135409026543,0
2026-07-21 14:45:00,0.46528566255659637,0
2026-07-21 14:46:00,0.3440027562810676,0
2026-07-21 14:47:00,0.4057144344115551,1
2026-07-21 14:48:00,0.5214098653846306,1
2026-07-21 14:49:00,0.5120573836944576,0
2026-07-21 14:50:00,0.4672248005545653,0
2026-07-21 14:51:00,0.489218982496529,0
2026-07-21 14:52:00,0.5283331483086013,1
2026-07-21 14:53:00,0.5947536550958297,1
2026-07-21 14:54:00,0.5813406676969073,1
2026-07-21 14:55:00,0.5985587034590004,1
2026-07-21 14:56:00,0.6549414503666336,1
2026-07-21 14:57:00,0.5423135335646125,1
2026-07-21 14:58:00,0.5429563769015212,1
2026-07-21 14:59:00,0.5384781160447493,0
2026-07-21 15:00:00,0.6254673108625118,0
2026-07-22 09:30:00,0.49335001946378054,1
2026-07-22 09:31:00,0.5541987611500176,0
2026-07-22 09:32:00,0.5397673869702817,0
2026-07-22 09:33:00,0.4939726010608768,1
2026-07-22 09:34:00,0.40740476335045617,1
2026-07-22 09:35:00,0.4915702979774795,1
2026-07-22 09:36:00,0.4452318879296973,1
2026-07-22 09:37:00,0.42379955342019876,1
2026-07-22 09:38:00,0.43839623112338016,1
2026-07-22 09:39:00,0.47971304664298003,1
2026-07-22 09:40:00,0.45471440821792497,0
2026-07-22 09:41:00,0.43013837231455226,0
2026-07-22 09:42:00,0.414216348711677,1
2026-07-22 09:43:00,0.46235213932086844,1
2026-07-22 09:44:00,0.49059282156060446,1
2026-07-22 09:45:00,0.4255026183947058,1
2026-07-22 09:46:00,0.407113132844778,1
2026-07-22 09:47:00,0.43517797296140853,1
2026-07-22 09:48:00,0.40142203149794825,1
2026-07-22 09:49:00,0.46854258950000577,1
2026-07-22 09:50:00,0.4393526798561526,1
2026-07-22 09:51:00,0.3914205085553353,0
2026-07-22 09:52:00,0.41201001217557565,0
2026-07-22 09:53:00,0.4247555121948655,0
2026-07-22 09:54:00,0.4713080022158918,0
2026-07-22 09:55:00,0.45207637408628043,1
2026-07-22 09:56:00,0.41825933535057963,0
2026-07-22 09:57:00,0.46050080484660627,0
2026-07-22 09:58:00,0.4119234627330749,0
2026-07-22 09:59:00,0.40039643162843186,0
2026-07-22 10:00:00,0.3822479821112956,0
2026-07-22 10:01:00,0.38722295046091,0
2026-07-22 10:02:00,0.4541776876055723,0
2026-07-22 10:03:00,0.4772893493566867,0
2026-07-22 10:04:00,0.43695738688971814,0
2026-07-22 10:05:00,0.4489637561332709,0
2026-07-22 10:06:00,0.5140751329131927,0
2026-07-22 10:07:00,0.44263872759808287,0
2026-07-22 10:08:00,0.40193677778244635,0
2026-07-22 10:09:00,0.4931801120058594,0
2026-07-22 10:10:00,0.46959641736911506,0
2026-07-22 10:11:00,0.47686635826802054,0
2026-07-22 10:12:00,0.4760876872191351,0
2026-07-22 10:13:00,0.5861067565898761,1
2026-07-22 10:14:00,0.6441364964960852,1
2026-07-22 10:15:00,0.6043019962114394,1
2026-07-22 10:16:00,0.6356915258512758,1
2026-07-22 10:17:00,0.48319072348002334,0
2026-07-22 10:18:00,0.48531091280373057,0
2026-07-22 10:19:00,0.47358799183660216,0
2026-07-22 10:20:00,0.48270369352470954,0
2026-07-22 10:21:00,0.5013540756629585,1
2026-07-22 10:22:00,0.5520945084275243,1
2026-07-22 10:23:00,0.39774431771617474,0
2026-07-22 10:24:00,0.5475212236899464,1
2026-07-22 10:25:00,0.43746285637754323,0
2026-07-22 10:26:00,0.4529616263974884,0
2026-07-22 10:27:00,0.3680835594771354,0
2026-07-22 10:28:00,0.44310951255408315,0
2026-07-22 10:29:00,0.34665408397299385,0
2026-07-22 10:30:00,0.491573095621951,0
2026-07-22 10:31:00,0.3890054453568564,0
2026-07-22 10:32:00,0.4753056147935443,0
2026-07-22 10:33:00,0.4580904834956854,0
2026-07-22 10:34:00,0.4656473736398516,0
2026-07-22 10:35:00,0.46038296860288824,0
2026-07-22 10:36:00,0.4447091179150642,0
2026-07-22 10:37:00,0.3424895660553105,0
2026-07-22 10:38:00,0.4158003143482238,0
2026-07-22 10:39:00,0.5104382073815944,0
2026-07-22 10:40:00,0.469249493544956,0
2026-07-22 10:41:00,0.43478651231568016,0
2026-07-22 10:42:00,0.5335676607515483,0
2026-07-22 10:43:00,0.576074523542187,0
2026-07-22 10:44:00,0.6080779953115413,0
2026-07-22 10:45:00,0.5639475108170697,0
2026-07-22 10:46:00,0.508738533309577,0
2026-07-22 10:47:00,0.6145760846474669,0
2026-07-22 10:48:00,0.45450290930275616,0
2026-07-22 10:49:00,0.4532603678684346,0
2026-07-22 10:50:00,0.3618971219165126,0
2026-07-22 10:51:00,0.40307325408064354,0
2026-07-22 10:52:00,0.3496475091964662,0
2026-07-22 10:53:00,0.45998859585085755,0
2026-07-22 10:54:00,0.3757301642471338,0
2026-07-22 10:55:00,0.4253098754689527,0
2026-07-22 10:56:00,0.34514433495825714,0
2026-07-22 10:57:00,0.4755461242213928,0
2026-07-22 10:58:00,0.44612383826082175,0
2026-07-22 10:59:00,0.46740776735067235,0
2026-07-22 11:00:00,0.45380596600399414,0
2026-07-22 11:01:00,0.5057833989038857,1
2026-07-22 11:02:00,0.4912419970056004,1
2026-07-22 11:03:00,0.5448227336844272,1
2026-07-22 11:04:00,0.47798559196216794,1
2026-07-22 11:05:00,0.5146782075859682,1
2026-07-22 11:06:00,0.4350467158188896,1
2026-07-22 11:07:00,0.5263287900159221,1
2026-07-22 11:08:00,0.5250843827686267,1
2026-07-22 11:09:00,0.5904307002078121,1
2026-07-22 11:10:00,0.4482250130732942,1
2026-07-22 11:11:00,0.3958840347652111,1
2026-07-22 11:12:00,0.3861637395252834,1
2026-07-22 11:13:00,0.4255830666027958,1
2026-07-22 11:14:00,0.47632234591912825,1
2026-07-22 11:15:00,0.4633189940510683,1
2026-07-22 11:16:00,0.3764385685699239,1
2026-07-22 11:17:00,0.37093010742540944,0
2026-07-22 11:18:00,0.3790296293046395,1
2026-07-22 11:19:00,0.41990147841348846,1
2026-07-22 11:20:00,0.39559367571411264,1
2026-07-22 11:21:00,0.38293569584463466,0
2026-07-22 11:22:00,0.38568639178040154,0
2026-07-22 11:23:00,0.38677911504640566,0
2026-07-22 11:24:00,0.4381836252342818,0
2026-07-22 11:25:00,0.4275105765876877,0
2026-07-22 11:26:00,0.39339479975785135,0
2026-07-22 11:27:00,0.41653277267386,0
2026-07-22 11:28:00,0.35277943086452807,0
2026-07-22 11:29:00,0.3784124696104753,0
2026-07-22 11:30:00,0.36584167028840753,0
2026-07-22 13:01:00,0.4524425856370222,0
2026-07-22 13:02:00,0.5011694871887912,0
2026-07-22 13:03:00,0.40316858242068987,0
2026-07-22 13:04:00,0.42025107477950646,0
2026-07-22 13:05:00,0.3725420963537391,0
2026-07-22 13:06:00,0.4833761567029298,0
2026-07-22 13:07:00,0.3810161753367927,0
2026-07-22 13:08:00,0.528786736059935,0
2026-07-22 13:09:00,0.5709482620124628,0
2026-07-22 13:10:00,0.5579393153277604,0
2026-07-22 13:11:00,0.41176853113042367,0
2026-07-22 13:12:00,0.47870441135811687,0
2026-07-22 13:13:00,0.36592060551267264,0
2026-07-22 13:14:00,0.36702749640546894,0
2026-07-22 13:15:00,0.34205167476651976,0
2026-07-22 13:16:00,0.4156982411636188,0
2026-07-22 13:17:00,0.503042400358683,0
2026-07-22 13:18:00,0.5102647538776484,0
2026-07-22 13:19:00,0.5354146137552712,0
2026-07-22 13:20:00,0.3642758378481453,0
2026-07-22 13:21:00,0.46732645343579565,0
2026-07-22 13:22:00,0.3274121111428715,1
2026-07-22 13:23:00,0.3466917892461186,0
2026-07-22 13:24:00,0.35275824597108746,0
2026-07-22 13:25:00,0.45983069294665085,0
2026-07-22 13:26:00,0.41811462413890915,0
2026-07-22 13:27:00,0.44005036206427156,0
2026-07-22 13:28:00,0.4166501126854738,0
2026-07-22 13:29:00,0.43671198346004353,0
2026-07-22 13:30:00,0.3209041100286739,0
2026-07-22 13:31:00,0.43950414676909566,1
2026-07-22 13:32:00,0.452010049454847,1
2026-07-22 13:33:00,0.4465402335508787,1
2026-07-22 13:34:00,0.46077139792994576,1
2026-07-22 13:35:00,0.3991934552648526,1
2026-07-22 13:36:00,0.37639222297390185,0
2026-07-22 13:37:00,0.28022117052095746,0
2026-07-22 13:38:00,0.2899017164227226,0
2026-07-22 13:39:00,0.45093431829914,0
2026-07-22 13:40:00,0.40233615915527887,0
2026-07-22 13:41:00,0.39073635459117395,0
2026-07-22 13:42:00,0.3984889503178241,0
2026-07-22 13:43:00,0.4518119201288219,0
2026-07-22 13:44:00,0.44529072563977135,0
2026-07-22 13:45:00,0.3351694032007303,0
2026-07-22 13:46:00,0.27868010553556744,0
2026-07-22 13:47:00,0.3360347352315504,0
2026-07-22 13:48:00,0.28166861710044827,0
2026-07-22 13:49:00,0.3115719256629953,0
2026-07-22 13:50:00,0.3244510477304613,0
2026-07-22 13:51:00,0.3979197698729506,0
2026-07-22 13:52:00,0.4422860815515764,0
2026-07-22 13:53:00,0.336047502148023,0
2026-07-22 13:54:00,0.40564650758245724,0
2026-07-22 13:55:00,0.38840399458537933,0
2026-07-22 13:56:00,0.35515859880004685,0
2026-07-22 13:57:00,0.4379518190540536,0
2026-07-22 13:58:00,0.42729383284639266,0
2026-07-22 13:59:00,0.46327177702858735,0
2026-07-22 14:00:00,0.37296053605379725,0
2026-07-22 14:01:00,0.276079489624934,0
2026-07-22 14:02:00,0.2554529933954776,0
2026-07-22 14:03:00,0.2627380082175105,0
2026-07-22 14:04:00,0.33797572557817895,0
2026-07-22 14:05:00,0.36589252405854755,0
2026-07-22 14:06:00,0.4141750191964489,1
2026-07-22 14:07:00,0.4357505293425886,1
2026-07-22 14:08:00,0.38284829146555177,1
2026-07-22 14:09:00,0.41226572384547455,1
2026-07-22 14:10:00,0.4695210416489439,1
2026-07-22 14:11:00,0.45374416110943167,1
2026-07-22 14:12:00,0.40666500008737233,1
2026-07-22 14:13:00,0.3792055804653092,1
2026-07-22 14:14:00,0.3517825939553201,1
2026-07-22 14:15:00,0.2687775381548568,1
2026-07-22 14:16:00,0.32479585260990296,1
2026-07-22 14:17:00,0.34311584272982093,1
2026-07-22 14:18:00,0.27665228930845037,1
2026-07-22 14:19:00,0.2586114870105228,0
2026-07-22 14:20:00,0.2749284904106237,0
2026-07-22 14:21:00,0.2798695878736768,0
2026-07-22 14:22:00,0.30298034417051994,0
2026-07-22 14:23:00,0.29945327069066063,0
2026-07-22 14:24:00,0.3018945461817308,0
2026-07-22 14:25:00,0.3863402051907633,0
2026-07-22 14:26:00,0.33904808732833686,0
2026-07-22 14:27:00,0.43853650376133957,0
2026-07-22 14:28:00,0.38577195782134127,0
2026-07-22 14:29:00,0.37617375159299704,0
2026-07-22 14:30:00,0.3797976203409937,0
2026-07-22 14:31:00,0.4149611241360124,0
2026-07-22 14:32:00,0.3002942116564737,0
2026-07-22 14:33:00,0.298692867695424,0
2026-07-22 14:34:00,0.405433544652168,0
2026-07-22 14:35:00,0.39827452978866296,0
2026-07-22 14:36:00,0.37316967740652235,0
2026-07-22 14:37:00,0.3585573988237197,0
2026-07-22 14:38:00,0.4860532017374697,1
2026-07-22 14:39:00,0.47169313318761086,1
2026-07-22 14:40:00,0.35575884305662714,0
2026-07-22 14:41:00,0.3525419030325219,0
2026-07-22 14:42:00,0.3798135599464141,0
2026-07-22 14:43:00,0.37146608510869505,0
2026-07-22 14:44:00,0.3562551120751332,0
2026-07-22 14:45:00,0.39827091352344424,0
2026-07-22 14:46:00,0.4266859269968912,0
2026-07-22 14:47:00,0.39272388697040345,0
2026-07-22 14:48:00,0.3843064646074312,0
2026-07-22 14:49:00,0.42244842344543954,0
2026-07-22 14:50:00,0.3580920124139132,1
2026-07-22 14:51:00,0.4430499500586389,1
2026-07-22 14:52:00,0.40755494832536276,0
2026-07-22 14:53:00,0.480510677996494,0
2026-07-22 14:54:00,0.44342050190267446,1
2026-07-22 14:55:00,0.47153101266904895,1
2026-07-22 14:56:00,0.5145025840438172,1
2026-07-22 14:57:00,0.46621366485528765,1
2026-07-22 14:58:00,0.4595147928603082,1
2026-07-22 14:59:00,0.5640223540775137,1
2026-07-22 15:00:00,0.5000264129089149,1
2026-07-23 09:30:00,0.4580465688905308,1
2026-07-23 09:31:00,0.4417557485483657,1
2026-07-23 09:32:00,0.5257979496719812,1
2026-07-23 09:33:00,0.45062088777371223,1
2026-07-23 09:34:00,0.49823963305199703,0
2026-07-23 09:35:00,0.49094015382159145,1
2026-07-23 09:36:00,0.447054031685021,1
2026-07-23 09:37:00,0.46776830008198356,1
2026-07-23 09:38:00,0.5417045705495933,1
2026-07-23 09:39:00,0.4714628813501656,1
2026-07-23 09:40:00,0.46093014371412305,1
2026-07-23 09:41:00,0.4947685429130086,0
2026-07-23 09:42:00,0.4382276142325515,1
2026-07-23 09:43:00,0.39956308844261007,0
2026-07-23 09:44:00,0.4673108054241753,1
2026-07-23 09:45:00,0.41481873064507996,1
2026-07-23 09:46:00,0.3993442215163507,1
2026-07-23 09:47:00,0.3785627280294058,1
2026-07-23 09:48:00,0.4322487442061338,1
2026-07-23 09:49:00,0.39838445466915506,0
2026-07-23 09:50:00,0.42359581823268416,0
2026-07-23 09:51:00,0.40915939143178026,0
2026-07-23 09:52:00,0.4119682801734563,0
2026-07-23 09:53:00,0.4471071090773683,0
2026-07-23 09:54:00,0.4571654282873724,0
2026-07-23 09:55:00,0.4715513541478257,1
2026-07-23 09:56:00,0.4209437956310491,1
2026-07-23 09:57:00,0.4193149692929564,1
2026-07-23 09:58:00,0.39756417690097173,1
2026-07-23 09:59:00,0.3867067207927143,1
2026-07-23 10:00:00,0.4611947472911616,1
2026-07-23 10:01:00,0.4372491624610749,1
2026-07-23 10:02:00,0.41387514114377305,1
2026-07-23 10:03:00,0.5085659903090562,1
2026-07-23 10:04:00,0.43360224623644056,1
2026-07-23 10:05:00,0.47353997797733505,1
2026-07-23 10:06:00,0.396035718963043,1
2026-07-23 10:07:00,0.39035735882377476,1
2026-07-23 10:08:00,0.46336747570709064,1
2026-07-23 10:09:00,0.43659208863223953,1
2026-07-23 10:10:00,0.4219337935603063,1
2026-07-23 10:11:00,0.3808341324741471,1
2026-07-23 10:12:00,0.3526932210776108,0
2026-07-23 10:13:00,0.36895959510054954,0
2026-07-23 10:14:00,0.4598069440346448,0
2026-07-23 10:15:00,0.3830773313467531,0
2026-07-23 10:16:00,0.412973522067155,0
2026-07-23 10:17:00,0.3869148905251383,1
2026-07-23 10:18:00,0.4229721994838367,1
2026-07-23 10:19:00,0.3797191614325467,0
2026-07-23 10:20:00,0.39420152038670475,0
2026-07-23 10:21:00,0.3606546026220456,0
2026-07-23 10:22:00,0.40287350533447935,0
2026-07-23 10:23:00,0.39293130389751396,0
2026-07-23 10:24:00,0.38273763173066844,0
2026-07-23 10:25:00,0.41092930744718825,0
2026-07-23 10:26:00,0.40252205540701136,0
2026-07-23 10:27:00,0.4277906216988972,1
2026-07-23 10:28:00,0.4166650521137717,1
2026-07-23 10:29:00,0.435003005646786,1
2026-07-23 10:30:00,0.4251582751931393,1
2026-07-23 10:31:00,0.3884264395795962,0
2026-07-23 10:32:00,0.3944267359583427,0
2026-07-23 10:33:00,0.39198351373066,0
2026-07-23 10:34:00,0.39846185597042255,0
2026-07-23 10:35:00,0.3837665733805927,1
2026-07-23 10:36:00,0.4142945422070683,1
2026-07-23 10:37:00,0.40114112423417153,0
2026-07-23 10:38:00,0.4025683314496079,0
2026-07-23 10:39:00,0.38674297865528834,1
2026-07-23 10:40:00,0.4024053146209352,1
2026-07-23 10:41:00,0.40066404197692057,1
2026-07-23 10:42:00,0.3446723128438661,0
2026-07-23 10:43:00,0.37249493524967525,0
2026-07-23 10:44:00,0.37787132484170505,0
2026-07-23 10:45:00,0.41350376020391066,0
2026-07-23 10:46:00,0.416991818589444,1
2026-07-23 10:47:00,0.42396819604803554,1
2026-07-23 10:48:00,0.4089048068701095,0
2026-07-23 10:49:00,0.4086369843432777,0
2026-07-23 10:50:00,0.4036613837748261,0
2026-07-23 10:51:00,0.41260024003042534,0
2026-07-23 10:52:00,0.3746450974472544,0
2026-07-23 10:53:00,0.3852098047722606,0
2026-07-23 10:54:00,0.37495309842257657,0
2026-07-23 10:55:00,0.3741758937191735,0
2026-07-23 10:56:00,0.39932499570253377,0
2026-07-23 10:57:00,0.4016815726503698,0
2026-07-23 10:58:00,0.41316976849326953,0
2026-07-23 10:59:00,0.4081766428195441,0
2026-07-23 11:00:00,0.4018967302334837,0
2026-07-23 11:01:00,0.4120943300724757,0
2026-07-23 11:02:00,0.4036513554672897,0
2026-07-23 11:03:00,0.42399841999862853,0
2026-07-23 11:04:00,0.422477781724063,0
2026-07-23 11:05:00,0.45093768516227306,0
2026-07-23 11:06:00,0.4416074403687612,0
2026-07-23 11:07:00,0.45713422287870986,0
2026-07-23 11:08:00,0.42241068852333397,1
2026-07-23 11:09:00,0.617940614517777,1
2026-07-23 11:10:00,0.6002144716357993,1
2026-07-23 11:11:00,0.452122941471411,1
2026-07-23 11:12:00,0.533216202283835,0
2026-07-23 11:13:00,0.4676421496283509,1
2026-07-23 11:14:00,0.48614011642497923,1
2026-07-23 11:15:00,0.3695568400270883,1
2026-07-23 11:16:00,0.4415251812152615,1
2026-07-23 11:17:00,0.4118664935956951,1
2026-07-23 11:18:00,0.407728846833548,1
2026-07-23 11:19:00,0.31070248106242837,1
2026-07-23 11:20:00,0.4095135803747091,1
2026-07-23 11:21:00,0.47714371439457176,1
2026-07-23 11:22:00,0.4551702525124645,1
2026-07-23 11:23:00,0.3352678191586685,1
2026-07-23 11:24:00,0.3577034673400047,1
2026-07-23 11:25:00,0.386060889973234,1
2026-07-23 11:26:00,0.35815651992758596,1
2026-07-23 11:27:00,0.5266310535476905,1
2026-07-23 11:28:00,0.3734629186437133,1
2026-07-23 11:29:00,0.35420513910866436,1
2026-07-23 11:30:00,0.3125159999927884,1
2026-07-23 13:01:00,0.37403277095328497,1
2026-07-23 13:02:00,0.3248305009486742,1
2026-07-23 13:03:00,0.3132183209174889,1
2026-07-23 13:04:00,0.33716484317321593,0
2026-07-23 13:05:00,0.3911433275537149,1
2026-07-23 13:06:00,0.40433319381026367,1
2026-07-23 13:07:00,0.36702223653475424,1
2026-07-23 13:08:00,0.36472236216951653,1
2026-07-23 13:09:00,0.35300095797280934,0
2026-07-23 13:10:00,0.38034885549886766,0
2026-07-23 13:11:00,0.39372081468369835,0
2026-07-23 13:12:00,0.4197961827348371,0
2026-07-23 13:13:00,0.4051860280196564,0
2026-07-23 13:14:00,0.3835747118428563,0
2026-07-23 13:15:00,0.4163707334641391,0
2026-07-23 13:16:00,0.42721403175018835,1
2026-07-23 13:17:00,0.3865923715386546,0
2026-07-23 13:18:00,0.3976287271773764,1
2026-07-23 13:19:00,0.417900967928368,1
2026-07-23 13:20:00,0.3926679792457448,1
2026-07-23 13:21:00,0.369154155685137,1
2026-07-23 13:22:00,0.35727832226623274,1
2026-07-23 13:23:00,0.441732471361982,1
2026-07-23 13:24:00,0.35146633539189315,1
2026-07-23 13:25:00,0.3639206524065898,1
2026-07-23 13:26:00,0.37937206573351495,1
2026-07-23 13:27:00,0.39117153002048877,1
2026-07-23 13:28:00,0.3584436568771176,1
2026-07-23 13:29:00,0.3743738409593228,1
2026-07-23 13:30:00,0.3856288829121097,1
2026-07-23 13:31:00,0.3418020638779577,1
2026-07-23 13:32:00,0.40749938245585277,1
2026-07-23 13:33:00,0.39129140066353063,1
2026-07-23 13:34:00,0.42915478585914396,0
2026-07-23 13:35:00,0.3631268381217847,0
2026-07-23 13:36:00,0.3708734685972042,0
2026-07-23 13:37:00,0.38272360082200446,0
2026-07-23 13:38:00,0.3959697763503627,0
2026-07-23 13:39:00,0.37102235592831456,0
2026-07-23 13:40:00,0.33890502514759674,0
2026-07-23 13:41:00,0.39552649597487965,0
2026-07-23 13:42:00,0.3939956304787956,0
2026-07-23 13:43:00,0.3436089394515011,0
2026-07-23 13:44:00,0.43229928162184583,0
2026-07-23 13:45:00,0.3539202260244033,0
2026-07-23 13:46:00,0.3553280772716128,0
2026-07-23 13:47:00,0.380351191717498,0
2026-07-23 13:48:00,0.4378077986237039,0
2026-07-23 13:49:00,0.43327524783760707,0
2026-07-23 13:50:00,0.4007765605422658,1
2026-07-23 13:51:00,0.4111122045422478,1
2026-07-23 13:52:00,0.3732814536661988,1
2026-07-23 13:53:00,0.3228970429686402,1
2026-07-23 13:54:00,0.34516797958469464,1
2026-07-23 13:55:00,0.36501595807423376,1
2026-07-23 13:56:00,0.3606885964567965,0
2026-07-23 13:57:00,0.3522078855074584,0
2026-07-23 13:58:00,0.3397254998919475,0
2026-07-23 13:59:00,0.3485877499178196,0
2026-07-23 14:00:00,0.346661707221934,0
2026-07-23 14:01:00,0.36644237211123387,0
2026-07-23 14:02:00,0.3967082116248621,1
2026-07-23 14:03:00,0.41951477411038385,1
2026-07-23 14:04:00,0.37727317496423834,1
2026-07-23 14:05:00,0.31855097996526927,0
2026-07-23 14:06:00,0.3202707475700206,0
2026-07-23 14:07:00,0.30960479048160205,0
2026-07-23 14:08:00,0.40624787718164007,0
2026-07-23 14:09:00,0.34045797135148353,1
2026-07-23 14:10:00,0.3190597482259544,1
2026-07-23 14:11:00,0.384073768532669,0
2026-07-23 14:12:00,0.3515646557024219,0
2026-07-23 14:13:00,0.3642460243776908,1
2026-07-23 14:14:00,0.34074130225431126,1
2026-07-23 14:15:00,0.3710200087518217,0
2026-07-23 14:16:00,0.34296156840983266,1
2026-07-23 14:17:00,0.38262371150794067,1
2026-07-23 14:18:00,0.3765472403020651,1
2026-07-23 14:19:00,0.3176509278088189,0
2026-07-23 14:20:00,0.3269500309824019,0
2026-07-23 14:21:00,0.32477481283119825,0
2026-07-23 14:22:00,0.36453315415733706,0
2026-07-23 14:23:00,0.34983735056547133,0
2026-07-23 14:24:00,0.30270414081227387,0
2026-07-23 14:25:00,0.35954934186531334,0
2026-07-23 14:26:00,0.3380482932287898,0
2026-07-23 14:27:00,0.3681091012552931,0
2026-07-23 14:28:00,0.3229130207997152,1
2026-07-23 14:29:00,0.28902469720372514,1
2026-07-23 14:30:00,0.3326464771340972,1
2026-07-23 14:31:00,0.31193989468801225,1
2026-07-23 14:32:00,0.3013697598240438,0
2026-07-23 14:33:00,0.2741768541685368,0
2026-07-23 14:34:00,0.36162001803570804,1
2026-07-23 14:35:00,0.3354787626211177,1
2026-07-23 14:36:00,0.35703482170739465,0
2026-07-23 14:37:00,0.420045701972163,1
2026-07-23 14:38:00,0.3250142104165462,0
2026-07-23 14:39:00,0.3535037604691522,0
2026-07-23 14:40:00,0.4293808582175962,0
2026-07-23 14:41:00,0.4799349987602074,0
2026-07-23 14:42:00,0.5045384659506034,0
2026-07-23 14:43:00,0.5060613137294437,0
2026-07-23 14:44:00,0.5698393425729483,0
2026-07-23 14:45:00,0.5240729171707774,0
2026-07-23 14:46:00,0.527645533380826,0
2026-07-23 14:47:00,0.48800376557304803,0
2026-07-23 14:48:00,0.47646542584792023,0
2026-07-23 14:49:00,0.44871478808731896,0
2026-07-23 14:50:00,0.5537961752816164,0
2026-07-23 14:51:00,0.6115548425745374,0
2026-07-23 14:52:00,0.5753080876675505,0
2026-07-23 14:53:00,0.5634519467763006,0
2026-07-23 14:54:00,0.5875000107756527,0
2026-07-23 14:55:00,0.6009633696258612,0
2026-07-23 14:56:00,0.6228273238214055,0
2026-07-23 14:57:00,0.6258008564364151,0
2026-07-23 14:58:00,0.49107598074228725,0
2026-07-23 14:59:00,0.4889459350184311,0
2026-07-23 15:00:00,0.6057164604239508,0
2026-07-24 09:30:00,0.4842540162254758,0
2026-07-24 09:31:00,0.5533474002444185,0
2026-07-24 09:32:00,0.6216082452562284,0
2026-07-24 09:33:00,0.5396632941838829,1
2026-07-24 09:34:00,0.6339184552061435,1
2026-07-24 09:35:00,0.4273432903208337,0
2026-07-24 09:36:00,0.4316591741325394,1
2026-07-24 09:37:00,0.5852938405390563,1
2026-07-24 09:38:00,0.4845621231279854,0
2026-07-24 09:39:00,0.567952579413575,0
2026-07-24 09:40:00,0.39778188549580856,0
2026-07-24 09:41:00,0.43910940588654424,0
2026-07-24 09:42:00,0.3891893668506659,0
2026-07-24 09:43:00,0.4714814691596232,0
2026-07-24 09:44:00,0.39224335821282386,0
2026-07-24 09:45:00,0.4178894869213299,0
2026-07-24 09:46:00,0.5147640717753248,0
2026-07-24 09:47:00,0.42384880335086245,0
2026-07-24 09:48:00,0.40063059200487433,0
2026-07-24 09:49:00,0.43237729816639053,0
2026-07-24 09:50:00,0.3971287911158787,0
2026-07-24 09:51:00,0.46437447423221356,0
2026-07-24 09:52:00,0.4547524676899026,0
2026-07-24 09:53:00,0.48333956066342143,1
2026-07-24 09:54:00,0.447231648241243,1
2026-07-24 09:55:00,0.4109844464041924,1
2026-07-24 09:56:00,0.4473292056200522,1
2026-07-24 09:57:00,0.36831965233421243,0
2026-07-24 09:58:00,0.4664566779479296,1
2026-07-24 09:59:00,0.45426840106933125,1
2026-07-24 10:00:00,0.42152414310419184,1
2026-07-24 10:01:00,0.4665870977356922,0
2026-07-24 10:02:00,0.42098946346839294,0
2026-07-24 10:03:00,0.38034681866735387,0
2026-07-24 10:04:00,0.4774064392351416,0
2026-07-24 10:05:00,0.5399262650273192,1
2026-07-24 10:06:00,0.4479245420412637,0
2026-07-24 10:07:00,0.387908232246927,0
2026-07-24 10:08:00,0.41561607770656656,0
2026-07-24 10:09:00,0.4095020233084119,0
2026-07-24 10:10:00,0.44012374228564144,0
2026-07-24 10:11:00,0.4550291103105657,0
2026-07-24 10:12:00,0.4545588128919285,0
2026-07-24 10:13:00,0.4633448536228671,0
2026-07-24 10:14:00,0.4584608916057122,0
2026-07-24 10:15:00,0.47694049128140464,0
2026-07-24 10:16:00,0.506264444600949,0
2026-07-24 10:17:00,0.5227895302878485,0
2026-07-24 10:18:00,0.526741438437677,0
2026-07-24 10:19:00,0.5241038952973627,0
2026-07-24 10:20:00,0.47277242913206613,0
2026-07-24 10:21:00,0.5122830000111561,0
2026-07-24 10:22:00,0.4879596387784912,0
2026-07-24 10:23:00,0.47495918826070005,0
2026-07-24 10:24:00,0.508890122754443,0
2026-07-24 10:25:00,0.5297882925077961,0
2026-07-24 10:26:00,0.426511493402824,0
2026-07-24 10:27:00,0.47999182895883036,0
2026-07-24 10:28:00,0.3668046885033916,0
2026-07-24 10:29:00,0.4122075169441928,0
2026-07-24 10:30:00,0.3536634286887627,0
2026-07-24 10:31:00,0.47376362045511294,0
2026-07-24 10:32:00,0.4531841222185802,0
2026-07-24 10:33:00,0.4774397747953796,0
2026-07-24 10:34:00,0.44527469425214283,0
2026-07-24 10:35:00,0.4484485594585414,0
2026-07-24 10:36:00,0.4465640621774939,0
2026-07-24 10:37:00,0.4264135468957537,0
2026-07-24 10:38:00,0.4636055130603127,0
2026-07-24 10:39:00,0.4358605695277229,0
2026-07-24 10:40:00,0.4598826783111972,0
2026-07-24 10:41:00,0.41576575019588935,1
2026-07-24 10:42:00,0.4094833951079661,0
2026-07-24 10:43:00,0.3753856581133589,0
2026-07-24 10:44:00,0.5186702855034464,1
2026-07-24 10:45:00,0.43426724937783967,0
2026-07-24 10:46:00,0.4337052364859554,0
2026-07-24 10:47:00,0.5009870415431189,0
2026-07-24 10:48:00,0.447761856529275,0
2026-07-24 10:49:00,0.4480017299163899,1
2026-07-24 10:50:00,0.4329636363863499,1
2026-07-24 10:51:00,0.4348596726057492,1
2026-07-24 10:52:00,0.3372076214748662,0
2026-07-24 10:53:00,0.4589671895324309,1
2026-07-24 10:54:00,0.4293841009048775,0
2026-07-24 10:55:00,0.4053546529904608,0
2026-07-24 10:56:00,0.35353227840907997,0
2026-07-24 10:57:00,0.4067961893027455,1
2026-07-24 10:58:00,0.43576953446698574,0
2026-07-24 10:59:00,0.4448255152706863,1
2026-07-24 11:00:00,0.4092560909404519,1
2026-07-24 11:01:00,0.4499839238299235,1
2026-07-24 11:02:00,0.4607112280110454,1
2026-07-24 11:03:00,0.4435535072586865,1
2026-07-24 11:04:00,0.44689263772643817,1
2026-07-24 11:05:00,0.35923108845659274,0
2026-07-24 11:06:00,0.3712375822523312,0
2026-07-24 11:07:00,0.46620197709140443,0
2026-07-24 11:08:00,0.3785446974473553,0
2026-07-24 11:09:00,0.4685396497987306,0
2026-07-24 11:10:00,0.5074344533062535,0
2026-07-24 11:11:00,0.48252423390014043,1
2026-07-24 11:12:00,0.3468122713617878,0
2026-07-24 11:13:00,0.4559521699059265,1
2026-07-24 11:14:00,0.32967976821832323,0
2026-07-24 11:15:00,0.39595133763940865,1
2026-07-24 11:16:00,0.34207413951101917,0
2026-07-24 11:17:00,0.40915222676725,0
2026-07-24 11:18:00,0.3716947736679302,0
2026-07-24 11:19:00,0.40819491870416963,0
2026-07-24 11:20:00,0.4610857439138113,0
2026-07-24 11:21:00,0.41872211685030075,0
2026-07-24 11:22:00,0.45265791460420274,1
2026-07-24 11:23:00,0.4454421502993659,1
2026-07-24 11:24:00,0.46658199410456086,1
2026-07-24 11:25:00,0.44225012552284926,1
2026-07-24 11:26:00,0.3814975416204127,1
2026-07-24 11:27:00,0.34013760262380877,1
2026-07-24 11:28:00,0.324075762582964,1
2026-07-24 11:29:00,0.3050886341129974,1
2026-07-24 11:30:00,0.323184476108162,1
2026-07-24 13:01:00,0.377672540040215,1
2026-07-24 13:02:00,0.35599668369492715,1
2026-07-24 13:03:00,0.3803124251370267,1
2026-07-24 13:04:00,0.3768140710209498,1
2026-07-24 13:05:00,0.44556572896719976,1
2026-07-24 13:06:00,0.3895312064602275,1
2026-07-24 13:07:00,0.3570867053710351,1
2026-07-24 13:08:00,0.3291095368704808,1
2026-07-24 13:09:00,0.49047412645803085,0
2026-07-24 13:10:00,0.3554402534213248,0
2026-07-24 13:11:00,0.3843240347815679,0
2026-07-24 13:12:00,0.5025466460728109,0
2026-07-24 13:13:00,0.39312849743197265,1
2026-07-24 13:14:00,0.3913967486875096,1
2026-07-24 13:15:00,0.38438936364663856,0
2026-07-24 13:16:00,0.38161029827105003,0
2026-07-24 13:17:00,0.3958314160109093,1
2026-07-24 13:18:00,0.3498555806837279,0
2026-07-24 13:19:00,0.31553188787298264,0
2026-07-24 13:20:00,0.360030001736059,0
2026-07-24 13:21:00,0.3850196954983163,0
2026-07-24 13:22:00,0.3413999644621032,0
2026-07-24 13:23:00,0.36310133496336616,0
2026-07-24 13:24:00,0.35318075187950304,0
2026-07-24 13:25:00,0.4300211065353973,0
2026-07-24 13:26:00,0.33936419093289355,0
2026-07-24 13:27:00,0.37067830692029086,0
2026-07-24 13:28:00,0.33748692378780004,0
2026-07-24 13:29:00,0.38716903762957555,0
2026-07-24 13:30:00,0.42386825107253473,0
2026-07-24 13:31:00,0.43470548729842157,0
2026-07-24 13:32:00,0.39099364446839696,0
2026-07-24 13:33:00,0.37647801839316947,0
2026-07-24 13:34:00,0.5117597042455214,0
2026-07-24 13:35:00,0.4330874953981974,0
2026-07-24 13:36:00,0.45509793682736166,0
2026-07-24 13:37:00,0.48384717464761867,1
2026-07-24 13:38:00,0.4233446820606514,0
2026-07-24 13:39:00,0.3897358543115092,0
2026-07-24 13:40:00,0.4900814454284067,1
2026-07-24 13:41:00,0.4029015988972226,0
2026-07-24 13:42:00,0.48363320873405646,1
2026-07-24 13:43:00,0.42742798927368064,1
2026-07-24 13:44:00,0.39510915081045594,0
2026-07-24 13:45:00,0.43316445896653094,1
2026-07-24 13:46:00,0.35786698925308535,0
2026-07-24 13:47:00,0.3346179797232385,0
2026-07-24 13:48:00,0.37194550416201144,0
2026-07-24 13:49:00,0.4060196118622021,0
2026-07-24 13:50:00,0.39799724454606716,0
2026-07-24 13:51:00,0.325097430359071,0
2026-07-24 13:52:00,0.3491454180359303,0
2026-07-24 13:53:00,0.4267883762254736,1
2026-07-24 13:54:00,0.40610498450828636,0
2026-07-24 13:55:00,0.4129312164887762,1
2026-07-24 13:56:00,0.3695760202965696,0
2026-07-24 13:57:00,0.3945720568669122,0
2026-07-24 13:58:00,0.3439293534895151,0
2026-07-24 13:59:00,0.4128322671136995,1
2026-07-24 14:00:00,0.34245714109451497,0
2026-07-24 14:01:00,0.5023707217155152,1
2026-07-24 14:02:00,0.4781751783873926,1
2026-07-24 14:03:00,0.39617939632336174,1
2026-07-24 14:04:00,0.309071659741355,0
2026-07-24 14:05:00,0.3865327995086594,1
2026-07-24 14:06:00,0.2761516229970766,0
2026-07-24 14:07:00,0.39038886386823246,1
2026-07-24 14:08:00,0.2837043880029986,0
2026-07-24 14:09:00,0.463600483261121,0
2026-07-24 14:10:00,0.24805654590565676,0
2026-07-24 14:11:00,0.4528788859631869,1
2026-07-24 14:12:00,0.3468709558190058,1
2026-07-24 14:13:00,0.3983921276809261,0
2026-07-24 14:14:00,0.278977836717316,0
2026-07-24 14:15:00,0.36380512162208967,0
2026-07-24 14:16:00,0.3078153916463943,0
2026-07-24 14:17:00,0.3683035121652272,0
2026-07-24 14:18:00,0.289824514541848,0
2026-07-24 14:19:00,0.4409233465676394,0
2026-07-24 14:20:00,0.34418935661620037,0
2026-07-24 14:21:00,0.3842479130707563,0
2026-07-24 14:22:00,0.4030068876161722,0
2026-07-24 14:23:00,0.39053499205217335,0
2026-07-24 14:24:00,0.35644632452131986,0
2026-07-24 14:25:00,0.35209974591740323,0
2026-07-24 14:26:00,0.369590910102183,0
2026-07-24 14:27:00,0.25264883392592596,0
2026-07-24 14:28:00,0.3073971253752969,0
2026-07-24 14:29:00,0.3464125382848344,0
2026-07-24 14:30:00,0.39848687939952904,0
2026-07-24 14:31:00,0.34043817928420805,0
2026-07-24 14:32:00,0.3043267511511501,0
2026-07-24 14:33:00,0.32802416916265964,0
2026-07-24 14:34:00,0.4704489880875288,0
2026-07-24 14:35:00,0.45246042509497847,0
2026-07-24 14:36:00,0.364983644686767,0
2026-07-24 14:37:00,0.4277315580611974,0
2026-07-24 14:38:00,0.40734094522968967,0
2026-07-24 14:39:00,0.46488994489284297,0
2026-07-24 14:40:00,0.42175075820698976,0
2026-07-24 14:41:00,0.5219759958351154,0
2026-07-24 14:42:00,0.5956826632642248,0
2026-07-24 14:43:00,0.4881700112214826,0
2026-07-24 14:44:00,0.5222861740698979,0
2026-07-24 14:45:00,0.4705536795658883,0
2026-07-24 14:46:00,0.4774182301718456,0
2026-07-24 14:47:00,0.5111542469115925,1
2026-07-24 14:48:00,0.48122434874692277,1
2026-07-24 14:49:00,0.5114739113846289,1
2026-07-24 14:50:00,0.5302263658167553,1
2026-07-24 14:51:00,0.5345061219797537,1
2026-07-24 14:52:00,0.5332221557546855,1
2026-07-24 14:53:00,0.5394185521132047,1
2026-07-24 14:54:00,0.5137608817216116,1
2026-07-24 14:55:00,0.5376796965383971,1
2026-07-24 14:56:00,0.5531023743163085,1
2026-07-24 14:57:00,0.5451962607387618,1
2026-07-24 14:58:00,0.4763844324729884,1
2026-07-24 14:59:00,0.5086081743090841,1
2026-07-24 15:00:00,0.5243275759979296,1
2026-07-27 09:30:00,0.5007531045880964,1
2026-07-27 09:31:00,0.5624981333769209,0
2026-07-27 09:32:00,0.5247512709187511,0
2026-07-27 09:33:00,0.4778469181953173,0
2026-07-27 09:34:00,0.44578144476900217,0
2026-07-27 09:35:00,0.5190024969774483,0
2026-07-27 09:36:00,0.4512128739530296,0
2026-07-27 09:37:00,0.3993513875925599,0
2026-07-27 09:38:00,0.4118447475912685,0
2026-07-27 09:39:00,0.4995120810150458,0
2026-07-27 09:40:00,0.40123324675258115,0
2026-07-27 09:41:00,0.37189853804460016,1
2026-07-27 09:42:00,0.40028855513339406,1
2026-07-27 09:43:00,0.39361351661277477,1
2026-07-27 09:44:00,0.4328426599825409,1
2026-07-27 09:45:00,0.4338786350922842,1
2026-07-27 09:46:00,0.36877232367417856,1
2026-07-27 09:47:00,0.36853919147969005,1
2026-07-27 09:48:00,0.3804065218188915,1
2026-07-27 09:49:00,0.37789592806117595,1
2026-07-27 09:50:00,0.38749862663190393,1
2026-07-27 09:51:00,0.41429504065493566,1
2026-07-27 09:52:00,0.4640563524005702,1
2026-07-27 09:53:00,0.41454041523379215,1
2026-07-27 09:54:00,0.40548472312237666,1
2026-07-27 09:55:00,0.411927963240371,1
2026-07-27 09:56:00,0.4241890964695403,1
2026-07-27 09:57:00,0.3895501256219132,0
2026-07-27 09:58:00,0.38855183008616817,0
2026-07-27 09:59:00,0.390711513200196,0
2026-07-27 10:00:00,0.4475737573846955,1
2026-07-27 10:01:00,0.42692781026340165,1
2026-07-27 10:02:00,0.4454598137004192,1
2026-07-27 10:03:00,0.42285180266100764,1
2026-07-27 10:04:00,0.40427008469913417,0
2026-07-27 10:05:00,0.4457928565810918,1
2026-07-27 10:06:00,0.4385622598862928,0
2026-07-27 10:07:00,0.44885667970026916,1
2026-07-27 10:08:00,0.49408360023647857,1
2026-07-27 10:09:00,0.42654026135558637,1
2026-07-27 10:10:00,0.3965871402516639,0
2026-07-27 10:11:00,0.4524870290847266,1
2026-07-27 10:12:00,0.4546269119665137,1
2026-07-27 10:13:00,0.47846837274062276,1
2026-07-27 10:14:00,0.467928997466787,1
2026-07-27 10:15:00,0.393616227568858,0
2026-07-27 10:16:00,0.4687847278689698,1
2026-07-27 10:17:00,0.4459539247785067,0
2026-07-27 10:18:00,0.4875169944675165,1
2026-07-27 10:19:00,0.45707703778776815,1
2026-07-27 10:20:00,0.41478957655121923,0
2026-07-27 10:21:00,0.43686433706851846,0
2026-07-27 10:22:00,0.40730599687002234,0
2026-07-27 10:23:00,0.38098595456660855,0
2026-07-27 10:24:00,0.3953140372342812,0
2026-07-27 10:25:00,0.4387019003252465,0
2026-07-27 10:26:00,0.38873276485807434,0
2026-07-27 10:27:00,0.4142517736681221,0
2026-07-27 10:28:00,0.3484811619576339,0
2026-07-27 10:29:00,0.41498216479647837,0
2026-07-27 10:30:00,0.4024790605534227,0
2026-07-27 10:31:00,0.39397366731201244,0
2026-07-27 10:32:00,0.4148168488234091,0
2026-07-27 10:33:00,0.39664143315917855,0
2026-07-27 10:34:00,0.40515521609582134,0
2026-07-27 10:35:00,0.3889795282553905,0
2026-07-27 10:36:00,0.44050889135392496,0
2026-07-27 10:37:00,0.4545446728332607,0
2026-07-27 10:38:00,0.4513131470901261,0
2026-07-27 10:39:00,0.38152378478896154,0
2026-07-27 10:40:00,0.3894347969542365,0
2026-07-27 10:41:00,0.41217217813105295,0
2026-07-27 10:42:00,0.3723639806838132,0
2026-07-27 10:43:00,0.3717037365651304,0
2026-07-27 10:44:00,0.3848254007738516,0
2026-07-27 10:45:00,0.41286093152062975,0
2026-07-27 10:46:00,0.40249402818427216,0
2026-07-27 10:47:00,0.41176565700989604,0
2026-07-27 10:48:00,0.41736142575972357,0
2026-07-27 10:49:00,0.4220008416467784,0
2026-07-27 10:50:00,0.4261752814854012,0
2026-07-27 10:51:00,0.43421185910159327,1
2026-07-27 10:52:00,0.4162777272690055,1
2026-07-27 10:53:00,0.42596592537893485,1
2026-07-27 10:54:00,0.4257356275284842,1
2026-07-27 10:55:00,0.4036754783782399,1
2026-07-27 10:56:00,0.36469314976184813,0
2026-07-27 10:57:00,0.40998293468906627,1
2026-07-27 10:58:00,0.404899306798556,1
2026-07-27 10:59:00,0.4382367944930217,1
2026-07-27 11:00:00,0.3964521703995683,1
2026-07-27 11:01:00,0.4097470266381316,1
2026-07-27 11:02:00,0.42022861995193594,1
2026-07-27 11:03:00,0.42811145922591193,1
2026-07-27 11:04:00,0.41264057630462375,1
2026-07-27 11:05:00,0.36276683175556435,1
2026-07-27 11:06:00,0.3722939770378968,1
2026-07-27 11:07:00,0.3767632673263079,1
2026-07-27 11:08:00,0.41228763609585545,1
2026-07-27 11:09:00,0.4202419858351672,0
2026-07-27 11:10:00,0.39552723827189307,0
2026-07-27 11:11:00,0.4160349937730132,1
2026-07-27 11:12:00,0.43151832702875653,0
2026-07-27 11:13:00,0.45351512875051586,0
2026-07-27 11:14:00,0.4144699901617258,1
2026-07-27 11:15:00,0.4297738196140512,1
2026-07-27 11:16:00,0.4027735560124722,1
2026-07-27 11:17:00,0.390876041034587,1
2026-07-27 11:18:00,0.3638780179416959,0
2026-07-27 11:19:00,0.39105690538344534,0
2026-07-27 11:20:00,0.39439060482479055,1
2026-07-27 11:21:00,0.39422551069691125,0
2026-07-27 11:22:00,0.38786608975866393,0
2026-07-27 11:23:00,0.35347387024841465,0
2026-07-27 11:24:00,0.3512685352819871,0
2026-07-27 11:25:00,0.37654224455799684,0
2026-07-27 11:26:00,0.3783919554825422,0
2026-07-27 11:27:00,0.4157558514315238,0
2026-07-27 11:28:00,0.3811325619030014,0
2026-07-27 11:29:00,0.36225604934849104,0
2026-07-27 11:30:00,0.41654577689360844,0
2026-07-27 13:01:00,0.36966362804909725,0
2026-07-27 13:02:00,0.40317022880651865,0
2026-07-27 13:03:00,0.3629603592021667,0
2026-07-27 13:04:00,0.3652555109350115,0
2026-07-27 13:05:00,0.34052694477349427,0
2026-07-27 13:06:00,0.4235630041071337,0
2026-07-27 13:07:00,0.4053026246171713,0
2026-07-27 13:08:00,0.4102866413197163,0
2026-07-27 13:09:00,0.41533279452381044,0
2026-07-27 13:10:00,0.3933244045370775,0
2026-07-27 13:11:00,0.36274361701865726,0
2026-07-27 13:12:00,0.3675066267998392,0
2026-07-27 13:13:00,0.4061111283542779,1
2026-07-27 13:14:00,0.39915049017365306,0
2026-07-27 13:15:00,0.4342433073804062,0
2026-07-27 13:16:00,0.40570039720015627,1
2026-07-27 13:17:00,0.3882295574812518,1
2026-07-27 13:18:00,0.4148843232069657,0
2026-07-27 13:19:00,0.37414202182561035,0
2026-07-27 13:20:00,0.3810575747106026,0
2026-07-27 13:21:00,0.42800669352508475,1
2026-07-27 13:22:00,0.34122728710796874,1
2026-07-27 13:23:00,0.3722153250958212,1
2026-07-27 13:24:00,0.3683642976737,1
2026-07-27 13:25:00,0.33931629308109496,1
2026-07-27 13:26:00,0.41049919196322976,1
2026-07-27 13:27:00,0.35967356289673963,1
2026-07-27 13:28:00,0.36472867130143094,1
2026-07-27 13:29:00,0.38945973061579564,1
2026-07-27 13:30:00,0.3723234105612924,1
2026-07-27 13:31:00,0.38822850607612264,1
2026-07-27 13:32:00,0.3730588279431257,1
2026-07-27 13:33:00,0.4015189657249331,1
2026-07-27 13:34:00,0.44527118007968425,1
2026-07-27 13:35:00,0.41236477398700633,1
2026-07-27 13:36:00,0.40978826939592733,1
2026-07-27 13:37:00,0.3454937944947427,1
2026-07-27 13:38:00,0.34161281567484963,1
2026-07-27 13:39:00,0.3469429925348328,1
2026-07-27 13:40:00,0.39017737261361246,1
2026-07-27 13:41:00,0.3707939648202811,1
2026-07-27 13:42:00,0.32206262191545276,1
2026-07-27 13:43:00,0.35697619088257376,0
2026-07-27 13:44:00,0.3772308597743279,1
2026-07-27 13:45:00,0.3282930076757783,1
2026-07-27 13:46:00,0.33417414830995223,1
2026-07-27 13:47:00,0.3775469905264699,0
2026-07-27 13:48:00,0.3474267832561919,0
2026-07-27 13:49:00,0.3372298623835555,0
2026-07-27 13:50:00,0.4554525889222921,0
2026-07-27 13:51:00,0.44638287439560953,0
2026-07-27 13:52:00,0.3829214474763315,1
2026-07-27 13:53:00,0.3851517787154453,1
2026-07-27 13:54:00,0.353420484497993,0
2026-07-27 13:55:00,0.36833359890959344,1
2026-07-27 13:56:00,0.4149128598890199,0
2026-07-27 13:57:00,0.32541848295793385,1
2026-07-27 13:58:00,0.36584698757449385,1
2026-07-27 13:59:00,0.3126199152837544,1
2026-07-27 14:00:00,0.3176876270337277,1
2026-07-27 14:01:00,0.48690056567983525,0
2026-07-27 14:02:00,0.342810452073003,1
2026-07-27 14:03:00,0.32699308190630666,1
2026-07-27 14:04:00,0.32730359748806065,1
2026-07-27 14:05:00,0.3406767356278462,1
2026-07-27 14:06:00,0.32800795450681625,1
2026-07-27 14:07:00,0.33655742168562386,0
2026-07-27 14:08:00,0.3336176164970837,1
2026-07-27 14:09:00,0.3390585984154165,1
2026-07-27 14:10:00,0.31930913008533296,1
2026-07-27 14:11:00,0.39258065851108903,1
2026-07-27 14:12:00,0.34505948610666054,1
2026-07-27 14:13:00,0.3286428017704862,1
2026-07-27 14:14:00,0.35787237250621484,1
2026-07-27 14:15:00,0.2959098809137022,1
2026-07-27 14:16:00,0.32797395026666726,1
2026-07-27 14:17:00,0.38507523904932267,1
2026-07-27 14:18:00,0.3272429977918822,1
2026-07-27 14:19:00,0.3401592937913906,1
2026-07-27 14:20:00,0.3111322501462479,1
2026-07-27 14:21:00,0.3741065901110721,1
2026-07-27 14:22:00,0.31625899006452685,1
2026-07-27 14:23:00,0.316487471378504,1
2026-07-27 14:24:00,0.35854324065708404,1
2026-07-27 14:25:00,0.3953313631181224,1
2026-07-27 14:26:00,0.3054933832334157,1
2026-07-27 14:27:00,0.3058283883207352,1
2026-07-27 14:28:00,0.3692379024166472,1
2026-07-27 14:29:00,0.3329366936831507,0
2026-07-27 14:30:00,0.35517076018562693,1
2026-07-27 14:31:00,0.386244464140724,1
2026-07-27 14:32:00,0.38851118338591517,1
2026-07-27 14:33:00,0.37825304249668407,1
2026-07-27 14:34:00,0.43938671444259053,1
2026-07-27 14:35:00,0.30594734535428353,1
2026-07-27 14:36:00,0.4623336576851816,0
2026-07-27 14:37:00,0.4305436347826428,0
2026-07-27 14:38:00,0.35248072351119303,0
2026-07-27 14:39:00,0.35637043970346655,0
2026-07-27 14:40:00,0.4835395629787606,0
2026-07-27 14:41:00,0.6089311710718311,0
2026-07-27 14:42:00,0.5161522412949174,0
2026-07-27 14:43:00,0.487938268497359,0
2026-07-27 14:44:00,0.5360640373524991,1
2026-07-27 14:45:00,0.4574961759026439,0
2026-07-27 14:46:00,0.4526731969160806,0
2026-07-27 14:47:00,0.4766671358932651,0
2026-07-27 14:48:00,0.4733541928898351,0
2026-07-27 14:49:00,0.4469321771049721,0
2026-07-27 14:50:00,0.5486028016785401,0
2026-07-27 14:51:00,0.5445227933601586,0
2026-07-27 14:52:00,0.5511617910327713,1
2026-07-27 14:53:00,0.5405733646746222,1
2026-07-27 14:54:00,0.5515511138832228,1
2026-07-27 14:55:00,0.6488237801615021,1
2026-07-27 14:56:00,0.5611548914984567,1
2026-07-27 14:57:00,0.5887176030270944,0
2026-07-27 14:58:00,0.5303217732617749,0
2026-07-27 14:59:00,0.50669036275348,0
2026-07-27 15:00:00,0.5740069910677399,1
2026-07-28 09:30:00,0.5036077977870276,1
2026-07-28 09:31:00,0.3669365287423015,1
2026-07-28 09:32:00,0.37620256324940005,1
2026-07-28 09:33:00,0.44961310771022167,1
2026-07-28 09:34:00,0.4214602417967324,1
2026-07-28 09:35:00,0.4677641712957991,1
2026-07-28 09:36:00,0.5211811365080873,1
2026-07-28 09:37:00,0.429032581100218,1
2026-07-28 09:38:00,0.45099665086215923,1
2026-07-28 09:39:00,0.4491270805911038,1
2026-07-28 09:40:00,0.43404964526030787,1
2026-07-28 09:41:00,0.40061633277926356,1
2026-07-28 09:42:00,0.42849587699988995,1
2026-07-28 09:43:00,0.4175087948830027,1
2026-07-28 09:44:00,0.41603651800284214,1
2026-07-28 09:45:00,0.4335278567687039,1
2026-07-28 09:46:00,0.44202031117015345,1
2026-07-28 09:47:00,0.47753886005642276,1
2026-07-28 09:48:00,0.45241602559189,1
2026-07-28 09:49:00,0.39287823215398665,1
2026-07-28 09:50:00,0.435879875797318,1
2026-07-28 09:51:00,0.4181843899576111,1
2026-07-28 09:52:00,0.42199623826669563,1
2026-07-28 09:53:00,0.4346206447993417,1
2026-07-28 09:54:00,0.464411282922261,1
2026-07-28 09:55:00,0.46249328385106925,1
2026-07-28 09:56:00,0.40868381711857604,1
2026-07-28 09:57:00,0.37576245020489846,1
2026-07-28 09:58:00,0.3980335768777959,1
2026-07-28 09:59:00,0.38849408035640487,1
2026-07-28 10:00:00,0.3758165348709562,1
2026-07-28 10:01:00,0.3519889766729288,0
2026-07-28 10:02:00,0.38970128365290335,0
2026-07-28 10:03:00,0.3531875477076667,0
2026-07-28 10:04:00,0.3876353324784158,0
2026-07-28 10:05:00,0.3363415192781301,0
2026-07-28 10:06:00,0.3972293088080268,0
2026-07-28 10:07:00,0.42079654738897165,0
2026-07-28 10:08:00,0.37092152713472093,0
2026-07-28 10:09:00,0.40911916345411514,0
2026-07-28 10:10:00,0.41665108358231284,0
2026-07-28 10:11:00,0.4420544670997604,0
2026-07-28 10:12:00,0.43632481939983486,0
2026-07-28 10:13:00,0.4522564349518563,0
2026-07-28 10:14:00,0.4528526357479765,0
2026-07-28 10:15:00,0.4640353349725789,0
2026-07-28 10:16:00,0.4693891614558376,0
2026-07-28 10:17:00,0.5360218327774684,0
2026-07-28 10:18:00,0.5014154477572274,1
2026-07-28 10:19:00,0.6001298381899601,1
2026-07-28 10:20:00,0.5688184537719981,1
2026-07-28 10:21:00,0.48555371978668616,0
2026-07-28 10:22:00,0.3797064154396646,0
2026-07-28 10:23:00,0.40866755258409104,0
2026-07-28 10:24:00,0.4581484600931381,0
2026-07-28 10:25:00,0.38999245013391143,0
2026-07-28 10:26:00,0.4326069374821513,0
2026-07-28 10:27:00,0.4142630829659324,0
2026-07-28 10:28:00,0.41923083276781764,0
2026-07-28 10:29:00,0.42943750105343564,0
2026-07-28 10:30:00,0.40797078378017776,0
2026-07-28 10:31:00,0.4232690466116318,1
2026-07-28 10:32:00,0.38172227667655945,0
2026-07-28 10:33:00,0.35773864176044406,0
2026-07-28 10:34:00,0.3729543903781174,0
2026-07-28 10:35:00,0.38596171386552824,0
2026-07-28 10:36:00,0.42051484042435994,0
2026-07-28 10:37:00,0.3969047484818712,0
2026-07-28 10:38:00,0.43483121749124887,0
2026-07-28 10:39:00,0.39599153524233,0
2026-07-28 10:40:00,0.40944132172127545,0
2026-07-28 10:41:00,0.3947474935825717,0
2026-07-28 10:42:00,0.46139082506513956,0
2026-07-28 10:43:00,0.4042793646456496,0
2026-07-28 10:44:00,0.4036549796933009,0
2026-07-28 10:45:00,0.38659523535716983,0
2026-07-28 10:46:00,0.36190899756077266,0
2026-07-28 10:47:00,0.41718322687186693,0
2026-07-28 10:48:00,0.5525495578872953,1
2026-07-28 10:49:00,0.5677228425797783,1
2026-07-28 10:50:00,0.5096400599982872,1
2026-07-28 10:51:00,0.37479593170065784,0
2026-07-28 10:52:00,0.43469489477530127,1
2026-07-28 10:53:00,0.34501004738745317,0
2026-07-28 10:54:00,0.39416946707630696,0
2026-07-28 10:55:00,0.38778852404766617,0
2026-07-28 10:56:00,0.4154770815292443,0
2026-07-28 10:57:00,0.34184137396742087,0
2026-07-28 10:58:00,0.34775381023368657,0
2026-07-28 10:59:00,0.4106305348318924,0
2026-07-28 11:00:00,0.4166954218580142,1
2026-07-28 11:01:00,0.4053020373379509,1
2026-07-28 11:02:00,0.4073830485705201,1
2026-07-28 11:03:00,0.3716528137553532,1
2026-07-28 11:04:00,0.37290826558575163,1
2026-07-28 11:05:00,0.4060664024526992,1
2026-07-28 11:06:00,0.4224201880474887,1
2026-07-28 11:07:00,0.4299399960434956,1
2026-07-28 11:08:00,0.42832413667034264,1
2026-07-28 11:09:00,0.433634713376278,1
2026-07-28 11:10:00,0.5493636880280578,1
2026-07-28 11:11:00,0.5350693169208673,1
2026-07-28 11:12:00,0.36902095762938203,1
2026-07-28 11:13:00,0.3932987298826714,1
2026-07-28 11:14:00,0.4584672165720507,1
2026-07-28 11:15:00,0.40879409975080344,1
2026-07-28 11:16:00,0.39972447580786896,1
2026-07-28 11:17:00,0.37299507868162973,1
2026-07-28 11:18:00,0.4315537764823394,0
2026-07-28 11:19:00,0.3520092508030915,0
2026-07-28 11:20:00,0.4485794222212388,0
2026-07-28 11:21:00,0.42031336584713974,0
2026-07-28 11:22:00,0.3931837937412821,0
2026-07-28 11:23:00,0.37872764383478336,0
2026-07-28 11:24:00,0.4639568398216917,0
2026-07-28 11:25:00,0.37034232315498217,0
2026-07-28 11:26:00,0.40723418513333576,0
2026-07-28 11:27:00,0.3970435175870902,0
2026-07-28 11:28:00,0.41947775532103077,0
2026-07-28 11:29:00,0.41603749120246336,0
2026-07-28 11:30:00,0.4078246107767108,0
2026-07-28 13:01:00,0.4337246932871228,1
2026-07-28 13:02:00,0.3602086832105576,1
2026-07-28 13:03:00,0.37360753067454455,1
2026-07-28 13:04:00,0.39983029594325487,0
2026-07-28 13:05:00,0.3928950234896759,0
2026-07-28 13:06:00,0.4187255740751378,1
2026-07-28 13:07:00,0.40107768792467424,0
2026-07-28 13:08:00,0.4279484080804822,0
2026-07-28 13:09:00,0.37176028896477487,0
2026-07-28 13:10:00,0.3569630917679881,0
2026-07-28 13:11:00,0.3485694646885027,0
2026-07-28 13:12:00,0.34847169661618205,0
2026-07-28 13:13:00,0.33714906609160583,0
2026-07-28 13:14:00,0.3610758629825623,0
2026-07-28 13:15:00,0.36763058023881146,0
2026-07-28 13:16:00,0.378360620594639,0
2026-07-28 13:17:00,0.39650874496712396,0
2026-07-28 13:18:00,0.4178001278570583,0
2026-07-28 13:19:00,0.4020995575379197,0
2026-07-28 13:20:00,0.4110501656246928,0
2026-07-28 13:21:00,0.39908097256261765,0
2026-07-28 13:22:00,0.4173898704099126,0
2026-07-28 13:23:00,0.46609158060111155,1
2026-07-28 13:24:00,0.3893781220771508,1
2026-07-28 13:25:00,0.47902366126554424,1
2026-07-28 13:26:00,0.36322337461092263,1
2026-07-28 13:27:00,0.3638362926154888,1
2026-07-28 13:28:00,0.3493714033445027,1
2026-07-28 13:29:00,0.3909574494595913,1
2026-07-28 13:30:00,0.35085286963826706,1
2026-07-28 13:31:00,0.33397519984071594,1
2026-07-28 13:32:00,0.3259708752314457,1
2026-07-28 13:33:00,0.3259708752314457,0
2026-07-28 13:34:00,0.3492323186703872,0
2026-07-28 13:35:00,0.45232213011801276,1
2026-07-28 13:36:00,0.4417184458181787,1
2026-07-28 13:37:00,0.3766860890777531,1
2026-07-28 13:38:00,0.3410765421435974,1
2026-07-28 13:39:00,0.4091268973787006,0
2026-07-28 13:40:00,0.33936055505235074,1
2026-07-28 13:41:00,0.34195252683331584,0
2026-07-28 13:42:00,0.3853296811835154,0
2026-07-28 13:43:00,0.3374814724345328,0
2026-07-28 13:44:00,0.3657777440316236,0
2026-07-28 13:45:00,0.37745961053868565,0
2026-07-28 13:46:00,0.38602274671170583,0
2026-07-28 13:47:00,0.4158839261126392,0
2026-07-28 13:48:00,0.3861983940682446,0
2026-07-28 13:49:00,0.42312718150894996,0
2026-07-28 13:50:00,0.41674693414009156,0
2026-07-28 13:51:00,0.46975721140707755,0
2026-07-28 13:52:00,0.3273770171116849,0
2026-07-28 13:53:00,0.3668809807019269,0
2026-07-28 13:54:00,0.3350703347130279,0
2026-07-28 13:55:00,0.30418548701789194,0
2026-07-28 13:56:00,0.2716964795292059,0
2026-07-28 13:57:00,0.40230199843521997,0
2026-07-28 13:58:00,0.4017238321114083,0
2026-07-28 13:59:00,0.40638250700931766,0
2026-07-28 14:00:00,0.4053241503953205,0
2026-07-28 14:01:00,0.4271086984242636,0
2026-07-28 14:02:00,0.3841556976041404,0
2026-07-28 14:03:00,0.29309588133586617,0
2026-07-28 14:04:00,0.32830314388564524,0
2026-07-28 14:05:00,0.2901165730600104,0
2026-07-28 14:06:00,0.39823600626265043,0
2026-07-28 14:07:00,0.3992837331994407,0
2026-07-28 14:08:00,0.4308279995296866,0
2026-07-28 14:09:00,0.33809307881021955,0
2026-07-28 14:10:00,0.2887381635630458,0
2026-07-28 14:11:00,0.3259979056948337,0
2026-07-28 14:12:00,0.33022199502245453,0
2026-07-28 14:13:00,0.4045168515121687,0
2026-07-28 14:14:00,0.3251279062501303,0
2026-07-28 14:15:00,0.49124455191768795,1
2026-07-28 14:16:00,0.438693691033888,0
2026-07-28 14:17:00,0.5021786405823659,0
2026-07-28 14:18:00,0.4396433086981773,1
2026-07-28 14:19:00,0.402101409833894,0
2026-07-28 14:20:00,0.36871847071655883,0
2026-07-28 14:21:00,0.3666197347936737,0
2026-07-28 14:22:00,0.3636640548802846,0
2026-07-28 14:23:00,0.4001265244706735,0
2026-07-28 14:24:00,0.28540141618843995,0
2026-07-28 14:25:00,0.3420219485640094,0
2026-07-28 14:26:00,0.3770159277047255,0
2026-07-28 14:27:00,0.27332677986232257,0
2026-07-28 14:28:00,0.3723676454489438,0
2026-07-28 14:29:00,0.31933622727384703,0
2026-07-28 14:30:00,0.35324683540156177,0
2026-07-28 14:31:00,0.283115037584719,0
2026-07-28 14:32:00,0.31145737086299924,0
2026-07-28 14:33:00,0.28907281600804413,0
2026-07-28 14:34:00,0.405908286454901,0
2026-07-28 14:35:00,0.3192072061999483,0
2026-07-28 14:36:00,0.4029504767236664,1
2026-07-28 14:37:00,0.4492484474237027,1
2026-07-28 14:38:00,0.43403230157456407,1
2026-07-28 14:39:00,0.49313477972636705,1
2026-07-28 14:40:00,0.4329016701480707,1
2026-07-28 14:41:00,0.443026740055491,1
2026-07-28 14:42:00,0.46727735504876505,1
2026-07-28 14:43:00,0.4738575913289651,1
2026-07-28 14:44:00,0.460058959118559,1
2026-07-28 14:45:00,0.4368872360152443,1
2026-07-28 14:46:00,0.49263381774487086,1
2026-07-28 14:47:00,0.43569824386888617,0
2026-07-28 14:48:00,0.5124754072592547,1
2026-07-28 14:49:00,0.41777565855453014,0
2026-07-28 14:50:00,0.45729999239599256,0
2026-07-28 14:51:00,0.48406895718933035,0
2026-07-28 14:52:00,0.41810709814776836,1
2026-07-28 14:53:00,0.43302800289636545,1
2026-07-28 14:54:00,0.500902341776283,1
2026-07-28 14:55:00,0.5200083745099704,1
2026-07-28 14:56:00,0.5491301058487084,1
2026-07-28 14:57:00,0.548859602545668,0
2026-07-28 14:58:00,0.4805122036124114,1
2026-07-28 14:59:00,0.4898414683238264,0
2026-07-28 15:00:00,0.5534668640150165,0
2026-07-29 09:30:00,0.38286256805502306,0
2026-07-29 09:31:00,0.5275100374114648,0
2026-07-29 09:32:00,0.5384555191233713,0
2026-07-29 09:33:00,0.48116617609410256,0
2026-07-29 09:34:00,0.424782212674529,0
2026-07-29 09:35:00,0.43267238770175903,0
2026-07-29 09:36:00,0.5208887952404415,0
2026-07-29 09:37:00,0.5181380899970176,0
2026-07-29 09:38:00,0.44302939154399407,0
2026-07-29 09:39:00,0.47971420956954136,0
2026-07-29 09:40:00,0.4433587392781994,0
2026-07-29 09:41:00,0.43727945272225704,0
2026-07-29 09:42:00,0.41386935165092514,0
2026-07-29 09:43:00,0.5059713736924336,0
2026-07-29 09:44:00,0.4907658870798788,0
2026-07-29 09:45:00,0.43816435265963655,0
2026-07-29 09:46:00,0.4320840014498949,0
2026-07-29 09:47:00,0.46457013911888195,0
2026-07-29 09:48:00,0.41252220194175176,0
2026-07-29 09:49:00,0.4373142460657596,0
2026-07-29 09:50:00,0.3921636547653597,1
2026-07-29 09:51:00,0.5447304397489657,1
2026-07-29 09:52:00,0.4988287838970851,1
2026-07-29 09:53:00,0.48891665348010227,1
2026-07-29 09:54:00,0.4547404031618347,1
2026-07-29 09:55:00,0.4467712571819476,1
2026-07-29 09:56:00,0.49616215613215303,1
2026-07-29 09:57:00,0.42736031269174773,1
2026-07-29 09:58:00,0.43929765437855006,1
2026-07-29 09:59:00,0.5078568189668808,1
2026-07-29 10:00:00,0.5136503781370535,1
2026-07-29 10:01:00,0.45626952004085447,1
2026-07-29 10:02:00,0.5558184325344142,1
2026-07-29 10:03:00,0.4527158682760191,1
2026-07-29 10:04:00,0.45494096046462373,1
2026-07-29 10:05:00,0.37949611533687255,1
2026-07-29 10:06:00,0.47485913971860394,1
2026-07-29 10:07:00,0.5081452649876212,1
2026-07-29 10:08:00,0.3425474440917674,1
2026-07-29 10:09:00,0.47269532586969343,1
2026-07-29 10:10:00,0.39155233615650437,1
2026-07-29 10:11:00,0.3601066567571707,1
2026-07-29 10:12:00,0.3618913507974137,1
2026-07-29 10:13:00,0.37888645350067757,1
2026-07-29 10:14:00,0.34411178998224895,1
2026-07-29 10:15:00,0.3665533278460225,1
2026-07-29 10:16:00,0.4131737311007985,1
2026-07-29 10:17:00,0.4371677463979913,1
2026-07-29 10:18:00,0.37870046062995144,1
2026-07-29 10:19:00,0.3557292014700349,1
2026-07-29 10:20:00,0.36815504805590926,1
2026-07-29 10:21:00,0.41873086037271107,1
2026-07-29 10:22:00,0.43827133089871495,1
2026-07-29 10:23:00,0.43580175322673054,1
2026-07-29 10:24:00,0.39357531336532553,1
2026-07-29 10:25:00,0.40973937113110953,1
2026-07-29 10:26:00,0.38607841524456293,1
2026-07-29 10:27:00,0.3706102215286847,1
2026-07-29 10:28:00,0.372811726972054,1
2026-07-29 10:29:00,0.38423080806896837,1
2026-07-29 10:30:00,0.4057258941081002,1
2026-07-29 10:31:00,0.4546314586846045,1
2026-07-29 10:32:00,0.409913649513793,0
2026-07-29 10:33:00,0.4568176094134015,0
2026-07-29 10:34:00,0.37453246976960486,0
2026-07-29 10:35:00,0.39527386181623414,0
2026-07-29 10:36:00,0.406663317605306,0
2026-07-29 10:37:00,0.39347332258228757,0
2026-07-29 10:38:00,0.3635642753934373,0
2026-07-29 10:39:00,0.4142650746287346,0
2026-07-29 10:40:00,0.410682757148905,0
2026-07-29 10:41:00,0.4141718436106591,0
2026-07-29 10:42:00,0.3965462852045803,0
2026-07-29 10:43:00,0.37429774904928315,0
2026-07-29 10:44:00,0.4113540067346864,0
2026-07-29 10:45:00,0.41143210936556535,0
2026-07-29 10:46:00,0.37344352600515507,0
2026-07-29 10:47:00,0.4704350971382425,0
2026-07-29 10:48:00,0.42520604614255875,1
2026-07-29 10:49:00,0.43149952516678236,1
2026-07-29 10:50:00,0.4202325738898892,1
2026-07-29 10:51:00,0.4036271456843245,1
2026-07-29 10:52:00,0.40381639610546466,1
2026-07-29 10:53:00,0.4579853160711681,0
2026-07-29 10:54:00,0.40092901709347123,0
2026-07-29 10:55:00,0.434129880594116,1
2026-07-29 10:56:00,0.38613590874984405,1
2026-07-29 10:57:00,0.40174341200838765,1
2026-07-29 10:58:00,0.4069330082848696,1
2026-07-29 10:59:00,0.3634872228167163,1
2026-07-29 11:00:00,0.40326023419128354,1
2026-07-29 11:01:00,0.4174785759497105,1
2026-07-29 11:02:00,0.4167069139560908,1
2026-07-29 11:03:00,0.3943917561146109,1
2026-07-29 11:04:00,0.36935403235517333,1
2026-07-29 11:05:00,0.3628677412406297,1
2026-07-29 11:06:00,0.4002012712963734,1
2026-07-29 11:07:00,0.4158747523051182,1
2026-07-29 11:08:00,0.4308120461589872,1
2026-07-29 11:09:00,0.4371550889999771,1
2026-07-29 11:10:00,0.46301803169906464,1
2026-07-29 11:11:00,0.3824967128840236,1
2026-07-29 11:12:00,0.37409978890163903,1
2026-07-29 11:13:00,0.3945008280650876,1
2026-07-29 11:14:00,0.40546552833624805,1
2026-07-29 11:15:00,0.3889484193623479,1
2026-07-29 11:16:00,0.4182044247314959,1
2026-07-29 11:17:00,0.39344788822349347,1
2026-07-29 11:18:00,0.3628959494371972,1
2026-07-29 11:19:00,0.41616164627659963,1
2026-07-29 11:20:00,0.3963953496958164,1
2026-07-29 11:21:00,0.3933267358198118,1
2026-07-29 11:22:00,0.41355424787718187,1
2026-07-29 11:23:00,0.37117311574175954,1
2026-07-29 11:24:00,0.3821407756884454,1
2026-07-29 11:25:00,0.4002738673985791,1
2026-07-29 11:26:00,0.3618975351340939,1
2026-07-29 11:27:00,0.3805583474320218,1
2026-07-29 11:28:00,0.43740041568519017,1
2026-07-29 11:29:00,0.3643147420695989,1
2026-07-29 11:30:00,0.34479163693942055,1
2026-07-29 13:01:00,0.328318880066879,1
2026-07-29 13:02:00,0.4175734032785621,1
2026-07-29 13:03:00,0.41364084425093656,1
2026-07-29 13:04:00,0.36186694725839247,1
2026-07-29 13:05:00,0.45077061134310664,1
2026-07-29 13:06:00,0.4046349497218022,1
2026-07-29 13:07:00,0.38023013510289044,1
2026-07-29 13:08:00,0.5096575292320406,1
2026-07-29 13:09:00,0.4992356952669395,0
2026-07-29 13:10:00,0.43557507627688613,0
2026-07-29 13:11:00,0.4110974908663789,0
2026-07-29 13:12:00,0.41135552178734053,0
2026-07-29 13:13:00,0.4684886600975879,0
2026-07-29 13:14:00,0.41845125648974735,0
2026-07-29 13:15:00,0.45555869501263657,0
2026-07-29 13:16:00,0.45590661798988497,0
2026-07-29 13:17:00,0.41586115078275276,0
2026-07-29 13:18:00,0.4193400874542296,1
2026-07-29 13:19:00,0.35804385153958734,1
2026-07-29 13:20:00,0.35879626913498197,1
2026-07-29 13:21:00,0.4622485850972145,1
2026-07-29 13:22:00,0.3648994880270164,1
2026-07-29 13:23:00,0.36154286319341966,1
2026-07-29 13:24:00,0.3599524361485882,1
2026-07-29 13:25:00,0.3522966986520181,1
2026-07-29 13:26:00,0.4116119209919339,1
2026-07-29 13:27:00,0.3717650230973739,1
2026-07-29 13:28:00,0.3486647865396179,1
2026-07-29 13:29:00,0.34815332504338103,1
2026-07-29 13:30:00,0.3635936195984106,1
2026-07-29 13:31:00,0.34353661142254827,0
2026-07-29 13:32:00,0.3609280066012402,0
2026-07-29 13:33:00,0.400593455284856,0
2026-07-29 13:34:00,0.3666369498653189,0
2026-07-29 13:35:00,0.3619219048698719,0
2026-07-29 13:36:00,0.3532981186874129,0
2026-07-29 13:37:00,0.3511828486943141,0
2026-07-29 13:38:00,0.39089616653086584,0
2026-07-29 13:39:00,0.3453729504834606,0
2026-07-29 13:40:00,0.39805794837874664,0
2026-07-29 13:41:00,0.3705710307889095,0
2026-07-29 13:42:00,0.3408774619313631,0
2026-07-29 13:43:00,0.35439586455957767,0
2026-07-29 13:44:00,0.3457722790469129,0
2026-07-29 13:45:00,0.34788264378959055,0
2026-07-29 13:46:00,0.3473022669803514,0
2026-07-29 13:47:00,0.3998836421338819,0
2026-07-29 13:48:00,0.4040551786211881,1
2026-07-29 13:49:00,0.38253191889937743,1
2026-07-29 13:50:00,0.3517521640823359,0
2026-07-29 13:51:00,0.37693636785630197,0
2026-07-29 13:52:00,0.38897173553946696,0
2026-07-29 13:53:00,0.38136718033168004,0
2026-07-29 13:54:00,0.3258046677954384,0
2026-07-29 13:55:00,0.3305149595039262,0
2026-07-29 13:56:00,0.33058307717998375,0
2026-07-29 13:57:00,0.3475738547489906,0
2026-07-29 13:58:00,0.32406114140597764,0
2026-07-29 13:59:00,0.32087958429648833,0
2026-07-29 14:00:00,0.322256949131548,0
2026-07-29 14:01:00,0.331643039424468,0
2026-07-29 14:02:00,0.3548979395274472,0
2026-07-29 14:03:00,0.4374797812950597,0
2026-07-29 14:04:00,0.41201728342873056,0
2026-07-29 14:05:00,0.37105348696212487,1
2026-07-29 14:06:00,0.3506804572566225,1
2026-07-29 14:07:00,0.425966775488644,1
2026-07-29 14:08:00,0.4295415122495243,1
2026-07-29 14:09:00,0.3582689661554242,1
2026-07-29 14:10:00,0.37988733251502554,1
2026-07-29 14:11:00,0.33118240948934824,1
2026-07-29 14:12:00,0.3574811813768713,1
2026-07-29 14:13:00,0.37407135911740413,1
2026-07-29 14:14:00,0.3851233658981462,1
2026-07-29 14:15:00,0.40518630784833376,1
2026-07-29 14:16:00,0.3266686606117993,1
2026-07-29 14:17:00,0.3204106272309266,1
2026-07-29 14:18:00,0.39285208893726836,0
2026-07-29 14:19:00,0.3962135028817114,0
2026-07-29 14:20:00,0.31012364532951775,0
2026-07-29 14:21:00,0.4012790067416259,0
2026-07-29 14:22:00,0.3982489960155,0
2026-07-29 14:23:00,0.3986034514769697,0
2026-07-29 14:24:00,0.37383318490990197,0
2026-07-29 14:25:00,0.3594178523150092,0
2026-07-29 14:26:00,0.33638859876849486,0
2026-07-29 14:27:00,0.36926693369088004,0
2026-07-29 14:28:00,0.28685651452228467,0
2026-07-29 14:29:00,0.39970016326810104,0
2026-07-29 14:30:00,0.31840177068609166,0
2026-07-29 14:31:00,0.4031118144902752,0
2026-07-29 14:32:00,0.307344651643668,1
2026-07-29 14:33:00,0.32897766252388655,1
2026-07-29 14:34:00,0.31326894767843094,1
2026-07-29 14:35:00,0.3174835159898244,1
2026-07-29 14:36:00,0.3176845852509893,1
2026-07-29 14:37:00,0.3754183676345145,1
2026-07-29 14:38:00,0.3592994448839996,1
2026-07-29 14:39:00,0.357817346678976,1
2026-07-29 14:40:00,0.44234726280641246,1
2026-07-29 14:41:00,0.5178653915345663,1
2026-07-29 14:42:00,0.5460809835282361,1
2026-07-29 14:43:00,0.5619516011196436,1
2026-07-29 14:44:00,0.5112416707313223,1
2026-07-29 14:45:00,0.5668430430654867,1
2026-07-29 14:46:00,0.5347149342809163,0
2026-07-29 14:47:00,0.5355390558222601,0
2026-07-29 14:48:00,0.49907851971050277,1
2026-07-29 14:49:00,0.472991938149064,1
2026-07-29 14:50:00,0.4772336736320868,1
2026-07-29 14:51:00,0.5110455004531738,1
2026-07-29 14:52:00,0.4428149408498959,1
2026-07-29 14:53:00,0.5153733200051659,1
2026-07-29 14:54:00,0.5550213047807115,1
2026-07-29 14:55:00,0.5282080824915535,1
2026-07-29 14:56:00,0.6390768062168176,1
2026-07-29 14:57:00,0.6354354903014066,1
2026-07-29 14:58:00,0.5376595279119176,1
2026-07-29 14:59:00,0.5256295404819237,1
2026-07-29 15:00:00,0.5554451198541328,1
2026-07-30 09:30:00,0.43715255909160106,1
2026-07-30 09:31:00,0.46141137054253056,1
2026-07-30 09:32:00,0.4968031412796978,1
2026-07-30 09:33:00,0.5180344131979178,1
2026-07-30 09:34:00,0.4894809784686291,1
2026-07-30 09:35:00,0.4992611600932915,1
2026-07-30 09:36:00,0.46884662648396447,1
2026-07-30 09:37:00,0.42276345606539034,1
2026-07-30 09:38:00,0.4349245362172001,1
2026-07-30 09:39:00,0.5060453330886017,1
2026-07-30 09:40:00,0.43226332067151974,1
2026-07-30 09:41:00,0.3996198869140437,1
2026-07-30 09:42:00,0.4426193029351128,1
2026-07-30 09:43:00,0.39383871426644185,1
2026-07-30 09:44:00,0.423871385005053,1
2026-07-30 09:45:00,0.40882253412381986,1
2026-07-30 09:46:00,0.43942395131775863,1
2026-07-30 09:47:00,0.4579468849405732,1
2026-07-30 09:48:00,0.45846722329378986,1
2026-07-30 09:49:00,0.4572444399236646,1
2026-07-30 09:50:00,0.47077190005523256,1
2026-07-30 09:51:00,0.48060235421538006,1
2026-07-30 09:52:00,0.45403798043899707,1
2026-07-30 09:53:00,0.41360582482717007,1
2026-07-30 09:54:00,0.4084417364651509,1
2026-07-30 09:55:00,0.4182313452408823,1
2026-07-30 09:56:00,0.40970215522686454,1
2026-07-30 09:57:00,0.3509964636611884,1
2026-07-30 09:58:00,0.346843937412096,0
2026-07-30 09:59:00,0.34632894308723955,0
2026-07-30 10:00:00,0.352430638015857,0
2026-07-30 10:01:00,0.3751320417163693,0
2026-07-30 10:02:00,0.3973546990326057,0
2026-07-30 10:03:00,0.322002764652294,0
2026-07-30 10:04:00,0.37595108586285203,0
2026-07-30 10:05:00,0.43240650705068384,0
2026-07-30 10:06:00,0.41076853221453,0
2026-07-30 10:07:00,0.4439618270401048,0
2026-07-30 10:08:00,0.487376687302706,0
2026-07-30 10:09:00,0.4767995102999923,0
2026-07-30 10:10:00,0.4789194896138282,0
2026-07-30 10:11:00,0.46341395445039757,0
2026-07-30 10:12:00,0.4574466521422861,0
2026-07-30 10:13:00,0.37672487125878235,0
2026-07-30 10:14:00,0.45140190129173946,0
2026-07-30 10:15:00,0.611690589707492,1
2026-07-30 10:16:00,0.5791198227225954,1
2026-07-30 10:17:00,0.4592756987417686,0
2026-07-30 10:18:00,0.4121431188184635,0
2026-07-30 10:19:00,0.4613626430508294,0
2026-07-30 10:20:00,0.3931608445681212,0
2026-07-30 10:21:00,0.49619153709328895,0
2026-07-30 10:22:00,0.4697232787398326,0
2026-07-30 10:23:00,0.4392929425886302,0
2026-07-30 10:24:00,0.4559242893378519,0
2026-07-30 10:25:00,0.4074375819212007,0
2026-07-30 10:26:00,0.39691195859436534,0
2026-07-30 10:27:00,0.36349596308630605,0
2026-07-30 10:28:00,0.4102821592887455,0
2026-07-30 10:29:00,0.4293341166061329,0
2026-07-30 10:30:00,0.4151200574401818,0
2026-07-30 10:31:00,0.4204353921389259,0
2026-07-30 10:32:00,0.4927161440490042,0
2026-07-30 10:33:00,0.4107847622535611,0
2026-07-30 10:34:00,0.5123747493119808,1
2026-07-30 10:35:00,0.48024068342468434,1
2026-07-30 10:36:00,0.5569570395145839,1
2026-07-30 10:37:00,0.5068020317015869,1
2026-07-30 10:38:00,0.43245179796734334,1
2026-07-30 10:39:00,0.38750298305184383,0
2026-07-30 10:40:00,0.37703500469767415,0
2026-07-30 10:41:00,0.34486745727194934,0
2026-07-30 10:42:00,0.4296550525720433,0
2026-07-30 10:43:00,0.4123373091929098,0
2026-07-30 10:44:00,0.41098641118054063,0
2026-07-30 10:45:00,0.40874320084380844,0
2026-07-30 10:46:00,0.4075807184579279,0
2026-07-30 10:47:00,0.3812238946834156,0
2026-07-30 10:48:00,0.3474492362218046,0
2026-07-30 10:49:00,0.34359914105365297,0
2026-07-30 10:50:00,0.34063469011533304,0
2026-07-30 10:51:00,0.4376928341236776,0
2026-07-30 10:52:00,0.4505305887800417,0
2026-07-30 10:53:00,0.42609957784439434,0
2026-07-30 10:54:00,0.4809349361376836,0
2026-07-30 10:55:00,0.4479712043931459,0
2026-07-30 10:56:00,0.4397525874050634,0
2026-07-30 10:57:00,0.4530093030107281,0
2026-07-30 10:58:00,0.4235655306110096,0
2026-07-30 10:59:00,0.4146761007626263,0
2026-07-30 11:00:00,0.4412185386410022,0
2026-07-30 11:01:00,0.4131999042334817,0
2026-07-30 11:02:00,0.4141487502163206,0
2026-07-30 11:03:00,0.4506441703053095,1
2026-07-30 11:04:00,0.37501385880422844,1
2026-07-30 11:05:00,0.40440789366941177,1
2026-07-30 11:06:00,0.3849785832187386,0
2026-07-30 11:07:00,0.36905788095375514,0
2026-07-30 11:08:00,0.33857228757654645,0
2026-07-30 11:09:00,0.42179610258289024,0
2026-07-30 11:10:00,0.4052108411941005,0
2026-07-30 11:11:00,0.43364128351858183,0
2026-07-30 11:12:00,0.43915283138396255,1
2026-07-30 11:13:00,0.44558827312244864,0
2026-07-30 11:14:00,0.5028015967546483,0
2026-07-30 11:15:00,0.4897610205516538,0
2026-07-30 11:16:00,0.4173131091068455,1
2026-07-30 11:17:00,0.42141444311925264,0
2026-07-30 11:18:00,0.36838106678616767,0
2026-07-30 11:19:00,0.3958022351668441,0
2026-07-30 11:20:00,0.35051738831394685,0
2026-07-30 11:21:00,0.40897554809785364,0
2026-07-30 11:22:00,0.4437920052519856,0
2026-07-30 11:23:00,0.45458183551834075,0
2026-07-30 11:24:00,0.4032390602680519,1
2026-07-30 11:25:00,0.397277701304893,1
2026-07-30 11:26:00,0.3411018049267106,0
2026-07-30 11:27:00,0.35644548012428423,0
2026-07-30 11:28:00,0.3996651861900611,0
2026-07-30 11:29:00,0.4523182159105987,0
2026-07-30 11:30:00,0.47427593174368676,0
2026-07-30 13:01:00,0.3628259434613304,0
2026-07-30 13:02:00,0.4368012279473526,0
2026-07-30 13:03:00,0.4612118138525318,0
2026-07-30 13:04:00,0.4670336928137041,0
2026-07-30 13:05:00,0.4424840473876015,0
2026-07-30 13:06:00,0.42268900235226525,0
2026-07-30 13:07:00,0.3139928005400255,0
2026-07-30 13:08:00,0.3880255851280358,0
2026-07-30 13:09:00,0.28273244670850656,0
2026-07-30 13:10:00,0.3012498430751156,0
2026-07-30 13:11:00,0.38641944165423864,1
2026-07-30 13:12:00,0.43905850036068284,1
2026-07-30 13:13:00,0.49394312478377295,1
2026-07-30 13:14:00,0.434558737260939,1
2026-07-30 13:15:00,0.4238110744893737,1
2026-07-30 13:16:00,0.4038597534026057,1
2026-07-30 13:17:00,0.45293340186685493,1
2026-07-30 13:18:00,0.4527177561747315,1
2026-07-30 13:19:00,0.5022493494515309,1
2026-07-30 13:20:00,0.4839969374137831,1
2026-07-30 13:21:00,0.44791651467408805,1
2026-07-30 13:22:00,0.33917952421975595,1
2026-07-30 13:23:00,0.30233387406578194,1
2026-07-30 13:24:00,0.28291947728685435,1
2026-07-30 13:25:00,0.29364428870789727,0
2026-07-30 13:26:00,0.34518083517881,0
2026-07-30 13:27:00,0.32927710857178505,0
2026-07-30 13:28:00,0.3665309330339741,0
2026-07-30 13:29:00,0.37359891322251026,0
2026-07-30 13:30:00,0.36558364950071925,0
2026-07-30 13:31:00,0.3654525665230695,0
2026-07-30 13:32:00,0.4089059949171741,0
2026-07-30 13:33:00,0.42491498632430824,0
2026-07-30 13:34:00,0.3941330893167937,0
2026-07-30 13:35:00,0.422899511295054,0
2026-07-30 13:36:00,0.46000759094419646,0
2026-07-30 13:37:00,0.4024778556496993,0
2026-07-30 13:38:00,0.45634057538209066,0
2026-07-30 13:39:00,0.41587321075110706,0
2026-07-30 13:40:00,0.47219565871280733,1
2026-07-30 13:41:00,0.48671656296015575,1
2026-07-30 13:42:00,0.4260311225131518,1
2026-07-30 13:43:00,0.3546328455315574,0
2026-07-30 13:44:00,0.378148376311418,0
2026-07-30 13:45:00,0.33877956467188536,0
2026-07-30 13:46:00,0.3387971753029704,0
2026-07-30 13:47:00,0.29286927461634127,1
2026-07-30 13:48:00,0.287434005031603,0
2026-07-30 13:49:00,0.3764438152068505,0
2026-07-30 13:50:00,0.44319028392321524,1
2026-07-30 13:51:00,0.4196131964457754,1
2026-07-30 13:52:00,0.3727913653728652,1
2026-07-30 13:53:00,0.34161643792182544,1
2026-07-30 13:54:00,0.4027283309377771,1
2026-07-30 13:55:00,0.43002798305449275,1
2026-07-30 13:56:00,0.32652659801865486,1
2026-07-30 13:57:00,0.3205712145430991,1
2026-07-30 13:58:00,0.42195408320500544,1
2026-07-30 13:59:00,0.3728602094265364,1
2026-07-30 14:00:00,0.3758888962635892,1
2026-07-30 14:01:00,0.3588783422931976,1
2026-07-30 14:02:00,0.3309973532244847,0
2026-07-30 14:03:00,0.2867984861777069,0
2026-07-30 14:04:00,0.39607892477403,1
2026-07-30 14:05:00,0.3703473046660576,0
2026-07-30 14:06:00,0.36182601838099365,0
2026-07-30 14:07:00,0.3526684782069842,1
2026-07-30 14:08:00,0.3928846916726097,1
2026-07-30 14:09:00,0.3458800690644151,1
2026-07-30 14:10:00,0.3519020361006566,1
2026-07-30 14:11:00,0.36673890543988175,1
2026-07-30 14:12:00,0.4202956320842983,0
2026-07-30 14:13:00,0.4034650285285611,0
2026-07-30 14:14:00,0.4372197653562132,1
2026-07-30 14:15:00,0.38440876848363403,0
2026-07-30 14:16:00,0.30886242497262845,0
2026-07-30 14:17:00,0.3451559373229954,0
2026-07-30 14:18:00,0.37931959725084335,0
2026-07-30 14:19:00,0.3871562598759038,1
2026-07-30 14:20:00,0.3088191716224489,0
2026-07-30 14:21:00,0.3656106889972399,0
2026-07-30 14:22:00,0.3145516532118588,0
2026-07-30 14:23:00,0.3304135626796351,0
2026-07-30 14:24:00,0.3792966184895786,0
2026-07-30 14:25:00,0.3374023917674847,0
2026-07-30 14:26:00,0.3573401640974424,0
2026-07-30 14:27:00,0.3406020055574923,0
2026-07-30 14:28:00,0.3816379993903399,0
2026-07-30 14:29:00,0.35327808155090223,0
2026-07-30 14:30:00,0.3773013864257409,0
2026-07-30 14:31:00,0.33383351536224515,0
2026-07-30 14:32:00,0.33905683135849124,0
2026-07-30 14:33:00,0.3352187049487061,0
2026-07-30 14:34:00,0.439982426643148,0
2026-07-30 14:35:00,0.41709227596225673,0
2026-07-30 14:36:00,0.35323824469974024,0
2026-07-30 14:37:00,0.36534228053833784,0
2026-07-30 14:38:00,0.45812409724472586,0
2026-07-30 14:39:00,0.4701385200621425,0
2026-07-30 14:40:00,0.4804804821382708,0
2026-07-30 14:41:00,0.5485641681205049,0
2026-07-30 14:42:00,0.5733848587012078,0
2026-07-30 14:43:00,0.5348501987718379,0
2026-07-30 14:44:00,0.5464127286023651,0
2026-07-30 14:45:00,0.5395102144129186,0
2026-07-30 14:46:00,0.5633383991402879,0
2026-07-30 14:47:00,0.5154158632885255,1
2026-07-30 14:48:00,0.5802737317916781,1
2026-07-30 14:49:00,0.5477984233872336,1
2026-07-30 14:50:00,0.5822830849970768,1
2026-07-30 14:51:00,0.6305065015698251,1
2026-07-30 14:52:00,0.612499887004638,0
2026-07-30 14:53:00,0.6190870013455582,0
2026-07-30 14:54:00,0.6249395596569671,1
2026-07-30 14:55:00,0.5706204894268962,1
2026-07-30 14:56:00,0.5572551033519596,1
2026-07-30 14:57:00,0.5882185744688248,1
2026-07-30 14:58:00,0.6176633538451446,1
2026-07-30 14:59:00,0.6024027768530965,1
2026-07-30 15:00:00,0.6054840878015801,1
2026-07-31 09:30:00,0.5374748788427225,1
2026-07-31 09:31:00,0.46678634717568884,0
2026-07-31 09:32:00,0.46009604104277707,0
2026-07-31 09:33:00,0.5057760891251841,0
2026-07-31 09:34:00,0.4583770996307467,0
2026-07-31 09:35:00,0.5033419926209312,0
2026-07-31 09:36:00,0.48712848985793156,1
2026-07-31 09:37:00,0.5304595671220294,1
2026-07-31 09:38:00,0.5268359463831381,1
2026-07-31 09:39:00,0.49967200058148636,1
2026-07-31 09:40:00,0.5068989228128906,1
2026-07-31 09:41:00,0.5054601205766478,1
2026-07-31 09:42:00,0.5012302307396936,1
2026-07-31 09:43:00,0.5068742942822928,1
2026-07-31 09:44:00,0.3912088988323155,1
2026-07-31 09:45:00,0.4494450336937513,1
2026-07-31 09:46:00,0.39551199766691164,1
2026-07-31 09:47:00,0.37553270129128097,1
2026-07-31 09:48:00,0.48148031854021095,1
2026-07-31 09:49:00,0.48793590238810236,1
2026-07-31 09:50:00,0.49089964242088635,1
2026-07-31 09:51:00,0.39723057238660847,1
2026-07-31 09:52:00,0.4860292858448057,1
2026-07-31 09:53:00,0.4291175307921949,1
2026-07-31 09:54:00,0.48271177837037904,1
2026-07-31 09:55:00,0.40360921913557257,1
2026-07-31 09:56:00,0.3928610076510241,1
2026-07-31 09:57:00,0.3643985046539445,0
2026-07-31 09:58:00,0.3579930348421549,0
2026-07-31 09:59:00,0.3549364317654785,0
2026-07-31 10:00:00,0.3797495053338639,0
2026-07-31 10:01:00,0.3945178653286594,0
2026-07-31 10:02:00,0.41895613158591916,0
2026-07-31 10:03:00,0.4519364992209873,0
2026-07-31 10:04:00,0.4472215752966455,0
2026-07-31 10:05:00,0.4469985076933695,0
2026-07-31 10:06:00,0.44711276275520145,0
2026-07-31 10:07:00,0.3949307420455031,0
2026-07-31 10:08:00,0.4676768552920528,0
2026-07-31 10:09:00,0.4613019389751219,0
2026-07-31 10:10:00,0.44573007765834266,0
2026-07-31 10:11:00,0.4794996533704287,0
2026-07-31 10:12:00,0.46449336670538577,0
2026-07-31 10:13:00,0.6836577712867172,1
2026-07-31 10:14:00,0.5599993993871715,1
2026-07-31 10:15:00,0.579685475414722,1
2026-07-31 10:16:00,0.4337342507931831,0
2026-07-31 10:17:00,0.5692830162977826,1
2026-07-31 10:18:00,0.5117236604536709,1
2026-07-31 10:19:00,0.5386441826502782,1
2026-07-31 10:20:00,0.35865716080151727,0
2026-07-31 10:21:00,0.40045882922392584,0
2026-07-31 10:22:00,0.35846298276159816,0
2026-07-31 10:23:00,0.44084874838363225,1
2026-07-31 10:24:00,0.43770909681769726,1
2026-07-31 10:25:00,0.434918296773369,0
2026-07-31 10:26:00,0.4055625012855058,1
2026-07-31 10:27:00,0.38732208809470886,1
2026-07-31 10:28:00,0.40504390358141074,1
2026-07-31 10:29:00,0.3307736601452942,0
2026-07-31 10:30:00,0.4131518931253021,1
2026-07-31 10:31:00,0.39136057424889453,1
2026-07-31 10:32:00,0.39237560222311346,0
2026-07-31 10:33:00,0.32702013455943657,0
2026-07-31 10:34:00,0.4179449834674177,1
2026-07-31 10:35:00,0.40771837769875674,1
2026-07-31 10:36:00,0.4221533181078264,0
2026-07-31 10:37:00,0.4144847291377275,0
2026-07-31 10:38:00,0.41680939210103757,0
2026-07-31 10:39:00,0.4349187521988754,1
2026-07-31 10:40:00,0.4810799980530176,1
2026-07-31 10:41:00,0.40940740271444276,1
2026-07-31 10:42:00,0.3990833105927596,1
2026-07-31 10:43:00,0.392634468424907,1
2026-07-31 10:44:00,0.34835541368144923,0
2026-07-31 10:45:00,0.3959916636287209,1
2026-07-31 10:46:00,0.3736683669789211,1
2026-07-31 10:47:00,0.41108041483965246,1
2026-07-31 10:48:00,0.41000588477751615,1
2026-07-31 10:49:00,0.4000866127811899,1
2026-07-31 10:50:00,0.4157399368861476,1
2026-07-31 10:51:00,0.419715243535778,1
2026-07-31 10:52:00,0.41305007783375786,1
2026-07-31 10:53:00,0.4458828007415215,1
2026-07-31 10:54:00,0.36907747821584824,1
2026-07-31 10:55:00,0.39272754636764834,1
2026-07-31 10:56:00,0.3901889046280435,0
2026-07-31 10:57:00,0.3625327577554276,0
2026-07-31 10:58:00,0.38113265927927087,0
2026-07-31 10:59:00,0.38058516786150365,0
2026-07-31 11:00:00,0.3977212993115321,0
2026-07-31 11:01:00,0.4101205885379926,0
2026-07-31 11:02:00,0.39416836066900923,0
2026-07-31 11:03:00,0.3738490661541439,0
2026-07-31 11:04:00,0.3852071693058538,0
2026-07-31 11:05:00,0.4095613905415285,0
2026-07-31 11:06:00,0.438878006660489,0
2026-07-31 11:07:00,0.4241094542839705,0
2026-07-31 11:08:00,0.4354043346765943,0
2026-07-31 11:09:00,0.43696340317126997,0
2026-07-31 11:10:00,0.4313205701006261,0
2026-07-31 11:11:00,0.42557122245328605,0
2026-07-31 11:12:00,0.44254369612098166,0
2026-07-31 11:13:00,0.43474153940895105,1
2026-07-31 11:14:00,0.5617160522244334,1
2026-07-31 11:15:00,0.4521416360394523,1
2026-07-31 11:16:00,0.40681955472560327,1
2026-07-31 11:17:00,0.38369330905566085,1
2026-07-31 11:18:00,0.3951583906312296,1
2026-07-31 11:19:00,0.46110424720116255,1
2026-07-31 11:20:00,0.3733363015602906,1
2026-07-31 11:21:00,0.37925973968597576,1
2026-07-31 11:22:00,0.36709583442728777,1
2026-07-31 11:23:00,0.31316541168354545,0
2026-07-31 11:24:00,0.3822179168907384,1
2026-07-31 11:25:00,0.409785609211425,1
2026-07-31 11:26:00,0.41582151833087655,1
2026-07-31 11:27:00,0.3886640408585684,1
2026-07-31 11:28:00,0.3576346176027777,0
2026-07-31 11:29:00,0.38362132385358155,1
2026-07-31 11:30:00,0.32212790491597576,1
2026-07-31 13:01:00,0.3711690767262915,0
2026-07-31 13:02:00,0.35734184319935164,0
2026-07-31 13:03:00,0.36974862026252664,0
2026-07-31 13:04:00,0.3670474140996366,1
2026-07-31 13:05:00,0.36532645579293804,1
2026-07-31 13:06:00,0.3490160402493929,1
2026-07-31 13:07:00,0.3511078777287054,1
2026-07-31 13:08:00,0.3558665238277695,1
2026-07-31 13:09:00,0.3582622601789107,1
2026-07-31 13:10:00,0.37913470027020246,1
2026-07-31 13:11:00,0.34042716350693314,1
2026-07-31 13:12:00,0.33249576180871243,1
2026-07-31 13:13:00,0.402497539364383,1
2026-07-31 13:14:00,0.3601873094712662,1
2026-07-31 13:15:00,0.35078017540204237,1
2026-07-31 13:16:00,0.3451185240168718,1
2026-07-31 13:17:00,0.3861732789642906,1
2026-07-31 13:18:00,0.36676405986118943,0
2026-07-31 13:19:00,0.39690238816445456,0
2026-07-31 13:20:00,0.37245157686438085,0
2026-07-31 13:21:00,0.3747426440782079,0
2026-07-31 13:22:00,0.4115871154356609,0
2026-07-31 13:23:00,0.4286892605835848,0
2026-07-31 13:24:00,0.39038202086158835,0
2026-07-31 13:25:00,0.3945227476633425,0
2026-07-31 13:26:00,0.4076828408685002,0
2026-07-31 13:27:00,0.3913773917197061,0
2026-07-31 13:28:00,0.4270685069248219,0
2026-07-31 13:29:00,0.3703093152079208,0
2026-07-31 13:30:00,0.34367859588547817,0
2026-07-31 13:31:00,0.416113601658419,0
2026-07-31 13:32:00,0.41076586710221163,0
2026-07-31 13:33:00,0.42235010615943613,0
2026-07-31 13:34:00,0.38569603186232804,0
2026-07-31 13:35:00,0.36253029857783536,0
2026-07-31 13:36:00,0.32988779189377415,0
2026-07-31 13:37:00,0.3351981924917004,0
2026-07-31 13:38:00,0.3872456625005519,0
2026-07-31 13:39:00,0.41390492737830636,0
2026-07-31 13:40:00,0.38550649416680716,0
2026-07-31 13:41:00,0.34094282072195115,0
2026-07-31 13:42:00,0.3606308047120887,0
2026-07-31 13:43:00,0.36952069829807765,0
2026-07-31 13:44:00,0.38067286990047766,0
2026-07-31 13:45:00,0.3434386191954738,0
2026-07-31 13:46:00,0.3501465931419431,0
2026-07-31 13:47:00,0.36909102781390746,0
2026-07-31 13:48:00,0.3903051782978666,0
2026-07-31 13:49:00,0.37392874664093295,0
2026-07-31 13:50:00,0.35451583308419377,0
2026-07-31 13:51:00,0.3471691232628382,0
2026-07-31 13:52:00,0.3730592860494302,0
2026-07-31 13:53:00,0.3512664159458662,0
2026-07-31 13:54:00,0.33651121301496717,0
2026-07-31 13:55:00,0.36685299535223664,0
2026-07-31 13:56:00,0.366889048120782,0
2026-07-31 13:57:00,0.38997967381338655,0
2026-07-31 13:58:00,0.4560581356173729,0
2026-07-31 13:59:00,0.39684739337677577,0
2026-07-31 14:00:00,0.35504328304300947,0
2026-07-31 14:01:00,0.3319020912146647,0
2026-07-31 14:02:00,0.28858420214537583,0
2026-07-31 14:03:00,0.2811525776693376,0
2026-07-31 14:04:00,0.31205329279557664,0
2026-07-31 14:05:00,0.39638594705901226,0
2026-07-31 14:06:00,0.356942991236263,0
2026-07-31 14:07:00,0.34664374438374584,0
2026-07-31 14:08:00,0.37570457538872304,0
2026-07-31 14:09:00,0.35740758777757603,1
2026-07-31 14:10:00,0.341647843622369,1
2026-07-31 14:11:00,0.39625190121606113,1
2026-07-31 14:12:00,0.41622608961465174,1
2026-07-31 14:13:00,0.4292406733117375,1
2026-07-31 14:14:00,0.42166488029827515,1
2026-07-31 14:15:00,0.4059708702534068,1
2026-07-31 14:16:00,0.3704842190734075,1
2026-07-31 14:17:00,0.32732474463187633,1
2026-07-31 14:18:00,0.29382162958934993,1
2026-07-31 14:19:00,0.32262179930467033,0
2026-07-31 14:20:00,0.3904499287508052,1
2026-07-31 14:21:00,0.4223682484793166,1
2026-07-31 14:22:00,0.36587211114249457,0
2026-07-31 14:23:00,0.28294518644170646,0
2026-07-31 14:24:00,0.28553130052281633,0
2026-07-31 14:25:00,0.3590442835277339,0
2026-07-31 14:26:00,0.332464398128402,0
2026-07-31 14:27:00,0.3270832468568631,0
2026-07-31 14:28:00,0.32842581830449735,0
2026-07-31 14:29:00,0.27910846110027016,0
2026-07-31 14:30:00,0.3651704856002341,0
2026-07-31 14:31:00,0.3338318394976509,0
2026-07-31 14:32:00,0.2952372241049382,0
2026-07-31 14:33:00,0.31593588729436317,0
2026-07-31 14:34:00,0.36183895148782524,0
2026-07-31 14:35:00,0.4380102378299621,0
2026-07-31 14:36:00,0.4501140211352019,0
2026-07-31 14:37:00,0.31295836219408824,0
2026-07-31 14:38:00,0.3118844555999751,0
2026-07-31 14:39:00,0.3416499477787875,0
2026-07-31 14:40:00,0.5232815683146883,0
2026-07-31 14:41:00,0.526180495830686,0
2026-07-31 14:42:00,0.5427257723346779,0
2026-07-31 14:43:00,0.5638687618860323,0
2026-07-31 14:44:00,0.5374494989380368,0
2026-07-31 14:45:00,0.5518155571357539,0
2026-07-31 14:46:00,0.4686778076305633,0
2026-07-31 14:47:00,0.4967527670557519,0
2026-07-31 14:48:00,0.4957666482387357,0
2026-07-31 14:49:00,0.5342519418239022,0
2026-07-31 14:50:00,0.5672763840038256,1
2026-07-31 14:51:00,0.6305326273629377,0
2026-07-31 14:52:00,0.6019249213587395,0
2026-07-31 14:53:00,0.6287621538276398,0
2026-07-31 14:54:00,0.6245063451495695,0
2026-07-31 14:55:00,0.6276904840566359,0
2026-07-31 14:56:00,0.6515300969185676,0
2026-07-31 14:57:00,0.6192350577297682,0
2026-07-31 14:58:00,0.5441794514553664,0
2026-07-31 14:59:00,0.5587780849247783,0
2026-07-31 15:00:00,0.6553886902663782,0
2026-08-03 09:30:00,0.6017385947463617,0
2026-08-03 09:31:00,0.6340760539953328,1
2026-08-03 09:32:00,0.5382641282782628,1
2026-08-03 09:33:00,0.374847381295563,0
2026-08-03 09:34:00,0.5366148220833781,0
2026-08-03 09:35:00,0.4521052439537515,0
2026-08-03 09:36:00,0.4629295026162058,0
2026-08-03 09:37:00,0.4641698838897248,0
2026-08-03 09:38:00,0.45733349081333247,0
2026-08-03 09:39:00,0.35985306664735767,0
2026-08-03 09:40:00,0.45543982069595973,0
2026-08-03 09:41:00,0.4031235899742853,0
2026-08-03 09:42:00,0.4170090908175179,0
2026-08-03 09:43:00,0.4463768641238395,0
2026-08-03 09:44:00,0.4126949366339429,0
2026-08-03 09:45:00,0.4539247661816573,1
2026-08-03 09:46:00,0.46651470729264033,0
2026-08-03 09:47:00,0.4194906495192696,1
2026-08-03 09:48:00,0.41811326361859685,1
2026-08-03 09:49:00,0.4173262714328101,1
2026-08-03 09:50:00,0.4204101135069335,1
2026-08-03 09:51:00,0.45444217788098346,1
2026-08-03 09:52:00,0.4686676111900032,1
2026-08-03 09:53:00,0.45303232883052935,1
2026-08-03 09:54:00,0.43921523606480417,1
2026-08-03 09:55:00,0.3954440740907014,0
2026-08-03 09:56:00,0.4003154752427142,0
2026-08-03 09:57:00,0.48282390651829704,1
2026-08-03 09:58:00,0.4167396400795164,1
2026-08-03 09:59:00,0.49582758297587703,1
2026-08-03 10:00:00,0.42898263613143794,1
2026-08-03 10:01:00,0.4675533901656499,1
2026-08-03 10:02:00,0.5088331887968028,1
2026-08-03 10:03:00,0.4003342142532161,1
2026-08-03 10:04:00,0.43026847652965133,1
2026-08-03 10:05:00,0.3968615116458561,1
2026-08-03 10:06:00,0.4583460044819697,1
2026-08-03 10:07:00,0.3874634333274279,1
2026-08-03 10:08:00,0.4170248103208748,1
2026-08-03 10:09:00,0.45649704049006645,1
2026-08-03 10:10:00,0.4722134991502847,1
2026-08-03 10:11:00,0.48481201966884685,1
2026-08-03 10:12:00,0.40592978446811473,1
2026-08-03 10:13:00,0.4331472891997956,1
2026-08-03 10:14:00,0.3650298238376617,0
2026-08-03 10:15:00,0.3647447228685101,0
2026-08-03 10:16:00,0.365557111564502,0
2026-08-03 10:17:00,0.43331672910176333,0
2026-08-03 10:18:00,0.474921130679416,0
2026-08-03 10:19:00,0.37058755021759565,0
2026-08-03 10:20:00,0.4087342157635669,1
2026-08-03 10:21:00,0.3309739079720316,0
2026-08-03 10:22:00,0.3555949129036101,0
2026-08-03 10:23:00,0.33768438112311033,0
2026-08-03 10:24:00,0.39205685847265137,0
2026-08-03 10:25:00,0.43100616776708345,1
2026-08-03 10:26:00,0.4102348189646406,0
2026-08-03 10:27:00,0.42332335885834593,1
2026-08-03 10:28:00,0.4304048009582472,1
2026-08-03 10:29:00,0.4126377230302323,1
2026-08-03 10:30:00,0.4129074773353964,1
2026-08-03 10:31:00,0.44347100736733397,1
2026-08-03 10:32:00,0.5203413886395392,1
2026-08-03 10:33:00,0.38961414271716543,1
2026-08-03 10:34:00,0.3617786587759482,0
2026-08-03 10:35:00,0.36175075702913795,0
2026-08-03 10:36:00,0.38105931922297215,0
2026-08-03 10:37:00,0.39529266969620513,0
2026-08-03 10:38:00,0.41455036704005954,0
2026-08-03 10:39:00,0.401881294841373,0
2026-08-03 10:40:00,0.3972407132391912,0
2026-08-03 10:41:00,0.4045296910674327,0
2026-08-03 10:42:00,0.3658747185802594,0
2026-08-03 10:43:00,0.4011913004441845,0
2026-08-03 10:44:00,0.3570744092324022,0
2026-08-03 10:45:00,0.46572208640382046,0
2026-08-03 10:46:00,0.37511574117119956,0
2026-08-03 10:47:00,0.417450834187243,0
2026-08-03 10:48:00,0.41332999419420835,0
2026-08-03 10:49:00,0.4106497627637842,0
2026-08-03 10:50:00,0.39257672137084637,0
2026-08-03 10:51:00,0.39986077600535574,0
2026-08-03 10:52:00,0.4011489863265993,0
2026-08-03 10:53:00,0.4277389341696374,0
2026-08-03 10:54:00,0.46213775014110453,0
2026-08-03 10:55:00,0.39421940470687494,0
2026-08-03 10:56:00,0.41653651970376204,0
2026-08-03 10:57:00,0.4201995653628124,1
2026-08-03 10:58:00,0.42621647578400174,1
2026-08-03 10:59:00,0.36554776158871366,0
2026-08-03 11:00:00,0.3949889418743175,1
2026-08-03 11:01:00,0.3524998543339503,0
2026-08-03 11:02:00,0.3883407188766688,1
2026-08-03 11:03:00,0.39870707055407045,1
2026-08-03 11:04:00,0.4113957582641677,1
2026-08-03 11:05:00,0.3887263239827255,1
2026-08-03 11:06:00,0.36107145655094935,0
2026-08-03 11:07:00,0.39856850051176096,0
2026-08-03 11:08:00,0.4170053744881753,0
2026-08-03 11:09:00,0.42819458504312136,1
2026-08-03 11:10:00,0.4391182306009989,1
2026-08-03 11:11:00,0.43422788007215224,1
2026-08-03 11:12:00,0.4149590601187397,1
2026-08-03 11:13:00,0.41809537068248454,1
2026-08-03 11:14:00,0.3827375342031586,0
2026-08-03 11:15:00,0.4117763090748794,1
2026-08-03 11:16:00,0.4083301991686179,0
2026-08-03 11:17:00,0.39462788275720684,0
2026-08-03 11:18:00,0.3809515601775442,0
2026-08-03 11:19:00,0.3607217886855958,0
2026-08-03 11:20:00,0.39275293064414424,0
2026-08-03 11:21:00,0.39259757440337284,0
2026-08-03 11:22:00,0.39702399463933025,0
2026-08-03 11:23:00,0.4013025442298186,0
2026-08-03 11:24:00,0.42152954281788396,0
2026-08-03 11:25:00,0.38006814501248254,0
2026-08-03 11:26:00,0.3795810616654646,0
2026-08-03 11:27:00,0.43322978992690847,0
2026-08-03 11:28:00,0.36317467359974037,1
2026-08-03 11:29:00,0.44679218354596956,1
2026-08-03 11:30:00,0.3291988213097826,0
2026-08-03 13:01:00,0.4371038082840818,0
2026-08-03 13:02:00,0.394078006277524,0
2026-08-03 13:03:00,0.379889725649968,0
2026-08-03 13:04:00,0.46133942757058566,1
2026-08-03 13:05:00,0.5373385579822476,1
2026-08-03 13:06:00,0.4973948030146289,0
2026-08-03 13:07:00,0.4756515953459576,1
2026-08-03 13:08:00,0.47785173342960946,1
2026-08-03 13:09:00,0.3675753620011879,1
2026-08-03 13:10:00,0.4590779660527631,1
2026-08-03 13:11:00,0.3119971635729882,0
2026-08-03 13:12:00,0.3411736931724357,0
2026-08-03 13:13:00,0.33541107148046945,0
2026-08-03 13:14:00,0.3595646970542303,0
2026-08-03 13:15:00,0.4580277570035806,0
2026-08-03 13:16:00,0.39337066529091286,0
2026-08-03 13:17:00,0.3664223364810275,0
2026-08-03 13:18:00,0.386012337401105,1
2026-08-03 13:19:00,0.42398265541319397,1
2026-08-03 13:20:00,0.468592896669503,1
2026-08-03 13:21:00,0.480298423134529,1
2026-08-03 13:22:00,0.3576695725919314,0
2026-08-03 13:23:00,0.29537854001553615,0
2026-08-03 13:24:00,0.32796296008782216,0
2026-08-03 13:25:00,0.37876259357098563,0
2026-08-03 13:26:00,0.4444043906350543,0
2026-08-03 13:27:00,0.4635022834291458,1
2026-08-03 13:28:00,0.3325716772146418,0
2026-08-03 13:29:00,0.47011368016751415,1
2026-08-03 13:30:00,0.4120593140848617,1
2026-08-03 13:31:00,0.38829033030801485,1
2026-08-03 13:32:00,0.35938982937552594,0
2026-08-03 13:33:00,0.33222871081852134,0
2026-08-03 13:34:00,0.3156587453931451,0
2026-08-03 13:35:00,0.3965062668324521,1
2026-08-03 13:36:00,0.3695852077809318,0
2026-08-03 13:37:00,0.4444448364641103,1
2026-08-03 13:38:00,0.3668627931759051,1
2026-08-03 13:39:00,0.36068704546813374,1
2026-08-03 13:40:00,0.35504333749278,1
2026-08-03 13:41:00,0.40835904941406487,1
2026-08-03 13:42:00,0.3284686577987635,1
2026-08-03 13:43:00,0.3461418260736654,1
2026-08-03 13:44:00,0.35143993890622494,1
2026-08-03 13:45:00,0.4454278867700555,1
2026-08-03 13:46:00,0.40963253131267263,1
2026-08-03 13:47:00,0.4285235765100659,1
2026-08-03 13:48:00,0.37665051262271093,1
2026-08-03 13:49:00,0.37551017104129775,1
2026-08-03 13:50:00,0.3045600297852035,1
2026-08-03 13:51:00,0.40361875026209104,1
2026-08-03 13:52:00,0.3916713685085268,1
2026-08-03 13:53:00,0.4484826110831554,0
2026-08-03 13:54:00,0.40166422804323837,0
2026-08-03 13:55:00,0.4682798001388427,0
2026-08-03 13:56:00,0.4134913353294758,0
2026-08-03 13:57:00,0.4688536116699526,0
2026-08-03 13:58:00,0.49869545338547955,0
2026-08-03 13:59:00,0.3802792870649127,1
2026-08-03 14:00:00,0.31495288409376765,0
2026-08-03 14:01:00,0.3838196088181912,1
2026-08-03 14:02:00,0.38348317790339503,0
2026-08-03 14:03:00,0.4177324792893308,1
2026-08-03 14:04:00,0.4487001764846327,1
2026-08-03 14:05:00,0.43223736613661523,1
2026-08-03 14:06:00,0.3472041229153366,1
2026-08-03 14:07:00,0.3865294166950142,1
2026-08-03 14:08:00,0.3839266166713806,1
2026-08-03 14:09:00,0.4008863712851711,1
2026-08-03 14:10:00,0.361162772042584,1
2026-08-03 14:11:00,0.32320351081157395,1
2026-08-03 14:12:00,0.3558419681428443,1
2026-08-03 14:13:00,0.35944598768197833,1
2026-08-03 14:14:00,0.34541493878756463,1
2026-08-03 14:15:00,0.3264860575299383,1
2026-08-03 14:16:00,0.32654384912458095,1
2026-08-03 14:17:00,0.37686291413417855,1
2026-08-03 14:18:00,0.31224721491503266,0
2026-08-03 14:19:00,0.3786479073309365,1
2026-08-03 14:20:00,0.40471832543008907,0
2026-08-03 14:21:00,0.3633435330980409,1
2026-08-03 14:22:00,0.3357880955703384,0
2026-08-03 14:23:00,0.47916268034085624,0
2026-08-03 14:24:00,0.3835664921376002,0
2026-08-03 14:25:00,0.39009713851234457,0
2026-08-03 14:26:00,0.31494237197912384,0
2026-08-03 14:27:00,0.2678748279317543,0
2026-08-03 14:28:00,0.42062726517570215,0
2026-08-03 14:29:00,0.46917560837547617,0
2026-08-03 14:30:00,0.29248098898398966,0
2026-08-03 14:31:00,0.35853732609309913,0
2026-08-03 14:32:00,0.3141630668334552,1
2026-08-03 14:33:00,0.26523492050381503,1
2026-08-03 14:34:00,0.3530585648593408,0
2026-08-03 14:35:00,0.3705881699874759,1
2026-08-03 14:36:00,0.3295038148585379,1
2026-08-03 14:37:00,0.38736948508164815,1
2026-08-03 14:38:00,0.35964796754117,1
2026-08-03 14:39:00,0.4125464993039864,0
2026-08-03 14:40:00,0.44601519982611987,0
2026-08-03 14:41:00,0.5601181589758241,0
2026-08-03 14:42:00,0.5023801128356497,1
2026-08-03 14:43:00,0.49024544964518857,0
2026-08-03 14:44:00,0.5236126953791218,1
2026-08-03 14:45:00,0.5032502508810095,0
2026-08-03 14:46:00,0.5230755006314018,1
2026-08-03 14:47:00,0.5032432484650462,0
2026-08-03 14:48:00,0.5085228573707151,0
2026-08-03 14:49:00,0.5051280679679825,0
2026-08-03 14:50:00,0.4933722706184149,0
2026-08-03 14:51:00,0.5378917401239288,0
2026-08-03 14:52:00,0.5393787798468175,1
2026-08-03 14:53:00,0.5599946270223203,1
2026-08-03 14:54:00,0.5502703920678713,1
2026-08-03 14:55:00,0.5422434375067607,1
2026-08-03 14:56:00,0.5817336915382284,0
2026-08-03 14:57:00,0.6384337175451331,0
2026-08-03 14:58:00,0.5881382484036929,0
2026-08-03 14:59:00,0.5260368491767259,0
2026-08-03 15:00:00,0.5953355538386936,0
2026-08-04 09:30:00,0.3779077091206656,0
2026-08-04 09:31:00,0.43436912809098294,1
2026-08-04 09:32:00,0.4485406106713752,1
2026-08-04 09:33:00,0.457172161578425,1
2026-08-04 09:34:00,0.4515989733820384,0
2026-08-04 09:35:00,0.4684474977518854,0
2026-08-04 09:36:00,0.5074625067536882,0
2026-08-04 09:37:00,0.4085639012952751,0
2026-08-04 09:38:00,0.4578260751277506,0
2026-08-04 09:39:00,0.48732206555066476,0
2026-08-04 09:40:00,0.5052389710228867,0
2026-08-04 09:41:00,0.4741104142093495,0
2026-08-04 09:42:00,0.5166940991131046,0
2026-08-04 09:43:00,0.4864525315159209,0
2026-08-04 09:44:00,0.5016256194096637,0
2026-08-04 09:45:00,0.5109381540588668,0
2026-08-04 09:46:00,0.5029785649631745,0
2026-08-04 09:47:00,0.45402318220702154,0
2026-08-04 09:48:00,0.5128651377724678,0
2026-08-04 09:49:00,0.4146400102644683,0
2026-08-04 09:50:00,0.4574082170012979,0
2026-08-04 09:51:00,0.3906827923654597,0
2026-08-04 09:52:00,0.39608922825859905,0
2026-08-04 09:53:00,0.44622289338876003,1
2026-08-04 09:54:00,0.497312809524598,1
2026-08-04 09:55:00,0.47418578101828807,1
2026-08-04 09:56:00,0.4914575292119857,1
2026-08-04 09:57:00,0.4530847533452951,1
2026-08-04 09:58:00,0.456112366986411,1
2026-08-04 09:59:00,0.43339521445766666,1
2026-08-04 10:00:00,0.45558350577145684,1
2026-08-04 10:01:00,0.34237443658166106,0
2026-08-04 10:02:00,0.4086304621286376,0
2026-08-04 10:03:00,0.41373251255134114,1
2026-08-04 10:04:00,0.4400161606692958,1
2026-08-04 10:05:00,0.5277242966677405,1
2026-08-04 10:06:00,0.4458362465400754,1
2026-08-04 10:07:00,0.4694799523312571,1
2026-08-04 10:08:00,0.3981004631169747,1
2026-08-04 10:09:00,0.47448071150507515,1
2026-08-04 10:10:00,0.44067713169357753,1
2026-08-04 10:11:00,0.46917245136254604,1
2026-08-04 10:12:00,0.38799225528115383,1
2026-08-04 10:13:00,0.44147675254927154,1
2026-08-04 10:14:00,0.43419399009629733,1
2026-08-04 10:15:00,0.48134546025227576,1
2026-08-04 10:16:00,0.4805257533462273,1
2026-08-04 10:17:00,0.45709027087347387,1
2026-08-04 10:18:00,0.43328506709091585,1
2026-08-04 10:19:00,0.42677033387122243,1
2026-08-04 10:20:00,0.4328923471842932,1
2026-08-04 10:21:00,0.3813098049204741,0
2026-08-04 10:22:00,0.3324522099241946,0
2026-08-04 10:23:00,0.37722121388545776,0
2026-08-04 10:24:00,0.34211674751724674,0
2026-08-04 10:25:00,0.45526840499131244,0
2026-08-04 10:26:00,0.44912477859892386,0
2026-08-04 10:27:00,0.41023961811821,0
2026-08-04 10:28:00,0.3727543140089964,0
2026-08-04 10:29:00,0.47259953738461474,0
2026-08-04 10:30:00,0.39749635185936155,0
2026-08-04 10:31:00,0.4084473525940202,0
2026-08-04 10:32:00,0.4798640082519673,0
2026-08-04 10:33:00,0.4762013279372047,0
2026-08-04 10:34:00,0.4394482721976764,0
2026-08-04 10:35:00,0.473498203958896,0
2026-08-04 10:36:00,0.45695978569630696,0
2026-08-04 10:37:00,0.46891950046298475,0
2026-08-04 10:38:00,0.4419052560432702,0
2026-08-04 10:39:00,0.44778497792957206,0
2026-08-04 10:40:00,0.4645915273270663,0
2026-08-04 10:41:00,0.4139255918151071,0
2026-08-04 10:42:00,0.46259933375741547,1
2026-08-04 10:43:00,0.4234756103538678,1
2026-08-04 10:44:00,0.45833889548057893,1
2026-08-04 10:45:00,0.4423698316371961,1
2026-08-04 10:46:00,0.45485890399086615,0
2026-08-04 10:47:00,0.4579215675856911,0
2026-08-04 10:48:00,0.4411811549088184,0
2026-08-04 10:49:00,0.41255681552549683,0
2026-08-04 10:50:00,0.40014484408969436,0
2026-08-04 10:51:00,0.4776872245513979,1
2026-08-04 10:52:00,0.4185755251011122,0
2026-08-04 10:53:00,0.47938210261696745,1
2026-08-04 10:54:00,0.4782766620889363,1
2026-08-04 10:55:00,0.47263173236962247,1
2026-08-04 10:56:00,0.4688635541276376,1
2026-08-04 10:57:00,0.43159370959081717,1
2026-08-04 10:58:00,0.3806183542483108,1
2026-08-04 10:59:00,0.38033257555713335,1
2026-08-04 11:00:00,0.4633620831799722,1
2026-08-04 11:01:00,0.477092819658239,1
2026-08-04 11:02:00,0.5026516505483773,1
2026-08-04 11:03:00,0.4700783138286896,1
2026-08-04 11:04:00,0.47110013827819974,0
2026-08-04 11:05:00,0.44522368504807436,0
2026-08-04 11:06:00,0.40614560447268944,0
2026-08-04 11:07:00,0.4658413952338534,1
2026-08-04 11:08:00,0.4664444734829228,1
2026-08-04 11:09:00,0.4662310795892658,0
2026-08-04 11:10:00,0.4556034003285466,0
2026-08-04 11:11:00,0.36721213288955173,0
2026-08-04 11:12:00,0.4562210541469126,0
2026-08-04 11:13:00,0.3598537611709023,0
2026-08-04 11:14:00,0.41135552020305644,0
2026-08-04 11:15:00,0.46511134371759744,1
2026-08-04 11:16:00,0.46796648760798387,0
2026-08-04 11:17:00,0.4357260340628228,0
2026-08-04 11:18:00,0.4761359267969305,0
2026-08-04 11:19:00,0.5151400300759751,0
2026-08-04 11:20:00,0.46662836294671517,1
2026-08-04 11:21:00,0.4604503670852109,0
2026-08-04 11:22:00,0.4233400708113228,0
2026-08-04 11:23:00,0.42595663516699667,1
2026-08-04 11:24:00,0.47977216967268227,1
2026-08-04 11:25:00,0.44636221654949926,0
2026-08-04 11:26:00,0.45766977700605194,0
2026-08-04 11:27:00,0.4308109486229697,0
2026-08-04 11:28:00,0.39805233567898524,0
2026-08-04 11:29:00,0.4472266956334276,0
2026-08-04 11:30:00,0.3685398981891819,0
2026-08-04 13:01:00,0.47079227112738853,0
2026-08-04 13:02:00,0.41907704860710626,0
2026-08-04 13:03:00,0.46191429991937855,0
2026-08-04 13:04:00,0.42786141585509513,0
2026-08-04 13:05:00,0.39535944496985037,0
2026-08-04 13:06:00,0.3921557343325032,0
2026-08-04 13:07:00,0.40495148358710836,0
2026-08-04 13:08:00,0.3292789715475961,0
2026-08-04 13:09:00,0.4368966574919801,0
2026-08-04 13:10:00,0.4600393570059777,0
2026-08-04 13:11:00,0.4704664639324134,0
2026-08-04 13:12:00,0.43063537112911104,0
2026-08-04 13:13:00,0.4702737232710086,1
2026-08-04 13:14:00,0.4290820034270815,0
2026-08-04 13:15:00,0.48225986098358387,1
2026-08-04 13:16:00,0.423136987328703,1
2026-08-04 13:17:00,0.3994161425068425,1
2026-08-04 13:18:00,0.4334911364119052,1
2026-08-04 13:19:00,0.36003222858360895,1
2026-08-04 13:20:00,0.4258716305235387,1
2026-08-04 13:21:00,0.3164615349191409,0
2026-08-04 13:22:00,0.36878125804123607,0
2026-08-04 13:23:00,0.32388594883998245,1
2026-08-04 13:24:00,0.39545877627696846,1
2026-08-04 13:25:00,0.3391620876183576,1
2026-08-04 13:26:00,0.433983570443197,1
2026-08-04 13:27:00,0.4274102961229281,1
2026-08-04 13:28:00,0.4079549653147558,1
2026-08-04 13:29:00,0.388069999334523,1
2026-08-04 13:30:00,0.35114149306702575,1
2026-08-04 13:31:00,0.4171986475132498,1
2026-08-04 13:32:00,0.34003784596031694,1
2026-08-04 13:33:00,0.43230735716553564,1
2026-08-04 13:34:00,0.29855957444212033,1
2026-08-04 13:35:00,0.4028079117327778,1
2026-08-04 13:36:00,0.32662045226028863,1
2026-08-04 13:37:00,0.39159109420102006,1
2026-08-04 13:38:00,0.3470495504638985,0
2026-08-04 13:39:00,0.3674335901625794,0
2026-08-04 13:40:00,0.30275134878718724,0
2026-08-04 13:41:00,0.3249804589781165,0
2026-08-04 13:42:00,0.40053432877383693,0
2026-08-04 13:43:00,0.4003293078255651,0
2026-08-04 13:44:00,0.4560566582879389,1
2026-08-04 13:45:00,0.46046316581556246,1
2026-08-04 13:46:00,0.4316146075734531,1
2026-08-04 13:47:00,0.4014598804800901,1
2026-08-04 13:48:00,0.38155585785362944,1
2026-08-04 13:49:00,0.34240007603939515,1
2026-08-04 13:50:00,0.37252721999045924,1
2026-08-04 13:51:00,0.392101404748673,1
2026-08-04 13:52:00,0.379458842224299,1
2026-08-04 13:53:00,0.4113657876130389,1
2026-08-04 13:54:00,0.3364985437127674,1
2026-08-04 13:55:00,0.3607975548522996,1
2026-08-04 13:56:00,0.32205280049690027,0
2026-08-04 13:57:00,0.31559459347903296,0
2026-08-04 13:58:00,0.3867239566809495,0
2026-08-04 13:59:00,0.3951769965825716,1
2026-08-04 14:00:00,0.3908543561936057,0
2026-08-04 14:01:00,0.3683845088388413,0
2026-08-04 14:02:00,0.3319912952783009,0
2026-08-04 14:03:00,0.31229460946727006,0
2026-08-04 14:04:00,0.37117730553948,0
2026-08-04 14:05:00,0.4145641082313059,0
2026-08-04 14:06:00,0.3857934014815529,0
2026-08-04 14:07:00,0.39900685692494253,0
2026-08-04 14:08:00,0.3037113424585852,0
2026-08-04 14:09:00,0.33613233157894984,0
2026-08-04 14:10:00,0.4060585219758392,0
2026-08-04 14:11:00,0.38998423034224333,0
2026-08-04 14:12:00,0.391109959729045,0
2026-08-04 14:13:00,0.3925340897699333,0
2026-08-04 14:14:00,0.33085680400206957,0
2026-08-04 14:15:00,0.3644299115675743,0
2026-08-04 14:16:00,0.4819454938511106,0
2026-08-04 14:17:00,0.46540593332047864,0
2026-08-04 14:18:00,0.42725417519041087,0
2026-08-04 14:19:00,0.466481717199185,0
2026-08-04 14:20:00,0.466221501070759,0
2026-08-04 14:21:00,0.4181979639751297,0
2026-08-04 14:22:00,0.394666465874016,0
2026-08-04 14:23:00,0.37736214633667003,1
2026-08-04 14:24:00,0.3797101492430224,1
2026-08-04 14:25:00,0.30380910642797465,1
2026-08-04 14:26:00,0.2652061000080265,0
2026-08-04 14:27:00,0.32517819601640374,0
2026-08-04 14:28:00,0.32857156385587627,0
2026-08-04 14:29:00,0.3086405533795459,0
2026-08-04 14:30:00,0.32340980167818933,0
2026-08-04 14:31:00,0.34994477198335044,0
2026-08-04 14:32:00,0.32918540073262115,0
2026-08-04 14:33:00,0.3404261637589958,1
2026-08-04 14:34:00,0.30642549722227785,1
2026-08-04 14:35:00,0.473566398152163,1
2026-08-04 14:36:00,0.406790699688191,1
2026-08-04 14:37:00,0.38445146814700704,1
2026-08-04 14:38:00,0.3112718833764448,1
2026-08-04 14:39:00,0.32292341356128107,1
2026-08-04 14:40:00,0.3867625068635608,0
2026-08-04 14:41:00,0.41960706842639034,0
2026-08-04 14:42:00,0.5124594932990297,1
2026-08-04 14:43:00,0.5555876482388081,1
2026-08-04 14:44:00,0.5112439760698965,1
2026-08-04 14:45:00,0.4831516427654465,1
2026-08-04 14:46:00,0.5157064859007661,1
2026-08-04 14:47:00,0.528246791956178,0
2026-08-04 14:48:00,0.4491735182456805,0
2026-08-04 14:49:00,0.5126682688520409,1
2026-08-04 14:50:00,0.406776333839881,0
2026-08-04 14:51:00,0.5358809393897802,0
2026-08-04 14:52:00,0.55691599239509,1
2026-08-04 14:53:00,0.5251085217358128,1
2026-08-04 14:54:00,0.5526694953794494,0
2026-08-04 14:55:00,0.526589657160274,1
2026-08-04 14:56:00,0.5913366843788331,0
2026-08-04 14:57:00,0.5887753349953087,1
2026-08-04 14:58:00,0.5780868350515395,1
2026-08-04 14:59:00,0.6202133579949589,0
2026-08-04 15:00:00,0.6183143956165867,0
2026-08-05 09:30:00,0.4276731687119268,0
2026-08-05 09:31:00,0.4496552324483685,1
2026-08-05 09:32:00,0.4213300249308122,1
2026-08-05 09:33:00,0.42637123929362675,1
2026-08-05 09:34:00,0.44774355938363947,1
2026-08-05 09:35:00,0.4668780554052876,1
2026-08-05 09:36:00,0.53174473399157,0
2026-08-05 09:37:00,0.485061836338538,0
2026-08-05 09:38:00,0.4868692474091303,1
2026-08-05 09:39:00,0.5615451966102903,1
2026-08-05 09:40:00,0.533545200894291,1
2026-08-05 09:41:00,0.4937825788989207,0
2026-08-05 09:42:00,0.5158910237176251,0
2026-08-05 09:43:00,0.49815577334653094,1
2026-08-05 09:44:00,0.4924898870215447,1
2026-08-05 09:45:00,0.39372341984527626,1
2026-08-05 09:46:00,0.42015297661016854,0
2026-08-05 09:47:00,0.4461152120325799,1
2026-08-05 09:48:00,0.43910870374362604,1
2026-08-05 09:49:00,0.49121325532013904,1
2026-08-05 09:50:00,0.5086198873755916,1
2026-08-05 09:51:00,0.4811637259241767,1
2026-08-05 09:52:00,0.4631772035220164,1
2026-08-05 09:53:00,0.4788681444415856,1
2026-08-05 09:54:00,0.4495596804915031,1
2026-08-05 09:55:00,0.45410367269796814,1
2026-08-05 09:56:00,0.4315274767241491,1
2026-08-05 09:57:00,0.43679935237515155,1
2026-08-05 09:58:00,0.4659463985101892,1
2026-08-05 09:59:00,0.4513349792736188,1
2026-08-05 10:00:00,0.36014165919582775,0
2026-08-05 10:01:00,0.4674307596260233,1
2026-08-05 10:02:00,0.3466684124385569,0
2026-08-05 10:03:00,0.45382973638684027,0
2026-08-05 10:04:00,0.3719829548255987,0
2026-08-05 10:05:00,0.4780923800799675,0
2026-08-05 10:06:00,0.4188508322174935,0
2026-08-05 10:07:00,0.4647284794937448,0
2026-08-05 10:08:00,0.46979565617709224,0
2026-08-05 10:09:00,0.4355111118174241,1
2026-08-05 10:10:00,0.47235069668401736,0
2026-08-05 10:11:00,0.490020286548943,0
2026-08-05 10:12:00,0.4278271414613787,1
2026-08-05 10:13:00,0.47996756660329054,1
2026-08-05 10:14:00,0.5489292038057415,1
2026-08-05 10:15:00,0.44001780804979046,1
2026-08-05 10:16:00,0.40838196283681805,0
2026-08-05 10:17:00,0.5148885511836767,1
2026-08-05 10:18:00,0.36243682983423353,0
2026-08-05 10:19:00,0.42232828446224197,0
2026-08-05 10:20:00,0.5026592132894342,1
2026-08-05 10:21:00,0.44704936800982353,1
2026-08-05 10:22:00,0.41842957157226374,1
2026-08-05 10:23:00,0.4071242572834156,1
2026-08-05 10:24:00,0.4501371536274099,1
2026-08-05 10:25:00,0.3743391438187364,1
2026-08-05 10:26:00,0.4651262016914494,1
2026-08-05 10:27:00,0.43151873543705543,1
2026-08-05 10:28:00,0.44490008034450323,1
2026-08-05 10:29:00,0.3575277616080092,1
2026-08-05 10:30:00,0.43650503529429946,1
2026-08-05 10:31:00,0.3936022347135154,1
2026-08-05 10:32:00,0.46979157506891034,1
2026-08-05 10:33:00,0.3985795142833912,1
2026-08-05 10:34:00,0.45497860736902207,1
2026-08-05 10:35:00,0.39258396514843535,1
2026-08-05 10:36:00,0.4149303287208393,0
2026-08-05 10:37:00,0.4346456402960397,0
2026-08-05 10:38:00,0.410337984819186,0
2026-08-05 10:39:00,0.40627855229900944,0
2026-08-05 10:40:00,0.4000380041324232,0
2026-08-05 10:41:00,0.41643676413804576,0
2026-08-05 10:42:00,0.43013136641904465,0
2026-08-05 10:43:00,0.43480778813445065,0
2026-08-05 10:44:00,0.4555266862501137,0
2026-08-05 10:45:00,0.446524592628408,0
2026-08-05 10:46:00,0.39481636832842654,0
2026-08-05 10:47:00,0.369230503551705,1
2026-08-05 10:48:00,0.4090538031704098,1
2026-08-05 10:49:00,0.4189349274632115,0
2026-08-05 10:50:00,0.4032634030195695,1
2026-08-05 10:51:00,0.3956252876972869,1
2026-08-05 10:52:00,0.4081798596125546,1
2026-08-05 10:53:00,0.40401639157541713,1
2026-08-05 10:54:00,0.41230061532610823,1
2026-08-05 10:55:00,0.4050477086503118,1
2026-08-05 10:56:00,0.46071654021639113,1
2026-08-05 10:57:00,0.39846824465477587,1
2026-08-05 10:58:00,0.35574418362206855,1
2026-08-05 10:59:00,0.3887508574053496,1
2026-08-05 11:00:00,0.3606655398037976,1
2026-08-05 11:01:00,0.37854451663652944,1
2026-08-05 11:02:00,0.35943973523607214,0
2026-08-05 11:03:00,0.3722422542809711,1
2026-08-05 11:04:00,0.3975501271687749,1
2026-08-05 11:05:00,0.4341820219170759,1
2026-08-05 11:06:00,0.4162931872560163,1
2026-08-05 11:07:00,0.4200910513761822,1
2026-08-05 11:08:00,0.421968580637134,1
2026-08-05 11:09:00,0.4017075596140081,1
2026-08-05 11:10:00,0.42959123685734096,1
2026-08-05 11:11:00,0.4393687193621242,1
2026-08-05 11:12:00,0.42202573234449653,1
2026-08-05 11:13:00,0.4287801822246543,1
2026-08-05 11:14:00,0.39095394483933005,1
2026-08-05 11:15:00,0.3970929047924082,1
2026-08-05 11:16:00,0.39584190539792025,1
2026-08-05 11:17:00,0.39375237450190914,1
2026-08-05 11:18:00,0.38453020311666464,0
2026-08-05 11:19:00,0.3596552085236718,0
2026-08-05 11:20:00,0.3918907911978052,1
2026-08-05 11:21:00,0.4162630246018251,1
2026-08-05 11:22:00,0.4118219872606067,0
2026-08-05 11:23:00,0.4137260199767468,0
2026-08-05 11:24:00,0.4278895488385613,0
2026-08-05 11:25:00,0.3909335691604125,1
2026-08-05 11:26:00,0.38571962792959635,0
2026-08-05 11:27:00,0.3721278825036795,0
2026-08-05 11:28:00,0.4075595063428062,1
2026-08-05 11:29:00,0.3745051773616374,1
2026-08-05 11:30:00,0.368938923627733,0
2026-08-05 13:01:00,0.3811021754934735,0
2026-08-05 13:02:00,0.3812777627737044,1
2026-08-05 13:03:00,0.40528165545695616,0
2026-08-05 13:04:00,0.38884820698907885,1
2026-08-05 13:05:00,0.3811558248396276,1
2026-08-05 13:06:00,0.40736554411251924,1
2026-08-05 13:07:00,0.4351990272718432,1
2026-08-05 13:08:00,0.4110221303763104,1
2026-08-05 13:09:00,0.3934071365855058,1
2026-08-05 13:10:00,0.39965460220299953,0
2026-08-05 13:11:00,0.3963386173240588,0
2026-08-05 13:12:00,0.3804460283111827,1
2026-08-05 13:13:00,0.4471517254640468,0
2026-08-05 13:14:00,0.36893287347293624,0
2026-08-05 13:15:00,0.33658902402656016,0
2026-08-05 13:16:00,0.4054675997614659,0
2026-08-05 13:17:00,0.3623458973226336,0
2026-08-05 13:18:00,0.409786172996898,0
2026-08-05 13:19:00,0.386645863088387,0
2026-08-05 13:20:00,0.35772338779016816,0
2026-08-05 13:21:00,0.35950624432217654,0
2026-08-05 13:22:00,0.3771103280023227,0
2026-08-05 13:23:00,0.36589269898731647,0
2026-08-05 13:24:00,0.36785184889560857,0
2026-08-05 13:25:00,0.39816324292054667,0
2026-08-05 13:26:00,0.3784789187427769,0
2026-08-05 13:27:00,0.35133932372110704,0
2026-08-05 13:28:00,0.42298378555919386,0
2026-08-05 13:29:00,0.4382140692056948,0
2026-08-05 13:30:00,0.40780821846759835,0
2026-08-05 13:31:00,0.42547672990374463,0
2026-08-05 13:32:00,0.3893640207139269,0
2026-08-05 13:33:00,0.33871387324609015,0
2026-08-05 13:34:00,0.37883042679708917,0
2026-08-05 13:35:00,0.3369868105911568,0
2026-08-05 13:36:00,0.3515863987510034,0
2026-08-05 13:37:00,0.36342505846728107,1
2026-08-05 13:38:00,0.3807623861383975,0
2026-08-05 13:39:00,0.42328059738640017,1
2026-08-05 13:40:00,0.385232546234512,1
2026-08-05 13:41:00,0.4195554623243689,1
2026-08-05 13:42:00,0.4683412223996552,1
2026-08-05 13:43:00,0.38802492181679366,1
2026-08-05 13:44:00,0.41852013841666985,1
2026-08-05 13:45:00,0.4657568475091008,1
2026-08-05 13:46:00,0.4338615188152556,1
2026-08-05 13:47:00,0.31276988382001986,1
2026-08-05 13:48:00,0.3236109777328248,1
2026-08-05 13:49:00,0.344716085334545,1
2026-08-05 13:50:00,0.33572464010771397,1
2026-08-05 13:51:00,0.3079510054826383,0
2026-08-05 13:52:00,0.30443357856420034,0
2026-08-05 13:53:00,0.35209897474895996,0
2026-08-05 13:54:00,0.360556196571345,0
2026-08-05 13:55:00,0.3572233945638895,0
2026-08-05 13:56:00,0.34881025187034004,0
2026-08-05 13:57:00,0.36110558618280875,0
2026-08-05 13:58:00,0.40094991258995927,0
2026-08-05 13:59:00,0.40774046983036183,0
2026-08-05 14:00:00,0.3680147352229098,0
2026-08-05 14:01:00,0.40454045384315607,0
2026-08-05 14:02:00,0.36746661522467616,0
2026-08-05 14:03:00,0.3673633801764193,0
2026-08-05 14:04:00,0.41813320225648704,0
2026-08-05 14:05:00,0.37479878678514,0
2026-08-05 14:06:00,0.40844278710059967,0
2026-08-05 14:07:00,0.43940898938824946,0
2026-08-05 14:08:00,0.5138441441375389,0
2026-08-05 14:09:00,0.4248742434329304,0
2026-08-05 14:10:00,0.4367318409166413,0
2026-08-05 14:11:00,0.45762038891050344,0
2026-08-05 14:12:00,0.3682754231666405,0
2026-08-05 14:13:00,0.328218731958942,0
2026-08-05 14:14:00,0.3822632074437745,0
2026-08-05 14:15:00,0.4421535982046339,0
2026-08-05 14:16:00,0.4115926133542034,0
2026-08-05 14:17:00,0.36119335686622417,0
2026-08-05 14:18:00,0.47162335962188684,0
2026-08-05 14:19:00,0.5096093122446913,0
2026-08-05 14:20:00,0.4833510381796323,1
2026-08-05 14:21:00,0.4157937113441724,1
2026-08-05 14:22:00,0.4503708953334943,1
2026-08-05 14:23:00,0.4096894660936912,1
2026-08-05 14:24:00,0.4268567063852147,1
2026-08-05 14:25:00,0.2641673187060254,1
2026-08-05 14:26:00,0.25937261209381723,1
2026-08-05 14:27:00,0.19712820290209304,1
2026-08-05 14:28:00,0.2914903699147796,1
2026-08-05 14:29:00,0.25619202251496315,1
2026-08-05 14:30:00,0.32358659441863824,1
2026-08-05 14:31:00,0.28097415259402464,1
2026-08-05 14:32:00,0.3446720320516292,1
2026-08-05 14:33:00,0.3043596434531055,1
2026-08-05 14:34:00,0.3491167919341872,1
2026-08-05 14:35:00,0.32413641817251426,1
2026-08-05 14:36:00,0.4250992134958378,1
2026-08-05 14:37:00,0.3332586464556078,1
2026-08-05 14:38:00,0.3681933849709083,1
2026-08-05 14:39:00,0.3490911439513371,1
2026-08-05 14:40:00,0.3830462142499709,1
2026-08-05 14:41:00,0.43650695608224677,1
2026-08-05 14:42:00,0.482334436896178,1
2026-08-05 14:43:00,0.480209613834706,1
2026-08-05 14:44:00,0.45173328993144307,1
2026-08-05 14:45:00,0.41991600864919576,1
2026-08-05 14:46:00,0.41131993854374915,0
2026-08-05 14:47:00,0.48860821404431526,1
2026-08-05 14:48:00,0.5294104306757176,0
2026-08-05 14:49:00,0.5537117663715928,0
2026-08-05 14:50:00,0.5119849968864292,0
2026-08-05 14:51:00,0.49939235856488007,0
2026-08-05 14:52:00,0.512926911113798,0
2026-08-05 14:53:00,0.5384988660083325,0
2026-08-05 14:54:00,0.5100311288168466,0
2026-08-05 14:55:00,0.5765608169130038,0
2026-08-05 14:56:00,0.5694419743725425,0
2026-08-05 14:57:00,0.5123735939007329,0
2026-08-05 14:58:00,0.45192072555639634,0
2026-08-05 14:59:00,0.46283304887246707,0
2026-08-05 15:00:00,0.6385593183088173,0
2026-08-06 09:30:00,0.46476905446726635,1
2026-08-06 09:31:00,0.46166434044231464,0
2026-08-06 09:32:00,0.4521029471307272,1
2026-08-06 09:33:00,0.3908244831594203,1
2026-08-06 09:34:00,0.4597994973415604,1
2026-08-06 09:35:00,0.441135336101591,1
2026-08-06 09:36:00,0.422655577919639,1
2026-08-06 09:37:00,0.37242286713538164,1
2026-08-06 09:38:00,0.38314425134743085,0
2026-08-06 09:39:00,0.4766918996324306,1
2026-08-06 09:40:00,0.48898629239574987,0
2026-08-06 09:41:00,0.49735295312456557,1
2026-08-06 09:42:00,0.3980801961806504,0
2026-08-06 09:43:00,0.4566485829517275,0
2026-08-06 09:44:00,0.4132123943578206,0
2026-08-06 09:45:00,0.4127667963222745,0
2026-08-06 09:46:00,0.397745295986119,0
2026-08-06 09:47:00,0.46836451487607306,0
2026-08-06 09:48:00,0.4562793168159193,0
2026-08-06 09:49:00,0.4362186073264569,0
2026-08-06 09:50:00,0.4742156898257079,0
2026-08-06 09:51:00,0.4973306450529106,0
2026-08-06 09:52:00,0.4806997291746091,0
2026-08-06 09:53:00,0.4998485533724248,1
2026-08-06 09:54:00,0.4843451532946043,1
2026-08-06 09:55:00,0.45892856485012495,1
2026-08-06 09:56:00,0.4656580612151972,1
2026-08-06 09:57:00,0.43041379847581634,1
2026-08-06 09:58:00,0.4301091598964322,1
2026-08-06 09:59:00,0.41618670810676733,1
2026-08-06 10:00:00,0.44637859872279023,1
2026-08-06 10:01:00,0.4893566465229441,1
2026-08-06 10:02:00,0.4998529676767061,1
2026-08-06 10:03:00,0.5159692972341677,1
2026-08-06 10:04:00,0.38992317368404544,0
2026-08-06 10:05:00,0.5431659822740987,1
2026-08-06 10:06:00,0.5159155419635959,1
2026-08-06 10:07:00,0.48297628693566014,1
2026-08-06 10:08:00,0.4873346960193476,1
2026-08-06 10:09:00,0.44504090500365573,0
2026-08-06 10:10:00,0.3813772883173173,0
2026-08-06 10:11:00,0.3886854842010252,0
2026-08-06 10:12:00,0.43099497386673175,0
2026-08-06 10:13:00,0.42735860921025837,0
2026-08-06 10:14:00,0.4494229271181021,0
2026-08-06 10:15:00,0.3888967994303643,0
2026-08-06 10:16:00,0.4423099799847964,0
2026-08-06 10:17:00,0.5213616994853755,0
2026-08-06 10:18:00,0.48625043328121786,0
2026-08-06 10:19:00,0.45118816548595664,0
2026-08-06 10:20:00,0.38800767897643806,0
2026-08-06 10:21:00,0.4160680609733539,0
2026-08-06 10:22:00,0.35112250454732,0
2026-08-06 10:23:00,0.4093535123776236,0
2026-08-06 10:24:00,0.4745727329039559,0
2026-08-06 10:25:00,0.5219868475229065,0
2026-08-06 10:26:00,0.4372026188596093,0
2026-08-06 10:27:00,0.5011098924408488,0
2026-08-06 10:28:00,0.4833886923718687,0
2026-08-06 10:29:00,0.4445721891083105,0
2026-08-06 10:30:00,0.4667392871443718,0
2026-08-06 10:31:00,0.4338569378144933,0
2026-08-06 10:32:00,0.5170434195723678,0
2026-08-06 10:33:00,0.5345827801860848,0
2026-08-06 10:34:00,0.46060644249036414,0
2026-08-06 10:35:00,0.47436307710615255,0
2026-08-06 10:36:00,0.4356225914750967,0
2026-08-06 10:37:00,0.43431457606671214,0
2026-08-06 10:38:00,0.4271452959151011,0
2026-08-06 10:39:00,0.4128858137443908,0
2026-08-06 10:40:00,0.43055928952836525,1
2026-08-06 10:41:00,0.42992462507203455,1
2026-08-06 10:42:00,0.4474676393943477,1
2026-08-06 10:43:00,0.4312254309847145,1
2026-08-06 10:44:00,0.4235687489457243,1
2026-08-06 10:45:00,0.4387539223225171,1
2026-08-06 10:46:00,0.366265418391364,0
2026-08-06 10:47:00,0.44842773168143507,1
2026-08-06 10:48:00,0.4704295209463614,1
2026-08-06 10:49:00,0.4911337835618345,1
2026-08-06 10:50:00,0.40562306854159785,1
2026-08-06 10:51:00,0.3799465833143119,1
2026-08-06 10:52:00,0.4196712909931123,1
2026-08-06 10:53:00,0.40678229967805135,1
2026-08-06 10:54:00,0.4333040071633437,1
2026-08-06 10:55:00,0.33373215507037884,0
2026-08-06 10:56:00,0.37961844303192616,0
2026-08-06 10:57:00,0.35189687271827,0
2026-08-06 10:58:00,0.3908245294484914,0
2026-08-06 10:59:00,0.4229559285175509,0
2026-08-06 11:00:00,0.4752759675356783,0
2026-08-06 11:01:00,0.43191592139446966,0
2026-08-06 11:02:00,0.448750537143186,0
2026-08-06 11:03:00,0.46513209364568847,0
2026-08-06 11:04:00,0.4476168700032761,0
2026-08-06 11:05:00,0.4283399922636901,0
2026-08-06 11:06:00,0.3714817386357227,0
2026-08-06 11:07:00,0.46725932505204887,0
2026-08-06 11:08:00,0.47883017153066826,0
2026-08-06 11:09:00,0.45251277577825927,0
2026-08-06 11:10:00,0.44506488179511716,0
2026-08-06 11:11:00,0.5218536527668466,0
2026-08-06 11:12:00,0.45024522817901397,0
2026-08-06 11:13:00,0.44197599888691075,0
2026-08-06 11:14:00,0.48368327570272024,0
2026-08-06 11:15:00,0.47246990304133973,0
2026-08-06 11:16:00,0.46465785838017554,0
2026-08-06 11:17:00,0.4688267938458687,0
2026-08-06 11:18:00,0.45984914712974656,1
2026-08-06 11:19:00,0.4865192404561612,1
2026-08-06 11:20:00,0.4487015771171089,1
2026-08-06 11:21:00,0.46574496522006564,1
2026-08-06 11:22:00,0.42469104752745723,1
2026-08-06 11:23:00,0.3962309171562604,1
2026-08-06 11:24:00,0.350243813399547,1
2026-08-06 11:25:00,0.36555357644555153,1
2026-08-06 11:26:00,0.4537661437717506,1
2026-08-06 11:27:00,0.450998176023111,1
2026-08-06 11:28:00,0.4455156423542543,1
2026-08-06 11:29:00,0.40527277697963526,0
2026-08-06 11:30:00,0.3630089463070466,1
2026-08-06 13:01:00,0.31074672857265906,0
2026-08-06 13:02:00,0.4026585558914879,1
2026-08-06 13:03:00,0.3260402439387945,0
2026-08-06 13:04:00,0.35701089726671364,0
2026-08-06 13:05:00,0.35517394729129437,0
2026-08-06 13:06:00,0.3609582707649441,0
2026-08-06 13:07:00,0.3797777212231783,0
2026-08-06 13:08:00,0.4217326685851585,0
2026-08-06 13:09:00,0.36823387291017,0
2026-08-06 13:10:00,0.41941257269627313,0
2026-08-06 13:11:00,0.3890592508405937,0
2026-08-06 13:12:00,0.4703433506759947,0
2026-08-06 13:13:00,0.4337307439576714,0
2026-08-06 13:14:00,0.434558737260939,0
2026-08-06 13:15:00,0.33267300240541364,0
2026-08-06 13:16:00,0.3992394599955029,0
2026-08-06 13:17:00,0.3601745737709675,0
2026-08-06 13:18:00,0.3779321166145697,0
2026-08-06 13:19:00,0.37878513650697354,0
2026-08-06 13:20:00,0.48585643159949654,1
2026-08-06 13:21:00,0.3942786965922727,0
2026-08-06 13:22:00,0.40379617000464985,0
2026-08-06 13:23:00,0.3720246385545859,0
2026-08-06 13:24:00,0.31898493533308125,0
2026-08-06 13:25:00,0.3947498089114662,0
2026-08-06 13:26:00,0.44127431260611727,0
2026-08-06 13:27:00,0.4064157208342323,0
2026-08-06 13:28:00,0.419919416946926,0
2026-08-06 13:29:00,0.37806382908483177,0
2026-08-06 13:30:00,0.4370857857548061,0
2026-08-06 13:31:00,0.37917804674235633,0
2026-08-06 13:32:00,0.3262805826304495,0
2026-08-06 13:33:00,0.30848401323157576,0
2026-08-06 13:34:00,0.37654649841658216,0
2026-08-06 13:35:00,0.3412915108547965,0
2026-08-06 13:36:00,0.4135308799977068,0
2026-08-06 13:37:00,0.37820688962225635,0
2026-08-06 13:38:00,0.4288695064758332,1
2026-08-06 13:39:00,0.31216676969867235,1
2026-08-06 13:40:00,0.42522496263298765,1
2026-08-06 13:41:00,0.4050242977353951,1
2026-08-06 13:42:00,0.5127355158029383,1
2026-08-06 13:43:00,0.46654968057341123,1
2026-08-06 13:44:00,0.41740166235861026,1
2026-08-06 13:45:00,0.33844385826809714,1
2026-08-06 13:46:00,0.2852786686465366,1
2026-08-06 13:47:00,0.34623006249738203,1
2026-08-06 13:48:00,0.3272388443515172,1
2026-08-06 13:49:00,0.3651094077392635,1
2026-08-06 13:50:00,0.41174098956035665,1
2026-08-06 13:51:00,0.3761792673168865,1
2026-08-06 13:52:00,0.35460396145724077,1
2026-08-06 13:53:00,0.29357082096262754,0
2026-08-06 13:54:00,0.3158599561200071,0
2026-08-06 13:55:00,0.3299084415798493,0
2026-08-06 13:56:00,0.3962658504682743,0
2026-08-06 13:57:00,0.3974287315931564,0
2026-08-06 13:58:00,0.437312624107826,1
2026-08-06 13:59:00,0.3908696076595939,1
2026-08-06 14:00:00,0.3751467678541705,1
2026-08-06 14:01:00,0.3445096460252665,0
2026-08-06 14:02:00,0.31528746519915846,0
2026-08-06 14:03:00,0.31945653361558934,0
2026-08-06 14:04:00,0.4158820561934983,1
2026-08-06 14:05:00,0.3025890380754336,1
2026-08-06 14:06:00,0.3432365649144957,1
2026-08-06 14:07:00,0.2589347230916077,1
2026-08-06 14:08:00,0.3255736000544413,1
2026-08-06 14:09:00,0.37318105595417195,1
2026-08-06 14:10:00,0.2995075568200467,1
2026-08-06 14:11:00,0.4073327147449821,1
2026-08-06 14:12:00,0.34536634650050546,1
2026-08-06 14:13:00,0.2646028812425107,1
2026-08-06 14:14:00,0.2727494959771521,1
2026-08-06 14:15:00,0.2619788023088656,1
2026-08-06 14:16:00,0.260931512903324,1
2026-08-06 14:17:00,0.31732177599031736,1
2026-08-06 14:18:00,0.3579761279840966,1
2026-08-06 14:19:00,0.35783927634505197,1
2026-08-06 14:20:00,0.3165944106609725,1
2026-08-06 14:21:00,0.28977000763358973,0
2026-08-06 14:22:00,0.3225398030349467,0
2026-08-06 14:23:00,0.325066245239884,0
2026-08-06 14:24:00,0.38395644900686837,0
2026-08-06 14:25:00,0.4204360013426443,0
2026-08-06 14:26:00,0.4152964164203792,0
2026-08-06 14:27:00,0.34631527619300634,0
2026-08-06 14:28:00,0.29288853427990963,0
2026-08-06 14:29:00,0.3520899640607146,0
2026-08-06 14:30:00,0.339431413373859,0
2026-08-06 14:31:00,0.3255358453704329,0
2026-08-06 14:32:00,0.4011441981060664,0
2026-08-06 14:33:00,0.37451372492975016,1
2026-08-06 14:34:00,0.39247102672363243,0
2026-08-06 14:35:00,0.4027542602254679,1
2026-08-06 14:36:00,0.3023648595173945,1
2026-08-06 14:37:00,0.31347887006665637,0
2026-08-06 14:38:00,0.36251152873862613,1
2026-08-06 14:39:00,0.370542000679839,1
2026-08-06 14:40:00,0.4095365656852843,1
2026-08-06 14:41:00,0.5038918841212692,1
2026-08-06 14:42:00,0.5174702830857786,1
2026-08-06 14:43:00,0.5231443221566399,1
2026-08-06 14:44:00,0.4846495285176792,1
2026-08-06 14:45:00,0.5131551177890776,1
2026-08-06 14:46:00,0.5271585671061446,1
2026-08-06 14:47:00,0.5042901927562814,0
2026-08-06 14:48:00,0.4234723742920406,1
2026-08-06 14:49:00,0.5329356332248424,1
2026-08-06 14:50:00,0.5134919037690931,1
2026-08-06 14:51:00,0.4901877481850253,1
2026-08-06 14:52:00,0.5762091408223644,1
2026-08-06 14:53:00,0.5964146755685388,1
2026-08-06 14:54:00,0.4563594448459356,1
2026-08-06 14:55:00,0.5618214762680066,1
2026-08-06 14:56:00,0.5997981155290408,1
2026-08-06 14:57:00,0.5727375416288666,1
2026-08-06 14:58:00,0.5092565026640854,1
2026-08-06 14:59:00,0.47645916427593327,1
2026-08-06 15:00:00,0.565835709725263,1
2026-08-07 09:30:00,0.4351985628527508,1
2026-08-07 09:31:00,0.4845271040767102,1
2026-08-07 09:32:00,0.5176404377381334,0
2026-08-07 09:33:00,0.5395628998485468,0
2026-08-07 09:34:00,0.5686977465941842,1
2026-08-07 09:35:00,0.5136839120383024,1
2026-08-07 09:36:00,0.5012913784738865,1
2026-08-07 09:37:00,0.46381582748139627,0
2026-08-07 09:38:00,0.3516351834426236,0
2026-08-07 09:39:00,0.5203558795912482,1
2026-08-07 09:40:00,0.5045081903003238,1
2026-08-07 09:41:00,0.42176163958903645,1
2026-08-07 09:42:00,0.43371055891815985,0
2026-08-07 09:43:00,0.3905933921507348,0
2026-08-07 09:44:00,0.4672595476713642,0
2026-08-07 09:45:00,0.45730371569645106,0
2026-08-07 09:46:00,0.4610344413381401,1
2026-08-07 09:47:00,0.45051350089633707,1
2026-08-07 09:48:00,0.4855565435649876,1
2026-08-07 09:49:00,0.43232268820661174,1
2026-08-07 09:50:00,0.3960776881055577,1
2026-08-07 09:51:00,0.4198445651453981,0
2026-08-07 09:52:00,0.43186290798816024,1
2026-08-07 09:53:00,0.4164797097339347,1
2026-08-07 09:54:00,0.4741219613346448,1
2026-08-07 09:55:00,0.4892377813106329,1
2026-08-07 09:56:00,0.48427665198713693,0
2026-08-07 09:57:00,0.38195652999786867,0
2026-08-07 09:58:00,0.4346081998533107,1
2026-08-07 09:59:00,0.3635497787989261,0
2026-08-07 10:00:00,0.44947894616423834,0
2026-08-07 10:01:00,0.34107014982185935,0
2026-08-07 10:02:00,0.39816945786602587,0
2026-08-07 10:03:00,0.40119878028678174,0
2026-08-07 10:04:00,0.44421404391653446,0
2026-08-07 10:05:00,0.40846079151235304,0
2026-08-07 10:06:00,0.4746776268547196,0
2026-08-07 10:07:00,0.4672575617478011,0
2026-08-07 10:08:00,0.46563732018236,0
2026-08-07 10:09:00,0.4582278516019823,0
2026-08-07 10:10:00,0.4584813950164435,0
2026-08-07 10:11:00,0.6101330126547173,1
2026-08-07 10:12:00,0.5828798365833572,0
2026-08-07 10:13:00,0.4575809325104658,0
2026-08-07 10:14:00,0.5276542040179423,1
2026-08-07 10:15:00,0.5463801742012695,1
2026-08-07 10:16:00,0.4392127496233583,0
2026-08-07 10:17:00,0.43717766448232503,0
2026-08-07 10:18:00,0.4467094496369283,0
2026-08-07 10:19:00,0.5062915533419773,1
2026-08-07 10:20:00,0.5133672052455823,1
2026-08-07 10:21:00,0.4810719110793158,1
2026-08-07 10:22:00,0.4720903406706298,1
2026-08-07 10:23:00,0.5022111650919929,1
2026-08-07 10:24:00,0.3584004781002047,0
2026-08-07 10:25:00,0.33819749286887096,0
2026-08-07 10:26:00,0.32144630797930834,0
2026-08-07 10:27:00,0.4847674183855999,0
2026-08-07 10:28:00,0.4628112651326844,0
2026-08-07 10:29:00,0.41827140947306346,0
2026-08-07 10:30:00,0.4162826932321324,0
2026-08-07 10:31:00,0.4489120904224027,0
2026-08-07 10:32:00,0.4348076977926952,0
2026-08-07 10:33:00,0.372008274410456,0
2026-08-07 10:34:00,0.35507449263181107,0
2026-08-07 10:35:00,0.35868165153486553,0
2026-08-07 10:36:00,0.4029111201501012,0
2026-08-07 10:37:00,0.39422130387798926,0
2026-08-07 10:38:00,0.4205556432913926,0
2026-08-07 10:39:00,0.4378837922025328,0
2026-08-07 10:40:00,0.42876409323603853,0
2026-08-07 10:41:00,0.4968197625090606,0
2026-08-07 10:42:00,0.4989025365606901,0
2026-08-07 10:43:00,0.4558298901524468,1
2026-08-07 10:44:00,0.45301747084219424,0
2026-08-07 10:45:00,0.4537688376708445,0
2026-08-07 10:46:00,0.48529059316563383,0
2026-08-07 10:47:00,0.39188458642999674,0
2026-08-07 10:48:00,0.3644131047593711,0
2026-08-07 10:49:00,0.37126158455420943,0
2026-08-07 10:50:00,0.4185284232097962,1
2026-08-07 10:51:00,0.38948045262080294,0
2026-08-07 10:52:00,0.39832396087329935,0
2026-08-07 10:53:00,0.4501968039185908,0
2026-08-07 10:54:00,0.4792631876194073,1
2026-08-07 10:55:00,0.44463279520028337,1
2026-08-07 10:56:00,0.4394770930283318,1
2026-08-07 10:57:00,0.417646448288566,1
2026-08-07 10:58:00,0.38489506505938215,1
2026-08-07 10:59:00,0.4445403527653373,1
2026-08-07 11:00:00,0.412870782647718,1
2026-08-07 11:01:00,0.4285725503602947,1
2026-08-07 11:02:00,0.42287516931511676,1
2026-08-07 11:03:00,0.4412890733678153,1
2026-08-07 11:04:00,0.42265717946389914,1
2026-08-07 11:05:00,0.37809400881219535,1
2026-08-07 11:06:00,0.38512375040919494,1
2026-08-07 11:07:00,0.4704600336082891,1
2026-08-07 11:08:00,0.4403309086503797,1
2026-08-07 11:09:00,0.4417406720438746,1
2026-08-07 11:10:00,0.42948193237634336,1
2026-08-07 11:11:00,0.46832696567752297,1
2026-08-07 11:12:00,0.41366301049963516,1
2026-08-07 11:13:00,0.3418643275595964,1
2026-08-07 11:14:00,0.3659864403634845,1
2026-08-07 11:15:00,0.4402117987761408,1
2026-08-07 11:16:00,0.3688187083450114,1
2026-08-07 11:17:00,0.39899957536594416,1
2026-08-07 11:18:00,0.3532047681712347,1
2026-08-07 11:19:00,0.437069255176494,1
2026-08-07 11:20:00,0.40233018404163795,1
2026-08-07 11:21:00,0.3777092662257749,1
2026-08-07 11:22:00,0.35401408533946727,1
2026-08-07 11:23:00,0.49597704064945686,0
2026-08-07 11:24:00,0.47042374723694436,0
2026-08-07 11:25:00,0.467154065856767,0
2026-08-07 11:26:00,0.4523530030632319,0
2026-08-07 11:27:00,0.47270914479506615,0
2026-08-07 11:28:00,0.41803146637359545,1
2026-08-07 11:29:00,0.4166187470519482,1
2026-08-07 11:30:00,0.4021156888437327,1
2026-08-07 13:01:00,0.39461219004678233,1
2026-08-07 13:02:00,0.3574827474686606,1
2026-08-07 13:03:00,0.28325368712943133,1
2026-08-07 13:04:00,0.35799577443472336,1
2026-08-07 13:05:00,0.4590783879951836,1
2026-08-07 13:06:00,0.3560338652831503,1
2026-08-07 13:07:00,0.33830163816227005,1
2026-08-07 13:08:00,0.3331436752361436,1
2026-08-07 13:09:00,0.3416423238617329,1
2026-08-07 13:10:00,0.40643092354807764,1
2026-08-07 13:11:00,0.35038911006290924,1
2026-08-07 13:12:00,0.37899729538310994,1
2026-08-07 13:13:00,0.3696048372756813,1
2026-08-07 13:14:00,0.36851878367729357,1
2026-08-07 13:15:00,0.3491749975056741,1
2026-08-07 13:16:00,0.37584286940693784,0
2026-08-07 13:17:00,0.3803952855185177,1
2026-08-07 13:18:00,0.38184779010350967,0
2026-08-07 13:19:00,0.4273948899725101,0
2026-08-07 13:20:00,0.36556739677351263,0
2026-08-07 13:21:00,0.38178605633541457,0
2026-08-07 13:22:00,0.38368408961799866,0
2026-08-07 13:23:00,0.3902921876900879,1
2026-08-07 13:24:00,0.3605291812822556,0
2026-08-07 13:25:00,0.35659787902836615,0
2026-08-07 13:26:00,0.3664087750224024,0
2026-08-07 13:27:00,0.3297715610422781,0
2026-08-07 13:28:00,0.34413735898128744,0
2026-08-07 13:29:00,0.3450721274102731,0
2026-08-07 13:30:00,0.37531644439367684,0
2026-08-07 13:31:00,0.38235160745496766,0
2026-08-07 13:32:00,0.35678990328508625,0
2026-08-07 13:33:00,0.3830150261460317,0
2026-08-07 13:34:00,0.3844873136022719,0
2026-08-07 13:35:00,0.3770769844730681,0
2026-08-07 13:36:00,0.3687737681697135,0
2026-08-07 13:37:00,0.3587316897343471,0
2026-08-07 13:38:00,0.3402500395664523,0
2026-08-07 13:39:00,0.3478030547037598,0
2026-08-07 13:40:00,0.3891436947286171,0
2026-08-07 13:41:00,0.37260887813851756,0
2026-08-07 13:42:00,0.39244904304881917,0
2026-08-07 13:43:00,0.3494828821938756,0
2026-08-07 13:44:00,0.35520079988057046,0
2026-08-07 13:45:00,0.34239020452513563,0
2026-08-07 13:46:00,0.34239020452513563,0
2026-08-07 13:47:00,0.34105619878007626,0
2026-08-07 13:48:00,0.34255350794447875,0
2026-08-07 13:49:00,0.383812684061548,0
2026-08-07 13:50:00,0.3457414370436788,0
2026-08-07 13:51:00,0.34873603995652125,0
2026-08-07 13:52:00,0.35175520091262746,0
2026-08-07 13:53:00,0.3588646688584641,0
2026-08-07 13:54:00,0.5354605613366146,1
2026-08-07 13:55:00,0.5096997416714745,1
2026-08-07 13:56:00,0.48281223397885736,1
2026-08-07 13:57:00,0.482532127997872,0
2026-08-07 13:58:00,0.4040318595134283,0
2026-08-07 13:59:00,0.3568372882199955,0
2026-08-07 14:00:00,0.4582441344093716,0
2026-08-07 14:01:00,0.44947810813879413,1
2026-08-07 14:02:00,0.4211666294458932,1
2026-08-07 14:03:00,0.4710068846743441,1
2026-08-07 14:04:00,0.34396261958809066,1
2026-08-07 14:05:00,0.32704114863412204,0
2026-08-07 14:06:00,0.39660584923713266,0
2026-08-07 14:07:00,0.35719164984560503,0
2026-08-07 14:08:00,0.2800860013131317,0
2026-08-07 14:09:00,0.3411578778893469,0
2026-08-07 14:10:00,0.3277102966018235,0
2026-08-07 14:11:00,0.34508750581092784,0
2026-08-07 14:12:00,0.35317796267876106,0
2026-08-07 14:13:00,0.437741560046799,0
2026-08-07 14:14:00,0.3751409995670304,0
2026-08-07 14:15:00,0.3088180074683974,0
2026-08-07 14:16:00,0.3866620823044198,0
2026-08-07 14:17:00,0.4071411270731167,0
2026-08-07 14:18:00,0.3800122229434387,0
2026-08-07 14:19:00,0.4065486545373632,0
2026-08-07 14:20:00,0.41457313971927245,0
2026-08-07 14:21:00,0.36492790949889214,1
2026-08-07 14:22:00,0.36289125086051766,1
2026-08-07 14:23:00,0.4433281493168203,0
2026-08-07 14:24:00,0.32558598436877784,1
2026-08-07 14:25:00,0.32127470380751033,0
2026-08-07 14:26:00,0.2999195281395803,0
2026-08-07 14:27:00,0.2972394772524767,0
2026-08-07 14:28:00,0.38070796018087505,0
2026-08-07 14:29:00,0.3419481542689758,0
2026-08-07 14:30:00,0.3162702258633041,1
2026-08-07 14:31:00,0.353137516391275,1
2026-08-07 14:32:00,0.31501266998039207,1
2026-08-07 14:33:00,0.3136958185919402,0
2026-08-07 14:34:00,0.3641300199439936,0
2026-08-07 14:35:00,0.39895292461003873,0
2026-08-07 14:36:00,0.3922974066994906,0
2026-08-07 14:37:00,0.4602814416002518,0
2026-08-07 14:38:00,0.4312376698702101,0
2026-08-07 14:39:00,0.38132718549091194,0
2026-08-07 14:40:00,0.48642325622457766,0
2026-08-07 14:41:00,0.5463209461580797,0
2026-08-07 14:42:00,0.5301911010478444,0
2026-08-07 14:43:00,0.5527446841752583,0
2026-08-07 14:44:00,0.5647173822796782,0
2026-08-07 14:45:00,0.45744306280630664,0
2026-08-07 14:46:00,0.42429191249113596,0
2026-08-07 14:47:00,0.4412386682287668,0
2026-08-07 14:48:00,0.5144884378077692,0
2026-08-07 14:49:00,0.541975688375645,0
2026-08-07 14:50:00,0.5707458205749979,1
2026-08-07 14:51:00,0.62064461607895,0
2026-08-07 14:52:00,0.608134217502617,0
2026-08-07 14:53:00,0.5480132834015125,1
2026-08-07 14:54:00,0.6343772334651921,1
2026-08-07 14:55:00,0.5823414645751513,0
2026-08-07 14:56:00,0.591042148895185,1
2026-08-07 14:57:00,0.5759675588911123,1
2026-08-07 14:58:00,0.5834016352424659,1
2026-08-07 14:59:00,0.5877706117450838,0
2026-08-07 15:00:00,0.5754849099224543,0
2026-08-10 09:30:00,0.4216870265838379,0
2026-08-10 09:31:00,0.510891415036062,1
2026-08-10 09:32:00,0.585275867692181,1
2026-08-10 09:33:00,0.5250776184856327,0
2026-08-10 09:34:00,0.49109266248663247,0
2026-08-10 09:35:00,0.5689496175683241,0
2026-08-10 09:36:00,0.5328060973179837,0
2026-08-10 09:37:00,0.46694495473244413,0
2026-08-10 09:38:00,0.48366040305391195,0
2026-08-10 09:39:00,0.45381376580558536,0
2026-08-10 09:40:00,0.45361539305030624,0
2026-08-10 09:41:00,0.5252058656854632,0
2026-08-10 09:42:00,0.46290725117010245,0
2026-08-10 09:43:00,0.43161609740840284,0
2026-08-10 09:44:00,0.4140612250397274,0
2026-08-10 09:45:00,0.4333981761010665,1
2026-08-10 09:46:00,0.46965673230448796,0
2026-08-10 09:47:00,0.3938914762081365,0
2026-08-10 09:48:00,0.40045958806126825,0
2026-08-10 09:49:00,0.4281820133815755,0
2026-08-10 09:50:00,0.5049688501702508,0
2026-08-10 09:51:00,0.45980543109133254,0
2026-08-10 09:52:00,0.40461614738457524,0
2026-08-10 09:53:00,0.44827697925549786,0
2026-08-10 09:54:00,0.4509136784476523,0
2026-08-10 09:55:00,0.4676572470892726,0
2026-08-10 09:56:00,0.45470931035600753,1
2026-08-10 09:57:00,0.43926715267703215,1
2026-08-10 09:58:00,0.4361935530369403,0
2026-08-10 09:59:00,0.37417364620277416,0
2026-08-10 10:00:00,0.3608245855677766,0
2026-08-10 10:01:00,0.4473276703372067,0
2026-08-10 10:02:00,0.4566183317522793,1
2026-08-10 10:03:00,0.4603718973285899,0
2026-08-10 10:04:00,0.48094192651089107,0
2026-08-10 10:05:00,0.4795031038741009,1
2026-08-10 10:06:00,0.3765640630473775,1
2026-08-10 10:07:00,0.4873123679167406,1
2026-08-10 10:08:00,0.6184549293338709,1
2026-08-10 10:09:00,0.4478765123585359,1
2026-08-10 10:10:00,0.5122217277589848,1
2026-08-10 10:11:00,0.4263800438096054,1
2026-08-10 10:12:00,0.5506153960585428,1
2026-08-10 10:13:00,0.5600116132796805,1
2026-08-10 10:14:00,0.48056765194456463,1
2026-08-10 10:15:00,0.40890342184224626,1
2026-08-10 10:16:00,0.48020112041548757,1
2026-08-10 10:17:00,0.47667090809017687,1
2026-08-10 10:18:00,0.48649872364829444,1
2026-08-10 10:19:00,0.5173478354073617,1
2026-08-10 10:20:00,0.4982182798276881,1
2026-08-10 10:21:00,0.3856934658842547,1
2026-08-10 10:22:00,0.3403416538294599,0
2026-08-10 10:23:00,0.3452914779654085,0
2026-08-10 10:24:00,0.3227521260329028,0
2026-08-10 10:25:00,0.317047617096847,0
2026-08-10 10:26:00,0.3301876214280877,0
2026-08-10 10:27:00,0.37654023970786826,0
2026-08-10 10:28:00,0.40556835566787436,1
2026-08-10 10:29:00,0.4492851664809365,0
2026-08-10 10:30:00,0.4319177411149415,0
2026-08-10 10:31:00,0.42537007721703624,0
2026-08-10 10:32:00,0.44013199496158034,0
2026-08-10 10:33:00,0.46306876075405473,0
2026-08-10 10:34:00,0.47553675535631273,1
2026-08-10 10:35:00,0.42197089652671843,0
2026-08-10 10:36:00,0.4495197737993774,0
2026-08-10 10:37:00,0.5055812140147975,1
2026-08-10 10:38:00,0.4436322668907622,0
2026-08-10 10:39:00,0.3815475893833283,0
2026-08-10 10:40:00,0.3779295607518565,0
2026-08-10 10:41:00,0.3246995986217262,0
2026-08-10 10:42:00,0.40162906300087764,0
2026-08-10 10:43:00,0.3928335590127407,0
2026-08-10 10:44:00,0.4404829691612167,1
2026-08-10 10:45:00,0.41656515602615896,0
2026-08-10 10:46:00,0.4704541296787041,0
2026-08-10 10:47:00,0.39997255071761356,0
2026-08-10 10:48:00,0.4860118361163268,0
2026-08-10 10:49:00,0.4605945969866669,0
2026-08-10 10:50:00,0.43762381577706383,1
2026-08-10 10:51:00,0.44009290876070223,1
2026-08-10 10:52:00,0.40914578345724534,0
2026-08-10 10:53:00,0.4470480577243169,1
2026-08-10 10:54:00,0.4486297160129073,0
2026-08-10 10:55:00,0.4101202621130786,0
2026-08-10 10:56:00,0.4354367262400965,0
2026-08-10 10:57:00,0.46797013170065155,1
2026-08-10 10:58:00,0.3923463857173428,0
2026-08-10 10:59:00,0.377241163528244,0
2026-08-10 11:00:00,0.42175020087869364,0
2026-08-10 11:01:00,0.3971342199140085,0
2026-08-10 11:02:00,0.4076072265627328,0
2026-08-10 11:03:00,0.44006621479120916,1
2026-08-10 11:04:00,0.41691107511023023,1
2026-08-10 11:05:00,0.38168711826321594,0
2026-08-10 11:06:00,0.42025662286869214,0
2026-08-10 11:07:00,0.3594676428326854,0
2026-08-10 11:08:00,0.4100389472797023,0
2026-08-10 11:09:00,0.4557979619021546,1
2026-08-10 11:10:00,0.4509894643848283,1
2026-08-10 11:11:00,0.45869454834650314,1
2026-08-10 11:12:00,0.43009455862418433,1
2026-08-10 11:13:00,0.4261480279546277,1
2026-08-10 11:14:00,0.39508521621201725,0
2026-08-10 11:15:00,0.4355288017222667,0
2026-08-10 11:16:00,0.4060415365321651,0
2026-08-10 11:17:00,0.4309739381080683,0
2026-08-10 11:18:00,0.3984846484087516,0
2026-08-10 11:19:00,0.4103992661636499,1
2026-08-10 11:20:00,0.40955824848922245,0
2026-08-10 11:21:00,0.40771395079539463,0
2026-08-10 11:22:00,0.3869887035848058,0
2026-08-10 11:23:00,0.37796420695703536,0
2026-08-10 11:24:00,0.3146184749997933,0
2026-08-10 11:25:00,0.34776798381165963,0
2026-08-10 11:26:00,0.4250860705060836,0
2026-08-10 11:27:00,0.4241668050592577,0
2026-08-10 11:28:00,0.3988083607502696,0
2026-08-10 11:29:00,0.4201515586305117,0
2026-08-10 11:30:00,0.379508368253325,0
2026-08-10 13:01:00,0.429491534836247,0
2026-08-10 13:02:00,0.3933943343188993,0
2026-08-10 13:03:00,0.39536064376657076,0
2026-08-10 13:04:00,0.3534957777607211,0
2026-08-10 13:05:00,0.4158902199721083,0
2026-08-10 13:06:00,0.39597230077369183,0
2026-08-10 13:07:00,0.41260521697196556,0
2026-08-10 13:08:00,0.365462942105417,0
2026-08-10 13:09:00,0.3613804971850043,0
2026-08-10 13:10:00,0.4250510516456722,0
2026-08-10 13:11:00,0.48426345693341305,0
2026-08-10 13:12:00,0.47543736645158374,0
2026-08-10 13:13:00,0.4385040081462433,0
2026-08-10 13:14:00,0.3960612792653501,0
2026-08-10 13:15:00,0.4403453079994646,0
2026-08-10 13:16:00,0.42632708592523794,0
2026-08-10 13:17:00,0.406485059881636,0
2026-08-10 13:18:00,0.3891255701535983,0
2026-08-10 13:19:00,0.38060519843675505,0
2026-08-10 13:20:00,0.4485960599563986,1
2026-08-10 13:21:00,0.39060946345568054,1
2026-08-10 13:22:00,0.38270940937485537,1
2026-08-10 13:23:00,0.38335978914686314,0
2026-08-10 13:24:00,0.3818533774258754,0
2026-08-10 13:25:00,0.34826019950486725,0
2026-08-10 13:26:00,0.3588125062074378,1
2026-08-10 13:27:00,0.3858706803846133,1
2026-08-10 13:28:00,0.39228536132262365,1
2026-08-10 13:29:00,0.39160890399866216,1
2026-08-10 13:30:00,0.3668947301606378,1
2026-08-10 13:31:00,0.3715680255083761,1
2026-08-10 13:32:00,0.3294103981799536,1
2026-08-10 13:33:00,0.32574739457011287,1
2026-08-10 13:34:00,0.3204321314218676,0
2026-08-10 13:35:00,0.3377371886044135,1
2026-08-10 13:36:00,0.31824601084450965,1
2026-08-10 13:37:00,0.3440900264218688,1
2026-08-10 13:38:00,0.401577027814297,1
2026-08-10 13:39:00,0.3793180880364338,1
2026-08-10 13:40:00,0.3793180880364338,1
2026-08-10 13:41:00,0.30508414197478534,1
2026-08-10 13:42:00,0.28254591661735246,0
2026-08-10 13:43:00,0.29252768073820357,0
2026-08-10 13:44:00,0.40803507934685374,0
2026-08-10 13:45:00,0.4057559274311371,0
2026-08-10 13:46:00,0.42357643391450783,0
2026-08-10 13:47:00,0.4453627805449516,1
2026-08-10 13:48:00,0.33218576309196346,0
2026-08-10 13:49:00,0.35731780805239916,1
2026-08-10 13:50:00,0.28291750051464365,0
2026-08-10 13:51:00,0.36834826173903223,0
2026-08-10 13:52:00,0.3252876608976604,0
2026-08-10 13:53:00,0.3758720565724253,0
2026-08-10 13:54:00,0.35703058335202187,0
2026-08-10 13:55:00,0.3368710616973042,0
2026-08-10 13:56:00,0.3265894232675995,0
2026-08-10 13:57:00,0.3909887924900862,1
2026-08-10 13:58:00,0.3274219671571863,1
2026-08-10 13:59:00,0.4043168926373628,1
2026-08-10 14:00:00,0.38755213912238734,1
2026-08-10 14:01:00,0.38835955739721745,1
2026-08-10 14:02:00,0.3079207833253275,1
2026-08-10 14:03:00,0.3051050557125938,1
2026-08-10 14:04:00,0.27720767475758334,1
2026-08-10 14:05:00,0.3713469729057217,1
2026-08-10 14:06:00,0.37500836764138296,1
2026-08-10 14:07:00,0.3102041059582735,1
2026-08-10 14:08:00,0.31307336640613365,1
2026-08-10 14:09:00,0.2965390250715003,1
2026-08-10 14:10:00,0.2847314695773368,1
2026-08-10 14:11:00,0.3199870359124701,1
2026-08-10 14:12:00,0.2873316627412588,0
2026-08-10 14:13:00,0.34613171785479163,0
2026-08-10 14:14:00,0.3432700168741577,0
2026-08-10 14:15:00,0.39028390168719956,0
2026-08-10 14:16:00,0.3756594814354239,0
2026-08-10 14:17:00,0.39449273713101124,0
2026-08-10 14:18:00,0.39708390976248764,0
2026-08-10 14:19:00,0.3202613248235669,0
2026-08-10 14:20:00,0.4681156027131307,0
2026-08-10 14:21:00,0.33539835196937096,0
2026-08-10 14:22:00,0.3640605435477492,0
2026-08-10 14:23:00,0.3539228096127877,0
2026-08-10 14:24:00,0.3852063359183649,0
2026-08-10 14:25:00,0.36242724263235626,0
2026-08-10 14:26:00,0.3504003875745458,0
2026-08-10 14:27:00,0.31103139303700383,0
2026-08-10 14:28:00,0.35776581035342775,1
2026-08-10 14:29:00,0.3702732791251244,1
2026-08-10 14:30:00,0.3820767017981111,1
2026-08-10 14:31:00,0.28291510210703863,0
2026-08-10 14:32:00,0.2717963893960863,0
2026-08-10 14:33:00,0.3277360673418062,0
2026-08-10 14:34:00,0.42025008324660873,1
2026-08-10 14:35:00,0.4302720103887127,1
2026-08-10 14:36:00,0.33313904339116435,1
2026-08-10 14:37:00,0.2779555934172559,0
2026-08-10 14:38:00,0.3530684533888388,1
2026-08-10 14:39:00,0.2953702665543039,0
2026-08-10 14:40:00,0.39773865664381736,0
2026-08-10 14:41:00,0.4342226749899828,0
2026-08-10 14:42:00,0.4277939369116056,0
2026-08-10 14:43:00,0.46129879695722564,0
2026-08-10 14:44:00,0.41979052962603947,0
2026-08-10 14:45:00,0.5038740526558744,0
2026-08-10 14:46:00,0.48194546780613456,0
2026-08-10 14:47:00,0.4865779696252091,0
2026-08-10 14:48:00,0.6008051756071245,0
2026-08-10 14:49:00,0.5348831182222485,0
2026-08-10 14:50:00,0.4547169983917574,0
2026-08-10 14:51:00,0.4756234469232964,0
2026-08-10 14:52:00,0.5426053351641309,0
2026-08-10 14:53:00,0.5204463071407338,0
2026-08-10 14:54:00,0.5553720716342451,0
2026-08-10 14:55:00,0.5584696886871976,0
2026-08-10 14:56:00,0.5647536331051597,0
2026-08-10 14:57:00,0.5277002104544295,0
2026-08-10 14:58:00,0.541924594233974,0
2026-08-10 14:59:00,0.5469727303633906,0
2026-08-10 15:00:00,0.5795036020386984,0
2026-08-11 09:30:00,0.5381198269876414,0
2026-08-11 09:31:00,0.5641972520136006,0
2026-08-11 09:32:00,0.511826097575757,0
2026-08-11 09:33:00,0.5757968987515472,0
2026-08-11 09:34:00,0.5498127677458224,0
2026-08-11 09:35:00,0.46640941597437,0
2026-08-11 09:36:00,0.43035831920608986,0
2026-08-11 09:37:00,0.4937555777970821,0
2026-08-11 09:38:00,0.48642296588758976,1
2026-08-11 09:39:00,0.5851686795158358,1
2026-08-11 09:40:00,0.5474201620264572,1
2026-08-11 09:41:00,0.5449334957803252,1
2026-08-11 09:42:00,0.575035449495889,1
2026-08-11 09:43:00,0.5768208882822247,1
2026-08-11 09:44:00,0.5692797417641712,1
2026-08-11 09:45:00,0.4656001813757988,1
2026-08-11 09:46:00,0.5406685316635448,1
2026-08-11 09:47:00,0.49313671438835077,1
2026-08-11 09:48:00,0.4318883727217891,1
2026-08-11 09:49:00,0.36975281861395726,1
2026-08-11 09:50:00,0.3515439565460505,1
2026-08-11 09:51:00,0.39621899937386934,1
2026-08-11 09:52:00,0.44585028814742617,1
2026-08-11 09:53:00,0.41909502920503594,1
2026-08-11 09:54:00,0.4306507177693096,1
2026-08-11 09:55:00,0.3650905994772509,0
2026-08-11 09:56:00,0.3823659852192441,0
2026-08-11 09:57:00,0.3625580353115859,0
2026-08-11 09:58:00,0.4261696428615777,1
2026-08-11 09:59:00,0.4912554815131939,1
2026-08-11 10:00:00,0.44803835674024717,1
2026-08-11 10:01:00,0.4584554821107293,1
2026-08-11 10:02:00,0.487823818667367,1
2026-08-11 10:03:00,0.36254589689895955,0
2026-08-11 10:04:00,0.420346783937039,0
2026-08-11 10:05:00,0.3799802491758004,0
2026-08-11 10:06:00,0.5840416914852294,1
2026-08-11 10:07:00,0.41417110969297904,1
2026-08-11 10:08:00,0.45211624861273003,1
2026-08-11 10:09:00,0.4229168616029941,1
2026-08-11 10:10:00,0.4343893785199999,1
2026-08-11 10:11:00,0.45699911419564276,1
2026-08-11 10:12:00,0.37458861833576684,1
2026-08-11 10:13:00,0.4006223913980236,1
2026-08-11 10:14:00,0.41758033699917957,1
2026-08-11 10:15:00,0.4532698085824873,1
2026-08-11 10:16:00,0.44948714445851884,1
2026-08-11 10:17:00,0.4625057933719041,1
2026-08-11 10:18:00,0.4384774203286734,1
2026-08-11 10:19:00,0.44093793503476914,1
2026-08-11 10:20:00,0.4694320874076,1
2026-08-11 10:21:00,0.42715781074180703,1
2026-08-11 10:22:00,0.34651226470807217,0
2026-08-11 10:23:00,0.3921707940519402,0
2026-08-11 10:24:00,0.35868217449805884,0
2026-08-11 10:25:00,0.3559357816589371,0
2026-08-11 10:26:00,0.41387722825988804,0
2026-08-11 10:27:00,0.4211304381848982,0
2026-08-11 10:28:00,0.4190251385595951,1
2026-08-11 10:29:00,0.4640052851337495,0
2026-08-11 10:30:00,0.39496693177428777,0
2026-08-11 10:31:00,0.4213048227273537,0
2026-08-11 10:32:00,0.40568776706571225,0
2026-08-11 10:33:00,0.3940778280972913,0
2026-08-11 10:34:00,0.38927754500598755,0
2026-08-11 10:35:00,0.4205113679952279,1
2026-08-11 10:36:00,0.41326360314692745,0
2026-08-11 10:37:00,0.4004459629249324,0
2026-08-11 10:38:00,0.40240832801640825,0
2026-08-11 10:39:00,0.3588831188935473,0
2026-08-11 10:40:00,0.41530172159988227,0
2026-08-11 10:41:00,0.40570125913386973,0
2026-08-11 10:42:00,0.42227138544867093,0
2026-08-11 10:43:00,0.375393401728593,0
2026-08-11 10:44:00,0.3988458112440226,0
2026-08-11 10:45:00,0.36212405646543766,0
2026-08-11 10:46:00,0.41350376020391066,0
2026-08-11 10:47:00,0.40781230499212856,0
2026-08-11 10:48:00,0.42715811069147974,0
2026-08-11 10:49:00,0.41806387263238975,0
2026-08-11 10:50:00,0.41134440302383357,0
2026-08-11 10:51:00,0.41651917986880443,0
2026-08-11 10:52:00,0.40343723453161223,0
2026-08-11 10:53:00,0.4078353983494333,0
2026-08-11 10:54:00,0.3886454748597547,0
2026-08-11 10:55:00,0.410864446312998,0
2026-08-11 10:56:00,0.3864300815846372,0
2026-08-11 10:57:00,0.3895899787181086,0
2026-08-11 10:58:00,0.4065880177408792,0
2026-08-11 10:59:00,0.36241529304190256,0
2026-08-11 11:00:00,0.38824470087988666,0
2026-08-11 11:01:00,0.39802324620317314,0
2026-08-11 11:02:00,0.40285632146500694,0
2026-08-11 11:03:00,0.36824195753608024,0
2026-08-11 11:04:00,0.3998176763438369,0
2026-08-11 11:05:00,0.44667235961321033,0
2026-08-11 11:06:00,0.397170631322209,0
2026-08-11 11:07:00,0.41111139897714466,0
2026-08-11 11:08:00,0.418973711731181,0
2026-08-11 11:09:00,0.4351159334774797,0
2026-08-11 11:10:00,0.42698320776286636,0
2026-08-11 11:11:00,0.45039863923701623,0
2026-08-11 11:12:00,0.5158580401652035,1
2026-08-11 11:13:00,0.484908853591511,1
2026-08-11 11:14:00,0.43898225925682055,1
2026-08-11 11:15:00,0.4868638081320033,1
2026-08-11 11:16:00,0.49937546444192166,1
2026-08-11 11:17:00,0.435263745391648,1
2026-08-11 11:18:00,0.48132355583800557,1
2026-08-11 11:19:00,0.4901588166630663,1
2026-08-11 11:20:00,0.46450829894603046,1
2026-08-11 11:21:00,0.43547780977776473,1
2026-08-11 11:22:00,0.4374814143538269,1
2026-08-11 11:23:00,0.4197164728475147,1
2026-08-11 11:24:00,0.3327730232849666,1
2026-08-11 11:25:00,0.44426251442529296,1
2026-08-11 11:26:00,0.3573033960086317,1
2026-08-11 11:27:00,0.3970067874186293,1
2026-08-11 11:28:00,0.3370806968820839,1
2026-08-11 11:29:00,0.4129931230223539,1
2026-08-11 11:30:00,0.33576788179026507,1
2026-08-11 13:01:00,0.37081693077841027,0
2026-08-11 13:02:00,0.3545870547080174,1
2026-08-11 13:03:00,0.3755556386418816,1
2026-08-11 13:04:00,0.39530855117659414,1
2026-08-11 13:05:00,0.3561425157401998,1
2026-08-11 13:06:00,0.41871985913130655,1
2026-08-11 13:07:00,0.37573656501760716,0
2026-08-11 13:08:00,0.4110080138667807,1
2026-08-11 13:09:00,0.3481393909538886,0
2026-08-11 13:10:00,0.3998520887945744,0
2026-08-11 13:11:00,0.42753552632689973,0
2026-08-11 13:12:00,0.4408576387697255,0
2026-08-11 13:13:00,0.3976367728311844,0
2026-08-11 13:14:00,0.38860563465221887,0
2026-08-11 13:15:00,0.3907598199461086,0
2026-08-11 13:16:00,0.3988679137253237,0
2026-08-11 13:17:00,0.3531043643016492,0
2026-08-11 13:18:00,0.36542093587374525,0
2026-08-11 13:19:00,0.35487357085415266,0
2026-08-11 13:20:00,0.37451691344838123,0
2026-08-11 13:21:00,0.3405800878646714,0
2026-08-11 13:22:00,0.45693016007476706,0
2026-08-11 13:23:00,0.3950526273027043,1
2026-08-11 13:24:00,0.4352535316987556,1
2026-08-11 13:25:00,0.3282101653098159,1
2026-08-11 13:26:00,0.4543483270597721,1
2026-08-11 13:27:00,0.4608185396934652,1
2026-08-11 13:28:00,0.4246493452429832,1
2026-08-11 13:29:00,0.45737313490742726,0
2026-08-11 13:30:00,0.4594203758246789,1
2026-08-11 13:31:00,0.42247604659575655,1
2026-08-11 13:32:00,0.34932489966349384,1
2026-08-11 13:33:00,0.44204318186281,1
2026-08-11 13:34:00,0.3241569946022421,1
2026-08-11 13:35:00,0.34611431849749236,0
2026-08-11 13:36:00,0.2978170680253404,0
2026-08-11 13:37:00,0.39805945365028744,0
2026-08-11 13:38:00,0.2939557434266208,0
2026-08-11 13:39:00,0.31585063191387125,0
2026-08-11 13:40:00,0.31146777291517747,0
2026-08-11 13:41:00,0.40781887725978744,1
2026-08-11 13:42:00,0.44602393276277164,1
2026-08-11 13:43:00,0.3675443233383566,1
2026-08-11 13:44:00,0.4264757790092401,1
2026-08-11 13:45:00,0.33803394415961946,1
2026-08-11 13:46:00,0.3212072115648738,1
2026-08-11 13:47:00,0.370532213011358,0
2026-08-11 13:48:00,0.36298306285389476,0
2026-08-11 13:49:00,0.3661283767433651,0
2026-08-11 13:50:00,0.3762338724985267,1
2026-08-11 13:51:00,0.3889779763636122,1
2026-08-11 13:52:00,0.3272384528579097,1
2026-08-11 13:53:00,0.3217427467528827,0
2026-08-11 13:54:00,0.30910196001938994,0
2026-08-11 13:55:00,0.3043161103333324,0
2026-08-11 13:56:00,0.35179407752483577,0
2026-08-11 13:57:00,0.3621053215298576,0
2026-08-11 13:58:00,0.41202502006858516,0
2026-08-11 13:59:00,0.41767365719722505,0
2026-08-11 14:00:00,0.3760198744529263,0
2026-08-11 14:01:00,0.391900839576259,0
2026-08-11 14:02:00,0.44845302045633206,0
2026-08-11 14:03:00,0.424034945512515,0
2026-08-11 14:04:00,0.3775048340662392,0
2026-08-11 14:05:00,0.3043973810455454,0
2026-08-11 14:06:00,0.345083685796447,0
2026-08-11 14:07:00,0.2311441067689585,0
2026-08-11 14:08:00,0.45055082971405724,0
2026-08-11 14:09:00,0.4110508178357538,0
2026-08-11 14:10:00,0.43785790399009844,0
2026-08-11 14:11:00,0.49602258357228945,0
2026-08-11 14:12:00,0.4238765484840265,0
2026-08-11 14:13:00,0.396323719915507,0
2026-08-11 14:14:00,0.39089354730348835,0
2026-08-11 14:15:00,0.5277060538212576,0
2026-08-11 14:16:00,0.38930157242717556,0
2026-08-11 14:17:00,0.4219184239951025,0
2026-08-11 14:18:00,0.43355863526657196,0
2026-08-11 14:19:00,0.39471307227307595,0
2026-08-11 14:20:00,0.34351758572982205,0
2026-08-11 14:21:00,0.31642432903785345,0
2026-08-11 14:22:00,0.42666122223061714,0
2026-08-11 14:23:00,0.37049101936649365,0
2026-08-11 14:24:00,0.46957822233954394,0
2026-08-11 14:25:00,0.38905134304002514,0
2026-08-11 14:26:00,0.38723464319853557,0
2026-08-11 14:27:00,0.3951175173099546,0
2026-08-11 14:28:00,0.3982959156137779,0
2026-08-11 14:29:00,0.3284197466585221,0
2026-08-11 14:30:00,0.3382392460648995,0
2026-08-11 14:31:00,0.29497581625624986,0
2026-08-11 14:32:00,0.36170753087966623,1
2026-08-11 14:33:00,0.3614759354390559,1
2026-08-11 14:34:00,0.4068202214878537,0
2026-08-11 14:35:00,0.43184185662419133,0
2026-08-11 14:36:00,0.4034689320561917,1
2026-08-11 14:37:00,0.3349765157339984,0
2026-08-11 14:38:00,0.3095457700800903,0
2026-08-11 14:39:00,0.29328684533356963,0
2026-08-11 14:40:00,0.4439091594864732,0
2026-08-11 14:41:00,0.5114269062464757,0
2026-08-11 14:42:00,0.4762476056462735,0
2026-08-11 14:43:00,0.51412785568426,0
2026-08-11 14:44:00,0.47013243103794206,0
2026-08-11 14:45:00,0.43200595043650747,0
2026-08-11 14:46:00,0.4342763095016448,0
2026-08-11 14:47:00,0.37967724927911106,0
2026-08-11 14:48:00,0.4998725852920474,0
2026-08-11 14:49:00,0.47730362269367327,0
2026-08-11 14:50:00,0.5004642399731689,1
2026-08-11 14:51:00,0.4908832959455071,1
2026-08-11 14:52:00,0.5342668214851742,1
2026-08-11 14:53:00,0.53792725841016,1
2026-08-11 14:54:00,0.5535264519664254,1
2026-08-11 14:55:00,0.5471269237535014,1
2026-08-11 14:56:00,0.53974496526617,1
2026-08-11 14:57:00,0.4859474708662794,1
2026-08-11 14:58:00,0.5400822102298426,1
2026-08-11 14:59:00,0.5669765802550583,1
2026-08-11 15:00:00,0.49602727142605413,1
2026-08-12 09:30:00,0.5383254305138643,1
2026-08-12 09:31:00,0.4695544785325928,1
2026-08-12 09:32:00,0.5310123094264466,1
2026-08-12 09:33:00,0.5316279916585336,1
2026-08-12 09:34:00,0.4616691640751611,1
2026-08-12 09:35:00,0.5016152900504753,1
2026-08-12 09:36:00,0.4644683720219348,1
2026-08-12 09:37:00,0.4853457588456893,1
2026-08-12 09:38:00,0.5049246944991793,0
2026-08-12 09:39:00,0.50811095981882,0
2026-08-12 09:40:00,0.44374234351194297,0
2026-08-12 09:41:00,0.4829136803451865,0
2026-08-12 09:42:00,0.5303605159500377,1
2026-08-12 09:43:00,0.508146565504913,1
2026-08-12 09:44:00,0.4745775753061001,1
2026-08-12 09:45:00,0.4744271775470182,0
2026-08-12 09:46:00,0.4811559487860981,1
2026-08-12 09:47:00,0.43348278897598297,1
2026-08-12 09:48:00,0.514738339116737,1
2026-08-12 09:49:00,0.4525494848163114,1
2026-08-12 09:50:00,0.4379179666184307,1
2026-08-12 09:51:00,0.3842405284562844,0
2026-08-12 09:52:00,0.4442189674859377,0
2026-08-12 09:53:00,0.4922959927086621,0
2026-08-12 09:54:00,0.4907551469880662,0
2026-08-12 09:55:00,0.48616318983605694,0
2026-08-12 09:56:00,0.48958695292877,0
2026-08-12 09:57:00,0.3908186367196119,0
2026-08-12 09:58:00,0.46518289456901973,0
2026-08-12 09:59:00,0.47659394944078526,0
2026-08-12 10:00:00,0.46947044451158815,0
2026-08-12 10:01:00,0.47805970218360844,0
2026-08-12 10:02:00,0.473337188311819,0
2026-08-12 10:03:00,0.4752582905842447,0
2026-08-12 10:04:00,0.5214511888973214,1
2026-08-12 10:05:00,0.4876827487840022,0
2026-08-12 10:06:00,0.5160054202100348,1
2026-08-12 10:07:00,0.5105685775217472,1
2026-08-12 10:08:00,0.5553231807247427,1
2026-08-12 10:09:00,0.4552810415570163,1
2026-08-12 10:10:00,0.545463781641578,1
2026-08-12 10:11:00,0.510958967077163,1
2026-08-12 10:12:00,0.5389686315286679,1
2026-08-12 10:13:00,0.486611709399089,1
2026-08-12 10:14:00,0.47070917013120706,1
2026-08-12 10:15:00,0.37630073441781153,1
2026-08-12 10:16:00,0.4366396126027841,1
2026-08-12 10:17:00,0.44839385496509254,1
2026-08-12 10:18:00,0.4810760412631226,1
2026-08-12 10:19:00,0.3929788669776902,1
2026-08-12 10:20:00,0.45988932829602974,1
2026-08-12 10:21:00,0.35550487399392877,1
2026-08-12 10:22:00,0.34353836488164147,1
2026-08-12 10:23:00,0.3642796658330448,1
2026-08-12 10:24:00,0.3570196281748253,1
2026-08-12 10:25:00,0.3562097359535509,0
2026-08-12 10:26:00,0.3538058560932312,0
2026-08-12 10:27:00,0.3345617619081563,0
2026-08-12 10:28:00,0.3608371573014935,0
2026-08-12 10:29:00,0.42365669588786636,0
2026-08-12 10:30:00,0.46019832159351465,0
2026-08-12 10:31:00,0.4028975635077777,0
2026-08-12 10:32:00,0.4304387541066255,0
2026-08-12 10:33:00,0.42876657854718164,0
2026-08-12 10:34:00,0.4282399261597016,0
2026-08-12 10:35:00,0.42832456456389245,1
2026-08-12 10:36:00,0.4356548308340084,1
2026-08-12 10:37:00,0.3929231483210763,1
2026-08-12 10:38:00,0.38660614527288834,0
2026-08-12 10:39:00,0.3937008824419138,0
2026-08-12 10:40:00,0.426585906382427,1
2026-08-12 10:41:00,0.38521351308072405,1
2026-08-12 10:42:00,0.41588459874883205,1
2026-08-12 10:43:00,0.4352146040479848,1
2026-08-12 10:44:00,0.402915811940749,1
2026-08-12 10:45:00,0.44403973148629133,1
2026-08-12 10:46:00,0.4064004187709136,1
2026-08-12 10:47:00,0.3871392389647471,0
2026-08-12 10:48:00,0.35051863089641233,1
2026-08-12 10:49:00,0.38368109487545865,0
2026-08-12 10:50:00,0.3727824446809236,0
2026-08-12 10:51:00,0.36161743444304933,0
2026-08-12 10:52:00,0.3678389451286902,0
2026-08-12 10:53:00,0.40765896992874684,0
2026-08-12 10:54:00,0.4114274490900132,0
2026-08-12 10:55:00,0.4702484204183292,0
2026-08-12 10:56:00,0.3894111989379233,0
2026-08-12 10:57:00,0.41088355351803657,0
2026-08-12 10:58:00,0.42092352459005444,0
2026-08-12 10:59:00,0.4021959046581723,0
2026-08-12 11:00:00,0.3997130543075275,0
2026-08-12 11:01:00,0.4172604484418388,0
2026-08-12 11:02:00,0.42656787554978826,0
2026-08-12 11:03:00,0.39529663666644504,0
2026-08-12 11:04:00,0.3861846789934196,1
2026-08-12 11:05:00,0.40689611398539244,1
2026-08-12 11:06:00,0.4210201529539362,1
2026-08-12 11:07:00,0.44097953101228726,1
2026-08-12 11:08:00,0.43128213911216895,1
2026-08-12 11:09:00,0.4044206813037663,0
2026-08-12 11:10:00,0.42749870423293257,1
2026-08-12 11:11:00,0.42804170162438787,1
2026-08-12 11:12:00,0.46461182340432605,0
2026-08-12 11:13:00,0.4407310023821336,0
2026-08-12 11:14:00,0.36342497167080473,0
2026-08-12 11:15:00,0.35630683510847233,0
2026-08-12 11:16:00,0.3374137537365611,0
2026-08-12 11:17:00,0.4015814016762358,0
2026-08-12 11:18:00,0.41285340925982444,1
2026-08-12 11:19:00,0.38651854793972473,0
2026-08-12 11:20:00,0.3753620707455495,0
2026-08-12 11:21:00,0.3468799574944429,0
2026-08-12 11:22:00,0.38470742428457716,0
2026-08-12 11:23:00,0.3968489141534913,0
2026-08-12 11:24:00,0.48840130559994027,0
2026-08-12 11:25:00,0.4104304150273091,0
2026-08-12 11:26:00,0.4022349633348158,0
2026-08-12 11:27:00,0.38645610508108985,0
2026-08-12 11:28:00,0.4599027857383322,0
2026-08-12 11:29:00,0.4223257660299393,1
2026-08-12 11:30:00,0.34832603138472906,0
2026-08-12 13:01:00,0.32000078409292015,0
2026-08-12 13:02:00,0.3145991822504366,0
2026-08-12 13:03:00,0.3406548965640025,0
2026-08-12 13:04:00,0.3427119360615013,0
2026-08-12 13:05:00,0.4733943126508658,0
2026-08-12 13:06:00,0.46096395617261715,0
2026-08-12 13:07:00,0.39377704261069885,0
2026-08-12 13:08:00,0.4828969207993738,0
2026-08-12 13:09:00,0.46096395617261715,0
2026-08-12 13:10:00,0.44945110156557905,0
2026-08-12 13:11:00,0.4429894543198023,0
2026-08-12 13:12:00,0.3903022548186689,0
2026-08-12 13:13:00,0.4461085292190686,0
2026-08-12 13:14:00,0.3043074148102802,0
2026-08-12 13:15:00,0.4522944744920647,0
2026-08-12 13:16:00,0.4354517373119288,0
2026-08-12 13:17:00,0.4466710435467423,0
2026-08-12 13:18:00,0.4045986142157514,0
2026-08-12 13:19:00,0.4643735255014551,0
2026-08-12 13:20:00,0.40630030914245535,0
2026-08-12 13:21:00,0.3935417199227064,0
2026-08-12 13:22:00,0.4017507489381316,0
2026-08-12 13:23:00,0.4934506846344171,0
2026-08-12 13:24:00,0.48291765441238327,0
2026-08-12 13:25:00,0.4270201047560618,0
2026-08-12 13:26:00,0.4505293652307535,0
2026-08-12 13:27:00,0.41724432771175124,0
2026-08-12 13:28:00,0.39742609887518204,1
2026-08-12 13:29:00,0.38017747357896514,1
2026-08-12 13:30:00,0.38567089810912925,1
2026-08-12 13:31:00,0.3469216670791275,1
2026-08-12 13:32:00,0.39633266345991575,1
2026-08-12 13:33:00,0.37188433575509133,1
2026-08-12 13:34:00,0.3155067194838525,0
2026-08-12 13:35:00,0.3048510871053628,1
2026-08-12 13:36:00,0.30816709705262635,1
2026-08-12 13:37:00,0.3159983816453296,1
2026-08-12 13:38:00,0.3847426887660371,1
2026-08-12 13:39:00,0.42590236432998335,1
2026-08-12 13:40:00,0.35406296714792374,1
2026-08-12 13:41:00,0.33157505082641536,1
2026-08-12 13:42:00,0.33325482216449875,1
2026-08-12 13:43:00,0.3022614261911584,1
2026-08-12 13:44:00,0.28844075406531156,0
2026-08-12 13:45:00,0.3094588480667734,0
2026-08-12 13:46:00,0.2899454986807765,0
2026-08-12 13:47:00,0.383669116597969,0
2026-08-12 13:48:00,0.4298962081648423,1
2026-08-12 13:49:00,0.40695546383123665,1
2026-08-12 13:50:00,0.401276542297894,0
2026-08-12 13:51:00,0.358499694256424,0
2026-08-12 13:52:00,0.3263694213639245,0
2026-08-12 13:53:00,0.38920457402216463,0
2026-08-12 13:54:00,0.37965975800020896,1
2026-08-12 13:55:00,0.370008001063711,1
2026-08-12 13:56:00,0.3566688276389263,1
2026-08-12 13:57:00,0.35954912432114794,1
2026-08-12 13:58:00,0.3713193627586542,0
2026-08-12 13:59:00,0.37567258392778663,1
2026-08-12 14:00:00,0.34819432189185673,0
2026-08-12 14:01:00,0.3933478859355021,1
2026-08-12 14:02:00,0.35042904945307973,1
2026-08-12 14:03:00,0.3643171728532739,0
2026-08-12 14:04:00,0.3481000353998493,1
2026-08-12 14:05:00,0.341394877104281,1
2026-08-12 14:06:00,0.3537559813553902,1
2026-08-12 14:07:00,0.33630789086637064,0
2026-08-12 14:08:00,0.3702196669386648,1
2026-08-12 14:09:00,0.3183110320494627,0
2026-08-12 14:10:00,0.3355076326679852,0
2026-08-12 14:11:00,0.34457041192391136,0
2026-08-12 14:12:00,0.3575567686065839,0
2026-08-12 14:13:00,0.4242711347052391,1
2026-08-12 14:14:00,0.3472254818079903,0
2026-08-12 14:15:00,0.45806506650947626,0
2026-08-12 14:16:00,0.42690450209346864,1
2026-08-12 14:17:00,0.3734685718665732,1
2026-08-12 14:18:00,0.45027418254725105,1
2026-08-12 14:19:00,0.4269716603702727,1
2026-08-12 14:20:00,0.43469732512640774,1
2026-08-12 14:21:00,0.37541826139043616,1
2026-08-12 14:22:00,0.4209353188068334,1
2026-08-12 14:23:00,0.38245984784800796,1
2026-08-12 14:24:00,0.3605951106588675,1
2026-08-12 14:25:00,0.3190965330791317,1
2026-08-12 14:26:00,0.35383587294951035,1
2026-08-12 14:27:00,0.306557470363991,1
2026-08-12 14:28:00,0.3375740371314277,1
2026-08-12 14:29:00,0.3219487841138137,1
2026-08-12 14:30:00,0.3157445991249198,1
2026-08-12 14:31:00,0.29752535860359985,1
2026-08-12 14:32:00,0.29556880753510545,0
2026-08-12 14:33:00,0.30180613322559896,0
2026-08-12 14:34:00,0.353618464139866,0
2026-08-12 14:35:00,0.39795065648245065,0
2026-08-12 14:36:00,0.4802676189465447,1
2026-08-12 14:37:00,0.4641931825275537,0
2026-08-12 14:38:00,0.3826561649606495,0
2026-08-12 14:39:00,0.41289806717339256,0
2026-08-12 14:40:00,0.40085097609323894,0
2026-08-12 14:41:00,0.498169211454977,0
2026-08-12 14:42:00,0.541500883805897,0
2026-08-12 14:43:00,0.5405422051475687,0
2026-08-12 14:44:00,0.5563088666155774,0
2026-08-12 14:45:00,0.500083327364818,0
2026-08-12 14:46:00,0.493795310250475,0
2026-08-12 14:47:00,0.6006015326917669,0
2026-08-12 14:48:00,0.5540046747737284,0
2026-08-12 14:49:00,0.4940379876084795,0
2026-08-12 14:50:00,0.5955839690945189,0
2026-08-12 14:51:00,0.6043211133810326,1
2026-08-12 14:52:00,0.5514385276302387,0
2026-08-12 14:53:00,0.5954929939412702,1
2026-08-12 14:54:00,0.6402263786257529,0
2026-08-12 14:55:00,0.6595547192637394,0
2026-08-12 14:56:00,0.6500795125172826,0
2026-08-12 14:57:00,0.5664702480751413,0
2026-08-12 14:58:00,0.48445835406832227,0
2026-08-12 14:59:00,0.4869860976092206,0
2026-08-12 15:00:00,0.6062255668759018,0
2026-08-13 09:30:00,0.4698429413532059,0
2026-08-13 09:31:00,0.530146533440944,1
2026-08-13 09:32:00,0.5151255225646012,1
2026-08-13 09:33:00,0.4660712259701408,1
2026-08-13 09:34:00,0.4129098074931988,1
2026-08-13 09:35:00,0.4966697141017429,0
2026-08-13 09:36:00,0.43883859534774045,0
2026-08-13 09:37:00,0.3845345243454442,0
2026-08-13 09:38:00,0.5210679153813194,0
2026-08-13 09:39:00,0.5603356374925004,0
2026-08-13 09:40:00,0.40941649759333754,1
2026-08-13 09:41:00,0.43614187234906726,1
2026-08-13 09:42:00,0.42632371249855716,1
2026-08-13 09:43:00,0.43390911253901576,1
2026-08-13 09:44:00,0.42826723099720204,1
2026-08-13 09:45:00,0.42116833437004875,0
2026-08-13 09:46:00,0.4099189317499397,1
2026-08-13 09:47:00,0.4085294641008978,0
2026-08-13 09:48:00,0.47995152503744387,1
2026-08-13 09:49:00,0.502553210657115,0
2026-08-13 09:50:00,0.4583589499580128,0
2026-08-13 09:51:00,0.4877449708742245,0
2026-08-13 09:52:00,0.4369790466196654,0
2026-08-13 09:53:00,0.5067971446915202,0
2026-08-13 09:54:00,0.509898406552293,0
2026-08-13 09:55:00,0.4652652114173026,0
2026-08-13 09:56:00,0.37273692655863006,0
2026-08-13 09:57:00,0.4485548250234946,0
2026-08-13 09:58:00,0.535731692018596,0
2026-08-13 09:59:00,0.47793920748383484,0
2026-08-13 10:00:00,0.5055240666324603,0
2026-08-13 10:01:00,0.4661426155492449,0
2026-08-13 10:02:00,0.4441398097497158,0
2026-08-13 10:03:00,0.4450294192679352,0
2026-08-13 10:04:00,0.4651127599299458,0
2026-08-13 10:05:00,0.4521341335368456,0
2026-08-13 10:06:00,0.4505134942509742,0
2026-08-13 10:07:00,0.4653762154252737,0
2026-08-13 10:08:00,0.4572050215017985,0
2026-08-13 10:09:00,0.469323728815128,0
2026-08-13 10:10:00,0.4986600924222039,0
2026-08-13 10:11:00,0.48990562639558716,0
2026-08-13 10:12:00,0.47426034688459806,0
2026-08-13 10:13:00,0.5909619513234474,0
2026-08-13 10:14:00,0.4979023740492356,0
2026-08-13 10:15:00,0.4794856301586832,0
2026-08-13 10:16:00,0.47847990569872284,0
2026-08-13 10:17:00,0.5028331318917095,0
2026-08-13 10:18:00,0.479571544474536,0
2026-08-13 10:19:00,0.49062108061102455,0
2026-08-13 10:20:00,0.49147604760985697,0
2026-08-13 10:21:00,0.4760704111492434,0
2026-08-13 10:22:00,0.4278503734032183,0
2026-08-13 10:23:00,0.43962605527227105,0
2026-08-13 10:24:00,0.4549893741524908,0
2026-08-13 10:25:00,0.44451127151655495,0
2026-08-13 10:26:00,0.45166655769705316,0
2026-08-13 10:27:00,0.4599797302722845,0
2026-08-13 10:28:00,0.5046454449063673,1
2026-08-13 10:29:00,0.4997605563298575,0
2026-08-13 10:30:00,0.6168211923965441,1
2026-08-13 10:31:00,0.5748844067495825,1
2026-08-13 10:32:00,0.46098214336070237,1
2026-08-13 10:33:00,0.4446853510607737,1
2026-08-13 10:34:00,0.4119611479056971,1
2026-08-13 10:35:00,0.4378037816161597,1
2026-08-13 10:36:00,0.402107889751175,1
2026-08-13 10:37:00,0.41576575019588935,1
2026-08-13 10:38:00,0.4022939886740224,0
2026-08-13 10:39:00,0.42941557444797035,1
2026-08-13 10:40:00,0.36095527544408856,0
2026-08-13 10:41:00,0.40073327413648896,0
2026-08-13 10:42:00,0.37169656537938706,0
2026-08-13 10:43:00,0.42230937802197044,0
2026-08-13 10:44:00,0.45718135542525734,1
2026-08-13 10:45:00,0.42437185555398665,0
2026-08-13 10:46:00,0.4268386653494785,0
2026-08-13 10:47:00,0.4118563617407588,0
2026-08-13 10:48:00,0.4061434165787132,0
2026-08-13 10:49:00,0.4520826544604706,0
2026-08-13 10:50:00,0.468935739735174,0
2026-08-13 10:51:00,0.435691256856569,0
2026-08-13 10:52:00,0.4589978407251907,0
2026-08-13 10:53:00,0.45538024058339555,0
2026-08-13 10:54:00,0.4401195449895301,0
2026-08-13 10:55:00,0.42287516931511676,0
2026-08-13 10:56:00,0.44106192366379204,0
2026-08-13 10:57:00,0.3744068631891206,0
2026-08-13 10:58:00,0.36667624668704957,0
2026-08-13 10:59:00,0.3849119555634477,0
2026-08-13 11:00:00,0.45260664112855675,0
2026-08-13 11:01:00,0.4291479498338219,0
2026-08-13 11:02:00,0.4448255152706863,0
2026-08-13 11:03:00,0.4698846630723012,1
2026-08-13 11:04:00,0.469663238910708,1
2026-08-13 11:05:00,0.4388886233528417,0
2026-08-13 11:06:00,0.44954209586138627,1
2026-08-13 11:07:00,0.47313203145645777,1
2026-08-13 11:08:00,0.45411522928175035,1
2026-08-13 11:09:00,0.4346470090224675,0
2026-08-13 11:10:00,0.4309527196874607,0
2026-08-13 11:11:00,0.44610437953592197,0
2026-08-13 11:12:00,0.39436091601190476,1
2026-08-13 11:13:00,0.42463111282313215,1
2026-08-13 11:14:00,0.46785052871734106,0
2026-08-13 11:15:00,0.39681471985886135,1
2026-08-13 11:16:00,0.4309649584774709,1
2026-08-13 11:17:00,0.42311256751523996,0
2026-08-13 11:18:00,0.4040922596264489,0
2026-08-13 11:19:00,0.3739428865998469,0
2026-08-13 11:20:00,0.4498079895855577,0
2026-08-13 11:21:00,0.41928614822178567,0
2026-08-13 11:22:00,0.3727936228939884,0
2026-08-13 11:23:00,0.4361141401654029,0
2026-08-13 11:24:00,0.4387465704459114,1
2026-08-13 11:25:00,0.394277240062296,1
2026-08-13 11:26:00,0.4210458889967731,0
2026-08-13 11:27:00,0.4319431744936011,0
2026-08-13 11:28:00,0.4513335352952811,1
2026-08-13 11:29:00,0.4440372146975088,1
2026-08-13 11:30:00,0.3349966628021814,0
2026-08-13 13:01:00,0.34471368349773884,0
2026-08-13 13:02:00,0.40328555745213684,0
2026-08-13 13:03:00,0.4079500977939481,0
2026-08-13 13:04:00,0.40010941241076053,0
2026-08-13 13:05:00,0.39487467587427094,0
2026-08-13 13:06:00,0.37091230346113335,0
2026-08-13 13:07:00,0.34588746034245954,0
2026-08-13 13:08:00,0.35943383371424814,0
2026-08-13 13:09:00,0.35943383371424814,0
2026-08-13 13:10:00,0.36779064501120834,0
2026-08-13 13:11:00,0.44434974227245394,0
2026-08-13 13:12:00,0.401306774990181,0
2026-08-13 13:13:00,0.4144333378064329,0
2026-08-13 13:14:00,0.3616310831783848,0
2026-08-13 13:15:00,0.3675359048348675,0
2026-08-13 13:16:00,0.35705526403004584,0
2026-08-13 13:17:00,0.3720568021248522,0
2026-08-13 13:18:00,0.3988462959078976,0
2026-08-13 13:19:00,0.46664541787269426,1
2026-08-13 13:20:00,0.4474725044300725,1
2026-08-13 13:21:00,0.422051597385593,0
2026-08-13 13:22:00,0.35549983267905255,0
2026-08-13 13:23:00,0.41426265410595947,0
2026-08-13 13:24:00,0.3787796668461079,0
2026-08-13 13:25:00,0.34289070488399975,0
2026-08-13 13:26:00,0.3478401319237865,0
2026-08-13 13:27:00,0.352164587760252,0
2026-08-13 13:28:00,0.3299768066800529,0
2026-08-13 13:29:00,0.33512189355113686,0
2026-08-13 13:30:00,0.3557659812095463,0
2026-08-13 13:31:00,0.3597557026232879,0
2026-08-13 13:32:00,0.3607386215045656,0
2026-08-13 13:33:00,0.35435360609774363,0
2026-08-13 13:34:00,0.31225903862954374,0
2026-08-13 13:35:00,0.3864629097670646,0
2026-08-13 13:36:00,0.41288266061653456,0
2026-08-13 13:37:00,0.4350501584404595,0
2026-08-13 13:38:00,0.4128460624349077,0
2026-08-13 13:39:00,0.3703369756533215,0
2026-08-13 13:40:00,0.37456709236342456,0
2026-08-13 13:41:00,0.31588510298428046,0
2026-08-13 13:42:00,0.3725114655457056,0
2026-08-13 13:43:00,0.34456842161065976,0
2026-08-13 13:44:00,0.4008357945427998,0
2026-08-13 13:45:00,0.3992657798302878,0
2026-08-13 13:46:00,0.39064358341129596,0
2026-08-13 13:47:00,0.37051562356390455,0
2026-08-13 13:48:00,0.4400652555050255,0
2026-08-13 13:49:00,0.4933469880082947,0
2026-08-13 13:50:00,0.4420896986465448,0
2026-08-13 13:51:00,0.488458929199463,0
2026-08-13 13:52:00,0.4668465498467219,0
2026-08-13 13:53:00,0.4091064059717163,0
2026-08-13 13:54:00,0.3295932200661657,0
2026-08-13 13:55:00,0.40220130812123395,0
2026-08-13 13:56:00,0.38107751102087306,0
2026-08-13 13:57:00,0.411825791252754,0
2026-08-13 13:58:00,0.27103923226116805,0
2026-08-13 13:59:00,0.3417307278987228,0
2026-08-13 14:00:00,0.42560104009022354,0
2026-08-13 14:01:00,0.3471214972136602,0
2026-08-13 14:02:00,0.4420422644119956,0
2026-08-13 14:03:00,0.3479503391931957,0
2026-08-13 14:04:00,0.34828583406117747,0
2026-08-13 14:05:00,0.26680798770137965,0
2026-08-13 14:06:00,0.33660702721049085,0
2026-08-13 14:07:00,0.27681368111451327,0
2026-08-13 14:08:00,0.306640370054377,0
2026-08-13 14:09:00,0.30489213988528874,0
2026-08-13 14:10:00,0.435514386872203,0
2026-08-13 14:11:00,0.4077000499878534,0
2026-08-13 14:12:00,0.4052691314638259,0
2026-08-13 14:13:00,0.3186684620650336,0
2026-08-13 14:14:00,0.2856272885800645,0
2026-08-13 14:15:00,0.3010435322433977,0
2026-08-13 14:16:00,0.38831238322392453,0
2026-08-13 14:17:00,0.29121528669835645,0
2026-08-13 14:18:00,0.31682898770059753,0
2026-08-13 14:19:00,0.31504553444614136,0
2026-08-13 14:20:00,0.444424984996166,0
2026-08-13 14:21:00,0.43989532016466704,0
2026-08-13 14:22:00,0.39855189334851765,0
2026-08-13 14:23:00,0.392352730493815,0
2026-08-13 14:24:00,0.4010627448831909,0
2026-08-13 14:25:00,0.4446710271393047,0
2026-08-13 14:26:00,0.4358172892470899,0
2026-08-13 14:27:00,0.41354711845949893,0
2026-08-13 14:28:00,0.39904833747206525,0
2026-08-13 14:29:00,0.3935862805164985,0
2026-08-13 14:30:00,0.32822615495969437,0
2026-08-13 14:31:00,0.3461395986004912,0
2026-08-13 14:32:00,0.3273551728524286,0
2026-08-13 14:33:00,0.3964335942668409,0
2026-08-13 14:34:00,0.47418280906093835,0
2026-08-13 14:35:00,0.45430893086869034,0
2026-08-13 14:36:00,0.45325090226565345,0
2026-08-13 14:37:00,0.4615287408449611,0
2026-08-13 14:38:00,0.4505678314355543,0
2026-08-13 14:39:00,0.4069491097916822,0
2026-08-13 14:40:00,0.41212831692484003,0
2026-08-13 14:41:00,0.4649196376166147,0
2026-08-13 14:42:00,0.4814519657677694,0
2026-08-13 14:43:00,0.4169506180802062,0
2026-08-13 14:44:00,0.514704963557151,0
2026-08-13 14:45:00,0.42257641909759625,0
2026-08-13 14:46:00,0.3774929769239886,0
2026-08-13 14:47:00,0.3304156857110551,0
2026-08-13 14:48:00,0.4460758171917779,0
2026-08-13 14:49:00,0.38730005395499306,0
2026-08-13 14:50:00,0.477051032954539,0
2026-08-13 14:51:00,0.4989432570540767,1
2026-08-13 14:52:00,0.49268863564726245,1
2026-08-13 14:53:00,0.542589531934371,0
2026-08-13 14:54:00,0.5070873234636043,0
2026-08-13 14:55:00,0.5306686856420126,0
2026-08-13 14:56:00,0.46911474980273693,1
2026-08-13 14:57:00,0.507102855570986,1
2026-08-13 14:58:00,0.5538975400072166,1
2026-08-13 14:59:00,0.6354303917271247,1
2026-08-13 15:00:00,0.4463013978411586,1
2026-08-14 09:30:00,0.38809482041832044,0
2026-08-14 09:31:00,0.40630376818657604,1
2026-08-14 09:32:00,0.4791195049480061,0
2026-08-14 09:33:00,0.5474390913970189,0
2026-08-14 09:34:00,0.393414934252149,0
2026-08-14 09:35:00,0.4595287825355933,0
2026-08-14 09:36:00,0.4397302549120915,0
2026-08-14 09:37:00,0.48252252326350686,0
2026-08-14 09:38:00,0.4435485576200548,1
2026-08-14 09:39:00,0.4190072509672556,1
2026-08-14 09:40:00,0.44609040219743445,1
2026-08-14 09:41:00,0.47967651814518913,1
2026-08-14 09:42:00,0.4040360878794746,1
2026-08-14 09:43:00,0.45236757070417677,1
2026-08-14 09:44:00,0.4834465137279833,1
2026-08-14 09:45:00,0.4427391727440527,1
2026-08-14 09:46:00,0.41126333401633564,1
2026-08-14 09:47:00,0.46671107058816863,1
2026-08-14 09:48:00,0.4190333149806319,1
2026-08-14 09:49:00,0.4089304019107894,1
2026-08-14 09:50:00,0.44438743665066627,1
2026-08-14 09:51:00,0.4576090585623768,1
2026-08-14 09:52:00,0.4565599687168687,0
2026-08-14 09:53:00,0.42882596443234794,0
2026-08-14 09:54:00,0.454577045542979,0
2026-08-14 09:55:00,0.436040516166338,0
2026-08-14 09:56:00,0.3783579780892562,0
2026-08-14 09:57:00,0.365114283206328,0
2026-08-14 09:58:00,0.434692878840675,0
2026-08-14 09:59:00,0.47686803251107623,0
2026-08-14 10:00:00,0.5174751304336117,0
2026-08-14 10:01:00,0.46069636519897295,0
2026-08-14 10:02:00,0.5127745621986249,0
2026-08-14 10:03:00,0.49831848188044703,0
2026-08-14 10:04:00,0.42297493881714854,0
2026-08-14 10:05:00,0.47671651453383646,0
2026-08-14 10:06:00,0.5831472125602146,0
2026-08-14 10:07:00,0.49994953985156476,0
2026-08-14 10:08:00,0.511876764474975,0
2026-08-14 10:09:00,0.5162991406621332,0
2026-08-14 10:10:00,0.510125750922388,0
2026-08-14 10:11:00,0.5513709100607151,0
2026-08-14 10:12:00,0.5187387570332603,0
2026-08-14 10:13:00,0.5090179633925089,0
2026-08-14 10:14:00,0.47140583190656693,0
2026-08-14 10:15:00,0.4757639369665493,0
2026-08-14 10:16:00,0.5088819829003739,0
2026-08-14 10:17:00,0.5041098647583373,0
2026-08-14 10:18:00,0.5208288992506787,0
2026-08-14 10:19:00,0.4287755136378251,0
2026-08-14 10:20:00,0.4511307365981046,0
2026-08-14 10:21:00,0.5223820856333864,0
2026-08-14 10:22:00,0.5144022252022971,0
2026-08-14 10:23:00,0.5695800766739741,0
2026-08-14 10:24:00,0.6193800752295884,0
2026-08-14 10:25:00,0.6463855571720849,1
2026-08-14 10:26:00,0.5699939999814634,0
2026-08-14 10:27:00,0.5299528526704869,0
2026-08-14 10:28:00,0.43539110228010863,1
2026-08-14 10:29:00,0.4207572124186983,1
2026-08-14 10:30:00,0.5169823323022195,1
2026-08-14 10:31:00,0.42113643494450054,1
2026-08-14 10:32:00,0.3682989060922293,1
2026-08-14 10:33:00,0.4194896709781983,0
2026-08-14 10:34:00,0.44207904663811853,1
2026-08-14 10:35:00,0.41171626549093315,0
2026-08-14 10:36:00,0.4256828018576173,0
2026-08-14 10:37:00,0.4051995382327418,0
2026-08-14 10:38:00,0.3782362187697271,0
2026-08-14 10:39:00,0.4468395985213609,0
2026-08-14 10:40:00,0.4186252620701605,0
2026-08-14 10:41:00,0.45263338868389746,0
2026-08-14 10:42:00,0.4213363425237519,0
2026-08-14 10:43:00,0.38509810552517226,0
2026-08-14 10:44:00,0.40066401703591004,0
2026-08-14 10:45:00,0.3780223920305112,0
2026-08-14 10:46:00,0.4340811606554613,0
2026-08-14 10:47:00,0.3884519340785428,0
2026-08-14 10:48:00,0.46274326540219973,1
2026-08-14 10:49:00,0.4448255152706863,0
2026-08-14 10:50:00,0.46177664781774375,0
2026-08-14 10:51:00,0.45065144214281233,0
2026-08-14 10:52:00,0.4548601800845401,0
2026-08-14 10:53:00,0.4644756880929951,0
2026-08-14 10:54:00,0.44768731250904925,0
2026-08-14 10:55:00,0.4441847612419462,0
2026-08-14 10:56:00,0.4495618701837542,0
2026-08-14 10:57:00,0.39188458642999674,0
2026-08-14 10:58:00,0.40225241588633875,0
2026-08-14 10:59:00,0.39391822389394654,0
2026-08-14 11:00:00,0.426792128761478,0
2026-08-14 11:01:00,0.3695553328604957,0
2026-08-14 11:02:00,0.33858010835859936,0
2026-08-14 11:03:00,0.3473582204734674,0
2026-08-14 11:04:00,0.44693786148916315,0
2026-08-14 11:05:00,0.454013737149565,0
2026-08-14 11:06:00,0.44586479484652364,1
2026-08-14 11:07:00,0.4776781369217439,1
2026-08-14 11:08:00,0.4747433271900379,1
2026-08-14 11:09:00,0.4253991127769687,1
2026-08-14 11:10:00,0.4493967360627733,1
2026-08-14 11:11:00,0.42770953977278076,1
2026-08-14 11:12:00,0.44510536862673244,1
2026-08-14 11:13:00,0.4377701589002704,1
2026-08-14 11:14:00,0.4585286548047613,1
2026-08-14 11:15:00,0.4482428201091906,1
2026-08-14 11:16:00,0.44178172749658706,1
2026-08-14 11:17:00,0.42942275418479786,1
2026-08-14 11:18:00,0.4414508942593689,1
2026-08-14 11:19:00,0.4341321400932434,1
2026-08-14 11:20:00,0.4067375881639984,1
2026-08-14 11:21:00,0.39714194043176654,1
2026-08-14 11:22:00,0.40940844774859386,1
2026-08-14 11:23:00,0.4071315681631055,1
2026-08-14 11:24:00,0.35946996296624295,1
2026-08-14 11:25:00,0.3569451539894731,1
2026-08-14 11:26:00,0.3587503447897561,1
2026-08-14 11:27:00,0.3806665297906876,1
2026-08-14 11:28:00,0.39425982612044425,1
2026-08-14 11:29:00,0.33787670222385796,0
2026-08-14 11:30:00,0.3660005407605671,0
2026-08-14 13:01:00,0.38176241519213344,0
2026-08-14 13:02:00,0.3606314093202737,0
2026-08-14 13:03:00,0.4295275235466382,0
2026-08-14 13:04:00,0.4469272331949529,0
2026-08-14 13:05:00,0.38850451827443583,0
2026-08-14 13:06:00,0.45173012690085435,0
2026-08-14 13:07:00,0.4353598850166465,0
2026-08-14 13:08:00,0.4329246698998643,0
2026-08-14 13:09:00,0.37225448735829175,0
2026-08-14 13:10:00,0.3601090856801231,0
2026-08-14 13:11:00,0.2954356254597976,0
2026-08-14 13:12:00,0.3779306091750485,0
2026-08-14 13:13:00,0.3206630939647651,0
2026-08-14 13:14:00,0.4067038143419858,0
2026-08-14 13:15:00,0.3740865312975816,0
2026-08-14 13:16:00,0.39570964620901433,1
2026-08-14 13:17:00,0.3732295847211445,1
2026-08-14 13:18:00,0.3938091014787812,0
2026-08-14 13:19:00,0.45232891270461745,1
2026-08-14 13:20:00,0.385034870395969,0
2026-08-14 13:21:00,0.4431717751315324,1
2026-08-14 13:22:00,0.3644807735304042,1
2026-08-14 13:23:00,0.4355527234193515,1
2026-08-14 13:24:00,0.443823558447671,1
2026-08-14 13:25:00,0.4116129658124601,1
2026-08-14 13:26:00,0.42725771888671193,1
2026-08-14 13:27:00,0.3381688628696626,1
2026-08-14 13:28:00,0.3185600096896316,1
2026-08-14 13:29:00,0.280098948798945,1
2026-08-14 13:30:00,0.3593825907085671,1
2026-08-14 13:31:00,0.28796996760562205,1
2026-08-14 13:32:00,0.3027799610220572,0
2026-08-14 13:33:00,0.3610890163090048,0
2026-08-14 13:34:00,0.35799769074627447,1
2026-08-14 13:35:00,0.35216006316725895,1
2026-08-14 13:36:00,0.33646467315651674,0
2026-08-14 13:37:00,0.3426520807416777,1
2026-08-14 13:38:00,0.3215608591089866,0
2026-08-14 13:39:00,0.2902396020893762,0
2026-08-14 13:40:00,0.31605500851072404,1
2026-08-14 13:41:00,0.3143799087028526,1
2026-08-14 13:42:00,0.3641887696040872,1
2026-08-14 13:43:00,0.33840148576672285,1
2026-08-14 13:44:00,0.4146031667665978,1
2026-08-14 13:45:00,0.3994521734357847,1
2026-08-14 13:46:00,0.3274360579044661,1
2026-08-14 13:47:00,0.4189282310433268,0
2026-08-14 13:48:00,0.4108641518789153,1
2026-08-14 13:49:00,0.34927102041657315,1
2026-08-14 13:50:00,0.39206974278874634,1
2026-08-14 13:51:00,0.3820429819556363,1
2026-08-14 13:52:00,0.3251281946986758,0
2026-08-14 13:53:00,0.34691984891426264,1
2026-08-14 13:54:00,0.3441884448531261,1
2026-08-14 13:55:00,0.32317825953408197,0
2026-08-14 13:56:00,0.2551837709936398,0
2026-08-14 13:57:00,0.3186385649887231,0
2026-08-14 13:58:00,0.3690427038769035,0
2026-08-14 13:59:00,0.2882262931891868,0
2026-08-14 14:00:00,0.31827369216795726,1
2026-08-14 14:01:00,0.30700582350772304,0
2026-08-14 14:02:00,0.42496294676374247,1
2026-08-14 14:03:00,0.3910902007861747,1
2026-08-14 14:04:00,0.39137238177677797,1
2026-08-14 14:05:00,0.311429958610314,1
2026-08-14 14:06:00,0.3876226006997658,1
2026-08-14 14:07:00,0.31823019714640294,1
2026-08-14 14:08:00,0.28614884574124316,1
2026-08-14 14:09:00,0.34375417427227717,0
2026-08-14 14:10:00,0.3224055304867452,0
2026-08-14 14:11:00,0.3180752977687804,0
2026-08-14 14:12:00,0.34532796746125033,0
2026-08-14 14:13:00,0.31105577019622577,0
2026-08-14 14:14:00,0.3037851182497794,0
2026-08-14 14:15:00,0.27026667623243655,0
2026-08-14 14:16:00,0.3140437440667923,0
2026-08-14 14:17:00,0.43610815202618464,0
2026-08-14 14:18:00,0.35480939152136626,0
2026-08-14 14:19:00,0.4329841296635284,0
2026-08-14 14:20:00,0.35884020626724505,0
2026-08-14 14:21:00,0.42483024478717757,0
2026-08-14 14:22:00,0.38769386395331773,0
2026-08-14 14:23:00,0.32604115847386833,0
2026-08-14 14:24:00,0.42284038375487126,0
2026-08-14 14:25:00,0.3924728055703323,0
2026-08-14 14:26:00,0.38048395800400964,0
2026-08-14 14:27:00,0.3118805138528609,0
2026-08-14 14:28:00,0.2916499558498322,0
2026-08-14 14:29:00,0.2962219360681324,0
2026-08-14 14:30:00,0.31951638084696027,0
2026-08-14 14:31:00,0.3410626402513444,0
2026-08-14 14:32:00,0.4045456328521459,0
2026-08-14 14:33:00,0.2906917239999133,0
2026-08-14 14:34:00,0.4987233945928892,0
2026-08-14 14:35:00,0.5539291189535362,1
2026-08-14 14:36:00,0.48381475324853795,1
2026-08-14 14:37:00,0.43227198037181,1
2026-08-14 14:38:00,0.35370761902712006,1
2026-08-14 14:39:00,0.4228501140217695,1
2026-08-14 14:40:00,0.4684186536358559,1
2026-08-14 14:41:00,0.5638151908590326,1
2026-08-14 14:42:00,0.515915848275676,1
2026-08-14 14:43:00,0.5185933987403274,1
2026-08-14 14:44:00,0.4786655983936549,0
2026-08-14 14:45:00,0.4774675314247249,0
2026-08-14 14:46:00,0.5038324509457055,1
2026-08-14 14:47:00,0.47659464734246093,1
2026-08-14 14:48:00,0.4965597707461612,1
2026-08-14 14:49:00,0.6086254119533109,1
2026-08-14 14:50:00,0.4924661356200332,1
2026-08-14 14:51:00,0.5058195413073907,1
2026-08-14 14:52:00,0.49186773623169555,1
2026-08-14 14:53:00,0.4854361193872604,1
2026-08-14 14:54:00,0.5097898852246101,1
2026-08-14 14:55:00,0.5635260623124773,1
2026-08-14 14:56:00,0.5405483526946775,1
2026-08-14 14:57:00,0.5588495690901064,1
2026-08-14 14:58:00,0.5269539071451491,1
2026-08-14 14:59:00,0.5053777206451446,1
2026-08-14 15:00:00,0.5256718321252919,1
2026-08-17 09:30:00,0.4624654145922842,1
2026-08-17 09:31:00,0.504390445695202,1
2026-08-17 09:32:00,0.49261961320954023,1
2026-08-17 09:33:00,0.4212940534839546,1
2026-08-17 09:34:00,0.5126737487443884,1
2026-08-17 09:35:00,0.4465314044103882,0
2026-08-17 09:36:00,0.452166577906148,0
2026-08-17 09:37:00,0.4354537051777969,0
2026-08-17 09:38:00,0.4720346198813575,0
2026-08-17 09:39:00,0.5264297218419748,0
2026-08-17 09:40:00,0.5003562869114808,0
2026-08-17 09:41:00,0.48208776116741653,0
2026-08-17 09:42:00,0.4857760780577052,0
2026-08-17 09:43:00,0.4602490678821867,0
2026-08-17 09:44:00,0.48731307892193665,0
2026-08-17 09:45:00,0.5193202098135656,0
2026-08-17 09:46:00,0.47672320131151885,0
2026-08-17 09:47:00,0.5337299184806761,0
2026-08-17 09:48:00,0.43159411885085824,0
2026-08-17 09:49:00,0.4746598051226435,0
2026-08-17 09:50:00,0.40734885295400436,0
2026-08-17 09:51:00,0.41105893273149213,0
2026-08-17 09:52:00,0.44847925852035664,0
2026-08-17 09:53:00,0.4475804674369852,0
2026-08-17 09:54:00,0.4267517293222046,0
2026-08-17 09:55:00,0.47233064950380294,0
2026-08-17 09:56:00,0.4932804394625178,0
2026-08-17 09:57:00,0.42689158931780263,0
2026-08-17 09:58:00,0.4156623446132388,0
2026-08-17 09:59:00,0.4280260610455726,0
2026-08-17 10:00:00,0.4503013099015208,0
2026-08-17 10:01:00,0.41111323544796086,0
2026-08-17 10:02:00,0.4729018141869018,0
2026-08-17 10:03:00,0.4866603934652764,0
2026-08-17 10:04:00,0.5697444346106822,0
2026-08-17 10:05:00,0.4823975965540898,0
2026-08-17 10:06:00,0.4764142156793668,0
2026-08-17 10:07:00,0.5341955046161276,0
2026-08-17 10:08:00,0.4978199604464165,0
2026-08-17 10:09:00,0.4500412307077401,0
2026-08-17 10:10:00,0.4232234607021154,0
2026-08-17 10:11:00,0.43869614504026805,0
2026-08-17 10:12:00,0.520983040804779,0
2026-08-17 10:13:00,0.4835420318002152,0
2026-08-17 10:14:00,0.4654141582511406,0
2026-08-17 10:15:00,0.43737398507115177,0
2026-08-17 10:16:00,0.5075652887023477,0
2026-08-17 10:17:00,0.4618407355584578,0
2026-08-17 10:18:00,0.4695338329416834,0
2026-08-17 10:19:00,0.4516582966889664,0
2026-08-17 10:20:00,0.49958845840557337,0
2026-08-17 10:21:00,0.5712841744314068,0
2026-08-17 10:22:00,0.4833919593598779,0
2026-08-17 10:23:00,0.5141463089374844,0
2026-08-17 10:24:00,0.5495573533924467,1
2026-08-17 10:25:00,0.4610332950971207,1
2026-08-17 10:26:00,0.46969256423703626,1
2026-08-17 10:27:00,0.40829200841272906,1
2026-08-17 10:28:00,0.431317799422822,1
2026-08-17 10:29:00,0.42254414194646944,1
2026-08-17 10:30:00,0.44810669314882334,1
2026-08-17 10:31:00,0.3893474800389497,1
2026-08-17 10:32:00,0.4340870485440655,0
2026-08-17 10:33:00,0.438027222988581,1
2026-08-17 10:34:00,0.43848764247878175,1
2026-08-17 10:35:00,0.4644622890550508,1
2026-08-17 10:36:00,0.44497248826760616,1
2026-08-17 10:37:00,0.4292766708456067,1
2026-08-17 10:38:00,0.45281509355899197,1
2026-08-17 10:39:00,0.3427091049872361,1
2026-08-17 10:40:00,0.323553356004266,1
2026-08-17 10:41:00,0.3693091578499878,1
2026-08-17 10:42:00,0.32324752145955526,1
2026-08-17 10:43:00,0.3793501826614424,1
2026-08-17 10:44:00,0.4109929840979646,1
2026-08-17 10:45:00,0.40330148057448845,1
2026-08-17 10:46:00,0.39271754823763266,1
2026-08-17 10:47:00,0.41455319722544387,1
2026-08-17 10:48:00,0.37085962783895093,1
2026-08-17 10:49:00,0.37263259810966504,1
2026-08-17 10:50:00,0.34016395075650024,1
2026-08-17 10:51:00,0.37842430314385755,1
2026-08-17 10:52:00,0.3861398104794765,1
2026-08-17 10:53:00,0.42300058899239207,1
2026-08-17 10:54:00,0.40435165971131093,1
2026-08-17 10:55:00,0.4379103815813826,1
2026-08-17 10:56:00,0.43112359262281325,1
2026-08-17 10:57:00,0.4255519654455785,1
2026-08-17 10:58:00,0.46069046212488557,1
2026-08-17 10:59:00,0.3359902003727619,1
2026-08-17 11:00:00,0.38810296339061495,1
2026-08-17 11:01:00,0.35349740394907786,1
2026-08-17 11:02:00,0.3818312780131502,1
2026-08-17 11:03:00,0.404027782136388,1
2026-08-17 11:04:00,0.4537398959535133,1
2026-08-17 11:05:00,0.4743540133546193,1
2026-08-17 11:06:00,0.4438983983528148,1
2026-08-17 11:07:00,0.48979800427396947,1
2026-08-17 11:08:00,0.371161448440359,1
2026-08-17 11:09:00,0.3722964814037074,1
2026-08-17 11:10:00,0.3645747551657124,1
2026-08-17 11:11:00,0.40427218524081304,1
2026-08-17 11:12:00,0.4231188991757756,1
2026-08-17 11:13:00,0.49473685998871286,1
2026-08-17 11:14:00,0.44781029733741146,1
2026-08-17 11:15:00,0.4446315945668635,1
2026-08-17 11:16:00,0.361024995795442,1
2026-08-17 11:17:00,0.37677363825613563,1
2026-08-17 11:18:00,0.33250749682397424,1
2026-08-17 11:19:00,0.3481971718831684,1
2026-08-17 11:20:00,0.35796770159873453,1
2026-08-17 11:21:00,0.3533686271390074,1
2026-08-17 11:22:00,0.46042474158618973,0
2026-08-17 11:23:00,0.4319229542671769,0
2026-08-17 11:24:00,0.37311877917126485,0
2026-08-17 11:25:00,0.514250431720603,0
2026-08-17 11:26:00,0.4267737546099256,0
2026-08-17 11:27:00,0.4977053950851494,0
2026-08-17 11:28:00,0.42521300651096844,0
2026-08-17 11:29:00,0.43133683541863,0
2026-08-17 11:30:00,0.43667964715347823,0
2026-08-17 13:01:00,0.42169157297635756,1
2026-08-17 13:02:00,0.4169392296748784,0
2026-08-17 13:03:00,0.37794941113922187,0
2026-08-17 13:04:00,0.3987537434711483,0
2026-08-17 13:05:00,0.40522641163788087,0
2026-08-17 13:06:00,0.37611191180070835,0
2026-08-17 13:07:00,0.36052060665881586,0
2026-08-17 13:08:00,0.38755131696866596,0
2026-08-17 13:09:00,0.38311569628356307,0
2026-08-17 13:10:00,0.3819447420784686,0
2026-08-17 13:11:00,0.4026833135376123,0
2026-08-17 13:12:00,0.36994696158608176,0
2026-08-17 13:13:00,0.3506941746727493,0
2026-08-17 13:14:00,0.3734068380407617,0
2026-08-17 13:15:00,0.3722886339839104,0
2026-08-17 13:16:00,0.3803719231390449,0
2026-08-17 13:17:00,0.3982521159196539,0
2026-08-17 13:18:00,0.3812937685374533,0
2026-08-17 13:19:00,0.39814440458136896,1
2026-08-17 13:20:00,0.41121065527636735,0
2026-08-17 13:21:00,0.3906016934101562,1
2026-08-17 13:22:00,0.3684233451777238,1
2026-08-17 13:23:00,0.42962592841604874,1
2026-08-17 13:24:00,0.3395096674910802,0
2026-08-17 13:25:00,0.4147165787552346,0
2026-08-17 13:26:00,0.37841439590791254,1
2026-08-17 13:27:00,0.38852265875207825,1
2026-08-17 13:28:00,0.3176650915979426,1
2026-08-17 13:29:00,0.388428579714573,1
2026-08-17 13:30:00,0.45166505098764304,1
2026-08-17 13:31:00,0.35080557841858223,1
2026-08-17 13:32:00,0.3490293319408224,0
2026-08-17 13:33:00,0.3706485715208675,1
2026-08-17 13:34:00,0.3280557937602026,0
2026-08-17 13:35:00,0.3625789328897411,1
2026-08-17 13:36:00,0.3283367862894647,1
2026-08-17 13:37:00,0.3821531098680272,0
2026-08-17 13:38:00,0.3645089580038861,1
2026-08-17 13:39:00,0.4146001288426487,1
2026-08-17 13:40:00,0.3764289952656262,1
2026-08-17 13:41:00,0.3538843562953475,0
2026-08-17 13:42:00,0.3962807295906013,0
2026-08-17 13:43:00,0.34131942591840614,0
2026-08-17 13:44:00,0.3621804061590653,1
2026-08-17 13:45:00,0.3583876421793603,1
2026-08-17 13:46:00,0.3789902496228638,1
2026-08-17 13:47:00,0.4176797772701307,1
2026-08-17 13:48:00,0.38477508091811446,1
2026-08-17 13:49:00,0.3302813600440484,1
2026-08-17 13:50:00,0.3718065803131565,1
2026-08-17 13:51:00,0.33739423438343985,1
2026-08-17 13:52:00,0.3989071797639738,1
2026-08-17 13:53:00,0.34841040200790657,0
2026-08-17 13:54:00,0.4113329397858448,0
2026-08-17 13:55:00,0.36250462212633633,0
2026-08-17 13:56:00,0.38509935861732025,1
2026-08-17 13:57:00,0.35741079390361424,0
2026-08-17 13:58:00,0.33779094065343385,0
2026-08-17 13:59:00,0.34914850179054546,0
2026-08-17 14:00:00,0.36684927406150786,1
2026-08-17 14:01:00,0.3587407447306631,0
2026-08-17 14:02:00,0.38004372399015646,0
2026-08-17 14:03:00,0.33325525333552436,0
2026-08-17 14:04:00,0.4079769962139742,0
2026-08-17 14:05:00,0.3483228193730989,0
2026-08-17 14:06:00,0.3352263583494398,0
2026-08-17 14:07:00,0.3805088235073985,0
2026-08-17 14:08:00,0.33418540024428295,1
2026-08-17 14:09:00,0.361742355701293,1
2026-08-17 14:10:00,0.37500634581171977,1
2026-08-17 14:11:00,0.3244202202144073,1
2026-08-17 14:12:00,0.3659603363717176,1
2026-08-17 14:13:00,0.3023621656118806,1
2026-08-17 14:14:00,0.355983133782746,1
2026-08-17 14:15:00,0.31577550139616556,1
2026-08-17 14:16:00,0.3232956090578787,1
2026-08-17 14:17:00,0.3547133203375722,1
2026-08-17 14:18:00,0.34078184238809495,1
2026-08-17 14:19:00,0.34887084750109243,1
2026-08-17 14:20:00,0.35532722713990506,1
2026-08-17 14:21:00,0.2635188412579957,1
2026-08-17 14:22:00,0.35123723597898404,1
2026-08-17 14:23:00,0.40858409764490694,1
2026-08-17 14:24:00,0.4206987250099352,1
2026-08-17 14:25:00,0.3013988158283615,1
2026-08-17 14:26:00,0.3782440927026997,1
2026-08-17 14:27:00,0.3481594995222469,1
2026-08-17 14:28:00,0.3262916198173313,1
2026-08-17 14:29:00,0.32426884078985807,1
2026-08-17 14:30:00,0.33113313207868494,1
2026-08-17 14:31:00,0.41553493324195395,1
2026-08-17 14:32:00,0.35734582272565546,1
2026-08-17 14:33:00,0.38816849243844703,1
2026-08-17 14:34:00,0.4012007506336447,1
2026-08-17 14:35:00,0.42889084668545396,1
2026-08-17 14:36:00,0.4365769949360532,1
2026-08-17 14:37:00,0.3680804400208381,0
2026-08-17 14:38:00,0.32168079865346855,0
2026-08-17 14:39:00,0.3849181682138826,0
2026-08-17 14:40:00,0.44463326249668256,1
2026-08-17 14:41:00,0.44397199679812976,1
2026-08-17 14:42:00,0.5053997167565428,1
2026-08-17 14:43:00,0.45096135241796703,1
2026-08-17 14:44:00,0.504609074614987,1
2026-08-17 14:45:00,0.5358177515768231,0
2026-08-17 14:46:00,0.5151874469877614,0
2026-08-17 14:47:00,0.5730079995085917,0
2026-08-17 14:48:00,0.5581758376656579,0
2026-08-17 14:49:00,0.5466514234084181,0
2026-08-17 14:50:00,0.543102747569622,0
2026-08-17 14:51:00,0.5299301082205728,0
2026-08-17 14:52:00,0.5535490184698817,1
2026-08-17 14:53:00,0.5318638492283728,1
2026-08-17 14:54:00,0.6298683864876936,1
2026-08-17 14:55:00,0.6201834619976424,1
2026-08-17 14:56:00,0.5621602910746928,1
2026-08-17 14:57:00,0.5670561646795148,1
2026-08-17 14:58:00,0.4378488249788259,1
2026-08-17 14:59:00,0.4387542626978436,1
2026-08-17 15:00:00,0.5474949903526567,1
2026-08-18 09:30:00,0.5518036694463297,1
2026-08-18 09:31:00,0.4133724166026456,1
2026-08-18 09:32:00,0.4455408752071246,1
2026-08-18 09:33:00,0.4644639103355392,1
2026-08-18 09:34:00,0.4511344706669139,1
2026-08-18 09:35:00,0.4779076954029889,1
2026-08-18 09:36:00,0.47178608793852916,0
2026-08-18 09:37:00,0.4297508284065694,0
2026-08-18 09:38:00,0.43788183718885815,0
2026-08-18 09:39:00,0.4907555408379575,0
2026-08-18 09:40:00,0.45525505450745246,0
2026-08-18 09:41:00,0.4402946929401815,0
2026-08-18 09:42:00,0.46739336998277764,0
2026-08-18 09:43:00,0.466214519171774,0
2026-08-18 09:44:00,0.4824472373608842,0
2026-08-18 09:45:00,0.47199242278394027,0
2026-08-18 09:46:00,0.49079926484578384,0
2026-08-18 09:47:00,0.4033205323397619,1
2026-08-18 09:48:00,0.4175280446602634,1
2026-08-18 09:49:00,0.39728333743660177,0
2026-08-18 09:50:00,0.4105944256543535,0
2026-08-18 09:51:00,0.4655332089039819,0
2026-08-18 09:52:00,0.42444282701860625,1
2026-08-18 09:53:00,0.4091672321178013,1
2026-08-18 09:54:00,0.4466337426230969,1
2026-08-18 09:55:00,0.4113590773104927,1
2026-08-18 09:56:00,0.4375428602969692,1
2026-08-18 09:57:00,0.4027742784989166,1
2026-08-18 09:58:00,0.5092912018089829,1
2026-08-18 09:59:00,0.46586675538200495,1
2026-08-18 10:00:00,0.485690101023312,1
2026-08-18 10:01:00,0.3546472816600675,1
2026-08-18 10:02:00,0.4000773395037335,1
2026-08-18 10:03:00,0.40485221069929217,1
2026-08-18 10:04:00,0.4348045306540341,1
2026-08-18 10:05:00,0.4570010943858969,1
2026-08-18 10:06:00,0.4605031746695448,1
2026-08-18 10:07:00,0.475158011465843,1
2026-08-18 10:08:00,0.37641704332987647,1
2026-08-18 10:09:00,0.48611013017375254,1
2026-08-18 10:10:00,0.3210335435638692,1
2026-08-18 10:11:00,0.3733854401433679,1
2026-08-18 10:12:00,0.3618913507974137,0
2026-08-18 10:13:00,0.35695494173447545,0
2026-08-18 10:14:00,0.39257491525952154,0
2026-08-18 10:15:00,0.431696288836444,1
2026-08-18 10:16:00,0.42855862830062985,1
2026-08-18 10:17:00,0.4279141050535131,1
2026-08-18 10:18:00,0.4315703925061837,1
2026-08-18 10:19:00,0.4018031168617646,1
2026-08-18 10:20:00,0.3788595131767431,1
2026-08-18 10:21:00,0.4290771569408301,1
2026-08-18 10:22:00,0.42256857637721806,1
2026-08-18 10:23:00,0.4309467561452823,1
2026-08-18 10:24:00,0.3822839634331306,1
2026-08-18 10:25:00,0.3742619222186713,1
2026-08-18 10:26:00,0.4193596989216345,1
2026-08-18 10:27:00,0.4199302784234341,1
2026-08-18 10:28:00,0.4203388148174406,1
2026-08-18 10:29:00,0.4115564315739973,1
2026-08-18 10:30:00,0.4265669139572418,1
2026-08-18 10:31:00,0.38851897792218043,1
2026-08-18 10:32:00,0.3585982396277971,1
2026-08-18 10:33:00,0.38246792371049726,1
2026-08-18 10:34:00,0.3367355187337077,1
2026-08-18 10:35:00,0.3938787384866606,1
2026-08-18 10:36:00,0.37179222172097265,0
2026-08-18 10:37:00,0.3900057196223059,0
2026-08-18 10:38:00,0.3870397734263015,0
2026-08-18 10:39:00,0.42816064972912093,0
2026-08-18 10:40:00,0.4226445108568985,0
2026-08-18 10:41:00,0.42154153688483426,0
2026-08-18 10:42:00,0.42042772872985895,0
2026-08-18 10:43:00,0.42284595315226026,0
2026-08-18 10:44:00,0.44809579027964985,0
2026-08-18 10:45:00,0.36885735073831993,0
2026-08-18 10:46:00,0.3986379810195599,0
2026-08-18 10:47:00,0.44703843371722596,0
2026-08-18 10:48:00,0.4034980192057359,0
2026-08-18 10:49:00,0.39706318720629974,0
2026-08-18 10:50:00,0.4296305042561637,0
2026-08-18 10:51:00,0.39201502462977955,0
2026-08-18 10:52:00,0.4188324208283215,0
2026-08-18 10:53:00,0.40261900930419636,0
2026-08-18 10:54:00,0.3707839536601667,0
2026-08-18 10:55:00,0.36732702937651524,0
2026-08-18 10:56:00,0.4184474997419392,0
2026-08-18 10:57:00,0.42403434131461004,0
2026-08-18 10:58:00,0.4157843381759474,1
2026-08-18 10:59:00,0.4709312874710419,1
2026-08-18 11:00:00,0.3834556230102612,0
2026-08-18 11:01:00,0.3606597422779848,0
2026-08-18 11:02:00,0.3683298418984965,1
2026-08-18 11:03:00,0.3474868971634988,1
2026-08-18 11:04:00,0.377902044693077,1
2026-08-18 11:05:00,0.43678174451465795,1
2026-08-18 11:06:00,0.40938115829533084,1
2026-08-18 11:07:00,0.4787151108494737,1
2026-08-18 11:08:00,0.4402390940945865,1
2026-08-18 11:09:00,0.472332851242945,1
2026-08-18 11:10:00,0.4458630382027541,1
2026-08-18 11:11:00,0.3761929574078323,1
2026-08-18 11:12:00,0.4229772225707215,1
2026-08-18 11:13:00,0.35419828074237203,1
2026-08-18 11:14:00,0.40899128215847214,1
2026-08-18 11:15:00,0.41750898967365063,1
2026-08-18 11:16:00,0.4242180871701167,1
2026-08-18 11:17:00,0.3373242874894876,1
2026-08-18 11:18:00,0.3534315894917651,1
2026-08-18 11:19:00,0.36339053997355714,0
2026-08-18 11:20:00,0.3944348240246596,1
2026-08-18 11:21:00,0.3771770787717709,1
2026-08-18 11:22:00,0.4112793294013919,1
2026-08-18 11:23:00,0.3966599161021414,1
2026-08-18 11:24:00,0.39907872530905586,1
2026-08-18 11:25:00,0.3892854184427188,1
2026-08-18 11:26:00,0.36510097164574784,0
2026-08-18 11:27:00,0.38496136647368084,0
2026-08-18 11:28:00,0.3986534466892216,0
2026-08-18 11:29:00,0.41983122134380335,0
2026-08-18 11:30:00,0.36301056445453134,0
2026-08-18 13:01:00,0.3845945702378723,0
2026-08-18 13:02:00,0.3994484098196303,1
2026-08-18 13:03:00,0.37288058866750445,1
2026-08-18 13:04:00,0.3552142742197467,0
2026-08-18 13:05:00,0.3349321815449305,0
2026-08-18 13:06:00,0.39651297588040046,0
2026-08-18 13:07:00,0.38291676761268095,0
2026-08-18 13:08:00,0.41348293932233715,1
2026-08-18 13:09:00,0.35183245644197997,0
2026-08-18 13:10:00,0.34543527068084545,1
2026-08-18 13:11:00,0.3994097571383307,1
2026-08-18 13:12:00,0.38263229037462965,1
2026-08-18 13:13:00,0.38522087251942666,1
2026-08-18 13:14:00,0.39901714443244757,1
2026-08-18 13:15:00,0.4348114118850249,1
2026-08-18 13:16:00,0.3579087745408829,1
2026-08-18 13:17:00,0.38969080402999845,1
2026-08-18 13:18:00,0.37617160248817894,1
2026-08-18 13:19:00,0.3108453541033936,1
2026-08-18 13:20:00,0.35511293131286165,1
2026-08-18 13:21:00,0.38870829012380226,1
2026-08-18 13:22:00,0.389821975182245,1
2026-08-18 13:23:00,0.3507667579631409,1
2026-08-18 13:24:00,0.35851744480474246,1
2026-08-18 13:25:00,0.3653666439091897,1
2026-08-18 13:26:00,0.3577852309511941,1
2026-08-18 13:27:00,0.3706070336730551,1
2026-08-18 13:28:00,0.4081326281793122,1
2026-08-18 13:29:00,0.40619739166946217,1
2026-08-18 13:30:00,0.3692410814613203,1
2026-08-18 13:31:00,0.39087332642167333,1
2026-08-18 13:32:00,0.36864109985247534,1
2026-08-18 13:33:00,0.40773573158116366,1
2026-08-18 13:34:00,0.42262225803993775,1
2026-08-18 13:35:00,0.43236215718643733,0
2026-08-18 13:36:00,0.36260460570273767,1
2026-08-18 13:37:00,0.4013755943420632,1
2026-08-18 13:38:00,0.4133290406193607,1
2026-08-18 13:39:00,0.361902284922699,1
2026-08-18 13:40:00,0.39746121697932146,0
2026-08-18 13:41:00,0.36864806881457307,1
2026-08-18 13:42:00,0.36481915605538306,1
2026-08-18 13:43:00,0.4492466072008967,1
2026-08-18 13:44:00,0.43306004463435094,0
2026-08-18 13:45:00,0.3683726825332538,0
2026-08-18 13:46:00,0.41100607449911125,0
2026-08-18 13:47:00,0.39070706137305206,0
2026-08-18 13:48:00,0.35539350349190757,0
2026-08-18 13:49:00,0.3967594217495134,0
2026-08-18 13:50:00,0.3321537372389314,0
2026-08-18 13:51:00,0.3361106270046189,0
2026-08-18 13:52:00,0.3266226818957296,0
2026-08-18 13:53:00,0.3231948295340717,0
2026-08-18 13:54:00,0.39515314012222924,0
2026-08-18 13:55:00,0.3524950205521339,0
2026-08-18 13:56:00,0.3668755204035971,0
2026-08-18 13:57:00,0.3116185098307839,0
2026-08-18 13:58:00,0.3234544959087264,0
2026-08-18 13:59:00,0.326289633533305,0
2026-08-18 14:00:00,0.4133281842050344,1
2026-08-18 14:01:00,0.36842252395859176,1
2026-08-18 14:02:00,0.31615636335579594,1
2026-08-18 14:03:00,0.30136434251823496,0
2026-08-18 14:04:00,0.3240640778428983,0
2026-08-18 14:05:00,0.30608726442828665,0
2026-08-18 14:06:00,0.39422776999719117,1
2026-08-18 14:07:00,0.31361839156922994,1
2026-08-18 14:08:00,0.30694101764980425,1
2026-08-18 14:09:00,0.3270204824845948,1
2026-08-18 14:10:00,0.304928167531351,1
2026-08-18 14:11:00,0.3769030673587347,1
2026-08-18 14:12:00,0.3602806154301736,1
2026-08-18 14:13:00,0.29742836704144543,1
2026-08-18 14:14:00,0.37627096066408755,1
2026-08-18 14:15:00,0.39358032774790996,1
2026-08-18 14:16:00,0.3293665007986884,1
2026-08-18 14:17:00,0.2995930767899393,1
2026-08-18 14:18:00,0.3413343654034913,1
2026-08-18 14:19:00,0.3074894758879619,1
2026-08-18 14:20:00,0.3254657110075271,1
2026-08-18 14:21:00,0.32876990982344456,1
2026-08-18 14:22:00,0.379040434509764,1
2026-08-18 14:23:00,0.3779268059875665,1
2026-08-18 14:24:00,0.4251888914110261,1
2026-08-18 14:25:00,0.39004058980566625,1
2026-08-18 14:26:00,0.30666987845728555,1
2026-08-18 14:27:00,0.31958613614520776,1
2026-08-18 14:28:00,0.3861332193910818,1
2026-08-18 14:29:00,0.2922821832272702,1
2026-08-18 14:30:00,0.320190830315238,1
2026-08-18 14:31:00,0.41593962605457596,1
2026-08-18 14:32:00,0.43083872652926714,1
2026-08-18 14:33:00,0.43209239167064956,1
2026-08-18 14:34:00,0.5001736218817847,1
2026-08-18 14:35:00,0.43449788857390476,1
2026-08-18 14:36:00,0.47108001109557973,1
2026-08-18 14:37:00,0.431669727841192,1
2026-08-18 14:38:00,0.4620997661994765,1
2026-08-18 14:39:00,0.40355505286162663,1
2026-08-18 14:40:00,0.4292312731320105,1
2026-08-18 14:41:00,0.4377534623781822,1
2026-08-18 14:42:00,0.513289975058858,1
2026-08-18 14:43:00,0.5550451559536911,1
2026-08-18 14:44:00,0.565332626030034,1
2026-08-18 14:45:00,0.5286752286738974,1
2026-08-18 14:46:00,0.5984075658336435,0
2026-08-18 14:47:00,0.5306287355200434,0
2026-08-18 14:48:00,0.5621244411578062,0
2026-08-18 14:49:00,0.4157193811677142,0
2026-08-18 14:50:00,0.4935484963920288,0
2026-08-18 14:51:00,0.43577797703927496,0
2026-08-18 14:52:00,0.5217970707852795,0
2026-08-18 14:53:00,0.37815121437282884,0
2026-08-18 14:54:00,0.479479988692575,0
2026-08-18 14:55:00,0.5078294815800718,0
2026-08-18 14:56:00,0.5209501863242154,0
2026-08-18 14:57:00,0.5735274845646161,0
2026-08-18 14:58:00,0.6333854688373366,0
2026-08-18 14:59:00,0.557943746474621,0
2026-08-18 15:00:00,0.6017954011191939,0
2026-08-19 09:30:00,0.5462765939259822,0
2026-08-19 09:31:00,0.5791354736187114,0
2026-08-19 09:32:00,0.5617314506996159,0
2026-08-19 09:33:00,0.5906027950066592,0
2026-08-19 09:34:00,0.40296667607218145,0
2026-08-19 09:35:00,0.4816683393288436,0
2026-08-19 09:36:00,0.43658806263785216,0
2026-08-19 09:37:00,0.43538563487370363,0
2026-08-19 09:38:00,0.42378624023268047,0
2026-08-19 09:39:00,0.3782642995151972,0
2026-08-19 09:40:00,0.379846342493865,0
2026-08-19 09:41:00,0.44426255730912806,0
2026-08-19 09:42:00,0.47462525125915483,0
2026-08-19 09:43:00,0.3974802705256383,0
2026-08-19 09:44:00,0.48513454370166786,0
2026-08-19 09:45:00,0.49396912370574325,0
2026-08-19 09:46:00,0.47670829990375885,0
2026-08-19 09:47:00,0.4506646223139954,0
2026-08-19 09:48:00,0.4362017056434408,0
2026-08-19 09:49:00,0.4630057881158758,0
2026-08-19 09:50:00,0.42477083164596835,0
2026-08-19 09:51:00,0.49842526522026104,0
2026-08-19 09:52:00,0.5269387423751423,0
2026-08-19 09:53:00,0.483747577995111,0
2026-08-19 09:54:00,0.40628008607606114,0
2026-08-19 09:55:00,0.3820320231961199,0
2026-08-19 09:56:00,0.4039777377886296,0
2026-08-19 09:57:00,0.4665026504252577,0
2026-08-19 09:58:00,0.46621488857282634,0
2026-08-19 09:59:00,0.45703587419949626,0
2026-08-19 10:00:00,0.4719989190312037,0
2026-08-19 10:01:00,0.4502028370462081,0
2026-08-19 10:02:00,0.48910130103820115,0
2026-08-19 10:03:00,0.4861231282723544,0
2026-08-19 10:04:00,0.4713773150240188,0
2026-08-19 10:05:00,0.47281404689286377,0
2026-08-19 10:06:00,0.49416933647113204,0
2026-08-19 10:07:00,0.5166171971632241,0
2026-08-19 10:08:00,0.48192545620252375,0
2026-08-19 10:09:00,0.4765353025656542,0
2026-08-19 10:10:00,0.49146519690590484,0
2026-08-19 10:11:00,0.44101336121196694,0
2026-08-19 10:12:00,0.47067569843126283,0
2026-08-19 10:13:00,0.47406471236181286,1
2026-08-19 10:14:00,0.5399971710954661,0
2026-08-19 10:15:00,0.5304265616896074,0
2026-08-19 10:16:00,0.6313034256762694,1
2026-08-19 10:17:00,0.5859741654551142,0
2026-08-19 10:18:00,0.5965562825828796,1
2026-08-19 10:19:00,0.6232681957719134,1
2026-08-19 10:20:00,0.5752411478332521,1
2026-08-19 10:21:00,0.41811952415309095,1
2026-08-19 10:22:00,0.3522834748447708,0
2026-08-19 10:23:00,0.36428179538028765,0
2026-08-19 10:24:00,0.41435974387917085,0
2026-08-19 10:25:00,0.4474108155513896,0
2026-08-19 10:26:00,0.4609560020350389,1
2026-08-19 10:27:00,0.42867864292710106,0
2026-08-19 10:28:00,0.4337206084623301,0
2026-08-19 10:29:00,0.438506907324256,0
2026-08-19 10:30:00,0.4772075843843427,0
2026-08-19 10:31:00,0.4474298425636944,1
2026-08-19 10:32:00,0.45817836567669157,1
2026-08-19 10:33:00,0.48184831868698574,1
2026-08-19 10:34:00,0.4496891085773359,1
2026-08-19 10:35:00,0.4502804624891984,1
2026-08-19 10:36:00,0.3610140168890712,1
2026-08-19 10:37:00,0.4237045973148605,1
2026-08-19 10:38:00,0.4521281860420334,1
2026-08-19 10:39:00,0.44424545378063235,1
2026-08-19 10:40:00,0.4464066006778795,1
2026-08-19 10:41:00,0.37440056985881204,0
2026-08-19 10:42:00,0.3835484345373797,0
2026-08-19 10:43:00,0.362824702629728,0
2026-08-19 10:44:00,0.4526191656467661,1
2026-08-19 10:45:00,0.44881788836991354,1
2026-08-19 10:46:00,0.4363859336733219,0
2026-08-19 10:47:00,0.4117144130311313,0
2026-08-19 10:48:00,0.37569303373895135,0
2026-08-19 10:49:00,0.39413304493560447,0
2026-08-19 10:50:00,0.3594553861690983,0
2026-08-19 10:51:00,0.39628979630634303,0
2026-08-19 10:52:00,0.4580908901255101,0
2026-08-19 10:53:00,0.4644160452664669,0
2026-08-19 10:54:00,0.4354368379960535,0
2026-08-19 10:55:00,0.46696783474663023,0
2026-08-19 10:56:00,0.4727985769270572,0
2026-08-19 10:57:00,0.42694560588096875,0
2026-08-19 10:58:00,0.42526095278596204,0
2026-08-19 10:59:00,0.414958536555436,0
2026-08-19 11:00:00,0.42117260079629065,0
2026-08-19 11:01:00,0.46226077951425065,0
2026-08-19 11:02:00,0.4552985021855813,0
2026-08-19 11:03:00,0.49060210523445497,0
2026-08-19 11:04:00,0.46840969581142167,0
2026-08-19 11:05:00,0.46260966526287667,0
2026-08-19 11:06:00,0.44492476911804324,0
2026-08-19 11:07:00,0.47158953677411547,0
2026-08-19 11:08:00,0.47652067199533643,0
2026-08-19 11:09:00,0.47000460872253574,0
2026-08-19 11:10:00,0.47221680746883266,0
2026-08-19 11:11:00,0.411120535241169,0
2026-08-19 11:12:00,0.45277414861659526,0
2026-08-19 11:13:00,0.46310867179754833,0
2026-08-19 11:14:00,0.49824104539234226,0
2026-08-19 11:15:00,0.4695319392184416,0
2026-08-19 11:16:00,0.44623910836209785,0
2026-08-19 11:17:00,0.438554387506202,0
2026-08-19 11:18:00,0.4342532498592077,0
2026-08-19 11:19:00,0.44014123910270897,0
2026-08-19 11:20:00,0.4310578747254138,0
2026-08-19 11:21:00,0.467239892622571,0
2026-08-19 11:22:00,0.44103481541867157,0
2026-08-19 11:23:00,0.4326783032214576,0
2026-08-19 11:24:00,0.42963694112057693,0
2026-08-19 11:25:00,0.4154420149646835,0
2026-08-19 11:26:00,0.46323618603061134,0
2026-08-19 11:27:00,0.4501068914486937,0
2026-08-19 11:28:00,0.4445437113917481,0
2026-08-19 11:29:00,0.45007869106231185,0
2026-08-19 11:30:00,0.41734619947836804,0
2026-08-19 13:01:00,0.45757773471767993,0
2026-08-19 13:02:00,0.3969919374375854,0
2026-08-19 13:03:00,0.4310351847841786,0
2026-08-19 13:04:00,0.4842137525996279,0
2026-08-19 13:05:00,0.4891050852494152,0
2026-08-19 13:06:00,0.4335349876301253,0
2026-08-19 13:07:00,0.40127990464489327,0
2026-08-19 13:08:00,0.4706533994734237,1
2026-08-19 13:09:00,0.4235699731104555,1
2026-08-19 13:10:00,0.34522845449413503,1
2026-08-19 13:11:00,0.34353777781087835,0
2026-08-19 13:12:00,0.4452450237130994,1
2026-08-19 13:13:00,0.42941492683670524,1
2026-08-19 13:14:00,0.453915101540732,1
2026-08-19 13:15:00,0.4194989567896518,1
2026-08-19 13:16:00,0.4066490337153016,1
2026-08-19 13:17:00,0.4702562072731941,1
2026-08-19 13:18:00,0.44119422277804893,1
2026-08-19 13:19:00,0.4717812592195281,1
2026-08-19 13:20:00,0.44959565046081695,1
2026-08-19 13:21:00,0.3966490842193638,1
2026-08-19 13:22:00,0.29353558857619144,0
2026-08-19 13:23:00,0.3042142818781996,0
2026-08-19 13:24:00,0.2895909375240078,0
2026-08-19 13:25:00,0.2841767924485299,0
2026-08-19 13:26:00,0.38792334317571725,0
2026-08-19 13:27:00,0.3591129279153799,0
2026-08-19 13:28:00,0.3642643399022589,0
2026-08-19 13:29:00,0.35040957780605664,0
2026-08-19 13:30:00,0.34826189522624645,0
2026-08-19 13:31:00,0.3460657929805392,0
2026-08-19 13:32:00,0.35186550645319903,0
2026-08-19 13:33:00,0.3108469344984276,0
2026-08-19 13:34:00,0.3148637537149098,0
2026-08-19 13:35:00,0.33128143129034576,0
2026-08-19 13:36:00,0.3712501775806199,0
2026-08-19 13:37:00,0.395832301772144,0
2026-08-19 13:38:00,0.4348369500034426,0
2026-08-19 13:39:00,0.42563434841015757,0
2026-08-19 13:40:00,0.4095809449290328,0
2026-08-19 13:41:00,0.3924082997334499,0
2026-08-19 13:42:00,0.41248815767192576,0
2026-08-19 13:43:00,0.3826796252842874,0
2026-08-19 13:44:00,0.3765742609426371,0
2026-08-19 13:45:00,0.43093757410692,0
2026-08-19 13:46:00,0.40872523832442315,0
2026-08-19 13:47:00,0.544370291378687,0
2026-08-19 13:48:00,0.42388543857267696,0
2026-08-19 13:49:00,0.45410097128352706,0
2026-08-19 13:50:00,0.406950664458019,0
2026-08-19 13:51:00,0.3469529933968951,0
2026-08-19 13:52:00,0.49825415818100105,0
2026-08-19 13:53:00,0.4490551056379644,0
2026-08-19 13:54:00,0.4819591073457102,0
2026-08-19 13:55:00,0.4175657576692088,0
2026-08-19 13:56:00,0.4874047646058178,0
2026-08-19 13:57:00,0.34718226460694074,0
2026-08-19 13:58:00,0.3993049640320604,0
2026-08-19 13:59:00,0.3489954139027925,0
2026-08-19 14:00:00,0.3691135920049284,0
2026-08-19 14:01:00,0.417954013855702,0
2026-08-19 14:02:00,0.3933101424323658,0
2026-08-19 14:03:00,0.35547034263012006,0
2026-08-19 14:04:00,0.4225725103316959,0
2026-08-19 14:05:00,0.39545661388233444,0
2026-08-19 14:06:00,0.37657011656025047,0
2026-08-19 14:07:00,0.4185493335816875,0
2026-08-19 14:08:00,0.39671756367762184,0
2026-08-19 14:09:00,0.4018134691652972,0
2026-08-19 14:10:00,0.4158601290303701,0
2026-08-19 14:11:00,0.3869772380471103,0
2026-08-19 14:12:00,0.393737488944892,0
2026-08-19 14:13:00,0.36002998744612597,0
2026-08-19 14:14:00,0.3093817078555634,0
2026-08-19 14:15:00,0.38230176380771713,0
2026-08-19 14:16:00,0.3545894253551463,0
2026-08-19 14:17:00,0.433834932730739,0
2026-08-19 14:18:00,0.4495106424851374,0
2026-08-19 14:19:00,0.4378108360296683,0
2026-08-19 14:20:00,0.3914701377396335,0
2026-08-19 14:21:00,0.38762449269306276,0
2026-08-19 14:22:00,0.35157542616929904,0
2026-08-19 14:23:00,0.3442265345557292,0
2026-08-19 14:24:00,0.31297674699118017,0
2026-08-19 14:25:00,0.406890493424778,0
2026-08-19 14:26:00,0.36684608944880426,0
2026-08-19 14:27:00,0.4332554206549346,0
2026-08-19 14:28:00,0.3757744540768954,0
2026-08-19 14:29:00,0.3747251888327193,0
2026-08-19 14:30:00,0.31959917490186984,0
2026-08-19 14:31:00,0.3607346460560855,0
2026-08-19 14:32:00,0.4138841401121821,1
2026-08-19 14:33:00,0.24658938987656367,0
2026-08-19 14:34:00,0.3200013313851297,0
2026-08-19 14:35:00,0.28829091378069394,0
2026-08-19 14:36:00,0.3438931656470049,1
2026-08-19 14:37:00,0.3728241027213849,1
2026-08-19 14:38:00,0.36582225985158107,1
2026-08-19 14:39:00,0.36556603774888835,1
2026-08-19 14:40:00,0.35718013901293116,1
2026-08-19 14:41:00,0.4072998237667925,1
2026-08-19 14:42:00,0.4279076504184338,1
2026-08-19 14:43:00,0.42436312006969784,1
2026-08-19 14:44:00,0.4197466491662575,1
2026-08-19 14:45:00,0.4578239452685981,1
2026-08-19 14:46:00,0.45594669933144927,1
2026-08-19 14:47:00,0.43186172522803284,1
2026-08-19 14:48:00,0.339380543918617,1
2026-08-19 14:49:00,0.3629000251894994,1
2026-08-19 14:50:00,0.38431800646892667,1
2026-08-19 14:51:00,0.4504331649869812,1
2026-08-19 14:52:00,0.47636141087721606,1
2026-08-19 14:53:00,0.46364846700078277,0
2026-08-19 14:54:00,0.46575011908789876,1
2026-08-19 14:55:00,0.4916935025407104,1
2026-08-19 14:56:00,0.5277110725279311,0
2026-08-19 14:57:00,0.4981794234026322,0
2026-08-19 14:58:00,0.45464750679678056,1
2026-08-19 14:59:00,0.4653397866853464,0
2026-08-19 15:00:00,0.5326177442904999,1
2026-08-20 09:30:00,0.4305247184754871,0
2026-08-20 09:31:00,0.4780329578667472,0
2026-08-20 09:32:00,0.4482454544792835,0
2026-08-20 09:33:00,0.4208434325050386,0
2026-08-20 09:34:00,0.3958094972091639,0
2026-08-20 09:35:00,0.4603276461571436,0
2026-08-20 09:36:00,0.5312454605869931,0
2026-08-20 09:37:00,0.4679282772077321,0
2026-08-20 09:38:00,0.47947558093568493,0
2026-08-20 09:39:00,0.5175630175020748,0
2026-08-20 09:40:00,0.4410832692973546,1
2026-08-20 09:41:00,0.4558426901332552,1
2026-08-20 09:42:00,0.44895209774678124,0
2026-08-20 09:43:00,0.4156313662870561,1
2026-08-20 09:44:00,0.42886535045806595,1
2026-08-20 09:45:00,0.4423731976889906,1
2026-08-20 09:46:00,0.4324938063063987,1
2026-08-20 09:47:00,0.42737825253251416,1
2026-08-20 09:48:00,0.45589049407649146,1
2026-08-20 09:49:00,0.42890786256327823,1
2026-08-20 09:50:00,0.4312533162613355,1
2026-08-20 09:51:00,0.3956292994710227,1
2026-08-20 09:52:00,0.4760222017079995,1
2026-08-20 09:53:00,0.4194271246969883,1
2026-08-20 09:54:00,0.5337372223490887,1
2026-08-20 09:55:00,0.48885817750976646,1
2026-08-20 09:56:00,0.4169151476716934,0
2026-08-20 09:57:00,0.4204700745549394,0
2026-08-20 09:58:00,0.347080180965798,0
2026-08-20 09:59:00,0.4531529377433663,0
2026-08-20 10:00:00,0.4293688281900094,0
2026-08-20 10:01:00,0.47544117732948593,0
2026-08-20 10:02:00,0.45979394195908047,0
2026-08-20 10:03:00,0.38646888283848785,0
2026-08-20 10:04:00,0.46289584851633886,0
2026-08-20 10:05:00,0.48174663617956237,0
2026-08-20 10:06:00,0.5100057395035213,0
2026-08-20 10:07:00,0.4526017458277691,0
2026-08-20 10:08:00,0.479985385881576,0
2026-08-20 10:09:00,0.45413420633473284,0
2026-08-20 10:10:00,0.386508578868752,0
2026-08-20 10:11:00,0.4473530496175835,0
2026-08-20 10:12:00,0.43365152359905473,0
2026-08-20 10:13:00,0.48084610655082644,0
2026-08-20 10:14:00,0.5802291006804736,0
2026-08-20 10:15:00,0.531682139532453,0
2026-08-20 10:16:00,0.526325756968294,0
2026-08-20 10:17:00,0.5836331869631517,0
2026-08-20 10:18:00,0.5462201052898484,0
2026-08-20 10:19:00,0.5485483514189706,0
2026-08-20 10:20:00,0.5879761356653431,0
2026-08-20 10:21:00,0.5943410079136942,0
2026-08-20 10:22:00,0.5629904516849091,0
2026-08-20 10:23:00,0.5589102866583672,0
2026-08-20 10:24:00,0.44594736580577904,0
2026-08-20 10:25:00,0.4140292633911078,0
2026-08-20 10:26:00,0.4714866117986129,0
2026-08-20 10:27:00,0.407893966204034,0
2026-08-20 10:28:00,0.5356104753431427,1
2026-08-20 10:29:00,0.43864964666797934,1
2026-08-20 10:30:00,0.4242547962499529,1
2026-08-20 10:31:00,0.4381326845901271,1
2026-08-20 10:32:00,0.556979803972168,1
2026-08-20 10:33:00,0.42261829427904585,1
2026-08-20 10:34:00,0.4209619270397431,1
2026-08-20 10:35:00,0.34833261830794837,1
2026-08-20 10:36:00,0.34710315864667657,1
2026-08-20 10:37:00,0.4590535593170837,1
2026-08-20 10:38:00,0.4714283782850433,1
2026-08-20 10:39:00,0.4255939804249869,1
2026-08-20 10:40:00,0.39968805693842274,1
2026-08-20 10:41:00,0.4078669444119264,1
2026-08-20 10:42:00,0.3964328729623786,1
2026-08-20 10:43:00,0.3905098881795656,1
2026-08-20 10:44:00,0.3318246599322381,1
2026-08-20 10:45:00,0.34875755481349274,1
2026-08-20 10:46:00,0.33820467040540125,0
2026-08-20 10:47:00,0.3970467666812534,0
2026-08-20 10:48:00,0.4166055342534387,0
2026-08-20 10:49:00,0.41930708044188536,0
2026-08-20 10:50:00,0.409406852640633,0
2026-08-20 10:51:00,0.42752191123822475,0
2026-08-20 10:52:00,0.4130429150725877,0
2026-08-20 10:53:00,0.40195959432428857,0
2026-08-20 10:54:00,0.40392883565646903,0
2026-08-20 10:55:00,0.44961645131836164,0
2026-08-20 10:56:00,0.40158568420540064,0
2026-08-20 10:57:00,0.363586313965769,0
2026-08-20 10:58:00,0.426199152222032,0
2026-08-20 10:59:00,0.4059940804765645,0
2026-08-20 11:00:00,0.4907527626429426,0
2026-08-20 11:01:00,0.47908739052400146,0
2026-08-20 11:02:00,0.45159808226253456,0
2026-08-20 11:03:00,0.480555149455164,0
2026-08-20 11:04:00,0.4161353516361143,0
2026-08-20 11:05:00,0.4191888474586809,0
2026-08-20 11:06:00,0.45532119834652185,0
2026-08-20 11:07:00,0.3845669093314173,0
2026-08-20 11:08:00,0.39290879646638827,0
2026-08-20 11:09:00,0.37687498665721003,0
2026-08-20 11:10:00,0.4890236342348467,0
2026-08-20 11:11:00,0.5037377176208983,0
2026-08-20 11:12:00,0.44886517675063514,0
2026-08-20 11:13:00,0.4425235121420955,0
2026-08-20 11:14:00,0.5014350413778778,1
2026-08-20 11:15:00,0.5025626066102692,1
2026-08-20 11:16:00,0.4291716703747729,1
2026-08-20 11:17:00,0.44699042027757535,1
2026-08-20 11:18:00,0.4574175386745018,1
2026-08-20 11:19:00,0.45493992238901537,1
2026-08-20 11:20:00,0.41440111435697785,1
2026-08-20 11:21:00,0.42061448054741124,1
2026-08-20 11:22:00,0.349504011793831,1
2026-08-20 11:23:00,0.3524682784172468,1
2026-08-20 11:24:00,0.33569396621395564,1
2026-08-20 11:25:00,0.4091717124207478,1
2026-08-20 11:26:00,0.394587961026298,1
2026-08-20 11:27:00,0.4220146115223886,1
2026-08-20 11:28:00,0.35802703885971626,0
2026-08-20 11:29:00,0.3501477287634209,0
2026-08-20 11:30:00,0.4455522197372884,0
2026-08-20 13:01:00,0.3564009516933395,0
2026-08-20 13:02:00,0.46594587827179035,0
2026-08-20 13:03:00,0.318922661415298,0
2026-08-20 13:04:00,0.33093006821933696,0
2026-08-20 13:05:00,0.32854303228924475,0
2026-08-20 13:06:00,0.4780223316684658,0
2026-08-20 13:07:00,0.38827419341844416,0
2026-08-20 13:08:00,0.3553868900309459,0
2026-08-20 13:09:00,0.40482079108821684,0
2026-08-20 13:10:00,0.47111041872973436,0
2026-08-20 13:11:00,0.48127606502920267,0
2026-08-20 13:12:00,0.4003178955273314,0
2026-08-20 13:13:00,0.4527892232599885,0
2026-08-20 13:14:00,0.45752794152604886,0
2026-08-20 13:15:00,0.4434248081866389,0
2026-08-20 13:16:00,0.3946286683755287,0
2026-08-20 13:17:00,0.4615048913646868,0
2026-08-20 13:18:00,0.3635114186342836,0
2026-08-20 13:19:00,0.4177415122681538,0
2026-08-20 13:20:00,0.3299813469833847,0
2026-08-20 13:21:00,0.3663279578924924,0
2026-08-20 13:22:00,0.3343943775331997,0
2026-08-20 13:23:00,0.34036294665118766,0
2026-08-20 13:24:00,0.4316547327482622,0
2026-08-20 13:25:00,0.4312560382363789,0
2026-08-20 13:26:00,0.42137539202005947,0
2026-08-20 13:27:00,0.40281054226940716,0
2026-08-20 13:28:00,0.44460603854297864,0
2026-08-20 13:29:00,0.3693942576610529,0
2026-08-20 13:30:00,0.411799531314708,0
2026-08-20 13:31:00,0.35233171828371157,0
2026-08-20 13:32:00,0.38376562361585753,0
2026-08-20 13:33:00,0.457504924270503,0
2026-08-20 13:34:00,0.41603939275996393,0
2026-08-20 13:35:00,0.41517783690953164,0
2026-08-20 13:36:00,0.35029970684978223,0
2026-08-20 13:37:00,0.41526396569180124,0
2026-08-20 13:38:00,0.4230652018770881,0
2026-08-20 13:39:00,0.5499251851572052,0
2026-08-20 13:40:00,0.5032811432320993,0
2026-08-20 13:41:00,0.42382177426799816,0
2026-08-20 13:42:00,0.4187415407737587,0
2026-08-20 13:43:00,0.29114723155597755,0
2026-08-20 13:44:00,0.3796864273996524,0
2026-08-20 13:45:00,0.38494785873735277,0
2026-08-20 13:46:00,0.40905376192569565,0
2026-08-20 13:47:00,0.4363032156173495,1
2026-08-20 13:48:00,0.4012335719844558,0
2026-08-20 13:49:00,0.350709335339838,0
2026-08-20 13:50:00,0.3268571797878532,0
2026-08-20 13:51:00,0.416694559521284,0
2026-08-20 13:52:00,0.4185470559637883,0
2026-08-20 13:53:00,0.4101711474727647,0
2026-08-20 13:54:00,0.5579867079942105,1
2026-08-20 13:55:00,0.4636557698825696,1
2026-08-20 13:56:00,0.4195986815963877,1
2026-08-20 13:57:00,0.3300177542063269,1
2026-08-20 13:58:00,0.4219103309391253,1
2026-08-20 13:59:00,0.2853111273378134,1
2026-08-20 14:00:00,0.4645227451181989,1
2026-08-20 14:01:00,0.3533554400829989,1
2026-08-20 14:02:00,0.239868055282128,0
2026-08-20 14:03:00,0.3271034047564746,0
2026-08-20 14:04:00,0.2582971488939553,0
2026-08-20 14:05:00,0.4000029779345453,1
2026-08-20 14:06:00,0.3261473632620069,1
2026-08-20 14:07:00,0.40370908592933136,1
2026-08-20 14:08:00,0.32165294911575076,1
2026-08-20 14:09:00,0.3299984774574696,0
2026-08-20 14:10:00,0.3233661639002845,0
2026-08-20 14:11:00,0.27562133809413375,0
2026-08-20 14:12:00,0.33754062491578074,0
2026-08-20 14:13:00,0.370605281205676,0
2026-08-20 14:14:00,0.37538512452150696,0
2026-08-20 14:15:00,0.3628334123613629,1
2026-08-20 14:16:00,0.3665290186084863,1
2026-08-20 14:17:00,0.39461073923891155,1
2026-08-20 14:18:00,0.36604477139149616,1
2026-08-20 14:19:00,0.32838788385473017,1
2026-08-20 14:20:00,0.28320922053532704,1
2026-08-20 14:21:00,0.3532550625549361,1
2026-08-20 14:22:00,0.327065237129644,1
2026-08-20 14:23:00,0.244619511839819,0
2026-08-20 14:24:00,0.3400677366322295,0
2026-08-20 14:25:00,0.410074074103643,0
2026-08-20 14:26:00,0.4020679668541238,1
2026-08-20 14:27:00,0.3723570447164485,1
2026-08-20 14:28:00,0.36693700268933194,1
2026-08-20 14:29:00,0.3326590630049695,1
2026-08-20 14:30:00,0.29100620038545816,0
2026-08-20 14:31:00,0.3417717173557358,0
2026-08-20 14:32:00,0.27078542872414485,0
2026-08-20 14:33:00,0.3147325256533239,0
2026-08-20 14:34:00,0.3052143107271712,0
2026-08-20 14:35:00,0.3435329627991126,0
2026-08-20 14:36:00,0.25750877970183217,0
2026-08-20 14:37:00,0.3248622937694954,0
2026-08-20 14:38:00,0.3869009053704434,0
2026-08-20 14:39:00,0.3546343145893998,0
2026-08-20 14:40:00,0.4846965287118365,0
2026-08-20 14:41:00,0.4821462879835998,1
2026-08-20 14:42:00,0.5292336430516251,0
2026-08-20 14:43:00,0.4790663603646779,0
2026-08-20 14:44:00,0.41589794290267135,0
2026-08-20 14:45:00,0.3873040107582963,0
2026-08-20 14:46:00,0.5110767883957388,0
2026-08-20 14:47:00,0.4476054873864383,0
2026-08-20 14:48:00,0.5147021342601437,0
2026-08-20 14:49:00,0.4965315031698712,0
2026-08-20 14:50:00,0.5232243008398431,0
2026-08-20 14:51:00,0.5364590931366657,1
2026-08-20 14:52:00,0.5472117965064615,0
2026-08-20 14:53:00,0.553951915863458,0
2026-08-20 14:54:00,0.5850855651551184,0
2026-08-20 14:55:00,0.5498075684842876,0
2026-08-20 14:56:00,0.4679544360245983,0
2026-08-20 14:57:00,0.5711093561144128,0
2026-08-20 14:58:00,0.5587090427353566,0
2026-08-20 14:59:00,0.5475992223044059,0
2026-08-20 15:00:00,0.4755396548415238,0
2026-08-21 09:30:00,0.3882732181976708,0
2026-08-21 09:31:00,0.44195960204766566,1
2026-08-21 09:32:00,0.404737790313768,0
2026-08-21 09:33:00,0.4162699366378992,0
2026-08-21 09:34:00,0.45317849972679985,0
2026-08-21 09:35:00,0.43372070898832615,0
2026-08-21 09:36:00,0.42748033281012926,1
2026-08-21 09:37:00,0.43107785607740995,1
2026-08-21 09:38:00,0.44790891927401244,1
2026-08-21 09:39:00,0.4621236063921993,1
2026-08-21 09:40:00,0.4505179238638917,1
2026-08-21 09:41:00,0.4188013802404746,1
2026-08-21 09:42:00,0.44414055075661324,1
2026-08-21 09:43:00,0.4362281124836458,1
2026-08-21 09:44:00,0.4054702986281419,1
2026-08-21 09:45:00,0.35202333340150815,1
2026-08-21 09:46:00,0.38198191489087857,1
2026-08-21 09:47:00,0.4480642122685442,1
2026-08-21 09:48:00,0.4644437735711379,1
2026-08-21 09:49:00,0.429816453478965,1
2026-08-21 09:50:00,0.4140683980228789,1
2026-08-21 09:51:00,0.3978103439123605,1
2026-08-21 09:52:00,0.41984567147141505,1
2026-08-21 09:53:00,0.41997342233977053,0
2026-08-21 09:54:00,0.4925363844702909,1
2026-08-21 09:55:00,0.4947652012968126,1
2026-08-21 09:56:00,0.4031700044828725,1
2026-08-21 09:57:00,0.4383665743547239,1
2026-08-21 09:58:00,0.42626380642823997,1
2026-08-21 09:59:00,0.4026596642030875,0
2026-08-21 10:00:00,0.4291128472896068,0
2026-08-21 10:01:00,0.3793850895050266,0
2026-08-21 10:02:00,0.4435518405946528,0
2026-08-21 10:03:00,0.39037597639570937,0
2026-08-21 10:04:00,0.47363930830274187,0
2026-08-21 10:05:00,0.413491498240857,0
2026-08-21 10:06:00,0.40213281240318094,0
2026-08-21 10:07:00,0.4629352527275092,0
2026-08-21 10:08:00,0.44098214722450185,0
2026-08-21 10:09:00,0.44838853664463874,0
2026-08-21 10:10:00,0.38661109161271107,0
2026-08-21 10:11:00,0.4433395184797534,0
2026-08-21 10:12:00,0.4474553286614642,0
2026-08-21 10:13:00,0.47921651965944795,0
2026-08-21 10:14:00,0.5216725659543808,0
2026-08-21 10:15:00,0.4643649399808944,1
2026-08-21 10:16:00,0.4987699074794822,1
2026-08-21 10:17:00,0.5155933580474001,1
2026-08-21 10:18:00,0.4058455179281241,1
2026-08-21 10:19:00,0.5084227719896435,1
2026-08-21 10:20:00,0.44808130520122685,0
2026-08-21 10:21:00,0.48477900874415186,1
2026-08-21 10:22:00,0.36191084101381826,1
2026-08-21 10:23:00,0.40221644854125305,1
2026-08-21 10:24:00,0.3934724778663399,1
2026-08-21 10:25:00,0.4221527339749233,1
2026-08-21 10:26:00,0.4057718554807432,1
2026-08-21 10:27:00,0.3551656367032009,1
2026-08-21 10:28:00,0.4207422186069831,1
2026-08-21 10:29:00,0.41731319122889915,1
2026-08-21 10:30:00,0.4027305922865389,1
2026-08-21 10:31:00,0.3903418170912197,1
2026-08-21 10:32:00,0.3914681775606375,1
2026-08-21 10:33:00,0.374719073135802,1
2026-08-21 10:34:00,0.40184369529273406,1
2026-08-21 10:35:00,0.4009777231896534,1
2026-08-21 10:36:00,0.4273339408706426,1
2026-08-21 10:37:00,0.37002160774749254,1
2026-08-21 10:38:00,0.3678076471604948,1
2026-08-21 10:39:00,0.3927144435324142,1
2026-08-21 10:40:00,0.39957242936233517,1
2026-08-21 10:41:00,0.3703318196261292,1
2026-08-21 10:42:00,0.41024198185357313,1
2026-08-21 10:43:00,0.4093957006435564,1
2026-08-21 10:44:00,0.4150527669176428,1
2026-08-21 10:45:00,0.45428666715713883,0
2026-08-21 10:46:00,0.40744994371794174,0
2026-08-21 10:47:00,0.38828860182515296,0
2026-08-21 10:48:00,0.4079839083049881,0
2026-08-21 10:49:00,0.39598119390633185,0
2026-08-21 10:50:00,0.3966104155567628,0
2026-08-21 10:51:00,0.3898825118884055,0
2026-08-21 10:52:00,0.43391519097699216,0
2026-08-21 10:53:00,0.3767409747183675,0
2026-08-21 10:54:00,0.43975044597035134,0
2026-08-21 10:55:00,0.405334251309821,0
2026-08-21 10:56:00,0.3797420718632413,0
2026-08-21 10:57:00,0.41356648877146945,0
2026-08-21 10:58:00,0.4230526690809341,0
2026-08-21 10:59:00,0.42840133137976677,0
2026-08-21 11:00:00,0.41467606873191826,0
2026-08-21 11:01:00,0.4015887559324327,0
2026-08-21 11:02:00,0.3981001121227335,0
2026-08-21 11:03:00,0.4230696754798602,0
2026-08-21 11:04:00,0.4083333236918743,0
2026-08-21 11:05:00,0.3617903403000453,0
2026-08-21 11:06:00,0.38948479749694037,0
2026-08-21 11:07:00,0.42472667765951017,0
2026-08-21 11:08:00,0.4342682323734471,0
2026-08-21 11:09:00,0.425396107758572,0
2026-08-21 11:10:00,0.43188561416262516,0
2026-08-21 11:11:00,0.45603752938261055,1
2026-08-21 11:12:00,0.45366343632981365,1
2026-08-21 11:13:00,0.4902842043814897,1
2026-08-21 11:14:00,0.4506789947563251,1
2026-08-21 11:15:00,0.42824387367062844,1
2026-08-21 11:16:00,0.41610458956717816,1
2026-08-21 11:17:00,0.38888772763042895,1
2026-08-21 11:18:00,0.413035006608621,0
2026-08-21 11:19:00,0.3474022800682604,0
2026-08-21 11:20:00,0.41249744142674816,0
2026-08-21 11:21:00,0.39227931374405833,0
2026-08-21 11:22:00,0.3960057467405949,0
2026-08-21 11:23:00,0.34525727258997724,0
2026-08-21 11:24:00,0.3967013315909351,0
2026-08-21 11:25:00,0.36699602855829355,0
2026-08-21 11:26:00,0.3691502428840807,0
2026-08-21 11:27:00,0.36884785782746893,0
2026-08-21 11:28:00,0.33943559242791205,0
2026-08-21 11:29:00,0.35134600680112593,0
2026-08-21 11:30:00,0.3693437158838161,0
2026-08-21 13:01:00,0.41474105873610145,0
2026-08-21 13:02:00,0.3857899643487708,0
2026-08-21 13:03:00,0.4267315855138189,0
2026-08-21 13:04:00,0.39827171619634505,0
2026-08-21 13:05:00,0.39727209772267724,1
2026-08-21 13:06:00,0.38278704178515643,1
2026-08-21 13:07:00,0.4616997941309877,1
2026-08-21 13:08:00,0.44936018388510524,1
2026-08-21 13:09:00,0.5322430638613853,1
2026-08-21 13:10:00,0.5001665240309705,1
2026-08-21 13:11:00,0.41896599923677674,1
2026-08-21 13:12:00,0.439711630350057,1
2026-08-21 13:13:00,0.403577258916987,1
2026-08-21 13:14:00,0.3857811631482601,1
2026-08-21 13:15:00,0.3218526014325812,1
2026-08-21 13:16:00,0.3165647775416112,0
2026-08-21 13:17:00,0.3545902663695543,1
2026-08-21 13:18:00,0.374329264709919,1
2026-08-21 13:19:00,0.3417273580394806,1
2026-08-21 13:20:00,0.3305347262771398,1
2026-08-21 13:21:00,0.3599887046351151,0
2026-08-21 13:22:00,0.3602458144536258,1
2026-08-21 13:23:00,0.35664121796039827,1
2026-08-21 13:24:00,0.382247357728912,1
2026-08-21 13:25:00,0.3617814410060613,1
2026-08-21 13:26:00,0.40092470461737445,1
2026-08-21 13:27:00,0.362672809730091,1
2026-08-21 13:28:00,0.34795708992886804,0
2026-08-21 13:29:00,0.34215245448613113,0
2026-08-21 13:30:00,0.3397063514476658,0
2026-08-21 13:31:00,0.3486522063228967,0
2026-08-21 13:32:00,0.4090064828057885,0
2026-08-21 13:33:00,0.36237607466479327,0
2026-08-21 13:34:00,0.34339580318257124,0
2026-08-21 13:35:00,0.3413346966199373,0
2026-08-21 13:36:00,0.37962229444384216,0
2026-08-21 13:37:00,0.349845994840812,0
2026-08-21 13:38:00,0.3500701425517299,0
2026-08-21 13:39:00,0.35365270616263517,0
2026-08-21 13:40:00,0.3529294158548557,0
2026-08-21 13:41:00,0.34791952762612294,0
2026-08-21 13:42:00,0.3618686087536296,0
2026-08-21 13:43:00,0.40886762200418875,0
2026-08-21 13:44:00,0.37676752523154033,0
2026-08-21 13:45:00,0.3611778489086291,0
2026-08-21 13:46:00,0.3650263106696879,0
2026-08-21 13:47:00,0.35089499605259905,0
2026-08-21 13:48:00,0.3667822045418272,0
2026-08-21 13:49:00,0.3923267316267002,0
2026-08-21 13:50:00,0.3959519578844711,0
2026-08-21 13:51:00,0.34464308626026413,0
2026-08-21 13:52:00,0.3329504124097431,0
2026-08-21 13:53:00,0.34734405125832446,0
2026-08-21 13:54:00,0.41302470684093096,0
2026-08-21 13:55:00,0.4265791932660163,0
2026-08-21 13:56:00,0.3813901447903935,0
2026-08-21 13:57:00,0.365031847529104,0
2026-08-21 13:58:00,0.36023897858879017,0
2026-08-21 13:59:00,0.3216293524785246,0
2026-08-21 14:00:00,0.2901957344969448,0
2026-08-21 14:01:00,0.4737986263371439,1
2026-08-21 14:02:00,0.43130220565081884,1
2026-08-21 14:03:00,0.4522536364094575,1
2026-08-21 14:04:00,0.42698398892525,1
2026-08-21 14:05:00,0.4466783586705756,1
2026-08-21 14:06:00,0.47323342088222864,1
2026-08-21 14:07:00,0.4509252853319255,1
2026-08-21 14:08:00,0.4226454474738261,1
2026-08-21 14:09:00,0.3349792081861023,1
2026-08-21 14:10:00,0.35622997046652133,1
2026-08-21 14:11:00,0.2687216210547263,1
2026-08-21 14:12:00,0.28054726575198907,0
2026-08-21 14:13:00,0.34846462666236266,1
2026-08-21 14:14:00,0.3273510144065877,1
2026-08-21 14:15:00,0.4064472856155328,1
2026-08-21 14:16:00,0.3554245199063351,1
2026-08-21 14:17:00,0.36207209611937663,0
2026-08-21 14:18:00,0.3397218711090172,0
2026-08-21 14:19:00,0.4185981424601364,1
2026-08-21 14:20:00,0.3263521563330671,1
2026-08-21 14:21:00,0.46074052655727016,1
2026-08-21 14:22:00,0.3876971664772537,0
2026-08-21 14:23:00,0.3737503162857072,0
2026-08-21 14:24:00,0.4181142427749266,0
2026-08-21 14:25:00,0.32690498458965134,0
2026-08-21 14:26:00,0.33014762275323545,0
2026-08-21 14:27:00,0.3081648129901723,0
2026-08-21 14:28:00,0.24900473997526376,0
2026-08-21 14:29:00,0.297387824007057,0
2026-08-21 14:30:00,0.29546053296687164,0
2026-08-21 14:31:00,0.28410644643969113,0
2026-08-21 14:32:00,0.2775314202263301,0
2026-08-21 14:33:00,0.37810284328914856,0
2026-08-21 14:34:00,0.43541335653491,0
2026-08-21 14:35:00,0.3719553875128645,0
2026-08-21 14:36:00,0.32250413991045335,0
2026-08-21 14:37:00,0.4195196120601729,0
2026-08-21 14:38:00,0.3827664099751531,0
2026-08-21 14:39:00,0.4290761428792358,0
2026-08-21 14:40:00,0.4454873145388086,0
2026-08-21 14:41:00,0.5290009475354669,0
2026-08-21 14:42:00,0.48773279788834467,0
2026-08-21 14:43:00,0.492576198852419,0
2026-08-21 14:44:00,0.5772294928583717,0
2026-08-21 14:45:00,0.5136997847008894,0
2026-08-21 14:46:00,0.5109419084977582,0
2026-08-21 14:47:00,0.5620138342639703,1
2026-08-21 14:48:00,0.5484709359191363,1
2026-08-21 14:49:00,0.5609286976674862,1
2026-08-21 14:50:00,0.563462637558314,1
2026-08-21 14:51:00,0.6057263913748309,1
2026-08-21 14:52:00,0.5783363354165887,1
2026-08-21 14:53:00,0.5797910092073997,1
2026-08-21 14:54:00,0.5644175585275875,1
2026-08-21 14:55:00,0.629637035420288,1
2026-08-21 14:56:00,0.630354461025885,1
2026-08-21 14:57:00,0.6229340759532694,1
2026-08-21 14:58:00,0.6223179197425681,1
2026-08-21 14:59:00,0.5345244450464194,1
2026-08-21 15:00:00,0.5766347127138761,1
2026-08-24 09:30:00,0.46714754812531706,1
2026-08-24 09:31:00,0.4986322003261327,1
2026-08-24 09:32:00,0.507203267733884,1
2026-08-24 09:33:00,0.5272585197977501,1
2026-08-24 09:34:00,0.5196736638008806,1
2026-08-24 09:35:00,0.5477316738040616,0
2026-08-24 09:36:00,0.5192040900482888,1
2026-08-24 09:37:00,0.51499696315833,1
2026-08-24 09:38:00,0.5013854650438145,1
2026-08-24 09:39:00,0.435907551235324,0
2026-08-24 09:40:00,0.478146573648794,0
2026-08-24 09:41:00,0.46233395968868973,0
2026-08-24 09:42:00,0.47914871206752496,0
2026-08-24 09:43:00,0.4721442550871051,0
2026-08-24 09:44:00,0.48994614266625974,0
2026-08-24 09:45:00,0.4046459820813067,0
2026-08-24 09:46:00,0.4472285951827804,0
2026-08-24 09:47:00,0.4253879400658003,0
2026-08-24 09:48:00,0.4355910799930188,0
2026-08-24 09:49:00,0.43698744502913994,0
2026-08-24 09:50:00,0.434690374606001,0
2026-08-24 09:51:00,0.39209494779560167,0
2026-08-24 09:52:00,0.506713926095424,0
2026-08-24 09:53:00,0.4455564669114602,0
2026-08-24 09:54:00,0.5001870478948832,0
2026-08-24 09:55:00,0.4559548485202186,1
2026-08-24 09:56:00,0.43184274378361737,1
2026-08-24 09:57:00,0.4343660097142594,1
2026-08-24 09:58:00,0.43425429701593854,1
2026-08-24 09:59:00,0.43529217545498367,1
2026-08-24 10:00:00,0.4356095263590582,1
2026-08-24 10:01:00,0.46465842953572795,1
2026-08-24 10:02:00,0.43817868392497966,1
2026-08-24 10:03:00,0.3601125510312839,1
2026-08-24 10:04:00,0.35765386774243507,1
2026-08-24 10:05:00,0.364157218175533,0
2026-08-24 10:06:00,0.39773372070157975,1
2026-08-24 10:07:00,0.4484845192141167,1
2026-08-24 10:08:00,0.3639279450768323,0
2026-08-24 10:09:00,0.4681432395403254,0
2026-08-24 10:10:00,0.36015701300104686,0
2026-08-24 10:11:00,0.38039982346323775,0
2026-08-24 10:12:00,0.4913388167343516,0
2026-08-24 10:13:00,0.45604790541585594,0
2026-08-24 10:14:00,0.4928525533628205,0
2026-08-24 10:15:00,0.4394075598023498,0
2026-08-24 10:16:00,0.47214660056770974,0
2026-08-24 10:17:00,0.4717934452696422,0
2026-08-24 10:18:00,0.5406285848427931,0
2026-08-24 10:19:00,0.4483853075396569,0
2026-08-24 10:20:00,0.4742477641902867,0
2026-08-24 10:21:00,0.3657705456524881,0
2026-08-24 10:22:00,0.42763053794657524,0
2026-08-24 10:23:00,0.40817045504036653,0
2026-08-24 10:24:00,0.49583451282521973,0
2026-08-24 10:25:00,0.4414487328984576,0
2026-08-24 10:26:00,0.43975393469830526,0
2026-08-24 10:27:00,0.48150331695704457,0
2026-08-24 10:28:00,0.42797920727159927,0
2026-08-24 10:29:00,0.41617798689397795,0
2026-08-24 10:30:00,0.4729686304637234,0
2026-08-24 10:31:00,0.4860015082698175,0
2026-08-24 10:32:00,0.500456248804587,0
2026-08-24 10:33:00,0.42343565057678767,0
2026-08-24 10:34:00,0.4197951729491245,0
2026-08-24 10:35:00,0.3767694439850457,0
2026-08-24 10:36:00,0.4763957874687535,0
2026-08-24 10:37:00,0.36792060109116903,1
2026-08-24 10:38:00,0.47664973041041186,1
2026-08-24 10:39:00,0.387361569715994,0
2026-08-24 10:40:00,0.3753435673782054,0
2026-08-24 10:41:00,0.34266779629980854,0
2026-08-24 10:42:00,0.35035592415774763,0
2026-08-24 10:43:00,0.4028915599769431,0
2026-08-24 10:44:00,0.4173837694749647,1
2026-08-24 10:45:00,0.4511383797876276,1
2026-08-24 10:46:00,0.4579416268973756,1
2026-08-24 10:47:00,0.4494982742510433,1
2026-08-24 10:48:00,0.4424983436026209,1
2026-08-24 10:49:00,0.4206306607838613,1
2026-08-24 10:50:00,0.3854929289812714,0
2026-08-24 10:51:00,0.4158429347417444,0
2026-08-24 10:52:00,0.32390383314510846,0
2026-08-24 10:53:00,0.372903300934991,0
2026-08-24 10:54:00,0.3934145774566706,1
2026-08-24 10:55:00,0.4025048897558718,0
2026-08-24 10:56:00,0.39301865395665125,0
2026-08-24 10:57:00,0.4135655144303088,0
2026-08-24 10:58:00,0.42216745935870653,0
2026-08-24 10:59:00,0.38193207530055123,0
2026-08-24 11:00:00,0.3285453257376257,0
2026-08-24 11:01:00,0.39049142295167494,0
2026-08-24 11:02:00,0.4055500769893227,0
2026-08-24 11:03:00,0.42255094733697685,1
2026-08-24 11:04:00,0.4742971257387401,0
2026-08-24 11:05:00,0.44803808109045345,1
2026-08-24 11:06:00,0.4197468857549652,1
2026-08-24 11:07:00,0.47732211552337184,1
2026-08-24 11:08:00,0.4481845053886187,0
2026-08-24 11:09:00,0.4361806953702115,0
2026-08-24 11:10:00,0.4039382687584078,0
2026-08-24 11:11:00,0.4149061343781898,0
2026-08-24 11:12:00,0.44501283497571426,0
2026-08-24 11:13:00,0.47687639583440045,0
2026-08-24 11:14:00,0.4754329450559448,0
2026-08-24 11:15:00,0.3946241326020812,0
2026-08-24 11:16:00,0.39303133254774764,0
2026-08-24 11:17:00,0.36389086753232025,0
2026-08-24 11:18:00,0.33732755266425263,0
2026-08-24 11:19:00,0.4429073358666994,0
2026-08-24 11:20:00,0.4788048401333489,0
2026-08-24 11:21:00,0.45687437988679125,0
2026-08-24 11:22:00,0.4438426894570757,0
2026-08-24 11:23:00,0.4170289049609414,0
2026-08-24 11:24:00,0.42216019784633435,0
2026-08-24 11:25:00,0.44363284056426183,0
2026-08-24 11:26:00,0.4922485668094452,0
2026-08-24 11:27:00,0.4200801609997609,0
2026-08-24 11:28:00,0.447361079541739,0
2026-08-24 11:29:00,0.34590509949411313,0
2026-08-24 11:30:00,0.34506523083069446,0
2026-08-24 13:01:00,0.47357246428982147,0
2026-08-24 13:02:00,0.49076575116269294,0
2026-08-24 13:03:00,0.4006720445371088,0
2026-08-24 13:04:00,0.38005710861843733,0
2026-08-24 13:05:00,0.44954354978547184,0
2026-08-24 13:06:00,0.431014142486435,0
2026-08-24 13:07:00,0.31727448573005035,0
2026-08-24 13:08:00,0.41081065219598173,0
2026-08-24 13:09:00,0.4290436825214899,0
2026-08-24 13:10:00,0.408090971121433,0
2026-08-24 13:11:00,0.47351740970903633,0
2026-08-24 13:12:00,0.4653313127282886,0
2026-08-24 13:13:00,0.42174715456437395,0
2026-08-24 13:14:00,0.39195850112692976,0
2026-08-24 13:15:00,0.3672265015021308,0
2026-08-24 13:16:00,0.43103884710234913,0
2026-08-24 13:17:00,0.4117849535657736,0
2026-08-24 13:18:00,0.45672144826221056,0
2026-08-24 13:19:00,0.4769985528431416,0
2026-08-24 13:20:00,0.39396696981506923,0
2026-08-24 13:21:00,0.36538744818697955,0
2026-08-24 13:22:00,0.36152978610812747,0
2026-08-24 13:23:00,0.366498360571988,0
2026-08-24 13:24:00,0.33734665993355456,0
2026-08-24 13:25:00,0.3101209088660712,0
2026-08-24 13:26:00,0.3901786668084791,0
2026-08-24 13:27:00,0.3416315952618745,0
2026-08-24 13:28:00,0.369382520862107,0
2026-08-24 13:29:00,0.3520382533584872,0
2026-08-24 13:30:00,0.32859109866697245,0
2026-08-24 13:31:00,0.40582196605899246,0
2026-08-24 13:32:00,0.38772773659589005,0
2026-08-24 13:33:00,0.43763264177994154,0
2026-08-24 13:34:00,0.46210515695741233,0
2026-08-24 13:35:00,0.4424256368826183,0
2026-08-24 13:36:00,0.4729685385080489,0
2026-08-24 13:37:00,0.42986663753398846,0
2026-08-24 13:38:00,0.43469959816497655,0
2026-08-24 13:39:00,0.2803137482552664,0
2026-08-24 13:40:00,0.28961684138983385,0
2026-08-24 13:41:00,0.3363605825029719,0
2026-08-24 13:42:00,0.3564316247089231,0
2026-08-24 13:43:00,0.34198240797015667,0
2026-08-24 13:44:00,0.3228843085370532,0
2026-08-24 13:45:00,0.4157567907399952,0
2026-08-24 13:46:00,0.3740764956687946,0
2026-08-24 13:47:00,0.350423691743416,0
2026-08-24 13:48:00,0.3504836704522413,0
2026-08-24 13:49:00,0.46304894102753724,0
2026-08-24 13:50:00,0.48656719183869146,1
2026-08-24 13:51:00,0.4437265990474756,1
2026-08-24 13:52:00,0.46299456304142184,0
2026-08-24 13:53:00,0.42122745731809347,1
2026-08-24 13:54:00,0.4215381574869259,1
2026-08-24 13:55:00,0.3489801817517085,1
2026-08-24 13:56:00,0.3549988753417796,1
2026-08-24 13:57:00,0.34509026747195043,1
2026-08-24 13:58:00,0.3300756119242939,1
2026-08-24 13:59:00,0.3511597225326081,1
2026-08-24 14:00:00,0.35017804123564406,1
2026-08-24 14:01:00,0.3406417301985521,1
2026-08-24 14:02:00,0.3349361824585855,1
2026-08-24 14:03:00,0.3410718691338531,1
2026-08-24 14:04:00,0.36299881512679194,1
2026-08-24 14:05:00,0.2623834508122166,1
2026-08-24 14:06:00,0.3032334885169108,0
2026-08-24 14:07:00,0.39353142450386486,1
2026-08-24 14:08:00,0.30179692291421617,0
2026-08-24 14:09:00,0.26447964014400815,0
2026-08-24 14:10:00,0.3455189399379809,0
2026-08-24 14:11:00,0.34304727817021646,0
2026-08-24 14:12:00,0.2764739719149971,0
2026-08-24 14:13:00,0.3673450629668257,0
2026-08-24 14:14:00,0.3249351277354832,0
2026-08-24 14:15:00,0.30954465028540235,0
2026-08-24 14:16:00,0.3643934823285668,0
2026-08-24 14:17:00,0.34019587304406673,0
2026-08-24 14:18:00,0.3541007732216065,0
2026-08-24 14:19:00,0.2839359752205543,0
2026-08-24 14:20:00,0.26145630110261037,0
2026-08-24 14:21:00,0.3587556467937486,0
2026-08-24 14:22:00,0.4155853894475808,0
2026-08-24 14:23:00,0.40622489207212603,0
2026-08-24 14:24:00,0.3537682840768439,0
2026-08-24 14:25:00,0.3506415455425798,0
2026-08-24 14:26:00,0.37550207989645285,0
2026-08-24 14:27:00,0.32815037599014896,0
2026-08-24 14:28:00,0.2933943770861388,0
2026-08-24 14:29:00,0.334702822011491,0
2026-08-24 14:30:00,0.3287057498654827,0
2026-08-24 14:31:00,0.42965697140425463,0
2026-08-24 14:32:00,0.37196565054183905,0
2026-08-24 14:33:00,0.42904506545473214,1
2026-08-24 14:34:00,0.44592567007507977,1
2026-08-24 14:35:00,0.42819586982149344,1
2026-08-24 14:36:00,0.45704323497291116,1
2026-08-24 14:37:00,0.4290948031512971,1
2026-08-24 14:38:00,0.342160731384794,1
2026-08-24 14:39:00,0.40388173006822425,1
2026-08-24 14:40:00,0.3589541295186163,1
2026-08-24 14:41:00,0.48162729773498264,1
2026-08-24 14:42:00,0.4396929030280645,1
2026-08-24 14:43:00,0.4477240174618617,1
2026-08-24 14:44:00,0.4909014620087398,1
2026-08-24 14:45:00,0.43563251153655835,1
2026-08-24 14:46:00,0.31532192231962297,1
2026-08-24 14:47:00,0.35926726880682824,1
2026-08-24 14:48:00,0.3235354704491051,0
2026-08-24 14:49:00,0.41010790640689915,0
2026-08-24 14:50:00,0.3688631726908104,1
2026-08-24 14:51:00,0.40968150644143186,1
2026-08-24 14:52:00,0.3901416806845905,1
2026-08-24 14:53:00,0.42462908390200776,0
2026-08-24 14:54:00,0.5004905229680201,0
2026-08-24 14:55:00,0.43589875612538015,0
2026-08-24 14:56:00,0.40979017933383544,0
2026-08-24 14:57:00,0.4369817069470513,0
2026-08-24 14:58:00,0.4826711730172686,0
2026-08-24 14:59:00,0.5074282445657999,0
2026-08-24 15:00:00,0.4339092947373787,0
2026-08-25 09:30:00,0.44238002185910447,0
2026-08-25 09:31:00,0.5033072722587298,0
2026-08-25 09:32:00,0.41748069674723987,0
2026-08-25 09:33:00,0.5278295135461307,0
2026-08-25 09:34:00,0.451634142439335,0
2026-08-25 09:35:00,0.4547135082449413,0
2026-08-25 09:36:00,0.426251901334839,0
2026-08-25 09:37:00,0.4399941105170931,0
2026-08-25 09:38:00,0.42341320387247505,0
2026-08-25 09:39:00,0.4092637861647676,0
2026-08-25 09:40:00,0.4580554667352039,0
2026-08-25 09:41:00,0.4064614691037234,1
2026-08-25 09:42:00,0.42190555296693166,1
2026-08-25 09:43:00,0.4194753210951558,1
2026-08-25 09:44:00,0.42597307480732755,1
2026-08-25 09:45:00,0.43090486496638264,1
2026-08-25 09:46:00,0.47437690427104395,1
2026-08-25 09:47:00,0.49970477151187465,1
2026-08-25 09:48:00,0.44261645845140807,1
2026-08-25 09:49:00,0.4972110561393988,1
2026-08-25 09:50:00,0.4706903048783674,1
2026-08-25 09:51:00,0.4477304300090911,1
2026-08-25 09:52:00,0.3690549533061879,1
2026-08-25 09:53:00,0.45521352725599845,1
2026-08-25 09:54:00,0.3802910356794616,1
2026-08-25 09:55:00,0.40446381339404003,1
2026-08-25 09:56:00,0.4233769131189163,1
2026-08-25 09:57:00,0.3629368670365606,0
2026-08-25 09:58:00,0.38318805309956505,1
2026-08-25 09:59:00,0.4438393658362993,1
2026-08-25 10:00:00,0.4280491230598663,1
2026-08-25 10:01:00,0.4529455028702135,1
2026-08-25 10:02:00,0.4218976971890057,1
2026-08-25 10:03:00,0.3725667033834033,0
2026-08-25 10:04:00,0.37562694098343996,0
2026-08-25 10:05:00,0.36243561242343386,0
2026-08-25 10:06:00,0.3831330885396853,0
2026-08-25 10:07:00,0.3761472548030762,0
2026-08-25 10:08:00,0.46130038077466157,0
2026-08-25 10:09:00,0.43250414248146407,0
2026-08-25 10:10:00,0.39877580078341407,0
2026-08-25 10:11:00,0.3798030469412209,0
2026-08-25 10:12:00,0.44941165645715914,0
2026-08-25 10:13:00,0.46547599269606743,0
2026-08-25 10:14:00,0.4562770979999473,0
2026-08-25 10:15:00,0.4633613916016606,0
2026-08-25 10:16:00,0.4788675453956304,0
2026-08-25 10:17:00,0.49212434965573437,0
2026-08-25 10:18:00,0.4697133101927444,0
2026-08-25 10:19:00,0.4513905221419699,0
2026-08-25 10:20:00,0.5014602505157444,1
2026-08-25 10:21:00,0.47493395460901594,1
2026-08-25 10:22:00,0.4465651556876291,1
2026-08-25 10:23:00,0.44742278019769127,1
2026-08-25 10:24:00,0.42795493228936676,1
2026-08-25 10:25:00,0.4221111822368664,1
2026-08-25 10:26:00,0.4215265224795692,1
2026-08-25 10:27:00,0.43245438573289013,1
2026-08-25 10:28:00,0.43638911274143094,1
2026-08-25 10:29:00,0.4121045689678207,1
2026-08-25 10:30:00,0.4089886050094958,1
2026-08-25 10:31:00,0.37410924473176926,0
2026-08-25 10:32:00,0.3720871535483883,0
2026-08-25 10:33:00,0.406587554278521,1
2026-08-25 10:34:00,0.3457784139489124,0
2026-08-25 10:35:00,0.35151520622743637,0
2026-08-25 10:36:00,0.36897753178487364,0
2026-08-25 10:37:00,0.401515209224832,0
2026-08-25 10:38:00,0.38308335015766076,0
2026-08-25 10:39:00,0.3943277400897524,0
2026-08-25 10:40:00,0.41320330117384313,0
2026-08-25 10:41:00,0.380325051396682,0
2026-08-25 10:42:00,0.4265891347457053,0
2026-08-25 10:43:00,0.4037844612321515,0
2026-08-25 10:44:00,0.4096467334036102,0
2026-08-25 10:45:00,0.41823236574344175,0
2026-08-25 10:46:00,0.42751657253723085,0
2026-08-25 10:47:00,0.4024900802901632,0
2026-08-25 10:48:00,0.41575169531686507,0
2026-08-25 10:49:00,0.42340842224521613,0
2026-08-25 10:50:00,0.41849784602872886,1
2026-08-25 10:51:00,0.38581470098050236,0
2026-08-25 10:52:00,0.4166461731794762,0
2026-08-25 10:53:00,0.4024081179210195,0
2026-08-25 10:54:00,0.40220379830562153,1
2026-08-25 10:55:00,0.38576626438020917,1
2026-08-25 10:56:00,0.40032755903744904,1
2026-08-25 10:57:00,0.3661515044479517,1
2026-08-25 10:58:00,0.4479362174704553,1
2026-08-25 10:59:00,0.48718600168619236,1
2026-08-25 11:00:00,0.5617133032085943,1
2026-08-25 11:01:00,0.5067266346445483,1
2026-08-25 11:02:00,0.42102836845502756,1
2026-08-25 11:03:00,0.3958146301898654,1
2026-08-25 11:04:00,0.3451535607366488,1
2026-08-25 11:05:00,0.37412966207483667,0
2026-08-25 11:06:00,0.3804691387253149,1
2026-08-25 11:07:00,0.4003679162237725,1
2026-08-25 11:08:00,0.40090338773573586,1
2026-08-25 11:09:00,0.37963899155780506,0
2026-08-25 11:10:00,0.42811203000269316,1
2026-08-25 11:11:00,0.37810031472284744,1
2026-08-25 11:12:00,0.4090941731144122,1
2026-08-25 11:13:00,0.38960371398433,0
2026-08-25 11:14:00,0.39554179740489226,0
2026-08-25 11:15:00,0.40316870767440793,1
2026-08-25 11:16:00,0.38906854798946483,0
2026-08-25 11:17:00,0.4238357280038542,1
2026-08-25 11:18:00,0.41344469612880647,1
2026-08-25 11:19:00,0.4103418524310627,1
2026-08-25 11:20:00,0.4079811526113854,1
2026-08-25 11:21:00,0.37716677829713674,1
2026-08-25 11:22:00,0.4036745997982012,1
2026-08-25 11:23:00,0.3855871341453187,1
2026-08-25 11:24:00,0.36948412054720725,1
2026-08-25 11:25:00,0.3337345461700762,1
2026-08-25 11:26:00,0.37486810636269186,1
2026-08-25 11:27:00,0.3434767303400584,0
2026-08-25 11:28:00,0.3278955031341071,0
2026-08-25 11:29:00,0.3774878771985352,0
2026-08-25 11:30:00,0.3934674227885016,0
2026-08-25 13:01:00,0.3641762471167309,0
2026-08-25 13:02:00,0.3390608703822757,0
2026-08-25 13:03:00,0.40390030033901125,0
2026-08-25 13:04:00,0.3727395597659024,0
2026-08-25 13:05:00,0.3579818749090881,0
2026-08-25 13:06:00,0.3973139361340749,1
2026-08-25 13:07:00,0.3774925449883358,1
2026-08-25 13:08:00,0.38315415863111374,1
2026-08-25 13:09:00,0.3610646303624355,1
2026-08-25 13:10:00,0.37263141718904286,1
2026-08-25 13:11:00,0.42528162972280603,1
2026-08-25 13:12:00,0.38747072107937575,1
2026-08-25 13:13:00,0.3590177197829301,1
2026-08-25 13:14:00,0.4177760180763024,1
2026-08-25 13:15:00,0.41141977243715694,1
2026-08-25 13:16:00,0.3587289820160205,1
2026-08-25 13:17:00,0.39544271399425857,1
2026-08-25 13:18:00,0.3938366356408793,1
2026-08-25 13:19:00,0.35559309736225775,1
2026-08-25 13:20:00,0.41771385886883133,1
2026-08-25 13:21:00,0.4045764738391655,1
2026-08-25 13:22:00,0.3699281152042579,0
2026-08-25 13:23:00,0.3362578998798234,0
2026-08-25 13:24:00,0.33686899932416525,1
2026-08-25 13:25:00,0.36799608864341,1
2026-08-25 13:26:00,0.3407346425294772,0
2026-08-25 13:27:00,0.39983459210538275,0
2026-08-25 13:28:00,0.36246028445838474,0
2026-08-25 13:29:00,0.35385994490636336,0
2026-08-25 13:30:00,0.3889875946107162,0
2026-08-25 13:31:00,0.36067332495449966,0
2026-08-25 13:32:00,0.3658945685412209,0
2026-08-25 13:33:00,0.37364386864827975,0
2026-08-25 13:34:00,0.43039185285117887,0
2026-08-25 13:35:00,0.3884360754641293,0
2026-08-25 13:36:00,0.39631964065685127,0
2026-08-25 13:37:00,0.4630524551312283,1
2026-08-25 13:38:00,0.37357479964518797,1
2026-08-25 13:39:00,0.3794095895874039,0
2026-08-25 13:40:00,0.327760679427271,0
2026-08-25 13:41:00,0.36618103875334246,0
2026-08-25 13:42:00,0.41781133206834464,1
2026-08-25 13:43:00,0.4360873150483085,1
2026-08-25 13:44:00,0.4334175184061343,1
2026-08-25 13:45:00,0.36281958730499775,1
2026-08-25 13:46:00,0.3722679325962987,1
2026-08-25 13:47:00,0.3547272669265189,1
2026-08-25 13:48:00,0.4277366919746509,1
2026-08-25 13:49:00,0.3830008255846766,1
2026-08-25 13:50:00,0.3704389116434172,1
2026-08-25 13:51:00,0.31375312533110805,1
2026-08-25 13:52:00,0.37664006710334946,1
2026-08-25 13:53:00,0.30122195585777434,1
2026-08-25 13:54:00,0.3279142380810451,1
2026-08-25 13:55:00,0.35459110178375863,1
2026-08-25 13:56:00,0.3469677433826158,1
2026-08-25 13:57:00,0.3940977747900843,1
2026-08-25 13:58:00,0.3908010687239075,1
2026-08-25 13:59:00,0.3442949662235531,1
2026-08-25 14:00:00,0.3486624840318356,1
2026-08-25 14:01:00,0.33488580723521255,1
2026-08-25 14:02:00,0.4715629684230227,0
2026-08-25 14:03:00,0.4017166672643138,0
2026-08-25 14:04:00,0.47804954317673026,0
2026-08-25 14:05:00,0.3701324574554651,0
2026-08-25 14:06:00,0.3231324997397986,0
2026-08-25 14:07:00,0.30973729626726726,0
2026-08-25 14:08:00,0.33981883725426293,0
2026-08-25 14:09:00,0.28070940760386065,0
2026-08-25 14:10:00,0.3776022518251897,0
2026-08-25 14:11:00,0.3407625277079073,0
2026-08-25 14:12:00,0.41255129184140793,0
2026-08-25 14:13:00,0.45265323753855025,0
2026-08-25 14:14:00,0.33111293034108014,0
2026-08-25 14:15:00,0.3482156709271669,0
2026-08-25 14:16:00,0.29611499681663334,0
2026-08-25 14:17:00,0.41268976593644324,1
2026-08-25 14:18:00,0.343477859493899,1
2026-08-25 14:19:00,0.3284554787520204,1
2026-08-25 14:20:00,0.31914027886267343,1
2026-08-25 14:21:00,0.29724135675947644,1
2026-08-25 14:22:00,0.32515027375034555,0
2026-08-25 14:23:00,0.31594216994200847,0
2026-08-25 14:24:00,0.32743987739711977,0
2026-08-25 14:25:00,0.3280862653106047,1
2026-08-25 14:26:00,0.3158895215057751,1
2026-08-25 14:27:00,0.29461646041959,1
2026-08-25 14:28:00,0.27890282686940976,1
2026-08-25 14:29:00,0.2703991123269347,0
2026-08-25 14:30:00,0.2617598739415872,0
2026-08-25 14:31:00,0.4064887111275365,0
2026-08-25 14:32:00,0.4142871176567811,0
2026-08-25 14:33:00,0.4443280853795336,0
2026-08-25 14:34:00,0.4077154455729073,0
2026-08-25 14:35:00,0.39697512527577733,0
2026-08-25 14:36:00,0.4164264653216541,0
2026-08-25 14:37:00,0.3847211170934917,0
2026-08-25 14:38:00,0.3302309056402958,0
2026-08-25 14:39:00,0.3765449331700292,0
2026-08-25 14:40:00,0.4650020689351451,0
2026-08-25 14:41:00,0.5288132513758953,0
2026-08-25 14:42:00,0.5886670118946514,0
2026-08-25 14:43:00,0.5310070099053932,0
2026-08-25 14:44:00,0.5170884276417554,0
2026-08-25 14:45:00,0.46814219092774784,1
2026-08-25 14:46:00,0.44687619767224707,0
2026-08-25 14:47:00,0.5067813500485062,1
2026-08-25 14:48:00,0.5604537801693187,1
2026-08-25 14:49:00,0.5195906294489722,1
2026-08-25 14:50:00,0.5091456092857997,1
2026-08-25 14:51:00,0.5509156196522994,1
2026-08-25 14:52:00,0.5813080775489703,1
2026-08-25 14:53:00,0.592924435988034,1
2026-08-25 14:54:00,0.6125005850667085,1
2026-08-25 14:55:00,0.6072185707626409,1
2026-08-25 14:56:00,0.592799420692112,1
2026-08-25 14:57:00,0.6230623181829806,1
2026-08-25 14:58:00,0.47489703694105456,1
2026-08-25 14:59:00,0.47379426746680925,1
2026-08-25 15:00:00,0.5901111002744259,1
2026-08-26 09:30:00,0.46849724356872546,1
2026-08-26 09:31:00,0.49952618770930324,1
2026-08-26 09:32:00,0.5113359236282684,1
2026-08-26 09:33:00,0.5021636966886285,1
2026-08-26 09:34:00,0.49714782350938264,1
2026-08-26 09:35:00,0.5204684155056449,1
2026-08-26 09:36:00,0.5268545306752197,1
2026-08-26 09:37:00,0.45512200150988724,1
2026-08-26 09:38:00,0.48405281395636457,1
2026-08-26 09:39:00,0.4999351828906904,1
2026-08-26 09:40:00,0.44293199671584693,0
2026-08-26 09:41:00,0.4612659798214655,0
2026-08-26 09:42:00,0.46287714119322715,0
2026-08-26 09:43:00,0.46579186051144056,0
2026-08-26 09:44:00,0.47088632369201194,0
2026-08-26 09:45:00,0.42480426342657096,0
2026-08-26 09:46:00,0.4488412324834081,0
2026-08-26 09:47:00,0.44902177120393166,0
2026-08-26 09:48:00,0.4452200163803261,0
2026-08-26 09:49:00,0.37874837711451437,0
2026-08-26 09:50:00,0.46726864750023445,0
2026-08-26 09:51:00,0.5061625336564602,0
2026-08-26 09:52:00,0.47687847103686665,0
2026-08-26 09:53:00,0.4198262334209261,0
2026-08-26 09:54:00,0.43737157057713577,0
2026-08-26 09:55:00,0.40993892905416185,0
2026-08-26 09:56:00,0.4186887876423712,0
2026-08-26 09:57:00,0.3942031607152771,0
2026-08-26 09:58:00,0.40826910427176627,0
2026-08-26 09:59:00,0.3880573698636796,1
2026-08-26 10:00:00,0.46040320246270244,1
2026-08-26 10:01:00,0.46111332786405046,1
2026-08-26 10:02:00,0.3952777421550901,0
2026-08-26 10:03:00,0.42407103653486244,1
2026-08-26 10:04:00,0.5472214929478437,1
2026-08-26 10:05:00,0.41517657458646423,1
2026-08-26 10:06:00,0.38788827691660993,1
2026-08-26 10:07:00,0.46511174370699604,1
2026-08-26 10:08:00,0.5052821279214125,1
2026-08-26 10:09:00,0.48021729755638093,1
2026-08-26 10:10:00,0.40155717675488084,1
2026-08-26 10:11:00,0.5030529871893377,1
2026-08-26 10:12:00,0.5101135043779378,1
2026-08-26 10:13:00,0.4238086117924581,1
2026-08-26 10:14:00,0.3967853191416531,0
2026-08-26 10:15:00,0.46843245258299465,1
2026-08-26 10:16:00,0.45069189956841504,1
2026-08-26 10:17:00,0.4669042603315191,1
2026-08-26 10:18:00,0.40070780294595276,1
2026-08-26 10:19:00,0.4304606752162636,0
2026-08-26 10:20:00,0.4181494538761064,1
2026-08-26 10:21:00,0.48237287038662563,0
2026-08-26 10:22:00,0.44163128053054856,0
2026-08-26 10:23:00,0.381676948632995,0
2026-08-26 10:24:00,0.43135913997768,0
2026-08-26 10:25:00,0.41634999998493266,1
2026-08-26 10:26:00,0.4258668429254404,1
2026-08-26 10:27:00,0.42317364039218136,1
2026-08-26 10:28:00,0.40066694048781154,1
2026-08-26 10:29:00,0.4172267972817675,1
2026-08-26 10:30:00,0.42231521134443833,1
2026-08-26 10:31:00,0.35302283031981074,1
2026-08-26 10:32:00,0.36519120231851565,1
2026-08-26 10:33:00,0.36068201297878705,0
2026-08-26 10:34:00,0.40317263567099654,0
2026-08-26 10:35:00,0.38729767936704007,0
2026-08-26 10:36:00,0.41170080738175036,1
2026-08-26 10:37:00,0.40892862272225095,1
2026-08-26 10:38:00,0.44410889020340755,0
2026-08-26 10:39:00,0.4114640344113974,0
2026-08-26 10:40:00,0.3976725571838924,0
2026-08-26 10:41:00,0.40202986970358523,0
2026-08-26 10:42:00,0.37468679735433064,0
2026-08-26 10:43:00,0.4195608638468999,0
2026-08-26 10:44:00,0.40395104774119506,0
2026-08-26 10:45:00,0.4089092016071717,0
2026-08-26 10:46:00,0.41648965836260504,0
2026-08-26 10:47:00,0.39786455744085164,0
2026-08-26 10:48:00,0.41481034655765475,0
2026-08-26 10:49:00,0.4144772029285594,0
2026-08-26 10:50:00,0.39210479878293875,0
2026-08-26 10:51:00,0.3903269491734859,0
2026-08-26 10:52:00,0.42511100763679305,1
2026-08-26 10:53:00,0.40366180364038684,1
2026-08-26 10:54:00,0.4468331423933938,1
2026-08-26 10:55:00,0.4370510202527194,1
2026-08-26 10:56:00,0.42002175846306267,1
2026-08-26 10:57:00,0.42538193193745155,0
2026-08-26 10:58:00,0.3958890055460951,0
2026-08-26 10:59:00,0.39900204144023155,0
2026-08-26 11:00:00,0.39426574738675213,0
2026-08-26 11:01:00,0.4073625500883288,1
2026-08-26 11:02:00,0.39729247823898,0
2026-08-26 11:03:00,0.4403856373047222,1
2026-08-26 11:04:00,0.39983198617732274,0
2026-08-26 11:05:00,0.3888768419703633,0
2026-08-26 11:06:00,0.39044391241778403,0
2026-08-26 11:07:00,0.3778995088634322,0
2026-08-26 11:08:00,0.3943225559702094,0
2026-08-26 11:09:00,0.4227853733286119,0
2026-08-26 11:10:00,0.4265154971432591,0
2026-08-26 11:11:00,0.40153485940712436,0
2026-08-26 11:12:00,0.42429116451727106,0
2026-08-26 11:13:00,0.43412759109293697,1
2026-08-26 11:14:00,0.4657965545539586,1
2026-08-26 11:15:00,0.47108562013991023,1
2026-08-26 11:16:00,0.4108339295816922,0
2026-08-26 11:17:00,0.3794666562252269,0
2026-08-26 11:18:00,0.352919741868725,0
2026-08-26 11:19:00,0.4078900391700672,0
2026-08-26 11:20:00,0.39735242002265003,0
2026-08-26 11:21:00,0.39368950787569446,0
2026-08-26 11:22:00,0.40768547245083187,0
2026-08-26 11:23:00,0.41734827477363917,0
2026-08-26 11:24:00,0.38412749696516246,0
2026-08-26 11:25:00,0.39776317523055393,0
2026-08-26 11:26:00,0.38384209120546475,0
2026-08-26 11:27:00,0.3856306605687821,0
2026-08-26 11:28:00,0.3800081195288814,0
2026-08-26 11:29:00,0.3741731405942095,0
2026-08-26 11:30:00,0.3174198793479433,0
2026-08-26 13:01:00,0.3968730908615238,0
2026-08-26 13:02:00,0.34140379296623813,0
2026-08-26 13:03:00,0.3915044198109692,0
2026-08-26 13:04:00,0.35884893875444557,0
2026-08-26 13:05:00,0.37712318424887337,0
2026-08-26 13:06:00,0.38113368497177275,0
2026-08-26 13:07:00,0.36547121019584766,0
2026-08-26 13:08:00,0.32483965211083876,0
2026-08-26 13:09:00,0.343529697955532,0
2026-08-26 13:10:00,0.38938991124754707,0
2026-08-26 13:11:00,0.4000294849836072,0
2026-08-26 13:12:00,0.4460978974104443,0
2026-08-26 13:13:00,0.5570483434852836,1
2026-08-26 13:14:00,0.4735465607551,0
2026-08-26 13:15:00,0.4709315817985174,0
2026-08-26 13:16:00,0.3518847692786741,0
2026-08-26 13:17:00,0.3803390305663985,0
2026-08-26 13:18:00,0.39285108150317716,0
2026-08-26 13:19:00,0.35590653869347016,0
2026-08-26 13:20:00,0.4244538175283773,0
2026-08-26 13:21:00,0.40293791559044995,0
2026-08-26 13:22:00,0.43433606436992334,0
2026-08-26 13:23:00,0.4087569613230189,0
2026-08-26 13:24:00,0.3236475861070001,0
2026-08-26 13:25:00,0.37562642929089435,0
2026-08-26 13:26:00,0.4472677754463895,0
2026-08-26 13:27:00,0.35252085551094875,0
2026-08-26 13:28:00,0.35166838329768896,0
2026-08-26 13:29:00,0.39880698036267015,0
2026-08-26 13:30:00,0.4742439839925895,0
2026-08-26 13:31:00,0.43044871040483423,0
2026-08-26 13:32:00,0.3954309208240305,0
2026-08-26 13:33:00,0.3678685855922541,0
2026-08-26 13:34:00,0.39825943088533877,0
2026-08-26 13:35:00,0.47784705474207406,0
2026-08-26 13:36:00,0.4542678320308226,0
2026-08-26 13:37:00,0.47858861911203254,1
2026-08-26 13:38:00,0.4853586320745653,1
2026-08-26 13:39:00,0.3584829312334868,0
2026-08-26 13:40:00,0.39103644718834196,0
2026-08-26 13:41:00,0.4288246500665544,1
2026-08-26 13:42:00,0.4258222960130297,1
2026-08-26 13:43:00,0.41815580551915577,1
2026-08-26 13:44:00,0.3837369460962238,0
2026-08-26 13:45:00,0.37736014815917784,0
2026-08-26 13:46:00,0.3295856831341012,0
2026-08-26 13:47:00,0.3174117544371826,0
2026-08-26 13:48:00,0.4255353308830004,1
2026-08-26 13:49:00,0.34882031479683295,0
2026-08-26 13:50:00,0.35615553864940325,0
2026-08-26 13:51:00,0.4140151086237024,0
2026-08-26 13:52:00,0.36588677487012455,0
2026-08-26 13:53:00,0.408390542607133,0
2026-08-26 13:54:00,0.32206364493398293,0
2026-08-26 13:55:00,0.41562407249543404,0
2026-08-26 13:56:00,0.3003216259743873,0
2026-08-26 13:57:00,0.38465679970714006,0
2026-08-26 13:58:00,0.33950362397758777,0
2026-08-26 13:59:00,0.41694048847924936,0
2026-08-26 14:00:00,0.37103850183733156,0
2026-08-26 14:01:00,0.37593332510380806,0
2026-08-26 14:02:00,0.3933750057393534,0
2026-08-26 14:03:00,0.3602795468129272,0
2026-08-26 14:04:00,0.31615185589542105,0
2026-08-26 14:05:00,0.35436719869487854,0
2026-08-26 14:06:00,0.4671132115126446,0
2026-08-26 14:07:00,0.45585802541663295,0
2026-08-26 14:08:00,0.3552059497971481,0
2026-08-26 14:09:00,0.3926266671191615,0
2026-08-26 14:10:00,0.3702992144799332,0
2026-08-26 14:11:00,0.4276678118936886,0
2026-08-26 14:12:00,0.4187888938276282,0
2026-08-26 14:13:00,0.3753570336891338,0
2026-08-26 14:14:00,0.39606796410141104,0
2026-08-26 14:15:00,0.2623108399802048,1
2026-08-26 14:16:00,0.3188581148034998,0
2026-08-26 14:17:00,0.31962444091278563,1
2026-08-26 14:18:00,0.5027255493024576,1
2026-08-26 14:19:00,0.3125366447623782,1
2026-08-26 14:20:00,0.28440909943559767,0
2026-08-26 14:21:00,0.3307122365352442,1
2026-08-26 14:22:00,0.293261569449807,1
2026-08-26 14:23:00,0.3417723638659963,1
2026-08-26 14:24:00,0.33454665605492195,1
2026-08-26 14:25:00,0.30483566467542145,1
2026-08-26 14:26:00,0.3671568751793253,1
2026-08-26 14:27:00,0.30141053684283753,1
2026-08-26 14:28:00,0.3032193558777985,1
2026-08-26 14:29:00,0.24532577154895552,1
2026-08-26 14:30:00,0.19746484607320794,0
2026-08-26 14:31:00,0.27310049781122314,1
2026-08-26 14:32:00,0.2507560978548212,0
2026-08-26 14:33:00,0.3233696563681905,0
2026-08-26 14:34:00,0.2636640390415498,0
2026-08-26 14:35:00,0.388320579134582,0
2026-08-26 14:36:00,0.3295423546905648,0
2026-08-26 14:37:00,0.33656573121794636,0
2026-08-26 14:38:00,0.3617009952597338,0
2026-08-26 14:39:00,0.2973065790271587,0
2026-08-26 14:40:00,0.49033931473770764,0
2026-08-26 14:41:00,0.4805083814259002,0
2026-08-26 14:42:00,0.4380316963553632,0
2026-08-26 14:43:00,0.4815005696783475,0
2026-08-26 14:44:00,0.4832161109342364,0
2026-08-26 14:45:00,0.4929888008138441,0
2026-08-26 14:46:00,0.4438236417215189,0
2026-08-26 14:47:00,0.5286472677203258,0
2026-08-26 14:48:00,0.5254112064445747,0
2026-08-26 14:49:00,0.4974646960492494,0
2026-08-26 14:50:00,0.5052492830995469,0
2026-08-26 14:51:00,0.5375991672420821,0
2026-08-26 14:52:00,0.565196307593736,0
2026-08-26 14:53:00,0.5563848660926117,0
2026-08-26 14:54:00,0.541159848087173,0
2026-08-26 14:55:00,0.5374196738116023,0
2026-08-26 14:56:00,0.5325997141303995,0
2026-08-26 14:57:00,0.5606527234948313,0
2026-08-26 14:58:00,0.5162378467267306,0
2026-08-26 14:59:00,0.5147051265042951,0
2026-08-26 15:00:00,0.5500432744586068,0
2026-08-27 09:30:00,0.4660764760590898,0
2026-08-27 09:31:00,0.5093677921624428,0
2026-08-27 09:32:00,0.5666127432365843,1
2026-08-27 09:33:00,0.4077758233998211,1
2026-08-27 09:34:00,0.4055770158030748,0
2026-08-27 09:35:00,0.4043398831267904,0
2026-08-27 09:36:00,0.46795883084467577,1
2026-08-27 09:37:00,0.4802282492959461,1
2026-08-27 09:38:00,0.37787819892296237,0
2026-08-27 09:39:00,0.39759772713434416,0
2026-08-27 09:40:00,0.40465229326475827,0
2026-08-27 09:41:00,0.422075034648128,0
2026-08-27 09:42:00,0.4103656318795281,0
2026-08-27 09:43:00,0.4917484651373705,1
2026-08-27 09:44:00,0.45119426918933714,1
2026-08-27 09:45:00,0.4073823832136474,0
2026-08-27 09:46:00,0.40133023240063465,0
2026-08-27 09:47:00,0.42980386561748934,0
2026-08-27 09:48:00,0.38394551712245373,0
2026-08-27 09:49:00,0.4301194358390375,0
2026-08-27 09:50:00,0.4552447920667815,0
2026-08-27 09:51:00,0.4571341700754353,0
2026-08-27 09:52:00,0.4843949753638557,0
2026-08-27 09:53:00,0.4520692105762683,0
2026-08-27 09:54:00,0.4417285333701567,0
2026-08-27 09:55:00,0.469842326043944,1
2026-08-27 09:56:00,0.4206629849665333,0
2026-08-27 09:57:00,0.46728944002507444,0
2026-08-27 09:58:00,0.4294591558613809,0
2026-08-27 09:59:00,0.47180603384043684,0
2026-08-27 10:00:00,0.520643113871873,1
2026-08-27 10:01:00,0.4475737231822439,1
2026-08-27 10:02:00,0.5093242920242022,1
2026-08-27 10:03:00,0.5259953202754707,1
2026-08-27 10:04:00,0.5248585573323135,1
2026-08-27 10:05:00,0.5227839367579964,1
2026-08-27 10:06:00,0.6646651659472325,1
2026-08-27 10:07:00,0.5975668971945374,1
2026-08-27 10:08:00,0.5163847266984358,1
2026-08-27 10:09:00,0.3648020557523517,0
2026-08-27 10:10:00,0.428042049193164,0
2026-08-27 10:11:00,0.44022883000819457,1
2026-08-27 10:12:00,0.4301794961126678,1
2026-08-27 10:13:00,0.4498469877562322,1
2026-08-27 10:14:00,0.411740757400512,1
2026-08-27 10:15:00,0.419347469773593,1
2026-08-27 10:16:00,0.40381936014193653,1
2026-08-27 10:17:00,0.4380129802564742,1
2026-08-27 10:18:00,0.4746390560058455,1
2026-08-27 10:19:00,0.40049200108958705,0
2026-08-27 10:20:00,0.3884264348668801,0
2026-08-27 10:21:00,0.4273527674802096,0
2026-08-27 10:22:00,0.44471596169212235,0
2026-08-27 10:23:00,0.4213509653340827,0
2026-08-27 10:24:00,0.43828759460775446,0
2026-08-27 10:25:00,0.42626760623052945,0
2026-08-27 10:26:00,0.41942157351246767,0
2026-08-27 10:27:00,0.43244472355472346,0
2026-08-27 10:28:00,0.4173550519465854,0
2026-08-27 10:29:00,0.3563863725160415,0
2026-08-27 10:30:00,0.3494382133735222,0
2026-08-27 10:31:00,0.41334317479179433,0
2026-08-27 10:32:00,0.4026039883213115,0
2026-08-27 10:33:00,0.4084150783648382,0
2026-08-27 10:34:00,0.4054574904453557,0
2026-08-27 10:35:00,0.4074417765286752,0
2026-08-27 10:36:00,0.42739884720211474,1
2026-08-27 10:37:00,0.41118346797505645,1
2026-08-27 10:38:00,0.4344582930174505,1
2026-08-27 10:39:00,0.4275656026836721,1
2026-08-27 10:40:00,0.35024945518451855,0
2026-08-27 10:41:00,0.47420470989321606,1
2026-08-27 10:42:00,0.3869484921603529,0
2026-08-27 10:43:00,0.47387820992541074,0
2026-08-27 10:44:00,0.3626303062091702,0
2026-08-27 10:45:00,0.4329089980219407,0
2026-08-27 10:46:00,0.40766736954484795,0
2026-08-27 10:47:00,0.43511286861763493,0
2026-08-27 10:48:00,0.4804219781617446,1
2026-08-27 10:49:00,0.43313223324543493,0
2026-08-27 10:50:00,0.3563065231053306,0
2026-08-27 10:51:00,0.3323174547251543,0
2026-08-27 10:52:00,0.37688635578242113,0
2026-08-27 10:53:00,0.38461200343075097,0
2026-08-27 10:54:00,0.4013016467269481,0
2026-08-27 10:55:00,0.4089136287628703,0
2026-08-27 10:56:00,0.4182713078771648,0
2026-08-27 10:57:00,0.42303234107619964,1
2026-08-27 10:58:00,0.45508273523506276,1
2026-08-27 10:59:00,0.42684331623335103,0
2026-08-27 11:00:00,0.3968750900444649,1
2026-08-27 11:01:00,0.40522273123624086,1
2026-08-27 11:02:00,0.4836358232324127,1
2026-08-27 11:03:00,0.35229234481980676,1
2026-08-27 11:04:00,0.3779182088166647,1
2026-08-27 11:05:00,0.3460984763662646,1
2026-08-27 11:06:00,0.4164166313973953,1
2026-08-27 11:07:00,0.39466854818872,0
2026-08-27 11:08:00,0.40562867831526345,1
2026-08-27 11:09:00,0.44317765124335134,1
2026-08-27 11:10:00,0.44807196095937646,0
2026-08-27 11:11:00,0.4122802752302745,1
2026-08-27 11:12:00,0.39187299777931,1
2026-08-27 11:13:00,0.4347926842164875,1
2026-08-27 11:14:00,0.4409994340377316,1
2026-08-27 11:15:00,0.44445292833848143,1
2026-08-27 11:16:00,0.3755483775377837,1
2026-08-27 11:17:00,0.3541787700392995,1
2026-08-27 11:18:00,0.34860589049036245,1
2026-08-27 11:19:00,0.35917873403726946,1
2026-08-27 11:20:00,0.37990394968677565,1
2026-08-27 11:21:00,0.4008447269110718,1
2026-08-27 11:22:00,0.40866312439056274,1
2026-08-27 11:23:00,0.4165392282307858,1
2026-08-27 11:24:00,0.397568784918902,1
2026-08-27 11:25:00,0.38973747968473343,1
2026-08-27 11:26:00,0.40573309642571004,0
2026-08-27 11:27:00,0.36327638066174794,0
2026-08-27 11:28:00,0.47589337262183046,0
2026-08-27 11:29:00,0.38640897245006295,0
2026-08-27 11:30:00,0.3341661888422543,0
2026-08-27 13:01:00,0.443731677535279,0
2026-08-27 13:02:00,0.3919656559638401,0
2026-08-27 13:03:00,0.39241143266493667,0
2026-08-27 13:04:00,0.35840669552402865,0
2026-08-27 13:05:00,0.36631564129535493,0
2026-08-27 13:06:00,0.3801054569993576,0
2026-08-27 13:07:00,0.37924748320538126,0
2026-08-27 13:08:00,0.40082731781096087,0
2026-08-27 13:09:00,0.4194578412625654,0
2026-08-27 13:10:00,0.4389496859467294,0
2026-08-27 13:11:00,0.4025568896612374,0
2026-08-27 13:12:00,0.383315257556516,0
2026-08-27 13:13:00,0.40535732822354376,0
2026-08-27 13:14:00,0.42125250130026604,0
2026-08-27 13:15:00,0.4019982945114397,0
2026-08-27 13:16:00,0.36313092254977286,0
2026-08-27 13:17:00,0.39182177842947813,0
2026-08-27 13:18:00,0.488958064386235,1
2026-08-27 13:19:00,0.45752268325327367,1
2026-08-27 13:20:00,0.489054200783641,0
2026-08-27 13:21:00,0.35296547004461015,0
2026-08-27 13:22:00,0.3720486636950607,0
2026-08-27 13:23:00,0.43999885957614443,1
2026-08-27 13:24:00,0.3753868474344589,0
2026-08-27 13:25:00,0.3148608875698026,0
2026-08-27 13:26:00,0.3214668841104805,0
2026-08-27 13:27:00,0.29237151437455183,0
2026-08-27 13:28:00,0.3951176225667933,1
2026-08-27 13:29:00,0.3872177660566979,1
2026-08-27 13:30:00,0.38958223390884483,1
2026-08-27 13:31:00,0.3622125119404697,1
2026-08-27 13:32:00,0.36934744439244155,1
2026-08-27 13:33:00,0.3531716762888006,0
2026-08-27 13:34:00,0.3488350739621159,0
2026-08-27 13:35:00,0.5071267688127928,1
2026-08-27 13:36:00,0.45509190864139976,1
2026-08-27 13:37:00,0.4564335914102949,1
2026-08-27 13:38:00,0.33008384701073706,0
2026-08-27 13:39:00,0.35743944909127245,0
2026-08-27 13:40:00,0.3124083919447574,0
2026-08-27 13:41:00,0.3668327809519488,0
2026-08-27 13:42:00,0.32260296687534273,0
2026-08-27 13:43:00,0.33976121767174994,0
2026-08-27 13:44:00,0.3200691144711579,0
2026-08-27 13:45:00,0.29661581710058,0
2026-08-27 13:46:00,0.3631059004867607,0
2026-08-27 13:47:00,0.3273933274581359,0
2026-08-27 13:48:00,0.4101869938934312,0
2026-08-27 13:49:00,0.3740402030591167,1
2026-08-27 13:50:00,0.3970023274468092,1
2026-08-27 13:51:00,0.36774397299021205,0
2026-08-27 13:52:00,0.3818213569454352,0
2026-08-27 13:53:00,0.3691894054021249,1
2026-08-27 13:54:00,0.4144573328354316,1
2026-08-27 13:55:00,0.3994314215778031,1
2026-08-27 13:56:00,0.3462793716885596,1
2026-08-27 13:57:00,0.346460425595886,1
2026-08-27 13:58:00,0.3643104294621204,1
2026-08-27 13:59:00,0.3334501421094546,0
2026-08-27 14:00:00,0.31824080798738286,1
2026-08-27 14:01:00,0.324417678581755,1
2026-08-27 14:02:00,0.3331430571722949,1
2026-08-27 14:03:00,0.31638039496677556,1
2026-08-27 14:04:00,0.39550998645102625,1
2026-08-27 14:05:00,0.2604754065146128,1
2026-08-27 14:06:00,0.31830164115394555,1
2026-08-27 14:07:00,0.47223535572170705,1
2026-08-27 14:08:00,0.4482044837545714,0
2026-08-27 14:09:00,0.38069685654831553,0
2026-08-27 14:10:00,0.4423910604941982,0
2026-08-27 14:11:00,0.4089145895485123,0
2026-08-27 14:12:00,0.43457611908739974,1
2026-08-27 14:13:00,0.4562337405250552,1
2026-08-27 14:14:00,0.38334557881338127,1
2026-08-27 14:15:00,0.41657066441937457,0
2026-08-27 14:16:00,0.3835385326220839,0
2026-08-27 14:17:00,0.38321263764739466,0
2026-08-27 14:18:00,0.35223099265243024,0
2026-08-27 14:19:00,0.33044242433545606,0
2026-08-27 14:20:00,0.36731945389722126,1
2026-08-27 14:21:00,0.30629964344809585,1
2026-08-27 14:22:00,0.3840642388823433,1
2026-08-27 14:23:00,0.35725559692759784,1
2026-08-27 14:24:00,0.3614529642440894,1
2026-08-27 14:25:00,0.30711956432528864,1
2026-08-27 14:26:00,0.3216881650291164,1
2026-08-27 14:27:00,0.274268685970393,1
2026-08-27 14:28:00,0.37593581289155764,1
2026-08-27 14:29:00,0.28592542032532303,1
2026-08-27 14:30:00,0.2784857380200574,1
2026-08-27 14:31:00,0.2970958413238237,1
2026-08-27 14:32:00,0.3162789704969356,1
2026-08-27 14:33:00,0.3041330141645348,1
2026-08-27 14:34:00,0.33670362226978817,1
2026-08-27 14:35:00,0.3660822442682634,1
2026-08-27 14:36:00,0.42145807386819606,1
2026-08-27 14:37:00,0.38286144128481325,1
2026-08-27 14:38:00,0.37544032610377676,1
2026-08-27 14:39:00,0.3612012904213613,1
2026-08-27 14:40:00,0.42773478589090086,1
2026-08-27 14:41:00,0.5036794830914756,1
2026-08-27 14:42:00,0.4567035848050846,1
2026-08-27 14:43:00,0.4668843311723568,1
2026-08-27 14:44:00,0.5444621379957423,0
2026-08-27 14:45:00,0.5135920295704025,0
2026-08-27 14:46:00,0.5332994037911543,0
2026-08-27 14:47:00,0.5050564986881069,0
2026-08-27 14:48:00,0.5749938637121688,0
2026-08-27 14:49:00,0.4244519840795224,1
2026-08-27 14:50:00,0.469946272366966,1
2026-08-27 14:51:00,0.4763224525276247,1
2026-08-27 14:52:00,0.5496616273715564,1
2026-08-27 14:53:00,0.5411049873521039,1
2026-08-27 14:54:00,0.5192758235813455,1
2026-08-27 14:55:00,0.5692989197892552,1
2026-08-27 14:56:00,0.5640241766947851,1
2026-08-27 14:57:00,0.6155746591545427,1
2026-08-27 14:58:00,0.5703328359645048,1
2026-08-27 14:59:00,0.5523547162169176,1
2026-08-27 15:00:00,0.624779101627661,1
2026-08-28 09:30:00,0.4546247468411234,1
2026-08-28 09:31:00,0.41103483419573617,1
2026-08-28 09:32:00,0.5001369825262135,1
2026-08-28 09:33:00,0.5137138494275341,1
2026-08-28 09:34:00,0.47814797872933945,1
2026-08-28 09:35:00,0.48887174094161756,1
2026-08-28 09:36:00,0.42427223293427796,1
2026-08-28 09:37:00,0.4670043063881134,1
2026-08-28 09:38:00,0.4523843992321233,0
2026-08-28 09:39:00,0.44140263263043217,0
2026-08-28 09:40:00,0.5093523257232119,0
2026-08-28 09:41:00,0.4479731816183552,0
2026-08-28 09:42:00,0.4625393920935655,1
2026-08-28 09:43:00,0.45524054301007755,1
2026-08-28 09:44:00,0.4057238744165779,1
2026-08-28 09:45:00,0.41071542957040164,1
2026-08-28 09:46:00,0.47878985325624973,1
2026-08-28 09:47:00,0.4704912531676813,1
2026-08-28 09:48:00,0.45151617859748644,1
2026-08-28 09:49:00,0.4310795318830462,0
2026-08-28 09:50:00,0.45083970950169727,0
2026-08-28 09:51:00,0.47394872209771677,1
2026-08-28 09:52:00,0.46073322846975406,0
2026-08-28 09:53:00,0.48000004265326435,1
2026-08-28 09:54:00,0.411467902345724,1
2026-08-28 09:55:00,0.4436116575174369,1
2026-08-28 09:56:00,0.4559625855728212,0
2026-08-28 09:57:00,0.38795450628262707,0
2026-08-28 09:58:00,0.41797016016410227,0
2026-08-28 09:59:00,0.3734600462654413,0
2026-08-28 10:00:00,0.41410004878747914,0
2026-08-28 10:01:00,0.4961330191676661,0
2026-08-28 10:02:00,0.4476246801565518,0
2026-08-28 10:03:00,0.46277823244778904,1
2026-08-28 10:04:00,0.44432310745807796,1
2026-08-28 10:05:00,0.44465851607686163,1
2026-08-28 10:06:00,0.4382297413556279,1
2026-08-28 10:07:00,0.4705014675311847,1
2026-08-28 10:08:00,0.45903982277942396,1
2026-08-28 10:09:00,0.39946379746832683,0
2026-08-28 10:10:00,0.5025091241860774,0
2026-08-28 10:11:00,0.5419019086136683,1
2026-08-28 10:12:00,0.4608592358721314,0
2026-08-28 10:13:00,0.4962896063296936,1
2026-08-28 10:14:00,0.4124846893752157,0
2026-08-28 10:15:00,0.46834409005738464,0
2026-08-28 10:16:00,0.43851680659055237,0
2026-08-28 10:17:00,0.4288162856872771,0
2026-08-28 10:18:00,0.4006683196883838,0
2026-08-28 10:19:00,0.46095205303213344,0
2026-08-28 10:20:00,0.4616343793820085,0
2026-08-28 10:21:00,0.4230761446812846,0
2026-08-28 10:22:00,0.42170051769186906,0
2026-08-28 10:23:00,0.42498607869148003,0
2026-08-28 10:24:00,0.43643608348276003,0
2026-08-28 10:25:00,0.4283058578687169,0
2026-08-28 10:26:00,0.41968099541959775,0
2026-08-28 10:27:00,0.4232909392885178,0
2026-08-28 10:28:00,0.42398802396250374,0
2026-08-28 10:29:00,0.41854118794355666,0
2026-08-28 10:30:00,0.43322579833422437,0
2026-08-28 10:31:00,0.41882824327679635,0
2026-08-28 10:32:00,0.412237723796141,0
2026-08-28 10:33:00,0.4194590002430929,0
2026-08-28 10:34:00,0.40894572559346376,0
2026-08-28 10:35:00,0.3876721207555178,0
2026-08-28 10:36:00,0.4093856585223128,0
2026-08-28 10:37:00,0.4215911191587282,0
2026-08-28 10:38:00,0.4988797006597216,0
2026-08-28 10:39:00,0.4560805341695287,0
2026-08-28 10:40:00,0.5150329485505525,0
2026-08-28 10:41:00,0.44566976956322685,0
2026-08-28 10:42:00,0.43079599107392985,0
2026-08-28 10:43:00,0.4313017408702071,0
2026-08-28 10:44:00,0.37950484043642047,0
2026-08-28 10:45:00,0.42679163658777314,0
2026-08-28 10:46:00,0.4060100381507593,0
2026-08-28 10:47:00,0.4195736657671368,0
2026-08-28 10:48:00,0.36763339327365585,0
2026-08-28 10:49:00,0.4240185277643114,0
2026-08-28 10:50:00,0.4581252948542207,0
2026-08-28 10:51:00,0.45754295872436107,0
2026-08-28 10:52:00,0.37474383772514447,0
2026-08-28 10:53:00,0.45568288425118464,0
2026-08-28 10:54:00,0.47733500198191686,0
2026-08-28 10:55:00,0.47301778202753236,0
2026-08-28 10:56:00,0.49627240895271313,0
2026-08-28 10:57:00,0.39254711826014516,0
2026-08-28 10:58:00,0.43973650180266594,0
2026-08-28 10:59:00,0.402081066227627,0
2026-08-28 11:00:00,0.45916298146948403,0
2026-08-28 11:01:00,0.4540191969986123,0
2026-08-28 11:02:00,0.4469253707248118,0
2026-08-28 11:03:00,0.48427979095787543,0
2026-08-28 11:04:00,0.39595371027418963,0
2026-08-28 11:05:00,0.4458965251550224,0
2026-08-28 11:06:00,0.44407180909505717,0
2026-08-28 11:07:00,0.504099558789792,0
2026-08-28 11:08:00,0.47319297507317043,0
2026-08-28 11:09:00,0.5395700029173864,0
2026-08-28 11:10:00,0.49166099568672433,0
2026-08-28 11:11:00,0.5008881094728567,0
2026-08-28 11:12:00,0.4787339892327815,0
2026-08-28 11:13:00,0.4699508118196644,0
2026-08-28 11:14:00,0.45805264955457364,1
2026-08-28 11:15:00,0.4552879514532719,1
2026-08-28 11:16:00,0.4486793046197106,0
2026-08-28 11:17:00,0.41396012557835976,0
2026-08-28 11:18:00,0.4209650634194556,0
2026-08-28 11:19:00,0.37375977721407266,0
2026-08-28 11:20:00,0.3936909123402335,0
2026-08-28 11:21:00,0.46374300756160036,0
2026-08-28 11:22:00,0.45037776832641746,0
2026-08-28 11:23:00,0.39033871565720757,0
2026-08-28 11:24:00,0.45142074935375665,0
2026-08-28 11:25:00,0.4102643851382188,0
2026-08-28 11:26:00,0.42224917181320076,0
2026-08-28 11:27:00,0.45161994242085585,0
2026-08-28 11:28:00,0.44291026386955795,0
2026-08-28 11:29:00,0.35627641032570156,0
2026-08-28 11:30:00,0.36893067971357435,0
2026-08-28 13:01:00,0.4538724224969974,1
2026-08-28 13:02:00,0.3777445500939967,1
2026-08-28 13:03:00,0.4091734742952122,1
2026-08-28 13:04:00,0.4086160935268183,1
2026-08-28 13:05:00,0.3645761106413399,1
2026-08-28 13:06:00,0.3657422492567561,1
2026-08-28 13:07:00,0.3127522700761284,1
2026-08-28 13:08:00,0.43050872496421794,1
2026-08-28 13:09:00,0.3534957777607211,1
2026-08-28 13:10:00,0.41069065436132773,1
2026-08-28 13:11:00,0.3758881315446669,1
2026-08-28 13:12:00,0.4151444109938407,1
2026-08-28 13:13:00,0.4046096218375247,1
2026-08-28 13:14:00,0.40950198026779194,1
2026-08-28 13:15:00,0.38223826773671354,1
2026-08-28 13:16:00,0.34980772306418423,1
2026-08-28 13:17:00,0.3675792697674239,1
2026-08-28 13:18:00,0.36199913914379056,1
2026-08-28 13:19:00,0.3742788445334534,1
2026-08-28 13:20:00,0.3286464306345866,1
2026-08-28 13:21:00,0.3303484139076124,1
2026-08-28 13:22:00,0.4016669791123926,1
2026-08-28 13:23:00,0.38614801520759906,1
2026-08-28 13:24:00,0.41741659535990117,1
2026-08-28 13:25:00,0.38165312688170216,1
2026-08-28 13:26:00,0.3888702326617588,1
2026-08-28 13:27:00,0.44903413183056284,1
2026-08-28 13:28:00,0.35459327439357385,1
2026-08-28 13:29:00,0.3641173444283646,1
2026-08-28 13:30:00,0.35497625674860145,1
2026-08-28 13:31:00,0.3737952330122998,1
2026-08-28 13:32:00,0.3364527894301251,1
2026-08-28 13:33:00,0.36389158938081473,1
2026-08-28 13:34:00,0.32207210775862927,1
2026-08-28 13:35:00,0.42885299034486973,1
2026-08-28 13:36:00,0.4246022815172003,1
2026-08-28 13:37:00,0.44515145504140596,1
2026-08-28 13:38:00,0.430115553124017,1
2026-08-28 13:39:00,0.4051140460507282,1
2026-08-28 13:40:00,0.4286706296558167,1
2026-08-28 13:41:00,0.42619214777218256,0
2026-08-28 13:42:00,0.3615808252025162,0
2026-08-28 13:43:00,0.3668604503377377,0
2026-08-28 13:44:00,0.35676471761318834,0
2026-08-28 13:45:00,0.33771977476647735,0
2026-08-28 13:46:00,0.3440243328328108,0
2026-08-28 13:47:00,0.35885314980152067,0
2026-08-28 13:48:00,0.3605618989528298,0
2026-08-28 13:49:00,0.38045476859575134,0
2026-08-28 13:50:00,0.4108470236659523,0
2026-08-28 13:51:00,0.4119690089829297,0
2026-08-28 13:52:00,0.3389272949542288,0
2026-08-28 13:53:00,0.34329946298950953,0
2026-08-28 13:54:00,0.36224710773754776,0
2026-08-28 13:55:00,0.3607971113478387,0
2026-08-28 13:56:00,0.3609578088971496,0
2026-08-28 13:57:00,0.4153240587827517,1
2026-08-28 13:58:00,0.3825071254285515,1
2026-08-28 13:59:00,0.37246037621641714,0
2026-08-28 14:00:00,0.3943280626632438,0
2026-08-28 14:01:00,0.3412069718401984,0
2026-08-28 14:02:00,0.33158811903849733,0
2026-08-28 14:03:00,0.35030664581902876,0
2026-08-28 14:04:00,0.3817753922300801,0
2026-08-28 14:05:00,0.38356512962413586,0
2026-08-28 14:06:00,0.375739229239425,0
2026-08-28 14:07:00,0.3471271865696466,0
2026-08-28 14:08:00,0.2723803164207528,0
2026-08-28 14:09:00,0.32815289512822765,0
2026-08-28 14:10:00,0.320988805458501,0
2026-08-28 14:11:00,0.40836228104667455,0
2026-08-28 14:12:00,0.41459130242239656,0
2026-08-28 14:13:00,0.3641584298533402,0
2026-08-28 14:14:00,0.3178275800750278,0
2026-08-28 14:15:00,0.32388621205945506,0
2026-08-28 14:16:00,0.3423521563045622,0
2026-08-28 14:17:00,0.4080186344619451,0
2026-08-28 14:18:00,0.3330401868364831,0
2026-08-28 14:19:00,0.30558706178832695,0
2026-08-28 14:20:00,0.31301950439093534,0
2026-08-28 14:21:00,0.35011041118936415,0
2026-08-28 14:22:00,0.3340599089478707,0
2026-08-28 14:23:00,0.3049815753949113,0
2026-08-28 14:24:00,0.32227262664640743,0
2026-08-28 14:25:00,0.3156835217234328,0
2026-08-28 14:26:00,0.344312743891691,0
2026-08-28 14:27:00,0.28147071813591823,0
2026-08-28 14:28:00,0.3127031184082079,0
2026-08-28 14:29:00,0.24735172318998916,0
2026-08-28 14:30:00,0.3060874723739808,0
2026-08-28 14:31:00,0.3455346286584311,0
2026-08-28 14:32:00,0.38233002959661083,0
2026-08-28 14:33:00,0.3345391839813623,0
2026-08-28 14:34:00,0.32657305990008895,0
2026-08-28 14:35:00,0.38169589303160195,0
2026-08-28 14:36:00,0.3388079111952695,0
2026-08-28 14:37:00,0.4198337593881266,0
2026-08-28 14:38:00,0.38103330031304194,0
2026-08-28 14:39:00,0.34505675770846284,0
2026-08-28 14:40:00,0.47685288083919686,0
2026-08-28 14:41:00,0.5546594070272242,0
2026-08-28 14:42:00,0.555209231186832,0
2026-08-28 14:43:00,0.6052709441800995,0
2026-08-28 14:44:00,0.5730435958504695,0
2026-08-28 14:45:00,0.511022922430093,0
2026-08-28 14:46:00,0.6005142544646178,0
2026-08-28 14:47:00,0.5545012193456027,0
2026-08-28 14:48:00,0.5365779656069185,0
2026-08-28 14:49:00,0.5251338364269599,0
2026-08-28 14:50:00,0.5881621076199803,0
2026-08-28 14:51:00,0.5998413693240582,0
2026-08-28 14:52:00,0.49569064195807405,0
2026-08-28 14:53:00,0.5995432863372631,0
2026-08-28 14:54:00,0.4970662002672318,0
2026-08-28 14:55:00,0.6087870230142152,0
2026-08-28 14:56:00,0.6332338654234941,0
2026-08-28 14:57:00,0.6194626394030984,0
2026-08-28 14:58:00,0.5121996215945311,0
2026-08-28 14:59:00,0.5180767622953963,0
2026-08-28 15:00:00,0.6356397218063784,0
2026-08-31 09:30:00,0.42967480094495886,0
2026-08-31 09:31:00,0.5428515784515605,0
2026-08-31 09:32:00,0.5775434569674873,0
2026-08-31 09:33:00,0.45594041326904255,0
2026-08-31 09:34:00,0.4874881452291246,0
2026-08-31 09:35:00,0.5745627904358782,0
2026-08-31 09:36:00,0.6316903800734568,0
2026-08-31 09:37:00,0.6320762279835898,0
2026-08-31 09:38:00,0.6067271000697951,0
2026-08-31 09:39:00,0.6195633092339239,0
2026-08-31 09:40:00,0.5753453563116097,0
2026-08-31 09:41:00,0.5633817506980143,0
2026-08-31 09:42:00,0.5818885412507047,0
2026-08-31 09:43:00,0.5445148583732177,0
2026-08-31 09:44:00,0.5691164147389559,0
2026-08-31 09:45:00,0.562281613371432,1
2026-08-31 09:46:00,0.4846133544689508,0
2026-08-31 09:47:00,0.5865066719654072,0
2026-08-31 09:48:00,0.5930690815364058,1
2026-08-31 09:49:00,0.5849114775127385,1
2026-08-31 09:50:00,0.45411546576150547,1
2026-08-31 09:51:00,0.44111878651645925,1
2026-08-31 09:52:00,0.41643243732794344,1
2026-08-31 09:53:00,0.4260545792953184,1
2026-08-31 09:54:00,0.3845078076955976,0
2026-08-31 09:55:00,0.41233705804661214,0
2026-08-31 09:56:00,0.4373756986936211,0
2026-08-31 09:57:00,0.44250733948434556,0
2026-08-31 09:58:00,0.47152636891751193,0
2026-08-31 09:59:00,0.5096607812424908,0
2026-08-31 10:00:00,0.4906534350573964,0
2026-08-31 10:01:00,0.49652970029197996,0
2026-08-31 10:02:00,0.45905909115249943,1
2026-08-31 10:03:00,0.44194955789688256,0
2026-08-31 10:04:00,0.45089720252523585,0
2026-08-31 10:05:00,0.4401019544030811,0
2026-08-31 10:06:00,0.5280816296669549,0
2026-08-31 10:07:00,0.5158046762326042,0
2026-08-31 10:08:00,0.5004114202231122,0
2026-08-31 10:09:00,0.5175733086275236,0
2026-08-31 10:10:00,0.46421998325531005,0
2026-08-31 10:11:00,0.49972715398316264,0
2026-08-31 10:12:00,0.5019656262876143,0
2026-08-31 10:13:00,0.49137877733507446,0
2026-08-31 10:14:00,0.47634253994458076,0
2026-08-31 10:15:00,0.49084034769027907,0
2026-08-31 10:16:00,0.523338907132639,0
2026-08-31 10:17:00,0.48049332489476404,0
2026-08-31 10:18:00,0.5019811232551347,0
2026-08-31 10:19:00,0.4960207939285463,0
2026-08-31 10:20:00,0.529931754066871,0
2026-08-31 10:21:00,0.523338907132639,0
2026-08-31 10:22:00,0.4704203131277065,0
2026-08-31 10:23:00,0.47859965184853037,0
2026-08-31 10:24:00,0.47418022858356856,0
2026-08-31 10:25:00,0.45234688796295686,0
2026-08-31 10:26:00,0.44619133221712826,0
2026-08-31 10:27:00,0.4249116209607467,0
2026-08-31 10:28:00,0.4267664214821014,0
2026-08-31 10:29:00,0.43502080486694555,0
2026-08-31 10:30:00,0.4674930764197052,0
2026-08-31 10:31:00,0.46665847792440834,0
2026-08-31 10:32:00,0.4519664755033564,0
2026-08-31 10:33:00,0.3960857159154722,0
2026-08-31 10:34:00,0.41065735438662354,0
2026-08-31 10:35:00,0.43319249329320064,0
2026-08-31 10:36:00,0.3965916174366865,0
2026-08-31 10:37:00,0.4295657010048593,0
2026-08-31 10:38:00,0.4160109062871301,0
2026-08-31 10:39:00,0.38095582542482065,0
2026-08-31 10:40:00,0.35311285616294297,0
2026-08-31 10:41:00,0.41572391606675374,0
2026-08-31 10:42:00,0.39570969078953466,0
2026-08-31 10:43:00,0.3972208050242516,0
2026-08-31 10:44:00,0.49106620297382736,0
2026-08-31 10:45:00,0.4192016949047452,0
2026-08-31 10:46:00,0.4382271476314662,0
2026-08-31 10:47:00,0.432505947496688,0
2026-08-31 10:48:00,0.4584489171934399,0
2026-08-31 10:49:00,0.4035212352822056,1
2026-08-31 10:50:00,0.44409048654670136,1
2026-08-31 10:51:00,0.44409048654670136,1
2026-08-31 10:52:00,0.4387126139841406,1
2026-08-31 10:53:00,0.4373391353673347,1
2026-08-31 10:54:00,0.41498450062072784,1
2026-08-31 10:55:00,0.41117826369583815,1
2026-08-31 10:56:00,0.4234015994708548,1
2026-08-31 10:57:00,0.44105577796408046,1
2026-08-31 10:58:00,0.42229745461676466,1
2026-08-31 10:59:00,0.34877031561182326,1
2026-08-31 11:00:00,0.3413729611642356,1
2026-08-31 11:01:00,0.41265556427133354,1
2026-08-31 11:02:00,0.39678507983787925,1
2026-08-31 11:03:00,0.3993980516262834,1
2026-08-31 11:04:00,0.3563601212434223,1
2026-08-31 11:05:00,0.3485933527248455,1
2026-08-31 11:06:00,0.41390116388130577,1
2026-08-31 11:07:00,0.4163553359619317,1
2026-08-31 11:08:00,0.41991001877258466,1
2026-08-31 11:09:00,0.44228550568674263,1
2026-08-31 11:10:00,0.4552084832415527,1
2026-08-31 11:11:00,0.4136902168713736,1
2026-08-31 11:12:00,0.4044615114640774,1
2026-08-31 11:13:00,0.35726600329525016,0
2026-08-31 11:14:00,0.38822607980008733,0
2026-08-31 11:15:00,0.34470998129943126,0
2026-08-31 11:16:00,0.3875321542729203,1
2026-08-31 11:17:00,0.41041602858304427,1
2026-08-31 11:18:00,0.46697426239449175,1
2026-08-31 11:19:00,0.45761344033696877,1
2026-08-31 11:20:00,0.4074592453355382,1
2026-08-31 11:21:00,0.42736082408953213,1
2026-08-31 11:22:00,0.39143444510851694,1
2026-08-31 11:23:00,0.4250693923086624,1
2026-08-31 11:24:00,0.4406373985015443,1
2026-08-31 11:25:00,0.474457529846845,1
2026-08-31 11:26:00,0.4344148194580111,0
2026-08-31 11:27:00,0.46701164410484464,1
2026-08-31 11:28:00,0.44003240113145403,1
2026-08-31 11:29:00,0.4394491617058272,1
2026-08-31 11:30:00,0.3879726784750484,1
2026-08-31 13:01:00,0.32211488719840237,1
2026-08-31 13:02:00,0.32335275073424213,1
2026-08-31 13:03:00,0.3071727971119569,1
2026-08-31 13:04:00,0.3005143185500969,1
2026-08-31 13:05:00,0.301447693179909,1
2026-08-31 13:06:00,0.501738520221186,1
2026-08-31 13:07:00,0.44872396772013273,1
2026-08-31 13:08:00,0.44895763504281205,1
2026-08-31 13:09:00,0.43266118917907226,1
2026-08-31 13:10:00,0.42244882535807216,1
2026-08-31 13:11:00,0.448797378252826,1
2026-08-31 13:12:00,0.3768564581448072,1
2026-08-31 13:13:00,0.3927055927892423,1
2026-08-31 13:14:00,0.30378364634097405,1
2026-08-31 13:15:00,0.3038545594524403,1
2026-08-31 13:16:00,0.30162168525004346,1
2026-08-31 13:17:00,0.30740848034107904,1
2026-08-31 13:18:00,0.4293614328151343,0
2026-08-31 13:19:00,0.3838151767725532,0
2026-08-31 13:20:00,0.3791939812756007,0
2026-08-31 13:21:00,0.42362032374017144,0
2026-08-31 13:22:00,0.42521630487510725,0
2026-08-31 13:23:00,0.3958942126198752,0
2026-08-31 13:24:00,0.3906769232101287,0
2026-08-31 13:25:00,0.4504685431047194,0
2026-08-31 13:26:00,0.4073885308314379,0
2026-08-31 13:27:00,0.34543965908367463,0
2026-08-31 13:28:00,0.3697706395075513,0
2026-08-31 13:29:00,0.33134988361040424,0
2026-08-31 13:30:00,0.3361647990441546,0
2026-08-31 13:31:00,0.3356968656370004,0
2026-08-31 13:32:00,0.3709189338625047,0
2026-08-31 13:33:00,0.3782723903808504,0
2026-08-31 13:34:00,0.3744143705201095,0
2026-08-31 13:35:00,0.36378696800708277,0
2026-08-31 13:36:00,0.43257770717819505,0
2026-08-31 13:37:00,0.4041435161155314,0
2026-08-31 13:38:00,0.38493163560691684,0
2026-08-31 13:39:00,0.39684710652306765,0
2026-08-31 13:40:00,0.3704340382044713,0
2026-08-31 13:41:00,0.40437837601167076,0
2026-08-31 13:42:00,0.3548488605180165,0
2026-08-31 13:43:00,0.3448521736511911,0
2026-08-31 13:44:00,0.2814667266368188,0
2026-08-31 13:45:00,0.3233568724819767,0
2026-08-31 13:46:00,0.3718372829068285,0
2026-08-31 13:47:00,0.3996926630494473,0
2026-08-31 13:48:00,0.40628752010137026,0
2026-08-31 13:49:00,0.39453478389117497,0
2026-08-31 13:50:00,0.3769194418102468,0
2026-08-31 13:51:00,0.40297052103028186,0
2026-08-31 13:52:00,0.36229371944667843,0
2026-08-31 13:53:00,0.37165734804378064,0
2026-08-31 13:54:00,0.3291074414179079,0
2026-08-31 13:55:00,0.39923396736151734,0
2026-08-31 13:56:00,0.37380177081804855,0
2026-08-31 13:57:00,0.34980952136318383,1
2026-08-31 13:58:00,0.358887493368655,1
2026-08-31 13:59:00,0.34643951943870016,0
2026-08-31 14:00:00,0.3502514530970245,0
2026-08-31 14:01:00,0.34779484161342883,0
2026-08-31 14:02:00,0.39355371318731763,0
2026-08-31 14:03:00,0.40067492125881726,0
2026-08-31 14:04:00,0.39175313036052173,0
2026-08-31 14:05:00,0.3321223363405116,0
2026-08-31 14:06:00,0.3402900682228143,0
2026-08-31 14:07:00,0.3718965741746361,1
2026-08-31 14:08:00,0.3600114714635818,1
2026-08-31 14:09:00,0.31547163187775384,1
2026-08-31 14:10:00,0.33024287138822406,1
2026-08-31 14:11:00,0.32112601971618393,1
2026-08-31 14:12:00,0.34456513202331407,1
2026-08-31 14:13:00,0.33703669982786544,1
2026-08-31 14:14:00,0.339690874550259,1
2026-08-31 14:15:00,0.40376662815202036,1
2026-08-31 14:16:00,0.435993431718912,1
2026-08-31 14:17:00,0.3901754999104182,1
2026-08-31 14:18:00,0.37172226089837945,1
2026-08-31 14:19:00,0.302984392174141,1
2026-08-31 14:20:00,0.3223260967482608,1
2026-08-31 14:21:00,0.3330923298063218,1
2026-08-31 14:22:00,0.31915958166228797,1
2026-08-31 14:23:00,0.3360036578369633,0
2026-08-31 14:24:00,0.38009462865593646,0
2026-08-31 14:25:00,0.3353375128401968,0
2026-08-31 14:26:00,0.35158229450308226,0
2026-08-31 14:27:00,0.2716429619407601,0
2026-08-31 14:28:00,0.3112187988141019,0
2026-08-31 14:29:00,0.3845905598180207,0
2026-08-31 14:30:00,0.353700507032982,0
2026-08-31 14:31:00,0.4053343126591223,0
2026-08-31 14:32:00,0.3642479132876056,1
2026-08-31 14:33:00,0.4177145686910224,0
2026-08-31 14:34:00,0.468035439394251,0
2026-08-31 14:35:00,0.3664835351407846,1
2026-08-31 14:36:00,0.34478663958051864,0
2026-08-31 14:37:00,0.39966228158420003,1
2026-08-31 14:38:00,0.34828541681060227,1
2026-08-31 14:39:00,0.4577948943731739,1
2026-08-31 14:40:00,0.4528875802467173,1
2026-08-31 14:41:00,0.4724924608905325,1
2026-08-31 14:42:00,0.5194667717222694,1
2026-08-31 14:43:00,0.5152517908399588,1
2026-08-31 14:44:00,0.501498971650085,1
2026-08-31 14:45:00,0.5265869283994667,1
2026-08-31 14:46:00,0.4929485135788017,1
2026-08-31 14:47:00,0.4982058109148258,0
2026-08-31 14:48:00,0.5044261372349994,0
2026-08-31 14:49:00,0.5168323086368686,1
2026-08-31 14:50:00,0.4525592133384349,1
2026-08-31 14:51:00,0.5233544599221919,1
2026-08-31 14:52:00,0.5272924162573934,0
2026-08-31 14:53:00,0.5687843737372513,0
2026-08-31 14:54:00,0.5756658549533843,0
2026-08-31 14:55:00,0.5940258605431253,0
2026-08-31 14:56:00,0.6055798000107581,0
2026-08-31 14:57:00,0.5784038731371602,1
2026-08-31 14:58:00,0.46105175717249086,0
2026-08-31 14:59:00,0.416153544825427,1
2026-08-31 15:00:00,0.5881071843149026,0
2026-09-01 09:30:00,0.48855010518013653,0
2026-09-01 09:31:00,0.4356943096087538,1
2026-09-01 09:32:00,0.4392516885237048,0
2026-09-01 09:33:00,0.46000813847095107,0
2026-09-01 09:34:00,0.5122689108968321,0
2026-09-01 09:35:00,0.47955475482342086,0
2026-09-01 09:36:00,0.44850916973262844,0
2026-09-01 09:37:00,0.44702162964086944,0
2026-09-01 09:38:00,0.4225941505817813,0
2026-09-01 09:39:00,0.4467858985362611,0
2026-09-01 09:40:00,0.43232634210411997,0
2026-09-01 09:41:00,0.46768843687259465,0
2026-09-01 09:42:00,0.44973146508907247,0
2026-09-01 09:43:00,0.4456690512568752,0
2026-09-01 09:44:00,0.4471755345187656,0
2026-09-01 09:45:00,0.49718600277691644,0
2026-09-01 09:46:00,0.4376461992785825,0
2026-09-01 09:47:00,0.43401703978603023,0
2026-09-01 09:48:00,0.39905150114664395,0
2026-09-01 09:49:00,0.4033665543445763,0
2026-09-01 09:50:00,0.40096361905655453,0
2026-09-01 09:51:00,0.4214109191551571,0
2026-09-01 09:52:00,0.418401031434333,0
2026-09-01 09:53:00,0.4501613773475734,0
2026-09-01 09:54:00,0.45218090122402704,0
2026-09-01 09:55:00,0.44557807994547943,0
2026-09-01 09:56:00,0.46341612876100907,0
2026-09-01 09:57:00,0.4528318825351358,1
2026-09-01 09:58:00,0.47102933208259734,1
2026-09-01 09:59:00,0.44095261209311215,0
2026-09-01 10:00:00,0.45472203129773264,0
2026-09-01 10:01:00,0.4567880419663383,1
2026-09-01 10:02:00,0.4743350190672375,1
2026-09-01 10:03:00,0.4579741192727167,1
2026-09-01 10:04:00,0.5601334754099411,1
2026-09-01 10:05:00,0.4529592696622009,0
2026-09-01 10:06:00,0.5413967197374185,1
2026-09-01 10:07:00,0.6385129631532559,1
2026-09-01 10:08:00,0.54632705838166,1
2026-09-01 10:09:00,0.5241155375908694,1
2026-09-01 10:10:00,0.47579791607024385,1
2026-09-01 10:11:00,0.3805263705735661,0
2026-09-01 10:12:00,0.3910572894295973,0
2026-09-01 10:13:00,0.4276775714576277,0
2026-09-01 10:14:00,0.4536362285519566,0
2026-09-01 10:15:00,0.45573313757779343,0
2026-09-01 10:16:00,0.448057768848226,0
2026-09-01 10:17:00,0.44622739496912683,0
2026-09-01 10:18:00,0.45428432691210907,0
2026-09-01 10:19:00,0.4928297706782123,0
2026-09-01 10:20:00,0.4941939774733453,0
2026-09-01 10:21:00,0.46584282956823336,0
2026-09-01 10:22:00,0.5008103203222795,0
2026-09-01 10:23:00,0.47929749420558987,0
2026-09-01 10:24:00,0.45634772970322235,0
2026-09-01 10:25:00,0.41480685109580595,0
2026-09-01 10:26:00,0.4300680732642919,0
2026-09-01 10:27:00,0.44360515635523623,0
2026-09-01 10:28:00,0.4166800090674503,0
2026-09-01 10:29:00,0.4354232163130992,0
2026-09-01 10:30:00,0.4314369140093052,0
2026-09-01 10:31:00,0.4186576379913259,0
2026-09-01 10:32:00,0.4480097913013149,0
2026-09-01 10:33:00,0.4171489797021972,0
2026-09-01 10:34:00,0.446954390288194,1
2026-09-01 10:35:00,0.4425746865869477,0
2026-09-01 10:36:00,0.4298493730382672,0
2026-09-01 10:37:00,0.4630823457951522,1
2026-09-01 10:38:00,0.4650371945355832,1
2026-09-01 10:39:00,0.45084924380544855,1
2026-09-01 10:40:00,0.4288717774118522,1
2026-09-01 10:41:00,0.4446722144257406,1
2026-09-01 10:42:00,0.4219927997128,1
2026-09-01 10:43:00,0.3746600911770991,1
2026-09-01 10:44:00,0.44309145306898595,1
2026-09-01 10:45:00,0.46931309299247853,1
2026-09-01 10:46:00,0.4664358449310058,1
2026-09-01 10:47:00,0.38301874563571026,1
2026-09-01 10:48:00,0.40318201816413113,1
2026-09-01 10:49:00,0.3831359906757511,1
2026-09-01 10:50:00,0.4078916683814076,1
2026-09-01 10:51:00,0.38197931554864883,1
2026-09-01 10:52:00,0.4018360869977284,1
2026-09-01 10:53:00,0.38332075192082643,1
2026-09-01 10:54:00,0.3816627843697185,1
2026-09-01 10:55:00,0.34435373697217164,1
2026-09-01 10:56:00,0.3666689854745297,1
2026-09-01 10:57:00,0.40118221522569086,1
2026-09-01 10:58:00,0.39498480071281566,1
2026-09-01 10:59:00,0.37250534315838385,1
2026-09-01 11:00:00,0.3648217165100989,1
2026-09-01 11:01:00,0.3723352657219966,1
2026-09-01 11:02:00,0.4374017962852335,1
2026-09-01 11:03:00,0.46899231187277096,1
2026-09-01 11:04:00,0.4367068513637201,1
2026-09-01 11:05:00,0.394069018275062,1
2026-09-01 11:06:00,0.5190409477237548,1
2026-09-01 11:07:00,0.4823665164776825,1
2026-09-01 11:08:00,0.4792144551855614,1
2026-09-01 11:09:00,0.419546612067858,1
2026-09-01 11:10:00,0.4449130349617542,1
2026-09-01 11:11:00,0.4089163293387662,1
2026-09-01 11:12:00,0.4506268552416215,1
2026-09-01 11:13:00,0.41484231228887497,1
2026-09-01 11:14:00,0.4118142089913197,1
2026-09-01 11:15:00,0.41339794131054775,1
2026-09-01 11:16:00,0.3607839024377819,1
2026-09-01 11:17:00,0.39640109900801396,1
2026-09-01 11:18:00,0.36826227842080755,1
2026-09-01 11:19:00,0.33843061754887904,1
2026-09-01 11:20:00,0.4209959848570644,1
2026-09-01 11:21:00,0.40367172238672844,1
2026-09-01 11:22:00,0.3997620060630315,1
2026-09-01 11:23:00,0.39868689671370205,1
2026-09-01 11:24:00,0.48695217807506064,1
2026-09-01 11:25:00,0.5013381741024444,1
2026-09-01 11:26:00,0.4281280951330457,1
2026-09-01 11:27:00,0.4561131617151559,1
2026-09-01 11:28:00,0.43283885775322856,1
2026-09-01 11:29:00,0.4214261027019016,1
2026-09-01 11:30:00,0.4385423719150961,1
2026-09-01 13:01:00,0.4316742673692133,1
2026-09-01 13:02:00,0.3733768296827467,1
2026-09-01 13:03:00,0.4172254333719027,1
2026-09-01 13:04:00,0.4675924629532616,0
2026-09-01 13:05:00,0.5201257467015881,0
2026-09-01 13:06:00,0.41610179443390044,0
2026-09-01 13:07:00,0.39278002421119523,0
2026-09-01 13:08:00,0.5445371115733216,0
2026-09-01 13:09:00,0.41887427598103355,0
2026-09-01 13:10:00,0.3660199117757646,0
2026-09-01 13:11:00,0.3806645814729087,0
2026-09-01 13:12:00,0.42882412177049106,0
2026-09-01 13:13:00,0.3598383819330638,0
2026-09-01 13:14:00,0.4194324771855382,0
2026-09-01 13:15:00,0.37959806673036767,0
2026-09-01 13:16:00,0.42152679621154504,0
2026-09-01 13:17:00,0.43139551084754224,0
2026-09-01 13:18:00,0.3957289723185633,0
2026-09-01 13:19:00,0.3690142365819504,0
2026-09-01 13:20:00,0.34124600630318386,0
2026-09-01 13:21:00,0.38473418518383595,1
2026-09-01 13:22:00,0.4082453991670706,1
2026-09-01 13:23:00,0.369834241723077,1
2026-09-01 13:24:00,0.3740089184743739,1
2026-09-01 13:25:00,0.3430824492709462,1
2026-09-01 13:26:00,0.4080796637566109,1
2026-09-01 13:27:00,0.3858557618285225,1
2026-09-01 13:28:00,0.3768103152104122,1
2026-09-01 13:29:00,0.3452489143938572,1
2026-09-01 13:30:00,0.32696488195012446,1
2026-09-01 13:31:00,0.36033981169901547,1
2026-09-01 13:32:00,0.3494713935122216,1
2026-09-01 13:33:00,0.3352930934666894,1
2026-09-01 13:34:00,0.3941624960046286,1
2026-09-01 13:35:00,0.3773975901718575,1
2026-09-01 13:36:00,0.401704359786075,1
2026-09-01 13:37:00,0.37377613432637063,1
2026-09-01 13:38:00,0.3373552792586051,1
2026-09-01 13:39:00,0.40155942297955494,0
2026-09-01 13:40:00,0.4403249338575982,0
2026-09-01 13:41:00,0.37114486815973374,0
2026-09-01 13:42:00,0.376731238055479,0
2026-09-01 13:43:00,0.37403018356121864,0
2026-09-01 13:44:00,0.3907970183306232,1
2026-09-01 13:45:00,0.37464787371695496,0
2026-09-01 13:46:00,0.3811012141351084,0
2026-09-01 13:47:00,0.3683934876179362,0
2026-09-01 13:48:00,0.3539274787479476,0
2026-09-01 13:49:00,0.39070991195667015,0
2026-09-01 13:50:00,0.36133309693377513,0
2026-09-01 13:51:00,0.39553596161758686,0
2026-09-01 13:52:00,0.4010106043655411,0
2026-09-01 13:53:00,0.37232575754646885,0
2026-09-01 13:54:00,0.3471547742534586,0
2026-09-01 13:55:00,0.3411798321197422,0
2026-09-01 13:56:00,0.32249759664113453,0
2026-09-01 13:57:00,0.3683528467805588,0
2026-09-01 13:58:00,0.3368148742916806,0
2026-09-01 13:59:00,0.3200219533769429,0
2026-09-01 14:00:00,0.3039263978167042,0
2026-09-01 14:01:00,0.3474968192040248,0
2026-09-01 14:02:00,0.3170947138245385,0
2026-09-01 14:03:00,0.3330678452576322,0
2026-09-01 14:04:00,0.3279255952846216,0
2026-09-01 14:05:00,0.37274138940211127,0
2026-09-01 14:06:00,0.387043305325811,0
2026-09-01 14:07:00,0.3426570165944562,0
2026-09-01 14:08:00,0.4186775054606185,0
2026-09-01 14:09:00,0.38118133873600846,0
2026-09-01 14:10:00,0.3860183540429652,0
2026-09-01 14:11:00,0.3144111512451454,0
2026-09-01 14:12:00,0.33156288703160086,0
2026-09-01 14:13:00,0.4331506207652074,0
2026-09-01 14:14:00,0.42456510488170124,1
2026-09-01 14:15:00,0.4184131637364271,1
2026-09-01 14:16:00,0.3718348330201824,0
2026-09-01 14:17:00,0.350030008412255,0
2026-09-01 14:18:00,0.33513197043890747,0
2026-09-01 14:19:00,0.339895463590773,0
2026-09-01 14:20:00,0.31375737477267784,0
2026-09-01 14:21:00,0.3299490990064602,0
2026-09-01 14:22:00,0.32452012759061105,0
2026-09-01 14:23:00,0.29472211649982544,0
2026-09-01 14:24:00,0.2989783636600114,0
2026-09-01 14:25:00,0.2894214360856631,0
2026-09-01 14:26:00,0.3582551517292826,0
2026-09-01 14:27:00,0.30934146813387564,1
2026-09-01 14:28:00,0.2970704573322484,1
2026-09-01 14:29:00,0.28620822487521697,1
2026-09-01 14:30:00,0.2727426244281029,1
2026-09-01 14:31:00,0.3017712860709879,1
2026-09-01 14:32:00,0.2948925442235013,1
2026-09-01 14:33:00,0.29329084653618415,1
2026-09-01 14:34:00,0.409616986959899,1
2026-09-01 14:35:00,0.3284200516395406,1
2026-09-01 14:36:00,0.3400297481641681,1
2026-09-01 14:37:00,0.31986424558709337,0
2026-09-01 14:38:00,0.3709736674133908,1
2026-09-01 14:39:00,0.36972907050557646,1
2026-09-01 14:40:00,0.43486017812321337,1
2026-09-01 14:41:00,0.5218281879113401,1
2026-09-01 14:42:00,0.5746300451547472,0
2026-09-01 14:43:00,0.4778918936045061,1
2026-09-01 14:44:00,0.5019709481026011,1
2026-09-01 14:45:00,0.4771538129344687,1
2026-09-01 14:46:00,0.4303849119897894,0
2026-09-01 14:47:00,0.5245291697796413,1
2026-09-01 14:48:00,0.470490619674055,0
2026-09-01 14:49:00,0.4623847417805279,0
2026-09-01 14:50:00,0.5127890512417762,0
2026-09-01 14:51:00,0.5371650138793618,0
2026-09-01 14:52:00,0.5482331921924424,0
2026-09-01 14:53:00,0.6091849818431877,0
2026-09-01 14:54:00,0.5870128805441625,0
2026-09-01 14:55:00,0.6297888897531723,0
2026-09-01 14:56:00,0.5208051138992768,1
2026-09-01 14:57:00,0.5278711900640618,0
2026-09-01 14:58:00,0.46264095208624934,0
2026-09-01 14:59:00,0.446199457767408,0
2026-09-01 15:00:00,0.5012351531362861,0
2026-09-02 09:30:00,0.3814880058545909,1
2026-09-02 09:31:00,0.5097220264838617,0
2026-09-02 09:32:00,0.4499455549586192,1
2026-09-02 09:33:00,0.4557913325309383,1
2026-09-02 09:34:00,0.4604164325501429,1
2026-09-02 09:35:00,0.4348527114875144,1
2026-09-02 09:36:00,0.4803440114844183,1
2026-09-02 09:37:00,0.5039167487111131,1
2026-09-02 09:38:00,0.4130840435218339,1
2026-09-02 09:39:00,0.4242040540003933,1
2026-09-02 09:40:00,0.49532529156477584,1
2026-09-02 09:41:00,0.48176096826510023,1
2026-09-02 09:42:00,0.5019091234267697,1
2026-09-02 09:43:00,0.4836529592673882,1
2026-09-02 09:44:00,0.47091736873483525,1
2026-09-02 09:45:00,0.41429065296030176,1
2026-09-02 09:46:00,0.48124339829440066,1
2026-09-02 09:47:00,0.4239381771184148,1
2026-09-02 09:48:00,0.4090714882612351,1
2026-09-02 09:49:00,0.48750526027517566,1
2026-09-02 09:50:00,0.4426058594079433,1
2026-09-02 09:51:00,0.4662962245859917,1
2026-09-02 09:52:00,0.37507726715830675,1
2026-09-02 09:53:00,0.40336139918969693,1
2026-09-02 09:54:00,0.4221855236169332,1
2026-09-02 09:55:00,0.3955030799897684,1
2026-09-02 09:56:00,0.4143991310989157,1
2026-09-02 09:57:00,0.36642314964662237,1
2026-09-02 09:58:00,0.3929390899777564,1
2026-09-02 09:59:00,0.35015714944237425,1
2026-09-02 10:00:00,0.3943262986344011,1
2026-09-02 10:01:00,0.3811766350212014,1
2026-09-02 10:02:00,0.31631143059543243,1
2026-09-02 10:03:00,0.36204816982120835,1
2026-09-02 10:04:00,0.344695987125648,1
2026-09-02 10:05:00,0.3195316166037922,0
2026-09-02 10:06:00,0.30145425818100124,0
2026-09-02 10:07:00,0.3668285607312327,0
2026-09-02 10:08:00,0.3707874722998531,1
2026-09-02 10:09:00,0.43423615527700904,1
2026-09-02 10:10:00,0.44233144561116816,0
2026-09-02 10:11:00,0.28674155973500626,0
2026-09-02 10:12:00,0.3544895447988647,1
2026-09-02 10:13:00,0.38402383718841165,1
2026-09-02 10:14:00,0.43183196242792066,1
2026-09-02 10:15:00,0.37214653233253536,0
2026-09-02 10:16:00,0.37092506625891997,0
2026-09-02 10:17:00,0.38180690953670615,0
2026-09-02 10:18:00,0.4458295058052823,0
2026-09-02 10:19:00,0.46366727307556,0
2026-09-02 10:20:00,0.4645136970017581,0
2026-09-02 10:21:00,0.4100122774236737,0
2026-09-02 10:22:00,0.3714820837228156,0
2026-09-02 10:23:00,0.37878665684836604,0
2026-09-02 10:24:00,0.3495486511413162,0
2026-09-02 10:25:00,0.3866246915775794,0
2026-09-02 10:26:00,0.40408523877446045,1
2026-09-02 10:27:00,0.40499303711014767,1
2026-09-02 10:28:00,0.413966961463331,1
2026-09-02 10:29:00,0.4181556495732049,1
2026-09-02 10:30:00,0.3863117100595534,1
2026-09-02 10:31:00,0.39784603400401913,1
2026-09-02 10:32:00,0.41698296252972983,1
2026-09-02 10:33:00,0.486381932632741,1
2026-09-02 10:34:00,0.3402165012419646,1
2026-09-02 10:35:00,0.41537211068721747,1
2026-09-02 10:36:00,0.3791102676602535,1
2026-09-02 10:37:00,0.40658203399709175,1
2026-09-02 10:38:00,0.4005431652401764,1
2026-09-02 10:39:00,0.38968448036549724,0
2026-09-02 10:40:00,0.385449106607945,0
2026-09-02 10:41:00,0.3887404511815732,0
2026-09-02 10:42:00,0.43445452520086475,0
2026-09-02 10:43:00,0.43994617807807374,0
2026-09-02 10:44:00,0.41774953653523317,0
2026-09-02 10:45:00,0.465958464165476,0
2026-09-02 10:46:00,0.4119535552696418,0
2026-09-02 10:47:00,0.4206292006818116,0
2026-09-02 10:48:00,0.40011640588850156,0
2026-09-02 10:49:00,0.36333092315002813,0
2026-09-02 10:50:00,0.4141032631465261,0
2026-09-02 10:51:00,0.3850053563578004,0
2026-09-02 10:52:00,0.4200274901638339,0
2026-09-02 10:53:00,0.43571274530972715,1
2026-09-02 10:54:00,0.38548065662731984,0
2026-09-02 10:55:00,0.39465259821772536,0
2026-09-02 10:56:00,0.3797606290254384,1
2026-09-02 10:57:00,0.3888505937537988,0
2026-09-02 10:58:00,0.3973052717830811,1
2026-09-02 10:59:00,0.40621520332401534,1
2026-09-02 11:00:00,0.38499761465115895,1
2026-09-02 11:01:00,0.3962747871762538,1
2026-09-02 11:02:00,0.3891971046632692,1
2026-09-02 11:03:00,0.38314474510722063,1
2026-09-02 11:04:00,0.3994566513661155,1
2026-09-02 11:05:00,0.3890695714921837,1
2026-09-02 11:06:00,0.4046777359436504,1
2026-09-02 11:07:00,0.4127039536325909,1
2026-09-02 11:08:00,0.4138904481129528,1
2026-09-02 11:09:00,0.40095778416434225,1
2026-09-02 11:10:00,0.4015312236983028,1
2026-09-02 11:11:00,0.40770857608563,1
2026-09-02 11:12:00,0.3885883398259608,1
2026-09-02 11:13:00,0.4256726094074541,1
2026-09-02 11:14:00,0.41957248410956866,0
2026-09-02 11:15:00,0.3640858060108806,0
2026-09-02 11:16:00,0.4412244105851402,0
2026-09-02 11:17:00,0.44944621999538076,0
2026-09-02 11:18:00,0.3865950418434035,0
2026-09-02 11:19:00,0.3995225819095977,0
2026-09-02 11:20:00,0.41690381859757714,0
2026-09-02 11:21:00,0.3768737322648336,0
2026-09-02 11:22:00,0.39037834882712097,0
2026-09-02 11:23:00,0.39964571493365214,0
2026-09-02 11:24:00,0.4261000674501193,0
2026-09-02 11:25:00,0.3983129356694207,0
2026-09-02 11:26:00,0.41489281767193287,0
2026-09-02 11:27:00,0.37896468770892494,0
2026-09-02 11:28:00,0.3482672054632155,0
2026-09-02 11:29:00,0.43351713480004883,0
2026-09-02 11:30:00,0.41217402349502447,0
2026-09-02 13:01:00,0.42698052284890653,0
2026-09-02 13:02:00,0.3865066561777177,0
2026-09-02 13:03:00,0.3423869438905454,0
2026-09-02 13:04:00,0.3521268749028624,0
2026-09-02 13:05:00,0.36440659806272246,0
2026-09-02 13:06:00,0.40585368414411704,0
2026-09-02 13:07:00,0.46243426234135615,0
2026-09-02 13:08:00,0.4327621594487008,0
2026-09-02 13:09:00,0.36991055821319757,0
2026-09-02 13:10:00,0.3803458871478719,0
2026-09-02 13:11:00,0.4111206787353616,0
2026-09-02 13:12:00,0.5036161670209198,1
2026-09-02 13:13:00,0.43398208250818904,1
2026-09-02 13:14:00,0.39470306022845647,1
2026-09-02 13:15:00,0.40442767908097893,1
2026-09-02 13:16:00,0.3785166897083877,1
2026-09-02 13:17:00,0.3806606640952088,0
2026-09-02 13:18:00,0.3828872712975908,1
2026-09-02 13:19:00,0.41351963771752853,0
2026-09-02 13:20:00,0.38321865655134696,1
2026-09-02 13:21:00,0.3845759397094498,1
2026-09-02 13:22:00,0.40366967400137127,1
2026-09-02 13:23:00,0.3888060120997419,0
2026-09-02 13:24:00,0.5021546855673662,1
2026-09-02 13:25:00,0.36926436473735563,0
2026-09-02 13:26:00,0.35487240866698555,0
2026-09-02 13:27:00,0.30747412034971233,0
2026-09-02 13:28:00,0.3348245879858708,0
2026-09-02 13:29:00,0.3391556984119155,0
2026-09-02 13:30:00,0.3672162865984947,0
2026-09-02 13:31:00,0.36773995281197247,0
2026-09-02 13:32:00,0.39551396204572326,0
2026-09-02 13:33:00,0.40027727044183203,0
2026-09-02 13:34:00,0.41292949028767123,0
2026-09-02 13:35:00,0.3646639314650541,0
2026-09-02 13:36:00,0.36310407586869153,0
2026-09-02 13:37:00,0.38166685894760194,0
2026-09-02 13:38:00,0.4239543139836992,0
2026-09-02 13:39:00,0.4394869925485149,0
2026-09-02 13:40:00,0.3575869178979603,0
2026-09-02 13:41:00,0.40940763600421937,0
2026-09-02 13:42:00,0.4107343600474003,0
2026-09-02 13:43:00,0.350575584037536,0
2026-09-02 13:44:00,0.3615157143713964,0
2026-09-02 13:45:00,0.3415181908103127,0
2026-09-02 13:46:00,0.4189659014295941,1
2026-09-02 13:47:00,0.40411829030882457,1
2026-09-02 13:48:00,0.3580774401391141,1
2026-09-02 13:49:00,0.3665880309554945,1
2026-09-02 13:50:00,0.3969132217520228,1
2026-09-02 13:51:00,0.39183876737265955,1
2026-09-02 13:52:00,0.36162106722623855,1
2026-09-02 13:53:00,0.33073823607672154,1
2026-09-02 13:54:00,0.4138915420700914,0
2026-09-02 13:55:00,0.34150049299311497,1
2026-09-02 13:56:00,0.34075618893033116,1
2026-09-02 13:57:00,0.33239071996973324,1
2026-09-02 13:58:00,0.42020835291540215,1
2026-09-02 13:59:00,0.30836517778925426,1
2026-09-02 14:00:00,0.33210675533510114,1
2026-09-02 14:01:00,0.38156316327502626,0
2026-09-02 14:02:00,0.3597591675844248,0
2026-09-02 14:03:00,0.43472563283726395,0
2026-09-02 14:04:00,0.38595090243151975,0
2026-09-02 14:05:00,0.4130208660039023,0
2026-09-02 14:06:00,0.38619326158667255,0
2026-09-02 14:07:00,0.35090442491832785,0
2026-09-02 14:08:00,0.38898028755999275,0
2026-09-02 14:09:00,0.38394625435607843,0
2026-09-02 14:10:00,0.3324980529386502,0
2026-09-02 14:11:00,0.35532628846713027,0
2026-09-02 14:12:00,0.31421619177254084,0
2026-09-02 14:13:00,0.334053390854158,0
2026-09-02 14:14:00,0.24842823769860856,0
2026-09-02 14:15:00,0.32449920130920684,0
2026-09-02 14:16:00,0.3627589214162155,0
2026-09-02 14:17:00,0.34533914483833944,0
2026-09-02 14:18:00,0.3762020310943138,0
2026-09-02 14:19:00,0.33136891220762743,0
2026-09-02 14:20:00,0.3501161787608597,0
2026-09-02 14:21:00,0.34144640149853883,0
2026-09-02 14:22:00,0.3518484451784204,0
2026-09-02 14:23:00,0.35486831821300446,0
2026-09-02 14:24:00,0.37424027307813584,0
2026-09-02 14:25:00,0.39461152933924876,0
2026-09-02 14:26:00,0.3100142570336369,0
2026-09-02 14:27:00,0.27123359265473573,0
2026-09-02 14:28:00,0.2857819971315816,0
2026-09-02 14:29:00,0.3967057908951148,0
2026-09-02 14:30:00,0.24381899719663774,0
2026-09-02 14:31:00,0.26795944616282136,0
2026-09-02 14:32:00,0.268013416627499,0
2026-09-02 14:33:00,0.280133491248289,0
2026-09-02 14:34:00,0.33169278470708075,0
2026-09-02 14:35:00,0.3417823109153379,0
2026-09-02 14:36:00,0.4007302820691558,0
2026-09-02 14:37:00,0.4197611104134889,0
2026-09-02 14:38:00,0.41968012249175335,1
2026-09-02 14:39:00,0.4163902171267659,0
2026-09-02 14:40:00,0.5866486236266208,1
2026-09-02 14:41:00,0.5686202017259063,1
2026-09-02 14:42:00,0.5537899377578772,1
2026-09-02 14:43:00,0.5917369216596786,1
2026-09-02 14:44:00,0.593539835114106,1
2026-09-02 14:45:00,0.6276318099325252,1
2026-09-02 14:46:00,0.5651773040449838,0
2026-09-02 14:47:00,0.47284371343349996,0
2026-09-02 14:48:00,0.5395239912059329,0
2026-09-02 14:49:00,0.5343981456756992,0
2026-09-02 14:50:00,0.5426401053230152,0
2026-09-02 14:51:00,0.5388055260741321,0
2026-09-02 14:52:00,0.5044902737282994,0
2026-09-02 14:53:00,0.5006340495440668,0
2026-09-02 14:54:00,0.5888654245825621,0
2026-09-02 14:55:00,0.5204896326774899,0
2026-09-02 14:56:00,0.6010975895172369,0
2026-09-02 14:57:00,0.6337151390475825,0
2026-09-02 14:58:00,0.5358798773185982,0
2026-09-02 14:59:00,0.46105175717249086,0
2026-09-02 15:00:00,0.554153865562383,0
2026-09-03 09:30:00,0.48241629785680556,0
2026-09-03 09:31:00,0.4974053609058429,0
2026-09-03 09:32:00,0.4715517424432572,0
2026-09-03 09:33:00,0.4781378298191362,0
2026-09-03 09:34:00,0.5002210762340406,0
2026-09-03 09:35:00,0.47351540015491184,0
2026-09-03 09:36:00,0.48021049582909026,1
2026-09-03 09:37:00,0.4882665178862425,0
2026-09-03 09:38:00,0.45534498069754065,1
2026-09-03 09:39:00,0.421081272589387,1
2026-09-03 09:40:00,0.4698354042203857,0
2026-09-03 09:41:00,0.4375408830025363,1
2026-09-03 09:42:00,0.48942371248472405,1
2026-09-03 09:43:00,0.45710053282983604,1
2026-09-03 09:44:00,0.4399535482116167,1
2026-09-03 09:45:00,0.41705839723655874,1
2026-09-03 09:46:00,0.40891010058797717,1
2026-09-03 09:47:00,0.42284068691621124,1
2026-09-03 09:48:00,0.40213972586852137,1
2026-09-03 09:49:00,0.4070334071226758,0
2026-09-03 09:50:00,0.37972719963057566,0
2026-09-03 09:51:00,0.38389509915426007,0
2026-09-03 09:52:00,0.4942691534839413,0
2026-09-03 09:53:00,0.4201255892053998,0
2026-09-03 09:54:00,0.46943591879472046,0
2026-09-03 09:55:00,0.48788498030902827,0
2026-09-03 09:56:00,0.43391771942948965,0
2026-09-03 09:57:00,0.4444733110091395,0
2026-09-03 09:58:00,0.45187258823492527,0
2026-09-03 09:59:00,0.4635364639892057,0
2026-09-03 10:00:00,0.4754700503720038,0
2026-09-03 10:01:00,0.43895282353889137,0
2026-09-03 10:02:00,0.4536875539507249,0
2026-09-03 10:03:00,0.5178606000160824,0
2026-09-03 10:04:00,0.4750409759784573,0
2026-09-03 10:05:00,0.4958537097962318,0
2026-09-03 10:06:00,0.487835887156809,0
2026-09-03 10:07:00,0.5876804472159619,0
2026-09-03 10:08:00,0.5126321042916948,1
2026-09-03 10:09:00,0.459715458576119,0
2026-09-03 10:10:00,0.4823249244702704,1
2026-09-03 10:11:00,0.5309624412268182,1
2026-09-03 10:12:00,0.5315966776274431,1
2026-09-03 10:13:00,0.5070447257361247,0
2026-09-03 10:14:00,0.44749917108381226,0
2026-09-03 10:15:00,0.5495403578139302,0
2026-09-03 10:16:00,0.5436626089097489,1
2026-09-03 10:17:00,0.4066967549030635,0
2026-09-03 10:18:00,0.42839664889060836,0
2026-09-03 10:19:00,0.3856216888109318,0
2026-09-03 10:20:00,0.4638596103016952,0
2026-09-03 10:21:00,0.4680231205157738,0
2026-09-03 10:22:00,0.44481017242090426,0
2026-09-03 10:23:00,0.39370835207734445,0
2026-09-03 10:24:00,0.4427752152760199,0
2026-09-03 10:25:00,0.4304260294803201,0
2026-09-03 10:26:00,0.4753191834994007,0
2026-09-03 10:27:00,0.43379988289840626,0
2026-09-03 10:28:00,0.4394723036332081,0
2026-09-03 10:29:00,0.45068194296081404,0
2026-09-03 10:30:00,0.4326482847391518,0
2026-09-03 10:31:00,0.4255802580764195,0
2026-09-03 10:32:00,0.4403192284053351,0
2026-09-03 10:33:00,0.43582036222128545,0
2026-09-03 10:34:00,0.43333642935092825,0
2026-09-03 10:35:00,0.43811973947532146,0
2026-09-03 10:36:00,0.41524360214858186,0
2026-09-03 10:37:00,0.40219961202962834,0
2026-09-03 10:38:00,0.4217529374346052,0
2026-09-03 10:39:00,0.39986978912007415,0
2026-09-03 10:40:00,0.4124909527778605,0
2026-09-03 10:41:00,0.4024259707055976,0
2026-09-03 10:42:00,0.4309644077657482,0
2026-09-03 10:43:00,0.34923004176402694,0
2026-09-03 10:44:00,0.41437433315451844,0
2026-09-03 10:45:00,0.43237968182405045,0
2026-09-03 10:46:00,0.4309904979403198,0
2026-09-03 10:47:00,0.430215471243638,0
2026-09-03 10:48:00,0.43033831443891923,0
2026-09-03 10:49:00,0.39322776510157637,0
2026-09-03 10:50:00,0.4711762924402622,0
2026-09-03 10:51:00,0.47479664448046754,0
2026-09-03 10:52:00,0.4410869170518486,0
2026-09-03 10:53:00,0.46578624141717617,0
2026-09-03 10:54:00,0.4435990283627318,1
2026-09-03 10:55:00,0.45051464204692815,1
2026-09-03 10:56:00,0.39393597591124113,1
2026-09-03 10:57:00,0.4317521576477993,1
2026-09-03 10:58:00,0.4480767926320439,1
2026-09-03 10:59:00,0.48992144555694417,1
2026-09-03 11:00:00,0.4529583636409138,1
2026-09-03 11:01:00,0.4392594164288043,1
2026-09-03 11:02:00,0.4210860340154556,1
2026-09-03 11:03:00,0.37565171458734703,1
2026-09-03 11:04:00,0.43322335819585917,1
2026-09-03 11:05:00,0.42700683456290095,1
2026-09-03 11:06:00,0.4200237450899435,1
2026-09-03 11:07:00,0.4192843129131857,1
2026-09-03 11:08:00,0.4628391063412654,1
2026-09-03 11:09:00,0.33592682734735263,1
2026-09-03 11:10:00,0.39803493097500325,1
2026-09-03 11:11:00,0.36057354351353427,1
2026-09-03 11:12:00,0.4020054059135066,1
2026-09-03 11:13:00,0.4110332200957534,1
2026-09-03 11:14:00,0.43585620632636857,1
2026-09-03 11:15:00,0.450838664371386,1
2026-09-03 11:16:00,0.42202823034147413,1
2026-09-03 11:17:00,0.37967327759094643,0
2026-09-03 11:18:00,0.4360374403876314,0
2026-09-03 11:19:00,0.35535032303818703,0
2026-09-03 11:20:00,0.43465910051407725,0
2026-09-03 11:21:00,0.3582846240253849,0
2026-09-03 11:22:00,0.4512816579199815,0
2026-09-03 11:23:00,0.39406665685425024,0
2026-09-03 11:24:00,0.44554231769519204,0
2026-09-03 11:25:00,0.3685371585073879,0
2026-09-03 11:26:00,0.40674601657178044,0
2026-09-03 11:27:00,0.46092180638409125,0
2026-09-03 11:28:00,0.4428903784818668,0
2026-09-03 11:29:00,0.45188153905358475,0
2026-09-03 11:30:00,0.38114300365623416,0
2026-09-03 13:01:00,0.4406635766978031,0
2026-09-03 13:02:00,0.4106603898396135,0
2026-09-03 13:03:00,0.4443086925541554,0
2026-09-03 13:04:00,0.42786335280044696,0
2026-09-03 13:05:00,0.424782778955344,0
2026-09-03 13:06:00,0.42286750504931236,0
2026-09-03 13:07:00,0.4219703066946868,0
2026-09-03 13:08:00,0.4403369865727883,0
2026-09-03 13:09:00,0.4179855503538419,0
2026-09-03 13:10:00,0.41271136882051945,0
2026-09-03 13:11:00,0.41476587668518916,0
2026-09-03 13:12:00,0.40388227803580257,0
2026-09-03 13:13:00,0.41700909662429414,0
2026-09-03 13:14:00,0.45164752182203644,0
2026-09-03 13:15:00,0.4447888791809034,0
2026-09-03 13:16:00,0.4401993245834103,0
2026-09-03 13:17:00,0.409418399245372,0
2026-09-03 13:18:00,0.408302276835363,0
2026-09-03 13:19:00,0.43768288661748983,0
2026-09-03 13:20:00,0.35791861954871024,0
2026-09-03 13:21:00,0.4589690463305185,0
2026-09-03 13:22:00,0.4254984481550416,0
2026-09-03 13:23:00,0.39389714619205574,0
2026-09-03 13:24:00,0.37339748558458397,0
2026-09-03 13:25:00,0.46143624158809143,0
2026-09-03 13:26:00,0.4157086787578666,0
2026-09-03 13:27:00,0.29096542019115584,0
2026-09-03 13:28:00,0.386808927184103,0
2026-09-03 13:29:00,0.39819081546261414,1
2026-09-03 13:30:00,0.38768056214464375,0
2026-09-03 13:31:00,0.33543085021324565,0
2026-09-03 13:32:00,0.36566162666256324,0
2026-09-03 13:33:00,0.367590192069369,0
2026-09-03 13:34:00,0.3255517355107685,0
2026-09-03 13:35:00,0.33487633357017865,1
2026-09-03 13:36:00,0.3864487601506062,1
2026-09-03 13:37:00,0.4031486960270466,1
2026-09-03 13:38:00,0.4173541353617325,1
2026-09-03 13:39:00,0.39799611956871905,1
2026-09-03 13:40:00,0.402710739663307,1
2026-09-03 13:41:00,0.356489693577857,1
2026-09-03 13:42:00,0.30116803210234105,1
2026-09-03 13:43:00,0.3163418805860066,1
2026-09-03 13:44:00,0.31783065963130075,1
2026-09-03 13:45:00,0.346029449220444,1
2026-09-03 13:46:00,0.3771511929829305,1
2026-09-03 13:47:00,0.3909476349122003,1
2026-09-03 13:48:00,0.31207276054655786,1
2026-09-03 13:49:00,0.31850628660716485,1
2026-09-03 13:50:00,0.2923014273013059,1
2026-09-03 13:51:00,0.2972740456230729,1
2026-09-03 13:52:00,0.27530037707675264,1
2026-09-03 13:53:00,0.3330510013583243,1
2026-09-03 13:54:00,0.2887981944155989,1
2026-09-03 13:55:00,0.33470500789364177,1
2026-09-03 13:56:00,0.37134776334319064,1
2026-09-03 13:57:00,0.3641320410801807,1
2026-09-03 13:58:00,0.3797372216044099,1
2026-09-03 13:59:00,0.35745688074663184,1
2026-09-03 14:00:00,0.41757090837402544,1
2026-09-03 14:01:00,0.3930597248201086,1
2026-09-03 14:02:00,0.316683266329095,0
2026-09-03 14:03:00,0.3696479451632185,0
2026-09-03 14:04:00,0.4164854402273166,1
2026-09-03 14:05:00,0.347504764139737,1
2026-09-03 14:06:00,0.37068102618629806,1
2026-09-03 14:07:00,0.4024587800720121,1
2026-09-03 14:08:00,0.405616657922239,1
2026-09-03 14:09:00,0.33701578087260275,0
2026-09-03 14:10:00,0.328113252047571,0
2026-09-03 14:11:00,0.33007002423118126,0
2026-09-03 14:12:00,0.355238432781215,0
2026-09-03 14:13:00,0.32754873589062766,0
2026-09-03 14:14:00,0.36868880992340636,0
2026-09-03 14:15:00,0.2805145969793382,0
2026-09-03 14:16:00,0.3668611108049152,1
2026-09-03 14:17:00,0.3339153244998978,0
2026-09-03 14:18:00,0.4145576560506248,0
2026-09-03 14:19:00,0.3883614989893708,0
2026-09-03 14:20:00,0.3575682714291129,0
2026-09-03 14:21:00,0.3498798289780158,0
2026-09-03 14:22:00,0.3435928550690403,0
2026-09-03 14:23:00,0.3223579334029616,0
2026-09-03 14:24:00,0.3138282207188835,0
2026-09-03 14:25:00,0.31890156192900176,0
2026-09-03 14:26:00,0.29957055313933245,0
2026-09-03 14:27:00,0.34632797330793375,0
2026-09-03 14:28:00,0.3135566983211601,0
2026-09-03 14:29:00,0.2927441205734439,0
2026-09-03 14:30:00,0.25436780104340306,0
2026-09-03 14:31:00,0.2838991096597719,0
2026-09-03 14:32:00,0.2669282221541092,0
2026-09-03 14:33:00,0.3608768346252351,0
2026-09-03 14:34:00,0.5218501740955928,0
2026-09-03 14:35:00,0.4882006682740462,0
2026-09-03 14:36:00,0.49380776421966316,1
2026-09-03 14:37:00,0.4320245657013252,0
2026-09-03 14:38:00,0.4161786990547,0
2026-09-03 14:39:00,0.4328679595352666,1
2026-09-03 14:40:00,0.4650798842103123,0
2026-09-03 14:41:00,0.5318412808001619,0
2026-09-03 14:42:00,0.552097890525465,0
2026-09-03 14:43:00,0.5145326633274417,0
2026-09-03 14:44:00,0.5491719383840308,0
2026-09-03 14:45:00,0.49094020034567587,0
2026-09-03 14:46:00,0.5214696022748078,1
2026-09-03 14:47:00,0.5132470768847804,1
2026-09-03 14:48:00,0.4776926725064618,1
2026-09-03 14:49:00,0.4905658494929243,1
2026-09-03 14:50:00,0.491008275950067,1
2026-09-03 14:51:00,0.5582703792610202,1
2026-09-03 14:52:00,0.5902962419462053,1
2026-09-03 14:53:00,0.5514826140705696,1
2026-09-03 14:54:00,0.5502787298527566,1
2026-09-03 14:55:00,0.549430185209488,1
2026-09-03 14:56:00,0.6131645099462883,1
2026-09-03 14:57:00,0.5354684246742604,1
2026-09-03 14:58:00,0.5401814356845706,1
2026-09-03 14:59:00,0.5468994917795031,1
2026-09-03 15:00:00,0.534844949790653,1
2026-09-04 09:30:00,0.4557317330253096,1
2026-09-04 09:31:00,0.5041547673977655,0
2026-09-04 09:32:00,0.558507776322345,1
2026-09-04 09:33:00,0.49319654759652215,1
2026-09-04 09:34:00,0.5559282533469132,1
2026-09-04 09:35:00,0.4635459160318945,1
2026-09-04 09:36:00,0.48886954803529026,1
2026-09-04 09:37:00,0.5451618540815555,1
2026-09-04 09:38:00,0.5239881715210439,1
2026-09-04 09:39:00,0.5269211930469145,1
2026-09-04 09:40:00,0.4938637856904805,1
2026-09-04 09:41:00,0.43343793816909254,1
2026-09-04 09:42:00,0.3801141099570502,1
2026-09-04 09:43:00,0.3992929500720799,1
2026-09-04 09:44:00,0.4349214893144533,1
2026-09-04 09:45:00,0.41846135062368517,0
2026-09-04 09:46:00,0.44702410533599424,1
2026-09-04 09:47:00,0.3818457562383521,0
2026-09-04 09:48:00,0.4398536844077725,1
2026-09-04 09:49:00,0.4609896090187573,1
2026-09-04 09:50:00,0.4484779842924871,1
2026-09-04 09:51:00,0.4586929964537884,1
2026-09-04 09:52:00,0.4846966731910043,1
2026-09-04 09:53:00,0.4721816796446128,1
2026-09-04 09:54:00,0.47248024136174804,1
2026-09-04 09:55:00,0.3943313273442437,1
2026-09-04 09:56:00,0.4231907353262693,1
2026-09-04 09:57:00,0.444701128559629,1
2026-09-04 09:58:00,0.4376240649154947,1
2026-09-04 09:59:00,0.4538034032601669,1
2026-09-04 10:00:00,0.48153188540650627,1
2026-09-04 10:01:00,0.4831551419917677,1
2026-09-04 10:02:00,0.46595240954344763,1
2026-09-04 10:03:00,0.4062886047501696,1
2026-09-04 10:04:00,0.3893548284770284,0
2026-09-04 10:05:00,0.36685173162744256,0
2026-09-04 10:06:00,0.36949438515806915,0
2026-09-04 10:07:00,0.38604572743868004,0
2026-09-04 10:08:00,0.3787463359552426,0
2026-09-04 10:09:00,0.4592709876037351,0
2026-09-04 10:10:00,0.4630208058707885,0
2026-09-04 10:11:00,0.438898800557606,0
2026-09-04 10:12:00,0.47745676450705055,0
2026-09-04 10:13:00,0.42820744307205705,0
2026-09-04 10:14:00,0.4763124620435244,0
2026-09-04 10:15:00,0.47937315060466584,0
2026-09-04 10:16:00,0.5220171288246862,1
2026-09-04 10:17:00,0.412332660505845,0
2026-09-04 10:18:00,0.45502208512158626,0
2026-09-04 10:19:00,0.47600590464586207,1
2026-09-04 10:20:00,0.416968421547927,1
2026-09-04 10:21:00,0.46466008877736903,1
2026-09-04 10:22:00,0.4901076411404996,1
2026-09-04 10:23:00,0.446615325803132,0
2026-09-04 10:24:00,0.37490420313008044,0
2026-09-04 10:25:00,0.38162794891575375,0
2026-09-04 10:26:00,0.3865104298075929,0
2026-09-04 10:27:00,0.3795899688990046,1
2026-09-04 10:28:00,0.4320553876596348,1
2026-09-04 10:29:00,0.4131555865888526,1
2026-09-04 10:30:00,0.40875709392275844,1
2026-09-04 10:31:00,0.37840407749314475,0
2026-09-04 10:32:00,0.36340730473047306,0
2026-09-04 10:33:00,0.3571957492490083,0
2026-09-04 10:34:00,0.40221715267767977,0
2026-09-04 10:35:00,0.38881864671817296,0
2026-09-04 10:36:00,0.4042981760159661,0
2026-09-04 10:37:00,0.42204874507627504,1
2026-09-04 10:38:00,0.41777398237164937,1
2026-09-04 10:39:00,0.404847869078193,1
2026-09-04 10:40:00,0.4151692170437966,1
2026-09-04 10:41:00,0.4154229734466632,1
2026-09-04 10:42:00,0.38256316768753984,1
2026-09-04 10:43:00,0.3477308680655796,1
2026-09-04 10:44:00,0.3736361260118783,1
2026-09-04 10:45:00,0.3851516879367868,1
2026-09-04 10:46:00,0.38570351010465087,1
2026-09-04 10:47:00,0.39284027539123034,1
2026-09-04 10:48:00,0.41705861036753555,1
2026-09-04 10:49:00,0.43397085876895075,1
2026-09-04 10:50:00,0.3962620608699936,1
2026-09-04 10:51:00,0.4172876620046022,1
2026-09-04 10:52:00,0.3889471053520301,0
2026-09-04 10:53:00,0.40767578513766684,0
2026-09-04 10:54:00,0.39854835643866604,0
2026-09-04 10:55:00,0.4171278543671563,1
2026-09-04 10:56:00,0.4143587906227409,1
2026-09-04 10:57:00,0.4079066731826527,0
2026-09-04 10:58:00,0.4146678614442187,0
2026-09-04 10:59:00,0.413083503632677,1
2026-09-04 11:00:00,0.39933838312173936,0
2026-09-04 11:01:00,0.3799179747272947,0
2026-09-04 11:02:00,0.43510769120283993,0
2026-09-04 11:03:00,0.3950409014917802,0
2026-09-04 11:04:00,0.40632542980428216,0
2026-09-04 11:05:00,0.3928256002173679,0
2026-09-04 11:06:00,0.4011057005004936,0
2026-09-04 11:07:00,0.4078081049375268,0
2026-09-04 11:08:00,0.42858583220247437,0
2026-09-04 11:09:00,0.4361151402948309,0
2026-09-04 11:10:00,0.4465130626038998,0
2026-09-04 11:11:00,0.44163169457700613,0
2026-09-04 11:12:00,0.43651048764548606,0
2026-09-04 11:13:00,0.43760125109186976,0
2026-09-04 11:14:00,0.4081126740188055,0
2026-09-04 11:15:00,0.4319443102154966,0
2026-09-04 11:16:00,0.4176934001045328,1
2026-09-04 11:17:00,0.40803925592266055,0
2026-09-04 11:18:00,0.4039499782417561,0
2026-09-04 11:19:00,0.4026208576143487,0
2026-09-04 11:20:00,0.41170908126674083,0
2026-09-04 11:21:00,0.41678706552656103,0
2026-09-04 11:22:00,0.39720614283314476,1
2026-09-04 11:23:00,0.39498905705260123,0
2026-09-04 11:24:00,0.41473519945635734,1
2026-09-04 11:25:00,0.42322641261582944,1
2026-09-04 11:26:00,0.396770410192079,1
2026-09-04 11:27:00,0.4111226214965321,1
2026-09-04 11:28:00,0.3411811598420647,1
2026-09-04 11:29:00,0.33608919692879513,1
2026-09-04 11:30:00,0.3271019220169329,1
2026-09-04 13:01:00,0.37097131693017127,0
2026-09-04 13:02:00,0.3416456526446555,0
2026-09-04 13:03:00,0.3348780709606544,0
2026-09-04 13:04:00,0.3604338630643763,0
2026-09-04 13:05:00,0.3939751685063934,0
2026-09-04 13:06:00,0.3714683746591727,0
2026-09-04 13:07:00,0.3637552698514682,0
2026-09-04 13:08:00,0.3812929678398703,0
2026-09-04 13:09:00,0.38468382530464856,0
2026-09-04 13:10:00,0.42305372053189605,0
2026-09-04 13:11:00,0.40795205963848696,0
2026-09-04 13:12:00,0.3991205036279313,0
2026-09-04 13:13:00,0.33933597485039846,0
2026-09-04 13:14:00,0.34360772058189193,0
2026-09-04 13:15:00,0.3499604217351241,0
2026-09-04 13:16:00,0.3641556749552935,0
2026-09-04 13:17:00,0.4093253977382391,0
2026-09-04 13:18:00,0.3807196442918097,0
2026-09-04 13:19:00,0.3875888621932803,0
2026-09-04 13:20:00,0.3697937821936184,0
2026-09-04 13:21:00,0.43926410970198093,0
2026-09-04 13:22:00,0.44407670906669944,0
2026-09-04 13:23:00,0.4448209946345367,0
2026-09-04 13:24:00,0.3791000589538686,0
2026-09-04 13:25:00,0.3732830959409019,0
2026-09-04 13:26:00,0.44288954461394936,0
2026-09-04 13:27:00,0.41463740733847687,0
2026-09-04 13:28:00,0.4391618823673295,0
2026-09-04 13:29:00,0.49347043485499825,0
2026-09-04 13:30:00,0.46305479018083556,0
2026-09-04 13:31:00,0.4709934001235713,1
2026-09-04 13:32:00,0.5347072076992381,1
2026-09-04 13:33:00,0.4215443762476533,0
2026-09-04 13:34:00,0.4249005244736222,0
2026-09-04 13:35:00,0.4406295334999092,0
2026-09-04 13:36:00,0.42521298624020853,0
2026-09-04 13:37:00,0.33681520739646104,0
2026-09-04 13:38:00,0.4759696279944181,0
2026-09-04 13:39:00,0.3903578793851066,0
2026-09-04 13:40:00,0.4212155913341175,0
2026-09-04 13:41:00,0.37181573953257724,0
2026-09-04 13:42:00,0.38215947019781277,0
2026-09-04 13:43:00,0.2902279824999867,0
2026-09-04 13:44:00,0.37028572102394636,0
2026-09-04 13:45:00,0.4053095055917883,0
2026-09-04 13:46:00,0.331929852821844,0
2026-09-04 13:47:00,0.3455912294817821,0
2026-09-04 13:48:00,0.3275242783962365,0
2026-09-04 13:49:00,0.36209002577759164,0
2026-09-04 13:50:00,0.33773503553910406,0
2026-09-04 13:51:00,0.4249347895888099,0
2026-09-04 13:52:00,0.3789915876163835,0
2026-09-04 13:53:00,0.4123723826811941,0
2026-09-04 13:54:00,0.36351245639180696,0
2026-09-04 13:55:00,0.38727170841323955,0
2026-09-04 13:56:00,0.3963301623829439,0
2026-09-04 13:57:00,0.3606590423339461,0
2026-09-04 13:58:00,0.3016092118293319,0
2026-09-04 13:59:00,0.32295260860440794,0
2026-09-04 14:00:00,0.34903239679701503,0
2026-09-04 14:01:00,0.3860219178541808,0
2026-09-04 14:02:00,0.37899408144458346,0
2026-09-04 14:03:00,0.332094478504044,0
2026-09-04 14:04:00,0.3246258598651576,0
2026-09-04 14:05:00,0.355643239781067,0
2026-09-04 14:06:00,0.3136332417238483,0
2026-09-04 14:07:00,0.38103988352375767,0
2026-09-04 14:08:00,0.3801015806614289,0
2026-09-04 14:09:00,0.43019602072121294,0
2026-09-04 14:10:00,0.32356431288396825,0
2026-09-04 14:11:00,0.35246174086164755,0
2026-09-04 14:12:00,0.29258235348416783,0
2026-09-04 14:13:00,0.4069882951093766,0
2026-09-04 14:14:00,0.2869274279446128,0
2026-09-04 14:15:00,0.37745050132361824,0
2026-09-04 14:16:00,0.3086823103784402,0
2026-09-04 14:17:00,0.3419492805420129,0
2026-09-04 14:18:00,0.39152356770466445,0
2026-09-04 14:19:00,0.4458636951544892,0
2026-09-04 14:20:00,0.39441696817346994,0
2026-09-04 14:21:00,0.3444957859746561,0
2026-09-04 14:22:00,0.36513845066338485,0
2026-09-04 14:23:00,0.39128553581430775,0
2026-09-04 14:24:00,0.4025831405751172,0
2026-09-04 14:25:00,0.3278651827536602,0
2026-09-04 14:26:00,0.3137240946753225,0
2026-09-04 14:27:00,0.313775290385504,0
2026-09-04 14:28:00,0.2066692074033755,0
2026-09-04 14:29:00,0.34146107988769114,0
2026-09-04 14:30:00,0.34794961409740466,0
2026-09-04 14:31:00,0.406440179950974,0
2026-09-04 14:32:00,0.3719767859262861,0
2026-09-04 14:33:00,0.3634834120352442,0
2026-09-04 14:34:00,0.42605277363021926,0
2026-09-04 14:35:00,0.4419555296118535,0
2026-09-04 14:36:00,0.44426697741000687,0
2026-09-04 14:37:00,0.3111146021795264,0
2026-09-04 14:38:00,0.4274619467622942,0
2026-09-04 14:39:00,0.290766997622963,0
2026-09-04 14:40:00,0.3889242463389234,0
2026-09-04 14:41:00,0.38615803139377064,1
2026-09-04 14:42:00,0.43770001348870213,1
2026-09-04 14:43:00,0.4266743403159287,1
2026-09-04 14:44:00,0.4156766226619222,1
2026-09-04 14:45:00,0.45114420257314675,1
