,equity,returns,drawdown
2016-01-04,1000000.0,0.0,0.0
2016-01-05,1000000.0,0.0,0.0
2016-01-06,1000000.0,0.0,0.0
2016-01-07,1000000.0,0.0,0.0
2016-01-08,1000000.0,0.0,0.0
2016-01-11,1000000.0,0.0,0.0
2016-01-12,1000000.0,0.0,0.0
2016-01-13,1000000.0,0.0,0.0
2016-01-14,1000000.0,0.0,0.0
2016-01-15,1000000.0,0.0,0.0
2016-01-18,1000000.0,0.0,0.0
2016-01-19,1000000.0,0.0,0.0
2016-01-20,1000000.0,0.0,0.0
2016-01-21,1000000.0,0.0,0.0
2016-01-22,1000000.0,0.0,0.0
2016-01-25,1000000.0,0.0,0.0
2016-01-26,1000000.0,0.0,0.0
2016-01-27,1000000.0,0.0,0.0
2016-01-28,1000000.0,0.0,0.0
2016-01-29,1000000.0,0.0,0.0
2016-02-01,1000000.0,0.0,0.0
2016-02-02,1000000.0,0.0,0.0
2016-02-03,1000000.0,0.0,0.0
2016-02-04,1000000.0,0.0,0.0
2016-02-05,1000000.0,0.0,0.0
2016-02-15,1000000.0,0.0,0.0
2016-02-16,1000000.0,0.0,0.0
2016-02-17,1000000.0,0.0,0.0
2016-02-18,1000000.0,0.0,0.0
2016-02-19,1000000.0,0.0,0.0
2016-02-22,1000000.0,0.0,0.0
2016-02-23,1000000.0,0.0,0.0
2016-02-24,1000000.0,0.0,0.0
2016-02-25,1000000.0,0.0,0.0
2016-02-26,1000000.0,0.0,0.0
2016-02-29,1000000.0,0.0,0.0
2016-03-01,1000000.0,0.0,0.0
2016-03-02,1000000.0,0.0,0.0
2016-03-03,1000000.0,0.0,0.0
2016-03-04,1000000.0,0.0,0.0
2016-03-07,1000000.0,0.0,0.0
2016-03-08,1000000.0,0.0,0.0
2016-03-09,1000000.0,0.0,0.0
2016-03-10,1000000.0,0.0,0.0
2016-03-11,1000000.0,0.0,0.0
2016-03-14,1000000.0,0.0,0.0
2016-03-15,1000000.0,0.0,0.0
2016-03-16,1000000.0,0.0,0.0
2016-03-17,1000000.0,0.0,0.0
2016-03-18,1000000.0,0.0,0.0
2016-03-21,1000000.0,0.0,0.0
2016-03-22,999243.78551,-0.0007562144900000733,-0.0007562144900000733
2016-03-23,999595.98551,0.0003524665403051852,-0.0004040144899999376
2016-03-24,996660.98551,-0.0029361862617951484,-0.0033390144899999585
2016-03-25,997424.08551,0.0007656565382756497,-0.002575914489999942
2016-03-28,995663.08551,-0.0017655479004194952,-0.0043369144899999545
2016-03-29,994136.8855099999,-0.0015328478299647674,-0.005863114490000099
2016-03-30,999185.08551,0.00507797273552546,-0.0008149144900000405
2016-03-31,998832.8855099999,-0.00035248724696512745,-0.0011671144900000652
2016-04-01,999419.8855099999,0.0005876858967255316,-0.000580114490000061
2016-04-05,1001239.58551,0.0018207562470817784,0.0
2016-04-06,1000887.38551,-0.0003517639584940113,-0.0003517639584940113
2016-04-07,998539.3855099999,-0.0023459182661230704,-0.0026968570151215676
2016-04-08,996954.48551,-0.0015872183140682727,-0.004279794828344952
2016-04-11,999008.98551,0.0020607761235449384,-0.002227838403796034
2016-04-12,998774.18551,-0.0002350329210304425,-0.0024623477094587454
2016-04-13,1001180.8855099999,0.002409653788529864,-5.862732641570556e-05
2016-04-14,1001885.2855100001,0.0007035691653674014,0.0
2016-04-15,1002061.3855099999,0.00017576862595625187,0.0
2016-04-18,999361.18551,-0.0026946452972296253,-0.0026946452972296253
2016-04-19,999595.98551,0.00023495008952156837,-0.0024603283148617594
2016-04-20,996308.78551,-0.003288528613210606,-0.005740766068011105
2016-04-21,995428.2855100001,-0.00088376215567465,-0.006619454751890186
2016-04-22,996250.08551,0.0008255742899438978,-0.005799345313602933
2016-04-25,995663.08551,-0.0005892094851861485,-0.006385137769522431
2016-04-26,996719.68551,0.0010612023438216767,-0.005330711348867423
2016-04-27,995839.18551,-0.0008833978226782113,-0.006209400032746615
2016-04-28,995721.7855100001,-0.00011789052058619465,-0.006326558523930492
2016-04-29,995486.98551,-0.00023580884079965614,-0.006560875506298358
2016-05-03,999067.68551,0.003596933010797221,-0.00298754152518943
2016-05-04,998363.28551,-0.0007050573351699008,-0.0036904924722928056
2016-05-05,998363.28551,0.0,-0.0036904924722928056
2016-05-06,994078.18551,-0.00429212498315279,-0.00796677740050511
2016-05-09,990321.3855099999,-0.003779179600518656,-0.011715849118389965
2016-05-10,989261.649756,-0.0010700927693833018,-0.012773404842344571
2016-05-11,989261.649756,0.0,-0.012773404842344571
2016-05-12,989261.649756,0.0,-0.012773404842344571
2016-05-13,989261.649756,0.0,-0.012773404842344571
2016-05-16,989261.649756,0.0,-0.012773404842344571
2016-05-17,989261.649756,0.0,-0.012773404842344571
2016-05-18,989261.649756,0.0,-0.012773404842344571
2016-05-19,989261.649756,0.0,-0.012773404842344571
2016-05-20,989261.649756,0.0,-0.012773404842344571
2016-05-23,989261.649756,0.0,-0.012773404842344571
2016-05-24,989261.649756,0.0,-0.012773404842344571
2016-05-25,989261.649756,0.0,-0.012773404842344571
2016-05-26,989261.649756,0.0,-0.012773404842344571
2016-05-27,989261.649756,0.0,-0.012773404842344571
2016-05-30,989261.649756,0.0,-0.012773404842344571
2016-05-31,989261.649756,0.0,-0.012773404842344571
2016-06-01,989261.649756,0.0,-0.012773404842344571
2016-06-02,989261.649756,0.0,-0.012773404842344571
2016-06-03,989261.649756,0.0,-0.012773404842344571
2016-06-06,989261.649756,0.0,-0.012773404842344571
2016-06-07,989261.649756,0.0,-0.012773404842344571
2016-06-08,989261.649756,0.0,-0.012773404842344571
2016-06-13,989261.649756,0.0,-0.012773404842344571
2016-06-14,989261.649756,0.0,-0.012773404842344571
2016-06-15,989261.649756,0.0,-0.012773404842344571
2016-06-16,989261.649756,0.0,-0.012773404842344571
2016-06-17,989261.649756,0.0,-0.012773404842344571
2016-06-20,989261.649756,0.0,-0.012773404842344571
2016-06-21,989261.649756,0.0,-0.012773404842344571
2016-06-22,989261.649756,0.0,-0.012773404842344571
2016-06-23,989261.649756,0.0,-0.012773404842344571
2016-06-24,989261.649756,0.0,-0.012773404842344571
2016-06-27,989261.649756,0.0,-0.012773404842344571
2016-06-28,989261.649756,0.0,-0.012773404842344571
2016-06-29,989261.649756,0.0,-0.012773404842344571
2016-06-30,989261.649756,0.0,-0.012773404842344571
2016-07-01,989261.649756,0.0,-0.012773404842344571
2016-07-04,989261.649756,0.0,-0.012773404842344571
2016-07-05,989093.118276,-0.00017036087474087136,-0.012941589628662986
2016-07-06,990029.118276,0.0009463214157545696,-0.012007515116328027
2016-07-07,990263.118276,0.00023635668454624614,-0.011773996488244287
2016-07-08,988521.89171,-0.0017583473865323551,-0.013511641098822524
2016-07-11,989454.6917099999,0.0009436310999508812,-0.012580760003623737
2016-07-12,999015.89171,0.009663100372464983,-0.0030392287778356897
2016-07-13,999436.193404,0.0004207157238316217,-0.002619791705339325
2016-07-14,998566.693404,-0.0008699905063859203,-0.003487503017812865
2016-07-15,999262.293404,0.0006965984391376079,-0.0027933339678340996
2016-07-18,997175.4934040001,-0.0020883405826224166,-0.0048758411177706185
2016-07-19,994219.193404,-0.0029646737405352175,-0.0078260595801809
2016-07-20,993001.893404,-0.0012243778917929715,-0.00904085541764399
2016-07-21,996132.093404,0.003152259850451866,-0.005917094692738933
2016-07-22,991088.9934040001,-0.005062681981027883,-0.010949820305085844
2016-07-25,990915.093404,-0.00017546355691300253,-0.01112336256758062
2016-07-26,998218.893404,0.007370762690585231,-0.0038345875428024145
2016-07-27,987610.993404,-0.010626827512577264,-0.014420665554980339
2016-07-28,983213.6675760001,-0.00445248772782858,-0.018808945446398218
2016-07-29,983213.6675760001,0.0,-0.018808945446398218
2016-08-01,983213.6675760001,0.0,-0.018808945446398218
2016-08-02,983213.6675760001,0.0,-0.018808945446398218
2016-08-03,983213.6675760001,0.0,-0.018808945446398218
2016-08-04,983213.6675760001,0.0,-0.018808945446398218
2016-08-05,983213.6675760001,0.0,-0.018808945446398218
2016-08-08,983213.6675760001,0.0,-0.018808945446398218
2016-08-09,983213.6675760001,0.0,-0.018808945446398218
2016-08-10,983213.6675760001,0.0,-0.018808945446398218
2016-08-11,983213.6675760001,0.0,-0.018808945446398218
2016-08-12,983213.6675760001,0.0,-0.018808945446398218
2016-08-15,987746.133488,0.0046098483589780415,-0.014285803473720438
2016-08-16,985497.545224,-0.002276483994991363,-0.016529766065748297
2016-08-17,984613.545224,-0.0008970088299906642,-0.017411947549620277
2016-08-18,984061.045224,-0.0005611338607720562,-0.017963310977040292
2016-08-19,983619.045224,-0.00044915912701271044,-0.01840440171897617
2016-08-22,980967.045224,-0.0026961657695394603,-0.02105094617059211
2016-08-23,981188.045224,0.00022528789430387164,-0.02083040079962406
2016-08-24,979641.045224,-0.001576660057702628,-0.02237421839639997
2016-08-25,977652.045224,-0.0020303355088038266,-0.02435912673511187
2016-08-26,976277.2594740001,-0.0014062117056021783,-0.025731084351560907
2016-08-29,976277.2594740001,0.0,-0.025731084351560907
2016-08-30,976277.2594740001,0.0,-0.025731084351560907
2016-08-31,976277.2594740001,0.0,-0.025731084351560907
2016-09-01,976277.2594740001,0.0,-0.025731084351560907
2016-09-02,976277.2594740001,0.0,-0.025731084351560907
2016-09-05,976277.2594740001,0.0,-0.025731084351560907
2016-09-06,976277.2594740001,0.0,-0.025731084351560907
2016-09-07,976277.2594740001,0.0,-0.025731084351560907
2016-09-08,976277.2594740001,0.0,-0.025731084351560907
2016-09-09,976277.2594740001,0.0,-0.025731084351560907
2016-09-12,976277.2594740001,0.0,-0.025731084351560907
2016-09-13,976277.2594740001,0.0,-0.025731084351560907
2016-09-14,976277.2594740001,0.0,-0.025731084351560907
2016-09-19,976277.2594740001,0.0,-0.025731084351560907
2016-09-20,976277.2594740001,0.0,-0.025731084351560907
2016-09-21,976277.2594740001,0.0,-0.025731084351560907
2016-09-22,976277.2594740001,0.0,-0.025731084351560907
2016-09-23,976277.2594740001,0.0,-0.025731084351560907
2016-09-26,976277.2594740001,0.0,-0.025731084351560907
2016-09-27,976277.2594740001,0.0,-0.025731084351560907
2016-09-28,976277.2594740001,0.0,-0.025731084351560907
2016-09-29,976277.2594740001,0.0,-0.025731084351560907
2016-09-30,976277.2594740001,0.0,-0.025731084351560907
2016-10-10,976277.2594740001,0.0,-0.025731084351560907
2016-10-11,976277.2594740001,0.0,-0.025731084351560907
2016-10-12,976277.2594740001,0.0,-0.025731084351560907
2016-10-13,976277.2594740001,0.0,-0.025731084351560907
2016-10-14,976277.2594740001,0.0,-0.025731084351560907
2016-10-17,976277.2594740001,0.0,-0.025731084351560907
2016-10-18,976277.2594740001,0.0,-0.025731084351560907
2016-10-19,976277.2594740001,0.0,-0.025731084351560907
2016-10-20,976277.2594740001,0.0,-0.025731084351560907
2016-10-21,976277.2594740001,0.0,-0.025731084351560907
2016-10-24,976277.2594740001,0.0,-0.025731084351560907
2016-10-25,975196.6014460002,-0.0011069171360010843,-0.02680951930936537
2016-10-26,974654.6014460002,-0.0005557853659419187,-0.027350404336807244
2016-10-27,974383.6014460002,-0.0002780472175455406,-0.027620846850528125
2016-10-28,974112.6014460002,-0.0002781245493025386,-0.027891289364249117
2016-10-31,973733.2014460003,-0.00038948269372218736,-0.02826990888345826
2016-11-01,974871.4014460002,0.0011689033487918277,-0.027134050325830494
2016-11-02,973624.8014460001,-0.001278732762240331,-0.028378085888946858
2016-11-03,975034.0014460002,0.001447374797670653,-0.026971784817597877
2016-11-04,974437.8014460001,-0.0006114658556685137,-0.027566758347783993
2016-11-07,974600.4014460002,0.00016686544770605494,-0.027404492839551375
2016-11-08,975576.0014460002,0.0010010256496431058,-0.026430899790156115
2016-11-09,974871.4014460002,-0.0007222399884331265,-0.027134050325830494
2016-11-10,976768.4014460002,0.0019458976816697504,-0.025240952729783994
2016-11-11,979583.2866820002,0.0028818348667225546,-0.02243185812070736
2016-11-14,980126.4784740002,0.0005545131275563886,-0.02188978375295436
2016-11-15,979479.6784740002,-0.00065991483161143,-0.02253525319160643
2016-11-16,979641.3784740001,0.00016508765169276352,-0.02237388583194344
2016-11-17,980934.9784740002,0.0013204832180682136,-0.021082946954639303
2016-11-18,978994.5784740001,-0.0019781127623961225,-0.02301935527059551
2016-11-21,981581.7784740003,0.0026427112640734496,-0.020437477515987235
2016-11-22,987241.2784740003,0.005765693826141005,-0.01478961992778216
2016-11-23,987680.3237200001,0.00044471929565026436,-0.014351477861489048
2016-11-24,989830.3237200002,0.002176817689252264,-0.012205900723112562
2016-11-25,998215.3237200001,0.00847114884143707,-0.0038381498834448857
2016-11-28,1001655.3237200001,0.0034461502626310647,-0.00040522646204266266
2016-11-29,1007675.3237200001,0.006010051419327089,0.0
2016-11-30,1000580.3237200001,-0.0070409583652476515,-0.0070409583652476515
2016-12-01,1007890.3237200002,0.007305760294008978,0.0
2016-12-02,999290.3237200002,-0.008532674436498633,-0.008532674436498633
2016-12-05,983810.3237200002,-0.015490993590704938,-0.02389148842219624
2016-12-06,982520.3237200001,-0.0013112283627216836,-0.025171389587671178
2016-12-07,985960.3237200001,0.003501199839791136,-0.021758319813071636
2016-12-08,987680.3237200001,0.0017444921044189599,-0.020051784925771976
2016-12-09,991980.3237200001,0.004353635378504306,-0.01578544770752266
2016-12-12,971770.3237200002,-0.02037338797629662,-0.0358372326332943
2016-12-13,966277.6456200002,-0.005652238976565638,-0.041286911006757854
2016-12-14,966277.6456200002,0.0,-0.041286911006757854
2016-12-15,966277.6456200002,0.0,-0.041286911006757854
2016-12-16,966277.6456200002,0.0,-0.041286911006757854
2016-12-19,966277.6456200002,0.0,-0.041286911006757854
2016-12-20,966277.6456200002,0.0,-0.041286911006757854
2016-12-21,966277.6456200002,0.0,-0.041286911006757854
2016-12-22,966277.6456200002,0.0,-0.041286911006757854
2016-12-23,966277.6456200002,0.0,-0.041286911006757854
2016-12-26,966277.6456200002,0.0,-0.041286911006757854
2016-12-27,966277.6456200002,0.0,-0.041286911006757854
2016-12-28,966277.6456200002,0.0,-0.041286911006757854
2016-12-29,966277.6456200002,0.0,-0.041286911006757854
2016-12-30,966277.6456200002,0.0,-0.041286911006757854
2017-01-03,966277.6456200002,0.0,-0.041286911006757854
2017-01-04,966277.6456200002,0.0,-0.041286911006757854
2017-01-05,966277.6456200002,0.0,-0.041286911006757854
2017-01-06,966277.6456200002,0.0,-0.041286911006757854
2017-01-09,966277.6456200002,0.0,-0.041286911006757854
2017-01-10,966277.6456200002,0.0,-0.041286911006757854
2017-01-11,966277.6456200002,0.0,-0.041286911006757854
2017-01-12,966277.6456200002,0.0,-0.041286911006757854
2017-01-13,966277.6456200002,0.0,-0.041286911006757854
2017-01-16,966277.6456200002,0.0,-0.041286911006757854
2017-01-17,966277.6456200002,0.0,-0.041286911006757854
2017-01-18,966277.6456200002,0.0,-0.041286911006757854
2017-01-19,966277.6456200002,0.0,-0.041286911006757854
2017-01-20,966277.6456200002,0.0,-0.041286911006757854
2017-01-23,966277.6456200002,0.0,-0.041286911006757854
2017-01-24,966277.6456200002,0.0,-0.041286911006757854
2017-01-25,966277.6456200002,0.0,-0.041286911006757854
2017-01-26,966277.6456200002,0.0,-0.041286911006757854
2017-02-03,964622.3053300002,-0.0017131104062102498,-0.04292929237608212
2017-02-06,964568.8053300002,-5.546212201856804e-05,-0.042982373548448694
2017-02-07,964247.8053300002,-0.000332791189416648,-0.04330086058264826
2017-02-08,965478.3053300002,0.0012761242423351415,-0.04207999361821668
2017-02-09,966120.3053300002,0.0006649553868334213,-0.04144301954981766
2017-02-10,967083.3053300002,0.0009967702724880123,-0.04048755844721896
2017-02-13,968474.7015220004,0.0014387552595847009,-0.039107054875297975
2017-02-14,968533.0253820003,6.022238878133912e-05,-0.039049187606779445
2017-02-15,966616.6253820003,-0.0019786625234013977,-0.04095058496609405
2017-02-16,969012.1253820002,0.0024782317385170227,-0.03857383826695082
2017-02-17,965818.1253820003,-0.0032961403849727233,-0.04174283386580846
2017-02-20,974761.3253820003,0.009259714396499641,-0.032869646189006785
2017-02-21,974183.5457700003,-0.0005927395732217011,-0.03344290262217453
2017-02-22,976519.9457700003,0.002398316015647106,-0.031124793255495886
2017-02-23,973333.9457700002,-0.0032626061697981212,-0.03428585148278496
2017-02-24,972696.7457700003,-0.0006546571223259301,-0.03491806312824275
2017-02-27,966961.9457700002,-0.00589577381125117,-0.040607967937362766
2017-02-28,968023.9457700002,0.0010982852062024762,-0.039554281861599816
2017-03-01,968873.5457700003,0.0008776642393120149,-0.03871133300098939
2017-03-02,966324.7457700003,-0.0026306838607864647,-0.04124017958282056
2017-03-03,963563.5457700002,-0.002857424496357952,-0.04397976337980436
2017-03-06,960466.4649060003,-0.003214194722907404,-0.04705259857934174
2017-03-07,960466.4649060003,0.0,-0.04705259857934174
2017-03-08,960466.4649060003,0.0,-0.04705259857934174
2017-03-09,960466.4649060003,0.0,-0.04705259857934174
2017-03-10,960466.4649060003,0.0,-0.04705259857934174
2017-03-13,960466.4649060003,0.0,-0.04705259857934174
2017-03-14,960466.4649060003,0.0,-0.04705259857934174
2017-03-15,960466.4649060003,0.0,-0.04705259857934174
2017-03-16,960466.4649060003,0.0,-0.04705259857934174
2017-03-17,960466.4649060003,0.0,-0.04705259857934174
2017-03-20,960466.4649060003,0.0,-0.04705259857934174
2017-03-21,960466.4649060003,0.0,-0.04705259857934174
2017-03-22,960466.4649060003,0.0,-0.04705259857934174
2017-03-23,960466.4649060003,0.0,-0.04705259857934174
2017-03-24,960466.4649060003,0.0,-0.04705259857934174
2017-03-27,960466.4649060003,0.0,-0.04705259857934174
2017-03-28,960466.4649060003,0.0,-0.04705259857934174
2017-03-29,960466.4649060003,0.0,-0.04705259857934174
2017-03-30,960466.4649060003,0.0,-0.04705259857934174
2017-03-31,960466.4649060003,0.0,-0.04705259857934174
2017-04-05,960466.4649060003,0.0,-0.04705259857934174
2017-04-06,959799.6701820004,-0.0006942405053831369,-0.04771417326490757
2017-04-07,960159.4701820003,0.00037486989335144827,-0.04735718997859917
2017-04-10,959696.8701820003,-0.0004817949667385024,-0.04781616848956716
2017-04-11,960159.4701820003,0.0004820272050196639,-0.04735718997859917
2017-04-12,959491.2701820004,-0.0006959260630666764,-0.048020158938886226
2017-04-13,960159.4701820003,0.000696410713432849,-0.04735718997859917
2017-04-14,958668.8701820003,-0.0015524504483795942,-0.0488361207361625
2017-04-17,958052.0701820003,-0.0006433921233751638,-0.04944809208411982
2017-04-18,957640.8701820003,-0.0004292042288701614,-0.04985607298275796
2017-04-19,956253.0701820003,-0.0014491862693123414,-0.051233008515661815
2017-04-20,955400.0111100003,-0.0008920850542604164,-0.05207938936874057
2017-04-21,955400.0111100003,0.0,-0.05207938936874057
2017-04-24,955400.0111100003,0.0,-0.05207938936874057
2017-04-25,955400.0111100003,0.0,-0.05207938936874057
2017-04-26,955400.0111100003,0.0,-0.05207938936874057
2017-04-27,955400.0111100003,0.0,-0.05207938936874057
2017-04-28,955400.0111100003,0.0,-0.05207938936874057
2017-05-02,955400.0111100003,0.0,-0.05207938936874057
2017-05-03,955400.0111100003,0.0,-0.05207938936874057
2017-05-04,955400.0111100003,0.0,-0.05207938936874057
2017-05-05,955400.0111100003,0.0,-0.05207938936874057
2017-05-08,955400.0111100003,0.0,-0.05207938936874057
2017-05-09,955400.0111100003,0.0,-0.05207938936874057
2017-05-10,955400.0111100003,0.0,-0.05207938936874057
2017-05-11,955400.0111100003,0.0,-0.05207938936874057
2017-05-12,955400.0111100003,0.0,-0.05207938936874057
2017-05-15,955400.0111100003,0.0,-0.05207938936874057
2017-05-16,955400.0111100003,0.0,-0.05207938936874057
2017-05-17,955400.0111100003,0.0,-0.05207938936874057
2017-05-18,955400.0111100003,0.0,-0.05207938936874057
2017-05-19,955400.0111100003,0.0,-0.05207938936874057
2017-05-22,955400.0111100003,0.0,-0.05207938936874057
2017-05-23,955400.0111100003,0.0,-0.05207938936874057
2017-05-24,955400.0111100003,0.0,-0.05207938936874057
2017-05-25,955400.0111100003,0.0,-0.05207938936874057
2017-05-26,954836.3103940003,-0.0005900153961115873,-0.0526386771233045
2017-05-31,954939.1103940003,0.00010766243269233478,-0.05253668189864491
2017-06-01,955350.3103940003,0.0004306033709629009,-0.05212870100000677
2017-06-02,954887.7103940003,-0.00048422028544603535,-0.05258767951097476
2017-06-05,953705.5103940003,-0.0012380513301528673,-0.053760624594559436
2017-06-06,955093.3103940003,0.0014551661753812173,-0.05238368906165569
2017-06-07,957560.5103940003,0.0025832030997916533,-0.04993580366982653
2017-06-08,959660.9182140003,0.0021934987890590563,-0.047851839005648045
2017-06-09,962519.3780380004,0.002978614393633894,-0.045015756788438166
2017-06-12,960894.0264780005,-0.0016886429479613385,-0.04662838419615156
2017-06-13,962317.8264780003,0.0014817450840218793,-0.04521573049118821
2017-06-14,954995.4264780004,-0.007609128500507212,-0.0524808066881437
2017-06-15,952554.6264780003,-0.0025558237582369303,-0.0549024987537956
2017-06-16,951334.2264780004,-0.001281186365670428,-0.05611334478662133
2017-06-19,959470.2264780004,0.008552199399070037,-0.04804103790111525
2017-06-20,957232.8264780005,-0.002331911859540292,-0.05026092229462931
2017-06-21,966385.8264780005,0.009561937019729294,-0.04117957704843489
2017-06-22,967199.4264780004,0.0008418997647814397,-0.0403723463598844
2017-06-23,974318.4264780004,0.007360426200750947,-0.033309077835066536
2017-06-26,983471.4264780004,0.009394259362502932,-0.02422773258887201
2017-06-27,983878.2264780004,0.0004136368267015911,-0.023824117244596654
2017-06-28,978793.2264780004,-0.005168322525240576,-0.028869309048038083
2017-06-29,983268.0264780005,0.00457175211163019,-0.02442954026100963
2017-06-30,982047.6264780003,-0.0012411671763309373,-0.025640386293835693
2017-07-03,978793.2264780004,-0.003313892231145088,-0.028869309048038083
2017-07-04,972691.2264780004,-0.006234207424950067,-0.03492353921216773
2017-07-05,982251.0264780005,0.0098281959780957,-0.02543857862169785
2017-07-06,981640.8264780005,-0.000621226126062635,-0.026044001638110825
2017-07-07,981234.0264780005,-0.000414408191904192,-0.02644761698238618
2017-07-10,982047.6264780005,0.0008291599945025041,-0.02564038629383547
2017-07-11,988149.6264780005,0.006213547933397123,-0.019586156129705823
2017-07-12,983674.8264780005,-0.00452846398975959,-0.024025924916734276
2017-07-13,991404.0264780005,0.007857474636892015,-0.016357233375503433
2017-07-14,996489.0264780005,0.005129089517686092,-0.011312041572062115
2017-07-17,986115.6264780005,-0.01040994905549908,-0.021604232851082372
2017-07-18,986522.4264780004,0.0004125276885154072,-0.02120061750680724
2017-07-19,1002184.2264780004,0.015875766814460013,-0.005661426752207821
2017-07-20,1005845.4264780004,0.003653220538968771,-0.0020288886537300765
2017-07-21,1001980.8264780005,-0.003842141046991543,-0.005863234424345332
2017-07-24,1005845.4264780004,0.003856960031445089,-0.0020288886537300765
2017-07-25,999946.8264780005,-0.005864320545408197,-0.007881311145721881
2017-07-26,995675.4264780004,-0.004271627137459655,-0.012119272260612823
2017-07-27,997912.8264780005,0.0022471178262524205,-0.00989938786709843
2017-07-28,1000760.4264780004,0.0028535558662474703,-0.0070740804571715055
2017-07-31,1003608.0264780005,0.002845436254930389,-0.0042487730472442475
2017-08-01,1009710.0264780005,0.006080062971809852,0.0
2017-08-02,1009710.0264780005,0.0,0.0
2017-08-03,1001980.8264780005,-0.00765487099990525,-0.00765487099990525
2017-08-04,997302.6264780003,-0.004668951617012751,-0.012288082394584898
2017-08-07,1001980.8264780005,0.004690852982631055,-0.00765487099990525
2017-08-08,1002184.2264780004,0.00020299789639177668,-0.007453427026223536
2017-08-09,1001574.0264780005,-0.0006088700898281285,-0.008057758947268678
2017-08-10,999946.8264780005,-0.0016246427692638843,-0.009669310736722392
2017-08-11,985302.0264780005,-0.01464557875700423,-0.024173276841806035
2017-08-14,982468.5871860005,-0.002875706347756246,-0.02697946794390227
2017-08-15,982468.5871860005,0.0,-0.02697946794390227
2017-08-16,982468.5871860005,0.0,-0.02697946794390227
2017-08-17,982468.5871860005,0.0,-0.02697946794390227
2017-08-18,982468.5871860005,0.0,-0.02697946794390227
2017-08-21,982468.5871860005,0.0,-0.02697946794390227
2017-08-22,982468.5871860005,0.0,-0.02697946794390227
2017-08-23,982468.5871860005,0.0,-0.02697946794390227
2017-08-24,982468.5871860005,0.0,-0.02697946794390227
2017-08-25,982468.5871860005,0.0,-0.02697946794390227
2017-08-28,983908.4876220005,0.0014655943760240042,-0.025553414524364992
2017-08-29,982566.0929500007,-0.0013643491126337226,-0.02688289985856762
2017-08-30,982182.8929500006,-0.00038999920997639936,-0.027262414758837283
2017-08-31,981512.2929500006,-0.0006827648952282273,-0.02792656583430908
2017-09-01,981991.2929500006,0.0004880224154506507,-0.027452172208972114
2017-09-04,983332.4929500006,0.0013657962240896104,-0.02612387005802863
2017-09-05,984673.6929500005,0.001363933369044279,-0.024795567907085037
2017-09-06,983524.0929500007,-0.0011674933617407124,-0.02593411260789369
2017-09-07,981895.4929500006,-0.0016558821605633378,-0.02754705093403953
2017-09-08,981512.2929500006,-0.00039026556568522164,-0.02792656583430908
2017-09-11,982087.0929500007,0.0005856268985409141,-0.0273572934839047
2017-09-12,983045.0929500007,0.0009754735673415116,-0.026408506233230655
2017-09-13,983332.4929500006,0.00029235688379003477,-0.02612387005802863
2017-09-14,982087.0929500007,-0.0012665095569696083,-0.0273572934839047
2017-09-15,982661.8929500007,0.0005852841404050402,-0.026788021133500206
2017-09-18,984098.8929500007,0.001462354458140247,-0.025364840257489307
2017-09-19,981703.8929500006,-0.0024336985003821088,-0.02773680838417425
2017-09-20,983428.2929500006,0.0017565378036936696,-0.026028991332961104
2017-09-21,983524.0929500007,9.741432160015329e-05,-0.02593411260789369
2017-09-22,982470.2929500006,-0.001071453162717395,-0.026977778583635148
2017-09-25,980937.4929500006,-0.0015601489541201552,-0.028495838184713462
2017-09-26,981129.0929500007,0.00019532335278960034,-0.02830608073457863
2017-09-27,981416.4929500006,0.0002929278135415103,-0.028021444559376496
2017-09-28,981991.2929500006,0.0005856840639311134,-0.027452172208972114
2017-09-29,983236.6929500006,0.0012682393509404477,-0.026218748783095935
2017-10-09,987164.4929500007,0.003994765480339613,-0.022328721055332568
2017-10-10,987497.2772220006,0.00033711126603175323,-0.021999137052724715
2017-10-11,989645.2772220006,0.0021751958709625985,-0.019871793613844058
2017-10-12,992405.8084540007,0.002789414849479366,-0.017137809440556984
2017-10-13,993929.0084540007,0.0015348559903864967,-0.015629257519652495
2017-10-16,991263.4084540007,-0.0026818816810127988,-0.018269223381235378
2017-10-17,990882.6084540008,-0.0003841562159485612,-0.018646361361461472
2017-10-18,995452.2084540008,0.004611646183930507,-0.014120705598747785
2017-10-19,993357.8084540007,-0.0021039684097469147,-0.01619496448999158
2017-10-20,992977.0084540006,-0.00038334625928271304,-0.016572102470217898
2017-10-23,995261.8084540006,0.002300959619958798,-0.014309274588860998
2017-10-24,1000212.2084540006,0.004973967611285879,-0.009406480845921106
2017-10-25,1002687.4084540006,0.002474674853075287,-0.006955083974451215
2017-10-26,1008209.0084540006,0.005506800976501136,-0.0014865832611721252
2017-10-27,1012017.0084540007,0.0037769946192400816,0.0
2017-10-30,1008589.8084540007,-0.0033865043486132063,-0.0033865043486132063
2017-10-31,1008018.6084540006,-0.0005663352883524819,-0.003950921740048852
2017-11-01,1005353.0084540007,-0.002644395626870466,-0.006584869566747864
2017-11-02,1006685.8084540006,0.0013257034979679005,-0.005267895653398358
2017-11-03,1004591.4084540006,-0.002080490240759847,-0.007337426088662058
2017-11-06,1011445.8084540006,0.00682307248729952,-0.0005644173914356454
2017-11-07,1019061.8084540006,0.007529815177781174,0.0
2017-11-08,1017348.2084540006,-0.001681546679292878,-0.001681546679292878
2017-11-09,1023250.6084540007,0.005801750031063202,0.0
2017-11-10,1030295.4084540007,0.006884725933018254,0.0
2017-11-13,1032009.0084540008,0.0016632123039075353,0.0
2017-11-14,1025916.2084540006,-0.0059038244337881185,-0.0059038244337881185
2017-11-15,1020204.2084540005,-0.005567706166381581,-0.011438659840464438
2017-11-16,1027629.8084540006,0.007278542803947685,-0.0042433738117853
2017-11-17,1028581.8084540006,0.0009264036447447221,-0.0033209012440058583
2017-11-20,1034865.0084540006,0.006108605021358349,0.0
2017-11-21,1050668.2084540008,0.01527078398718773,0.0
2017-11-22,1050477.8084540006,-0.00018121800818571288,-0.00018121800818571288
2017-11-23,1024583.4084540007,-0.024650116158197566,-0.02482686712143156
2017-11-24,1025345.0084540006,0.0007433265010108325,-0.024101995088689154
2017-11-27,1012588.2084540008,-0.012441470816963673,-0.036243601637126366
2017-11-28,1008702.3005820008,-0.003837599371153022,-0.039942112585428347
2017-11-29,1008702.3005820008,0.0,-0.039942112585428347
2017-11-30,1008702.3005820008,0.0,-0.039942112585428347
2017-12-01,1008702.3005820008,0.0,-0.039942112585428347
2017-12-04,1008702.3005820008,0.0,-0.039942112585428347
2017-12-05,1008702.3005820008,0.0,-0.039942112585428347
2017-12-06,1008702.3005820008,0.0,-0.039942112585428347
2017-12-07,1008702.3005820008,0.0,-0.039942112585428347
2017-12-08,1008702.3005820008,0.0,-0.039942112585428347
2017-12-11,1008702.3005820008,0.0,-0.039942112585428347
2017-12-12,1008702.3005820008,0.0,-0.039942112585428347
2017-12-13,1008702.3005820008,0.0,-0.039942112585428347
2017-12-14,1008702.3005820008,0.0,-0.039942112585428347
2017-12-15,1008702.3005820008,0.0,-0.039942112585428347
2017-12-18,1008702.3005820008,0.0,-0.039942112585428347
2017-12-19,1008702.3005820008,0.0,-0.039942112585428347
2017-12-20,1008702.3005820008,0.0,-0.039942112585428347
2017-12-21,1008702.3005820008,0.0,-0.039942112585428347
2017-12-22,1008702.3005820008,0.0,-0.039942112585428347
2017-12-25,1008702.3005820008,0.0,-0.039942112585428347
2017-12-26,1008702.3005820008,0.0,-0.039942112585428347
2017-12-27,1008702.3005820008,0.0,-0.039942112585428347
2017-12-28,1008702.3005820008,0.0,-0.039942112585428347
2017-12-29,1008702.3005820008,0.0,-0.039942112585428347
2018-01-02,1008702.3005820008,0.0,-0.039942112585428347
2018-01-03,1008702.3005820008,0.0,-0.039942112585428347
2018-01-04,1008787.7961820008,8.475801031759822e-05,-0.039860739989101446
2018-01-05,1009523.7961820008,0.000729588524747804,-0.039160233402837696
2018-01-08,1010618.9015060007,0.0010847741560342516,-0.03811793925594309
2018-01-09,1013736.7015060007,0.0030850402613229466,-0.03515049437190332
2018-01-10,1015879.3848420008,0.002113648773707233,-0.03311114139752047
2018-01-11,1015056.7848420008,-0.0008097417983611299,-0.03389407172070069
2018-01-12,1018210.0848420007,0.00310652571076675,-0.030892838815176793
2018-01-15,1016244.8249520008,-0.0019301123798091124,-0.03276332454434128
2018-01-16,1024088.0249520007,0.007717825279327073,-0.02529836087941717
2018-01-17,1021716.8249520008,-0.0023154259616608996,-0.027555210359510474
2018-01-18,1026824.0249520008,0.004998645295128723,-0.02269430378700177
2018-01-19,1029012.8249520008,0.0021316213360924596,-0.020611058113069514
2018-01-22,1039044.8249520008,0.009749149628400344,-0.011062848774213041
2018-01-23,1047070.424952001,0.007724017104238978,-0.003424281303127774
2018-01-24,1047617.6249520008,0.0005226009511489771,-0.0029034698846448492
2018-01-25,1042510.424952001,-0.004875061165789174,-0.0077643764571534435
2018-01-26,1046523.2249520008,0.003849170141569047,-0.003945092721611032
2018-01-29,1031384.0249520009,-0.014466186357874888,-0.018354208632975988
2018-01-30,1023358.4249520008,-0.007781388702790548,-0.025992776104061144
2018-01-31,1025729.6249520008,0.0023170767369322665,-0.02373592662396784
2018-02-01,1020257.6249520009,-0.005334739162141222,-0.028944040808798532
2018-02-02,1025000.0249520007,0.004648237743112071,-0.024430341848612036
2018-02-05,1024270.4249520008,-0.000711804860720866,-0.02512475707325601
2018-02-06,1002382.4249520008,-0.021369356633552772,-0.04595721381257911
2018-02-07,1009930.6695600008,0.007530304223322126,-0.03877298139052199
2018-02-08,1009930.6695600008,0.0,-0.03877298139052199
2018-02-09,1009930.6695600008,0.0,-0.03877298139052199
2018-02-12,1009930.6695600008,0.0,-0.03877298139052199
2018-02-13,1009930.6695600008,0.0,-0.03877298139052199
2018-02-14,1009930.6695600008,0.0,-0.03877298139052199
2018-02-22,1009930.6695600008,0.0,-0.03877298139052199
2018-02-23,1009930.6695600008,0.0,-0.03877298139052199
2018-02-26,1009930.6695600008,0.0,-0.03877298139052199
2018-02-27,1009930.6695600008,0.0,-0.03877298139052199
2018-02-28,1009930.6695600008,0.0,-0.03877298139052199
2018-03-01,1009930.6695600008,0.0,-0.03877298139052199
2018-03-02,1009930.6695600008,0.0,-0.03877298139052199
2018-03-05,1009930.6695600008,0.0,-0.03877298139052199
2018-03-06,1009930.6695600008,0.0,-0.03877298139052199
2018-03-07,1009930.6695600008,0.0,-0.03877298139052199
2018-03-08,1009930.6695600008,0.0,-0.03877298139052199
2018-03-09,1009930.6695600008,0.0,-0.03877298139052199
2018-03-12,1009930.6695600008,0.0,-0.03877298139052199
2018-03-13,1009930.6695600008,0.0,-0.03877298139052199
2018-03-14,1009930.6695600008,0.0,-0.03877298139052199
2018-03-15,1009930.6695600008,0.0,-0.03877298139052199
2018-03-16,1009930.6695600008,0.0,-0.03877298139052199
2018-03-19,1009930.6695600008,0.0,-0.03877298139052199
2018-03-20,1009930.6695600008,0.0,-0.03877298139052199
2018-03-21,1009930.6695600008,0.0,-0.03877298139052199
2018-03-22,1009930.6695600008,0.0,-0.03877298139052199
2018-03-23,1009930.6695600008,0.0,-0.03877298139052199
2018-03-26,1009930.6695600008,0.0,-0.03877298139052199
2018-03-27,1009930.6695600008,0.0,-0.03877298139052199
2018-03-28,1009930.6695600008,0.0,-0.03877298139052199
2018-03-29,1009930.6695600008,0.0,-0.03877298139052199
2018-03-30,1009930.6695600008,0.0,-0.03877298139052199
2018-04-02,1009930.6695600008,0.0,-0.03877298139052199
2018-04-03,1009930.6695600008,0.0,-0.03877298139052199
2018-04-04,1009930.6695600008,0.0,-0.03877298139052199
2018-04-09,1009930.6695600008,0.0,-0.03877298139052199
2018-04-10,1009930.6695600008,0.0,-0.03877298139052199
2018-04-11,1009930.6695600008,0.0,-0.03877298139052199
2018-04-12,1009930.6695600008,0.0,-0.03877298139052199
2018-04-13,1009930.6695600008,0.0,-0.03877298139052199
2018-04-16,1009930.6695600008,0.0,-0.03877298139052199
2018-04-17,1009930.6695600008,0.0,-0.03877298139052199
2018-04-18,1009930.6695600008,0.0,-0.03877298139052199
2018-04-19,1009930.6695600008,0.0,-0.03877298139052199
2018-04-20,1009930.6695600008,0.0,-0.03877298139052199
2018-04-23,1009930.6695600008,0.0,-0.03877298139052199
2018-04-24,1009930.6695600008,0.0,-0.03877298139052199
2018-04-25,1009930.6695600008,0.0,-0.03877298139052199
2018-04-26,1009930.6695600008,0.0,-0.03877298139052199
2018-04-27,1009930.6695600008,0.0,-0.03877298139052199
2018-05-02,1009930.6695600008,0.0,-0.03877298139052199
2018-05-03,1009930.6695600008,0.0,-0.03877298139052199
2018-05-04,1009930.6695600008,0.0,-0.03877298139052199
2018-05-07,1009930.6695600008,0.0,-0.03877298139052199
2018-05-08,1009930.6695600008,0.0,-0.03877298139052199
2018-05-09,1009930.6695600008,0.0,-0.03877298139052199
2018-05-10,1009930.6695600008,0.0,-0.03877298139052199
2018-05-11,1009930.6695600008,0.0,-0.03877298139052199
2018-05-14,1009930.6695600008,0.0,-0.03877298139052199
2018-05-15,1009930.6695600008,0.0,-0.03877298139052199
2018-05-16,1009930.6695600008,0.0,-0.03877298139052199
2018-05-17,1009930.6695600008,0.0,-0.03877298139052199
2018-05-18,1009930.6695600008,0.0,-0.03877298139052199
2018-05-21,1009930.6695600008,0.0,-0.03877298139052199
2018-05-22,1009930.6695600008,0.0,-0.03877298139052199
2018-05-23,1009930.6695600008,0.0,-0.03877298139052199
2018-05-24,1009930.6695600008,0.0,-0.03877298139052199
2018-05-25,1009930.6695600008,0.0,-0.03877298139052199
2018-05-28,1009930.6695600008,0.0,-0.03877298139052199
2018-05-29,1009930.6695600008,0.0,-0.03877298139052199
2018-05-30,1009930.6695600008,0.0,-0.03877298139052199
2018-05-31,1009930.6695600008,0.0,-0.03877298139052199
2018-06-01,1009930.6695600008,0.0,-0.03877298139052199
2018-06-04,1009930.6695600008,0.0,-0.03877298139052199
2018-06-05,1009930.6695600008,0.0,-0.03877298139052199
2018-06-06,1009930.6695600008,0.0,-0.03877298139052199
2018-06-07,1009930.6695600008,0.0,-0.03877298139052199
2018-06-08,1009930.6695600008,0.0,-0.03877298139052199
2018-06-11,1009930.6695600008,0.0,-0.03877298139052199
2018-06-12,1009930.6695600008,0.0,-0.03877298139052199
2018-06-13,1009930.6695600008,0.0,-0.03877298139052199
2018-06-14,1009930.6695600008,0.0,-0.03877298139052199
2018-06-15,1009930.6695600008,0.0,-0.03877298139052199
2018-06-19,1009930.6695600008,0.0,-0.03877298139052199
2018-06-20,1009930.6695600008,0.0,-0.03877298139052199
2018-06-21,1009930.6695600008,0.0,-0.03877298139052199
2018-06-22,1009930.6695600008,0.0,-0.03877298139052199
2018-06-25,1009930.6695600008,0.0,-0.03877298139052199
2018-06-26,1009930.6695600008,0.0,-0.03877298139052199
2018-06-27,1009930.6695600008,0.0,-0.03877298139052199
2018-06-28,1009930.6695600008,0.0,-0.03877298139052199
2018-06-29,1009930.6695600008,0.0,-0.03877298139052199
2018-07-02,1009930.6695600008,0.0,-0.03877298139052199
2018-07-03,1009930.6695600008,0.0,-0.03877298139052199
2018-07-04,1009930.6695600008,0.0,-0.03877298139052199
2018-07-05,1009930.6695600008,0.0,-0.03877298139052199
2018-07-06,1009930.6695600008,0.0,-0.03877298139052199
2018-07-09,1009930.6695600008,0.0,-0.03877298139052199
2018-07-10,1009930.6695600008,0.0,-0.03877298139052199
2018-07-11,1009930.6695600008,0.0,-0.03877298139052199
2018-07-12,1009930.6695600008,0.0,-0.03877298139052199
2018-07-13,1009930.6695600008,0.0,-0.03877298139052199
2018-07-16,1009930.6695600008,0.0,-0.03877298139052199
2018-07-17,1009930.6695600008,0.0,-0.03877298139052199
2018-07-18,1009930.6695600008,0.0,-0.03877298139052199
2018-07-19,1009930.6695600008,0.0,-0.03877298139052199
2018-07-20,1009930.6695600008,0.0,-0.03877298139052199
2018-07-23,1009930.6695600008,0.0,-0.03877298139052199
2018-07-24,1009930.6695600008,0.0,-0.03877298139052199
2018-07-25,1009258.9056720007,-0.0006651584195306315,-0.039412349635030375
2018-07-26,1006833.7056720008,-0.0024029513005735526,-0.04172059497878977
2018-07-27,1006369.3056720007,-0.00046124796715074634,-0.04216259940631817
2018-07-30,1005337.3056720007,-0.0010254684778078227,-0.04314483146749237
2018-07-31,1006008.1056720007,0.0006672387428729998,-0.04250638062772916
2018-08-01,1001880.1056720008,-0.0041033466596598345,-0.04643530887242597
2018-08-02,1000553.2158000008,-0.0013243998603106322,-0.04769820981615247
2018-08-03,1000553.2158000008,0.0,-0.04769820981615247
2018-08-06,1000553.2158000008,0.0,-0.04769820981615247
2018-08-07,1000553.2158000008,0.0,-0.04769820981615247
2018-08-08,1000553.2158000008,0.0,-0.04769820981615247
2018-08-09,1000553.2158000008,0.0,-0.04769820981615247
2018-08-10,1000553.2158000008,0.0,-0.04769820981615247
2018-08-13,1000553.2158000008,0.0,-0.04769820981615247
2018-08-14,1000553.2158000008,0.0,-0.04769820981615247
2018-08-15,1000553.2158000008,0.0,-0.04769820981615247
2018-08-16,1000553.2158000008,0.0,-0.04769820981615247
2018-08-17,1000553.2158000008,0.0,-0.04769820981615247
2018-08-20,1000553.2158000008,0.0,-0.04769820981615247
2018-08-21,1000553.2158000008,0.0,-0.04769820981615247
2018-08-22,1000553.2158000008,0.0,-0.04769820981615247
2018-08-23,1000553.2158000008,0.0,-0.04769820981615247
2018-08-24,1000553.2158000008,0.0,-0.04769820981615247
2018-08-27,1000553.2158000008,0.0,-0.04769820981615247
2018-08-28,1000553.2158000008,0.0,-0.04769820981615247
2018-08-29,1000553.2158000008,0.0,-0.04769820981615247
2018-08-30,1000553.2158000008,0.0,-0.04769820981615247
2018-08-31,1000553.2158000008,0.0,-0.04769820981615247
2018-09-03,1000553.2158000008,0.0,-0.04769820981615247
2018-09-04,1000553.2158000008,0.0,-0.04769820981615247
2018-09-05,1000553.2158000008,0.0,-0.04769820981615247
2018-09-06,1000553.2158000008,0.0,-0.04769820981615247
2018-09-07,1000553.2158000008,0.0,-0.04769820981615247
2018-09-10,1000553.2158000008,0.0,-0.04769820981615247
2018-09-11,1000553.2158000008,0.0,-0.04769820981615247
2018-09-12,1000553.2158000008,0.0,-0.04769820981615247
2018-09-13,1000553.2158000008,0.0,-0.04769820981615247
2018-09-14,1000553.2158000008,0.0,-0.04769820981615247
2018-09-17,1000553.2158000008,0.0,-0.04769820981615247
2018-09-18,1000553.2158000008,0.0,-0.04769820981615247
2018-09-19,1000553.2158000008,0.0,-0.04769820981615247
2018-09-20,1000553.2158000008,0.0,-0.04769820981615247
2018-09-21,1000553.2158000008,0.0,-0.04769820981615247
2018-09-25,1000553.2158000008,0.0,-0.04769820981615247
2018-09-26,1000553.2158000008,0.0,-0.04769820981615247
2018-09-27,999809.7043040008,-0.000743100401117136,-0.04840586565842264
2018-09-28,1001724.9043040008,0.0019155645236841323,-0.04658302569373185
2018-10-08,992840.5043040009,-0.00886910164839394,-0.05503897775215838
2018-10-09,992439.1869120009,-0.00040421134135870673,-0.055420941714492966
2018-10-10,992439.1869120009,0.0,-0.055420941714492966
2018-10-11,992439.1869120009,0.0,-0.055420941714492966
2018-10-12,992439.1869120009,0.0,-0.055420941714492966
2018-10-15,992439.1869120009,0.0,-0.055420941714492966
2018-10-16,992439.1869120009,0.0,-0.055420941714492966
2018-10-17,992439.1869120009,0.0,-0.055420941714492966
2018-10-18,992439.1869120009,0.0,-0.055420941714492966
2018-10-19,992439.1869120009,0.0,-0.055420941714492966
2018-10-22,992439.1869120009,0.0,-0.055420941714492966
2018-10-23,992439.1869120009,0.0,-0.055420941714492966
2018-10-24,992439.1869120009,0.0,-0.055420941714492966
2018-10-25,992439.1869120009,0.0,-0.055420941714492966
2018-10-26,992439.1869120009,0.0,-0.055420941714492966
2018-10-29,992439.1869120009,0.0,-0.055420941714492966
2018-10-30,992439.1869120009,0.0,-0.055420941714492966
2018-10-31,992439.1869120009,0.0,-0.055420941714492966
2018-11-01,992439.1869120009,0.0,-0.055420941714492966
2018-11-02,992439.1869120009,0.0,-0.055420941714492966
2018-11-05,992439.1869120009,0.0,-0.055420941714492966
2018-11-06,992439.1869120009,0.0,-0.055420941714492966
2018-11-07,992439.1869120009,0.0,-0.055420941714492966
2018-11-08,992439.1869120009,0.0,-0.055420941714492966
2018-11-09,992439.1869120009,0.0,-0.055420941714492966
2018-11-12,992439.1869120009,0.0,-0.055420941714492966
2018-11-13,992439.1869120009,0.0,-0.055420941714492966
2018-11-14,992439.1869120009,0.0,-0.055420941714492966
2018-11-15,992439.1869120009,0.0,-0.055420941714492966
2018-11-16,992439.1869120009,0.0,-0.055420941714492966
2018-11-19,992439.1869120009,0.0,-0.055420941714492966
2018-11-20,992439.1869120009,0.0,-0.055420941714492966
2018-11-21,992439.1869120009,0.0,-0.055420941714492966
2018-11-22,992439.1869120009,0.0,-0.055420941714492966
2018-11-23,992439.1869120009,0.0,-0.055420941714492966
2018-11-26,992439.1869120009,0.0,-0.055420941714492966
2018-11-27,992439.1869120009,0.0,-0.055420941714492966
2018-11-28,992439.1869120009,0.0,-0.055420941714492966
2018-11-29,992439.1869120009,0.0,-0.055420941714492966
2018-11-30,992439.1869120009,0.0,-0.055420941714492966
2018-12-03,992439.1869120009,0.0,-0.055420941714492966
2018-12-04,992439.1869120009,0.0,-0.055420941714492966
2018-12-05,992439.1869120009,0.0,-0.055420941714492966
2018-12-06,992439.1869120009,0.0,-0.055420941714492966
2018-12-07,992439.1869120009,0.0,-0.055420941714492966
2018-12-10,992439.1869120009,0.0,-0.055420941714492966
2018-12-11,992439.1869120009,0.0,-0.055420941714492966
2018-12-12,992439.1869120009,0.0,-0.055420941714492966
2018-12-13,992439.1869120009,0.0,-0.055420941714492966
2018-12-14,992439.1869120009,0.0,-0.055420941714492966
2018-12-17,992439.1869120009,0.0,-0.055420941714492966
2018-12-18,992439.1869120009,0.0,-0.055420941714492966
2018-12-19,992439.1869120009,0.0,-0.055420941714492966
2018-12-20,992439.1869120009,0.0,-0.055420941714492966
2018-12-21,992439.1869120009,0.0,-0.055420941714492966
2018-12-24,992439.1869120009,0.0,-0.055420941714492966
2018-12-25,992439.1869120009,0.0,-0.055420941714492966
2018-12-26,992439.1869120009,0.0,-0.055420941714492966
2018-12-27,992439.1869120009,0.0,-0.055420941714492966
2018-12-28,992439.1869120009,0.0,-0.055420941714492966
2019-01-02,992439.1869120009,0.0,-0.055420941714492966
2019-01-03,992439.1869120009,0.0,-0.055420941714492966
2019-01-04,992439.1869120009,0.0,-0.055420941714492966
2019-01-07,992439.1869120009,0.0,-0.055420941714492966
2019-01-08,992439.1869120009,0.0,-0.055420941714492966
2019-01-09,992439.1869120009,0.0,-0.055420941714492966
2019-01-10,992439.1869120009,0.0,-0.055420941714492966
2019-01-11,992439.1869120009,0.0,-0.055420941714492966
2019-01-14,992439.1869120009,0.0,-0.055420941714492966
2019-01-15,992439.1869120009,0.0,-0.055420941714492966
2019-01-16,992439.1869120009,0.0,-0.055420941714492966
2019-01-17,992439.1869120009,0.0,-0.055420941714492966
2019-01-18,992439.1869120009,0.0,-0.055420941714492966
2019-01-21,992785.0546080009,0.0003485026594689522,-0.055091753400601795
2019-01-22,990513.0546080009,-0.0022885114853961053,-0.05725418677559002
2019-01-23,990058.654608001,-0.0004587521566585817,-0.05768667345058753
2019-01-24,991421.854608001,0.001376888120370623,-0.056389213425594664
2019-01-25,992785.0546080009,0.0013749949062187294,-0.055091753400601795
2019-01-28,992557.854608001,-0.00022885114853954391,-0.055307996738100496
2019-01-29,993353.0546080009,0.000801162366816488,-0.054551145056854655
2019-01-30,991206.3106480009,-0.0021611087317259248,-0.05659436283267261
2019-01-31,994602.3106480009,0.003426128308020804,-0.05336213407322721
2019-02-01,1000601.9106480009,0.0060321597243133684,-0.047651863264873695
2019-02-11,1008154.942992001,0.00754848882819803,-0.04046307399417337
2019-02-12,1012990.9755120008,0.00479691396011761,-0.03586025791856773
2019-02-13,1028481.4755120008,0.015291844028689994,-0.02111678336079703
2019-02-14,1029379.4755120008,0.0008731319147512462,-0.020262089183535004
2019-02-15,1016807.4755120008,-0.012213183086584145,-0.032227807665203945
2019-02-18,1038583.975512001,0.02141654199486953,-0.011501473866598722
2019-02-19,1036563.4755120008,-0.0019454372950478138,-0.01342453576543845
2019-02-20,1038583.975512001,0.0019492293986165254,-0.011501473866598722
2019-02-21,1037685.975512001,-0.0008646387977989667,-0.012356168043860749
2019-02-22,1058339.975512001,0.019903902035304233,0.0
2019-02-25,1114240.475512001,0.05281903858252779,0.0
2019-02-26,1095157.975512001,-0.017126015810215,-0.017126015810215
2019-02-27,1090667.975512001,-0.00409986513397842,-0.021155666589089073
2019-02-28,1089096.475512001,-0.001440860129098609,-0.02256604436169507
2019-03-01,1105933.975512001,0.015460062885691128,-0.007454853940917161
2019-03-04,1114689.4755120012,0.007916837888940709,0.0
2019-03-05,1121873.4755120012,0.00644484419905389,0.0
2019-03-06,1127710.4755120012,0.0052029040060297405,0.0
2019-03-07,1118281.4755120007,-0.008361188624872451,-0.008361188624872451
2019-03-08,1088647.475512001,-0.026499589458398143,-0.03463921001732728
2019-03-11,1099647.9755120012,0.01010474028319086,-0.024884489954976385
2019-03-12,1105260.4755120012,0.00510390609084399,-0.019907591963981064
2019-03-13,1100321.4755120012,-0.004468629892616094,-0.024287262196056925
2019-03-14,1094259.9755120012,-0.005508844583061001,-0.02966231202633185
2019-03-15,1105260.4755120012,0.010052912695498017,-0.019907591963981064
2019-03-18,1131077.975512001,0.023358747165947547,0.0
2019-03-19,1124791.9755120012,-0.005557530193401883,-0.005557530193401883
2019-03-20,1124791.9755120012,0.0,-0.005557530193401883
2019-03-21,1125240.975512001,0.00039918492465718103,-0.005160563751016145
2019-03-22,1126363.475512001,0.000997564099093795,-0.004168147645051579
2019-03-25,1105035.9755120012,-0.018934829176971646,-0.023024053658379673
2019-03-26,1096280.4755120007,-0.007923271453622815,-0.030764899284904335
2019-03-27,1103464.475512001,0.006553067541082536,-0.02441343620673042
2019-03-28,1101219.475512001,-0.002034501381622089,-0.026398268418659665
2019-03-29,1135343.475512001,0.030987465041093953,0.0
2019-04-01,1157793.4755120012,0.01977375171850615,0.0
2019-04-02,1156221.975512001,-0.0013573232473997887,-0.0013573232473997887
2019-04-03,1168120.475512001,0.01029084401784619,0.0
2019-04-04,1178671.9755120007,0.009032886779400728,0.0
2019-04-08,1172834.9755120012,-0.004952183577168756,-0.004952183577168756
2019-04-09,1178222.975512001,0.004593996693906366,-0.00038093719824361383
2019-04-10,1179569.975512001,0.001143247100078515,0.0
2019-04-11,1163854.975512001,-0.013322651751269565,-0.013322651751269565
2019-04-12,1160711.9755120012,-0.0027005082816414783,-0.01598718210152328
2019-04-15,1155099.475512001,-0.004835394239405932,-0.020745272012691274
2019-04-16,1182039.4755120012,0.02332266663705229,0.0
2019-04-17,1179794.4755120012,-0.0018992597510566478,-0.0018992597510566478
2019-04-18,1178222.9755120012,-0.0013320116618769084,-0.0032287415767962013
2019-04-19,1191692.9755120012,0.011432471000785371,0.0
2019-04-22,1168569.4755120012,-0.019403907277430354,-0.019403907277430354
2019-04-23,1166997.975512001,-0.0013448066485834964,-0.020722619422498645
2019-04-24,1168344.9755120012,0.0011542436476028595,-0.019592294726725856
2019-04-25,1149711.475512001,-0.015948628522012065,-0.03522845301824762
2019-04-26,1143125.238192001,-0.005728600140367357,-0.040755243437709754
2019-04-29,1143125.238192001,0.0,-0.040755243437709754
2019-04-30,1143125.238192001,0.0,-0.040755243437709754
2019-05-06,1143125.238192001,0.0,-0.040755243437709754
2019-05-07,1143125.238192001,0.0,-0.040755243437709754
2019-05-08,1143125.238192001,0.0,-0.040755243437709754
2019-05-09,1143125.238192001,0.0,-0.040755243437709754
2019-05-10,1143125.238192001,0.0,-0.040755243437709754
2019-05-13,1143125.238192001,0.0,-0.040755243437709754
2019-05-14,1143125.238192001,0.0,-0.040755243437709754
2019-05-15,1143125.238192001,0.0,-0.040755243437709754
2019-05-16,1143125.238192001,0.0,-0.040755243437709754
2019-05-17,1143125.238192001,0.0,-0.040755243437709754
2019-05-20,1143125.238192001,0.0,-0.040755243437709754
2019-05-21,1143125.238192001,0.0,-0.040755243437709754
2019-05-22,1143125.238192001,0.0,-0.040755243437709754
2019-05-23,1143125.238192001,0.0,-0.040755243437709754
2019-05-24,1143125.238192001,0.0,-0.040755243437709754
2019-05-27,1143125.238192001,0.0,-0.040755243437709754
2019-05-28,1143125.238192001,0.0,-0.040755243437709754
2019-05-29,1143125.238192001,0.0,-0.040755243437709754
2019-05-30,1143125.238192001,0.0,-0.040755243437709754
2019-05-31,1143125.238192001,0.0,-0.040755243437709754
2019-06-03,1143125.238192001,0.0,-0.040755243437709754
2019-06-04,1143125.238192001,0.0,-0.040755243437709754
2019-06-05,1143125.238192001,0.0,-0.040755243437709754
2019-06-06,1143125.238192001,0.0,-0.040755243437709754
2019-06-10,1143125.238192001,0.0,-0.040755243437709754
2019-06-11,1143125.238192001,0.0,-0.040755243437709754
2019-06-12,1143125.238192001,0.0,-0.040755243437709754
2019-06-13,1143125.238192001,0.0,-0.040755243437709754
2019-06-14,1143125.238192001,0.0,-0.040755243437709754
2019-06-17,1143125.238192001,0.0,-0.040755243437709754
2019-06-18,1143125.238192001,0.0,-0.040755243437709754
2019-06-19,1143125.238192001,0.0,-0.040755243437709754
2019-06-20,1143125.238192001,0.0,-0.040755243437709754
2019-06-21,1142243.510576001,-0.0007713307226027144,-0.04149513838894181
2019-06-24,1142572.310576001,0.0002878545572426727,-0.04121922839638792
2019-06-25,1140435.110576001,-0.001870516185467963,-0.04301264334798793
2019-06-26,1140489.910576001,4.805183520906198e-05,-0.04296665834922886
2019-06-27,1142791.510576001,0.0020180801063267584,-0.041035288401352066
2019-06-28,1142736.710576001,-4.795275384239517e-05,-0.04108127340011081
2019-07-01,1147942.7105760009,0.004555730074844222,-0.03671269851800829
2019-07-02,1147997.311200001,4.7563892777269245e-05,-0.03666688082408698
2019-07-03,1144420.1112000009,-0.0031160351728184432,-0.03966866070658004
2019-07-04,1141601.711200001,-0.0024627319744010556,-0.0420336994018774
2019-07-05,1143769.711200001,0.0018990861512646617,-0.04021443886703313
2019-07-08,1134013.711200001,-0.008529689066310686,-0.048401111273831954
2019-07-09,1132904.4778480008,-0.0009781480956049249,-0.04933191591461916
2019-07-10,1132904.4778480008,0.0,-0.04933191591461916
2019-07-11,1132904.4778480008,0.0,-0.04933191591461916
2019-07-12,1132904.4778480008,0.0,-0.04933191591461916
2019-07-15,1132904.4778480008,0.0,-0.04933191591461916
2019-07-16,1132904.4778480008,0.0,-0.04933191591461916
2019-07-17,1132904.4778480008,0.0,-0.04933191591461916
2019-07-18,1132904.4778480008,0.0,-0.04933191591461916
2019-07-19,1132904.4778480008,0.0,-0.04933191591461916
2019-07-22,1132904.4778480008,0.0,-0.04933191591461916
2019-07-23,1132904.4778480008,0.0,-0.04933191591461916
2019-07-24,1132904.4778480008,0.0,-0.04933191591461916
2019-07-25,1132904.4778480008,0.0,-0.04933191591461916
2019-07-26,1132904.4778480008,0.0,-0.04933191591461916
2019-07-29,1132904.4778480008,0.0,-0.04933191591461916
2019-07-30,1132904.4778480008,0.0,-0.04933191591461916
2019-07-31,1132904.4778480008,0.0,-0.04933191591461916
2019-08-01,1132904.4778480008,0.0,-0.04933191591461916
2019-08-02,1132904.4778480008,0.0,-0.04933191591461916
2019-08-05,1132904.4778480008,0.0,-0.04933191591461916
2019-08-06,1132904.4778480008,0.0,-0.04933191591461916
2019-08-07,1132904.4778480008,0.0,-0.04933191591461916
2019-08-08,1132904.4778480008,0.0,-0.04933191591461916
2019-08-09,1132904.4778480008,0.0,-0.04933191591461916
2019-08-12,1132904.4778480008,0.0,-0.04933191591461916
2019-08-13,1132904.4778480008,0.0,-0.04933191591461916
2019-08-14,1132904.4778480008,0.0,-0.04933191591461916
2019-08-15,1132904.4778480008,0.0,-0.04933191591461916
2019-08-16,1132904.4778480008,0.0,-0.04933191591461916
2019-08-19,1132904.4778480008,0.0,-0.04933191591461916
2019-08-20,1132904.4778480008,0.0,-0.04933191591461916
2019-08-21,1132904.4778480008,0.0,-0.04933191591461916
2019-08-22,1132904.4778480008,0.0,-0.04933191591461916
2019-08-23,1132904.4778480008,0.0,-0.04933191591461916
2019-08-26,1132904.4778480008,0.0,-0.04933191591461916
2019-08-27,1132904.4778480008,0.0,-0.04933191591461916
2019-08-28,1132904.4778480008,0.0,-0.04933191591461916
2019-08-29,1132904.4778480008,0.0,-0.04933191591461916
2019-08-30,1132904.4778480008,0.0,-0.04933191591461916
2019-09-02,1132904.4778480008,0.0,-0.04933191591461916
2019-09-03,1132904.4778480008,0.0,-0.04933191591461916
2019-09-04,1132904.4778480008,0.0,-0.04933191591461916
2019-09-05,1133531.7376240008,0.0005536740195355438,-0.04880555569525946
2019-09-06,1135107.7549680008,0.0013903601387497133,-0.04748305285569798
2019-09-09,1135635.2417480007,0.00046470194366232676,-0.0470404163789887
2019-09-10,1133903.8417480008,-0.001524609255111553,-0.04849330737992452
2019-09-11,1129339.2417480007,-0.004025561808630451,-0.052323656382392225
2019-09-12,1135792.6417480009,0.005714314850169933,-0.04690833537890349
2019-09-16,1133589.0417480008,-0.0019401428737984006,-0.04875746938009473
2019-09-17,1122098.8417480008,-0.010136124800820268,-0.05839938238630615
2019-09-18,1124774.6417480009,0.0023846384119172725,-0.056154005384859595
2019-09-19,1127765.2417480007,0.0026588437265551157,-0.05364446638324305
2019-09-20,1128709.6417480006,0.0008374083231508234,-0.052851980382732644
2019-09-23,1123200.6417480006,-0.004880794666968891,-0.057474815385710754
2019-09-24,1123672.8417480008,0.00042040574270441056,-0.05707857238545533
2019-09-25,1119423.0417480008,-0.0037820616838875054,-0.06064475938775271
2019-09-26,1119363.9915640007,-5.275055255948846e-05,-0.06069431089574473
2019-09-27,1119363.9915640007,0.0,-0.06069431089574473
2019-09-30,1119363.9915640007,0.0,-0.06069431089574473
2019-10-08,1119363.9915640007,0.0,-0.06069431089574473
2019-10-09,1119363.9915640007,0.0,-0.06069431089574473
2019-10-10,1119363.9915640007,0.0,-0.06069431089574473
2019-10-11,1119363.9915640007,0.0,-0.06069431089574473
2019-10-14,1119363.9915640007,0.0,-0.06069431089574473
2019-10-15,1119363.9915640007,0.0,-0.06069431089574473
2019-10-16,1119363.9915640007,0.0,-0.06069431089574473
2019-10-17,1119363.9915640007,0.0,-0.06069431089574473
2019-10-18,1119363.9915640007,0.0,-0.06069431089574473
2019-10-21,1119363.9915640007,0.0,-0.06069431089574473
2019-10-22,1119363.9915640007,0.0,-0.06069431089574473
2019-10-23,1119363.9915640007,0.0,-0.06069431089574473
2019-10-24,1119363.9915640007,0.0,-0.06069431089574473
2019-10-25,1119363.9915640007,0.0,-0.06069431089574473
2019-10-28,1119363.9915640007,0.0,-0.06069431089574473
2019-10-29,1119363.9915640007,0.0,-0.06069431089574473
2019-10-30,1119363.9915640007,0.0,-0.06069431089574473
2019-10-31,1119363.9915640007,0.0,-0.06069431089574473
2019-11-01,1119363.9915640007,0.0,-0.06069431089574473
2019-11-04,1119363.9915640007,0.0,-0.06069431089574473
2019-11-05,1119363.9915640007,0.0,-0.06069431089574473
2019-11-06,1118030.6873440007,-0.0011911265951454197,-0.06181314288300821
2019-11-07,1118285.6873440007,0.0002280796071938429,-0.06159916159316259
2019-11-08,1117469.6873440007,-0.0007296883159956247,-0.062283901720668555
2019-11-11,1114052.6873440007,-0.0030578010649412457,-0.06515125100459962
2019-11-12,1113012.7188040006,-0.0009335003198811531,-0.06602393261082729
2019-11-13,1113012.7188040006,0.0,-0.06602393261082729
2019-11-14,1113012.7188040006,0.0,-0.06602393261082729
2019-11-15,1113012.7188040006,0.0,-0.06602393261082729
2019-11-18,1113012.7188040006,0.0,-0.06602393261082729
2019-11-19,1113012.7188040006,0.0,-0.06602393261082729
2019-11-20,1113012.7188040006,0.0,-0.06602393261082729
2019-11-21,1113012.7188040006,0.0,-0.06602393261082729
2019-11-22,1113012.7188040006,0.0,-0.06602393261082729
2019-11-25,1113012.7188040006,0.0,-0.06602393261082729
2019-11-26,1113012.7188040006,0.0,-0.06602393261082729
2019-11-27,1113012.7188040006,0.0,-0.06602393261082729
2019-11-28,1113012.7188040006,0.0,-0.06602393261082729
2019-11-29,1113012.7188040006,0.0,-0.06602393261082729
2019-12-02,1113012.7188040006,0.0,-0.06602393261082729
2019-12-03,1113012.7188040006,0.0,-0.06602393261082729
2019-12-04,1113012.7188040006,0.0,-0.06602393261082729
2019-12-05,1113012.7188040006,0.0,-0.06602393261082729
2019-12-06,1113012.7188040006,0.0,-0.06602393261082729
2019-12-09,1113012.7188040006,0.0,-0.06602393261082729
2019-12-10,1113012.7188040006,0.0,-0.06602393261082729
2019-12-11,1113012.7188040006,0.0,-0.06602393261082729
2019-12-12,1113012.7188040006,0.0,-0.06602393261082729
2019-12-13,1113012.7188040006,0.0,-0.06602393261082729
2019-12-16,1113107.8256440007,8.544991300918348e-05,-0.06594412443711606
2019-12-17,1116269.8256440007,0.002840695148442318,-0.06329075644303062
2019-12-18,1114138.9331680008,-0.0019089403180548858,-0.06507887848435123
2019-12-19,1113429.833168001,-0.0006364556330363813,-0.06567391429858449
2019-12-20,1113024.6331680007,-0.0003639205524494926,-0.06601393476386086
2019-12-23,1107757.0331680006,-0.004732689504819754,-0.07043420081245189
2019-12-24,1109884.3331680007,0.0019203669544001212,-0.06864909336975167
2019-12-25,1110593.4331680008,0.0006388954045113415,-0.06805405755551819
2019-12-26,1113531.1331680007,0.002645162408011048,-0.06558890918226556
2019-12-27,1113125.9331680008,-0.00036388744591919764,-0.06592892964754171
2019-12-30,1119001.3331680007,0.005278288668810527,-0.060998632901036576
2019-12-31,1121922.1330000008,0.0026101844076726888,-0.05854766617385143
2020-01-02,1129946.3330000008,0.007152189767879236,-0.051814220424913904
2020-01-03,1127031.573290001,-0.002579555882323392,-0.05426011863015223
2020-01-06,1123813.9732900008,-0.0028549333277393396,-0.05696014293684726
2020-01-07,1130249.1732900008,0.005726214616428749,-0.05156009432345743
2020-01-08,1122004.073290001,-0.007294940084759838,-0.05847890660936306
2020-01-09,1130852.4732900008,0.007886245879708875,-0.051053839765952125
2020-01-10,1130651.3732900007,-0.00017783044627828204,-0.05122259128512063
2020-01-13,1139700.8732900007,0.008003793400672699,-0.04362877292254119
2020-01-14,1136081.0732900007,-0.0031760965397443774,-0.04666630026757301
2020-01-15,1129645.8732900007,-0.005664384480382312,-0.05206634888096273
2020-01-16,1128439.2732900009,-0.0010681223457097433,-0.05307885799597323
2020-01-17,1129444.7732900009,0.0008910537091362247,-0.05223510040013113
2020-01-20,1135477.7732900009,0.005341562635618136,-0.047172554825078095
2020-01-21,1120194.1732900008,-0.013460060918424221,-0.05999767028187908
2020-01-22,1123009.5732900007,0.0025133142691959875,-0.05763514901352107
2020-01-23,1112226.6717300008,-0.00960178952741253,-0.06668353797072468
2020-02-03,1112226.6717300008,0.0,-0.06668353797072468
2020-02-04,1112226.6717300008,0.0,-0.06668353797072468
2020-02-05,1112226.6717300008,0.0,-0.06668353797072468
2020-02-06,1112226.6717300008,0.0,-0.06668353797072468
2020-02-07,1112226.6717300008,0.0,-0.06668353797072468
2020-02-10,1112226.6717300008,0.0,-0.06668353797072468
2020-02-11,1112226.6717300008,0.0,-0.06668353797072468
2020-02-12,1112226.6717300008,0.0,-0.06668353797072468
2020-02-13,1112226.6717300008,0.0,-0.06668353797072468
2020-02-14,1112226.6717300008,0.0,-0.06668353797072468
2020-02-17,1112226.6717300008,0.0,-0.06668353797072468
2020-02-18,1112226.6717300008,0.0,-0.06668353797072468
2020-02-19,1112226.6717300008,0.0,-0.06668353797072468
2020-02-20,1112226.6717300008,0.0,-0.06668353797072468
2020-02-21,1112226.6717300008,0.0,-0.06668353797072468
2020-02-24,1112226.6717300008,0.0,-0.06668353797072468
2020-02-25,1112226.6717300008,0.0,-0.06668353797072468
2020-02-26,1112226.6717300008,0.0,-0.06668353797072468
2020-02-27,1112226.6717300008,0.0,-0.06668353797072468
2020-02-28,1112226.6717300008,0.0,-0.06668353797072468
2020-03-02,1112226.6717300008,0.0,-0.06668353797072468
2020-03-03,1112226.6717300008,0.0,-0.06668353797072468
2020-03-04,1112226.6717300008,0.0,-0.06668353797072468
2020-03-05,1112226.6717300008,0.0,-0.06668353797072468
2020-03-06,1109458.8131860008,-0.002488574149813072,-0.06900616519172575
2020-03-09,1103118.413186001,-0.0057148583837847156,-0.07432666311383174
2020-03-10,1102464.652122001,-0.0005926481293262453,-0.07487526168530456
2020-03-11,1102464.652122001,0.0,-0.07487526168530456
2020-03-12,1102464.652122001,0.0,-0.07487526168530456
2020-03-13,1102464.652122001,0.0,-0.07487526168530456
2020-03-16,1102464.652122001,0.0,-0.07487526168530456
2020-03-17,1102464.652122001,0.0,-0.07487526168530456
2020-03-18,1102464.652122001,0.0,-0.07487526168530456
2020-03-19,1102464.652122001,0.0,-0.07487526168530456
2020-03-20,1102464.652122001,0.0,-0.07487526168530456
2020-03-23,1102464.652122001,0.0,-0.07487526168530456
2020-03-24,1102464.652122001,0.0,-0.07487526168530456
2020-03-25,1102464.652122001,0.0,-0.07487526168530456
2020-03-26,1102464.652122001,0.0,-0.07487526168530456
2020-03-27,1102464.652122001,0.0,-0.07487526168530456
2020-03-30,1102464.652122001,0.0,-0.07487526168530456
2020-03-31,1102464.652122001,0.0,-0.07487526168530456
2020-04-01,1102464.652122001,0.0,-0.07487526168530456
2020-04-02,1102464.652122001,0.0,-0.07487526168530456
2020-04-03,1102464.652122001,0.0,-0.07487526168530456
2020-04-07,1102464.652122001,0.0,-0.07487526168530456
2020-04-08,1102464.652122001,0.0,-0.07487526168530456
2020-04-09,1102464.652122001,0.0,-0.07487526168530456
2020-04-10,1102464.652122001,0.0,-0.07487526168530456
2020-04-13,1102464.652122001,0.0,-0.07487526168530456
2020-04-14,1102464.652122001,0.0,-0.07487526168530456
2020-04-15,1102464.652122001,0.0,-0.07487526168530456
2020-04-16,1102464.652122001,0.0,-0.07487526168530456
2020-04-17,1102464.652122001,0.0,-0.07487526168530456
2020-04-20,1102354.900572001,-9.955108292014625e-05,-0.07496735885483996
2020-04-21,1100262.900572001,-0.0018977554314989487,-0.076722844573887
2020-04-22,1102041.100572001,0.0016161591916581397,-0.07523068171269709
2020-04-23,1101675.0005720009,-0.0003322017661683274,-0.07553789171353031
2020-04-24,1100001.400572001,-0.001519141306765559,-0.07694228028876793
2020-04-27,1100890.500572001,0.0008082716981430149,-0.07619619885817286
2020-04-28,1102145.700572001,0.001140167890764543,-0.07514290742674457
2020-04-29,1103191.7005720008,0.0009490578237132397,-0.07426516456722132
2020-04-30,1107831.151292001,0.004205480078933288,-0.07037200515843411
2020-05-06,1111031.556332001,0.002888892442018509,-0.06768640987024754
2020-05-07,1109940.956332001,-0.0009816102826103457,-0.06860157847693626
2020-05-08,1116484.556332001,0.005895448728754582,-0.06311056683680416
2020-05-11,1114153.5160200011,-0.00208783927979983,-0.06506664139619167
2020-05-12,1113946.3160200012,-0.00018597078142346124,-0.06524051168347011
2020-05-13,1115811.116020001,0.0016740483568926656,-0.06367567909796412
2020-05-14,1108973.516020001,-0.0061279188760811065,-0.06941339857815354
2020-05-15,1105036.7160200009,-0.0035499495191994024,-0.07271693403644441
2020-05-18,1107523.1160200008,0.0022500609834532614,-0.07063049058910287
2020-05-19,1113531.916020001,0.005425439806252985,-0.06558825225802722
2020-05-20,1110216.716020001,-0.0029771935157899554,-0.06837017685448255
2020-05-21,1104829.516020001,-0.004852385955160798,-0.07289080432372286
2020-05-22,1087010.316020001,-0.016128461216524337,-0.08784364902967079
2020-05-25,1083222.563268001,-0.00348456007838871,-0.09102211263551063
2020-05-26,1083222.563268001,0.0,-0.09102211263551063
2020-05-27,1083222.563268001,0.0,-0.09102211263551063
2020-05-28,1083222.563268001,0.0,-0.09102211263551063
2020-05-29,1083222.563268001,0.0,-0.09102211263551063
2020-06-01,1083222.563268001,0.0,-0.09102211263551063
2020-06-02,1083222.563268001,0.0,-0.09102211263551063
2020-06-03,1083222.563268001,0.0,-0.09102211263551063
2020-06-04,1083222.563268001,0.0,-0.09102211263551063
2020-06-05,1083222.563268001,0.0,-0.09102211263551063
2020-06-08,1083222.563268001,0.0,-0.09102211263551063
2020-06-09,1083902.599250001,0.0006277897128992294,-0.09045146566857043
2020-06-10,1082672.313778001,-0.0011350516853186887,-0.09148385026534245
2020-06-11,1079050.0137780008,-0.0033457029924039983,-0.09452347546615703
2020-06-12,1080029.0137780008,0.0009072795398725741,-0.09370195514161261
2020-06-15,1075477.166984001,-0.004214559734906809,-0.09752160238929752
2020-06-16,1075477.166984001,0.0,-0.09752160238929752
2020-06-17,1075477.166984001,0.0,-0.09752160238929752
2020-06-18,1075477.166984001,0.0,-0.09752160238929752
2020-06-19,1077599.180768001,0.0019730905026564827,-0.09574093083411928
2020-06-22,1077449.287952001,-0.00013909885853202741,-0.09586671223845755
2020-06-23,1079278.987952001,0.001698177371742382,-0.09433133354814194
2020-06-24,1082745.787952001,0.0032121444396675525,-0.09142219497701742
2020-06-29,1077702.807802001,-0.004657584639085721,-0.0956539730051067
2020-06-30,1084892.807802001,0.006671598095456588,-0.08962053977377382
2020-07-01,1098410.007802001,0.012459479777901628,-0.07827768529886814
2020-07-02,1116684.231228001,0.016636978265127,-0.06294301118270273
2020-07-03,1133292.531228001,0.014872870535420857,-0.049006283903711756
2020-07-06,1195716.831228001,0.055082247769125514,0.0
2020-07-07,1186553.6312280009,-0.007663352861387418,-0.007663352861387418
2020-07-08,1198389.4312280011,0.009974938922694188,0.0
2020-07-09,1212516.031228001,0.01178798780420176,0.0
2020-07-10,1195907.731228001,-0.013697385908522541,-0.013697385908522541
2020-07-13,1214997.731228001,0.015962769954165124,0.0
2020-07-14,1206789.031228001,-0.006756144303004863,-0.006756144303004863
2020-07-15,1195716.831228001,-0.009174925951003332,-0.015869083130313877
2020-07-16,1152191.631228001,-0.0364009260915894,-0.05169235989973542
2020-07-17,1161545.7312280012,0.008118527983084212,-0.043993497787008784
2020-07-20,1184835.531228001,0.02005069570130269,-0.024824902322669318
2020-07-21,1187126.331228001,0.0019334329023925623,-0.022939466703225997
2020-07-22,1197244.031228001,0.008522850293054995,-0.01461212605068507
2020-07-23,1192280.631228001,-0.0041456878218126825,-0.018697236559478747
2020-07-24,1151809.831228001,-0.033944022019645415,-0.052006599169642675
2020-07-27,1157155.031228001,0.004640696628106733,-0.04760724939094185
2020-07-28,1163836.531228001,0.005774075054497674,-0.042108062167565685
2020-07-29,1189035.331228001,0.02165149428108437,-0.021368270353690044
2020-07-30,1182353.831228001,-0.00561926111404909,-0.0268674575770661
2020-07-31,1189226.231228001,0.005812473236427085,-0.02121115071873647
2020-08-03,1203543.731228001,0.012039340895815709,-0.00942717809721616
2020-08-04,1204307.331228001,0.0006344597044438682,-0.008798699557401757
2020-08-05,1204689.131228001,0.00031702871028005397,-0.0084844602874945
2020-08-06,1201252.931228001,-0.0028523541143743447,-0.011312613716659481
2020-08-07,1192089.7312280012,-0.007628035496764607,-0.01885435619443221
2020-08-10,1195144.131228001,0.0025622232286603985,-0.016340442035174707
2020-08-11,1186171.831228001,-0.007507295367614852,-0.023725064877994084
2020-08-12,1180063.031228001,-0.005150012704041251,-0.02875289319650942
2020-08-13,1177199.531228001,-0.0024265652971267038,-0.03110968772081346
2020-08-14,1194571.431228001,0.014756971557640997,-0.01681180094003565
2020-08-17,1213470.5312280012,0.015820820342716813,-0.0012569570796285845
2020-08-18,1212134.231228001,-0.001101221633003302,-0.00235679452430404
2020-08-19,1197625.831228001,-0.011969301440568625,-0.014297886780777813
2020-08-20,1187889.931228001,-0.008129333675124029,-0.022310988163411705
2020-08-21,1195525.931228001,0.00642820500389818,-0.01602620276526756
2020-08-24,1201252.9312280011,0.00479036033465019,-0.011312613716659259
2020-08-25,1202971.031228001,0.001430256655643225,-0.00989853700207699
2020-08-26,1191707.931228001,-0.009362735849509751,-0.01916859546433969
2020-08-27,1198580.331228001,0.00576684925887716,-0.013512288606009837
2020-08-28,1221106.5312280012,0.01879406779262016,0.0
2020-08-31,1212897.831228001,-0.006722345503913707,-0.006722345503913707
2020-09-01,1219388.4312280011,0.005351316354015312,-0.0014070025473308378
2020-09-02,1218624.831228001,-0.0006262155523577562,-0.0020323370128112472
2020-09-03,1214806.8312280008,-0.0031330397199873516,-0.005159009340213072
2020-09-04,1204307.331228001,-0.008642937897695435,-0.013757358240567341
2020-09-07,1185790.031228001,-0.015375892448581618,-0.02892171902846541
2020-09-08,1184176.937682001,-0.0013603534382301552,-0.03024272870677569
2020-09-09,1184176.937682001,0.0,-0.03024272870677569
2020-09-10,1184176.937682001,0.0,-0.03024272870677569
2020-09-11,1184176.937682001,0.0,-0.03024272870677569
2020-09-14,1184176.937682001,0.0,-0.03024272870677569
2020-09-15,1184176.937682001,0.0,-0.03024272870677569
2020-09-16,1184176.937682001,0.0,-0.03024272870677569
2020-09-17,1184176.937682001,0.0,-0.03024272870677569
2020-09-18,1184176.937682001,0.0,-0.03024272870677569
2020-09-21,1184176.937682001,0.0,-0.03024272870677569
2020-09-22,1184176.937682001,0.0,-0.03024272870677569
2020-09-23,1184176.937682001,0.0,-0.03024272870677569
2020-09-24,1184176.937682001,0.0,-0.03024272870677569
2020-09-25,1184176.937682001,0.0,-0.03024272870677569
2020-09-28,1184176.937682001,0.0,-0.03024272870677569
2020-09-29,1184176.937682001,0.0,-0.03024272870677569
2020-09-30,1184176.937682001,0.0,-0.03024272870677569
2020-10-09,1184176.937682001,0.0,-0.03024272870677569
2020-10-12,1184176.937682001,0.0,-0.03024272870677569
2020-10-13,1184339.354706001,0.00013715604385788893,-0.03010972063594275
2020-10-14,1183264.154706001,-0.0009078479033290954,-0.030990233492522723
2020-10-15,1182726.554706001,-0.0004543364200310096,-0.031430489920812765
2020-10-16,1182099.354706001,-0.0005303000913476907,-0.03194412242048428
2020-10-19,1180710.554706001,-0.0011748589443613122,-0.03308145152690012
2020-10-20,1182054.554706001,0.0011382976078626594,-0.03198081045617518
2020-10-21,1182323.354706001,0.00022740067193161018,-0.031760682242030214
2020-10-22,1181606.554706001,-0.0006062639269933667,-0.03234769081308353
2020-10-23,1179097.754706001,-0.0021232109706976754,-0.034402220811770134
2020-10-26,1177484.9547060009,-0.001367825520456667,-0.03572299009664004
2020-10-27,1176165.766738001,-0.0011203437994918852,-0.03680331186567787
2020-10-28,1176165.766738001,0.0,-0.03680331186567787
2020-10-29,1176165.766738001,0.0,-0.03680331186567787
2020-10-30,1176165.766738001,0.0,-0.03680331186567787
2020-11-02,1176165.766738001,0.0,-0.03680331186567787
2020-11-03,1176165.766738001,0.0,-0.03680331186567787
2020-11-04,1176165.766738001,0.0,-0.03680331186567787
2020-11-05,1176165.766738001,0.0,-0.03680331186567787
2020-11-06,1175356.482658001,-0.0006880697456826956,-0.03746605836592487
2020-11-09,1179624.482658001,0.003631238745838372,-0.033970867822878725
2020-11-10,1176253.325236001,-0.002857822528745557,-0.03673160764023897
2020-11-11,1172150.225236001,-0.003488279192899957,-0.040091756730485706
2020-11-12,1171888.325236001,-0.00022343552418557788,-0.040306234331990765
2020-11-13,1167436.025236001,-0.0037992527991977942,-0.04395235355757754
2020-11-16,1168159.895884001,0.0006200516622343333,-0.04335955462522567
2020-11-17,1168159.895884001,0.0,-0.04335955462522567
2020-11-18,1168159.895884001,0.0,-0.04335955462522567
2020-11-19,1168159.895884001,0.0,-0.04335955462522567
2020-11-20,1168159.895884001,0.0,-0.04335955462522567
2020-11-23,1168159.895884001,0.0,-0.04335955462522567
2020-11-24,1168159.895884001,0.0,-0.04335955462522567
2020-11-25,1168159.895884001,0.0,-0.04335955462522567
2020-11-26,1168159.895884001,0.0,-0.04335955462522567
2020-11-27,1168159.895884001,0.0,-0.04335955462522567
2020-11-30,1168159.895884001,0.0,-0.04335955462522567
2020-12-01,1168159.895884001,0.0,-0.04335955462522567
2020-12-02,1167086.2671160009,-0.000919076893311388,-0.04423878075377674
2020-12-03,1167001.867116001,-7.231684784403392e-05,-0.0443078983924442
2020-12-04,1167466.067116001,0.0003977714287186629,-0.04392775137977267
2020-12-07,1165609.2671160009,-0.0015904530780812554,-0.045448339430458784
2020-12-08,1164934.067116001,-0.00057926787221807,-0.04600128053979913
2020-12-09,1162402.067116001,-0.002173513567397367,-0.04807480969982558
2020-12-10,1161980.067116001,-0.0003630413365033336,-0.048420397893163325
2020-12-11,1161692.9914880008,-0.0002470572741515298,-0.04865549255579804
2020-12-14,1161692.9914880008,0.0,-0.04865549255579804
2020-12-15,1161692.9914880008,0.0,-0.04865549255579804
2020-12-16,1161692.9914880008,0.0,-0.04865549255579804
2020-12-17,1161692.9914880008,0.0,-0.04865549255579804
2020-12-18,1161692.9914880008,0.0,-0.04865549255579804
2020-12-21,1161692.9914880008,0.0,-0.04865549255579804
2020-12-22,1161692.9914880008,0.0,-0.04865549255579804
2020-12-23,1161692.9914880008,0.0,-0.04865549255579804
2020-12-24,1161692.9914880008,0.0,-0.04865549255579804
2020-12-25,1161692.9914880008,0.0,-0.04865549255579804
2020-12-28,1161692.9914880008,0.0,-0.04865549255579804
2020-12-29,1161692.9914880008,0.0,-0.04865549255579804
2020-12-30,1161692.9914880008,0.0,-0.04865549255579804
2020-12-31,1165343.7172340008,0.0031425908331630392,-0.0456658060275239
2021-01-04,1169047.0790940009,0.003177913782201669,-0.04263301423967247
2021-01-05,1181335.3013340011,0.010511315121306763,-0.03256982816561005
2021-01-06,1188337.742954001,0.005927564859945056,-0.02683532307459391
2021-01-07,1207525.742954001,0.01614692465485601,-0.01112170635951204
2021-01-08,1202933.742954001,-0.003802817477635223,-0.014882230017822295
2021-01-11,1192601.742954001,-0.008589001730575863,-0.023343408249020148
2021-01-12,1218841.742954001,0.022002315655690108,-0.0018547016301048158
2021-01-13,1215233.742954001,-0.0029601874245426263,-0.004809398790205699
2021-01-14,1198341.742954001,-0.013900206522359015,-0.01864275367613244
2021-01-15,1195553.742954001,-0.002326548345989665,-0.020925928754392253
2021-01-18,1205229.742954001,0.008093320820603545,-0.013001968188667168
2021-01-19,1192929.7429540013,-0.010205523114499848,-0.023074799416283542
2021-01-20,1197849.742954001,0.0041242998835928635,-0.019045666925237126
2021-01-21,1213265.742954001,0.012869727685529853,-0.006421051786624332
2021-01-22,1213757.742954001,0.000405517095374508,-0.006018138537519646
2021-01-25,1224581.742954001,0.008917759794188296,0.0
2021-01-26,1204901.742954001,-0.0160707932428642,-0.0160707932428642
2021-01-27,1206541.742954001,0.0013611068367942458,-0.014731560472625471
2021-01-28,1184237.742954001,-0.01848589170681547,-0.032945126147871595
2021-01-29,1184995.245834001,0.0006396543975286662,-0.03232654524516043
2021-02-01,1184995.245834001,0.0,-0.03232654524516043
2021-02-02,1184995.245834001,0.0,-0.03232654524516043
2021-02-03,1184995.245834001,0.0,-0.03232654524516043
2021-02-04,1184995.245834001,0.0,-0.03232654524516043
2021-02-05,1184995.245834001,0.0,-0.03232654524516043
2021-02-08,1184995.245834001,0.0,-0.03232654524516043
2021-02-09,1184995.245834001,0.0,-0.03232654524516043
2021-02-10,1188436.914064001,0.002904373027739604,-0.02951606056351086
2021-02-18,1180313.3075880012,-0.006835538664160312,-0.03614984105447561
2021-02-19,1182758.107588001,0.0020713144419219898,-0.03415340430040281
2021-02-22,1166943.3075880012,-0.013371119503252427,-0.04706785455331164
2021-02-23,1162622.027324001,-0.0037030764355913126,-0.05059663512583279
2021-02-24,1162622.027324001,0.0,-0.05059663512583279
2021-02-25,1162622.027324001,0.0,-0.05059663512583279
2021-02-26,1162622.027324001,0.0,-0.05059663512583279
2021-03-01,1162622.027324001,0.0,-0.05059663512583279
2021-03-02,1162622.027324001,0.0,-0.05059663512583279
2021-03-03,1162622.027324001,0.0,-0.05059663512583279
2021-03-04,1162622.027324001,0.0,-0.05059663512583279
2021-03-05,1162622.027324001,0.0,-0.05059663512583279
2021-03-08,1162622.027324001,0.0,-0.05059663512583279
2021-03-09,1162622.027324001,0.0,-0.05059663512583279
2021-03-10,1162622.027324001,0.0,-0.05059663512583279
2021-03-11,1162622.027324001,0.0,-0.05059663512583279
2021-03-12,1162622.027324001,0.0,-0.05059663512583279
2021-03-15,1162622.027324001,0.0,-0.05059663512583279
2021-03-16,1162622.027324001,0.0,-0.05059663512583279
2021-03-17,1162622.027324001,0.0,-0.05059663512583279
2021-03-18,1162622.027324001,0.0,-0.05059663512583279
2021-03-19,1162622.027324001,0.0,-0.05059663512583279
2021-03-22,1162622.027324001,0.0,-0.05059663512583279
2021-03-23,1162622.027324001,0.0,-0.05059663512583279
2021-03-24,1162622.027324001,0.0,-0.05059663512583279
2021-03-25,1162622.027324001,0.0,-0.05059663512583279
2021-03-26,1162622.027324001,0.0,-0.05059663512583279
2021-03-29,1162622.027324001,0.0,-0.05059663512583279
2021-03-30,1162622.027324001,0.0,-0.05059663512583279
2021-03-31,1162622.027324001,0.0,-0.05059663512583279
2021-04-01,1162622.027324001,0.0,-0.05059663512583279
2021-04-02,1162622.027324001,0.0,-0.05059663512583279
2021-04-06,1162622.027324001,0.0,-0.05059663512583279
2021-04-07,1162622.027324001,0.0,-0.05059663512583279
2021-04-08,1162622.027324001,0.0,-0.05059663512583279
2021-04-09,1162622.027324001,0.0,-0.05059663512583279
2021-04-12,1162622.027324001,0.0,-0.05059663512583279
2021-04-13,1162622.027324001,0.0,-0.05059663512583279
2021-04-14,1162622.027324001,0.0,-0.05059663512583279
2021-04-15,1162622.027324001,0.0,-0.05059663512583279
2021-04-16,1162622.027324001,0.0,-0.05059663512583279
2021-04-19,1162622.027324001,0.0,-0.05059663512583279
2021-04-20,1162622.027324001,0.0,-0.05059663512583279
2021-04-21,1162622.027324001,0.0,-0.05059663512583279
2021-04-22,1162622.027324001,0.0,-0.05059663512583279
2021-04-23,1162622.027324001,0.0,-0.05059663512583279
2021-04-26,1162622.027324001,0.0,-0.05059663512583279
2021-04-27,1162622.027324001,0.0,-0.05059663512583279
2021-04-28,1162622.027324001,0.0,-0.05059663512583279
2021-04-29,1162622.027324001,0.0,-0.05059663512583279
2021-04-30,1162622.027324001,0.0,-0.05059663512583279
2021-05-06,1162622.027324001,0.0,-0.05059663512583279
2021-05-07,1162622.027324001,0.0,-0.05059663512583279
2021-05-10,1162622.027324001,0.0,-0.05059663512583279
2021-05-11,1162622.027324001,0.0,-0.05059663512583279
2021-05-12,1162622.027324001,0.0,-0.05059663512583279
2021-05-13,1162622.027324001,0.0,-0.05059663512583279
2021-05-14,1162622.027324001,0.0,-0.05059663512583279
2021-05-17,1162622.027324001,0.0,-0.05059663512583279
2021-05-18,1162622.027324001,0.0,-0.05059663512583279
2021-05-19,1162622.027324001,0.0,-0.05059663512583279
2021-05-20,1162622.027324001,0.0,-0.05059663512583279
2021-05-21,1162622.027324001,0.0,-0.05059663512583279
2021-05-24,1162622.027324001,0.0,-0.05059663512583279
2021-05-25,1162622.027324001,0.0,-0.05059663512583279
2021-05-26,1162040.2356720013,-0.0005004134089381385,-0.05107172930010684
2021-05-27,1162802.1356720012,0.0006556571593747673,-0.05044955768568937
2021-05-28,1162200.6356720012,-0.000517284911634941,-0.050940745802334875
2021-05-31,1162441.2356720013,0.00020702105352143896,-0.05074427055567654
2021-06-01,1162762.035672001,0.00027597093956699403,-0.0504823035601325
2021-06-02,1161037.7356720013,-0.001482934553331261,-0.05189037616118264
2021-06-03,1159393.6356720012,-0.0014160607786347645,-0.05323295701334696
2021-06-04,1160716.9356720012,0.0011413724892779253,-0.0521523431567269
2021-06-07,1160476.3356720011,-0.00020728568060468522,-0.05234881840338523
2021-06-08,1158792.1356720012,-0.001451300598064087,-0.05372414512999246
2021-06-09,1159112.9356720012,0.00027683998719418845,-0.0534621781344482
2021-06-10,1160476.3356720011,0.0011762443141136725,-0.05234881840338523
2021-06-11,1158511.4356720012,-0.001693184031074657,-0.053953366251093704
2021-06-15,1156145.535672001,-0.0020421895953299796,-0.055885372843232584
2021-06-16,1155219.6763960011,-0.0008008155093223168,-0.05664143447923786
2021-06-17,1155219.6763960011,0.0,-0.05664143447923786
2021-06-18,1155219.6763960011,0.0,-0.05664143447923786
2021-06-21,1155219.6763960011,0.0,-0.05664143447923786
2021-06-22,1155219.6763960011,0.0,-0.05664143447923786
2021-06-23,1155219.6763960011,0.0,-0.05664143447923786
2021-06-24,1155219.6763960011,0.0,-0.05664143447923786
2021-06-25,1155219.6763960011,0.0,-0.05664143447923786
2021-06-28,1155219.6763960011,0.0,-0.05664143447923786
2021-06-29,1155219.6763960011,0.0,-0.05664143447923786
2021-06-30,1155219.6763960011,0.0,-0.05664143447923786
2021-07-01,1155219.6763960011,0.0,-0.05664143447923786
2021-07-02,1155219.6763960011,0.0,-0.05664143447923786
2021-07-05,1155219.6763960011,0.0,-0.05664143447923786
2021-07-06,1155219.6763960011,0.0,-0.05664143447923786
2021-07-07,1155219.6763960011,0.0,-0.05664143447923786
2021-07-08,1155219.6763960011,0.0,-0.05664143447923786
2021-07-09,1155219.6763960011,0.0,-0.05664143447923786
2021-07-12,1155219.6763960011,0.0,-0.05664143447923786
2021-07-13,1155219.6763960011,0.0,-0.05664143447923786
2021-07-14,1155219.6763960011,0.0,-0.05664143447923786
2021-07-15,1155219.6763960011,0.0,-0.05664143447923786
2021-07-16,1155219.6763960011,0.0,-0.05664143447923786
2021-07-19,1155219.6763960011,0.0,-0.05664143447923786
2021-07-20,1155219.6763960011,0.0,-0.05664143447923786
2021-07-21,1155219.6763960011,0.0,-0.05664143447923786
2021-07-22,1155219.6763960011,0.0,-0.05664143447923786
2021-07-23,1155219.6763960011,0.0,-0.05664143447923786
2021-07-26,1155219.6763960011,0.0,-0.05664143447923786
2021-07-27,1155219.6763960011,0.0,-0.05664143447923786
2021-07-28,1155219.6763960011,0.0,-0.05664143447923786
2021-07-29,1155219.6763960011,0.0,-0.05664143447923786
2021-07-30,1155219.6763960011,0.0,-0.05664143447923786
2021-08-02,1155219.6763960011,0.0,-0.05664143447923786
2021-08-03,1155219.6763960011,0.0,-0.05664143447923786
2021-08-04,1155219.6763960011,0.0,-0.05664143447923786
2021-08-05,1155219.6763960011,0.0,-0.05664143447923786
2021-08-06,1155219.6763960011,0.0,-0.05664143447923786
2021-08-09,1155219.6763960011,0.0,-0.05664143447923786
2021-08-10,1155219.6763960011,0.0,-0.05664143447923786
2021-08-11,1155219.6763960011,0.0,-0.05664143447923786
2021-08-12,1155219.6763960011,0.0,-0.05664143447923786
2021-08-13,1155219.6763960011,0.0,-0.05664143447923786
2021-08-16,1155219.6763960011,0.0,-0.05664143447923786
2021-08-17,1155219.6763960011,0.0,-0.05664143447923786
2021-08-18,1155219.6763960011,0.0,-0.05664143447923786
2021-08-19,1155219.6763960011,0.0,-0.05664143447923786
2021-08-20,1155219.6763960011,0.0,-0.05664143447923786
2021-08-23,1155219.6763960011,0.0,-0.05664143447923786
2021-08-24,1155219.6763960011,0.0,-0.05664143447923786
2021-08-25,1155219.6763960011,0.0,-0.05664143447923786
2021-08-26,1155219.6763960011,0.0,-0.05664143447923786
2021-08-27,1155219.6763960011,0.0,-0.05664143447923786
2021-08-30,1155219.6763960011,0.0,-0.05664143447923786
2021-08-31,1155219.6763960011,0.0,-0.05664143447923786
2021-09-01,1155219.6763960011,0.0,-0.05664143447923786
2021-09-02,1155219.6763960011,0.0,-0.05664143447923786
2021-09-03,1155219.6763960011,0.0,-0.05664143447923786
2021-09-06,1155219.6763960011,0.0,-0.05664143447923786
2021-09-07,1155219.6763960011,0.0,-0.05664143447923786
2021-09-08,1155219.6763960011,0.0,-0.05664143447923786
2021-09-09,1155219.6763960011,0.0,-0.05664143447923786
2021-09-10,1155219.6763960011,0.0,-0.05664143447923786
2021-09-13,1155219.6763960011,0.0,-0.05664143447923786
2021-09-14,1155219.6763960011,0.0,-0.05664143447923786
2021-09-15,1155219.6763960011,0.0,-0.05664143447923786
2021-09-16,1155219.6763960011,0.0,-0.05664143447923786
2021-09-17,1155219.6763960011,0.0,-0.05664143447923786
2021-09-22,1155219.6763960011,0.0,-0.05664143447923786
2021-09-23,1155219.6763960011,0.0,-0.05664143447923786
2021-09-24,1155219.6763960011,0.0,-0.05664143447923786
2021-09-27,1155219.6763960011,0.0,-0.05664143447923786
2021-09-28,1155219.6763960011,0.0,-0.05664143447923786
2021-09-29,1155219.6763960011,0.0,-0.05664143447923786
2021-09-30,1155219.6763960011,0.0,-0.05664143447923786
2021-10-08,1155219.6763960011,0.0,-0.05664143447923786
2021-10-11,1155219.6763960011,0.0,-0.05664143447923786
2021-10-12,1155219.6763960011,0.0,-0.05664143447923786
2021-10-13,1155219.6763960011,0.0,-0.05664143447923786
2021-10-14,1155219.6763960011,0.0,-0.05664143447923786
2021-10-15,1155219.6763960011,0.0,-0.05664143447923786
2021-10-18,1155219.6763960011,0.0,-0.05664143447923786
2021-10-19,1155219.6763960011,0.0,-0.05664143447923786
2021-10-20,1155219.6763960011,0.0,-0.05664143447923786
2021-10-21,1155219.6763960011,0.0,-0.05664143447923786
2021-10-22,1155219.6763960011,0.0,-0.05664143447923786
2021-10-25,1155219.6763960011,0.0,-0.05664143447923786
2021-10-26,1155219.6763960011,0.0,-0.05664143447923786
2021-10-27,1155219.6763960011,0.0,-0.05664143447923786
2021-10-28,1155219.6763960011,0.0,-0.05664143447923786
2021-10-29,1155219.6763960011,0.0,-0.05664143447923786
2021-11-01,1155219.6763960011,0.0,-0.05664143447923786
2021-11-02,1155219.6763960011,0.0,-0.05664143447923786
2021-11-03,1155219.6763960011,0.0,-0.05664143447923786
2021-11-04,1155219.6763960011,0.0,-0.05664143447923786
2021-11-05,1155219.6763960011,0.0,-0.05664143447923786
2021-11-08,1155219.6763960011,0.0,-0.05664143447923786
2021-11-09,1155219.6763960011,0.0,-0.05664143447923786
2021-11-10,1155219.6763960011,0.0,-0.05664143447923786
2021-11-11,1155219.6763960011,0.0,-0.05664143447923786
2021-11-12,1155219.6763960011,0.0,-0.05664143447923786
2021-11-15,1155219.6763960011,0.0,-0.05664143447923786
2021-11-16,1155219.6763960011,0.0,-0.05664143447923786
2021-11-17,1155219.6763960011,0.0,-0.05664143447923786
2021-11-18,1155219.6763960011,0.0,-0.05664143447923786
2021-11-19,1155219.6763960011,0.0,-0.05664143447923786
2021-11-22,1155219.6763960011,0.0,-0.05664143447923786
2021-11-23,1155219.6763960011,0.0,-0.05664143447923786
2021-11-24,1155219.6763960011,0.0,-0.05664143447923786
2021-11-25,1155219.6763960011,0.0,-0.05664143447923786
2021-11-26,1155219.6763960011,0.0,-0.05664143447923786
2021-11-29,1155219.6763960011,0.0,-0.05664143447923786
2021-11-30,1155219.6763960011,0.0,-0.05664143447923786
2021-12-01,1155219.6763960011,0.0,-0.05664143447923786
2021-12-02,1155219.6763960011,0.0,-0.05664143447923786
2021-12-03,1155219.6763960011,0.0,-0.05664143447923786
2021-12-06,1155219.6763960011,0.0,-0.05664143447923786
2021-12-07,1155219.6763960011,0.0,-0.05664143447923786
2021-12-08,1155219.6763960011,0.0,-0.05664143447923786
2021-12-09,1158078.5141380013,0.0024747135115625873,-0.05430689229089536
2021-12-10,1156980.876970001,-0.0009478089392040978,-0.05520322867212579
2021-12-13,1158058.5769700012,0.0009314760697018976,-0.05432317308890233
2021-12-14,1155488.676970001,-0.0022191450856692274,-0.056421767171973336
2021-12-15,1151675.2769700012,-0.0033002486965079125,-0.059535810004917256
2021-12-16,1153913.5769700012,0.0019435165838490587,-0.05770800225514583
2021-12-17,1147861.876970001,-0.00524450021282441,-0.0626498528378614
2021-12-20,1145300.9135900012,-0.0022310727722397727,-0.0647411492292499
2021-12-21,1145300.9135900012,0.0,-0.0647411492292499
2021-12-22,1145300.9135900012,0.0,-0.0647411492292499
2021-12-23,1145300.9135900012,0.0,-0.0647411492292499
2021-12-24,1145300.9135900012,0.0,-0.0647411492292499
2021-12-27,1145300.9135900012,0.0,-0.0647411492292499
2021-12-28,1145300.9135900012,0.0,-0.0647411492292499
2021-12-29,1145300.9135900012,0.0,-0.0647411492292499
2021-12-30,1145300.9135900012,0.0,-0.0647411492292499
2021-12-31,1145300.9135900012,0.0,-0.0647411492292499
2022-01-04,1145300.9135900012,0.0,-0.0647411492292499
2022-01-05,1145300.9135900012,0.0,-0.0647411492292499
2022-01-06,1145300.9135900012,0.0,-0.0647411492292499
2022-01-07,1145300.9135900012,0.0,-0.0647411492292499
2022-01-10,1145300.9135900012,0.0,-0.0647411492292499
2022-01-11,1145300.9135900012,0.0,-0.0647411492292499
2022-01-12,1145300.9135900012,0.0,-0.0647411492292499
2022-01-13,1145300.9135900012,0.0,-0.0647411492292499
2022-01-14,1145300.9135900012,0.0,-0.0647411492292499
2022-01-17,1145300.9135900012,0.0,-0.0647411492292499
2022-01-18,1145300.9135900012,0.0,-0.0647411492292499
2022-01-19,1145300.9135900012,0.0,-0.0647411492292499
2022-01-20,1145300.9135900012,0.0,-0.0647411492292499
2022-01-21,1145300.9135900012,0.0,-0.0647411492292499
2022-01-24,1145300.9135900012,0.0,-0.0647411492292499
2022-01-25,1145300.9135900012,0.0,-0.0647411492292499
2022-01-26,1145300.9135900012,0.0,-0.0647411492292499
2022-01-27,1145300.9135900012,0.0,-0.0647411492292499
2022-01-28,1145300.9135900012,0.0,-0.0647411492292499
2022-02-07,1145300.9135900012,0.0,-0.0647411492292499
2022-02-08,1145300.9135900012,0.0,-0.0647411492292499
2022-02-09,1145300.9135900012,0.0,-0.0647411492292499
2022-02-10,1145300.9135900012,0.0,-0.0647411492292499
2022-02-11,1145300.9135900012,0.0,-0.0647411492292499
2022-02-14,1145300.9135900012,0.0,-0.0647411492292499
2022-02-15,1145300.9135900012,0.0,-0.0647411492292499
2022-02-16,1145300.9135900012,0.0,-0.0647411492292499
2022-02-17,1145300.9135900012,0.0,-0.0647411492292499
2022-02-18,1145300.9135900012,0.0,-0.0647411492292499
2022-02-21,1145300.9135900012,0.0,-0.0647411492292499
2022-02-22,1145300.9135900012,0.0,-0.0647411492292499
2022-02-23,1145300.9135900012,0.0,-0.0647411492292499
2022-02-24,1145300.9135900012,0.0,-0.0647411492292499
2022-02-25,1145300.9135900012,0.0,-0.0647411492292499
2022-02-28,1145300.9135900012,0.0,-0.0647411492292499
2022-03-01,1145300.9135900012,0.0,-0.0647411492292499
2022-03-02,1145300.9135900012,0.0,-0.0647411492292499
2022-03-03,1145300.9135900012,0.0,-0.0647411492292499
2022-03-04,1145300.9135900012,0.0,-0.0647411492292499
2022-03-07,1145300.9135900012,0.0,-0.0647411492292499
2022-03-08,1145300.9135900012,0.0,-0.0647411492292499
2022-03-09,1145300.9135900012,0.0,-0.0647411492292499
2022-03-10,1145300.9135900012,0.0,-0.0647411492292499
2022-03-11,1145300.9135900012,0.0,-0.0647411492292499
2022-03-14,1145300.9135900012,0.0,-0.0647411492292499
2022-03-15,1145300.9135900012,0.0,-0.0647411492292499
2022-03-16,1145300.9135900012,0.0,-0.0647411492292499
2022-03-17,1145300.9135900012,0.0,-0.0647411492292499
2022-03-18,1145300.9135900012,0.0,-0.0647411492292499
2022-03-21,1145300.9135900012,0.0,-0.0647411492292499
2022-03-22,1145300.9135900012,0.0,-0.0647411492292499
2022-03-23,1145300.9135900012,0.0,-0.0647411492292499
2022-03-24,1145300.9135900012,0.0,-0.0647411492292499
2022-03-25,1145300.9135900012,0.0,-0.0647411492292499
2022-03-28,1145300.9135900012,0.0,-0.0647411492292499
2022-03-29,1145300.9135900012,0.0,-0.0647411492292499
2022-03-30,1145300.9135900012,0.0,-0.0647411492292499
2022-03-31,1145300.9135900012,0.0,-0.0647411492292499
2022-04-01,1145300.9135900012,0.0,-0.0647411492292499
2022-04-06,1145300.9135900012,0.0,-0.0647411492292499
2022-04-07,1145300.9135900012,0.0,-0.0647411492292499
2022-04-08,1145300.9135900012,0.0,-0.0647411492292499
2022-04-11,1145300.9135900012,0.0,-0.0647411492292499
2022-04-12,1145300.9135900012,0.0,-0.0647411492292499
2022-04-13,1145300.9135900012,0.0,-0.0647411492292499
2022-04-14,1145300.9135900012,0.0,-0.0647411492292499
2022-04-15,1145300.9135900012,0.0,-0.0647411492292499
2022-04-18,1145300.9135900012,0.0,-0.0647411492292499
2022-04-19,1145300.9135900012,0.0,-0.0647411492292499
2022-04-20,1145300.9135900012,0.0,-0.0647411492292499
2022-04-21,1145300.9135900012,0.0,-0.0647411492292499
2022-04-22,1145300.9135900012,0.0,-0.0647411492292499
2022-04-25,1145300.9135900012,0.0,-0.0647411492292499
2022-04-26,1145300.9135900012,0.0,-0.0647411492292499
2022-04-27,1145300.9135900012,0.0,-0.0647411492292499
2022-04-28,1145300.9135900012,0.0,-0.0647411492292499
2022-04-29,1145300.9135900012,0.0,-0.0647411492292499
2022-05-05,1145300.9135900012,0.0,-0.0647411492292499
2022-05-06,1145300.9135900012,0.0,-0.0647411492292499
2022-05-09,1145300.9135900012,0.0,-0.0647411492292499
2022-05-10,1145300.9135900012,0.0,-0.0647411492292499
2022-05-11,1145300.9135900012,0.0,-0.0647411492292499
2022-05-12,1145300.9135900012,0.0,-0.0647411492292499
2022-05-13,1145300.9135900012,0.0,-0.0647411492292499
2022-05-16,1145300.9135900012,0.0,-0.0647411492292499
2022-05-17,1145300.9135900012,0.0,-0.0647411492292499
2022-05-18,1145300.9135900012,0.0,-0.0647411492292499
2022-05-19,1145300.9135900012,0.0,-0.0647411492292499
2022-05-20,1145300.9135900012,0.0,-0.0647411492292499
2022-05-23,1145300.9135900012,0.0,-0.0647411492292499
2022-05-24,1145300.9135900012,0.0,-0.0647411492292499
2022-05-25,1145300.9135900012,0.0,-0.0647411492292499
2022-05-26,1145300.9135900012,0.0,-0.0647411492292499
2022-05-27,1145300.9135900012,0.0,-0.0647411492292499
2022-05-30,1145300.9135900012,0.0,-0.0647411492292499
2022-05-31,1145300.9135900012,0.0,-0.0647411492292499
2022-06-01,1144449.2611400012,-0.0007436058418309743,-0.06543661317430716
2022-06-02,1144993.7611400012,0.00047577469660620153,-0.06499197156248093
2022-06-06,1149052.7611400012,0.003544997481871537,-0.06167737045614019
2022-06-07,1149825.861106001,0.0006728150282957479,-0.06104605288959308
2022-06-08,1153950.2611060012,0.0035869779411927816,-0.05767804579351221
2022-06-09,1148857.5486820012,-0.004413285906377684,-0.06183678199328202
2022-06-10,1157360.3486820012,0.007401091640782287,-0.054893350042803046
2022-06-13,1149737.148682001,-0.00658671260742727,-0.06111849592943952
2022-06-14,1155601.1486820013,0.005100296190935882,-0.05632992217048827
2022-06-15,1162784.548682001,0.006216158583947973,-0.05046391931577354
2022-06-16,1156355.643674001,-0.005528887544375194,-0.055713797525203446
2022-06-17,1168628.0436740012,0.010612997884464015,-0.04569209005600994
2022-06-20,1172718.843674001,0.003500515003164617,-0.04235152089961225
2022-06-21,1172329.2436740012,-0.0003322194421122582,-0.04266967034307867
2022-06-22,1162589.2436740012,-0.008308246213730497,-0.05062340642974006
2022-06-23,1177199.2436740012,0.012566777199683798,-0.03869280229974792
2022-06-24,1186549.643674001,0.007942920495614292,-0.03105721565655295
2022-06-27,1195900.0436740012,0.007880327679377741,-0.02342162901335787
2022-06-28,1206029.643674001,0.008470273124901118,-0.015149743483230171
2022-06-29,1195315.643674001,-0.008883695401848746,-0.023898853178557666
2022-06-30,1205055.643674001,0.008148475301521518,-0.015945117091896277
2022-07-01,1202133.643674001,-0.0024247842955129606,-0.018331237917894705
2022-07-04,1207588.043674001,0.004537265909412502,-0.01387714570936438
2022-07-05,1205640.0436740012,-0.0016131328976006776,-0.01546789292669648
2022-07-06,1194146.843674001,-0.009532861868934317,-0.02485330150895715
2022-07-07,1197263.643674001,0.00261006426178767,-0.022308105961225455
2022-07-08,1196484.443674001,-0.0006508173902358694,-0.022944404848158517
2022-07-11,1181679.643674001,-0.012373583357706885,-0.0350340836998837
2022-07-12,1177358.184890001,-0.0036570476669667284,-0.03856301005279139
2022-07-13,1177358.184890001,0.0,-0.03856301005279139
2022-07-14,1177358.184890001,0.0,-0.03856301005279139
2022-07-15,1177358.184890001,0.0,-0.03856301005279139
2022-07-18,1177358.184890001,0.0,-0.03856301005279139
2022-07-19,1177358.184890001,0.0,-0.03856301005279139
2022-07-20,1177358.184890001,0.0,-0.03856301005279139
2022-07-21,1177358.184890001,0.0,-0.03856301005279139
2022-07-22,1177358.184890001,0.0,-0.03856301005279139
2022-07-25,1177358.184890001,0.0,-0.03856301005279139
2022-07-26,1177358.184890001,0.0,-0.03856301005279139
2022-07-27,1177358.184890001,0.0,-0.03856301005279139
2022-07-28,1177358.184890001,0.0,-0.03856301005279139
2022-07-29,1177358.184890001,0.0,-0.03856301005279139
2022-08-01,1177358.184890001,0.0,-0.03856301005279139
2022-08-02,1177358.184890001,0.0,-0.03856301005279139
2022-08-03,1177358.184890001,0.0,-0.03856301005279139
2022-08-04,1177358.184890001,0.0,-0.03856301005279139
2022-08-05,1177358.184890001,0.0,-0.03856301005279139
2022-08-08,1177358.184890001,0.0,-0.03856301005279139
2022-08-09,1177358.184890001,0.0,-0.03856301005279139
2022-08-10,1177358.184890001,0.0,-0.03856301005279139
2022-08-11,1177358.184890001,0.0,-0.03856301005279139
2022-08-12,1177358.184890001,0.0,-0.03856301005279139
2022-08-15,1177358.184890001,0.0,-0.03856301005279139
2022-08-16,1177358.184890001,0.0,-0.03856301005279139
2022-08-17,1177358.184890001,0.0,-0.03856301005279139
2022-08-18,1177358.184890001,0.0,-0.03856301005279139
2022-08-19,1177358.184890001,0.0,-0.03856301005279139
2022-08-22,1177358.184890001,0.0,-0.03856301005279139
2022-08-23,1177358.184890001,0.0,-0.03856301005279139
2022-08-24,1177358.184890001,0.0,-0.03856301005279139
2022-08-25,1177358.184890001,0.0,-0.03856301005279139
2022-08-26,1177358.184890001,0.0,-0.03856301005279139
2022-08-29,1177358.184890001,0.0,-0.03856301005279139
2022-08-30,1177358.184890001,0.0,-0.03856301005279139
2022-08-31,1177358.184890001,0.0,-0.03856301005279139
2022-09-01,1177358.184890001,0.0,-0.03856301005279139
2022-09-02,1177358.184890001,0.0,-0.03856301005279139
2022-09-05,1177358.184890001,0.0,-0.03856301005279139
2022-09-06,1177358.184890001,0.0,-0.03856301005279139
2022-09-07,1177358.184890001,0.0,-0.03856301005279139
2022-09-08,1177358.184890001,0.0,-0.03856301005279139
2022-09-09,1177358.184890001,0.0,-0.03856301005279139
2022-09-13,1177358.184890001,0.0,-0.03856301005279139
2022-09-14,1177358.184890001,0.0,-0.03856301005279139
2022-09-15,1177358.184890001,0.0,-0.03856301005279139
2022-09-16,1177358.184890001,0.0,-0.03856301005279139
2022-09-19,1177358.184890001,0.0,-0.03856301005279139
2022-09-20,1177358.184890001,0.0,-0.03856301005279139
2022-09-21,1177358.184890001,0.0,-0.03856301005279139
2022-09-22,1177358.184890001,0.0,-0.03856301005279139
2022-09-23,1177358.184890001,0.0,-0.03856301005279139
2022-09-26,1177358.184890001,0.0,-0.03856301005279139
2022-09-27,1177358.184890001,0.0,-0.03856301005279139
2022-09-28,1177358.184890001,0.0,-0.03856301005279139
2022-09-29,1177358.184890001,0.0,-0.03856301005279139
2022-09-30,1177358.184890001,0.0,-0.03856301005279139
2022-10-10,1177358.184890001,0.0,-0.03856301005279139
2022-10-11,1177358.184890001,0.0,-0.03856301005279139
2022-10-12,1177358.184890001,0.0,-0.03856301005279139
2022-10-13,1177358.184890001,0.0,-0.03856301005279139
2022-10-14,1177358.184890001,0.0,-0.03856301005279139
2022-10-17,1177358.184890001,0.0,-0.03856301005279139
2022-10-18,1177358.184890001,0.0,-0.03856301005279139
2022-10-19,1177358.184890001,0.0,-0.03856301005279139
2022-10-20,1177358.184890001,0.0,-0.03856301005279139
2022-10-21,1177358.184890001,0.0,-0.03856301005279139
2022-10-24,1177358.184890001,0.0,-0.03856301005279139
2022-10-25,1177358.184890001,0.0,-0.03856301005279139
2022-10-26,1177358.184890001,0.0,-0.03856301005279139
2022-10-27,1177358.184890001,0.0,-0.03856301005279139
2022-10-28,1177358.184890001,0.0,-0.03856301005279139
2022-10-31,1177358.184890001,0.0,-0.03856301005279139
2022-11-01,1177358.184890001,0.0,-0.03856301005279139
2022-11-02,1177358.184890001,0.0,-0.03856301005279139
2022-11-03,1177358.184890001,0.0,-0.03856301005279139
2022-11-04,1177358.184890001,0.0,-0.03856301005279139
2022-11-07,1177358.184890001,0.0,-0.03856301005279139
2022-11-08,1177358.184890001,0.0,-0.03856301005279139
2022-11-09,1177358.184890001,0.0,-0.03856301005279139
2022-11-10,1177358.184890001,0.0,-0.03856301005279139
2022-11-11,1177358.184890001,0.0,-0.03856301005279139
2022-11-14,1177358.184890001,0.0,-0.03856301005279139
2022-11-15,1177358.184890001,0.0,-0.03856301005279139
2022-11-16,1177358.184890001,0.0,-0.03856301005279139
2022-11-17,1177358.184890001,0.0,-0.03856301005279139
2022-11-18,1177358.184890001,0.0,-0.03856301005279139
2022-11-21,1177358.184890001,0.0,-0.03856301005279139
2022-11-22,1177358.184890001,0.0,-0.03856301005279139
2022-11-23,1177358.184890001,0.0,-0.03856301005279139
2022-11-24,1177358.184890001,0.0,-0.03856301005279139
2022-11-25,1177358.184890001,0.0,-0.03856301005279139
2022-11-28,1177358.184890001,0.0,-0.03856301005279139
2022-11-29,1177358.184890001,0.0,-0.03856301005279139
2022-11-30,1177358.184890001,0.0,-0.03856301005279139
2022-12-01,1177358.184890001,0.0,-0.03856301005279139
2022-12-02,1175620.0632660012,-0.0014762895831588185,-0.03998236946591405
2022-12-05,1179340.463266001,0.0031646278557582175,-0.03694427093030683
2022-12-06,1181781.927494001,0.0020701945740408956,-0.03495055818548787
2022-12-07,1180530.327494001,-0.0010590786429219845,-0.03597262143867741
2022-12-08,1181469.0274940012,0.0007951511097499253,-0.03520607399878517
2022-12-09,1185015.2274940012,0.0030015175323907517,-0.032310228114748374
2022-12-12,1178564.654004001,-0.005443451983010661,-0.03757780092245633
2022-12-13,1176850.854004001,-0.0014541416919111594,-0.038977299167355706
2022-12-14,1178408.854004001,0.0013238720902475354,-0.03770502803562903
2022-12-15,1178097.2540040012,-0.0002644243540271818,-0.03795948226197421
2022-12-16,1178720.454004001,0.0005289885855195298,-0.03745057380928363
2022-12-19,1169684.054004001,-0.007666279115887353,-0.04482974637329884
2022-12-20,1159868.654004001,-0.008391496803261012,-0.052845054503177225
2022-12-21,1158220.5984880012,-0.0014208984011341297,-0.05419086545086005
2022-12-22,1158220.5984880012,0.0,-0.05419086545086005
2022-12-23,1158220.5984880012,0.0,-0.05419086545086005
2022-12-26,1158220.5984880012,0.0,-0.05419086545086005
2022-12-27,1158220.5984880012,0.0,-0.05419086545086005
2022-12-28,1158220.5984880012,0.0,-0.05419086545086005
2022-12-29,1158220.5984880012,0.0,-0.05419086545086005
2022-12-30,1158220.5984880012,0.0,-0.05419086545086005
2023-01-03,1158220.5984880012,0.0,-0.05419086545086005
2023-01-04,1158220.5984880012,0.0,-0.05419086545086005
2023-01-05,1158220.5984880012,0.0,-0.05419086545086005
2023-01-06,1158220.5984880012,0.0,-0.05419086545086005
2023-01-09,1158220.5984880012,0.0,-0.05419086545086005
2023-01-10,1158059.9765600013,-0.000138679909690409,-0.05432203017622361
2023-01-11,1158059.9765600013,0.0,-0.05432203017622361
2023-01-12,1158361.1765600012,0.0002600901560336766,-0.054076068645494524
2023-01-13,1161473.5765600011,0.002686899442920554,-0.05153446616129276
2023-01-16,1166956.4298400013,0.0047206009595490706,-0.047057138852154456
2023-01-17,1165807.6294640012,-0.00098444153236954,-0.04799525538264349
2023-01-18,1164466.6294640012,-0.0011502755395558228,-0.049090323153917925
2023-01-19,1168638.6294640012,0.0035827561687364895,-0.0456834456432863
2023-01-20,1172065.6294640012,0.002932471949495419,-0.04288493911669611
2023-01-30,1172394.5856640013,0.00028066363497969427,-0.042616311724614775
2023-01-31,1163286.585664001,-0.007768715508731039,-0.05005395323152584
2023-02-01,1169424.5856640013,0.005276429794380144,-0.04504162960730307
2023-02-02,1167444.5856640013,-0.00169314039081514,-0.046658508195762005
2023-02-03,1158930.585664001,-0.007292851501947584,-0.05361108612613541
2023-02-06,1147644.5856640013,-0.009738288159453101,-0.06282729408035093
2023-02-07,1145686.0171840012,-0.0017065984578029658,-0.06442667157496851
2023-02-08,1145686.0171840012,0.0,-0.06442667157496851
2023-02-09,1145686.0171840012,0.0,-0.06442667157496851
2023-02-10,1145686.0171840012,0.0,-0.06442667157496851
2023-02-13,1145686.0171840012,0.0,-0.06442667157496851
2023-02-14,1145686.0171840012,0.0,-0.06442667157496851
2023-02-15,1145686.0171840012,0.0,-0.06442667157496851
2023-02-16,1145686.0171840012,0.0,-0.06442667157496851
2023-02-17,1145686.0171840012,0.0,-0.06442667157496851
2023-02-20,1145686.0171840012,0.0,-0.06442667157496851
2023-02-21,1145686.0171840012,0.0,-0.06442667157496851
2023-02-22,1145686.0171840012,0.0,-0.06442667157496851
2023-02-23,1145686.0171840012,0.0,-0.06442667157496851
2023-02-24,1145686.0171840012,0.0,-0.06442667157496851
2023-02-27,1145686.0171840012,0.0,-0.06442667157496851
2023-02-28,1145686.0171840012,0.0,-0.06442667157496851
2023-03-01,1145686.0171840012,0.0,-0.06442667157496851
2023-03-02,1145686.0171840012,0.0,-0.06442667157496851
2023-03-03,1145686.0171840012,0.0,-0.06442667157496851
2023-03-06,1145686.0171840012,0.0,-0.06442667157496851
2023-03-07,1145686.0171840012,0.0,-0.06442667157496851
2023-03-08,1145686.0171840012,0.0,-0.06442667157496851
2023-03-09,1145686.0171840012,0.0,-0.06442667157496851
2023-03-10,1145686.0171840012,0.0,-0.06442667157496851
2023-03-13,1145686.0171840012,0.0,-0.06442667157496851
2023-03-14,1145686.0171840012,0.0,-0.06442667157496851
2023-03-15,1145686.0171840012,0.0,-0.06442667157496851
2023-03-16,1145686.0171840012,0.0,-0.06442667157496851
2023-03-17,1145686.0171840012,0.0,-0.06442667157496851
2023-03-20,1145686.0171840012,0.0,-0.06442667157496851
2023-03-21,1145686.0171840012,0.0,-0.06442667157496851
2023-03-22,1145686.0171840012,0.0,-0.06442667157496851
2023-03-23,1145686.0171840012,0.0,-0.06442667157496851
2023-03-24,1145686.0171840012,0.0,-0.06442667157496851
2023-03-27,1145686.0171840012,0.0,-0.06442667157496851
2023-03-28,1145686.0171840012,0.0,-0.06442667157496851
2023-03-29,1145686.0171840012,0.0,-0.06442667157496851
2023-03-30,1145686.0171840012,0.0,-0.06442667157496851
2023-03-31,1145686.0171840012,0.0,-0.06442667157496851
2023-04-03,1145686.0171840012,0.0,-0.06442667157496851
2023-04-04,1145686.0171840012,0.0,-0.06442667157496851
2023-04-06,1145686.0171840012,0.0,-0.06442667157496851
2023-04-07,1145686.0171840012,0.0,-0.06442667157496851
2023-04-10,1143880.2710040011,-0.0015761265764928645,-0.06590125356215715
2023-04-11,1143395.2710040011,-0.0004239954235545351,-0.06629730715579474
2023-04-12,1143201.2710040011,-0.00016967010877144695,-0.06645572859324977
2023-04-13,1141988.7710040011,-0.0010606181350157895,-0.06744586257734397
2023-04-14,1143007.2710040011,0.0008918651617779716,-0.06661415003070492
2023-04-17,1145965.7710040011,0.0025883474891645886,-0.06419822310951517
2023-04-18,1146148.970272001,0.00015986452007155094,-0.06404862160757052
2023-04-19,1142954.5702720012,-0.0027870722592385766,-0.06665718573028412
2023-04-20,1141405.7702720012,-0.0013550844804194329,-0.06792194409281194
2023-04-21,1134339.3702720013,-0.00619096221873483,-0.07369240412184519
2023-04-24,1132711.2000800013,-0.0014353466296507245,-0.07502197660760879
2023-04-25,1132711.2000800013,0.0,-0.07502197660760879
2023-04-26,1132711.2000800013,0.0,-0.07502197660760879
2023-04-27,1132711.2000800013,0.0,-0.07502197660760879
2023-04-28,1132711.2000800013,0.0,-0.07502197660760879
2023-05-04,1132711.2000800013,0.0,-0.07502197660760879
2023-05-05,1132711.2000800013,0.0,-0.07502197660760879
2023-05-08,1132711.2000800013,0.0,-0.07502197660760879
2023-05-09,1132711.2000800013,0.0,-0.07502197660760879
2023-05-10,1132711.2000800013,0.0,-0.07502197660760879
2023-05-11,1132711.2000800013,0.0,-0.07502197660760879
2023-05-12,1132711.2000800013,0.0,-0.07502197660760879
2023-05-15,1132711.2000800013,0.0,-0.07502197660760879
2023-05-16,1132711.2000800013,0.0,-0.07502197660760879
2023-05-17,1132711.2000800013,0.0,-0.07502197660760879
2023-05-18,1132711.2000800013,0.0,-0.07502197660760879
2023-05-19,1132711.2000800013,0.0,-0.07502197660760879
2023-05-22,1132711.2000800013,0.0,-0.07502197660760879
2023-05-23,1132711.2000800013,0.0,-0.07502197660760879
2023-05-24,1132711.2000800013,0.0,-0.07502197660760879
2023-05-25,1132711.2000800013,0.0,-0.07502197660760879
2023-05-26,1132711.2000800013,0.0,-0.07502197660760879
2023-05-29,1132711.2000800013,0.0,-0.07502197660760879
2023-05-30,1132711.2000800013,0.0,-0.07502197660760879
2023-05-31,1132711.2000800013,0.0,-0.07502197660760879
2023-06-01,1132711.2000800013,0.0,-0.07502197660760879
2023-06-02,1132711.2000800013,0.0,-0.07502197660760879
2023-06-05,1132711.2000800013,0.0,-0.07502197660760879
2023-06-06,1132711.2000800013,0.0,-0.07502197660760879
2023-06-07,1132711.2000800013,0.0,-0.07502197660760879
2023-06-08,1132711.2000800013,0.0,-0.07502197660760879
2023-06-09,1132711.2000800013,0.0,-0.07502197660760879
2023-06-12,1132711.2000800013,0.0,-0.07502197660760879
2023-06-13,1132711.2000800013,0.0,-0.07502197660760879
2023-06-14,1132711.2000800013,0.0,-0.07502197660760879
2023-06-15,1132711.2000800013,0.0,-0.07502197660760879
2023-06-16,1132711.2000800013,0.0,-0.07502197660760879
2023-06-19,1132711.2000800013,0.0,-0.07502197660760879
2023-06-20,1132711.2000800013,0.0,-0.07502197660760879
2023-06-21,1132711.2000800013,0.0,-0.07502197660760879
2023-06-26,1132711.2000800013,0.0,-0.07502197660760879
2023-06-27,1132711.2000800013,0.0,-0.07502197660760879
2023-06-28,1132711.2000800013,0.0,-0.07502197660760879
2023-06-29,1132711.2000800013,0.0,-0.07502197660760879
2023-06-30,1132711.2000800013,0.0,-0.07502197660760879
2023-07-03,1132711.2000800013,0.0,-0.07502197660760879
2023-07-04,1132711.2000800013,0.0,-0.07502197660760879
2023-07-05,1132711.2000800013,0.0,-0.07502197660760879
2023-07-06,1132711.2000800013,0.0,-0.07502197660760879
2023-07-07,1132711.2000800013,0.0,-0.07502197660760879
2023-07-10,1132711.2000800013,0.0,-0.07502197660760879
2023-07-11,1132711.2000800013,0.0,-0.07502197660760879
2023-07-12,1132711.2000800013,0.0,-0.07502197660760879
2023-07-13,1132711.2000800013,0.0,-0.07502197660760879
2023-07-14,1132711.2000800013,0.0,-0.07502197660760879
2023-07-17,1132711.2000800013,0.0,-0.07502197660760879
2023-07-18,1132711.2000800013,0.0,-0.07502197660760879
2023-07-19,1132711.2000800013,0.0,-0.07502197660760879
2023-07-20,1132711.2000800013,0.0,-0.07502197660760879
2023-07-21,1132711.2000800013,0.0,-0.07502197660760879
2023-07-24,1132711.2000800013,0.0,-0.07502197660760879
2023-07-25,1132711.2000800013,0.0,-0.07502197660760879
2023-07-26,1131960.6461200013,-0.0006626172319537105,-0.07563488298508703
2023-07-27,1131763.0461200012,-0.00017456437260199298,-0.07579624420179387
2023-07-28,1136505.4461200014,0.00419027641541958,-0.07192357500083035
2023-07-31,1135972.7305600015,-0.00046873119862167467,-0.07235859337593276
2023-08-01,1134208.7305600015,-0.0015528541773448534,-0.07379908520928713
2023-08-02,1131366.7305600015,-0.0025057116238179633,-0.07611987760746897
2023-08-03,1134894.7305600015,0.0031183522590005897,-0.07323889394076044
2023-08-04,1136952.7305600015,0.0018133840475094143,-0.07155832013518038
2023-08-07,1132742.5619360013,-0.003703028728315294,-0.0749963663482851
2023-08-08,1130546.5619360013,-0.0019386576207102157,-0.0767896316918486
2023-08-09,1129375.3619360013,-0.0010359591010513647,-0.07774603987508244
2023-08-10,1130107.3619360013,0.0006481458907914295,-0.07714828476056124
2023-08-11,1116199.361936001,-0.012306795326219477,-0.08850563193646366
2023-08-14,1109365.2137600014,-0.006122694931617101,-0.09408643388400373
2023-08-15,1109365.2137600014,0.0,-0.09408643388400373
2023-08-16,1109365.2137600014,0.0,-0.09408643388400373
2023-08-17,1109365.2137600014,0.0,-0.09408643388400373
2023-08-18,1109365.2137600014,0.0,-0.09408643388400373
2023-08-21,1109365.2137600014,0.0,-0.09408643388400373
2023-08-22,1109365.2137600014,0.0,-0.09408643388400373
2023-08-23,1109365.2137600014,0.0,-0.09408643388400373
2023-08-24,1109365.2137600014,0.0,-0.09408643388400373
2023-08-25,1109365.2137600014,0.0,-0.09408643388400373
2023-08-28,1109365.2137600014,0.0,-0.09408643388400373
2023-08-29,1109365.2137600014,0.0,-0.09408643388400373
2023-08-30,1109365.2137600014,0.0,-0.09408643388400373
2023-08-31,1109365.2137600014,0.0,-0.09408643388400373
2023-09-01,1109365.2137600014,0.0,-0.09408643388400373
2023-09-04,1109365.2137600014,0.0,-0.09408643388400373
2023-09-05,1109365.2137600014,0.0,-0.09408643388400373
2023-09-06,1109365.2137600014,0.0,-0.09408643388400373
2023-09-07,1109365.2137600014,0.0,-0.09408643388400373
2023-09-08,1109365.2137600014,0.0,-0.09408643388400373
2023-09-11,1109365.2137600014,0.0,-0.09408643388400373
2023-09-12,1109365.2137600014,0.0,-0.09408643388400373
2023-09-13,1109365.2137600014,0.0,-0.09408643388400373
2023-09-14,1109365.2137600014,0.0,-0.09408643388400373
2023-09-15,1109365.2137600014,0.0,-0.09408643388400373
2023-09-18,1109365.2137600014,0.0,-0.09408643388400373
2023-09-19,1109365.2137600014,0.0,-0.09408643388400373
2023-09-20,1109365.2137600014,0.0,-0.09408643388400373
2023-09-21,1109365.2137600014,0.0,-0.09408643388400373
2023-09-22,1109365.2137600014,0.0,-0.09408643388400373
2023-09-25,1109365.2137600014,0.0,-0.09408643388400373
2023-09-26,1109365.2137600014,0.0,-0.09408643388400373
2023-09-27,1109365.2137600014,0.0,-0.09408643388400373
2023-09-28,1109365.2137600014,0.0,-0.09408643388400373
2023-10-09,1109365.2137600014,0.0,-0.09408643388400373
2023-10-10,1109365.2137600014,0.0,-0.09408643388400373
2023-10-11,1109365.2137600014,0.0,-0.09408643388400373
2023-10-12,1109365.2137600014,0.0,-0.09408643388400373
2023-10-13,1109365.2137600014,0.0,-0.09408643388400373
2023-10-16,1109365.2137600014,0.0,-0.09408643388400373
2023-10-17,1109365.2137600014,0.0,-0.09408643388400373
2023-10-18,1109365.2137600014,0.0,-0.09408643388400373
2023-10-19,1109365.2137600014,0.0,-0.09408643388400373
2023-10-20,1109365.2137600014,0.0,-0.09408643388400373
2023-10-23,1109365.2137600014,0.0,-0.09408643388400373
2023-10-24,1109365.2137600014,0.0,-0.09408643388400373
2023-10-25,1109365.2137600014,0.0,-0.09408643388400373
2023-10-26,1109365.2137600014,0.0,-0.09408643388400373
2023-10-27,1109365.2137600014,0.0,-0.09408643388400373
2023-10-30,1109365.2137600014,0.0,-0.09408643388400373
2023-10-31,1109365.2137600014,0.0,-0.09408643388400373
2023-11-01,1109365.2137600014,0.0,-0.09408643388400373
2023-11-02,1109365.2137600014,0.0,-0.09408643388400373
2023-11-03,1109365.2137600014,0.0,-0.09408643388400373
2023-11-06,1109365.2137600014,0.0,-0.09408643388400373
2023-11-07,1109365.2137600014,0.0,-0.09408643388400373
2023-11-08,1109365.2137600014,0.0,-0.09408643388400373
2023-11-09,1109365.2137600014,0.0,-0.09408643388400373
2023-11-10,1109365.2137600014,0.0,-0.09408643388400373
2023-11-13,1109365.2137600014,0.0,-0.09408643388400373
2023-11-14,1109365.2137600014,0.0,-0.09408643388400373
2023-11-15,1109365.2137600014,0.0,-0.09408643388400373
2023-11-16,1109365.2137600014,0.0,-0.09408643388400373
2023-11-17,1109365.2137600014,0.0,-0.09408643388400373
2023-11-20,1109365.2137600014,0.0,-0.09408643388400373
2023-11-21,1109365.2137600014,0.0,-0.09408643388400373
2023-11-22,1109365.2137600014,0.0,-0.09408643388400373
2023-11-23,1109365.2137600014,0.0,-0.09408643388400373
2023-11-24,1109365.2137600014,0.0,-0.09408643388400373
2023-11-27,1109365.2137600014,0.0,-0.09408643388400373
2023-11-28,1109365.2137600014,0.0,-0.09408643388400373
2023-11-29,1109365.2137600014,0.0,-0.09408643388400373
2023-11-30,1109365.2137600014,0.0,-0.09408643388400373
2023-12-01,1109365.2137600014,0.0,-0.09408643388400373
2023-12-04,1109365.2137600014,0.0,-0.09408643388400373
2023-12-05,1109365.2137600014,0.0,-0.09408643388400373
2023-12-06,1109365.2137600014,0.0,-0.09408643388400373
2023-12-07,1109365.2137600014,0.0,-0.09408643388400373
2023-12-08,1109365.2137600014,0.0,-0.09408643388400373
2023-12-11,1109365.2137600014,0.0,-0.09408643388400373
2023-12-12,1109365.2137600014,0.0,-0.09408643388400373
2023-12-13,1109365.2137600014,0.0,-0.09408643388400373
2023-12-14,1109365.2137600014,0.0,-0.09408643388400373
2023-12-15,1109365.2137600014,0.0,-0.09408643388400373
2023-12-18,1109365.2137600014,0.0,-0.09408643388400373
2023-12-19,1109365.2137600014,0.0,-0.09408643388400373
2023-12-20,1109365.2137600014,0.0,-0.09408643388400373
2023-12-21,1109365.2137600014,0.0,-0.09408643388400373
2023-12-22,1109365.2137600014,0.0,-0.09408643388400373
2023-12-25,1109365.2137600014,0.0,-0.09408643388400373
2023-12-26,1109365.2137600014,0.0,-0.09408643388400373
2023-12-27,1109365.2137600014,0.0,-0.09408643388400373
2023-12-28,1109365.2137600014,0.0,-0.09408643388400373
2023-12-29,1109365.2137600014,0.0,-0.09408643388400373
2024-01-02,1109365.2137600014,0.0,-0.09408643388400373
2024-01-03,1109365.2137600014,0.0,-0.09408643388400373
2024-01-04,1109365.2137600014,0.0,-0.09408643388400373
2024-01-05,1109365.2137600014,0.0,-0.09408643388400373
2024-01-08,1109365.2137600014,0.0,-0.09408643388400373
2024-01-09,1109365.2137600014,0.0,-0.09408643388400373
2024-01-10,1109365.2137600014,0.0,-0.09408643388400373
2024-01-11,1109365.2137600014,0.0,-0.09408643388400373
2024-01-12,1109365.2137600014,0.0,-0.09408643388400373
2024-01-15,1109365.2137600014,0.0,-0.09408643388400373
2024-01-16,1109365.2137600014,0.0,-0.09408643388400373
2024-01-17,1109365.2137600014,0.0,-0.09408643388400373
2024-01-18,1109365.2137600014,0.0,-0.09408643388400373
2024-01-19,1109365.2137600014,0.0,-0.09408643388400373
2024-01-22,1109365.2137600014,0.0,-0.09408643388400373
2024-01-23,1109365.2137600014,0.0,-0.09408643388400373
2024-01-24,1109365.2137600014,0.0,-0.09408643388400373
2024-01-25,1109365.2137600014,0.0,-0.09408643388400373
2024-01-26,1109365.2137600014,0.0,-0.09408643388400373
2024-01-29,1109365.2137600014,0.0,-0.09408643388400373
2024-01-30,1109365.2137600014,0.0,-0.09408643388400373
2024-01-31,1109365.2137600014,0.0,-0.09408643388400373
2024-02-01,1109365.2137600014,0.0,-0.09408643388400373
2024-02-02,1109365.2137600014,0.0,-0.09408643388400373
2024-02-05,1109365.2137600014,0.0,-0.09408643388400373
2024-02-06,1109365.2137600014,0.0,-0.09408643388400373
2024-02-07,1109365.2137600014,0.0,-0.09408643388400373
2024-02-08,1109365.2137600014,0.0,-0.09408643388400373
2024-02-19,1109582.2558600013,0.00019564530896398757,-0.09390919614446636
2024-02-20,1110242.2558600013,0.0005948184521826771,-0.09337023661498
2024-02-21,1115604.1264700014,0.004829460040544742,-0.08899170440114357
2024-02-22,1119366.8901540013,0.003372848481572044,-0.08591901145463343
2024-02-23,1119857.6901540013,0.0004384621381221532,-0.08551822154997901
2024-02-26,1114131.6901540016,-0.005113149688879104,-0.09019410377094628
2024-02-27,1120839.2901540017,0.006020473216297173,-0.08471664174067006
2024-02-28,1114949.6901540016,-0.0052546337835738255,-0.08952612059652243
2024-02-29,1123947.6901540013,0.008070319297328155,-0.08217830567785933
2024-03-01,1129328.6203140016,0.004787527219583421,-0.07778420933356789
2024-03-04,1128676.4203140014,-0.0005775112648954694,-0.07831679934134228
2024-03-05,1134981.0203140015,0.005585834776495213,-0.07316842926619171
2024-03-06,1131937.4203140014,-0.0026816307458233934,-0.07565384930247132
2024-03-07,1127806.8203140015,-0.0036491416626671658,-0.07902691935170769
2024-03-08,1129980.8203140013,0.0019276350886001659,-0.07725161932579394
2024-03-11,1140416.0203140015,0.009234847010146874,-0.06873017920140678
2024-03-12,1141503.0203140015,0.0009531609348145675,-0.0678425291884498
2024-03-13,1136937.6203140016,-0.003999463793572855,-0.0715706592428691
2024-03-14,1134111.4203140014,-0.0024858004076069307,-0.07387854927655735
2024-03-15,1136068.0203140015,0.0017252273144894303,-0.07228077925323473
2024-03-18,1142807.4203140014,0.005932215219065062,-0.06677734917290157
2024-03-19,1137807.2203140012,-0.004375365360006378,-0.0708605392325038
2024-03-20,1138459.4203140014,0.0005732078232199012,-0.0703279492247294
2024-03-21,1138024.6203140016,-0.00038191962949363223,-0.07068300922991211
2024-03-22,1131285.2203140014,-0.005922015991306595,-0.07618643931024549
2024-03-25,1127154.6203140016,-0.0036512454382223725,-0.07955950935948186
2024-03-26,1129546.0203140015,0.002121625513395564,-0.07760667933097665
2024-03-27,1121284.8203140013,-0.007313734767268376,-0.08435281942944983
2024-03-28,1117539.2357140013,-0.0033404399418793806,-0.08741148384409692
2024-03-29,1117539.2357140013,0.0,-0.08741148384409692
2024-04-01,1117539.2357140013,0.0,-0.08741148384409692
2024-04-02,1117539.2357140013,0.0,-0.08741148384409692
2024-04-03,1117539.2357140013,0.0,-0.08741148384409692
2024-04-08,1117539.2357140013,0.0,-0.08741148384409692
2024-04-09,1117539.2357140013,0.0,-0.08741148384409692
2024-04-10,1117539.2357140013,0.0,-0.08741148384409692
2024-04-11,1117539.2357140013,0.0,-0.08741148384409692
2024-04-12,1117539.2357140013,0.0,-0.08741148384409692
2024-04-15,1117539.2357140013,0.0,-0.08741148384409692
2024-04-16,1117539.2357140013,0.0,-0.08741148384409692
2024-04-17,1117539.2357140013,0.0,-0.08741148384409692
2024-04-18,1117539.2357140013,0.0,-0.08741148384409692
2024-04-19,1117539.2357140013,0.0,-0.08741148384409692
2024-04-22,1117539.2357140013,0.0,-0.08741148384409692
2024-04-23,1117539.2357140013,0.0,-0.08741148384409692
2024-04-24,1117539.2357140013,0.0,-0.08741148384409692
2024-04-25,1117539.2357140013,0.0,-0.08741148384409692
2024-04-26,1117539.2357140013,0.0,-0.08741148384409692
2024-04-29,1117539.2357140013,0.0,-0.08741148384409692
2024-04-30,1116074.3691900014,-0.001310796504665035,-0.08860770168127152
2024-05-06,1118679.3691900014,0.0023340738501955727,-0.0864804447504961
2024-05-07,1118466.3335580013,-0.000190434934144057,-0.08665441078683933
2024-05-08,1115453.2335580015,-0.002693956813536569,-0.08911492436001378
2024-05-09,1119089.7335580015,0.0032601097837159365,-0.08614533901307897
2024-05-10,1119297.5335580013,0.0001856866288454384,-0.0859756484218257
2024-05-13,1118985.8335580013,-0.0002784782335838454,-0.08623018430870588
2024-05-14,1118362.4335580012,-0.0005571116106251051,-0.08673925608246613
2024-05-15,1115661.0335580013,-0.0024154960135825965,-0.08894523376876051
2024-05-16,1116907.8335580013,0.001117543736401494,-0.08792709022124001
2024-05-17,1121167.7335580015,0.0038140121073642064,-0.08444843310054484
2024-05-20,1121527.6263820012,0.00032099819966968646,-0.08415454269586553
2024-05-21,1119661.6263820012,-0.0016638020821828636,-0.0856783282746858
2024-05-22,1120905.6263820012,0.0011110499553510511,-0.08466247122213888
2024-05-23,1115152.1263820014,-0.005132903131703115,-0.08936081009016816
2024-05-24,1108776.6263820012,-0.005717157192431599,-0.09456707748447124
2024-05-27,1106852.6808620014,-0.0017351966791343543,-0.09613818168479904
2024-05-28,1106852.6808620014,0.0,-0.09613818168479904
2024-05-29,1106852.6808620014,0.0,-0.09613818168479904
2024-05-30,1106852.6808620014,0.0,-0.09613818168479904
2024-05-31,1106852.6808620014,0.0,-0.09613818168479904
2024-06-03,1106852.6808620014,0.0,-0.09613818168479904
2024-06-04,1106852.6808620014,0.0,-0.09613818168479904
2024-06-05,1106852.6808620014,0.0,-0.09613818168479904
2024-06-06,1106852.6808620014,0.0,-0.09613818168479904
2024-06-07,1106852.6808620014,0.0,-0.09613818168479904
2024-06-11,1106852.6808620014,0.0,-0.09613818168479904
2024-06-12,1106852.6808620014,0.0,-0.09613818168479904
2024-06-13,1106852.6808620014,0.0,-0.09613818168479904
2024-06-14,1106852.6808620014,0.0,-0.09613818168479904
2024-06-17,1106852.6808620014,0.0,-0.09613818168479904
2024-06-18,1106852.6808620014,0.0,-0.09613818168479904
2024-06-19,1106852.6808620014,0.0,-0.09613818168479904
2024-06-20,1106852.6808620014,0.0,-0.09613818168479904
2024-06-21,1106852.6808620014,0.0,-0.09613818168479904
2024-06-24,1106852.6808620014,0.0,-0.09613818168479904
2024-06-25,1106852.6808620014,0.0,-0.09613818168479904
2024-06-26,1106852.6808620014,0.0,-0.09613818168479904
2024-06-27,1106852.6808620014,0.0,-0.09613818168479904
2024-06-28,1106852.6808620014,0.0,-0.09613818168479904
2024-07-01,1106852.6808620014,0.0,-0.09613818168479904
2024-07-02,1106852.6808620014,0.0,-0.09613818168479904
2024-07-03,1106852.6808620014,0.0,-0.09613818168479904
2024-07-04,1106852.6808620014,0.0,-0.09613818168479904
2024-07-05,1106852.6808620014,0.0,-0.09613818168479904
2024-07-08,1106852.6808620014,0.0,-0.09613818168479904
2024-07-09,1106852.6808620014,0.0,-0.09613818168479904
2024-07-10,1106852.6808620014,0.0,-0.09613818168479904
2024-07-11,1106852.6808620014,0.0,-0.09613818168479904
2024-07-12,1106852.6808620014,0.0,-0.09613818168479904
2024-07-15,1106852.6808620014,0.0,-0.09613818168479904
2024-07-16,1106852.6808620014,0.0,-0.09613818168479904
2024-07-17,1106852.6808620014,0.0,-0.09613818168479904
2024-07-18,1106852.6808620014,0.0,-0.09613818168479904
2024-07-19,1108097.6916380015,0.0011248206717360265,-0.09512149922716517
2024-07-22,1104764.5182820014,-0.0030080139875329204,-0.09784338641450774
2024-07-23,1097484.5182820014,-0.006589639583393758,-0.10378827334581109
2024-07-24,1095276.1781220012,-0.0020121834278419293,-0.10559161573002229
2024-07-25,1095276.1781220012,0.0,-0.10559161573002229
2024-07-26,1095276.1781220012,0.0,-0.10559161573002229
2024-07-29,1095276.1781220012,0.0,-0.10559161573002229
2024-07-30,1095276.1781220012,0.0,-0.10559161573002229
2024-07-31,1095276.1781220012,0.0,-0.10559161573002229
2024-08-01,1095276.1781220012,0.0,-0.10559161573002229
2024-08-02,1095276.1781220012,0.0,-0.10559161573002229
2024-08-05,1095276.1781220012,0.0,-0.10559161573002229
2024-08-06,1095276.1781220012,0.0,-0.10559161573002229
2024-08-07,1095276.1781220012,0.0,-0.10559161573002229
2024-08-08,1095276.1781220012,0.0,-0.10559161573002229
2024-08-09,1095276.1781220012,0.0,-0.10559161573002229
2024-08-12,1095276.1781220012,0.0,-0.10559161573002229
2024-08-13,1095276.1781220012,0.0,-0.10559161573002229
2024-08-14,1095276.1781220012,0.0,-0.10559161573002229
2024-08-15,1095276.1781220012,0.0,-0.10559161573002229
2024-08-16,1095276.1781220012,0.0,-0.10559161573002229
2024-08-19,1095276.1781220012,0.0,-0.10559161573002229
2024-08-20,1095276.1781220012,0.0,-0.10559161573002229
2024-08-21,1095276.1781220012,0.0,-0.10559161573002229
2024-08-22,1095276.1781220012,0.0,-0.10559161573002229
2024-08-23,1095276.1781220012,0.0,-0.10559161573002229
2024-08-26,1095276.1781220012,0.0,-0.10559161573002229
2024-08-27,1095276.1781220012,0.0,-0.10559161573002229
2024-08-28,1095276.1781220012,0.0,-0.10559161573002229
2024-08-29,1095276.1781220012,0.0,-0.10559161573002229
2024-08-30,1095276.1781220012,0.0,-0.10559161573002229
2024-09-02,1095276.1781220012,0.0,-0.10559161573002229
2024-09-03,1095276.1781220012,0.0,-0.10559161573002229
2024-09-04,1095276.1781220012,0.0,-0.10559161573002229
2024-09-05,1095276.1781220012,0.0,-0.10559161573002229
2024-09-06,1095276.1781220012,0.0,-0.10559161573002229
2024-09-09,1095276.1781220012,0.0,-0.10559161573002229
2024-09-10,1095276.1781220012,0.0,-0.10559161573002229
2024-09-11,1095276.1781220012,0.0,-0.10559161573002229
2024-09-12,1095276.1781220012,0.0,-0.10559161573002229
2024-09-13,1095276.1781220012,0.0,-0.10559161573002229
2024-09-18,1095276.1781220012,0.0,-0.10559161573002229
2024-09-19,1095276.1781220012,0.0,-0.10559161573002229
2024-09-20,1095276.1781220012,0.0,-0.10559161573002229
2024-09-23,1095276.1781220012,0.0,-0.10559161573002229
2024-09-24,1095276.1781220012,0.0,-0.10559161573002229
2024-09-25,1093883.3096100013,-0.001271705292073655,-0.10672903960557345
2024-09-26,1111244.3795940012,0.01587104385950422,-0.0925518970147321
2024-09-27,1143694.0447840013,0.029201196231791737,-0.06605332688929211
2024-09-30,1201096.8447840014,0.05019069589615732,-0.019177893435964655
2024-10-08,1229325.1447840014,0.02350210153543153,0.0
2024-10-09,1167822.1447840014,-0.05002988856199342,-0.05002988856199342
2024-10-10,1177914.9447840014,0.008642411899002722,-0.04181985556720469
2024-10-11,1160725.6447840014,-0.01459298914248186,-0.05580256801145422
2024-10-14,1170660.7447840015,0.008559387004712038,-0.047720816782209075
2024-10-15,1153471.4447840014,-0.01468341710148624,-0.0617035292264585
2024-10-16,1149528.9447840012,-0.0034179433030858686,-0.06491057336504802
2024-10-17,1142747.8447840014,-0.00589902501434969,-0.07042668928342155
2024-10-18,1166875.9447840014,0.02111410676478731,-0.05079957915525479
2024-10-21,1164527.5142320015,-0.0020125794541377973,-0.052709920420105916
2024-10-22,1164527.5142320015,0.0,-0.052709920420105916
2024-10-23,1164527.5142320015,0.0,-0.052709920420105916
2024-10-24,1164527.5142320015,0.0,-0.052709920420105916
2024-10-25,1164527.5142320015,0.0,-0.052709920420105916
2024-10-28,1164527.5142320015,0.0,-0.052709920420105916
2024-10-29,1164527.5142320015,0.0,-0.052709920420105916
2024-10-30,1164527.5142320015,0.0,-0.052709920420105916
2024-10-31,1164527.5142320015,0.0,-0.052709920420105916
2024-11-01,1164527.5142320015,0.0,-0.052709920420105916
2024-11-04,1164527.5142320015,0.0,-0.052709920420105916
2024-11-05,1164527.5142320015,0.0,-0.052709920420105916
2024-11-06,1164527.5142320015,0.0,-0.052709920420105916
2024-11-07,1164527.5142320015,0.0,-0.052709920420105916
2024-11-08,1159831.1038540015,-0.004032889150839214,-0.0565302363047413
2024-11-11,1160824.4038540015,0.0008564177979875076,-0.05572223200724957
2024-11-12,1158648.6038540015,-0.0018743575624153852,-0.05749214618270748
2024-11-13,1159878.4038540015,0.001061408951695375,-0.05649175990962263
2024-11-14,1156520.1038540015,-0.002895389713991725,-0.05922358396304672
2024-11-15,1153256.4038540015,-0.0028220002307992598,-0.061878455226233475
2024-11-18,1153258.3053140016,1.6487747163118627e-06,-0.061876908475149706
2024-11-19,1153258.3053140016,0.0,-0.061876908475149706
2024-11-20,1153258.3053140016,0.0,-0.061876908475149706
2024-11-21,1153258.3053140016,0.0,-0.061876908475149706
2024-11-22,1153258.3053140016,0.0,-0.061876908475149706
2024-11-25,1153258.3053140016,0.0,-0.061876908475149706
2024-11-26,1153258.3053140016,0.0,-0.061876908475149706
2024-11-27,1153258.3053140016,0.0,-0.061876908475149706
2024-11-28,1153258.3053140016,0.0,-0.061876908475149706
2024-11-29,1153258.3053140016,0.0,-0.061876908475149706
2024-12-02,1153258.3053140016,0.0,-0.061876908475149706
2024-12-03,1153258.3053140016,0.0,-0.061876908475149706
2024-12-04,1153258.3053140016,0.0,-0.061876908475149706
2024-12-05,1153258.3053140016,0.0,-0.061876908475149706
2024-12-06,1153258.3053140016,0.0,-0.061876908475149706
2024-12-09,1153258.3053140016,0.0,-0.061876908475149706
2024-12-10,1153258.3053140016,0.0,-0.061876908475149706
2024-12-11,1153258.3053140016,0.0,-0.061876908475149706
2024-12-12,1153258.3053140016,0.0,-0.061876908475149706
2024-12-13,1153258.3053140016,0.0,-0.061876908475149706
2024-12-16,1153258.3053140016,0.0,-0.061876908475149706
2024-12-17,1153258.3053140016,0.0,-0.061876908475149706
2024-12-18,1153258.3053140016,0.0,-0.061876908475149706
2024-12-19,1153258.3053140016,0.0,-0.061876908475149706
2024-12-20,1153258.3053140016,0.0,-0.061876908475149706
2024-12-23,1153258.3053140016,0.0,-0.061876908475149706
2024-12-24,1153258.3053140016,0.0,-0.061876908475149706
2024-12-25,1153258.3053140016,0.0,-0.061876908475149706
2024-12-26,1153258.3053140016,0.0,-0.061876908475149706
2024-12-27,1153258.3053140016,0.0,-0.061876908475149706
2024-12-30,1153258.3053140016,0.0,-0.061876908475149706
2024-12-31,1153258.3053140016,0.0,-0.061876908475149706
2025-01-02,1153258.3053140016,0.0,-0.061876908475149706
2025-01-03,1153258.3053140016,0.0,-0.061876908475149706
2025-01-06,1153258.3053140016,0.0,-0.061876908475149706
2025-01-07,1153258.3053140016,0.0,-0.061876908475149706
2025-01-08,1153258.3053140016,0.0,-0.061876908475149706
2025-01-09,1153258.3053140016,0.0,-0.061876908475149706
2025-01-10,1153258.3053140016,0.0,-0.061876908475149706
2025-01-13,1153258.3053140016,0.0,-0.061876908475149706
2025-01-14,1153258.3053140016,0.0,-0.061876908475149706
2025-01-15,1153258.3053140016,0.0,-0.061876908475149706
2025-01-16,1153258.3053140016,0.0,-0.061876908475149706
2025-01-17,1153258.3053140016,0.0,-0.061876908475149706
2025-01-20,1153258.3053140016,0.0,-0.061876908475149706
2025-01-21,1153258.3053140016,0.0,-0.061876908475149706
2025-01-22,1153258.3053140016,0.0,-0.061876908475149706
2025-01-23,1153258.3053140016,0.0,-0.061876908475149706
2025-01-24,1153258.3053140016,0.0,-0.061876908475149706
2025-01-27,1153258.3053140016,0.0,-0.061876908475149706
2025-02-05,1153258.3053140016,0.0,-0.061876908475149706
2025-02-06,1153258.3053140016,0.0,-0.061876908475149706
2025-02-07,1153258.3053140016,0.0,-0.061876908475149706
2025-02-10,1153258.3053140016,0.0,-0.061876908475149706
2025-02-11,1153258.3053140016,0.0,-0.061876908475149706
2025-02-12,1153258.3053140016,0.0,-0.061876908475149706
2025-02-13,1153258.3053140016,0.0,-0.061876908475149706
2025-02-14,1153258.3053140016,0.0,-0.061876908475149706
2025-02-17,1153258.3053140016,0.0,-0.061876908475149706
2025-02-18,1151584.6715180017,-0.0014512219754135858,-0.06323833332121342
2025-02-19,1152611.5715180016,0.0008917277429945081,-0.062402996954462164
2025-02-20,1152024.7715180016,-0.0005091047274731197,-0.06288033202117727
2025-02-21,1154665.3715180017,0.0022921382120286715,-0.06073232422095931
2025-02-24,1153094.8631540018,-0.0013601415637287673,-0.06200986122625329
2025-02-25,1149097.3631540015,-0.0034667572701400085,-0.06526164535916679
2025-02-26,1152314.8631540018,0.0028000238301557623,-0.06264435569121196
2025-02-27,1153582.3631540018,0.001099959777079329,-0.061613302185654084
2025-02-28,1146464.8631540018,-0.006169910556312663,-0.06740306417840225
2025-03-03,1145015.6192540016,-0.0012640979646014738,-0.06858195806676792
2025-03-04,1145015.6192540016,0.0,-0.06858195806676792
2025-03-05,1145015.6192540016,0.0,-0.06858195806676792
2025-03-06,1145015.6192540016,0.0,-0.06858195806676792
2025-03-07,1145015.6192540016,0.0,-0.06858195806676792
2025-03-10,1145015.6192540016,0.0,-0.06858195806676792
2025-03-11,1145015.6192540016,0.0,-0.06858195806676792
2025-03-12,1145015.6192540016,0.0,-0.06858195806676792
2025-03-13,1145015.6192540016,0.0,-0.06858195806676792
2025-03-14,1145015.6192540016,0.0,-0.06858195806676792
2025-03-17,1143327.2774160015,-0.001474514242085223,-0.06995534723493357
2025-03-18,1143758.3774160016,0.00037705739075377664,-0.06960466702487755
2025-03-19,1144045.7774160018,0.0002512768480431582,-0.06937088021817339
2025-03-20,1142465.0774160016,-0.0013816754811774024,-0.07065670765504561
2025-03-21,1139303.6774160017,-0.002767174299235675,-0.07322836252878973
2025-03-24,1138495.0449440016,-0.0007097602579797524,-0.0738861482052896
2025-03-25,1138495.0449440016,0.0,-0.0738861482052896
2025-03-26,1138495.0449440016,0.0,-0.0738861482052896
2025-03-27,1138495.0449440016,0.0,-0.0738861482052896
2025-03-28,1138495.0449440016,0.0,-0.0738861482052896
2025-03-31,1138495.0449440016,0.0,-0.0738861482052896
2025-04-01,1138495.0449440016,0.0,-0.0738861482052896
2025-04-02,1138495.0449440016,0.0,-0.0738861482052896
2025-04-03,1138495.0449440016,0.0,-0.0738861482052896
2025-04-07,1138495.0449440016,0.0,-0.0738861482052896
2025-04-08,1138495.0449440016,0.0,-0.0738861482052896
2025-04-09,1138495.0449440016,0.0,-0.0738861482052896
2025-04-10,1138495.0449440016,0.0,-0.0738861482052896
2025-04-11,1138495.0449440016,0.0,-0.0738861482052896
2025-04-14,1138495.0449440016,0.0,-0.0738861482052896
2025-04-15,1138495.0449440016,0.0,-0.0738861482052896
2025-04-16,1138495.0449440016,0.0,-0.0738861482052896
2025-04-17,1138495.0449440016,0.0,-0.0738861482052896
2025-04-18,1138495.0449440016,0.0,-0.0738861482052896
2025-04-21,1138495.0449440016,0.0,-0.0738861482052896
2025-04-22,1138495.0449440016,0.0,-0.0738861482052896
2025-04-23,1138495.0449440016,0.0,-0.0738861482052896
2025-04-24,1138495.0449440016,0.0,-0.0738861482052896
2025-04-25,1138495.0449440016,0.0,-0.0738861482052896
2025-04-28,1138495.0449440016,0.0,-0.0738861482052896
2025-04-29,1138495.0449440016,0.0,-0.0738861482052896
2025-04-30,1138495.0449440016,0.0,-0.0738861482052896
2025-05-06,1138495.0449440016,0.0,-0.0738861482052896
2025-05-07,1138495.0449440016,0.0,-0.0738861482052896
2025-05-08,1138495.0449440016,0.0,-0.0738861482052896
2025-05-09,1138495.0449440016,0.0,-0.0738861482052896
2025-05-12,1138495.0449440016,0.0,-0.0738861482052896
2025-05-13,1137117.9382240016,-0.001209585167819327,-0.07500636178413245
2025-05-14,1139606.7382240016,0.0021886911782318386,-0.07298183636824884
2025-05-15,1136101.2021380016,-0.0030760928032622648,-0.07583343026988987
2025-05-16,1133965.0021380016,-0.0018802902382111242,-0.07757113164943441
2025-05-19,1133382.4021380018,-0.0005137724699628698,-0.07804505020749186
2025-05-20,1131940.4496600016,-0.0012722559264023436,-0.07921801285624142
2025-05-21,1131940.4496600016,0.0,-0.07921801285624142
2025-05-22,1131940.4496600016,0.0,-0.07921801285624142
2025-05-23,1131940.4496600016,0.0,-0.07921801285624142
2025-05-26,1131940.4496600016,0.0,-0.07921801285624142
2025-05-27,1131940.4496600016,0.0,-0.07921801285624142
2025-05-28,1131940.4496600016,0.0,-0.07921801285624142
2025-05-29,1131940.4496600016,0.0,-0.07921801285624142
2025-05-30,1131940.4496600016,0.0,-0.07921801285624142
2025-06-03,1131940.4496600016,0.0,-0.07921801285624142
2025-06-04,1131940.4496600016,0.0,-0.07921801285624142
2025-06-05,1131940.4496600016,0.0,-0.07921801285624142
2025-06-06,1131940.4496600016,0.0,-0.07921801285624142
2025-06-09,1131940.4496600016,0.0,-0.07921801285624142
2025-06-10,1131940.4496600016,0.0,-0.07921801285624142
2025-06-11,1131940.4496600016,0.0,-0.07921801285624142
2025-06-12,1131940.4496600016,0.0,-0.07921801285624142
2025-06-13,1131940.4496600016,0.0,-0.07921801285624142
2025-06-16,1131940.4496600016,0.0,-0.07921801285624142
2025-06-17,1131940.4496600016,0.0,-0.07921801285624142
2025-06-18,1131940.4496600016,0.0,-0.07921801285624142
2025-06-19,1131940.4496600016,0.0,-0.07921801285624142
2025-06-20,1131940.4496600016,0.0,-0.07921801285624142
2025-06-23,1131940.4496600016,0.0,-0.07921801285624142
2025-06-24,1131940.4496600016,0.0,-0.07921801285624142
2025-06-25,1131940.4496600016,0.0,-0.07921801285624142
2025-06-26,1130979.1389600015,-0.0008492590756773444,-0.07999999531554347
2025-06-27,1129886.6389600015,-0.0009659771452589228,-0.08088869429370671
2025-06-30,1130789.1389600015,0.0007987526968464831,-0.08015455165957186
2025-07-01,1131074.1389600015,0.0002520363790035063,-0.07992271714352928
2025-07-02,1131264.1389600015,0.00016798191511546712,-0.07976816079950089
2025-07-03,1132356.6389600015,0.0009657337861026516,-0.07887946182133754
2025-07-04,1133164.1389600015,0.0007131145543877171,-0.07822259735921688
2025-07-07,1131209.5946460017,-0.0017248554263230576,-0.07981253011402378
2025-07-08,1134432.7946460014,0.0028493393401674005,-0.07719060375574849
2025-07-09,1134148.3946460015,-0.00025069797112897696,-0.07742195019912568
2025-07-10,1136044.3946460015,0.0016717389090796786,-0.07587964057661067
2025-07-11,1137453.7097280016,0.0012405457820503507,-0.07473322696262108
2025-07-14,1137311.8097280015,-0.00012475232951159043,-0.07484865614797709
2025-07-15,1137311.8097280015,0.0,-0.07484865614797709
2025-07-16,1136034.7097280016,-0.0011229110513722995,-0.0758875188161805
2025-07-17,1140717.4097280016,0.004121969126384517,-0.07207835569943433
2025-07-18,1145571.5639780017,0.004255352121922629,-0.06812972236138193
2025-07-21,1150291.5639780015,0.004120214003575207,-0.06429021739393981
2025-07-22,1158598.7639780017,0.007221821197463951,-0.05753268865124106
2025-07-23,1158221.1639780016,-0.000325910929426132,-0.05783984904863648
2025-07-24,1163129.9639780016,0.0042382233658555535,-0.05384676388249632
2025-07-25,1158976.3639780015,-0.0035710540770478305,-0.05722552825384575
2025-07-28,1161053.1639780013,0.001791926103541508,-0.055536146068171255
2025-07-29,1165017.9639780016,0.0034148307097463526,-0.052310961895519426
2025-07-30,1164451.5639780015,-0.0004861727608612698,-0.05277170249161256
2025-07-31,1149913.9639780016,-0.012484503821126314,-0.06459737779133501
2025-08-01,1145760.3639780015,-0.0036120963220858116,-0.06797614216268444
2025-08-04,1149347.5639780015,0.003130846652388497,-0.06505811838742825
2025-08-05,1155200.3639780015,0.0050922803366311165,-0.060297132227799644
2025-08-06,1157277.1639780016,0.0017977833670761445,-0.05860775004212493
2025-08-07,1157088.3639780015,-0.00016314155837227062,-0.05876133024082264
2025-08-08,1155200.3639780015,-0.0016316817788307736,-0.060297132227799644
2025-08-11,1158787.5639780015,0.0031052621794951385,-0.05737910845254346
2025-08-12,1163696.3639780015,0.0042361517784577085,-0.053386023286403406
2025-08-13,1170304.3639780015,0.005678457202883402,-0.04801071633198406
2025-08-14,1168982.7639780017,-0.0011292788787932162,-0.04908577772286782
2025-08-15,1176345.9639780014,0.006298809723201515,-0.04309614997365785
2025-08-18,1182387.5639780015,0.0051359040494936,-0.03818158361533153
2025-08-19,1178233.9639780014,-0.0035128921569724803,-0.04156034798668096
2025-08-20,1189373.1639780016,0.009454149464841022,-0.03249911626351676
2025-08-21,1192016.3639780013,0.0022223470984994442,-0.030348993481749242
2025-08-22,1211085.1639780016,0.015997095825399432,-0.01483739341328183
2025-08-25,1227321.9639780014,0.013406819340984644,-0.0016294963252801997
2025-08-26,1222790.7639780017,-0.0036919407726666575,-0.005315421094024608
2025-08-27,1210329.9639780014,-0.010190459698487309,-0.015451714208072675
2025-08-28,1226189.1639780016,0.013103203648594741,-0.0025509775174661353
2025-08-29,1234118.7639780014,0.006466865172967795,0.0
2025-09-01,1236950.7639780014,0.002294754834511581,0.0
2025-09-02,1232041.9639780014,-0.003968468384475954,-0.003968468384475954
2025-09-03,1224301.1639780016,-0.006282902876949437,-0.010226437759995433
2025-09-04,1206742.7639780017,-0.014341569310404867,-0.02442134390446682
2025-09-05,1225245.1639780016,0.015332513732261521,-0.009463270762980813
2025-09-08,1225433.9639780014,0.000154091610030882,-0.009310637363578067
2025-09-09,1220336.3639780015,-0.00415983247555185,-0.013431739147456767
2025-09-10,1222224.3639780013,0.0015471144315042373,-0.01190540515342775
2025-09-11,1245257.9639780016,0.018845639703198414,0.0
2025-09-12,1237894.7639780017,-0.005912991695694925,-0.005912991695694925
2025-09-15,1239405.1639780013,0.0012201360276749007,-0.004700070322219307
2025-09-16,1237705.9639780016,-0.0013709802487396061,-0.0060646068673795295
2025-09-17,1243936.3639780015,0.005033828858653333,-0.0010613062017914565
2025-09-18,1232797.1639780016,-0.008954798913006878,-0.010006601331176257
2025-09-19,1234685.1639780016,0.0015314765925547036,-0.008490449614331319
2025-09-22,1237517.1639780016,0.0022937021376976396,-0.006216222039064023
2025-09-23,1238083.5639780015,0.00045769062158229623,-0.005761376524010653
2025-09-24,1245824.3639780015,0.006252243568381388,0.0
2025-09-25,1251865.9639780016,0.004849479729798212,0.0
2025-09-26,1243558.7639780017,-0.006635854188097312,-0.006635854188097312
2025-09-29,1258096.3639780015,0.011690320088691086,0.0
2025-09-30,1260550.7639780014,0.0019508839467903272,0.0
2025-10-09,1274710.7639780014,0.011233185052630823,0.0
2025-10-10,1256397.1639780013,-0.01436686699251577,-0.01436686699251577
2025-10-13,1251299.5639780015,-0.004057315748676071,-0.018365891825483982
2025-10-14,1242425.9639780016,-0.007091507306044131,-0.02532715727546564
2025-10-15,1253942.7639780014,0.009269606667849484,-0.016292323393574448
2025-10-16,1256774.7639780014,0.0022584762888344656,-0.014070642930814281
2025-10-17,1238461.1639780013,-0.014571903036971423,-0.02843750992333005
2025-10-20,1241481.9639780014,0.002439156017050248,-0.02606771742971925
2025-10-21,1254697.9639780014,0.01064534192478539,-0.015699875270171804
2025-10-22,1251865.9639780016,-0.0022571169168242866,-0.01792155573293175
2025-10-23,1255264.3639780015,0.002714667622403466,-0.015255539177619681
2025-10-24,1266025.9639780016,0.008573174152650909,-0.006813153419131024
2025-10-27,1276598.7639780017,0.008351171540573299,0.0
2025-10-28,1272067.5639780015,-0.003549431605182285,-0.003549431605182285
2025-10-29,1283395.5639780015,0.008905187366443856,0.0
2025-10-30,1276032.3639780015,-0.005737280232742115,-0.005737280232742115
2025-10-31,1263382.7639780017,-0.009913228188480283,-0.015593633453094058
2025-11-03,1264704.3639780015,0.0010460804418754854,-0.014563865206191684
2025-11-04,1258285.1639780016,-0.005075652605332159,-0.019565596691146325
2025-11-05,1259417.9639780016,0.0009002728732958598,-0.0186829381938014
2025-11-06,1272633.9639780016,0.010493736295658307,-0.008385255724776886
2025-11-07,1270745.9639780014,-0.001483537335510654,-0.009856353220352054
2025-11-10,1273011.5639780015,0.0017828897861755788,-0.008091036225662096
2025-11-11,1264704.3639780015,-0.006525628073668854,-0.014563865206191684
2025-11-12,1265081.9639780014,0.000298567800313565,-0.014269645707076783
2025-11-13,1273955.5639780015,0.007014249078452828,-0.007355487477874623
2025-11-14,1260550.7639780014,-0.010522188040957059,-0.01780027969645659
2025-11-17,1254697.9639780014,-0.004643049821754119,-0.02236068193273888
2025-11-18,1249600.3639780015,-0.0040628104502840046,-0.026332645170791036
2025-11-19,1252243.5639780015,0.0021152362596834617,-0.024273108676986177
2025-11-20,1248278.7639780014,-0.0031661572189718434,-0.02736241341769352
2025-11-21,1227133.1639780016,-0.016939805923328555,-0.0438387053681325
2025-11-24,1226810.1724900017,-0.0002632081810525211,-0.044090374843285485
2025-11-25,1226810.1724900017,0.0,-0.044090374843285485
2025-11-26,1226810.1724900017,0.0,-0.044090374843285485
2025-11-27,1226810.1724900017,0.0,-0.044090374843285485
2025-11-28,1226810.1724900017,0.0,-0.044090374843285485
2025-12-01,1226810.1724900017,0.0,-0.044090374843285485
2025-12-02,1226810.1724900017,0.0,-0.044090374843285485
2025-12-03,1226810.1724900017,0.0,-0.044090374843285485
2025-12-04,1226810.1724900017,0.0,-0.044090374843285485
2025-12-05,1226810.1724900017,0.0,-0.044090374843285485
2025-12-08,1226810.1724900017,0.0,-0.044090374843285485
2025-12-09,1226810.1724900017,0.0,-0.044090374843285485
2025-12-10,1226810.1724900017,0.0,-0.044090374843285485
2025-12-11,1226810.1724900017,0.0,-0.044090374843285485
2025-12-12,1226810.1724900017,0.0,-0.044090374843285485
2025-12-15,1226810.1724900017,0.0,-0.044090374843285485
2025-12-16,1226810.1724900017,0.0,-0.044090374843285485
2025-12-17,1226810.1724900017,0.0,-0.044090374843285485
2025-12-18,1226810.1724900017,0.0,-0.044090374843285485
2025-12-19,1226810.1724900017,0.0,-0.044090374843285485
2025-12-22,1226810.1724900017,0.0,-0.044090374843285485
2025-12-23,1226810.1724900017,0.0,-0.044090374843285485
2025-12-24,1226810.1724900017,0.0,-0.044090374843285485
2025-12-25,1226810.1724900017,0.0,-0.044090374843285485
2025-12-26,1227101.4995380016,0.00023746709518124298,-0.04386337776134375
2025-12-29,1226169.0995380017,-0.000759839345279012,-0.04458988798638286
2025-12-30,1226613.0995380017,0.0003621034000671486,-0.044243930736364234
2025-12-31,1225725.0995380017,-0.0007239446573124031,-0.044935845236401595
2026-01-05,1229765.4995380016,0.003296334554561131,-0.041787634261231665
2026-01-06,1235621.4871000017,0.004761873352439938,-0.03722474833084177
2026-01-07,1232706.2671300017,-0.002359314725775774,-0.039496238159717256
2026-01-08,1227697.8671300015,-0.004062930589020852,-0.04339869827456766
2026-01-09,1230597.4671300016,0.002361818878759303,-0.041139379260706876
2026-01-12,1234287.8671300015,0.0029988685159629824,-0.03826388233397515
2026-01-13,1232047.2671300014,-0.0018152977596790354,-0.04000971975377665
2026-01-14,1228093.2671300017,-0.003209292456133106,-0.04309060931813202
2026-01-15,1229279.4671300016,0.0009658875524756194,-0.042166342448825445
2026-01-16,1227170.6671300016,-0.0017154764692551838,-0.043809483549815065
2026-01-19,1227434.2671300014,0.00021480304823162655,-0.04360409091219153
2026-01-20,1225589.0671300017,-0.001503298424537336,-0.04504183937555717
2026-01-21,1226379.8671300015,0.000645240742765063,-0.04442566146268623
2026-01-22,1225984.4671300016,-0.0003224123378062771,-0.04473375041912164
2026-01-23,1222953.0671300017,-0.002472625128029815,-0.047095765751794194
2026-01-26,1224007.4671300016,0.0008621753592510384,-0.046274195201299495
2026-01-27,1223743.8671300015,-0.00021535816331097468,-0.04647958783892325
2026-01-28,1223473.7166700016,-0.00022075735556781328,-0.0466900844835918
2026-01-29,1223473.7166700016,0.0,-0.0466900844835918
2026-01-30,1223473.7166700016,0.0,-0.0466900844835918
2026-02-02,1223473.7166700016,0.0,-0.0466900844835918
2026-02-03,1223473.7166700016,0.0,-0.0466900844835918
2026-02-04,1223473.7166700016,0.0,-0.0466900844835918
2026-02-05,1223473.7166700016,0.0,-0.0466900844835918
2026-02-06,1223473.7166700016,0.0,-0.0466900844835918
2026-02-09,1223473.7166700016,0.0,-0.0466900844835918
2026-02-10,1223473.7166700016,0.0,-0.0466900844835918
2026-02-11,1223473.7166700016,0.0,-0.0466900844835918
2026-02-12,1223473.7166700016,0.0,-0.0466900844835918
2026-02-13,1223473.7166700016,0.0,-0.0466900844835918
2026-02-24,1223473.7166700016,0.0,-0.0466900844835918
2026-02-25,1223473.7166700016,0.0,-0.0466900844835918
2026-02-26,1223473.7166700016,0.0,-0.0466900844835918
2026-02-27,1223473.7166700016,0.0,-0.0466900844835918
2026-03-02,1223473.7166700016,0.0,-0.0466900844835918
2026-03-03,1223473.7166700016,0.0,-0.0466900844835918
2026-03-04,1223473.7166700016,0.0,-0.0466900844835918
2026-03-05,1223473.7166700016,0.0,-0.0466900844835918
2026-03-06,1223473.7166700016,0.0,-0.0466900844835918
2026-03-09,1223473.7166700016,0.0,-0.0466900844835918
2026-03-10,1223473.7166700016,0.0,-0.0466900844835918
2026-03-11,1223473.7166700016,0.0,-0.0466900844835918
2026-03-12,1223473.7166700016,0.0,-0.0466900844835918
2026-03-13,1223473.7166700016,0.0,-0.0466900844835918
2026-03-16,1223473.7166700016,0.0,-0.0466900844835918
2026-03-17,1223473.7166700016,0.0,-0.0466900844835918
2026-03-18,1223473.7166700016,0.0,-0.0466900844835918
2026-03-19,1223473.7166700016,0.0,-0.0466900844835918
2026-03-20,1223473.7166700016,0.0,-0.0466900844835918
2026-03-23,1223473.7166700016,0.0,-0.0466900844835918
2026-03-24,1223473.7166700016,0.0,-0.0466900844835918
2026-03-25,1223473.7166700016,0.0,-0.0466900844835918
2026-03-26,1223473.7166700016,0.0,-0.0466900844835918
2026-03-27,1223473.7166700016,0.0,-0.0466900844835918
2026-03-30,1223473.7166700016,0.0,-0.0466900844835918
2026-03-31,1223473.7166700016,0.0,-0.0466900844835918
2026-04-01,1223473.7166700016,0.0,-0.0466900844835918
2026-04-02,1223473.7166700016,0.0,-0.0466900844835918
2026-04-03,1223473.7166700016,0.0,-0.0466900844835918
2026-04-07,1223473.7166700016,0.0,-0.0466900844835918
2026-04-08,1223473.7166700016,0.0,-0.0466900844835918
2026-04-09,1223473.7166700016,0.0,-0.0466900844835918
2026-04-10,1223473.7166700016,0.0,-0.0466900844835918
2026-04-13,1223473.7166700016,0.0,-0.0466900844835918
2026-04-14,1223473.7166700016,0.0,-0.0466900844835918
2026-04-15,1223473.7166700016,0.0,-0.0466900844835918
2026-04-16,1223473.7166700016,0.0,-0.0466900844835918
2026-04-17,1223473.7166700016,0.0,-0.0466900844835918
2026-04-20,1223473.7166700016,0.0,-0.0466900844835918
2026-04-21,1223496.6639380017,1.8755832420058738e-05,-0.046672204362572134
2026-04-22,1225012.1639380017,0.0012386629605691812,-0.04549135253283487
2026-04-23,1223268.3261380016,-0.001423526925964702,-0.04685012129357058
2026-04-24,1221628.6261380017,-0.0013404254528330828,-0.048127747651353525
2026-04-27,1221628.6261380017,0.0,-0.048127747651353525
2026-04-28,1220593.0261380016,-0.0008477208030676087,-0.04893466956153225
2026-04-29,1224994.3261380016,0.0036058701842054397,-0.045505251443272776
2026-04-30,1225253.2261380015,0.00021134791768062655,-0.045303520965728206
2026-05-06,1230776.4261380015,0.004507802862441013,-0.04099993744477515
2026-05-07,1232655.6407180016,0.0015268529199059522,-0.03953568539907282
2026-05-08,1229304.2407180017,-0.002718845303825268,-0.04214703929031727
2026-05-11,1239616.2407180017,0.008388484850566424,-0.03411210424033395
2026-05-12,1238232.0849580015,-0.0011166002142715126,-0.0351906148717015
2026-05-13,1247482.2849580017,0.007470489670209135,-0.027983016326379784
2026-05-14,1234463.4849580016,-0.010436060020233784,-0.038127043908684266
2026-05-15,1223671.5849580015,-0.008742178388830402,-0.04653590887822623
2026-05-18,1216783.0124080016,-0.005629429198714564,-0.05190336747271296
2026-05-19,1216783.0124080016,0.0,-0.05190336747271296
2026-05-20,1216783.0124080016,0.0,-0.05190336747271296
2026-05-21,1216783.0124080016,0.0,-0.05190336747271296
2026-05-22,1216783.0124080016,0.0,-0.05190336747271296
2026-05-25,1216783.0124080016,0.0,-0.05190336747271296
2026-05-26,1216783.0124080016,0.0,-0.05190336747271296
2026-05-27,1216783.0124080016,0.0,-0.05190336747271296
2026-05-28,1216783.0124080016,0.0,-0.05190336747271296
2026-05-29,1216783.0124080016,0.0,-0.05190336747271296
2026-06-01,1216783.0124080016,0.0,-0.05190336747271296
2026-06-02,1216783.0124080016,0.0,-0.05190336747271296
2026-06-03,1216783.0124080016,0.0,-0.05190336747271296
2026-06-04,1216783.0124080016,0.0,-0.05190336747271296
2026-06-05,1216783.0124080016,0.0,-0.05190336747271296
2026-06-08,1216783.0124080016,0.0,-0.05190336747271296
2026-06-09,1216783.0124080016,0.0,-0.05190336747271296
2026-06-10,1216783.0124080016,0.0,-0.05190336747271296
2026-06-11,1216783.0124080016,0.0,-0.05190336747271296
2026-06-12,1216783.0124080016,0.0,-0.05190336747271296
2026-06-15,1216783.0124080016,0.0,-0.05190336747271296
2026-06-16,1216783.0124080016,0.0,-0.05190336747271296
2026-06-17,1216783.0124080016,0.0,-0.05190336747271296
2026-06-18,1216783.0124080016,0.0,-0.05190336747271296
2026-06-22,1216783.0124080016,0.0,-0.05190336747271296
2026-06-23,1210736.9484500017,-0.0049688924782363975,-0.05661435769871903
2026-06-24,1211754.4484500017,0.0008403972483888023,-0.05582153900075959
2026-06-25,1215051.1484500016,0.002720600699437803,-0.05325280641937091
2026-06-26,1209312.4484500017,-0.004723011049634129,-0.05772430387586225
2026-06-29,1208202.7051560015,-0.000917664657651196,-0.05858899697995901
2026-06-30,1208202.7051560015,0.0,-0.05858899697995901
2026-07-01,1208202.7051560015,0.0,-0.05858899697995901
2026-07-02,1208202.7051560015,0.0,-0.05858899697995901
2026-07-03,1208202.7051560015,0.0,-0.05858899697995901
2026-07-06,1208202.7051560015,0.0,-0.05858899697995901
2026-07-07,1208202.7051560015,0.0,-0.05858899697995901
2026-07-08,1208202.7051560015,0.0,-0.05858899697995901
2026-07-09,1208202.7051560015,0.0,-0.05858899697995901
2026-07-10,1208202.7051560015,0.0,-0.05858899697995901
2026-07-13,1208202.7051560015,0.0,-0.05858899697995901
2026-07-14,1208202.7051560015,0.0,-0.05858899697995901
2026-07-15,1208202.7051560015,0.0,-0.05858899697995901
2026-07-16,1208202.7051560015,0.0,-0.05858899697995901
2026-07-17,1208202.7051560015,0.0,-0.05858899697995901
2026-07-20,1208202.7051560015,0.0,-0.05858899697995901
2026-07-21,1208202.7051560015,0.0,-0.05858899697995901
2026-07-22,1208202.7051560015,0.0,-0.05858899697995901
2026-07-23,1208202.7051560015,0.0,-0.05858899697995901
2026-07-24,1208202.7051560015,0.0,-0.05858899697995901
2026-07-27,1208202.7051560015,0.0,-0.05858899697995901
2026-07-28,1208202.7051560015,0.0,-0.05858899697995901
2026-07-29,1208202.7051560015,0.0,-0.05858899697995901
2026-07-30,1208202.7051560015,0.0,-0.05858899697995901
2026-07-31,1208202.7051560015,0.0,-0.05858899697995901
2026-08-03,1208202.7051560015,0.0,-0.05858899697995901
2026-08-04,1208202.7051560015,0.0,-0.05858899697995901
2026-08-05,1208202.7051560015,0.0,-0.05858899697995901
2026-08-06,1208202.7051560015,0.0,-0.05858899697995901
2026-08-07,1208202.7051560015,0.0,-0.05858899697995901
2026-08-10,1208202.7051560015,0.0,-0.05858899697995901
2026-08-11,1208202.7051560015,0.0,-0.05858899697995901
2026-08-12,1208202.7051560015,0.0,-0.05858899697995901
2026-08-13,1208202.7051560015,0.0,-0.05858899697995901
2026-08-14,1208202.7051560015,0.0,-0.05858899697995901
2026-08-17,1208202.7051560015,0.0,-0.05858899697995901
2026-08-18,1208202.7051560015,0.0,-0.05858899697995901
2026-08-19,1208202.7051560015,0.0,-0.05858899697995901
2026-08-20,1208202.7051560015,0.0,-0.05858899697995901
2026-08-21,1208202.7051560015,0.0,-0.05858899697995901
2026-08-24,1208202.7051560015,0.0,-0.05858899697995901
2026-08-25,1208202.7051560015,0.0,-0.05858899697995901
2026-08-26,1208202.7051560015,0.0,-0.05858899697995901
2026-08-27,1208202.7051560015,0.0,-0.05858899697995901
