datetime,symbol,direction,price,volume,commission,amount,strategy
2022-02-08,300520.SZSE,买入,43.2999972,400.0,5.17,17320.0,SignalRankStrategy
2022-02-08,000762.SZSE,买入,187.919911890625,100.0,5.19,18791.99,SignalRankStrategy
2022-02-08,300328.SZSE,买入,48.670000000000016,300.0,5.15,14601.0,SignalRankStrategy
2022-02-08,300132.SZSE,买入,54.29919999999999,300.0,5.16,16289.76,SignalRankStrategy
2022-02-08,600711.SSE,买入,90.08457499999997,200.0,5.18,18016.91,SignalRankStrategy
2022-02-08,002759.SZSE,买入,63.265,200.0,5.13,12653.0,SignalRankStrategy
2022-02-08,300118.SZSE,买入,76.4141632,200.0,5.15,15282.83,SignalRankStrategy
2022-02-08,300109.SZSE,买入,81.95861484800002,200.0,5.16,16391.72,SignalRankStrategy
2022-02-08,300366.SZSE,买入,64.385,200.0,5.13,12877.0,SignalRankStrategy
2022-02-08,688408.SSE,买入,125.69000000000003,100.0,5.13,12569.0,SignalRankStrategy
2022-02-08,002326.SZSE,买入,190.08221121759996,100.0,5.19,19008.22,SignalRankStrategy
2022-02-08,601890.SSE,买入,24.071549999999995,700.0,5.17,16850.08,SignalRankStrategy
2022-02-08,002516.SZSE,买入,45.666250000000005,400.0,5.18,18266.5,SignalRankStrategy
2022-02-08,002201.SZSE,买入,91.73670414000003,200.0,5.18,18347.34,SignalRankStrategy
2022-02-08,603105.SSE,买入,13.34,1400.0,5.19,18676.0,SignalRankStrategy
2022-02-08,300846.SZSE,买入,12.500000000000002,1500.0,5.19,18750.0,SignalRankStrategy
2022-02-08,600963.SSE,买入,29.06123075000001,600.0,5.17,17436.74,SignalRankStrategy
2022-02-08,300377.SZSE,买入,143.20999999999995,100.0,5.14,14321.0,SignalRankStrategy
2022-02-08,601777.SSE,买入,6.999999999999999,2700.0,5.19,18900.0,SignalRankStrategy
2022-02-08,600096.SSE,买入,28.354999999999997,600.0,5.17,17013.0,SignalRankStrategy
2022-02-08,600812.SSE,买入,35.72754734647137,500.0,5.18,17863.77,SignalRankStrategy
2022-02-08,300432.SZSE,买入,131.44899999999998,100.0,5.13,13144.9,SignalRankStrategy
2022-02-08,300659.SZSE,买入,87.80560000000001,200.0,5.18,17561.12,SignalRankStrategy
2022-02-08,600459.SSE,买入,157.66567105968005,100.0,5.16,15766.57,SignalRankStrategy
2022-02-08,000831.SZSE,买入,157.31801,100.0,5.16,15731.8,SignalRankStrategy
2022-02-08,600986.SSE,买入,33.412270400000004,500.0,5.17,16706.14,SignalRankStrategy
2022-02-08,603636.SSE,买入,45.67649339999998,400.0,5.18,18270.6,SignalRankStrategy
2022-02-08,300047.SZSE,买入,46.110651895,400.0,5.18,18444.26,SignalRankStrategy
2022-02-08,300510.SZSE,买入,36.01885479199999,500.0,5.18,18009.43,SignalRankStrategy
2022-02-08,000688.SZSE,买入,62.98605081599999,300.0,5.19,18895.82,SignalRankStrategy
2022-02-08,002237.SZSE,买入,91.87999999999998,200.0,5.18,18376.0,SignalRankStrategy
2022-02-08,600523.SSE,买入,37.16753999999999,500.0,5.19,18583.77,SignalRankStrategy
2022-02-08,002987.SZSE,买入,55.146,300.0,5.17,16543.8,SignalRankStrategy
2022-02-08,300102.SZSE,买入,40.48499999999999,400.0,5.16,16194.0,SignalRankStrategy
2022-02-08,603997.SSE,买入,21.322999999999997,800.0,5.17,17058.4,SignalRankStrategy
2022-02-08,002145.SZSE,买入,32.01999999999999,500.0,5.16,16010.0,SignalRankStrategy
2022-02-08,603690.SSE,买入,42.79422999999999,400.0,5.17,17117.69,SignalRankStrategy
2022-02-08,002537.SZSE,买入,51.65757039999999,300.0,5.15,15497.27,SignalRankStrategy
2022-02-08,300352.SZSE,买入,102.345,100.0,5.1,10234.5,SignalRankStrategy
2022-02-08,002605.SZSE,买入,97.51698800000001,100.0,5.1,9751.7,SignalRankStrategy
2022-02-08,601686.SSE,买入,10.979999999999999,1700.0,5.19,18666.0,SignalRankStrategy
2022-02-08,600966.SSE,买入,62.77860704,300.0,5.19,18833.58,SignalRankStrategy
2022-02-08,002158.SZSE,买入,80.05819217999999,200.0,5.16,16011.64,SignalRankStrategy
2022-02-08,002738.SZSE,买入,90.11,200.0,5.18,18022.0,SignalRankStrategy
2022-02-08,300365.SZSE,买入,102.201,100.0,5.1,10220.1,SignalRankStrategy
2022-02-08,300438.SZSE,买入,179.4153735,100.0,5.18,17941.54,SignalRankStrategy
2022-03-08,000688.SZSE,卖出,84.15005209600002,300.0,31.81,25245.02,SignalRankStrategy
2022-03-08,000762.SZSE,卖出,206.32208652687498,100.0,26.0,20632.21,SignalRankStrategy
2022-03-08,000831.SZSE,卖出,157.90945200000002,100.0,20.95,15790.95,SignalRankStrategy
2022-03-08,002145.SZSE,卖出,31.459999999999994,500.0,20.89,15730.0,SignalRankStrategy
2022-03-08,002158.SZSE,卖出,73.12672299999998,200.0,19.77,14625.34,SignalRankStrategy
2022-03-08,002201.SZSE,卖出,91.352837,200.0,23.45,18270.57,SignalRankStrategy
2022-03-08,002237.SZSE,卖出,97.77999999999997,200.0,24.75,19556.0,SignalRankStrategy
2022-03-08,002326.SZSE,卖出,175.9988910152,100.0,22.78,17599.89,SignalRankStrategy
2022-03-08,002516.SZSE,卖出,39.20875,400.0,20.84,15683.5,SignalRankStrategy
2022-03-08,002537.SZSE,卖出,63.9795704,300.0,24.39,19193.87,SignalRankStrategy
2022-03-08,002605.SZSE,卖出,86.25698800000002,100.0,13.71,8625.7,SignalRankStrategy
2022-03-08,002738.SZSE,卖出,155.48999999999998,200.0,39.18,31098.0,SignalRankStrategy
2022-03-08,002759.SZSE,卖出,63.47,200.0,17.82,12694.0,SignalRankStrategy
2022-03-08,002987.SZSE,卖出,48.49,300.0,19.69,14547.0,SignalRankStrategy
2022-03-08,300047.SZSE,卖出,47.38761498499999,400.0,24.14,18955.05,SignalRankStrategy
2022-03-08,300102.SZSE,卖出,46.66499999999999,400.0,23.85,18666.0,SignalRankStrategy
2022-03-08,300109.SZSE,卖出,75.71695654400001,200.0,20.29,15143.39,SignalRankStrategy
2022-03-08,300118.SZSE,卖出,93.0021632,200.0,23.79,18600.43,SignalRankStrategy
2022-03-08,300132.SZSE,卖出,48.807199999999995,300.0,19.79,14642.16,SignalRankStrategy
2022-03-08,300328.SZSE,卖出,49.298,300.0,19.94,14789.4,SignalRankStrategy
2022-03-08,300352.SZSE,卖出,106.12499999999999,100.0,15.72,10612.5,SignalRankStrategy
2022-03-08,300365.SZSE,卖出,100.237,100.0,15.12,10023.7,SignalRankStrategy
2022-03-08,300366.SZSE,卖出,69.10499999999999,200.0,18.96,13821.0,SignalRankStrategy
2022-03-08,300377.SZSE,卖出,132.48999999999995,100.0,18.38,13249.0,SignalRankStrategy
2022-03-08,300432.SZSE,卖出,124.59499999999997,100.0,17.58,12459.5,SignalRankStrategy
2022-03-08,300438.SZSE,卖出,179.0353735,100.0,23.08,17903.54,SignalRankStrategy
2022-03-08,300510.SZSE,卖出,35.505860424000005,500.0,22.93,17752.93,SignalRankStrategy
2022-03-08,300520.SZSE,卖出,46.9099972,400.0,23.95,18764.0,SignalRankStrategy
2022-03-08,300659.SZSE,卖出,75.72800000000001,200.0,20.3,15145.6,SignalRankStrategy
2022-03-08,600096.SSE,卖出,36.12200000000001,600.0,27.31,21673.2,SignalRankStrategy
2022-03-08,600459.SSE,卖出,166.15813487590012,100.0,21.78,16615.81,SignalRankStrategy
2022-03-08,600523.SSE,卖出,41.879539999999984,500.0,26.38,20939.77,SignalRankStrategy
2022-03-08,600711.SSE,卖出,111.57736499999996,200.0,28.12,22315.47,SignalRankStrategy
2022-03-08,600812.SSE,卖出,34.669480816971365,500.0,22.51,17334.74,SignalRankStrategy
2022-03-08,600963.SSE,卖出,29.041230749999993,600.0,22.6,17424.74,SignalRankStrategy
2022-03-08,600966.SSE,卖出,66.06830303999998,300.0,25.02,19820.49,SignalRankStrategy
2022-03-08,600986.SSE,卖出,33.1149024,500.0,21.72,16557.45,SignalRankStrategy
2022-03-08,601686.SSE,卖出,10.59,1700.0,23.18,18003.0,SignalRankStrategy
2022-03-08,601777.SSE,卖出,6.41,2700.0,22.48,17307.0,SignalRankStrategy
2022-03-08,601890.SSE,卖出,23.092149999999993,700.0,21.33,16164.5,SignalRankStrategy
2022-03-08,603105.SSE,卖出,13.790000000000001,1400.0,24.5,19306.0,SignalRankStrategy
2022-03-08,603636.SSE,卖出,50.80371327999998,400.0,25.61,20321.49,SignalRankStrategy
2022-03-08,603690.SSE,卖出,37.704229999999995,400.0,20.23,15081.69,SignalRankStrategy
2022-03-08,603997.SSE,卖出,17.61299999999999,800.0,19.23,14090.4,SignalRankStrategy
2022-03-08,000950.SZSE,买入,15.045312499999998,1300.0,5.2,19558.91,SignalRankStrategy
2022-03-08,600797.SSE,买入,111.03041310746718,100.0,5.11,11103.04,SignalRankStrategy
2022-03-08,688526.SSE,买入,26.330000000000002,700.0,5.18,18431.0,SignalRankStrategy
2022-03-08,688508.SSE,买入,100.54,100.0,5.1,10054.0,SignalRankStrategy
2022-03-08,300439.SZSE,买入,48.360295,400.0,5.19,19344.12,SignalRankStrategy
2022-03-08,603595.SSE,买入,62.64584119999999,300.0,5.19,18793.75,SignalRankStrategy
2022-03-08,000503.SZSE,买入,91.11512840000002,200.0,5.18,18223.03,SignalRankStrategy
2022-03-08,603612.SSE,买入,29.319268,600.0,5.18,17591.56,SignalRankStrategy
2022-03-08,688037.SSE,买入,152.215,100.0,5.15,15221.5,SignalRankStrategy
2022-03-08,600996.SSE,买入,9.103,2100.0,5.19,19116.3,SignalRankStrategy
2022-03-08,688122.SSE,买入,83.70000000000002,200.0,5.17,16740.0,SignalRankStrategy
2022-03-08,600197.SSE,买入,81.5668,200.0,5.16,16313.36,SignalRankStrategy
2022-03-08,300053.SZSE,买入,49.984089999999995,300.0,5.15,14995.23,SignalRankStrategy
2022-03-08,300158.SZSE,买入,36.53392,500.0,5.18,18266.96,SignalRankStrategy
2022-03-08,300666.SZSE,买入,57.515748,300.0,5.17,17254.72,SignalRankStrategy
2022-03-08,300738.SZSE,买入,139.72650000000002,100.0,5.14,13972.65,SignalRankStrategy
2022-03-08,002481.SZSE,买入,158.524898,100.0,5.16,15852.49,SignalRankStrategy
2022-03-08,002240.SZSE,买入,87.342,200.0,5.17,17468.4,SignalRankStrategy
2022-03-08,002581.SZSE,买入,47.43000000000001,400.0,5.19,18972.0,SignalRankStrategy
2022-03-08,300039.SZSE,买入,84.12728,200.0,5.17,16825.46,SignalRankStrategy
2022-03-08,002837.SZSE,买入,127.97000650000003,100.0,5.13,12797.0,SignalRankStrategy
2022-03-08,000591.SZSE,买入,138.72992256744155,100.0,5.14,13872.99,SignalRankStrategy
2022-03-08,600975.SSE,买入,55.84332,300.0,5.17,16753.0,SignalRankStrategy
2022-03-08,300672.SZSE,买入,154.04269870999997,100.0,5.15,15404.27,SignalRankStrategy
2022-03-08,603688.SSE,买入,89.285,200.0,5.18,17857.0,SignalRankStrategy
2022-03-08,300267.SZSE,买入,38.16339999999999,500.0,5.19,19081.7,SignalRankStrategy
2022-03-08,300696.SZSE,买入,157.7480551,100.0,5.16,15774.81,SignalRankStrategy
2022-03-08,300205.SZSE,买入,93.85600000000004,200.0,5.19,18771.2,SignalRankStrategy
2022-03-08,002647.SZSE,买入,29.189950000000007,600.0,5.18,17513.97,SignalRankStrategy
2022-03-08,000612.SZSE,买入,84.166582795264,200.0,5.17,16833.32,SignalRankStrategy
2022-03-08,688018.SSE,买入,157.48499999999999,100.0,5.16,15748.5,SignalRankStrategy
2022-03-08,688066.SSE,买入,69.135,200.0,5.14,13827.0,SignalRankStrategy
2022-03-08,603108.SSE,买入,64.56000000000002,300.0,5.19,19368.0,SignalRankStrategy
2022-03-08,603733.SSE,买入,32.23,600.0,5.19,19338.0,SignalRankStrategy
2022-03-08,000155.SZSE,买入,33.154,500.0,5.17,16577.0,SignalRankStrategy
2022-03-08,002204.SZSE,买入,20.7125,900.0,5.19,18641.25,SignalRankStrategy
2022-03-08,002518.SZSE,买入,117.41847999999999,100.0,5.12,11741.85,SignalRankStrategy
2022-03-08,300149.SZSE,买入,81.35328520000003,200.0,5.16,16270.66,SignalRankStrategy
2022-03-08,600416.SSE,买入,52.632020000000026,300.0,5.16,15789.61,SignalRankStrategy
2022-03-08,600378.SSE,买入,125.58181734661007,100.0,5.13,12558.18,SignalRankStrategy
2022-03-16,688408.SSE,卖出,86.3,70.0,11.1,6041.0,__RISK_DRAWDOWN__
2022-03-16,300846.SZSE,卖出,20.44,1050.0,27.04,21462.0,__RISK_DRAWDOWN__
2022-03-16,000950.SZSE,卖出,12.502499999999998,910.0,16.49,11377.27,__RISK_DRAWDOWN__
2022-03-16,600797.SSE,卖出,106.15082750241115,70.0,12.5,7430.56,__RISK_DRAWDOWN__
2022-03-16,688526.SSE,卖出,25.13,490.0,17.44,12313.7,__RISK_DRAWDOWN__
2022-03-16,688508.SSE,卖出,101.57,70.0,12.18,7109.9,__RISK_DRAWDOWN__
2022-03-16,300439.SZSE,卖出,50.53029500000002,280.0,19.29,14148.48,__RISK_DRAWDOWN__
2022-03-16,603595.SSE,卖出,57.157441199999994,210.0,17.12,12003.06,__RISK_DRAWDOWN__
2022-03-16,000503.SZSE,卖出,79.566354,140.0,16.25,11139.29,__RISK_DRAWDOWN__
2022-03-16,603612.SSE,卖出,25.547268,420.0,15.84,10729.85,__RISK_DRAWDOWN__
2022-03-16,688037.SSE,卖出,165.125,70.0,16.67,11558.75,__RISK_DRAWDOWN__
2022-03-16,600996.SSE,卖出,8.252999999999998,1470.0,17.25,12131.91,__RISK_DRAWDOWN__
2022-03-16,688122.SSE,卖出,80.79,140.0,16.42,11310.6,__RISK_DRAWDOWN__
2022-03-16,600197.SSE,卖出,76.16479999999999,140.0,15.77,10663.07,__RISK_DRAWDOWN__
2022-03-16,300053.SZSE,卖出,46.114090000000004,210.0,14.78,9683.96,__RISK_DRAWDOWN__
2022-03-16,300158.SZSE,卖出,37.07392000000001,350.0,18.11,12975.87,__RISK_DRAWDOWN__
2022-03-16,300666.SZSE,卖出,63.795748,210.0,18.53,13397.11,__RISK_DRAWDOWN__
2022-03-16,300738.SZSE,卖出,133.3723,70.0,14.43,9336.06,__RISK_DRAWDOWN__
2022-03-16,002481.SZSE,卖出,143.38489800000005,70.0,15.14,10036.94,__RISK_DRAWDOWN__
2022-03-16,002240.SZSE,卖出,81.738,140.0,16.56,11443.32,__RISK_DRAWDOWN__
2022-03-16,002581.SZSE,卖出,47.800000000000004,280.0,18.52,13384.0,__RISK_DRAWDOWN__
2022-03-16,300039.SZSE,卖出,92.186832,140.0,18.04,12906.16,__RISK_DRAWDOWN__
2022-03-16,002837.SZSE,卖出,120.19541525,70.0,13.5,8413.68,__RISK_DRAWDOWN__
2022-03-16,000591.SZSE,卖出,125.17063191819192,70.0,13.85,8761.94,__RISK_DRAWDOWN__
2022-03-16,600975.SSE,卖出,56.39194000000001,210.0,16.96,11842.31,__RISK_DRAWDOWN__
2022-03-16,300672.SZSE,卖出,140.34807489000002,70.0,14.92,9824.37,__RISK_DRAWDOWN__
2022-03-16,603688.SSE,卖出,86.27999999999999,140.0,17.2,12079.2,__RISK_DRAWDOWN__
2022-03-16,300267.SZSE,卖出,36.1674,350.0,17.79,12658.59,__RISK_DRAWDOWN__
2022-03-16,300696.SZSE,卖出,156.9656051,70.0,16.1,10987.59,__RISK_DRAWDOWN__
2022-03-16,300205.SZSE,卖出,97.23800000000004,140.0,18.75,13613.32,__RISK_DRAWDOWN__
2022-03-16,002647.SZSE,卖出,26.58425,420.0,16.28,11165.39,__RISK_DRAWDOWN__
2022-03-16,000612.SZSE,卖出,71.215405835264,140.0,15.07,9970.16,__RISK_DRAWDOWN__
2022-03-16,688018.SSE,卖出,142.865,70.0,15.1,10000.55,__RISK_DRAWDOWN__
2022-03-16,688066.SSE,卖出,63.275000000000006,140.0,13.95,8858.5,__RISK_DRAWDOWN__
2022-03-16,603108.SSE,卖出,67.24000000000001,210.0,19.26,14120.4,__RISK_DRAWDOWN__
2022-03-16,603733.SSE,卖出,28.29,420.0,17.0,11881.8,__RISK_DRAWDOWN__
2022-03-16,000155.SZSE,卖出,28.738400000000006,350.0,15.16,10058.44,__RISK_DRAWDOWN__
2022-03-16,002204.SZSE,卖出,18.262499999999992,630.0,16.62,11505.37,__RISK_DRAWDOWN__
2022-03-16,002518.SZSE,卖出,103.93411999999996,70.0,12.35,7275.39,__RISK_DRAWDOWN__
2022-03-16,300149.SZSE,卖出,80.0102852,140.0,16.31,11201.44,__RISK_DRAWDOWN__
2022-03-16,600416.SSE,卖出,44.812279999999994,210.0,14.5,9410.58,__RISK_DRAWDOWN__
2022-03-16,600378.SSE,卖出,121.05252656061,70.0,13.56,8473.68,__RISK_DRAWDOWN__
2022-04-07,000155.SZSE,卖出,26.309600000000003,150.0,8.99,3946.44,SignalRankStrategy
2022-04-07,000503.SZSE,卖出,82.1451588,60.0,9.98,4928.71,SignalRankStrategy
2022-04-07,000591.SZSE,卖出,122.43542168602025,30.0,8.71,3673.06,SignalRankStrategy
2022-04-07,000612.SZSE,卖出,74.68474599526401,60.0,9.53,4481.08,SignalRankStrategy
2022-04-07,000950.SZSE,卖出,14.098124999999998,390.0,10.55,5498.27,SignalRankStrategy
2022-04-07,002204.SZSE,卖出,19.702499999999997,270.0,10.37,5319.67,SignalRankStrategy
2022-04-07,002240.SZSE,卖出,79.41799999999999,60.0,9.81,4765.08,SignalRankStrategy
2022-04-07,002481.SZSE,卖出,152.744898,30.0,9.63,4582.35,SignalRankStrategy
2022-04-07,002518.SZSE,卖出,96.71053999999997,30.0,7.93,2901.32,SignalRankStrategy
2022-04-07,002581.SZSE,卖出,45.330000000000005,120.0,10.49,5439.6,SignalRankStrategy
2022-04-07,002647.SZSE,卖出,27.412999999999997,180.0,9.98,4934.34,SignalRankStrategy
2022-04-07,300039.SZSE,卖出,97.44340799999998,60.0,10.91,5846.6,SignalRankStrategy
2022-04-07,300053.SZSE,卖出,47.11409,90.0,9.28,4240.27,SignalRankStrategy
2022-04-07,300158.SZSE,卖出,59.99392,150.0,14.09,8999.09,SignalRankStrategy
2022-04-07,300205.SZSE,卖出,102.69200000000004,60.0,11.22,6161.52,SignalRankStrategy
2022-04-07,300267.SZSE,卖出,45.0594,150.0,11.83,6758.91,SignalRankStrategy
2022-04-07,300439.SZSE,卖出,49.090295000000005,120.0,10.95,5890.84,SignalRankStrategy
2022-04-07,300666.SZSE,卖出,53.13574800000001,90.0,9.83,4782.22,SignalRankStrategy
2022-04-07,300672.SZSE,卖出,134.78578618,30.0,9.08,4043.57,SignalRankStrategy
2022-04-07,300696.SZSE,卖出,163.6619051,30.0,9.96,4909.86,SignalRankStrategy
2022-04-07,300738.SZSE,卖出,122.79693999999999,30.0,8.72,3683.91,SignalRankStrategy
2022-04-07,300846.SZSE,卖出,18.84,450.0,13.56,8478.0,SignalRankStrategy
2022-04-07,600197.SSE,卖出,81.85879999999997,60.0,9.96,4911.53,SignalRankStrategy
2022-04-07,600378.SSE,卖出,133.69888342661008,30.0,9.05,4010.97,SignalRankStrategy
2022-04-07,600416.SSE,卖出,44.744159999999994,90.0,9.07,4026.97,SignalRankStrategy
2022-04-07,600797.SSE,卖出,105.01692419456475,30.0,8.18,3150.51,SignalRankStrategy
2022-04-07,600975.SSE,卖出,70.29154,90.0,11.39,6326.24,SignalRankStrategy
2022-04-07,600996.SSE,卖出,8.583,630.0,10.46,5407.29,SignalRankStrategy
2022-04-07,603108.SSE,卖出,65.674,90.0,10.97,5910.66,SignalRankStrategy
2022-04-07,603595.SSE,卖出,50.8854412,90.0,9.63,4579.69,SignalRankStrategy
2022-04-07,603612.SSE,卖出,27.983268,180.0,10.09,5036.99,SignalRankStrategy
2022-04-07,603688.SSE,卖出,89.06999999999998,60.0,10.4,5344.2,SignalRankStrategy
2022-04-07,603733.SSE,卖出,26.84,180.0,9.88,4831.2,SignalRankStrategy
2022-04-07,688018.SSE,卖出,126.16499999999999,30.0,8.82,3784.95,SignalRankStrategy
2022-04-07,688037.SSE,卖出,140.735,30.0,9.26,4222.05,SignalRankStrategy
2022-04-07,688066.SSE,卖出,67.96499999999999,60.0,9.12,4077.9,SignalRankStrategy
2022-04-07,688122.SSE,卖出,84.9,60.0,10.14,5094.0,SignalRankStrategy
2022-04-07,688408.SSE,卖出,79.11999999999999,30.0,7.4,2373.6,SignalRankStrategy
2022-04-07,688508.SSE,卖出,84.25999999999999,30.0,7.55,2527.8,SignalRankStrategy
2022-04-07,688526.SSE,卖出,25.399999999999995,210.0,10.39,5334.0,SignalRankStrategy
2022-05-10,300149.SZSE,卖出,64.7642852,60.0,8.92,3885.86,SignalRankStrategy
2022-06-08,002837.SZSE,卖出,116.46582612499999,30.0,8.53,3493.97,SignalRankStrategy
2022-09-29,688020.SSE,买入,43.0775,400.0,5.17,17231.0,SignalRankStrategy
2022-09-29,300151.SZSE,买入,129.960165,100.0,5.13,12996.02,SignalRankStrategy
2022-09-29,300263.SZSE,买入,60.71053199999999,300.0,5.18,18213.16,SignalRankStrategy
2022-09-29,300365.SZSE,买入,100.689,100.0,5.1,10068.9,SignalRankStrategy
2022-09-29,000727.SZSE,买入,10.046338,1900.0,5.19,19088.04,SignalRankStrategy
2022-09-29,603960.SSE,买入,56.871607600000004,300.0,5.17,17061.48,SignalRankStrategy
2022-09-29,300792.SZSE,买入,72.832363634,200.0,5.15,14566.47,SignalRankStrategy
2022-09-29,300655.SZSE,买入,80.49794560418432,200.0,5.16,16099.59,SignalRankStrategy
2022-09-29,600882.SSE,买入,86.85468472601255,200.0,5.17,17370.94,SignalRankStrategy
2022-09-29,300602.SZSE,买入,75.21422885,200.0,5.15,15042.85,SignalRankStrategy
2022-09-29,601886.SSE,买入,21.69000000000001,800.0,5.17,17352.0,SignalRankStrategy
2022-09-29,002645.SZSE,买入,96.92706,100.0,5.1,9692.71,SignalRankStrategy
2022-09-29,603008.SSE,买入,52.41999999999999,300.0,5.16,15726.0,SignalRankStrategy
2022-09-29,600151.SSE,买入,43.55401792,400.0,5.17,17421.61,SignalRankStrategy
2022-09-29,002481.SZSE,买入,111.90489799999997,100.0,5.11,11190.49,SignalRankStrategy
2022-09-29,605123.SSE,买入,137.818,100.0,5.14,13781.8,SignalRankStrategy
2022-09-29,002906.SZSE,买入,42.760000000000005,400.0,5.17,17104.0,SignalRankStrategy
2022-09-29,000915.SZSE,买入,126.6499019,100.0,5.13,12664.99,SignalRankStrategy
2022-09-29,603612.SSE,买入,42.24126799999999,400.0,5.17,16896.51,SignalRankStrategy
2022-09-29,688408.SSE,买入,100.84000000000002,100.0,5.1,10084.0,SignalRankStrategy
2022-09-29,600877.SSE,买入,60.26660499999999,300.0,5.18,18079.98,SignalRankStrategy
2022-09-29,002585.SZSE,买入,56.687000000000005,300.0,5.17,17006.1,SignalRankStrategy
2022-09-29,600481.SSE,买入,111.80839999999999,100.0,5.11,11180.84,SignalRankStrategy
2022-09-29,600610.SSE,买入,107.613496,100.0,5.11,10761.35,SignalRankStrategy
2022-09-29,688268.SSE,买入,118.56,100.0,5.12,11856.0,SignalRankStrategy
2022-09-29,600523.SSE,买入,37.3732,500.0,5.19,18686.6,SignalRankStrategy
2022-09-29,300772.SZSE,买入,31.338000000000005,600.0,5.19,18802.8,SignalRankStrategy
2022-09-29,603063.SSE,买入,27.813000000000002,600.0,5.17,16687.8,SignalRankStrategy
2022-09-29,002020.SZSE,买入,111.62307179999998,100.0,5.11,11162.31,SignalRankStrategy
2022-09-29,601567.SSE,买入,52.22250000000001,300.0,5.16,15666.75,SignalRankStrategy
2022-09-29,600129.SSE,买入,78.95197000000002,200.0,5.16,15790.39,SignalRankStrategy
2022-09-29,002838.SZSE,买入,96.96320000000001,100.0,5.1,9696.32,SignalRankStrategy
2022-09-29,002747.SZSE,买入,121.44400000000003,100.0,5.12,12144.4,SignalRankStrategy
2022-09-29,600821.SSE,买入,35.948202460000005,500.0,5.18,17974.1,SignalRankStrategy
2022-09-29,603595.SSE,买入,101.462426,100.0,5.1,10146.24,SignalRankStrategy
2022-09-29,000035.SZSE,买入,24.7576,700.0,5.17,17330.32,SignalRankStrategy
2022-09-29,603212.SSE,买入,21.035000000000004,900.0,5.19,18931.5,SignalRankStrategy
2022-09-29,603105.SSE,买入,12.73,1500.0,5.19,19095.0,SignalRankStrategy
2022-09-29,600963.SSE,买入,21.527717749999997,800.0,5.17,17222.17,SignalRankStrategy
2022-09-29,688278.SSE,买入,31.115000000000002,600.0,5.19,18669.0,SignalRankStrategy
2022-09-29,300671.SZSE,买入,79.60299376000002,200.0,5.16,15920.6,SignalRankStrategy
2022-09-29,300827.SZSE,买入,165.62999999999997,100.0,5.17,16563.0,SignalRankStrategy
2022-11-03,000035.SZSE,卖出,25.767200000000003,700.0,23.22,18037.04,SignalRankStrategy
2022-11-03,000727.SZSE,卖出,12.904070000000003,1900.0,30.89,24517.73,SignalRankStrategy
2022-11-03,000915.SZSE,卖出,141.77394900000002,100.0,19.32,14177.39,SignalRankStrategy
2022-11-03,002020.SZSE,卖出,141.21235180000002,100.0,19.26,14121.24,SignalRankStrategy
2022-11-03,002481.SZSE,卖出,107.38489799999996,100.0,15.85,10738.49,SignalRankStrategy
2022-11-03,002585.SZSE,卖出,43.21459999999999,300.0,18.09,12964.38,SignalRankStrategy
2022-11-03,002645.SZSE,卖出,79.84144,100.0,13.06,7984.14,SignalRankStrategy
2022-11-03,002747.SZSE,卖出,127.30400000000002,100.0,17.86,12730.4,SignalRankStrategy
2022-11-03,002906.SZSE,卖出,39.95000000000001,400.0,21.14,15980.0,SignalRankStrategy
2022-11-03,300151.SZSE,卖出,158.965165,100.0,21.06,15896.52,SignalRankStrategy
2022-11-03,300365.SZSE,卖出,101.53299999999999,100.0,15.25,10153.3,SignalRankStrategy
2022-11-03,300602.SZSE,卖出,86.16269220000001,200.0,22.4,17232.54,SignalRankStrategy
2022-11-03,300655.SZSE,卖出,85.31078147587361,200.0,22.23,17062.16,SignalRankStrategy
2022-11-03,300671.SZSE,卖出,77.07139375999999,200.0,20.57,15414.28,SignalRankStrategy
2022-11-03,300772.SZSE,卖出,29.830000000000002,600.0,23.08,17898.0,SignalRankStrategy
2022-11-03,300792.SZSE,卖出,77.72712039,200.0,20.7,15545.42,SignalRankStrategy
2022-11-03,300827.SZSE,卖出,206.14239999999998,100.0,25.97,20614.24,SignalRankStrategy
2022-11-03,600129.SSE,卖出,112.56128000000002,200.0,28.37,22512.26,SignalRankStrategy
2022-11-03,600151.SSE,卖出,47.47450304000001,400.0,24.18,18989.8,SignalRankStrategy
2022-11-03,600481.SSE,卖出,105.29879999999996,100.0,15.64,10529.88,SignalRankStrategy
2022-11-03,600523.SSE,卖出,38.208600000000004,500.0,24.3,19104.3,SignalRankStrategy
2022-11-03,600610.SSE,卖出,95.12504,100.0,14.61,9512.5,SignalRankStrategy
2022-11-03,600821.SSE,卖出,42.289004180000006,500.0,26.64,21144.5,SignalRankStrategy
2022-11-03,600877.SSE,卖出,67.45747759999999,300.0,25.5,20237.24,SignalRankStrategy
2022-11-03,600882.SSE,卖出,82.19942755509675,200.0,21.6,16439.89,SignalRankStrategy
2022-11-03,600963.SSE,卖出,22.545800249999996,800.0,23.22,18036.64,SignalRankStrategy
2022-11-03,601567.SSE,卖出,60.640000000000015,300.0,23.37,18192.0,SignalRankStrategy
2022-11-03,601886.SSE,卖出,22.870000000000005,800.0,23.48,18296.0,SignalRankStrategy
2022-11-03,603008.SSE,卖出,38.705000000000005,300.0,16.73,11611.5,SignalRankStrategy
2022-11-03,603063.SSE,卖出,29.683,600.0,22.99,17809.8,SignalRankStrategy
2022-11-03,603105.SSE,卖出,14.13,1500.0,26.71,21195.0,SignalRankStrategy
2022-11-03,603212.SSE,卖出,24.605,900.0,27.9,22144.5,SignalRankStrategy
2022-11-03,603595.SSE,卖出,129.999626,100.0,18.13,12999.96,SignalRankStrategy
2022-11-03,603612.SSE,卖出,41.297268,400.0,21.68,16518.91,SignalRankStrategy
2022-11-03,603960.SSE,卖出,67.12477960000002,300.0,25.37,20137.43,SignalRankStrategy
2022-11-03,605123.SSE,卖出,155.74800000000005,100.0,20.73,15574.8,SignalRankStrategy
2022-11-03,688020.SSE,卖出,49.7675,400.0,25.11,19907.0,SignalRankStrategy
2022-11-03,688268.SSE,卖出,89.47999999999999,100.0,14.04,8948.0,SignalRankStrategy
2022-11-03,688278.SSE,卖出,44.464999999999996,600.0,33.62,26679.0,SignalRankStrategy
2022-11-03,688408.SSE,卖出,122.3,100.0,17.35,12230.0,SignalRankStrategy
2022-11-03,600458.SSE,买入,70.554896,200.0,5.14,14110.98,SignalRankStrategy
2022-11-03,600172.SSE,买入,51.72184000000002,300.0,5.16,15516.55,SignalRankStrategy
2022-11-03,688339.SSE,买入,122.776,100.0,5.12,12277.6,SignalRankStrategy
2022-11-03,002759.SZSE,买入,46.44,400.0,5.19,18576.0,SignalRankStrategy
2022-11-03,603489.SSE,买入,128.5,100.0,5.13,12850.0,SignalRankStrategy
2022-11-03,300861.SZSE,买入,65.77000000000001,300.0,5.2,19731.0,SignalRankStrategy
2022-11-03,300118.SZSE,买入,89.34216320000002,200.0,5.18,17868.43,SignalRankStrategy
2022-11-03,688388.SSE,买入,55.496,300.0,5.17,16648.8,SignalRankStrategy
2022-11-03,300568.SZSE,买入,138.80402111383492,100.0,5.14,13880.4,SignalRankStrategy
2022-11-03,300767.SZSE,买入,142.68939626399998,100.0,5.14,14268.94,SignalRankStrategy
2022-11-03,300737.SZSE,买入,19.736000000000004,900.0,5.18,17762.4,SignalRankStrategy
2022-11-03,603959.SSE,买入,25.5584,700.0,5.18,17890.88,SignalRankStrategy
2022-11-03,002145.SZSE,买入,31.130499999999994,600.0,5.19,18678.3,SignalRankStrategy
2022-11-03,300224.SZSE,买入,61.67672315947198,300.0,5.19,18503.02,SignalRankStrategy
2022-11-03,300343.SZSE,买入,152.799352128,100.0,5.15,15279.94,SignalRankStrategy
2022-11-03,603169.SSE,买入,10.9008,1800.0,5.2,19621.44,SignalRankStrategy
2022-11-03,601231.SSE,买入,39.77300000000001,400.0,5.16,15909.2,SignalRankStrategy
2022-11-03,300761.SZSE,买入,40.89,400.0,5.16,16356.0,SignalRankStrategy
2022-11-03,002611.SZSE,买入,30.13480000000001,600.0,5.18,18080.88,SignalRankStrategy
2022-11-03,002201.SZSE,买入,104.29012047,100.0,5.1,10429.01,SignalRankStrategy
2022-11-03,601908.SSE,买入,31.91,600.0,5.19,19146.0,SignalRankStrategy
2022-11-03,600363.SSE,买入,87.4291325,200.0,5.17,17485.83,SignalRankStrategy
2022-11-03,002204.SZSE,买入,28.0925,700.0,5.2,19664.75,SignalRankStrategy
2022-11-03,002545.SZSE,买入,44.84499999999999,400.0,5.18,17938.0,SignalRankStrategy
2022-11-03,002895.SZSE,买入,23.48,800.0,5.19,18784.0,SignalRankStrategy
2022-11-03,000935.SZSE,买入,53.4635918782,300.0,5.16,16039.08,SignalRankStrategy
2022-11-03,300432.SZSE,买入,121.42750000000001,100.0,5.12,12142.75,SignalRankStrategy
2022-11-03,002234.SZSE,买入,37.150000000000006,500.0,5.19,18575.0,SignalRankStrategy
2022-11-03,300783.SZSE,买入,18.592000000000002,1000.0,5.19,18592.0,SignalRankStrategy
2022-11-03,300856.SZSE,买入,85.06,200.0,5.17,17012.0,SignalRankStrategy
2022-11-03,002258.SZSE,买入,102.38290389999997,100.0,5.1,10238.29,SignalRankStrategy
2022-11-03,002626.SZSE,买入,139.87400000000002,100.0,5.14,13987.4,SignalRankStrategy
2022-11-03,002810.SZSE,买入,81.87144000000002,200.0,5.16,16374.29,SignalRankStrategy
2022-11-03,300035.SZSE,买入,160.35345000000007,100.0,5.16,16035.35,SignalRankStrategy
2022-11-03,301078.SZSE,买入,10.47,1800.0,5.19,18846.0,SignalRankStrategy
2022-11-03,603936.SSE,买入,24.6292,800.0,5.2,19703.36,SignalRankStrategy
2022-11-03,002556.SZSE,买入,53.55400000000001,300.0,5.16,16066.2,SignalRankStrategy
2022-11-03,601311.SSE,买入,26.990000000000002,700.0,5.19,18893.0,SignalRankStrategy
2022-11-03,300078.SZSE,买入,56.926249999999996,300.0,5.17,17077.88,SignalRankStrategy
2022-11-03,002254.SZSE,买入,98.830256,200.0,5.2,19766.05,SignalRankStrategy
2022-11-03,002643.SZSE,买入,81.995,200.0,5.16,16399.0,SignalRankStrategy
2022-11-03,301069.SZSE,买入,28.530000000000005,600.0,5.17,17118.0,SignalRankStrategy
2022-11-03,002847.SZSE,买入,97.06000000000002,200.0,5.19,19412.0,SignalRankStrategy
2022-11-03,300477.SZSE,买入,34.99379999999999,500.0,5.17,17496.9,SignalRankStrategy
2022-11-03,603363.SSE,买入,17.746000000000006,1100.0,5.2,19520.6,SignalRankStrategy
2022-12-01,000935.SZSE,卖出,61.12047153020001,300.0,23.52,18336.14,SignalRankStrategy
2022-12-01,002145.SZSE,卖出,31.066999999999993,600.0,23.83,18640.2,SignalRankStrategy
2022-12-01,002201.SZSE,卖出,97.93883223399997,100.0,14.89,9793.88,SignalRankStrategy
2022-12-01,002204.SZSE,卖出,27.3075,700.0,24.31,19115.25,SignalRankStrategy
2022-12-01,002234.SZSE,卖出,40.81000000000001,500.0,25.71,20405.0,SignalRankStrategy
2022-12-01,002254.SZSE,卖出,110.58887999999999,200.0,27.87,22117.78,SignalRankStrategy
2022-12-01,002258.SZSE,卖出,106.60565149999996,100.0,15.77,10660.57,SignalRankStrategy
2022-12-01,002545.SZSE,卖出,47.614999999999995,400.0,24.24,19046.0,SignalRankStrategy
2022-12-01,002556.SZSE,卖出,50.70199999999999,300.0,20.36,15210.6,SignalRankStrategy
2022-12-01,002611.SZSE,卖出,29.24952,600.0,22.73,17549.71,SignalRankStrategy
2022-12-01,002626.SZSE,卖出,142.222,100.0,19.36,14222.2,SignalRankStrategy
2022-12-01,002643.SZSE,卖出,94.22499999999995,200.0,24.03,18845.0,SignalRankStrategy
2022-12-01,002759.SZSE,卖出,48.120000000000005,400.0,24.44,19248.0,SignalRankStrategy
2022-12-01,002810.SZSE,卖出,82.47160000000001,200.0,21.66,16494.32,SignalRankStrategy
2022-12-01,002838.SZSE,卖出,101.69519999999999,100.0,15.27,10169.52,SignalRankStrategy
2022-12-01,002847.SZSE,卖出,112.09,200.0,28.25,22418.0,SignalRankStrategy
2022-12-01,002895.SZSE,卖出,24.269999999999996,800.0,24.61,19416.0,SignalRankStrategy
2022-12-01,300035.SZSE,卖出,160.63765000000006,100.0,21.22,16063.77,SignalRankStrategy
2022-12-01,300078.SZSE,卖出,59.15624999999999,300.0,22.92,17746.87,SignalRankStrategy
2022-12-01,300118.SZSE,卖出,87.0181632,200.0,22.58,17403.63,SignalRankStrategy
2022-12-01,300224.SZSE,卖出,59.64175525697198,300.0,23.07,17892.53,SignalRankStrategy
2022-12-01,300263.SZSE,卖出,62.21053199999999,300.0,23.85,18663.16,SignalRankStrategy
2022-12-01,300343.SZSE,卖出,148.515228224,100.0,20.0,14851.52,SignalRankStrategy
2022-12-01,300432.SZSE,卖出,118.19449999999998,100.0,16.94,11819.45,SignalRankStrategy
2022-12-01,300477.SZSE,卖出,35.0998,500.0,22.73,17549.9,SignalRankStrategy
2022-12-01,300568.SZSE,卖出,160.7440324993805,100.0,21.24,16074.4,SignalRankStrategy
2022-12-01,300737.SZSE,卖出,24.918,900.0,28.26,22426.2,SignalRankStrategy
2022-12-01,300761.SZSE,卖出,36.540000000000006,400.0,19.76,14616.0,SignalRankStrategy
2022-12-01,300767.SZSE,卖出,147.809973496,100.0,19.93,14781.0,SignalRankStrategy
2022-12-01,300783.SZSE,卖出,20.311999999999998,1000.0,25.59,20312.0,SignalRankStrategy
2022-12-01,300856.SZSE,卖出,78.575,200.0,20.87,15715.0,SignalRankStrategy
2022-12-01,300861.SZSE,卖出,68.80999999999999,300.0,26.01,20643.0,SignalRankStrategy
2022-12-01,301069.SZSE,卖出,29.24,600.0,22.72,17544.0,SignalRankStrategy
2022-12-01,301078.SZSE,卖出,12.15,1800.0,27.56,21870.0,SignalRankStrategy
2022-12-01,600363.SSE,卖出,79.6884825,200.0,21.1,15937.7,SignalRankStrategy
2022-12-01,601231.SSE,卖出,39.05300000000001,400.0,20.78,15621.2,SignalRankStrategy
2022-12-01,601311.SSE,卖出,27.282,700.0,24.29,19097.4,SignalRankStrategy
2022-12-01,601908.SSE,卖出,30.13,600.0,23.26,18078.0,SignalRankStrategy
2022-12-01,603169.SSE,卖出,11.520800000000001,1800.0,26.13,20737.44,SignalRankStrategy
2022-12-01,603363.SSE,卖出,17.634999999999998,1100.0,24.59,19398.5,SignalRankStrategy
2022-12-01,603489.SSE,卖出,118.03999999999999,100.0,16.92,11804.0,SignalRankStrategy
2022-12-01,603936.SSE,卖出,30.097199999999997,800.0,30.34,24077.76,SignalRankStrategy
2022-12-01,603959.SSE,卖出,25.067999999999998,700.0,22.72,17547.6,SignalRankStrategy
2022-12-01,688339.SSE,卖出,116.87599999999998,100.0,16.8,11687.6,SignalRankStrategy
2022-12-01,688388.SSE,卖出,53.976000000000006,300.0,21.35,16192.8,SignalRankStrategy
2022-12-01,301031.SZSE,买入,167.6,100.0,5.17,16760.0,SignalRankStrategy
2022-12-01,300065.SZSE,买入,133.02937620000003,100.0,5.13,13302.94,SignalRankStrategy
2022-12-01,601222.SSE,买入,43.55040000000001,400.0,5.17,17420.16,SignalRankStrategy
2022-12-01,002585.SZSE,买入,56.07860000000001,300.0,5.17,16823.58,SignalRankStrategy
2022-12-01,300573.SZSE,买入,113.16000000000001,100.0,5.11,11316.0,SignalRankStrategy
2022-12-01,600610.SSE,买入,116.04592000000001,100.0,5.12,11604.59,SignalRankStrategy
2022-12-01,002446.SZSE,买入,50.661309999999986,300.0,5.15,15198.39,SignalRankStrategy
2022-12-01,603179.SSE,买入,105.52274,100.0,5.11,10552.27,SignalRankStrategy
2022-12-01,605008.SSE,买入,25.390000000000004,700.0,5.18,17773.0,SignalRankStrategy
2022-12-01,688383.SSE,买入,118.49000000000001,100.0,5.12,11849.0,SignalRankStrategy
2022-12-01,300740.SZSE,买入,32.412499999999994,600.0,5.19,19447.5,SignalRankStrategy
2022-12-01,002960.SZSE,买入,60.9533681,300.0,5.18,18286.01,SignalRankStrategy
2022-12-01,688408.SSE,买入,86.27000000000001,200.0,5.17,17254.0,SignalRankStrategy
2022-12-01,603368.SSE,买入,64.56912000000001,300.0,5.19,19370.74,SignalRankStrategy
2022-12-01,600063.SSE,买入,86.84597718585597,200.0,5.17,17369.2,SignalRankStrategy
2022-12-01,301217.SZSE,买入,14.290000000000001,1400.0,5.2,20006.0,SignalRankStrategy
2022-12-01,000928.SZSE,买入,14.113446368,1400.0,5.2,19758.82,SignalRankStrategy
2022-12-01,600223.SSE,买入,19.055000000000003,1000.0,5.19,19055.0,SignalRankStrategy
2022-12-01,000498.SZSE,买入,21.423084760000002,900.0,5.19,19280.78,SignalRankStrategy
2022-12-01,603108.SSE,买入,62.67000000000001,300.0,5.19,18801.0,SignalRankStrategy
2022-12-01,600389.SSE,买入,136.30405899999994,100.0,5.14,13630.41,SignalRankStrategy
2022-12-01,300510.SZSE,买入,32.56789421599999,600.0,5.2,19540.74,SignalRankStrategy
2022-12-01,000543.SZSE,买入,24.91551919099999,800.0,5.2,19932.42,SignalRankStrategy
2022-12-01,600328.SSE,买入,50.17949120000004,400.0,5.22,20071.8,SignalRankStrategy
2022-12-01,300696.SZSE,买入,115.2033451,100.0,5.12,11520.33,SignalRankStrategy
2022-12-01,603565.SSE,买入,36.74164,500.0,5.18,18370.82,SignalRankStrategy
2022-12-01,603916.SSE,买入,23.118,800.0,5.18,18494.4,SignalRankStrategy
2022-12-01,688520.SSE,买入,77.91,200.0,5.16,15582.0,SignalRankStrategy
2022-12-01,600882.SSE,买入,79.07203071064774,200.0,5.16,15814.41,SignalRankStrategy
2022-12-01,688399.SSE,买入,128.47,100.0,5.13,12847.0,SignalRankStrategy
2022-12-01,600502.SSE,买入,73.24096930000005,200.0,5.15,14648.19,SignalRankStrategy
2022-12-01,601666.SSE,买入,33.879222000000006,600.0,5.29,20327.53,SignalRankStrategy
2022-12-01,601001.SSE,买入,30.649000000000004,600.0,5.18,18389.4,SignalRankStrategy
2022-12-01,301089.SZSE,买入,84.30999999999999,200.0,5.17,16862.0,SignalRankStrategy
2022-12-01,688017.SSE,买入,140.924,100.0,5.14,14092.4,SignalRankStrategy
2022-12-01,000885.SZSE,买入,21.277488572512,900.0,5.19,19149.74,SignalRankStrategy
2022-12-01,601677.SSE,买入,23.88600000000001,800.0,5.19,19108.8,SignalRankStrategy
2022-12-01,688608.SSE,买入,137.098,100.0,5.14,13709.8,SignalRankStrategy
2022-12-01,300409.SZSE,买入,92.74498380000001,200.0,5.19,18549.0,SignalRankStrategy
2022-12-01,002614.SZSE,买入,44.625,400.0,5.18,17850.0,SignalRankStrategy
2022-12-01,300327.SZSE,买入,107.49243961146692,100.0,5.11,10749.24,SignalRankStrategy
2022-12-01,300203.SZSE,买入,33.785000000000004,600.0,5.27,20271.0,SignalRankStrategy
2022-12-01,300803.SZSE,买入,51.46,400.0,5.35,20584.0,SignalRankStrategy
2022-12-01,302132.SZSE,买入,63.995952617499995,300.0,5.19,19198.79,SignalRankStrategy
2022-12-29,000498.SZSE,卖出,19.66108476,900.0,22.87,17694.98,SignalRankStrategy
2022-12-29,000543.SZSE,卖出,22.205471830999986,800.0,22.94,17764.38,SignalRankStrategy
2022-12-29,000885.SZSE,卖出,18.824423781991996,900.0,22.11,16941.98,SignalRankStrategy
2022-12-29,000928.SZSE,卖出,13.554166368,1400.0,24.17,18975.83,SignalRankStrategy
2022-12-29,002446.SZSE,卖出,46.89756999999999,300.0,19.21,14069.27,SignalRankStrategy
2022-12-29,002585.SZSE,卖出,47.879000000000005,300.0,19.51,14363.7,SignalRankStrategy
2022-12-29,002614.SZSE,卖出,56.03500000000001,400.0,28.24,22414.0,SignalRankStrategy
2022-12-29,002960.SZSE,卖出,57.03555908,300.0,22.28,17110.67,SignalRankStrategy
2022-12-29,300203.SZSE,卖出,35.295,600.0,26.68,21177.0,SignalRankStrategy
2022-12-29,300327.SZSE,卖出,99.33143487475179,100.0,15.03,9933.14,SignalRankStrategy
2022-12-29,300409.SZSE,卖出,83.5449838,200.0,21.88,16709.0,SignalRankStrategy
2022-12-29,300510.SZSE,卖出,32.732767104000004,600.0,24.84,19639.66,SignalRankStrategy
2022-12-29,300573.SZSE,卖出,124.22,100.0,17.55,12422.0,SignalRankStrategy
2022-12-29,300696.SZSE,卖出,104.8007651,100.0,15.58,10480.08,SignalRankStrategy
2022-12-29,300740.SZSE,卖出,38.079,600.0,28.79,22847.4,SignalRankStrategy
2022-12-29,300803.SZSE,卖出,44.95,400.0,23.16,17980.0,SignalRankStrategy
2022-12-29,301031.SZSE,卖出,164.59,100.0,21.62,16459.0,SignalRankStrategy
2022-12-29,301217.SZSE,卖出,12.56,1400.0,22.76,17584.0,SignalRankStrategy
2022-12-29,302132.SZSE,卖出,60.89592761750001,300.0,23.45,18268.78,SignalRankStrategy
2022-12-29,600063.SSE,卖出,78.79700771795197,200.0,20.92,15759.4,SignalRankStrategy
2022-12-29,600223.SSE,卖出,19.5875,1000.0,24.78,19587.5,SignalRankStrategy
2022-12-29,600328.SSE,卖出,45.79398720000003,400.0,23.5,18317.59,SignalRankStrategy
2022-12-29,600389.SSE,卖出,137.46017899999998,100.0,18.88,13746.02,SignalRankStrategy
2022-12-29,600458.SSE,卖出,71.337984,200.0,19.41,14267.6,SignalRankStrategy
2022-12-29,600502.SSE,卖出,66.35035068800002,200.0,18.4,13270.07,SignalRankStrategy
2022-12-29,600610.SSE,卖出,113.50340000000003,100.0,16.46,11350.34,SignalRankStrategy
2022-12-29,600882.SSE,卖出,90.75462443228086,200.0,23.33,18150.92,SignalRankStrategy
2022-12-29,601001.SSE,卖出,27.249000000000002,600.0,21.51,16349.4,SignalRankStrategy
2022-12-29,601222.SSE,卖出,41.05240000000002,400.0,21.59,16420.96,SignalRankStrategy
2022-12-29,601666.SSE,卖出,31.222821999999997,600.0,23.92,18733.69,SignalRankStrategy
2022-12-29,601677.SSE,卖出,26.540000000000003,800.0,26.75,21232.0,SignalRankStrategy
2022-12-29,603108.SSE,卖出,56.87200000000001,300.0,22.23,17061.6,SignalRankStrategy
2022-12-29,603179.SSE,卖出,92.41876,100.0,14.33,9241.88,SignalRankStrategy
2022-12-29,603368.SSE,卖出,54.56096000000001,300.0,21.53,16368.29,SignalRankStrategy
2022-12-29,603565.SSE,卖出,33.35464,500.0,21.84,16677.32,SignalRankStrategy
2022-12-29,603916.SSE,卖出,20.877999999999993,800.0,21.87,16702.4,SignalRankStrategy
2022-12-29,605008.SSE,卖出,24.25,700.0,22.14,16975.0,SignalRankStrategy
2022-12-29,688017.SSE,卖出,137.32000000000002,100.0,18.87,13732.0,SignalRankStrategy
2022-12-29,688383.SSE,卖出,99.86,100.0,15.09,9986.0,SignalRankStrategy
2022-12-29,688399.SSE,卖出,107.1,100.0,15.82,10710.0,SignalRankStrategy
2022-12-29,688408.SSE,卖出,98.73,200.0,24.94,19746.0,SignalRankStrategy
2022-12-29,688520.SSE,卖出,60.28,200.0,17.18,12056.0,SignalRankStrategy
2022-12-29,688608.SSE,卖出,114.938,100.0,16.61,11493.8,SignalRankStrategy
2023-02-03,300065.SZSE,卖出,121.89437620000001,100.0,17.31,12189.44,SignalRankStrategy
2023-02-03,301089.SZSE,卖出,75.52999999999999,200.0,20.26,15106.0,SignalRankStrategy
2023-02-03,600172.SSE,卖出,58.73494400000002,300.0,22.8,17620.48,SignalRankStrategy
2023-07-03,688639.SSE,买入,132.28349999999998,100.0,5.13,13228.35,SignalRankStrategy
2023-07-03,300319.SZSE,买入,65.953139464955,200.0,5.13,13190.63,SignalRankStrategy
2023-07-03,688238.SSE,买入,14.700000000000001,1300.0,5.19,19110.0,SignalRankStrategy
2023-07-03,603108.SSE,买入,102.30600000000004,100.0,5.1,10230.6,SignalRankStrategy
2023-07-03,688326.SSE,买入,146.01,100.0,5.15,14601.0,SignalRankStrategy
2023-07-03,300634.SZSE,买入,26.781999999999996,700.0,5.19,18747.4,SignalRankStrategy
2023-07-03,002581.SZSE,买入,52.083999999999996,300.0,5.16,15625.2,SignalRankStrategy
2023-07-03,688001.SSE,买入,37.295,500.0,5.19,18647.5,SignalRankStrategy
2023-07-03,002174.SZSE,买入,51.404926,300.0,5.15,15421.48,SignalRankStrategy
2023-07-03,688337.SSE,买入,89.89480000000002,200.0,5.18,17978.96,SignalRankStrategy
2023-07-03,300765.SZSE,买入,64.12734,300.0,5.19,19238.2,SignalRankStrategy
2023-07-03,300662.SZSE,买入,36.093,500.0,5.18,18046.5,SignalRankStrategy
2023-07-03,000600.SZSE,买入,55.117668284415984,300.0,5.17,16535.3,SignalRankStrategy
2023-07-03,688339.SSE,买入,118.38000000000001,100.0,5.12,11838.0,SignalRankStrategy
2023-07-03,600990.SSE,买入,112.23355999999998,100.0,5.11,11223.36,SignalRankStrategy
2023-07-03,000829.SZSE,买入,163.97914070643202,100.0,5.16,16397.91,SignalRankStrategy
2023-07-03,000860.SZSE,买入,121.43102210000005,100.0,5.12,12143.1,SignalRankStrategy
2023-07-03,600685.SSE,买入,52.55658000000001,300.0,5.16,15766.97,SignalRankStrategy
2023-07-03,002697.SZSE,买入,45.975199999999994,400.0,5.18,18390.08,SignalRankStrategy
2023-07-03,688366.SSE,买入,86.11,200.0,5.17,17222.0,SignalRankStrategy
2023-07-03,601015.SSE,买入,9.870799999999997,1900.0,5.19,18754.52,SignalRankStrategy
2023-07-03,688586.SSE,买入,27.816399999999994,700.0,5.19,19471.48,SignalRankStrategy
2023-07-03,300406.SZSE,买入,98.66964,100.0,5.1,9866.96,SignalRankStrategy
2023-07-03,603533.SSE,买入,28.104,600.0,5.17,16862.4,SignalRankStrategy
2023-07-03,002617.SZSE,买入,60.95699999999999,300.0,5.18,18287.1,SignalRankStrategy
2023-07-03,300133.SZSE,买入,182.39056,100.0,5.18,18239.06,SignalRankStrategy
2023-07-03,002051.SZSE,买入,63.52469000800001,300.0,5.19,19057.41,SignalRankStrategy
2023-07-03,002254.SZSE,买入,132.65729599999997,100.0,5.13,13265.73,SignalRankStrategy
2023-07-03,300747.SZSE,买入,134.889375,100.0,5.13,13488.94,SignalRankStrategy
2023-07-03,600578.SSE,买入,19.1848,1000.0,5.19,19184.8,SignalRankStrategy
2023-07-03,300229.SZSE,买入,134.81451509999994,100.0,5.13,13481.45,SignalRankStrategy
2023-07-03,603008.SSE,买入,39.519999999999996,400.0,5.16,15808.0,SignalRankStrategy
2023-07-03,000885.SZSE,买入,27.681498728692,700.0,5.19,19377.05,SignalRankStrategy
2023-07-03,688526.SSE,买入,24.480000000000004,800.0,5.2,19584.0,SignalRankStrategy
2023-07-03,603416.SSE,买入,59.538799999999995,300.0,5.18,17861.64,SignalRankStrategy
2023-07-03,002351.SZSE,买入,132.97000000000006,100.0,5.13,13297.0,SignalRankStrategy
2023-07-03,688598.SSE,买入,174.01,100.0,5.17,17401.0,SignalRankStrategy
2023-07-03,300170.SZSE,买入,74.52900985099998,200.0,5.15,14905.8,SignalRankStrategy
2023-07-03,301363.SZSE,买入,44.160000000000004,400.0,5.18,17664.0,SignalRankStrategy
2023-07-03,002396.SZSE,买入,72.66,200.0,5.15,14532.0,SignalRankStrategy
2023-07-03,301060.SZSE,买入,17.730000000000004,1000.0,5.18,17730.0,SignalRankStrategy
2023-07-03,300470.SZSE,买入,173.56,100.0,5.17,17356.0,SignalRankStrategy
2023-07-03,000543.SZSE,买入,31.422071242999998,600.0,5.19,18853.24,SignalRankStrategy
2023-07-03,601801.SSE,买入,21.83000000000001,800.0,5.17,17464.0,SignalRankStrategy
2023-07-03,001269.SZSE,买入,103.47999999999999,100.0,5.1,10348.0,SignalRankStrategy
2023-07-31,000543.SZSE,卖出,31.402071242999995,600.0,24.03,18841.24,SignalRankStrategy
2023-07-31,000600.SZSE,卖出,50.276918629376,300.0,20.23,15083.08,SignalRankStrategy
2023-07-31,000829.SZSE,卖出,161.07721509696003,100.0,21.27,16107.72,SignalRankStrategy
2023-07-31,000860.SZSE,卖出,102.51198870000002,100.0,15.35,10251.2,SignalRankStrategy
2023-07-31,000885.SZSE,卖出,26.823698116861994,700.0,23.96,18776.59,SignalRankStrategy
2023-07-31,001269.SZSE,卖出,81.256,100.0,13.21,8125.6,SignalRankStrategy
2023-07-31,002051.SZSE,卖出,62.71620360800001,300.0,24.0,18814.86,SignalRankStrategy
2023-07-31,002174.SZSE,卖出,40.224926,300.0,17.19,12067.48,SignalRankStrategy
2023-07-31,002254.SZSE,卖出,122.367504,100.0,17.36,12236.75,SignalRankStrategy
2023-07-31,002351.SZSE,卖出,106.61000000000004,100.0,15.77,10661.0,SignalRankStrategy
2023-07-31,002396.SZSE,卖出,67.42,200.0,18.62,13484.0,SignalRankStrategy
2023-07-31,002581.SZSE,卖出,49.75000000000001,300.0,20.07,14925.0,SignalRankStrategy
2023-07-31,002617.SZSE,卖出,56.95899999999999,300.0,22.26,17087.7,SignalRankStrategy
2023-07-31,002697.SZSE,卖出,46.9072,400.0,23.95,18762.88,SignalRankStrategy
2023-07-31,300133.SZSE,卖出,168.41696,100.0,22.01,16841.7,SignalRankStrategy
2023-07-31,300170.SZSE,卖出,70.00680758699997,200.0,19.14,14001.36,SignalRankStrategy
2023-07-31,300229.SZSE,卖出,114.19051509999994,100.0,16.53,11419.05,SignalRankStrategy
2023-07-31,300319.SZSE,卖出,66.156038114955,200.0,18.36,13231.21,SignalRankStrategy
2023-07-31,300406.SZSE,卖出,89.72963999999999,100.0,14.06,8972.96,SignalRankStrategy
2023-07-31,300470.SZSE,卖出,161.33600000000004,100.0,21.29,16133.6,SignalRankStrategy
2023-07-31,300662.SZSE,卖出,38.61,500.0,24.5,19305.0,SignalRankStrategy
2023-07-31,300747.SZSE,卖出,127.41062500000001,100.0,17.87,12741.06,SignalRankStrategy
2023-07-31,300765.SZSE,卖出,65.041,300.0,24.71,19512.3,SignalRankStrategy
2023-07-31,301060.SZSE,卖出,17.24,1000.0,22.41,17240.0,SignalRankStrategy
2023-07-31,301363.SZSE,卖出,43.34,400.0,22.51,17336.0,SignalRankStrategy
2023-07-31,600578.SSE,卖出,18.167839999999995,1000.0,23.35,18167.84,SignalRankStrategy
2023-07-31,600685.SSE,卖出,47.26989000000002,300.0,19.32,14180.97,SignalRankStrategy
2023-07-31,600990.SSE,卖出,107.64951999999998,100.0,15.87,10764.95,SignalRankStrategy
2023-07-31,601015.SSE,卖出,10.053599999999996,1900.0,24.29,19101.84,SignalRankStrategy
2023-07-31,601801.SSE,卖出,19.100000000000005,800.0,20.43,15280.0,SignalRankStrategy
2023-07-31,603008.SSE,卖出,42.050000000000004,400.0,21.99,16820.0,SignalRankStrategy
2023-07-31,603108.SSE,卖出,75.61000000000001,100.0,12.64,7561.0,SignalRankStrategy
2023-07-31,603416.SSE,卖出,57.950799999999994,300.0,22.56,17385.24,SignalRankStrategy
2023-07-31,603533.SSE,卖出,24.133999999999997,600.0,19.63,14480.4,SignalRankStrategy
2023-07-31,688001.SSE,卖出,32.37500000000001,500.0,21.35,16187.5,SignalRankStrategy
2023-07-31,688238.SSE,卖出,14.563000000000002,1300.0,24.12,18931.9,SignalRankStrategy
2023-07-31,688326.SSE,卖出,147.37,100.0,19.88,14737.0,SignalRankStrategy
2023-07-31,688337.SSE,卖出,79.4704,200.0,21.05,15894.08,SignalRankStrategy
2023-07-31,688339.SSE,卖出,125.42999999999998,100.0,17.67,12543.0,SignalRankStrategy
2023-07-31,688526.SSE,卖出,24.78,800.0,25.02,19824.0,SignalRankStrategy
2023-07-31,688586.SSE,卖出,25.052399999999995,700.0,22.71,17536.68,SignalRankStrategy
2023-07-31,688598.SSE,卖出,172.77200000000002,100.0,22.45,17277.2,SignalRankStrategy
2023-07-31,688639.SSE,卖出,128.74,100.0,18.0,12874.0,SignalRankStrategy
2023-07-31,300573.SZSE,买入,181.66,100.0,5.18,18166.0,SignalRankStrategy
2023-07-31,002123.SZSE,买入,115.94800000000001,100.0,5.12,11594.8,SignalRankStrategy
2023-07-31,601069.SSE,买入,14.669,1200.0,5.18,17602.8,SignalRankStrategy
2023-07-31,002036.SZSE,买入,78.65224220534657,200.0,5.16,15730.45,SignalRankStrategy
2023-07-31,002292.SZSE,买入,78.46759999999999,200.0,5.16,15693.52,SignalRankStrategy
2023-07-31,603997.SSE,买入,25.343,700.0,5.18,17740.1,SignalRankStrategy
2023-07-31,688048.SSE,买入,94.61600000000001,100.0,5.09,9461.6,SignalRankStrategy
2023-07-31,000603.SZSE,买入,56.934,300.0,5.17,17080.2,SignalRankStrategy
2023-07-31,688278.SSE,买入,35.108,500.0,5.18,17554.0,SignalRankStrategy
2023-07-31,603995.SSE,买入,39.0835,400.0,5.16,15633.4,SignalRankStrategy
2023-07-31,603005.SSE,买入,61.36844000000002,300.0,5.18,18410.53,SignalRankStrategy
2023-07-31,002832.SZSE,买入,178.16214999999994,100.0,5.18,17816.21,SignalRankStrategy
2023-07-31,300457.SZSE,买入,144.64854624999998,100.0,5.14,14464.85,SignalRankStrategy
2023-07-31,301239.SZSE,买入,111.46,100.0,5.11,11146.0,SignalRankStrategy
2023-07-31,002332.SZSE,买入,33.13125000000001,500.0,5.17,16565.63,SignalRankStrategy
2023-07-31,688023.SSE,买入,164.59799999999998,100.0,5.16,16459.8,SignalRankStrategy
2023-07-31,600996.SSE,买入,10.542999999999997,1700.0,5.18,17923.1,SignalRankStrategy
2023-07-31,603236.SSE,买入,173.2368,100.0,5.17,17323.68,SignalRankStrategy
2023-07-31,002400.SZSE,买入,110.91200030000002,100.0,5.11,11091.2,SignalRankStrategy
2023-07-31,603123.SSE,买入,11.902999999999997,1500.0,5.18,17854.5,SignalRankStrategy
2023-07-31,603938.SSE,买入,55.902259999999984,300.0,5.17,16770.68,SignalRankStrategy
2023-07-31,688733.SSE,买入,32.540000000000006,500.0,5.16,16270.0,SignalRankStrategy
2023-07-31,603567.SSE,买入,30.432000000000002,600.0,5.18,18259.2,SignalRankStrategy
2023-07-31,688161.SSE,买入,44.779999999999994,400.0,5.18,17912.0,SignalRankStrategy
2023-07-31,002020.SZSE,买入,141.4310718,100.0,5.14,14143.11,SignalRankStrategy
2023-07-31,002549.SZSE,买入,93.12857500000001,200.0,5.19,18625.72,SignalRankStrategy
2023-07-31,605376.SSE,买入,34.79,500.0,5.17,17395.0,SignalRankStrategy
2023-07-31,002182.SZSE,买入,68.85000000000001,200.0,5.14,13770.0,SignalRankStrategy
2023-07-31,301089.SZSE,买入,61.42,300.0,5.18,18426.0,SignalRankStrategy
2023-07-31,603979.SSE,买入,53.236799999999995,300.0,5.16,15971.04,SignalRankStrategy
2023-07-31,002675.SZSE,买入,77.08720000000001,200.0,5.15,15417.44,SignalRankStrategy
2023-07-31,605507.SSE,买入,23.01,800.0,5.18,18408.0,SignalRankStrategy
2023-07-31,600340.SSE,买入,125.24148013336001,100.0,5.13,12524.15,SignalRankStrategy
2023-07-31,301367.SZSE,买入,151.89,100.0,5.15,15189.0,SignalRankStrategy
2023-07-31,603565.SSE,买入,37.797531199999995,400.0,5.15,15119.01,SignalRankStrategy
2023-07-31,601208.SSE,买入,38.53000000000001,400.0,5.15,15412.0,SignalRankStrategy
2023-07-31,300476.SZSE,买入,108.41984250000002,100.0,5.11,10841.98,SignalRankStrategy
2023-07-31,688016.SSE,买入,190.75,100.0,5.19,19075.0,SignalRankStrategy
2023-07-31,688676.SSE,买入,35.06,500.0,5.18,17530.0,SignalRankStrategy
2023-07-31,603300.SSE,买入,35.32439999999999,500.0,5.18,17662.2,SignalRankStrategy
2023-07-31,002158.SZSE,买入,90.28337946,200.0,5.18,18056.68,SignalRankStrategy
2023-07-31,300298.SZSE,买入,146.87248690776,100.0,5.15,14687.25,SignalRankStrategy
2023-08-24,300634.SZSE,卖出,22.601999999999993,490.0,16.19,11074.98,__RISK_DRAWDOWN__
2023-08-24,688366.SSE,卖出,100.84,140.0,19.26,14117.6,__RISK_DRAWDOWN__
2023-08-24,300573.SZSE,卖出,167.09000000000003,70.0,16.81,11696.3,__RISK_DRAWDOWN__
2023-08-24,002123.SZSE,卖出,112.25599999999999,70.0,12.94,7857.92,__RISK_DRAWDOWN__
2023-08-24,601069.SSE,卖出,13.979000000000001,840.0,16.86,11742.36,__RISK_DRAWDOWN__
2023-08-24,002036.SZSE,卖出,69.19073357034654,140.0,14.78,9686.7,__RISK_DRAWDOWN__
2023-08-24,002292.SZSE,卖出,73.1484,140.0,15.34,10240.78,__RISK_DRAWDOWN__
2023-08-24,603997.SSE,卖出,23.28299999999999,490.0,16.52,11408.67,__RISK_DRAWDOWN__
2023-08-24,688048.SSE,卖出,84.794,70.0,10.99,5935.58,__RISK_DRAWDOWN__
2023-08-24,000603.SZSE,卖出,63.525999999999996,210.0,18.47,13340.46,__RISK_DRAWDOWN__
2023-08-24,688278.SSE,卖出,33.368,350.0,16.8,11678.8,__RISK_DRAWDOWN__
2023-08-24,603995.SSE,卖出,31.813499999999998,280.0,14.0,8907.78,__RISK_DRAWDOWN__
2023-08-24,603005.SSE,卖出,52.26300000000002,210.0,16.08,10975.23,__RISK_DRAWDOWN__
2023-08-24,002832.SZSE,卖出,172.98349999999994,70.0,17.23,12108.84,__RISK_DRAWDOWN__
2023-08-24,300457.SZSE,卖出,136.24729624999998,70.0,14.63,9537.31,__RISK_DRAWDOWN__
2023-08-24,301239.SZSE,卖出,90.63,70.0,11.41,6344.1,__RISK_DRAWDOWN__
2023-08-24,002332.SZSE,卖出,29.17375000000001,350.0,15.31,10210.81,__RISK_DRAWDOWN__
2023-08-24,688023.SSE,卖出,159.56799999999998,70.0,16.28,11169.76,__RISK_DRAWDOWN__
2023-08-24,600996.SSE,卖出,12.022999999999998,1190.0,19.45,14307.37,__RISK_DRAWDOWN__
2023-08-24,603236.SSE,卖出,131.31020800000002,70.0,14.28,9191.71,__RISK_DRAWDOWN__
2023-08-24,002400.SZSE,卖出,111.24791429999996,70.0,12.87,7787.35,__RISK_DRAWDOWN__
2023-08-24,603123.SSE,卖出,11.102999999999998,1050.0,16.77,11658.15,__RISK_DRAWDOWN__
2023-08-24,603938.SSE,卖出,48.08537999999998,210.0,15.2,10097.93,__RISK_DRAWDOWN__
2023-08-24,688733.SSE,卖出,27.33,350.0,14.66,9565.5,__RISK_DRAWDOWN__
2023-08-24,603567.SSE,卖出,27.572,420.0,16.7,11580.24,__RISK_DRAWDOWN__
2023-08-24,688161.SSE,卖出,38.1,280.0,15.77,10668.0,__RISK_DRAWDOWN__
2023-08-24,002020.SZSE,卖出,127.79875179999999,70.0,14.04,8945.91,__RISK_DRAWDOWN__
2023-08-24,002549.SZSE,卖出,82.11586249999999,140.0,16.61,11496.22,__RISK_DRAWDOWN__
2023-08-24,605376.SSE,卖出,30.97,350.0,15.95,10839.5,__RISK_DRAWDOWN__
2023-08-24,002182.SZSE,卖出,62.080000000000005,140.0,13.78,8691.2,__RISK_DRAWDOWN__
2023-08-24,301089.SZSE,卖出,57.6,210.0,17.22,12096.0,__RISK_DRAWDOWN__
2023-08-24,603979.SSE,卖出,55.260400000000004,210.0,16.72,11604.68,__RISK_DRAWDOWN__
2023-08-24,002675.SZSE,卖出,69.8192,140.0,14.87,9774.69,__RISK_DRAWDOWN__
2023-08-24,605507.SSE,卖出,21.310000000000002,560.0,17.05,11933.6,__RISK_DRAWDOWN__
2023-08-24,600340.SSE,卖出,120.21287325008002,70.0,13.5,8414.9,__RISK_DRAWDOWN__
2023-08-24,301367.SZSE,卖出,125.99,70.0,13.91,8819.3,__RISK_DRAWDOWN__
2023-08-24,603565.SSE,卖出,35.499515200000005,280.0,15.04,9939.86,__RISK_DRAWDOWN__
2023-08-24,601208.SSE,卖出,33.05,280.0,14.35,9254.0,__RISK_DRAWDOWN__
2023-08-24,300476.SZSE,卖出,100.5248425,70.0,12.11,7036.74,__RISK_DRAWDOWN__
2023-08-24,688016.SSE,卖出,160.95000000000005,70.0,16.38,11266.5,__RISK_DRAWDOWN__
2023-08-24,688676.SSE,卖出,32.73000000000001,350.0,16.57,11455.5,__RISK_DRAWDOWN__
2023-08-24,603300.SSE,卖出,32.011599999999994,350.0,16.32,11204.06,__RISK_DRAWDOWN__
2023-08-24,002158.SZSE,卖出,85.02454894,140.0,17.02,11903.44,__RISK_DRAWDOWN__
2023-08-24,300298.SZSE,卖出,137.44291664727996,70.0,14.72,9621.0,__RISK_DRAWDOWN__
2023-08-28,000603.SZSE,卖出,67.17399999999999,90.0,11.11,6045.66,SignalRankStrategy
2023-08-28,002020.SZSE,卖出,134.0584318,30.0,9.06,4021.75,SignalRankStrategy
2023-08-28,002036.SZSE,卖出,70.70425785534657,60.0,9.28,4242.26,SignalRankStrategy
2023-08-28,002123.SZSE,卖出,110.816,30.0,8.36,3324.48,SignalRankStrategy
2023-08-28,002158.SZSE,卖出,89.28504363999998,60.0,10.41,5357.1,SignalRankStrategy
2023-08-28,002182.SZSE,卖出,63.46000000000001,60.0,8.85,3807.6,SignalRankStrategy
2023-08-28,002292.SZSE,卖出,71.53559999999999,60.0,9.34,4292.14,SignalRankStrategy
2023-08-28,002400.SZSE,卖出,113.20544130000002,30.0,8.43,3396.16,SignalRankStrategy
2023-08-28,002549.SZSE,卖出,85.0784375,60.0,10.16,5104.71,SignalRankStrategy
2023-08-28,002675.SZSE,卖出,74.04319999999998,60.0,9.49,4442.59,SignalRankStrategy
2023-08-28,002832.SZSE,卖出,182.31819999999993,30.0,10.52,5469.55,SignalRankStrategy
2023-08-28,300298.SZSE,卖出,144.99245557720002,30.0,9.39,4349.77,SignalRankStrategy
2023-08-28,300457.SZSE,卖出,182.59729625,30.0,10.53,5477.92,SignalRankStrategy
2023-08-28,300476.SZSE,卖出,100.74984250000001,30.0,8.05,3022.5,SignalRankStrategy
2023-08-28,300573.SZSE,卖出,175.64000000000001,30.0,10.32,5269.2,SignalRankStrategy
2023-08-28,300634.SZSE,卖出,22.851999999999993,210.0,9.85,4798.92,SignalRankStrategy
2023-08-28,301089.SZSE,卖出,60.470000000000006,90.0,10.5,5442.3,SignalRankStrategy
2023-08-28,301239.SZSE,卖出,110.10999999999999,30.0,8.34,3303.3,SignalRankStrategy
2023-08-28,301367.SZSE,卖出,129.25,30.0,8.92,3877.5,SignalRankStrategy
2023-08-28,600340.SSE,卖出,121.88240887784,30.0,8.69,3656.47,SignalRankStrategy
2023-08-28,600996.SSE,卖出,11.572999999999999,510.0,10.96,5902.23,SignalRankStrategy
2023-08-28,601069.SSE,卖出,14.719,360.0,10.35,5298.84,SignalRankStrategy
2023-08-28,601208.SSE,卖出,35.23400000000001,120.0,9.27,4228.08,SignalRankStrategy
2023-08-28,603005.SSE,卖出,53.472600000000014,90.0,9.86,4812.53,SignalRankStrategy
2023-08-28,603123.SSE,卖出,11.392999999999997,450.0,10.18,5126.85,SignalRankStrategy
2023-08-28,603236.SSE,卖出,134.8876,30.0,9.09,4046.63,SignalRankStrategy
2023-08-28,603300.SSE,卖出,33.21896,150.0,10.03,4982.84,SignalRankStrategy
2023-08-28,603565.SSE,卖出,36.8948,120.0,9.47,4427.38,SignalRankStrategy
2023-08-28,603567.SSE,卖出,27.851999999999997,180.0,10.06,5013.36,SignalRankStrategy
2023-08-28,603938.SSE,卖出,50.35309999999999,90.0,9.58,4531.78,SignalRankStrategy
2023-08-28,603979.SSE,卖出,61.016799999999996,90.0,10.55,5491.51,SignalRankStrategy
2023-08-28,603995.SSE,卖出,32.64,120.0,8.96,3916.8,SignalRankStrategy
2023-08-28,603997.SSE,卖出,23.95799999999999,210.0,10.08,5031.18,SignalRankStrategy
2023-08-28,605376.SSE,卖出,33.77,150.0,10.12,5065.5,SignalRankStrategy
2023-08-28,605507.SSE,卖出,21.89,240.0,10.31,5253.6,SignalRankStrategy
2023-08-28,688016.SSE,卖出,175.94000000000003,30.0,10.33,5278.2,SignalRankStrategy
2023-08-28,688023.SSE,卖出,159.32799999999997,30.0,9.83,4779.84,SignalRankStrategy
2023-08-28,688048.SSE,卖出,84.03999999999999,30.0,7.55,2521.2,SignalRankStrategy
2023-08-28,688161.SSE,卖出,39.89000000000001,120.0,9.83,4786.8,SignalRankStrategy
2023-08-28,688278.SSE,卖出,34.268,150.0,10.19,5140.2,SignalRankStrategy
2023-08-28,688366.SSE,卖出,106.29,60.0,11.44,6377.4,SignalRankStrategy
2023-08-28,688676.SSE,卖出,34.74000000000001,150.0,10.26,5211.0,SignalRankStrategy
2023-08-28,688733.SSE,卖出,27.389999999999997,150.0,9.15,4108.5,SignalRankStrategy
2023-09-25,002332.SZSE,卖出,29.083750000000006,150.0,9.41,4362.56,SignalRankStrategy
2024-02-29,603171.SSE,买入,26.67,600.0,5.16,16002.0,SignalRankStrategy
2024-02-29,600691.SSE,买入,25.573685920000013,700.0,5.18,17901.58,SignalRankStrategy
2024-02-29,002158.SZSE,买入,69.26493894,200.0,5.14,13852.99,SignalRankStrategy
2024-02-29,688007.SSE,买入,18.34905,900.0,5.17,16514.14,SignalRankStrategy
2024-02-29,002453.SZSE,买入,28.182,600.0,5.17,16909.2,SignalRankStrategy
2024-02-29,603113.SSE,买入,8.181999999999999,2200.0,5.18,18000.4,SignalRankStrategy
2024-02-29,688389.SSE,买入,18.563000000000002,900.0,5.17,16706.7,SignalRankStrategy
2024-02-29,002488.SZSE,买入,33.1225,500.0,5.17,16561.25,SignalRankStrategy
2024-02-29,601015.SSE,买入,8.0963,2200.0,5.18,17811.86,SignalRankStrategy
2024-02-29,001322.SZSE,买入,10.053999999999998,1700.0,5.17,17091.8,SignalRankStrategy
2024-02-29,603055.SSE,买入,13.534,1300.0,5.18,17594.2,SignalRankStrategy
2024-02-29,603187.SSE,买入,57.769423999999994,300.0,5.17,17330.83,SignalRankStrategy
2024-02-29,688033.SSE,买入,11.694999999999999,1500.0,5.18,17542.5,SignalRankStrategy
2024-02-29,600531.SSE,买入,52.78628900000002,300.0,5.16,15835.89,SignalRankStrategy
2024-02-29,601208.SSE,买入,29.299999999999997,600.0,5.18,17580.0,SignalRankStrategy
2024-02-29,603393.SSE,买入,73.214,200.0,5.15,14642.8,SignalRankStrategy
2024-02-29,600266.SSE,买入,28.902426719999994,600.0,5.17,17341.46,SignalRankStrategy
2024-02-29,600780.SSE,买入,56.792897078847986,300.0,5.17,17037.87,SignalRankStrategy
2024-02-29,600810.SSE,买入,33.2796233,500.0,5.17,16639.81,SignalRankStrategy
2024-02-29,600552.SSE,买入,80.75442500000001,200.0,5.16,16150.89,SignalRankStrategy
2024-02-29,603300.SSE,买入,33.51336,500.0,5.17,16756.68,SignalRankStrategy
2024-02-29,600657.SSE,买入,60.395676640000026,200.0,5.12,12079.14,SignalRankStrategy
2024-02-29,601609.SSE,买入,6.079000000000001,2900.0,5.18,17629.1,SignalRankStrategy
2024-02-29,600710.SSE,买入,54.90106240000001,300.0,5.16,16470.32,SignalRankStrategy
2024-02-29,601011.SSE,买入,7.009999999999999,2500.0,5.18,17525.0,SignalRankStrategy
2024-02-29,002918.SZSE,买入,32.374500000000005,500.0,5.16,16187.25,SignalRankStrategy
2024-02-29,688139.SSE,买入,31.8701,500.0,5.16,15935.05,SignalRankStrategy
2024-02-29,300267.SZSE,买入,27.690599999999996,600.0,5.17,16614.36,SignalRankStrategy
2024-02-29,600491.SSE,买入,34.217874999999985,500.0,5.17,17108.94,SignalRankStrategy
2024-02-29,002171.SZSE,买入,35.88367199999999,500.0,5.18,17941.84,SignalRankStrategy
2024-02-29,603128.SSE,买入,22.927200000000006,700.0,5.16,16049.04,SignalRankStrategy
2024-02-29,600976.SSE,买入,148.715,100.0,5.15,14871.5,SignalRankStrategy
2024-02-29,688327.SSE,买入,18.91,900.0,5.17,17019.0,SignalRankStrategy
2024-02-29,600449.SSE,买入,54.432900000000004,300.0,5.16,16329.87,SignalRankStrategy
2024-02-29,000603.SZSE,买入,41.35399999999999,400.0,5.17,16541.6,SignalRankStrategy
2024-02-29,000735.SZSE,买入,35.00204299999997,500.0,5.18,17501.02,SignalRankStrategy
2024-02-29,300079.SZSE,买入,60.70556143604797,200.0,5.12,12141.11,SignalRankStrategy
2024-02-29,603718.SSE,买入,18.698370000000004,900.0,5.17,16828.53,SignalRankStrategy
2024-02-29,000517.SZSE,买入,31.73979326002601,500.0,5.16,15869.9,SignalRankStrategy
2024-02-29,002726.SZSE,买入,34.963953700000005,500.0,5.17,17481.98,SignalRankStrategy
2024-02-29,002993.SZSE,买入,39.388,400.0,5.16,15755.2,SignalRankStrategy
2024-02-29,000062.SZSE,买入,70.6987696380001,200.0,5.14,14139.75,SignalRankStrategy
2024-02-29,600163.SSE,买入,8.69648,2000.0,5.17,17392.96,SignalRankStrategy
2024-02-29,002302.SZSE,买入,27.814447450000007,600.0,5.17,16688.67,SignalRankStrategy
2024-02-29,600006.SSE,买入,19.275008,900.0,5.17,17347.51,SignalRankStrategy
2024-02-29,603556.SSE,买入,44.895088999999984,400.0,5.18,17958.04,SignalRankStrategy
2024-02-29,000881.SZSE,买入,28.46888365387201,600.0,5.17,17081.33,SignalRankStrategy
2024-02-29,601886.SSE,买入,15.929999999999996,1100.0,5.18,17523.0,SignalRankStrategy
2024-02-29,603915.SSE,买入,18.834,900.0,5.17,16950.6,SignalRankStrategy
2024-03-28,000062.SZSE,卖出,69.65936163800006,200.0,19.07,13931.87,SignalRankStrategy
2024-03-28,000517.SZSE,卖出,32.02588601006601,500.0,21.17,16012.94,SignalRankStrategy
2024-03-28,000603.SZSE,卖出,51.29,400.0,25.85,20516.0,SignalRankStrategy
2024-03-28,000735.SZSE,卖出,35.695872999999985,500.0,23.03,17847.94,SignalRankStrategy
2024-03-28,001322.SZSE,卖出,9.524,1700.0,21.35,16190.8,SignalRankStrategy
2024-03-28,002158.SZSE,卖出,72.27462406,200.0,19.6,14454.92,SignalRankStrategy
2024-03-28,002302.SZSE,卖出,28.10406257,600.0,22.03,16862.44,SignalRankStrategy
2024-03-28,002453.SZSE,卖出,25.802,600.0,20.64,15481.2,SignalRankStrategy
2024-03-28,002488.SZSE,卖出,31.415,500.0,20.86,15707.5,SignalRankStrategy
2024-03-28,002726.SZSE,卖出,32.20355370000001,500.0,21.26,16101.78,SignalRankStrategy
2024-03-28,002918.SZSE,卖出,32.40550000000001,500.0,21.36,16202.75,SignalRankStrategy
2024-03-28,002993.SZSE,卖出,40.85,400.0,21.5,16340.0,SignalRankStrategy
2024-03-28,300079.SZSE,卖出,59.12908859604798,200.0,16.94,11825.82,SignalRankStrategy
2024-03-28,600006.SSE,卖出,24.575007999999993,900.0,27.87,22117.51,SignalRankStrategy
2024-03-28,600163.SSE,卖出,9.428595,2000.0,24.05,18857.19,SignalRankStrategy
2024-03-28,600266.SSE,卖出,28.363611999999986,600.0,22.19,17018.17,SignalRankStrategy
2024-03-28,600449.SSE,卖出,58.1621,300.0,22.62,17448.63,SignalRankStrategy
2024-03-28,600491.SSE,卖出,34.107875,500.0,22.22,17053.94,SignalRankStrategy
2024-03-28,600531.SSE,卖出,59.589729000000034,300.0,23.06,17876.92,SignalRankStrategy
2024-03-28,600657.SSE,卖出,66.39932335999998,200.0,18.41,13279.86,SignalRankStrategy
2024-03-28,600691.SSE,卖出,24.677112991999998,700.0,22.45,17273.98,SignalRankStrategy
2024-03-28,600710.SSE,卖出,54.81928640000002,300.0,21.61,16445.79,SignalRankStrategy
2024-03-28,600780.SSE,卖出,61.67390339494401,300.0,23.69,18502.17,SignalRankStrategy
2024-03-28,600810.SSE,卖出,35.71908030000001,500.0,23.04,17859.54,SignalRankStrategy
2024-03-28,600976.SSE,卖出,151.54500000000002,100.0,20.31,15154.5,SignalRankStrategy
2024-03-28,601011.SSE,卖出,6.789999999999998,2500.0,22.14,16975.0,SignalRankStrategy
2024-03-28,601015.SSE,卖出,7.594650000000001,2200.0,21.88,16708.23,SignalRankStrategy
2024-03-28,601208.SSE,卖出,25.016,600.0,20.16,15009.6,SignalRankStrategy
2024-03-28,601609.SSE,卖出,6.209000000000001,2900.0,23.19,18006.1,SignalRankStrategy
2024-03-28,601886.SSE,卖出,16.389999999999993,1100.0,23.21,18029.0,SignalRankStrategy
2024-03-28,603055.SSE,卖出,13.304,1300.0,22.47,17295.2,SignalRankStrategy
2024-03-28,603113.SSE,卖出,7.922,2200.0,22.6,17428.4,SignalRankStrategy
2024-03-28,603128.SSE,卖出,20.4632,700.0,19.47,14324.24,SignalRankStrategy
2024-03-28,603171.SSE,卖出,24.75,600.0,20.0,14850.0,SignalRankStrategy
2024-03-28,603187.SSE,卖出,62.39775999999999,300.0,23.91,18719.33,SignalRankStrategy
2024-03-28,603300.SSE,卖出,33.27384,500.0,21.8,16636.92,SignalRankStrategy
2024-03-28,603393.SSE,卖出,78.72119999999998,200.0,20.9,15744.24,SignalRankStrategy
2024-03-28,603556.SSE,卖出,50.81608899999999,400.0,25.61,20326.44,SignalRankStrategy
2024-03-28,603915.SSE,卖出,19.541999999999998,900.0,22.76,17587.8,SignalRankStrategy
2024-03-28,688007.SSE,卖出,17.339049999999993,900.0,20.76,15605.14,SignalRankStrategy
2024-03-28,688033.SSE,卖出,10.144999999999998,1500.0,20.37,15217.5,SignalRankStrategy
2024-03-28,688139.SSE,卖出,29.620099999999994,500.0,19.96,14810.05,SignalRankStrategy
2024-03-28,688327.SSE,卖出,17.881999999999998,900.0,21.25,16093.8,SignalRankStrategy
2024-03-28,688389.SSE,卖出,17.442999999999998,900.0,20.86,15698.7,SignalRankStrategy
2024-03-28,603477.SSE,买入,35.07599999999999,500.0,5.18,17538.0,SignalRankStrategy
2024-03-28,600246.SSE,买入,78.62608,200.0,5.16,15725.22,SignalRankStrategy
2024-03-28,300679.SZSE,买入,141.40370350999999,100.0,5.14,14140.37,SignalRankStrategy
2024-03-28,603733.SSE,买入,18.630000000000003,900.0,5.17,16767.0,SignalRankStrategy
2024-03-28,688202.SSE,买入,84.2488,200.0,5.17,16849.76,SignalRankStrategy
2024-03-28,002567.SZSE,买入,32.79067200000001,500.0,5.16,16395.34,SignalRankStrategy
2024-03-28,601975.SSE,买入,3.1999999999999997,5700.0,5.18,18240.0,SignalRankStrategy
2024-03-28,601279.SSE,买入,5.14,3500.0,5.18,17990.0,SignalRankStrategy
2024-03-28,301358.SZSE,买入,30.638,500.0,5.15,15319.0,SignalRankStrategy
2024-03-28,688123.SSE,买入,72.134,200.0,5.14,14426.8,SignalRankStrategy
2024-03-28,300735.SZSE,买入,48.038,300.0,5.14,14411.4,SignalRankStrategy
2024-03-28,002214.SZSE,买入,70.94779599999995,200.0,5.14,14189.56,SignalRankStrategy
2024-03-28,603766.SSE,买入,18.071,1000.0,5.18,18071.0,SignalRankStrategy
2024-03-28,002015.SZSE,买入,62.80743805935999,200.0,5.13,12561.49,SignalRankStrategy
2024-03-28,600331.SSE,买入,64.81000000000003,200.0,5.13,12962.0,SignalRankStrategy
2024-03-28,603713.SSE,买入,47.12,300.0,5.14,14136.0,SignalRankStrategy
2024-03-28,601811.SSE,买入,17.040000000000006,1000.0,5.17,17040.0,SignalRankStrategy
2024-03-28,603032.SSE,买入,35.203799999999994,500.0,5.18,17601.9,SignalRankStrategy
2024-03-28,002847.SZSE,买入,119.72,100.0,5.12,11972.0,SignalRankStrategy
2024-03-28,002100.SZSE,买入,91.80957720000004,100.0,5.09,9180.96,SignalRankStrategy
2024-03-28,001323.SZSE,买入,33.410000000000004,500.0,5.17,16705.0,SignalRankStrategy
2024-03-28,688680.SSE,买入,47.98,300.0,5.14,14394.0,SignalRankStrategy
2024-03-28,000550.SZSE,买入,53.936399999999985,300.0,5.16,16180.92,SignalRankStrategy
2024-03-28,601965.SSE,买入,30.860000000000007,500.0,5.15,15430.0,SignalRankStrategy
2024-03-28,603063.SSE,买入,22.994000000000003,700.0,5.16,16095.8,SignalRankStrategy
2024-03-28,002727.SZSE,买入,42.830000000000005,400.0,5.17,17132.0,SignalRankStrategy
2024-03-28,688789.SSE,买入,148.83999999999997,100.0,5.15,14884.0,SignalRankStrategy
2024-03-28,000035.SZSE,买入,21.30844,800.0,5.17,17046.75,SignalRankStrategy
2024-03-28,002053.SZSE,买入,22.960000000000008,700.0,5.16,16072.0,SignalRankStrategy
2024-03-28,002006.SZSE,买入,107.31500000000001,100.0,5.11,10731.5,SignalRankStrategy
2024-03-28,300827.SZSE,买入,118.51624307999997,100.0,5.12,11851.62,SignalRankStrategy
2024-03-28,002840.SZSE,买入,46.84459759999999,300.0,5.14,14053.38,SignalRankStrategy
2024-03-28,000560.SZSE,买入,12.824421322850997,1400.0,5.18,17954.19,SignalRankStrategy
2024-03-28,300224.SZSE,买入,50.22999060697198,300.0,5.15,15069.0,SignalRankStrategy
2024-03-28,301308.SZSE,买入,90.39000000000001,200.0,5.18,18078.0,SignalRankStrategy
2024-03-28,000555.SZSE,买入,35.23685015999999,500.0,5.18,17618.43,SignalRankStrategy
2024-03-28,002239.SZSE,买入,25.845080000000006,700.0,5.18,18091.56,SignalRankStrategy
2024-03-28,002400.SZSE,买入,107.17490329999998,100.0,5.11,10717.49,SignalRankStrategy
2024-03-28,300409.SZSE,买入,54.89098380000001,300.0,5.16,16467.3,SignalRankStrategy
2024-03-28,000913.SZSE,买入,38.82827199999999,400.0,5.16,15531.31,SignalRankStrategy
2024-03-28,001696.SZSE,买入,176.38895142399997,100.0,5.18,17638.9,SignalRankStrategy
2024-03-28,688559.SSE,买入,31.29183,500.0,5.16,15645.92,SignalRankStrategy
2024-03-28,002906.SZSE,买入,25.970000000000002,700.0,5.18,18179.0,SignalRankStrategy
2024-03-28,002139.SZSE,买入,141.52172942599998,100.0,5.14,14152.17,SignalRankStrategy
2024-04-29,000035.SZSE,卖出,23.60504,800.0,24.07,18884.03,SignalRankStrategy
2024-04-29,000550.SZSE,卖出,52.176399999999994,300.0,20.81,15652.92,SignalRankStrategy
2024-04-29,000555.SZSE,卖出,41.438450159999995,500.0,26.11,20719.23,SignalRankStrategy
2024-04-29,000560.SZSE,卖出,11.036751680931,1400.0,20.61,15451.45,SignalRankStrategy
2024-04-29,000881.SZSE,卖出,31.02937102667201,600.0,23.8,18617.62,SignalRankStrategy
2024-04-29,000913.SZSE,卖出,48.308048,400.0,24.52,19323.22,SignalRankStrategy
2024-04-29,001323.SZSE,卖出,35.11,500.0,22.73,17555.0,SignalRankStrategy
2024-04-29,001696.SZSE,卖出,290.47403072000014,100.0,36.6,29047.4,SignalRankStrategy
2024-04-29,002015.SZSE,卖出,56.58722648336,200.0,16.43,11317.45,SignalRankStrategy
2024-04-29,002053.SZSE,卖出,27.120000000000005,700.0,24.17,18984.0,SignalRankStrategy
2024-04-29,002100.SZSE,卖出,85.00348360000002,100.0,13.59,8500.35,SignalRankStrategy
2024-04-29,002139.SZSE,卖出,160.37148942600007,100.0,21.2,16037.15,SignalRankStrategy
2024-04-29,002171.SZSE,卖出,42.151672,500.0,26.56,21075.84,SignalRankStrategy
2024-04-29,002214.SZSE,卖出,70.49579599999994,200.0,19.24,14099.16,SignalRankStrategy
2024-04-29,002239.SZSE,卖出,25.03128,700.0,22.7,17521.9,SignalRankStrategy
2024-04-29,002400.SZSE,卖出,100.21458030000001,100.0,15.12,10021.46,SignalRankStrategy
2024-04-29,002567.SZSE,卖出,30.610672000000005,500.0,20.46,15305.34,SignalRankStrategy
2024-04-29,002727.SZSE,卖出,46.89000000000001,400.0,23.94,18756.0,SignalRankStrategy
2024-04-29,002840.SZSE,卖出,50.6405976,300.0,20.34,15192.18,SignalRankStrategy
2024-04-29,002847.SZSE,卖出,115.60500000000002,100.0,16.68,11560.5,SignalRankStrategy
2024-04-29,002906.SZSE,卖出,31.79,700.0,28.04,22253.0,SignalRankStrategy
2024-04-29,300224.SZSE,卖出,50.93880878447198,300.0,20.43,15281.64,SignalRankStrategy
2024-04-29,300267.SZSE,卖出,26.78139999999999,600.0,21.23,16068.84,SignalRankStrategy
2024-04-29,300409.SZSE,卖出,59.40698380000001,300.0,23.0,17822.1,SignalRankStrategy
2024-04-29,300679.SZSE,卖出,155.42370351000002,100.0,20.7,15542.37,SignalRankStrategy
2024-04-29,300735.SZSE,卖出,44.796599999999984,300.0,18.57,13438.98,SignalRankStrategy
2024-04-29,300827.SZSE,卖出,129.61106308,100.0,18.09,12961.11,SignalRankStrategy
2024-04-29,301308.SZSE,卖出,98.46,200.0,24.89,19692.0,SignalRankStrategy
2024-04-29,301358.SZSE,卖出,32.728,500.0,21.53,16364.0,SignalRankStrategy
2024-04-29,600331.SSE,卖出,60.07,200.0,17.13,12014.0,SignalRankStrategy
2024-04-29,600552.SSE,卖出,86.74237500000001,200.0,22.52,17348.48,SignalRankStrategy
2024-04-29,601279.SSE,卖出,5.26,3500.0,23.59,18410.0,SignalRankStrategy
2024-04-29,601811.SSE,卖出,17.05,1000.0,22.22,17050.0,SignalRankStrategy
2024-04-29,601965.SSE,卖出,32.55000000000001,500.0,21.44,16275.0,SignalRankStrategy
2024-04-29,601975.SSE,卖出,3.79,5700.0,27.22,21603.0,SignalRankStrategy
2024-04-29,603032.SSE,卖出,29.354199999999995,500.0,19.82,14677.1,SignalRankStrategy
2024-04-29,603063.SSE,卖出,19.594,700.0,18.85,13715.8,SignalRankStrategy
2024-04-29,603477.SSE,卖出,35.065999999999995,500.0,22.71,17533.0,SignalRankStrategy
2024-04-29,603713.SSE,卖出,53.68,300.0,21.27,16104.0,SignalRankStrategy
2024-04-29,603718.SSE,卖出,19.184369999999998,900.0,22.44,17265.93,SignalRankStrategy
2024-04-29,603733.SSE,卖出,20.109999999999996,900.0,23.28,18099.0,SignalRankStrategy
2024-04-29,603766.SSE,卖出,19.750999999999998,1000.0,24.95,19751.0,SignalRankStrategy
2024-04-29,688123.SSE,卖出,72.53,200.0,19.65,14506.0,SignalRankStrategy
2024-04-29,688202.SSE,卖出,68.78399999999998,200.0,18.89,13756.8,SignalRankStrategy
2024-04-29,688559.SSE,卖出,27.20183,500.0,18.74,13600.92,SignalRankStrategy
2024-04-29,688680.SSE,卖出,37.58,300.0,16.39,11274.0,SignalRankStrategy
2024-04-29,688789.SSE,卖出,151.69100000000003,100.0,20.32,15169.1,SignalRankStrategy
2024-05-30,002006.SZSE,卖出,101.9733,100.0,15.3,10197.33,SignalRankStrategy
2024-05-30,600360.SSE,买入,19.250225000000007,900.0,5.17,17325.2,SignalRankStrategy
2024-05-30,002217.SZSE,买入,8.406599999999997,2200.0,5.18,18494.52,SignalRankStrategy
2024-05-30,688037.SSE,买入,133.5394,100.0,5.13,13353.94,SignalRankStrategy
2024-05-30,600649.SSE,买入,96.87890307360003,100.0,5.1,9687.89,SignalRankStrategy
2024-05-30,603363.SSE,买入,5.824999999999999,3200.0,5.19,18640.0,SignalRankStrategy
2024-05-30,688166.SSE,买入,36.44,500.0,5.18,18220.0,SignalRankStrategy
2024-05-30,688167.SSE,买入,63.38861,200.0,5.13,12677.72,SignalRankStrategy
2024-05-30,002201.SZSE,买入,41.523038820000004,400.0,5.17,16609.22,SignalRankStrategy
2024-05-30,688048.SSE,买入,45.567,400.0,5.18,18226.8,SignalRankStrategy
2024-05-30,301031.SZSE,买入,88.16,200.0,5.18,17632.0,SignalRankStrategy
2024-05-30,688123.SSE,买入,68.52000000000001,200.0,5.14,13704.0,SignalRankStrategy
2024-05-30,688700.SSE,买入,62.913999999999994,200.0,5.13,12582.8,SignalRankStrategy
2024-05-30,000682.SZSE,买入,178.43811893632005,100.0,5.18,17843.81,SignalRankStrategy
2024-05-30,300613.SZSE,买入,165.89364531540002,100.0,5.17,16589.36,SignalRankStrategy
2024-05-30,300811.SZSE,买入,179.15360000000004,100.0,5.18,17915.36,SignalRankStrategy
2024-05-30,603005.SSE,买入,50.74008800000001,300.0,5.15,15222.03,SignalRankStrategy
2024-05-30,300327.SZSE,买入,64.55771399363176,200.0,5.13,12911.54,SignalRankStrategy
2024-05-30,605111.SSE,买入,103.17548,100.0,5.1,10317.55,SignalRankStrategy
2024-05-30,603323.SSE,买入,8.789100000000003,2100.0,5.18,18457.11,SignalRankStrategy
2024-05-30,300655.SZSE,买入,67.77833289507872,200.0,5.14,13555.67,SignalRankStrategy
2024-05-30,300737.SZSE,买入,10.340000000000002,1800.0,5.19,18612.0,SignalRankStrategy
2024-05-30,002424.SZSE,买入,45.27799999999999,400.0,5.18,18111.2,SignalRankStrategy
2024-05-30,688262.SSE,买入,27.056202760000005,600.0,5.16,16233.72,SignalRankStrategy
2024-05-30,601963.SSE,买入,9.068,2000.0,5.18,18136.0,SignalRankStrategy
2024-05-30,688046.SSE,买入,11.270999999999999,1600.0,5.18,18033.6,SignalRankStrategy
2024-05-30,000560.SZSE,买入,17.409314456581,1000.0,5.17,17409.31,SignalRankStrategy
2024-05-30,300260.SZSE,买入,126.13749999999999,100.0,5.13,12613.75,SignalRankStrategy
2024-05-30,600331.SSE,买入,66.49000000000002,200.0,5.13,13298.0,SignalRankStrategy
2024-05-30,688630.SSE,买入,61.900000000000006,300.0,5.19,18570.0,SignalRankStrategy
2024-05-30,002948.SZSE,买入,4.8048497999999995,3800.0,5.18,18258.43,SignalRankStrategy
2024-05-30,605090.SSE,买入,39.513299999999994,400.0,5.16,15805.32,SignalRankStrategy
2024-05-30,601126.SSE,买入,44.16900000000001,400.0,5.18,17667.6,SignalRankStrategy
2024-05-30,600266.SSE,买入,31.75590767999999,500.0,5.16,15877.95,SignalRankStrategy
2024-05-30,301217.SZSE,买入,10.959999999999999,1700.0,5.19,18632.0,SignalRankStrategy
2024-05-30,002100.SZSE,买入,99.93232560000001,100.0,5.1,9993.23,SignalRankStrategy
2024-05-30,600877.SSE,买入,51.10562219999999,300.0,5.15,15331.69,SignalRankStrategy
2024-05-30,000719.SZSE,买入,47.606952223079986,300.0,5.14,14282.09,SignalRankStrategy
2024-05-30,601528.SSE,买入,7.411999999999999,2500.0,5.19,18530.0,SignalRankStrategy
2024-05-30,600657.SSE,买入,66.04284544,200.0,5.13,13208.57,SignalRankStrategy
2024-05-30,300672.SZSE,买入,81.49387863000001,200.0,5.16,16298.78,SignalRankStrategy
2024-05-30,002807.SZSE,买入,6.297999999999998,2900.0,5.18,18264.2,SignalRankStrategy
2024-05-30,301308.SZSE,买入,84.73000000000002,200.0,5.17,16946.0,SignalRankStrategy
2024-05-30,000603.SZSE,买入,66.586,200.0,5.13,13317.2,SignalRankStrategy
2024-05-30,002839.SZSE,买入,6.374,2900.0,5.18,18484.6,SignalRankStrategy
2024-05-30,600675.SSE,买入,141.93232640780718,100.0,5.14,14193.23,SignalRankStrategy
2024-05-30,002706.SZSE,买入,100.43319999999999,100.0,5.1,10043.32,SignalRankStrategy
2024-05-30,688152.SSE,买入,64.9872,200.0,5.13,12997.44,SignalRankStrategy
2024-05-30,300894.SZSE,买入,17.94000000000001,1000.0,5.18,17940.0,SignalRankStrategy
2024-05-30,600531.SSE,买入,75.05723900000002,200.0,5.15,15011.45,SignalRankStrategy
2024-06-28,000560.SZSE,卖出,13.301578409641,1000.0,18.43,13301.58,SignalRankStrategy
2024-06-28,000603.SZSE,卖出,51.821999999999996,200.0,15.47,10364.4,SignalRankStrategy
2024-06-28,000682.SZSE,卖出,153.28524712832,100.0,20.48,15328.52,SignalRankStrategy
2024-06-28,000719.SZSE,卖出,47.88980041236002,300.0,19.51,14366.94,SignalRankStrategy
2024-06-28,002100.SZSE,卖出,86.95705600000002,100.0,13.78,8695.71,SignalRankStrategy
2024-06-28,002201.SZSE,卖出,35.390070868000016,400.0,19.3,14156.03,SignalRankStrategy
2024-06-28,002217.SZSE,卖出,8.332599999999998,2200.0,23.52,18331.72,SignalRankStrategy
2024-06-28,002424.SZSE,卖出,39.690000000000005,400.0,21.03,15876.0,SignalRankStrategy
2024-06-28,002706.SZSE,卖出,85.8116,100.0,13.67,8581.16,SignalRankStrategy
2024-06-28,002807.SZSE,卖出,5.833999999999999,2900.0,22.09,16918.6,SignalRankStrategy
2024-06-28,002839.SZSE,卖出,6.054,2900.0,22.73,17556.6,SignalRankStrategy
2024-06-28,002948.SZSE,卖出,4.463694800000001,3800.0,22.13,16962.04,SignalRankStrategy
2024-06-28,300260.SZSE,卖出,114.5075,100.0,16.57,11450.75,SignalRankStrategy
2024-06-28,300327.SZSE,卖出,58.44492382443412,200.0,16.81,11688.98,SignalRankStrategy
2024-06-28,300613.SZSE,卖出,170.84803021960005,100.0,22.26,17084.8,SignalRankStrategy
2024-06-28,300672.SZSE,卖出,84.58174767999999,200.0,22.09,16916.35,SignalRankStrategy
2024-06-28,300737.SZSE,卖出,8.16,1800.0,19.83,14688.0,SignalRankStrategy
2024-06-28,300811.SZSE,卖出,194.40048000000007,100.0,24.63,19440.05,SignalRankStrategy
2024-06-28,300894.SZSE,卖出,15.440000000000001,1000.0,20.59,15440.0,SignalRankStrategy
2024-06-28,301031.SZSE,卖出,83.88999999999999,200.0,21.95,16778.0,SignalRankStrategy
2024-06-28,301217.SZSE,卖出,9.590000000000002,1700.0,21.47,16303.0,SignalRankStrategy
2024-06-28,301308.SZSE,卖出,93.27000000000001,200.0,23.84,18654.0,SignalRankStrategy
2024-06-28,600246.SSE,卖出,80.23400000000001,200.0,21.21,16046.8,SignalRankStrategy
2024-06-28,600266.SSE,卖出,27.585389919999997,500.0,18.93,13792.69,SignalRankStrategy
2024-06-28,600331.SSE,卖出,54.07,200.0,15.92,10814.0,SignalRankStrategy
2024-06-28,600360.SSE,卖出,17.371225000000003,900.0,20.79,15634.1,SignalRankStrategy
2024-06-28,600531.SSE,卖出,60.53742900000003,200.0,17.23,12107.49,SignalRankStrategy
2024-06-28,600649.SSE,卖出,82.58695852960001,100.0,13.34,8258.7,SignalRankStrategy
2024-06-28,600657.SSE,卖出,54.916746800000034,200.0,16.09,10983.35,SignalRankStrategy
2024-06-28,600675.SSE,卖出,128.0491226618572,100.0,17.93,12804.91,SignalRankStrategy
2024-06-28,600877.SSE,卖出,48.36453819999999,300.0,19.65,14509.36,SignalRankStrategy
2024-06-28,601126.SSE,卖出,44.38900000000001,400.0,22.93,17755.6,SignalRankStrategy
2024-06-28,601528.SSE,卖出,6.625,2500.0,21.73,16562.5,SignalRankStrategy
2024-06-28,601963.SSE,卖出,8.778,2000.0,22.73,17556.0,SignalRankStrategy
2024-06-28,603005.SSE,卖出,55.20904800000001,300.0,21.73,16562.71,SignalRankStrategy
2024-06-28,603323.SSE,卖出,8.383000000000003,2100.0,22.78,17604.3,SignalRankStrategy
2024-06-28,603363.SSE,卖出,5.09,3200.0,21.45,16288.0,SignalRankStrategy
2024-06-28,605090.SSE,卖出,41.7193,400.0,21.85,16687.72,SignalRankStrategy
2024-06-28,688046.SSE,卖出,10.511000000000001,1600.0,21.99,16817.6,SignalRankStrategy
2024-06-28,688048.SSE,卖出,41.166000000000004,400.0,21.63,16466.4,SignalRankStrategy
2024-06-28,688123.SSE,卖出,80.07,200.0,21.17,16014.0,SignalRankStrategy
2024-06-28,688152.SSE,卖出,59.424400000000006,200.0,17.0,11884.88,SignalRankStrategy
2024-06-28,688166.SSE,卖出,34.89,500.0,22.62,17445.0,SignalRankStrategy
2024-06-28,688262.SSE,卖出,26.06814794,600.0,20.8,15640.89,SignalRankStrategy
2024-06-28,688700.SSE,卖出,51.28932,200.0,15.36,10257.86,SignalRankStrategy
2024-07-08,688037.SSE,卖出,127.21459999999999,70.0,13.99,8905.02,__RISK_DRAWDOWN__
2024-07-08,688167.SSE,卖出,51.38861,140.0,12.27,7194.41,__RISK_DRAWDOWN__
2024-07-08,605111.SSE,卖出,114.01798815999996,70.0,13.06,7981.26,__RISK_DRAWDOWN__
2024-07-08,300655.SZSE,卖出,61.622687863936186,140.0,13.71,8627.18,__RISK_DRAWDOWN__
2024-07-08,688630.SSE,卖出,55.98,210.0,16.87,11755.8,__RISK_DRAWDOWN__
2024-07-26,300655.SZSE,卖出,61.71009021480716,60.0,8.74,3702.61,SignalRankStrategy
2024-07-26,605111.SSE,卖出,120.16454815999997,30.0,8.64,3604.94,SignalRankStrategy
2024-07-26,688037.SSE,卖出,142.36758000000003,30.0,9.31,4271.03,SignalRankStrategy
2024-07-26,688167.SSE,卖出,50.65861,60.0,8.07,3039.52,SignalRankStrategy
2024-08-23,688630.SSE,卖出,53.99,90.0,9.91,4859.1,SignalRankStrategy
2025-01-22,688598.SSE,买入,44.856804,300.0,5.13,13457.04,SignalRankStrategy
2025-01-22,300348.SZSE,买入,145.61551999999998,100.0,5.15,14561.55,SignalRankStrategy
2025-01-22,300663.SZSE,买入,54.7753964125,300.0,5.16,16432.62,SignalRankStrategy
2025-01-22,300027.SZSE,买入,40.50994860799999,400.0,5.16,16203.98,SignalRankStrategy
2025-01-22,300366.SZSE,买入,52.625000000000014,300.0,5.16,15787.5,SignalRankStrategy
2025-01-22,603985.SSE,买入,48.88785079999999,300.0,5.15,14666.36,SignalRankStrategy
2025-01-22,301487.SZSE,买入,19.235,800.0,5.15,15388.0,SignalRankStrategy
2025-01-22,300352.SZSE,买入,98.16499999999999,100.0,5.1,9816.5,SignalRankStrategy
2025-01-22,300101.SZSE,买入,138.930672,100.0,5.14,13893.07,SignalRankStrategy
2025-01-22,002649.SZSE,买入,60.7187685,200.0,5.12,12143.75,SignalRankStrategy
2025-01-22,600094.SSE,买入,4.122772368649994,4100.0,5.17,16903.37,SignalRankStrategy
2025-01-22,300180.SZSE,买入,43.19500000000001,400.0,5.17,17278.0,SignalRankStrategy
2025-01-22,000676.SZSE,买入,101.96234517940617,100.0,5.1,10196.23,SignalRankStrategy
2025-01-22,002468.SZSE,买入,24.494415999999998,700.0,5.17,17146.09,SignalRankStrategy
2025-01-22,301153.SZSE,买入,82.70400000000002,200.0,5.17,16540.8,SignalRankStrategy
2025-01-22,000712.SZSE,买入,168.97669599999992,100.0,5.17,16897.67,SignalRankStrategy
2025-01-22,000917.SZSE,买入,54.4464284672,300.0,5.16,16333.93,SignalRankStrategy
2025-01-22,300077.SZSE,买入,119.435,100.0,5.12,11943.5,SignalRankStrategy
2025-01-22,000813.SZSE,买入,11.204199999999998,1500.0,5.17,16806.3,SignalRankStrategy
2025-01-22,600133.SSE,买入,41.56088000000002,400.0,5.17,16624.35,SignalRankStrategy
2025-01-22,002583.SZSE,买入,72.7345,200.0,5.15,14546.9,SignalRankStrategy
2025-01-22,301316.SZSE,买入,22.07,700.0,5.15,15449.0,SignalRankStrategy
2025-01-22,300045.SZSE,买入,153.49013599999998,100.0,5.15,15349.01,SignalRankStrategy
2025-01-22,000420.SZSE,买入,24.722152000000005,700.0,5.17,17305.51,SignalRankStrategy
2025-01-22,688409.SSE,买入,78.03680000000001,200.0,5.16,15607.36,SignalRankStrategy
2025-01-22,300773.SZSE,买入,40.589999999999996,400.0,5.16,16236.0,SignalRankStrategy
2025-01-22,300393.SZSE,买入,36.82138812863999,400.0,5.15,14728.56,SignalRankStrategy
2025-01-22,002212.SZSE,买入,22.644054999999998,700.0,5.16,15850.84,SignalRankStrategy
2025-01-22,688327.SSE,买入,15.689999999999998,1100.0,5.17,17259.0,SignalRankStrategy
2025-01-22,002960.SZSE,买入,31.995976868,500.0,5.16,15997.99,SignalRankStrategy
2025-01-22,002125.SZSE,买入,44.08814399999999,300.0,5.13,13226.44,SignalRankStrategy
2025-01-22,688343.SSE,买入,47.61,300.0,5.14,14283.0,SignalRankStrategy
2025-01-22,000415.SZSE,买入,60.66479864820193,200.0,5.12,12132.96,SignalRankStrategy
2025-01-22,002192.SZSE,买入,98.71,100.0,5.1,9871.0,SignalRankStrategy
2025-01-22,000686.SZSE,买入,112.43846690764008,100.0,5.11,11243.85,SignalRankStrategy
2025-01-22,300705.SZSE,买入,63.2236,200.0,5.13,12644.72,SignalRankStrategy
2025-01-22,300451.SZSE,买入,76.98374692,200.0,5.15,15396.75,SignalRankStrategy
2025-01-22,688261.SSE,买入,73.44665000000002,200.0,5.15,14689.33,SignalRankStrategy
2025-01-22,300894.SZSE,买入,16.580000000000002,1000.0,5.17,16580.0,SignalRankStrategy
2025-01-22,300130.SZSE,买入,150.97616183999995,100.0,5.15,15097.62,SignalRankStrategy
2025-01-22,300674.SZSE,买入,31.974,500.0,5.16,15987.0,SignalRankStrategy
2025-01-22,603027.SSE,买入,71.48739839999999,200.0,5.14,14297.48,SignalRankStrategy
2025-01-22,600550.SSE,买入,49.795848,300.0,5.15,14938.75,SignalRankStrategy
2025-01-22,603466.SSE,买入,40.22868999999999,400.0,5.16,16091.48,SignalRankStrategy
2025-01-22,300134.SZSE,买入,51.49519999999998,300.0,5.15,15448.56,SignalRankStrategy
2025-01-22,600751.SSE,买入,8.394694240000002,2000.0,5.17,16789.39,SignalRankStrategy
2025-01-22,002544.SZSE,买入,126.21360000000004,100.0,5.13,12621.36,SignalRankStrategy
2025-01-22,002654.SZSE,买入,71.92999999999999,200.0,5.14,14386.0,SignalRankStrategy
2025-02-27,000415.SZSE,卖出,61.52410577661016,200.0,17.43,12304.82,SignalRankStrategy
2025-02-27,000420.SZSE,卖出,27.940244,700.0,24.75,19558.17,SignalRankStrategy
2025-02-27,000676.SZSE,卖出,116.56917866598567,100.0,16.77,11656.92,SignalRankStrategy
2025-02-27,000686.SZSE,卖出,120.81603391367861,100.0,17.2,12081.6,SignalRankStrategy
2025-02-27,000712.SZSE,卖出,179.14555999999996,100.0,23.09,17914.56,SignalRankStrategy
2025-02-27,000813.SZSE,卖出,12.950432,1500.0,24.62,19425.65,SignalRankStrategy
2025-02-27,000917.SZSE,卖出,61.924771891199995,300.0,23.76,18577.43,SignalRankStrategy
2025-02-27,002125.SZSE,卖出,46.40286400000001,300.0,19.06,13920.86,SignalRankStrategy
2025-02-27,002192.SZSE,卖出,100.75999999999998,100.0,15.18,10076.0,SignalRankStrategy
2025-02-27,002212.SZSE,卖出,30.094055000000008,700.0,26.54,21065.84,SignalRankStrategy
2025-02-27,002468.SZSE,卖出,25.69783999999999,700.0,23.17,17988.49,SignalRankStrategy
2025-02-27,002544.SZSE,卖出,140.11360000000005,100.0,19.15,14011.36,SignalRankStrategy
2025-02-27,002583.SZSE,卖出,79.1495,200.0,20.99,15829.9,SignalRankStrategy
2025-02-27,002649.SZSE,卖出,75.72876850000002,200.0,20.3,15145.75,SignalRankStrategy
2025-02-27,002654.SZSE,卖出,91.10999999999997,200.0,23.4,18222.0,SignalRankStrategy
2025-02-27,002960.SZSE,卖出,34.955156525999996,500.0,22.65,17477.58,SignalRankStrategy
2025-02-27,300027.SZSE,卖出,45.239967023999995,400.0,23.28,18095.99,SignalRankStrategy
2025-02-27,300045.SZSE,卖出,183.790136,100.0,23.56,18379.01,SignalRankStrategy
2025-02-27,300077.SZSE,卖出,150.015,100.0,20.15,15001.5,SignalRankStrategy
2025-02-27,300101.SZSE,卖出,154.510672,100.0,20.61,15451.07,SignalRankStrategy
2025-02-27,300130.SZSE,卖出,161.77737105999998,100.0,21.34,16177.74,SignalRankStrategy
2025-02-27,300134.SZSE,卖出,66.65279999999998,300.0,25.2,19995.84,SignalRankStrategy
2025-02-27,300180.SZSE,卖出,45.67250000000001,400.0,23.45,18269.0,SignalRankStrategy
2025-02-27,300348.SZSE,卖出,183.73302,100.0,23.56,18373.3,SignalRankStrategy
2025-02-27,300352.SZSE,卖出,118.66499999999999,100.0,16.99,11866.5,SignalRankStrategy
2025-02-27,300366.SZSE,卖出,66.765,300.0,25.24,20029.5,SignalRankStrategy
2025-02-27,300393.SZSE,卖出,40.68674307904,400.0,21.44,16274.7,SignalRankStrategy
2025-02-27,300451.SZSE,卖出,112.76562758000001,200.0,28.42,22553.13,SignalRankStrategy
2025-02-27,300663.SZSE,卖出,64.92272093749999,300.0,24.67,19476.82,SignalRankStrategy
2025-02-27,300674.SZSE,卖出,46.03400000000001,500.0,29.0,23017.0,SignalRankStrategy
2025-02-27,300705.SZSE,卖出,69.75,200.0,19.09,13950.0,SignalRankStrategy
2025-02-27,300773.SZSE,卖出,43.11,400.0,22.42,17244.0,SignalRankStrategy
2025-02-27,300894.SZSE,卖出,18.330000000000002,1000.0,23.51,18330.0,SignalRankStrategy
2025-02-27,301153.SZSE,卖出,105.4612,200.0,26.58,21092.24,SignalRankStrategy
2025-02-27,301316.SZSE,卖出,26.079999999999995,700.0,23.44,18256.0,SignalRankStrategy
2025-02-27,301487.SZSE,卖出,22.514999999999997,800.0,23.19,18012.0,SignalRankStrategy
2025-02-27,600094.SSE,卖出,5.492802182549995,4100.0,28.38,22520.49,SignalRankStrategy
2025-02-27,600133.SSE,卖出,46.12728000000001,400.0,23.64,18450.91,SignalRankStrategy
2025-02-27,600550.SSE,卖出,51.996136,300.0,20.75,15598.84,SignalRankStrategy
2025-02-27,600751.SSE,卖出,8.31511212,2000.0,21.8,16630.22,SignalRankStrategy
2025-02-27,603027.SSE,卖出,70.16909439999996,200.0,19.17,14033.82,SignalRankStrategy
2025-02-27,603466.SSE,卖出,44.779669999999996,400.0,23.09,17911.87,SignalRankStrategy
2025-02-27,603985.SSE,卖出,58.5566208,300.0,22.74,17566.99,SignalRankStrategy
2025-02-27,688261.SSE,卖出,86.73084999999999,200.0,22.52,17346.17,SignalRankStrategy
2025-02-27,688327.SSE,卖出,28.479999999999997,1100.0,39.47,31328.0,SignalRankStrategy
2025-02-27,688343.SSE,卖出,78.64,300.0,29.73,23592.0,SignalRankStrategy
2025-02-27,688409.SSE,卖出,84.95800000000001,200.0,22.16,16991.6,SignalRankStrategy
2025-02-27,688598.SSE,卖出,61.574272,300.0,23.66,18472.28,SignalRankStrategy
2025-02-27,688351.SSE,买入,19.390000000000004,1000.0,5.19,19390.0,SignalRankStrategy
2025-02-27,605589.SSE,买入,30.46,600.0,5.18,18276.0,SignalRankStrategy
2025-02-27,002597.SZSE,买入,115.6332,100.0,5.12,11563.32,SignalRankStrategy
2025-02-27,002545.SZSE,买入,43.224999999999994,400.0,5.17,17290.0,SignalRankStrategy
2025-02-27,002399.SZSE,买入,47.16200000000001,400.0,5.19,18864.8,SignalRankStrategy
2025-02-27,601126.SSE,买入,42.14900000000001,400.0,5.17,16859.6,SignalRankStrategy
2025-02-27,000528.SZSE,买入,157.76463411511816,100.0,5.16,15776.46,SignalRankStrategy
2025-02-27,601020.SSE,买入,21.184976000000002,900.0,5.19,19066.48,SignalRankStrategy
2025-02-27,002541.SZSE,买入,75.713994,200.0,5.15,15142.8,SignalRankStrategy
2025-02-27,601702.SSE,买入,20.754,900.0,5.19,18678.6,SignalRankStrategy
2025-02-27,002183.SZSE,买入,73.1925,200.0,5.15,14638.5,SignalRankStrategy
2025-02-27,688209.SSE,买入,20.326,1000.0,5.28,20326.0,SignalRankStrategy
2025-02-27,688362.SSE,买入,34.504999999999995,500.0,5.17,17252.5,SignalRankStrategy
2025-02-27,300973.SZSE,买入,41.57000000000001,400.0,5.17,16628.0,SignalRankStrategy
2025-02-27,688337.SSE,买入,59.408649999999994,300.0,5.18,17822.59,SignalRankStrategy
2025-02-27,688503.SSE,买入,113.88853119999997,100.0,5.11,11388.85,SignalRankStrategy
2025-02-27,600509.SSE,买入,34.835499,500.0,5.17,17417.75,SignalRankStrategy
2025-02-27,301606.SZSE,买入,44.72,400.0,5.18,17888.0,SignalRankStrategy
2025-02-27,688789.SSE,买入,148.260725,100.0,5.15,14826.07,SignalRankStrategy
2025-02-27,603308.SSE,买入,26.7926,700.0,5.19,18754.82,SignalRankStrategy
2025-02-27,002221.SZSE,买入,45.44400000000002,400.0,5.18,18177.6,SignalRankStrategy
2025-02-27,003006.SZSE,买入,24.850000000000005,800.0,5.2,19880.0,SignalRankStrategy
2025-02-27,002051.SZSE,买入,51.500272408000015,300.0,5.15,15450.08,SignalRankStrategy
2025-02-27,002859.SZSE,买入,90.78999999999999,200.0,5.18,18158.0,SignalRankStrategy
2025-02-27,603055.SSE,买入,17.426,1100.0,5.19,19168.6,SignalRankStrategy
2025-02-27,002928.SZSE,买入,16.656250000000004,1100.0,5.18,18321.88,SignalRankStrategy
2025-02-27,600821.SSE,买入,37.27877833,500.0,5.19,18639.39,SignalRankStrategy
2025-02-27,001301.SZSE,买入,56.449999999999996,300.0,5.17,16935.0,SignalRankStrategy
2025-02-27,002643.SZSE,买入,68.67000000000002,200.0,5.14,13734.0,SignalRankStrategy
2025-02-27,603008.SSE,买入,27.865,700.0,5.2,19505.5,SignalRankStrategy
2025-02-27,300224.SZSE,买入,70.37966963197199,200.0,5.14,14075.93,SignalRankStrategy
2025-02-27,000503.SZSE,买入,91.57021160000002,200.0,5.18,18314.04,SignalRankStrategy
2025-02-27,000928.SZSE,买入,16.484469854,1200.0,5.2,19781.36,SignalRankStrategy
2025-02-27,300443.SZSE,买入,94.10365999999999,200.0,5.19,18820.73,SignalRankStrategy
2025-02-27,600259.SSE,买入,31.750500000000002,600.0,5.19,19050.3,SignalRankStrategy
2025-02-27,688270.SSE,买入,74.521,200.0,5.15,14904.2,SignalRankStrategy
2025-02-27,002096.SZSE,买入,55.72749999999996,300.0,5.17,16718.25,SignalRankStrategy
2025-02-27,301155.SZSE,买入,58.91,300.0,5.18,17673.0,SignalRankStrategy
2025-02-27,600179.SSE,买入,7.0027904,2800.0,5.2,19607.81,SignalRankStrategy
2025-02-27,600323.SSE,买入,61.26880000000001,300.0,5.18,18380.64,SignalRankStrategy
2025-02-27,002978.SZSE,买入,36.39,500.0,5.18,18195.0,SignalRankStrategy
2025-02-27,000543.SZSE,买入,36.049793342,500.0,5.18,18024.9,SignalRankStrategy
2025-02-27,002906.SZSE,买入,37.56000000000001,500.0,5.19,18780.0,SignalRankStrategy
2025-02-27,688300.SSE,买入,139.87999499999998,100.0,5.14,13988.0,SignalRankStrategy
2025-03-27,000503.SZSE,卖出,81.38668680000002,200.0,21.44,16277.34,SignalRankStrategy
2025-03-27,000528.SZSE,卖出,162.30934238824318,100.0,21.39,16230.93,SignalRankStrategy
2025-03-27,000543.SZSE,卖出,36.74433717200001,500.0,23.56,18372.17,SignalRankStrategy
2025-03-27,000928.SZSE,卖出,16.406689853999996,1200.0,24.88,19688.03,SignalRankStrategy
2025-03-27,002051.SZSE,卖出,49.07100840800002,300.0,19.87,14721.3,SignalRankStrategy
2025-03-27,002096.SZSE,卖出,62.547499999999964,300.0,23.95,18764.25,SignalRankStrategy
2025-03-27,002183.SZSE,卖出,73.71249999999998,200.0,19.89,14742.5,SignalRankStrategy
2025-03-27,002221.SZSE,卖出,43.02400000000002,400.0,22.38,17209.6,SignalRankStrategy
2025-03-27,002399.SZSE,卖出,45.12600000000001,400.0,23.23,18050.4,SignalRankStrategy
2025-03-27,002541.SZSE,卖出,77.21499399999999,200.0,20.6,15443.0,SignalRankStrategy
2025-03-27,002545.SZSE,卖出,44.42,400.0,22.95,17768.0,SignalRankStrategy
2025-03-27,002597.SZSE,卖出,126.97000000000001,100.0,17.82,12697.0,SignalRankStrategy
2025-03-27,002643.SZSE,卖出,67.2,200.0,18.57,13440.0,SignalRankStrategy
2025-03-27,002859.SZSE,卖出,87.92999999999998,200.0,22.76,17586.0,SignalRankStrategy
2025-03-27,002906.SZSE,卖出,35.94000000000001,500.0,23.15,17970.0,SignalRankStrategy
2025-03-27,002928.SZSE,卖出,17.581249999999997,1100.0,24.53,19339.37,SignalRankStrategy
2025-03-27,002978.SZSE,卖出,37.77,500.0,24.07,18885.0,SignalRankStrategy
2025-03-27,003006.SZSE,卖出,24.640000000000004,800.0,24.91,19712.0,SignalRankStrategy
2025-03-27,300224.SZSE,卖出,68.60193167447197,200.0,18.86,13720.39,SignalRankStrategy
2025-03-27,300443.SZSE,卖出,99.64365999999998,200.0,25.13,19928.73,SignalRankStrategy
2025-03-27,300973.SZSE,卖出,44.300000000000004,400.0,22.9,17720.0,SignalRankStrategy
2025-03-27,301155.SZSE,卖出,62.510000000000005,300.0,23.94,18753.0,SignalRankStrategy
2025-03-27,301606.SZSE,卖出,40.89,400.0,21.52,16356.0,SignalRankStrategy
2025-03-27,600179.SSE,卖出,7.484048640000001,2800.0,26.4,20955.34,SignalRankStrategy
2025-03-27,600259.SSE,卖出,35.71000000000001,600.0,27.0,21426.0,SignalRankStrategy
2025-03-27,600323.SSE,卖出,61.8572,300.0,23.74,18557.16,SignalRankStrategy
2025-03-27,600509.SSE,卖出,36.838429000000005,500.0,23.6,18419.21,SignalRankStrategy
2025-03-27,600821.SSE,卖出,36.67462307000001,500.0,23.52,18337.31,SignalRankStrategy
2025-03-27,601020.SSE,卖出,32.196976,900.0,36.51,28977.28,SignalRankStrategy
2025-03-27,601126.SSE,卖出,43.44900000000001,400.0,22.55,17379.6,SignalRankStrategy
2025-03-27,601702.SSE,卖出,20.444,900.0,23.58,18399.6,SignalRankStrategy
2025-03-27,603008.SSE,卖出,28.264999999999997,700.0,24.98,19785.5,SignalRankStrategy
2025-03-27,603055.SSE,卖出,17.49,1100.0,24.43,19239.0,SignalRankStrategy
2025-03-27,603308.SSE,卖出,27.010599999999993,700.0,24.1,18907.42,SignalRankStrategy
2025-03-27,605589.SSE,卖出,28.449999999999996,600.0,22.24,17070.0,SignalRankStrategy
2025-03-27,688209.SSE,卖出,19.136,1000.0,24.33,19136.0,SignalRankStrategy
2025-03-27,688300.SSE,卖出,124.41241999999998,100.0,17.57,12441.24,SignalRankStrategy
2025-03-27,688337.SSE,卖出,52.417849999999994,300.0,20.88,15725.35,SignalRankStrategy
2025-03-27,688351.SSE,卖出,19.36,1000.0,24.55,19360.0,SignalRankStrategy
2025-03-27,688362.SSE,卖出,29.885,500.0,20.09,14942.5,SignalRankStrategy
2025-03-27,688503.SSE,卖出,93.32257919999998,100.0,14.43,9332.26,SignalRankStrategy
2025-03-27,688789.SSE,卖出,168.39819000000003,100.0,22.01,16839.82,SignalRankStrategy
2025-03-27,688443.SSE,买入,25.42,700.0,5.18,17794.0,SignalRankStrategy
2025-03-27,300657.SZSE,买入,119.68516000000001,100.0,5.12,11968.52,SignalRankStrategy
2025-03-27,603300.SSE,买入,57.72581231999999,300.0,5.17,17317.74,SignalRankStrategy
2025-03-27,002851.SZSE,买入,127.20549999999999,100.0,5.13,12720.55,SignalRankStrategy
2025-03-27,002276.SZSE,买入,57.982014400000004,300.0,5.17,17394.6,SignalRankStrategy
2025-03-27,300926.SZSE,买入,78.58867348,200.0,5.16,15717.73,SignalRankStrategy
2025-03-27,603063.SSE,买入,32.074,600.0,5.19,19244.4,SignalRankStrategy
2025-03-27,300772.SZSE,买入,23.158283360000002,800.0,5.19,18526.63,SignalRankStrategy
2025-03-27,600986.SSE,买入,50.442665600000005,400.0,5.25,20177.07,SignalRankStrategy
2025-03-27,688700.SSE,买入,77.41799999999999,200.0,5.15,15483.6,SignalRankStrategy
2025-03-27,301327.SZSE,买入,105.0049,100.0,5.11,10500.49,SignalRankStrategy
2025-03-27,688183.SSE,买入,30.69,600.0,5.18,18414.0,SignalRankStrategy
2025-03-27,688343.SSE,买入,58.48,300.0,5.18,17544.0,SignalRankStrategy
2025-03-27,001914.SZSE,买入,96.05580462990001,200.0,5.19,19211.16,SignalRankStrategy
2025-03-27,603057.SSE,买入,21.520000000000003,900.0,5.19,19368.0,SignalRankStrategy
2025-03-27,300432.SZSE,买入,163.1965,100.0,5.16,16319.65,SignalRankStrategy
2025-03-27,603355.SSE,买入,49.451999999999984,400.0,5.2,19780.8,SignalRankStrategy
2025-03-27,603583.SSE,买入,119.43845999999996,100.0,5.12,11943.85,SignalRankStrategy
2025-03-27,300470.SZSE,买入,151.06000000000003,100.0,5.15,15106.0,SignalRankStrategy
2025-03-27,605123.SSE,买入,61.63600000000001,300.0,5.18,18490.8,SignalRankStrategy
2025-03-27,301536.SZSE,买入,64.7,300.0,5.19,19410.0,SignalRankStrategy
2025-03-27,300723.SZSE,买入,61.60500000000001,300.0,5.18,18481.5,SignalRankStrategy
2025-03-27,000969.SZSE,买入,86.94129132799996,200.0,5.17,17388.26,SignalRankStrategy
2025-03-27,600185.SSE,买入,41.6342656,400.0,5.17,16653.71,SignalRankStrategy
2025-03-27,688332.SSE,买入,132.81,100.0,5.13,13281.0,SignalRankStrategy
2025-03-27,300109.SZSE,买入,114.07137013532804,100.0,5.11,11407.14,SignalRankStrategy
2025-03-27,300762.SZSE,买入,90.88698400000003,200.0,5.18,18177.4,SignalRankStrategy
2025-03-27,300857.SZSE,买入,114.30199999999999,100.0,5.11,11430.2,SignalRankStrategy
2025-03-27,600458.SSE,买入,115.79552000000004,100.0,5.12,11579.55,SignalRankStrategy
2025-03-27,600976.SSE,买入,130.39000000000001,100.0,5.13,13039.0,SignalRankStrategy
2025-03-27,600403.SSE,买入,27.537435999999992,700.0,5.19,19276.21,SignalRankStrategy
2025-03-27,300827.SZSE,买入,148.34101008,100.0,5.15,14834.1,SignalRankStrategy
2025-03-27,002446.SZSE,买入,32.623290000000004,600.0,5.2,19573.97,SignalRankStrategy
2025-03-27,600201.SSE,买入,137.8046112,100.0,5.14,13780.46,SignalRankStrategy
2025-03-27,688531.SSE,买入,86.805,200.0,5.17,17361.0,SignalRankStrategy
2025-03-27,688409.SSE,买入,84.97800000000001,200.0,5.17,16995.6,SignalRankStrategy
2025-03-27,603699.SSE,买入,31.11,600.0,5.19,18666.0,SignalRankStrategy
2025-03-27,000736.SZSE,买入,24.405631435202384,800.0,5.2,19524.51,SignalRankStrategy
2025-03-27,000029.SZSE,买入,31.5114416,600.0,5.19,18906.86,SignalRankStrategy
2025-03-27,603619.SSE,买入,20.553000000000004,900.0,5.18,18497.7,SignalRankStrategy
2025-04-08,001301.SZSE,卖出,49.79,210.0,15.56,10455.9,__RISK_DRAWDOWN__
2025-04-08,688270.SSE,卖出,70.1694,140.0,14.92,9823.72,__RISK_DRAWDOWN__
2025-04-08,688443.SSE,卖出,24.83,490.0,17.29,12166.7,__RISK_DRAWDOWN__
2025-04-08,300657.SZSE,卖出,91.39075999999999,70.0,11.46,6397.35,__RISK_DRAWDOWN__
2025-04-08,603300.SSE,卖出,54.63253231999999,210.0,16.59,11472.83,__RISK_DRAWDOWN__
2025-04-08,002851.SZSE,卖出,106.6655,70.0,12.54,7466.59,__RISK_DRAWDOWN__
2025-04-08,002276.SZSE,卖出,46.19001440000002,210.0,14.8,9699.9,__RISK_DRAWDOWN__
2025-04-08,300926.SZSE,卖出,60.037750159999995,140.0,13.49,8405.29,__RISK_DRAWDOWN__
2025-04-08,300772.SZSE,卖出,16.923555359999995,560.0,14.57,9477.19,__RISK_DRAWDOWN__
2025-04-08,600986.SSE,卖出,41.269521600000004,280.0,16.67,11555.47,__RISK_DRAWDOWN__
2025-04-08,688700.SSE,卖出,57.17676,140.0,13.08,8004.75,__RISK_DRAWDOWN__
2025-04-08,301327.SZSE,卖出,76.9699,70.0,10.44,5387.89,__RISK_DRAWDOWN__
2025-04-08,688183.SSE,卖出,22.179999999999996,420.0,14.41,9315.6,__RISK_DRAWDOWN__
2025-04-08,688343.SSE,卖出,46.93000000000001,210.0,14.95,9855.3,__RISK_DRAWDOWN__
2025-04-08,001914.SZSE,卖出,92.41581687280001,140.0,18.07,12938.21,__RISK_DRAWDOWN__
2025-04-08,603057.SSE,卖出,21.39,630.0,18.61,13475.7,__RISK_DRAWDOWN__
2025-04-08,300432.SZSE,卖出,121.02499999999998,70.0,13.56,8471.75,__RISK_DRAWDOWN__
2025-04-08,603355.SSE,卖出,40.07999999999999,280.0,16.33,11222.4,__RISK_DRAWDOWN__
2025-04-08,603583.SSE,卖出,96.85297999999996,70.0,11.85,6779.71,__RISK_DRAWDOWN__
2025-04-08,300470.SZSE,卖出,132.42800000000003,70.0,14.36,9269.96,__RISK_DRAWDOWN__
2025-04-08,605123.SSE,卖出,54.526,210.0,16.56,11450.46,__RISK_DRAWDOWN__
2025-04-08,301536.SZSE,卖出,48.81,210.0,15.35,10250.1,__RISK_DRAWDOWN__
2025-04-08,300723.SZSE,卖出,77.75800000000002,210.0,21.49,16329.18,__RISK_DRAWDOWN__
2025-04-08,000969.SZSE,卖出,76.27703942399998,140.0,15.79,10678.79,__RISK_DRAWDOWN__
2025-04-08,600185.SSE,卖出,37.804059200000005,280.0,15.69,10585.14,__RISK_DRAWDOWN__
2025-04-08,688332.SSE,卖出,101.41999999999999,70.0,12.17,7099.4,__RISK_DRAWDOWN__
2025-04-08,300109.SZSE,卖出,98.204931703328,70.0,11.94,6874.35,__RISK_DRAWDOWN__
2025-04-08,300762.SZSE,卖出,72.68074400000002,140.0,15.28,10175.3,__RISK_DRAWDOWN__
2025-04-08,300857.SZSE,卖出,94.16199999999999,70.0,11.66,6591.34,__RISK_DRAWDOWN__
2025-04-08,600458.SSE,卖出,96.769104,70.0,11.84,6773.84,__RISK_DRAWDOWN__
2025-04-08,600976.SSE,卖出,128.92000000000004,70.0,14.11,9024.4,__RISK_DRAWDOWN__
2025-04-08,600403.SSE,卖出,22.416236,490.0,16.09,10983.96,__RISK_DRAWDOWN__
2025-04-08,300827.SZSE,卖出,121.22863632999999,70.0,13.57,8486.0,__RISK_DRAWDOWN__
2025-04-08,002446.SZSE,卖出,27.546809999999997,420.0,16.69,11569.66,__RISK_DRAWDOWN__
2025-04-08,600201.SSE,卖出,125.82590080000001,70.0,13.9,8807.81,__RISK_DRAWDOWN__
2025-04-08,688531.SSE,卖出,76.77999999999999,140.0,15.86,10749.2,__RISK_DRAWDOWN__
2025-04-08,688409.SSE,卖出,72.4668,140.0,15.25,10145.35,__RISK_DRAWDOWN__
2025-04-08,603699.SSE,卖出,28.119999999999997,420.0,16.93,11810.4,__RISK_DRAWDOWN__
2025-04-08,000736.SZSE,卖出,21.386830824045333,560.0,17.1,11976.63,__RISK_DRAWDOWN__
2025-04-08,000029.SZSE,卖出,28.150785599999995,420.0,16.94,11823.33,__RISK_DRAWDOWN__
2025-04-08,603619.SSE,卖出,17.543000000000003,630.0,16.16,11052.09,__RISK_DRAWDOWN__
2025-04-25,000029.SZSE,卖出,31.725873599999996,180.0,10.77,5710.66,SignalRankStrategy
2025-04-25,000969.SZSE,卖出,74.30366687999997,60.0,9.5,4458.22,SignalRankStrategy
2025-04-25,001301.SZSE,卖出,54.43,90.0,9.95,4898.7,SignalRankStrategy
2025-04-25,001914.SZSE,卖出,102.70793892729999,60.0,11.22,6162.48,SignalRankStrategy
2025-04-25,002276.SZSE,卖出,53.066014400000014,90.0,9.82,4775.94,SignalRankStrategy
2025-04-25,002446.SZSE,卖出,32.79777,180.0,10.96,5903.6,SignalRankStrategy
2025-04-25,002851.SZSE,卖出,108.69049999999999,30.0,8.29,3260.71,SignalRankStrategy
2025-04-25,300109.SZSE,卖出,103.77937051932804,30.0,8.14,3113.38,SignalRankStrategy
2025-04-25,300432.SZSE,卖出,141.75650000000002,30.0,9.3,4252.7,SignalRankStrategy
2025-04-25,300470.SZSE,卖出,143.69600000000005,30.0,9.35,4310.88,SignalRankStrategy
2025-04-25,300657.SZSE,卖出,87.65449999999998,30.0,7.66,2629.63,SignalRankStrategy
2025-04-25,300723.SZSE,卖出,105.13600000000004,90.0,14.56,9462.24,SignalRankStrategy
2025-04-25,300762.SZSE,卖出,81.32330400000001,60.0,9.93,4879.4,SignalRankStrategy
2025-04-25,300772.SZSE,卖出,19.368015039999996,240.0,9.69,4648.32,SignalRankStrategy
2025-04-25,300827.SZSE,卖出,131.97296233,30.0,9.0,3959.19,SignalRankStrategy
2025-04-25,300857.SZSE,卖出,100.30199999999999,30.0,8.04,3009.06,SignalRankStrategy
2025-04-25,300926.SZSE,卖出,68.31141592399999,60.0,9.14,4098.68,SignalRankStrategy
2025-04-25,301327.SZSE,卖出,84.7569,30.0,7.57,2542.71,SignalRankStrategy
2025-04-25,301536.SZSE,卖出,55.84,90.0,10.08,5025.6,SignalRankStrategy
2025-04-25,600185.SSE,卖出,42.863513600000005,120.0,10.2,5143.62,SignalRankStrategy
2025-04-25,600201.SSE,卖出,131.65193920000004,30.0,8.99,3949.56,SignalRankStrategy
2025-04-25,600403.SSE,卖出,23.773435999999997,210.0,10.04,4992.42,SignalRankStrategy
2025-04-25,600458.SSE,卖出,97.126032,30.0,7.94,2913.78,SignalRankStrategy
2025-04-25,600976.SSE,卖出,127.59500000000001,30.0,8.87,3827.85,SignalRankStrategy
2025-04-25,600986.SSE,卖出,41.9352048,120.0,10.08,5032.22,SignalRankStrategy
2025-04-25,603063.SSE,卖出,31.003999999999998,600.0,23.79,18602.4,SignalRankStrategy
2025-04-25,603300.SSE,卖出,57.37653232,90.0,10.22,5163.89,SignalRankStrategy
2025-04-25,603355.SSE,卖出,42.389999999999986,120.0,10.14,5086.8,SignalRankStrategy
2025-04-25,603583.SSE,卖出,114.72915999999996,30.0,8.48,3441.87,SignalRankStrategy
2025-04-25,603619.SSE,卖出,18.253000000000004,270.0,9.98,4928.31,SignalRankStrategy
2025-04-25,603699.SSE,卖出,31.139999999999997,180.0,10.66,5605.2,SignalRankStrategy
2025-04-25,605123.SSE,卖出,58.03600000000001,90.0,10.28,5223.24,SignalRankStrategy
2025-04-25,688183.SSE,卖出,25.84,180.0,9.7,4651.2,SignalRankStrategy
2025-04-25,688270.SSE,卖出,85.08499999999998,60.0,10.16,5105.1,SignalRankStrategy
2025-04-25,688343.SSE,卖出,52.59,90.0,9.78,4733.1,SignalRankStrategy
2025-04-25,688409.SSE,卖出,75.0124,60.0,9.55,4500.74,SignalRankStrategy
2025-04-25,688531.SSE,卖出,97.341,60.0,10.9,5840.46,SignalRankStrategy
2025-04-25,688700.SSE,卖出,64.08391999999999,60.0,8.88,3845.04,SignalRankStrategy
2025-05-28,000736.SZSE,卖出,19.720830484513638,240.0,9.78,4733.0,SignalRankStrategy
2025-05-28,603057.SSE,卖出,23.56,270.0,11.42,6361.2,SignalRankStrategy
2025-05-28,688332.SSE,卖出,94.32,30.0,7.86,2829.6,SignalRankStrategy
2025-06-26,688443.SSE,卖出,28.97,210.0,11.14,6083.7,SignalRankStrategy
2025-10-24,688266.SSE,买入,100.26000000000002,100.0,5.1,10026.0,SignalRankStrategy
2025-10-24,688166.SSE,买入,52.90199999999999,300.0,5.16,15870.6,SignalRankStrategy
2025-10-24,600201.SSE,买入,185.486136,100.0,5.19,18548.61,SignalRankStrategy
2025-10-24,600012.SSE,买入,25.277000000000005,700.0,5.18,17693.9,SignalRankStrategy
2025-10-24,301205.SZSE,买入,166.61999999999998,100.0,5.17,16662.0,SignalRankStrategy
2025-10-24,688347.SSE,买入,113.22000000000001,100.0,5.11,11322.0,SignalRankStrategy
2025-10-24,000681.SZSE,买入,115.59214500000002,100.0,5.12,11559.21,SignalRankStrategy
2025-10-24,688403.SSE,买入,16.125000000000004,1100.0,5.18,17737.5,SignalRankStrategy
2025-10-24,688192.SSE,买入,59.66,300.0,5.18,17898.0,SignalRankStrategy
2025-10-24,301087.SZSE,买入,62.112000000000016,200.0,5.12,12422.4,SignalRankStrategy
2025-10-24,600933.SSE,买入,23.67,700.0,5.17,16569.0,SignalRankStrategy
2025-10-24,688776.SSE,买入,118.3608,100.0,5.12,11836.08,SignalRankStrategy
2025-10-24,600037.SSE,买入,47.07802719999998,300.0,5.14,14123.41,SignalRankStrategy
2025-10-24,002174.SZSE,买入,40.307925999999995,400.0,5.16,16123.17,SignalRankStrategy
2025-10-24,300972.SZSE,买入,180.20999999999998,100.0,5.18,18021.0,SignalRankStrategy
2025-10-24,002941.SZSE,买入,19.125000000000004,900.0,5.17,17212.5,SignalRankStrategy
2025-10-24,601089.SSE,买入,23.56,700.0,5.16,16492.0,SignalRankStrategy
2025-10-24,002004.SZSE,买入,114.0846,100.0,5.11,11408.46,SignalRankStrategy
2025-10-24,600789.SSE,买入,30.483171714599997,600.0,5.18,18289.9,SignalRankStrategy
2025-10-24,601963.SSE,买入,12.279999999999998,1500.0,5.18,18420.0,SignalRankStrategy
2025-10-24,002545.SZSE,买入,72.65500000000002,200.0,5.15,14531.0,SignalRankStrategy
2025-10-24,000567.SZSE,买入,107.04105709062499,100.0,5.11,10704.11,SignalRankStrategy
2025-10-24,002967.SZSE,买入,34.289999999999985,500.0,5.17,17145.0,SignalRankStrategy
2025-10-24,002755.SZSE,买入,33.538,500.0,5.17,16769.0,SignalRankStrategy
2025-10-24,688306.SSE,买入,12.31,1500.0,5.18,18465.0,SignalRankStrategy
2025-10-24,603690.SSE,买入,39.45058999999999,400.0,5.16,15780.24,SignalRankStrategy
2025-10-24,688652.SSE,买入,85.41000000000001,200.0,5.17,17082.0,SignalRankStrategy
2025-10-24,300327.SZSE,买入,79.31004423309322,200.0,5.16,15862.01,SignalRankStrategy
2025-10-24,002204.SZSE,买入,31.895,500.0,5.16,15947.5,SignalRankStrategy
2025-10-24,000735.SZSE,买入,46.78023799999997,300.0,5.14,14034.07,SignalRankStrategy
2025-10-24,601515.SSE,买入,21.24,800.0,5.17,16992.0,SignalRankStrategy
2025-10-24,002100.SZSE,买入,95.09980440000004,100.0,5.1,9509.98,SignalRankStrategy
2025-10-24,600882.SSE,买入,73.32087829488185,200.0,5.15,14664.18,SignalRankStrategy
2025-10-24,600059.SSE,买入,111.5602249600001,100.0,5.11,11156.02,SignalRankStrategy
2025-10-24,688717.SSE,买入,71.94750000000002,200.0,5.14,14389.5,SignalRankStrategy
2025-10-24,002171.SZSE,买入,64.107672,200.0,5.13,12821.53,SignalRankStrategy
2025-10-24,688362.SSE,买入,31.445000000000004,500.0,5.16,15722.5,SignalRankStrategy
2025-10-24,601187.SSE,买入,8.14,2200.0,5.18,17908.0,SignalRankStrategy
2025-10-24,300855.SZSE,买入,56.42750000000002,300.0,5.17,16928.25,SignalRankStrategy
2025-10-24,688658.SSE,买入,23.94,700.0,5.17,16758.0,SignalRankStrategy
2025-10-24,002550.SZSE,买入,83.04999999999995,200.0,5.17,16610.0,SignalRankStrategy
2025-10-24,301207.SZSE,买入,33.37500000000001,500.0,5.17,16687.5,SignalRankStrategy
2025-10-24,600775.SSE,买入,16.549525000000003,1100.0,5.18,18204.48,SignalRankStrategy
2025-11-21,000735.SZSE,卖出,60.32300799999997,300.0,23.28,18096.9,SignalRankStrategy
2025-11-21,002004.SZSE,卖出,112.86759999999998,100.0,16.4,11286.76,SignalRankStrategy
2025-11-21,002100.SZSE,卖出,93.43469080000003,100.0,14.44,9343.47,SignalRankStrategy
2025-11-21,002171.SZSE,卖出,59.143671999999995,200.0,16.95,11828.73,SignalRankStrategy
2025-11-21,002174.SZSE,卖出,35.847926,400.0,19.48,14339.17,SignalRankStrategy
2025-11-21,002204.SZSE,卖出,32.550000000000004,500.0,21.44,16275.0,SignalRankStrategy
2025-11-21,002545.SZSE,卖出,84.06500000000003,200.0,21.98,16813.0,SignalRankStrategy
2025-11-21,002550.SZSE,卖出,79.90999999999994,200.0,21.14,15982.0,SignalRankStrategy
2025-11-21,002755.SZSE,卖出,30.389999999999997,500.0,20.35,15195.0,SignalRankStrategy
2025-11-21,002941.SZSE,卖出,16.755,900.0,20.23,15079.5,SignalRankStrategy
2025-11-21,002967.SZSE,卖出,33.30999999999999,500.0,21.82,16655.0,SignalRankStrategy
2025-11-21,300327.SZSE,卖出,80.0419204667389,200.0,21.17,16008.38,SignalRankStrategy
2025-11-21,300855.SZSE,卖出,53.65800000000002,300.0,21.26,16097.4,SignalRankStrategy
2025-11-21,300972.SZSE,卖出,169.96,100.0,22.17,16996.0,SignalRankStrategy
2025-11-21,301087.SZSE,卖出,62.742000000000026,200.0,17.67,12548.4,SignalRankStrategy
2025-11-21,600012.SSE,卖出,26.217000000000002,700.0,23.54,18351.9,SignalRankStrategy
2025-11-21,600037.SSE,卖出,45.0678832,300.0,18.66,13520.36,SignalRankStrategy
2025-11-21,600059.SSE,卖出,105.49443248000009,100.0,15.65,10549.44,SignalRankStrategy
2025-11-21,600201.SSE,卖出,212.14325920000002,100.0,26.73,21214.33,SignalRankStrategy
2025-11-21,600775.SSE,卖出,15.868025000000005,1100.0,22.63,17454.83,SignalRankStrategy
2025-11-21,600789.SSE,卖出,29.859850996599985,600.0,23.1,17915.91,SignalRankStrategy
2025-11-21,600882.SSE,卖出,73.30087829488183,200.0,19.81,14660.18,SignalRankStrategy
2025-11-21,600933.SSE,卖出,21.16,700.0,19.96,14812.0,SignalRankStrategy
2025-11-21,601089.SSE,卖出,24.249999999999996,700.0,22.14,16975.0,SignalRankStrategy
2025-11-21,601187.SSE,卖出,8.360000000000001,2200.0,23.58,18392.0,SignalRankStrategy
2025-11-21,601515.SSE,卖出,20.701600000000003,800.0,21.73,16561.28,SignalRankStrategy
2025-11-21,601963.SSE,卖出,13.37,1500.0,25.27,20055.0,SignalRankStrategy
2025-11-21,603690.SSE,卖出,34.49858999999999,400.0,18.94,13799.44,SignalRankStrategy
2025-11-21,688166.SSE,卖出,51.46199999999999,300.0,20.59,15438.6,SignalRankStrategy
2025-11-21,688192.SSE,卖出,65.77,300.0,24.93,19731.0,SignalRankStrategy
2025-11-21,688266.SSE,卖出,103.98,100.0,15.5,10398.0,SignalRankStrategy
2025-11-21,688306.SSE,卖出,10.55,1500.0,20.98,15825.0,SignalRankStrategy
2025-11-21,688347.SSE,卖出,110.44,100.0,16.15,11044.0,SignalRankStrategy
2025-11-21,688362.SSE,卖出,30.115,500.0,20.21,15057.5,SignalRankStrategy
2025-11-21,688403.SSE,卖出,13.775,1100.0,20.3,15152.5,SignalRankStrategy
2025-11-21,688658.SSE,卖出,24.719999999999995,700.0,22.48,17304.0,SignalRankStrategy
2025-11-21,688717.SSE,卖出,61.727500000000006,200.0,17.47,12345.5,SignalRankStrategy
2025-11-21,688776.SSE,卖出,123.00280000000001,100.0,17.42,12300.28,SignalRankStrategy
2025-11-21,002163.SZSE,买入,64.44500000000001,200.0,5.13,12889.0,SignalRankStrategy
2025-11-21,603876.SSE,买入,26.552000000000003,600.0,5.16,15931.2,SignalRankStrategy
2025-11-21,600596.SSE,买入,125.250738,100.0,5.13,12525.07,SignalRankStrategy
2025-11-21,601606.SSE,买入,51.212,300.0,5.15,15363.6,SignalRankStrategy
2025-11-21,688559.SSE,买入,52.00183,300.0,5.16,15600.55,SignalRankStrategy
2025-11-21,600595.SSE,买入,43.67275440000002,400.0,5.17,17469.1,SignalRankStrategy
2025-11-21,688696.SSE,买入,165.95551999999998,100.0,5.17,16595.55,SignalRankStrategy
2025-11-21,600409.SSE,买入,42.016994239999995,400.0,5.17,16806.8,SignalRankStrategy
2025-11-21,301238.SZSE,买入,23.410000000000004,700.0,5.16,16387.0,SignalRankStrategy
2025-11-21,600961.SSE,买入,21.270000000000003,800.0,5.17,17016.0,SignalRankStrategy
2025-11-21,002544.SZSE,买入,161.6634,100.0,5.16,16166.34,SignalRankStrategy
2025-11-21,002539.SZSE,买入,69.86000000000001,200.0,5.14,13972.0,SignalRankStrategy
2025-11-21,600586.SSE,买入,79.09324220000002,200.0,5.16,15818.65,SignalRankStrategy
2025-11-21,600094.SSE,买入,7.758234958849994,2300.0,5.18,17843.94,SignalRankStrategy
2025-11-21,600075.SSE,买入,59.07656799999996,300.0,5.18,17722.97,SignalRankStrategy
2025-11-21,603119.SSE,买入,110.95350000000002,100.0,5.11,11095.35,SignalRankStrategy
2025-11-21,300624.SZSE,买入,168.24312683199997,100.0,5.17,16824.31,SignalRankStrategy
2025-11-21,600929.SSE,买入,7.024,2600.0,5.18,18262.4,SignalRankStrategy
2025-11-21,600246.SSE,买入,119.22832000000004,100.0,5.12,11922.83,SignalRankStrategy
2025-11-21,300451.SZSE,买入,93.12969310000001,100.0,5.09,9312.97,SignalRankStrategy
2025-11-21,002991.SZSE,买入,69.04699999999998,200.0,5.14,13809.4,SignalRankStrategy
2025-11-21,688629.SSE,买入,82.97,200.0,5.17,16594.0,SignalRankStrategy
2025-11-21,002400.SZSE,买入,158.69345479999998,100.0,5.16,15869.35,SignalRankStrategy
2025-11-21,300910.SZSE,买入,118.556,100.0,5.12,11855.6,SignalRankStrategy
2025-11-21,301069.SZSE,买入,25.32,700.0,5.18,17724.0,SignalRankStrategy
2025-11-21,601678.SSE,买入,20.9897,800.0,5.17,16791.76,SignalRankStrategy
2025-11-21,600475.SSE,买入,67.55132160000007,200.0,5.14,13510.26,SignalRankStrategy
2025-11-21,688141.SSE,买入,38.16,400.0,5.15,15264.0,SignalRankStrategy
2025-11-21,603612.SSE,买入,37.089268,400.0,5.15,14835.71,SignalRankStrategy
2025-11-21,002154.SZSE,买入,61.2709548,300.0,5.18,18381.29,SignalRankStrategy
2025-11-21,688631.SSE,买入,62.31999999999999,200.0,5.12,12464.0,SignalRankStrategy
2025-11-21,603100.SSE,买入,36.572500000000005,500.0,5.18,18286.25,SignalRankStrategy
2025-11-21,301626.SZSE,买入,165.73,100.0,5.17,16573.0,SignalRankStrategy
2025-11-21,000657.SZSE,买入,145.52868747550536,100.0,5.15,14552.87,SignalRankStrategy
2025-11-21,688503.SSE,买入,118.125794288,100.0,5.12,11812.58,SignalRankStrategy
2025-11-21,002895.SZSE,买入,40.17,400.0,5.16,16068.0,SignalRankStrategy
2025-11-21,002324.SZSE,买入,102.67794720000008,100.0,5.1,10267.79,SignalRankStrategy
2025-12-19,000567.SZSE,卖出,93.51420024374997,100.0,14.44,9351.42,SignalRankStrategy
2025-12-19,000657.SZSE,卖出,181.14016305716376,100.0,23.3,18114.02,SignalRankStrategy
2025-12-19,000681.SZSE,卖出,119.86409500000003,100.0,17.11,11986.41,SignalRankStrategy
2025-12-19,002154.SZSE,卖出,58.7549548,300.0,22.8,17626.49,SignalRankStrategy
2025-12-19,002163.SZSE,卖出,60.015000000000015,200.0,17.12,12003.0,SignalRankStrategy
2025-12-19,002324.SZSE,卖出,98.31490720000005,100.0,14.93,9831.49,SignalRankStrategy
2025-12-19,002400.SZSE,卖出,155.82614280000004,100.0,20.74,15582.61,SignalRankStrategy
2025-12-19,002539.SZSE,卖出,67.19,200.0,18.57,13438.0,SignalRankStrategy
2025-12-19,002544.SZSE,卖出,204.00340000000003,100.0,25.7,20400.34,SignalRankStrategy
2025-12-19,002895.SZSE,卖出,39.21,400.0,20.84,15684.0,SignalRankStrategy
2025-12-19,002991.SZSE,卖出,67.22699999999998,200.0,18.58,13445.4,SignalRankStrategy
2025-12-19,300451.SZSE,卖出,91.53019836500002,100.0,14.24,9153.02,SignalRankStrategy
2025-12-19,300624.SZSE,卖出,149.62990736000003,100.0,20.11,14962.99,SignalRankStrategy
2025-12-19,300910.SZSE,卖出,119.46699999999998,100.0,17.07,11946.7,SignalRankStrategy
2025-12-19,301069.SZSE,卖出,27.5,700.0,24.44,19250.0,SignalRankStrategy
2025-12-19,301205.SZSE,卖出,324.658,100.0,40.91,32465.8,SignalRankStrategy
2025-12-19,301207.SZSE,卖出,31.39,500.0,20.85,15695.0,SignalRankStrategy
2025-12-19,301238.SZSE,卖出,20.250000000000004,700.0,19.32,14175.0,SignalRankStrategy
2025-12-19,301626.SZSE,卖出,171.05,100.0,22.28,17105.0,SignalRankStrategy
2025-12-19,600075.SSE,卖出,54.179863999999974,300.0,21.42,16253.96,SignalRankStrategy
2025-12-19,600094.SSE,卖出,7.488742428149993,2300.0,22.4,17224.11,SignalRankStrategy
2025-12-19,600246.SSE,卖出,124.95392000000004,100.0,17.62,12495.39,SignalRankStrategy
2025-12-19,600409.SSE,卖出,41.294619839999996,400.0,21.68,16517.85,SignalRankStrategy
2025-12-19,600475.SSE,卖出,69.53877120000006,200.0,19.05,13907.75,SignalRankStrategy
2025-12-19,600586.SSE,卖出,74.52646619999999,200.0,20.05,14905.29,SignalRankStrategy
2025-12-19,600596.SSE,卖出,120.1340156,100.0,17.13,12013.4,SignalRankStrategy
2025-12-19,600929.SSE,卖出,6.7940000000000005,2600.0,22.84,17664.4,SignalRankStrategy
2025-12-19,601606.SSE,卖出,48.252,300.0,19.62,14475.6,SignalRankStrategy
2025-12-19,601678.SSE,卖出,19.600799999999996,800.0,20.84,15680.64,SignalRankStrategy
2025-12-19,603100.SSE,卖出,33.30250000000001,500.0,21.82,16651.25,SignalRankStrategy
2025-12-19,603119.SSE,卖出,117.43349999999998,100.0,16.86,11743.35,SignalRankStrategy
2025-12-19,603612.SSE,卖出,35.221267999999995,400.0,19.23,14088.51,SignalRankStrategy
2025-12-19,603876.SSE,卖出,24.534,600.0,19.87,14720.4,SignalRankStrategy
2025-12-19,688141.SSE,卖出,36.470000000000006,400.0,19.73,14588.0,SignalRankStrategy
2025-12-19,688559.SSE,卖出,43.35183000000001,300.0,18.14,13005.55,SignalRankStrategy
2025-12-19,688629.SSE,卖出,79.14999999999999,200.0,20.99,15830.0,SignalRankStrategy
2025-12-19,688631.SSE,卖出,63.839999999999996,200.0,17.9,12768.0,SignalRankStrategy
2025-12-19,688652.SSE,卖出,102.19,200.0,25.75,20438.0,SignalRankStrategy
2025-12-19,688696.SSE,卖出,154.23152,100.0,20.58,15423.15,SignalRankStrategy
2025-12-19,600330.SSE,买入,51.587585600000025,300.0,5.15,15476.28,SignalRankStrategy
2025-12-19,601869.SSE,买入,112.819,100.0,5.11,11281.9,SignalRankStrategy
2025-12-19,002338.SZSE,买入,171.55999999999997,100.0,5.17,17156.0,SignalRankStrategy
2025-12-19,603619.SSE,买入,24.213000000000005,700.0,5.17,16949.1,SignalRankStrategy
2025-12-19,000680.SZSE,买入,61.46984387200001,300.0,5.18,18440.95,SignalRankStrategy
2025-12-19,002534.SZSE,买入,34.618999999999986,500.0,5.17,17309.5,SignalRankStrategy
2025-12-19,003006.SZSE,买入,23.410000000000007,700.0,5.16,16387.0,SignalRankStrategy
2025-12-19,688686.SSE,买入,170.83559999999997,100.0,5.17,17083.56,SignalRankStrategy
2025-12-19,300602.SZSE,买入,140.65259431305498,100.0,5.14,14065.26,SignalRankStrategy
2025-12-19,688400.SSE,买入,41.949999999999996,400.0,5.17,16780.0,SignalRankStrategy
2025-12-19,688029.SSE,买入,121.42999999999999,100.0,5.12,12143.0,SignalRankStrategy
2025-12-19,601038.SSE,买入,15.254040000000002,1200.0,5.18,18304.85,SignalRankStrategy
2025-12-19,000029.SZSE,买入,45.65550560000001,400.0,5.18,18262.2,SignalRankStrategy
2025-12-19,601369.SSE,买入,21.712499999999995,800.0,5.17,17370.0,SignalRankStrategy
2025-12-19,600490.SSE,买入,101.7203125,100.0,5.1,10172.03,SignalRankStrategy
2025-12-19,600869.SSE,买入,78.8668,200.0,5.16,15773.36,SignalRankStrategy
2025-12-19,603360.SSE,买入,176.06679999999992,100.0,5.18,17606.68,SignalRankStrategy
2025-12-19,000603.SZSE,买入,123.9475282,100.0,5.12,12394.75,SignalRankStrategy
2025-12-19,600531.SSE,买入,106.56826400000001,100.0,5.11,10656.83,SignalRankStrategy
2025-12-19,688062.SSE,买入,38.51,400.0,5.15,15404.0,SignalRankStrategy
2025-12-19,300723.SZSE,买入,95.27400000000003,100.0,5.1,9527.4,SignalRankStrategy
2025-12-19,300576.SZSE,买入,165.44954588,100.0,5.17,16544.95,SignalRankStrategy
2025-12-19,601069.SSE,买入,27.009000000000007,600.0,5.16,16205.4,SignalRankStrategy
2025-12-19,601778.SSE,买入,3.90267,4700.0,5.18,18342.55,SignalRankStrategy
2025-12-19,600682.SSE,买入,107.12606479800006,100.0,5.11,10712.61,SignalRankStrategy
2025-12-19,301039.SZSE,买入,11.649999999999999,1500.0,5.17,17475.0,SignalRankStrategy
2025-12-19,603308.SSE,买入,59.9586,300.0,5.18,17987.58,SignalRankStrategy
2025-12-19,600556.SSE,买入,24.150078106000006,700.0,5.17,16905.05,SignalRankStrategy
2025-12-19,301526.SZSE,买入,6.65,2800.0,5.19,18620.0,SignalRankStrategy
2025-12-19,000762.SZSE,买入,117.90942284834277,100.0,5.12,11790.94,SignalRankStrategy
2025-12-19,603477.SSE,买入,17.879700000000003,1000.0,5.18,17879.7,SignalRankStrategy
2025-12-19,003039.SZSE,买入,14.545000000000003,1200.0,5.17,17454.0,SignalRankStrategy
2025-12-19,688639.SSE,买入,76.7746,200.0,5.15,15354.92,SignalRankStrategy
2025-12-19,002100.SZSE,买入,92.73495360000001,200.0,5.19,18546.99,SignalRankStrategy
2025-12-19,688630.SSE,买入,131.58,100.0,5.13,13158.0,SignalRankStrategy
2025-12-19,688789.SSE,买入,170.83794999999998,100.0,5.17,17083.79,SignalRankStrategy
2025-12-19,688362.SSE,买入,31.415000000000003,500.0,5.16,15707.5,SignalRankStrategy
2025-12-19,300672.SZSE,买入,159.3181072,100.0,5.16,15931.81,SignalRankStrategy
2025-12-19,002171.SZSE,买入,63.24367199999999,200.0,5.13,12648.73,SignalRankStrategy
2025-12-19,600114.SSE,买入,157.50472319999997,100.0,5.16,15750.47,SignalRankStrategy
2025-12-19,002237.SZSE,买入,109.28798399999998,100.0,5.11,10928.8,SignalRankStrategy
2026-01-20,000029.SZSE,卖出,43.31072160000001,400.0,22.5,17324.29,SignalRankStrategy
2026-01-20,000603.SZSE,卖出,165.08152819999998,100.0,21.67,16508.15,SignalRankStrategy
2026-01-20,000680.SZSE,卖出,68.78883267199998,300.0,26.0,20636.65,SignalRankStrategy
2026-01-20,002100.SZSE,卖出,91.06984,200.0,23.4,18213.97,SignalRankStrategy
2026-01-20,002171.SZSE,卖出,75.271672,200.0,20.2,15054.33,SignalRankStrategy
2026-01-20,002237.SZSE,卖出,130.227984,100.0,18.15,13022.8,SignalRankStrategy
2026-01-20,002338.SZSE,卖出,178.79999999999998,100.0,23.06,17880.0,SignalRankStrategy
2026-01-20,002534.SZSE,卖出,38.09099999999999,500.0,24.24,19045.5,SignalRankStrategy
2026-01-20,003006.SZSE,卖出,23.6,700.0,21.69,16520.0,SignalRankStrategy
2026-01-20,003039.SZSE,卖出,17.734999999999996,1200.0,26.82,21282.0,SignalRankStrategy
2026-01-20,300602.SZSE,卖出,156.02610296305494,100.0,20.76,15602.61,SignalRankStrategy
2026-01-20,300672.SZSE,卖出,229.3128186700001,100.0,28.89,22931.28,SignalRankStrategy
2026-01-20,300723.SZSE,卖出,101.97700000000005,100.0,15.3,10197.7,SignalRankStrategy
2026-01-20,301039.SZSE,卖出,10.88,1500.0,21.48,16320.0,SignalRankStrategy
2026-01-20,301526.SZSE,卖出,7.950000000000001,2800.0,28.05,22260.0,SignalRankStrategy
2026-01-20,600114.SSE,卖出,180.382336,100.0,23.22,18038.23,SignalRankStrategy
2026-01-20,600490.SSE,卖出,109.59893749999999,100.0,16.07,10959.89,SignalRankStrategy
2026-01-20,600531.SSE,卖出,138.10667400000003,100.0,18.95,13810.67,SignalRankStrategy
2026-01-20,600556.SSE,卖出,33.008857106000015,700.0,29.11,23106.2,SignalRankStrategy
2026-01-20,600595.SSE,卖出,75.23419000000004,400.0,37.92,30093.68,SignalRankStrategy
2026-01-20,600869.SSE,卖出,103.2308,200.0,26.01,20646.16,SignalRankStrategy
2026-01-20,600961.SSE,卖出,26.8525,800.0,27.07,21482.0,SignalRankStrategy
2026-01-20,601038.SSE,卖出,15.634040000000002,1200.0,23.95,18760.85,SignalRankStrategy
2026-01-20,601069.SSE,卖出,30.519000000000002,600.0,23.49,18311.4,SignalRankStrategy
2026-01-20,601369.SSE,卖出,22.697499999999994,800.0,23.34,18158.0,SignalRankStrategy
2026-01-20,601778.SSE,卖出,4.3626700000000005,4700.0,25.84,20504.55,SignalRankStrategy
2026-01-20,601869.SSE,卖出,120.79899999999999,100.0,17.2,12079.9,SignalRankStrategy
2026-01-20,603308.SSE,卖出,77.52259999999998,300.0,29.3,23256.78,SignalRankStrategy
2026-01-20,603360.SSE,卖出,201.6472223999999,100.0,25.41,20164.72,SignalRankStrategy
2026-01-20,603477.SSE,卖出,18.2597,1000.0,23.44,18259.7,SignalRankStrategy
2026-01-20,603619.SSE,卖出,27.893,700.0,24.72,19525.1,SignalRankStrategy
2026-01-20,688029.SSE,卖出,129.362,100.0,18.07,12936.2,SignalRankStrategy
2026-01-20,688062.SSE,卖出,41.839999999999996,400.0,21.9,16736.0,SignalRankStrategy
2026-01-20,688362.SSE,卖出,50.254999999999995,500.0,31.66,25127.5,SignalRankStrategy
2026-01-20,688400.SSE,卖出,44.309999999999995,400.0,22.9,17724.0,SignalRankStrategy
2026-01-20,688503.SSE,卖出,182.76640228800002,100.0,23.46,18276.64,SignalRankStrategy
2026-01-20,688630.SSE,卖出,170.56,100.0,22.23,17056.0,SignalRankStrategy
2026-01-20,688639.SSE,卖出,81.5483,200.0,21.47,16309.66,SignalRankStrategy
2026-01-20,688686.SSE,卖出,196.41959999999997,100.0,24.84,19641.96,SignalRankStrategy
2026-01-20,688789.SSE,卖出,183.17601000000002,100.0,23.5,18317.6,SignalRankStrategy
2026-01-20,688690.SSE,买入,28.186840000000004,700.0,5.2,19730.79,SignalRankStrategy
2026-01-20,300633.SZSE,买入,29.389000000000006,700.0,5.35,20572.3,SignalRankStrategy
2026-01-20,603220.SSE,买入,31.458,600.0,5.19,18874.8,SignalRankStrategy
2026-01-20,002405.SZSE,买入,41.808063999999995,400.0,5.17,16723.23,SignalRankStrategy
2026-01-20,002326.SZSE,买入,161.503737232,100.0,5.16,16150.37,SignalRankStrategy
2026-01-20,688147.SSE,买入,77.369,200.0,5.15,15473.8,SignalRankStrategy
2026-01-20,600877.SSE,买入,92.23934199999998,200.0,5.18,18447.87,SignalRankStrategy
2026-01-20,002484.SZSE,买入,144.94395999999992,100.0,5.14,14494.4,SignalRankStrategy
2026-01-20,001203.SZSE,买入,30.250000000000004,700.0,5.51,21175.0,SignalRankStrategy
2026-01-20,301293.SZSE,买入,105.42840000000001,100.0,5.11,10542.84,SignalRankStrategy
2026-01-20,600718.SSE,买入,181.51772491480966,100.0,5.18,18151.77,SignalRankStrategy
2026-01-20,300171.SZSE,买入,155.03220300554722,100.0,5.16,15503.22,SignalRankStrategy
2026-01-20,688382.SSE,买入,29.310000000000002,700.0,5.33,20517.0,SignalRankStrategy
2026-01-20,600338.SSE,买入,34.706250000000004,600.0,5.41,20823.75,SignalRankStrategy
2026-01-20,601811.SSE,买入,19.130000000000003,1000.0,5.19,19130.0,SignalRankStrategy
2026-01-20,688300.SSE,买入,195.37027700000004,100.0,5.2,19537.03,SignalRankStrategy
2026-01-20,601949.SSE,买入,8.127999999999998,2500.0,5.28,20320.0,SignalRankStrategy
2026-01-20,688321.SSE,买入,34.26,600.0,5.34,20556.0,SignalRankStrategy
2026-01-20,600246.SSE,买入,129.76192000000006,100.0,5.13,12976.19,SignalRankStrategy
2026-01-20,600773.SSE,买入,98.82210561785516,200.0,5.2,19764.42,SignalRankStrategy
2026-01-20,300341.SZSE,买入,77.715452,200.0,5.16,15543.09,SignalRankStrategy
2026-01-20,300657.SZSE,买入,103.42738000000001,200.0,5.38,20685.48,SignalRankStrategy
2026-01-20,000628.SZSE,买入,154.75407999999996,100.0,5.15,15475.41,SignalRankStrategy
2026-01-20,603613.SSE,买入,133.93032230624996,100.0,5.13,13393.03,SignalRankStrategy
2026-01-20,600729.SSE,买入,96.07908896000002,200.0,5.19,19215.82,SignalRankStrategy
2026-01-20,300910.SZSE,买入,122.622,100.0,5.12,12262.2,SignalRankStrategy
2026-01-20,002063.SZSE,买入,115.64515041774386,100.0,5.12,11564.52,SignalRankStrategy
2026-01-20,000688.SZSE,买入,132.87617116799998,100.0,5.13,13287.62,SignalRankStrategy
2026-01-20,002946.SZSE,买入,20.005,1000.0,5.2,20005.0,SignalRankStrategy
2026-01-20,301392.SZSE,买入,146.69999999999996,100.0,5.15,14670.0,SignalRankStrategy
2026-01-20,688208.SSE,买入,61.656699999999994,300.0,5.18,18497.01,SignalRankStrategy
2026-01-20,300655.SZSE,买入,169.10387825980152,100.0,5.17,16910.39,SignalRankStrategy
2026-01-20,002192.SZSE,买入,172.04799999999997,100.0,5.17,17204.8,SignalRankStrategy
2026-01-20,300768.SZSE,买入,30.579999999999995,600.0,5.18,18348.0,SignalRankStrategy
2026-01-20,301592.SZSE,买入,129.20999999999998,100.0,5.13,12921.0,SignalRankStrategy
2026-01-20,301458.SZSE,买入,35.548,500.0,5.18,17774.0,SignalRankStrategy
2026-02-25,000628.SZSE,卖出,165.59168,100.0,21.72,16559.17,SignalRankStrategy
2026-02-25,000688.SZSE,卖出,179.66598044800006,100.0,23.15,17966.6,SignalRankStrategy
2026-02-25,000762.SZSE,卖出,128.64325385521778,100.0,17.99,12864.33,SignalRankStrategy
2026-02-25,001203.SZSE,卖出,38.17,700.0,33.67,26719.0,SignalRankStrategy
2026-02-25,002192.SZSE,卖出,168.81799999999998,100.0,22.05,16881.8,SignalRankStrategy
2026-02-25,002405.SZSE,卖出,42.87670399999999,400.0,22.32,17150.68,SignalRankStrategy
2026-02-25,002484.SZSE,卖出,141.24651999999998,100.0,19.27,14124.65,SignalRankStrategy
2026-02-25,002946.SZSE,卖出,19.234999999999996,1000.0,24.43,19235.0,SignalRankStrategy
2026-02-25,300171.SZSE,卖出,152.14988552154725,100.0,20.37,15214.99,SignalRankStrategy
2026-02-25,300341.SZSE,卖出,70.735452,200.0,19.29,14147.09,SignalRankStrategy
2026-02-25,300576.SZSE,卖出,170.11834427999997,100.0,22.18,17011.83,SignalRankStrategy
2026-02-25,300633.SZSE,卖出,27.589000000000002,700.0,24.51,19312.3,SignalRankStrategy
2026-02-25,300655.SZSE,卖出,156.7601467869939,100.0,20.83,15676.01,SignalRankStrategy
2026-02-25,300910.SZSE,卖出,118.40299999999999,100.0,16.96,11840.3,SignalRankStrategy
2026-02-25,301293.SZSE,卖出,98.5314,100.0,14.95,9853.14,SignalRankStrategy
2026-02-25,301392.SZSE,卖出,115.00999999999999,100.0,16.62,11501.0,SignalRankStrategy
2026-02-25,301458.SZSE,卖出,38.738,500.0,24.56,19369.0,SignalRankStrategy
2026-02-25,301592.SZSE,卖出,120.97,100.0,17.22,12097.0,SignalRankStrategy
2026-02-25,600246.SSE,卖出,120.83624000000002,100.0,17.2,12083.62,SignalRankStrategy
2026-02-25,600330.SSE,卖出,87.55491359999999,300.0,33.1,26266.47,SignalRankStrategy
2026-02-25,600338.SSE,卖出,34.61625,600.0,26.17,20769.75,SignalRankStrategy
2026-02-25,600682.SSE,卖出,92.81124035799998,100.0,14.37,9281.12,SignalRankStrategy
2026-02-25,600718.SSE,卖出,165.48615239357972,100.0,21.71,16548.62,SignalRankStrategy
2026-02-25,600729.SSE,卖出,92.12052896000002,200.0,23.61,18424.11,SignalRankStrategy
2026-02-25,600773.SSE,卖出,101.6308333923678,200.0,25.61,20326.17,SignalRankStrategy
2026-02-25,600877.SSE,卖出,87.95631039999999,200.0,22.77,17591.26,SignalRankStrategy
2026-02-25,601811.SSE,卖出,17.81,1000.0,22.99,17810.0,SignalRankStrategy
2026-02-25,601949.SSE,卖出,7.9479999999999995,2500.0,25.07,19870.0,SignalRankStrategy
2026-02-25,603220.SSE,卖出,34.298,600.0,25.93,20578.8,SignalRankStrategy
2026-02-25,603613.SSE,卖出,121.57710986874997,100.0,17.28,12157.71,SignalRankStrategy
2026-02-25,688147.SSE,卖出,89.919,200.0,23.16,17983.8,SignalRankStrategy
2026-02-25,688208.SSE,卖出,55.6171,300.0,21.85,16685.13,SignalRankStrategy
2026-02-25,688300.SSE,卖出,184.84592600000002,100.0,23.67,18484.59,SignalRankStrategy
2026-02-25,688321.SSE,卖出,31.279999999999998,600.0,23.96,18768.0,SignalRankStrategy
2026-02-25,688382.SSE,卖出,21.659999999999997,700.0,20.31,15162.0,SignalRankStrategy
2026-02-25,688690.SSE,卖出,28.33684,700.0,25.03,19835.79,SignalRankStrategy
2026-02-25,600759.SSE,买入,24.199344255999996,800.0,5.19,19359.48,SignalRankStrategy
2026-02-25,600751.SSE,买入,18.1065798,1100.0,5.2,19917.24,SignalRankStrategy
2026-02-25,603619.SSE,买入,39.183,500.0,5.2,19591.5,SignalRankStrategy
2026-02-25,600986.SSE,买入,69.30368960000003,200.0,5.14,13860.74,SignalRankStrategy
2026-02-25,002099.SZSE,买入,54.279999999999994,300.0,5.16,16284.0,SignalRankStrategy
2026-02-25,300702.SZSE,买入,68.97423902000001,200.0,5.14,13794.85,SignalRankStrategy
2026-02-25,002716.SZSE,买入,58.23660000000001,300.0,5.17,17470.98,SignalRankStrategy
2026-02-25,301127.SZSE,买入,25.516980570001007,800.0,5.31,20413.58,SignalRankStrategy
2026-02-25,300579.SZSE,买入,109.50062500000003,100.0,5.11,10950.06,SignalRankStrategy
2026-02-25,301029.SZSE,买入,43.884399999999985,400.0,5.18,17553.76,SignalRankStrategy
2026-02-25,601975.SSE,买入,3.9,5200.0,5.27,20280.0,SignalRankStrategy
2026-02-25,300772.SZSE,买入,35.85704424,500.0,5.18,17928.52,SignalRankStrategy
2026-02-25,688005.SSE,买入,48.63521,400.0,5.19,19454.08,SignalRankStrategy
2026-02-25,688696.SSE,买入,145.13751999999997,100.0,5.15,14513.75,SignalRankStrategy
2026-02-25,600186.SSE,买入,33.797792754999996,600.0,5.27,20278.68,SignalRankStrategy
2026-02-25,603887.SSE,买入,38.278479999999995,500.0,5.19,19139.24,SignalRankStrategy
2026-02-25,301268.SZSE,买入,24.510000000000005,800.0,5.2,19608.0,SignalRankStrategy
2026-02-25,000555.SZSE,买入,55.54036724000001,300.0,5.17,16662.11,SignalRankStrategy
2026-02-25,002881.SZSE,买入,105.03230000000003,100.0,5.11,10503.23,SignalRankStrategy
2026-02-25,600595.SSE,买入,58.462958400000026,300.0,5.18,17538.89,SignalRankStrategy
2026-02-25,688327.SSE,买入,22.690000000000005,900.0,5.31,20421.0,SignalRankStrategy
2026-02-25,002149.SZSE,买入,148.55500000000004,100.0,5.15,14855.5,SignalRankStrategy
2026-02-25,002511.SZSE,买入,71.101993614,200.0,5.14,14220.4,SignalRankStrategy
2026-02-25,300047.SZSE,买入,68.831523805,200.0,5.14,13766.3,SignalRankStrategy
2026-02-25,002396.SZSE,买入,94.98,200.0,5.19,18996.0,SignalRankStrategy
2026-02-25,301510.SZSE,买入,38.5165,500.0,5.19,19258.25,SignalRankStrategy
2026-02-25,601137.SSE,买入,44.901939999999996,400.0,5.18,17960.78,SignalRankStrategy
2026-02-25,601083.SSE,买入,12.865,1600.0,5.35,20584.0,SignalRankStrategy
2026-02-25,603826.SSE,买入,34.704800000000006,500.0,5.17,17352.4,SignalRankStrategy
2026-02-25,300779.SZSE,买入,140.97399999999996,100.0,5.14,14097.4,SignalRankStrategy
2026-02-25,002123.SZSE,买入,86.75526160000001,200.0,5.17,17351.05,SignalRankStrategy
2026-02-25,600216.SSE,买入,96.26615050000004,200.0,5.19,19253.23,SignalRankStrategy
2026-02-25,300068.SZSE,买入,39.517748,500.0,5.2,19758.87,SignalRankStrategy
2026-02-25,603730.SSE,买入,66.49525175000002,300.0,5.2,19948.58,SignalRankStrategy
2026-02-25,605507.SSE,买入,30.447360000000007,600.0,5.18,18268.42,SignalRankStrategy
2026-02-25,002929.SZSE,买入,48.73,400.0,5.19,19492.0,SignalRankStrategy
2026-02-25,002158.SZSE,买入,97.66823693999999,200.0,5.2,19533.65,SignalRankStrategy
2026-02-25,002506.SZSE,买入,47.231935936,400.0,5.19,18892.77,SignalRankStrategy
2026-02-25,000833.SZSE,买入,43.290496000000005,400.0,5.17,17316.2,SignalRankStrategy
2026-03-25,000555.SZSE,卖出,50.931167240000015,300.0,20.43,15279.35,SignalRankStrategy
2026-03-25,000833.SZSE,卖出,44.48009600000001,400.0,22.97,17792.04,SignalRankStrategy
2026-03-25,002063.SZSE,卖出,121.77353929251767,100.0,17.3,12177.35,SignalRankStrategy
2026-03-25,002099.SZSE,卖出,48.86,300.0,19.8,14658.0,SignalRankStrategy
2026-03-25,002123.SZSE,卖出,74.42326159999999,200.0,20.03,14884.65,SignalRankStrategy
2026-03-25,002149.SZSE,卖出,133.05500000000006,100.0,18.44,13305.5,SignalRankStrategy
2026-03-25,002158.SZSE,卖出,85.87664787999996,200.0,22.35,17175.33,SignalRankStrategy
2026-03-25,002326.SZSE,卖出,126.69255151039997,100.0,17.8,12669.26,SignalRankStrategy
2026-03-25,002396.SZSE,卖出,86.53,200.0,22.48,17306.0,SignalRankStrategy
2026-03-25,002506.SZSE,卖出,55.349234816000006,400.0,27.9,22139.69,SignalRankStrategy
2026-03-25,002511.SZSE,卖出,68.522150614,200.0,18.84,13704.43,SignalRankStrategy
2026-03-25,002881.SZSE,卖出,88.01740000000001,100.0,13.89,8801.74,SignalRankStrategy
2026-03-25,002929.SZSE,卖出,50.16,400.0,25.28,20064.0,SignalRankStrategy
2026-03-25,300047.SZSE,卖出,59.252425475,200.0,16.97,11850.49,SignalRankStrategy
2026-03-25,300068.SZSE,卖出,37.12174800000001,500.0,23.75,18560.87,SignalRankStrategy
2026-03-25,300579.SZSE,卖出,96.48687500000001,100.0,14.75,9648.69,SignalRankStrategy
2026-03-25,300657.SZSE,卖出,99.97406000000001,200.0,25.19,19994.81,SignalRankStrategy
2026-03-25,300702.SZSE,卖出,60.46925034000001,200.0,17.21,12093.85,SignalRankStrategy
2026-03-25,300768.SZSE,卖出,24.259999999999998,600.0,19.7,14556.0,SignalRankStrategy
2026-03-25,300772.SZSE,卖出,35.2362872,500.0,22.79,17618.14,SignalRankStrategy
2026-03-25,300779.SZSE,卖出,121.88599999999998,100.0,17.31,12188.6,SignalRankStrategy
2026-03-25,301029.SZSE,卖出,36.002,400.0,19.54,14400.8,SignalRankStrategy
2026-03-25,301127.SZSE,卖出,22.794982500001,800.0,23.42,18235.99,SignalRankStrategy
2026-03-25,301268.SZSE,卖出,22.55,800.0,23.22,18040.0,SignalRankStrategy
2026-03-25,301510.SZSE,卖出,30.596500000000002,500.0,20.45,15298.25,SignalRankStrategy
2026-03-25,600186.SSE,卖出,37.0542945875,600.0,28.01,22232.58,SignalRankStrategy
2026-03-25,600216.SSE,卖出,92.3714615,200.0,23.66,18474.29,SignalRankStrategy
2026-03-25,600595.SSE,卖出,49.74283840000003,300.0,20.07,14922.85,SignalRankStrategy
2026-03-25,600986.SSE,卖出,54.25034400000002,200.0,15.96,10850.07,SignalRankStrategy
2026-03-25,601083.SSE,卖出,12.825,1600.0,25.86,20520.0,SignalRankStrategy
2026-03-25,601137.SSE,卖出,42.22194,400.0,22.06,16888.78,SignalRankStrategy
2026-03-25,601975.SSE,卖出,4.87,5200.0,31.91,25324.0,SignalRankStrategy
2026-03-25,603730.SSE,卖出,52.283181000000006,300.0,20.84,15684.95,SignalRankStrategy
2026-03-25,603826.SSE,卖出,44.876799999999996,500.0,28.27,22438.4,SignalRankStrategy
2026-03-25,603887.SSE,卖出,38.79944,500.0,24.59,19399.72,SignalRankStrategy
2026-03-25,605507.SSE,卖出,28.01736,600.0,21.98,16810.42,SignalRankStrategy
2026-03-25,688005.SSE,卖出,46.05241,400.0,23.61,18420.96,SignalRankStrategy
2026-03-25,688327.SSE,卖出,18.469999999999995,900.0,21.79,16623.0,SignalRankStrategy
2026-03-25,688696.SSE,卖出,134.01551999999998,100.0,18.54,13401.55,SignalRankStrategy
2026-04-23,002716.SZSE,卖出,48.11860000000001,300.0,19.58,14435.58,SignalRankStrategy
2026-04-23,600759.SSE,卖出,22.808740735999997,800.0,23.43,18246.99,SignalRankStrategy
2026-04-23,603619.SSE,卖出,34.663000000000004,500.0,22.5,17331.5,SignalRankStrategy
2026-05-26,600751.SSE,卖出,13.737085040000002,1100.0,20.26,15110.79,SignalRankStrategy
