datetime,symbol,direction,price,volume,commission,amount,strategy
2022-02-08,300398.SZSE,买入,128.20020000000002,100.0,5.13,12820.02,SignalRankStrategy
2022-02-08,000860.SZSE,买入,98.88387020000009,100.0,5.1,9888.39,SignalRankStrategy
2022-02-08,002639.SZSE,买入,31.34248,600.0,5.19,18805.49,SignalRankStrategy
2022-02-08,300318.SZSE,买入,50.100448527488,300.0,5.15,15030.13,SignalRankStrategy
2022-02-08,300439.SZSE,买入,49.470295000000014,300.0,5.15,14841.09,SignalRankStrategy
2022-02-08,300624.SZSE,买入,66.394,200.0,5.13,13278.8,SignalRankStrategy
2022-02-08,300860.SZSE,买入,117.746,100.0,5.12,11774.6,SignalRankStrategy
2022-02-08,600882.SSE,买入,114.12258647837525,100.0,5.11,11412.26,SignalRankStrategy
2022-02-08,600986.SSE,买入,33.412270400000004,500.0,5.17,16706.14,SignalRankStrategy
2022-02-08,300149.SZSE,买入,76.31328520000001,200.0,5.15,15262.66,SignalRankStrategy
2022-02-08,300075.SZSE,买入,144.1512765,100.0,5.14,14415.13,SignalRankStrategy
2022-02-08,000503.SZSE,买入,84.74396360000001,200.0,5.17,16948.79,SignalRankStrategy
2022-02-08,002214.SZSE,买入,77.52379599999995,200.0,5.16,15504.76,SignalRankStrategy
2022-02-08,002232.SZSE,买入,53.504760000000005,300.0,5.16,16051.43,SignalRankStrategy
2022-02-08,300031.SZSE,买入,130.58,100.0,5.13,13058.0,SignalRankStrategy
2022-02-08,300219.SZSE,买入,63.740066000000006,200.0,5.13,12748.01,SignalRankStrategy
2022-02-08,300685.SZSE,买入,156.97600000000003,100.0,5.16,15697.6,SignalRankStrategy
2022-02-08,600105.SSE,买入,55.159647275166,300.0,5.17,16547.89,SignalRankStrategy
2022-02-08,603533.SSE,买入,19.304000000000002,900.0,5.17,17373.6,SignalRankStrategy
2022-02-08,603960.SSE,买入,86.15937520000003,200.0,5.17,17231.88,SignalRankStrategy
2022-02-08,688018.SSE,买入,144.885,100.0,5.14,14488.5,SignalRankStrategy
2022-02-08,688050.SSE,买入,166.3,100.0,5.17,16630.0,SignalRankStrategy
2022-02-08,002326.SZSE,买入,190.08221121759996,100.0,5.19,19008.22,SignalRankStrategy
2022-02-08,300671.SZSE,买入,115.16840000000002,100.0,5.12,11516.84,SignalRankStrategy
2022-02-08,600812.SSE,买入,35.72754734647137,500.0,5.18,17863.77,SignalRankStrategy
2022-02-08,300311.SZSE,买入,57.30689509427305,300.0,5.17,17192.07,SignalRankStrategy
2022-02-08,600129.SSE,买入,58.03822000000002,300.0,5.17,17411.47,SignalRankStrategy
2022-02-08,300204.SZSE,买入,123.16679990604317,100.0,5.12,12316.68,SignalRankStrategy
2022-02-08,002617.SZSE,买入,97.524,100.0,5.1,9752.4,SignalRankStrategy
2022-02-08,300497.SZSE,买入,81.8388,200.0,5.16,16367.76,SignalRankStrategy
2022-02-08,002837.SZSE,买入,120.73238800000003,100.0,5.12,12073.24,SignalRankStrategy
2022-02-08,600456.SSE,买入,118.74255999999998,100.0,5.12,11874.26,SignalRankStrategy
2022-02-08,300352.SZSE,买入,102.345,100.0,5.1,10234.5,SignalRankStrategy
2022-02-08,300036.SZSE,买入,120.75816,100.0,5.12,12075.82,SignalRankStrategy
2022-02-08,300287.SZSE,买入,62.92349999999999,200.0,5.13,12584.7,SignalRankStrategy
2022-02-08,000657.SZSE,买入,63.1334569865185,300.0,5.19,18940.04,SignalRankStrategy
2022-02-08,300047.SZSE,买入,46.110651895,400.0,5.18,18444.26,SignalRankStrategy
2022-02-08,600876.SSE,买入,37.535,500.0,5.19,18767.5,SignalRankStrategy
2022-02-08,688133.SSE,买入,157.35,100.0,5.16,15735.0,SignalRankStrategy
2022-02-08,688508.SSE,买入,90.81,200.0,5.18,18162.0,SignalRankStrategy
2022-02-08,688399.SSE,买入,134.41,100.0,5.13,13441.0,SignalRankStrategy
2022-02-08,300598.SZSE,买入,111.04390909999998,100.0,5.11,11104.39,SignalRankStrategy
2022-02-08,300366.SZSE,买入,64.385,200.0,5.13,12877.0,SignalRankStrategy
2022-02-08,002581.SZSE,买入,46.416000000000004,400.0,5.19,18566.4,SignalRankStrategy
2022-03-08,000503.SZSE,卖出,91.09512840000001,200.0,23.4,18219.03,SignalRankStrategy
2022-03-08,000657.SZSE,卖出,64.34071791355609,300.0,24.5,19302.22,SignalRankStrategy
2022-03-08,000860.SZSE,卖出,92.45741820000005,100.0,14.34,9245.74,SignalRankStrategy
2022-03-08,002214.SZSE,卖出,69.05579599999994,200.0,18.95,13811.16,SignalRankStrategy
2022-03-08,002326.SZSE,卖出,175.9988910152,100.0,22.78,17599.89,SignalRankStrategy
2022-03-08,002581.SZSE,卖出,47.41000000000001,400.0,24.15,18964.0,SignalRankStrategy
2022-03-08,002617.SZSE,卖出,101.86449999999998,100.0,15.29,10186.45,SignalRankStrategy
2022-03-08,002639.SZSE,卖出,37.62248,600.0,28.44,22573.49,SignalRankStrategy
2022-03-08,002837.SZSE,卖出,127.95000650000001,100.0,17.92,12795.0,SignalRankStrategy
2022-03-08,300036.SZSE,卖出,119.97015999999998,100.0,17.12,11997.02,SignalRankStrategy
2022-03-08,300047.SZSE,卖出,47.38761498499999,400.0,24.14,18955.05,SignalRankStrategy
2022-03-08,300075.SZSE,卖出,152.23127649999998,100.0,20.38,15223.13,SignalRankStrategy
2022-03-08,300149.SZSE,卖出,81.33328520000002,200.0,21.43,16266.66,SignalRankStrategy
2022-03-08,300204.SZSE,卖出,165.96429922924318,100.0,21.76,16596.43,SignalRankStrategy
2022-03-08,300219.SZSE,卖出,56.32006600000001,200.0,16.38,11264.01,SignalRankStrategy
2022-03-08,300287.SZSE,卖出,68.1835,200.0,18.77,13636.7,SignalRankStrategy
2022-03-08,300311.SZSE,卖出,66.80706021575566,300.0,25.25,20042.12,SignalRankStrategy
2022-03-08,300318.SZSE,卖出,50.97289588748801,300.0,20.44,15291.87,SignalRankStrategy
2022-03-08,300352.SZSE,卖出,106.12499999999999,100.0,15.72,10612.5,SignalRankStrategy
2022-03-08,300366.SZSE,卖出,69.10499999999999,200.0,18.96,13821.0,SignalRankStrategy
2022-03-08,300398.SZSE,卖出,152.8594,100.0,20.44,15285.94,SignalRankStrategy
2022-03-08,300497.SZSE,卖出,96.62199999999999,200.0,24.52,19324.4,SignalRankStrategy
2022-03-08,300598.SZSE,卖出,104.374564255,100.0,15.54,10437.46,SignalRankStrategy
2022-03-08,300624.SZSE,卖出,59.76600000000002,200.0,17.07,11953.2,SignalRankStrategy
2022-03-08,300671.SZSE,卖出,142.412,100.0,19.38,14241.2,SignalRankStrategy
2022-03-08,600105.SSE,卖出,53.862007913986,300.0,21.32,16158.6,SignalRankStrategy
2022-03-08,600129.SSE,卖出,64.10830400000002,300.0,24.42,19232.49,SignalRankStrategy
2022-03-08,600456.SSE,卖出,134.64391999999995,100.0,18.6,13464.39,SignalRankStrategy
2022-03-08,600812.SSE,卖出,34.669480816971365,500.0,22.51,17334.74,SignalRankStrategy
2022-03-08,600876.SSE,卖出,36.9186,500.0,23.64,18459.3,SignalRankStrategy
2022-03-08,600882.SSE,卖出,105.34710071108984,100.0,15.64,10534.71,SignalRankStrategy
2022-03-08,603533.SSE,卖出,17.803999999999995,900.0,21.18,16023.6,SignalRankStrategy
2022-03-08,688018.SSE,卖出,157.465,100.0,20.9,15746.5,SignalRankStrategy
2022-03-08,688050.SSE,卖出,156.95000000000002,100.0,20.85,15695.0,SignalRankStrategy
2022-03-08,688133.SSE,卖出,148.83,100.0,20.03,14883.0,SignalRankStrategy
2022-03-08,688399.SSE,卖出,142.19,100.0,19.36,14219.0,SignalRankStrategy
2022-03-08,688508.SSE,卖出,100.52,200.0,25.33,20104.0,SignalRankStrategy
2022-03-08,002139.SZSE,买入,178.524149426,100.0,5.18,17852.41,SignalRankStrategy
2022-03-08,002530.SZSE,买入,28.642000000000003,600.0,5.17,17185.2,SignalRankStrategy
2022-03-08,603129.SSE,买入,114.76764000000001,100.0,5.11,11476.76,SignalRankStrategy
2022-03-08,603583.SSE,买入,94.76989999999999,200.0,5.19,18953.98,SignalRankStrategy
2022-03-08,688266.SSE,买入,38.21,500.0,5.19,19105.0,SignalRankStrategy
2022-03-08,688788.SSE,买入,91.83,200.0,5.18,18366.0,SignalRankStrategy
2022-03-08,603348.SSE,买入,37.82999999999999,500.0,5.19,18915.0,SignalRankStrategy
2022-03-08,300151.SZSE,买入,187.33516500000002,100.0,5.19,18733.52,SignalRankStrategy
2022-03-08,300572.SZSE,买入,57.120344319999994,300.0,5.17,17136.1,SignalRankStrategy
2022-03-08,300767.SZSE,买入,174.59879999999998,100.0,5.17,17459.88,SignalRankStrategy
2022-03-08,603489.SSE,买入,163.51,100.0,5.16,16351.0,SignalRankStrategy
2022-03-08,000950.SZSE,买入,15.045312499999998,1300.0,5.2,19558.91,SignalRankStrategy
2022-03-08,300065.SZSE,买入,119.4348762,100.0,5.12,11943.49,SignalRankStrategy
2022-03-08,605376.SSE,买入,55.5,300.0,5.17,16650.0,SignalRankStrategy
2022-03-08,603187.SSE,买入,83.82095999999999,200.0,5.17,16764.19,SignalRankStrategy
2022-03-08,002803.SZSE,买入,42.365531999999995,400.0,5.17,16946.21,SignalRankStrategy
2022-03-08,600933.SSE,买入,15.040000000000001,1200.0,5.18,18048.0,SignalRankStrategy
2022-03-08,002918.SZSE,买入,50.657999999999994,300.0,5.15,15197.4,SignalRankStrategy
2022-03-08,002036.SZSE,买入,114.83225464709506,100.0,5.11,11483.23,SignalRankStrategy
2022-03-08,002605.SZSE,买入,86.27698800000003,200.0,5.17,17255.4,SignalRankStrategy
2022-03-08,002906.SZSE,买入,42.71000000000001,400.0,5.17,17084.0,SignalRankStrategy
2022-03-08,603997.SSE,买入,17.632999999999992,1000.0,5.18,17633.0,SignalRankStrategy
2022-03-08,688388.SSE,买入,99.18,100.0,5.1,9918.0,SignalRankStrategy
2022-03-08,688198.SSE,买入,157.20999999999998,100.0,5.16,15721.0,SignalRankStrategy
2022-03-08,688318.SSE,买入,136.55999999999997,100.0,5.14,13656.0,SignalRankStrategy
2022-03-08,002585.SZSE,买入,71.28860000000002,200.0,5.14,14257.72,SignalRankStrategy
2022-03-08,601058.SSE,买入,45.716000000000015,400.0,5.18,18286.4,SignalRankStrategy
2022-03-08,688339.SSE,买入,162.91,100.0,5.16,16291.0,SignalRankStrategy
2022-03-08,688408.SSE,买入,102.51,100.0,5.1,10251.0,SignalRankStrategy
2022-03-08,000831.SZSE,买入,157.929452,100.0,5.16,15792.95,SignalRankStrategy
2022-03-08,300438.SZSE,买入,179.05537349999997,100.0,5.18,17905.54,SignalRankStrategy
2022-03-08,300831.SZSE,买入,15.692,1200.0,5.19,18830.4,SignalRankStrategy
2022-03-08,300842.SZSE,买入,57.76,300.0,5.17,17328.0,SignalRankStrategy
2022-03-08,600452.SSE,买入,83.28695616000002,200.0,5.17,16657.39,SignalRankStrategy
2022-03-08,603005.SSE,买入,69.545,200.0,5.14,13909.0,SignalRankStrategy
2022-03-08,688033.SSE,买入,21.625,800.0,5.17,17300.0,SignalRankStrategy
2022-04-07,000831.SZSE,卖出,133.59287400000002,100.0,18.49,13359.29,SignalRankStrategy
2022-04-07,000950.SZSE,卖出,14.098124999999998,1300.0,23.51,18327.56,SignalRankStrategy
2022-04-07,002139.SZSE,卖出,169.21668942600004,100.0,22.09,16921.67,SignalRankStrategy
2022-04-07,002232.SZSE,卖出,52.711960000000005,300.0,20.97,15813.59,SignalRankStrategy
2022-04-07,002530.SZSE,卖出,30.510000000000005,600.0,23.49,18306.0,SignalRankStrategy
2022-04-07,002605.SZSE,卖出,89.496988,200.0,23.08,17899.4,SignalRankStrategy
2022-04-07,002906.SZSE,卖出,37.040000000000006,400.0,19.96,14816.0,SignalRankStrategy
2022-04-07,002918.SZSE,卖出,51.964000000000006,300.0,20.75,15589.2,SignalRankStrategy
2022-04-07,300031.SZSE,卖出,129.24000000000004,100.0,18.05,12924.0,SignalRankStrategy
2022-04-07,300065.SZSE,卖出,118.47437620000002,100.0,16.97,11847.44,SignalRankStrategy
2022-04-07,300438.SZSE,卖出,207.5203735,100.0,26.15,20752.04,SignalRankStrategy
2022-04-07,300439.SZSE,卖出,49.090295000000005,300.0,19.87,14727.09,SignalRankStrategy
2022-04-07,300572.SZSE,卖出,48.89234432000001,300.0,19.81,14667.7,SignalRankStrategy
2022-04-07,300767.SZSE,卖出,146.8084,100.0,19.83,14680.84,SignalRankStrategy
2022-04-07,300831.SZSE,卖出,13.212000000000002,1200.0,21.01,15854.4,SignalRankStrategy
2022-04-07,300860.SZSE,卖出,108.92899999999997,100.0,16.0,10892.9,SignalRankStrategy
2022-04-07,600452.SSE,卖出,76.11697023999999,200.0,20.38,15223.39,SignalRankStrategy
2022-04-07,600986.SSE,卖出,39.1060512,500.0,24.75,19553.03,SignalRankStrategy
2022-04-07,601058.SSE,卖出,45.12400000000001,400.0,23.23,18049.6,SignalRankStrategy
2022-04-07,603129.SSE,卖出,107.81764,100.0,15.89,10781.76,SignalRankStrategy
2022-04-07,603187.SSE,卖出,84.21255999999998,200.0,22.01,16842.51,SignalRankStrategy
2022-04-07,603348.SSE,卖出,36.79999999999999,500.0,23.58,18400.0,SignalRankStrategy
2022-04-07,603489.SSE,卖出,175.23000000000002,100.0,22.7,17523.0,SignalRankStrategy
2022-04-07,603583.SSE,卖出,82.95559999999998,200.0,21.76,16591.12,SignalRankStrategy
2022-04-07,603960.SSE,卖出,59.81052720000002,200.0,17.08,11962.11,SignalRankStrategy
2022-04-07,688198.SSE,卖出,149.39,100.0,20.09,14939.0,SignalRankStrategy
2022-04-07,688266.SSE,卖出,36.39000000000001,500.0,23.38,18195.0,SignalRankStrategy
2022-04-07,688318.SSE,卖出,131.68,100.0,18.3,13168.0,SignalRankStrategy
2022-04-07,688339.SSE,卖出,157.29000000000002,100.0,20.89,15729.0,SignalRankStrategy
2022-04-07,688388.SSE,卖出,90.03,100.0,14.09,9003.0,SignalRankStrategy
2022-04-07,688788.SSE,卖出,76.53999999999999,200.0,20.46,15308.0,SignalRankStrategy
2022-04-25,300685.SZSE,卖出,124.96100000000003,70.0,13.83,8747.27,__RISK_DRAWDOWN__
2022-04-25,300151.SZSE,卖出,124.615165,70.0,13.81,8723.06,__RISK_DRAWDOWN__
2022-04-25,605376.SSE,卖出,41.67000000000001,210.0,13.84,8750.7,__RISK_DRAWDOWN__
2022-04-25,002803.SZSE,卖出,33.762232,280.0,14.55,9453.42,__RISK_DRAWDOWN__
2022-04-25,600933.SSE,卖出,11.23,840.0,14.53,9433.2,__RISK_DRAWDOWN__
2022-04-25,002036.SZSE,卖出,81.37057520709506,70.0,10.75,5695.94,__RISK_DRAWDOWN__
2022-04-25,603997.SSE,卖出,12.888000000000002,700.0,14.11,9021.6,__RISK_DRAWDOWN__
2022-04-25,002585.SZSE,卖出,48.6226,140.0,11.88,6807.16,__RISK_DRAWDOWN__
2022-04-25,688408.SSE,卖出,55.650000000000006,70.0,8.93,3895.5,__RISK_DRAWDOWN__
2022-04-25,300842.SZSE,卖出,36.470000000000006,210.0,12.74,7658.7,__RISK_DRAWDOWN__
2022-04-25,603005.SSE,卖出,53.96820000000002,140.0,12.63,7555.55,__RISK_DRAWDOWN__
2022-04-25,688033.SSE,卖出,15.765,560.0,13.92,8828.4,__RISK_DRAWDOWN__
2022-05-10,002036.SZSE,卖出,77.47865561709503,30.0,7.35,2324.36,SignalRankStrategy
2022-05-10,002585.SZSE,卖出,46.696,60.0,7.83,2801.76,SignalRankStrategy
2022-05-10,300685.SZSE,卖出,133.97900000000004,30.0,9.06,4019.37,SignalRankStrategy
2022-05-10,300842.SZSE,卖出,35.01,90.0,8.18,3150.9,SignalRankStrategy
2022-05-10,600933.SSE,卖出,11.720000000000002,360.0,9.26,4219.2,SignalRankStrategy
2022-05-10,603005.SSE,卖出,46.67700000000001,60.0,7.83,2800.62,SignalRankStrategy
2022-05-10,603997.SSE,卖出,12.828000000000001,300.0,8.89,3848.4,SignalRankStrategy
2022-05-10,605376.SSE,卖出,40.800000000000004,90.0,8.71,3672.0,SignalRankStrategy
2022-05-10,688033.SSE,卖出,15.925,240.0,8.86,3822.0,SignalRankStrategy
2022-05-10,688408.SSE,卖出,54.92,30.0,6.66,1647.6,SignalRankStrategy
2022-07-06,002803.SZSE,卖出,38.299532,120.0,9.64,4595.94,SignalRankStrategy
2022-07-06,300151.SZSE,卖出,153.19016500000004,30.0,9.64,4595.7,SignalRankStrategy
2022-11-03,002585.SZSE,买入,43.234599999999986,400.0,5.17,17293.84,SignalRankStrategy
2022-11-03,603363.SSE,买入,17.746000000000006,1000.0,5.18,17746.0,SignalRankStrategy
2022-11-03,002171.SZSE,买入,39.099672,400.0,5.16,15639.87,SignalRankStrategy
2022-11-03,300755.SZSE,买入,42.726,400.0,5.17,17090.4,SignalRankStrategy
2022-11-03,002645.SZSE,买入,79.86144000000002,200.0,5.16,15972.29,SignalRankStrategy
2022-11-03,300409.SZSE,买入,82.7009838,200.0,5.17,16540.2,SignalRankStrategy
2022-11-03,300068.SZSE,买入,47.68974800000001,300.0,5.14,14306.92,SignalRankStrategy
2022-11-03,002891.SZSE,买入,54.3634949,300.0,5.16,16309.05,SignalRankStrategy
2022-11-03,002967.SZSE,买入,29.010000000000005,600.0,5.17,17406.0,SignalRankStrategy
2022-11-03,000065.SZSE,买入,144.01214229955713,100.0,5.14,14401.21,SignalRankStrategy
2022-11-03,600550.SSE,买入,26.720712,600.0,5.16,16032.43,SignalRankStrategy
2022-11-03,300457.SZSE,买入,117.92979625000002,100.0,5.12,11792.98,SignalRankStrategy
2022-11-03,600172.SSE,买入,51.72184000000002,300.0,5.16,15516.55,SignalRankStrategy
2022-11-03,603995.SSE,买入,38.286,400.0,5.15,15314.4,SignalRankStrategy
2022-11-03,603008.SSE,买入,38.725,400.0,5.15,15490.0,SignalRankStrategy
2022-11-03,688680.SSE,买入,158.25,100.0,5.16,15825.0,SignalRankStrategy
2022-11-03,002531.SZSE,买入,93.8085432,100.0,5.09,9380.85,SignalRankStrategy
2022-11-03,002641.SZSE,买入,28.329743999999998,600.0,5.17,16997.85,SignalRankStrategy
2022-11-03,600063.SSE,买入,79.946081549376,200.0,5.16,15989.22,SignalRankStrategy
2022-11-03,603055.SSE,买入,12.904000000000002,1300.0,5.17,16775.2,SignalRankStrategy
2022-11-03,600428.SSE,买入,41.422751999999996,400.0,5.17,16569.1,SignalRankStrategy
2022-11-03,000601.SZSE,买入,85.66697454190718,200.0,5.17,17133.39,SignalRankStrategy
2022-11-03,002612.SZSE,买入,45.39,300.0,5.14,13617.0,SignalRankStrategy
2022-11-03,002810.SZSE,买入,81.87144000000002,200.0,5.16,16374.29,SignalRankStrategy
2022-11-03,002838.SZSE,买入,91.10720000000002,100.0,5.09,9110.72,SignalRankStrategy
2022-11-03,002850.SZSE,买入,156.495,100.0,5.16,15649.5,SignalRankStrategy
2022-11-03,300035.SZSE,买入,160.35345000000007,100.0,5.16,16035.35,SignalRankStrategy
2022-11-03,300568.SZSE,买入,138.80402111383492,100.0,5.14,13880.4,SignalRankStrategy
2022-11-03,300638.SZSE,买入,137.57745,100.0,5.14,13757.74,SignalRankStrategy
2022-11-03,300735.SZSE,买入,19.3184,900.0,5.17,17386.56,SignalRankStrategy
2022-11-03,301069.SZSE,买入,28.530000000000005,600.0,5.17,17118.0,SignalRankStrategy
2022-11-03,301078.SZSE,买入,10.47,1600.0,5.17,16752.0,SignalRankStrategy
2022-11-03,600338.SSE,买入,40.0,400.0,5.16,16000.0,SignalRankStrategy
2022-11-03,600577.SSE,买入,98.6204,100.0,5.1,9862.04,SignalRankStrategy
2022-11-03,600916.SSE,买入,11.51,1500.0,5.17,17265.0,SignalRankStrategy
2022-11-03,605111.SSE,买入,169.31959999999998,100.0,5.17,16931.96,SignalRankStrategy
2022-11-03,688699.SSE,买入,80.80579999999999,200.0,5.16,16161.16,SignalRankStrategy
2022-11-03,000813.SZSE,买入,12.349864,1400.0,5.17,17289.81,SignalRankStrategy
2022-11-03,000829.SZSE,买入,167.72564399874565,100.0,5.17,16772.56,SignalRankStrategy
2022-11-03,300740.SZSE,买入,30.3725,500.0,5.15,15186.25,SignalRankStrategy
2022-11-03,603489.SSE,买入,128.5,100.0,5.13,12850.0,SignalRankStrategy
2022-12-01,000065.SZSE,卖出,175.22319673315664,100.0,22.7,17522.32,SignalRankStrategy
2022-12-01,000601.SZSE,卖出,92.87070278258214,200.0,23.76,18574.14,SignalRankStrategy
2022-12-01,000813.SZSE,卖出,14.859872000000003,1400.0,26.21,20803.82,SignalRankStrategy
2022-12-01,000829.SZSE,卖出,183.7363552014337,100.0,23.56,18373.64,SignalRankStrategy
2022-12-01,002171.SZSE,卖出,40.375672,400.0,21.31,16150.27,SignalRankStrategy
2022-12-01,002531.SZSE,卖出,107.3245432,100.0,15.84,10732.45,SignalRankStrategy
2022-12-01,002585.SZSE,卖出,56.05860000000001,400.0,28.25,22423.44,SignalRankStrategy
2022-12-01,002612.SZSE,卖出,54.11000000000001,300.0,21.4,16233.0,SignalRankStrategy
2022-12-01,002641.SZSE,卖出,30.331503999999992,600.0,23.38,18198.9,SignalRankStrategy
2022-12-01,002645.SZSE,卖出,85.995406,200.0,22.37,17199.08,SignalRankStrategy
2022-12-01,002838.SZSE,卖出,101.69519999999999,100.0,15.27,10169.52,SignalRankStrategy
2022-12-01,002850.SZSE,卖出,150.50500000000005,100.0,20.2,15050.5,SignalRankStrategy
2022-12-01,002891.SZSE,卖出,56.89349490000001,300.0,22.24,17068.05,SignalRankStrategy
2022-12-01,002967.SZSE,卖出,29.15,600.0,22.66,17490.0,SignalRankStrategy
2022-12-01,300035.SZSE,卖出,160.63765000000006,100.0,21.22,16063.77,SignalRankStrategy
2022-12-01,300068.SZSE,卖出,53.06974800000001,300.0,21.08,15920.92,SignalRankStrategy
2022-12-01,300409.SZSE,卖出,92.7249838,200.0,23.73,18545.0,SignalRankStrategy
2022-12-01,300457.SZSE,卖出,116.39104625,100.0,16.76,11639.1,SignalRankStrategy
2022-12-01,300568.SZSE,卖出,160.7440324993805,100.0,21.24,16074.4,SignalRankStrategy
2022-12-01,300638.SZSE,卖出,142.10155,100.0,19.35,14210.16,SignalRankStrategy
2022-12-01,300735.SZSE,卖出,19.261999999999997,900.0,22.51,17335.8,SignalRankStrategy
2022-12-01,300740.SZSE,卖出,32.3925,500.0,21.36,16196.25,SignalRankStrategy
2022-12-01,300755.SZSE,卖出,57.897999999999996,400.0,29.18,23159.2,SignalRankStrategy
2022-12-01,301069.SZSE,卖出,29.24,600.0,22.72,17544.0,SignalRankStrategy
2022-12-01,301078.SZSE,卖出,12.15,1600.0,24.63,19440.0,SignalRankStrategy
2022-12-01,600063.SSE,卖出,86.82597718585596,200.0,22.54,17365.2,SignalRankStrategy
2022-12-01,600338.SSE,卖出,43.025000000000006,400.0,22.38,17210.0,SignalRankStrategy
2022-12-01,600428.SSE,卖出,43.74035999999998,400.0,22.67,17496.14,SignalRankStrategy
2022-12-01,600550.SSE,卖出,29.000295999999995,600.0,22.57,17400.18,SignalRankStrategy
2022-12-01,600577.SSE,卖出,103.26599999999999,100.0,15.43,10326.6,SignalRankStrategy
2022-12-01,600916.SSE,卖出,13.370000000000001,1500.0,25.27,20055.0,SignalRankStrategy
2022-12-01,603008.SSE,卖出,45.14,400.0,23.24,18056.0,SignalRankStrategy
2022-12-01,603055.SSE,卖出,14.102,1300.0,23.52,18332.6,SignalRankStrategy
2022-12-01,603489.SSE,卖出,118.03999999999999,100.0,16.92,11804.0,SignalRankStrategy
2022-12-01,603995.SSE,卖出,46.85,400.0,23.93,18740.0,SignalRankStrategy
2022-12-01,605111.SSE,卖出,178.02159999999998,100.0,22.98,17802.16,SignalRankStrategy
2022-12-01,688699.SSE,卖出,88.77779999999998,200.0,22.93,17755.56,SignalRankStrategy
2022-12-01,688408.SSE,买入,86.27000000000001,200.0,5.17,17254.0,SignalRankStrategy
2022-12-01,688017.SSE,买入,140.924,100.0,5.14,14092.4,SignalRankStrategy
2022-12-01,603728.SSE,买入,38.6876,400.0,5.15,15475.04,SignalRankStrategy
2022-12-01,688268.SSE,买入,80.91,200.0,5.16,16182.0,SignalRankStrategy
2022-12-01,601677.SSE,买入,23.88600000000001,700.0,5.17,16720.2,SignalRankStrategy
2022-12-01,000710.SZSE,买入,46.079992,400.0,5.18,18432.0,SignalRankStrategy
2022-12-01,002258.SZSE,买入,106.62565149999998,100.0,5.11,10662.57,SignalRankStrategy
2022-12-01,002301.SZSE,买入,35.49999999999999,500.0,5.18,17750.0,SignalRankStrategy
2022-12-01,002895.SZSE,买入,24.29,700.0,5.17,17003.0,SignalRankStrategy
2022-12-01,300319.SZSE,买入,63.59829695721,200.0,5.13,12719.66,SignalRankStrategy
2022-12-01,300377.SZSE,买入,94.10999999999999,200.0,5.19,18822.0,SignalRankStrategy
2022-12-01,300497.SZSE,买入,84.83399999999999,200.0,5.17,16966.8,SignalRankStrategy
2022-12-01,300709.SZSE,买入,57.341,300.0,5.17,17202.3,SignalRankStrategy
2022-12-01,300762.SZSE,买入,51.46708000000001,300.0,5.15,15440.12,SignalRankStrategy
2022-12-01,300770.SZSE,买入,67.15000000000002,200.0,5.13,13430.0,SignalRankStrategy
2022-12-01,600072.SSE,买入,61.28867424048003,300.0,5.18,18386.6,SignalRankStrategy
2022-12-01,600206.SSE,买入,57.325645000000016,300.0,5.17,17197.69,SignalRankStrategy
2022-12-01,600552.SSE,买入,82.04727500000001,200.0,5.16,16409.46,SignalRankStrategy
2022-12-01,603466.SSE,买入,52.47973999999999,300.0,5.16,15743.92,SignalRankStrategy
2022-12-01,605007.SSE,买入,17.610000000000003,1000.0,5.18,17610.0,SignalRankStrategy
2022-12-01,688133.SSE,买入,132.81947999999997,100.0,5.13,13281.95,SignalRankStrategy
2022-12-01,600586.SSE,买入,105.35685619999998,100.0,5.11,10535.69,SignalRankStrategy
2022-12-01,002738.SZSE,买入,164.86999999999995,100.0,5.16,16487.0,SignalRankStrategy
2022-12-01,300401.SZSE,买入,79.525,200.0,5.16,15905.0,SignalRankStrategy
2022-12-01,300510.SZSE,买入,32.56789421599999,500.0,5.16,16283.95,SignalRankStrategy
2022-12-01,600422.SSE,买入,154.539,100.0,5.15,15453.9,SignalRankStrategy
2022-12-01,601222.SSE,买入,43.55040000000001,400.0,5.17,17420.16,SignalRankStrategy
2022-12-01,603915.SSE,买入,29.754,600.0,5.18,17852.4,SignalRankStrategy
2022-12-01,002746.SZSE,买入,42.168749999999996,400.0,5.17,16867.5,SignalRankStrategy
2022-12-01,300476.SZSE,买入,69.08984249999999,200.0,5.14,13817.97,SignalRankStrategy
2022-12-01,300573.SZSE,买入,113.16000000000001,100.0,5.11,11316.0,SignalRankStrategy
2022-12-01,600562.SSE,买入,116.10570999999996,100.0,5.12,11610.57,SignalRankStrategy
2022-12-01,603128.SSE,买入,34.18,500.0,5.17,17090.0,SignalRankStrategy
2022-12-01,603359.SSE,买入,23.6044,800.0,5.19,18883.52,SignalRankStrategy
2022-12-01,688033.SSE,买入,21.985,800.0,5.18,17588.0,SignalRankStrategy
2022-12-01,002332.SZSE,买入,27.43875000000001,600.0,5.16,16463.25,SignalRankStrategy
2022-12-29,000710.SZSE,卖出,40.113296000000005,400.0,21.21,16045.32,SignalRankStrategy
2022-12-29,002258.SZSE,卖出,99.58879969999997,100.0,15.06,9958.88,SignalRankStrategy
2022-12-29,002301.SZSE,卖出,33.005,500.0,21.67,16502.5,SignalRankStrategy
2022-12-29,002332.SZSE,卖出,26.766250000000003,600.0,21.22,16059.75,SignalRankStrategy
2022-12-29,002738.SZSE,卖出,145.08899999999997,100.0,19.65,14508.9,SignalRankStrategy
2022-12-29,002746.SZSE,卖出,38.668000000000006,400.0,20.62,15467.2,SignalRankStrategy
2022-12-29,002810.SZSE,卖出,75.45400000000001,200.0,20.24,15090.8,SignalRankStrategy
2022-12-29,002895.SZSE,卖出,26.64,700.0,23.83,18648.0,SignalRankStrategy
2022-12-29,300319.SZSE,卖出,61.126411807210005,200.0,17.35,12225.28,SignalRankStrategy
2022-12-29,300377.SZSE,卖出,88.68999999999998,200.0,22.92,17738.0,SignalRankStrategy
2022-12-29,300401.SZSE,卖出,73.35499999999999,200.0,19.82,14671.0,SignalRankStrategy
2022-12-29,300476.SZSE,卖出,63.174842500000004,200.0,17.76,12634.97,SignalRankStrategy
2022-12-29,300497.SZSE,卖出,72.37239999999998,200.0,19.62,14474.48,SignalRankStrategy
2022-12-29,300510.SZSE,卖出,32.732767104000004,500.0,21.53,16366.38,SignalRankStrategy
2022-12-29,300573.SZSE,卖出,124.22,100.0,17.55,12422.0,SignalRankStrategy
2022-12-29,300709.SZSE,卖出,53.68932000000001,300.0,21.27,16106.8,SignalRankStrategy
2022-12-29,300762.SZSE,卖出,53.08548000000002,300.0,21.08,15925.64,SignalRankStrategy
2022-12-29,300770.SZSE,卖出,70.55000000000001,200.0,19.25,14110.0,SignalRankStrategy
2022-12-29,600072.SSE,卖出,55.14523943728004,300.0,21.71,16543.57,SignalRankStrategy
2022-12-29,600206.SSE,卖出,53.29614500000001,300.0,21.15,15988.84,SignalRankStrategy
2022-12-29,600422.SSE,卖出,128.8934,100.0,18.02,12889.34,SignalRankStrategy
2022-12-29,600552.SSE,卖出,73.28152500000002,200.0,19.8,14656.31,SignalRankStrategy
2022-12-29,600562.SSE,卖出,107.49323,100.0,15.86,10749.32,SignalRankStrategy
2022-12-29,600586.SSE,卖出,114.66971219999999,100.0,16.58,11466.97,SignalRankStrategy
2022-12-29,601222.SSE,卖出,41.05240000000002,400.0,21.59,16420.96,SignalRankStrategy
2022-12-29,601677.SSE,卖出,26.540000000000003,700.0,23.76,18578.0,SignalRankStrategy
2022-12-29,603128.SSE,卖出,31.040000000000003,500.0,20.68,15520.0,SignalRankStrategy
2022-12-29,603359.SSE,卖出,24.09399999999999,800.0,24.47,19275.2,SignalRankStrategy
2022-12-29,603363.SSE,卖出,17.115,1000.0,22.29,17115.0,SignalRankStrategy
2022-12-29,603466.SSE,卖出,55.218799999999995,300.0,21.73,16565.64,SignalRankStrategy
2022-12-29,603728.SSE,卖出,43.9326,400.0,22.75,17573.04,SignalRankStrategy
2022-12-29,603915.SSE,卖出,27.871999999999996,600.0,21.89,16723.2,SignalRankStrategy
2022-12-29,605007.SSE,卖出,18.790000000000003,1000.0,23.98,18790.0,SignalRankStrategy
2022-12-29,688033.SSE,卖出,21.964999999999996,800.0,22.75,17572.0,SignalRankStrategy
2022-12-29,688133.SSE,卖出,136.99948,100.0,18.84,13699.95,SignalRankStrategy
2022-12-29,688408.SSE,卖出,98.73,200.0,24.94,19746.0,SignalRankStrategy
2022-12-29,688680.SSE,卖出,188.16,100.0,24.0,18816.0,SignalRankStrategy
2022-12-29,600557.SSE,买入,140.78009637759988,100.0,5.14,14078.01,SignalRankStrategy
2022-12-29,603439.SSE,买入,13.99,1300.0,5.18,18187.0,SignalRankStrategy
2022-12-29,600246.SSE,买入,74.50840000000001,200.0,5.15,14901.68,SignalRankStrategy
2022-12-29,688037.SSE,买入,160.885,100.0,5.16,16088.5,SignalRankStrategy
2022-12-29,688298.SSE,买入,120.528,100.0,5.12,12052.8,SignalRankStrategy
2022-12-29,688520.SSE,买入,60.3,300.0,5.18,18090.0,SignalRankStrategy
2022-12-29,300942.SZSE,买入,17.734,1000.0,5.18,17734.0,SignalRankStrategy
2022-12-29,300039.SZSE,买入,89.383856,200.0,5.18,17876.77,SignalRankStrategy
2022-12-29,000032.SZSE,买入,70.47303916799999,200.0,5.14,14094.61,SignalRankStrategy
2022-12-29,300910.SZSE,买入,110.41,100.0,5.11,11041.0,SignalRankStrategy
2022-12-29,605199.SSE,买入,16.330000000000002,1100.0,5.18,17963.0,SignalRankStrategy
2022-12-29,300158.SZSE,买入,44.73392,400.0,5.18,17893.57,SignalRankStrategy
2022-12-29,301060.SZSE,买入,19.810000000000002,900.0,5.18,17829.0,SignalRankStrategy
2022-12-29,000951.SZSE,买入,64.0214176,200.0,5.13,12804.28,SignalRankStrategy
2022-12-29,002182.SZSE,买入,66.51,200.0,5.13,13302.0,SignalRankStrategy
2022-12-29,300035.SZSE,买入,162.17865000000006,100.0,5.16,16217.87,SignalRankStrategy
2022-12-29,600073.SSE,买入,25.140668800000007,700.0,5.18,17598.47,SignalRankStrategy
2022-12-29,603027.SSE,买入,117.84249599999998,100.0,5.12,11784.25,SignalRankStrategy
2022-12-29,600129.SSE,买入,91.39983400000004,200.0,5.18,18279.97,SignalRankStrategy
2022-12-29,002737.SZSE,买入,98.55999999999999,100.0,5.1,9856.0,SignalRankStrategy
2022-12-29,301078.SZSE,买入,12.879999999999999,1400.0,5.18,18032.0,SignalRankStrategy
2022-12-29,603595.SSE,买入,116.789626,100.0,5.12,11678.96,SignalRankStrategy
2022-12-29,300598.SZSE,买入,89.86740323,200.0,5.18,17973.48,SignalRankStrategy
2022-12-29,002314.SZSE,买入,9.675999999999998,1900.0,5.18,18384.4,SignalRankStrategy
2022-12-29,600882.SSE,买入,90.77462443228087,200.0,5.18,18154.92,SignalRankStrategy
2022-12-29,002733.SZSE,买入,41.51749999999999,400.0,5.17,16607.0,SignalRankStrategy
2022-12-29,600729.SSE,买入,79.96110880000003,200.0,5.16,15992.22,SignalRankStrategy
2022-12-29,600587.SSE,买入,128.44106372000005,100.0,5.13,12844.11,SignalRankStrategy
2022-12-29,000688.SZSE,买入,79.32962169600002,200.0,5.16,15865.92,SignalRankStrategy
2022-12-29,000902.SZSE,买入,39.38859999999999,400.0,5.16,15755.44,SignalRankStrategy
2022-12-29,000989.SZSE,买入,31.761511999999996,500.0,5.16,15880.76,SignalRankStrategy
2022-12-29,002017.SZSE,买入,79.01198516329585,200.0,5.16,15802.4,SignalRankStrategy
2022-12-29,002516.SZSE,买入,37.29125,400.0,5.15,14916.5,SignalRankStrategy
2022-12-29,002984.SZSE,买入,28.556000000000004,600.0,5.17,17133.6,SignalRankStrategy
2022-12-29,300083.SZSE,买入,70.97,200.0,5.14,14194.0,SignalRankStrategy
2022-12-29,300352.SZSE,买入,78.21499999999997,200.0,5.16,15643.0,SignalRankStrategy
2022-12-29,300369.SZSE,买入,81.575851299464,200.0,5.16,16315.17,SignalRankStrategy
2022-12-29,300398.SZSE,买入,95.11260000000004,100.0,5.1,9511.26,SignalRankStrategy
2022-12-29,300456.SZSE,买入,86.016,200.0,5.17,17203.2,SignalRankStrategy
2022-12-29,300458.SZSE,买入,81.25999208800002,200.0,5.16,16252.0,SignalRankStrategy
2022-12-29,300747.SZSE,买入,105.27375,100.0,5.11,10527.38,SignalRankStrategy
2022-12-29,300765.SZSE,买入,43.35750000000001,400.0,5.17,17343.0,SignalRankStrategy
2022-12-29,300846.SZSE,买入,9.770000000000001,1900.0,5.19,18563.0,SignalRankStrategy
2023-02-03,000032.SZSE,卖出,95.20989471999998,200.0,24.23,19041.98,SignalRankStrategy
2023-02-03,000688.SZSE,卖出,86.541794176,200.0,22.48,17308.36,SignalRankStrategy
2023-02-03,000902.SZSE,卖出,42.09019999999999,400.0,22.0,16836.08,SignalRankStrategy
2023-02-03,000989.SZSE,卖出,33.16236000000001,500.0,21.75,16581.18,SignalRankStrategy
2023-02-03,002017.SZSE,卖出,93.23049397396201,200.0,23.83,18646.1,SignalRankStrategy
2023-02-03,002182.SZSE,卖出,71.46999999999998,200.0,19.44,14294.0,SignalRankStrategy
2023-02-03,002314.SZSE,卖出,9.515999999999998,1900.0,23.26,18080.4,SignalRankStrategy
2023-02-03,002516.SZSE,卖出,41.52125000000001,400.0,21.77,16608.5,SignalRankStrategy
2023-02-03,002733.SZSE,卖出,44.760000000000005,400.0,23.08,17904.0,SignalRankStrategy
2023-02-03,002737.SZSE,卖出,120.17999999999998,100.0,17.14,12018.0,SignalRankStrategy
2023-02-03,002984.SZSE,卖出,30.396,600.0,23.42,18237.6,SignalRankStrategy
2023-02-03,300035.SZSE,卖出,162.61495000000002,100.0,21.42,16261.5,SignalRankStrategy
2023-02-03,300083.SZSE,卖出,73.42999999999998,200.0,19.83,14686.0,SignalRankStrategy
2023-02-03,300158.SZSE,卖出,41.71392,400.0,21.85,16685.57,SignalRankStrategy
2023-02-03,300352.SZSE,卖出,91.68499999999997,200.0,23.52,18337.0,SignalRankStrategy
2023-02-03,300369.SZSE,卖出,105.475444659464,200.0,26.58,21095.09,SignalRankStrategy
2023-02-03,300398.SZSE,卖出,103.39180000000002,100.0,15.44,10339.18,SignalRankStrategy
2023-02-03,300456.SZSE,卖出,94.54599999999998,200.0,24.1,18909.2,SignalRankStrategy
2023-02-03,300458.SZSE,卖出,93.002522975,200.0,23.79,18600.5,SignalRankStrategy
2023-02-03,300598.SZSE,卖出,110.86791274,200.0,27.94,22173.58,SignalRankStrategy
2023-02-03,300747.SZSE,卖出,118.19687500000002,100.0,16.94,11819.69,SignalRankStrategy
2023-02-03,300765.SZSE,卖出,47.59630000000001,400.0,24.23,19038.52,SignalRankStrategy
2023-02-03,300846.SZSE,卖出,11.160000000000002,1900.0,26.72,21204.0,SignalRankStrategy
2023-02-03,300910.SZSE,卖出,128.31,100.0,17.96,12831.0,SignalRankStrategy
2023-02-03,300942.SZSE,卖出,17.924,1000.0,23.1,17924.0,SignalRankStrategy
2023-02-03,301060.SZSE,卖出,21.71,900.0,24.73,19539.0,SignalRankStrategy
2023-02-03,301078.SZSE,卖出,13.11,1400.0,23.54,18354.0,SignalRankStrategy
2023-02-03,600073.SSE,卖出,26.51110400000001,700.0,23.74,18557.77,SignalRankStrategy
2023-02-03,600129.SSE,卖出,109.81739600000004,200.0,27.67,21963.48,SignalRankStrategy
2023-02-03,600172.SSE,卖出,58.73494400000002,300.0,22.8,17620.48,SignalRankStrategy
2023-02-03,600587.SSE,卖出,157.67996612000007,100.0,20.93,15768.0,SignalRankStrategy
2023-02-03,600729.SSE,卖出,85.8598288,200.0,22.34,17171.97,SignalRankStrategy
2023-02-03,600882.SSE,卖出,97.65028479148275,200.0,24.73,19530.06,SignalRankStrategy
2023-02-03,603027.SSE,卖出,132.78121599999997,100.0,18.41,13278.12,SignalRankStrategy
2023-02-03,603439.SSE,卖出,15.170000000000002,1300.0,24.92,19721.0,SignalRankStrategy
2023-02-03,603595.SSE,卖出,141.877226,100.0,19.33,14187.72,SignalRankStrategy
2023-02-03,605199.SSE,卖出,16.639999999999997,1100.0,23.49,18304.0,SignalRankStrategy
2023-02-03,688017.SSE,卖出,178.074,100.0,22.99,17807.4,SignalRankStrategy
2023-02-03,688037.SSE,卖出,199.615,100.0,25.16,19961.5,SignalRankStrategy
2023-02-03,688268.SSE,卖出,83.88999999999999,200.0,21.95,16778.0,SignalRankStrategy
2023-02-03,688520.SSE,卖出,72.99,300.0,27.59,21897.0,SignalRankStrategy
2023-02-03,688518.SSE,买入,37.529999999999994,500.0,5.19,18765.0,SignalRankStrategy
2023-02-03,300204.SZSE,买入,98.05472452044322,200.0,5.2,19610.94,SignalRankStrategy
2023-02-03,000712.SZSE,买入,174.43501599999996,100.0,5.17,17443.5,SignalRankStrategy
2023-02-03,300451.SZSE,买入,160.52146846000002,100.0,5.16,16052.15,SignalRankStrategy
2023-02-03,300687.SZSE,买入,149.40515999999997,100.0,5.15,14940.52,SignalRankStrategy
2023-02-03,600996.SSE,买入,14.213,1400.0,5.2,19898.2,SignalRankStrategy
2023-02-03,688023.SSE,买入,185.23799999999997,100.0,5.19,18523.8,SignalRankStrategy
2023-02-03,002158.SZSE,买入,92.39784719999999,200.0,5.18,18479.57,SignalRankStrategy
2023-02-03,002240.SZSE,买入,66.99000000000001,300.0,5.23,20097.0,SignalRankStrategy
2023-02-03,002950.SZSE,买入,21.175000000000004,900.0,5.19,19057.5,SignalRankStrategy
2023-02-03,300627.SZSE,买入,121.08639999999998,100.0,5.12,12108.64,SignalRankStrategy
2023-02-03,300775.SZSE,买入,38.623000000000005,500.0,5.19,19311.5,SignalRankStrategy
2023-02-03,300803.SZSE,买入,57.03999999999999,300.0,5.17,17112.0,SignalRankStrategy
2023-02-03,600562.SSE,买入,113.70487,100.0,5.11,11370.49,SignalRankStrategy
2023-02-03,603733.SSE,买入,32.51,600.0,5.2,19506.0,SignalRankStrategy
2023-02-03,002918.SZSE,买入,53.412,300.0,5.16,16023.6,SignalRankStrategy
2023-02-03,300332.SZSE,买入,25.188416,800.0,5.24,20150.73,SignalRankStrategy
2023-02-03,300423.SZSE,买入,33.07047780480001,600.0,5.2,19842.29,SignalRankStrategy
2023-02-03,300662.SZSE,买入,50.943,300.0,5.15,15282.9,SignalRankStrategy
2023-02-03,601567.SSE,买入,63.51000000000001,300.0,5.19,19053.0,SignalRankStrategy
2023-02-03,603008.SSE,买入,49.22499999999998,400.0,5.2,19690.0,SignalRankStrategy
2023-02-03,603609.SSE,买入,19.905,1000.0,5.2,19905.0,SignalRankStrategy
2023-02-03,688389.SSE,买入,23.086000000000006,800.0,5.18,18468.8,SignalRankStrategy
2023-02-03,002865.SZSE,买入,182.54000000000002,100.0,5.18,18254.0,SignalRankStrategy
2023-02-03,002839.SZSE,买入,6.566,3000.0,5.2,19698.0,SignalRankStrategy
2023-02-03,300593.SZSE,买入,121.469,100.0,5.12,12146.9,SignalRankStrategy
2023-02-03,000034.SZSE,买入,71.64647178775901,200.0,5.14,14329.29,SignalRankStrategy
2023-02-03,301177.SZSE,买入,62.64,300.0,5.19,18792.0,SignalRankStrategy
2023-02-03,688139.SSE,买入,72.6701,200.0,5.15,14534.02,SignalRankStrategy
2023-02-03,000035.SZSE,买入,27.794920000000005,700.0,5.19,19456.44,SignalRankStrategy
2023-02-03,603979.SSE,买入,46.232399999999984,400.0,5.18,18492.96,SignalRankStrategy
2023-02-03,688586.SSE,买入,25.988,700.0,5.18,18191.6,SignalRankStrategy
2023-02-03,600285.SSE,买入,94.12199999999997,200.0,5.19,18824.4,SignalRankStrategy
2023-02-03,601860.SSE,买入,3.07,6600.0,5.27,20262.0,SignalRankStrategy
2023-02-03,600416.SSE,买入,65.67700000000004,300.0,5.2,19703.1,SignalRankStrategy
2023-02-03,603915.SSE,买入,31.434,600.0,5.19,18860.4,SignalRankStrategy
2023-02-03,002453.SZSE,买入,45.622,400.0,5.18,18248.8,SignalRankStrategy
2023-03-03,000034.SZSE,卖出,77.976346846429,200.0,20.75,15595.27,SignalRankStrategy
2023-03-03,000035.SZSE,卖出,27.620479999999997,700.0,24.53,19334.34,SignalRankStrategy
2023-03-03,000712.SZSE,卖出,184.72517599999998,100.0,23.66,18472.52,SignalRankStrategy
2023-03-03,000951.SZSE,卖出,77.56900800000003,200.0,20.67,15513.8,SignalRankStrategy
2023-03-03,002158.SZSE,卖出,92.15693266,200.0,23.62,18431.39,SignalRankStrategy
2023-03-03,002240.SZSE,卖出,60.79400000000001,300.0,23.42,18238.2,SignalRankStrategy
2023-03-03,002453.SZSE,卖出,43.32200000000001,400.0,22.5,17328.8,SignalRankStrategy
2023-03-03,002839.SZSE,卖出,6.654000000000001,3000.0,25.16,19962.0,SignalRankStrategy
2023-03-03,002865.SZSE,卖出,182.62000000000003,100.0,23.44,18262.0,SignalRankStrategy
2023-03-03,002918.SZSE,卖出,62.34250000000001,300.0,23.89,18702.75,SignalRankStrategy
2023-03-03,002950.SZSE,卖出,22.01,900.0,25.01,19809.0,SignalRankStrategy
2023-03-03,300039.SZSE,卖出,96.56731199999999,200.0,24.51,19313.46,SignalRankStrategy
2023-03-03,300332.SZSE,卖出,24.568415999999996,800.0,24.85,19654.73,SignalRankStrategy
2023-03-03,300423.SZSE,卖出,46.29579127360001,600.0,35.0,27777.47,SignalRankStrategy
2023-03-03,300451.SZSE,卖出,169.10093979500002,100.0,22.08,16910.09,SignalRankStrategy
2023-03-03,300593.SZSE,卖出,118.12483999999995,100.0,16.93,11812.48,SignalRankStrategy
2023-03-03,300627.SZSE,卖出,128.55359999999996,100.0,17.98,12855.36,SignalRankStrategy
2023-03-03,300662.SZSE,卖出,49.67300000000001,300.0,20.05,14901.9,SignalRankStrategy
2023-03-03,300687.SZSE,卖出,147.91636,100.0,19.94,14791.64,SignalRankStrategy
2023-03-03,300775.SZSE,卖出,38.743,500.0,24.57,19371.5,SignalRankStrategy
2023-03-03,300803.SZSE,卖出,51.85,300.0,20.71,15555.0,SignalRankStrategy
2023-03-03,301177.SZSE,卖出,57.03,300.0,22.28,17109.0,SignalRankStrategy
2023-03-03,600285.SSE,卖出,104.9244999999999,200.0,26.44,20984.9,SignalRankStrategy
2023-03-03,600416.SSE,卖出,72.70742000000003,300.0,27.48,21812.23,SignalRankStrategy
2023-03-03,600557.SSE,卖出,205.19957198719996,100.0,25.86,20519.96,SignalRankStrategy
2023-03-03,600562.SSE,卖出,117.03340999999998,100.0,16.82,11703.34,SignalRankStrategy
2023-03-03,600996.SSE,卖出,15.263,1400.0,26.92,21368.2,SignalRankStrategy
2023-03-03,601567.SSE,卖出,59.777500000000025,300.0,23.11,17933.25,SignalRankStrategy
2023-03-03,601860.SSE,卖出,3.0700000000000003,6600.0,25.53,20262.0,SignalRankStrategy
2023-03-03,603008.SSE,卖出,55.654999999999994,400.0,28.05,22262.0,SignalRankStrategy
2023-03-03,603609.SSE,卖出,20.02,1000.0,25.23,20020.0,SignalRankStrategy
2023-03-03,603733.SSE,卖出,30.7,600.0,23.6,18420.0,SignalRankStrategy
2023-03-03,603915.SSE,卖出,34.676,600.0,26.22,20805.6,SignalRankStrategy
2023-03-03,603979.SSE,卖出,52.2496,400.0,26.33,20899.84,SignalRankStrategy
2023-03-03,688023.SSE,卖出,171.758,100.0,22.35,17175.8,SignalRankStrategy
2023-03-03,688139.SSE,卖出,71.93010000000001,200.0,19.53,14386.02,SignalRankStrategy
2023-03-03,688389.SSE,卖出,27.086000000000002,800.0,27.3,21668.8,SignalRankStrategy
2023-03-03,688518.SSE,卖出,33.239999999999995,500.0,21.79,16620.0,SignalRankStrategy
2023-03-03,688586.SSE,卖出,25.93999999999999,700.0,23.34,18158.0,SignalRankStrategy
2023-03-03,688789.SSE,买入,191.92,100.0,5.19,19192.0,SignalRankStrategy
2023-03-03,002239.SZSE,买入,26.46248000000001,700.0,5.19,18523.74,SignalRankStrategy
2023-03-03,002318.SZSE,买入,94.018745125,200.0,5.19,18803.75,SignalRankStrategy
2023-03-03,002697.SZSE,买入,41.47359999999999,400.0,5.17,16589.44,SignalRankStrategy
2023-03-03,300409.SZSE,买入,90.80098380000003,200.0,5.18,18160.2,SignalRankStrategy
2023-03-03,300428.SZSE,买入,112.97059999999998,100.0,5.11,11297.06,SignalRankStrategy
2023-03-03,600933.SSE,买入,25.43,800.0,5.29,20344.0,SignalRankStrategy
2023-03-03,603298.SSE,买入,30.883999999999997,600.0,5.19,18530.4,SignalRankStrategy
2023-03-03,603666.SSE,买入,117.24375999999997,100.0,5.12,11724.38,SignalRankStrategy
2023-03-03,603985.SSE,买入,119.12066800000002,100.0,5.12,11912.07,SignalRankStrategy
2023-03-03,603995.SSE,买入,49.494499999999995,400.0,5.2,19797.8,SignalRankStrategy
2023-03-03,002838.SZSE,买入,91.53920000000001,200.0,5.18,18307.84,SignalRankStrategy
2023-03-03,300080.SZSE,买入,15.983999999999998,1300.0,5.4,20779.2,SignalRankStrategy
2023-03-03,601137.SSE,买入,39.13999999999999,500.0,5.2,19570.0,SignalRankStrategy
2023-03-03,601208.SSE,买入,39.62200000000001,500.0,5.2,19811.0,SignalRankStrategy
2023-03-03,603308.SSE,买入,30.856799999999996,600.0,5.19,18514.08,SignalRankStrategy
2023-03-03,603567.SSE,买入,31.116,600.0,5.19,18669.6,SignalRankStrategy
2023-03-03,603713.SSE,买入,128.59999999999997,100.0,5.13,12860.0,SignalRankStrategy
2023-03-03,688100.SSE,买入,28.740000000000006,700.0,5.23,20118.0,SignalRankStrategy
2023-03-03,300709.SZSE,买入,45.22916000000001,400.0,5.18,18091.66,SignalRankStrategy
2023-03-03,000710.SZSE,买入,44.584624,400.0,5.18,17833.85,SignalRankStrategy
2023-03-03,002234.SZSE,买入,45.31,400.0,5.18,18124.0,SignalRankStrategy
2023-03-03,002959.SZSE,买入,98.57500000000002,200.0,5.2,19715.0,SignalRankStrategy
2023-03-03,300567.SZSE,买入,193.60999999999999,100.0,5.19,19361.0,SignalRankStrategy
2023-03-03,300856.SZSE,买入,84.61000000000001,200.0,5.17,16922.0,SignalRankStrategy
2023-03-03,600459.SSE,买入,114.86729205762607,100.0,5.11,11486.73,SignalRankStrategy
2023-03-03,603170.SSE,买入,29.0,700.0,5.28,20300.0,SignalRankStrategy
2023-03-03,603583.SSE,买入,85.30604,200.0,5.17,17061.21,SignalRankStrategy
2023-03-03,300666.SZSE,买入,78.332655,200.0,5.16,15666.53,SignalRankStrategy
2023-03-03,000657.SZSE,买入,73.5651748663381,200.0,5.15,14713.03,SignalRankStrategy
2023-03-03,000795.SZSE,买入,35.155519999999996,500.0,5.18,17577.76,SignalRankStrategy
2023-03-03,000818.SZSE,买入,61.82993852319998,300.0,5.19,18548.98,SignalRankStrategy
2023-03-03,000913.SZSE,买入,72.07748800000002,200.0,5.14,14415.5,SignalRankStrategy
2023-03-03,002006.SZSE,买入,201.8663,100.0,5.25,20186.63,SignalRankStrategy
2023-03-03,002085.SZSE,买入,46.49662729599999,400.0,5.19,18598.65,SignalRankStrategy
2023-03-03,002100.SZSE,买入,105.0733056,100.0,5.11,10507.33,SignalRankStrategy
2023-03-03,002126.SZSE,买入,78.7856,200.0,5.16,15757.12,SignalRankStrategy
2023-03-03,002216.SZSE,买入,160.21004800000003,100.0,5.16,16021.0,SignalRankStrategy
2023-03-03,002324.SZSE,买入,126.11520000000007,100.0,5.13,12611.52,SignalRankStrategy
2023-03-03,002436.SZSE,买入,141.06199999999998,100.0,5.14,14106.2,SignalRankStrategy
2023-03-31,000657.SZSE,卖出,63.5225439621977,200.0,17.83,12704.51,SignalRankStrategy
2023-03-31,000710.SZSE,卖出,48.18132800000001,400.0,24.47,19272.53,SignalRankStrategy
2023-03-31,000795.SZSE,卖出,32.323359999999994,500.0,21.32,16161.68,SignalRankStrategy
2023-03-31,000818.SZSE,卖出,64.40133909919997,300.0,24.51,19320.4,SignalRankStrategy
2023-03-31,000913.SZSE,卖出,67.746896,200.0,18.68,13549.38,SignalRankStrategy
2023-03-31,002006.SZSE,卖出,171.0096,100.0,22.27,17100.96,SignalRankStrategy
2023-03-31,002085.SZSE,卖出,44.61806729599999,400.0,23.03,17847.23,SignalRankStrategy
2023-03-31,002100.SZSE,卖出,104.02510960000002,100.0,15.51,10402.51,SignalRankStrategy
2023-03-31,002126.SZSE,卖出,76.7376,200.0,20.5,15347.52,SignalRankStrategy
2023-03-31,002216.SZSE,卖出,154.20604800000004,100.0,20.57,15420.6,SignalRankStrategy
2023-03-31,002234.SZSE,卖出,45.61000000000001,400.0,23.43,18244.0,SignalRankStrategy
2023-03-31,002318.SZSE,卖出,83.41999512500001,200.0,21.85,16684.0,SignalRankStrategy
2023-03-31,002324.SZSE,卖出,110.89456000000001,100.0,16.2,11089.46,SignalRankStrategy
2023-03-31,002436.SZSE,卖出,158.082,100.0,20.97,15808.2,SignalRankStrategy
2023-03-31,002697.SZSE,卖出,44.2416,400.0,22.87,17696.64,SignalRankStrategy
2023-03-31,002838.SZSE,卖出,84.7992,200.0,22.13,16959.84,SignalRankStrategy
2023-03-31,002959.SZSE,卖出,97.24199999999999,200.0,24.64,19448.4,SignalRankStrategy
2023-03-31,300080.SZSE,卖出,15.626,1300.0,25.6,20313.8,SignalRankStrategy
2023-03-31,300204.SZSE,卖出,83.1508820868432,200.0,21.8,16630.18,SignalRankStrategy
2023-03-31,300409.SZSE,卖出,85.8129838,200.0,22.33,17162.6,SignalRankStrategy
2023-03-31,300428.SZSE,卖出,99.63059999999997,100.0,15.06,9963.06,SignalRankStrategy
2023-03-31,300709.SZSE,卖出,48.017160000000004,400.0,24.4,19206.86,SignalRankStrategy
2023-03-31,300856.SZSE,卖出,80.165,200.0,21.19,16033.0,SignalRankStrategy
2023-03-31,600459.SSE,卖出,106.94286137113603,100.0,15.8,10694.29,SignalRankStrategy
2023-03-31,600933.SSE,卖出,25.36,800.0,25.56,20288.0,SignalRankStrategy
2023-03-31,601137.SSE,卖出,34.279999999999994,500.0,22.31,17140.0,SignalRankStrategy
2023-03-31,601208.SSE,卖出,35.702000000000005,500.0,23.03,17851.0,SignalRankStrategy
2023-03-31,603170.SSE,卖出,25.169999999999998,700.0,22.8,17619.0,SignalRankStrategy
2023-03-31,603298.SSE,卖出,29.281999999999996,600.0,22.74,17569.2,SignalRankStrategy
2023-03-31,603308.SSE,卖出,28.582799999999988,600.0,22.32,17149.68,SignalRankStrategy
2023-03-31,603567.SSE,卖出,32.03600000000001,600.0,24.41,19221.6,SignalRankStrategy
2023-03-31,603583.SSE,卖出,72.55387999999998,200.0,19.66,14510.78,SignalRankStrategy
2023-03-31,603666.SSE,卖出,107.94903999999998,100.0,15.9,10794.9,SignalRankStrategy
2023-03-31,603713.SSE,卖出,109.69999999999999,100.0,16.08,10970.0,SignalRankStrategy
2023-03-31,603985.SSE,卖出,100.23986239999999,100.0,15.12,10023.99,SignalRankStrategy
2023-03-31,603995.SSE,卖出,44.82,400.0,23.11,17928.0,SignalRankStrategy
2023-03-31,688100.SSE,卖出,30.790000000000003,700.0,27.16,21553.0,SignalRankStrategy
2023-03-31,688298.SSE,卖出,106.33999999999996,100.0,15.74,10634.0,SignalRankStrategy
2023-03-31,688789.SSE,卖出,176.93,100.0,22.87,17693.0,SignalRankStrategy
2023-03-31,301236.SZSE,买入,72.235,200.0,5.14,14447.0,SignalRankStrategy
2023-03-31,605369.SSE,买入,102.13399999999999,100.0,5.1,10213.4,SignalRankStrategy
2023-03-31,301031.SZSE,买入,134.38,100.0,5.13,13438.0,SignalRankStrategy
2023-03-31,603025.SSE,买入,37.603199999999994,500.0,5.19,18801.6,SignalRankStrategy
2023-03-31,301071.SZSE,买入,192.41,100.0,5.19,19241.0,SignalRankStrategy
2023-03-31,688700.SSE,买入,93.71000000000001,200.0,5.19,18742.0,SignalRankStrategy
2023-03-31,603595.SSE,买入,96.28802600000002,200.0,5.19,19257.61,SignalRankStrategy
2023-03-31,002865.SZSE,买入,145.69000000000003,100.0,5.15,14569.0,SignalRankStrategy
2023-03-31,300634.SZSE,买入,26.589999999999996,700.0,5.19,18613.0,SignalRankStrategy
2023-03-31,000615.SZSE,买入,76.10146020520003,200.0,5.15,15220.29,SignalRankStrategy
2023-03-31,001323.SZSE,买入,37.830000000000005,500.0,5.19,18915.0,SignalRankStrategy
2023-03-31,000761.SZSE,买入,9.274178799999996,2100.0,5.19,19475.78,SignalRankStrategy
2023-03-31,300457.SZSE,买入,108.36729625,100.0,5.11,10836.73,SignalRankStrategy
2023-03-31,600602.SSE,买入,74.45056852090342,200.0,5.15,14890.11,SignalRankStrategy
2023-03-31,603118.SSE,买入,25.506400000000006,700.0,5.18,17854.48,SignalRankStrategy
2023-03-31,688578.SSE,买入,23.910000000000004,800.0,5.19,19128.0,SignalRankStrategy
2023-03-31,001308.SZSE,买入,50.263999999999996,300.0,5.15,15079.2,SignalRankStrategy
2023-03-31,002918.SZSE,买入,50.862,300.0,5.15,15258.6,SignalRankStrategy
2023-03-31,300151.SZSE,买入,158.985165,100.0,5.16,15898.52,SignalRankStrategy
2023-03-31,300607.SZSE,买入,86.93319720000001,200.0,5.17,17386.64,SignalRankStrategy
2023-03-31,001270.SZSE,买入,117.01,100.0,5.12,11701.0,SignalRankStrategy
2023-03-31,600072.SSE,买入,67.93834172208007,200.0,5.14,13587.67,SignalRankStrategy
2023-03-31,002038.SZSE,买入,198.49987199999993,100.0,5.2,19849.99,SignalRankStrategy
2023-03-31,002274.SZSE,买入,25.682750000000006,700.0,5.18,17977.93,SignalRankStrategy
2023-03-31,002446.SZSE,买入,48.327549999999974,400.0,5.19,19331.02,SignalRankStrategy
2023-03-31,002662.SZSE,买入,17.866,1100.0,5.2,19652.6,SignalRankStrategy
2023-03-31,002984.SZSE,买入,31.726000000000003,600.0,5.19,19035.6,SignalRankStrategy
2023-03-31,300319.SZSE,买入,74.22313260721,200.0,5.15,14844.63,SignalRankStrategy
2023-03-31,300323.SZSE,买入,26.33375,700.0,5.18,18433.62,SignalRankStrategy
2023-03-31,300723.SZSE,买入,78.46200000000002,200.0,5.16,15692.4,SignalRankStrategy
2023-03-31,600073.SSE,买入,27.602897800000004,700.0,5.19,19322.03,SignalRankStrategy
2023-03-31,600688.SSE,买入,11.907499999999997,1600.0,5.19,19052.0,SignalRankStrategy
2023-03-31,601882.SSE,买入,29.827,600.0,5.18,17896.2,SignalRankStrategy
2023-03-31,605222.SSE,买入,22.970000000000002,800.0,5.18,18376.0,SignalRankStrategy
2023-03-31,000603.SZSE,买入,68.44800000000001,200.0,5.14,13689.6,SignalRankStrategy
2023-03-31,002367.SZSE,买入,62.9828396,300.0,5.19,18894.85,SignalRankStrategy
2023-03-31,688066.SSE,买入,100.83500000000001,100.0,5.1,10083.5,SignalRankStrategy
2023-03-31,300525.SZSE,买入,170.7855,100.0,5.17,17078.55,SignalRankStrategy
2023-03-31,002063.SZSE,买入,129.1122793829283,100.0,5.13,12911.23,SignalRankStrategy
2023-03-31,003032.SZSE,买入,17.58626,1100.0,5.19,19344.89,SignalRankStrategy
2023-03-31,002537.SZSE,买入,54.5615704,300.0,5.16,16368.47,SignalRankStrategy
2023-03-31,603197.SSE,买入,56.89800000000001,300.0,5.17,17069.4,SignalRankStrategy
2023-03-31,003021.SZSE,买入,138.3172902,100.0,5.14,13831.73,SignalRankStrategy
2023-03-31,600586.SSE,买入,111.45910819999999,100.0,5.11,11145.91,SignalRankStrategy
2023-05-04,000603.SZSE,卖出,78.954,200.0,20.95,15790.8,SignalRankStrategy
2023-05-04,000761.SZSE,卖出,9.481978799999997,2100.0,25.11,19912.16,SignalRankStrategy
2023-05-04,001270.SZSE,卖出,120.99,100.0,17.22,12099.0,SignalRankStrategy
2023-05-04,001308.SZSE,卖出,48.02230000000001,300.0,19.55,14406.69,SignalRankStrategy
2023-05-04,001323.SZSE,卖出,35.5,500.0,22.93,17750.0,SignalRankStrategy
2023-05-04,002038.SZSE,卖出,216.95564800000002,100.0,27.34,21695.56,SignalRankStrategy
2023-05-04,002063.SZSE,卖出,119.7887962171521,100.0,17.1,11978.88,SignalRankStrategy
2023-05-04,002239.SZSE,卖出,23.267279999999996,700.0,21.45,16287.1,SignalRankStrategy
2023-05-04,002274.SZSE,卖出,25.224,700.0,22.83,17656.8,SignalRankStrategy
2023-05-04,002367.SZSE,卖出,64.90683959999998,300.0,24.67,19472.05,SignalRankStrategy
2023-05-04,002446.SZSE,卖出,46.168269999999985,400.0,23.65,18467.31,SignalRankStrategy
2023-05-04,002537.SZSE,卖出,49.72357040000001,300.0,20.07,14917.07,SignalRankStrategy
2023-05-04,002662.SZSE,卖出,17.005999999999997,1100.0,23.89,18706.6,SignalRankStrategy
2023-05-04,002865.SZSE,卖出,138.12886000000003,100.0,18.95,13812.89,SignalRankStrategy
2023-05-04,002918.SZSE,卖出,46.91500000000001,300.0,19.22,14074.5,SignalRankStrategy
2023-05-04,002984.SZSE,卖出,29.326,600.0,22.77,17595.6,SignalRankStrategy
2023-05-04,003021.SZSE,卖出,112.8892902,100.0,16.4,11288.93,SignalRankStrategy
2023-05-04,003032.SZSE,卖出,14.356259999999999,1100.0,20.95,15791.89,SignalRankStrategy
2023-05-04,300151.SZSE,卖出,137.36516500000002,100.0,18.87,13736.52,SignalRankStrategy
2023-05-04,300319.SZSE,卖出,64.91568885720999,200.0,18.11,12983.14,SignalRankStrategy
2023-05-04,300323.SZSE,卖出,23.04,700.0,21.29,16128.0,SignalRankStrategy
2023-05-04,300457.SZSE,卖出,105.70354624999999,100.0,15.68,10570.35,SignalRankStrategy
2023-05-04,300525.SZSE,卖出,147.03088000000005,100.0,19.85,14703.09,SignalRankStrategy
2023-05-04,300567.SZSE,卖出,319.59,100.0,40.27,31959.0,SignalRankStrategy
2023-05-04,300634.SZSE,卖出,27.71999999999999,700.0,24.6,19404.0,SignalRankStrategy
2023-05-04,300666.SZSE,卖出,73.04265499999998,200.0,19.75,14608.53,SignalRankStrategy
2023-05-04,300723.SZSE,卖出,86.97400000000002,200.0,22.57,17394.8,SignalRankStrategy
2023-05-04,301031.SZSE,卖出,130.19,100.0,18.15,13019.0,SignalRankStrategy
2023-05-04,301236.SZSE,卖出,60.065000000000005,200.0,17.13,12013.0,SignalRankStrategy
2023-05-04,600072.SSE,卖出,99.44446309168003,200.0,25.09,19888.89,SignalRankStrategy
2023-05-04,600073.SSE,卖出,26.626973600000007,700.0,23.83,18638.88,SignalRankStrategy
2023-05-04,600246.SSE,卖出,61.56079999999999,200.0,17.44,12312.16,SignalRankStrategy
2023-05-04,600586.SSE,卖出,105.81546419999998,100.0,15.69,10581.55,SignalRankStrategy
2023-05-04,600602.SSE,卖出,67.8038089505802,200.0,18.7,13560.76,SignalRankStrategy
2023-05-04,600688.SSE,卖出,12.134999999999998,1600.0,24.61,19416.0,SignalRankStrategy
2023-05-04,601882.SSE,卖出,33.337,600.0,25.2,20002.2,SignalRankStrategy
2023-05-04,603025.SSE,卖出,34.314900000000016,500.0,22.33,17157.45,SignalRankStrategy
2023-05-04,603118.SSE,卖出,23.0444,700.0,21.29,16131.08,SignalRankStrategy
2023-05-04,603197.SSE,卖出,65.068,300.0,24.72,19520.4,SignalRankStrategy
2023-05-04,605222.SSE,卖出,20.97,800.0,21.94,16776.0,SignalRankStrategy
2023-05-04,688066.SSE,卖出,97.615,100.0,14.86,9761.5,SignalRankStrategy
2023-05-04,688700.SSE,卖出,84.67999999999999,200.0,22.11,16936.0,SignalRankStrategy
2023-06-01,300607.SZSE,卖出,71.51671720000003,200.0,19.45,14303.34,SignalRankStrategy
2023-06-01,603595.SSE,卖出,80.1303464,200.0,21.19,16026.07,SignalRankStrategy
2023-06-01,605369.SSE,卖出,80.02199999999999,100.0,13.08,8002.2,SignalRankStrategy
2023-06-01,688578.SSE,卖出,27.929999999999996,800.0,28.15,22344.0,SignalRankStrategy
2023-07-03,000615.SZSE,卖出,42.351764205200006,200.0,13.56,8470.35,SignalRankStrategy
2023-07-03,301071.SZSE,卖出,162.326,100.0,21.39,16232.6,SignalRankStrategy
2023-10-31,300887.SZSE,买入,84.63408,200.0,5.17,16926.82,SignalRankStrategy
2023-10-31,000928.SZSE,买入,14.546913854,1300.0,5.19,18910.99,SignalRankStrategy
2023-10-31,301316.SZSE,买入,25.53,700.0,5.18,17871.0,SignalRankStrategy
2023-10-31,603129.SSE,买入,105.28764000000001,100.0,5.11,10528.76,SignalRankStrategy
2023-10-31,688133.SSE,买入,72.35947999999999,200.0,5.14,14471.9,SignalRankStrategy
2023-10-31,000736.SZSE,买入,51.01403685800855,300.0,5.15,15304.21,SignalRankStrategy
2023-10-31,002605.SZSE,买入,102.15698800000001,100.0,5.1,10215.7,SignalRankStrategy
2023-10-31,688261.SSE,买入,118.24,100.0,5.12,11824.0,SignalRankStrategy
2023-10-31,600633.SSE,买入,102.16680000000002,100.0,5.1,10216.68,SignalRankStrategy
2023-10-31,002777.SZSE,买入,121.86740000000002,100.0,5.12,12186.74,SignalRankStrategy
2023-10-31,600610.SSE,买入,54.64057600000001,300.0,5.16,16392.17,SignalRankStrategy
2023-10-31,300737.SZSE,买入,12.662,1500.0,5.19,18993.0,SignalRankStrategy
2023-10-31,688337.SSE,买入,62.79599999999999,300.0,5.19,18838.8,SignalRankStrategy
2023-10-31,301367.SZSE,买入,108.01,100.0,5.11,10801.0,SignalRankStrategy
2023-10-31,300457.SZSE,买入,118.49229625,100.0,5.12,11849.23,SignalRankStrategy
2023-10-31,603305.SSE,买入,36.32679999999999,500.0,5.18,18163.4,SignalRankStrategy
2023-10-31,301267.SZSE,买入,61.98500000000001,300.0,5.19,18595.5,SignalRankStrategy
2023-10-31,601567.SSE,买入,71.31000000000002,200.0,5.14,14262.0,SignalRankStrategy
2023-10-31,601918.SSE,买入,7.9239999999999995,2400.0,5.19,19017.6,SignalRankStrategy
2023-10-31,300085.SZSE,买入,129.37400000000002,100.0,5.13,12937.4,SignalRankStrategy
2023-10-31,600449.SSE,买入,65.07486000000003,200.0,5.13,13014.97,SignalRankStrategy
2023-10-31,000560.SZSE,买入,14.315892583220995,1300.0,5.19,18610.66,SignalRankStrategy
2023-10-31,600477.SSE,买入,111.40680699002885,100.0,5.11,11140.68,SignalRankStrategy
2023-10-31,600496.SSE,买入,33.571412,500.0,5.17,16785.71,SignalRankStrategy
2023-10-31,600933.SSE,买入,23.220000000000002,800.0,5.19,18576.0,SignalRankStrategy
2023-10-31,600971.SSE,买入,65.04978157999999,200.0,5.13,13009.96,SignalRankStrategy
2023-10-31,600997.SSE,买入,30.098017999999993,600.0,5.18,18058.81,SignalRankStrategy
2023-10-31,601101.SSE,买入,24.793226239999996,700.0,5.17,17355.26,SignalRankStrategy
2023-10-31,603416.SSE,买入,52.328799999999994,300.0,5.16,15698.64,SignalRankStrategy
2023-10-31,603713.SSE,买入,67.63,200.0,5.14,13526.0,SignalRankStrategy
2023-10-31,688023.SSE,买入,122.58800000000001,100.0,5.12,12258.8,SignalRankStrategy
2023-10-31,600751.SSE,买入,11.790875080000001,1600.0,5.19,18865.4,SignalRankStrategy
2023-10-31,002291.SZSE,买入,14.849400000000001,1300.0,5.19,19304.22,SignalRankStrategy
2023-10-31,000913.SZSE,买入,38.69099199999999,400.0,5.15,15476.4,SignalRankStrategy
2023-10-31,002517.SZSE,买入,66.91000000000001,200.0,5.13,13382.0,SignalRankStrategy
2023-10-31,300820.SZSE,买入,176.83125,100.0,5.18,17683.12,SignalRankStrategy
2023-10-31,300134.SZSE,买入,51.78079999999999,300.0,5.16,15534.24,SignalRankStrategy
2023-10-31,600657.SSE,买入,70.56058047999997,200.0,5.14,14112.12,SignalRankStrategy
2023-10-31,002292.SZSE,买入,60.035599999999995,300.0,5.18,18010.68,SignalRankStrategy
2023-10-31,600252.SSE,买入,110.00550681600001,100.0,5.11,11000.55,SignalRankStrategy
2023-11-28,000560.SZSE,卖出,14.737809993700997,1300.0,24.35,19159.15,SignalRankStrategy
2023-11-28,000736.SZSE,卖出,52.75523721694208,300.0,20.98,15826.57,SignalRankStrategy
2023-11-28,000913.SZSE,卖出,41.74606399999999,400.0,21.87,16698.43,SignalRankStrategy
2023-11-28,000928.SZSE,卖出,14.257273854000003,1300.0,23.72,18534.46,SignalRankStrategy
2023-11-28,002291.SZSE,卖出,17.432,1300.0,28.55,22661.6,SignalRankStrategy
2023-11-28,002292.SZSE,卖出,61.78200000000001,300.0,23.72,18534.6,SignalRankStrategy
2023-11-28,002517.SZSE,卖出,73.07,200.0,19.76,14614.0,SignalRankStrategy
2023-11-28,002605.SZSE,卖出,105.53698800000001,100.0,15.66,10553.7,SignalRankStrategy
2023-11-28,002777.SZSE,卖出,132.87296000000003,100.0,18.42,13287.3,SignalRankStrategy
2023-11-28,300085.SZSE,卖出,145.16200000000003,100.0,19.66,14516.2,SignalRankStrategy
2023-11-28,300134.SZSE,卖出,49.843199999999996,300.0,20.1,14952.96,SignalRankStrategy
2023-11-28,300457.SZSE,卖出,109.52854624999999,100.0,16.06,10952.85,SignalRankStrategy
2023-11-28,300737.SZSE,卖出,12.660000000000002,1500.0,24.18,18990.0,SignalRankStrategy
2023-11-28,300820.SZSE,卖出,212.485,100.0,26.77,21248.5,SignalRankStrategy
2023-11-28,301267.SZSE,卖出,57.720000000000006,300.0,22.49,17316.0,SignalRankStrategy
2023-11-28,301367.SZSE,卖出,118.99,100.0,17.02,11899.0,SignalRankStrategy
2023-11-28,600252.SSE,卖出,113.464731136,100.0,16.46,11346.47,SignalRankStrategy
2023-11-28,600449.SSE,卖出,70.21722000000003,200.0,19.18,14043.44,SignalRankStrategy
2023-11-28,600477.SSE,卖出,110.03175981998079,100.0,16.11,11003.18,SignalRankStrategy
2023-11-28,600496.SSE,卖出,32.5468095,500.0,21.44,16273.4,SignalRankStrategy
2023-11-28,600633.SSE,卖出,113.314,100.0,16.44,11331.4,SignalRankStrategy
2023-11-28,600657.SSE,卖出,73.36416487999998,200.0,19.82,14672.83,SignalRankStrategy
2023-11-28,600751.SSE,卖出,10.51965056,1600.0,22.0,16831.44,SignalRankStrategy
2023-11-28,600933.SSE,卖出,23.93,800.0,24.34,19144.0,SignalRankStrategy
2023-11-28,600971.SSE,卖出,71.53237085999997,200.0,19.45,14306.47,SignalRankStrategy
2023-11-28,600997.SSE,卖出,32.43344799999999,600.0,24.65,19460.07,SignalRankStrategy
2023-11-28,601101.SSE,卖出,26.898333311999995,700.0,24.02,18828.83,SignalRankStrategy
2023-11-28,601567.SSE,卖出,78.86500000000002,200.0,20.93,15773.0,SignalRankStrategy
2023-11-28,601918.SSE,卖出,8.547999999999998,2400.0,25.85,20515.2,SignalRankStrategy
2023-11-28,603129.SSE,卖出,103.51764,100.0,15.46,10351.76,SignalRankStrategy
2023-11-28,603305.SSE,卖出,43.303999999999995,500.0,27.28,21652.0,SignalRankStrategy
2023-11-28,603416.SSE,卖出,56.270799999999994,300.0,22.05,16881.24,SignalRankStrategy
2023-11-28,603713.SSE,卖出,62.16,200.0,17.56,12432.0,SignalRankStrategy
2023-11-28,688023.SSE,卖出,131.01799999999997,100.0,18.23,13101.8,SignalRankStrategy
2023-11-28,688133.SSE,卖出,75.79747999999998,200.0,20.31,15159.5,SignalRankStrategy
2023-11-28,688261.SSE,卖出,126.94199999999998,100.0,17.82,12694.2,SignalRankStrategy
2023-11-28,688337.SSE,卖出,70.7828,300.0,26.76,21234.84,SignalRankStrategy
2023-11-28,000028.SZSE,买入,160.000252568,100.0,5.16,16000.03,SignalRankStrategy
2023-11-28,000058.SZSE,买入,20.17902030719196,900.0,5.18,18161.12,SignalRankStrategy
2023-11-28,000059.SZSE,买入,10.585719999999998,1800.0,5.19,19054.3,SignalRankStrategy
2023-11-28,000989.SZSE,买入,37.63865599999999,500.0,5.19,18819.33,SignalRankStrategy
2023-11-28,002123.SZSE,买入,114.364,100.0,5.11,11436.4,SignalRankStrategy
2023-11-28,002139.SZSE,买入,156.853409426,100.0,5.16,15685.34,SignalRankStrategy
2023-11-28,002191.SZSE,买入,42.88612640000001,400.0,5.17,17154.45,SignalRankStrategy
2023-11-28,002312.SZSE,买入,133.01968256200004,100.0,5.13,13301.97,SignalRankStrategy
2023-11-28,300002.SZSE,买入,132.6674350912,100.0,5.13,13266.74,SignalRankStrategy
2023-11-28,300075.SZSE,买入,156.0920265,100.0,5.16,15609.2,SignalRankStrategy
2023-11-28,300233.SZSE,买入,39.860032,500.0,5.2,19930.02,SignalRankStrategy
2023-11-28,300525.SZSE,买入,131.48332799999997,100.0,5.13,13148.33,SignalRankStrategy
2023-11-28,300767.SZSE,买入,58.78032864116639,300.0,5.18,17634.1,SignalRankStrategy
2023-11-28,300910.SZSE,买入,95.10999999999999,200.0,5.19,19022.0,SignalRankStrategy
2023-11-28,301078.SZSE,买入,8.83,2200.0,5.19,19426.0,SignalRankStrategy
2023-11-28,600510.SSE,买入,34.98487000000001,500.0,5.17,17492.44,SignalRankStrategy
2023-11-28,603229.SSE,买入,48.85759199999998,400.0,5.2,19543.04,SignalRankStrategy
2023-11-28,603881.SSE,买入,40.6922,400.0,5.16,16276.88,SignalRankStrategy
2023-11-28,688277.SSE,买入,14.35,1300.0,5.19,18655.0,SignalRankStrategy
2023-11-28,688298.SSE,买入,81.272,200.0,5.16,16254.4,SignalRankStrategy
2023-11-28,688388.SSE,买入,30.366,600.0,5.18,18219.6,SignalRankStrategy
2023-11-28,603985.SSE,买入,166.70329400000003,100.0,5.17,16670.33,SignalRankStrategy
2023-11-28,603888.SSE,买入,70.71250000000002,200.0,5.14,14142.5,SignalRankStrategy
2023-11-28,000718.SZSE,买入,30.475284927999994,600.0,5.18,18285.17,SignalRankStrategy
2023-11-28,000950.SZSE,买入,13.137031249999998,1500.0,5.2,19705.55,SignalRankStrategy
2023-11-28,002314.SZSE,买入,8.33,2400.0,5.2,19992.0,SignalRankStrategy
2023-11-28,002332.SZSE,买入,30.341250000000013,600.0,5.18,18204.75,SignalRankStrategy
2023-11-28,600266.SSE,买入,37.33316591999998,500.0,5.19,18666.58,SignalRankStrategy
2023-11-28,603439.SSE,买入,19.620000000000005,1000.0,5.2,19620.0,SignalRankStrategy
2023-11-28,000810.SZSE,买入,68.986,200.0,5.14,13797.2,SignalRankStrategy
2023-11-28,002006.SZSE,买入,117.52099999999999,100.0,5.12,11752.1,SignalRankStrategy
2023-11-28,002063.SZSE,买入,105.67828845232096,100.0,5.11,10567.83,SignalRankStrategy
2023-11-28,002182.SZSE,买入,62.91000000000001,300.0,5.19,18873.0,SignalRankStrategy
2023-11-28,002219.SZSE,买入,93.44735,200.0,5.19,18689.47,SignalRankStrategy
2023-11-28,002242.SZSE,买入,68.0035,200.0,5.14,13600.7,SignalRankStrategy
2023-11-28,002245.SZSE,买入,125.68999999999997,100.0,5.13,12569.0,SignalRankStrategy
2023-11-28,002396.SZSE,买入,60.96000000000002,300.0,5.18,18288.0,SignalRankStrategy
2023-11-28,002405.SZSE,买入,40.252864,400.0,5.16,16101.15,SignalRankStrategy
2023-11-28,002484.SZSE,买入,77.625176,200.0,5.16,15525.04,SignalRankStrategy
2023-11-28,300170.SZSE,买入,59.39660779699998,300.0,5.18,17818.98,SignalRankStrategy
2023-11-28,300327.SZSE,买入,73.86542323083151,200.0,5.15,14773.08,SignalRankStrategy
2023-11-28,300358.SZSE,买入,63.21896,300.0,5.19,18965.69,SignalRankStrategy
2023-12-26,000028.SZSE,卖出,151.67853114000005,100.0,20.32,15167.85,SignalRankStrategy
2023-12-26,000058.SZSE,卖出,18.211655625174565,900.0,21.55,16390.49,SignalRankStrategy
2023-12-26,000059.SZSE,卖出,10.01372,1800.0,23.2,18024.7,SignalRankStrategy
2023-12-26,000718.SZSE,卖出,28.291327807999995,600.0,22.14,16974.8,SignalRankStrategy
2023-12-26,000810.SZSE,卖出,78.40088,200.0,20.84,15680.18,SignalRankStrategy
2023-12-26,000950.SZSE,卖出,12.254531249999998,1500.0,23.57,18381.8,SignalRankStrategy
2023-12-26,000989.SZSE,卖出,36.197807999999995,500.0,23.28,18098.9,SignalRankStrategy
2023-12-26,002006.SZSE,卖出,106.8576,100.0,15.79,10685.76,SignalRankStrategy
2023-12-26,002063.SZSE,卖出,102.9076934293958,100.0,15.39,10290.77,SignalRankStrategy
2023-12-26,002123.SZSE,卖出,100.808,100.0,15.18,10080.8,SignalRankStrategy
2023-12-26,002139.SZSE,卖出,144.74496942600007,100.0,19.62,14474.5,SignalRankStrategy
2023-12-26,002182.SZSE,卖出,58.48,300.0,22.72,17544.0,SignalRankStrategy
2023-12-26,002219.SZSE,卖出,85.25659999999999,200.0,22.22,17051.32,SignalRankStrategy
2023-12-26,002242.SZSE,卖出,65.50399999999999,200.0,18.23,13100.8,SignalRankStrategy
2023-12-26,002245.SZSE,卖出,114.05399999999993,100.0,16.52,11405.4,SignalRankStrategy
2023-12-26,002312.SZSE,卖出,122.358650678,100.0,17.36,12235.87,SignalRankStrategy
2023-12-26,002314.SZSE,卖出,7.749999999999999,2400.0,23.79,18600.0,SignalRankStrategy
2023-12-26,002332.SZSE,卖出,31.896250000000006,600.0,24.33,19137.75,SignalRankStrategy
2023-12-26,002396.SZSE,卖出,56.89000000000002,300.0,22.24,17067.0,SignalRankStrategy
2023-12-26,002405.SZSE,卖出,35.878304,400.0,19.49,14351.32,SignalRankStrategy
2023-12-26,002484.SZSE,卖出,71.28863199999998,200.0,19.4,14257.73,SignalRankStrategy
2023-12-26,300002.SZSE,卖出,131.3497070912,100.0,18.27,13134.97,SignalRankStrategy
2023-12-26,300075.SZSE,卖出,144.48902650000002,100.0,19.59,14448.9,SignalRankStrategy
2023-12-26,300170.SZSE,卖出,53.123549096999994,300.0,21.1,15937.06,SignalRankStrategy
2023-12-26,300233.SZSE,卖出,37.50003199999999,500.0,23.94,18750.02,SignalRankStrategy
2023-12-26,300327.SZSE,卖出,65.15995639389021,200.0,18.16,13031.99,SignalRankStrategy
2023-12-26,300358.SZSE,卖出,57.10616,300.0,22.3,17131.85,SignalRankStrategy
2023-12-26,300525.SZSE,卖出,130.401904,100.0,18.17,13040.19,SignalRankStrategy
2023-12-26,300767.SZSE,卖出,51.0494627931664,300.0,20.47,15314.84,SignalRankStrategy
2023-12-26,300910.SZSE,卖出,100.67599999999999,200.0,25.37,20135.2,SignalRankStrategy
2023-12-26,301078.SZSE,卖出,8.01,2200.0,22.8,17622.0,SignalRankStrategy
2023-12-26,301316.SZSE,卖出,22.809999999999995,700.0,21.13,15967.0,SignalRankStrategy
2023-12-26,600266.SSE,卖出,32.903240799999985,500.0,21.62,16451.62,SignalRankStrategy
2023-12-26,600510.SSE,卖出,33.59987,500.0,21.97,16799.94,SignalRankStrategy
2023-12-26,600610.SSE,卖出,58.08003200000002,300.0,22.6,17424.01,SignalRankStrategy
2023-12-26,603229.SSE,卖出,43.700824,400.0,22.66,17480.33,SignalRankStrategy
2023-12-26,603439.SSE,卖出,18.599999999999998,1000.0,23.79,18600.0,SignalRankStrategy
2023-12-26,603888.SSE,卖出,67.0675,200.0,18.55,13413.5,SignalRankStrategy
2023-12-26,688277.SSE,卖出,12.73,1300.0,21.71,16549.0,SignalRankStrategy
2023-12-26,688298.SSE,卖出,72.98639999999999,200.0,19.74,14597.28,SignalRankStrategy
2023-12-26,688388.SSE,卖出,29.058,600.0,22.61,17434.8,SignalRankStrategy
2024-01-24,002191.SZSE,卖出,38.01812640000001,400.0,20.36,15207.25,SignalRankStrategy
2024-01-24,300887.SZSE,卖出,60.72879999999999,200.0,17.27,12145.76,SignalRankStrategy
2024-01-24,603881.SSE,卖出,32.6166,400.0,18.18,13046.64,SignalRankStrategy
2024-03-28,603985.SSE,卖出,102.8235344,100.0,15.39,10282.35,SignalRankStrategy
2024-06-28,000688.SZSE,买入,39.552673055999996,400.0,5.16,15821.07,SignalRankStrategy
2024-06-28,600595.SSE,买入,8.872274399999998,2100.0,5.19,18631.78,SignalRankStrategy
2024-06-28,301291.SZSE,买入,29.14,600.0,5.17,17484.0,SignalRankStrategy
2024-06-28,688556.SSE,买入,41.79711999999999,400.0,5.17,16718.85,SignalRankStrategy
2024-06-28,603985.SSE,买入,54.27050079999998,300.0,5.16,16281.15,SignalRankStrategy
2024-06-28,301205.SZSE,买入,111.108,100.0,5.11,11110.8,SignalRankStrategy
2024-06-28,603063.SSE,买入,16.154,1100.0,5.18,17769.4,SignalRankStrategy
2024-06-28,002840.SZSE,买入,40.2205976,400.0,5.16,16088.24,SignalRankStrategy
2024-06-28,688639.SSE,买入,116.4495,100.0,5.12,11644.95,SignalRankStrategy
2024-06-28,000712.SZSE,买入,101.17223200000001,100.0,5.1,10117.22,SignalRankStrategy
2024-06-28,000737.SZSE,买入,42.343644000000005,400.0,5.17,16937.46,SignalRankStrategy
2024-06-28,600682.SSE,买入,65.50147430999998,200.0,5.13,13100.29,SignalRankStrategy
2024-06-28,605020.SSE,买入,27.137999999999998,600.0,5.16,16282.8,SignalRankStrategy
2024-06-28,300693.SZSE,买入,72.8395875625,200.0,5.15,14567.92,SignalRankStrategy
2024-06-28,000555.SZSE,买入,29.945567239999992,600.0,5.18,17967.34,SignalRankStrategy
2024-06-28,300475.SZSE,买入,65.53885346599999,200.0,5.13,13107.77,SignalRankStrategy
2024-06-28,000420.SZSE,买入,22.009156000000004,800.0,5.18,17607.32,SignalRankStrategy
2024-06-28,600110.SSE,买入,47.77856771946442,300.0,5.14,14333.57,SignalRankStrategy
2024-06-28,600490.SSE,买入,35.452187499999994,500.0,5.18,17726.09,SignalRankStrategy
2024-06-28,601011.SSE,买入,4.71,4000.0,5.19,18840.0,SignalRankStrategy
2024-06-28,688202.SSE,买入,54.41759999999999,300.0,5.16,16325.28,SignalRankStrategy
2024-06-28,688388.SSE,买入,15.581999999999999,1200.0,5.19,18698.4,SignalRankStrategy
2024-06-28,688598.SSE,买入,43.3216,400.0,5.17,17328.64,SignalRankStrategy
2024-06-28,002125.SZSE,买入,41.302864,400.0,5.17,16521.15,SignalRankStrategy
2024-06-28,600963.SSE,买入,14.498416249999996,1200.0,5.17,17398.1,SignalRankStrategy
2024-06-28,300737.SZSE,买入,8.18,2300.0,5.19,18814.0,SignalRankStrategy
2024-06-28,300887.SZSE,买入,48.92927999999999,300.0,5.15,14678.78,SignalRankStrategy
2024-06-28,688270.SSE,买入,51.2362,300.0,5.15,15370.86,SignalRankStrategy
2024-06-28,301239.SZSE,买入,36.34,500.0,5.18,18170.0,SignalRankStrategy
2024-06-28,301325.SZSE,买入,51.56999999999999,300.0,5.15,15471.0,SignalRankStrategy
2024-06-28,688066.SSE,买入,24.977000000000004,700.0,5.17,17483.9,SignalRankStrategy
2024-06-28,603566.SSE,买入,32.849999999999994,500.0,5.16,16425.0,SignalRankStrategy
2024-06-28,688167.SSE,买入,55.748610000000006,300.0,5.17,16724.58,SignalRankStrategy
2024-06-28,300133.SZSE,买入,162.34144,100.0,5.16,16234.14,SignalRankStrategy
2024-06-28,301155.SZSE,买入,39.800000000000004,400.0,5.16,15920.0,SignalRankStrategy
2024-06-28,603915.SSE,买入,15.669999999999996,1200.0,5.19,18804.0,SignalRankStrategy
2024-06-28,300393.SZSE,买入,36.2043023424,500.0,5.18,18102.15,SignalRankStrategy
2024-06-28,688031.SSE,买入,37.209999999999994,500.0,5.19,18605.0,SignalRankStrategy
2024-06-28,300068.SZSE,买入,21.961748000000007,800.0,5.18,17569.4,SignalRankStrategy
2024-06-28,002354.SZSE,买入,9.426259999999996,2000.0,5.19,18852.52,SignalRankStrategy
2024-06-28,300182.SZSE,买入,117.62849876048,100.0,5.12,11762.85,SignalRankStrategy
2024-06-28,300735.SZSE,买入,38.06439999999999,400.0,5.15,15225.76,SignalRankStrategy
2024-06-28,605168.SSE,买入,95.75369380030003,100.0,5.1,9575.37,SignalRankStrategy
2024-06-28,688023.SSE,买入,41.778,400.0,5.17,16711.2,SignalRankStrategy
2024-06-28,000801.SZSE,买入,144.81833023999997,100.0,5.14,14481.83,SignalRankStrategy
2024-06-28,002097.SZSE,买入,29.66318999999999,600.0,5.18,17797.91,SignalRankStrategy
2024-06-28,300343.SZSE,买入,66.45084307200001,200.0,5.13,13290.17,SignalRankStrategy
2024-06-28,301089.SZSE,买入,31.26,600.0,5.19,18756.0,SignalRankStrategy
2024-06-28,301238.SZSE,买入,15.29,1200.0,5.18,18348.0,SignalRankStrategy
2024-06-28,603713.SSE,买入,55.31999999999999,300.0,5.17,16596.0,SignalRankStrategy
2024-07-26,000712.SZSE,卖出,124.68365599999998,100.0,17.59,12468.37,SignalRankStrategy
2024-07-26,002097.SZSE,卖出,28.428189999999983,600.0,22.23,17056.91,SignalRankStrategy
2024-07-26,300068.SZSE,卖出,22.289748000000003,800.0,23.01,17831.8,SignalRankStrategy
2024-07-26,300182.SZSE,卖出,111.46741153547998,100.0,16.26,11146.74,SignalRankStrategy
2024-07-26,300343.SZSE,卖出,62.433226912,200.0,17.61,12486.65,SignalRankStrategy
2024-07-26,300393.SZSE,卖出,35.65863667264,500.0,23.01,17829.32,SignalRankStrategy
2024-07-26,300475.SZSE,卖出,61.0941937272,200.0,17.34,12218.84,SignalRankStrategy
2024-07-26,300693.SZSE,卖出,74.36874968749999,200.0,20.02,14873.75,SignalRankStrategy
2024-07-26,300735.SZSE,卖出,37.28,400.0,20.06,14912.0,SignalRankStrategy
2024-07-26,300737.SZSE,卖出,7.709999999999999,2300.0,22.91,17733.0,SignalRankStrategy
2024-07-26,300887.SZSE,卖出,45.40035999999999,300.0,18.76,13620.11,SignalRankStrategy
2024-07-26,301089.SZSE,卖出,31.96,600.0,24.37,19176.0,SignalRankStrategy
2024-07-26,301155.SZSE,卖出,43.61000000000001,400.0,22.62,17444.0,SignalRankStrategy
2024-07-26,301239.SZSE,卖出,34.910000000000004,500.0,22.63,17455.0,SignalRankStrategy
2024-07-26,301291.SZSE,卖出,35.26,600.0,26.66,21156.0,SignalRankStrategy
2024-07-26,600110.SSE,卖出,46.486873010044235,300.0,19.09,13946.06,SignalRankStrategy
2024-07-26,600682.SSE,卖出,64.14890592999998,200.0,17.96,12829.78,SignalRankStrategy
2024-07-26,600963.SSE,卖出,11.80906125,1200.0,19.31,14170.87,SignalRankStrategy
2024-07-26,601011.SSE,卖出,4.315,4000.0,22.43,17260.0,SignalRankStrategy
2024-07-26,603063.SSE,卖出,15.694,1100.0,22.44,17263.4,SignalRankStrategy
2024-07-26,603566.SSE,卖出,29.389999999999997,500.0,19.84,14695.0,SignalRankStrategy
2024-07-26,603713.SSE,卖出,54.260000000000005,300.0,21.44,16278.0,SignalRankStrategy
2024-07-26,605020.SSE,卖出,24.527999999999995,600.0,19.86,14716.8,SignalRankStrategy
2024-07-26,605168.SSE,卖出,84.98990446125,100.0,13.58,8498.99,SignalRankStrategy
2024-07-26,688031.SSE,卖出,30.619999999999997,500.0,20.46,15310.0,SignalRankStrategy
2024-07-26,688167.SSE,卖出,50.65861,300.0,20.35,15197.58,SignalRankStrategy
2024-07-26,688202.SSE,卖出,58.709599999999995,300.0,22.79,17612.88,SignalRankStrategy
2024-07-26,688388.SSE,卖出,14.827,1200.0,22.97,17792.4,SignalRankStrategy
2024-08-23,000420.SZSE,卖出,20.151319999999995,800.0,21.28,16121.06,SignalRankStrategy
2024-08-23,000555.SZSE,卖出,26.01396723999999,600.0,20.76,15608.38,SignalRankStrategy
2024-08-23,000688.SZSE,卖出,38.61014396800001,400.0,20.6,15444.06,SignalRankStrategy
2024-08-23,000737.SZSE,卖出,37.943164,400.0,20.33,15177.27,SignalRankStrategy
2024-08-23,000801.SZSE,卖出,130.22144063999997,100.0,18.15,13022.14,SignalRankStrategy
2024-08-23,002125.SZSE,卖出,34.770224000000006,400.0,19.05,13908.09,SignalRankStrategy
2024-08-23,002354.SZSE,卖出,9.070259999999998,2000.0,23.32,18140.52,SignalRankStrategy
2024-08-23,300133.SZSE,卖出,134.16944000000004,100.0,18.55,13416.94,SignalRankStrategy
2024-08-23,301205.SZSE,卖出,89.92,100.0,14.08,8992.0,SignalRankStrategy
2024-08-23,301238.SZSE,卖出,13.889999999999999,1200.0,21.83,16668.0,SignalRankStrategy
2024-08-23,600490.SSE,卖出,29.675562499999987,500.0,19.99,14837.78,SignalRankStrategy
2024-08-23,603915.SSE,卖出,12.499999999999998,1200.0,20.15,15000.0,SignalRankStrategy
2024-08-23,603985.SSE,卖出,43.743567999999996,300.0,18.25,13123.07,SignalRankStrategy
2024-08-23,688023.SSE,卖出,37.42300000000001,400.0,20.12,14969.2,SignalRankStrategy
2024-08-23,688066.SSE,卖出,18.096999999999998,700.0,17.79,12667.9,SignalRankStrategy
2024-09-24,301325.SZSE,卖出,36.67,300.0,16.11,11001.0,SignalRankStrategy
2024-09-24,600595.SSE,卖出,8.243265999999998,2100.0,22.48,17310.86,SignalRankStrategy
2024-09-24,688270.SSE,卖出,39.4758,300.0,16.96,11842.74,SignalRankStrategy
2024-09-24,688556.SSE,卖出,33.403999999999996,400.0,18.5,13361.6,SignalRankStrategy
2024-09-24,688598.SSE,卖出,34.20774,400.0,18.82,13683.1,SignalRankStrategy
2024-10-29,002840.SZSE,卖出,29.016597599999997,400.0,16.72,11606.64,SignalRankStrategy
2024-11-26,688639.SSE,卖出,79.40375,100.0,13.02,7940.38,SignalRankStrategy
2025-02-27,300783.SZSE,买入,28.889200000000002,600.0,5.17,17333.52,SignalRankStrategy
2025-02-27,000736.SZSE,买入,30.593632696320096,500.0,5.15,15296.82,SignalRankStrategy
2025-02-27,603398.SSE,买入,47.533640000000005,300.0,5.14,14260.09,SignalRankStrategy
2025-02-27,300705.SZSE,买入,69.77000000000001,200.0,5.14,13954.0,SignalRankStrategy
2025-02-27,600185.SSE,买入,40.38501759999999,400.0,5.16,16154.01,SignalRankStrategy
2025-02-27,300827.SZSE,买入,163.67019932999997,100.0,5.16,16367.02,SignalRankStrategy
2025-02-27,000620.SZSE,买入,6.882640000000003,2500.0,5.17,17206.6,SignalRankStrategy
2025-02-27,001270.SZSE,买入,60.164,200.0,5.12,12032.8,SignalRankStrategy
2025-02-27,002597.SZSE,买入,115.6332,100.0,5.12,11563.32,SignalRankStrategy
2025-02-27,002978.SZSE,买入,36.39,400.0,5.15,14556.0,SignalRankStrategy
2025-02-27,600363.SSE,买入,151.90021084999998,100.0,5.15,15190.02,SignalRankStrategy
2025-02-27,601702.SSE,买入,20.754,800.0,5.17,16603.2,SignalRankStrategy
2025-02-27,601921.SSE,买入,9.430000000000001,1800.0,5.17,16974.0,SignalRankStrategy
2025-02-27,603699.SSE,买入,29.55,500.0,5.15,14775.0,SignalRankStrategy
2025-02-27,002291.SZSE,买入,12.077799999999998,1400.0,5.17,16908.92,SignalRankStrategy
2025-02-27,600556.SSE,买入,23.67686318200001,700.0,5.17,16573.8,SignalRankStrategy
2025-02-27,000688.SZSE,买入,54.00562876799999,300.0,5.16,16201.69,SignalRankStrategy
2025-02-27,600759.SSE,买入,10.022164096,1700.0,5.17,17037.68,SignalRankStrategy
2025-02-27,601069.SSE,买入,13.359,1300.0,5.17,17366.7,SignalRankStrategy
2025-02-27,603801.SSE,买入,39.89551999999999,400.0,5.16,15958.21,SignalRankStrategy
2025-02-27,000029.SZSE,买入,31.6091216,500.0,5.16,15804.56,SignalRankStrategy
2025-02-27,600783.SSE,买入,91.14342550000005,100.0,5.09,9114.34,SignalRankStrategy
2025-02-27,603301.SSE,买入,52.51,300.0,5.16,15753.0,SignalRankStrategy
2025-02-27,603337.SSE,买入,73.75958000000001,200.0,5.15,14751.92,SignalRankStrategy
2025-02-27,603477.SSE,买入,18.216000000000005,900.0,5.16,16394.4,SignalRankStrategy
2025-02-27,603766.SSE,买入,30.496000000000002,500.0,5.15,15248.0,SignalRankStrategy
2025-02-27,688127.SSE,买入,30.359999999999996,500.0,5.15,15180.0,SignalRankStrategy
2025-02-27,688337.SSE,买入,59.408649999999994,200.0,5.12,11881.73,SignalRankStrategy
2025-02-27,688351.SSE,买入,19.390000000000004,800.0,5.16,15512.0,SignalRankStrategy
2025-02-27,002484.SZSE,买入,105.44392800000003,100.0,5.11,10544.39,SignalRankStrategy
2025-02-27,601801.SSE,买入,18.630000000000006,900.0,5.17,16767.0,SignalRankStrategy
2025-02-27,603719.SSE,买入,14.161,1200.0,5.17,16993.2,SignalRankStrategy
2025-02-27,000058.SZSE,买入,22.425979555673546,700.0,5.16,15698.19,SignalRankStrategy
2025-02-27,002127.SZSE,买入,46.950792704,300.0,5.14,14085.24,SignalRankStrategy
2025-02-27,002237.SZSE,买入,87.35998399999997,100.0,5.09,8736.0,SignalRankStrategy
2025-02-27,600151.SSE,买入,31.21858623999999,500.0,5.16,15609.29,SignalRankStrategy
2025-02-27,600751.SSE,买入,8.33511212,2000.0,5.17,16670.22,SignalRankStrategy
2025-02-27,300973.SZSE,买入,41.57000000000001,400.0,5.17,16628.0,SignalRankStrategy
2025-02-27,688270.SSE,买入,74.521,200.0,5.15,14904.2,SignalRankStrategy
2025-02-27,688300.SSE,买入,139.87999499999998,100.0,5.14,13988.0,SignalRankStrategy
2025-02-27,603033.SSE,买入,91.15819519999998,100.0,5.09,9115.82,SignalRankStrategy
2025-02-27,002541.SZSE,买入,75.713994,200.0,5.15,15142.8,SignalRankStrategy
2025-02-27,601900.SSE,买入,17.4695,900.0,5.16,15722.55,SignalRankStrategy
2025-03-27,000029.SZSE,卖出,31.491441599999998,500.0,20.9,15745.72,SignalRankStrategy
2025-03-27,000058.SZSE,卖出,23.304763255066185,700.0,21.48,16313.33,SignalRankStrategy
2025-03-27,000620.SZSE,卖出,6.575360000000003,2500.0,21.6,16438.4,SignalRankStrategy
2025-03-27,000688.SZSE,卖出,56.26347836800001,300.0,22.05,16879.04,SignalRankStrategy
2025-03-27,001270.SZSE,卖出,55.776,200.0,16.27,11155.2,SignalRankStrategy
2025-03-27,002127.SZSE,卖出,45.963112704,300.0,18.93,13788.93,SignalRankStrategy
2025-03-27,002237.SZSE,卖出,93.81998399999995,100.0,14.48,9382.0,SignalRankStrategy
2025-03-27,002291.SZSE,卖出,11.652199999999999,1400.0,21.48,16313.08,SignalRankStrategy
2025-03-27,002484.SZSE,卖出,94.39160799999999,100.0,14.53,9439.16,SignalRankStrategy
2025-03-27,002541.SZSE,卖出,77.21499399999999,200.0,20.6,15443.0,SignalRankStrategy
2025-03-27,002597.SZSE,卖出,126.97000000000001,100.0,17.82,12697.0,SignalRankStrategy
2025-03-27,002978.SZSE,卖出,37.77,400.0,20.26,15108.0,SignalRankStrategy
2025-03-27,300705.SZSE,卖出,70.5732,200.0,19.26,14114.64,SignalRankStrategy
2025-03-27,300783.SZSE,卖出,29.2492,600.0,22.73,17549.52,SignalRankStrategy
2025-03-27,300973.SZSE,卖出,44.300000000000004,400.0,22.9,17720.0,SignalRankStrategy
2025-03-27,600151.SSE,卖出,32.28364735999999,500.0,21.3,16141.82,SignalRankStrategy
2025-03-27,600185.SSE,卖出,41.6142656,400.0,21.81,16645.71,SignalRankStrategy
2025-03-27,600556.SSE,卖出,21.257193181999998,700.0,20.03,14880.04,SignalRankStrategy
2025-03-27,600751.SSE,卖出,10.698396920000002,2000.0,26.96,21396.79,SignalRankStrategy
2025-03-27,600759.SSE,卖出,11.458430336,1700.0,24.67,19479.33,SignalRankStrategy
2025-03-27,600783.SSE,卖出,92.65101650000003,100.0,14.36,9265.1,SignalRankStrategy
2025-03-27,601069.SSE,卖出,14.019,1300.0,23.41,18224.7,SignalRankStrategy
2025-03-27,601702.SSE,卖出,20.444,800.0,21.52,16355.2,SignalRankStrategy
2025-03-27,601801.SSE,卖出,18.190000000000005,900.0,21.53,16371.0,SignalRankStrategy
2025-03-27,601900.SSE,卖出,18.399499999999993,900.0,21.73,16559.55,SignalRankStrategy
2025-03-27,601921.SSE,卖出,8.870000000000001,1800.0,21.13,15966.0,SignalRankStrategy
2025-03-27,603033.SSE,卖出,77.24466463999997,100.0,12.8,7724.47,SignalRankStrategy
2025-03-27,603301.SSE,卖出,53.078,300.0,21.08,15923.4,SignalRankStrategy
2025-03-27,603337.SSE,卖出,74.55506,200.0,20.06,14911.01,SignalRankStrategy
2025-03-27,603477.SSE,卖出,20.766,900.0,23.88,18689.4,SignalRankStrategy
2025-03-27,603699.SSE,卖出,31.089999999999996,500.0,20.7,15545.0,SignalRankStrategy
2025-03-27,603719.SSE,卖出,14.111,1200.0,22.1,16933.2,SignalRankStrategy
2025-03-27,603766.SSE,卖出,31.476,500.0,20.9,15738.0,SignalRankStrategy
2025-03-27,603801.SSE,卖出,41.3024,400.0,21.69,16520.96,SignalRankStrategy
2025-03-27,688127.SSE,卖出,27.619999999999994,500.0,18.95,13810.0,SignalRankStrategy
2025-03-27,688270.SSE,卖出,75.08899999999998,200.0,20.17,15017.8,SignalRankStrategy
2025-03-27,688300.SSE,卖出,124.41241999999998,100.0,17.57,12441.24,SignalRankStrategy
2025-03-27,688337.SSE,卖出,52.417849999999994,200.0,15.59,10483.57,SignalRankStrategy
2025-03-27,688351.SSE,卖出,19.36,800.0,20.64,15488.0,SignalRankStrategy
2025-03-27,688327.SSE,买入,21.626,800.0,5.17,17300.8,SignalRankStrategy
2025-03-27,300570.SZSE,买入,151.23,100.0,5.15,15123.0,SignalRankStrategy
2025-03-27,603636.SSE,买入,66.676110668,200.0,5.13,13335.22,SignalRankStrategy
2025-03-27,688048.SSE,买入,71.45,200.0,5.14,14290.0,SignalRankStrategy
2025-03-27,688400.SSE,买入,29.705000000000002,500.0,5.15,14852.5,SignalRankStrategy
2025-03-27,300735.SZSE,买入,53.40699999999999,300.0,5.16,16022.1,SignalRankStrategy
2025-03-27,002123.SZSE,买入,109.79526160000003,100.0,5.11,10979.53,SignalRankStrategy
2025-03-27,603496.SSE,买入,82.49963420303999,200.0,5.16,16499.93,SignalRankStrategy
2025-03-27,002265.SZSE,买入,22.181000000000004,700.0,5.16,15526.7,SignalRankStrategy
2025-03-27,688141.SSE,买入,28.71,600.0,5.17,17226.0,SignalRankStrategy
2025-03-27,301536.SZSE,买入,64.7,200.0,5.13,12940.0,SignalRankStrategy
2025-03-27,603118.SSE,买入,26.203800000000005,600.0,5.16,15722.28,SignalRankStrategy
2025-03-27,300723.SZSE,买入,61.60500000000001,200.0,5.12,12321.0,SignalRankStrategy
2025-03-27,688326.SSE,买入,82.69000000000001,200.0,5.17,16538.0,SignalRankStrategy
2025-03-27,300624.SZSE,买入,142.17682035199996,100.0,5.14,14217.68,SignalRankStrategy
2025-03-27,301325.SZSE,买入,73.37400000000001,200.0,5.15,14674.8,SignalRankStrategy
2025-03-27,603920.SSE,买入,41.764,400.0,5.17,16705.6,SignalRankStrategy
2025-03-27,688322.SSE,买入,56.279999999999994,300.0,5.17,16884.0,SignalRankStrategy
2025-03-27,688515.SSE,买入,97.78,100.0,5.1,9778.0,SignalRankStrategy
2025-03-27,000528.SZSE,买入,162.32934238824316,100.0,5.16,16232.93,SignalRankStrategy
2025-03-27,002171.SZSE,买入,49.275672,300.0,5.15,14782.7,SignalRankStrategy
2025-03-27,002320.SZSE,买入,85.42242379999998,200.0,5.17,17084.48,SignalRankStrategy
2025-03-27,002612.SZSE,买入,37.09,400.0,5.15,14836.0,SignalRankStrategy
2025-03-27,300101.SZSE,买入,153.330672,100.0,5.15,15333.07,SignalRankStrategy
2025-03-27,600388.SSE,买入,98.27319999999999,100.0,5.1,9827.32,SignalRankStrategy
2025-03-27,600577.SSE,买入,163.3556,100.0,5.16,16335.56,SignalRankStrategy
2025-03-27,688789.SSE,买入,168.41819,100.0,5.17,16841.82,SignalRankStrategy
2025-03-27,688343.SSE,买入,58.48,300.0,5.18,17544.0,SignalRankStrategy
2025-03-27,688190.SSE,买入,105.74999999999999,100.0,5.11,10575.0,SignalRankStrategy
2025-03-27,002249.SZSE,买入,95.91350000000001,100.0,5.1,9591.35,SignalRankStrategy
2025-03-27,301171.SZSE,买入,26.765,600.0,5.16,16059.0,SignalRankStrategy
2025-03-27,688183.SSE,买入,30.69,500.0,5.15,15345.0,SignalRankStrategy
2025-03-27,001287.SZSE,买入,18.837000000000003,900.0,5.17,16953.3,SignalRankStrategy
2025-03-27,600986.SSE,买入,50.442665600000005,300.0,5.15,15132.8,SignalRankStrategy
2025-03-27,603881.SSE,买入,86.85451199999999,200.0,5.17,17370.9,SignalRankStrategy
2025-03-27,603915.SSE,买入,26.66,600.0,5.16,15996.0,SignalRankStrategy
2025-03-27,000837.SZSE,买入,60.43533909999998,200.0,5.12,12087.07,SignalRankStrategy
2025-03-27,601869.SSE,买入,36.651,400.0,5.15,14660.4,SignalRankStrategy
2025-03-27,002891.SZSE,买入,105.15949489999998,100.0,5.11,10515.95,SignalRankStrategy
2025-03-27,600420.SSE,买入,104.74875000000003,100.0,5.1,10474.88,SignalRankStrategy
2025-03-27,603308.SSE,买入,27.030599999999996,600.0,5.16,16218.36,SignalRankStrategy
2025-03-27,688088.SSE,买入,46.214999999999996,300.0,5.14,13864.5,SignalRankStrategy
2025-03-27,600480.SSE,买入,58.1343635698,200.0,5.12,11626.87,SignalRankStrategy
2025-04-08,000736.SZSE,卖出,21.386830824045333,500.0,15.8,10693.42,__RISK_DRAWDOWN__
2025-04-08,603398.SSE,卖出,34.146440000000005,300.0,15.35,10243.93,__RISK_DRAWDOWN__
2025-04-08,300827.SZSE,卖出,121.22863632999999,100.0,17.24,12122.86,__RISK_DRAWDOWN__
2025-04-08,600363.SSE,卖出,163.58088585000002,100.0,21.52,16358.09,__RISK_DRAWDOWN__
2025-04-08,688327.SSE,卖出,17.209999999999997,800.0,18.91,13768.0,__RISK_DRAWDOWN__
2025-04-08,300570.SZSE,卖出,117.532,100.0,16.87,11753.2,__RISK_DRAWDOWN__
2025-04-08,603636.SSE,卖出,55.945733948,200.0,16.3,11189.15,__RISK_DRAWDOWN__
2025-04-08,688048.SSE,卖出,58.521,200.0,16.82,11704.2,__RISK_DRAWDOWN__
2025-04-08,688400.SSE,卖出,22.875,500.0,16.55,11437.5,__RISK_DRAWDOWN__
2025-04-08,300735.SZSE,卖出,41.7936,300.0,17.66,12538.08,__RISK_DRAWDOWN__
2025-04-08,002123.SZSE,卖出,88.75126159999999,100.0,13.96,8875.13,__RISK_DRAWDOWN__
2025-04-08,603496.SSE,卖出,67.59237318559997,200.0,18.65,13518.47,__RISK_DRAWDOWN__
2025-04-08,002265.SZSE,卖出,17.321,700.0,17.25,12124.7,__RISK_DRAWDOWN__
2025-04-08,688141.SSE,卖出,26.48,600.0,21.05,15888.0,__RISK_DRAWDOWN__
2025-04-08,301536.SZSE,卖出,48.81,200.0,14.86,9762.0,__RISK_DRAWDOWN__
2025-04-08,603118.SSE,卖出,21.937800000000003,600.0,18.29,13162.68,__RISK_DRAWDOWN__
2025-04-08,300723.SZSE,卖出,77.75800000000002,200.0,20.71,15551.6,__RISK_DRAWDOWN__
2025-04-08,688326.SSE,卖出,69.11999999999999,200.0,18.96,13824.0,__RISK_DRAWDOWN__
2025-04-08,300624.SZSE,卖出,111.212870256,100.0,16.23,11121.29,__RISK_DRAWDOWN__
2025-04-08,301325.SZSE,卖出,56.446000000000005,200.0,16.4,11289.2,__RISK_DRAWDOWN__
2025-04-08,603920.SSE,卖出,34.412000000000006,400.0,18.9,13764.8,__RISK_DRAWDOWN__
2025-04-08,688322.SSE,卖出,43.300000000000004,300.0,18.12,12990.0,__RISK_DRAWDOWN__
2025-04-08,688515.SSE,卖出,88.99,100.0,13.99,8899.0,__RISK_DRAWDOWN__
2025-04-08,000528.SZSE,卖出,140.5991445038681,100.0,19.2,14059.91,__RISK_DRAWDOWN__
2025-04-08,002171.SZSE,卖出,44.311672,300.0,18.43,13293.5,__RISK_DRAWDOWN__
2025-04-08,002320.SZSE,卖出,76.62321179999998,200.0,20.48,15324.64,__RISK_DRAWDOWN__
2025-04-08,002612.SZSE,卖出,34.17,400.0,18.8,13668.0,__RISK_DRAWDOWN__
2025-04-08,300101.SZSE,卖出,119.470672,100.0,17.07,11947.07,__RISK_DRAWDOWN__
2025-04-08,600388.SSE,卖出,90.06119999999999,100.0,14.1,9006.12,__RISK_DRAWDOWN__
2025-04-08,600577.SSE,卖出,141.95159999999998,100.0,19.34,14195.16,__RISK_DRAWDOWN__
2025-04-08,688789.SSE,卖出,144.22219500000003,100.0,19.57,14422.22,__RISK_DRAWDOWN__
2025-04-08,688343.SSE,卖出,46.93000000000001,300.0,19.22,14079.0,__RISK_DRAWDOWN__
2025-04-08,688190.SSE,卖出,91.03999999999998,100.0,14.2,9104.0,__RISK_DRAWDOWN__
2025-04-08,002249.SZSE,卖出,82.73549999999999,100.0,13.36,8273.55,__RISK_DRAWDOWN__
2025-04-08,301171.SZSE,卖出,21.164999999999996,600.0,17.83,12699.0,__RISK_DRAWDOWN__
2025-04-08,688183.SSE,卖出,22.179999999999996,500.0,16.2,11090.0,__RISK_DRAWDOWN__
2025-04-08,001287.SZSE,卖出,16.416999999999998,900.0,19.92,14775.3,__RISK_DRAWDOWN__
2025-04-08,600986.SSE,卖出,41.269521600000004,300.0,17.5,12380.86,__RISK_DRAWDOWN__
2025-04-08,603881.SSE,卖出,73.45751199999998,200.0,19.84,14691.5,__RISK_DRAWDOWN__
2025-04-08,603915.SSE,卖出,21.767999999999994,600.0,18.19,13060.8,__RISK_DRAWDOWN__
2025-04-08,000837.SZSE,卖出,51.2213531,200.0,15.35,10244.27,__RISK_DRAWDOWN__
2025-04-08,601869.SSE,卖出,33.120999999999995,400.0,18.38,13248.4,__RISK_DRAWDOWN__
2025-04-08,002891.SZSE,卖出,96.97949489999998,100.0,14.79,9697.95,__RISK_DRAWDOWN__
2025-04-08,600420.SSE,卖出,92.43625000000003,100.0,14.34,9243.63,__RISK_DRAWDOWN__
2025-04-08,603308.SSE,卖出,25.722599999999996,600.0,20.59,15433.56,__RISK_DRAWDOWN__
2025-04-08,688088.SSE,卖出,38.495000000000005,300.0,16.66,11548.5,__RISK_DRAWDOWN__
2025-04-08,600480.SSE,卖出,43.1356907698,200.0,13.71,8627.14,__RISK_DRAWDOWN__
2025-10-24,603300.SSE,买入,39.80908383999999,300.0,5.12,11942.73,SignalRankStrategy
2025-10-24,688166.SSE,买入,52.90199999999999,200.0,5.11,10580.4,SignalRankStrategy
2025-10-24,002265.SZSE,买入,28.431000000000004,500.0,5.14,14215.5,SignalRankStrategy
2025-10-24,600475.SSE,买入,65.37081600000006,200.0,5.13,13074.16,SignalRankStrategy
2025-10-24,688062.SSE,买入,42.239999999999995,300.0,5.13,12672.0,SignalRankStrategy
2025-10-24,601606.SSE,买入,49.642,300.0,5.15,14892.6,SignalRankStrategy
2025-10-24,300723.SZSE,买入,144.738,100.0,5.14,14473.8,SignalRankStrategy
2025-10-24,688321.SSE,买入,28.91,500.0,5.14,14455.0,SignalRankStrategy
2025-10-24,688658.SSE,买入,23.94,600.0,5.14,14364.0,SignalRankStrategy
2025-10-24,002716.SZSE,买入,24.988000000000007,600.0,5.15,14992.8,SignalRankStrategy
2025-10-24,002488.SZSE,买入,59.73999999999999,200.0,5.12,11948.0,SignalRankStrategy
2025-10-24,600012.SSE,买入,25.277000000000005,600.0,5.15,15166.2,SignalRankStrategy
2025-10-24,003006.SZSE,买入,25.260000000000005,600.0,5.15,15156.0,SignalRankStrategy
2025-10-24,600967.SSE,买入,94.09277600000001,100.0,5.09,9409.28,SignalRankStrategy
2025-10-24,002545.SZSE,买入,72.65500000000002,200.0,5.15,14531.0,SignalRankStrategy
2025-10-24,002967.SZSE,买入,34.289999999999985,400.0,5.14,13716.0,SignalRankStrategy
2025-10-24,300602.SZSE,买入,145.736688913055,100.0,5.15,14573.67,SignalRankStrategy
2025-10-24,301039.SZSE,买入,10.849999999999998,1400.0,5.15,15190.0,SignalRankStrategy
2025-10-24,600775.SSE,买入,16.549525000000003,900.0,5.15,14894.57,SignalRankStrategy
2025-10-24,600882.SSE,买入,73.32087829488185,200.0,5.15,14664.18,SignalRankStrategy
2025-10-24,605376.SSE,买入,56.24,200.0,5.11,11248.0,SignalRankStrategy
2025-10-24,688432.SSE,买入,12.500000000000002,1200.0,5.15,15000.0,SignalRankStrategy
2025-10-24,002617.SZSE,买入,64.24649999999997,200.0,5.13,12849.3,SignalRankStrategy
2025-10-24,688091.SSE,买入,109.30436000000002,100.0,5.11,10930.44,SignalRankStrategy
2025-10-24,002097.SZSE,买入,64.31319000000002,200.0,5.13,12862.64,SignalRankStrategy
2025-10-24,300682.SZSE,买入,28.5284225,500.0,5.14,14264.21,SignalRankStrategy
2025-10-24,000935.SZSE,买入,51.5584286830726,200.0,5.1,10311.69,SignalRankStrategy
2025-10-24,301095.SZSE,买入,76.56128500000001,200.0,5.15,15312.26,SignalRankStrategy
2025-10-24,600389.SSE,买入,113.8415035,100.0,5.11,11384.15,SignalRankStrategy
2025-10-24,688556.SSE,买入,52.76057599999999,200.0,5.11,10552.12,SignalRankStrategy
2025-10-24,688503.SSE,买入,134.991874288,100.0,5.13,13499.19,SignalRankStrategy
2025-10-24,688306.SSE,买入,12.31,1200.0,5.15,14772.0,SignalRankStrategy
2025-10-24,688596.SSE,买入,39.670379999999994,300.0,5.12,11901.11,SignalRankStrategy
2025-10-24,600246.SSE,买入,116.35552,100.0,5.12,11635.55,SignalRankStrategy
2025-10-24,002163.SZSE,买入,49.01000000000001,300.0,5.15,14703.0,SignalRankStrategy
2025-10-24,601969.SSE,买入,9.688139999999999,1500.0,5.15,14532.21,SignalRankStrategy
2025-11-21,000935.SZSE,卖出,57.358808027072605,200.0,16.59,11471.76,SignalRankStrategy
2025-11-21,002097.SZSE,卖出,56.508190000000006,200.0,16.41,11301.64,SignalRankStrategy
2025-11-21,002163.SZSE,卖出,64.425,300.0,24.52,19327.5,SignalRankStrategy
2025-11-21,002265.SZSE,卖出,26.621000000000002,500.0,18.44,13310.5,SignalRankStrategy
2025-11-21,002488.SZSE,卖出,55.16375,200.0,16.14,11032.75,SignalRankStrategy
2025-11-21,002545.SZSE,卖出,84.06500000000003,200.0,21.98,16813.0,SignalRankStrategy
2025-11-21,002617.SZSE,卖出,65.22099999999998,200.0,18.17,13044.2,SignalRankStrategy
2025-11-21,002716.SZSE,卖出,23.210200000000004,600.0,19.07,13926.12,SignalRankStrategy
2025-11-21,002967.SZSE,卖出,33.30999999999999,400.0,18.46,13324.0,SignalRankStrategy
2025-11-21,003006.SZSE,卖出,23.130000000000003,600.0,19.02,13878.0,SignalRankStrategy
2025-11-21,301039.SZSE,卖出,11.23,1400.0,20.88,15722.0,SignalRankStrategy
2025-11-21,301095.SZSE,卖出,69.781285,200.0,19.1,13956.26,SignalRankStrategy
2025-11-21,600012.SSE,卖出,26.217000000000002,600.0,20.89,15730.2,SignalRankStrategy
2025-11-21,600246.SSE,卖出,119.20832000000003,100.0,17.04,11920.83,SignalRankStrategy
2025-11-21,600389.SSE,卖出,111.379718,100.0,16.25,11137.97,SignalRankStrategy
2025-11-21,600775.SSE,卖出,15.868025000000005,900.0,19.42,14281.22,SignalRankStrategy
2025-11-21,600882.SSE,卖出,73.30087829488183,200.0,19.81,14660.18,SignalRankStrategy
2025-11-21,600967.SSE,卖出,89.53821599999999,100.0,14.04,8953.82,SignalRankStrategy
2025-11-21,601606.SSE,卖出,51.19200000000001,300.0,20.51,15357.6,SignalRankStrategy
2025-11-21,605376.SSE,卖出,48.68,200.0,14.83,9736.0,SignalRankStrategy
2025-11-21,688091.SSE,卖出,98.49072,100.0,14.95,9849.07,SignalRankStrategy
2025-11-21,688321.SSE,卖出,27.39,500.0,18.83,13695.0,SignalRankStrategy
2025-11-21,688432.SSE,卖出,13.13,1200.0,20.91,15756.0,SignalRankStrategy
2025-11-21,688556.SSE,卖出,48.569696,200.0,14.81,9713.94,SignalRankStrategy
2025-11-21,688596.SSE,卖出,29.19038,300.0,13.84,8757.11,SignalRankStrategy
2025-11-21,688658.SSE,卖出,24.719999999999995,600.0,19.98,14832.0,SignalRankStrategy
2025-11-21,688660.SSE,买入,16.075,900.0,5.14,14467.5,SignalRankStrategy
2025-11-21,600094.SSE,买入,7.758234958849994,1900.0,5.15,14740.65,SignalRankStrategy
2025-11-21,688631.SSE,买入,62.31999999999999,200.0,5.12,12464.0,SignalRankStrategy
2025-11-21,688326.SSE,买入,91.24000000000001,100.0,5.09,9124.0,SignalRankStrategy
2025-11-21,688709.SSE,买入,36.80200000000001,400.0,5.15,14720.8,SignalRankStrategy
2025-11-21,688343.SSE,买入,69.99,200.0,5.14,13998.0,SignalRankStrategy
2025-11-21,601869.SSE,买入,76.819,100.0,5.08,7681.9,SignalRankStrategy
2025-11-21,688400.SSE,买入,35.50999999999999,400.0,5.14,14204.0,SignalRankStrategy
2025-11-21,688141.SSE,买入,38.16,300.0,5.11,11448.0,SignalRankStrategy
2025-11-21,688206.SSE,买入,33.120000000000005,400.0,5.13,13248.0,SignalRankStrategy
2025-11-21,600595.SSE,买入,43.67275440000002,300.0,5.13,13101.83,SignalRankStrategy
2025-11-21,301631.SZSE,买入,144.07999999999998,100.0,5.14,14408.0,SignalRankStrategy
2025-11-21,001311.SZSE,买入,56.96450000000001,200.0,5.11,11392.9,SignalRankStrategy
2025-11-21,002073.SZSE,买入,84.035963,100.0,5.08,8403.6,SignalRankStrategy
2025-11-21,002832.SZSE,买入,94.39550000000003,100.0,5.09,9439.55,SignalRankStrategy
2025-11-21,600461.SSE,买入,44.437992320000006,300.0,5.13,13331.4,SignalRankStrategy
2025-11-21,600623.SSE,买入,25.55048900000002,500.0,5.13,12775.24,SignalRankStrategy
2025-11-21,603103.SSE,买入,23.365400000000005,600.0,5.14,14019.24,SignalRankStrategy
2025-11-21,603308.SSE,买入,50.9146,200.0,5.1,10182.92,SignalRankStrategy
2025-11-21,603505.SSE,买入,71.522432,200.0,5.14,14304.49,SignalRankStrategy
2025-11-21,605577.SSE,买入,14.29,1000.0,5.14,14290.0,SignalRankStrategy
2025-11-21,688433.SSE,买入,57.6052,200.0,5.12,11521.04,SignalRankStrategy
2025-11-21,688639.SSE,买入,74.27262499999999,200.0,5.15,14854.52,SignalRankStrategy
2025-11-21,002174.SZSE,买入,35.867926,400.0,5.14,14347.17,SignalRankStrategy
2025-11-21,000657.SZSE,买入,145.52868747550536,100.0,5.15,14552.87,SignalRankStrategy
2025-11-21,688403.SSE,买入,13.795,1000.0,5.14,13795.0,SignalRankStrategy
2025-11-21,002314.SZSE,买入,8.209999999999999,1800.0,5.15,14778.0,SignalRankStrategy
2025-11-21,688776.SSE,买入,123.02280000000002,100.0,5.12,12302.28,SignalRankStrategy
2025-11-21,000058.SZSE,买入,26.742013778798622,500.0,5.13,13371.01,SignalRankStrategy
2025-11-21,002204.SZSE,买入,32.57,400.0,5.13,13028.0,SignalRankStrategy
2025-11-21,002408.SZSE,买入,46.83578155421768,300.0,5.14,14050.73,SignalRankStrategy
2025-11-21,002489.SZSE,买入,46.076545284750004,300.0,5.14,13822.96,SignalRankStrategy
2025-12-19,000058.SZSE,卖出,25.11169298405347,500.0,17.68,12555.85,SignalRankStrategy
2025-12-19,000657.SZSE,卖出,181.14016305716376,100.0,23.3,18114.02,SignalRankStrategy
2025-12-19,001311.SZSE,卖出,69.90679999999999,200.0,19.12,13981.36,SignalRankStrategy
2025-12-19,002073.SZSE,卖出,77.62596299999998,100.0,12.84,7762.6,SignalRankStrategy
2025-12-19,002174.SZSE,卖出,35.997926,400.0,19.54,14399.17,SignalRankStrategy
2025-12-19,002204.SZSE,卖出,34.665,400.0,19.0,13866.0,SignalRankStrategy
2025-12-19,002314.SZSE,卖出,7.669999999999999,1800.0,18.94,13806.0,SignalRankStrategy
2025-12-19,002408.SZSE,卖出,44.63020502877768,300.0,18.52,13389.06,SignalRankStrategy
2025-12-19,002489.SZSE,卖出,45.05933256825,300.0,18.65,13517.8,SignalRankStrategy
2025-12-19,002832.SZSE,卖出,89.41337,100.0,14.03,8941.34,SignalRankStrategy
2025-12-19,300602.SZSE,卖出,140.632594313055,100.0,19.2,14063.26,SignalRankStrategy
2025-12-19,300682.SZSE,卖出,24.083422499999994,500.0,17.16,12041.71,SignalRankStrategy
2025-12-19,301631.SZSE,卖出,146.64999999999998,100.0,19.81,14665.0,SignalRankStrategy
2025-12-19,600461.SSE,卖出,45.45479232,300.0,18.77,13636.44,SignalRankStrategy
2025-12-19,600475.SSE,卖出,69.53877120000006,200.0,19.05,13907.75,SignalRankStrategy
2025-12-19,600595.SSE,卖出,53.48389000000002,300.0,21.21,16045.17,SignalRankStrategy
2025-12-19,600623.SSE,卖出,23.828789000000015,500.0,17.03,11914.39,SignalRankStrategy
2025-12-19,601869.SSE,卖出,112.79899999999999,100.0,16.39,11279.9,SignalRankStrategy
2025-12-19,601969.SSE,卖出,10.48814,1500.0,20.89,15732.21,SignalRankStrategy
2025-12-19,603103.SSE,卖出,23.1494,600.0,19.03,13889.64,SignalRankStrategy
2025-12-19,603300.SSE,卖出,37.92316383999999,300.0,16.49,11376.95,SignalRankStrategy
2025-12-19,603308.SSE,卖出,59.9386,200.0,17.11,11987.72,SignalRankStrategy
2025-12-19,603505.SSE,卖出,67.043432,200.0,18.54,13408.69,SignalRankStrategy
2025-12-19,605577.SSE,卖出,13.190000000000001,1000.0,18.32,13190.0,SignalRankStrategy
2025-12-19,688062.SSE,卖出,38.49,300.0,16.66,11547.0,SignalRankStrategy
2025-12-19,688166.SSE,卖出,49.022,200.0,14.9,9804.4,SignalRankStrategy
2025-12-19,688206.SSE,卖出,34.220000000000006,400.0,18.82,13688.0,SignalRankStrategy
2025-12-19,688326.SSE,卖出,98.7,100.0,14.97,9870.0,SignalRankStrategy
2025-12-19,688343.SSE,卖出,70.99,200.0,19.34,14198.0,SignalRankStrategy
2025-12-19,688400.SSE,卖出,41.93,400.0,21.94,16772.0,SignalRankStrategy
2025-12-19,688403.SSE,卖出,17.335,1000.0,22.51,17335.0,SignalRankStrategy
2025-12-19,688433.SSE,卖出,55.7952,200.0,16.27,11159.04,SignalRankStrategy
2025-12-19,688503.SSE,卖出,127.13024228799999,100.0,17.84,12713.02,SignalRankStrategy
2025-12-19,688639.SSE,卖出,76.7546,200.0,20.5,15350.92,SignalRankStrategy
2025-12-19,688709.SSE,卖出,41.04200000000001,400.0,21.58,16416.8,SignalRankStrategy
2025-12-19,688776.SSE,卖出,135.7148,100.0,18.71,13571.48,SignalRankStrategy
2025-12-19,002488.SZSE,买入,46.12749999999999,300.0,5.14,13838.25,SignalRankStrategy
2025-12-19,002320.SZSE,买入,135.1317458,100.0,5.14,13513.17,SignalRankStrategy
2025-12-19,600986.SSE,买入,41.4004688,300.0,5.12,12420.14,SignalRankStrategy
2025-12-19,600403.SSE,买入,40.220236,300.0,5.12,12066.07,SignalRankStrategy
2025-12-19,600751.SSE,买入,15.604130759999999,900.0,5.14,14043.72,SignalRankStrategy
2025-12-19,603026.SSE,买入,74.44999999999999,200.0,5.15,14890.0,SignalRankStrategy
2025-12-19,688596.SSE,买入,30.71038,500.0,5.15,15355.19,SignalRankStrategy
2025-12-19,300457.SZSE,买入,148.59729624999997,100.0,5.15,14859.73,SignalRankStrategy
2025-12-19,002326.SZSE,买入,129.76242818079996,100.0,5.13,12976.24,SignalRankStrategy
2025-12-19,002182.SZSE,买入,60.611999999999995,200.0,5.12,12122.4,SignalRankStrategy
2025-12-19,300415.SZSE,买入,97.27400000000002,100.0,5.1,9727.4,SignalRankStrategy
2025-12-19,600869.SSE,买入,78.8668,100.0,5.08,7886.68,SignalRankStrategy
2025-12-19,603119.SSE,买入,117.45349999999999,100.0,5.12,11745.35,SignalRankStrategy
2025-12-19,688116.SSE,买入,68.97908000000001,200.0,5.14,13795.82,SignalRankStrategy
2025-12-19,600776.SSE,买入,66.21193,200.0,5.13,13242.39,SignalRankStrategy
2025-12-19,688409.SSE,买入,105.69800000000002,100.0,5.11,10569.8,SignalRankStrategy
2025-12-19,002023.SZSE,买入,121.85486800000002,100.0,5.12,12185.49,SignalRankStrategy
2025-12-19,002967.SZSE,买入,35.71399999999999,400.0,5.14,14285.6,SignalRankStrategy
2025-12-19,301291.SZSE,买入,43.79,300.0,5.13,13137.0,SignalRankStrategy
2025-12-19,603678.SSE,买入,84.43,100.0,5.08,8443.0,SignalRankStrategy
2025-12-19,002292.SZSE,买入,72.7844,200.0,5.15,14556.88,SignalRankStrategy
2025-12-19,000766.SZSE,买入,105.62400000000002,100.0,5.11,10562.4,SignalRankStrategy
2025-12-19,002249.SZSE,买入,122.73950000000004,100.0,5.12,12273.95,SignalRankStrategy
2025-12-19,300850.SZSE,买入,127.83568,100.0,5.13,12783.57,SignalRankStrategy
2025-12-19,600185.SSE,买入,46.131558399999996,300.0,5.14,13839.47,SignalRankStrategy
2025-12-19,600478.SSE,买入,63.812590000000014,200.0,5.13,12762.52,SignalRankStrategy
2025-12-19,603876.SSE,买入,24.554000000000002,600.0,5.15,14732.4,SignalRankStrategy
2025-12-19,600531.SSE,买入,106.56826400000001,100.0,5.11,10656.83,SignalRankStrategy
2025-12-19,688209.SSE,买入,21.236,700.0,5.15,14865.2,SignalRankStrategy
2025-12-19,688586.SSE,买入,24.366799999999998,600.0,5.15,14620.08,SignalRankStrategy
2025-12-19,300470.SZSE,买入,146.59600000000003,100.0,5.15,14659.6,SignalRankStrategy
2025-12-19,603306.SSE,买入,124.68490500000003,100.0,5.12,12468.49,SignalRankStrategy
2025-12-19,688548.SSE,买入,13.131010000000002,1100.0,5.14,14444.11,SignalRankStrategy
2025-12-19,300772.SZSE,买入,35.546307840000004,400.0,5.14,14218.52,SignalRankStrategy
2026-01-20,000766.SZSE,卖出,100.339,100.0,15.13,10033.9,SignalRankStrategy
2026-01-20,002023.SZSE,卖出,138.52734800000002,100.0,18.99,13852.73,SignalRankStrategy
2026-01-20,002182.SZSE,卖出,80.752,200.0,21.31,16150.4,SignalRankStrategy
2026-01-20,002249.SZSE,卖出,135.87750000000005,100.0,18.72,13587.75,SignalRankStrategy
2026-01-20,002292.SZSE,卖出,74.30039999999998,200.0,20.01,14860.08,SignalRankStrategy
2026-01-20,002320.SZSE,卖出,141.2809218,100.0,19.27,14128.09,SignalRankStrategy
2026-01-20,002326.SZSE,卖出,161.483737232,100.0,21.31,16148.37,SignalRankStrategy
2026-01-20,002488.SZSE,卖出,71.13874999999997,300.0,26.89,21341.62,SignalRankStrategy
2026-01-20,002967.SZSE,卖出,40.653999999999996,400.0,21.42,16261.6,SignalRankStrategy
2026-01-20,300415.SZSE,卖出,108.09000000000002,100.0,15.92,10809.0,SignalRankStrategy
2026-01-20,300457.SZSE,卖出,173.38354625,100.0,22.51,17338.35,SignalRankStrategy
2026-01-20,300470.SZSE,卖出,156.51200000000003,100.0,20.81,15651.2,SignalRankStrategy
2026-01-20,300772.SZSE,卖出,37.78432568,400.0,20.26,15113.73,SignalRankStrategy
2026-01-20,300850.SZSE,卖出,139.26008000000002,100.0,19.07,13926.01,SignalRankStrategy
2026-01-20,301291.SZSE,卖出,51.85,300.0,20.71,15555.0,SignalRankStrategy
2026-01-20,600094.SSE,卖出,11.302413968849995,1900.0,27.06,21474.59,SignalRankStrategy
2026-01-20,600185.SSE,卖出,43.67552479999999,300.0,18.23,13102.66,SignalRankStrategy
2026-01-20,600478.SSE,卖出,71.68328600000002,200.0,19.48,14336.66,SignalRankStrategy
2026-01-20,600531.SSE,卖出,138.10667400000003,100.0,18.95,13810.67,SignalRankStrategy
2026-01-20,600751.SSE,卖出,17.7886692,900.0,21.17,16009.8,SignalRankStrategy
2026-01-20,600776.SSE,卖出,81.67312999999994,200.0,21.5,16334.63,SignalRankStrategy
2026-01-20,600869.SSE,卖出,103.2308,100.0,15.43,10323.08,SignalRankStrategy
2026-01-20,600986.SSE,卖出,56.6357088,300.0,22.16,16990.71,SignalRankStrategy
2026-01-20,603026.SSE,卖出,75.52999999999996,200.0,20.26,15106.0,SignalRankStrategy
2026-01-20,603119.SSE,卖出,155.4195,100.0,20.7,15541.95,SignalRankStrategy
2026-01-20,603306.SSE,卖出,139.99190500000003,100.0,19.14,13999.19,SignalRankStrategy
2026-01-20,603678.SSE,卖出,105.13500000000002,100.0,15.62,10513.5,SignalRankStrategy
2026-01-20,603876.SSE,卖出,31.194,600.0,23.9,18716.4,SignalRankStrategy
2026-01-20,688116.SSE,卖出,75.47107999999999,200.0,20.25,15094.22,SignalRankStrategy
2026-01-20,688141.SSE,卖出,46.49,300.0,19.09,13947.0,SignalRankStrategy
2026-01-20,688209.SSE,卖出,22.836,700.0,21.15,15985.2,SignalRankStrategy
2026-01-20,688306.SSE,卖出,12.14,1200.0,19.71,14568.0,SignalRankStrategy
2026-01-20,688409.SSE,卖出,136.388,100.0,18.78,13638.8,SignalRankStrategy
2026-01-20,688548.SSE,卖出,21.791009999999996,1100.0,30.2,23970.11,SignalRankStrategy
2026-01-20,688586.SSE,卖出,30.0112,600.0,23.19,18006.72,SignalRankStrategy
2026-01-20,688596.SSE,卖出,36.99038,500.0,23.68,18495.19,SignalRankStrategy
2026-01-20,688631.SSE,卖出,76.19,200.0,20.39,15238.0,SignalRankStrategy
2026-01-20,688660.SSE,卖出,16.384999999999998,900.0,19.89,14746.5,SignalRankStrategy
2026-01-20,300779.SZSE,买入,149.80799999999996,100.0,5.15,14980.8,SignalRankStrategy
2026-01-20,603308.SSE,买入,77.5426,200.0,5.16,15508.52,SignalRankStrategy
2026-01-20,688652.SSE,买入,130.20999999999998,100.0,5.13,13021.0,SignalRankStrategy
2026-01-20,688523.SSE,买入,66.38000000000001,200.0,5.13,13276.0,SignalRankStrategy
2026-01-20,002985.SZSE,买入,84.17803000000004,200.0,5.17,16835.61,SignalRankStrategy
2026-01-20,001203.SZSE,买入,30.250000000000004,500.0,5.15,15125.0,SignalRankStrategy
2026-01-20,301556.SZSE,买入,116.1815,100.0,5.12,11618.15,SignalRankStrategy
2026-01-20,300171.SZSE,买入,155.03220300554722,100.0,5.16,15503.22,SignalRankStrategy
2026-01-20,000688.SZSE,买入,132.87617116799998,100.0,5.13,13287.62,SignalRankStrategy
2026-01-20,300910.SZSE,买入,122.622,100.0,5.12,12262.2,SignalRankStrategy
2026-01-20,603456.SSE,买入,79.41,200.0,5.16,15882.0,SignalRankStrategy
2026-01-20,300702.SZSE,买入,71.06863496000003,200.0,5.14,14213.73,SignalRankStrategy
2026-01-20,600827.SSE,买入,85.64794346948219,200.0,5.17,17129.59,SignalRankStrategy
2026-01-20,603358.SSE,买入,154.94551999999996,100.0,5.15,15494.55,SignalRankStrategy
2026-01-20,688382.SSE,买入,29.310000000000002,500.0,5.15,14655.0,SignalRankStrategy
2026-01-20,688690.SSE,买入,28.186840000000004,600.0,5.17,16912.1,SignalRankStrategy
2026-01-20,688696.SSE,买入,162.28751999999997,100.0,5.16,16228.75,SignalRankStrategy
2026-01-20,002901.SZSE,买入,53.959999999999994,300.0,5.16,16188.0,SignalRankStrategy
2026-01-20,002324.SZSE,买入,147.23154719999997,100.0,5.15,14723.15,SignalRankStrategy
2026-01-20,603983.SSE,买入,36.09,400.0,5.14,14436.0,SignalRankStrategy
2026-01-20,002416.SZSE,买入,39.429999999999986,400.0,5.16,15772.0,SignalRankStrategy
2026-01-20,301571.SZSE,买入,60.107,200.0,5.12,12021.4,SignalRankStrategy
2026-01-20,603100.SSE,买入,36.2475,400.0,5.14,14499.0,SignalRankStrategy
2026-01-20,600420.SSE,买入,100.29375000000002,100.0,5.1,10029.38,SignalRankStrategy
2026-01-20,003039.SZSE,买入,17.755,900.0,5.16,15979.5,SignalRankStrategy
2026-01-20,301267.SZSE,买入,29.63,500.0,5.15,14815.0,SignalRankStrategy
2026-01-20,601068.SSE,买入,5.734599999999999,3000.0,5.17,17203.8,SignalRankStrategy
2026-01-20,601900.SSE,买入,18.119499999999995,900.0,5.16,16307.55,SignalRankStrategy
2026-01-20,600267.SSE,买入,74.74009740800003,200.0,5.15,14948.02,SignalRankStrategy
2026-01-20,002701.SZSE,买入,57.211104639999995,200.0,5.11,11442.22,SignalRankStrategy
2026-01-20,301127.SZSE,买入,24.844981050001007,600.0,5.15,14906.99,SignalRankStrategy
2026-01-20,001301.SZSE,买入,85.61,200.0,5.17,17122.0,SignalRankStrategy
2026-01-20,601187.SSE,买入,8.62,1900.0,5.16,16378.0,SignalRankStrategy
2026-01-20,000712.SZSE,买入,158.30264799999995,100.0,5.16,15830.26,SignalRankStrategy
2026-01-20,002183.SZSE,买入,76.5675,200.0,5.15,15313.5,SignalRankStrategy
2026-01-20,002163.SZSE,买入,83.705,200.0,5.17,16741.0,SignalRankStrategy
2026-01-20,600151.SSE,买入,87.29911360000006,200.0,5.17,17459.82,SignalRankStrategy
2026-01-20,601811.SSE,买入,19.130000000000003,900.0,5.17,17217.0,SignalRankStrategy
2026-02-25,000688.SZSE,卖出,179.66598044800006,100.0,23.15,17966.6,SignalRankStrategy
2026-02-25,000712.SZSE,卖出,163.61967199999998,100.0,21.53,16361.97,SignalRankStrategy
2026-02-25,001203.SZSE,卖出,38.17,500.0,24.28,19085.0,SignalRankStrategy
2026-02-25,001301.SZSE,卖出,80.55,200.0,21.27,16110.0,SignalRankStrategy
2026-02-25,002183.SZSE,卖出,78.16749999999999,200.0,20.79,15633.5,SignalRankStrategy
2026-02-25,002324.SZSE,卖出,138.97474720000002,100.0,19.04,13897.47,SignalRankStrategy
2026-02-25,002416.SZSE,卖出,40.58599999999999,400.0,21.4,16234.4,SignalRankStrategy
2026-02-25,002701.SZSE,卖出,56.346304639999985,200.0,16.38,11269.26,SignalRankStrategy
2026-02-25,002901.SZSE,卖出,51.64,300.0,20.65,15492.0,SignalRankStrategy
2026-02-25,002985.SZSE,卖出,99.62803000000002,200.0,25.12,19925.61,SignalRankStrategy
2026-02-25,003039.SZSE,卖出,17.274999999999995,900.0,20.7,15547.5,SignalRankStrategy
2026-02-25,300171.SZSE,卖出,152.14988552154725,100.0,20.37,15214.99,SignalRankStrategy
2026-02-25,300910.SZSE,卖出,118.40299999999999,100.0,16.96,11840.3,SignalRankStrategy
2026-02-25,301127.SZSE,卖出,25.496980570001003,600.0,20.45,15298.19,SignalRankStrategy
2026-02-25,301267.SZSE,卖出,28.994999999999997,500.0,19.64,14497.5,SignalRankStrategy
2026-02-25,600267.SSE,卖出,73.45243660800003,200.0,19.84,14690.49,SignalRankStrategy
2026-02-25,600403.SSE,卖出,41.183036,300.0,17.48,12354.91,SignalRankStrategy
2026-02-25,600420.SSE,卖出,100.60375000000002,100.0,15.16,10060.38,SignalRankStrategy
2026-02-25,600827.SSE,卖出,83.38146599601338,200.0,21.84,16676.29,SignalRankStrategy
2026-02-25,601068.SSE,卖出,5.8145999999999995,3000.0,22.62,17443.8,SignalRankStrategy
2026-02-25,601187.SSE,卖出,8.799999999999999,1900.0,21.89,16720.0,SignalRankStrategy
2026-02-25,601811.SSE,卖出,17.81,900.0,21.19,16029.0,SignalRankStrategy
2026-02-25,601900.SSE,卖出,17.699499999999993,900.0,21.09,15929.55,SignalRankStrategy
2026-02-25,603100.SSE,卖出,36.89050000000001,400.0,19.9,14756.2,SignalRankStrategy
2026-02-25,603308.SSE,卖出,95.59660000000001,200.0,24.31,19119.32,SignalRankStrategy
2026-02-25,603358.SSE,卖出,145.3764,100.0,19.68,14537.64,SignalRankStrategy
2026-02-25,603456.SSE,卖出,72.76599999999999,200.0,19.7,14553.2,SignalRankStrategy
2026-02-25,603983.SSE,卖出,33.17,400.0,18.4,13268.0,SignalRankStrategy
2026-02-25,688652.SSE,卖出,123.13,100.0,17.44,12313.0,SignalRankStrategy
2026-02-25,688690.SSE,卖出,28.33684,600.0,22.17,17002.1,SignalRankStrategy
2026-02-25,300378.SZSE,买入,105.78646345600004,100.0,5.11,10578.65,SignalRankStrategy
2026-02-25,603171.SSE,买入,61.019999999999996,200.0,5.12,12204.0,SignalRankStrategy
2026-02-25,300455.SZSE,买入,96.95860000000002,100.0,5.1,9695.86,SignalRankStrategy
2026-02-25,301275.SZSE,买入,56.852,300.0,5.17,17055.6,SignalRankStrategy
2026-02-25,300762.SZSE,买入,162.93562400000005,100.0,5.16,16293.56,SignalRankStrategy
2026-02-25,603119.SSE,买入,123.5245,100.0,5.12,12352.45,SignalRankStrategy
2026-02-25,688698.SSE,买入,84.99875,100.0,5.08,8499.88,SignalRankStrategy
2026-02-25,000555.SZSE,买入,55.54036724000001,300.0,5.17,16662.11,SignalRankStrategy
2026-02-25,002043.SZSE,买入,118.67431390000004,100.0,5.12,11867.43,SignalRankStrategy
2026-02-25,002541.SZSE,买入,92.678994,100.0,5.09,9267.9,SignalRankStrategy
2026-02-25,002839.SZSE,买入,7.238,2300.0,5.17,16647.4,SignalRankStrategy
2026-02-25,600595.SSE,买入,58.462958400000026,200.0,5.12,11692.59,SignalRankStrategy
2026-02-25,300027.SZSE,买入,32.305371344,500.0,5.16,16152.69,SignalRankStrategy
2026-02-25,000935.SZSE,买入,73.25941201307263,200.0,5.15,14651.88,SignalRankStrategy
2026-02-25,301087.SZSE,买入,78.57000000000002,200.0,5.16,15714.0,SignalRankStrategy
2026-02-25,301376.SZSE,买入,20.950000000000003,800.0,5.17,16760.0,SignalRankStrategy
2026-02-25,000028.SZSE,买入,144.30582501920003,100.0,5.14,14430.58,SignalRankStrategy
2026-02-25,600017.SSE,买入,11.232,1500.0,5.17,16848.0,SignalRankStrategy
2026-02-25,688016.SSE,买入,159.0358545,100.0,5.16,15903.59,SignalRankStrategy
2026-02-25,000681.SZSE,买入,151.559895,100.0,5.15,15155.99,SignalRankStrategy
2026-02-25,600783.SSE,买入,163.87004050000004,100.0,5.16,16387.0,SignalRankStrategy
2026-02-25,000620.SZSE,买入,10.968400000000003,1500.0,5.16,16452.6,SignalRankStrategy
2026-02-25,002123.SZSE,买入,86.75526160000001,100.0,5.09,8675.53,SignalRankStrategy
2026-02-25,002315.SZSE,买入,139.842,100.0,5.14,13984.2,SignalRankStrategy
2026-02-25,002928.SZSE,买入,24.50875,600.0,5.15,14705.25,SignalRankStrategy
2026-02-25,300363.SZSE,买入,96.34729125000003,100.0,5.1,9634.73,SignalRankStrategy
2026-03-24,300723.SZSE,卖出,83.34700000000002,70.0,10.89,5834.29,__RISK_DRAWDOWN__
2026-03-24,300779.SZSE,卖出,123.00599999999997,70.0,13.7,8610.42,__RISK_DRAWDOWN__
2026-03-24,688523.SSE,卖出,60.18000000000001,140.0,13.51,8425.2,__RISK_DRAWDOWN__
2026-03-24,301556.SZSE,卖出,82.82149999999999,70.0,10.86,5797.5,__RISK_DRAWDOWN__
2026-03-24,300702.SZSE,卖出,57.70357365000001,140.0,13.16,8078.5,__RISK_DRAWDOWN__
2026-03-24,688382.SSE,卖出,17.119999999999997,350.0,11.05,5992.0,__RISK_DRAWDOWN__
2026-03-24,688696.SSE,卖出,126.27351999999998,70.0,13.93,8839.15,__RISK_DRAWDOWN__
2026-03-24,301571.SZSE,卖出,56.077000000000005,140.0,12.93,7850.78,__RISK_DRAWDOWN__
2026-03-24,002163.SZSE,卖出,57.49500000000002,140.0,13.13,8049.3,__RISK_DRAWDOWN__
2026-03-24,600151.SSE,卖出,65.12102336000002,140.0,14.21,9116.94,__RISK_DRAWDOWN__
2026-03-24,300378.SZSE,卖出,85.44421345600003,70.0,11.04,5981.09,__RISK_DRAWDOWN__
2026-03-24,603171.SSE,卖出,50.339999999999996,140.0,12.12,7047.6,__RISK_DRAWDOWN__
2026-03-24,300455.SZSE,卖出,87.4746,70.0,11.18,6123.22,__RISK_DRAWDOWN__
2026-03-24,301275.SZSE,卖出,40.132000000000005,210.0,13.51,8427.72,__RISK_DRAWDOWN__
2026-03-24,300762.SZSE,卖出,141.28874400000007,70.0,14.99,9890.21,__RISK_DRAWDOWN__
2026-03-24,603119.SSE,卖出,94.0985,70.0,11.65,6586.9,__RISK_DRAWDOWN__
2026-03-24,688698.SSE,卖出,67.02875,70.0,9.74,4692.01,__RISK_DRAWDOWN__
2026-03-24,000555.SZSE,卖出,52.03996724000001,210.0,16.04,10928.39,__RISK_DRAWDOWN__
2026-03-24,002043.SZSE,卖出,106.59611389999998,70.0,12.54,7461.73,__RISK_DRAWDOWN__
2026-03-24,002541.SZSE,卖出,85.98999399999998,70.0,11.08,6019.3,__RISK_DRAWDOWN__
2026-03-24,002839.SZSE,卖出,6.870000000000001,1610.0,16.17,11060.7,__RISK_DRAWDOWN__
2026-03-24,600595.SSE,卖出,48.26381800000002,140.0,11.82,6756.93,__RISK_DRAWDOWN__
2026-03-24,300027.SZSE,卖出,26.527773264000004,350.0,14.38,9284.72,__RISK_DRAWDOWN__
2026-03-24,000935.SZSE,卖出,61.849531745072625,140.0,13.75,8658.93,__RISK_DRAWDOWN__
2026-03-24,301087.SZSE,卖出,77.80900000000001,140.0,16.0,10893.26,__RISK_DRAWDOWN__
2026-03-24,301376.SZSE,卖出,17.209999999999997,560.0,14.73,9637.6,__RISK_DRAWDOWN__
2026-03-24,000028.SZSE,卖出,138.25664185920004,70.0,14.77,9677.96,__RISK_DRAWDOWN__
2026-03-24,600017.SSE,卖出,11.032,1050.0,16.7,11583.6,__RISK_DRAWDOWN__
2026-03-24,688016.SSE,卖出,168.2389545,70.0,16.89,11776.73,__RISK_DRAWDOWN__
2026-03-24,000681.SZSE,卖出,113.09369500000001,70.0,13.0,7916.56,__RISK_DRAWDOWN__
2026-03-24,600783.SSE,卖出,143.06151950000006,70.0,15.11,10014.31,__RISK_DRAWDOWN__
2026-03-24,000620.SZSE,卖出,10.246160000000007,1050.0,15.87,10758.47,__RISK_DRAWDOWN__
2026-03-24,002123.SZSE,卖出,73.12726159999998,70.0,10.17,5118.91,__RISK_DRAWDOWN__
2026-03-24,002315.SZSE,卖出,124.89799999999995,70.0,13.83,8742.86,__RISK_DRAWDOWN__
2026-03-24,002928.SZSE,卖出,18.143749999999997,420.0,12.7,7620.37,__RISK_DRAWDOWN__
2026-03-24,300363.SZSE,卖出,80.68979125,70.0,10.7,5648.29,__RISK_DRAWDOWN__
2026-03-25,000028.SZSE,卖出,141.13209844320002,30.0,9.28,4233.96,SignalRankStrategy
2026-03-25,000555.SZSE,卖出,50.931167240000015,90.0,9.63,4583.81,SignalRankStrategy
2026-03-25,000620.SZSE,卖出,10.501520000000003,450.0,9.77,4725.68,SignalRankStrategy
2026-03-25,000681.SZSE,卖出,114.18179500000001,30.0,8.46,3425.45,SignalRankStrategy
2026-03-25,000935.SZSE,卖出,63.45515363307261,60.0,8.85,3807.31,SignalRankStrategy
2026-03-25,002043.SZSE,卖出,108.9127139,30.0,8.3,3267.38,SignalRankStrategy
2026-03-25,002123.SZSE,卖出,74.42326159999999,30.0,7.26,2232.7,SignalRankStrategy
2026-03-25,002163.SZSE,卖出,58.62000000000002,60.0,8.55,3517.2,SignalRankStrategy
2026-03-25,002315.SZSE,卖出,124.71599999999995,30.0,8.78,3741.48,SignalRankStrategy
2026-03-25,002541.SZSE,卖出,88.21299399999998,30.0,7.67,2646.39,SignalRankStrategy
2026-03-25,002839.SZSE,卖出,6.990000000000001,690.0,9.87,4823.1,SignalRankStrategy
2026-03-25,300027.SZSE,卖出,26.815653168000004,150.0,9.06,4022.35,SignalRankStrategy
2026-03-25,300363.SZSE,卖出,82.15229125,30.0,7.49,2464.57,SignalRankStrategy
2026-03-25,300455.SZSE,卖出,87.147,30.0,7.64,2614.41,SignalRankStrategy
2026-03-25,300702.SZSE,卖出,60.46925034000001,60.0,8.66,3628.16,SignalRankStrategy
2026-03-25,300723.SZSE,卖出,85.23700000000002,30.0,7.58,2557.11,SignalRankStrategy
2026-03-25,300762.SZSE,卖出,139.93706400000002,30.0,9.24,4198.11,SignalRankStrategy
2026-03-25,300779.SZSE,卖出,121.88599999999998,30.0,8.69,3656.58,SignalRankStrategy
2026-03-25,301087.SZSE,卖出,79.694,60.0,9.83,4781.64,SignalRankStrategy
2026-03-25,301376.SZSE,卖出,17.34,240.0,9.2,4161.6,SignalRankStrategy
2026-03-25,301571.SZSE,卖出,58.587,60.0,8.55,3515.22,SignalRankStrategy
2026-03-25,600017.SSE,卖出,11.241999999999997,450.0,10.11,5058.9,SignalRankStrategy
2026-03-25,600151.SSE,卖出,65.97765056000004,60.0,9.0,3958.66,SignalRankStrategy
2026-03-25,600783.SSE,卖出,143.2607705,30.0,9.34,4297.82,SignalRankStrategy
2026-03-25,603171.SSE,卖出,50.970000000000006,60.0,8.09,3058.2,SignalRankStrategy
2026-03-25,688016.SSE,卖出,174.49695450000002,30.0,10.29,5234.91,SignalRankStrategy
2026-03-25,688523.SSE,卖出,59.99,60.0,8.64,3599.4,SignalRankStrategy
2026-03-25,688696.SSE,卖出,134.01551999999998,30.0,9.06,4020.47,SignalRankStrategy
2026-04-23,002928.SZSE,卖出,19.78625,180.0,8.6,3561.52,SignalRankStrategy
2026-04-23,300378.SZSE,卖出,95.68223345600003,30.0,7.9,2870.47,SignalRankStrategy
2026-04-23,301556.SZSE,卖出,91.8115,30.0,7.78,2754.34,SignalRankStrategy
2026-04-23,600595.SSE,卖出,63.402026800000044,60.0,8.84,3804.12,SignalRankStrategy
2026-04-23,688382.SSE,卖出,23.259999999999998,150.0,8.52,3489.0,SignalRankStrategy
2026-05-26,301275.SZSE,卖出,46.392,90.0,9.22,4175.28,SignalRankStrategy
2026-05-26,603119.SSE,卖出,142.69250000000002,30.0,9.32,4280.78,SignalRankStrategy
2026-05-26,688698.SSE,卖出,81.85875,30.0,7.48,2455.76,SignalRankStrategy
