,equity,returns,drawdown
2016-01-04,1000000.0,0.0,0.0
2016-01-05,1000000.0,0.0,0.0
2016-01-06,1000000.0,0.0,0.0
2016-01-07,1000000.0,0.0,0.0
2016-01-08,1000000.0,0.0,0.0
2016-01-11,1000000.0,0.0,0.0
2016-01-12,1000000.0,0.0,0.0
2016-01-13,1000000.0,0.0,0.0
2016-01-14,1000000.0,0.0,0.0
2016-01-15,1000000.0,0.0,0.0
2016-01-18,1000000.0,0.0,0.0
2016-01-19,1000000.0,0.0,0.0
2016-01-20,1000000.0,0.0,0.0
2016-01-21,1000000.0,0.0,0.0
2016-01-22,1000000.0,0.0,0.0
2016-01-25,1000000.0,0.0,0.0
2016-01-26,1000000.0,0.0,0.0
2016-01-27,1000000.0,0.0,0.0
2016-01-28,1000000.0,0.0,0.0
2016-01-29,1000000.0,0.0,0.0
2016-02-01,1000000.0,0.0,0.0
2016-02-02,1000000.0,0.0,0.0
2016-02-03,1001506.09148,0.001506091480000027,0.0
2016-02-04,1002981.7794338481,0.0014734687750799225,0.0
2016-02-05,998380.6930898464,-0.004587407706049151,-0.004587407706049151
2016-02-15,1009767.2040316465,0.011404979103272206,0.0
2016-02-16,1012431.5753618465,0.0026385995896500702,0.0
2016-02-17,1006157.2066773559,-0.006197326157323824,-0.006197326157323824
2016-02-18,1001257.2789340348,-0.004869942500836721,-0.011037088036115472
2016-02-19,1004632.8798459317,0.003371362169262593,-0.0077029358879167065
2016-02-22,1011781.7140779742,0.007115867273962628,-0.00064188168335233
2016-02-23,1021515.17939715,0.009620123771505229,0.0
2016-02-24,1029119.1249526436,0.00744379105553894,0.0
2016-02-25,975798.2068458538,-0.05181219240216084,-0.05181219240216084
2016-02-26,998581.33101922,0.023348192293783487,-0.029673721139745535
2016-02-29,1001873.445644876,0.00329679168175101,-0.026474757535014604
2016-03-01,1008679.9866288558,0.006793813144332361,-0.01986080894641651
2016-03-02,1033825.938154936,0.024929563250403408,0.0
2016-03-03,1015989.149360782,-0.017253183670345118,-0.017253183670345118
2016-03-04,1013331.6609607817,-0.0026156661236709233,-0.019823721225964097
2016-03-07,1029521.1552607819,0.01597650100525838,-0.004163933922800234
2016-03-08,1009085.1803077818,-0.019849980593962258,-0.023931260509200247
2016-03-09,971042.3055619019,-0.037700360176012526,-0.06072940354454992
2016-03-10,967594.3084427019,-0.0035508207000360947,-0.06406458502137924
2016-03-11,971215.6890254179,0.0037426642045306213,-0.06056169304598635
2016-03-14,984127.2475040179,0.013294223543234063,-0.048072590188262265
2016-03-15,986892.8719040179,0.0028102304930732735,-0.04539745475401724
2016-03-16,984732.0781040178,-0.0021894917488169963,-0.0474875491502329
2016-03-17,985764.0145040179,0.001047936208178557,-0.04648937686424659
2016-03-18,995118.5245040178,0.009489603862955498,-0.0374409387715684
2016-03-21,992397.5491040179,-0.002734322930382671,-0.040072886084532855
2016-03-22,973334.1646859902,-0.019209423113991986,-0.05851253217432828
2016-03-23,985254.292766567,0.012246696471835294,-0.046982420923830315
2016-03-24,970921.9974963237,-0.014546798096153002,-0.06084577522873591
2016-03-25,1003642.663056022,0.03370061204100194,-0.029195703053051525
2016-03-28,994015.5448266307,-0.009592177160023696,-0.0385078298570789
2016-03-29,983692.4787847889,-0.010385215900866385,-0.0484931336310056
2016-03-30,1016418.3566765123,0.03326840308075907,-0.016838019666531978
2016-03-31,1017678.4311375071,0.0012397202910767735,-0.015619173810097364
2016-04-01,1009923.4697037614,-0.007620247414576342,-0.023120399255829427
2016-04-05,1025356.9113396546,0.015281793223817397,-0.008191927192691684
2016-04-06,1020451.8451665576,-0.004783764676329572,-0.01293650361708576
2016-04-07,1006827.9329224674,-0.013350862471973368,-0.02611465260839929
2016-04-08,1001529.6846379874,-0.005262317533345495,-0.03123954654744643
2016-04-11,1036890.5088165787,0.03530681588471607,0.0
2016-04-12,1042864.5917342788,0.0057615368902532715,0.0
2016-04-13,1048591.5623895787,0.005491576471856163,0.0
2016-04-14,1054571.5077276789,0.005702835644102233,0.0
2016-04-15,1041521.5072760641,-0.012374694703950473,-0.012374694703950473
2016-04-18,1042729.1032779373,0.0011594537351720113,-0.011229588854774653
2016-04-19,1049545.2485945907,0.006536832332794784,-0.0047661624614896425
2016-04-20,1023469.0996377635,-0.02484518794377366,-0.029492934203137033
2016-04-21,1037961.5030751922,0.014160079129460934,-0.015750477355752524
2016-04-22,1075367.340375292,0.03603778867450935,0.0
2016-04-25,1035762.5595754716,-0.036829071623096565,-0.036829071623096565
2016-04-26,1038382.3026474208,0.002529289215689623,-0.03439293378108721
2016-04-27,1020808.5515568444,-0.016924162753709338,-0.05073502492590787
2016-04-28,1019871.9957772836,-0.0009174646687005739,-0.051605942001773264
2016-04-29,1013913.0501353715,-0.005842836813428232,-0.05714725371748197
2016-05-03,1027411.4401308092,0.013313163287163032,-0.04459490115047271
2016-05-04,1030794.2521420749,0.003292558247974142,-0.04144917421209915
2016-05-05,1031016.851995424,0.0002159498395402082,-0.04124217531507901
2016-05-06,1009902.0720886991,-0.020479568171809737,-0.060877121545969914
2016-05-09,996271.1467036975,-0.013497274400883108,-0.0735527207326111
2016-05-10,996674.1009375274,0.00040446241483871326,-0.07317800762881788
2016-05-11,998159.5985653789,0.0014904547298402182,-0.0717966214065684
2016-05-12,1003688.2814352924,0.005538876626402844,-0.06665541740832892
2016-05-13,999721.3036137449,-0.003952400257054567,-0.07034436877648476
2016-05-16,1001306.0792505359,0.0015852174311605793,-0.0688706624648927
2016-05-17,999327.5112766899,-0.001975987177993521,-0.07071056209691573
2016-05-18,997011.5112766899,-0.0023175585319783476,-0.07286424476240538
2016-05-19,995937.13221669,-0.001077599453815914,-0.07386332574586263
2016-05-20,995715.13221669,-0.00022290563612770153,-0.07406976683037847
2016-05-23,995675.13313669,-4.017120831634191e-05,-0.0741069625666615
2016-05-24,995675.13313669,0.0,-0.0741069625666615
2016-05-25,995675.13313669,0.0,-0.0741069625666615
2016-05-26,995675.13313669,0.0,-0.0741069625666615
2016-05-27,995675.13313669,0.0,-0.0741069625666615
2016-05-30,995675.13313669,0.0,-0.0741069625666615
2016-05-31,995675.13313669,0.0,-0.0741069625666615
2016-06-01,995675.13313669,0.0,-0.0741069625666615
2016-06-02,995675.13313669,0.0,-0.0741069625666615
2016-06-03,995675.13313669,0.0,-0.0741069625666615
2016-06-06,995675.13313669,0.0,-0.0741069625666615
2016-06-07,995675.13313669,0.0,-0.0741069625666615
2016-06-08,995675.13313669,0.0,-0.0741069625666615
2016-06-13,995675.13313669,0.0,-0.0741069625666615
2016-06-14,995675.13313669,0.0,-0.0741069625666615
2016-06-15,995675.13313669,0.0,-0.0741069625666615
2016-06-16,995675.13313669,0.0,-0.0741069625666615
2016-06-17,995675.13313669,0.0,-0.0741069625666615
2016-06-20,995675.13313669,0.0,-0.0741069625666615
2016-06-21,995675.13313669,0.0,-0.0741069625666615
2016-06-22,995675.13313669,0.0,-0.0741069625666615
2016-06-23,995675.13313669,0.0,-0.0741069625666615
2016-06-24,995675.13313669,0.0,-0.0741069625666615
2016-06-27,995675.13313669,0.0,-0.0741069625666615
2016-06-28,995675.13313669,0.0,-0.0741069625666615
2016-06-29,995675.13313669,0.0,-0.0741069625666615
2016-06-30,995675.13313669,0.0,-0.0741069625666615
2016-07-01,995675.13313669,0.0,-0.0741069625666615
2016-07-04,995675.13313669,0.0,-0.0741069625666615
2016-07-05,995675.13313669,0.0,-0.0741069625666615
2016-07-06,995675.13313669,0.0,-0.0741069625666615
2016-07-07,995675.13313669,0.0,-0.0741069625666615
2016-07-08,995675.13313669,0.0,-0.0741069625666615
2016-07-11,995675.13313669,0.0,-0.0741069625666615
2016-07-12,995675.13313669,0.0,-0.0741069625666615
2016-07-13,995675.13313669,0.0,-0.0741069625666615
2016-07-14,995675.13313669,0.0,-0.0741069625666615
2016-07-15,995675.13313669,0.0,-0.0741069625666615
2016-07-18,995675.13313669,0.0,-0.0741069625666615
2016-07-19,995675.13313669,0.0,-0.0741069625666615
2016-07-20,995675.13313669,0.0,-0.0741069625666615
2016-07-21,995675.13313669,0.0,-0.0741069625666615
2016-07-22,995675.13313669,0.0,-0.0741069625666615
2016-07-25,996174.13313669,0.0005011674826387313,-0.07364293508389841
2016-07-26,996174.13313669,0.0,-0.07364293508389841
2016-07-27,995675.13313669,-0.0005009164396075905,-0.0741069625666615
2016-07-28,995675.13313669,0.0,-0.0741069625666615
2016-07-29,995675.13313669,0.0,-0.0741069625666615
2016-08-01,995675.13313669,0.0,-0.0741069625666615
2016-08-02,995675.13313669,0.0,-0.0741069625666615
2016-08-03,995675.13313669,0.0,-0.0741069625666615
2016-08-04,995675.13313669,0.0,-0.0741069625666615
2016-08-05,995675.13313669,0.0,-0.0741069625666615
2016-08-08,995675.13313669,0.0,-0.0741069625666615
2016-08-09,995675.13313669,0.0,-0.0741069625666615
2016-08-10,995675.13313669,0.0,-0.0741069625666615
2016-08-11,995675.13313669,0.0,-0.0741069625666615
2016-08-12,995675.13313669,0.0,-0.0741069625666615
2016-08-15,995675.13313669,0.0,-0.0741069625666615
2016-08-16,995675.13313669,0.0,-0.0741069625666615
2016-08-17,995675.13313669,0.0,-0.0741069625666615
2016-08-18,995675.13313669,0.0,-0.0741069625666615
2016-08-19,995675.13313669,0.0,-0.0741069625666615
2016-08-22,995675.13313669,0.0,-0.0741069625666615
2016-08-23,995675.13313669,0.0,-0.0741069625666615
2016-08-24,995675.13313669,0.0,-0.0741069625666615
2016-08-25,995675.13313669,0.0,-0.0741069625666615
2016-08-26,995675.13313669,0.0,-0.0741069625666615
2016-08-29,995675.13313669,0.0,-0.0741069625666615
2016-08-30,995675.13313669,0.0,-0.0741069625666615
2016-08-31,995675.13313669,0.0,-0.0741069625666615
2016-09-01,995675.13313669,0.0,-0.0741069625666615
2016-09-02,995675.13313669,0.0,-0.0741069625666615
2016-09-05,995675.13313669,0.0,-0.0741069625666615
2016-09-06,995675.13313669,0.0,-0.0741069625666615
2016-09-07,995675.13313669,0.0,-0.0741069625666615
2016-09-08,995675.13313669,0.0,-0.0741069625666615
2016-09-09,995675.13313669,0.0,-0.0741069625666615
2016-09-12,995675.13313669,0.0,-0.0741069625666615
2016-09-13,995675.13313669,0.0,-0.0741069625666615
2016-09-14,995675.13313669,0.0,-0.0741069625666615
2016-09-19,995675.13313669,0.0,-0.0741069625666615
2016-09-20,995675.13313669,0.0,-0.0741069625666615
2016-09-21,995675.13313669,0.0,-0.0741069625666615
2016-09-22,995675.13313669,0.0,-0.0741069625666615
2016-09-23,995675.13313669,0.0,-0.0741069625666615
2016-09-26,995675.13313669,0.0,-0.0741069625666615
2016-09-27,995675.13313669,0.0,-0.0741069625666615
2016-09-28,995675.13313669,0.0,-0.0741069625666615
2016-09-29,995675.13313669,0.0,-0.0741069625666615
2016-09-30,995675.13313669,0.0,-0.0741069625666615
2016-10-10,995675.13313669,0.0,-0.0741069625666615
2016-10-11,995675.13313669,0.0,-0.0741069625666615
2016-10-12,995675.13313669,0.0,-0.0741069625666615
2016-10-13,995675.13313669,0.0,-0.0741069625666615
2016-10-14,995675.13313669,0.0,-0.0741069625666615
2016-10-17,995675.13313669,0.0,-0.0741069625666615
2016-10-18,995675.13313669,0.0,-0.0741069625666615
2016-10-19,995675.13313669,0.0,-0.0741069625666615
2016-10-20,995675.13313669,0.0,-0.0741069625666615
2016-10-21,995675.13313669,0.0,-0.0741069625666615
2016-10-24,995675.13313669,0.0,-0.0741069625666615
2016-10-25,995675.13313669,0.0,-0.0741069625666615
2016-10-26,995675.13313669,0.0,-0.0741069625666615
2016-10-27,995675.13313669,0.0,-0.0741069625666615
2016-10-28,995675.13313669,0.0,-0.0741069625666615
2016-10-31,995675.13313669,0.0,-0.0741069625666615
2016-11-01,995675.13313669,0.0,-0.0741069625666615
2016-11-02,995675.13313669,0.0,-0.0741069625666615
2016-11-03,995675.13313669,0.0,-0.0741069625666615
2016-11-04,995675.13313669,0.0,-0.0741069625666615
2016-11-07,994125.760936662,-0.0015561021345857906,-0.07554774669860964
2016-11-08,1004282.4615598378,0.01021671605572938,-0.06610288051955016
2016-11-09,999713.7220865902,-0.004549257453078881,-0.07035141895075547
2016-11-10,1013022.3967358745,0.013312485719918499,-0.05797548549099496
2016-11-11,1009084.6928593001,-0.00388708471724053,-0.06163721458460891
2016-11-14,1004969.4038236251,-0.004078239482569135,-0.06546408274506355
2016-11-15,1011167.9215859657,0.006167867139792449,-0.05969998937007104
2016-11-16,1004596.4496206915,-0.006498892839645443,-0.06581089837627241
2016-11-17,1006223.7242493725,0.0016198291655276087,-0.06429767162334432
2016-11-18,1001226.7560780534,-0.004966060778428538,-0.06894442625657982
2016-11-21,998408.1518156534,-0.0028151507590955527,-0.07156548806176388
2016-11-22,1006134.5215874253,0.007738688589151721,-0.06438062249845278
2016-11-23,1007063.4374786252,0.0009232521807664984,-0.06351680986780717
2016-11-24,1007950.5414018254,0.000880881869190997,-0.06269187880481752
2016-11-25,1007866.3955330254,-8.348214058495618e-05,-0.06277012729316256
2016-11-28,1012154.1061921725,0.0042542450846170254,-0.0587829217140432
2016-11-29,1006740.3626261726,-0.005348734479146633,-0.06381724195303295
2016-11-30,1010099.1644956286,0.003336313903908872,-0.06069384240076103
2016-12-01,1024772.6977525849,0.014526824467064436,-0.04704870672848416
2016-12-02,1017454.9453725847,-0.0071408541582427265,-0.05385359293364489
2016-12-05,1017965.6962985852,0.0005019887399666523,-0.05337863809093768
2016-12-06,1024152.5686365304,0.006077682539245899,-0.04762537396838573
2016-12-07,1031702.4638300304,0.007371846172832708,-0.04060461472637167
2016-12-08,1025402.4739952448,-0.006106401850973442,-0.04646306848282189
2016-12-09,1031809.3483552446,0.006248155746140238,-0.040505221225005994
2016-12-12,1013851.6303192447,-0.017404104803494413,-0.05720436891321157
2016-12-13,1019454.7897850948,0.005526606949466384,-0.05199390802652093
2016-12-14,1017509.3595591269,-0.001908304561870744,-0.0538029923765152
2016-12-15,1019437.7407991269,0.0018951975447534242,-0.05200976213081421
2016-12-16,1034805.6914590704,0.015074928114684694,-0.037718877441513254
2016-12-19,1032560.0819590705,-0.0021700784200689993,-0.0398071029396172
2016-12-20,1021060.1294972387,-0.011137320396904182,-0.050501078877010386
2016-12-21,1034437.8713401386,0.01310181590332693,-0.03806091881204943
2016-12-22,1033904.5600601387,-0.0005155566078695051,-0.038556852861723834
2016-12-23,1018858.7928601386,-0.014552375317045674,-0.052548134384881595
2016-12-26,1011527.1373789068,-0.007195948577575106,-0.059365949289575504
2016-12-27,1008742.1205682901,-0.0027532793809499356,-0.06195577762641602
2016-12-28,1000892.5428853533,-0.007781550430861928,-0.06925521604919471
2016-12-29,990956.3943322063,-0.009927288022851366,-0.07849498759524087
2016-12-30,989794.6501573703,-0.0011723464135058315,-0.07957531069156132
2017-01-03,989507.3823626246,-0.00029022969026959444,-0.07984244526405582
2017-01-04,997450.3921282392,0.008027236488776124,-0.0724561229652565
2017-01-05,998929.2989425682,0.00148268708499244,-0.0710808656380133
2017-01-06,1002624.0006237099,0.0036986618422871764,-0.06764510788117817
2017-01-09,1005251.5934879105,0.0026207161035103343,-0.0652016704012156
2017-01-10,997322.6967916773,-0.007887474884493706,-0.07257486874799268
2017-01-11,996295.8113986447,-0.0010296420570152787,-0.07352978466786264
2017-01-12,989651.6257106961,-0.006668888508746362,-0.07970831124058697
2017-01-13,976091.24000104,-0.013702181007299363,-0.0923183145394817
2017-01-16,975693.9495161896,-0.000407021873129354,-0.09268776083930308
2017-01-17,979448.2031038812,0.003847777870871427,-0.08919662488348967
2017-01-18,977995.7092513818,-0.0014829715832817003,-0.09054732040674451
2017-01-19,971284.6706683246,-0.00686203274674313,-0.09678801447572671
2017-01-20,976714.2631311809,0.005590114440002791,-0.09173895611306393
2017-01-23,980414.2567311808,0.0037882047387516327,-0.08829827732258788
2017-01-24,976821.8808154669,-0.0036641408374571416,-0.09163888083623029
2017-01-25,977434.0912154671,0.0006267369845249782,-0.09106957732754595
2017-01-26,980856.9003522523,0.003501831138843281,-0.08788665647038962
2017-02-03,980358.5101417167,-0.0005081171477272495,-0.08835011690090788
2017-02-06,980502.5008572517,0.00014687557056469736,-0.08821621780417244
2017-02-07,981156.5750718941,0.0006670806184283506,-0.08760798451487228
2017-02-08,981141.1919140372,-1.567859630946522e-05,-0.08762228954095908
2017-02-09,981750.7246931449,0.0006212487908274777,-0.08705547599155838
2017-02-10,982469.9891563592,0.0007326345121254629,-0.08638662132561392
2017-02-13,985152.8178720733,0.002730697879146149,-0.08389181921010813
2017-02-14,985521.2620824302,0.0003739970121110492,-0.08354919748772227
2017-02-15,989690.0666713571,0.004230050379753436,-0.07967256442252979
2017-02-16,989634.0669029644,-5.6583136760268715e-05,-0.07972463943568131
2017-02-17,985931.5085659999,-0.0037413408256564695,-0.08316770321300626
2017-02-20,1005337.1952825137,0.019682591080529166,-0.06512206802592557
2017-02-21,1024368.0346071522,0.018929807246702568,-0.04742500897446045
2017-02-22,1033984.2169446873,0.009387429139394055,-0.03848277874624917
2017-02-23,1018465.8019782779,-0.015008367354256813,-0.05291358242026967
2017-02-24,1016100.4178522071,-0.0023224973499121893,-0.05511318811523647
2017-02-27,1016887.9140183332,0.0007750180516514771,-0.054380883779258316
2017-02-28,1013134.8462512746,-0.0036907388860862866,-0.0578709170229208
2017-03-01,1014932.9528203746,0.0017747949108188887,-0.056198831121118564
2017-03-02,1003203.1462306768,-0.011557223122081295,-0.06710655181273295
2017-03-03,1000994.7714902787,-0.002201323579073322,-0.06916015215699056
2017-03-06,1000325.2071632001,-0.0006688989254975963,-0.06978278993102305
2017-03-07,998199.7116427537,-0.002124804518796486,-0.07175931966243998
2017-03-08,997732.7707029991,-0.0004677830841948172,-0.0721935349507633
2017-03-09,995741.3721648385,-0.001995923754972484,-0.07404536591437205
2017-03-10,992804.8872712697,-0.0029490437734696062,-0.07677604666253768
2017-03-13,996536.389749985,0.0037585456382787097,-0.07330606729956668
2017-03-14,998156.6931496914,0.0016259350048550836,-0.07179932319560212
2017-03-15,996566.4426114734,-0.0015931872712289241,-0.07327812069903294
2017-03-16,1001444.2180715322,0.00489458128579634,-0.06874220513146834
2017-03-17,994626.7375306148,-0.006807648811479217,-0.07508188115188585
2017-03-20,1009050.4645907807,0.014501648222303043,-0.06166904395791628
2017-03-21,1000062.0170569748,-0.008907827555930115,-0.0700275343047303
2017-03-22,1002491.567700449,0.002429399979237301,-0.06776825921587892
2017-03-23,1003957.9366868802,0.0014627245092890817,-0.06640466100029663
2017-03-24,1005701.8448226927,0.0017370330689028268,-0.06478297502348074
2017-03-27,999629.7029758417,-0.006037715728682502,-0.0704295495649131
2017-03-28,996254.5508200602,-0.0033764024275527715,-0.07356815349034351
2017-03-29,987941.7002358667,-0.00834410299792443,-0.08129839623817736
2017-03-30,983269.661201494,-0.004729063499655073,-0.085642994459602
2017-03-31,987319.3814068431,0.004118626217349597,-0.08187709972456592
2017-04-05,996958.9271057504,0.009763351029503653,-0.07291314356095091
2017-04-06,1001713.6935038045,0.004769270096068645,-0.06849161594007802
2017-04-07,1003193.5476839811,0.0014773225022015612,-0.06711547764331682
2017-04-10,996907.1451590855,-0.006266390508001818,-0.07296129635927462
2017-04-11,996164.6759026337,-0.0007447727303964147,-0.07365172950576826
2017-04-12,989179.6022924862,-0.007011966775290701,-0.0801472528008218
2017-04-13,994680.2801912895,0.00556084849106786,-0.07503209103955455
2017-04-14,987575.4880007305,-0.00714278983111305,-0.08163894241378311
2017-04-17,986531.4590373895,-0.0010571637064975548,-0.082609800393324
2017-04-18,992790.3235643466,0.006344313168750171,-0.07678958966907712
2017-04-19,989108.7706633685,-0.003708288460911424,-0.08021312018070048
2017-04-20,990872.8775043054,0.001783531693641427,-0.07857265112914713
2017-04-21,986880.0725697959,-0.004029583436137796,-0.0822856195117615
2017-04-24,982824.6715957124,-0.00410931488719124,-0.0860567968776913
2017-04-25,998610.4142723291,0.016061606034967424,-0.0713774012108046
2017-04-26,990038.821841457,-0.008583519967712339,-0.07934825182998051
2017-04-27,988040.4170951125,-0.002018511499001119,-0.08120659797023722
2017-04-28,981807.0172840107,-0.00630885103812695,-0.08700312867845683
2017-05-02,987907.2835120364,0.006213304774395523,-0.08133040085886656
2017-05-03,978477.37872493,-0.009545333802563838,-0.09009940883693612
2017-05-04,975663.7380633747,-0.002875529596015669,-0.09271585491625767
2017-05-05,971059.4475033747,-0.004719136707016736,-0.09699745282901662
2017-05-08,964051.4500249746,-0.007216857316426739,-0.10351429336831952
2017-05-09,962133.6729249747,-0.001989289160812202,-0.10529766266734497
2017-05-10,959568.8929218466,-0.002665721069018301,-0.1076826895384726
2017-05-11,962602.9570818467,0.003161903415565659,-0.10486126838675591
2017-05-12,963047.0190018467,0.0004613136877806845,-0.10444832863740017
2017-05-15,963692.2369218466,0.0006699755123780182,-0.10384833094751789
2017-05-16,967604.8623618467,0.004060036275167489,-0.1002099226631129
2017-05-17,966905.1553218467,-0.0007231330341727071,-0.10086059059185604
2017-05-18,967176.2170818467,0.00028033955399653365,-0.10060852625084171
2017-05-19,965943.3778818466,-0.0012746789863379293,-0.1017549616629213
2017-05-22,965980.3383618467,3.826360928238515e-05,-0.10172059156573454
2017-05-23,964845.5554818467,-0.0011747473886730697,-0.10277584295509146
2017-05-24,966144.0862968467,0.001345843184561879,-0.10156831993830828
2017-05-25,965573.9806968467,-0.0005900834131119526,-0.10209846957052704
2017-05-26,967266.3800568467,0.0017527391933018777,-0.10052468236641754
2017-05-31,968064.8734968468,0.0008255155523477775,-0.09978215150275804
2017-06-01,968021.5774968467,-4.472427539248258e-05,-0.09982241309372741
2017-06-02,966412.1313528467,-0.0016626139142080776,-0.10131906087497611
2017-06-05,967871.6039928467,0.0015101969363287004,-0.09996187567397252
2017-06-06,969218.1691128467,0.0013912642074060955,-0.09870968484629672
2017-06-07,970582.3943928467,0.0014075523173990856,-0.09744107157455284
2017-06-08,970397.8171128468,-0.00019017167534285395,-0.09761271271806715
2017-06-09,971909.2411128466,0.001557530296695031,-0.09620721717877323
2017-06-12,970000.7111928468,-0.0019636915045838643,-0.09798198738830355
2017-06-13,970724.4475128467,0.0007461193704796365,-0.09730897427657248
2017-06-14,985085.3023128468,0.014793956036437406,-0.08395460292753343
2017-06-15,986550.9496728467,0.001487838014188947,-0.08259167576304616
2017-06-16,986257.5813528467,-0.0002973676322518548,-0.08286448330423257
2017-06-19,990485.7131928467,0.004287046223969471,-0.07893268095051365
2017-06-20,990298.8203928468,-0.000188688032053963,-0.07910647533033432
2017-06-21,990927.3093528467,0.0006346457726269517,-0.07852203414786307
2017-06-22,989079.4783128467,-0.0018647493338403986,-0.08024035957083442
2017-06-23,993318.6731928467,0.004286000238556298,-0.0762982695325406
2017-06-26,1000187.5615128467,0.0069150902981831575,-0.06991078865777012
2017-06-27,1004334.020317548,0.0041456812344571325,-0.0660549352679376
2017-06-28,1007247.9024788325,0.0029013078341837417,-0.06334527313493321
2017-06-29,1006154.5275700811,-0.0010855072580053804,-0.06436201863919033
2017-06-30,1010180.9034044752,0.00400174697232436,-0.06061783218008787
2017-07-03,1008578.6848949641,-0.0015860708751386232,-0.062107758877091634
2017-07-04,1004302.9308046472,-0.004239385735940071,-0.06608384586595706
2017-07-05,1012646.3257910842,0.008307647753006409,-0.058325199426568886
2017-07-06,1016247.1430596726,0.0035558488456226556,-0.05497674617399784
2017-07-07,1029162.8290117065,0.01270919779724844,-0.04296625871812387
2017-07-10,1026300.9456072026,-0.002780787766355819,-0.04562756643787025
2017-07-11,1017240.1529922956,-0.008828592289317538,-0.05405333154595415
2017-07-12,1053973.0436292707,0.03611034280245651,-0.01989487307523674
2017-07-13,1051302.040104208,-0.0025342237557284264,-0.02237867877100075
2017-07-14,1053084.7255803589,0.0016956929675264742,-0.020720933171688882
2017-07-17,1034614.0142233671,-0.01753962516815777,-0.03789712093888076
2017-07-18,1043725.872362119,0.00880701209676893,-0.029423869244653234
2017-07-19,1067855.508366031,0.02311874855540652,-0.006985363723841065
2017-07-20,1069127.219521263,0.001190901901304775,-0.005802780705476351
2017-07-21,1068527.335561263,-0.0005610968919756987,-0.0063606216752334355
2017-07-24,1073023.4842812628,0.004207799436069859,-0.002179586459461591
2017-07-25,1079609.2518012628,0.0061375800403951075,0.0
2017-07-26,1084447.485708183,0.004481467622519775,0.0
2017-07-27,1076740.839646139,-0.0071065184470516796,-0.0071065184470516796
2017-07-28,1088101.1145559584,0.010550612080018285,0.0
2017-07-31,1008870.3505074531,-0.07281562622131721,-0.07281562622131721
2017-08-01,1006219.9405626061,-0.0026271065885857814,-0.07525143839850501
2017-08-02,1101970.027006957,0.09515820804625896,0.0
2017-08-03,1102016.6378506622,4.2297741828623e-05,0.0
2017-08-04,1090417.9649455112,-0.010524952624828554,-0.010524952624828554
2017-08-07,1103838.9378184024,0.0123080995584679,0.0
2017-08-08,1103175.1897911734,-0.0006013087638861991,-0.0006013087638861991
2017-08-09,1101903.9938070737,-0.0011523065383117759,-0.0017529224101777707
2017-08-10,1104104.369541704,0.0019968851614993177,0.0
2017-08-11,1085540.318042938,-0.016813674513824872,-0.016813674513824872
2017-08-14,1097250.0779155772,0.010787033588720352,-0.006208010596835067
2017-08-15,1096753.1590593243,-0.00045287657413239923,-0.006658075708396161
2017-08-16,1096934.8002822446,0.00016561723248287308,-0.0064935611679857175
2017-08-17,1083638.2109463445,-0.012121585833979154,-0.01853643474289901
2017-08-18,1089440.9071035662,0.005354827929290318,-0.013280866232079358
2017-08-21,1065392.945656969,-0.022073672183406612,-0.0350613809279674
2017-08-22,1064138.7742078688,-0.00117719143365147,-0.036197298404338496
2017-08-23,1057501.0322478488,-0.0062376657264097135,-0.04220917748310282
2017-08-24,1065489.481744759,0.0075540819850830054,-0.034973947085250034
2017-08-25,1080778.8322473879,0.014349602473402445,-0.02112620684944677
2017-08-28,1088899.7479293877,0.00751394775664993,-0.013771000307359893
2017-08-29,1083370.589410768,-0.0050777480012589304,-0.018778822639332837
2017-08-30,1080271.232375268,-0.0028608465706879693,-0.021585945879671553
2017-08-31,1080776.904777668,0.0004680976288595762,-0.02112795258089495
2017-09-01,1085782.7198168177,0.004631682095556533,-0.01659412844502306
2017-09-04,1087496.749221118,0.0015786117913070274,-0.015041712340545854
2017-09-05,1086617.0404611262,-0.0008089300134660471,-0.015838474661445612
2017-09-06,1087033.1001995665,0.000382894546052448,-0.015461644580958889
2017-09-07,1083832.1215921163,-0.002944692858812159,-0.018360807645388055
2017-09-08,1081666.0858198164,-0.0019984974878932693,-0.020322611105326294
2017-09-11,1083878.7795861464,0.002045634780767802,-0.018318548964671666
2017-09-12,1081384.229040853,-0.002301503260582205,-0.020577892025082534
2017-09-13,1083145.8154632128,0.0016290106467728993,-0.01898240298350662
2017-09-14,1089720.8615788529,0.0060703240706592165,-0.01302730825059717
2017-09-15,1089351.833806923,-0.00033864431244834403,-0.013361540939199945
2017-09-18,1075554.1857584927,-0.01266592447016135,-0.025858229141020428
2017-09-19,1089098.267637663,0.012592654148446236,-0.013591198729038356
2017-09-20,1084140.6094119921,-0.004552076128469529,-0.01808140668621616
2017-09-21,1077724.2887471835,-0.005918347315011729,-0.023892741956514807
2017-09-22,1071830.8658422537,-0.005468395735778286,-0.029230482724062146
2017-09-25,1062003.1516065036,-0.009169090524396628,-0.03813155630629006
2017-09-26,1059045.44796362,-0.002785023413922505,-0.04081038244309021
2017-09-27,1059706.3581530722,0.0006240621596769191,-0.04021178849881801
2017-09-28,1062407.9586115011,0.0025493859102039274,-0.03776491795563708
2017-09-29,1066396.3221305232,0.003754079105576791,-0.03415261133948122
2017-10-09,1088816.3848531498,0.021024137328075287,-0.013846503202319504
2017-10-10,1086210.7817277147,-0.0023930601722038647,-0.01620642785918558
2017-10-11,1093954.7937708846,0.007129382412180085,-0.009192587268749053
2017-10-12,1095464.5992977896,0.0013801352080562435,-0.007825139074035703
2017-10-13,1098170.6421980427,0.0024702239597589326,-0.005374244960305918
2017-10-16,1093230.4081828627,-0.004498603245568389,-0.009848671610053428
2017-10-17,1112148.0688237324,0.017304367404410437,0.0
2017-10-18,1118704.0236486625,0.0058948578959130415,0.0
2017-10-19,1111452.9845164926,-0.00648164213133029,-0.00648164213133029
2017-10-20,1113022.5845481327,0.0014122055125191935,-0.005078590029559127
2017-10-23,1123342.1044012127,0.009271617661980702,0.0
2017-10-24,1133106.1227466525,0.00869193659454659,0.0
2017-10-25,1132566.2671383426,-0.000476438700199755,-0.000476438700199755
2017-10-26,1120306.5240000025,-0.01082474685504875,-0.01129602822692688
2017-10-27,1112559.4018163527,-0.006915180816754574,-0.018133094965981145
2017-10-30,1118473.1407681226,0.0053154365889274136,-0.01291404369350635
2017-10-31,1123752.0558548425,0.004719751323750687,-0.008255243444573068
2017-11-01,1114383.7135408726,-0.008336663114572374,-0.016523085375619306
2017-11-02,1110184.0128505225,-0.003768630714285792,-0.02022944668286375
2017-11-03,1103958.5434813478,-0.005607601349969071,-0.025723609360304933
2017-11-06,1114384.8725583344,0.009444493308695234,-0.01652206250808863
2017-11-07,1108810.4677663741,-0.005002225828104501,-0.02144164124838155
2017-11-08,1104083.5486552042,-0.004263054190579485,-0.02561328856038425
2017-11-09,1108713.0320001964,0.004193055272520674,-0.021527631222508226
2017-11-10,1112526.2722101964,0.003439339215775883,-0.018162332833018713
2017-11-13,1113098.2331705962,0.0005141100706445023,-0.017657560200590172
2017-11-14,1095933.2691820117,-0.01542088872038816,-0.03280615365005146
2017-11-15,1090122.262296012,-0.005302336419020337,-0.03793454080580516
2017-11-16,1088077.7577785412,-0.0018754818502326742,-0.03973887711325963
2017-11-17,1081530.910085481,-0.0060168932286848165,-0.04551666576132618
2017-11-20,1086864.047606097,0.00493110041597844,-0.0408100125948172
2017-11-21,1085826.848473987,-0.0009543043901346637,-0.041725371810771184
2017-11-22,1090038.233940395,0.0038785055576096017,-0.03800869833962306
2017-11-23,1072199.3703012902,-0.0163653558963881,-0.05375202836052473
2017-11-24,1074217.925131392,0.001882630120864981,-0.05197059342730881
2017-11-27,1075237.4377051243,0.0009490742519564499,-0.05107084312743304
2017-11-28,1071311.66082434,-0.0036510790483290645,-0.05453545849043906
2017-11-29,1063126.0717243275,-0.00764071688878476,-0.06175948538049825
2017-11-30,1057685.4214432635,-0.005117596516318712,-0.066561021769584
2017-12-01,1058031.8133036008,0.0003274998910967053,-0.06625532060586814
2017-12-04,1059094.3309935208,0.001004239831505993,-0.06531761700636374
2017-12-05,1054530.911916241,-0.004308793790822052,-0.06934497065459755
2017-12-06,1057700.994419036,0.0030061541743089393,-0.0665472781532892
2017-12-07,1053221.064419036,-0.004235535395767154,-0.07050095019694613
2017-12-08,1053904.487840456,0.000648888865317998,-0.06989780861320516
2017-12-11,1053623.6878404561,-0.0002664378064991535,-0.07014562300089833
2017-12-12,1052032.487840456,-0.0015102166156321095,-0.07154990453116061
2017-12-13,1052032.487840456,0.0,-0.07154990453116061
2017-12-14,1052874.8878404559,0.0008007357279709026,-0.07080646136808078
2017-12-15,1053342.887840456,0.0004444972573713901,-0.07039343738859172
2017-12-18,1052687.6878404561,-0.0006220196742802164,-0.070971670959876
2017-12-19,1053155.6878404561,0.0004445763025500149,-0.07055864698038716
2017-12-20,1051658.087840456,-0.00142201197533387,-0.07188032371475161
2017-12-21,1051002.8878404559,-0.0006230161756712871,-0.07245855728603612
2017-12-22,1051025.675768456,2.168207933950228e-05,-0.07243844625888463
2017-12-25,1051025.675768456,0.0,-0.07243844625888463
2017-12-26,1051025.675768456,0.0,-0.07243844625888463
2017-12-27,1051025.675768456,0.0,-0.07243844625888463
2017-12-28,1051025.675768456,0.0,-0.07243844625888463
2017-12-29,1051025.675768456,0.0,-0.07243844625888463
2018-01-02,1051025.675768456,0.0,-0.07243844625888463
2018-01-03,1051025.675768456,0.0,-0.07243844625888463
2018-01-04,1051025.675768456,0.0,-0.07243844625888463
2018-01-05,1051025.675768456,0.0,-0.07243844625888463
2018-01-08,1051025.675768456,0.0,-0.07243844625888463
2018-01-09,1051025.675768456,0.0,-0.07243844625888463
2018-01-10,1051025.675768456,0.0,-0.07243844625888463
2018-01-11,1051025.675768456,0.0,-0.07243844625888463
2018-01-12,1051025.675768456,0.0,-0.07243844625888463
2018-01-15,1051053.6757684562,2.6640643179032253e-05,-0.07241373542250473
2018-01-16,1051053.6757684562,0.0,-0.07241373542250473
2018-01-17,1051053.6757684562,0.0,-0.07241373542250473
2018-01-18,1051053.6757684562,0.0,-0.07241373542250473
2018-01-19,1051053.6757684562,0.0,-0.07241373542250473
2018-01-22,1051053.6757684562,0.0,-0.07241373542250473
2018-01-23,1051053.6757684562,0.0,-0.07241373542250473
2018-01-24,1051053.6757684562,0.0,-0.07241373542250473
2018-01-25,1051053.6757684562,0.0,-0.07241373542250473
2018-01-26,1051053.6757684562,0.0,-0.07241373542250473
2018-01-29,1051053.6757684562,0.0,-0.07241373542250473
2018-01-30,1051053.6757684562,0.0,-0.07241373542250473
2018-01-31,1051053.6757684562,0.0,-0.07241373542250473
2018-02-01,1051053.6757684562,0.0,-0.07241373542250473
2018-02-02,1051053.6757684562,0.0,-0.07241373542250473
2018-02-05,1051053.6757684562,0.0,-0.07241373542250473
2018-02-06,1051053.6757684562,0.0,-0.07241373542250473
2018-02-07,1051053.6757684562,0.0,-0.07241373542250473
2018-02-08,1051053.6757684562,0.0,-0.07241373542250473
2018-02-09,1047000.6757684562,-0.003856130370351152,-0.07599062898846265
2018-02-12,1046600.6757684562,-0.0003820436884688361,-0.07634364093674373
2018-02-13,1038600.6757684562,-0.007643794032643925,-0.08340387990236497
2018-02-14,1041100.6757684562,0.0024070848963682057,-0.08119755522560834
2018-02-22,1041300.6757684562,0.0001921043801573763,-0.0810210492514678
2018-02-23,1040100.6757684562,-0.001152404898915882,-0.08208008509631104
2018-02-26,1043700.6757684562,0.003461203404507174,-0.07890297756178144
2018-02-27,1045600.6757684562,0.001820445309763885,-0.07722617080744631
2018-02-28,1049400.6757684562,0.0036342746213386956,-0.07387255729877629
2018-03-01,1051700.6757684562,0.0021917271954450257,-0.07184273859616008
2018-03-02,1049600.6757684562,-0.0019967658558986967,-0.07369605132463575
2018-03-05,1050100.6757684562,0.0004763716445150834,-0.0732547863892844
2018-03-06,1049200.6757684562,-0.0008570606807213332,-0.07404906327291683
2018-03-07,1049400.6757684562,0.00019062130307290204,-0.07387255729877629
2018-03-08,1049600.6757684562,0.00019058497351687187,-0.07369605132463575
2018-03-09,1052100.6757684562,0.002381858222575639,-0.071489726647879
2018-03-12,1054600.6757684562,0.00237619845474768,-0.06928340197112237
2018-03-13,1053700.6757684562,-0.0008534035874234736,-0.0700776788547548
2018-03-14,1051700.6757684562,-0.0018980722381537474,-0.07184273859616008
2018-03-15,1049300.6757684562,-0.0022820181210270185,-0.07396081028584656
2018-03-16,1048700.6757684562,-0.0005718094096914816,-0.07449032820826806
2018-03-19,1047600.6757684562,-0.0010489170317297125,-0.07546111106604103
2018-03-20,1049800.6757684562,0.0021000368278554227,-0.07351954535049521
2018-03-21,1049400.6757684562,-0.0003810247118646304,-0.07387255729877629
2018-03-22,1050900.6757684562,0.0014293873013770941,-0.07254876249272224
2018-03-23,1049400.6757684562,-0.001427347069601126,-0.07387255729877629
2018-03-26,1050900.6757684562,0.0014293873013770941,-0.07254876249272224
2018-03-27,1050000.6757684562,-0.0008564082417606977,-0.07334303937635467
2018-03-28,1047800.6757684562,-0.0020952367467668154,-0.07528460509190049
2018-03-29,1049200.6757684562,0.0013361319880551559,-0.07404906327291683
2018-03-30,1051100.6757684562,0.0018109023791930134,-0.0723722565185817
2018-04-02,1053000.6757684562,0.0018076289396455891,-0.07069544976424669
2018-04-03,1055900.6757684562,0.002754034319953025,-0.06813611313920898
2018-04-04,1054200.6757684562,-0.00160999991667099,-0.06963641391940345
2018-04-09,1054200.6757684562,0.0,-0.06963641391940345
2018-04-10,1055400.6757684562,0.0011383031974678826,-0.06857737807456021
2018-04-11,1060900.6757684562,0.005211290959232562,-0.0637234637856956
2018-04-12,1059200.6757684562,-0.0016024120248284701,-0.06522376456589019
2018-04-13,1058372.675768456,-0.0007817215556433776,-0.06595449929883213
2018-04-16,1057472.675768456,-0.0008503620894658726,-0.06674877618246455
2018-04-17,1054172.675768456,-0.003120648008802629,-0.06966112475578334
2018-04-18,1054972.675768456,0.0007588889547121003,-0.06895510085922119
2018-04-19,1051672.675768456,-0.0031280431008283704,-0.07186744943253998
2018-04-20,1052172.675768456,0.0004754330995950795,-0.07142618449718863
2018-04-23,1048872.675768456,-0.0031363673244886314,-0.07433853307050742
2018-04-24,1051072.675768456,0.0020974900489119097,-0.0723969673549616
2018-04-25,1051772.675768456,0.0006659862977489439,-0.0717791964454697
2018-04-26,1047972.6757684561,-0.0036129480139075465,-0.07513280995413973
2018-04-27,1051172.675768456,0.003053514727999307,-0.07230871436789132
2018-05-02,1053972.675768456,0.002663691764964282,-0.06983763072992388
2018-05-03,1053672.675768456,-0.0002846373600542407,-0.07010238969113469
2018-05-04,1053572.675768456,-9.490613384943725e-05,-0.07019064267820496
2018-05-07,1057272.675768456,0.0035118602495090023,-0.06692528215660509
2018-05-08,1056572.675768456,-0.0006620808577042503,-0.06754305306609698
2018-05-09,1056672.675768456,9.464564274042075e-05,-0.06745480007902671
2018-05-10,1056572.675768456,-9.463668579035023e-05,-0.06754305306609698
2018-05-11,1054672.675768456,-0.001798267212066662,-0.069219859820432
2018-05-14,1058672.675768456,0.003792645900383862,-0.06568974033762132
2018-05-15,1058272.675768456,-0.00037783160853721576,-0.0660427522859024
2018-05-16,1054072.675768456,-0.003968731401810199,-0.06974937774285361
2018-05-17,1052372.675768456,-0.0016127920200195156,-0.07124967852304809
2018-05-18,1053372.675768456,0.0009502337176037212,-0.0703671486523455
2018-05-21,1053372.675768456,0.0,-0.0703671486523455
2018-05-22,1052372.675768456,-0.0009493316306790067,-0.07124967852304809
2018-05-23,1052572.675768456,0.00019004674352074424,-0.07107317254890755
2018-05-24,1048672.675768456,-0.003705207336066052,-0.07451503904464796
2018-05-25,1045972.6757684561,-0.002574683275714529,-0.07689786969554513
2018-05-28,1046072.6757684561,9.560479190007243e-05,-0.07680961670847486
2018-05-29,1046372.6757684561,0.0002867869574927351,-0.07654485774726405
2018-05-30,1044772.6757684561,-0.001529091916343206,-0.07795690554038825
2018-05-31,1047672.6757684561,0.0027757234346379445,-0.07539756891535054
2018-06-01,1043059.0077460591,-0.004403730410371676,-0.07946926875862159
2018-06-04,1050724.5835666368,0.007349129592526316,-0.07270416912082567
2018-06-05,1057728.9406920716,0.006666216090289723,-0.06652261473256038
2018-06-06,1070935.0052438667,0.012485301331695009,-0.05486786829117363
2018-06-07,1066211.1500073888,-0.004410963516317423,-0.059036811642240616
2018-06-08,1063828.6305680426,-0.002234566238900837,-0.06113945621499339
2018-06-11,1056250.4543014558,-0.00712349343572416,-0.06782742313570622
2018-06-12,1080304.0686210433,0.022772642815567234,-0.04659939000030888
2018-06-13,1076229.3333081428,-0.003771841124417641,-0.05019546562915056
2018-06-14,1059640.0008912142,-0.015414309853398867,-0.06483604702210599
2018-06-15,1064334.4979714933,0.0044302754485776585,-0.060693013120833306
2018-06-19,1043829.2919935433,-0.01926575340462111,-0.0787894699012851
2018-06-20,1029538.462326464,-0.01369077278889741,-0.09140155395960636
2018-06-21,1025895.1761923595,-0.003538756702563317,-0.09461686280047032
2018-06-22,1023344.9476622595,-0.0024858568295109684,-0.09686751565540186
2018-06-25,1009362.1027691058,-0.013663862732792298,-0.1092077939510121
2018-06-26,1003891.4742968658,-0.005419886933769158,-0.11403578698928041
2018-06-27,996191.0338773946,-0.007670590513645492,-0.1208316556770298
2018-06-28,983542.9858773946,-0.012696408188669461,-0.13199393584311103
2018-06-29,991584.1858773946,0.008175748406996863,-0.12489733664681668
2018-07-02,988157.2898773946,-0.0034559808928051883,-0.12792167473060823
2018-07-03,991411.0818773946,0.003292787528191621,-0.12505010609755485
2018-07-04,989558.4653773946,-0.0018686663220384148,-0.1266850954977614
2018-07-05,981225.2733773947,-0.008421121430982725,-0.13403938635606183
2018-07-06,981247.1345531924,2.2279466694197225e-05,-0.13402009321541164
2018-07-09,991275.3025106713,0.0102198188451732,-0.12516993544451316
2018-07-10,991275.6643853937,3.650597584226034e-07,-0.12516961607926125
2018-07-11,991143.0832835278,-0.00013374796399157063,-0.12528662286194858
2018-07-12,991112.7294516216,-3.062507565054773e-05,-0.12531341102529603
2018-07-13,991090.3900613923,-2.253970670085259e-05,-0.12533312620446668
2018-07-16,991069.5506769936,-2.1026724310702072e-05,-0.12535151758368568
2018-07-17,991050.7090806008,-1.9011376527489077e-05,-0.12536814585531408
2018-07-18,991030.7109180775,-2.017874800963604e-05,-0.12538579483110002
2018-07-19,991010.6335490609,-2.0259078548634513e-05,-0.12540351370898228
2018-07-20,990990.6261048629,-2.018892988697729e-05,-0.12542117087612337
2018-07-23,990970.6227563424,-2.0185204575695614e-05,-0.1254388244287068
2018-07-24,990950.6223205086,-2.0182672800350687e-05,-0.12545647541075722
2018-07-25,990930.6218773044,-2.0183087586445048e-05,-0.1254741263993122
2018-07-26,990910.6217597502,-2.0183166321241508e-05,-0.12549177710047144
2018-07-27,990890.6217310407,-2.018348403010073e-05,-0.1255094277232225
2018-07-30,990870.6217176056,-2.0183875996448997e-05,-0.12552707833249332
2018-07-31,990850.6217162809,-2.018427117156385e-05,-0.1255447289310765
2018-08-01,990830.6217156809,-2.0184677853252175e-05,-0.12556237952902005
2018-08-02,990810.6217152702,-2.0185085091606325e-05,-0.12558003012679653
2018-08-03,990790.6217151738,-2.018549222027044e-05,-0.12559768072429567
2018-08-06,990770.621715127,-2.0185899632485516e-05,-0.12561533132175107
2018-08-07,990750.6217151321,-2.0186307058911446e-05,-0.1256329819191605
2018-08-08,990730.6217151294,-2.0186714562053787e-05,-0.12565063251657704
2018-08-09,990710.6217151296,-2.0187122070747243e-05,-0.12566828311399092
2018-08-10,990690.6217151294,-2.018752959931369e-05,-0.12568593371140513
2018-08-13,990670.6217151292,-2.018793714375633e-05,-0.12570358430881934
2018-08-14,990650.6217151291,-2.0188344704852312e-05,-0.12572123490623355
2018-08-15,990630.6217151292,-2.018875228204653e-05,-0.12573888550364742
2018-08-16,990610.6217151291,-2.018915987622716e-05,-0.12575653610106163
2018-08-17,990590.6217151291,-2.018956748650602e-05,-0.12577418669847562
2018-08-20,990570.6217151291,-2.018997511343823e-05,-0.12579183729588972
2018-08-21,990550.6217151291,-2.0190382756690717e-05,-0.1258094878933037
2018-08-22,990530.6217151291,-2.0190790416485527e-05,-0.1258271384907178
2018-08-23,990510.6217151291,-2.0191198092711637e-05,-0.1258447890881319
2018-08-24,990490.6217151291,-2.019160578548007e-05,-0.1258624396855459
2018-08-27,990470.6217151291,-2.0192013494679806e-05,-0.12588009028296
2018-08-28,990450.6217151291,-2.019242122031084e-05,-0.12589774088037398
2018-08-29,990430.6217151291,-2.0192828962373177e-05,-0.12591539147778807
2018-08-30,990410.6217151291,-2.0193236720977836e-05,-0.12593304207520217
2018-08-31,990390.6217151291,-2.0193644496013796e-05,-0.12595069267261616
2018-09-03,990370.6217151291,-2.0194052287481057e-05,-0.12596834327003026
2018-09-04,990350.6217151291,-2.019446009549064e-05,-0.12598599386744425
2018-09-05,990330.6217151291,-2.0194867919931525e-05,-0.12600364446485834
2018-09-06,990310.6217151291,-2.0195275760914733e-05,-0.12602129506227244
2018-09-07,990290.6217151291,-2.019568361832924e-05,-0.12603894565968643
2018-09-10,990270.6217151291,-2.019609149217505e-05,-0.12605659625710053
2018-09-11,990250.6217151291,-2.0196499382563182e-05,-0.12607424685451452
2018-09-12,990230.6217151291,-2.0196907289382615e-05,-0.12609189745192861
2018-09-13,990210.6217151291,-2.019731521263335e-05,-0.1261095480493427
2018-09-14,990190.6217151291,-2.0197723152426406e-05,-0.1261271986467567
2018-09-17,990170.6217151291,-2.0198131108650763e-05,-0.1261448492441708
2018-09-18,990150.6217151291,-2.0198539081417444e-05,-0.12616249984158479
2018-09-19,990130.6217151291,-2.0198947070615425e-05,-0.12618015043899888
2018-09-20,990110.6217151291,-2.019935507635573e-05,-0.12619780103641298
2018-09-21,990090.6217151291,-2.0199763098527335e-05,-0.12621545163382697
2018-09-25,990070.6217151291,-2.0200171137241263e-05,-0.12623310223124107
2018-09-26,990050.6217151291,-2.0200579192386492e-05,-0.12625075282865506
2018-09-27,990030.6217151291,-2.020098726396302e-05,-0.12626840342606915
2018-09-28,990010.6217151291,-2.0201395352192897e-05,-0.12628605402348325
2018-10-08,989990.6217151291,-2.020180345674305e-05,-0.12630370462089724
2018-10-09,989970.6217151291,-2.0202211577835527e-05,-0.12632135521831134
2018-10-10,989950.6217151291,-2.0202619715470327e-05,-0.12633900581572532
2018-10-11,989930.6217151291,-2.0203027869536427e-05,-0.12635665641313942
2018-10-12,989910.6217151291,-2.020343604014485e-05,-0.1263743070105534
2018-10-15,989890.6217151291,-2.0203844227184575e-05,-0.1263919576079675
2018-10-16,989870.6217151291,-2.0204252430766623e-05,-0.1264096082053816
2018-10-17,989850.6217151291,-2.0204660650890993e-05,-0.1264272588027956
2018-10-18,989830.6217151291,-2.0205068887446664e-05,-0.1264449094002097
2018-10-19,989810.6217151291,-2.0205477140433636e-05,-0.12646255999762368
2018-10-22,989790.6217151291,-2.0205885410073954e-05,-0.12648021059503778
2018-10-23,989770.6217151291,-2.020629369603455e-05,-0.12649786119245188
2018-10-24,989750.6217151291,-2.020670199864849e-05,-0.12651551178986586
2018-10-25,989730.6217151291,-2.0207110317693733e-05,-0.12653316238727996
2018-10-26,989710.6217151291,-2.0207518653281298e-05,-0.12655081298469395
2018-10-29,989690.6217151291,-2.0207927005300164e-05,-0.12656846358210805
2018-10-30,989670.6217151291,-2.0208335373861352e-05,-0.12658611417952215
2018-10-31,989650.6217151291,-2.0208743758964864e-05,-0.12660376477693613
2018-11-01,989630.6217151291,-2.0209152160499677e-05,-0.12662141537435023
2018-11-02,989610.6217151291,-2.0209560578576813e-05,-0.12663906597176422
2018-11-05,989590.6217151291,-2.0209969013196272e-05,-0.12665671656917832
2018-11-06,989570.6217151291,-2.0210377464358054e-05,-0.12667436716659242
2018-11-07,989550.6217151291,-2.0210785931951136e-05,-0.1266920177640064
2018-11-08,989530.6217151291,-2.0211194416086542e-05,-0.1267096683614205
2018-11-09,989510.6217151291,-2.021160291665325e-05,-0.1267273189588345
2018-11-12,989490.6217151291,-2.02120114338733e-05,-0.1267449695562486
2018-11-13,989470.6217151291,-2.0212419967524653e-05,-0.1267626201536627
2018-11-14,989450.6217151291,-2.021282851771833e-05,-0.12678027075107667
2018-11-15,989430.6217151291,-2.0213237084343305e-05,-0.12679792134849077
2018-11-16,989410.6217151291,-2.0213645667621627e-05,-0.12681557194590476
2018-11-19,989390.6217151291,-2.021405426733125e-05,-0.12683322254331886
2018-11-20,989370.6217151291,-2.0214462883583195e-05,-0.12685087314073296
2018-11-21,989350.6217151291,-2.0214871516377464e-05,-0.12686852373814694
2018-11-22,989330.6217151291,-2.0215280165603033e-05,-0.12688617433556104
2018-11-23,989310.6217151291,-2.0215688831481948e-05,-0.12690382493297503
2018-11-26,989290.6217151291,-2.0216097513792164e-05,-0.12692147553038913
2018-11-27,989270.6217151291,-2.0216506212644703e-05,-0.12693912612780323
2018-11-28,989250.6217151291,-2.0216914928039564e-05,-0.1269567767252172
2018-11-29,989230.6217151291,-2.021732365997675e-05,-0.1269744273226313
2018-11-30,989210.6217151291,-2.0217732408345235e-05,-0.1269920779200453
2018-12-03,989190.6217151291,-2.0218141173367066e-05,-0.1270097285174594
2018-12-04,989170.6217151291,-2.0218549954820197e-05,-0.12702737911487338
2018-12-05,989150.6217151291,-2.0218958752815652e-05,-0.12704502971228748
2018-12-06,989130.6217151291,-2.0219367567464452e-05,-0.12706268030970158
2018-12-07,989110.6217151291,-2.0219776398544553e-05,-0.12708033090711557
2018-12-10,989090.6217151291,-2.0220185246166977e-05,-0.12709798150452967
2018-12-11,989070.6217151291,-2.0220594110331724e-05,-0.12711563210194365
2018-12-12,989050.6217151291,-2.0221002991038795e-05,-0.12713328269935775
2018-12-13,989030.6217151291,-2.0221411888177165e-05,-0.12715093329677185
2018-12-14,989010.6217151291,-2.022182080196888e-05,-0.12716858389418584
2018-12-17,988990.6217151291,-2.022222973230292e-05,-0.12718623449159994
2018-12-18,988970.6217151291,-2.0222638679179283e-05,-0.12720388508901392
2018-12-19,988950.6217151291,-2.0223047642486947e-05,-0.12722153568642802
2018-12-20,988930.6217151291,-2.0223456622447955e-05,-0.12723918628384212
2018-12-21,988910.6217151291,-2.0223865618951287e-05,-0.1272568368812561
2018-12-24,988890.6217151291,-2.022427463188592e-05,-0.1272744874786702
2018-12-25,988870.6217151291,-2.0224683661473897e-05,-0.1272921380760842
2018-12-26,988850.6217151291,-2.0225092707604198e-05,-0.1273097886734983
2018-12-27,988830.6217151291,-2.022550177027682e-05,-0.1273274392709124
2018-12-28,988810.6217151291,-2.0225910849380746e-05,-0.12734508986832638
2019-01-02,1024411.6110907085,0.0360038500737665,-0.0959261533178094
2019-01-03,1030313.8923332661,0.005761630558124287,-0.09071721381596431
2019-01-04,1044588.8417104036,0.013854951858224718,-0.07811914458787206
2019-01-07,1056604.0096006033,0.011502293926982876,-0.0675154000232634
2019-01-08,1046510.1731346492,-0.009553093092813048,-0.07642351221445565
2019-01-09,1044990.0722345366,-0.0014525428793102924,-0.07776504666528694
2019-01-10,1034183.4095699266,-0.010341402231221042,-0.08730224926941266
2019-01-11,1037525.5766519506,0.003231696671109674,-0.08435268698664722
2019-01-14,1029073.6260713884,-0.008146257567776094,-0.09181178583969618
2019-01-15,1033831.5087676516,0.004623461894001757,-0.08761281223894446
2019-01-16,1031495.327376737,-0.0022597312725546326,-0.08967456209980629
2019-01-17,1029376.7630545167,-0.002053876800012455,-0.09154425839717062
2019-01-18,1029989.3452006377,0.000595100033444762,-0.09100363635495978
2019-01-21,1032266.1147470294,0.00221047873650404,-0.08899431922156298
2019-01-22,1021135.0310268044,-0.010783153259809164,-0.09881783309795367
2019-01-23,1020206.5964670294,-0.0009092182048062725,-0.09963720432994772
2019-01-24,1018749.6532990142,-0.0014280864023625828,-0.10092300019563738
2019-01-25,1014988.660474854,-0.0036917733537193964,-0.10424218870645707
2019-01-28,1009634.0951349665,-0.005275492769921564,-0.10896775256353697
2019-01-29,1007154.0692904126,-0.002456361028717491,-0.11115644945147041
2019-01-30,1002794.9804872661,-0.004328125096309976,-0.11500347552929269
2019-01-31,1005093.0760436461,0.0022916903266341215,-0.11297533755505829
2019-02-01,1010276.3947422132,0.005157053433270331,-0.10840090397420121
2019-02-11,1024817.0488014388,0.014392748494272967,-0.09556834242738066
2019-02-12,1022335.7933669976,-0.0024211691612108233,-0.09775812446511822
2019-02-13,1028833.2583237557,0.006355509607424592,-0.09202391755693551
2019-02-14,1040186.4871405425,0.011035052303114856,-0.08200435399719885
2019-02-15,1030696.8144697631,-0.009123049364798352,-0.09037927359235243
2019-02-18,1055816.1395439527,0.024371206664796086,-0.06821071888248975
2019-02-19,1051983.359441679,-0.0036301586599435387,-0.07159326181058101
2019-02-20,1054636.7999394054,0.0025223217400840436,-0.06925152131120538
2019-02-21,1046674.0341269,-0.007550244608345635,-0.07627889999415127
2019-02-22,1059161.8677323316,0.011930967233603429,-0.06525801381699337
2019-02-25,1081037.771081343,0.02065397557773463,-0.04595187566288639
2019-02-26,1076568.1540110693,-0.004134561427768468,-0.049896446238005376
2019-02-27,1066885.1828583537,-0.008994294617241771,-0.0584419575174292
2019-02-28,1073006.8622654274,0.005737898984286893,-0.05303939258182133
2019-03-01,1087524.9218282485,0.01353025788872353,-0.04022677135299113
2019-03-04,1097172.2906301434,0.008870940433876706,-0.03171268021163398
2019-03-05,1117337.6059773015,0.01837935164729365,-0.013916187065628138
2019-03-06,1114979.859718102,-0.0021101466974587924,-0.01599696856690913
2019-03-07,1100949.9170186918,-0.012583135540185864,-0.02837881208338544
2019-03-08,1083828.193559196,-0.015551773241293643,-0.043489244474300914
2019-03-11,1106711.8489462703,0.021113729577310947,-0.023293735044341957
2019-03-12,1113357.2358239123,0.006004622507628676,-0.01742898262244741
2019-03-13,1120725.6885673224,0.006618228638858525,-0.010926102975526986
2019-03-14,1108228.4248539323,-0.011151046006062315,-0.02195531150464225
2019-03-15,1126437.1886594482,0.016430515042885396,-0.0058855335377049345
2019-03-18,1153327.1025471122,0.023871649620930135,0.0
2019-03-19,1153753.895733752,0.00037005389511546305,0.0
2019-03-20,1145171.5033977071,-0.007438668131722115,-0.007438668131722115
2019-03-21,1152759.8581299304,0.0066263915140298835,-0.000861568145076097
2019-03-22,1158237.2974179303,0.004751587461490514,0.0
2019-03-25,1150053.9969835305,-0.00706530557481011,-0.00706530557481011
2019-03-26,1146454.0061611305,-0.003130279823245097,-0.01017346901456928
2019-03-27,1161277.4970515305,0.0129298609545061,0.0
2019-03-28,1149821.9758918304,-0.00986458550069691,-0.00986458550069691
2019-03-29,1184666.0195102305,0.030303859509533293,0.0
2019-04-01,1201525.7630751906,0.014231642747658313,0.0
2019-04-02,1197780.6838263907,-0.0031169362854233107,-0.0031169362854233107
2019-04-03,1194514.5310511903,-0.002726837074017885,-0.005835273982020772
2019-04-04,1207966.5092807906,0.011261460517991706,0.0
2019-04-08,1194564.9885367905,-0.011094281704862152,-0.011094281704862152
2019-04-09,1209039.6653727903,0.012117111228690636,0.0
2019-04-10,1205374.4276263905,-0.0030315281221726664,-0.0030315281221726664
2019-04-11,1193374.0026383903,-0.009955765372948289,-0.012957112312415142
2019-04-12,1182148.7856479906,-0.009406285846333295,-0.022241519856594838
2019-04-15,1173501.3733231905,-0.007314994888786397,-0.029393818141311367
2019-04-16,1177187.7906263904,0.0031413830328639314,-0.026344772350027745
2019-04-17,1178651.4951095907,0.0012433908122861936,-0.025134138385633387
2019-04-18,1179936.1096314774,0.0010899019152112999,-0.024071630215985684
2019-04-19,1188357.3785490775,0.007137055005656423,-0.017106375759256554
2019-04-22,1182179.8482458773,-0.005198377537523835,-0.022215827897285045
2019-04-23,1174697.5536267865,-0.006329235462940064,-0.028404454154459025
2019-04-24,1188765.611039001,0.011975897428900373,-0.01676872555503628
2019-04-25,1174813.2405098923,-0.011736855776736443,-0.028308769218373553
2019-04-26,1163747.767962748,-0.009418920527608066,-0.037461051698479464
2019-04-29,1170987.2376895251,0.006220823726648783,-0.03147326657106175
2019-04-30,1170314.778184645,-0.0005742671510295949,-0.03202945965896409
2019-05-06,1150644.526044645,-0.01680765936367301,-0.048298778775086704
2019-05-07,1166042.667184645,0.013382187801241452,-0.035562934301983984
2019-05-08,1159621.223911285,-0.005507039711389328,-0.04087412752191877
2019-05-09,1139015.3319112852,-0.01776950229532548,-0.05791731691442403
2019-05-10,1164463.3315096851,0.022342104522594886,-0.03686920713999953
2019-05-13,1167180.368412225,0.002333295372227262,-0.03462193851816975
2019-05-14,1154556.937488065,-0.010815321492540386,-0.04506281261494116
2019-05-15,1165653.1472759051,0.009610794779841392,-0.03588510727934435
2019-05-16,1172276.9252920893,0.005682460542970169,-0.03040656244256934
2019-05-17,1159544.2596560894,-0.010861482778761866,-0.04093778486699995
2019-05-20,1153483.3333054492,-0.005226990086982797,-0.045950793558299896
2019-05-21,1163147.2708870496,0.00837804700125755,-0.037957724465218834
2019-05-22,1172377.0185774493,0.007935149676584707,-0.030323775013648246
2019-05-23,1166169.1698893695,-0.0052950958520257,-0.03545830357038149
2019-05-24,1156856.5527914492,-0.007985648513417432,-0.04316079453460375
2019-05-27,1161616.7435525693,0.00411476319136872,-0.03922362779189614
2019-05-28,1165672.0423532892,0.0034910815664705996,-0.03586947910937999
2019-05-29,1160593.1979863294,-0.004357009675471368,-0.040070205117317736
2019-05-30,1159327.3229863294,-0.0010907137851543514,-0.04111721377737654
2019-05-31,1160738.6010896894,0.0012173249740414782,-0.039949941814529266
2019-06-03,1160355.3470268892,-0.00033018119879912877,-0.04026693229364808
2019-06-04,1153069.5761465696,-0.006278913523333651,-0.046293013231260005
2019-06-05,1148932.1980921696,-0.003588142589128651,-0.049715049888034435
2019-06-06,1138016.7508775294,-0.009500514680296668,-0.058743246007038175
2019-06-10,1142671.5420090193,0.004090265919109326,-0.054893255585049205
2019-06-11,1156890.0203662785,0.012443189345785699,-0.04313311341231485
2019-06-12,1153714.8838568423,-0.0027445448171736775,-0.045759277466624226
2019-06-13,1155853.133168757,0.0018533602554962059,-0.043990725637304884
2019-06-14,1142785.2903491089,-0.011305798673420409,-0.05479917402317225
2019-06-17,1143703.4175707777,0.0008034118302209237,-0.0540397884976479
2019-06-18,1145067.5886651776,0.0011927664755058132,-0.05291147887020553
2019-06-19,1147999.4268104222,0.002560406192845255,-0.05048654755553217
2019-06-20,1169539.6765151962,0.018763293083360555,-0.03267054836072303
2019-06-21,1188331.4466387294,0.016067663629442563,-0.017127824112930012
2019-06-24,1184232.6255127294,-0.00344922381511803,-0.020517970229216642
2019-06-25,1179238.4352646493,-0.004217237509326122,-0.02464867858487685
2019-06-26,1180225.0722098495,0.0008366729880024959,-0.023832628480436324
2019-06-27,1185763.3226734062,0.004692537545560649,-0.01925192643882956
2019-06-28,1188173.8613753743,0.0020329003738563944,-0.01725816331342811
2019-07-01,1207600.7774842922,0.016350230164489776,-0.001190108091329245
2019-07-02,1207043.5593860517,-0.00046142575313778966,-0.0016509846979446685
2019-07-03,1202785.366714828,-0.0035277870778662734,-0.0051729474533277475
2019-07-04,1180801.39711961,-0.01827754993001185,-0.02335594857797596
2019-07-05,1169292.0493540724,-0.009747064827000607,-0.03287536146009096
2019-07-08,1146048.9910553126,-0.01987788962697512,-0.052099758280515496
2019-07-09,1138100.6593984566,-0.006935420491524513,-0.05867384504085782
2019-07-10,1137230.7040975564,-0.0007643922299104267,-0.05939338743952016
2019-07-11,1130525.220273876,-0.005896326751924419,-0.06493951137219756
2019-07-12,1159635.870298272,0.025749668828567662,-0.0408620134553529
2019-07-15,1164391.6937699064,0.0041011351868678325,-0.036928458909673
2019-07-16,1161244.8683504742,-0.0027025488383929375,-0.03953120678433597
2019-07-17,1163081.3350396743,0.0015814637715547697,-0.03801226018415649
2019-07-18,1154435.2358343145,-0.007433787255355484,-0.045163472384207815
2019-07-19,1157767.8978469342,0.00288683324033423,-0.04240701855720108
2019-07-22,1154957.9232101343,-0.002427062144343073,-0.044731156232149516
2019-07-23,1148268.8698411742,-0.005791599186893537,-0.05026369049098012
2019-07-24,1150641.1434654945,0.0020659565774419075,-0.04830157651551448
2019-07-25,1152350.2706264544,0.0014853694139707052,-0.046887952785946485
2019-07-26,1151938.4342069344,-0.0003573882264947814,-0.04722858381015116
2019-07-29,1148711.2161061342,-0.0028015543235363483,-0.04989782469051973
2019-07-30,1148938.0037278142,0.00019742788135101996,-0.04971024803098134
2019-07-31,1151460.0093815743,0.002195075491956411,-0.047624290286176874
2019-08-01,1147913.3028855745,-0.0030801820880472786,-0.05055778088832874
2019-08-02,1143720.4140329342,-0.003652618052339296,-0.05402573067750904
2019-08-05,1130220.2142183657,-0.011803758723659352,-0.06519178271138171
2019-08-06,1126245.752692348,-0.0035165372871748257,-0.06847907066383452
2019-08-07,1130557.0903609432,0.0038280612009311543,-0.06491315153638744
2019-08-08,1130135.2175843033,-0.00037315477496602245,-0.06526208365889952
2019-08-09,1125002.6864672634,-0.0045415194900402245,-0.06950721412404226
2019-08-12,1132557.9142739833,0.006715742013421178,-0.06325826462874973
2019-08-13,1125786.9537709432,-0.005978467341672844,-0.06885854450124862
2019-08-14,1131769.7690301435,0.005314340550101715,-0.06391014170641107
2019-08-15,1138054.2811207033,0.005552818481752819,-0.05871220464069693
2019-08-16,1143049.5875037434,0.004389339301215767,-0.05458057312677156
2019-08-19,1150673.6720791035,0.006669950856646567,-0.04827467201060809
2019-08-20,1144949.6748896632,-0.004974474804049223,-0.05300900567506672
2019-08-21,1142172.7582599034,-0.0024253612981089967,-0.055305800982360154
2019-08-22,1149346.2980410233,0.006280608366153517,-0.0493725466925532
2019-08-23,1149540.0423194233,0.00016856910639573286,-0.049212300272234
2019-08-26,1144395.9831712632,-0.004474884700650272,-0.05346696560331221
2019-08-27,1149835.8606133433,0.004753492254495173,-0.04896762815568367
2019-08-28,1150740.1244600634,0.0007864286353338468,-0.04821970906533579
2019-08-29,1151315.5132251834,0.0005000162529222862,-0.04774380345065732
2019-08-30,1148420.9918021434,-0.0025140992106772453,-0.050137870002764595
2019-09-02,1153375.7569775032,0.004314415367473012,-0.0460397702321238
2019-09-03,1160716.9815778234,0.0063649895152628755,-0.03996782337167348
2019-09-04,1172619.3706363833,0.01025434214151022,-0.03012332496566794
2019-09-05,1171765.0285435345,-0.0007285757972641527,-0.03082995363742902
2019-09-06,1169803.1424831662,-0.0016742998916828844,-0.0324526349410762
2019-09-09,1176707.8068058784,0.00590241560477911,-0.026741768275189592
2019-09-10,1171539.5201525823,-0.004392158039067673,-0.031016472241748416
2019-09-11,1167839.1979729363,-0.003158512466710506,-0.03407701879420999
2019-09-12,1167034.900025288,-0.0006887060727575056,-0.03474225581718249
2019-09-16,1166789.6131053818,-0.000210179592659121,-0.03494513329666593
2019-09-17,1159682.9020822975,-0.00609082472389344,-0.04082311333869626
2019-09-18,1162268.9312507857,0.002229945068470629,-0.03868420157049479
2019-09-19,1160357.1768000498,-0.001644846901894259,-0.04026541888328361
2019-09-20,1163791.551303078,0.0029597563333896293,-0.03742483837845034
2019-09-23,1156266.212928142,-0.006466225301696049,-0.043649066243311774
2019-09-24,1155795.268658687,-0.00040729744083967123,-0.044038585531175456
2019-09-25,1153286.2123326072,-0.0021708484141758078,-0.04611383285178838
2019-09-26,1144125.598363327,-0.007943053399339761,-0.05369060161433814
2019-09-27,1142180.4804989784,-0.0017000912025141313,-0.055299413897390015
2019-09-30,1146168.8990029783,0.0034919336935765877,-0.05200058209043679
2019-10-08,1148656.7617333783,0.0021705899824746577,-0.04994286405053039
2019-10-09,1146226.0257333783,-0.0021161552179712606,-0.05195333241614064
2019-10-10,1146612.5684433784,0.00033723079159098113,-0.051633621887966274
2019-10-11,1148559.4826839385,0.0016979704340787105,-0.0500233238172576
2019-10-14,1155015.9806639384,0.005621387553139678,-0.04468313675399094
2019-10-15,1152155.9215299382,-0.002476207413473319,-0.04704869945297685
2019-10-16,1163435.3313428585,0.009789829312288223,-0.03771946887769839
2019-10-17,1166634.9665768582,0.0027501616529959083,-0.03507304186158133
2019-10-18,1161873.440176858,-0.004081419241162787,-0.03901131331484409
2019-10-21,1172125.3881768584,0.008823635729585,-0.03053189920328203
2019-10-22,1196321.2559861625,0.020642729910439472,-0.010519431041748573
2019-10-23,1191986.3616637425,-0.0036235202716068393,-0.0141048339417299
2019-10-24,1207401.2825537026,0.0129321285760724,-0.001355110891736122
2019-10-25,1204442.0925537026,-0.002450875316068135,-0.003802664999969285
2019-10-28,1195348.5625537024,-0.00754999352498531,-0.011323948428827113
2019-10-29,1200165.6325537027,0.004029845478467964,-0.007339736712733469
2019-10-30,1199580.7125537023,-0.00048736606359556234,-0.00782352563773947
2019-10-31,1180574.2264506423,-0.015844274507047063,-0.023543842056969244
2019-11-01,1202588.6967309369,0.0186472563834299,-0.005335613732626698
2019-11-04,1204049.7844819066,0.0012149521735413948,-0.004127144074586808
2019-11-05,1203306.8247181673,-0.0006170507011543647,-0.00474164811859612
2019-11-06,1211219.267038167,0.006575581686618426,0.0
2019-11-07,1220776.8487731672,0.007890876569666583,0.0
2019-11-08,1212506.5572531673,-0.006774613663677598,-0.006774613663677598
2019-11-11,1195253.0764996058,-0.014229597894008794,-0.02090781152936494
2019-11-12,1198939.1710332055,0.003083944819782136,-0.017888345246641735
2019-11-13,1186881.7697989864,-0.010056724749286872,-0.027765171831562907
2019-11-14,1186235.0563589865,-0.0005448844665542074,-0.028294927487274912
2019-11-15,1181253.5336389863,-0.004199439810260275,-0.03237554445261659
2019-11-18,1186547.1535589865,0.004481357955131493,-0.0280392729011697
2019-11-19,1193407.2669989865,0.005781576753543627,-0.022419807356017674
2019-11-20,1179888.4501989863,-0.011327915602521332,-0.033493753272985205
2019-11-21,1172474.1207482866,-0.006283924085746628,-0.0395672051558178
2019-11-22,1173012.1547822864,0.0004588877694429172,-0.039126474292891844
2019-11-25,1169692.0158121444,-0.0028304386758534195,-0.04184616788265694
2019-11-26,1172301.4507105108,0.0022308734804474817,-0.03970864790839723
2019-11-27,1181721.8154767011,0.008035787007241835,-0.03199195113809283
2019-11-28,1186554.6079695649,0.004089619426137281,-0.02803316661680999
2019-11-29,1189274.4830831082,0.0022922460502661224,-0.025805179481997564
2019-12-02,1206891.8868191082,0.01481357246506132,-0.011373873913166799
2019-12-03,1221403.9768246284,0.01202434962403176,0.0
2019-12-04,1210838.8605606288,-0.008649976964596462,-0.008649976964596462
2019-12-05,1190120.4944471964,-0.017110754195516664,-0.025612723530475168
2019-12-06,1178495.4357191965,-0.009767967850515591,-0.03513050712098087
2019-12-09,1172483.7520742062,-0.005101151402696291,-0.0400524524879996
2019-12-10,1174437.86665227,0.001666645336966921,-0.03845256038420597
2019-12-11,1176227.43750827,0.0015237680143105337,-0.03698738515147726
2019-12-12,1175389.0780167128,-0.0007127528782470138,-0.03767377516449866
2019-12-13,1177668.690192713,0.0019394532573389078,-0.035807388433118814
2019-12-16,1180955.3652703126,0.0027908316702058844,-0.03311648915657939
2019-12-17,1181806.1268956128,0.0007204011686803291,-0.03241994514538993
2019-12-18,1174382.818671613,-0.006281324876440952,-0.03849762981389637
2019-12-19,1167767.5204316126,-0.005632999848791398,-0.04391377251976725
2019-12-20,1167562.8864682913,-0.0001752351900022875,-0.04408131247149827
2019-12-23,1155329.0572102913,-0.010478090216626823,-0.05409751471918145
2019-12-24,1161264.447317088,0.005137402257611834,-0.049238033155819094
2019-12-25,1157156.015676429,-0.003537894964537047,-0.05260172913079053
2019-12-26,1161637.371082309,0.0038727322376319595,-0.048932709305318456
2019-12-27,1157507.1747303302,-0.003555495419478971,-0.05231422470099967
2019-12-30,1177313.2716677624,0.01711099280403716,-0.03609838021936995
2019-12-31,1166876.3523877624,-0.008865031535077561,-0.044643398475437635
2020-01-02,1193283.7523877625,0.022630846829625906,-0.023022869558663173
2020-01-03,1187232.6417377624,-0.00507097380475674,-0.02797709499497758
2020-01-06,1195629.0213177623,0.0070722277040076165,-0.02110272767727117
2020-01-07,1199343.5562201622,0.0031067620776767946,-0.01806152675367756
2020-01-08,1185714.77210764,-0.011363536362737015,-0.029219820300382615
2020-01-09,1182137.5989252017,-0.003016891807866906,-0.032148559071758065
2020-01-10,1175027.8257427632,-0.006014336392736852,-0.03796954321569557
2020-01-13,1184740.5395821119,0.008265943687936872,-0.030017453633836344
2020-01-14,1195713.2793778868,0.009261723921125675,-0.021033743081082412
2020-01-15,1186618.55169919,-0.00760611079223672,-0.02847986889306897
2020-01-16,1182138.9399712097,-0.003775106770044667,-0.032147461117245424
2020-01-17,1182406.6899712097,0.00022649621880033166,-0.03192824617683232
2020-01-20,1183665.1899712097,0.0010643546003876736,-0.03089787455214521
2020-01-21,1179132.5643437097,-0.003829313952884106,-0.034608870842892436
2020-01-22,1191281.9055537097,0.01030362622269032,-0.024661841489356573
2020-01-23,1196224.711799446,0.004149149099548222,-0.020615018047217104
2020-02-03,1151980.279771446,-0.03698672297234551,-0.05683925905798026
2020-02-04,1176464.0732298098,0.021253656758101203,-0.036793644402282166
2020-02-05,1207925.6491119033,0.026742487593114816,-0.0110351103881009
2020-02-06,1207323.9105859036,-0.0004981585799110899,-0.01152777173309183
2020-02-07,1222455.670593927,0.012533305996300648,0.0
2020-02-10,1207443.670593927,-0.012280199896906208,-0.012280199896906208
2020-02-11,1200269.2098291286,-0.005941859599354449,-0.018149092272621292
2020-02-12,1205242.1098291287,0.004143153851883019,-0.014081132902295734
2020-02-13,1205407.2598291286,0.00013702641042256936,-0.013946035978969595
2020-02-14,1211945.0280851289,0.005423700747353211,-0.00859797435737808
2020-02-17,1215578.1968551287,0.002997799970960946,-0.005625949393695984
2020-02-18,1231840.4468551287,0.013378201453491556,0.0
2020-02-19,1216096.7731951287,-0.01278061107685935,-0.01278061107685935
2020-02-20,1213406.2840151286,-0.0022123972691179272,-0.014964732556933202
2020-02-21,1209605.4388351287,-0.0031323763772040936,-0.01805023375938475
2020-02-24,1201235.2888351285,-0.006919735751238609,-0.02484506666276043
2020-02-25,1195588.582806436,-0.0047007493712312165,-0.029429025602498382
2020-02-26,1184350.8964862449,-0.009399292099137257,-0.03855170569380473
2020-02-27,1182463.9371812448,-0.0015932434471898071,-0.040083526888519905
2020-02-28,1174135.7989901013,-0.007043037786840345,-0.04684425488085453
2020-03-02,1179629.5524292018,0.004678976183015493,-0.04238446185073774
2020-03-03,1180901.5852535495,0.001078332449139019,-0.041351833942151695
2020-03-04,1183075.3125119286,0.0018407353208120814,-0.03958721640265739
2020-03-05,1186599.2011141602,0.0029785834975708525,-0.03672654673457809
2020-03-06,1174976.1174897577,-0.009795290282927027,-0.046162089831150555
2020-03-09,1158301.3204186845,-0.01419160510827877,-0.059698580789572686
2020-03-10,1159901.9119122121,0.0013818437960073648,-0.05839923110705991
2020-03-11,1158740.3665225008,-0.0010014169110182936,-0.05934216604045717
2020-03-12,1159019.831008729,0.00024117955523283996,-0.05911529860243647
2020-03-13,1162976.3812291292,0.003413703643842414,-0.055903397068840066
2020-03-16,1140950.6678221542,-0.01893908918743159,-0.07378372683330447
2020-03-17,1141124.1484150237,0.00015204916195066254,-0.0736428964251844
2020-03-18,1136463.9236563323,-0.004083889351710113,-0.07742603633635459
2020-03-19,1136907.7863380613,0.00039056469148701645,-0.07706571152086228
2020-03-20,1139488.8678120305,0.0022702645764109963,-0.07497040649937303
2020-03-23,1138453.7995082107,-0.0009083619270517929,-0.07581066816350512
2020-03-24,1139763.145824617,0.0011501093122723294,-0.07474774940665718
2020-03-25,1139839.765356301,6.722408244619338e-05,-0.07468555017307976
2020-03-26,1138836.3848879854,-0.0008802820350823914,-0.07550008786006446
2020-03-27,1141517.6335459705,0.0023543756535744365,-0.07332346777519039
2020-03-30,1142426.2578749633,0.0007959792317620007,-0.07258585250097815
2020-03-31,1141787.428634512,-0.0005591864122937995,-0.07310444989082865
2020-04-01,1140248.838457429,-0.0013475276907917166,-0.0743534673110724
2020-04-02,1141288.1847738354,0.0009115083316482142,-0.07350973278436512
2020-04-03,1139722.492141023,-0.001371864401735312,-0.07478075180051247
2020-04-07,1142089.0140142865,0.0020764018342902535,-0.07285962485643038
2020-04-08,1141513.1506219255,-0.0005042193605705458,-0.0733271069835445
2020-04-09,1142098.082318106,0.0005124178340492058,-0.0728522632668328
2020-04-10,1139785.355533384,-0.0020249808843281203,-0.07472971971066555
2020-04-13,1141098.774950918,0.0011523392638426166,-0.07366349443702136
2020-04-14,1142390.0871154144,0.0011316392523093022,-0.07261521568647933
2020-04-15,1141868.1212673243,-0.0004569068429227663,-0.07303894414045464
2020-04-16,1142758.9163558655,0.0007801208142605986,-0.07231580252676972
2020-04-17,1146011.4430264374,0.002846205462954332,-0.06967542269602489
2020-04-20,1147208.1015073399,0.0010441941816412559,-0.0687039831853663
2020-04-21,1151427.7354309494,0.0036781765383850917,-0.0652785120260273
2020-04-22,1152651.3939118518,0.0010627314622089212,-0.06428515409235458
2020-04-23,1153236.1206965738,0.0005072884896599739,-0.06381047672142182
2020-04-24,1150082.3208107238,-0.002734739078364079,-0.06637071079548673
2020-04-27,1150041.7695828592,-3.525941328785809e-05,-0.06640363001645255
2020-04-28,1149731.4232664532,-0.00026985656053046814,-0.06665556712178
2020-04-29,1150014.8720385884,0.00024653477012037683,-0.06642546526657722
2020-04-30,1150276.0086462274,0.00022707237444330453,-0.06621347628025542
2020-05-06,1150734.9061904983,0.0003989455929025443,-0.06584094626190573
2020-05-07,1152705.2914561224,0.0017122842585415299,-0.064241400419216
2020-05-08,1158567.2375442283,0.005085381434053238,-0.059482711010152234
2020-05-11,1155584.5059621981,-0.0025745001976342774,-0.061904072956534995
2020-05-12,1155980.4376583784,0.00034262461476197714,-0.0615826582009219
2020-05-13,1158819.1009365893,0.0024556326264144612,-0.05927824995920694
2020-05-14,1157262.4766075967,-0.0013432850112105044,-0.06054190738575638
2020-05-15,1157820.305848048,0.0004820248229999713,-0.06008906526494806
2020-05-18,1158638.9643289503,0.0007070686848098529,-0.05942448367648656
2020-05-19,1161311.2471388453,0.0023063981897437635,-0.0572551420083206
2020-05-20,1155062.5401141078,-0.005380734097023998,-0.06232780141051053
2020-05-21,1152025.8085320774,-0.002629062476331767,-0.06479300020292156
2020-05-22,1151257.5124540855,-0.0006669087378960992,-0.0654166979228279
2020-05-25,1151392.5124540855,0.00011726307845072448,-0.06530710580775756
2020-05-26,1151662.5124540855,0.00023449865886693289,-0.06508792157761689
2020-05-27,1151284.5124540855,-0.00032822115499320237,-0.06539477949981376
2020-05-28,1153417.5124540855,0.0018527131885526238,-0.063663224081703
2020-05-29,1153471.5124540855,4.6817392155951154e-05,-0.06361938723567484
2020-06-01,1154794.5124540855,0.0011469724095614087,-0.06254538450798597
2020-06-02,1154362.5124540855,-0.00037409252931241976,-0.06289607927621088
2020-06-03,1153660.5124540855,-0.0006081278562204417,-0.06346595827457646
2020-06-04,1153903.5124540855,0.00021063388871911393,-0.06326869246744993
2020-06-05,1154605.5124540855,0.0006083697574565949,-0.06269881346908435
2020-06-08,1154065.5124540855,-0.00046769220671072365,-0.06313718192936557
2020-06-09,1154389.5124540855,0.0002807466270360326,-0.06287416085319686
2020-06-10,1153957.5124540855,-0.0003742237739856602,-0.06322485562142177
2020-06-11,1153795.5124540855,-0.00014038645119218707,-0.06335636615950613
2020-06-12,1153633.5124540855,-0.0001404061623150321,-0.06348787669759048
2020-06-15,1153390.5124540855,-0.00021063881846072885,-0.06368514250471702
2020-06-16,1153795.5124540855,0.0003511386608672229,-0.06335636615950613
2020-06-17,1153984.5124540855,0.00016380718936748195,-0.06320293719840775
2020-06-18,1154173.5124540855,0.00016378036096686976,-0.06304950823730926
2020-06-19,1154983.5124540855,0.000701800891512061,-0.06239195554688748
2020-06-22,1155226.5124540855,0.0002103926137297929,-0.062194689739760944
2020-06-23,1155766.5124540855,0.0004674407955309601,-0.06175632127947972
2020-06-24,1155226.5124540855,-0.0004672223967221445,-0.062194689739760944
2020-06-29,1153876.5124540855,-0.0011686019888274002,-0.06329061089046395
2020-06-30,1154308.5124540855,0.0003743901494981383,-0.06293991612223904
2020-07-01,1155793.5124540855,0.0012864844917783724,-0.0617344028564657
2020-07-02,1157683.5124540855,0.0016352401874855094,-0.06020011324548147
2020-07-03,1159654.5124540855,0.0017025378514909928,-0.05860006836545506
2020-07-06,1162543.5124540855,0.002491259223306397,-0.05625479710295056
2020-07-07,1160815.5124540855,-0.0014863959770007318,-0.057657576175850433
2020-07-08,1164244.5124540855,0.0029539577678030504,-0.05487393645306471
2020-07-09,1165594.5124540855,0.0011595502367061084,-0.053778015302361704
2020-07-10,1163866.5124540855,-0.0014825052636545655,-0.05518079437526158
2020-07-13,1164325.5124540855,0.0003943751238550952,-0.05480818118402253
2020-07-14,1165324.5124540855,0.0008580074809958482,-0.05399719953250237
2020-07-15,1162759.5124540855,-0.002201103617565092,-0.05607944971883805
2020-07-16,1160869.5124540855,-0.0016254435932422373,-0.05761373932982228
2020-07-17,1160482.406319519,-0.0003334622284533184,-0.05792798955236922
2020-07-20,1162345.406319519,0.0016053668628277507,-0.05641561836439901
2020-07-21,1162831.406319519,0.00041812011933606286,-0.05602108675014594
2020-07-22,1165018.406319519,0.001880754155860087,-0.05424569448600702
2020-07-23,1166935.406319519,0.0016454675648054362,-0.05268948645200877
2020-07-24,1163020.406319519,-0.0033549414807352296,-0.055867657789047565
2020-07-27,1162075.406319519,-0.0008125394832843025,-0.05663480259453968
2020-07-28,1163290.406319519,0.0010455431664697645,-0.0556484735589069
2020-07-29,1166854.406319519,0.0030637233666148678,-0.05275524172105095
2020-07-30,1168879.406319519,0.001735435020027154,-0.051111359994996386
2020-07-31,1172983.406319519,0.003511055099278737,-0.047779759696859214
2020-08-03,1171309.406319519,-0.0014271301631219035,-0.04913870192373093
2020-08-04,1169095.406319519,-0.0018901922822910366,-0.050936012610883874
2020-08-05,1169527.406319519,0.0003695164634680559,-0.05058531784265896
2020-08-06,1170499.406319519,0.0008311049358464828,-0.04979625461415271
2020-08-07,1168258.406319519,-0.0019145673956781906,-0.05161548372431979
2020-08-10,1168177.406319519,-6.933397573849476e-05,-0.051681238993361966
2020-08-11,1166800.406319519,-0.001178759315623501,-0.052799078567078994
2020-08-12,1167907.406319519,0.0009487483840460165,-0.05190042322350252
2020-08-13,1167718.406319519,-0.00016182789746632675,-0.05205385218460101
2020-08-14,1169500.406319519,0.0015260528483203029,-0.050607236265672983
2020-08-17,1171228.406319519,0.0014775539971279006,-0.04920445719277311
2020-08-18,1170121.406319519,-0.0009451615022544324,-0.05010311253634958
2020-08-19,1170094.406319519,-2.3074528723410204e-05,-0.050125030959363714
2020-08-20,1168474.406319519,-0.0013845036701745084,-0.051440136340207276
2020-08-21,1168663.406319519,0.00016174937078461404,-0.0512867073791089
2020-08-24,1168015.406319519,-0.0005544795845373596,-0.05181274953144632
2020-08-25,1167475.406319519,-0.0004623226689290938,-0.05225111799172755
2020-08-26,1167745.406319519,0.00023126825502139958,-0.05203193376158688
2020-08-27,1166584.406319519,-0.0009942235642435016,-0.052974425951191506
2020-08-28,1167421.406319519,0.0007174791600725872,-0.0522949548377557
2020-08-31,1167097.406319519,-0.0002775347430209463,-0.052557975913924415
2020-09-01,1167259.406319519,0.0001388058949689519,-0.05242646537584006
2020-09-02,1167043.406319519,-0.00018504884075520867,-0.05260181275995246
2020-09-03,1166638.406319519,-0.0003470307940620643,-0.05293058910516346
2020-09-04,1165909.406319519,-0.0006248722792350225,-0.053522386526543064
2020-09-07,1164451.406319519,-0.0012505259774878708,-0.05470598136930227
2020-09-08,1164937.406319519,0.000417363916916047,-0.0543114497550492
2020-09-09,1163533.406319519,-0.0012052149689619762,-0.05545120775178036
2020-09-10,1140744.5107689444,-0.019585940057071816,-0.07395108377773352
2020-09-11,1135674.807496172,-0.004444205713823757,-0.07806663566248884
2020-09-14,1134913.4075908917,-0.0006704383158404603,-0.07868473511459251
2020-09-15,1132705.4297308917,-0.0019455033707698188,-0.08047715706796876
2020-09-16,1135497.9826929774,0.002465383222140183,-0.07821018087862941
2020-09-17,1142079.1849892572,0.005795873173346955,-0.07286760399451953
2020-09-18,1145273.4078292574,0.0027968488367382527,-0.07027455483124923
2020-09-21,1146407.6266292576,0.000990347625507093,-0.06935380344425279
2020-09-22,1127376.9825212574,-0.016600242065691218,-0.08480275558459305
2020-09-23,1138152.3810706774,0.009557937332836053,-0.07605535767528626
2020-09-24,1129306.9750306774,-0.007771723880838355,-0.08323600031661393
2020-09-25,1125921.5341615896,-0.002997803913321162,-0.08598427902245676
2020-09-28,1137759.3962807895,0.010513931708407087,-0.07637438015168829
2020-09-29,1141409.5453911894,0.003208190696848412,-0.07341121303072018
2020-09-30,1142929.3103547657,0.0013314808604087958,-0.07217747779540107
2020-10-09,1166134.5172475697,0.020303273949288325,-0.053339642950761434
2020-10-12,1177005.4098863576,0.009322160075019958,-0.04451472356567299
2020-10-13,1176425.3544795476,-0.0004928230592126104,-0.04498560874263802
2020-10-14,1171536.1015434589,-0.0041560247893940305,-0.04895467222693162
2020-10-15,1164156.3585671908,-0.0062992023605124015,-0.054945499200594106
2020-10-16,1156403.0106796308,-0.006660057156843258,-0.06123961619225016
2020-10-19,1138099.8932073948,-0.01582762869276788,-0.07609796697863935
2020-10-20,1140879.642990647,0.0024424479782862996,-0.07384138432595189
2020-10-21,1138006.5186651477,-0.00251834130195161,-0.07617376781996221
2020-10-22,1134313.487987726,-0.003245175327952876,-0.07917174591594855
2020-10-23,1133415.2406538296,-0.0007918863201475945,-0.07990093721356306
2020-10-26,1131711.7482482553,-0.0015029729127267188,-0.08128382118195632
2020-10-27,1131417.8283103234,-0.00025971272135938417,-0.08152242346091398
2020-10-28,1138311.2130549832,0.006092695883141985,-0.07592641891157603
2020-10-29,1146364.1535106236,0.007074462908986057,-0.06938909463699205
2020-10-30,1143532.8591382804,-0.002469803651547142,-0.07168752084922714
2020-11-02,1157013.4669709452,0.011788561845807566,-0.06074405177652331
2020-11-03,1157383.825478579,0.00032009870084159786,-0.060443397167739166
2020-11-04,1172047.745935274,0.012669885420795168,-0.048539322663502915
2020-11-05,1191506.286639481,0.016602174076687737,-0.0327430068712391
2020-11-06,1203101.607736413,0.00973164911251545,-0.023330001212483076
2020-11-09,1222658.683822111,0.016255548126557606,-0.007453695043427633
2020-11-10,1192095.3412930483,-0.024997444449107897,-0.03226481616474686
2020-11-11,1169295.9400753942,-0.019125484705714846,-0.05077322062237022
2020-11-12,1175967.9950463388,0.005706044759305584,-0.045356890132509875
2020-11-13,1184993.4330580423,0.007674901059996797,-0.03803009871666918
2020-11-16,1187338.5795467466,0.0019790375400243754,-0.03612632416965589
2020-11-17,1187012.349746511,-0.0002747571803486393,-0.036391155383039386
2020-11-18,1177715.9148717239,-0.007831792884692823,-0.04393794027593756
2020-11-19,1178357.7237684121,0.000544960706214237,-0.04341692402068564
2020-11-20,1188069.510723618,0.008241798529692312,-0.03553295903155096
2020-11-23,1179619.5453945675,-0.007112349279886798,-0.04239258549585734
2020-11-24,1171709.2457105657,-0.006705805880281468,-0.04881411492704035
2020-11-25,1167049.623988927,-0.0039767730251312194,-0.05259676529668411
2020-11-26,1157978.3680814675,-0.007772810787988971,-0.05996075137996171
2020-11-27,1164858.4344202976,0.005941446341721335,-0.054375558625173626
2020-11-30,1161842.8002063937,-0.0025888418066910557,-0.05682363071243357
2020-12-01,1163752.4941536938,0.0016436767064880176,-0.05527335368412567
2020-12-02,1163100.1684046136,-0.0005605364992617989,-0.05580290745121097
2020-12-03,1163581.8637209334,0.0004141477487535905,-0.055411870350952075
2020-12-04,1163098.575857534,-0.000415344960649211,-0.05580420027049093
2020-12-07,1161484.4364504144,-0.0013877924370508943,-0.0571145480604508
2020-12-08,1162685.4806963964,0.0010340596983395844,-0.05613954821444933
2020-12-09,1158286.0007330985,-0.0037838951602482407,-0.059711017209910344
2020-12-10,1156628.7537443284,-0.0014307752901452364,-0.06105635945208221
2020-12-11,1149099.9227741598,-0.006509289126520157,-0.06716821508191606
2020-12-14,1155919.1125774125,0.0059343749556519665,-0.06163244149966196
2020-12-15,1152348.4315774124,-0.003089040540248833,-0.06453109692952386
2020-12-16,1154870.3715774124,0.002188522091836287,-0.06248380256892838
2020-12-17,1158881.7705774123,0.003473462562314067,-0.0592273751555884
2020-12-18,1156828.7885774125,-0.0017715197978970254,-0.06089397248581985
2020-12-21,1160128.0985774125,0.002852029645681098,-0.05821561425491162
2020-12-22,1154855.3925774125,-0.00454493431067271,-0.06249596242294042
2020-12-23,1155433.2885774125,0.0005004055085289227,-0.062026830238268826
2020-12-24,1154202.5805774126,-0.0010651484704193859,-0.06302591092533494
2020-12-25,1154955.5472878125,0.0006523696299682857,-0.0624146574855553
2020-12-28,1152823.1770806285,-0.0018462790296920328,-0.06414570164198641
2020-12-29,1151887.4350806284,-0.000811696033358511,-0.06490533086376504
2020-12-30,1155482.1010806286,0.0031206747209189256,-0.061987204568125676
2020-12-31,1161736.4470806285,0.005412758877139545,-0.05690996748278143
2021-01-04,1166515.5790806285,0.004113783304302565,-0.053030299452557994
2021-01-05,1172770.3870806284,0.005361958393157229,-0.04795268731864211
2021-01-06,1171049.3920806283,-0.0014674611662767179,-0.04934977977846
2021-01-07,1180908.7450833207,0.008419246079087284,-0.041346021639276476
2021-01-08,1177204.6018001207,-0.003136688841218316,-0.04435302087579007
2021-01-11,1191892.7301297607,0.012477124458381894,-0.03242929457898058
2021-01-12,1210261.4163156804,0.015411358523782503,-0.017517715540628087
2021-01-13,1198814.6311732805,-0.009458109618372013,-0.026810140685153416
2021-01-14,1198655.5185208004,-0.0001327249837820288,-0.026939307293447734
2021-01-15,1179330.0019035633,-0.016122661030323227,-0.042627635003887
2021-01-18,1185120.810510948,0.004910252938564952,-0.0379266945353639
2021-01-19,1184248.226040884,-0.0007362831386683588,-0.03863505288834046
2021-01-20,1187304.59912614,0.0025808551096369037,-0.036153909252361616
2021-01-21,1189641.0984806241,0.0019679022183556327,-0.034257154392225875
2021-01-22,1190550.942286396,0.0007648052903803659,-0.03351854915475805
2021-01-25,1191445.8354147915,0.0007516630297876858,-0.032792080779182164
2021-01-26,1186166.3307626846,-0.004431174708222407,-0.0370779480484259
2021-01-27,1185823.6504536446,-0.0002888973495139835,-0.03735613367702317
2021-01-28,1171474.1614142845,-0.012100862580933125,-0.04900495481777578
2021-01-29,1172455.3438996943,0.0008375622081371326,-0.04820843730780544
2021-02-01,1181320.5505543344,0.007561231820696568,-0.04101172065730663
2021-02-02,1196648.3748910364,0.012975161000551072,-0.02856869333519385
2021-02-03,1214643.3360130014,0.015037801830135367,-0.013960501853979013
2021-02-04,1206945.629831172,-0.006337420997258869,-0.0202094492736562
2021-02-05,1196546.074296772,-0.008616424201191797,-0.028651740287033767
2021-02-08,1179693.491687926,-0.014084357444196671,-0.042332556379629516
2021-02-09,1192300.8160723876,0.010686949172215021,-0.03209801308577365
2021-02-10,1193702.527180699,0.0011756354515706224,-0.030960113196311534
2021-02-18,1194061.304177899,0.0003005581282025105,-0.030668860381780294
2021-02-19,1199394.0077565198,0.004466021602042014,-0.026339806572713398
2021-02-22,1203137.09823732,0.0031208180602817492,-0.023301190256488136
2021-02-23,1203204.44261292,5.597398309675761e-05,-0.023246520533820814
2021-02-24,1200544.1772921202,-0.002210983625544727,-0.025406106483114366
2021-02-25,1200734.7009016143,0.00015869770817089623,-0.025251440665815972
2021-02-26,1189102.1143806702,-0.009687890682437361,-0.03469469815150883
2021-03-01,1188950.2760146703,-0.00012769161215309133,-0.034817959541721843
2021-03-02,1185305.7735366703,-0.0030653110996502475,-0.037776542763521714
2021-03-03,1193461.900895824,0.006881032338868831,-0.031155452037059383
2021-03-04,1200244.062664096,0.0056827635328629,-0.025649737570882514
2021-03-05,1199845.2448666398,-0.00033228058347645195,-0.025973495244592915
2021-03-08,1186881.232863728,-0.010804736742822896,-0.03649759520900697
2021-03-09,1179548.591063368,-0.006178075444556286,-0.04245018575681714
2021-03-10,1179544.6402966958,-3.3493886577584675e-06,-0.04245339296330419
2021-03-11,1186398.6818202958,0.005810752123697416,-0.03688932698292635
2021-03-12,1190522.9433879608,0.003476286370562409,-0.03354127847697397
2021-03-15,1187321.2350270096,-0.0026893294066553386,-0.03614040433708443
2021-03-16,1193069.6811435476,0.004841525567768734,-0.031473853460943224
2021-03-17,1190359.3546608754,-0.002271725218995102,-0.03367407873329209
2021-03-18,1199251.2585170849,0.007469932353950881,-0.02645568946956045
2021-03-19,1190253.455504626,-0.007502850589946375,-0.03376004697416268
2021-03-22,1205408.3134600068,0.012732462892918628,-0.02145743262660582
2021-03-23,1199051.964044757,-0.005273191950207035,-0.02661747541581405
2021-03-24,1203164.7741172982,0.003430051570632031,-0.023278723158538184
2021-03-25,1183471.028390545,-0.016368286497750573,-0.03926597684632804
2021-03-26,1197379.8134566653,0.011752535324025315,-0.027974916302221597
2021-03-29,1195296.123830217,-0.0017402077461394772,-0.029666441882314376
2021-03-30,1178109.3432406383,-0.014378680100212482,-0.04361855770498946
2021-03-31,1171970.9952736527,-0.00521033807447846,-0.04860162834750381
2021-04-01,1171462.2244566989,-0.00043411553614003395,-0.049014645161696624
2021-04-02,1165783.022433317,-0.0048479600151133395,-0.05362498413691108
2021-04-06,1163603.1720684052,-0.0018698594189181517,-0.05539457237415146
2021-04-07,1165917.7891695239,0.0019891808106746733,-0.053515581383859034
2021-04-08,1163240.0553367727,-0.0022966746520425296,-0.055689348156647944
2021-04-09,1162292.868989543,-0.0008142655876438587,-0.05645826782448948
2021-04-12,1160405.587094807,-0.001623757613153698,-0.05799035089543769
2021-04-13,1158647.433579803,-0.0015151198292708834,-0.05941760839416055
2021-04-14,1158225.3842474152,-0.0003642603609657069,-0.05976022527564484
2021-04-15,1161881.1184726208,0.003156323695651775,-0.05679252419508796
2021-04-16,1162036.3395413875,0.0001335946219442885,-0.05666651674894274
2021-04-19,1166325.8777823136,0.003691397674034036,-0.05318429772303135
2021-04-20,1175642.5968748678,0.007988092582039918,-0.04562104623511365
2021-04-21,1176094.5084540679,0.0003843953769635533,-0.045254187377415156
2021-04-22,1178243.8044163878,0.0018274857563489455,-0.043509403003913705
2021-04-23,1178661.0794394277,0.000354149982775942,-0.04317066187546226
2021-04-26,1163015.0746800078,-0.013274388229448597,-0.05587198597905374
2021-04-27,1164880.1217032878,0.0016036309966087625,-0.0543579530310031
2021-04-28,1170485.701211648,0.004812151399891551,-0.04980738033088494
2021-04-29,1167599.3775038081,-0.0024659196646760195,-0.05215047899695713
2021-04-30,1167004.924695848,-0.0005091239507432066,-0.052633051889800275
2021-05-06,1168427.952583028,0.0012193846461709956,-0.05147784717898485
2021-05-07,1173710.3164004479,0.00452091530824994,-0.04718965885808202
2021-05-10,1179849.1725309081,0.005230299201328448,-0.04220617569178997
2021-05-11,1148990.091160988,-0.026155107015690793,-0.06725737566553891
2021-05-12,1187412.5094081878,0.03344016501341307,-0.03606630839275071
2021-05-13,1182376.543715788,-0.004241125685049196,-0.04015447233091052
2021-05-14,1185281.4457709834,0.002456833291081928,-0.037796291884237054
2021-05-17,1182417.4704006233,-0.0024162829685544507,-0.04012124831643715
2021-05-18,1192866.0570815634,0.008836630836822845,-0.0316391541396992
2021-05-19,1203834.8728371833,0.009195345689067436,-0.022734741410255888
2021-05-20,1216750.5385508633,0.010728768542184186,-0.01224988864652865
2021-05-21,1218650.4025673233,0.001561424430288616,-0.010707591491641133
2021-05-24,1216247.0558549634,-0.001972137954656117,-0.012658612598713592
2021-05-25,1229744.2559571832,0.011097416464233012,-0.0017016740303479327
2021-05-26,1232600.521092643,0.002322649706736568,0.0
2021-05-27,1226472.7822255832,-0.004971390780873497,-0.004971390780873497
2021-05-28,1230139.0409638032,0.0029892703624185835,-0.0019969812495761463
2021-05-31,1245656.9802512184,0.01261478480941225,0.0
2021-06-01,1231809.9691772587,-0.011116231268713417,-0.011116231268713417
2021-06-02,1214437.9536382586,-0.014102837266857793,-0.025062298134967853
2021-06-03,1214873.1680457985,0.00035836693528557007,-0.024712912698656053
2021-06-04,1216632.643542934,0.001448279164783628,-0.023300424730435032
2021-06-07,1229093.3519670195,0.010241964565243622,-0.013297102289635543
2021-06-08,1228534.767744915,-0.00045446850819785833,-0.013745527683592496
2021-06-09,1233830.4457449152,0.0043105642095264685,-0.00949421445373999
2021-06-10,1242547.3024769153,0.007064874077359562,-0.0024964158059597175
2021-06-11,1242928.3287561154,0.0003066493150325478,-0.0021905320151240915
2021-06-15,1248968.2552131754,0.0048594326135478205,0.0
2021-06-16,1248162.6790986548,-0.0006449932663685765,-0.0006449932663685765
2021-06-17,1267402.5237171748,0.015414532849527207,0.0
2021-06-18,1259584.0736123486,-0.006168876863125838,-0.006168876863125838
2021-06-21,1260008.5036123486,0.0003369604370930812,-0.005833995093476818
2021-06-22,1255991.8812185987,-0.0031877740366311746,-0.009003171672019139
2021-06-23,1262340.3432073987,0.005054540625406334,-0.003994137943586495
2021-06-24,1253892.6232073987,-0.00669210965605016,-0.010659518390536915
2021-06-25,1266999.762119399,0.010453158962266507,-0.0003177850684679129
2021-06-28,1270843.8566081487,0.0030340135836486315,0.0
2021-06-29,1264810.0596081486,-0.0047478665208360304,-0.0047478665208360304
2021-06-30,1265402.9746081487,0.00046877789712063134,-0.0042813143185989055
2021-07-01,1260541.0744031486,-0.0038421754196568125,-0.008107040177617097
2021-07-02,1251754.4709831488,-0.0069705014762491135,-0.015021031518340111
2021-07-05,1250615.1809831487,-0.0009101545282320656,-0.015917514586716974
2021-07-06,1246006.2823133487,-0.0036853052320833246,-0.019544158919012178
2021-07-07,1252889.6123133488,0.005524314040552314,-0.014127812949986884
2021-07-08,1245479.1881133488,-0.0059146664855153075,-0.019958918133733294
2021-07-09,1248368.7578323488,0.0023200465704906748,-0.017685177182809375
2021-07-12,1250823.1778323487,0.001966101750464855,-0.015753846290160745
2021-07-13,1253322.5378323486,0.001998172119204833,-0.013787153067383096
2021-07-14,1243965.3978323487,-0.00746586749822864,-0.02115008750763281
2021-07-15,1252902.2724473486,0.007184182639302206,-0.014117850959822653
2021-07-16,1252889.7288773488,-1.0011610861893061e-05,-0.014127721228254564
2021-07-19,1253712.9655149486,0.0006570703060495564,-0.013479933828316248
2021-07-20,1250604.2984935886,-0.002479568375591601,-0.015926077786282078
2021-07-21,1261483.0784935886,0.008698818653593232,-0.007365797195214685
2021-07-22,1273940.0834435886,0.009874888662696701,0.0
2021-07-23,1272830.6361233888,-0.0008708787286140218,-0.0008708787286140218
2021-07-26,1279056.9645233885,0.004891717894976999,0.0
2021-07-27,1254679.5136000784,-0.019058925129572968,-0.019058925129572968
2021-07-28,1248303.5082800784,-0.005081780048918794,-0.02404385191301439
2021-07-29,1262269.24991004,0.011187777281186806,-0.013125071892012286
2021-07-30,1263608.5196984475,0.0010610016749619255,-0.012077995940311781
2021-08-02,1275165.3499284475,0.009145894515461217,-0.0030425655016789177
2021-08-03,1259465.7097037814,-0.012311846636631874,-0.015316952538472206
2021-08-04,1261639.0000175843,0.0017255652909471397,-0.01361781764918868
2021-08-05,1254089.214633395,-0.005984109070886423,-0.01952043621395494
2021-08-06,1260518.6496622663,0.005126776431731539,-0.014493736694542125
2021-08-09,1254944.3416797223,-0.004422233644886919,-0.01885187564937829
2021-08-10,1265274.0475590057,0.008231206385979739,-0.010775842942631342
2021-08-11,1268240.7551156871,0.0023447154096023493,-0.008456393818028096
2021-08-12,1259187.714381612,-0.007138266687581329,-0.0155342965113211
2021-08-13,1256042.993157779,-0.002497420509996906,-0.017992921350602264
2021-08-16,1256081.7014786492,3.0817671911709255e-05,-0.017962658178637514
2021-08-17,1243499.7675370225,-0.010016811746254461,-0.027799541359454394
2021-08-18,1245369.2526559746,0.0015034060863998722,-0.026337929272733263
2021-08-19,1243113.1401346745,-0.0018116012712603435,-0.028101816717840733
2021-08-20,1244118.6768461384,0.000808885916333324,-0.027315661965273796
2021-08-23,1249564.7351389383,0.004377442758600525,-0.023057791953339457
2021-08-24,1244454.1568215385,-0.004089886801128095,-0.027053374995494428
2021-08-25,1246484.388846213,0.0016314237158079337,-0.025466086797246712
2021-08-26,1242986.1168017099,-0.0028065109164674418,-0.02820112686311793
2021-08-27,1244689.9759650973,0.0013707789172832108,-0.026869005455982364
2021-08-30,1260076.1136238119,0.012361421683969587,-0.01483972287868307
2021-08-31,1277196.4822931697,0.013586773437139321,-0.0014545733941663253
2021-09-01,1266848.0171995214,-0.008102484807245847,-0.00954527254258497
2021-09-02,1285942.4128411738,0.015072364942293692,0.0
2021-09-03,1280601.062184112,-0.004153646853641502,-0.004153646853641502
2021-09-06,1273532.3192015737,-0.0055198634385654755,-0.009650582728802815
2021-09-07,1281229.9563369316,0.00604432021025092,-0.003664593730780319
2021-09-08,1281839.172962675,0.00047549358546472575,-0.0031908426361277886
2021-09-09,1283886.0718318506,0.0015968453081711687,-0.001599092610049313
2021-09-10,1274879.3263263192,-0.007015221757706636,-0.008603096378485331
2021-09-13,1269788.0627813123,-0.00399352584975865,-0.012562265540468465
2021-09-14,1255234.1987235444,-0.011461648194966867,-0.023879929467278682
2021-09-15,1262999.129295063,0.006186041281710519,-0.017841610415057163
2021-09-16,1253498.9190720017,-0.007521945188009527,-0.025229351987458903
2021-09-17,1252423.9984575144,-0.0008575361319681507,-0.026065253038511593
2021-09-22,1258659.4984879245,0.004978745247687488,-0.021216280045519453
2021-09-23,1262325.3791485028,0.0029125277050563447,-0.018365545343894008
2021-09-24,1251753.6765239448,-0.008374784187329842,-0.026586522052486017
2021-09-27,1243438.0145737343,-0.0066432095276945935,-0.03305311174357328
2021-09-28,1251694.07005943,0.006639700080688149,-0.026632874411596008
2021-09-29,1242015.4544908698,-0.0077324130552929304,-0.03415935108108881
2021-09-30,1257090.2192313217,0.012137340711779965,-0.02243661405187325
2021-10-08,1253059.6377231486,-0.003206278631805559,-0.025570954647474275
2021-10-11,1251737.2762083802,-0.0010553061282631004,-0.026599275590592275
2021-10-12,1238142.6130053622,-0.01086063622248068,-0.037171026757102044
2021-10-13,1227225.5200098595,-0.00881731464601121,-0.045660592764480534
2021-10-14,1220104.481507286,-0.0058025508649105495,-0.05119819571735318
2021-10-15,1210381.9492088738,-0.00796860633312424,-0.058758823783839564
2021-10-18,1204964.4291420877,-0.0044758764539797324,-0.06297170300198174
2021-10-19,1216127.1315162585,0.009263926887965068,-0.05429114136663771
2021-10-20,1218542.4946634667,0.0019861107318581706,-0.05241285885329272
2021-10-21,1214510.142723873,-0.003309159883428836,-0.055548576206828404
2021-10-22,1213317.95771001,-0.0009816179971863237,-0.05647566672189208
2021-10-25,1215013.0031949957,0.001397033213111687,-0.05515753189092343
2021-10-26,1208294.5607064194,-0.005529523116962087,-0.060382060160220186
2021-10-27,1212917.042212389,0.003825624691438767,-0.05678743456905033
2021-10-28,1209542.5829440276,-0.0027821022798115713,-0.0594115483976827
2021-10-29,1215874.6917398134,0.005235126803368573,-0.054487448583760534
2021-11-01,1217236.7059625154,0.0011201929211579476,-0.053428292116798115
2021-11-02,1220512.451285067,0.0026911325517096074,-0.05088094218118622
2021-11-03,1226061.3389941447,0.004546358952123297,-0.046565906256040845
2021-11-04,1229026.1436821774,0.002418153638597653,-0.04426035613309076
2021-11-05,1224777.207920238,-0.003457156533065775,-0.04756449768679527
2021-11-08,1223647.2976244295,-0.0009225435356746692,-0.04844316090260137
2021-11-09,1225365.0013881926,0.0014037572485943173,-0.04710740609226882
2021-11-10,1217415.5584465107,-0.00648740818668414,-0.05328920930701653
2021-11-11,1216858.0291171153,-0.0004579613966054774,-0.053722766302903735
2021-11-12,1216564.2299072659,-0.0002414408277870983,-0.05395123626152365
2021-11-15,1219563.1709764202,0.0024650906178482757,-0.05161914033000492
2021-11-16,1217478.742589971,-0.0017091598336642644,-0.05324007480236881
2021-11-17,1217637.3384124024,0.0001302657836095289,-0.053116744378822855
2021-11-18,1216544.198753812,-0.0008977547124300322,-0.05396681328367792
2021-11-19,1215895.1487866552,-0.000533519429726903,-0.054471540369957605
2021-11-22,1215800.0986142159,-7.817300080037448e-05,-0.054545455166989054
2021-11-23,1215630.4684465523,-0.000139521429433076,-0.05467736633654818
2021-11-24,1211034.3377322196,-0.0037808617286518853,-0.05825150050339467
2021-11-25,1212736.7803141987,0.0014057756489109785,-0.056927613395403864
2021-11-26,1211715.1444050074,-0.0008424218064257971,-0.05772207813891761
2021-11-29,1211462.9717985617,-0.00020811211909832483,-0.05791817759401563
2021-11-30,1211076.3170114527,-0.000319163520561383,-0.05821885574511165
2021-12-01,1212719.4707399807,0.0013567714151843102,-0.05694107400922688
2021-12-02,1212306.1856305986,-0.0003407920127892483,-0.05726246095879417
2021-12-03,1213183.1311140081,0.0007233696353312613,-0.05658051324896474
2021-12-06,1213714.6244685086,0.00043809820699736157,-0.056167202863372734
2021-12-07,1215265.5343132457,0.001277820843113009,-0.05496115364277776
2021-12-08,1215532.575538837,0.000219738993702423,-0.054753491757669526
2021-12-09,1217186.4553318194,0.0013606215302368607,-0.05346736900717375
2021-12-10,1217504.0199636654,0.00026090056330718703,-0.05322041811055911
2021-12-13,1217163.2282087835,-0.0002799101680929228,-0.053485431342472634
2021-12-14,1216101.794957792,-0.0008720549770088182,-0.05431084408288189
2021-12-15,1215600.630055427,-0.0004121076906906662,-0.054700569857038084
2021-12-16,1215698.421810309,8.044727228995185e-05,-0.05462452309638588
2021-12-17,1214581.952920644,-0.0009183765230215135,-0.05549273373981445
2021-12-20,1215385.296016373,0.0006614153073798423,-0.054868022175978526
2021-12-21,1214701.4930876545,-0.0005626223477935843,-0.05539977454831668
2021-12-22,1218322.9710339936,0.002981372762730139,-0.052583569164486255
2021-12-23,1216741.4364539017,-0.0012981242393793613,-0.053813433398140154
2021-12-24,1219496.5468396763,0.0022643351358233588,-0.0516709499103396
2021-12-27,1218954.4755623308,-0.0004445041511189629,-0.05209248610973116
2021-12-28,1217762.4064021474,-0.0009779439544971291,-0.05301948653236255
2021-12-29,1215859.8305964647,-0.0015623538677825843,-0.05449900520029349
2021-12-30,1220051.8585310567,0.0034477888232689047,-0.051239117438033555
2021-12-31,1220796.4678582503,0.0006103095716685214,-0.05066007959018126
2022-01-04,1219334.02902034,-0.0011979382939041328,-0.051797330234772065
2022-01-05,1218510.0478982576,-0.0006757632465521635,-0.052438090749282074
2022-01-06,1218578.9165174032,5.651871255740737e-05,-0.052384535770102714
2022-01-07,1216335.2526736194,-0.001841213411270859,-0.05412929807157041
2022-01-10,1216718.4308669833,0.00031502679258998967,-0.053831323458137126
2022-01-11,1220900.1037674416,0.003436845201299832,-0.050579488182543986
2022-01-12,1216654.222621865,-0.0034776646610763517,-0.05388125434499258
2022-01-13,1212553.6978630163,-0.003370328794003785,-0.05706998559602039
2022-01-14,1211366.8202538495,-0.000978824782158938,-0.05799294886196049
2022-01-17,1211339.8202538495,-2.2288871998621396e-05,-0.05801394513654512
2022-01-18,1211474.8202538495,0.00011144684401753757,-0.05790896376362209
2022-01-19,1211339.8202538495,-0.000111434425002499,-0.05801394513654512
2022-01-20,1211528.8202538495,0.00015602558162441937,-0.057866971214452945
2022-01-21,1210961.8202538495,-0.0004680037243200985,-0.05830789298072958
2022-01-24,1211069.8202538495,8.918530559243187e-05,-0.05822390788239118
2022-01-25,1210232.8202538495,-0.0006911244801927063,-0.058874792394513875
2022-01-26,1210475.8202538495,0.0002007878120087181,-0.058685825923252444
2022-01-27,1209935.8202538495,-0.0004461055652369428,-0.05910575141494445
2022-01-28,1209665.8202538495,-0.00022315233211567254,-0.05931571416079051
2022-02-07,1209962.8202538495,0.00024552235421326785,-0.059084755140359824
2022-02-08,1210340.8202538495,0.00031240629354267746,-0.058790807296175474
2022-02-09,1210421.8202538495,6.692329849955492e-05,-0.05872781847242159
2022-02-10,1210367.8202538495,-4.4612546714284385e-05,-0.058769811021590845
2022-02-11,1210205.8202538495,-0.00013384361124701982,-0.0588957886690985
2022-02-14,1209773.8202538495,-0.0003569640740195279,-0.05923172906245211
2022-02-15,1209881.8202538495,8.9272885717806e-05,-0.05914774396411371
2022-02-16,1209989.8202538495,8.926491678118431e-05,-0.05906375886577531
2022-02-17,1209827.8202538495,-0.00013388542390047053,-0.05918973651328285
2022-02-18,1209962.8202538495,0.00011158612633965781,-0.059084755140359824
2022-02-21,1210178.8202538495,0.00017851788202438712,-0.05891678494368302
2022-02-22,1209881.8202538495,-0.00024541827623270063,-0.05914774396411371
2022-02-23,1210043.8202538495,0.00013389737517166544,-0.05902176631660605
2022-02-24,1209044.8202538495,-0.0008255899359003172,-0.059798628476236404
2022-02-25,1208963.8202538495,-6.69950349591053e-05,-0.05986161729999018
2022-02-28,1208666.8202538495,-0.0002456649198465666,-0.060092576320420865
2022-03-01,1208882.8202538495,0.00017870929885765996,-0.05992460612374395
2022-03-02,1208909.8202538495,2.233467094381325e-05,-0.059903609849159434
2022-03-03,1208882.8202538495,-2.233417211738864e-05,-0.05992460612374395
2022-03-04,1208639.8202538495,-0.00020101203849431926,-0.06011357259500538
2022-03-07,1208234.8202538495,-0.00033508742076271414,-0.06042851671377447
2022-03-08,1207640.8202538495,-0.0004916262882369571,-0.060890434754635736
2022-03-09,1206830.8202538495,-0.0006707292320822233,-0.061520322992173804
2022-03-10,1206614.8202538495,-0.0001789811764623117,-0.06168829318885061
2022-03-11,1207046.8202538495,0.0003580264329168248,-0.061352352795497
2022-03-14,1206614.8202538495,-0.0003578982958665211,-0.06168829318885061
2022-03-15,1205858.8202538495,-0.0006265462576043879,-0.06227618887721953
2022-03-16,1206992.8202538495,0.0009404085958928388,-0.061394345344666146
2022-03-17,1206911.8202538495,-6.710893274652907e-05,-0.06145733416842003
2022-03-18,1207073.8202538495,0.000134226873315324,-0.06133135652091237
2022-03-21,1207775.8202538495,0.0005815717218127237,-0.060785453381712706
2022-03-22,1207343.8202538495,-0.00035768227245114304,-0.06112139377506631
2022-03-23,1206938.8202538495,-0.0003354471139089821,-0.0614363378938354
2022-03-24,1206506.8202538495,-0.0003579303215295315,-0.06177227828718901
2022-03-25,1206506.8202538495,0.0,-0.06177227828718901
2022-03-28,1205858.8202538495,-0.0005370877222754533,-0.06227618887721953
2022-03-29,1205696.8202538495,-0.00013434408512758012,-0.062402166524727076
2022-03-30,1206236.8202538495,0.0004478737862858573,-0.06198224103303507
2022-03-31,1212905.8202538495,0.005528765071685093,-0.05679616121063813
2022-04-01,1212905.8202538495,0.0,-0.05679616121063813
2022-04-06,1212905.8202538495,0.0,-0.05679616121063813
2022-04-07,1212905.8202538495,0.0,-0.05679616121063813
2022-04-08,1212905.8202538495,0.0,-0.05679616121063813
2022-04-11,1212905.8202538495,0.0,-0.05679616121063813
2022-04-12,1206053.2202538496,-0.005649737914989683,-0.06212501570021023
2022-04-13,1206193.6202538498,0.00011641277320295629,-0.062015835072370185
2022-04-14,1206404.2202538496,0.00017459883426962364,-0.061852064130610396
2022-04-15,1205983.0202538497,-0.000349136709677067,-0.062179606014130195
2022-04-18,1202677.8724769366,-0.0027406254660347074,-0.06474982046845457
2022-04-19,1203480.9744995567,0.0006677615353196664,-0.06412529637266262
2022-04-20,1188378.8286198766,-0.012548720087544374,-0.07586932606549557
2022-04-21,1177844.195419996,-0.008864709591061115,-0.08406147611411663
2022-04-22,1176268.559065861,-0.001337729013957789,-0.08528675365252036
2022-04-25,1168576.4834434998,-0.006539387253936213,-0.0912684177966917
2022-04-26,1157587.2594430957,-0.009403940739951988,-0.09981407574425438
2022-04-27,1159875.0171990953,0.0019763155972365443,-0.09803502426173494
2022-04-28,1154700.9013290955,-0.004460925352538836,-0.10205862268910793
2022-04-29,1161519.6600180953,0.005905216390799772,-0.09675608454983431
2022-05-05,1162154.2469080954,0.0005463419276003911,-0.09626260452797386
2022-05-06,1164348.4641080955,0.001888060217340115,-0.09455629390466047
2022-05-09,1166414.345747218,0.0017742812420893372,-0.09294978212116767
2022-05-10,1165007.9812486048,-0.0012057160508535114,-0.09404342712779434
2022-05-11,1163747.262741366,-0.0010821543951035073,-0.09502381201490095
2022-05-12,1162786.1752213659,-0.0008258558801986782,-0.09577119192118821
2022-05-13,1165189.342241366,0.0020667316753595344,-0.09390239360175923
2022-05-16,1160542.8103900678,-0.003987791239456473,-0.09751572169864664
2022-05-17,1155442.1596397315,-0.00439505609329649,-0.10148219072509923
2022-05-18,1151751.5347397316,-0.003194123452402553,-0.10435216753210552
2022-05-19,1153014.3249777153,0.0010964085567890525,-0.10337017158471806
2022-05-20,1161791.9113777154,0.007612729703223575,-0.09654437105714486
2022-05-23,1160301.5369772092,-0.0012828238739749365,-0.09770334550702975
2022-05-24,1145682.5337308093,-0.012599313868431938,-0.10907166425942272
2022-05-25,1151982.1665308094,0.0054985850045961016,-0.10417281907234976
2022-05-26,1154019.8049673534,0.001768810747027727,-0.10258827032724538
2022-05-27,1151216.0737673533,-0.0024295347340935747,-0.10476856329526829
2022-05-30,1152402.6057620733,0.0010306770568595525,-0.10384586879287727
2022-05-31,1157177.7033620733,0.004143601876743563,-0.1001325628529558
2022-06-01,1165267.3593620735,0.00699085021816126,-0.09384172438366012
2022-06-02,1162990.236605484,-0.0019541633413949766,-0.09561250566737123
2022-06-06,1172677.3438054842,0.008329482823755008,-0.08807942556730874
2022-06-07,1172729.8559334842,4.47796900633346e-05,-0.08803859004662329
2022-06-08,1171074.109213484,-0.001411873938079511,-0.08932616459387066
2022-06-09,1162132.790165516,-0.007635143649425413,-0.09627929014496961
2022-06-10,1172164.729233268,0.008632351786858283,-0.08847805506043183
2022-06-13,1171033.559630468,-0.0009650261388941539,-0.08935769756347411
2022-06-14,1182204.673328548,0.009539533351721419,-0.08067059494789242
2022-06-15,1176432.280819185,-0.004882735316136477,-0.08515943710110319
2022-06-16,1173410.8125516872,-0.00256833165560022,-0.0875090510786235
2022-06-17,1176220.6248268872,0.0023945682493666798,-0.08532402922450177
2022-06-20,1178503.7194471813,0.0019410428384811773,-0.08354860398189712
2022-06-21,1171451.4537618817,-0.005984084368106823,-0.08903272645493876
2022-06-22,1166655.0425618815,-0.0040944173867363265,-0.09276260669848946
2022-06-23,1173808.5262418815,0.006131618532493999,-0.08719977308435034
2022-06-24,1190989.9512018815,0.014637331878146087,-0.07383881322453889
2022-06-27,1188682.5073618814,-0.0019374167159610378,-0.07563317338947195
2022-06-28,1195449.9760498817,0.00569325168502699,-0.07037052039628844
2022-06-29,1184569.5270898815,-0.009101551029305655,-0.0788315905432484
2022-06-30,1188700.2101298815,0.003487075216384916,-0.07561940701251502
2022-07-01,1189512.8617474171,0.0006836472397415694,-0.07498745677164831
2022-07-04,1200722.7636674175,0.00942394343137476,-0.06627019089095232
2022-07-05,1191989.3043269317,-0.007273501931295723,-0.0730616764608154
2022-07-06,1185750.9155289317,-0.0052335946097458175,-0.07791289587445682
2022-07-07,1184512.3194264316,-0.0010445668531890995,-0.07887607749917946
2022-07-08,1188059.4743389315,0.002994612089992854,-0.07611766866447678
2022-07-11,1184262.7301789315,-0.003195752604988611,-0.07907016803154521
2022-07-12,1178211.1576618105,-0.0051099915271390906,-0.08377611166999366
2022-07-13,1179288.4296618109,0.0009143284656532025,-0.0829383820879821
2022-07-14,1183600.7775009067,0.0036567371735620746,-0.07958492877931644
2022-07-15,1177825.4905197816,-0.00487942141548714,-0.08407602178896767
2022-07-18,1185512.3535617345,0.006526317441610807,-0.07809841115477956
2022-07-19,1193408.2301091696,0.006660307270280885,-0.07195826330011024
2022-07-20,1197263.077342849,0.0032301161802166245,-0.0689605806704795
2022-07-21,1190175.4857062888,-0.005919828123564952,-0.07447217400917405
2022-07-22,1183838.703906529,-0.005324241572661426,-0.07939990773696937
2022-07-25,1172138.0108412523,-0.009883688568945836,-0.08849883234543998
2022-07-26,1175148.6731034522,0.0025685219951523397,-0.08615762154771212
2022-07-27,1180458.9242231324,0.004518790891076208,-0.08202815893208248
2022-07-28,1180016.8907564925,-0.0003744589985889002,-0.08237190174842157
2022-07-29,1181040.2123085973,0.0008672092409192089,-0.0815761261818907
2022-08-01,1182616.9207720743,0.0013350167479859731,-0.08035001492859328
2022-08-02,1170490.0590964663,-0.010254260244890512,-0.08978034520972522
2022-08-03,1163380.1989856663,-0.006074259286138917,-0.09530925540026114
2022-08-04,1161807.3021286302,-0.0013520058691108838,-0.09653240259669038
2022-08-05,1166419.3173660303,0.003969690351360411,-0.09294591599251167
2022-08-08,1169285.3801366806,0.0024571461806053296,-0.09071715151439019
2022-08-09,1165297.3679730422,-0.0034106405770438775,-0.09381838849344526
2022-08-10,1165643.3803534016,0.0002969305431121949,-0.09354931549538237
2022-08-11,1177183.7013589707,0.009900387374112807,-0.08457510258325684
2022-08-12,1167387.38859506,-0.00832182160915207,-0.09219310527613533
2022-08-15,1170119.4312583944,0.0023403051035375544,-0.09006856016738651
2022-08-16,1178031.1070180074,0.006761425841039559,-0.08391612621652789
2022-08-17,1179839.1711502206,0.001534818666028226,-0.08251010358739763
2022-08-18,1178595.7463745154,-0.0010538934509972675,-0.083477040180583
2022-08-19,1173701.1296041284,-0.004152922480369803,-0.08728328898419202
2022-08-22,1177360.8971859678,0.003118142676640012,-0.08443730805589111
2022-08-23,1176816.3216725416,-0.0004625391540756807,-0.08486079164892613
2022-08-24,1155032.448635369,-0.01851085223411275,-0.10180079830835576
2022-08-25,1156591.9924918097,0.001350216488102296,-0.10058803493663149
2022-08-26,1152428.1019619098,-0.003600137781456514,-0.10382604193315015
2022-08-29,1152013.8702329323,-0.0003594425789099631,-0.1041481650117897
2022-08-30,1151237.3605092044,-0.0006740454640279392,-0.10475200987760458
2022-08-31,1141150.0474084045,-0.008762148838132089,-0.11259630601409565
2022-09-01,1139816.4226421881,-0.0011686673187676355,-0.11363338570981063
2022-09-02,1139335.680322063,-0.0004217717086500983,-0.11400723007121016
2022-09-05,1141262.7556112006,0.0016914025624064077,-0.11250865962987922
2022-09-06,1142466.7829526728,0.001054995736566644,-0.11157236004954885
2022-09-07,1141585.1447549057,-0.0007716970076701024,-0.11225795700083008
2022-09-08,1145808.0477306477,0.003699157259661634,-0.10897405957776274
2022-09-09,1146961.28768122,0.0010064861674312642,-0.10807725429390536
2022-09-13,1145941.0644203431,-0.0008895010423058958,-0.10887062050586727
2022-09-14,1142610.2045046887,-0.0029066590063593356,-0.1114608297426053
2022-09-15,1144710.7211616873,0.001838349288950214,-0.10982738439075812
2022-09-16,1133024.9915191913,-0.010208456535321764,-0.11891467284613877
2022-09-19,1135556.5248434641,0.002234313755849815,-0.1169460517796016
2022-09-20,1134790.5878579663,-0.0006745036189224063,-0.11754167486337985
2022-09-21,1136482.1033561595,0.0014905970460912243,-0.1162262850906326
2022-09-22,1136765.8033561595,0.00024962997583699575,-0.11600566867953443
2022-09-23,1136341.9033561596,-0.00037290002808709755,-0.11633531019051269
2022-09-26,1132705.4033561596,-0.0032001812036145383,-0.11916319732113889
2022-09-27,1135246.9033561596,0.0022437431590505152,-0.11718682577088824
2022-09-28,1135766.0033561592,0.00045725735825841163,-0.1167831529510045
2022-09-29,1132763.9033561596,-0.002643238123987257,-0.11911770539287225
2022-09-30,1135212.0033561594,0.00216117409174732,-0.11721396539988838
2022-10-10,1134612.4033561596,-0.0005281832805037467,-0.11768023822362639
2022-10-11,1133742.7553873595,-0.0007664714101728309,-0.11835651109565848
2022-10-12,1137588.5553873593,0.0033921275189854327,-0.1153658639550118
2022-10-13,1132555.1553873594,-0.004424622572161807,-0.11928003612146132
2022-10-14,1134138.1553873594,0.0013977244220468865,-0.11804903231896413
2022-10-17,1135809.8553873594,0.0014739826819678559,-0.11674905186625739
2022-10-18,1138764.2553873595,0.002601139606235092,-0.11445159284282214
2022-10-19,1136744.3553873594,-0.0017737648424107633,-0.11602234747369033
2022-10-20,1134968.9553873595,-0.0015618287362376693,-0.11740296917359783
2022-10-21,1136574.6553873594,0.001414752352809412,-0.11615431294765355
2022-10-24,1128828.6553873594,-0.006815214436890704,-0.12217791083403629
2022-10-25,1127193.3303241595,-0.0014486920183992558,-0.12344960468818555
2022-10-26,1127579.4303241596,0.0003425321900094591,-0.12314935796162563
2022-10-27,1127614.5303241594,3.1128627443699486e-05,-0.12312206280466576
2022-10-28,1127439.0303241594,-0.00015563829241327376,-0.12325853858946567
2022-10-31,1127930.4303241596,0.00043585505449361683,-0.1228764063920258
2022-11-01,1128492.0303241594,0.0004979030487177738,-0.12243968388066617
2022-11-02,1128351.6303241593,-0.0001244138161612396,-0.12254886450850622
2022-11-03,1128351.6303241593,0.0,-0.12254886450850622
2022-11-04,1128843.0303241594,0.00043550253909674375,-0.12216673231106634
2022-11-07,1128702.6303241593,-0.0001243751311994501,-0.12227591293890638
2022-11-08,1128527.1303241593,-0.00015548825287103885,-0.1224123887237063
2022-11-09,1128316.5303241594,-0.00018661491987292944,-0.12257615966546609
2022-11-10,1128456.9303241596,0.00012443316766774792,-0.12246697903762604
2022-11-11,1128878.1303241593,0.00037325305794233543,-0.12213943715410647
2022-11-14,1128948.3303241595,6.218563201332294e-05,-0.12208484684018628
2022-11-15,1129755.6303241593,0.0007150902998085407,-0.12145705823010688
2022-11-16,1129545.0303241594,-0.0001864119941933362,-0.12162082917186667
2022-11-17,1129720.5303241594,0.00015537229175333067,-0.12148435338706676
2022-11-18,1129334.4303241596,-0.00034176594089962986,-0.12178460011362646
2022-11-21,1128913.2303241594,-0.0003729630379544213,-0.12211214199714637
2022-11-22,1128913.2303241594,0.0,-0.12211214199714637
2022-11-23,1128913.2303241594,0.0,-0.12211214199714637
2022-11-24,1128702.6303241593,-0.0001865510956405858,-0.12227591293890638
2022-11-25,1128913.2303241594,0.00018658590344533543,-0.12211214199714637
2022-11-28,1128772.8303241595,-0.00012436739709353883,-0.1222213226249862
2022-11-29,1129545.0303241594,0.0006841057644682014,-0.12162082917186667
2022-11-30,1129404.6303241593,-0.00012429783340273115,-0.12173000979970672
2022-12-01,1129334.4303241596,-6.215664263709009e-05,-0.12178460011362646
2022-12-02,1129334.4303241596,0.0,-0.12178460011362646
2022-12-05,1129825.8303241595,0.00043512354427988065,-0.1214024679161867
2022-12-06,1129720.5303241594,-9.320020588465816e-05,-0.12148435338706676
2022-12-07,1129474.8303241595,-0.00021748741693616847,-0.12167541948578653
2022-12-08,1129369.5303241594,-9.322916914389356e-05,-0.12175730495666659
2022-12-09,1129369.5303241594,0.0,-0.12175730495666659
2022-12-12,1128807.9303241596,-0.0004972685953716915,-0.12219402746802621
2022-12-13,1128878.1303241593,6.218949930625328e-05,-0.12213943715410647
2022-12-14,1129018.5303241594,0.00012437126402642384,-0.12203025652626642
2022-12-15,1128843.0303241594,-0.00015544474717310575,-0.12216673231106634
2022-12-16,1128807.9303241596,-3.10937827997515e-05,-0.12219402746802621
2022-12-19,1127965.5303241594,-0.0007462739916773709,-0.12284911123506592
2022-12-20,1127790.0303241594,-0.00015558986093267002,-0.12298558701986584
2022-12-21,1127684.7303241594,-9.336844374285835e-05,-0.12306747249074579
2022-12-22,1127579.4303241596,-9.337716222290737e-05,-0.12314935796162563
2022-12-23,1127754.9303241596,0.00015564313721960765,-0.12301288217682571
2022-12-26,1127754.9303241596,0.0,-0.12301288217682571
2022-12-27,1127965.5303241594,0.0001867426994439647,-0.12284911123506592
2022-12-28,1127825.1303241593,-0.00012447188874631365,-0.12295829186290597
2022-12-29,1127754.9303241596,-6.224369196272672e-05,-0.12301288217682571
2022-12-30,1127825.1303241593,6.224756648109953e-05,-0.12295829186290597
2023-01-03,1127860.2303241594,3.1121845981640917e-05,-0.12293099670594587
2023-01-04,1127930.4303241596,6.224175488478423e-05,-0.1228764063920258
2023-01-05,1128211.2303241594,0.00024895152435866486,-0.12265804513634604
2023-01-06,1128211.2303241594,0.0,-0.12265804513634604
2023-01-09,1128878.1303241593,0.000591112711941566,-0.12213943715410647
2023-01-10,1129018.5303241594,0.00012437126402642384,-0.12203025652626642
2023-01-11,1128983.4303241596,-3.108894943448792e-05,-0.1220575516832263
2023-01-12,1129299.3303241595,0.0002798092438869304,-0.12181189527058645
2023-01-13,1129650.3303241595,0.00031081219175010943,-0.12153894370098661
2023-01-16,1130247.0303241594,0.000528216549831706,-0.12107492603266701
2023-01-17,1130422.5303241594,0.00015527578953222765,-0.12093845024786709
2023-01-18,1130387.4303241596,-3.105033654082767e-05,-0.12096574540482696
2023-01-19,1130843.7303241594,0.00040366690902504665,-0.12061090836434729
2023-01-20,1130527.8303241595,-0.0002793489423240647,-0.12085656477698703
2023-01-30,1130282.1303241593,-0.00021733211108099226,-0.12104763087570714
2023-01-31,1130211.9303241596,-6.210838702691568e-05,-0.12110222118962688
2023-02-01,1130773.5303241594,0.0004968979577475441,-0.12066549867826726
2023-02-02,1130211.9303241596,-0.0004966511727939604,-0.12110222118962688
2023-02-03,1130001.3303241595,-0.0001863367341554678,-0.12126599213138678
2023-02-06,1129790.7303241594,-0.0001863714620049528,-0.12142976307314679
2023-02-07,1129790.7303241594,0.0,-0.12142976307314679
2023-02-08,1129509.9303241596,-0.0002485416037351085,-0.12164812432882655
2023-02-09,1129931.1303241593,0.0003729050880312279,-0.12132058244530697
2023-02-10,1129685.4303241596,-0.00021744688096980713,-0.12151164854402663
2023-02-13,1130387.4303241596,0.0006214119268570517,-0.12096574540482696
2023-02-14,1130141.7303241594,-0.0002173591048599821,-0.12115681150354696
2023-02-15,1129825.8303241595,-0.00027952246300055883,-0.1214024679161867
2023-02-16,1129720.5303241594,-9.320020588465816e-05,-0.12148435338706676
2023-02-17,1129229.1303241593,-0.000434974833872559,-0.12186648558450663
2023-02-20,1130211.9303241596,0.0008703282386259836,-0.12110222118962688
2023-02-21,1130247.0303241594,3.1056122359096605e-05,-0.12107492603266701
2023-02-22,1130141.7303241594,-9.31654737194032e-05,-0.12115681150354696
2023-02-23,1130352.3303241595,0.00018634830866726126,-0.12099304056178695
2023-02-24,1130036.4303241596,-0.0002794703841670909,-0.1212386969744268
2023-02-27,1129685.4303241596,-0.00031060945521843575,-0.12151164854402663
2023-02-28,1129896.0303241594,0.00018642357805687126,-0.12134787760226684
2023-03-01,1130211.9303241596,0.0002795832461766068,-0.12110222118962688
2023-03-02,1130106.6303241593,-9.316836707795595e-05,-0.12118410666050705
2023-03-03,1130211.9303241596,9.317704823130768e-05,-0.12110222118962688
2023-03-06,1129825.8303241595,-0.00034161734595150595,-0.1214024679161867
2023-03-07,1129299.3303241595,-0.0004660010294231798,-0.12181189527058645
2023-03-08,1129264.2303241594,-3.108121917505535e-05,-0.12183919042754654
2023-03-09,1129158.9303241596,-9.324655574149965e-05,-0.12192107589842638
2023-03-10,1128807.9303241596,-0.00031085083824222703,-0.12219402746802621
2023-03-13,1128913.2303241594,9.328424895960197e-05,-0.12211214199714637
2023-03-14,1128492.0303241594,-0.00037310219128094957,-0.12243968388066617
2023-03-15,1128702.6303241593,0.00018662072424158183,-0.12227591293890638
2023-03-16,1128597.3303241595,-9.329295172244567e-05,-0.12235779840978611
2023-03-17,1129088.7303241594,0.000435407728510917,-0.12197566621234646
2023-03-20,1128807.9303241596,-0.00024869613207390007,-0.12219402746802621
2023-03-21,1128983.4303241596,0.0001554737482660773,-0.1220575516832263
2023-03-22,1138853.200573617,0.008742174583220796,-0.11438242552602074
2023-03-23,1148082.5495500967,0.008104072563374531,-0.10720531643908393
2023-03-24,1163854.7564408744,0.013737868323979274,-0.09494022063597529
2023-03-27,1171301.8094369508,0.00639861026890487,-0.08914909583776376
2023-03-28,1152904.739708951,-0.015706515246350916,-0.10345538945114041
2023-03-29,1154062.1502132905,0.0010039081846706654,-0.10255534097868801
2023-03-30,1146563.3065037404,-0.006497781517368129,-0.10838674029693751
2023-03-31,1158226.2618345406,0.010172098884242642,-0.099317162052736
2023-04-03,1169768.7413213404,0.009965651675448495,-0.09034127061969921
2023-04-04,1179368.364901043,0.008206428536343902,-0.08287622126457828
2023-04-06,1180928.9671290428,0.0013232525769255599,-0.08166263486100689
2023-04-07,1183053.3608114426,0.0017989174129282581,-0.08001062178391571
2023-04-10,1168460.8510714427,-0.012334616698938317,-0.09135833813130578
2023-04-11,1177795.9322658426,0.007989211778759886,-0.0840990074636323
2023-04-12,1188311.0593583677,0.008927800482632087,-0.07592202614042287
2023-04-13,1175748.8081490176,-0.010571517541992037,-0.08569093265124783
2023-04-14,1171295.8655567057,-0.0037873247767286067,-0.08915371803560534
2023-04-17,1163794.9042116306,-0.0064039851634838385,-0.09498676411151985
2023-04-18,1159170.4382070308,-0.003973609085127006,-0.09858293292780651
2023-04-19,1165325.7805474305,0.005310127085297767,-0.0937962937447967
2023-04-20,1172802.6965546308,0.006416159439712965,-0.08798194628060452
2023-04-21,1150503.8047962307,-0.01901333602310773,-0.10532245199511203
2023-04-24,1154745.7805533581,0.003687059303449036,-0.10202372281815364
2023-04-25,1151974.1513377125,-0.0024002072684062847,-0.10417905200550193
2023-04-26,1143207.9623201126,-0.007609709825016742,-0.11099598947491152
2023-04-27,1144119.9434002494,0.0007977385656814384,-0.11028679669067021
2023-04-28,1146757.6600621534,0.0023054546659373454,-0.10823560323475478
2023-05-04,1084194.4376029847,-0.05455662049449728,-0.15688725499958056
2023-05-05,1150727.7178445652,0.06136655744948949,-0.10514832829711551
2023-05-08,1155108.8782148054,0.003807295420368062,-0.10174136362553243
2023-05-09,1146108.4705193855,-0.007791826264316959,-0.1087404388605846
2023-05-10,1136646.3251965404,-0.008255889879739797,-0.11609857965161685
2023-05-11,1136890.7059636135,0.00021500158990162,-0.11590853944092572
2023-05-12,1136599.434426244,-0.0002562001218248122,-0.11613504378082518
2023-05-15,1132557.7363199047,-0.00355595646445106,-0.11927802908559448
2023-05-16,1130040.2474226663,-0.002222834930622253,-0.12123572864670962
2023-05-17,1128934.0861647546,-0.0009788689035055143,-0.12209592366544897
2023-05-18,1130087.4384758293,0.0010216294513640811,-0.12119903100559304
2023-05-19,1061439.4959469312,-0.06074569116659234,-0.17458240326502927
2023-05-22,1061143.2775138433,-0.000279072367496247,-0.17481275450792322
2023-05-23,1060380.5800585994,-0.0007187506827832646,-0.17540585840404466
2023-05-24,1060031.0299243077,-0.0003296459222897896,-0.17567768250036586
2023-05-25,1059937.728620793,-8.801752107334693e-05,-0.17575023730731754
2023-05-26,1059900.5189395768,-3.5105535175716795e-05,-0.17577917303635537
2023-05-29,1059859.5032447344,-3.8697683517940895e-05,-0.17581106847306616
2023-05-30,1059817.619629851,-3.9518082118439324e-05,-0.17584363883894338
2023-05-31,1059777.2545207588,-3.808684470296697e-05,-0.17587502835428181
2023-06-01,1059737.1165238852,-3.78739935230632e-05,-0.17590624125812016
2023-06-02,1059697.0890637855,-3.777112217318024e-05,-0.17593736820416372
2023-06-05,1059657.0900698223,-3.774568636272235e-05,-0.1759684730138067
2023-06-06,1059617.0879704726,-3.7750041711137605e-05,-0.17599958023832174
2023-06-07,1059577.0870457918,-3.7750358252042204e-05,-0.1760306865493675
2023-06-08,1059537.0869152357,-3.775103392200663e-05,-0.17606179224287033
2023-06-09,1059497.0869609239,-3.7752292775694585e-05,-0.17609289779931858
2023-06-12,1059457.0869246223,-3.7753795450568006e-05,-0.17612400341952528
2023-06-13,1059417.086918199,-3.775519265192262e-05,-0.17615510901649756
2023-06-14,1059377.0869153067,-3.7756614827300083e-05,-0.1761862146107238
2023-06-15,1059337.0869150644,-3.775803794170418e-05,-0.1762173202028895
2023-06-16,1059302.0869149473,-3.303953061728482e-05,-0.1762445375959606
2023-06-19,1059267.0869149184,-3.3040622180569024e-05,-0.17627175498896308
2023-06-20,1059232.086914915,-3.304171387541466e-05,-0.1762989723819458
2023-06-21,1059197.0869149114,-3.3042805666405606e-05,-0.17632618977492864
2023-06-26,1059162.0869149086,-3.3043897528783894e-05,-0.17635340716791081
2023-06-27,1059127.0869149086,-3.304498946132828e-05,-0.17638062456089088
2023-06-28,1059097.0869149086,-2.8325212687585477e-05,-0.17640395375487372
2023-06-29,1059067.0869149086,-2.8326015027890783e-05,-0.17642728294885668
2023-06-30,1059037.0869149084,-2.83268174140483e-05,-0.17645061214283975
2023-07-03,1059007.0869149084,-2.8327619845058827e-05,-0.1764739413368226
2023-07-04,1058977.0869149084,-2.8328422321921565e-05,-0.17649727053080555
2023-07-05,1058947.0869149084,-2.8329224844081402e-05,-0.1765205997247884
2023-07-06,1058917.0869149084,-2.8330027411871406e-05,-0.17654392891877135
2023-07-07,1058887.0869149084,-2.833083002506953e-05,-0.1765672581127542
2023-07-10,1058857.0869149084,-2.8331632683675778e-05,-0.17659058730673705
2023-07-11,1058827.0869149084,-2.833243538791219e-05,-0.17661391650072
2023-07-12,1058797.0869149084,-2.8333238137556727e-05,-0.17663724569470285
2023-07-13,1058767.0869149084,-2.8334040932609383e-05,-0.1766605748886858
2023-07-14,1058742.0869149084,-2.361236981107684e-05,-0.17668001588367155
2023-07-17,1058717.0869149084,-2.361292736818843e-05,-0.1766994568786573
2023-07-18,1058692.0869149084,-2.361348495172333e-05,-0.17671889787364303
2023-07-19,1058667.0869149084,-2.3614042561570514e-05,-0.17673833886862877
2023-07-20,1058642.0869149084,-2.3614600197729985e-05,-0.17675777986361452
2023-07-21,1058622.0869149084,-1.889212628825021e-05,-0.17677333265960304
2023-07-24,1058602.0869149084,-1.8892483207411104e-05,-0.17678888545559168
2023-07-25,1058582.0869149084,-1.8892840140005696e-05,-0.1768044382515802
2023-07-26,1058562.0869149084,-1.8893197086145008e-05,-0.17681999104756885
2023-07-27,1058542.0869149084,-1.8893554045829042e-05,-0.17683554384355749
2023-07-28,1058522.0869149084,-1.8893911018946774e-05,-0.176851096639546
2023-07-31,1058502.0869149084,-1.8894268005609227e-05,-0.17686664943553465
2023-08-01,1058482.0869149084,-1.889462500570538e-05,-0.17688220223152318
2023-08-02,1058462.0869149084,-1.889498201934625e-05,-0.17689775502751182
2023-08-03,1058442.0869149084,-1.8895339046420823e-05,-0.17691330782350045
2023-08-04,1058422.0869149084,-1.8895696086929092e-05,-0.17692886061948898
2023-08-07,1058402.0869149084,-1.8896053141093105e-05,-0.17694441341547762
2023-08-08,1058382.0869149084,-1.8896410208579795e-05,-0.17695996621146626
2023-08-09,1058362.0869149084,-1.8896767289722227e-05,-0.17697551900745478
2023-08-10,1058342.0869149084,-1.8897124384298358e-05,-0.17699107180344342
2023-08-11,1058322.0869149084,-1.8897481492308188e-05,-0.17700662459943195
2023-08-14,1058302.0869149084,-1.889783861386274e-05,-0.1770221773954206
2023-08-15,1058282.0869149084,-1.889819574896201e-05,-0.17703773019140923
2023-08-16,1058262.0869149084,-1.889855289749498e-05,-0.17705328298739775
2023-08-17,1058242.0869149084,-1.889891005946165e-05,-0.1770688357833864
2023-08-18,1058222.0869149084,-1.889926723508406e-05,-0.17708438857937492
2023-08-21,1058202.0869149084,-1.889962442414017e-05,-0.17709994137536356
2023-08-22,1058182.0869149084,-1.889998162662998e-05,-0.1771154941713522
2023-08-23,1058162.0869149084,-1.8900338842775533e-05,-0.17713104696734072
2023-08-24,1058142.0869149084,-1.890069607224376e-05,-0.17714659976332936
2023-08-25,1058122.0869149084,-1.8901053315367733e-05,-0.1771621525593179
2023-08-28,1058102.0869149084,-1.8901410571925403e-05,-0.17717770535530653
2023-08-29,1058082.0869149084,-1.8901767842027795e-05,-0.17719325815129516
2023-08-30,1058062.0869149084,-1.8902125125563884e-05,-0.1772088109472837
2023-08-31,1058042.0869149084,-1.8902482422644695e-05,-0.17722436374327233
2023-09-01,1058022.0869149084,-1.8902839733270227e-05,-0.17723991653926097
2023-09-04,1058002.0869149084,-1.8903197057329457e-05,-0.1772554693352495
2023-09-05,1057982.0869149084,-1.890355439493341e-05,-0.17727102213123813
2023-09-06,1057962.0869149084,-1.890391174608208e-05,-0.17728657492722666
2023-09-07,1057942.0869149084,-1.8904269110775473e-05,-0.1773021277232153
2023-09-08,1057922.0869149084,-1.8904626488902565e-05,-0.17731768051920394
2023-09-11,1057902.0869149084,-1.8904983880574378e-05,-0.17733323331519246
2023-09-12,1057882.0869149084,-1.890534128567989e-05,-0.1773487861111811
2023-09-13,1057862.0869149084,-1.8905698704441143e-05,-0.17736433890716963
2023-09-14,1057842.0869149084,-1.8906056136636096e-05,-0.17737989170315827
2023-09-15,1057822.0869149084,-1.890641358237577e-05,-0.1773954444991469
2023-09-18,1057802.0869149084,-1.8906771041549142e-05,-0.17741099729513543
2023-09-19,1057782.0869149084,-1.8907128514267235e-05,-0.17742655009112407
2023-09-20,1057762.0869149084,-1.890748600053005e-05,-0.1774421028871126
2023-09-21,1057742.0869149084,-1.8907843500337584e-05,-0.17745765568310123
2023-09-22,1057722.0869149084,-1.890820101368984e-05,-0.17747320847908987
2023-09-25,1057702.0869149084,-1.8908558540475795e-05,-0.1774887612750784
2023-09-26,1057682.0869149084,-1.890891608080647e-05,-0.17750431407106704
2023-09-27,1057662.0869149084,-1.8909273634681867e-05,-0.17751986686705556
2023-09-28,1057642.0869149084,-1.8909631202101984e-05,-0.1775354196630442
2023-10-09,1057622.0869149084,-1.89099887829558e-05,-0.17755097245903284
2023-10-10,1057602.0869149084,-1.891034637746536e-05,-0.17756652525502137
2023-10-11,1057582.0869149084,-1.8910703985408617e-05,-0.17758207805101
2023-10-12,1057562.0869149084,-1.8911061606896595e-05,-0.17759763084699864
2023-10-13,1057542.0869149084,-1.8911419241929295e-05,-0.17761318364298717
2023-10-16,1057522.0869149084,-1.8911776890506715e-05,-0.1776287364389758
2023-10-17,1057502.0869149084,-1.8912134552517834e-05,-0.17764428923496434
2023-10-18,1057482.0869149084,-1.8912492228073674e-05,-0.17765984203095297
2023-10-19,1057462.0869149084,-1.8912849917285257e-05,-0.1776753948269416
2023-10-20,1057442.0869149084,-1.891320761993054e-05,-0.17769094762293014
2023-10-23,1057422.0869149084,-1.891356533612054e-05,-0.17770650041891878
2023-10-24,1057402.0869149084,-1.8913923065855265e-05,-0.1777220532149073
2023-10-25,1057382.0869149084,-1.8914280809023687e-05,-0.17773760601089594
2023-10-26,1057362.0869149084,-1.8914638565847852e-05,-0.17775315880688458
2023-10-27,1057342.0869149084,-1.891499633621674e-05,-0.1777687116028731
2023-10-30,1057322.0869149084,-1.8915354120019323e-05,-0.17778426439886175
2023-10-31,1057302.0869149084,-1.891571191736663e-05,-0.17779981719485027
2023-11-01,1057282.0869149084,-1.8916069728369678e-05,-0.1778153699908389
2023-11-02,1057262.0869149084,-1.8916427552806425e-05,-0.17783092278682755
2023-11-03,1057242.0869149084,-1.8916785390787894e-05,-0.17784647558281608
2023-11-06,1057222.0869149084,-1.8917143242314083e-05,-0.17786202837880472
2023-11-07,1057202.0869149084,-1.8917501107384993e-05,-0.17787758117479324
2023-11-08,1057182.0869149084,-1.8917858986000624e-05,-0.17789313397078188
2023-11-09,1057162.0869149084,-1.8918216878160976e-05,-0.17790868676677052
2023-11-10,1057142.0869149084,-1.891857478386605e-05,-0.17792423956275905
2023-11-13,1057122.0869149084,-1.8918932703115843e-05,-0.17793979235874768
2023-11-14,1057102.0869149084,-1.8919290635910357e-05,-0.17795534515473632
2023-11-15,1057082.0869149084,-1.8919648582249593e-05,-0.17797089795072485
2023-11-16,1057082.0869149084,0.0,-0.17797089795072485
2023-11-17,1057946.5376087483,0.0008177706391401252,-0.17729866668655025
2023-11-20,1061862.8145940618,0.0037017721086032296,-0.17425321383717984
2023-11-21,1054401.4033091818,-0.007026718689393419,-0.1800555042122166
2023-11-22,1052140.152646782,-0.002144582371858439,-0.18181394272378548
2023-11-23,1054081.304633982,0.0018449557146134055,-0.18030442568179672
2023-11-24,1051487.2288989422,-0.002460982586101834,-0.18232168221609857
2023-11-27,1056051.349379342,0.004340633300110586,-0.17877244048114738
2023-11-28,1061370.8368457211,0.0050371484961460045,-0.1746357953147234
2023-11-29,1060631.7952303612,-0.0006963085753857179,-0.17521050348826206
2023-11-30,1064361.1593526015,0.003516172284303787,-0.17231040152024268
2023-12-01,1060194.9065833213,-0.003914322439024676,-0.17555024548811926
2023-12-04,1064143.7497213162,0.0037246388503420214,-0.1724794679023095
2023-12-05,1055273.6469528133,-0.008335436608847058,-0.1793772128401292
2023-12-06,1056113.1837501172,0.0007955631221610027,-0.1787243556134599
2023-12-07,1060000.3024630372,0.003680589138294277,-0.17570157739718528
2023-12-08,1061743.4410420454,0.00164446988831779,-0.17434604346222704
2023-12-11,1074751.8404207812,0.012251923464644765,-0.1642301943784451
2023-12-12,1075718.452257025,0.0008993814198685612,-0.163478518543982
2023-12-13,1070504.9758579377,-0.004846506433117903,-0.16753272528529994
2023-12-14,1070003.3247411377,-0.0004686116628257464,-0.16792282915915202
2023-12-15,1066696.3445294972,-0.0030906261085128506,-0.17049446858765016
2023-12-18,1062990.132687577,-0.003474476931440984,-0.17337656642104515
2023-12-19,1063785.8878043771,0.0007486006617842822,-0.17275775557162154
2023-12-20,1063862.0959798403,7.163864113701734e-05,-0.17269849306133944
2023-12-21,1066018.669737034,0.002027117767747333,-0.17102145547733982
2023-12-22,1068397.3852420738,0.0022314013558755175,-0.1691716716291003
2023-12-25,1075968.5180771137,0.007086438940810735,-0.163284057409804
2023-12-26,1066600.058409354,-0.008707001655124946,-0.17056934450680628
2023-12-27,1069395.1742977481,0.002620584788418867,-0.16839575114797256
2023-12-28,1060427.6932099531,-0.00838556345055863,-0.17536922134247535
2023-12-29,1059327.00013931,-0.0010379708844752145,-0.17622516408116395
2024-01-02,1065242.618081595,0.005584317157503849,-0.17162494413102258
2024-01-03,1071042.9987610646,0.005445126378735621,-0.16711433726282376
2024-01-04,1071243.6679661844,0.00018735868247299337,-0.1669582889024026
2024-01-05,1069456.4664903271,-0.0016683426276399294,-0.16834808789962885
2024-01-08,1065356.407526167,-0.0038337782720743174,-0.17153645693016828
2024-01-09,1065182.010944727,-0.000163697876323865,-0.17167207465278056
2024-01-10,1063450.7512561062,-0.0016253181811486384,-0.17301837108980045
2024-01-11,1061912.0563489248,-0.0014468887302623301,-0.17421492148880457
2024-01-12,1066919.7810459542,0.0047157621641917835,-0.17032071545980731
2024-01-15,1072972.965418481,0.00567351405425498,-0.1656135183784443
2024-01-16,1075896.5204497462,0.0027247238518492978,-0.16334004563030957
2024-01-17,1070059.5793804661,-0.005425188164787542,-0.16787908331270762
2024-01-18,1066836.120995826,-0.003012410193557913,-0.17038577284440926
2024-01-19,1063048.214977506,-0.00355059783201217,-0.17333139932075425
2024-01-22,1049959.7034593376,-0.012312246362640722,-0.18350954679257658
2024-01-23,1054754.2643987774,0.004566423762400573,-0.17978110538527703
2024-01-24,1059627.6303850077,0.0046203804532691795,-0.1759913820371971
2024-01-25,1064410.0934220692,0.004513343083856647,-0.1722723484402765
2024-01-26,1063497.2437631362,-0.00085761086311964,-0.1729822166659587
2024-01-29,1066780.836431206,0.0030875422454794688,-0.17042876432215193
2024-01-30,1064955.5657079362,-0.0017110081667534027,-0.1718481674813005
2024-01-31,1064933.1400888334,-2.1057797925938537e-05,-0.17186560653524163
2024-02-01,1058400.2536940086,-0.006134550751495937,-0.17694583900101046
2024-02-02,1059083.7052583003,0.0006457401742925306,-0.17641435986363474
2024-02-05,1062391.8473763876,0.0031235889114924476,-0.1738418168904402
2024-02-06,1072648.6635042275,0.009654456736626349,-0.16586570845399906
2024-02-07,1075544.2532737476,0.0026994764157544093,-0.1636139826063987
2024-02-08,1068820.4191699077,-0.006251564343702221,-0.16884270361030762
2024-02-19,1070172.2104827077,0.001264750643377388,-0.16779149688495099
2024-02-20,1078932.2806231077,0.008185664003037996,-0.1609793176979799
2024-02-21,1074707.6551100677,-0.0039155613275377865,-0.1642645546346061
2024-02-22,1072650.0970601477,-0.0019145281418035953,-0.16586459366386086
2024-02-23,1066606.6572995076,-0.005634120368984696,-0.1705642129471907
2024-02-26,1061983.6904617476,-0.004334275251445252,-0.17415921595167672
2024-02-27,1065712.2211113477,0.0035109114039020284,-0.17125976212515415
2024-02-28,1066899.6861711876,0.0011142455123593908,-0.17033634203419046
2024-02-29,1075638.1316585476,0.00819050338155014,-0.16354097903807208
2024-03-01,1080604.3096246277,0.004616959756180039,-0.15967908140059717
2024-03-04,1079530.9614043557,-0.0009932851560112699,-0.16051375969532777
2024-03-05,1082683.8630684318,0.0029206218040978005,-0.15806193787765388
2024-03-06,1079761.6254061982,-0.002699068270909377,-0.1603343861871993
2024-03-07,1080633.660556348,0.0008076182090854811,-0.15965625694794106
2024-03-08,1087023.9024285162,0.005913421083772574,-0.1546869505401608
2024-03-11,1079139.4525484904,-0.007253244259313174,-0.16081821256347784
2024-03-12,1063540.8485628401,-0.014454669365310147,-0.17294830783826276
2024-03-13,1061042.6713285102,-0.0023489245737066122,-0.17489098988170704
2024-03-14,1064724.5510330466,0.003470058089111827,-0.1720278136867469
2024-03-15,1066739.9467424867,0.0018928799072819302,-0.17046056177148639
2024-03-18,1066077.8997511268,-0.0006206264173209686,-0.1709753958610606
2024-03-19,1064818.414352959,-0.0011814196677951694,-0.17195482183347643
2024-03-20,1065468.406181439,0.0006104250449829873,-0.17144936231834618
2024-03-21,1064656.070811199,-0.0007624208897487605,-0.17208106663272937
2024-03-22,1060433.7227228791,-0.003965926841616341,-0.1753645325532529
2024-03-25,1060709.269331519,0.0002598433100866604,-0.1751502565437767
2024-03-26,1060582.1818031904,-0.00011981372464930917,-0.17524908486381618
2024-03-27,1058083.8989101078,-0.0023555769047854946,-0.1771918490717117
2024-03-28,1058249.3869067738,0.00015640347314271885,-0.17706315901917635
2024-03-29,1065536.9137757884,0.006886398385087533,-0.17139608808641704
2024-04-01,1068888.080659289,0.0031450500120409064,-0.16879008734327605
2024-04-02,1077638.1975762667,0.008186186257761241,-0.16198564817897076
2024-04-03,1088721.7536843359,0.010285043842170216,-0.1533666338301236
2024-04-08,1079500.5935271943,-0.00846971241819705,-0.16053737496523257
2024-04-09,1078886.4392295943,-0.0005689244649632608,-0.16101496579003716
2024-04-10,1078081.385649556,-0.0007461893585510859,-0.16164100749454835
2024-04-11,1081102.9348169165,0.002802709709657014,-0.15929133060607514
2024-04-12,1077232.8169173964,-0.0035797866927218536,-0.1623008883132273
2024-04-15,1087398.6309551564,0.009436970242747034,-0.15439554672386369
2024-04-16,1075444.1147425822,-0.010993683339543536,-0.16369185431368938
2024-04-17,1081673.9564219425,0.005792808379309733,-0.15884728147967264
2024-04-18,1078049.4870798623,-0.003350796532135769,-0.1616658130918871
2024-04-19,1079960.6457289823,0.0017727930600819342,-0.160179620063307
2024-04-22,1069012.0282134623,-0.010137978229872946,-0.16869370079210888
2024-04-23,1056401.3798742625,-0.011796544852984314,-0.17850024283728316
2024-04-24,1054439.1839566426,-0.0018574340728837457,-0.18002612447710287
2024-04-25,1056381.1132679204,0.001841670283904806,-0.17851600295697412
2024-04-26,1058262.3918285943,0.001780871067312173,-0.1770530458743802
2024-04-29,1064047.0179388346,0.005466154854322003,-0.17255469038623694
2024-04-30,1068217.113868754,0.003919089908261064,-0.16931185782369174
2024-05-06,1093127.191277074,0.023319301933015568,-0.14994079022410656
2024-05-07,1093238.72223058,0.00010202925551205944,-0.149854059315792
2024-05-08,1095827.2757214599,0.0023677843075284866,-0.14784109709833093
2024-05-09,1097600.45273874,0.0016181172494658114,-0.14646220407825983
2024-05-10,1101401.33162962,0.003462898435761419,-0.14350648937989918
2024-05-13,1099260.1407989,-0.0019440605065838001,-0.14517156458804104
2024-05-14,1104164.8539093,0.004461831124737525,-0.1413574644686093
2024-05-15,1104306.60851954,0.0001283817445720814,-0.141247230441934
2024-05-16,1096023.0344312203,-0.007501154139994526,-0.14768886733453623
2024-05-17,1097194.81892082,0.001069123962534002,-0.146777641079069
2024-05-20,1095328.32497042,-0.0017011508970082856,-0.14822910106029497
2024-05-21,1095197.561598546,-0.00011938280869105977,-0.1483307878625717
2024-05-22,1087739.3011373458,-0.006809968103210773,-0.15413062803171418
2024-05-23,1084267.4960750025,-0.003191762087398353,-0.15683044182405403
2024-05-24,1080955.452780135,-0.0030546367080604986,-0.1594060185075774
2024-05-27,1081991.1044526305,0.0009580891329350472,-0.15860065454869887
2024-05-28,1085615.3715039506,0.0033496274011914906,-0.15578228024583052
2024-05-29,1082337.7984144785,-0.003019092374246135,-0.1583310515257439
2024-05-30,1079808.3169191424,-0.002337053643549747,-0.16029807700843834
2024-05-31,1077490.9652427342,-0.00214607689170232,-0.16210014190128852
2024-06-03,1072311.1457373903,-0.0048072973903563465,-0.16612817570250638
2024-06-04,1079791.5240356943,0.006975940078623344,-0.16031113582295475
2024-06-05,1075722.7490462193,-0.003768111620535919,-0.16347517718969484
2024-06-06,1075334.7500798511,-0.0003606867724161855,-0.16377690062808026
2024-06-07,1077124.3872060194,0.001664260478920987,-0.16238520757223474
2024-06-11,1071268.305109379,-0.0054367742167926725,-0.16693913007931016
2024-06-12,1076483.1760193338,0.004867941005145537,-0.16288383891084113
2024-06-13,1077986.0355061232,0.0013960826516088432,-0.16171515556096305
2024-06-14,1068068.4710421232,-0.009200086213866143,-0.16942744840157953
2024-06-17,1074985.9734498202,0.006476646952182419,-0.16404812321670326
2024-06-18,1077495.05700582,0.002334061669612142,-0.16209695998346307
2024-06-19,1077272.5573838202,-0.00020649711620790434,-0.16226998454488828
2024-06-20,1081143.7574918203,0.003593519654303101,-0.1592595852693508
2024-06-21,1082987.2303311047,0.001705113521222268,-0.15782602742035545
2024-06-24,1081310.7481361583,-0.0015480165859701467,-0.15912972669818104
2024-06-25,1075444.0975691583,-0.005425499170439441,-0.16369186766842725
2024-06-26,1083399.7021531584,0.007397506390134367,-0.1575052729153832
2024-06-27,1078524.4564241183,-0.004499951143932424,-0.16129645802628467
2024-06-28,1087110.7439834927,0.00796114312311702,-0.1546194190907666
2024-07-01,1092614.1462444526,0.0050624118024937825,-0.15033975446037262
2024-07-02,1088982.0460824524,-0.0033242294862138033,-0.15316422010185915
2024-07-03,1087799.6147462667,-0.001085813435069416,-0.15408372576897
2024-07-04,1091844.6287507892,0.003718528623919415,-0.1509381618898027
2024-07-05,1089845.6880764116,-0.001830792240709811,-0.15249261771489764
2024-07-08,1101504.2005749836,0.010697397462891667,-0.14342649439385902
2024-07-09,1113898.2629462837,0.011251942902106293,-0.1337883782173217
2024-07-10,1116714.1421715154,0.0025279501000241567,-0.13159863846139408
2024-07-11,1114930.773205084,-0.0015969789394477685,-0.13298545714675902
2024-07-12,1108336.896511484,-0.0059141579478021455,-0.1381131180962346
2024-07-15,1114856.6838695928,0.005882495997949766,-0.13304307196275023
2024-07-16,1126327.1723325928,0.010288756060722104,-0.12412316361502185
2024-07-17,1111428.2483391715,-0.01322788294502919,-0.13570915988098486
2024-07-18,1111463.6003328406,3.180771563249252e-05,-0.13568166876371857
2024-07-19,1106580.6909205015,-0.004393224763165282,-0.13947881345976354
2024-07-22,1105159.8859918364,-0.0012839596247455898,-0.14058368791951947
2024-07-23,1103423.953931161,-0.001570751963294037,-0.1419336177790067
2024-07-24,1107143.774177921,0.0033711614049227734,-0.13904093750840163
2024-07-25,1103281.90817919,-0.003488134141926169,-0.14204407820907927
2024-07-26,1095718.0594851798,-0.006855771528505583,-0.14792602799040622
2024-07-29,1099186.314478826,0.003165280487642752,-0.14522897487277597
2024-07-30,1100572.8662265043,0.0012614346898376372,-0.14415073704981252
2024-07-31,1098152.6318028404,-0.002199067865412796,-0.14603280766160343
2024-08-01,1104093.5585991284,0.005409928114031626,-0.14141290653931138
2024-08-02,1099094.0158269694,-0.004528187609845635,-0.14530074997789344
2024-08-05,1095618.8726343934,-0.003161825232904425,-0.1480031596331578
2024-08-06,1095965.1585629534,0.00031606422380003885,-0.1477338739131272
2024-08-07,1096098.6113870274,0.00012176739655589408,-0.1476300956857809
2024-08-08,1095838.1601953155,-0.00023761656935439301,-0.14783263289826498
2024-08-09,1092907.0507430274,-0.0026747649048520783,-0.15011198026484895
2024-08-12,1089035.0845972993,-0.0035428137672783855,-0.1531229752418115
2024-08-13,1092178.2822793976,0.0028862226080259568,-0.15067869962673663
2024-08-14,1097684.6926235214,0.0050416772000188015,-0.14639669579115433
2024-08-15,1101846.6095375216,0.0037915413615297044,-0.14316022355690805
2024-08-16,1099419.9528037675,-0.002202354404641338,-0.14504728841262937
2024-08-19,1101584.4505057675,0.001968763343324742,-0.14336408885378005
2024-08-20,1100734.581947785,-0.0007714965090440673,-0.14402498046875112
2024-08-21,1099005.7971855993,-0.0015705736791939984,-0.14536935230447445
2024-08-22,1104312.5264096204,0.00482866354082101,-0.14124262845507873
2024-08-23,1096321.3215871225,-0.00723636165613295,-0.14745690737044792
2024-08-26,1095061.6919875578,-0.0011489602316053782,-0.1484364454796092
2024-08-27,1089198.9418615785,-0.005353808072071531,-0.15299555331168246
2024-08-28,1090425.1565859364,0.001125795001473362,-0.15204199993937495
2024-08-29,1078619.567195878,-0.010826593020855424,-0.16122249610480988
2024-08-30,1078593.9120654294,-2.3785152085786798e-05,-0.16124244655530617
2024-09-02,1076803.9544323026,-0.0016595287745497789,-0.1626343888501186
2024-09-03,1082328.9105362194,0.005130883928476493,-0.1583379630936107
2024-09-04,1078534.0366005604,-0.003506211373194179,-0.16128900809979763
2024-09-05,1074993.5468202622,-0.003282687110605753,-0.16404223386243177
2024-09-06,1070685.3669668862,-0.004007633223584661,-0.1673924459795183
2024-09-09,1068914.7846844122,-0.0016536905584969563,-0.16876932123053523
2024-09-10,1072484.6433435183,0.0033397036978584094,-0.16599325705887547
2024-09-11,1070868.5353260662,-0.0015068821987173076,-0.16725000697342374
2024-09-12,1069356.712903731,-0.0014117721946838024,-0.16842566025870176
2024-09-13,1064373.6724454751,-0.004659848671754174,-0.17230067084121015
2024-09-18,1065919.0441048197,0.0014519070692475822,-0.1710989283339931
2024-09-19,1063775.1202299143,-0.002011338372048588,-0.17276612886606713
2024-09-20,1060959.2169212438,-0.0026470851358715297,-0.17495588735023515
2024-09-23,1061511.8719436391,0.0005209012877978036,-0.17452612080946583
2024-09-24,1074091.9024972739,0.011851050267201124,-0.16474338837291735
2024-09-25,1082061.978216334,0.007420292156127051,-0.15854554028930767
2024-09-26,1107464.070355616,0.02347563508437367,-0.13879186245302066
2024-09-27,1141283.4431291826,0.0305376704119229,-0.11249257219254505
2024-09-30,1198377.3903846648,0.05002608913605311,-0.06809404650013995
2024-10-08,1246488.3154968033,0.04014672297571931,-0.030681076345557612
2024-10-09,1218403.187472646,-0.022531400956585568,-0.0525211896692217
2024-10-10,1188081.287321876,-0.02488658964662349,-0.07610070602079488
2024-10-11,1155344.9566933052,-0.027553948520108174,-0.10155777960486223
2024-10-14,1167253.215293577,0.010307102247933075,-0.0922974437753894
2024-10-15,1159304.5185575197,-0.006809744990985633,-0.09847866671094485
2024-10-16,1173129.06910151,0.011924865574742816,-0.08772814599870982
2024-10-17,1168460.3207334816,-0.003979739732819287,-0.09135875054321152
2024-10-18,1181455.1421975435,0.011121320282322156,-0.08125346018627311
2024-10-21,1177349.7788681723,-0.0034748363968648555,-0.08444595410231148
2024-10-22,1174407.802508196,-0.0024988125133079686,-0.0867337520088105
2024-10-23,1169607.6519642056,-0.004087294493223537,-0.09046654011507183
2024-10-24,1170589.9014202151,0.0008398110719949337,-0.08970270384511048
2024-10-25,1181103.4454363203,0.008981406727795571,-0.08152695358513085
2024-10-28,1210092.1614604779,0.024543757057154947,-0.058984174270379386
2024-10-29,1210718.3636364397,0.0005174830446021961,-0.058497214535861985
2024-10-30,1221673.489142892,0.009048450767318084,-0.0499780729342969
2024-10-31,1251654.4244151737,0.02454087408683625,-0.026663704442443814
2024-11-01,1213861.0418790686,-0.030194742094059812,-0.05605334285759189
2024-11-04,1240933.4508021204,0.02230272493229002,-0.03500076021259013
2024-11-05,1273799.917674766,0.02648527755569896,-0.009442487505781916
2024-11-06,1267174.369536809,-0.005201404118514552,-0.014594777430894879
2024-11-07,1277712.8453644987,0.008316515927908164,-0.006399639201955187
2024-11-08,1285517.6385545703,0.006108409427350692,-0.0003303213910372804
2024-11-11,1290055.5790805556,0.0035300492112171344,0.0
2024-11-12,1300306.0234885365,0.00794573859777925,0.0
2024-11-13,1283854.2801685364,-0.012652208805326026,-0.012652208805326026
2024-11-14,1263418.0633263981,-0.015917863232465468,-0.028368675908439722
2024-11-15,1251897.902284231,-0.009118249435057346,-0.037228252680421625
2024-11-18,1233141.2979746647,-0.014982535137524233,-0.05165301421405277
2024-11-19,1231804.596186236,-0.001083981041446025,-0.05268100436735723
2024-11-20,1239627.8546334968,0.0063510547626484115,-0.04666452954839717
2024-11-21,1255380.8087754971,0.012707809108289059,-0.03454972437373727
2024-11-22,1235870.224175497,-0.015541566721121725,-0.04955433424830824
2024-11-25,1233531.226707497,-0.0018925914891755324,-0.05135313962623378
2024-11-26,1226467.707841537,-0.005726258657280714,-0.05678533692315124
2024-11-27,1234879.250131471,0.0068583479500961,-0.05031644257213752
2024-11-28,1239107.3383554711,0.003423887982205498,-0.04706483245296211
2024-11-29,1251709.7516936911,0.010170558230206073,-0.03737294984181372
2024-12-02,1252693.221338241,0.0007857010327025904,-0.03661661277439687
2024-12-03,1251772.064710321,-0.0007353409535783006,-0.03732502803302096
2024-12-04,1251999.5163903208,0.0001817037513556219,-0.0371501063792784
2024-12-05,1258059.7736009448,0.00484046290057405,-0.0324894671903857
2024-12-06,1264311.7058890148,0.0049695033727810145,-0.02768142033438714
2024-12-09,1263657.4772336544,-0.0005174583548606115,-0.028184554707021414
2024-12-10,1259988.984433655,-0.0029030752922305503,-0.031005808114859534
2024-12-11,1258509.3823896607,-0.0011742976028153995,-0.0321436956715323
2024-12-12,1267643.0023896608,0.007257490589904991,-0.025119487650488215
2024-12-13,1253981.4852514009,-0.010777101370422426,-0.035625873756128135
2024-12-16,1252609.5632514008,-0.001094052835815984,-0.03668095000373284
2024-12-17,1243920.9789370208,-0.006936386699640917,-0.04336290344963767
2024-12-18,1241262.7006647007,-0.0021370153870960973,-0.045407251644832725
2024-12-19,1234498.1222322444,-0.005449755663191946,-0.050609548881223265
2024-12-20,1236742.0701322444,0.0018177005372372879,-0.04888384134817669
2024-12-23,1224293.725169963,-0.010065433418101732,-0.058457237715967225
2024-12-24,1222091.4844664033,-0.0017987846039593247,-0.060150870340733076
2024-12-25,1219364.6627348443,-0.0022312746355069857,-0.06224793186494515
2024-12-26,1217866.9621836112,-0.0012282630430456853,-0.06339973807377508
2024-12-27,1222357.8905766353,0.0036875361040846766,-0.05994599079282692
2024-12-30,1224903.021391163,0.002082148635967229,-0.05798865861982072
2024-12-31,1211358.0551583313,-0.01105799071133673,-0.06840541128277666
2025-01-02,1199512.8750950354,-0.009778430095755297,-0.077514943846132
2025-01-03,1191413.134934843,-0.006752524569234475,-0.08374404685256265
2025-01-06,1191349.7497767415,-5.320166132383175e-05,-0.08379279319146793
2025-01-07,1192465.3557767416,0.0009364219031473553,-0.08293483669519086
2025-01-08,1191976.5590199414,-0.0004099043669758551,-0.08331074571043096
2025-01-09,1193377.5990199414,0.0011753922419011076,-0.08223327627270482
2025-01-10,1189566.8880199413,-0.0031932147906326147,-0.08516390254926132
2025-01-13,1191141.7680199416,0.0013239104213986774,-0.08395274150597465
2025-01-14,1205665.1780199413,0.012192847560154263,-0.07278351692525975
2025-01-15,1209034.7780199414,0.0027948057731368436,-0.07019212694541499
2025-01-16,1212802.1580199415,0.0031160228543383184,-0.06729482436283307
2025-01-17,1210390.1180199415,-0.0019888157223747482,-0.06914980308048058
2025-01-20,1211463.3680199415,0.0008866975894976648,-0.06832442045468867
2025-01-21,1214392.8280199415,0.0024181168637298356,-0.06607152002426486
2025-01-22,1207844.9280199413,-0.005391912607616844,-0.0711071807700584
2025-01-23,1203283.9165980476,-0.003776156455258528,-0.0746148253856368
2025-01-24,1203013.5165980475,-0.00022471836968007697,-0.07482277643340218
2025-01-27,1197875.9165980476,-0.004270608708145107,-0.0787738463409432
2025-02-05,1199144.7165980474,0.0010592082054734497,-0.07779807603989075
2025-02-06,1203887.1165980473,0.003954818742356592,-0.07415093458677591
2025-02-07,1208712.7165980474,0.004008349232639263,-0.07043980819588702
2025-02-10,1208067.9165980476,-0.0005334600944835177,-0.07093569146363499
2025-02-11,1206570.3165980475,-0.001239665402436474,-0.07208742034356608
2025-02-12,1209648.7165980474,0.00255136394261668,-0.06971997764593019
2025-02-13,1206591.1165980473,-0.002527675975715571,-0.0720714241091227
2025-02-14,1207610.3165980475,0.0008446937707231594,-0.07128760862139172
2025-02-17,1206362.3165980475,-0.0010334459575632726,-0.0722473826880009
2025-02-18,1199685.5165980475,-0.00553465564046185,-0.07738217394435998
2025-02-19,1202451.9165980476,0.0023059376492640116,-0.07525467476337622
2025-02-20,1200871.1165980473,-0.001314647162335314,-0.07647038858108146
2025-02-21,1203283.9165980476,0.00200920812121419,-0.0746148253856368
2025-02-24,1203221.5165980475,-5.1858085310829694e-05,-0.07466281408896736
2025-02-25,1200787.9165980476,-0.002022570213737973,-0.07653437351885517
2025-02-26,1202555.9165980476,0.001472366581609874,-0.0751746935911588
2025-02-27,1199685.5165980475,-0.002386916034740616,-0.07738217394435998
2025-02-28,1198167.1165980473,-0.0012656650255359336,-0.07854989905873466
2025-03-03,1193819.9165980476,-0.0036282084024661376,-0.081893112057423
2025-03-04,1195005.5165980475,0.000993114609260548,-0.08098132669414448
2025-03-05,1195359.1165980473,0.00029589821560538354,-0.08070939070860528
2025-03-06,1200704.7165980474,0.0044719615434176685,-0.07659835845662921
2025-03-07,1197231.1165980473,-0.0028929677313518365,-0.0792697296086915
2025-03-10,1196087.1165980473,-0.0009555381447574618,-0.08014952250308327
2025-03-11,1195608.7165980474,-0.000399970866136079,-0.08051743589528337
2025-03-12,1198375.1165980473,0.002313800461300808,-0.07838993671429972
2025-03-13,1195941.5165980475,-0.002030749776337437,-0.08026149614418754
2025-03-14,1208047.1165980473,0.010122234099235294,-0.07095168769807869
2025-03-17,1202160.7165980474,-0.004872657629924615,-0.0754786220455852
2025-03-18,1202493.5165980475,0.0002768348652597563,-0.07522268229448936
2025-03-19,1201807.1165980473,-0.0005708138884125136,-0.07575055803112452
2025-03-20,1200413.5165980475,-0.001159587075790225,-0.07682230573883797
2025-03-21,1199082.3165980475,-0.0011089511918963568,-0.07784606474322109
2025-03-24,1200226.3165980475,0.0009540629397701839,-0.07696627184882932
2025-03-25,1196898.3165980475,-0.0027728103891547784,-0.07952566935978711
2025-03-26,1197355.9165980476,0.0003823215336293817,-0.07917375220203038
2025-03-27,1198957.5165980475,0.0013376139690781663,-0.0779420421498821
2025-03-28,1199831.1165980473,0.0007286329898315014,-0.07727020030325571
2025-03-31,1193445.5165980475,-0.005322082342809509,-0.08218104427740591
2025-04-01,1190159.1165980473,-0.0027537076090143886,-0.08470844931947685
2025-04-02,1191011.9165980476,0.0007165428454960487,-0.08405260370729373
2025-04-03,1191095.1165980473,6.98565638515003e-05,-0.08398861876952002
2025-04-07,1179551.1165980473,-0.009691921190115749,-0.09286652888565483
2025-04-08,1181638.4217194524,0.0017695758089950608,-0.09126128743964113
2025-04-09,1181535.900565034,-8.676186601075386e-05,-0.09134013130605911
2025-04-10,1181630.4236247565,8.000015884190859e-05,-0.09126743837223039
2025-04-11,1181594.0323649806,-3.0797497295620424e-05,-0.09129542506083954
2025-04-14,1181581.944252664,-1.023034306657511e-05,-0.09130472142038737
2025-04-15,1181564.5476936381,-1.4723108380687577e-05,-0.09131810023945885
2025-04-16,1181548.1330090342,-1.3892329992382102e-05,-0.09133072394826847
2025-04-17,1181532.9138003425,-1.2880735254516829e-05,-0.09134242827664718
2025-04-18,1181517.9065944282,-1.2701470893383693e-05,-0.0913539695643465
2025-04-21,1181502.9001010507,-1.2701029153849852e-05,-0.0913655103040697
2025-04-22,1181487.8979546502,-1.2697511279302631e-05,-0.09137704770075128
2025-04-23,1181472.8988406446,-1.2695105918170135e-05,-0.09138858276537043
2025-04-24,1181457.8982432839,-1.269652259949794e-05,-0.0914001189707635
2025-04-25,1181442.898295355,-1.2696134116252367e-05,-0.09141165467671108
2025-04-28,1181427.8982392556,-1.2696386868182863e-05,-0.09142319046584713
2025-04-29,1181412.8982313254,-1.2696507296405812e-05,-0.0914347262179388
2025-04-30,1181397.8982326598,-1.2696660657840475e-05,-0.0914462619629055
2025-05-06,1181382.8982323513,-1.2696823255664569e-05,-0.09145779770913565
2025-05-07,1181367.8982336512,-1.2696983105575654e-05,-0.09146933345412889
2025-05-08,1181352.8982335613,-1.2697145497453377e-05,-0.09148086920019094
2025-05-09,1181337.8982335269,-1.2697306670084174e-05,-0.09149240494621025
2025-05-12,1181322.898233542,-1.2697467851707778e-05,-0.09150394069219159
2025-05-13,1181307.8982335415,-1.2697629092728313e-05,-0.0915154764381848
2025-05-14,1181292.8982335436,-1.2697790322313551e-05,-0.09152701218417614
2025-05-15,1181277.898233543,-1.2697951560669551e-05,-0.09153854793016958
2025-05-16,1181262.898233543,-1.2698112800024752e-05,-0.09155008367616246
2025-05-19,1181247.898233543,-1.2698274044153912e-05,-0.09156161942215535
2025-05-20,1181232.898233543,-1.2698435292390897e-05,-0.09157315516814823
2025-05-21,1181217.898233543,-1.2698596544735707e-05,-0.09158469091414112
2025-05-22,1181202.898233543,-1.269875780107732e-05,-0.091596226660134
2025-05-23,1181187.898233543,-1.2698919061637781e-05,-0.09160776240612689
2025-05-26,1181172.898233543,-1.2699080326195045e-05,-0.09161929815211989
2025-05-27,1181157.898233543,-1.2699241594860133e-05,-0.09163083389811277
2025-05-28,1181142.898233543,-1.2699402867633047e-05,-0.09164236964410566
2025-05-29,1181127.898233543,-1.2699564144513786e-05,-0.09165390539009854
2025-05-30,1181112.898233543,-1.269972542550235e-05,-0.09166544113609143
2025-06-03,1181097.898233543,-1.269988671059874e-05,-0.09167697688208432
2025-06-04,1181082.898233543,-1.2700047999802955e-05,-0.0916885126280772
2025-06-05,1181067.898233543,-1.2700209293003972e-05,-0.09170004837407009
2025-06-06,1181052.898233543,-1.2700370590423837e-05,-0.09171158412006297
2025-06-09,1181037.898233543,-1.2700531891840505e-05,-0.09172311986605597
2025-06-10,1181022.898233543,-1.270069319747602e-05,-0.09173465561204885
2025-06-11,1181007.898233543,-1.2700854507108339e-05,-0.09174619135804174
2025-06-12,1180992.898233543,-1.2701015820848482e-05,-0.09175772710403463
2025-06-13,1180977.898233543,-1.2701177138696451e-05,-0.09176926285002751
2025-06-16,1180962.898233543,-1.2701338460652245e-05,-0.0917807985960204
2025-06-17,1180947.898233543,-1.2701499786715864e-05,-0.09179233434201328
2025-06-18,1180932.898233543,-1.2701661116887308e-05,-0.09180387008800617
2025-06-19,1180917.898233543,-1.2701822451055556e-05,-0.09181540583399916
2025-06-20,1180902.898233543,-1.270198378944265e-05,-0.09182694157999205
2025-06-23,1180887.898233543,-1.2702145131826548e-05,-0.09183847732598494
2025-06-24,1180872.898233543,-1.2702306478429293e-05,-0.09185001307197782
2025-06-25,1180857.898233543,-1.270246782902884e-05,-0.0918615488179707
2025-06-26,1180842.898233543,-1.2702629183736214e-05,-0.09187308456396359
2025-06-27,1180827.898233543,-1.2702790542662434e-05,-0.09188462030995648
2025-06-30,1180812.898233543,-1.2702951905585458e-05,-0.09189615605594936
2025-07-01,1180797.898233543,-1.2703113272616307e-05,-0.09190769180194225
2025-07-02,1180782.898233543,-1.270327464375498e-05,-0.09191922754793524
2025-07-03,1180767.898233543,-1.270343601900148e-05,-0.09193076329392813
2025-07-04,1180752.898233543,-1.2703597398355804e-05,-0.09194229903992102
2025-07-07,1180737.898233543,-1.2703758781706931e-05,-0.0919538347859139
2025-07-08,1180722.898233543,-1.2703920169276905e-05,-0.09196537053190679
2025-07-09,1180707.898233543,-1.2704081560954705e-05,-0.09197690627789967
2025-07-10,1180692.898233543,-1.2704242956629308e-05,-0.09198844202389256
2025-07-11,1180677.898233543,-1.2704404356522758e-05,-0.09199997776988544
2025-07-14,1180662.898233543,-1.2704565760413011e-05,-0.09201151351587844
2025-07-15,1180647.898233543,-1.2704727168522112e-05,-0.09202304926187133
2025-07-16,1180632.898233543,-1.2704888580628015e-05,-0.09203458500786421
2025-07-17,1180617.898233543,-1.2705049996841744e-05,-0.0920461207538571
2025-07-18,1180602.898233543,-1.2705211417163298e-05,-0.09205765649984998
2025-07-21,1180587.898233543,-1.27053728417037e-05,-0.09206919224584287
2025-07-22,1180572.898233543,-1.2705534270240904e-05,-0.09208072799183575
2025-07-23,1180557.898233543,-1.2705695702885933e-05,-0.09209226373782864
2025-07-24,1180542.898233543,-1.2705857139638788e-05,-0.09210379948382164
2025-07-25,1180527.898233543,-1.2706018580499467e-05,-0.09211533522981452
2025-07-28,1180512.898233543,-1.2706180025467972e-05,-0.0921268709758074
2025-07-29,1180497.898233543,-1.2706341474544303e-05,-0.09213840672180029
2025-07-30,1180482.898233543,-1.2706502927617436e-05,-0.09214994246779318
2025-07-31,1180467.898233543,-1.2706664384909416e-05,-0.09216147821378606
2025-08-01,1180452.898233543,-1.2706825846309222e-05,-0.09217301395977895
2025-08-04,1180437.898233543,-1.2706987311816853e-05,-0.09218454970577183
2025-08-05,1180422.898233543,-1.2707148781321287e-05,-0.09219608545176472
2025-08-06,1180407.898233543,-1.2707310255044568e-05,-0.09220762119775772
2025-08-07,1180392.898233543,-1.2707471732764652e-05,-0.0922191569437506
2025-08-08,1180377.898233543,-1.2707633214703584e-05,-0.09223069268974349
2025-08-11,1180362.898233543,-1.2707794700750341e-05,-0.09224222843573637
2025-08-12,1180347.898233543,-1.2707956190793901e-05,-0.09225376418172926
2025-08-13,1180337.898233543,-8.472078456667198e-06,-0.09226145467905789
2025-08-14,1180327.898233543,-8.472150233362896e-06,-0.09226914517638651
2025-08-15,1180317.898233543,-8.47222201127984e-06,-0.09227683567371503
2025-08-18,1180307.898233543,-8.47229379052905e-06,-0.09228452617104366
2025-08-19,1180297.898233543,-8.472365570888485e-06,-0.09229221666837228
2025-08-20,1180287.898233543,-8.472437352469164e-06,-0.09229990716570091
2025-08-21,1180277.898233543,-8.472509135271089e-06,-0.09230759766302943
2025-08-22,1180267.898233543,-8.47258091929426e-06,-0.09231528816035806
2025-08-25,1180257.898233543,-8.472652704538675e-06,-0.09232297865768668
2025-08-26,1180247.898233543,-8.472724491004335e-06,-0.09233066915501531
2025-08-27,1180237.898233543,-8.472796278580219e-06,-0.09233835965234383
2025-08-28,1180227.898233543,-8.47286806748837e-06,-0.09234605014967245
2025-08-29,1180217.898233543,-8.472939857617767e-06,-0.09235374064700108
2025-09-01,1180207.898233543,-8.47301164896841e-06,-0.09236143114432971
2025-09-02,1180197.898233543,-8.473083441429274e-06,-0.09236912164165823
2025-09-03,1180187.898233543,-8.473155235222407e-06,-0.09237681213898685
2025-09-04,1180177.898233543,-8.473227030125763e-06,-0.09238450263631548
2025-09-05,1180167.898233543,-8.473298826361386e-06,-0.092392193133644
2025-09-08,1180157.898233543,-8.473370623818255e-06,-0.09239988363097262
2025-09-09,1180147.898233543,-8.473442422385347e-06,-0.09240757412830125
2025-09-10,1180137.898233543,-8.473514222173684e-06,-0.09241526462562988
2025-09-11,1180127.898233543,-8.473586023294288e-06,-0.0924229551229584
2025-09-12,1180117.898233543,-8.473657825525116e-06,-0.09243064562028702
2025-09-15,1180107.898233543,-8.473729628977189e-06,-0.09243833611761565
2025-09-16,1180097.898233543,-8.47380143376153e-06,-0.09244602661494428
2025-09-17,1180087.898233543,-8.473873239656093e-06,-0.09245371711227279
2025-09-18,1180077.898233543,-8.473945046771902e-06,-0.09246140760960142
2025-09-19,1180067.898233543,-8.474016855108957e-06,-0.09246909810693005
2025-09-22,1180057.898233543,-8.474088664667256e-06,-0.09247678860425868
2025-09-23,1180047.898233543,-8.474160475446801e-06,-0.09248447910158719
2025-09-24,1180037.898233543,-8.474232287447592e-06,-0.09249216959891582
2025-09-25,1180027.898233543,-8.474304100669627e-06,-0.09249986009624445
2025-09-26,1180017.898233543,-8.474375915112908e-06,-0.09250755059357307
2025-09-29,1180017.898233543,0.0,-0.09250755059357307
2025-09-30,1181174.4187213795,0.0009800872423781914,-0.09161812882135534
2025-10-09,1197318.0541526393,0.013667444177071886,-0.07920287030555706
2025-10-10,1196601.5329857015,-0.0005984384553902045,-0.07975391071757909
2025-10-13,1190971.8977297982,-0.004704686648575818,-0.08408338020723027
2025-10-14,1185929.7886165455,-0.004233608805433553,-0.08796101287382774
2025-10-15,1200183.427653539,0.012018956917863699,-0.07699925558014631
2025-10-16,1192355.6829299175,-0.006522123654819523,-0.08301918056874302
2025-10-17,1177462.608111929,-0.012490463232743165,-0.09447269577897988
2025-10-20,1170142.209883532,-0.006217096133638744,-0.10010244608095675
2025-10-21,1175288.0101756083,0.004397585394845693,-0.09614506974098491
2025-10-22,1172278.2464904326,-0.0025608733000909156,-0.09845972769904077
2025-10-23,1176477.8873543553,0.0035824607992986923,-0.09522999501453344
2025-10-24,1176578.0690195384,8.515388708940641e-05,-0.09515295033168703
2025-10-27,1181383.3248061268,0.0040840943011903885,-0.09145746965268764
2025-10-28,1171313.6506217225,-0.008523629860830106,-0.09920154989419017
2025-10-29,1174029.4152665408,0.0023185631307010013,-0.0971129918195821
2025-10-30,1174385.753766541,0.00030351752295665335,-0.09683894979134944
2025-10-31,1169900.4950084786,-0.003819238051617102,-0.10028833684104477
2025-11-03,1173930.7357270624,0.003444943168909864,-0.0971888812930567
2025-11-04,1170522.9915276873,-0.002902849457523282,-0.09980960605924116
2025-11-05,1184244.6014076874,0.01172263166064913,-0.08925700564661909
2025-11-06,1186743.4258348874,0.002110057689289624,-0.08733528538841706
2025-11-07,1187821.4876640593,0.000908420308638691,-0.08650620222668592
2025-11-10,1189958.8871770804,0.0017994282265632044,-0.08486243570218222
2025-11-11,1192883.8517245974,0.002458038323034817,-0.08261299249828946
2025-11-12,1194296.7712748903,0.0011844569345542677,-0.08152638709558413
2025-11-13,1198831.3558748905,0.003796865828549212,-0.0780390660203234
2025-11-14,1194493.8343558686,-0.003618124849475879,-0.08137483578580118
2025-11-17,1189617.4765327624,-0.004082363326501248,-0.08512499746699043
2025-11-18,1172506.9672927884,-0.014383202649177584,-0.09828383002708951
2025-11-19,1174813.8058927886,0.0019674412727170854,-0.09650975641800852
2025-11-20,1176069.738718069,0.001069048404930717,-0.09554388161423666
2025-11-21,1155959.6457180688,-0.017099405195069806,-0.11100954326367485
2025-11-24,1162477.2174618538,0.005638234663231989,-0.1059972064552217
2025-11-25,1158198.4928384423,-0.0036806954658032964,-0.10928775848383743
2025-11-26,1149935.4311504925,-0.007134408945481563,-0.11564246386756016
2025-11-27,1150511.1051399857,0.0005006141857175628,-0.11519974193972604
2025-11-28,1156902.5797951983,0.005555335039060694,-0.1102843800635539
2025-12-01,1161823.1327018435,0.004253212839681275,-0.10650023016517529
2025-12-02,1158056.4542157655,-0.003242041219577496,-0.10939699324866281
2025-12-03,1155630.9295917654,-0.002094478740799044,-0.11126234231279519
2025-12-04,1150760.560142728,-0.004214467893099649,-0.11500789863650651
2025-12-05,1151625.802014728,0.0007518869710765319,-0.11434248460598562
2025-12-08,1146546.807090728,-0.004410282328786375,-0.11824848429548473
2025-12-09,1137135.0391650358,-0.008208795199189378,-0.1254866019044779
2025-12-10,1142285.9365890357,0.004529714806591478,-0.12152530561656194
2025-12-11,1138957.18690083,-0.002914112466573582,-0.12408527967503413
2025-12-12,1140272.5072349324,0.0011548461603561044,-0.12307373292346746
2025-12-15,1142600.3094036106,0.0020414437372719973,-0.12128353728749464
2025-12-16,1132180.8406036107,-0.00911908452522514,-0.1292966269846768
2025-12-17,1140495.9913679867,0.007344366258611901,-0.12290186251064361
2025-12-18,1142740.3669679868,0.001967894334558906,-0.12117582605502619
2025-12-19,1152048.901411187,0.008145799966704947,-0.1140171001281658
2025-12-22,1160480.537571107,0.0073188179335026415,-0.10753275259180717
2025-12-23,1149318.5315329216,-0.009618434499166661,-0.11611689035365447
2025-12-24,1154545.067986976,0.004547509076603173,-0.11209742388988142
2025-12-25,1158565.0057167057,0.0034818369946691963,-0.10900589185271925
2025-12-26,1177676.5786248138,0.016495900371412908,-0.09430814181320579
2025-12-29,1187487.747638614,0.008330953669178687,-0.08676286490409935
2025-12-30,1189085.264092668,0.0013452908943529795,-0.08553429530186984
2025-12-31,1219292.0870007758,0.02540341203467622,-0.062303746213842603
2026-01-05,1249239.8825637198,0.024561625456464453,-0.03927240203641713
2026-01-06,1264546.98843586,0.01225313575542164,-0.027500476354589187
2026-01-07,1274291.1920855897,0.007705687284726759,-0.020006699140831974
2026-01-08,1281392.3040034282,0.005572597505140386,-0.014545590917409923
2026-01-09,1309677.762031536,0.022074003363167005,0.0
2026-01-12,1354529.68848559,0.0342465358688544,0.0
2026-01-13,1339444.202031536,-0.011137065936827173,-0.011137065936827173
2026-01-14,1334559.777097482,-0.003646605753823695,-0.01474305920192498
2026-01-15,1301610.955066914,-0.024688906856033088,-0.03906797604254875
2026-01-16,1276334.631458806,-0.01941926157713414,-0.05772856637362345
2026-01-19,1288418.7083513122,0.009467796763215963,-0.04880733194426479
2026-01-20,1296547.9974807957,0.006309508762012639,-0.04280577347080505
2026-01-21,1296717.6094077716,0.00013081808564385788,-0.04268055515450109
2026-01-22,1302275.9368089137,0.004286459411683818,-0.038577044210155176
2026-01-23,1300590.8253606549,-0.0012939741882876943,-0.03982110069897449
2026-01-26,1289401.5617823417,-0.00860321583093615,-0.04808172700597191
2026-01-27,1280680.0839205286,-0.006763973396896827,-0.05452047688052353
2026-01-28,1278468.8681692923,-0.0017265949388914903,-0.056152937039967155
2026-01-29,1287475.2641780921,0.00704467369760553,-0.04950384246097039
2026-01-30,1285421.8295132923,-0.0015949313528059728,-0.05101981858335103
2026-02-02,1243816.838207792,-0.032366800026457754,-0.08173527034433536
2026-02-03,1247302.4243698553,0.0028023307411448872,-0.07916198886391224
2026-02-04,1261768.4243698553,0.011597828816301892,-0.06848226724321194
2026-02-05,1260349.9243698553,-0.0011242158010955627,-0.06952949419737775
2026-02-06,1259594.1743698553,-0.000599635058000203,-0.07008743693309216
2026-02-09,1263005.4243698553,0.002708213541640525,-0.06756903513725265
2026-02-10,1257878.6743698553,-0.0040591670479624975,-0.0713539281843234
2026-02-11,1258726.9243698553,0.0006743496151764283,-0.07072769606315932
2026-02-12,1255993.6743698553,-0.002171440005836356,-0.0727455551202435
2026-02-13,1249654.6743698553,-0.005046999940648833,-0.07742540824851796
2026-02-24,1252996.9243698553,0.0026745388694564554,-0.07495794664290589
2026-02-25,1263454.9243698553,0.008346389202239513,-0.06723718563714864
2026-02-26,1259369.4243698553,-0.0032335937920678903,-0.07025336168314411
2026-02-27,1258817.6743698553,-0.00043811608359167753,-0.070660698639056
2026-03-02,1260013.1743698553,0.0009497006789314089,-0.06977810447359578
2026-03-03,1255090.9243698553,-0.003906506773202367,-0.07341202260905089
2026-03-04,1260085.2707498553,0.0039792705715784304,-0.06972487833864072
2026-03-05,1258636.2707498553,-0.0011499221787885094,-0.07079462233341438
2026-03-06,1254276.2707498553,-0.003464066705627711,-0.07401345174487939
2026-03-09,1254774.7707498553,0.00039744034996536115,-0.07364542732707768
2026-03-10,1252208.2707498553,-0.002045386996796461,-0.07554018092444581
2026-03-11,1252325.5207498553,9.36345835902408e-05,-0.07545361951424068
2026-03-12,1254672.5207498553,0.0018741133683795042,-0.07372091478288556
2026-03-13,1251821.7707498553,-0.0022721068269641043,-0.07582551981608143
2026-03-16,1250169.7707498553,-0.0013196766812981764,-0.07704513132703106
2026-03-17,1246624.0207498553,-0.0028362147949499983,-0.07966282958063242
2026-03-18,1243942.2707498553,-0.0021512099521289185,-0.08164266806095277
2026-03-19,1240553.7707498553,-0.0027240010084691457,-0.08414427435928973
2026-03-20,1238537.5207498553,-0.0016252822308389092,-0.08563279839618565
2026-03-23,1236043.7707498553,-0.002013463426194906,-0.08747384331472718
2026-03-24,1237161.2707498553,0.0009040941966982352,-0.08664883371213261
2026-03-25,1238889.2707498553,0.0013967459545130012,-0.08537311416557036
2026-03-26,1238382.2707498553,-0.00040923754202271123,-0.08574741382419715
2026-03-27,1237692.5207498553,-0.000556976643070306,-0.0862566311605637
2026-03-30,1242367.5207498553,0.003777190151531107,-0.08280524870675654
2026-03-31,1238911.5207498553,-0.0027817855363073685,-0.08535668779988115
2026-04-01,1239301.2707498553,0.000314590665654757,-0.08506894955145938
2026-04-02,1239903.2707498553,0.00048575759115920825,-0.08462451484831679
2026-04-03,1237461.2707498553,-0.001969508475062831,-0.08642735462418782
2026-04-07,1239091.0207498553,0.0013170109146223297,-0.08522416947892741
2026-04-08,1240413.5207498553,0.0010673146507023112,-0.08424781583290397
2026-04-09,1240465.2707498553,4.171995800938966e-05,-0.08420961069023347
2026-04-10,1239737.5207498553,-0.0005866750300554946,-0.08474688204440628
2026-04-13,1239475.5207498553,-0.00021133505731241176,-0.08494030711454481
2026-04-14,1240868.7707498553,0.001124064151873716,-0.08391172131694768
2026-04-15,1238830.2707498553,-0.001642800631341701,-0.08541667171953282
2026-04-16,1240384.0207498553,0.001254207324995038,-0.08426959460988515
2026-04-17,1240125.2707498553,-0.00020860475116690758,-0.08446062032323765
2026-04-20,1238811.2707498553,-0.0010595703764713083,-0.085430698728436
2026-04-21,1238407.7707498553,-0.00032571547379911525,-0.08572858810172179
2026-04-22,1238200.7707498553,-0.0001671501139520748,-0.08588140867240379
2026-04-23,1237361.0207498553,-0.0006782018068777207,-0.08650136555274268
2026-04-24,1235731.2707498553,-0.0013171176177930732,-0.08770455069800309
2026-04-27,1235802.0207498553,5.725354830343754e-05,-0.08765231854642941
2026-04-28,1230933.7707498553,-0.003939344586154747,-0.09124637044605433
2026-04-29,1230832.8712554453,-8.196988075859224e-05,-0.09132086087270774
2026-04-30,1230749.0033062722,-6.813918536929808e-05,-0.09138277752900992
2026-05-06,1230741.0775894604,-6.439750745657058e-06,-0.09138862879744591
2026-05-07,1230718.385697934,-1.843758361486092e-05,-0.09140538139557586
2026-05-08,1230697.9918082391,-1.657071994043413e-05,-0.09142043746254014
2026-05-11,1230677.8697728708,-1.6350100107698218e-05,-0.09143529282934337
2026-05-12,1230657.9268387752,-1.6204836850830517e-05,-0.0914500159721916
2026-05-13,1230637.9752754262,-1.6212111354274583e-05,-0.0914647454857036
2026-05-14,1230617.9399042642,-1.6280475301888586e-05,-0.09147953687147559
2026-05-15,1230597.925173872,-1.62639676728471e-05,-0.09149431301891808
2026-05-18,1230577.9232309607,-1.6253840919078222e-05,-0.09150907972582834
2026-05-19,1230557.9237832262,-1.625207746458468e-05,-0.09152384459064056
2026-05-20,1230537.923935818,-1.625266638949352e-05,-0.0915386097505172
2026-05-21,1230517.9238147724,-1.625315291520213e-05,-0.09155337511241046
2026-05-22,1230497.923854155,-1.625328670984416e-05,-0.09156814035586536
2026-05-25,1230477.923852018,-1.6253584625536277e-05,-0.09158290562997262
2026-05-26,1230457.9238586267,-1.6253841701341365e-05,-0.09159767089762327
2026-05-27,1230437.9238566458,-1.625411287387024e-05,-0.09161243617161541
2026-05-28,1230417.9238562952,-1.6254375749369387e-05,-0.09162720144440395
2026-05-29,1230397.9238563045,-1.625463966581364e-05,-0.0916419667169267
2026-06-01,1230377.9238563194,-1.6254903878909488e-05,-0.09165673198944535
2026-06-02,1230357.9238563227,-1.6255168114542862e-05,-0.09167149726197266
2026-06-03,1230337.9238563217,-1.625543235272975e-05,-0.09168626253450296
2026-06-04,1230317.9238563203,-1.625569659646775e-05,-0.0917010278070336
2026-06-05,1230297.92385632,-1.6255960847533224e-05,-0.09171579307956346
2026-06-08,1230277.9238563199,-1.6256225108146616e-05,-0.09173055835209332
2026-06-09,1230257.9238563199,-1.625648937708668e-05,-0.09174532362462295
2026-06-10,1230237.9238563199,-1.6256753654797507e-05,-0.09176008889715259
2026-06-11,1230217.9238563199,-1.6257017941168073e-05,-0.09177485416968223
2026-06-12,1230197.9238563199,-1.6257282236087356e-05,-0.09178961944221198
2026-06-15,1230177.9238563199,-1.6257546539555356e-05,-0.09180438471474162
2026-06-16,1230157.9238563199,-1.6257810851683097e-05,-0.09181914998727125
2026-06-17,1230137.9238563199,-1.6258075172470576e-05,-0.09183391525980089
2026-06-18,1230117.9238563199,-1.625833950169575e-05,-0.09184868053233053
2026-06-22,1230097.9238563199,-1.6258603839580665e-05,-0.09186344580486017
2026-06-23,1230077.9238563199,-1.625886818612532e-05,-0.09187821107738992
2026-06-24,1230057.9238563199,-1.625913254121869e-05,-0.09189297634991955
2026-06-25,1230037.9238563199,-1.625939690486078e-05,-0.09190774162244919
2026-06-26,1230017.9238563199,-1.6259661277162607e-05,-0.09192250689497883
2026-06-29,1229997.9238563199,-1.6259925658124175e-05,-0.09193727216750847
2026-06-30,1229977.9238563199,-1.6260190047523437e-05,-0.0919520374400381
2026-07-01,1229957.9238563199,-1.626045444558244e-05,-0.09196680271256785
2026-07-02,1229937.9238563199,-1.626071885230118e-05,-0.09198156798509749
2026-07-03,1229917.9238563199,-1.626098326756864e-05,-0.09199633325762713
2026-07-06,1229897.9238563199,-1.626124769149584e-05,-0.09201109853015677
2026-07-07,1229877.9238563199,-1.6261512123971755e-05,-0.0920258638026864
2026-07-08,1229857.9238563199,-1.626177656499639e-05,-0.09204062907521604
2026-07-09,1229837.9238563199,-1.626204101468076e-05,-0.09205539434774579
2026-07-10,1229817.9238563199,-1.6262305473024874e-05,-0.09207015962027543
2026-07-13,1229797.9238563199,-1.626256993980668e-05,-0.09208492489280506
2026-07-14,1229777.9238563199,-1.626283441535925e-05,-0.0920996901653347
2026-07-15,1229757.9238563199,-1.6263098899460537e-05,-0.09211445543786434
2026-07-16,1229737.9238563199,-1.626336339211054e-05,-0.09212922071039398
2026-07-17,1229717.9238563199,-1.6263627893420285e-05,-0.09214398598292373
2026-07-20,1229697.9238563199,-1.6263892403278746e-05,-0.09215875125545336
2026-07-21,1229677.9238563199,-1.6264156921796946e-05,-0.092173516527983
2026-07-22,1229657.9238563199,-1.6264421448863864e-05,-0.09218828180051264
2026-07-23,1229637.9238563199,-1.626468598459052e-05,-0.09220304707304228
2026-07-24,1229617.9238563199,-1.6264950528865896e-05,-0.09221781234557191
2026-07-27,1229597.9238563199,-1.626521508180101e-05,-0.09223257761810166
2026-07-28,1229577.9238563199,-1.6265479643395864e-05,-0.0922473428906313
2026-07-29,1229557.9238563199,-1.6265744213539435e-05,-0.09226210816316094
2026-07-30,1229537.9238563199,-1.6266008792231723e-05,-0.09227687343569058
2026-07-31,1229517.9238563199,-1.626627337958375e-05,-0.09229163870822021
2026-08-03,1229497.9238563199,-1.6266537975484496e-05,-0.09230640398074985
2026-08-04,1229477.9238563199,-1.626680258004498e-05,-0.0923211692532796
2026-08-05,1229457.9238563199,-1.6267067193265206e-05,-0.09233593452580924
2026-08-06,1229437.9238563199,-1.6267331815034147e-05,-0.09235069979833888
2026-08-07,1229417.9238563199,-1.626759644546283e-05,-0.09236546507086851
2026-08-10,1229397.9238563199,-1.6267861084440227e-05,-0.09238023034339815
2026-08-11,1229377.9238563199,-1.6268125732077365e-05,-0.09239499561592779
2026-08-12,1229357.9238563199,-1.626839038826322e-05,-0.09240976088845754
2026-08-13,1229337.9238563199,-1.6268655053108816e-05,-0.09242452616098717
2026-08-14,1229317.9238563199,-1.6268919726503128e-05,-0.09243929143351681
2026-08-17,1229297.9238563199,-1.626918440855718e-05,-0.09245405670604645
2026-08-18,1229277.9238563199,-1.6269449099270972e-05,-0.09246882197857609
2026-08-19,1229257.9238563199,-1.626971379853348e-05,-0.09248358725110573
2026-08-20,1229237.9238563199,-1.626997850645573e-05,-0.09249835252363547
2026-08-21,1229217.9238563199,-1.6270243222926695e-05,-0.09251311779616511
2026-08-24,1229197.9238563199,-1.62705079480574e-05,-0.09252788306869475
2026-08-25,1229177.9238563199,-1.6270772681847845e-05,-0.09254264834122439
2026-08-26,1229157.9238563199,-1.6271037424187007e-05,-0.09255741361375402
2026-08-27,1229142.9238563199,-1.220347663133392e-05,-0.09256848756815128
