规则,级别,标的,数量,说明,样例
涨跌幅异常,可疑,000792.SZSE,1,1 根 K 线涨跌幅超过 15%（最大 203.9%），可能是复权跳变、停牌复牌或数据错误,2021-08-10 00:00:00
涨跌幅异常,可疑,302132.SZSE,16,16 根 K 线涨跌幅超过 15%（最大 19.9%），可能是复权跳变、停牌复牌或数据错误,2023-02-02 00:00:00; 2023-02-03 00:00:00; 2023-02-06 00:00:00; 2023-02-07 00:00:00; 2023-02-08 00:00:00
涨跌幅异常,可疑,000063.SZSE,6,6 根 K 线涨跌幅超过 15%（最大 29.3%），可能是复权跳变、停牌复牌或数据错误,2020-02-21 00:00:00; 2020-03-20 00:00:00; 2024-03-01 00:00:00; 2024-09-27 00:00:00; 2024-12-20 00:00:00
涨跌幅异常,可疑,000100.SZSE,2,2 根 K 线涨跌幅超过 15%（最大 22.5%），可能是复权跳变、停牌复牌或数据错误,2020-02-21 00:00:00; 2021-01-15 00:00:00
涨跌幅异常,可疑,000157.SZSE,3,3 根 K 线涨跌幅超过 15%（最大 18.8%），可能是复权跳变、停牌复牌或数据错误,2020-12-04 00:00:00; 2021-01-08 00:00:00; 2021-02-12 00:00:00
涨跌幅异常,可疑,000166.SZSE,3,3 根 K 线涨跌幅超过 15%（最大 21.4%），可能是复权跳变、停牌复牌或数据错误,2020-07-03 00:00:00; 2021-09-10 00:00:00; 2024-09-27 00:00:00
涨跌幅异常,可疑,000301.SZSE,11,11 根 K 线涨跌幅超过 15%（最大 30.0%），可能是复权跳变、停牌复牌或数据错误,2020-11-06 00:00:00; 2021-01-08 00:00:00; 2021-01-22 00:00:00; 2021-06-25 00:00:00; 2021-07-09 00:00:00
涨跌幅异常,可疑,000338.SZSE,2,2 根 K 线涨跌幅超过 15%（最大 17.1%），可能是复权跳变、停牌复牌或数据错误,2020-09-18 00:00:00; 2025-11-07 00:00:00
涨跌幅异常,可疑,000408.SZSE,12,12 根 K 线涨跌幅超过 15%（最大 29.1%），可能是复权跳变、停牌复牌或数据错误,2020-02-21 00:00:00; 2020-05-01 00:00:00; 2020-05-08 00:00:00; 2020-05-22 00:00:00; 2020-06-05 00:00:00
涨跌幅异常,可疑,000425.SZSE,2,2 根 K 线涨跌幅超过 15%（最大 16.0%），可能是复权跳变、停牌复牌或数据错误,2021-02-12 00:00:00; 2021-09-03 00:00:00
涨跌幅异常,可疑,000538.SZSE,3,3 根 K 线涨跌幅超过 15%（最大 22.2%），可能是复权跳变、停牌复牌或数据错误,2021-01-08 00:00:00; 2021-02-12 00:00:00; 2021-02-26 00:00:00
涨跌幅异常,可疑,000568.SZSE,6,6 根 K 线涨跌幅超过 15%（最大 26.6%），可能是复权跳变、停牌复牌或数据错误,2020-07-03 00:00:00; 2020-08-28 00:00:00; 2021-02-26 00:00:00; 2021-07-30 00:00:00; 2021-10-01 00:00:00
涨跌幅异常,可疑,000596.SZSE,6,6 根 K 线涨跌幅超过 15%（最大 24.6%），可能是复权跳变、停牌复牌或数据错误,2020-01-10 00:00:00; 2020-07-31 00:00:00; 2020-08-28 00:00:00; 2021-07-30 00:00:00; 2022-08-05 00:00:00
涨跌幅异常,可疑,000617.SZSE,5,5 根 K 线涨跌幅超过 15%（最大 29.9%），可能是复权跳变、停牌复牌或数据错误,2022-12-02 00:00:00; 2023-03-17 00:00:00; 2024-09-27 00:00:00; 2025-07-11 00:00:00; 2025-08-22 00:00:00
涨跌幅异常,可疑,000625.SZSE,4,4 根 K 线涨跌幅超过 15%（最大 32.8%），可能是复权跳变、停牌复牌或数据错误,2020-11-20 00:00:00; 2021-05-14 00:00:00; 2022-06-17 00:00:00; 2022-06-24 00:00:00
涨跌幅异常,可疑,000630.SZSE,6,6 根 K 线涨跌幅超过 15%（最大 19.4%），可能是复权跳变、停牌复牌或数据错误,2021-07-23 00:00:00; 2021-09-10 00:00:00; 2022-02-11 00:00:00; 2024-03-08 00:00:00; 2026-01-30 00:00:00
涨跌幅异常,可疑,000657.SZSE,23,23 根 K 线涨跌幅超过 15%（最大 40.5%），可能是复权跳变、停牌复牌或数据错误,2021-02-12 00:00:00; 2021-07-02 00:00:00; 2021-07-23 00:00:00; 2021-08-27 00:00:00; 2021-10-15 00:00:00
涨跌幅异常,可疑,000708.SZSE,2,2 根 K 线涨跌幅超过 15%（最大 19.0%），可能是复权跳变、停牌复牌或数据错误,2021-01-08 00:00:00; 2021-02-05 00:00:00
涨跌幅异常,可疑,000725.SZSE,6,6 根 K 线涨跌幅超过 15%（最大 22.9%），可能是复权跳变、停牌复牌或数据错误,2020-06-05 00:00:00; 2026-05-22 00:00:00; 2026-06-05 00:00:00; 2026-06-19 00:00:00; 2026-06-26 00:00:00
涨跌幅异常,可疑,000768.SZSE,4,4 根 K 线涨跌幅超过 15%（最大 23.6%），可能是复权跳变、停牌复牌或数据错误,2020-07-10 00:00:00; 2021-03-12 00:00:00; 2021-09-10 00:00:00; 2026-01-09 00:00:00
涨跌幅异常,可疑,000776.SZSE,1,1 根 K 线涨跌幅超过 15%（最大 15.7%），可能是复权跳变、停牌复牌或数据错误,2024-09-27 00:00:00
涨跌幅异常,可疑,000792.SZSE,2,2 根 K 线涨跌幅超过 15%（最大 214.6%），可能是复权跳变、停牌复牌或数据错误,2021-08-13 00:00:00; 2022-11-04 00:00:00
涨跌幅异常,可疑,000807.SZSE,8,8 根 K 线涨跌幅超过 15%（最大 22.8%），可能是复权跳变、停牌复牌或数据错误,2020-07-10 00:00:00; 2020-11-13 00:00:00; 2021-03-12 00:00:00; 2021-08-13 00:00:00; 2021-08-27 00:00:00
涨跌幅异常,可疑,000858.SZSE,3,3 根 K 线涨跌幅超过 15%（最大 27.9%），可能是复权跳变、停牌复牌或数据错误,2021-02-26 00:00:00; 2021-07-30 00:00:00; 2024-09-27 00:00:00
涨跌幅异常,可疑,000938.SZSE,9,9 根 K 线涨跌幅超过 15%（最大 31.6%），可能是复权跳变、停牌复牌或数据错误,2021-06-04 00:00:00; 2023-01-06 00:00:00; 2023-04-07 00:00:00; 2024-03-01 00:00:00; 2024-09-27 00:00:00
涨跌幅异常,可疑,000963.SZSE,7,7 根 K 线涨跌幅超过 15%（最大 17.9%），可能是复权跳变、停牌复牌或数据错误,2020-11-06 00:00:00; 2021-02-12 00:00:00; 2021-04-16 00:00:00; 2021-04-30 00:00:00; 2021-05-07 00:00:00
涨跌幅异常,可疑,000975.SZSE,7,7 根 K 线涨跌幅超过 15%（最大 21.5%），可能是复权跳变、停牌复牌或数据错误,2020-02-21 00:00:00; 2020-03-27 00:00:00; 2020-07-24 00:00:00; 2022-03-25 00:00:00; 2026-01-23 00:00:00
涨跌幅异常,可疑,000977.SZSE,19,19 根 K 线涨跌幅超过 15%（最大 36.3%），可能是复权跳变、停牌复牌或数据错误,2020-02-07 00:00:00; 2020-07-10 00:00:00; 2021-07-16 00:00:00; 2023-02-10 00:00:00; 2023-02-17 00:00:00
涨跌幅异常,可疑,000988.SZSE,10,10 根 K 线涨跌幅超过 15%（最大 27.6%），可能是复权跳变、停牌复牌或数据错误,2023-04-07 00:00:00; 2023-04-21 00:00:00; 2025-02-21 00:00:00; 2025-08-29 00:00:00; 2025-09-19 00:00:00
涨跌幅异常,可疑,000999.SZSE,2,2 根 K 线涨跌幅超过 15%（最大 17.5%），可能是复权跳变、停牌复牌或数据错误,2022-04-01 00:00:00; 2024-09-13 00:00:00
涨跌幅异常,可疑,001280.SZSE,1,1 根 K 线涨跌幅超过 15%（最大 21.9%），可能是复权跳变、停牌复牌或数据错误,2026-01-23 00:00:00
涨跌幅异常,可疑,002027.SZSE,1,1 根 K 线涨跌幅超过 15%（最大 15.1%），可能是复权跳变、停牌复牌或数据错误,2020-10-16 00:00:00
涨跌幅异常,可疑,002028.SZSE,5,5 根 K 线涨跌幅超过 15%（最大 23.3%），可能是复权跳变、停牌复牌或数据错误,2020-02-21 00:00:00; 2020-07-31 00:00:00; 2021-03-19 00:00:00; 2022-06-03 00:00:00; 2026-01-16 00:00:00
涨跌幅异常,可疑,002049.SZSE,8,8 根 K 线涨跌幅超过 15%（最大 34.9%），可能是复权跳变、停牌复牌或数据错误,2020-02-21 00:00:00; 2020-07-03 00:00:00; 2020-07-10 00:00:00; 2020-08-07 00:00:00; 2021-07-09 00:00:00
涨跌幅异常,可疑,002050.SZSE,8,8 根 K 线涨跌幅超过 15%（最大 19.9%），可能是复权跳变、停牌复牌或数据错误,2022-07-29 00:00:00; 2022-11-04 00:00:00; 2023-06-16 00:00:00; 2024-09-27 00:00:00; 2025-01-10 00:00:00
涨跌幅异常,可疑,002074.SZSE,13,13 根 K 线涨跌幅超过 15%（最大 37.7%），可能是复权跳变、停牌复牌或数据错误,2020-01-17 00:00:00; 2020-01-24 00:00:00; 2020-02-28 00:00:00; 2020-04-17 00:00:00; 2021-07-09 00:00:00
涨跌幅异常,可疑,002142.SZSE,1,1 根 K 线涨跌幅超过 15%（最大 19.1%），可能是复权跳变、停牌复牌或数据错误,2024-09-27 00:00:00
涨跌幅异常,可疑,002179.SZSE,2,2 根 K 线涨跌幅超过 15%（最大 16.2%），可能是复权跳变、停牌复牌或数据错误,2020-12-25 00:00:00; 2026-07-17 00:00:00
涨跌幅异常,可疑,002202.SZSE,7,7 根 K 线涨跌幅超过 15%（最大 52.1%），可能是复权跳变、停牌复牌或数据错误,2020-07-31 00:00:00; 2021-09-03 00:00:00; 2024-07-26 00:00:00; 2025-12-26 00:00:00; 2026-01-09 00:00:00
涨跌幅异常,可疑,002230.SZSE,5,5 根 K 线涨跌幅超过 15%（最大 22.3%），可能是复权跳变、停牌复牌或数据错误,2021-01-22 00:00:00; 2021-02-12 00:00:00; 2023-02-03 00:00:00; 2023-06-02 00:00:00; 2024-09-27 00:00:00
涨跌幅异常,可疑,002236.SZSE,6,6 根 K 线涨跌幅超过 15%（最大 18.5%），可能是复权跳变、停牌复牌或数据错误,2021-01-08 00:00:00; 2023-03-03 00:00:00; 2023-03-17 00:00:00; 2023-03-24 00:00:00; 2023-04-07 00:00:00
涨跌幅异常,可疑,002241.SZSE,9,9 根 K 线涨跌幅超过 15%（最大 29.0%），可能是复权跳变、停牌复牌或数据错误,2020-07-31 00:00:00; 2021-01-29 00:00:00; 2021-04-23 00:00:00; 2021-08-27 00:00:00; 2022-11-11 00:00:00
涨跌幅异常,可疑,002304.SZSE,4,4 根 K 线涨跌幅超过 15%（最大 18.9%），可能是复权跳变、停牌复牌或数据错误,2020-07-03 00:00:00; 2020-10-16 00:00:00; 2021-07-30 00:00:00; 2024-09-27 00:00:00
涨跌幅异常,可疑,002311.SZSE,3,3 根 K 线涨跌幅超过 15%（最大 23.6%），可能是复权跳变、停牌复牌或数据错误,2020-07-31 00:00:00; 2021-02-05 00:00:00; 2024-09-27 00:00:00
涨跌幅异常,可疑,002352.SZSE,1,1 根 K 线涨跌幅超过 15%（最大 21.7%），可能是复权跳变、停牌复牌或数据错误,2020-08-28 00:00:00
涨跌幅异常,可疑,002353.SZSE,9,9 根 K 线涨跌幅超过 15%（最大 24.9%），可能是复权跳变、停牌复牌或数据错误,2020-03-13 00:00:00; 2020-11-13 00:00:00; 2021-02-26 00:00:00; 2022-04-22 00:00:00; 2025-08-08 00:00:00
涨跌幅异常,可疑,002371.SZSE,23,23 根 K 线涨跌幅超过 15%（最大 25.1%），可能是复权跳变、停牌复牌或数据错误,2020-01-17 00:00:00; 2020-02-07 00:00:00; 2020-04-17 00:00:00; 2020-05-01 00:00:00; 2020-07-10 00:00:00
涨跌幅异常,可疑,002384.SZSE,22,22 根 K 线涨跌幅超过 15%（最大 29.6%），可能是复权跳变、停牌复牌或数据错误,2020-02-21 00:00:00; 2020-02-28 00:00:00; 2020-05-01 00:00:00; 2020-06-05 00:00:00; 2021-06-25 00:00:00
涨跌幅异常,可疑,002415.SZSE,2,2 根 K 线涨跌幅超过 15%（最大 17.2%），可能是复权跳变、停牌复牌或数据错误,2021-01-08 00:00:00; 2022-05-06 00:00:00
涨跌幅异常,可疑,002422.SZSE,1,1 根 K 线涨跌幅超过 15%（最大 30.4%），可能是复权跳变、停牌复牌或数据错误,2026-07-03 00:00:00
涨跌幅异常,可疑,002460.SZSE,13,13 根 K 线涨跌幅超过 15%（最大 25.2%），可能是复权跳变、停牌复牌或数据错误,2020-02-14 00:00:00; 2020-03-20 00:00:00; 2020-09-18 00:00:00; 2020-11-06 00:00:00; 2020-12-25 00:00:00
涨跌幅异常,可疑,002463.SZSE,14,14 根 K 线涨跌幅超过 15%（最大 37.0%），可能是复权跳变、停牌复牌或数据错误,2021-12-24 00:00:00; 2022-11-04 00:00:00; 2023-03-24 00:00:00; 2023-04-07 00:00:00; 2023-09-22 00:00:00
涨跌幅异常,可疑,002466.SZSE,30,30 根 K 线涨跌幅超过 15%（最大 41.1%），可能是复权跳变、停牌复牌或数据错误,2020-02-14 00:00:00; 2020-03-13 00:00:00; 2020-03-20 00:00:00; 2020-05-08 00:00:00; 2020-05-29 00:00:00
涨跌幅异常,可疑,002475.SZSE,6,6 根 K 线涨跌幅超过 15%（最大 19.0%），可能是复权跳变、停牌复牌或数据错误,2020-06-05 00:00:00; 2021-06-25 00:00:00; 2021-12-10 00:00:00; 2022-11-04 00:00:00; 2025-09-26 00:00:00
涨跌幅异常,可疑,002493.SZSE,8,8 根 K 线涨跌幅超过 15%（最大 24.9%），可能是复权跳变、停牌复牌或数据错误,2020-07-10 00:00:00; 2020-11-06 00:00:00; 2021-02-12 00:00:00; 2021-02-26 00:00:00; 2021-07-16 00:00:00
涨跌幅异常,可疑,002532.SZSE,7,7 根 K 线涨跌幅超过 15%（最大 25.4%），可能是复权跳变、停牌复牌或数据错误,2020-11-13 00:00:00; 2021-02-05 00:00:00; 2021-02-19 00:00:00; 2021-08-13 00:00:00; 2022-09-09 00:00:00
涨跌幅异常,可疑,002558.SZSE,9,9 根 K 线涨跌幅超过 15%（最大 23.7%），可能是复权跳变、停牌复牌或数据错误,2023-03-24 00:00:00; 2023-04-07 00:00:00; 2023-06-02 00:00:00; 2025-06-13 00:00:00; 2025-07-04 00:00:00
涨跌幅异常,可疑,002594.SZSE,12,12 根 K 线涨跌幅超过 15%（最大 26.4%），可能是复权跳变、停牌复牌或数据错误,2020-01-17 00:00:00; 2020-02-21 00:00:00; 2020-09-18 00:00:00; 2020-10-30 00:00:00; 2020-11-06 00:00:00
涨跌幅异常,可疑,002600.SZSE,11,11 根 K 线涨跌幅超过 15%（最大 24.9%），可能是复权跳变、停牌复牌或数据错误,2020-06-05 00:00:00; 2021-07-16 00:00:00; 2024-06-28 00:00:00; 2024-08-30 00:00:00; 2024-10-18 00:00:00
涨跌幅异常,可疑,002602.SZSE,7,7 根 K 线涨跌幅超过 15%（最大 25.0%），可能是复权跳变、停牌复牌或数据错误,2023-03-24 00:00:00; 2023-06-02 00:00:00; 2024-02-02 00:00:00; 2024-09-27 00:00:00; 2025-02-21 00:00:00
涨跌幅异常,可疑,002625.SZSE,15,15 根 K 线涨跌幅超过 15%（最大 60.8%），可能是复权跳变、停牌复牌或数据错误,2020-07-10 00:00:00; 2020-07-24 00:00:00; 2020-07-31 00:00:00; 2020-08-07 00:00:00; 2020-08-14 00:00:00
涨跌幅异常,可疑,002648.SZSE,8,8 根 K 线涨跌幅超过 15%（最大 22.5%），可能是复权跳变、停牌复牌或数据错误,2020-03-06 00:00:00; 2020-03-13 00:00:00; 2021-02-12 00:00:00; 2022-08-12 00:00:00; 2024-09-27 00:00:00
涨跌幅异常,可疑,002709.SZSE,21,21 根 K 线涨跌幅超过 15%（最大 27.1%），可能是复权跳变、停牌复牌或数据错误,2020-02-07 00:00:00; 2020-02-28 00:00:00; 2020-07-10 00:00:00; 2020-09-18 00:00:00; 2020-10-30 00:00:00
涨跌幅异常,可疑,002714.SZSE,4,4 根 K 线涨跌幅超过 15%（最大 25.1%），可能是复权跳变、停牌复牌或数据错误,2021-01-08 00:00:00; 2021-02-05 00:00:00; 2021-02-12 00:00:00; 2024-09-27 00:00:00
涨跌幅异常,可疑,002736.SZSE,1,1 根 K 线涨跌幅超过 15%（最大 15.5%），可能是复权跳变、停牌复牌或数据错误,2024-09-27 00:00:00
涨跌幅异常,可疑,002837.SZSE,26,26 根 K 线涨跌幅超过 15%（最大 60.0%），可能是复权跳变、停牌复牌或数据错误,2020-01-17 00:00:00; 2020-02-21 00:00:00; 2020-07-10 00:00:00; 2021-07-30 00:00:00; 2021-08-06 00:00:00
涨跌幅异常,可疑,002916.SZSE,20,20 根 K 线涨跌幅超过 15%（最大 31.0%），可能是复权跳变、停牌复牌或数据错误,2020-02-21 00:00:00; 2020-03-20 00:00:00; 2020-09-11 00:00:00; 2021-01-08 00:00:00; 2021-06-25 00:00:00
涨跌幅异常,可疑,002920.SZSE,16,16 根 K 线涨跌幅超过 15%（最大 25.7%），可能是复权跳变、停牌复牌或数据错误,2020-07-10 00:00:00; 2021-01-01 00:00:00; 2021-01-15 00:00:00; 2021-01-22 00:00:00; 2022-02-11 00:00:00
涨跌幅异常,可疑,002938.SZSE,9,9 根 K 线涨跌幅超过 15%（最大 23.0%），可能是复权跳变、停牌复牌或数据错误,2020-02-28 00:00:00; 2020-06-05 00:00:00; 2020-09-18 00:00:00; 2021-06-25 00:00:00; 2023-03-24 00:00:00
涨跌幅异常,可疑,300014.SZSE,1,1 根 K 线涨跌幅超过 30%（最大 35.4%），可能是复权跳变、停牌复牌或数据错误,2025-09-05 00:00:00
涨跌幅异常,可疑,300015.SZSE,1,1 根 K 线涨跌幅超过 30%（最大 34.0%），可能是复权跳变、停牌复牌或数据错误,2024-09-27 00:00:00
涨跌幅异常,可疑,300033.SZSE,3,3 根 K 线涨跌幅超过 30%（最大 50.6%），可能是复权跳变、停牌复牌或数据错误,2023-03-24 00:00:00; 2024-09-27 00:00:00; 2024-11-08 00:00:00
涨跌幅异常,可疑,300059.SZSE,1,1 根 K 线涨跌幅超过 30%（最大 55.9%），可能是复权跳变、停牌复牌或数据错误,2024-09-27 00:00:00
涨跌幅异常,可疑,300122.SZSE,1,1 根 K 线涨跌幅超过 30%（最大 30.2%），可能是复权跳变、停牌复牌或数据错误,2024-09-27 00:00:00
涨跌幅异常,可疑,300251.SZSE,3,3 根 K 线涨跌幅超过 30%（最大 140.2%），可能是复权跳变、停牌复牌或数据错误,2025-02-07 00:00:00; 2025-02-14 00:00:00; 2026-02-13 00:00:00
涨跌幅异常,可疑,300274.SZSE,2,2 根 K 线涨跌幅超过 30%（最大 38.3%），可能是复权跳变、停牌复牌或数据错误,2020-10-30 00:00:00; 2025-09-05 00:00:00
涨跌幅异常,可疑,300308.SZSE,3,3 根 K 线涨跌幅超过 30%（最大 50.0%），可能是复权跳变、停牌复牌或数据错误,2023-03-24 00:00:00; 2023-06-16 00:00:00; 2025-10-24 00:00:00
涨跌幅异常,可疑,300316.SZSE,1,1 根 K 线涨跌幅超过 30%（最大 31.7%），可能是复权跳变、停牌复牌或数据错误,2020-02-21 00:00:00
涨跌幅异常,可疑,300394.SZSE,4,4 根 K 线涨跌幅超过 30%（最大 60.4%），可能是复权跳变、停牌复牌或数据错误,2023-06-16 00:00:00; 2025-08-29 00:00:00; 2026-01-30 00:00:00; 2026-08-07 00:00:00
涨跌幅异常,可疑,300408.SZSE,1,1 根 K 线涨跌幅超过 30%（最大 33.0%），可能是复权跳变、停牌复牌或数据错误,2026-05-22 00:00:00
涨跌幅异常,可疑,300418.SZSE,3,3 根 K 线涨跌幅超过 30%（最大 47.5%），可能是复权跳变、停牌复牌或数据错误,2020-02-07 00:00:00; 2023-03-24 00:00:00; 2023-04-28 00:00:00
涨跌幅异常,可疑,300433.SZSE,1,1 根 K 线涨跌幅超过 30%（最大 33.8%），可能是复权跳变、停牌复牌或数据错误,2026-06-19 00:00:00
涨跌幅异常,可疑,300442.SZSE,5,5 根 K 线涨跌幅超过 30%（最大 43.7%），可能是复权跳变、停牌复牌或数据错误,2020-11-13 00:00:00; 2021-02-26 00:00:00; 2024-03-22 00:00:00; 2024-12-13 00:00:00; 2026-02-27 00:00:00
涨跌幅异常,可疑,300450.SZSE,1,1 根 K 线涨跌幅超过 30%（最大 48.7%），可能是复权跳变、停牌复牌或数据错误,2025-09-05 00:00:00
涨跌幅异常,可疑,300476.SZSE,2,2 根 K 线涨跌幅超过 30%（最大 46.2%），可能是复权跳变、停牌复牌或数据错误,2025-03-14 00:00:00; 2026-08-07 00:00:00
涨跌幅异常,可疑,300502.SZSE,4,4 根 K 线涨跌幅超过 30%（最大 44.2%），可能是复权跳变、停牌复牌或数据错误,2023-04-07 00:00:00; 2023-11-10 00:00:00; 2025-07-18 00:00:00; 2025-08-29 00:00:00
涨跌幅异常,可疑,300661.SZSE,1,1 根 K 线涨跌幅超过 30%（最大 30.7%），可能是复权跳变、停牌复牌或数据错误,2021-07-30 00:00:00
涨跌幅异常,可疑,300803.SZSE,3,3 根 K 线涨跌幅超过 30%（最大 74.9%），可能是复权跳变、停牌复牌或数据错误,2020-02-21 00:00:00; 2024-09-27 00:00:00; 2025-06-27 00:00:00
涨跌幅异常,可疑,300832.SZSE,2,2 根 K 线涨跌幅超过 30%（最大 61.1%），可能是复权跳变、停牌复牌或数据错误,2020-05-22 00:00:00; 2020-05-29 00:00:00
涨跌幅异常,可疑,300896.SZSE,2,2 根 K 线涨跌幅超过 30%（最大 39.7%），可能是复权跳变、停牌复牌或数据错误,2021-02-12 00:00:00; 2024-09-27 00:00:00
涨跌幅异常,可疑,300999.SZSE,2,2 根 K 线涨跌幅超过 30%（最大 33.9%），可能是复权跳变、停牌复牌或数据错误,2020-11-06 00:00:00; 2021-01-08 00:00:00
涨跌幅异常,可疑,301165.SZSE,4,4 根 K 线涨跌幅超过 30%（最大 48.4%），可能是复权跳变、停牌复牌或数据错误,2024-12-20 00:00:00; 2025-08-22 00:00:00; 2026-07-03 00:00:00; 2026-07-24 00:00:00
涨跌幅异常,可疑,301236.SZSE,2,2 根 K 线涨跌幅超过 30%（最大 33.1%），可能是复权跳变、停牌复牌或数据错误,2022-11-04 00:00:00; 2025-02-07 00:00:00
涨跌幅异常,可疑,301269.SZSE,2,2 根 K 线涨跌幅超过 30%（最大 68.0%），可能是复权跳变、停牌复牌或数据错误,2022-08-05 00:00:00; 2024-11-08 00:00:00
涨跌幅异常,可疑,301308.SZSE,1,1 根 K 线涨跌幅超过 30%（最大 32.5%），可能是复权跳变、停牌复牌或数据错误,2026-07-17 00:00:00
涨跌幅异常,可疑,302132.SZSE,12,12 根 K 线涨跌幅超过 15%（最大 144.8%），可能是复权跳变、停牌复牌或数据错误,2021-07-09 00:00:00; 2021-08-06 00:00:00; 2022-04-29 00:00:00; 2023-02-03 00:00:00; 2023-02-10 00:00:00
涨跌幅异常,可疑,600009.SSE,1,1 根 K 线涨跌幅超过 15%（最大 24.3%），可能是复权跳变、停牌复牌或数据错误,2021-02-05 00:00:00
涨跌幅异常,可疑,600010.SSE,8,8 根 K 线涨跌幅超过 15%（最大 29.9%），可能是复权跳变、停牌复牌或数据错误,2021-02-26 00:00:00; 2021-03-05 00:00:00; 2021-07-09 00:00:00; 2021-07-23 00:00:00; 2021-08-27 00:00:00
涨跌幅异常,可疑,600011.SSE,4,4 根 K 线涨跌幅超过 15%（最大 19.6%），可能是复权跳变、停牌复牌或数据错误,2020-08-21 00:00:00; 2021-09-03 00:00:00; 2021-09-24 00:00:00; 2021-12-03 00:00:00
涨跌幅异常,可疑,600025.SSE,2,2 根 K 线涨跌幅超过 15%（最大 24.6%），可能是复权跳变、停牌复牌或数据错误,2021-03-12 00:00:00; 2021-10-15 00:00:00
涨跌幅异常,可疑,600026.SSE,7,7 根 K 线涨跌幅超过 15%（最大 27.3%），可能是复权跳变、停牌复牌或数据错误,2020-03-13 00:00:00; 2022-07-22 00:00:00; 2022-09-23 00:00:00; 2022-10-21 00:00:00; 2022-12-02 00:00:00
涨跌幅异常,可疑,600027.SSE,2,2 根 K 线涨跌幅超过 15%（最大 16.8%），可能是复权跳变、停牌复牌或数据错误,2021-09-03 00:00:00; 2022-09-09 00:00:00
涨跌幅异常,可疑,600030.SSE,3,3 根 K 线涨跌幅超过 15%（最大 23.3%），可能是复权跳变、停牌复牌或数据错误,2020-07-03 00:00:00; 2024-09-27 00:00:00; 2024-11-08 00:00:00
涨跌幅异常,可疑,600031.SSE,1,1 根 K 线涨跌幅超过 15%（最大 18.8%），可能是复权跳变、停牌复牌或数据错误,2021-08-06 00:00:00
涨跌幅异常,可疑,600039.SSE,5,5 根 K 线涨跌幅超过 15%（最大 19.4%），可能是复权跳变、停牌复牌或数据错误,2021-03-19 00:00:00; 2021-10-22 00:00:00; 2021-10-29 00:00:00; 2022-10-21 00:00:00; 2024-10-18 00:00:00
涨跌幅异常,可疑,600048.SSE,1,1 根 K 线涨跌幅超过 15%（最大 16.2%），可能是复权跳变、停牌复牌或数据错误,2021-11-12 00:00:00
涨跌幅异常,可疑,600050.SSE,1,1 根 K 线涨跌幅超过 15%（最大 16.2%），可能是复权跳变、停牌复牌或数据错误,2023-03-03 00:00:00
涨跌幅异常,可疑,600061.SSE,3,3 根 K 线涨跌幅超过 15%（最大 22.7%），可能是复权跳变、停牌复牌或数据错误,2020-07-10 00:00:00; 2020-07-17 00:00:00; 2024-09-27 00:00:00
涨跌幅异常,可疑,600066.SSE,1,1 根 K 线涨跌幅超过 15%（最大 15.1%），可能是复权跳变、停牌复牌或数据错误,2021-02-19 00:00:00
涨跌幅异常,可疑,600085.SSE,3,3 根 K 线涨跌幅超过 15%（最大 18.5%），可能是复权跳变、停牌复牌或数据错误,2021-05-28 00:00:00; 2024-02-02 00:00:00; 2024-09-27 00:00:00
涨跌幅异常,可疑,600089.SSE,8,8 根 K 线涨跌幅超过 15%（最大 39.7%），可能是复权跳变、停牌复牌或数据错误,2020-03-06 00:00:00; 2020-07-24 00:00:00; 2020-12-18 00:00:00; 2021-01-22 00:00:00; 2021-07-16 00:00:00
涨跌幅异常,可疑,600111.SSE,13,13 根 K 线涨跌幅超过 15%（最大 42.8%），可能是复权跳变、停牌复牌或数据错误,2020-07-10 00:00:00; 2020-08-07 00:00:00; 2021-01-22 00:00:00; 2021-07-09 00:00:00; 2021-07-23 00:00:00
涨跌幅异常,可疑,600115.SSE,1,1 根 K 线涨跌幅超过 15%（最大 15.1%），可能是复权跳变、停牌复牌或数据错误,2026-02-06 00:00:00
涨跌幅异常,可疑,600118.SSE,18,18 根 K 线涨跌幅超过 15%（最大 36.9%），可能是复权跳变、停牌复牌或数据错误,2020-01-24 00:00:00; 2020-02-07 00:00:00; 2020-02-28 00:00:00; 2021-01-08 00:00:00; 2021-01-29 00:00:00
涨跌幅异常,可疑,600150.SSE,3,3 根 K 线涨跌幅超过 15%（最大 19.2%），可能是复权跳变、停牌复牌或数据错误,2021-08-27 00:00:00; 2022-07-22 00:00:00; 2026-04-24 00:00:00
涨跌幅异常,可疑,600160.SSE,8,8 根 K 线涨跌幅超过 15%（最大 32.5%），可能是复权跳变、停牌复牌或数据错误,2020-02-21 00:00:00; 2021-07-09 00:00:00; 2021-07-16 00:00:00; 2021-08-27 00:00:00; 2021-11-05 00:00:00
涨跌幅异常,可疑,600176.SSE,8,8 根 K 线涨跌幅超过 15%（最大 36.4%），可能是复权跳变、停牌复牌或数据错误,2020-07-31 00:00:00; 2020-11-13 00:00:00; 2026-02-13 00:00:00; 2026-06-19 00:00:00; 2026-06-26 00:00:00
涨跌幅异常,可疑,600183.SSE,6,6 根 K 线涨跌幅超过 15%（最大 30.6%），可能是复权跳变、停牌复牌或数据错误,2021-07-30 00:00:00; 2025-12-26 00:00:00; 2026-05-22 00:00:00; 2026-05-29 00:00:00; 2026-06-19 00:00:00
涨跌幅异常,可疑,600188.SSE,5,5 根 K 线涨跌幅超过 15%（最大 22.9%），可能是复权跳变、停牌复牌或数据错误,2021-07-16 00:00:00; 2021-08-27 00:00:00; 2021-09-03 00:00:00; 2021-10-29 00:00:00; 2022-02-11 00:00:00
涨跌幅异常,可疑,600196.SSE,10,10 根 K 线涨跌幅超过 15%（最大 28.8%），可能是复权跳变、停牌复牌或数据错误,2020-07-24 00:00:00; 2020-07-31 00:00:00; 2020-08-14 00:00:00; 2020-11-13 00:00:00; 2021-04-30 00:00:00
涨跌幅异常,可疑,600219.SSE,4,4 根 K 线涨跌幅超过 15%（最大 24.2%），可能是复权跳变、停牌复牌或数据错误,2021-01-08 00:00:00; 2021-07-16 00:00:00; 2021-08-13 00:00:00; 2026-03-20 00:00:00
涨跌幅异常,可疑,600221.SSE,6,6 根 K 线涨跌幅超过 15%（最大 37.9%），可能是复权跳变、停牌复牌或数据错误,2020-02-21 00:00:00; 2021-03-26 00:00:00; 2021-05-28 00:00:00; 2024-11-01 00:00:00; 2024-11-08 00:00:00
涨跌幅异常,可疑,600233.SSE,3,3 根 K 线涨跌幅超过 15%（最大 17.0%），可能是复权跳变、停牌复牌或数据错误,2021-09-03 00:00:00; 2021-11-19 00:00:00; 2024-03-15 00:00:00
涨跌幅异常,可疑,600276.SSE,4,4 根 K 线涨跌幅超过 15%（最大 17.9%），可能是复权跳变、停牌复牌或数据错误,2020-12-18 00:00:00; 2022-07-01 00:00:00; 2023-08-04 00:00:00; 2024-02-09 00:00:00
涨跌幅异常,可疑,600309.SSE,3,3 根 K 线涨跌幅超过 15%（最大 18.2%），可能是复权跳变、停牌复牌或数据错误,2021-01-08 00:00:00; 2021-03-05 00:00:00; 2021-07-09 00:00:00
涨跌幅异常,可疑,600346.SSE,6,6 根 K 线涨跌幅超过 15%（最大 21.2%），可能是复权跳变、停牌复牌或数据错误,2020-08-07 00:00:00; 2021-01-08 00:00:00; 2021-01-22 00:00:00; 2021-02-12 00:00:00; 2021-02-26 00:00:00
涨跌幅异常,可疑,600362.SSE,5,5 根 K 线涨跌幅超过 15%（最大 20.5%），可能是复权跳变、停牌复牌或数据错误,2021-01-08 00:00:00; 2021-02-12 00:00:00; 2025-10-10 00:00:00; 2026-06-19 00:00:00; 2026-06-26 00:00:00
涨跌幅异常,可疑,600372.SSE,2,2 根 K 线涨跌幅超过 15%（最大 27.4%），可能是复权跳变、停牌复牌或数据错误,2020-07-10 00:00:00; 2020-08-07 00:00:00
涨跌幅异常,可疑,600406.SSE,1,1 根 K 线涨跌幅超过 15%（最大 18.0%），可能是复权跳变、停牌复牌或数据错误,2022-04-29 00:00:00
涨跌幅异常,可疑,600415.SSE,8,8 根 K 线涨跌幅超过 15%（最大 53.1%），可能是复权跳变、停牌复牌或数据错误,2020-06-05 00:00:00; 2020-07-10 00:00:00; 2021-01-01 00:00:00; 2022-12-09 00:00:00; 2023-04-14 00:00:00
涨跌幅异常,可疑,600426.SSE,3,3 根 K 线涨跌幅超过 15%（最大 21.3%），可能是复权跳变、停牌复牌或数据错误,2020-11-06 00:00:00; 2021-07-09 00:00:00; 2024-09-27 00:00:00
涨跌幅异常,可疑,600436.SSE,5,5 根 K 线涨跌幅超过 15%（最大 22.8%），可能是复权跳变、停牌复牌或数据错误,2021-02-05 00:00:00; 2021-02-26 00:00:00; 2024-02-02 00:00:00; 2024-09-27 00:00:00; 2026-07-17 00:00:00
涨跌幅异常,可疑,600438.SSE,12,12 根 K 线涨跌幅超过 15%（最大 27.4%），可能是复权跳变、停牌复牌或数据错误,2020-02-14 00:00:00; 2020-05-01 00:00:00; 2020-07-24 00:00:00; 2020-12-25 00:00:00; 2021-01-22 00:00:00
涨跌幅异常,可疑,600460.SSE,15,15 根 K 线涨跌幅超过 15%（最大 29.6%），可能是复权跳变、停牌复牌或数据错误,2020-02-14 00:00:00; 2020-02-21 00:00:00; 2020-02-28 00:00:00; 2020-07-31 00:00:00; 2020-12-04 00:00:00
涨跌幅异常,可疑,600482.SSE,6,6 根 K 线涨跌幅超过 15%（最大 22.3%），可能是复权跳变、停牌复牌或数据错误,2020-07-24 00:00:00; 2026-02-13 00:00:00; 2026-03-06 00:00:00; 2026-03-13 00:00:00; 2026-04-10 00:00:00
涨跌幅异常,可疑,600489.SSE,4,4 根 K 线涨跌幅超过 15%（最大 22.2%），可能是复权跳变、停牌复牌或数据错误,2026-01-23 00:00:00; 2026-01-30 00:00:00; 2026-02-06 00:00:00; 2026-06-26 00:00:00
涨跌幅异常,可疑,600515.SSE,14,14 根 K 线涨跌幅超过 15%（最大 38.7%），可能是复权跳变、停牌复牌或数据错误,2020-03-13 00:00:00; 2020-06-05 00:00:00; 2020-07-03 00:00:00; 2020-07-10 00:00:00; 2020-09-11 00:00:00
涨跌幅异常,可疑,600519.SSE,2,2 根 K 线涨跌幅超过 15%（最大 24.7%），可能是复权跳变、停牌复牌或数据错误,2022-10-28 00:00:00; 2024-09-27 00:00:00
涨跌幅异常,可疑,600522.SSE,15,15 根 K 线涨跌幅超过 15%（最大 46.7%），可能是复权跳变、停牌复牌或数据错误,2020-03-13 00:00:00; 2020-07-10 00:00:00; 2021-07-23 00:00:00; 2021-08-13 00:00:00; 2021-11-05 00:00:00
涨跌幅异常,可疑,600547.SSE,3,3 根 K 线涨跌幅超过 15%（最大 25.2%），可能是复权跳变、停牌复牌或数据错误,2020-03-27 00:00:00; 2026-02-06 00:00:00; 2026-08-21 00:00:00
涨跌幅异常,可疑,600549.SSE,9,9 根 K 线涨跌幅超过 15%（最大 30.7%），可能是复权跳变、停牌复牌或数据错误,2020-07-10 00:00:00; 2021-02-12 00:00:00; 2021-07-09 00:00:00; 2022-11-04 00:00:00; 2026-01-09 00:00:00
涨跌幅异常,可疑,600570.SSE,7,7 根 K 线涨跌幅超过 15%（最大 23.4%），可能是复权跳变、停牌复牌或数据错误,2024-02-02 00:00:00; 2024-09-27 00:00:00; 2024-10-18 00:00:00; 2024-11-08 00:00:00; 2025-02-07 00:00:00
涨跌幅异常,可疑,600584.SSE,12,12 根 K 线涨跌幅超过 15%（最大 40.3%），可能是复权跳变、停牌复牌或数据错误,2020-05-01 00:00:00; 2020-05-15 00:00:00; 2020-07-10 00:00:00; 2020-07-17 00:00:00; 2023-04-07 00:00:00
涨跌幅异常,可疑,600588.SSE,7,7 根 K 线涨跌幅超过 15%（最大 29.8%），可能是复权跳变、停牌复牌或数据错误,2020-02-07 00:00:00; 2022-10-28 00:00:00; 2024-09-27 00:00:00; 2025-02-07 00:00:00; 2025-02-14 00:00:00
涨跌幅异常,可疑,600600.SSE,4,4 根 K 线涨跌幅超过 15%（最大 27.9%），可能是复权跳变、停牌复牌或数据错误,2021-07-30 00:00:00; 2021-10-29 00:00:00; 2022-11-04 00:00:00; 2024-09-27 00:00:00
涨跌幅异常,可疑,600660.SSE,2,2 根 K 线涨跌幅超过 15%（最大 16.4%），可能是复权跳变、停牌复牌或数据错误,2020-10-30 00:00:00; 2021-01-22 00:00:00
涨跌幅异常,可疑,600690.SSE,1,1 根 K 线涨跌幅超过 15%（最大 22.5%），可能是复权跳变、停牌复牌或数据错误,2020-08-07 00:00:00
涨跌幅异常,可疑,600760.SSE,7,7 根 K 线涨跌幅超过 15%（最大 61.6%），可能是复权跳变、停牌复牌或数据错误,2020-07-10 00:00:00; 2020-12-25 00:00:00; 2021-01-08 00:00:00; 2021-03-12 00:00:00; 2021-07-09 00:00:00
涨跌幅异常,可疑,600803.SSE,1,1 根 K 线涨跌幅超过 15%（最大 16.1%），可能是复权跳变、停牌复牌或数据错误,2022-08-26 00:00:00
涨跌幅异常,可疑,600809.SSE,5,5 根 K 线涨跌幅超过 15%（最大 26.7%），可能是复权跳变、停牌复牌或数据错误,2021-02-26 00:00:00; 2021-07-16 00:00:00; 2021-07-30 00:00:00; 2021-08-20 00:00:00; 2024-09-27 00:00:00
涨跌幅异常,可疑,600845.SSE,2,2 根 K 线涨跌幅超过 15%（最大 33.0%），可能是复权跳变、停牌复牌或数据错误,2020-02-07 00:00:00; 2020-07-10 00:00:00
涨跌幅异常,可疑,600875.SSE,4,4 根 K 线涨跌幅超过 15%（最大 23.0%），可能是复权跳变、停牌复牌或数据错误,2021-08-20 00:00:00; 2022-09-09 00:00:00; 2026-02-13 00:00:00; 2026-03-06 00:00:00
涨跌幅异常,可疑,600887.SSE,1,1 根 K 线涨跌幅超过 15%（最大 18.7%），可能是复权跳变、停牌复牌或数据错误,2024-09-27 00:00:00
涨跌幅异常,可疑,600893.SSE,12,12 根 K 线涨跌幅超过 15%（最大 38.1%），可能是复权跳变、停牌复牌或数据错误,2020-02-21 00:00:00; 2020-07-10 00:00:00; 2020-08-07 00:00:00; 2020-12-25 00:00:00; 2021-01-08 00:00:00
涨跌幅异常,可疑,600905.SSE,3,3 根 K 线涨跌幅超过 15%（最大 42.9%），可能是复权跳变、停牌复牌或数据错误,2021-06-18 00:00:00; 2021-07-09 00:00:00; 2021-09-03 00:00:00
涨跌幅异常,可疑,600918.SSE,6,6 根 K 线涨跌幅超过 15%（最大 61.1%），可能是复权跳变、停牌复牌或数据错误,2020-06-12 00:00:00; 2020-07-10 00:00:00; 2021-04-30 00:00:00; 2021-07-23 00:00:00; 2021-07-30 00:00:00
涨跌幅异常,可疑,600926.SSE,1,1 根 K 线涨跌幅超过 15%（最大 15.3%），可能是复权跳变、停牌复牌或数据错误,2021-02-05 00:00:00
涨跌幅异常,可疑,600938.SSE,2,2 根 K 线涨跌幅超过 15%（最大 19.5%），可能是复权跳变、停牌复牌或数据错误,2022-05-27 00:00:00; 2024-03-08 00:00:00
涨跌幅异常,可疑,600941.SSE,1,1 根 K 线涨跌幅超过 15%（最大 15.7%），可能是复权跳变、停牌复牌或数据错误,2022-02-11 00:00:00
涨跌幅异常,可疑,600958.SSE,4,4 根 K 线涨跌幅超过 15%（最大 18.1%），可能是复权跳变、停牌复牌或数据错误,2020-07-03 00:00:00; 2021-08-20 00:00:00; 2023-01-13 00:00:00; 2024-09-27 00:00:00
涨跌幅异常,可疑,600989.SSE,4,4 根 K 线涨跌幅超过 15%（最大 19.6%），可能是复权跳变、停牌复牌或数据错误,2020-03-13 00:00:00; 2021-01-08 00:00:00; 2026-03-06 00:00:00; 2026-03-13 00:00:00
涨跌幅异常,可疑,600999.SSE,1,1 根 K 线涨跌幅超过 15%（最大 27.6%），可能是复权跳变、停牌复牌或数据错误,2020-07-03 00:00:00
涨跌幅异常,可疑,601012.SSE,8,8 根 K 线涨跌幅超过 15%（最大 23.4%），可能是复权跳变、停牌复牌或数据错误,2020-04-17 00:00:00; 2020-08-28 00:00:00; 2020-12-25 00:00:00; 2021-01-08 00:00:00; 2021-01-22 00:00:00
涨跌幅异常,可疑,601018.SSE,1,1 根 K 线涨跌幅超过 15%（最大 17.8%），可能是复权跳变、停牌复牌或数据错误,2020-03-27 00:00:00
涨跌幅异常,可疑,601021.SSE,2,2 根 K 线涨跌幅超过 15%（最大 18.1%），可能是复权跳变、停牌复牌或数据错误,2021-01-29 00:00:00; 2024-09-27 00:00:00
涨跌幅异常,可疑,601058.SSE,5,5 根 K 线涨跌幅超过 15%（最大 22.3%），可能是复权跳变、停牌复牌或数据错误,2021-01-08 00:00:00; 2021-01-15 00:00:00; 2021-10-01 00:00:00; 2022-10-21 00:00:00; 2022-11-04 00:00:00
涨跌幅异常,可疑,601059.SSE,5,5 根 K 线涨跌幅超过 15%（最大 31.8%），可能是复权跳变、停牌复牌或数据错误,2023-02-10 00:00:00; 2023-08-04 00:00:00; 2024-02-02 00:00:00; 2024-09-27 00:00:00; 2025-02-21 00:00:00
涨跌幅异常,可疑,601066.SSE,4,4 根 K 线涨跌幅超过 15%（最大 26.1%），可能是复权跳变、停牌复牌或数据错误,2020-07-03 00:00:00; 2024-09-27 00:00:00; 2024-11-08 00:00:00; 2026-06-26 00:00:00
涨跌幅异常,可疑,601100.SSE,4,4 根 K 线涨跌幅超过 15%（最大 21.1%），可能是复权跳变、停牌复牌或数据错误,2021-02-26 00:00:00; 2025-01-17 00:00:00; 2025-02-21 00:00:00; 2025-03-07 00:00:00
涨跌幅异常,可疑,601111.SSE,1,1 根 K 线涨跌幅超过 15%（最大 15.1%），可能是复权跳变、停牌复牌或数据错误,2024-09-27 00:00:00
涨跌幅异常,可疑,601117.SSE,2,2 根 K 线涨跌幅超过 15%（最大 24.6%），可能是复权跳变、停牌复牌或数据错误,2021-08-27 00:00:00; 2024-09-27 00:00:00
涨跌幅异常,可疑,601127.SSE,26,26 根 K 线涨跌幅超过 15%（最大 47.0%），可能是复权跳变、停牌复牌或数据错误,2020-06-05 00:00:00; 2020-06-12 00:00:00; 2020-11-06 00:00:00; 2020-11-20 00:00:00; 2020-11-27 00:00:00
涨跌幅异常,可疑,601136.SSE,9,9 根 K 线涨跌幅超过 15%（最大 55.5%），可能是复权跳变、停牌复牌或数据错误,2022-12-30 00:00:00; 2023-07-28 00:00:00; 2023-08-04 00:00:00; 2023-08-18 00:00:00; 2023-10-20 00:00:00
涨跌幅异常,可疑,601138.SSE,10,10 根 K 线涨跌幅超过 15%（最大 27.7%），可能是复权跳变、停牌复牌或数据错误,2023-03-03 00:00:00; 2023-03-17 00:00:00; 2023-03-24 00:00:00; 2023-06-16 00:00:00; 2024-03-08 00:00:00
涨跌幅异常,可疑,601211.SSE,1,1 根 K 线涨跌幅超过 15%（最大 16.3%），可能是复权跳变、停牌复牌或数据错误,2024-10-11 00:00:00
涨跌幅异常,可疑,601225.SSE,2,2 根 K 线涨跌幅超过 15%（最大 18.5%），可能是复权跳变、停牌复牌或数据错误,2021-02-19 00:00:00; 2021-09-03 00:00:00
涨跌幅异常,可疑,601238.SSE,3,3 根 K 线涨跌幅超过 15%（最大 18.1%），可能是复权跳变、停牌复牌或数据错误,2020-10-23 00:00:00; 2021-07-09 00:00:00; 2025-11-28 00:00:00
涨跌幅异常,可疑,601319.SSE,1,1 根 K 线涨跌幅超过 15%（最大 18.9%），可能是复权跳变、停牌复牌或数据错误,2020-07-03 00:00:00
涨跌幅异常,可疑,601336.SSE,3,3 根 K 线涨跌幅超过 15%（最大 22.5%），可能是复权跳变、停牌复牌或数据错误,2023-04-28 00:00:00; 2023-07-28 00:00:00; 2024-09-27 00:00:00
涨跌幅异常,可疑,601360.SSE,8,8 根 K 线涨跌幅超过 15%（最大 24.4%），可能是复权跳变、停牌复牌或数据错误,2020-02-28 00:00:00; 2023-02-10 00:00:00; 2023-02-24 00:00:00; 2023-03-17 00:00:00; 2023-03-24 00:00:00
涨跌幅异常,可疑,601377.SSE,8,8 根 K 线涨跌幅超过 15%（最大 38.6%），可能是复权跳变、停牌复牌或数据错误,2020-02-21 00:00:00; 2020-07-03 00:00:00; 2020-07-10 00:00:00; 2020-07-17 00:00:00; 2021-05-28 00:00:00
涨跌幅异常,可疑,601390.SSE,1,1 根 K 线涨跌幅超过 15%（最大 16.1%），可能是复权跳变、停牌复牌或数据错误,2023-03-17 00:00:00
涨跌幅异常,可疑,601456.SSE,11,11 根 K 线涨跌幅超过 15%（最大 61.0%），可能是复权跳变、停牌复牌或数据错误,2020-08-07 00:00:00; 2020-08-14 00:00:00; 2020-09-18 00:00:00; 2021-03-26 00:00:00; 2021-05-14 00:00:00
涨跌幅异常,可疑,601600.SSE,6,6 根 K 线涨跌幅超过 15%（最大 22.1%），可能是复权跳变、停牌复牌或数据错误,2021-05-07 00:00:00; 2021-08-27 00:00:00; 2021-09-10 00:00:00; 2021-12-10 00:00:00; 2022-02-11 00:00:00
涨跌幅异常,可疑,601607.SSE,2,2 根 K 线涨跌幅超过 15%（最大 21.0%），可能是复权跳变、停牌复牌或数据错误,2020-08-07 00:00:00; 2022-05-13 00:00:00
涨跌幅异常,可疑,601618.SSE,2,2 根 K 线涨跌幅超过 15%（最大 20.2%），可能是复权跳变、停牌复牌或数据错误,2021-07-23 00:00:00; 2021-08-27 00:00:00
涨跌幅异常,可疑,601628.SSE,1,1 根 K 线涨跌幅超过 15%（最大 21.1%），可能是复权跳变、停牌复牌或数据错误,2020-07-10 00:00:00
涨跌幅异常,可疑,601633.SSE,8,8 根 K 线涨跌幅超过 15%（最大 21.9%），可能是复权跳变、停牌复牌或数据错误,2020-07-24 00:00:00; 2020-11-06 00:00:00; 2021-02-26 00:00:00; 2021-07-09 00:00:00; 2021-07-23 00:00:00
涨跌幅异常,可疑,601669.SSE,7,7 根 K 线涨跌幅超过 15%（最大 33.1%），可能是复权跳变、停牌复牌或数据错误,2020-07-10 00:00:00; 2021-09-10 00:00:00; 2021-10-29 00:00:00; 2021-12-03 00:00:00; 2025-07-25 00:00:00
涨跌幅异常,可疑,601688.SSE,1,1 根 K 线涨跌幅超过 15%（最大 16.9%），可能是复权跳变、停牌复牌或数据错误,2024-09-27 00:00:00
涨跌幅异常,可疑,601689.SSE,20,20 根 K 线涨跌幅超过 15%（最大 29.9%），可能是复权跳变、停牌复牌或数据错误,2020-01-10 00:00:00; 2020-02-28 00:00:00; 2020-03-20 00:00:00; 2020-04-17 00:00:00; 2020-07-10 00:00:00
涨跌幅异常,可疑,601698.SSE,20,20 根 K 线涨跌幅超过 15%（最大 36.9%），可能是复权跳变、停牌复牌或数据错误,2020-01-24 00:00:00; 2020-02-07 00:00:00; 2020-02-28 00:00:00; 2020-07-10 00:00:00; 2021-04-30 00:00:00
涨跌幅异常,可疑,601727.SSE,4,4 根 K 线涨跌幅超过 15%（最大 47.5%），可能是复权跳变、停牌复牌或数据错误,2024-10-25 00:00:00; 2024-11-01 00:00:00; 2024-11-08 00:00:00; 2024-11-15 00:00:00
涨跌幅异常,可疑,601728.SSE,1,1 根 K 线涨跌幅超过 15%（最大 24.5%），可能是复权跳变、停牌复牌或数据错误,2021-08-27 00:00:00
涨跌幅异常,可疑,601766.SSE,1,1 根 K 线涨跌幅超过 15%（最大 17.1%），可能是复权跳变、停牌复牌或数据错误,2021-01-15 00:00:00
涨跌幅异常,可疑,601788.SSE,5,5 根 K 线涨跌幅超过 15%（最大 34.9%），可能是复权跳变、停牌复牌或数据错误,2020-06-26 00:00:00; 2020-07-03 00:00:00; 2020-07-10 00:00:00; 2022-06-10 00:00:00; 2024-09-27 00:00:00
涨跌幅异常,可疑,601800.SSE,3,3 根 K 线涨跌幅超过 15%（最大 17.9%），可能是复权跳变、停牌复牌或数据错误,2021-09-03 00:00:00; 2022-11-25 00:00:00; 2024-09-27 00:00:00
涨跌幅异常,可疑,601825.SSE,1,1 根 K 线涨跌幅超过 15%（最大 16.7%），可能是复权跳变、停牌复牌或数据错误,2021-08-27 00:00:00
涨跌幅异常,可疑,601868.SSE,3,3 根 K 线涨跌幅超过 15%（最大 30.0%），可能是复权跳变、停牌复牌或数据错误,2021-12-03 00:00:00; 2025-07-25 00:00:00; 2026-03-13 00:00:00
涨跌幅异常,可疑,601872.SSE,5,5 根 K 线涨跌幅超过 15%（最大 29.6%），可能是复权跳变、停牌复牌或数据错误,2020-03-13 00:00:00; 2022-04-01 00:00:00; 2022-07-22 00:00:00; 2026-02-27 00:00:00; 2026-04-03 00:00:00
涨跌幅异常,可疑,601877.SSE,4,4 根 K 线涨跌幅超过 15%（最大 17.5%），可能是复权跳变、停牌复牌或数据错误,2021-07-30 00:00:00; 2021-08-06 00:00:00; 2021-10-29 00:00:00; 2025-11-07 00:00:00
涨跌幅异常,可疑,601878.SSE,4,4 根 K 线涨跌幅超过 15%（最大 52.3%），可能是复权跳变、停牌复牌或数据错误,2020-07-03 00:00:00; 2020-07-10 00:00:00; 2020-07-17 00:00:00; 2024-09-27 00:00:00
涨跌幅异常,可疑,601881.SSE,3,3 根 K 线涨跌幅超过 15%（最大 22.1%），可能是复权跳变、停牌复牌或数据错误,2020-07-03 00:00:00; 2023-07-28 00:00:00; 2024-09-27 00:00:00
涨跌幅异常,可疑,601888.SSE,8,8 根 K 线涨跌幅超过 15%（最大 42.7%），可能是复权跳变、停牌复牌或数据错误,2020-05-29 00:00:00; 2020-07-03 00:00:00; 2020-07-31 00:00:00; 2020-12-25 00:00:00; 2021-02-05 00:00:00
涨跌幅异常,可疑,601898.SSE,1,1 根 K 线涨跌幅超过 15%（最大 19.1%），可能是复权跳变、停牌复牌或数据错误,2022-04-15 00:00:00
涨跌幅异常,可疑,601899.SSE,5,5 根 K 线涨跌幅超过 15%（最大 21.1%），可能是复权跳变、停牌复牌或数据错误,2020-07-10 00:00:00; 2020-11-20 00:00:00; 2021-01-08 00:00:00; 2021-02-12 00:00:00; 2022-11-11 00:00:00
涨跌幅异常,可疑,601901.SSE,6,6 根 K 线涨跌幅超过 15%（最大 24.0%），可能是复权跳变、停牌复牌或数据错误,2021-01-01 00:00:00; 2021-05-28 00:00:00; 2023-11-10 00:00:00; 2024-03-01 00:00:00; 2024-04-26 00:00:00
涨跌幅异常,可疑,601919.SSE,10,10 根 K 线涨跌幅超过 15%（最大 28.5%），可能是复权跳变、停牌复牌或数据错误,2020-11-20 00:00:00; 2021-01-08 00:00:00; 2021-01-29 00:00:00; 2021-03-05 00:00:00; 2021-04-09 00:00:00
涨跌幅异常,可疑,601985.SSE,1,1 根 K 线涨跌幅超过 15%（最大 19.3%），可能是复权跳变、停牌复牌或数据错误,2021-09-10 00:00:00
涨跌幅异常,可疑,601995.SSE,3,3 根 K 线涨跌幅超过 15%（最大 21.5%），可能是复权跳变、停牌复牌或数据错误,2021-05-28 00:00:00; 2021-07-30 00:00:00; 2024-09-27 00:00:00
涨跌幅异常,可疑,603019.SSE,11,11 根 K 线涨跌幅超过 15%（最大 35.2%），可能是复权跳变、停牌复牌或数据错误,2020-05-08 00:00:00; 2020-07-10 00:00:00; 2023-03-24 00:00:00; 2023-04-21 00:00:00; 2024-02-23 00:00:00
涨跌幅异常,可疑,603259.SSE,8,8 根 K 线涨跌幅超过 15%（最大 26.1%），可能是复权跳变、停牌复牌或数据错误,2021-01-22 00:00:00; 2021-02-26 00:00:00; 2022-02-11 00:00:00; 2022-02-18 00:00:00; 2024-02-02 00:00:00
涨跌幅异常,可疑,603260.SSE,18,18 根 K 线涨跌幅超过 15%（最大 53.1%），可能是复权跳变、停牌复牌或数据错误,2020-11-06 00:00:00; 2021-01-01 00:00:00; 2021-01-22 00:00:00; 2021-04-23 00:00:00; 2021-07-02 00:00:00
涨跌幅异常,可疑,603288.SSE,1,1 根 K 线涨跌幅超过 15%（最大 19.4%），可能是复权跳变、停牌复牌或数据错误,2024-09-27 00:00:00
涨跌幅异常,可疑,603296.SSE,3,3 根 K 线涨跌幅超过 15%（最大 22.2%），可能是复权跳变、停牌复牌或数据错误,2025-02-21 00:00:00; 2026-07-10 00:00:00; 2026-07-24 00:00:00
涨跌幅异常,可疑,603369.SSE,3,3 根 K 线涨跌幅超过 15%（最大 22.0%），可能是复权跳变、停牌复牌或数据错误,2020-08-14 00:00:00; 2021-07-30 00:00:00; 2024-09-27 00:00:00
涨跌幅异常,可疑,603392.SSE,24,24 根 K 线涨跌幅超过 15%（最大 61.1%），可能是复权跳变、停牌复牌或数据错误,2020-05-08 00:00:00; 2020-05-15 00:00:00; 2020-05-22 00:00:00; 2020-05-29 00:00:00; 2020-06-05 00:00:00
涨跌幅异常,可疑,603501.SSE,8,8 根 K 线涨跌幅超过 15%（最大 17.6%），可能是复权跳变、停牌复牌或数据错误,2020-05-01 00:00:00; 2020-07-10 00:00:00; 2021-01-08 00:00:00; 2022-06-03 00:00:00; 2024-09-27 00:00:00
涨跌幅异常,可疑,603799.SSE,14,14 根 K 线涨跌幅超过 15%（最大 24.0%），可能是复权跳变、停牌复牌或数据错误,2020-02-14 00:00:00; 2020-02-28 00:00:00; 2020-06-19 00:00:00; 2020-12-18 00:00:00; 2020-12-25 00:00:00
涨跌幅异常,可疑,603893.SSE,28,28 根 K 线涨跌幅超过 15%（最大 61.1%），可能是复权跳变、停牌复牌或数据错误,2020-02-14 00:00:00; 2020-02-21 00:00:00; 2020-02-28 00:00:00; 2020-03-06 00:00:00; 2020-03-27 00:00:00
涨跌幅异常,可疑,603986.SSE,19,19 根 K 线涨跌幅超过 15%（最大 30.4%），可能是复权跳变、停牌复牌或数据错误,2020-02-21 00:00:00; 2020-06-05 00:00:00; 2020-07-10 00:00:00; 2021-07-23 00:00:00; 2021-07-30 00:00:00
涨跌幅异常,可疑,603993.SSE,6,6 根 K 线涨跌幅超过 15%（最大 35.8%），可能是复权跳变、停牌复牌或数据错误,2020-02-14 00:00:00; 2020-12-18 00:00:00; 2021-01-08 00:00:00; 2021-07-09 00:00:00; 2021-08-27 00:00:00
涨跌幅异常,可疑,605117.SSE,24,24 根 K 线涨跌幅超过 15%（最大 43.4%），可能是复权跳变、停牌复牌或数据错误,2021-04-30 00:00:00; 2021-05-14 00:00:00; 2021-06-11 00:00:00; 2021-07-16 00:00:00; 2021-07-23 00:00:00
涨跌幅异常,可疑,605499.SSE,4,4 根 K 线涨跌幅超过 15%（最大 61.1%），可能是复权跳变、停牌复牌或数据错误,2021-06-04 00:00:00; 2021-06-11 00:00:00; 2021-06-18 00:00:00; 2021-07-23 00:00:00
涨跌幅异常,可疑,688008.SSE,1,1 根 K 线涨跌幅超过 30%（最大 31.3%），可能是复权跳变、停牌复牌或数据错误,2026-07-17 00:00:00
涨跌幅异常,可疑,688012.SSE,1,1 根 K 线涨跌幅超过 30%（最大 69.7%），可能是复权跳变、停牌复牌或数据错误,2020-01-17 00:00:00
涨跌幅异常,可疑,688036.SSE,1,1 根 K 线涨跌幅超过 30%（最大 32.0%），可能是复权跳变、停牌复牌或数据错误,2020-10-30 00:00:00
涨跌幅异常,可疑,688041.SSE,1,1 根 K 线涨跌幅超过 30%（最大 33.8%），可能是复权跳变、停牌复牌或数据错误,2022-10-14 00:00:00
涨跌幅异常,可疑,688047.SSE,1,1 根 K 线涨跌幅超过 30%（最大 33.1%），可能是复权跳变、停牌复牌或数据错误,2026-01-23 00:00:00
涨跌幅异常,可疑,688072.SSE,1,1 根 K 线涨跌幅超过 30%（最大 34.6%），可能是复权跳变、停牌复牌或数据错误,2023-04-07 00:00:00
涨跌幅异常,可疑,688111.SSE,1,1 根 K 线涨跌幅超过 30%（最大 36.5%），可能是复权跳变、停牌复牌或数据错误,2020-02-07 00:00:00
涨跌幅异常,可疑,688126.SSE,4,4 根 K 线涨跌幅超过 30%（最大 50.5%），可能是复权跳变、停牌复牌或数据错误,2020-05-01 00:00:00; 2020-05-29 00:00:00; 2020-07-10 00:00:00; 2020-07-31 00:00:00
涨跌幅异常,可疑,688183.SSE,4,4 根 K 线涨跌幅超过 30%（最大 42.7%），可能是复权跳变、停牌复牌或数据错误,2024-05-17 00:00:00; 2024-07-12 00:00:00; 2024-10-18 00:00:00; 2025-06-06 00:00:00
涨跌幅异常,可疑,688223.SSE,1,1 根 K 线涨跌幅超过 30%（最大 30.0%），可能是复权跳变、停牌复牌或数据错误,2026-02-06 00:00:00
涨跌幅异常,可疑,688256.SSE,6,6 根 K 线涨跌幅超过 30%（最大 48.9%），可能是复权跳变、停牌复牌或数据错误,2022-09-02 00:00:00; 2023-03-17 00:00:00; 2023-03-24 00:00:00; 2024-07-19 00:00:00; 2025-08-15 00:00:00
涨跌幅异常,可疑,688303.SSE,2,2 根 K 线涨跌幅超过 30%（最大 40.5%），可能是复权跳变、停牌复牌或数据错误,2021-08-27 00:00:00; 2024-10-25 00:00:00
涨跌幅异常,可疑,688472.SSE,2,2 根 K 线涨跌幅超过 30%（最大 50.8%），可能是复权跳变、停牌复牌或数据错误,2023-06-16 00:00:00; 2025-11-07 00:00:00
涨跌幅异常,可疑,688506.SSE,2,2 根 K 线涨跌幅超过 30%（最大 51.2%），可能是复权跳变、停牌复牌或数据错误,2023-01-13 00:00:00; 2023-02-03 00:00:00
涨跌幅异常,可疑,688521.SSE,3,3 根 K 线涨跌幅超过 30%（最大 43.7%），可能是复权跳变、停牌复牌或数据错误,2022-08-05 00:00:00; 2025-08-22 00:00:00; 2026-02-13 00:00:00
零成交量但价格波动,错误,688506.SSE,7,7 根 K 线成交量为 0 却有价格波动,2025-09-26 13:34:00; 2025-10-22 10:45:00; 2025-10-24 11:03:00; 2025-12-24 10:27:00; 2025-12-24 13:15:00
报告期存在重述,提示,000001.SZSE,13,"Balance 有 13 期被追溯重述（正常现象，get_asof 已按 (报告期, 公告日) 排序处理）",
报告期存在重述,提示,000001.SZSE,39,"Income 有 39 期被追溯重述（正常现象，get_asof 已按 (报告期, 公告日) 排序处理）",
报告期存在重述,提示,000001.SZSE,30,"CashFlow 有 30 期被追溯重述（正常现象，get_asof 已按 (报告期, 公告日) 排序处理）",
报告期存在重述,提示,000001.SZSE,9,"PershareIndex 有 9 期被追溯重述（正常现象，get_asof 已按 (报告期, 公告日) 排序处理）",
报告期存在重述,提示,000002.SZSE,33,"Balance 有 33 期被追溯重述（正常现象，get_asof 已按 (报告期, 公告日) 排序处理）",
报告期存在重述,提示,000002.SZSE,29,"Income 有 29 期被追溯重述（正常现象，get_asof 已按 (报告期, 公告日) 排序处理）",
报告期存在重述,提示,000002.SZSE,4,"CashFlow 有 4 期被追溯重述（正常现象，get_asof 已按 (报告期, 公告日) 排序处理）",
报告期存在重述,提示,000002.SZSE,7,"PershareIndex 有 7 期被追溯重述（正常现象，get_asof 已按 (报告期, 公告日) 排序处理）",
报告期存在重述,提示,000063.SZSE,47,"Balance 有 47 期被追溯重述（正常现象，get_asof 已按 (报告期, 公告日) 排序处理）",
报告期存在重述,提示,000063.SZSE,52,"Income 有 52 期被追溯重述（正常现象，get_asof 已按 (报告期, 公告日) 排序处理）",
报告期存在重述,提示,000063.SZSE,12,"CashFlow 有 12 期被追溯重述（正常现象，get_asof 已按 (报告期, 公告日) 排序处理）",
报告期存在重述,提示,000063.SZSE,11,"PershareIndex 有 11 期被追溯重述（正常现象，get_asof 已按 (报告期, 公告日) 排序处理）",
报告期存在重述,提示,000100.SZSE,68,"Balance 有 68 期被追溯重述（正常现象，get_asof 已按 (报告期, 公告日) 排序处理）",
报告期存在重述,提示,000100.SZSE,34,"Income 有 34 期被追溯重述（正常现象，get_asof 已按 (报告期, 公告日) 排序处理）",
报告期存在重述,提示,000100.SZSE,12,"CashFlow 有 12 期被追溯重述（正常现象，get_asof 已按 (报告期, 公告日) 排序处理）",
报告期存在重述,提示,000100.SZSE,7,"PershareIndex 有 7 期被追溯重述（正常现象，get_asof 已按 (报告期, 公告日) 排序处理）",
报告期存在重述,提示,000157.SZSE,15,"Balance 有 15 期被追溯重述（正常现象，get_asof 已按 (报告期, 公告日) 排序处理）",
报告期存在重述,提示,000157.SZSE,33,"Income 有 33 期被追溯重述（正常现象，get_asof 已按 (报告期, 公告日) 排序处理）",
报告期存在重述,提示,000157.SZSE,13,"CashFlow 有 13 期被追溯重述（正常现象，get_asof 已按 (报告期, 公告日) 排序处理）",
报告期存在重述,提示,000157.SZSE,11,"PershareIndex 有 11 期被追溯重述（正常现象，get_asof 已按 (报告期, 公告日) 排序处理）",
报告期存在重述,提示,000166.SZSE,2,"Balance 有 2 期被追溯重述（正常现象，get_asof 已按 (报告期, 公告日) 排序处理）",
报告期存在重述,提示,000166.SZSE,16,"Income 有 16 期被追溯重述（正常现象，get_asof 已按 (报告期, 公告日) 排序处理）",
报告期存在重述,提示,000166.SZSE,11,"CashFlow 有 11 期被追溯重述（正常现象，get_asof 已按 (报告期, 公告日) 排序处理）",
报告期存在重述,提示,000166.SZSE,4,"PershareIndex 有 4 期被追溯重述（正常现象，get_asof 已按 (报告期, 公告日) 排序处理）",
报告期存在重述,提示,000301.SZSE,32,"Balance 有 32 期被追溯重述（正常现象，get_asof 已按 (报告期, 公告日) 排序处理）",
报告期存在重述,提示,000301.SZSE,33,"Income 有 33 期被追溯重述（正常现象，get_asof 已按 (报告期, 公告日) 排序处理）",
报告期存在重述,提示,000301.SZSE,25,"CashFlow 有 25 期被追溯重述（正常现象，get_asof 已按 (报告期, 公告日) 排序处理）",
报告期存在重述,提示,000301.SZSE,10,"PershareIndex 有 10 期被追溯重述（正常现象，get_asof 已按 (报告期, 公告日) 排序处理）",
报告期存在重述,提示,000333.SZSE,11,"Balance 有 11 期被追溯重述（正常现象，get_asof 已按 (报告期, 公告日) 排序处理）",
报告期存在重述,提示,000333.SZSE,28,"Income 有 28 期被追溯重述（正常现象，get_asof 已按 (报告期, 公告日) 排序处理）",
报告期存在重述,提示,000333.SZSE,13,"CashFlow 有 13 期被追溯重述（正常现象，get_asof 已按 (报告期, 公告日) 排序处理）",
报告期存在重述,提示,000333.SZSE,6,"PershareIndex 有 6 期被追溯重述（正常现象，get_asof 已按 (报告期, 公告日) 排序处理）",
报告期存在重述,提示,000338.SZSE,43,"Balance 有 43 期被追溯重述（正常现象，get_asof 已按 (报告期, 公告日) 排序处理）",
报告期存在重述,提示,000338.SZSE,47,"Income 有 47 期被追溯重述（正常现象，get_asof 已按 (报告期, 公告日) 排序处理）",
报告期存在重述,提示,000338.SZSE,20,"CashFlow 有 20 期被追溯重述（正常现象，get_asof 已按 (报告期, 公告日) 排序处理）",
报告期存在重述,提示,000338.SZSE,13,"PershareIndex 有 13 期被追溯重述（正常现象，get_asof 已按 (报告期, 公告日) 排序处理）",
报告期存在重述,提示,000408.SZSE,49,"Balance 有 49 期被追溯重述（正常现象，get_asof 已按 (报告期, 公告日) 排序处理）",
报告期存在重述,提示,000408.SZSE,43,"Income 有 43 期被追溯重述（正常现象，get_asof 已按 (报告期, 公告日) 排序处理）",
报告期存在重述,提示,000408.SZSE,10,"CashFlow 有 10 期被追溯重述（正常现象，get_asof 已按 (报告期, 公告日) 排序处理）",
报告期存在重述,提示,000408.SZSE,30,"PershareIndex 有 30 期被追溯重述（正常现象，get_asof 已按 (报告期, 公告日) 排序处理）",
报告期存在重述,提示,000425.SZSE,19,"Balance 有 19 期被追溯重述（正常现象，get_asof 已按 (报告期, 公告日) 排序处理）",
报告期存在重述,提示,000425.SZSE,56,"Income 有 56 期被追溯重述（正常现象，get_asof 已按 (报告期, 公告日) 排序处理）",
报告期存在重述,提示,000425.SZSE,33,"CashFlow 有 33 期被追溯重述（正常现象，get_asof 已按 (报告期, 公告日) 排序处理）",
报告期存在重述,提示,000425.SZSE,13,"PershareIndex 有 13 期被追溯重述（正常现象，get_asof 已按 (报告期, 公告日) 排序处理）",
报告期存在重述,提示,000538.SZSE,24,"Balance 有 24 期被追溯重述（正常现象，get_asof 已按 (报告期, 公告日) 排序处理）",
报告期存在重述,提示,000538.SZSE,33,"Income 有 33 期被追溯重述（正常现象，get_asof 已按 (报告期, 公告日) 排序处理）",
报告期存在重述,提示,000538.SZSE,19,"CashFlow 有 19 期被追溯重述（正常现象，get_asof 已按 (报告期, 公告日) 排序处理）",
报告期存在重述,提示,000538.SZSE,7,"PershareIndex 有 7 期被追溯重述（正常现象，get_asof 已按 (报告期, 公告日) 排序处理）",
报告期存在重述,提示,000568.SZSE,24,"Balance 有 24 期被追溯重述（正常现象，get_asof 已按 (报告期, 公告日) 排序处理）",
报告期存在重述,提示,000568.SZSE,41,"Income 有 41 期被追溯重述（正常现象，get_asof 已按 (报告期, 公告日) 排序处理）",
报告期存在重述,提示,000568.SZSE,20,"CashFlow 有 20 期被追溯重述（正常现象，get_asof 已按 (报告期, 公告日) 排序处理）",
报告期存在重述,提示,000568.SZSE,7,"PershareIndex 有 7 期被追溯重述（正常现象，get_asof 已按 (报告期, 公告日) 排序处理）",
报告期存在重述,提示,000596.SZSE,9,"Balance 有 9 期被追溯重述（正常现象，get_asof 已按 (报告期, 公告日) 排序处理）",
报告期存在重述,提示,000596.SZSE,21,"Income 有 21 期被追溯重述（正常现象，get_asof 已按 (报告期, 公告日) 排序处理）",
报告期存在重述,提示,000596.SZSE,4,"CashFlow 有 4 期被追溯重述（正常现象，get_asof 已按 (报告期, 公告日) 排序处理）",
报告期存在重述,提示,000596.SZSE,7,"PershareIndex 有 7 期被追溯重述（正常现象，get_asof 已按 (报告期, 公告日) 排序处理）",
报告期存在重述,提示,000617.SZSE,30,"Balance 有 30 期被追溯重述（正常现象，get_asof 已按 (报告期, 公告日) 排序处理）",
报告期存在重述,提示,000617.SZSE,32,"Income 有 32 期被追溯重述（正常现象，get_asof 已按 (报告期, 公告日) 排序处理）",
报告期存在重述,提示,000617.SZSE,26,"CashFlow 有 26 期被追溯重述（正常现象，get_asof 已按 (报告期, 公告日) 排序处理）",
报告期存在重述,提示,000617.SZSE,19,"PershareIndex 有 19 期被追溯重述（正常现象，get_asof 已按 (报告期, 公告日) 排序处理）",
报告期存在重述,提示,000625.SZSE,46,"Balance 有 46 期被追溯重述（正常现象，get_asof 已按 (报告期, 公告日) 排序处理）",
报告期存在重述,提示,000625.SZSE,48,"Income 有 48 期被追溯重述（正常现象，get_asof 已按 (报告期, 公告日) 排序处理）",
报告期存在重述,提示,000625.SZSE,24,"CashFlow 有 24 期被追溯重述（正常现象，get_asof 已按 (报告期, 公告日) 排序处理）",
报告期存在重述,提示,000625.SZSE,10,"PershareIndex 有 10 期被追溯重述（正常现象，get_asof 已按 (报告期, 公告日) 排序处理）",
报告期存在重述,提示,000630.SZSE,35,"Balance 有 35 期被追溯重述（正常现象，get_asof 已按 (报告期, 公告日) 排序处理）",
报告期存在重述,提示,000630.SZSE,43,"Income 有 43 期被追溯重述（正常现象，get_asof 已按 (报告期, 公告日) 排序处理）",
报告期存在重述,提示,000630.SZSE,26,"CashFlow 有 26 期被追溯重述（正常现象，get_asof 已按 (报告期, 公告日) 排序处理）",
报告期存在重述,提示,000630.SZSE,13,"PershareIndex 有 13 期被追溯重述（正常现象，get_asof 已按 (报告期, 公告日) 排序处理）",
报告期存在重述,提示,000651.SZSE,30,"Balance 有 30 期被追溯重述（正常现象，get_asof 已按 (报告期, 公告日) 排序处理）",
报告期存在重述,提示,000651.SZSE,39,"Income 有 39 期被追溯重述（正常现象，get_asof 已按 (报告期, 公告日) 排序处理）",
报告期存在重述,提示,000651.SZSE,9,"CashFlow 有 9 期被追溯重述（正常现象，get_asof 已按 (报告期, 公告日) 排序处理）",
报告期存在重述,提示,000651.SZSE,11,"PershareIndex 有 11 期被追溯重述（正常现象，get_asof 已按 (报告期, 公告日) 排序处理）",
报告期存在重述,提示,000657.SZSE,15,"Balance 有 15 期被追溯重述（正常现象，get_asof 已按 (报告期, 公告日) 排序处理）",
报告期存在重述,提示,000657.SZSE,40,"Income 有 40 期被追溯重述（正常现象，get_asof 已按 (报告期, 公告日) 排序处理）",
报告期存在重述,提示,000657.SZSE,25,"CashFlow 有 25 期被追溯重述（正常现象，get_asof 已按 (报告期, 公告日) 排序处理）",
报告期存在重述,提示,000657.SZSE,9,"PershareIndex 有 9 期被追溯重述（正常现象，get_asof 已按 (报告期, 公告日) 排序处理）",
报告期存在重述,提示,000708.SZSE,30,"Balance 有 30 期被追溯重述（正常现象，get_asof 已按 (报告期, 公告日) 排序处理）",
报告期存在重述,提示,000708.SZSE,29,"Income 有 29 期被追溯重述（正常现象，get_asof 已按 (报告期, 公告日) 排序处理）",
报告期存在重述,提示,000708.SZSE,17,"CashFlow 有 17 期被追溯重述（正常现象，get_asof 已按 (报告期, 公告日) 排序处理）",
报告期存在重述,提示,000708.SZSE,12,"PershareIndex 有 12 期被追溯重述（正常现象，get_asof 已按 (报告期, 公告日) 排序处理）",
报告期存在重述,提示,000725.SZSE,16,"Balance 有 16 期被追溯重述（正常现象，get_asof 已按 (报告期, 公告日) 排序处理）",
报告期存在重述,提示,000725.SZSE,44,"Income 有 44 期被追溯重述（正常现象，get_asof 已按 (报告期, 公告日) 排序处理）",
报告期存在重述,提示,000725.SZSE,27,"CashFlow 有 27 期被追溯重述（正常现象，get_asof 已按 (报告期, 公告日) 排序处理）",
报告期存在重述,提示,000725.SZSE,14,"PershareIndex 有 14 期被追溯重述（正常现象，get_asof 已按 (报告期, 公告日) 排序处理）",
报告期存在重述,提示,000768.SZSE,37,"Balance 有 37 期被追溯重述（正常现象，get_asof 已按 (报告期, 公告日) 排序处理）",
报告期存在重述,提示,000768.SZSE,32,"Income 有 32 期被追溯重述（正常现象，get_asof 已按 (报告期, 公告日) 排序处理）",
报告期存在重述,提示,000768.SZSE,11,"CashFlow 有 11 期被追溯重述（正常现象，get_asof 已按 (报告期, 公告日) 排序处理）",
报告期存在重述,提示,000768.SZSE,10,"PershareIndex 有 10 期被追溯重述（正常现象，get_asof 已按 (报告期, 公告日) 排序处理）",
报告期存在重述,提示,000776.SZSE,20,"Balance 有 20 期被追溯重述（正常现象，get_asof 已按 (报告期, 公告日) 排序处理）",
报告期存在重述,提示,000776.SZSE,24,"Income 有 24 期被追溯重述（正常现象，get_asof 已按 (报告期, 公告日) 排序处理）",
报告期存在重述,提示,000776.SZSE,17,"CashFlow 有 17 期被追溯重述（正常现象，get_asof 已按 (报告期, 公告日) 排序处理）",
报告期存在重述,提示,000776.SZSE,10,"PershareIndex 有 10 期被追溯重述（正常现象，get_asof 已按 (报告期, 公告日) 排序处理）",
报告期存在重述,提示,000792.SZSE,50,"Balance 有 50 期被追溯重述（正常现象，get_asof 已按 (报告期, 公告日) 排序处理）",
报告期存在重述,提示,000792.SZSE,37,"Income 有 37 期被追溯重述（正常现象，get_asof 已按 (报告期, 公告日) 排序处理）",
报告期存在重述,提示,000792.SZSE,17,"CashFlow 有 17 期被追溯重述（正常现象，get_asof 已按 (报告期, 公告日) 排序处理）",
报告期存在重述,提示,000792.SZSE,12,"PershareIndex 有 12 期被追溯重述（正常现象，get_asof 已按 (报告期, 公告日) 排序处理）",
报告期存在重述,提示,000807.SZSE,39,"Balance 有 39 期被追溯重述（正常现象，get_asof 已按 (报告期, 公告日) 排序处理）",
报告期存在重述,提示,000807.SZSE,46,"Income 有 46 期被追溯重述（正常现象，get_asof 已按 (报告期, 公告日) 排序处理）",
报告期存在重述,提示,000807.SZSE,20,"CashFlow 有 20 期被追溯重述（正常现象，get_asof 已按 (报告期, 公告日) 排序处理）",
报告期存在重述,提示,000807.SZSE,11,"PershareIndex 有 11 期被追溯重述（正常现象，get_asof 已按 (报告期, 公告日) 排序处理）",
报告期存在重述,提示,000858.SZSE,25,"Balance 有 25 期被追溯重述（正常现象，get_asof 已按 (报告期, 公告日) 排序处理）",
报告期存在重述,提示,000858.SZSE,27,"Income 有 27 期被追溯重述（正常现象，get_asof 已按 (报告期, 公告日) 排序处理）",
报告期存在重述,提示,000858.SZSE,2,"CashFlow 有 2 期被追溯重述（正常现象，get_asof 已按 (报告期, 公告日) 排序处理）",
报告期存在重述,提示,000858.SZSE,7,"PershareIndex 有 7 期被追溯重述（正常现象，get_asof 已按 (报告期, 公告日) 排序处理）",
报告期存在重述,提示,000895.SZSE,39,"Balance 有 39 期被追溯重述（正常现象，get_asof 已按 (报告期, 公告日) 排序处理）",
报告期存在重述,提示,000895.SZSE,42,"Income 有 42 期被追溯重述（正常现象，get_asof 已按 (报告期, 公告日) 排序处理）",
报告期存在重述,提示,000895.SZSE,25,"CashFlow 有 25 期被追溯重述（正常现象，get_asof 已按 (报告期, 公告日) 排序处理）",
报告期存在重述,提示,000895.SZSE,13,"PershareIndex 有 13 期被追溯重述（正常现象，get_asof 已按 (报告期, 公告日) 排序处理）",
报告期存在重述,提示,000938.SZSE,12,"Balance 有 12 期被追溯重述（正常现象，get_asof 已按 (报告期, 公告日) 排序处理）",
报告期存在重述,提示,000938.SZSE,40,"Income 有 40 期被追溯重述（正常现象，get_asof 已按 (报告期, 公告日) 排序处理）",
报告期存在重述,提示,000938.SZSE,18,"CashFlow 有 18 期被追溯重述（正常现象，get_asof 已按 (报告期, 公告日) 排序处理）",
报告期存在重述,提示,000938.SZSE,13,"PershareIndex 有 13 期被追溯重述（正常现象，get_asof 已按 (报告期, 公告日) 排序处理）",
报告期存在重述,提示,000963.SZSE,8,"Balance 有 8 期被追溯重述（正常现象，get_asof 已按 (报告期, 公告日) 排序处理）",
报告期存在重述,提示,000963.SZSE,30,"Income 有 30 期被追溯重述（正常现象，get_asof 已按 (报告期, 公告日) 排序处理）",
报告期存在重述,提示,000963.SZSE,18,"CashFlow 有 18 期被追溯重述（正常现象，get_asof 已按 (报告期, 公告日) 排序处理）",
报告期存在重述,提示,000963.SZSE,12,"PershareIndex 有 12 期被追溯重述（正常现象，get_asof 已按 (报告期, 公告日) 排序处理）",
报告期存在重述,提示,000975.SZSE,19,"Balance 有 19 期被追溯重述（正常现象，get_asof 已按 (报告期, 公告日) 排序处理）",
报告期存在重述,提示,000975.SZSE,23,"Income 有 23 期被追溯重述（正常现象，get_asof 已按 (报告期, 公告日) 排序处理）",
报告期存在重述,提示,000975.SZSE,9,"CashFlow 有 9 期被追溯重述（正常现象，get_asof 已按 (报告期, 公告日) 排序处理）",
报告期存在重述,提示,000975.SZSE,12,"PershareIndex 有 12 期被追溯重述（正常现象，get_asof 已按 (报告期, 公告日) 排序处理）",
报告期存在重述,提示,000977.SZSE,17,"Balance 有 17 期被追溯重述（正常现象，get_asof 已按 (报告期, 公告日) 排序处理）",
报告期存在重述,提示,000977.SZSE,47,"Income 有 47 期被追溯重述（正常现象，get_asof 已按 (报告期, 公告日) 排序处理）",
报告期存在重述,提示,000977.SZSE,24,"CashFlow 有 24 期被追溯重述（正常现象，get_asof 已按 (报告期, 公告日) 排序处理）",
报告期存在重述,提示,000977.SZSE,12,"PershareIndex 有 12 期被追溯重述（正常现象，get_asof 已按 (报告期, 公告日) 排序处理）",
报告期存在重述,提示,000988.SZSE,15,"Balance 有 15 期被追溯重述（正常现象，get_asof 已按 (报告期, 公告日) 排序处理）",
报告期存在重述,提示,000988.SZSE,35,"Income 有 35 期被追溯重述（正常现象，get_asof 已按 (报告期, 公告日) 排序处理）",
报告期存在重述,提示,000988.SZSE,11,"CashFlow 有 11 期被追溯重述（正常现象，get_asof 已按 (报告期, 公告日) 排序处理）",
报告期存在重述,提示,000988.SZSE,9,"PershareIndex 有 9 期被追溯重述（正常现象，get_asof 已按 (报告期, 公告日) 排序处理）",
报告期存在重述,提示,000999.SZSE,44,"Balance 有 44 期被追溯重述（正常现象，get_asof 已按 (报告期, 公告日) 排序处理）",
报告期存在重述,提示,000999.SZSE,53,"Income 有 53 期被追溯重述（正常现象，get_asof 已按 (报告期, 公告日) 排序处理）",
报告期存在重述,提示,000999.SZSE,33,"CashFlow 有 33 期被追溯重述（正常现象，get_asof 已按 (报告期, 公告日) 排序处理）",
报告期存在重述,提示,000999.SZSE,14,"PershareIndex 有 14 期被追溯重述（正常现象，get_asof 已按 (报告期, 公告日) 排序处理）",
报告期存在重述,提示,001391.SZSE,2,"Balance 有 2 期被追溯重述（正常现象，get_asof 已按 (报告期, 公告日) 排序处理）",
报告期存在重述,提示,001965.SZSE,26,"Balance 有 26 期被追溯重述（正常现象，get_asof 已按 (报告期, 公告日) 排序处理）",
报告期存在重述,提示,001965.SZSE,14,"Income 有 14 期被追溯重述（正常现象，get_asof 已按 (报告期, 公告日) 排序处理）",
报告期存在重述,提示,001965.SZSE,9,"CashFlow 有 9 期被追溯重述（正常现象，get_asof 已按 (报告期, 公告日) 排序处理）",
报告期存在重述,提示,001965.SZSE,3,"PershareIndex 有 3 期被追溯重述（正常现象，get_asof 已按 (报告期, 公告日) 排序处理）",
报告期存在重述,提示,001979.SZSE,14,"Balance 有 14 期被追溯重述（正常现象，get_asof 已按 (报告期, 公告日) 排序处理）",
报告期存在重述,提示,001979.SZSE,16,"Income 有 16 期被追溯重述（正常现象，get_asof 已按 (报告期, 公告日) 排序处理）",
报告期存在重述,提示,001979.SZSE,9,"CashFlow 有 9 期被追溯重述（正常现象，get_asof 已按 (报告期, 公告日) 排序处理）",
报告期存在重述,提示,001979.SZSE,5,"PershareIndex 有 5 期被追溯重述（正常现象，get_asof 已按 (报告期, 公告日) 排序处理）",
报告期存在重述,提示,002001.SZSE,11,"Balance 有 11 期被追溯重述（正常现象，get_asof 已按 (报告期, 公告日) 排序处理）",
报告期存在重述,提示,002001.SZSE,37,"Income 有 37 期被追溯重述（正常现象，get_asof 已按 (报告期, 公告日) 排序处理）",
报告期存在重述,提示,002001.SZSE,16,"CashFlow 有 16 期被追溯重述（正常现象，get_asof 已按 (报告期, 公告日) 排序处理）",
报告期存在重述,提示,002001.SZSE,10,"PershareIndex 有 10 期被追溯重述（正常现象，get_asof 已按 (报告期, 公告日) 排序处理）",
报告期存在重述,提示,002027.SZSE,22,"Balance 有 22 期被追溯重述（正常现象，get_asof 已按 (报告期, 公告日) 排序处理）",
报告期存在重述,提示,002027.SZSE,30,"Income 有 30 期被追溯重述（正常现象，get_asof 已按 (报告期, 公告日) 排序处理）",
报告期存在重述,提示,002027.SZSE,9,"CashFlow 有 9 期被追溯重述（正常现象，get_asof 已按 (报告期, 公告日) 排序处理）",
报告期存在重述,提示,002027.SZSE,11,"PershareIndex 有 11 期被追溯重述（正常现象，get_asof 已按 (报告期, 公告日) 排序处理）",
报告期存在重述,提示,002028.SZSE,16,"Balance 有 16 期被追溯重述（正常现象，get_asof 已按 (报告期, 公告日) 排序处理）",
报告期存在重述,提示,002028.SZSE,33,"Income 有 33 期被追溯重述（正常现象，get_asof 已按 (报告期, 公告日) 排序处理）",
报告期存在重述,提示,002028.SZSE,4,"CashFlow 有 4 期被追溯重述（正常现象，get_asof 已按 (报告期, 公告日) 排序处理）",
报告期存在重述,提示,002028.SZSE,10,"PershareIndex 有 10 期被追溯重述（正常现象，get_asof 已按 (报告期, 公告日) 排序处理）",
报告期存在重述,提示,002049.SZSE,14,"Balance 有 14 期被追溯重述（正常现象，get_asof 已按 (报告期, 公告日) 排序处理）",
报告期存在重述,提示,002049.SZSE,44,"Income 有 44 期被追溯重述（正常现象，get_asof 已按 (报告期, 公告日) 排序处理）",
报告期存在重述,提示,002049.SZSE,13,"CashFlow 有 13 期被追溯重述（正常现象，get_asof 已按 (报告期, 公告日) 排序处理）",
报告期存在重述,提示,002049.SZSE,8,"PershareIndex 有 8 期被追溯重述（正常现象，get_asof 已按 (报告期, 公告日) 排序处理）",
报告期存在重述,提示,002050.SZSE,8,"Balance 有 8 期被追溯重述（正常现象，get_asof 已按 (报告期, 公告日) 排序处理）",
报告期存在重述,提示,002050.SZSE,46,"Income 有 46 期被追溯重述（正常现象，get_asof 已按 (报告期, 公告日) 排序处理）",
报告期存在重述,提示,002050.SZSE,24,"CashFlow 有 24 期被追溯重述（正常现象，get_asof 已按 (报告期, 公告日) 排序处理）",
报告期存在重述,提示,002050.SZSE,11,"PershareIndex 有 11 期被追溯重述（正常现象，get_asof 已按 (报告期, 公告日) 排序处理）",
报告期存在重述,提示,002074.SZSE,16,"Balance 有 16 期被追溯重述（正常现象，get_asof 已按 (报告期, 公告日) 排序处理）",
报告期存在重述,提示,002074.SZSE,39,"Income 有 39 期被追溯重述（正常现象，get_asof 已按 (报告期, 公告日) 排序处理）",
报告期存在重述,提示,002074.SZSE,14,"CashFlow 有 14 期被追溯重述（正常现象，get_asof 已按 (报告期, 公告日) 排序处理）",
报告期存在重述,提示,002074.SZSE,8,"PershareIndex 有 8 期被追溯重述（正常现象，get_asof 已按 (报告期, 公告日) 排序处理）",
报告期存在重述,提示,002142.SZSE,11,"Balance 有 11 期被追溯重述（正常现象，get_asof 已按 (报告期, 公告日) 排序处理）",
报告期存在重述,提示,002142.SZSE,27,"Income 有 27 期被追溯重述（正常现象，get_asof 已按 (报告期, 公告日) 排序处理）",
报告期存在重述,提示,002142.SZSE,22,"CashFlow 有 22 期被追溯重述（正常现象，get_asof 已按 (报告期, 公告日) 排序处理）",
报告期存在重述,提示,002142.SZSE,10,"PershareIndex 有 10 期被追溯重述（正常现象，get_asof 已按 (报告期, 公告日) 排序处理）",
报告期存在重述,提示,002179.SZSE,16,"Balance 有 16 期被追溯重述（正常现象，get_asof 已按 (报告期, 公告日) 排序处理）",
报告期存在重述,提示,002179.SZSE,41,"Income 有 41 期被追溯重述（正常现象，get_asof 已按 (报告期, 公告日) 排序处理）",
报告期存在重述,提示,002179.SZSE,13,"CashFlow 有 13 期被追溯重述（正常现象，get_asof 已按 (报告期, 公告日) 排序处理）",
报告期存在重述,提示,002179.SZSE,14,"PershareIndex 有 14 期被追溯重述（正常现象，get_asof 已按 (报告期, 公告日) 排序处理）",
报告期存在重述,提示,002202.SZSE,16,"Balance 有 16 期被追溯重述（正常现象，get_asof 已按 (报告期, 公告日) 排序处理）",
报告期存在重述,提示,002202.SZSE,30,"Income 有 30 期被追溯重述（正常现象，get_asof 已按 (报告期, 公告日) 排序处理）",
报告期存在重述,提示,002202.SZSE,11,"CashFlow 有 11 期被追溯重述（正常现象，get_asof 已按 (报告期, 公告日) 排序处理）",
报告期存在重述,提示,002202.SZSE,12,"PershareIndex 有 12 期被追溯重述（正常现象，get_asof 已按 (报告期, 公告日) 排序处理）",
报告期存在重述,提示,002230.SZSE,7,"Balance 有 7 期被追溯重述（正常现象，get_asof 已按 (报告期, 公告日) 排序处理）",
报告期存在重述,提示,002230.SZSE,33,"Income 有 33 期被追溯重述（正常现象，get_asof 已按 (报告期, 公告日) 排序处理）",
报告期存在重述,提示,002230.SZSE,4,"CashFlow 有 4 期被追溯重述（正常现象，get_asof 已按 (报告期, 公告日) 排序处理）",
报告期存在重述,提示,002230.SZSE,8,"PershareIndex 有 8 期被追溯重述（正常现象，get_asof 已按 (报告期, 公告日) 排序处理）",
报告期存在重述,提示,002236.SZSE,1,"Balance 有 1 期被追溯重述（正常现象，get_asof 已按 (报告期, 公告日) 排序处理）",
报告期存在重述,提示,002236.SZSE,36,"Income 有 36 期被追溯重述（正常现象，get_asof 已按 (报告期, 公告日) 排序处理）",
报告期存在重述,提示,002236.SZSE,6,"CashFlow 有 6 期被追溯重述（正常现象，get_asof 已按 (报告期, 公告日) 排序处理）",
报告期存在重述,提示,002236.SZSE,6,"PershareIndex 有 6 期被追溯重述（正常现象，get_asof 已按 (报告期, 公告日) 排序处理）",
报告期存在重述,提示,002241.SZSE,17,"Balance 有 17 期被追溯重述（正常现象，get_asof 已按 (报告期, 公告日) 排序处理）",
报告期存在重述,提示,002241.SZSE,31,"Income 有 31 期被追溯重述（正常现象，get_asof 已按 (报告期, 公告日) 排序处理）",
报告期存在重述,提示,002241.SZSE,4,"CashFlow 有 4 期被追溯重述（正常现象，get_asof 已按 (报告期, 公告日) 排序处理）",
报告期存在重述,提示,002241.SZSE,8,"PershareIndex 有 8 期被追溯重述（正常现象，get_asof 已按 (报告期, 公告日) 排序处理）",
报告期存在重述,提示,002304.SZSE,7,"Balance 有 7 期被追溯重述（正常现象，get_asof 已按 (报告期, 公告日) 排序处理）",
报告期存在重述,提示,002304.SZSE,23,"Income 有 23 期被追溯重述（正常现象，get_asof 已按 (报告期, 公告日) 排序处理）",
公告日在未来,可疑,002304.SZSE,1,Capital 有 1 期公告日晚于今天，这些记录永远不会被取到,2026-08-27
报告期存在重述,提示,002304.SZSE,5,"PershareIndex 有 5 期被追溯重述（正常现象，get_asof 已按 (报告期, 公告日) 排序处理）",
报告期存在重述,提示,002311.SZSE,21,"Balance 有 21 期被追溯重述（正常现象，get_asof 已按 (报告期, 公告日) 排序处理）",
报告期存在重述,提示,002311.SZSE,33,"Income 有 33 期被追溯重述（正常现象，get_asof 已按 (报告期, 公告日) 排序处理）",
报告期存在重述,提示,002311.SZSE,4,"CashFlow 有 4 期被追溯重述（正常现象，get_asof 已按 (报告期, 公告日) 排序处理）",
报告期存在重述,提示,002311.SZSE,8,"PershareIndex 有 8 期被追溯重述（正常现象，get_asof 已按 (报告期, 公告日) 排序处理）",
报告期存在重述,提示,002352.SZSE,14,"Balance 有 14 期被追溯重述（正常现象，get_asof 已按 (报告期, 公告日) 排序处理）",
报告期存在重述,提示,002352.SZSE,24,"Income 有 24 期被追溯重述（正常现象，get_asof 已按 (报告期, 公告日) 排序处理）",
报告期存在重述,提示,002352.SZSE,24,"CashFlow 有 24 期被追溯重述（正常现象，get_asof 已按 (报告期, 公告日) 排序处理）",
报告期存在重述,提示,002352.SZSE,7,"PershareIndex 有 7 期被追溯重述（正常现象，get_asof 已按 (报告期, 公告日) 排序处理）",
报告期存在重述,提示,002353.SZSE,14,"Balance 有 14 期被追溯重述（正常现象，get_asof 已按 (报告期, 公告日) 排序处理）",
报告期存在重述,提示,002353.SZSE,45,"Income 有 45 期被追溯重述（正常现象，get_asof 已按 (报告期, 公告日) 排序处理）",
报告期存在重述,提示,002353.SZSE,7,"CashFlow 有 7 期被追溯重述（正常现象，get_asof 已按 (报告期, 公告日) 排序处理）",
报告期存在重述,提示,002353.SZSE,12,"PershareIndex 有 12 期被追溯重述（正常现象，get_asof 已按 (报告期, 公告日) 排序处理）",
报告期存在重述,提示,002371.SZSE,8,"Balance 有 8 期被追溯重述（正常现象，get_asof 已按 (报告期, 公告日) 排序处理）",
报告期存在重述,提示,002371.SZSE,30,"Income 有 30 期被追溯重述（正常现象，get_asof 已按 (报告期, 公告日) 排序处理）",
报告期存在重述,提示,002371.SZSE,15,"CashFlow 有 15 期被追溯重述（正常现象，get_asof 已按 (报告期, 公告日) 排序处理）",
报告期存在重述,提示,002371.SZSE,10,"PershareIndex 有 10 期被追溯重述（正常现象，get_asof 已按 (报告期, 公告日) 排序处理）",
报告期存在重述,提示,002384.SZSE,8,"Balance 有 8 期被追溯重述（正常现象，get_asof 已按 (报告期, 公告日) 排序处理）",
报告期存在重述,提示,002384.SZSE,37,"Income 有 37 期被追溯重述（正常现象，get_asof 已按 (报告期, 公告日) 排序处理）",
报告期存在重述,提示,002384.SZSE,4,"CashFlow 有 4 期被追溯重述（正常现象，get_asof 已按 (报告期, 公告日) 排序处理）",
报告期存在重述,提示,002384.SZSE,17,"PershareIndex 有 17 期被追溯重述（正常现象，get_asof 已按 (报告期, 公告日) 排序处理）",
报告期存在重述,提示,002415.SZSE,15,"Balance 有 15 期被追溯重述（正常现象，get_asof 已按 (报告期, 公告日) 排序处理）",
报告期存在重述,提示,002415.SZSE,46,"Income 有 46 期被追溯重述（正常现象，get_asof 已按 (报告期, 公告日) 排序处理）",
报告期存在重述,提示,002415.SZSE,12,"CashFlow 有 12 期被追溯重述（正常现象，get_asof 已按 (报告期, 公告日) 排序处理）",
报告期存在重述,提示,002415.SZSE,13,"PershareIndex 有 13 期被追溯重述（正常现象，get_asof 已按 (报告期, 公告日) 排序处理）",
报告期存在重述,提示,002422.SZSE,21,"Balance 有 21 期被追溯重述（正常现象，get_asof 已按 (报告期, 公告日) 排序处理）",
报告期存在重述,提示,002422.SZSE,31,"Income 有 31 期被追溯重述（正常现象，get_asof 已按 (报告期, 公告日) 排序处理）",
报告期存在重述,提示,002422.SZSE,10,"CashFlow 有 10 期被追溯重述（正常现象，get_asof 已按 (报告期, 公告日) 排序处理）",
报告期存在重述,提示,002422.SZSE,12,"PershareIndex 有 12 期被追溯重述（正常现象，get_asof 已按 (报告期, 公告日) 排序处理）",
报告期存在重述,提示,002460.SZSE,35,"Balance 有 35 期被追溯重述（正常现象，get_asof 已按 (报告期, 公告日) 排序处理）",
报告期存在重述,提示,002460.SZSE,32,"Income 有 32 期被追溯重述（正常现象，get_asof 已按 (报告期, 公告日) 排序处理）",
报告期存在重述,提示,002460.SZSE,3,"CashFlow 有 3 期被追溯重述（正常现象，get_asof 已按 (报告期, 公告日) 排序处理）",
报告期存在重述,提示,002460.SZSE,14,"PershareIndex 有 14 期被追溯重述（正常现象，get_asof 已按 (报告期, 公告日) 排序处理）",
报告期存在重述,提示,002463.SZSE,19,"Balance 有 19 期被追溯重述（正常现象，get_asof 已按 (报告期, 公告日) 排序处理）",
报告期存在重述,提示,002463.SZSE,43,"Income 有 43 期被追溯重述（正常现象，get_asof 已按 (报告期, 公告日) 排序处理）",
报告期存在重述,提示,002463.SZSE,21,"CashFlow 有 21 期被追溯重述（正常现象，get_asof 已按 (报告期, 公告日) 排序处理）",
报告期存在重述,提示,002463.SZSE,11,"PershareIndex 有 11 期被追溯重述（正常现象，get_asof 已按 (报告期, 公告日) 排序处理）",
报告期存在重述,提示,002466.SZSE,6,"Balance 有 6 期被追溯重述（正常现象，get_asof 已按 (报告期, 公告日) 排序处理）",
报告期存在重述,提示,002466.SZSE,37,"Income 有 37 期被追溯重述（正常现象，get_asof 已按 (报告期, 公告日) 排序处理）",
报告期存在重述,提示,002466.SZSE,17,"CashFlow 有 17 期被追溯重述（正常现象，get_asof 已按 (报告期, 公告日) 排序处理）",
报告期存在重述,提示,002466.SZSE,15,"PershareIndex 有 15 期被追溯重述（正常现象，get_asof 已按 (报告期, 公告日) 排序处理）",
报告期存在重述,提示,002475.SZSE,2,"Balance 有 2 期被追溯重述（正常现象，get_asof 已按 (报告期, 公告日) 排序处理）",
报告期存在重述,提示,002475.SZSE,41,"Income 有 41 期被追溯重述（正常现象，get_asof 已按 (报告期, 公告日) 排序处理）",
报告期存在重述,提示,002475.SZSE,7,"CashFlow 有 7 期被追溯重述（正常现象，get_asof 已按 (报告期, 公告日) 排序处理）",
报告期存在重述,提示,002475.SZSE,15,"PershareIndex 有 15 期被追溯重述（正常现象，get_asof 已按 (报告期, 公告日) 排序处理）",
报告期存在重述,提示,002493.SZSE,42,"Balance 有 42 期被追溯重述（正常现象，get_asof 已按 (报告期, 公告日) 排序处理）",
报告期存在重述,提示,002493.SZSE,37,"Income 有 37 期被追溯重述（正常现象，get_asof 已按 (报告期, 公告日) 排序处理）",
报告期存在重述,提示,002493.SZSE,19,"CashFlow 有 19 期被追溯重述（正常现象，get_asof 已按 (报告期, 公告日) 排序处理）",
报告期存在重述,提示,002493.SZSE,15,"PershareIndex 有 15 期被追溯重述（正常现象，get_asof 已按 (报告期, 公告日) 排序处理）",
报告期存在重述,提示,002532.SZSE,28,"Balance 有 28 期被追溯重述（正常现象，get_asof 已按 (报告期, 公告日) 排序处理）",
报告期存在重述,提示,002532.SZSE,29,"Income 有 29 期被追溯重述（正常现象，get_asof 已按 (报告期, 公告日) 排序处理）",
报告期存在重述,提示,002532.SZSE,12,"CashFlow 有 12 期被追溯重述（正常现象，get_asof 已按 (报告期, 公告日) 排序处理）",
报告期存在重述,提示,002532.SZSE,9,"PershareIndex 有 9 期被追溯重述（正常现象，get_asof 已按 (报告期, 公告日) 排序处理）",
报告期存在重述,提示,002558.SZSE,9,"Balance 有 9 期被追溯重述（正常现象，get_asof 已按 (报告期, 公告日) 排序处理）",
报告期存在重述,提示,002558.SZSE,26,"Income 有 26 期被追溯重述（正常现象，get_asof 已按 (报告期, 公告日) 排序处理）",
报告期存在重述,提示,002558.SZSE,10,"CashFlow 有 10 期被追溯重述（正常现象，get_asof 已按 (报告期, 公告日) 排序处理）",
报告期存在重述,提示,002558.SZSE,13,"PershareIndex 有 13 期被追溯重述（正常现象，get_asof 已按 (报告期, 公告日) 排序处理）",
报告期存在重述,提示,002594.SZSE,39,"Balance 有 39 期被追溯重述（正常现象，get_asof 已按 (报告期, 公告日) 排序处理）",
报告期存在重述,提示,002594.SZSE,28,"Income 有 28 期被追溯重述（正常现象，get_asof 已按 (报告期, 公告日) 排序处理）",
报告期存在重述,提示,002594.SZSE,9,"CashFlow 有 9 期被追溯重述（正常现象，get_asof 已按 (报告期, 公告日) 排序处理）",
报告期存在重述,提示,002594.SZSE,10,"PershareIndex 有 10 期被追溯重述（正常现象，get_asof 已按 (报告期, 公告日) 排序处理）",
报告期存在重述,提示,002600.SZSE,13,"Balance 有 13 期被追溯重述（正常现象，get_asof 已按 (报告期, 公告日) 排序处理）",
报告期存在重述,提示,002600.SZSE,22,"Income 有 22 期被追溯重述（正常现象，get_asof 已按 (报告期, 公告日) 排序处理）",
报告期存在重述,提示,002600.SZSE,12,"CashFlow 有 12 期被追溯重述（正常现象，get_asof 已按 (报告期, 公告日) 排序处理）",
报告期存在重述,提示,002600.SZSE,9,"PershareIndex 有 9 期被追溯重述（正常现象，get_asof 已按 (报告期, 公告日) 排序处理）",
报告期存在重述,提示,002602.SZSE,9,"Balance 有 9 期被追溯重述（正常现象，get_asof 已按 (报告期, 公告日) 排序处理）",
报告期存在重述,提示,002602.SZSE,35,"Income 有 35 期被追溯重述（正常现象，get_asof 已按 (报告期, 公告日) 排序处理）",
报告期存在重述,提示,002602.SZSE,11,"CashFlow 有 11 期被追溯重述（正常现象，get_asof 已按 (报告期, 公告日) 排序处理）",
报告期存在重述,提示,002602.SZSE,14,"PershareIndex 有 14 期被追溯重述（正常现象，get_asof 已按 (报告期, 公告日) 排序处理）",
报告期存在重述,提示,002625.SZSE,16,"Balance 有 16 期被追溯重述（正常现象，get_asof 已按 (报告期, 公告日) 排序处理）",
报告期存在重述,提示,002625.SZSE,27,"Income 有 27 期被追溯重述（正常现象，get_asof 已按 (报告期, 公告日) 排序处理）",
报告期存在重述,提示,002625.SZSE,14,"CashFlow 有 14 期被追溯重述（正常现象，get_asof 已按 (报告期, 公告日) 排序处理）",
报告期存在重述,提示,002625.SZSE,14,"PershareIndex 有 14 期被追溯重述（正常现象，get_asof 已按 (报告期, 公告日) 排序处理）",
报告期存在重述,提示,002648.SZSE,35,"Balance 有 35 期被追溯重述（正常现象，get_asof 已按 (报告期, 公告日) 排序处理）",
报告期存在重述,提示,002648.SZSE,42,"Income 有 42 期被追溯重述（正常现象，get_asof 已按 (报告期, 公告日) 排序处理）",
报告期存在重述,提示,002648.SZSE,15,"CashFlow 有 15 期被追溯重述（正常现象，get_asof 已按 (报告期, 公告日) 排序处理）",
报告期存在重述,提示,002648.SZSE,14,"PershareIndex 有 14 期被追溯重述（正常现象，get_asof 已按 (报告期, 公告日) 排序处理）",
报告期存在重述,提示,002709.SZSE,34,"Balance 有 34 期被追溯重述（正常现象，get_asof 已按 (报告期, 公告日) 排序处理）",
报告期存在重述,提示,002709.SZSE,28,"Income 有 28 期被追溯重述（正常现象，get_asof 已按 (报告期, 公告日) 排序处理）",
报告期存在重述,提示,002709.SZSE,3,"CashFlow 有 3 期被追溯重述（正常现象，get_asof 已按 (报告期, 公告日) 排序处理）",
报告期存在重述,提示,002709.SZSE,10,"PershareIndex 有 10 期被追溯重述（正常现象，get_asof 已按 (报告期, 公告日) 排序处理）",
报告期存在重述,提示,002714.SZSE,1,"Balance 有 1 期被追溯重述（正常现象，get_asof 已按 (报告期, 公告日) 排序处理）",
报告期存在重述,提示,002714.SZSE,30,"Income 有 30 期被追溯重述（正常现象，get_asof 已按 (报告期, 公告日) 排序处理）",
报告期存在重述,提示,002714.SZSE,8,"CashFlow 有 8 期被追溯重述（正常现象，get_asof 已按 (报告期, 公告日) 排序处理）",
报告期存在重述,提示,002714.SZSE,10,"PershareIndex 有 10 期被追溯重述（正常现象，get_asof 已按 (报告期, 公告日) 排序处理）",
报告期存在重述,提示,002736.SZSE,12,"Balance 有 12 期被追溯重述（正常现象，get_asof 已按 (报告期, 公告日) 排序处理）",
报告期存在重述,提示,002736.SZSE,19,"Income 有 19 期被追溯重述（正常现象，get_asof 已按 (报告期, 公告日) 排序处理）",
报告期存在重述,提示,002736.SZSE,15,"CashFlow 有 15 期被追溯重述（正常现象，get_asof 已按 (报告期, 公告日) 排序处理）",
报告期存在重述,提示,002736.SZSE,17,"PershareIndex 有 17 期被追溯重述（正常现象，get_asof 已按 (报告期, 公告日) 排序处理）",
报告期存在重述,提示,002837.SZSE,4,"Balance 有 4 期被追溯重述（正常现象，get_asof 已按 (报告期, 公告日) 排序处理）",
报告期存在重述,提示,002837.SZSE,31,"Income 有 31 期被追溯重述（正常现象，get_asof 已按 (报告期, 公告日) 排序处理）",
报告期存在重述,提示,002837.SZSE,10,"PershareIndex 有 10 期被追溯重述（正常现象，get_asof 已按 (报告期, 公告日) 排序处理）",
报告期存在重述,提示,002916.SZSE,29,"Balance 有 29 期被追溯重述（正常现象，get_asof 已按 (报告期, 公告日) 排序处理）",
报告期存在重述,提示,002916.SZSE,16,"Income 有 16 期被追溯重述（正常现象，get_asof 已按 (报告期, 公告日) 排序处理）",
报告期存在重述,提示,002916.SZSE,2,"CashFlow 有 2 期被追溯重述（正常现象，get_asof 已按 (报告期, 公告日) 排序处理）",
报告期存在重述,提示,002916.SZSE,4,"PershareIndex 有 4 期被追溯重述（正常现象，get_asof 已按 (报告期, 公告日) 排序处理）",
报告期存在重述,提示,002920.SZSE,8,"Balance 有 8 期被追溯重述（正常现象，get_asof 已按 (报告期, 公告日) 排序处理）",
报告期存在重述,提示,002920.SZSE,17,"Income 有 17 期被追溯重述（正常现象，get_asof 已按 (报告期, 公告日) 排序处理）",
报告期存在重述,提示,002920.SZSE,2,"CashFlow 有 2 期被追溯重述（正常现象，get_asof 已按 (报告期, 公告日) 排序处理）",
报告期存在重述,提示,002920.SZSE,3,"PershareIndex 有 3 期被追溯重述（正常现象，get_asof 已按 (报告期, 公告日) 排序处理）",
报告期存在重述,提示,002938.SZSE,3,"Balance 有 3 期被追溯重述（正常现象，get_asof 已按 (报告期, 公告日) 排序处理）",
报告期存在重述,提示,002938.SZSE,13,"Income 有 13 期被追溯重述（正常现象，get_asof 已按 (报告期, 公告日) 排序处理）",
报告期存在重述,提示,002938.SZSE,1,"CashFlow 有 1 期被追溯重述（正常现象，get_asof 已按 (报告期, 公告日) 排序处理）",
报告期存在重述,提示,002938.SZSE,4,"PershareIndex 有 4 期被追溯重述（正常现象，get_asof 已按 (报告期, 公告日) 排序处理）",
报告期存在重述,提示,003816.SZSE,14,"Balance 有 14 期被追溯重述（正常现象，get_asof 已按 (报告期, 公告日) 排序处理）",
报告期存在重述,提示,003816.SZSE,16,"Income 有 16 期被追溯重述（正常现象，get_asof 已按 (报告期, 公告日) 排序处理）",
报告期存在重述,提示,003816.SZSE,8,"CashFlow 有 8 期被追溯重述（正常现象，get_asof 已按 (报告期, 公告日) 排序处理）",
报告期存在重述,提示,003816.SZSE,6,"PershareIndex 有 6 期被追溯重述（正常现象，get_asof 已按 (报告期, 公告日) 排序处理）",
报告期存在重述,提示,300014.SZSE,6,"Balance 有 6 期被追溯重述（正常现象，get_asof 已按 (报告期, 公告日) 排序处理）",
报告期存在重述,提示,300014.SZSE,26,"Income 有 26 期被追溯重述（正常现象，get_asof 已按 (报告期, 公告日) 排序处理）",
报告期存在重述,提示,300014.SZSE,5,"CashFlow 有 5 期被追溯重述（正常现象，get_asof 已按 (报告期, 公告日) 排序处理）",
报告期存在重述,提示,300014.SZSE,10,"PershareIndex 有 10 期被追溯重述（正常现象，get_asof 已按 (报告期, 公告日) 排序处理）",
报告期存在重述,提示,300015.SZSE,4,"Balance 有 4 期被追溯重述（正常现象，get_asof 已按 (报告期, 公告日) 排序处理）",
报告期存在重述,提示,300015.SZSE,45,"Income 有 45 期被追溯重述（正常现象，get_asof 已按 (报告期, 公告日) 排序处理）",
报告期存在重述,提示,300015.SZSE,5,"CashFlow 有 5 期被追溯重述（正常现象，get_asof 已按 (报告期, 公告日) 排序处理）",
报告期存在重述,提示,300015.SZSE,13,"PershareIndex 有 13 期被追溯重述（正常现象，get_asof 已按 (报告期, 公告日) 排序处理）",
报告期存在重述,提示,300033.SZSE,5,"Balance 有 5 期被追溯重述（正常现象，get_asof 已按 (报告期, 公告日) 排序处理）",
报告期存在重述,提示,300033.SZSE,22,"Income 有 22 期被追溯重述（正常现象，get_asof 已按 (报告期, 公告日) 排序处理）",
报告期存在重述,提示,300033.SZSE,1,"CashFlow 有 1 期被追溯重述（正常现象，get_asof 已按 (报告期, 公告日) 排序处理）",
报告期存在重述,提示,300033.SZSE,6,"PershareIndex 有 6 期被追溯重述（正常现象，get_asof 已按 (报告期, 公告日) 排序处理）",
报告期存在重述,提示,300059.SZSE,7,"Balance 有 7 期被追溯重述（正常现象，get_asof 已按 (报告期, 公告日) 排序处理）",
报告期存在重述,提示,300059.SZSE,59,"Income 有 59 期被追溯重述（正常现象，get_asof 已按 (报告期, 公告日) 排序处理）",
报告期存在重述,提示,300059.SZSE,11,"CashFlow 有 11 期被追溯重述（正常现象，get_asof 已按 (报告期, 公告日) 排序处理）",
报告期存在重述,提示,300059.SZSE,18,"PershareIndex 有 18 期被追溯重述（正常现象，get_asof 已按 (报告期, 公告日) 排序处理）",
报告期存在重述,提示,300122.SZSE,35,"Balance 有 35 期被追溯重述（正常现象，get_asof 已按 (报告期, 公告日) 排序处理）",
报告期存在重述,提示,300122.SZSE,34,"Income 有 34 期被追溯重述（正常现象，get_asof 已按 (报告期, 公告日) 排序处理）",
报告期存在重述,提示,300122.SZSE,9,"CashFlow 有 9 期被追溯重述（正常现象，get_asof 已按 (报告期, 公告日) 排序处理）",
报告期存在重述,提示,300122.SZSE,14,"PershareIndex 有 14 期被追溯重述（正常现象，get_asof 已按 (报告期, 公告日) 排序处理）",
报告期存在重述,提示,300124.SZSE,9,"Balance 有 9 期被追溯重述（正常现象，get_asof 已按 (报告期, 公告日) 排序处理）",
报告期存在重述,提示,300124.SZSE,35,"Income 有 35 期被追溯重述（正常现象，get_asof 已按 (报告期, 公告日) 排序处理）",
报告期存在重述,提示,300124.SZSE,3,"CashFlow 有 3 期被追溯重述（正常现象，get_asof 已按 (报告期, 公告日) 排序处理）",
报告期存在重述,提示,300124.SZSE,13,"PershareIndex 有 13 期被追溯重述（正常现象，get_asof 已按 (报告期, 公告日) 排序处理）",
报告期存在重述,提示,300251.SZSE,4,"Balance 有 4 期被追溯重述（正常现象，get_asof 已按 (报告期, 公告日) 排序处理）",
报告期存在重述,提示,300251.SZSE,35,"Income 有 35 期被追溯重述（正常现象，get_asof 已按 (报告期, 公告日) 排序处理）",
报告期存在重述,提示,300251.SZSE,1,"CashFlow 有 1 期被追溯重述（正常现象，get_asof 已按 (报告期, 公告日) 排序处理）",
报告期存在重述,提示,300251.SZSE,6,"PershareIndex 有 6 期被追溯重述（正常现象，get_asof 已按 (报告期, 公告日) 排序处理）",
报告期存在重述,提示,300274.SZSE,6,"Balance 有 6 期被追溯重述（正常现象，get_asof 已按 (报告期, 公告日) 排序处理）",
报告期存在重述,提示,300274.SZSE,28,"Income 有 28 期被追溯重述（正常现象，get_asof 已按 (报告期, 公告日) 排序处理）",
报告期存在重述,提示,300274.SZSE,9,"CashFlow 有 9 期被追溯重述（正常现象，get_asof 已按 (报告期, 公告日) 排序处理）",
报告期存在重述,提示,300274.SZSE,5,"PershareIndex 有 5 期被追溯重述（正常现象，get_asof 已按 (报告期, 公告日) 排序处理）",
报告期存在重述,提示,300308.SZSE,3,"Balance 有 3 期被追溯重述（正常现象，get_asof 已按 (报告期, 公告日) 排序处理）",
报告期存在重述,提示,300308.SZSE,13,"Income 有 13 期被追溯重述（正常现象，get_asof 已按 (报告期, 公告日) 排序处理）",
报告期存在重述,提示,300308.SZSE,7,"CashFlow 有 7 期被追溯重述（正常现象，get_asof 已按 (报告期, 公告日) 排序处理）",
报告期存在重述,提示,300308.SZSE,6,"PershareIndex 有 6 期被追溯重述（正常现象，get_asof 已按 (报告期, 公告日) 排序处理）",
报告期存在重述,提示,300316.SZSE,3,"Balance 有 3 期被追溯重述（正常现象，get_asof 已按 (报告期, 公告日) 排序处理）",
报告期存在重述,提示,300316.SZSE,24,"Income 有 24 期被追溯重述（正常现象，get_asof 已按 (报告期, 公告日) 排序处理）",
报告期存在重述,提示,300316.SZSE,6,"CashFlow 有 6 期被追溯重述（正常现象，get_asof 已按 (报告期, 公告日) 排序处理）",
报告期存在重述,提示,300316.SZSE,12,"PershareIndex 有 12 期被追溯重述（正常现象，get_asof 已按 (报告期, 公告日) 排序处理）",
报告期存在重述,提示,300394.SZSE,3,"Balance 有 3 期被追溯重述（正常现象，get_asof 已按 (报告期, 公告日) 排序处理）",
报告期存在重述,提示,300394.SZSE,25,"Income 有 25 期被追溯重述（正常现象，get_asof 已按 (报告期, 公告日) 排序处理）",
报告期存在重述,提示,300394.SZSE,8,"CashFlow 有 8 期被追溯重述（正常现象，get_asof 已按 (报告期, 公告日) 排序处理）",
报告期存在重述,提示,300394.SZSE,7,"PershareIndex 有 7 期被追溯重述（正常现象，get_asof 已按 (报告期, 公告日) 排序处理）",
报告期存在重述,提示,300408.SZSE,3,"Balance 有 3 期被追溯重述（正常现象，get_asof 已按 (报告期, 公告日) 排序处理）",
报告期存在重述,提示,300408.SZSE,15,"Income 有 15 期被追溯重述（正常现象，get_asof 已按 (报告期, 公告日) 排序处理）",
报告期存在重述,提示,300408.SZSE,2,"CashFlow 有 2 期被追溯重述（正常现象，get_asof 已按 (报告期, 公告日) 排序处理）",
报告期存在重述,提示,300408.SZSE,3,"PershareIndex 有 3 期被追溯重述（正常现象，get_asof 已按 (报告期, 公告日) 排序处理）",
报告期存在重述,提示,300413.SZSE,9,"Balance 有 9 期被追溯重述（正常现象，get_asof 已按 (报告期, 公告日) 排序处理）",
报告期存在重述,提示,300413.SZSE,21,"Income 有 21 期被追溯重述（正常现象，get_asof 已按 (报告期, 公告日) 排序处理）",
报告期存在重述,提示,300413.SZSE,12,"CashFlow 有 12 期被追溯重述（正常现象，get_asof 已按 (报告期, 公告日) 排序处理）",
报告期存在重述,提示,300413.SZSE,5,"PershareIndex 有 5 期被追溯重述（正常现象，get_asof 已按 (报告期, 公告日) 排序处理）",
报告期存在重述,提示,300418.SZSE,8,"Balance 有 8 期被追溯重述（正常现象，get_asof 已按 (报告期, 公告日) 排序处理）",
报告期存在重述,提示,300418.SZSE,27,"Income 有 27 期被追溯重述（正常现象，get_asof 已按 (报告期, 公告日) 排序处理）",
报告期存在重述,提示,300418.SZSE,11,"CashFlow 有 11 期被追溯重述（正常现象，get_asof 已按 (报告期, 公告日) 排序处理）",
报告期存在重述,提示,300418.SZSE,7,"PershareIndex 有 7 期被追溯重述（正常现象，get_asof 已按 (报告期, 公告日) 排序处理）",
报告期存在重述,提示,300433.SZSE,33,"Balance 有 33 期被追溯重述（正常现象，get_asof 已按 (报告期, 公告日) 排序处理）",
报告期存在重述,提示,300433.SZSE,20,"Income 有 20 期被追溯重述（正常现象，get_asof 已按 (报告期, 公告日) 排序处理）",
报告期存在重述,提示,300433.SZSE,2,"CashFlow 有 2 期被追溯重述（正常现象，get_asof 已按 (报告期, 公告日) 排序处理）",
报告期存在重述,提示,300433.SZSE,7,"PershareIndex 有 7 期被追溯重述（正常现象，get_asof 已按 (报告期, 公告日) 排序处理）",
报告期存在重述,提示,300442.SZSE,6,"Balance 有 6 期被追溯重述（正常现象，get_asof 已按 (报告期, 公告日) 排序处理）",
报告期存在重述,提示,300442.SZSE,24,"Income 有 24 期被追溯重述（正常现象，get_asof 已按 (报告期, 公告日) 排序处理）",
报告期存在重述,提示,300442.SZSE,9,"CashFlow 有 9 期被追溯重述（正常现象，get_asof 已按 (报告期, 公告日) 排序处理）",
报告期存在重述,提示,300442.SZSE,8,"PershareIndex 有 8 期被追溯重述（正常现象，get_asof 已按 (报告期, 公告日) 排序处理）",
报告期存在重述,提示,300450.SZSE,7,"Balance 有 7 期被追溯重述（正常现象，get_asof 已按 (报告期, 公告日) 排序处理）",
报告期存在重述,提示,300450.SZSE,24,"Income 有 24 期被追溯重述（正常现象，get_asof 已按 (报告期, 公告日) 排序处理）",
报告期存在重述,提示,300450.SZSE,4,"CashFlow 有 4 期被追溯重述（正常现象，get_asof 已按 (报告期, 公告日) 排序处理）",
报告期存在重述,提示,300450.SZSE,6,"PershareIndex 有 6 期被追溯重述（正常现象，get_asof 已按 (报告期, 公告日) 排序处理）",
报告期存在重述,提示,300476.SZSE,25,"Balance 有 25 期被追溯重述（正常现象，get_asof 已按 (报告期, 公告日) 排序处理）",
报告期存在重述,提示,300476.SZSE,16,"Income 有 16 期被追溯重述（正常现象，get_asof 已按 (报告期, 公告日) 排序处理）",
报告期存在重述,提示,300476.SZSE,2,"CashFlow 有 2 期被追溯重述（正常现象，get_asof 已按 (报告期, 公告日) 排序处理）",
报告期存在重述,提示,300476.SZSE,8,"PershareIndex 有 8 期被追溯重述（正常现象，get_asof 已按 (报告期, 公告日) 排序处理）",
报告期存在重述,提示,300498.SZSE,10,"Balance 有 10 期被追溯重述（正常现象，get_asof 已按 (报告期, 公告日) 排序处理）",
报告期存在重述,提示,300498.SZSE,38,"Income 有 38 期被追溯重述（正常现象，get_asof 已按 (报告期, 公告日) 排序处理）",
报告期存在重述,提示,300498.SZSE,22,"CashFlow 有 22 期被追溯重述（正常现象，get_asof 已按 (报告期, 公告日) 排序处理）",
报告期存在重述,提示,300498.SZSE,10,"PershareIndex 有 10 期被追溯重述（正常现象，get_asof 已按 (报告期, 公告日) 排序处理）",
报告期存在重述,提示,300502.SZSE,28,"Income 有 28 期被追溯重述（正常现象，get_asof 已按 (报告期, 公告日) 排序处理）",
报告期存在重述,提示,300502.SZSE,4,"CashFlow 有 4 期被追溯重述（正常现象，get_asof 已按 (报告期, 公告日) 排序处理）",
报告期存在重述,提示,300502.SZSE,5,"PershareIndex 有 5 期被追溯重述（正常现象，get_asof 已按 (报告期, 公告日) 排序处理）",
报告期存在重述,提示,300628.SZSE,3,"Balance 有 3 期被追溯重述（正常现象，get_asof 已按 (报告期, 公告日) 排序处理）",
报告期存在重述,提示,300628.SZSE,20,"Income 有 20 期被追溯重述（正常现象，get_asof 已按 (报告期, 公告日) 排序处理）",
报告期存在重述,提示,300628.SZSE,7,"PershareIndex 有 7 期被追溯重述（正常现象，get_asof 已按 (报告期, 公告日) 排序处理）",
报告期存在重述,提示,300661.SZSE,1,"Balance 有 1 期被追溯重述（正常现象，get_asof 已按 (报告期, 公告日) 排序处理）",
报告期存在重述,提示,300661.SZSE,28,"Income 有 28 期被追溯重述（正常现象，get_asof 已按 (报告期, 公告日) 排序处理）",
报告期存在重述,提示,300661.SZSE,2,"CashFlow 有 2 期被追溯重述（正常现象，get_asof 已按 (报告期, 公告日) 排序处理）",
报告期存在重述,提示,300661.SZSE,8,"PershareIndex 有 8 期被追溯重述（正常现象，get_asof 已按 (报告期, 公告日) 排序处理）",
报告期存在重述,提示,300750.SZSE,4,"Balance 有 4 期被追溯重述（正常现象，get_asof 已按 (报告期, 公告日) 排序处理）",
报告期存在重述,提示,300750.SZSE,20,"Income 有 20 期被追溯重述（正常现象，get_asof 已按 (报告期, 公告日) 排序处理）",
报告期存在重述,提示,300750.SZSE,13,"CashFlow 有 13 期被追溯重述（正常现象，get_asof 已按 (报告期, 公告日) 排序处理）",
报告期存在重述,提示,300750.SZSE,6,"PershareIndex 有 6 期被追溯重述（正常现象，get_asof 已按 (报告期, 公告日) 排序处理）",
报告期存在重述,提示,300760.SZSE,5,"Balance 有 5 期被追溯重述（正常现象，get_asof 已按 (报告期, 公告日) 排序处理）",
报告期存在重述,提示,300760.SZSE,15,"Income 有 15 期被追溯重述（正常现象，get_asof 已按 (报告期, 公告日) 排序处理）",
报告期存在重述,提示,300760.SZSE,4,"CashFlow 有 4 期被追溯重述（正常现象，get_asof 已按 (报告期, 公告日) 排序处理）",
报告期存在重述,提示,300760.SZSE,8,"PershareIndex 有 8 期被追溯重述（正常现象，get_asof 已按 (报告期, 公告日) 排序处理）",
报告期存在重述,提示,300803.SZSE,2,"Balance 有 2 期被追溯重述（正常现象，get_asof 已按 (报告期, 公告日) 排序处理）",
报告期存在重述,提示,300803.SZSE,6,"Income 有 6 期被追溯重述（正常现象，get_asof 已按 (报告期, 公告日) 排序处理）",
报告期存在重述,提示,300803.SZSE,2,"CashFlow 有 2 期被追溯重述（正常现象，get_asof 已按 (报告期, 公告日) 排序处理）",
报告期存在重述,提示,300803.SZSE,9,"PershareIndex 有 9 期被追溯重述（正常现象，get_asof 已按 (报告期, 公告日) 排序处理）",
报告期存在重述,提示,300832.SZSE,1,"Balance 有 1 期被追溯重述（正常现象，get_asof 已按 (报告期, 公告日) 排序处理）",
报告期存在重述,提示,300832.SZSE,5,"Income 有 5 期被追溯重述（正常现象，get_asof 已按 (报告期, 公告日) 排序处理）",
报告期存在重述,提示,300832.SZSE,1,"CashFlow 有 1 期被追溯重述（正常现象，get_asof 已按 (报告期, 公告日) 排序处理）",
报告期存在重述,提示,300832.SZSE,3,"PershareIndex 有 3 期被追溯重述（正常现象，get_asof 已按 (报告期, 公告日) 排序处理）",
报告期存在重述,提示,300866.SZSE,3,"Balance 有 3 期被追溯重述（正常现象，get_asof 已按 (报告期, 公告日) 排序处理）",
报告期存在重述,提示,300866.SZSE,12,"Income 有 12 期被追溯重述（正常现象，get_asof 已按 (报告期, 公告日) 排序处理）",
报告期存在重述,提示,300866.SZSE,1,"CashFlow 有 1 期被追溯重述（正常现象，get_asof 已按 (报告期, 公告日) 排序处理）",
报告期存在重述,提示,300866.SZSE,6,"PershareIndex 有 6 期被追溯重述（正常现象，get_asof 已按 (报告期, 公告日) 排序处理）",
报告期存在重述,提示,300896.SZSE,3,"Balance 有 3 期被追溯重述（正常现象，get_asof 已按 (报告期, 公告日) 排序处理）",
报告期存在重述,提示,300896.SZSE,9,"Income 有 9 期被追溯重述（正常现象，get_asof 已按 (报告期, 公告日) 排序处理）",
报告期存在重述,提示,300896.SZSE,3,"CashFlow 有 3 期被追溯重述（正常现象，get_asof 已按 (报告期, 公告日) 排序处理）",
报告期存在重述,提示,300896.SZSE,3,"PershareIndex 有 3 期被追溯重述（正常现象，get_asof 已按 (报告期, 公告日) 排序处理）",
报告期存在重述,提示,300999.SZSE,7,"Balance 有 7 期被追溯重述（正常现象，get_asof 已按 (报告期, 公告日) 排序处理）",
报告期存在重述,提示,300999.SZSE,8,"Income 有 8 期被追溯重述（正常现象，get_asof 已按 (报告期, 公告日) 排序处理）",
报告期存在重述,提示,300999.SZSE,6,"CashFlow 有 6 期被追溯重述（正常现象，get_asof 已按 (报告期, 公告日) 排序处理）",
报告期存在重述,提示,300999.SZSE,4,"PershareIndex 有 4 期被追溯重述（正常现象，get_asof 已按 (报告期, 公告日) 排序处理）",
报告期存在重述,提示,301165.SZSE,8,"Balance 有 8 期被追溯重述（正常现象，get_asof 已按 (报告期, 公告日) 排序处理）",
报告期存在重述,提示,301165.SZSE,13,"Income 有 13 期被追溯重述（正常现象，get_asof 已按 (报告期, 公告日) 排序处理）",
报告期存在重述,提示,301165.SZSE,3,"CashFlow 有 3 期被追溯重述（正常现象，get_asof 已按 (报告期, 公告日) 排序处理）",
报告期存在重述,提示,301165.SZSE,5,"PershareIndex 有 5 期被追溯重述（正常现象，get_asof 已按 (报告期, 公告日) 排序处理）",
报告期存在重述,提示,301236.SZSE,4,"Balance 有 4 期被追溯重述（正常现象，get_asof 已按 (报告期, 公告日) 排序处理）",
报告期存在重述,提示,301236.SZSE,8,"Income 有 8 期被追溯重述（正常现象，get_asof 已按 (报告期, 公告日) 排序处理）",
报告期存在重述,提示,301236.SZSE,4,"CashFlow 有 4 期被追溯重述（正常现象，get_asof 已按 (报告期, 公告日) 排序处理）",
报告期存在重述,提示,301236.SZSE,3,"PershareIndex 有 3 期被追溯重述（正常现象，get_asof 已按 (报告期, 公告日) 排序处理）",
报告期存在重述,提示,301269.SZSE,2,"Balance 有 2 期被追溯重述（正常现象，get_asof 已按 (报告期, 公告日) 排序处理）",
报告期存在重述,提示,301269.SZSE,2,"Income 有 2 期被追溯重述（正常现象，get_asof 已按 (报告期, 公告日) 排序处理）",
报告期存在重述,提示,301308.SZSE,1,"Balance 有 1 期被追溯重述（正常现象，get_asof 已按 (报告期, 公告日) 排序处理）",
报告期存在重述,提示,301308.SZSE,2,"Income 有 2 期被追溯重述（正常现象，get_asof 已按 (报告期, 公告日) 排序处理）",
报告期存在重述,提示,301308.SZSE,2,"CashFlow 有 2 期被追溯重述（正常现象，get_asof 已按 (报告期, 公告日) 排序处理）",
报告期存在重述,提示,301308.SZSE,2,"PershareIndex 有 2 期被追溯重述（正常现象，get_asof 已按 (报告期, 公告日) 排序处理）",
报告期存在重述,提示,302132.SZSE,4,"Balance 有 4 期被追溯重述（正常现象，get_asof 已按 (报告期, 公告日) 排序处理）",
报告期存在重述,提示,302132.SZSE,1,"Income 有 1 期被追溯重述（正常现象，get_asof 已按 (报告期, 公告日) 排序处理）",
报告期存在重述,提示,302132.SZSE,2,"CashFlow 有 2 期被追溯重述（正常现象，get_asof 已按 (报告期, 公告日) 排序处理）",
报告期存在重述,提示,302132.SZSE,13,"PershareIndex 有 13 期被追溯重述（正常现象，get_asof 已按 (报告期, 公告日) 排序处理）",
报告期存在重述,提示,600000.SSE,15,"Balance 有 15 期被追溯重述（正常现象，get_asof 已按 (报告期, 公告日) 排序处理）",
报告期存在重述,提示,600000.SSE,43,"Income 有 43 期被追溯重述（正常现象，get_asof 已按 (报告期, 公告日) 排序处理）",
报告期存在重述,提示,600000.SSE,32,"CashFlow 有 32 期被追溯重述（正常现象，get_asof 已按 (报告期, 公告日) 排序处理）",
报告期存在重述,提示,600000.SSE,10,"PershareIndex 有 10 期被追溯重述（正常现象，get_asof 已按 (报告期, 公告日) 排序处理）",
报告期存在重述,提示,600009.SSE,16,"Balance 有 16 期被追溯重述（正常现象，get_asof 已按 (报告期, 公告日) 排序处理）",
报告期存在重述,提示,600009.SSE,18,"Income 有 18 期被追溯重述（正常现象，get_asof 已按 (报告期, 公告日) 排序处理）",
报告期存在重述,提示,600009.SSE,7,"CashFlow 有 7 期被追溯重述（正常现象，get_asof 已按 (报告期, 公告日) 排序处理）",
报告期存在重述,提示,600009.SSE,3,"PershareIndex 有 3 期被追溯重述（正常现象，get_asof 已按 (报告期, 公告日) 排序处理）",
报告期存在重述,提示,600010.SSE,34,"Balance 有 34 期被追溯重述（正常现象，get_asof 已按 (报告期, 公告日) 排序处理）",
报告期存在重述,提示,600010.SSE,33,"Income 有 33 期被追溯重述（正常现象，get_asof 已按 (报告期, 公告日) 排序处理）",
报告期存在重述,提示,600010.SSE,18,"CashFlow 有 18 期被追溯重述（正常现象，get_asof 已按 (报告期, 公告日) 排序处理）",
报告期存在重述,提示,600010.SSE,13,"PershareIndex 有 13 期被追溯重述（正常现象，get_asof 已按 (报告期, 公告日) 排序处理）",
报告期存在重述,提示,600011.SSE,45,"Balance 有 45 期被追溯重述（正常现象，get_asof 已按 (报告期, 公告日) 排序处理）",
报告期存在重述,提示,600011.SSE,36,"Income 有 36 期被追溯重述（正常现象，get_asof 已按 (报告期, 公告日) 排序处理）",
报告期存在重述,提示,600011.SSE,34,"CashFlow 有 34 期被追溯重述（正常现象，get_asof 已按 (报告期, 公告日) 排序处理）",
报告期存在重述,提示,600011.SSE,9,"PershareIndex 有 9 期被追溯重述（正常现象，get_asof 已按 (报告期, 公告日) 排序处理）",
报告期存在重述,提示,600015.SSE,6,"Balance 有 6 期被追溯重述（正常现象，get_asof 已按 (报告期, 公告日) 排序处理）",
报告期存在重述,提示,600015.SSE,24,"Income 有 24 期被追溯重述（正常现象，get_asof 已按 (报告期, 公告日) 排序处理）",
报告期存在重述,提示,600015.SSE,18,"CashFlow 有 18 期被追溯重述（正常现象，get_asof 已按 (报告期, 公告日) 排序处理）",
报告期存在重述,提示,600015.SSE,8,"PershareIndex 有 8 期被追溯重述（正常现象，get_asof 已按 (报告期, 公告日) 排序处理）",
报告期存在重述,提示,600016.SSE,10,"Balance 有 10 期被追溯重述（正常现象，get_asof 已按 (报告期, 公告日) 排序处理）",
报告期存在重述,提示,600016.SSE,28,"Income 有 28 期被追溯重述（正常现象，get_asof 已按 (报告期, 公告日) 排序处理）",
报告期存在重述,提示,600016.SSE,26,"CashFlow 有 26 期被追溯重述（正常现象，get_asof 已按 (报告期, 公告日) 排序处理）",
报告期存在重述,提示,600016.SSE,9,"PershareIndex 有 9 期被追溯重述（正常现象，get_asof 已按 (报告期, 公告日) 排序处理）",
报告期存在重述,提示,600018.SSE,35,"Balance 有 35 期被追溯重述（正常现象，get_asof 已按 (报告期, 公告日) 排序处理）",
报告期存在重述,提示,600018.SSE,22,"Income 有 22 期被追溯重述（正常现象，get_asof 已按 (报告期, 公告日) 排序处理）",
报告期存在重述,提示,600018.SSE,8,"CashFlow 有 8 期被追溯重述（正常现象，get_asof 已按 (报告期, 公告日) 排序处理）",
报告期存在重述,提示,600018.SSE,4,"PershareIndex 有 4 期被追溯重述（正常现象，get_asof 已按 (报告期, 公告日) 排序处理）",
报告期存在重述,提示,600019.SSE,29,"Balance 有 29 期被追溯重述（正常现象，get_asof 已按 (报告期, 公告日) 排序处理）",
报告期存在重述,提示,600019.SSE,41,"Income 有 41 期被追溯重述（正常现象，get_asof 已按 (报告期, 公告日) 排序处理）",
报告期存在重述,提示,600019.SSE,35,"CashFlow 有 35 期被追溯重述（正常现象，get_asof 已按 (报告期, 公告日) 排序处理）",
报告期存在重述,提示,600019.SSE,14,"PershareIndex 有 14 期被追溯重述（正常现象，get_asof 已按 (报告期, 公告日) 排序处理）",
报告期存在重述,提示,600023.SSE,32,"Balance 有 32 期被追溯重述（正常现象，get_asof 已按 (报告期, 公告日) 排序处理）",
报告期存在重述,提示,600023.SSE,33,"Income 有 33 期被追溯重述（正常现象，get_asof 已按 (报告期, 公告日) 排序处理）",
报告期存在重述,提示,600023.SSE,12,"CashFlow 有 12 期被追溯重述（正常现象，get_asof 已按 (报告期, 公告日) 排序处理）",
报告期存在重述,提示,600023.SSE,17,"PershareIndex 有 17 期被追溯重述（正常现象，get_asof 已按 (报告期, 公告日) 排序处理）",
报告期存在重述,提示,600025.SSE,20,"Balance 有 20 期被追溯重述（正常现象，get_asof 已按 (报告期, 公告日) 排序处理）",
报告期存在重述,提示,600025.SSE,19,"Income 有 19 期被追溯重述（正常现象，get_asof 已按 (报告期, 公告日) 排序处理）",
报告期存在重述,提示,600025.SSE,7,"CashFlow 有 7 期被追溯重述（正常现象，get_asof 已按 (报告期, 公告日) 排序处理）",
报告期存在重述,提示,600025.SSE,9,"PershareIndex 有 9 期被追溯重述（正常现象，get_asof 已按 (报告期, 公告日) 排序处理）",
报告期存在重述,提示,600026.SSE,27,"Balance 有 27 期被追溯重述（正常现象，get_asof 已按 (报告期, 公告日) 排序处理）",
报告期存在重述,提示,600026.SSE,40,"Income 有 40 期被追溯重述（正常现象，get_asof 已按 (报告期, 公告日) 排序处理）",
报告期存在重述,提示,600026.SSE,28,"CashFlow 有 28 期被追溯重述（正常现象，get_asof 已按 (报告期, 公告日) 排序处理）",
报告期存在重述,提示,600026.SSE,10,"PershareIndex 有 10 期被追溯重述（正常现象，get_asof 已按 (报告期, 公告日) 排序处理）",
报告期存在重述,提示,600027.SSE,46,"Balance 有 46 期被追溯重述（正常现象，get_asof 已按 (报告期, 公告日) 排序处理）",
报告期存在重述,提示,600027.SSE,45,"Income 有 45 期被追溯重述（正常现象，get_asof 已按 (报告期, 公告日) 排序处理）",
报告期存在重述,提示,600027.SSE,35,"CashFlow 有 35 期被追溯重述（正常现象，get_asof 已按 (报告期, 公告日) 排序处理）",
报告期存在重述,提示,600027.SSE,14,"PershareIndex 有 14 期被追溯重述（正常现象，get_asof 已按 (报告期, 公告日) 排序处理）",
报告期存在重述,提示,600028.SSE,43,"Balance 有 43 期被追溯重述（正常现象，get_asof 已按 (报告期, 公告日) 排序处理）",
报告期存在重述,提示,600028.SSE,49,"Income 有 49 期被追溯重述（正常现象，get_asof 已按 (报告期, 公告日) 排序处理）",
报告期存在重述,提示,600028.SSE,43,"CashFlow 有 43 期被追溯重述（正常现象，get_asof 已按 (报告期, 公告日) 排序处理）",
报告期存在重述,提示,600028.SSE,12,"PershareIndex 有 12 期被追溯重述（正常现象，get_asof 已按 (报告期, 公告日) 排序处理）",
报告期存在重述,提示,600029.SSE,66,"Balance 有 66 期被追溯重述（正常现象，get_asof 已按 (报告期, 公告日) 排序处理）",
报告期存在重述,提示,600029.SSE,30,"Income 有 30 期被追溯重述（正常现象，get_asof 已按 (报告期, 公告日) 排序处理）",
报告期存在重述,提示,600029.SSE,18,"CashFlow 有 18 期被追溯重述（正常现象，get_asof 已按 (报告期, 公告日) 排序处理）",
报告期存在重述,提示,600029.SSE,9,"PershareIndex 有 9 期被追溯重述（正常现象，get_asof 已按 (报告期, 公告日) 排序处理）",
报告期存在重述,提示,600030.SSE,15,"Balance 有 15 期被追溯重述（正常现象，get_asof 已按 (报告期, 公告日) 排序处理）",
报告期存在重述,提示,600030.SSE,27,"Income 有 27 期被追溯重述（正常现象，get_asof 已按 (报告期, 公告日) 排序处理）",
报告期存在重述,提示,600030.SSE,49,"CashFlow 有 49 期被追溯重述（正常现象，get_asof 已按 (报告期, 公告日) 排序处理）",
报告期存在重述,提示,600030.SSE,13,"PershareIndex 有 13 期被追溯重述（正常现象，get_asof 已按 (报告期, 公告日) 排序处理）",
报告期存在重述,提示,600031.SSE,39,"Balance 有 39 期被追溯重述（正常现象，get_asof 已按 (报告期, 公告日) 排序处理）",
报告期存在重述,提示,600031.SSE,52,"Income 有 52 期被追溯重述（正常现象，get_asof 已按 (报告期, 公告日) 排序处理）",
报告期存在重述,提示,600031.SSE,34,"CashFlow 有 34 期被追溯重述（正常现象，get_asof 已按 (报告期, 公告日) 排序处理）",
报告期存在重述,提示,600031.SSE,13,"PershareIndex 有 13 期被追溯重述（正常现象，get_asof 已按 (报告期, 公告日) 排序处理）",
报告期存在重述,提示,600036.SSE,12,"Balance 有 12 期被追溯重述（正常现象，get_asof 已按 (报告期, 公告日) 排序处理）",
报告期存在重述,提示,600036.SSE,31,"Income 有 31 期被追溯重述（正常现象，get_asof 已按 (报告期, 公告日) 排序处理）",
报告期存在重述,提示,600036.SSE,45,"CashFlow 有 45 期被追溯重述（正常现象，get_asof 已按 (报告期, 公告日) 排序处理）",
报告期存在重述,提示,600036.SSE,10,"PershareIndex 有 10 期被追溯重述（正常现象，get_asof 已按 (报告期, 公告日) 排序处理）",
报告期存在重述,提示,600039.SSE,39,"Balance 有 39 期被追溯重述（正常现象，get_asof 已按 (报告期, 公告日) 排序处理）",
报告期存在重述,提示,600039.SSE,40,"Income 有 40 期被追溯重述（正常现象，get_asof 已按 (报告期, 公告日) 排序处理）",
报告期存在重述,提示,600039.SSE,19,"CashFlow 有 19 期被追溯重述（正常现象，get_asof 已按 (报告期, 公告日) 排序处理）",
报告期存在重述,提示,600039.SSE,11,"PershareIndex 有 11 期被追溯重述（正常现象，get_asof 已按 (报告期, 公告日) 排序处理）",
报告期存在重述,提示,600048.SSE,12,"Balance 有 12 期被追溯重述（正常现象，get_asof 已按 (报告期, 公告日) 排序处理）",
报告期存在重述,提示,600048.SSE,41,"Income 有 41 期被追溯重述（正常现象，get_asof 已按 (报告期, 公告日) 排序处理）",
报告期存在重述,提示,600048.SSE,15,"CashFlow 有 15 期被追溯重述（正常现象，get_asof 已按 (报告期, 公告日) 排序处理）",
报告期存在重述,提示,600048.SSE,12,"PershareIndex 有 12 期被追溯重述（正常现象，get_asof 已按 (报告期, 公告日) 排序处理）",
报告期存在重述,提示,600050.SSE,42,"Balance 有 42 期被追溯重述（正常现象，get_asof 已按 (报告期, 公告日) 排序处理）",
报告期存在重述,提示,600050.SSE,40,"Income 有 40 期被追溯重述（正常现象，get_asof 已按 (报告期, 公告日) 排序处理）",
报告期存在重述,提示,600050.SSE,27,"CashFlow 有 27 期被追溯重述（正常现象，get_asof 已按 (报告期, 公告日) 排序处理）",
报告期存在重述,提示,600050.SSE,13,"PershareIndex 有 13 期被追溯重述（正常现象，get_asof 已按 (报告期, 公告日) 排序处理）",
报告期存在重述,提示,600061.SSE,15,"Balance 有 15 期被追溯重述（正常现象，get_asof 已按 (报告期, 公告日) 排序处理）",
报告期存在重述,提示,600061.SSE,29,"Income 有 29 期被追溯重述（正常现象，get_asof 已按 (报告期, 公告日) 排序处理）",
报告期存在重述,提示,600061.SSE,26,"CashFlow 有 26 期被追溯重述（正常现象，get_asof 已按 (报告期, 公告日) 排序处理）",
报告期存在重述,提示,600061.SSE,12,"PershareIndex 有 12 期被追溯重述（正常现象，get_asof 已按 (报告期, 公告日) 排序处理）",
报告期存在重述,提示,600066.SSE,42,"Balance 有 42 期被追溯重述（正常现象，get_asof 已按 (报告期, 公告日) 排序处理）",
报告期存在重述,提示,600066.SSE,45,"Income 有 45 期被追溯重述（正常现象，get_asof 已按 (报告期, 公告日) 排序处理）",
报告期存在重述,提示,600066.SSE,31,"CashFlow 有 31 期被追溯重述（正常现象，get_asof 已按 (报告期, 公告日) 排序处理）",
报告期存在重述,提示,600066.SSE,12,"PershareIndex 有 12 期被追溯重述（正常现象，get_asof 已按 (报告期, 公告日) 排序处理）",
报告期存在重述,提示,600085.SSE,13,"Balance 有 13 期被追溯重述（正常现象，get_asof 已按 (报告期, 公告日) 排序处理）",
报告期存在重述,提示,600085.SSE,43,"Income 有 43 期被追溯重述（正常现象，get_asof 已按 (报告期, 公告日) 排序处理）",
报告期存在重述,提示,600085.SSE,29,"CashFlow 有 29 期被追溯重述（正常现象，get_asof 已按 (报告期, 公告日) 排序处理）",
报告期存在重述,提示,600085.SSE,13,"PershareIndex 有 13 期被追溯重述（正常现象，get_asof 已按 (报告期, 公告日) 排序处理）",
报告期存在重述,提示,600089.SSE,31,"Balance 有 31 期被追溯重述（正常现象，get_asof 已按 (报告期, 公告日) 排序处理）",
报告期存在重述,提示,600089.SSE,29,"Income 有 29 期被追溯重述（正常现象，get_asof 已按 (报告期, 公告日) 排序处理）",
报告期存在重述,提示,600089.SSE,16,"CashFlow 有 16 期被追溯重述（正常现象，get_asof 已按 (报告期, 公告日) 排序处理）",
报告期存在重述,提示,600089.SSE,16,"PershareIndex 有 16 期被追溯重述（正常现象，get_asof 已按 (报告期, 公告日) 排序处理）",
报告期存在重述,提示,600104.SSE,11,"Balance 有 11 期被追溯重述（正常现象，get_asof 已按 (报告期, 公告日) 排序处理）",
报告期存在重述,提示,600104.SSE,42,"Income 有 42 期被追溯重述（正常现象，get_asof 已按 (报告期, 公告日) 排序处理）",
报告期存在重述,提示,600104.SSE,19,"CashFlow 有 19 期被追溯重述（正常现象，get_asof 已按 (报告期, 公告日) 排序处理）",
报告期存在重述,提示,600104.SSE,11,"PershareIndex 有 11 期被追溯重述（正常现象，get_asof 已按 (报告期, 公告日) 排序处理）",
报告期存在重述,提示,600111.SSE,48,"Balance 有 48 期被追溯重述（正常现象，get_asof 已按 (报告期, 公告日) 排序处理）",
报告期存在重述,提示,600111.SSE,54,"Income 有 54 期被追溯重述（正常现象，get_asof 已按 (报告期, 公告日) 排序处理）",
报告期存在重述,提示,600111.SSE,20,"CashFlow 有 20 期被追溯重述（正常现象，get_asof 已按 (报告期, 公告日) 排序处理）",
报告期存在重述,提示,600111.SSE,26,"PershareIndex 有 26 期被追溯重述（正常现象，get_asof 已按 (报告期, 公告日) 排序处理）",
报告期存在重述,提示,600115.SSE,35,"Balance 有 35 期被追溯重述（正常现象，get_asof 已按 (报告期, 公告日) 排序处理）",
报告期存在重述,提示,600115.SSE,38,"Income 有 38 期被追溯重述（正常现象，get_asof 已按 (报告期, 公告日) 排序处理）",
报告期存在重述,提示,600115.SSE,36,"CashFlow 有 36 期被追溯重述（正常现象，get_asof 已按 (报告期, 公告日) 排序处理）",
报告期存在重述,提示,600115.SSE,11,"PershareIndex 有 11 期被追溯重述（正常现象，get_asof 已按 (报告期, 公告日) 排序处理）",
报告期存在重述,提示,600118.SSE,14,"Balance 有 14 期被追溯重述（正常现象，get_asof 已按 (报告期, 公告日) 排序处理）",
报告期存在重述,提示,600118.SSE,48,"Income 有 48 期被追溯重述（正常现象，get_asof 已按 (报告期, 公告日) 排序处理）",
报告期存在重述,提示,600118.SSE,16,"CashFlow 有 16 期被追溯重述（正常现象，get_asof 已按 (报告期, 公告日) 排序处理）",
报告期存在重述,提示,600118.SSE,10,"PershareIndex 有 10 期被追溯重述（正常现象，get_asof 已按 (报告期, 公告日) 排序处理）",
报告期存在重述,提示,600150.SSE,20,"Balance 有 20 期被追溯重述（正常现象，get_asof 已按 (报告期, 公告日) 排序处理）",
报告期存在重述,提示,600150.SSE,51,"Income 有 51 期被追溯重述（正常现象，get_asof 已按 (报告期, 公告日) 排序处理）",
报告期存在重述,提示,600150.SSE,37,"CashFlow 有 37 期被追溯重述（正常现象，get_asof 已按 (报告期, 公告日) 排序处理）",
报告期存在重述,提示,600150.SSE,10,"PershareIndex 有 10 期被追溯重述（正常现象，get_asof 已按 (报告期, 公告日) 排序处理）",
报告期存在重述,提示,600160.SSE,39,"Balance 有 39 期被追溯重述（正常现象，get_asof 已按 (报告期, 公告日) 排序处理）",
报告期存在重述,提示,600160.SSE,46,"Income 有 46 期被追溯重述（正常现象，get_asof 已按 (报告期, 公告日) 排序处理）",
报告期存在重述,提示,600160.SSE,32,"CashFlow 有 32 期被追溯重述（正常现象，get_asof 已按 (报告期, 公告日) 排序处理）",
报告期存在重述,提示,600160.SSE,13,"PershareIndex 有 13 期被追溯重述（正常现象，get_asof 已按 (报告期, 公告日) 排序处理）",
报告期存在重述,提示,600176.SSE,15,"Balance 有 15 期被追溯重述（正常现象，get_asof 已按 (报告期, 公告日) 排序处理）",
报告期存在重述,提示,600176.SSE,33,"Income 有 33 期被追溯重述（正常现象，get_asof 已按 (报告期, 公告日) 排序处理）",
报告期存在重述,提示,600176.SSE,8,"CashFlow 有 8 期被追溯重述（正常现象，get_asof 已按 (报告期, 公告日) 排序处理）",
报告期存在重述,提示,600176.SSE,9,"PershareIndex 有 9 期被追溯重述（正常现象，get_asof 已按 (报告期, 公告日) 排序处理）",
报告期存在重述,提示,600183.SSE,3,"Balance 有 3 期被追溯重述（正常现象，get_asof 已按 (报告期, 公告日) 排序处理）",
报告期存在重述,提示,600183.SSE,34,"Income 有 34 期被追溯重述（正常现象，get_asof 已按 (报告期, 公告日) 排序处理）",
报告期存在重述,提示,600183.SSE,4,"CashFlow 有 4 期被追溯重述（正常现象，get_asof 已按 (报告期, 公告日) 排序处理）",
报告期存在重述,提示,600183.SSE,4,"PershareIndex 有 4 期被追溯重述（正常现象，get_asof 已按 (报告期, 公告日) 排序处理）",
报告期存在重述,提示,600188.SSE,44,"Balance 有 44 期被追溯重述（正常现象，get_asof 已按 (报告期, 公告日) 排序处理）",
报告期存在重述,提示,600188.SSE,50,"Income 有 50 期被追溯重述（正常现象，get_asof 已按 (报告期, 公告日) 排序处理）",
报告期存在重述,提示,600188.SSE,45,"CashFlow 有 45 期被追溯重述（正常现象，get_asof 已按 (报告期, 公告日) 排序处理）",
报告期存在重述,提示,600188.SSE,14,"PershareIndex 有 14 期被追溯重述（正常现象，get_asof 已按 (报告期, 公告日) 排序处理）",
报告期存在重述,提示,600196.SSE,44,"Balance 有 44 期被追溯重述（正常现象，get_asof 已按 (报告期, 公告日) 排序处理）",
报告期存在重述,提示,600196.SSE,35,"Income 有 35 期被追溯重述（正常现象，get_asof 已按 (报告期, 公告日) 排序处理）",
报告期存在重述,提示,600196.SSE,20,"CashFlow 有 20 期被追溯重述（正常现象，get_asof 已按 (报告期, 公告日) 排序处理）",
报告期存在重述,提示,600196.SSE,12,"PershareIndex 有 12 期被追溯重述（正常现象，get_asof 已按 (报告期, 公告日) 排序处理）",
报告期存在重述,提示,600219.SSE,24,"Balance 有 24 期被追溯重述（正常现象，get_asof 已按 (报告期, 公告日) 排序处理）",
报告期存在重述,提示,600219.SSE,28,"Income 有 28 期被追溯重述（正常现象，get_asof 已按 (报告期, 公告日) 排序处理）",
报告期存在重述,提示,600219.SSE,13,"CashFlow 有 13 期被追溯重述（正常现象，get_asof 已按 (报告期, 公告日) 排序处理）",
报告期存在重述,提示,600219.SSE,9,"PershareIndex 有 9 期被追溯重述（正常现象，get_asof 已按 (报告期, 公告日) 排序处理）",
报告期存在重述,提示,600221.SSE,14,"Balance 有 14 期被追溯重述（正常现象，get_asof 已按 (报告期, 公告日) 排序处理）",
报告期存在重述,提示,600221.SSE,26,"Income 有 26 期被追溯重述（正常现象，get_asof 已按 (报告期, 公告日) 排序处理）",
报告期存在重述,提示,600221.SSE,24,"CashFlow 有 24 期被追溯重述（正常现象，get_asof 已按 (报告期, 公告日) 排序处理）",
报告期存在重述,提示,600221.SSE,14,"PershareIndex 有 14 期被追溯重述（正常现象，get_asof 已按 (报告期, 公告日) 排序处理）",
报告期存在重述,提示,600233.SSE,9,"Balance 有 9 期被追溯重述（正常现象，get_asof 已按 (报告期, 公告日) 排序处理）",
报告期存在重述,提示,600233.SSE,31,"Income 有 31 期被追溯重述（正常现象，get_asof 已按 (报告期, 公告日) 排序处理）",
报告期存在重述,提示,600233.SSE,20,"CashFlow 有 20 期被追溯重述（正常现象，get_asof 已按 (报告期, 公告日) 排序处理）",
报告期存在重述,提示,600233.SSE,9,"PershareIndex 有 9 期被追溯重述（正常现象，get_asof 已按 (报告期, 公告日) 排序处理）",
报告期存在重述,提示,600276.SSE,8,"Balance 有 8 期被追溯重述（正常现象，get_asof 已按 (报告期, 公告日) 排序处理）",
报告期存在重述,提示,600276.SSE,55,"Income 有 55 期被追溯重述（正常现象，get_asof 已按 (报告期, 公告日) 排序处理）",
报告期存在重述,提示,600276.SSE,8,"CashFlow 有 8 期被追溯重述（正常现象，get_asof 已按 (报告期, 公告日) 排序处理）",
报告期存在重述,提示,600276.SSE,15,"PershareIndex 有 15 期被追溯重述（正常现象，get_asof 已按 (报告期, 公告日) 排序处理）",
报告期存在重述,提示,600309.SSE,32,"Balance 有 32 期被追溯重述（正常现象，get_asof 已按 (报告期, 公告日) 排序处理）",
报告期存在重述,提示,600309.SSE,32,"Income 有 32 期被追溯重述（正常现象，get_asof 已按 (报告期, 公告日) 排序处理）",
报告期存在重述,提示,600309.SSE,8,"CashFlow 有 8 期被追溯重述（正常现象，get_asof 已按 (报告期, 公告日) 排序处理）",
报告期存在重述,提示,600309.SSE,14,"PershareIndex 有 14 期被追溯重述（正常现象，get_asof 已按 (报告期, 公告日) 排序处理）",
报告期存在重述,提示,600346.SSE,42,"Balance 有 42 期被追溯重述（正常现象，get_asof 已按 (报告期, 公告日) 排序处理）",
报告期存在重述,提示,600346.SSE,29,"Income 有 29 期被追溯重述（正常现象，get_asof 已按 (报告期, 公告日) 排序处理）",
报告期存在重述,提示,600346.SSE,19,"CashFlow 有 19 期被追溯重述（正常现象，get_asof 已按 (报告期, 公告日) 排序处理）",
报告期存在重述,提示,600346.SSE,8,"PershareIndex 有 8 期被追溯重述（正常现象，get_asof 已按 (报告期, 公告日) 排序处理）",
报告期存在重述,提示,600362.SSE,57,"Balance 有 57 期被追溯重述（正常现象，get_asof 已按 (报告期, 公告日) 排序处理）",
报告期存在重述,提示,600362.SSE,36,"Income 有 36 期被追溯重述（正常现象，get_asof 已按 (报告期, 公告日) 排序处理）",
报告期存在重述,提示,600362.SSE,31,"CashFlow 有 31 期被追溯重述（正常现象，get_asof 已按 (报告期, 公告日) 排序处理）",
报告期存在重述,提示,600362.SSE,10,"PershareIndex 有 10 期被追溯重述（正常现象，get_asof 已按 (报告期, 公告日) 排序处理）",
报告期存在重述,提示,600372.SSE,35,"Balance 有 35 期被追溯重述（正常现象，get_asof 已按 (报告期, 公告日) 排序处理）",
报告期存在重述,提示,600372.SSE,49,"Income 有 49 期被追溯重述（正常现象，get_asof 已按 (报告期, 公告日) 排序处理）",
报告期存在重述,提示,600372.SSE,24,"CashFlow 有 24 期被追溯重述（正常现象，get_asof 已按 (报告期, 公告日) 排序处理）",
报告期存在重述,提示,600372.SSE,10,"PershareIndex 有 10 期被追溯重述（正常现象，get_asof 已按 (报告期, 公告日) 排序处理）",
报告期存在重述,提示,600406.SSE,27,"Balance 有 27 期被追溯重述（正常现象，get_asof 已按 (报告期, 公告日) 排序处理）",
报告期存在重述,提示,600406.SSE,56,"Income 有 56 期被追溯重述（正常现象，get_asof 已按 (报告期, 公告日) 排序处理）",
报告期存在重述,提示,600406.SSE,36,"CashFlow 有 36 期被追溯重述（正常现象，get_asof 已按 (报告期, 公告日) 排序处理）",
报告期存在重述,提示,600406.SSE,14,"PershareIndex 有 14 期被追溯重述（正常现象，get_asof 已按 (报告期, 公告日) 排序处理）",
报告期存在重述,提示,600415.SSE,4,"Balance 有 4 期被追溯重述（正常现象，get_asof 已按 (报告期, 公告日) 排序处理）",
报告期存在重述,提示,600415.SSE,33,"Income 有 33 期被追溯重述（正常现象，get_asof 已按 (报告期, 公告日) 排序处理）",
报告期存在重述,提示,600415.SSE,16,"CashFlow 有 16 期被追溯重述（正常现象，get_asof 已按 (报告期, 公告日) 排序处理）",
报告期存在重述,提示,600415.SSE,11,"PershareIndex 有 11 期被追溯重述（正常现象，get_asof 已按 (报告期, 公告日) 排序处理）",
报告期存在重述,提示,600426.SSE,35,"Balance 有 35 期被追溯重述（正常现象，get_asof 已按 (报告期, 公告日) 排序处理）",
报告期存在重述,提示,600426.SSE,34,"Income 有 34 期被追溯重述（正常现象，get_asof 已按 (报告期, 公告日) 排序处理）",
报告期存在重述,提示,600426.SSE,10,"CashFlow 有 10 期被追溯重述（正常现象，get_asof 已按 (报告期, 公告日) 排序处理）",
报告期存在重述,提示,600426.SSE,12,"PershareIndex 有 12 期被追溯重述（正常现象，get_asof 已按 (报告期, 公告日) 排序处理）",
报告期存在重述,提示,600436.SSE,15,"Balance 有 15 期被追溯重述（正常现象，get_asof 已按 (报告期, 公告日) 排序处理）",
报告期存在重述,提示,600436.SSE,34,"Income 有 34 期被追溯重述（正常现象，get_asof 已按 (报告期, 公告日) 排序处理）",
报告期存在重述,提示,600436.SSE,11,"CashFlow 有 11 期被追溯重述（正常现象，get_asof 已按 (报告期, 公告日) 排序处理）",
报告期存在重述,提示,600436.SSE,9,"PershareIndex 有 9 期被追溯重述（正常现象，get_asof 已按 (报告期, 公告日) 排序处理）",
报告期存在重述,提示,600438.SSE,28,"Balance 有 28 期被追溯重述（正常现象，get_asof 已按 (报告期, 公告日) 排序处理）",
报告期存在重述,提示,600438.SSE,32,"Income 有 32 期被追溯重述（正常现象，get_asof 已按 (报告期, 公告日) 排序处理）",
报告期存在重述,提示,600438.SSE,19,"CashFlow 有 19 期被追溯重述（正常现象，get_asof 已按 (报告期, 公告日) 排序处理）",
报告期存在重述,提示,600438.SSE,10,"PershareIndex 有 10 期被追溯重述（正常现象，get_asof 已按 (报告期, 公告日) 排序处理）",
报告期存在重述,提示,600460.SSE,6,"Balance 有 6 期被追溯重述（正常现象，get_asof 已按 (报告期, 公告日) 排序处理）",
报告期存在重述,提示,600460.SSE,28,"Income 有 28 期被追溯重述（正常现象，get_asof 已按 (报告期, 公告日) 排序处理）",
报告期存在重述,提示,600460.SSE,3,"CashFlow 有 3 期被追溯重述（正常现象，get_asof 已按 (报告期, 公告日) 排序处理）",
报告期存在重述,提示,600460.SSE,6,"PershareIndex 有 6 期被追溯重述（正常现象，get_asof 已按 (报告期, 公告日) 排序处理）",
报告期存在重述,提示,600482.SSE,25,"Balance 有 25 期被追溯重述（正常现象，get_asof 已按 (报告期, 公告日) 排序处理）",
报告期存在重述,提示,600482.SSE,34,"Income 有 34 期被追溯重述（正常现象，get_asof 已按 (报告期, 公告日) 排序处理）",
报告期存在重述,提示,600482.SSE,27,"CashFlow 有 27 期被追溯重述（正常现象，get_asof 已按 (报告期, 公告日) 排序处理）",
报告期存在重述,提示,600482.SSE,15,"PershareIndex 有 15 期被追溯重述（正常现象，get_asof 已按 (报告期, 公告日) 排序处理）",
报告期存在重述,提示,600489.SSE,34,"Balance 有 34 期被追溯重述（正常现象，get_asof 已按 (报告期, 公告日) 排序处理）",
报告期存在重述,提示,600489.SSE,43,"Income 有 43 期被追溯重述（正常现象，get_asof 已按 (报告期, 公告日) 排序处理）",
报告期存在重述,提示,600489.SSE,37,"CashFlow 有 37 期被追溯重述（正常现象，get_asof 已按 (报告期, 公告日) 排序处理）",
报告期存在重述,提示,600489.SSE,11,"PershareIndex 有 11 期被追溯重述（正常现象，get_asof 已按 (报告期, 公告日) 排序处理）",
报告期存在重述,提示,600515.SSE,39,"Balance 有 39 期被追溯重述（正常现象，get_asof 已按 (报告期, 公告日) 排序处理）",
报告期存在重述,提示,600515.SSE,43,"Income 有 43 期被追溯重述（正常现象，get_asof 已按 (报告期, 公告日) 排序处理）",
报告期存在重述,提示,600515.SSE,25,"CashFlow 有 25 期被追溯重述（正常现象，get_asof 已按 (报告期, 公告日) 排序处理）",
报告期存在重述,提示,600515.SSE,15,"PershareIndex 有 15 期被追溯重述（正常现象，get_asof 已按 (报告期, 公告日) 排序处理）",
报告期存在重述,提示,600519.SSE,3,"Balance 有 3 期被追溯重述（正常现象，get_asof 已按 (报告期, 公告日) 排序处理）",
报告期存在重述,提示,600519.SSE,22,"Income 有 22 期被追溯重述（正常现象，get_asof 已按 (报告期, 公告日) 排序处理）",
报告期存在重述,提示,600519.SSE,4,"CashFlow 有 4 期被追溯重述（正常现象，get_asof 已按 (报告期, 公告日) 排序处理）",
报告期存在重述,提示,600519.SSE,6,"PershareIndex 有 6 期被追溯重述（正常现象，get_asof 已按 (报告期, 公告日) 排序处理）",
报告期存在重述,提示,600522.SSE,32,"Balance 有 32 期被追溯重述（正常现象，get_asof 已按 (报告期, 公告日) 排序处理）",
报告期存在重述,提示,600522.SSE,56,"Income 有 56 期被追溯重述（正常现象，get_asof 已按 (报告期, 公告日) 排序处理）",
报告期存在重述,提示,600522.SSE,34,"CashFlow 有 34 期被追溯重述（正常现象，get_asof 已按 (报告期, 公告日) 排序处理）",
报告期存在重述,提示,600522.SSE,22,"PershareIndex 有 22 期被追溯重述（正常现象，get_asof 已按 (报告期, 公告日) 排序处理）",
报告期存在重述,提示,600547.SSE,42,"Balance 有 42 期被追溯重述（正常现象，get_asof 已按 (报告期, 公告日) 排序处理）",
报告期存在重述,提示,600547.SSE,40,"Income 有 40 期被追溯重述（正常现象，get_asof 已按 (报告期, 公告日) 排序处理）",
报告期存在重述,提示,600547.SSE,16,"CashFlow 有 16 期被追溯重述（正常现象，get_asof 已按 (报告期, 公告日) 排序处理）",
报告期存在重述,提示,600547.SSE,12,"PershareIndex 有 12 期被追溯重述（正常现象，get_asof 已按 (报告期, 公告日) 排序处理）",
报告期存在重述,提示,600549.SSE,31,"Balance 有 31 期被追溯重述（正常现象，get_asof 已按 (报告期, 公告日) 排序处理）",
报告期存在重述,提示,600549.SSE,36,"Income 有 36 期被追溯重述（正常现象，get_asof 已按 (报告期, 公告日) 排序处理）",
报告期存在重述,提示,600549.SSE,21,"CashFlow 有 21 期被追溯重述（正常现象，get_asof 已按 (报告期, 公告日) 排序处理）",
报告期存在重述,提示,600549.SSE,12,"PershareIndex 有 12 期被追溯重述（正常现象，get_asof 已按 (报告期, 公告日) 排序处理）",
报告期存在重述,提示,600570.SSE,7,"Balance 有 7 期被追溯重述（正常现象，get_asof 已按 (报告期, 公告日) 排序处理）",
报告期存在重述,提示,600570.SSE,39,"Income 有 39 期被追溯重述（正常现象，get_asof 已按 (报告期, 公告日) 排序处理）",
报告期存在重述,提示,600570.SSE,5,"CashFlow 有 5 期被追溯重述（正常现象，get_asof 已按 (报告期, 公告日) 排序处理）",
报告期存在重述,提示,600570.SSE,12,"PershareIndex 有 12 期被追溯重述（正常现象，get_asof 已按 (报告期, 公告日) 排序处理）",
报告期存在重述,提示,600584.SSE,20,"Balance 有 20 期被追溯重述（正常现象，get_asof 已按 (报告期, 公告日) 排序处理）",
报告期存在重述,提示,600584.SSE,24,"Income 有 24 期被追溯重述（正常现象，get_asof 已按 (报告期, 公告日) 排序处理）",
报告期存在重述,提示,600584.SSE,10,"CashFlow 有 10 期被追溯重述（正常现象，get_asof 已按 (报告期, 公告日) 排序处理）",
报告期存在重述,提示,600584.SSE,5,"PershareIndex 有 5 期被追溯重述（正常现象，get_asof 已按 (报告期, 公告日) 排序处理）",
报告期存在重述,提示,600585.SSE,32,"Balance 有 32 期被追溯重述（正常现象，get_asof 已按 (报告期, 公告日) 排序处理）",
报告期存在重述,提示,600585.SSE,34,"Income 有 34 期被追溯重述（正常现象，get_asof 已按 (报告期, 公告日) 排序处理）",
报告期存在重述,提示,600585.SSE,23,"CashFlow 有 23 期被追溯重述（正常现象，get_asof 已按 (报告期, 公告日) 排序处理）",
报告期存在重述,提示,600585.SSE,7,"PershareIndex 有 7 期被追溯重述（正常现象，get_asof 已按 (报告期, 公告日) 排序处理）",
报告期存在重述,提示,600588.SSE,15,"Balance 有 15 期被追溯重述（正常现象，get_asof 已按 (报告期, 公告日) 排序处理）",
报告期存在重述,提示,600588.SSE,53,"Income 有 53 期被追溯重述（正常现象，get_asof 已按 (报告期, 公告日) 排序处理）",
报告期存在重述,提示,600588.SSE,9,"CashFlow 有 9 期被追溯重述（正常现象，get_asof 已按 (报告期, 公告日) 排序处理）",
报告期存在重述,提示,600588.SSE,17,"PershareIndex 有 17 期被追溯重述（正常现象，get_asof 已按 (报告期, 公告日) 排序处理）",
报告期存在重述,提示,600600.SSE,37,"Balance 有 37 期被追溯重述（正常现象，get_asof 已按 (报告期, 公告日) 排序处理）",
报告期存在重述,提示,600600.SSE,27,"Income 有 27 期被追溯重述（正常现象，get_asof 已按 (报告期, 公告日) 排序处理）",
报告期存在重述,提示,600600.SSE,19,"CashFlow 有 19 期被追溯重述（正常现象，get_asof 已按 (报告期, 公告日) 排序处理）",
报告期存在重述,提示,600600.SSE,6,"PershareIndex 有 6 期被追溯重述（正常现象，get_asof 已按 (报告期, 公告日) 排序处理）",
报告期存在重述,提示,600660.SSE,6,"Balance 有 6 期被追溯重述（正常现象，get_asof 已按 (报告期, 公告日) 排序处理）",
报告期存在重述,提示,600660.SSE,27,"Income 有 27 期被追溯重述（正常现象，get_asof 已按 (报告期, 公告日) 排序处理）",
报告期存在重述,提示,600660.SSE,6,"CashFlow 有 6 期被追溯重述（正常现象，get_asof 已按 (报告期, 公告日) 排序处理）",
报告期存在重述,提示,600660.SSE,6,"PershareIndex 有 6 期被追溯重述（正常现象，get_asof 已按 (报告期, 公告日) 排序处理）",
报告期存在重述,提示,600674.SSE,9,"Balance 有 9 期被追溯重述（正常现象，get_asof 已按 (报告期, 公告日) 排序处理）",
报告期存在重述,提示,600674.SSE,28,"Income 有 28 期被追溯重述（正常现象，get_asof 已按 (报告期, 公告日) 排序处理）",
报告期存在重述,提示,600674.SSE,13,"CashFlow 有 13 期被追溯重述（正常现象，get_asof 已按 (报告期, 公告日) 排序处理）",
报告期存在重述,提示,600674.SSE,9,"PershareIndex 有 9 期被追溯重述（正常现象，get_asof 已按 (报告期, 公告日) 排序处理）",
报告期存在重述,提示,600690.SSE,40,"Balance 有 40 期被追溯重述（正常现象，get_asof 已按 (报告期, 公告日) 排序处理）",
报告期存在重述,提示,600690.SSE,61,"Income 有 61 期被追溯重述（正常现象，get_asof 已按 (报告期, 公告日) 排序处理）",
报告期存在重述,提示,600690.SSE,55,"CashFlow 有 55 期被追溯重述（正常现象，get_asof 已按 (报告期, 公告日) 排序处理）",
报告期存在重述,提示,600690.SSE,16,"PershareIndex 有 16 期被追溯重述（正常现象，get_asof 已按 (报告期, 公告日) 排序处理）",
报告期存在重述,提示,600741.SSE,19,"Balance 有 19 期被追溯重述（正常现象，get_asof 已按 (报告期, 公告日) 排序处理）",
报告期存在重述,提示,600741.SSE,41,"Income 有 41 期被追溯重述（正常现象，get_asof 已按 (报告期, 公告日) 排序处理）",
报告期存在重述,提示,600741.SSE,20,"CashFlow 有 20 期被追溯重述（正常现象，get_asof 已按 (报告期, 公告日) 排序处理）",
报告期存在重述,提示,600741.SSE,10,"PershareIndex 有 10 期被追溯重述（正常现象，get_asof 已按 (报告期, 公告日) 排序处理）",
报告期存在重述,提示,600760.SSE,16,"Balance 有 16 期被追溯重述（正常现象，get_asof 已按 (报告期, 公告日) 排序处理）",
报告期存在重述,提示,600760.SSE,41,"Income 有 41 期被追溯重述（正常现象，get_asof 已按 (报告期, 公告日) 排序处理）",
报告期存在重述,提示,600760.SSE,18,"CashFlow 有 18 期被追溯重述（正常现象，get_asof 已按 (报告期, 公告日) 排序处理）",
报告期存在重述,提示,600760.SSE,15,"PershareIndex 有 15 期被追溯重述（正常现象，get_asof 已按 (报告期, 公告日) 排序处理）",
报告期存在重述,提示,600795.SSE,47,"Balance 有 47 期被追溯重述（正常现象，get_asof 已按 (报告期, 公告日) 排序处理）",
报告期存在重述,提示,600795.SSE,55,"Income 有 55 期被追溯重述（正常现象，get_asof 已按 (报告期, 公告日) 排序处理）",
报告期存在重述,提示,600795.SSE,44,"CashFlow 有 44 期被追溯重述（正常现象，get_asof 已按 (报告期, 公告日) 排序处理）",
报告期存在重述,提示,600795.SSE,15,"PershareIndex 有 15 期被追溯重述（正常现象，get_asof 已按 (报告期, 公告日) 排序处理）",
报告期存在重述,提示,600803.SSE,45,"Balance 有 45 期被追溯重述（正常现象，get_asof 已按 (报告期, 公告日) 排序处理）",
报告期存在重述,提示,600803.SSE,56,"Income 有 56 期被追溯重述（正常现象，get_asof 已按 (报告期, 公告日) 排序处理）",
报告期存在重述,提示,600803.SSE,41,"CashFlow 有 41 期被追溯重述（正常现象，get_asof 已按 (报告期, 公告日) 排序处理）",
报告期存在重述,提示,600803.SSE,16,"PershareIndex 有 16 期被追溯重述（正常现象，get_asof 已按 (报告期, 公告日) 排序处理）",
报告期存在重述,提示,600809.SSE,21,"Balance 有 21 期被追溯重述（正常现象，get_asof 已按 (报告期, 公告日) 排序处理）",
报告期存在重述,提示,600809.SSE,43,"Income 有 43 期被追溯重述（正常现象，get_asof 已按 (报告期, 公告日) 排序处理）",
报告期存在重述,提示,600809.SSE,20,"CashFlow 有 20 期被追溯重述（正常现象，get_asof 已按 (报告期, 公告日) 排序处理）",
报告期存在重述,提示,600809.SSE,9,"PershareIndex 有 9 期被追溯重述（正常现象，get_asof 已按 (报告期, 公告日) 排序处理）",
报告期存在重述,提示,600845.SSE,7,"Balance 有 7 期被追溯重述（正常现象，get_asof 已按 (报告期, 公告日) 排序处理）",
报告期存在重述,提示,600845.SSE,47,"Income 有 47 期被追溯重述（正常现象，get_asof 已按 (报告期, 公告日) 排序处理）",
报告期存在重述,提示,600845.SSE,12,"CashFlow 有 12 期被追溯重述（正常现象，get_asof 已按 (报告期, 公告日) 排序处理）",
报告期存在重述,提示,600845.SSE,12,"PershareIndex 有 12 期被追溯重述（正常现象，get_asof 已按 (报告期, 公告日) 排序处理）",
报告期存在重述,提示,600875.SSE,40,"Balance 有 40 期被追溯重述（正常现象，get_asof 已按 (报告期, 公告日) 排序处理）",
报告期存在重述,提示,600875.SSE,32,"Income 有 32 期被追溯重述（正常现象，get_asof 已按 (报告期, 公告日) 排序处理）",
报告期存在重述,提示,600875.SSE,23,"CashFlow 有 23 期被追溯重述（正常现象，get_asof 已按 (报告期, 公告日) 排序处理）",
报告期存在重述,提示,600875.SSE,12,"PershareIndex 有 12 期被追溯重述（正常现象，get_asof 已按 (报告期, 公告日) 排序处理）",
报告期存在重述,提示,600886.SSE,32,"Balance 有 32 期被追溯重述（正常现象，get_asof 已按 (报告期, 公告日) 排序处理）",
报告期存在重述,提示,600886.SSE,36,"Income 有 36 期被追溯重述（正常现象，get_asof 已按 (报告期, 公告日) 排序处理）",
报告期存在重述,提示,600886.SSE,22,"CashFlow 有 22 期被追溯重述（正常现象，get_asof 已按 (报告期, 公告日) 排序处理）",
报告期存在重述,提示,600886.SSE,11,"PershareIndex 有 11 期被追溯重述（正常现象，get_asof 已按 (报告期, 公告日) 排序处理）",
报告期存在重述,提示,600887.SSE,23,"Balance 有 23 期被追溯重述（正常现象，get_asof 已按 (报告期, 公告日) 排序处理）",
报告期存在重述,提示,600887.SSE,36,"Income 有 36 期被追溯重述（正常现象，get_asof 已按 (报告期, 公告日) 排序处理）",
报告期存在重述,提示,600887.SSE,4,"CashFlow 有 4 期被追溯重述（正常现象，get_asof 已按 (报告期, 公告日) 排序处理）",
报告期存在重述,提示,600887.SSE,10,"PershareIndex 有 10 期被追溯重述（正常现象，get_asof 已按 (报告期, 公告日) 排序处理）",
报告期存在重述,提示,600893.SSE,34,"Balance 有 34 期被追溯重述（正常现象，get_asof 已按 (报告期, 公告日) 排序处理）",
报告期存在重述,提示,600893.SSE,40,"Income 有 40 期被追溯重述（正常现象，get_asof 已按 (报告期, 公告日) 排序处理）",
报告期存在重述,提示,600893.SSE,14,"CashFlow 有 14 期被追溯重述（正常现象，get_asof 已按 (报告期, 公告日) 排序处理）",
报告期存在重述,提示,600893.SSE,9,"PershareIndex 有 9 期被追溯重述（正常现象，get_asof 已按 (报告期, 公告日) 排序处理）",
报告期存在重述,提示,600900.SSE,26,"Balance 有 26 期被追溯重述（正常现象，get_asof 已按 (报告期, 公告日) 排序处理）",
报告期存在重述,提示,600900.SSE,33,"Income 有 33 期被追溯重述（正常现象，get_asof 已按 (报告期, 公告日) 排序处理）",
报告期存在重述,提示,600900.SSE,26,"CashFlow 有 26 期被追溯重述（正常现象，get_asof 已按 (报告期, 公告日) 排序处理）",
报告期存在重述,提示,600900.SSE,9,"PershareIndex 有 9 期被追溯重述（正常现象，get_asof 已按 (报告期, 公告日) 排序处理）",
报告期存在重述,提示,600905.SSE,16,"Balance 有 16 期被追溯重述（正常现象，get_asof 已按 (报告期, 公告日) 排序处理）",
报告期存在重述,提示,600905.SSE,18,"Income 有 18 期被追溯重述（正常现象，get_asof 已按 (报告期, 公告日) 排序处理）",
报告期存在重述,提示,600905.SSE,14,"CashFlow 有 14 期被追溯重述（正常现象，get_asof 已按 (报告期, 公告日) 排序处理）",
报告期存在重述,提示,600905.SSE,7,"PershareIndex 有 7 期被追溯重述（正常现象，get_asof 已按 (报告期, 公告日) 排序处理）",
报告期存在重述,提示,600918.SSE,5,"Balance 有 5 期被追溯重述（正常现象，get_asof 已按 (报告期, 公告日) 排序处理）",
报告期存在重述,提示,600918.SSE,10,"Income 有 10 期被追溯重述（正常现象，get_asof 已按 (报告期, 公告日) 排序处理）",
报告期存在重述,提示,600918.SSE,8,"CashFlow 有 8 期被追溯重述（正常现象，get_asof 已按 (报告期, 公告日) 排序处理）",
报告期存在重述,提示,600918.SSE,2,"PershareIndex 有 2 期被追溯重述（正常现象，get_asof 已按 (报告期, 公告日) 排序处理）",
报告期存在重述,提示,600919.SSE,13,"Balance 有 13 期被追溯重述（正常现象，get_asof 已按 (报告期, 公告日) 排序处理）",
报告期存在重述,提示,600919.SSE,13,"Income 有 13 期被追溯重述（正常现象，get_asof 已按 (报告期, 公告日) 排序处理）",
报告期存在重述,提示,600919.SSE,23,"CashFlow 有 23 期被追溯重述（正常现象，get_asof 已按 (报告期, 公告日) 排序处理）",
报告期存在重述,提示,600919.SSE,17,"PershareIndex 有 17 期被追溯重述（正常现象，get_asof 已按 (报告期, 公告日) 排序处理）",
报告期存在重述,提示,600926.SSE,7,"Balance 有 7 期被追溯重述（正常现象，get_asof 已按 (报告期, 公告日) 排序处理）",
报告期存在重述,提示,600926.SSE,23,"Income 有 23 期被追溯重述（正常现象，get_asof 已按 (报告期, 公告日) 排序处理）",
报告期存在重述,提示,600926.SSE,30,"CashFlow 有 30 期被追溯重述（正常现象，get_asof 已按 (报告期, 公告日) 排序处理）",
报告期存在重述,提示,600926.SSE,13,"PershareIndex 有 13 期被追溯重述（正常现象，get_asof 已按 (报告期, 公告日) 排序处理）",
报告期存在重述,提示,600930.SSE,3,"Balance 有 3 期被追溯重述（正常现象，get_asof 已按 (报告期, 公告日) 排序处理）",
报告期存在重述,提示,600930.SSE,2,"Income 有 2 期被追溯重述（正常现象，get_asof 已按 (报告期, 公告日) 排序处理）",
报告期存在重述,提示,600930.SSE,1,"CashFlow 有 1 期被追溯重述（正常现象，get_asof 已按 (报告期, 公告日) 排序处理）",
报告期存在重述,提示,600938.SSE,11,"Balance 有 11 期被追溯重述（正常现象，get_asof 已按 (报告期, 公告日) 排序处理）",
报告期存在重述,提示,600938.SSE,3,"Income 有 3 期被追溯重述（正常现象，get_asof 已按 (报告期, 公告日) 排序处理）",
报告期存在重述,提示,600938.SSE,3,"CashFlow 有 3 期被追溯重述（正常现象，get_asof 已按 (报告期, 公告日) 排序处理）",
报告期存在重述,提示,600938.SSE,3,"PershareIndex 有 3 期被追溯重述（正常现象，get_asof 已按 (报告期, 公告日) 排序处理）",
报告期存在重述,提示,600941.SSE,22,"Balance 有 22 期被追溯重述（正常现象，get_asof 已按 (报告期, 公告日) 排序处理）",
报告期存在重述,提示,600941.SSE,1,"Income 有 1 期被追溯重述（正常现象，get_asof 已按 (报告期, 公告日) 排序处理）",
报告期存在重述,提示,600941.SSE,6,"CashFlow 有 6 期被追溯重述（正常现象，get_asof 已按 (报告期, 公告日) 排序处理）",
报告期存在重述,提示,600941.SSE,3,"PershareIndex 有 3 期被追溯重述（正常现象，get_asof 已按 (报告期, 公告日) 排序处理）",
报告期存在重述,提示,600958.SSE,11,"Balance 有 11 期被追溯重述（正常现象，get_asof 已按 (报告期, 公告日) 排序处理）",
报告期存在重述,提示,600958.SSE,19,"Income 有 19 期被追溯重述（正常现象，get_asof 已按 (报告期, 公告日) 排序处理）",
报告期存在重述,提示,600958.SSE,17,"CashFlow 有 17 期被追溯重述（正常现象，get_asof 已按 (报告期, 公告日) 排序处理）",
报告期存在重述,提示,600958.SSE,18,"PershareIndex 有 18 期被追溯重述（正常现象，get_asof 已按 (报告期, 公告日) 排序处理）",
报告期存在重述,提示,600989.SSE,30,"Balance 有 30 期被追溯重述（正常现象，get_asof 已按 (报告期, 公告日) 排序处理）",
报告期存在重述,提示,600989.SSE,4,"Income 有 4 期被追溯重述（正常现象，get_asof 已按 (报告期, 公告日) 排序处理）",
报告期存在重述,提示,600989.SSE,3,"CashFlow 有 3 期被追溯重述（正常现象，get_asof 已按 (报告期, 公告日) 排序处理）",
报告期存在重述,提示,600989.SSE,1,"PershareIndex 有 1 期被追溯重述（正常现象，get_asof 已按 (报告期, 公告日) 排序处理）",
报告期存在重述,提示,600999.SSE,14,"Balance 有 14 期被追溯重述（正常现象，get_asof 已按 (报告期, 公告日) 排序处理）",
报告期存在重述,提示,600999.SSE,35,"Income 有 35 期被追溯重述（正常现象，get_asof 已按 (报告期, 公告日) 排序处理）",
报告期存在重述,提示,600999.SSE,25,"CashFlow 有 25 期被追溯重述（正常现象，get_asof 已按 (报告期, 公告日) 排序处理）",
报告期存在重述,提示,600999.SSE,13,"PershareIndex 有 13 期被追溯重述（正常现象，get_asof 已按 (报告期, 公告日) 排序处理）",
报告期存在重述,提示,601006.SSE,8,"Balance 有 8 期被追溯重述（正常现象，get_asof 已按 (报告期, 公告日) 排序处理）",
报告期存在重述,提示,601006.SSE,28,"Income 有 28 期被追溯重述（正常现象，get_asof 已按 (报告期, 公告日) 排序处理）",
报告期存在重述,提示,601006.SSE,27,"CashFlow 有 27 期被追溯重述（正常现象，get_asof 已按 (报告期, 公告日) 排序处理）",
报告期存在重述,提示,601006.SSE,8,"PershareIndex 有 8 期被追溯重述（正常现象，get_asof 已按 (报告期, 公告日) 排序处理）",
报告期存在重述,提示,601009.SSE,19,"Balance 有 19 期被追溯重述（正常现象，get_asof 已按 (报告期, 公告日) 排序处理）",
报告期存在重述,提示,601009.SSE,30,"Income 有 30 期被追溯重述（正常现象，get_asof 已按 (报告期, 公告日) 排序处理）",
报告期存在重述,提示,601009.SSE,20,"CashFlow 有 20 期被追溯重述（正常现象，get_asof 已按 (报告期, 公告日) 排序处理）",
报告期存在重述,提示,601009.SSE,9,"PershareIndex 有 9 期被追溯重述（正常现象，get_asof 已按 (报告期, 公告日) 排序处理）",
报告期存在重述,提示,601012.SSE,21,"Balance 有 21 期被追溯重述（正常现象，get_asof 已按 (报告期, 公告日) 排序处理）",
报告期存在重述,提示,601012.SSE,35,"Income 有 35 期被追溯重述（正常现象，get_asof 已按 (报告期, 公告日) 排序处理）",
报告期存在重述,提示,601012.SSE,4,"CashFlow 有 4 期被追溯重述（正常现象，get_asof 已按 (报告期, 公告日) 排序处理）",
报告期存在重述,提示,601012.SSE,17,"PershareIndex 有 17 期被追溯重述（正常现象，get_asof 已按 (报告期, 公告日) 排序处理）",
报告期存在重述,提示,601018.SSE,28,"Balance 有 28 期被追溯重述（正常现象，get_asof 已按 (报告期, 公告日) 排序处理）",
报告期存在重述,提示,601018.SSE,37,"Income 有 37 期被追溯重述（正常现象，get_asof 已按 (报告期, 公告日) 排序处理）",
报告期存在重述,提示,601018.SSE,33,"CashFlow 有 33 期被追溯重述（正常现象，get_asof 已按 (报告期, 公告日) 排序处理）",
报告期存在重述,提示,601018.SSE,10,"PershareIndex 有 10 期被追溯重述（正常现象，get_asof 已按 (报告期, 公告日) 排序处理）",
报告期存在重述,提示,601021.SSE,13,"Balance 有 13 期被追溯重述（正常现象，get_asof 已按 (报告期, 公告日) 排序处理）",
报告期存在重述,提示,601021.SSE,13,"Income 有 13 期被追溯重述（正常现象，get_asof 已按 (报告期, 公告日) 排序处理）",
报告期存在重述,提示,601021.SSE,9,"CashFlow 有 9 期被追溯重述（正常现象，get_asof 已按 (报告期, 公告日) 排序处理）",
报告期存在重述,提示,601021.SSE,3,"PershareIndex 有 3 期被追溯重述（正常现象，get_asof 已按 (报告期, 公告日) 排序处理）",
报告期存在重述,提示,601058.SSE,5,"Balance 有 5 期被追溯重述（正常现象，get_asof 已按 (报告期, 公告日) 排序处理）",
报告期存在重述,提示,601058.SSE,25,"Income 有 25 期被追溯重述（正常现象，get_asof 已按 (报告期, 公告日) 排序处理）",
报告期存在重述,提示,601058.SSE,3,"CashFlow 有 3 期被追溯重述（正常现象，get_asof 已按 (报告期, 公告日) 排序处理）",
报告期存在重述,提示,601058.SSE,10,"PershareIndex 有 10 期被追溯重述（正常现象，get_asof 已按 (报告期, 公告日) 排序处理）",
报告期存在重述,提示,601059.SSE,2,"PershareIndex 有 2 期被追溯重述（正常现象，get_asof 已按 (报告期, 公告日) 排序处理）",
报告期存在重述,提示,601066.SSE,2,"Balance 有 2 期被追溯重述（正常现象，get_asof 已按 (报告期, 公告日) 排序处理）",
报告期存在重述,提示,601066.SSE,13,"Income 有 13 期被追溯重述（正常现象，get_asof 已按 (报告期, 公告日) 排序处理）",
报告期存在重述,提示,601066.SSE,8,"CashFlow 有 8 期被追溯重述（正常现象，get_asof 已按 (报告期, 公告日) 排序处理）",
报告期存在重述,提示,601066.SSE,6,"PershareIndex 有 6 期被追溯重述（正常现象，get_asof 已按 (报告期, 公告日) 排序处理）",
报告期存在重述,提示,601077.SSE,1,"Balance 有 1 期被追溯重述（正常现象，get_asof 已按 (报告期, 公告日) 排序处理）",
报告期存在重述,提示,601077.SSE,10,"Income 有 10 期被追溯重述（正常现象，get_asof 已按 (报告期, 公告日) 排序处理）",
报告期存在重述,提示,601077.SSE,7,"CashFlow 有 7 期被追溯重述（正常现象，get_asof 已按 (报告期, 公告日) 排序处理）",
报告期存在重述,提示,601077.SSE,4,"PershareIndex 有 4 期被追溯重述（正常现象，get_asof 已按 (报告期, 公告日) 排序处理）",
报告期存在重述,提示,601088.SSE,43,"Balance 有 43 期被追溯重述（正常现象，get_asof 已按 (报告期, 公告日) 排序处理）",
报告期存在重述,提示,601088.SSE,55,"Income 有 55 期被追溯重述（正常现象，get_asof 已按 (报告期, 公告日) 排序处理）",
报告期存在重述,提示,601088.SSE,38,"CashFlow 有 38 期被追溯重述（正常现象，get_asof 已按 (报告期, 公告日) 排序处理）",
报告期存在重述,提示,601088.SSE,16,"PershareIndex 有 16 期被追溯重述（正常现象，get_asof 已按 (报告期, 公告日) 排序处理）",
报告期存在重述,提示,601100.SSE,5,"Balance 有 5 期被追溯重述（正常现象，get_asof 已按 (报告期, 公告日) 排序处理）",
报告期存在重述,提示,601100.SSE,26,"Income 有 26 期被追溯重述（正常现象，get_asof 已按 (报告期, 公告日) 排序处理）",
报告期存在重述,提示,601100.SSE,9,"CashFlow 有 9 期被追溯重述（正常现象，get_asof 已按 (报告期, 公告日) 排序处理）",
报告期存在重述,提示,601100.SSE,11,"PershareIndex 有 11 期被追溯重述（正常现象，get_asof 已按 (报告期, 公告日) 排序处理）",
报告期存在重述,提示,601111.SSE,29,"Balance 有 29 期被追溯重述（正常现象，get_asof 已按 (报告期, 公告日) 排序处理）",
报告期存在重述,提示,601111.SSE,31,"Income 有 31 期被追溯重述（正常现象，get_asof 已按 (报告期, 公告日) 排序处理）",
报告期存在重述,提示,601111.SSE,31,"CashFlow 有 31 期被追溯重述（正常现象，get_asof 已按 (报告期, 公告日) 排序处理）",
报告期存在重述,提示,601111.SSE,11,"PershareIndex 有 11 期被追溯重述（正常现象，get_asof 已按 (报告期, 公告日) 排序处理）",
报告期存在重述,提示,601117.SSE,35,"Balance 有 35 期被追溯重述（正常现象，get_asof 已按 (报告期, 公告日) 排序处理）",
报告期存在重述,提示,601117.SSE,27,"Income 有 27 期被追溯重述（正常现象，get_asof 已按 (报告期, 公告日) 排序处理）",
报告期存在重述,提示,601117.SSE,16,"CashFlow 有 16 期被追溯重述（正常现象，get_asof 已按 (报告期, 公告日) 排序处理）",
报告期存在重述,提示,601117.SSE,8,"PershareIndex 有 8 期被追溯重述（正常现象，get_asof 已按 (报告期, 公告日) 排序处理）",
报告期存在重述,提示,601127.SSE,14,"Balance 有 14 期被追溯重述（正常现象，get_asof 已按 (报告期, 公告日) 排序处理）",
报告期存在重述,提示,601127.SSE,28,"Income 有 28 期被追溯重述（正常现象，get_asof 已按 (报告期, 公告日) 排序处理）",
报告期存在重述,提示,601127.SSE,10,"CashFlow 有 10 期被追溯重述（正常现象，get_asof 已按 (报告期, 公告日) 排序处理）",
报告期存在重述,提示,601127.SSE,16,"PershareIndex 有 16 期被追溯重述（正常现象，get_asof 已按 (报告期, 公告日) 排序处理）",
报告期存在重述,提示,601136.SSE,2,"Balance 有 2 期被追溯重述（正常现象，get_asof 已按 (报告期, 公告日) 排序处理）",
报告期存在重述,提示,601136.SSE,5,"Income 有 5 期被追溯重述（正常现象，get_asof 已按 (报告期, 公告日) 排序处理）",
报告期存在重述,提示,601136.SSE,2,"CashFlow 有 2 期被追溯重述（正常现象，get_asof 已按 (报告期, 公告日) 排序处理）",
报告期存在重述,提示,601136.SSE,1,"PershareIndex 有 1 期被追溯重述（正常现象，get_asof 已按 (报告期, 公告日) 排序处理）",
报告期存在重述,提示,601138.SSE,7,"Balance 有 7 期被追溯重述（正常现象，get_asof 已按 (报告期, 公告日) 排序处理）",
报告期存在重述,提示,601138.SSE,11,"Income 有 11 期被追溯重述（正常现象，get_asof 已按 (报告期, 公告日) 排序处理）",
报告期存在重述,提示,601138.SSE,2,"CashFlow 有 2 期被追溯重述（正常现象，get_asof 已按 (报告期, 公告日) 排序处理）",
报告期存在重述,提示,601138.SSE,1,"PershareIndex 有 1 期被追溯重述（正常现象，get_asof 已按 (报告期, 公告日) 排序处理）",
报告期存在重述,提示,601166.SSE,5,"Balance 有 5 期被追溯重述（正常现象，get_asof 已按 (报告期, 公告日) 排序处理）",
报告期存在重述,提示,601166.SSE,23,"Income 有 23 期被追溯重述（正常现象，get_asof 已按 (报告期, 公告日) 排序处理）",
报告期存在重述,提示,601166.SSE,20,"CashFlow 有 20 期被追溯重述（正常现象，get_asof 已按 (报告期, 公告日) 排序处理）",
报告期存在重述,提示,601166.SSE,8,"PershareIndex 有 8 期被追溯重述（正常现象，get_asof 已按 (报告期, 公告日) 排序处理）",
报告期存在重述,提示,601169.SSE,7,"Balance 有 7 期被追溯重述（正常现象，get_asof 已按 (报告期, 公告日) 排序处理）",
报告期存在重述,提示,601169.SSE,32,"Income 有 32 期被追溯重述（正常现象，get_asof 已按 (报告期, 公告日) 排序处理）",
报告期存在重述,提示,601169.SSE,29,"CashFlow 有 29 期被追溯重述（正常现象，get_asof 已按 (报告期, 公告日) 排序处理）",
报告期存在重述,提示,601169.SSE,12,"PershareIndex 有 12 期被追溯重述（正常现象，get_asof 已按 (报告期, 公告日) 排序处理）",
报告期存在重述,提示,601186.SSE,37,"Balance 有 37 期被追溯重述（正常现象，get_asof 已按 (报告期, 公告日) 排序处理）",
报告期存在重述,提示,601186.SSE,36,"Income 有 36 期被追溯重述（正常现象，get_asof 已按 (报告期, 公告日) 排序处理）",
报告期存在重述,提示,601186.SSE,26,"CashFlow 有 26 期被追溯重述（正常现象，get_asof 已按 (报告期, 公告日) 排序处理）",
报告期存在重述,提示,601186.SSE,14,"PershareIndex 有 14 期被追溯重述（正常现象，get_asof 已按 (报告期, 公告日) 排序处理）",
报告期存在重述,提示,601211.SSE,15,"Balance 有 15 期被追溯重述（正常现象，get_asof 已按 (报告期, 公告日) 排序处理）",
报告期存在重述,提示,601211.SSE,17,"Income 有 17 期被追溯重述（正常现象，get_asof 已按 (报告期, 公告日) 排序处理）",
报告期存在重述,提示,601211.SSE,23,"CashFlow 有 23 期被追溯重述（正常现象，get_asof 已按 (报告期, 公告日) 排序处理）",
报告期存在重述,提示,601211.SSE,11,"PershareIndex 有 11 期被追溯重述（正常现象，get_asof 已按 (报告期, 公告日) 排序处理）",
报告期存在重述,提示,601225.SSE,28,"Balance 有 28 期被追溯重述（正常现象，get_asof 已按 (报告期, 公告日) 排序处理）",
报告期存在重述,提示,601225.SSE,31,"Income 有 31 期被追溯重述（正常现象，get_asof 已按 (报告期, 公告日) 排序处理）",
报告期存在重述,提示,601225.SSE,33,"CashFlow 有 33 期被追溯重述（正常现象，get_asof 已按 (报告期, 公告日) 排序处理）",
报告期存在重述,提示,601225.SSE,12,"PershareIndex 有 12 期被追溯重述（正常现象，get_asof 已按 (报告期, 公告日) 排序处理）",
报告期存在重述,提示,601229.SSE,15,"Balance 有 15 期被追溯重述（正常现象，get_asof 已按 (报告期, 公告日) 排序处理）",
报告期存在重述,提示,601229.SSE,30,"Income 有 30 期被追溯重述（正常现象，get_asof 已按 (报告期, 公告日) 排序处理）",
报告期存在重述,提示,601229.SSE,27,"CashFlow 有 27 期被追溯重述（正常现象，get_asof 已按 (报告期, 公告日) 排序处理）",
报告期存在重述,提示,601229.SSE,18,"PershareIndex 有 18 期被追溯重述（正常现象，get_asof 已按 (报告期, 公告日) 排序处理）",
报告期存在重述,提示,601238.SSE,22,"Balance 有 22 期被追溯重述（正常现象，get_asof 已按 (报告期, 公告日) 排序处理）",
报告期存在重述,提示,601238.SSE,22,"Income 有 22 期被追溯重述（正常现象，get_asof 已按 (报告期, 公告日) 排序处理）",
报告期存在重述,提示,601238.SSE,10,"CashFlow 有 10 期被追溯重述（正常现象，get_asof 已按 (报告期, 公告日) 排序处理）",
报告期存在重述,提示,601238.SSE,8,"PershareIndex 有 8 期被追溯重述（正常现象，get_asof 已按 (报告期, 公告日) 排序处理）",
报告期存在重述,提示,601288.SSE,7,"Balance 有 7 期被追溯重述（正常现象，get_asof 已按 (报告期, 公告日) 排序处理）",
报告期存在重述,提示,601288.SSE,23,"Income 有 23 期被追溯重述（正常现象，get_asof 已按 (报告期, 公告日) 排序处理）",
报告期存在重述,提示,601288.SSE,42,"CashFlow 有 42 期被追溯重述（正常现象，get_asof 已按 (报告期, 公告日) 排序处理）",
报告期存在重述,提示,601288.SSE,9,"PershareIndex 有 9 期被追溯重述（正常现象，get_asof 已按 (报告期, 公告日) 排序处理）",
报告期存在重述,提示,601318.SSE,10,"Balance 有 10 期被追溯重述（正常现象，get_asof 已按 (报告期, 公告日) 排序处理）",
报告期存在重述,提示,601318.SSE,31,"Income 有 31 期被追溯重述（正常现象，get_asof 已按 (报告期, 公告日) 排序处理）",
报告期存在重述,提示,601318.SSE,44,"CashFlow 有 44 期被追溯重述（正常现象，get_asof 已按 (报告期, 公告日) 排序处理）",
报告期存在重述,提示,601318.SSE,8,"PershareIndex 有 8 期被追溯重述（正常现象，get_asof 已按 (报告期, 公告日) 排序处理）",
报告期存在重述,提示,601319.SSE,2,"Balance 有 2 期被追溯重述（正常现象，get_asof 已按 (报告期, 公告日) 排序处理）",
报告期存在重述,提示,601319.SSE,12,"Income 有 12 期被追溯重述（正常现象，get_asof 已按 (报告期, 公告日) 排序处理）",
报告期存在重述,提示,601319.SSE,8,"CashFlow 有 8 期被追溯重述（正常现象，get_asof 已按 (报告期, 公告日) 排序处理）",
报告期存在重述,提示,601319.SSE,5,"PershareIndex 有 5 期被追溯重述（正常现象，get_asof 已按 (报告期, 公告日) 排序处理）",
报告期存在重述,提示,601328.SSE,11,"Balance 有 11 期被追溯重述（正常现象，get_asof 已按 (报告期, 公告日) 排序处理）",
报告期存在重述,提示,601328.SSE,39,"Income 有 39 期被追溯重述（正常现象，get_asof 已按 (报告期, 公告日) 排序处理）",
报告期存在重述,提示,601328.SSE,43,"CashFlow 有 43 期被追溯重述（正常现象，get_asof 已按 (报告期, 公告日) 排序处理）",
报告期存在重述,提示,601328.SSE,12,"PershareIndex 有 12 期被追溯重述（正常现象，get_asof 已按 (报告期, 公告日) 排序处理）",
报告期存在重述,提示,601336.SSE,10,"Balance 有 10 期被追溯重述（正常现象，get_asof 已按 (报告期, 公告日) 排序处理）",
报告期存在重述,提示,601336.SSE,16,"Income 有 16 期被追溯重述（正常现象，get_asof 已按 (报告期, 公告日) 排序处理）",
报告期存在重述,提示,601336.SSE,18,"CashFlow 有 18 期被追溯重述（正常现象，get_asof 已按 (报告期, 公告日) 排序处理）",
报告期存在重述,提示,601336.SSE,6,"PershareIndex 有 6 期被追溯重述（正常现象，get_asof 已按 (报告期, 公告日) 排序处理）",
报告期存在重述,提示,601360.SSE,3,"Balance 有 3 期被追溯重述（正常现象，get_asof 已按 (报告期, 公告日) 排序处理）",
报告期存在重述,提示,601360.SSE,10,"Income 有 10 期被追溯重述（正常现象，get_asof 已按 (报告期, 公告日) 排序处理）",
报告期存在重述,提示,601360.SSE,13,"PershareIndex 有 13 期被追溯重述（正常现象，get_asof 已按 (报告期, 公告日) 排序处理）",
报告期存在重述,提示,601377.SSE,14,"Balance 有 14 期被追溯重述（正常现象，get_asof 已按 (报告期, 公告日) 排序处理）",
报告期存在重述,提示,601377.SSE,31,"Income 有 31 期被追溯重述（正常现象，get_asof 已按 (报告期, 公告日) 排序处理）",
报告期存在重述,提示,601377.SSE,30,"CashFlow 有 30 期被追溯重述（正常现象，get_asof 已按 (报告期, 公告日) 排序处理）",
报告期存在重述,提示,601377.SSE,19,"PershareIndex 有 19 期被追溯重述（正常现象，get_asof 已按 (报告期, 公告日) 排序处理）",
报告期存在重述,提示,601390.SSE,43,"Balance 有 43 期被追溯重述（正常现象，get_asof 已按 (报告期, 公告日) 排序处理）",
报告期存在重述,提示,601390.SSE,43,"Income 有 43 期被追溯重述（正常现象，get_asof 已按 (报告期, 公告日) 排序处理）",
报告期存在重述,提示,601390.SSE,26,"CashFlow 有 26 期被追溯重述（正常现象，get_asof 已按 (报告期, 公告日) 排序处理）",
报告期存在重述,提示,601390.SSE,12,"PershareIndex 有 12 期被追溯重述（正常现象，get_asof 已按 (报告期, 公告日) 排序处理）",
报告期存在重述,提示,601398.SSE,8,"Balance 有 8 期被追溯重述（正常现象，get_asof 已按 (报告期, 公告日) 排序处理）",
报告期存在重述,提示,601398.SSE,23,"Income 有 23 期被追溯重述（正常现象，get_asof 已按 (报告期, 公告日) 排序处理）",
报告期存在重述,提示,601398.SSE,49,"CashFlow 有 49 期被追溯重述（正常现象，get_asof 已按 (报告期, 公告日) 排序处理）",
报告期存在重述,提示,601398.SSE,9,"PershareIndex 有 9 期被追溯重述（正常现象，get_asof 已按 (报告期, 公告日) 排序处理）",
报告期存在重述,提示,601456.SSE,2,"Balance 有 2 期被追溯重述（正常现象，get_asof 已按 (报告期, 公告日) 排序处理）",
报告期存在重述,提示,601456.SSE,1,"Income 有 1 期被追溯重述（正常现象，get_asof 已按 (报告期, 公告日) 排序处理）",
报告期存在重述,提示,601456.SSE,1,"CashFlow 有 1 期被追溯重述（正常现象，get_asof 已按 (报告期, 公告日) 排序处理）",
报告期存在重述,提示,601456.SSE,1,"PershareIndex 有 1 期被追溯重述（正常现象，get_asof 已按 (报告期, 公告日) 排序处理）",
报告期存在重述,提示,601600.SSE,50,"Balance 有 50 期被追溯重述（正常现象，get_asof 已按 (报告期, 公告日) 排序处理）",
报告期存在重述,提示,601600.SSE,55,"Income 有 55 期被追溯重述（正常现象，get_asof 已按 (报告期, 公告日) 排序处理）",
报告期存在重述,提示,601600.SSE,48,"CashFlow 有 48 期被追溯重述（正常现象，get_asof 已按 (报告期, 公告日) 排序处理）",
报告期存在重述,提示,601600.SSE,16,"PershareIndex 有 16 期被追溯重述（正常现象，get_asof 已按 (报告期, 公告日) 排序处理）",
报告期存在重述,提示,601601.SSE,10,"Balance 有 10 期被追溯重述（正常现象，get_asof 已按 (报告期, 公告日) 排序处理）",
报告期存在重述,提示,601601.SSE,19,"Income 有 19 期被追溯重述（正常现象，get_asof 已按 (报告期, 公告日) 排序处理）",
报告期存在重述,提示,601601.SSE,20,"CashFlow 有 20 期被追溯重述（正常现象，get_asof 已按 (报告期, 公告日) 排序处理）",
报告期存在重述,提示,601601.SSE,11,"PershareIndex 有 11 期被追溯重述（正常现象，get_asof 已按 (报告期, 公告日) 排序处理）",
报告期存在重述,提示,601607.SSE,21,"Balance 有 21 期被追溯重述（正常现象，get_asof 已按 (报告期, 公告日) 排序处理）",
报告期存在重述,提示,601607.SSE,25,"Income 有 25 期被追溯重述（正常现象，get_asof 已按 (报告期, 公告日) 排序处理）",
报告期存在重述,提示,601607.SSE,16,"CashFlow 有 16 期被追溯重述（正常现象，get_asof 已按 (报告期, 公告日) 排序处理）",
报告期存在重述,提示,601607.SSE,9,"PershareIndex 有 9 期被追溯重述（正常现象，get_asof 已按 (报告期, 公告日) 排序处理）",
报告期存在重述,提示,601618.SSE,42,"Balance 有 42 期被追溯重述（正常现象，get_asof 已按 (报告期, 公告日) 排序处理）",
报告期存在重述,提示,601618.SSE,29,"Income 有 29 期被追溯重述（正常现象，get_asof 已按 (报告期, 公告日) 排序处理）",
报告期存在重述,提示,601618.SSE,7,"CashFlow 有 7 期被追溯重述（正常现象，get_asof 已按 (报告期, 公告日) 排序处理）",
报告期存在重述,提示,601618.SSE,9,"PershareIndex 有 9 期被追溯重述（正常现象，get_asof 已按 (报告期, 公告日) 排序处理）",
报告期存在重述,提示,601628.SSE,6,"Balance 有 6 期被追溯重述（正常现象，get_asof 已按 (报告期, 公告日) 排序处理）",
报告期存在重述,提示,601628.SSE,29,"Income 有 29 期被追溯重述（正常现象，get_asof 已按 (报告期, 公告日) 排序处理）",
报告期存在重述,提示,601628.SSE,21,"CashFlow 有 21 期被追溯重述（正常现象，get_asof 已按 (报告期, 公告日) 排序处理）",
报告期存在重述,提示,601628.SSE,7,"PershareIndex 有 7 期被追溯重述（正常现象，get_asof 已按 (报告期, 公告日) 排序处理）",
报告期存在重述,提示,601633.SSE,19,"Balance 有 19 期被追溯重述（正常现象，get_asof 已按 (报告期, 公告日) 排序处理）",
报告期存在重述,提示,601633.SSE,26,"Income 有 26 期被追溯重述（正常现象，get_asof 已按 (报告期, 公告日) 排序处理）",
报告期存在重述,提示,601633.SSE,20,"CashFlow 有 20 期被追溯重述（正常现象，get_asof 已按 (报告期, 公告日) 排序处理）",
报告期存在重述,提示,601633.SSE,8,"PershareIndex 有 8 期被追溯重述（正常现象，get_asof 已按 (报告期, 公告日) 排序处理）",
报告期存在重述,提示,601658.SSE,2,"Balance 有 2 期被追溯重述（正常现象，get_asof 已按 (报告期, 公告日) 排序处理）",
报告期存在重述,提示,601658.SSE,10,"Income 有 10 期被追溯重述（正常现象，get_asof 已按 (报告期, 公告日) 排序处理）",
报告期存在重述,提示,601658.SSE,14,"CashFlow 有 14 期被追溯重述（正常现象，get_asof 已按 (报告期, 公告日) 排序处理）",
报告期存在重述,提示,601658.SSE,2,"PershareIndex 有 2 期被追溯重述（正常现象，get_asof 已按 (报告期, 公告日) 排序处理）",
报告期存在重述,提示,601668.SSE,25,"Balance 有 25 期被追溯重述（正常现象，get_asof 已按 (报告期, 公告日) 排序处理）",
报告期存在重述,提示,601668.SSE,45,"Income 有 45 期被追溯重述（正常现象，get_asof 已按 (报告期, 公告日) 排序处理）",
报告期存在重述,提示,601668.SSE,37,"CashFlow 有 37 期被追溯重述（正常现象，get_asof 已按 (报告期, 公告日) 排序处理）",
报告期存在重述,提示,601668.SSE,12,"PershareIndex 有 12 期被追溯重述（正常现象，get_asof 已按 (报告期, 公告日) 排序处理）",
报告期存在重述,提示,601669.SSE,39,"Balance 有 39 期被追溯重述（正常现象，get_asof 已按 (报告期, 公告日) 排序处理）",
报告期存在重述,提示,601669.SSE,48,"Income 有 48 期被追溯重述（正常现象，get_asof 已按 (报告期, 公告日) 排序处理）",
报告期存在重述,提示,601669.SSE,37,"CashFlow 有 37 期被追溯重述（正常现象，get_asof 已按 (报告期, 公告日) 排序处理）",
报告期存在重述,提示,601669.SSE,15,"PershareIndex 有 15 期被追溯重述（正常现象，get_asof 已按 (报告期, 公告日) 排序处理）",
报告期存在重述,提示,601688.SSE,7,"Balance 有 7 期被追溯重述（正常现象，get_asof 已按 (报告期, 公告日) 排序处理）",
报告期存在重述,提示,601688.SSE,31,"Income 有 31 期被追溯重述（正常现象，get_asof 已按 (报告期, 公告日) 排序处理）",
报告期存在重述,提示,601688.SSE,26,"CashFlow 有 26 期被追溯重述（正常现象，get_asof 已按 (报告期, 公告日) 排序处理）",
报告期存在重述,提示,601688.SSE,13,"PershareIndex 有 13 期被追溯重述（正常现象，get_asof 已按 (报告期, 公告日) 排序处理）",
报告期存在重述,提示,601689.SSE,5,"Balance 有 5 期被追溯重述（正常现象，get_asof 已按 (报告期, 公告日) 排序处理）",
报告期存在重述,提示,601689.SSE,21,"Income 有 21 期被追溯重述（正常现象，get_asof 已按 (报告期, 公告日) 排序处理）",
报告期存在重述,提示,601689.SSE,1,"CashFlow 有 1 期被追溯重述（正常现象，get_asof 已按 (报告期, 公告日) 排序处理）",
报告期存在重述,提示,601689.SSE,10,"PershareIndex 有 10 期被追溯重述（正常现象，get_asof 已按 (报告期, 公告日) 排序处理）",
报告期存在重述,提示,601698.SSE,7,"Balance 有 7 期被追溯重述（正常现象，get_asof 已按 (报告期, 公告日) 排序处理）",
报告期存在重述,提示,601698.SSE,5,"Income 有 5 期被追溯重述（正常现象，get_asof 已按 (报告期, 公告日) 排序处理）",
报告期存在重述,提示,601698.SSE,1,"CashFlow 有 1 期被追溯重述（正常现象，get_asof 已按 (报告期, 公告日) 排序处理）",
报告期存在重述,提示,601698.SSE,3,"PershareIndex 有 3 期被追溯重述（正常现象，get_asof 已按 (报告期, 公告日) 排序处理）",
报告期存在重述,提示,601727.SSE,41,"Balance 有 41 期被追溯重述（正常现象，get_asof 已按 (报告期, 公告日) 排序处理）",
报告期存在重述,提示,601727.SSE,51,"Income 有 51 期被追溯重述（正常现象，get_asof 已按 (报告期, 公告日) 排序处理）",
报告期存在重述,提示,601727.SSE,28,"CashFlow 有 28 期被追溯重述（正常现象，get_asof 已按 (报告期, 公告日) 排序处理）",
报告期存在重述,提示,601727.SSE,14,"PershareIndex 有 14 期被追溯重述（正常现象，get_asof 已按 (报告期, 公告日) 排序处理）",
报告期存在重述,提示,601728.SSE,24,"Balance 有 24 期被追溯重述（正常现象，get_asof 已按 (报告期, 公告日) 排序处理）",
报告期存在重述,提示,601728.SSE,5,"Income 有 5 期被追溯重述（正常现象，get_asof 已按 (报告期, 公告日) 排序处理）",
报告期存在重述,提示,601728.SSE,5,"CashFlow 有 5 期被追溯重述（正常现象，get_asof 已按 (报告期, 公告日) 排序处理）",
报告期存在重述,提示,601728.SSE,3,"PershareIndex 有 3 期被追溯重述（正常现象，get_asof 已按 (报告期, 公告日) 排序处理）",
报告期存在重述,提示,601766.SSE,60,"Balance 有 60 期被追溯重述（正常现象，get_asof 已按 (报告期, 公告日) 排序处理）",
报告期存在重述,提示,601766.SSE,39,"Income 有 39 期被追溯重述（正常现象，get_asof 已按 (报告期, 公告日) 排序处理）",
报告期存在重述,提示,601766.SSE,36,"CashFlow 有 36 期被追溯重述（正常现象，get_asof 已按 (报告期, 公告日) 排序处理）",
报告期存在重述,提示,601766.SSE,10,"PershareIndex 有 10 期被追溯重述（正常现象，get_asof 已按 (报告期, 公告日) 排序处理）",
报告期存在重述,提示,601788.SSE,6,"Balance 有 6 期被追溯重述（正常现象，get_asof 已按 (报告期, 公告日) 排序处理）",
报告期存在重述,提示,601788.SSE,22,"Income 有 22 期被追溯重述（正常现象，get_asof 已按 (报告期, 公告日) 排序处理）",
报告期存在重述,提示,601788.SSE,31,"CashFlow 有 31 期被追溯重述（正常现象，get_asof 已按 (报告期, 公告日) 排序处理）",
报告期存在重述,提示,601788.SSE,11,"PershareIndex 有 11 期被追溯重述（正常现象，get_asof 已按 (报告期, 公告日) 排序处理）",
报告期存在重述,提示,601800.SSE,53,"Balance 有 53 期被追溯重述（正常现象，get_asof 已按 (报告期, 公告日) 排序处理）",
报告期存在重述,提示,601800.SSE,41,"Income 有 41 期被追溯重述（正常现象，get_asof 已按 (报告期, 公告日) 排序处理）",
报告期存在重述,提示,601800.SSE,33,"CashFlow 有 33 期被追溯重述（正常现象，get_asof 已按 (报告期, 公告日) 排序处理）",
报告期存在重述,提示,601800.SSE,13,"PershareIndex 有 13 期被追溯重述（正常现象，get_asof 已按 (报告期, 公告日) 排序处理）",
报告期存在重述,提示,601816.SSE,23,"Balance 有 23 期被追溯重述（正常现象，get_asof 已按 (报告期, 公告日) 排序处理）",
报告期存在重述,提示,601816.SSE,15,"Income 有 15 期被追溯重述（正常现象，get_asof 已按 (报告期, 公告日) 排序处理）",
报告期存在重述,提示,601816.SSE,11,"CashFlow 有 11 期被追溯重述（正常现象，get_asof 已按 (报告期, 公告日) 排序处理）",
报告期存在重述,提示,601816.SSE,4,"PershareIndex 有 4 期被追溯重述（正常现象，get_asof 已按 (报告期, 公告日) 排序处理）",
报告期存在重述,提示,601818.SSE,14,"Balance 有 14 期被追溯重述（正常现象，get_asof 已按 (报告期, 公告日) 排序处理）",
报告期存在重述,提示,601818.SSE,21,"Income 有 21 期被追溯重述（正常现象，get_asof 已按 (报告期, 公告日) 排序处理）",
报告期存在重述,提示,601818.SSE,36,"CashFlow 有 36 期被追溯重述（正常现象，get_asof 已按 (报告期, 公告日) 排序处理）",
报告期存在重述,提示,601818.SSE,13,"PershareIndex 有 13 期被追溯重述（正常现象，get_asof 已按 (报告期, 公告日) 排序处理）",
报告期存在重述,提示,601825.SSE,1,"Balance 有 1 期被追溯重述（正常现象，get_asof 已按 (报告期, 公告日) 排序处理）",
报告期存在重述,提示,601825.SSE,6,"Income 有 6 期被追溯重述（正常现象，get_asof 已按 (报告期, 公告日) 排序处理）",
报告期存在重述,提示,601825.SSE,7,"CashFlow 有 7 期被追溯重述（正常现象，get_asof 已按 (报告期, 公告日) 排序处理）",
报告期存在重述,提示,601825.SSE,3,"PershareIndex 有 3 期被追溯重述（正常现象，get_asof 已按 (报告期, 公告日) 排序处理）",
报告期存在重述,提示,601838.SSE,7,"Income 有 7 期被追溯重述（正常现象，get_asof 已按 (报告期, 公告日) 排序处理）",
报告期存在重述,提示,601838.SSE,5,"CashFlow 有 5 期被追溯重述（正常现象，get_asof 已按 (报告期, 公告日) 排序处理）",
报告期存在重述,提示,601838.SSE,2,"PershareIndex 有 2 期被追溯重述（正常现象，get_asof 已按 (报告期, 公告日) 排序处理）",
报告期存在重述,提示,601857.SSE,14,"Balance 有 14 期被追溯重述（正常现象，get_asof 已按 (报告期, 公告日) 排序处理）",
报告期存在重述,提示,601857.SSE,30,"Income 有 30 期被追溯重述（正常现象，get_asof 已按 (报告期, 公告日) 排序处理）",
报告期存在重述,提示,601857.SSE,26,"CashFlow 有 26 期被追溯重述（正常现象，get_asof 已按 (报告期, 公告日) 排序处理）",
报告期存在重述,提示,601857.SSE,8,"PershareIndex 有 8 期被追溯重述（正常现象，get_asof 已按 (报告期, 公告日) 排序处理）",
报告期存在重述,提示,601868.SSE,19,"Balance 有 19 期被追溯重述（正常现象，get_asof 已按 (报告期, 公告日) 排序处理）",
报告期存在重述,提示,601868.SSE,7,"Income 有 7 期被追溯重述（正常现象，get_asof 已按 (报告期, 公告日) 排序处理）",
报告期存在重述,提示,601868.SSE,7,"CashFlow 有 7 期被追溯重述（正常现象，get_asof 已按 (报告期, 公告日) 排序处理）",
报告期存在重述,提示,601868.SSE,2,"PershareIndex 有 2 期被追溯重述（正常现象，get_asof 已按 (报告期, 公告日) 排序处理）",
报告期存在重述,提示,601872.SSE,21,"Balance 有 21 期被追溯重述（正常现象，get_asof 已按 (报告期, 公告日) 排序处理）",
报告期存在重述,提示,601872.SSE,36,"Income 有 36 期被追溯重述（正常现象，get_asof 已按 (报告期, 公告日) 排序处理）",
报告期存在重述,提示,601872.SSE,25,"CashFlow 有 25 期被追溯重述（正常现象，get_asof 已按 (报告期, 公告日) 排序处理）",
报告期存在重述,提示,601872.SSE,8,"PershareIndex 有 8 期被追溯重述（正常现象，get_asof 已按 (报告期, 公告日) 排序处理）",
报告期存在重述,提示,601877.SSE,16,"Balance 有 16 期被追溯重述（正常现象，get_asof 已按 (报告期, 公告日) 排序处理）",
报告期存在重述,提示,601877.SSE,35,"Income 有 35 期被追溯重述（正常现象，get_asof 已按 (报告期, 公告日) 排序处理）",
报告期存在重述,提示,601877.SSE,22,"CashFlow 有 22 期被追溯重述（正常现象，get_asof 已按 (报告期, 公告日) 排序处理）",
报告期存在重述,提示,601877.SSE,8,"PershareIndex 有 8 期被追溯重述（正常现象，get_asof 已按 (报告期, 公告日) 排序处理）",
报告期存在重述,提示,601878.SSE,12,"Balance 有 12 期被追溯重述（正常现象，get_asof 已按 (报告期, 公告日) 排序处理）",
报告期存在重述,提示,601878.SSE,15,"Income 有 15 期被追溯重述（正常现象，get_asof 已按 (报告期, 公告日) 排序处理）",
报告期存在重述,提示,601878.SSE,20,"CashFlow 有 20 期被追溯重述（正常现象，get_asof 已按 (报告期, 公告日) 排序处理）",
报告期存在重述,提示,601878.SSE,18,"PershareIndex 有 18 期被追溯重述（正常现象，get_asof 已按 (报告期, 公告日) 排序处理）",
报告期存在重述,提示,601881.SSE,13,"Balance 有 13 期被追溯重述（正常现象，get_asof 已按 (报告期, 公告日) 排序处理）",
报告期存在重述,提示,601881.SSE,30,"Income 有 30 期被追溯重述（正常现象，get_asof 已按 (报告期, 公告日) 排序处理）",
报告期存在重述,提示,601881.SSE,20,"CashFlow 有 20 期被追溯重述（正常现象，get_asof 已按 (报告期, 公告日) 排序处理）",
报告期存在重述,提示,601881.SSE,16,"PershareIndex 有 16 期被追溯重述（正常现象，get_asof 已按 (报告期, 公告日) 排序处理）",
报告期存在重述,提示,601888.SSE,10,"Balance 有 10 期被追溯重述（正常现象，get_asof 已按 (报告期, 公告日) 排序处理）",
报告期存在重述,提示,601888.SSE,30,"Income 有 30 期被追溯重述（正常现象，get_asof 已按 (报告期, 公告日) 排序处理）",
报告期存在重述,提示,601888.SSE,16,"CashFlow 有 16 期被追溯重述（正常现象，get_asof 已按 (报告期, 公告日) 排序处理）",
报告期存在重述,提示,601888.SSE,13,"PershareIndex 有 13 期被追溯重述（正常现象，get_asof 已按 (报告期, 公告日) 排序处理）",
报告期存在重述,提示,601898.SSE,49,"Balance 有 49 期被追溯重述（正常现象，get_asof 已按 (报告期, 公告日) 排序处理）",
报告期存在重述,提示,601898.SSE,41,"Income 有 41 期被追溯重述（正常现象，get_asof 已按 (报告期, 公告日) 排序处理）",
报告期存在重述,提示,601898.SSE,39,"CashFlow 有 39 期被追溯重述（正常现象，get_asof 已按 (报告期, 公告日) 排序处理）",
报告期存在重述,提示,601898.SSE,14,"PershareIndex 有 14 期被追溯重述（正常现象，get_asof 已按 (报告期, 公告日) 排序处理）",
报告期存在重述,提示,601899.SSE,56,"Balance 有 56 期被追溯重述（正常现象，get_asof 已按 (报告期, 公告日) 排序处理）",
报告期存在重述,提示,601899.SSE,40,"Income 有 40 期被追溯重述（正常现象，get_asof 已按 (报告期, 公告日) 排序处理）",
报告期存在重述,提示,601899.SSE,28,"CashFlow 有 28 期被追溯重述（正常现象，get_asof 已按 (报告期, 公告日) 排序处理）",
报告期存在重述,提示,601899.SSE,11,"PershareIndex 有 11 期被追溯重述（正常现象，get_asof 已按 (报告期, 公告日) 排序处理）",
报告期存在重述,提示,601901.SSE,16,"Balance 有 16 期被追溯重述（正常现象，get_asof 已按 (报告期, 公告日) 排序处理）",
报告期存在重述,提示,601901.SSE,22,"Income 有 22 期被追溯重述（正常现象，get_asof 已按 (报告期, 公告日) 排序处理）",
报告期存在重述,提示,601901.SSE,36,"CashFlow 有 36 期被追溯重述（正常现象，get_asof 已按 (报告期, 公告日) 排序处理）",
报告期存在重述,提示,601901.SSE,12,"PershareIndex 有 12 期被追溯重述（正常现象，get_asof 已按 (报告期, 公告日) 排序处理）",
报告期存在重述,提示,601916.SSE,2,"Balance 有 2 期被追溯重述（正常现象，get_asof 已按 (报告期, 公告日) 排序处理）",
报告期存在重述,提示,601916.SSE,10,"Income 有 10 期被追溯重述（正常现象，get_asof 已按 (报告期, 公告日) 排序处理）",
报告期存在重述,提示,601916.SSE,6,"CashFlow 有 6 期被追溯重述（正常现象，get_asof 已按 (报告期, 公告日) 排序处理）",
报告期存在重述,提示,601916.SSE,3,"PershareIndex 有 3 期被追溯重述（正常现象，get_asof 已按 (报告期, 公告日) 排序处理）",
报告期存在重述,提示,601919.SSE,23,"Balance 有 23 期被追溯重述（正常现象，get_asof 已按 (报告期, 公告日) 排序处理）",
报告期存在重述,提示,601919.SSE,51,"Income 有 51 期被追溯重述（正常现象，get_asof 已按 (报告期, 公告日) 排序处理）",
报告期存在重述,提示,601919.SSE,34,"CashFlow 有 34 期被追溯重述（正常现象，get_asof 已按 (报告期, 公告日) 排序处理）",
报告期存在重述,提示,601919.SSE,13,"PershareIndex 有 13 期被追溯重述（正常现象，get_asof 已按 (报告期, 公告日) 排序处理）",
报告期存在重述,提示,601939.SSE,13,"Balance 有 13 期被追溯重述（正常现象，get_asof 已按 (报告期, 公告日) 排序处理）",
报告期存在重述,提示,601939.SSE,25,"Income 有 25 期被追溯重述（正常现象，get_asof 已按 (报告期, 公告日) 排序处理）",
报告期存在重述,提示,601939.SSE,35,"CashFlow 有 35 期被追溯重述（正常现象，get_asof 已按 (报告期, 公告日) 排序处理）",
报告期存在重述,提示,601939.SSE,11,"PershareIndex 有 11 期被追溯重述（正常现象，get_asof 已按 (报告期, 公告日) 排序处理）",
报告期存在重述,提示,601985.SSE,37,"Balance 有 37 期被追溯重述（正常现象，get_asof 已按 (报告期, 公告日) 排序处理）",
报告期存在重述,提示,601985.SSE,45,"Income 有 45 期被追溯重述（正常现象，get_asof 已按 (报告期, 公告日) 排序处理）",
报告期存在重述,提示,601985.SSE,26,"CashFlow 有 26 期被追溯重述（正常现象，get_asof 已按 (报告期, 公告日) 排序处理）",
报告期存在重述,提示,601985.SSE,15,"PershareIndex 有 15 期被追溯重述（正常现象，get_asof 已按 (报告期, 公告日) 排序处理）",
报告期存在重述,提示,601988.SSE,9,"Balance 有 9 期被追溯重述（正常现象，get_asof 已按 (报告期, 公告日) 排序处理）",
报告期存在重述,提示,601988.SSE,32,"Income 有 32 期被追溯重述（正常现象，get_asof 已按 (报告期, 公告日) 排序处理）",
报告期存在重述,提示,601988.SSE,51,"CashFlow 有 51 期被追溯重述（正常现象，get_asof 已按 (报告期, 公告日) 排序处理）",
报告期存在重述,提示,601988.SSE,7,"PershareIndex 有 7 期被追溯重述（正常现象，get_asof 已按 (报告期, 公告日) 排序处理）",
报告期存在重述,提示,601995.SSE,9,"Balance 有 9 期被追溯重述（正常现象，get_asof 已按 (报告期, 公告日) 排序处理）",
报告期存在重述,提示,601995.SSE,10,"Income 有 10 期被追溯重述（正常现象，get_asof 已按 (报告期, 公告日) 排序处理）",
报告期存在重述,提示,601995.SSE,14,"CashFlow 有 14 期被追溯重述（正常现象，get_asof 已按 (报告期, 公告日) 排序处理）",
报告期存在重述,提示,601995.SSE,5,"PershareIndex 有 5 期被追溯重述（正常现象，get_asof 已按 (报告期, 公告日) 排序处理）",
报告期存在重述,提示,601998.SSE,11,"Balance 有 11 期被追溯重述（正常现象，get_asof 已按 (报告期, 公告日) 排序处理）",
报告期存在重述,提示,601998.SSE,31,"Income 有 31 期被追溯重述（正常现象，get_asof 已按 (报告期, 公告日) 排序处理）",
报告期存在重述,提示,601998.SSE,36,"CashFlow 有 36 期被追溯重述（正常现象，get_asof 已按 (报告期, 公告日) 排序处理）",
报告期存在重述,提示,601998.SSE,8,"PershareIndex 有 8 期被追溯重述（正常现象，get_asof 已按 (报告期, 公告日) 排序处理）",
报告期存在重述,提示,603019.SSE,9,"Balance 有 9 期被追溯重述（正常现象，get_asof 已按 (报告期, 公告日) 排序处理）",
报告期存在重述,提示,603019.SSE,33,"Income 有 33 期被追溯重述（正常现象，get_asof 已按 (报告期, 公告日) 排序处理）",
报告期存在重述,提示,603019.SSE,11,"CashFlow 有 11 期被追溯重述（正常现象，get_asof 已按 (报告期, 公告日) 排序处理）",
报告期存在重述,提示,603019.SSE,11,"PershareIndex 有 11 期被追溯重述（正常现象，get_asof 已按 (报告期, 公告日) 排序处理）",
报告期存在重述,提示,603259.SSE,4,"Balance 有 4 期被追溯重述（正常现象，get_asof 已按 (报告期, 公告日) 排序处理）",
报告期存在重述,提示,603259.SSE,17,"Income 有 17 期被追溯重述（正常现象，get_asof 已按 (报告期, 公告日) 排序处理）",
报告期存在重述,提示,603259.SSE,1,"CashFlow 有 1 期被追溯重述（正常现象，get_asof 已按 (报告期, 公告日) 排序处理）",
报告期存在重述,提示,603259.SSE,5,"PershareIndex 有 5 期被追溯重述（正常现象，get_asof 已按 (报告期, 公告日) 排序处理）",
报告期存在重述,提示,603260.SSE,28,"Balance 有 28 期被追溯重述（正常现象，get_asof 已按 (报告期, 公告日) 排序处理）",
报告期存在重述,提示,603260.SSE,22,"Income 有 22 期被追溯重述（正常现象，get_asof 已按 (报告期, 公告日) 排序处理）",
报告期存在重述,提示,603260.SSE,15,"CashFlow 有 15 期被追溯重述（正常现象，get_asof 已按 (报告期, 公告日) 排序处理）",
报告期存在重述,提示,603260.SSE,14,"PershareIndex 有 14 期被追溯重述（正常现象，get_asof 已按 (报告期, 公告日) 排序处理）",
报告期存在重述,提示,603288.SSE,5,"Balance 有 5 期被追溯重述（正常现象，get_asof 已按 (报告期, 公告日) 排序处理）",
报告期存在重述,提示,603288.SSE,35,"Income 有 35 期被追溯重述（正常现象，get_asof 已按 (报告期, 公告日) 排序处理）",
报告期存在重述,提示,603288.SSE,10,"CashFlow 有 10 期被追溯重述（正常现象，get_asof 已按 (报告期, 公告日) 排序处理）",
报告期存在重述,提示,603288.SSE,17,"PershareIndex 有 17 期被追溯重述（正常现象，get_asof 已按 (报告期, 公告日) 排序处理）",
报告期存在重述,提示,603296.SSE,1,"Balance 有 1 期被追溯重述（正常现象，get_asof 已按 (报告期, 公告日) 排序处理）",
报告期存在重述,提示,603296.SSE,9,"Income 有 9 期被追溯重述（正常现象，get_asof 已按 (报告期, 公告日) 排序处理）",
报告期存在重述,提示,603296.SSE,1,"CashFlow 有 1 期被追溯重述（正常现象，get_asof 已按 (报告期, 公告日) 排序处理）",
报告期存在重述,提示,603296.SSE,5,"PershareIndex 有 5 期被追溯重述（正常现象，get_asof 已按 (报告期, 公告日) 排序处理）",
报告期存在重述,提示,603369.SSE,9,"Balance 有 9 期被追溯重述（正常现象，get_asof 已按 (报告期, 公告日) 排序处理）",
报告期存在重述,提示,603369.SSE,15,"Income 有 15 期被追溯重述（正常现象，get_asof 已按 (报告期, 公告日) 排序处理）",
报告期存在重述,提示,603369.SSE,5,"CashFlow 有 5 期被追溯重述（正常现象，get_asof 已按 (报告期, 公告日) 排序处理）",
报告期存在重述,提示,603369.SSE,10,"PershareIndex 有 10 期被追溯重述（正常现象，get_asof 已按 (报告期, 公告日) 排序处理）",
报告期存在重述,提示,603392.SSE,4,"Balance 有 4 期被追溯重述（正常现象，get_asof 已按 (报告期, 公告日) 排序处理）",
报告期存在重述,提示,603392.SSE,18,"Income 有 18 期被追溯重述（正常现象，get_asof 已按 (报告期, 公告日) 排序处理）",
报告期存在重述,提示,603392.SSE,1,"CashFlow 有 1 期被追溯重述（正常现象，get_asof 已按 (报告期, 公告日) 排序处理）",
报告期存在重述,提示,603392.SSE,6,"PershareIndex 有 6 期被追溯重述（正常现象，get_asof 已按 (报告期, 公告日) 排序处理）",
报告期存在重述,提示,603501.SSE,5,"Balance 有 5 期被追溯重述（正常现象，get_asof 已按 (报告期, 公告日) 排序处理）",
报告期存在重述,提示,603501.SSE,20,"Income 有 20 期被追溯重述（正常现象，get_asof 已按 (报告期, 公告日) 排序处理）",
报告期存在重述,提示,603501.SSE,6,"CashFlow 有 6 期被追溯重述（正常现象，get_asof 已按 (报告期, 公告日) 排序处理）",
报告期存在重述,提示,603501.SSE,5,"PershareIndex 有 5 期被追溯重述（正常现象，get_asof 已按 (报告期, 公告日) 排序处理）",
报告期存在重述,提示,603799.SSE,34,"Balance 有 34 期被追溯重述（正常现象，get_asof 已按 (报告期, 公告日) 排序处理）",
报告期存在重述,提示,603799.SSE,30,"Income 有 30 期被追溯重述（正常现象，get_asof 已按 (报告期, 公告日) 排序处理）",
报告期存在重述,提示,603799.SSE,11,"CashFlow 有 11 期被追溯重述（正常现象，get_asof 已按 (报告期, 公告日) 排序处理）",
报告期存在重述,提示,603799.SSE,13,"PershareIndex 有 13 期被追溯重述（正常现象，get_asof 已按 (报告期, 公告日) 排序处理）",
报告期存在重述,提示,603893.SSE,2,"Balance 有 2 期被追溯重述（正常现象，get_asof 已按 (报告期, 公告日) 排序处理）",
报告期存在重述,提示,603893.SSE,5,"Income 有 5 期被追溯重述（正常现象，get_asof 已按 (报告期, 公告日) 排序处理）",
报告期存在重述,提示,603893.SSE,9,"CashFlow 有 9 期被追溯重述（正常现象，get_asof 已按 (报告期, 公告日) 排序处理）",
报告期存在重述,提示,603893.SSE,3,"PershareIndex 有 3 期被追溯重述（正常现象，get_asof 已按 (报告期, 公告日) 排序处理）",
报告期存在重述,提示,603986.SSE,1,"Balance 有 1 期被追溯重述（正常现象，get_asof 已按 (报告期, 公告日) 排序处理）",
报告期存在重述,提示,603986.SSE,27,"Income 有 27 期被追溯重述（正常现象，get_asof 已按 (报告期, 公告日) 排序处理）",
报告期存在重述,提示,603986.SSE,4,"CashFlow 有 4 期被追溯重述（正常现象，get_asof 已按 (报告期, 公告日) 排序处理）",
报告期存在重述,提示,603986.SSE,7,"PershareIndex 有 7 期被追溯重述（正常现象，get_asof 已按 (报告期, 公告日) 排序处理）",
报告期存在重述,提示,603993.SSE,18,"Balance 有 18 期被追溯重述（正常现象，get_asof 已按 (报告期, 公告日) 排序处理）",
报告期存在重述,提示,603993.SSE,22,"Income 有 22 期被追溯重述（正常现象，get_asof 已按 (报告期, 公告日) 排序处理）",
报告期存在重述,提示,603993.SSE,11,"CashFlow 有 11 期被追溯重述（正常现象，get_asof 已按 (报告期, 公告日) 排序处理）",
报告期存在重述,提示,603993.SSE,17,"PershareIndex 有 17 期被追溯重述（正常现象，get_asof 已按 (报告期, 公告日) 排序处理）",
报告期存在重述,提示,605117.SSE,7,"Balance 有 7 期被追溯重述（正常现象，get_asof 已按 (报告期, 公告日) 排序处理）",
报告期存在重述,提示,605117.SSE,19,"Income 有 19 期被追溯重述（正常现象，get_asof 已按 (报告期, 公告日) 排序处理）",
报告期存在重述,提示,605117.SSE,4,"CashFlow 有 4 期被追溯重述（正常现象，get_asof 已按 (报告期, 公告日) 排序处理）",
公告日在未来,可疑,605117.SSE,1,Capital 有 1 期公告日晚于今天，这些记录永远不会被取到,2026-08-27
报告期存在重述,提示,605117.SSE,8,"PershareIndex 有 8 期被追溯重述（正常现象，get_asof 已按 (报告期, 公告日) 排序处理）",
报告期存在重述,提示,605499.SSE,4,"Balance 有 4 期被追溯重述（正常现象，get_asof 已按 (报告期, 公告日) 排序处理）",
报告期存在重述,提示,605499.SSE,12,"Income 有 12 期被追溯重述（正常现象，get_asof 已按 (报告期, 公告日) 排序处理）",
报告期存在重述,提示,605499.SSE,8,"CashFlow 有 8 期被追溯重述（正常现象，get_asof 已按 (报告期, 公告日) 排序处理）",
报告期存在重述,提示,605499.SSE,3,"PershareIndex 有 3 期被追溯重述（正常现象，get_asof 已按 (报告期, 公告日) 排序处理）",
报告期存在重述,提示,688008.SSE,2,"Income 有 2 期被追溯重述（正常现象，get_asof 已按 (报告期, 公告日) 排序处理）",
报告期存在重述,提示,688008.SSE,3,"PershareIndex 有 3 期被追溯重述（正常现象，get_asof 已按 (报告期, 公告日) 排序处理）",
报告期存在重述,提示,688009.SSE,6,"Balance 有 6 期被追溯重述（正常现象，get_asof 已按 (报告期, 公告日) 排序处理）",
报告期存在重述,提示,688009.SSE,9,"Income 有 9 期被追溯重述（正常现象，get_asof 已按 (报告期, 公告日) 排序处理）",
报告期存在重述,提示,688009.SSE,7,"CashFlow 有 7 期被追溯重述（正常现象，get_asof 已按 (报告期, 公告日) 排序处理）",
报告期存在重述,提示,688009.SSE,2,"PershareIndex 有 2 期被追溯重述（正常现象，get_asof 已按 (报告期, 公告日) 排序处理）",
报告期存在重述,提示,688012.SSE,6,"Balance 有 6 期被追溯重述（正常现象，get_asof 已按 (报告期, 公告日) 排序处理）",
报告期存在重述,提示,688012.SSE,5,"Income 有 5 期被追溯重述（正常现象，get_asof 已按 (报告期, 公告日) 排序处理）",
报告期存在重述,提示,688012.SSE,2,"CashFlow 有 2 期被追溯重述（正常现象，get_asof 已按 (报告期, 公告日) 排序处理）",
报告期存在重述,提示,688012.SSE,4,"PershareIndex 有 4 期被追溯重述（正常现象，get_asof 已按 (报告期, 公告日) 排序处理）",
报告期存在重述,提示,688036.SSE,3,"Balance 有 3 期被追溯重述（正常现象，get_asof 已按 (报告期, 公告日) 排序处理）",
报告期存在重述,提示,688036.SSE,9,"Income 有 9 期被追溯重述（正常现象，get_asof 已按 (报告期, 公告日) 排序处理）",
报告期存在重述,提示,688036.SSE,4,"CashFlow 有 4 期被追溯重述（正常现象，get_asof 已按 (报告期, 公告日) 排序处理）",
报告期存在重述,提示,688036.SSE,4,"PershareIndex 有 4 期被追溯重述（正常现象，get_asof 已按 (报告期, 公告日) 排序处理）",
报告期存在重述,提示,688041.SSE,1,"Balance 有 1 期被追溯重述（正常现象，get_asof 已按 (报告期, 公告日) 排序处理）",
报告期存在重述,提示,688041.SSE,4,"Income 有 4 期被追溯重述（正常现象，get_asof 已按 (报告期, 公告日) 排序处理）",
报告期存在重述,提示,688041.SSE,4,"PershareIndex 有 4 期被追溯重述（正常现象，get_asof 已按 (报告期, 公告日) 排序处理）",
报告期存在重述,提示,688072.SSE,2,"Balance 有 2 期被追溯重述（正常现象，get_asof 已按 (报告期, 公告日) 排序处理）",
报告期存在重述,提示,688072.SSE,11,"Income 有 11 期被追溯重述（正常现象，get_asof 已按 (报告期, 公告日) 排序处理）",
报告期存在重述,提示,688072.SSE,5,"PershareIndex 有 5 期被追溯重述（正常现象，get_asof 已按 (报告期, 公告日) 排序处理）",
报告期存在重述,提示,688082.SSE,2,"Income 有 2 期被追溯重述（正常现象，get_asof 已按 (报告期, 公告日) 排序处理）",
报告期存在重述,提示,688082.SSE,6,"PershareIndex 有 6 期被追溯重述（正常现象，get_asof 已按 (报告期, 公告日) 排序处理）",
报告期存在重述,提示,688111.SSE,5,"Balance 有 5 期被追溯重述（正常现象，get_asof 已按 (报告期, 公告日) 排序处理）",
报告期存在重述,提示,688111.SSE,13,"Income 有 13 期被追溯重述（正常现象，get_asof 已按 (报告期, 公告日) 排序处理）",
报告期存在重述,提示,688111.SSE,5,"CashFlow 有 5 期被追溯重述（正常现象，get_asof 已按 (报告期, 公告日) 排序处理）",
报告期存在重述,提示,688111.SSE,10,"PershareIndex 有 10 期被追溯重述（正常现象，get_asof 已按 (报告期, 公告日) 排序处理）",
报告期存在重述,提示,688126.SSE,8,"Balance 有 8 期被追溯重述（正常现象，get_asof 已按 (报告期, 公告日) 排序处理）",
报告期存在重述,提示,688126.SSE,3,"Income 有 3 期被追溯重述（正常现象，get_asof 已按 (报告期, 公告日) 排序处理）",
报告期存在重述,提示,688126.SSE,6,"CashFlow 有 6 期被追溯重述（正常现象，get_asof 已按 (报告期, 公告日) 排序处理）",
报告期存在重述,提示,688183.SSE,5,"Income 有 5 期被追溯重述（正常现象，get_asof 已按 (报告期, 公告日) 排序处理）",
报告期存在重述,提示,688183.SSE,2,"PershareIndex 有 2 期被追溯重述（正常现象，get_asof 已按 (报告期, 公告日) 排序处理）",
报告期存在重述,提示,688223.SSE,4,"Balance 有 4 期被追溯重述（正常现象，get_asof 已按 (报告期, 公告日) 排序处理）",
报告期存在重述,提示,688223.SSE,5,"Income 有 5 期被追溯重述（正常现象，get_asof 已按 (报告期, 公告日) 排序处理）",
报告期存在重述,提示,688223.SSE,2,"PershareIndex 有 2 期被追溯重述（正常现象，get_asof 已按 (报告期, 公告日) 排序处理）",
报告期存在重述,提示,688256.SSE,2,"Balance 有 2 期被追溯重述（正常现象，get_asof 已按 (报告期, 公告日) 排序处理）",
报告期存在重述,提示,688256.SSE,4,"Income 有 4 期被追溯重述（正常现象，get_asof 已按 (报告期, 公告日) 排序处理）",
报告期存在重述,提示,688256.SSE,3,"CashFlow 有 3 期被追溯重述（正常现象，get_asof 已按 (报告期, 公告日) 排序处理）",
报告期存在重述,提示,688256.SSE,1,"PershareIndex 有 1 期被追溯重述（正常现象，get_asof 已按 (报告期, 公告日) 排序处理）",
报告期存在重述,提示,688271.SSE,1,"Balance 有 1 期被追溯重述（正常现象，get_asof 已按 (报告期, 公告日) 排序处理）",
报告期存在重述,提示,688271.SSE,3,"Income 有 3 期被追溯重述（正常现象，get_asof 已按 (报告期, 公告日) 排序处理）",
报告期存在重述,提示,688271.SSE,1,"PershareIndex 有 1 期被追溯重述（正常现象，get_asof 已按 (报告期, 公告日) 排序处理）",
报告期存在重述,提示,688303.SSE,13,"Balance 有 13 期被追溯重述（正常现象，get_asof 已按 (报告期, 公告日) 排序处理）",
报告期存在重述,提示,688303.SSE,2,"CashFlow 有 2 期被追溯重述（正常现象，get_asof 已按 (报告期, 公告日) 排序处理）",
报告期存在重述,提示,688303.SSE,2,"PershareIndex 有 2 期被追溯重述（正常现象，get_asof 已按 (报告期, 公告日) 排序处理）",
报告期存在重述,提示,688396.SSE,3,"Balance 有 3 期被追溯重述（正常现象，get_asof 已按 (报告期, 公告日) 排序处理）",
报告期存在重述,提示,688396.SSE,6,"Income 有 6 期被追溯重述（正常现象，get_asof 已按 (报告期, 公告日) 排序处理）",
报告期存在重述,提示,688396.SSE,2,"CashFlow 有 2 期被追溯重述（正常现象，get_asof 已按 (报告期, 公告日) 排序处理）",
报告期存在重述,提示,688396.SSE,15,"PershareIndex 有 15 期被追溯重述（正常现象，get_asof 已按 (报告期, 公告日) 排序处理）",
报告期存在重述,提示,688472.SSE,1,"Balance 有 1 期被追溯重述（正常现象，get_asof 已按 (报告期, 公告日) 排序处理）",
报告期存在重述,提示,688472.SSE,4,"Income 有 4 期被追溯重述（正常现象，get_asof 已按 (报告期, 公告日) 排序处理）",
报告期存在重述,提示,688472.SSE,1,"CashFlow 有 1 期被追溯重述（正常现象，get_asof 已按 (报告期, 公告日) 排序处理）",
报告期存在重述,提示,688472.SSE,2,"PershareIndex 有 2 期被追溯重述（正常现象，get_asof 已按 (报告期, 公告日) 排序处理）",
报告期存在重述,提示,688506.SSE,1,"Balance 有 1 期被追溯重述（正常现象，get_asof 已按 (报告期, 公告日) 排序处理）",
报告期存在重述,提示,688506.SSE,3,"Income 有 3 期被追溯重述（正常现象，get_asof 已按 (报告期, 公告日) 排序处理）",
报告期存在重述,提示,688506.SSE,1,"PershareIndex 有 1 期被追溯重述（正常现象，get_asof 已按 (报告期, 公告日) 排序处理）",
报告期存在重述,提示,688521.SSE,1,"Balance 有 1 期被追溯重述（正常现象，get_asof 已按 (报告期, 公告日) 排序处理）",
报告期存在重述,提示,688521.SSE,1,"Income 有 1 期被追溯重述（正常现象，get_asof 已按 (报告期, 公告日) 排序处理）",
报告期存在重述,提示,688521.SSE,3,"CashFlow 有 3 期被追溯重述（正常现象，get_asof 已按 (报告期, 公告日) 排序处理）",
报告期存在重述,提示,688521.SSE,4,"PershareIndex 有 4 期被追溯重述（正常现象，get_asof 已按 (报告期, 公告日) 排序处理）",
报告期存在重述,提示,688981.SSE,5,"Balance 有 5 期被追溯重述（正常现象，get_asof 已按 (报告期, 公告日) 排序处理）",
报告期存在重述,提示,688981.SSE,2,"Income 有 2 期被追溯重述（正常现象，get_asof 已按 (报告期, 公告日) 排序处理）",
报告期存在重述,提示,688981.SSE,2,"CashFlow 有 2 期被追溯重述（正常现象，get_asof 已按 (报告期, 公告日) 排序处理）",
报告期存在重述,提示,688981.SSE,4,"PershareIndex 有 4 期被追溯重述（正常现象，get_asof 已按 (报告期, 公告日) 排序处理）",
