,equity,returns,drawdown
2016-01-04,1000000.0,0.0,0.0
2016-01-05,1000000.0,0.0,0.0
2016-01-06,1000000.0,0.0,0.0
2016-01-07,1000000.0,0.0,0.0
2016-01-08,1000000.0,0.0,0.0
2016-01-11,1000000.0,0.0,0.0
2016-01-12,1000000.0,0.0,0.0
2016-01-13,1000000.0,0.0,0.0
2016-01-14,1000000.0,0.0,0.0
2016-01-15,1000000.0,0.0,0.0
2016-01-18,1000000.0,0.0,0.0
2016-01-19,1000000.0,0.0,0.0
2016-01-20,1000000.0,0.0,0.0
2016-01-21,1000000.0,0.0,0.0
2016-01-22,1000000.0,0.0,0.0
2016-01-25,1000000.0,0.0,0.0
2016-01-26,1000000.0,0.0,0.0
2016-01-27,1000000.0,0.0,0.0
2016-01-28,1000000.0,0.0,0.0
2016-01-29,1000000.0,0.0,0.0
2016-02-01,1000000.0,0.0,0.0
2016-02-02,1000000.0,0.0,0.0
2016-02-03,1000000.0,0.0,0.0
2016-02-04,1000000.0,0.0,0.0
2016-02-05,1000000.0,0.0,0.0
2016-02-15,1000000.0,0.0,0.0
2016-02-16,1000000.0,0.0,0.0
2016-02-17,1000000.0,0.0,0.0
2016-02-18,1000000.0,0.0,0.0
2016-02-19,1000000.0,0.0,0.0
2016-02-22,1001525.24071,0.001525240709999931,0.0
2016-02-23,994418.84071,-0.007095577536280762,-0.007095577536280762
2016-02-24,1001229.1407100001,0.006848522696067949,-0.0002956490640116938
2016-02-25,942601.3407100001,-0.05855582664965708,-0.058834163738327394
2016-02-26,950892.14071,0.00879565903625279,-0.05055598994600008
2016-02-29,930461.24071,-0.021486033089667567,-0.07095577536280706
2016-03-01,946450.6407100001,0.017184380499072782,-0.054990725906175375
2016-03-02,943229.5820020001,-0.0034033034259278727,-0.058206879206232576
2016-03-03,943229.5820020001,0.0,-0.058206879206232576
2016-03-04,943229.5820020001,0.0,-0.058206879206232576
2016-03-07,943229.5820020001,0.0,-0.058206879206232576
2016-03-08,941901.1258820001,-0.0014084122734788762,-0.05953331219663649
2016-03-09,929297.1258820001,-0.01338144700506394,-0.07211811733950524
2016-03-10,918063.125882,-0.012088706278239991,-0.0833350088798882
2016-03-11,916419.1258820001,-0.0017907265346491785,-0.08497650520287103
2016-03-14,934229.1258820001,0.019434339045312887,-0.06719362837055654
2016-03-15,931489.1258820001,-0.0029328993542276915,-0.06992945557552799
2016-03-16,936969.125882,0.005883053111125802,-0.0644578011655852
2016-03-17,950669.1258820001,0.01462161305166143,-0.05077866514072782
2016-03-18,962725.1258820001,0.012681594123312712,-0.038741025438853494
2016-03-21,981905.1258820002,0.01992261288748276,-0.019590235004053214
2016-03-22,975877.125882,-0.0061390859881554904,-0.025609054854990654
2016-03-23,977521.1258820001,0.0016846383180815216,-0.023967558532007605
2016-03-24,963821.125882,-0.014015042373267228,-0.03764669455686498
2016-03-25,967383.1258820001,0.0036957065002496403,-0.03409011919040206
2016-03-28,959163.125882,-0.00849715048782318,-0.042297600805316526
2016-03-29,952039.1258820001,-0.007427308043612468,-0.04941075153824215
2016-03-30,975603.125882,0.024751083605066615,-0.02588263757548781
2016-03-31,973959.1258820001,-0.0016851114519683685,-0.027524133898470526
2016-04-01,976699.125882,0.0028132597428240924,-0.024788306693499185
2016-04-05,985193.1258820001,0.008696639297521402,-0.01630724235808756
2016-04-06,983549.1258820001,-0.0016687083545453563,-0.017948738681070386
2016-04-07,972589.1258820001,-0.011143317310329137,-0.028892047500956197
2016-04-08,965191.1258820001,-0.007606500836919272,-0.0362787809543792
2016-04-11,974781.125882,0.00993585595934321,-0.02670338573697917
2016-04-12,973685.1258820001,-0.0011243549663604302,-0.027797716618967683
2016-04-13,984919.1258820001,0.011537610775171014,-0.016580825078584716
2016-04-14,988207.1258820001,0.0033383451631681105,-0.01329783243261895
2016-04-15,989029.125882,0.0008318094238253249,-0.012477084271127703
2016-04-18,976425.1258820001,-0.01274381074344988,-0.02506188941399623
2016-04-19,977521.1258820001,0.001122461897946403,-0.023967558532007605
2016-04-20,962177.125882,-0.015696847458059326,-0.03928819087984792
2016-04-21,958067.1258820001,-0.004271562781366645,-0.04339193168730493
2016-04-22,951448.524362,-0.006908285798771008,-0.050000453620619334
2016-04-25,951448.524362,0.0,-0.050000453620619334
2016-04-26,951448.524362,0.0,-0.050000453620619334
2016-04-27,951448.524362,0.0,-0.050000453620619334
2016-04-28,951448.524362,0.0,-0.050000453620619334
2016-04-29,951448.524362,0.0,-0.050000453620619334
2016-05-03,951448.524362,0.0,-0.050000453620619334
2016-05-04,951448.524362,0.0,-0.050000453620619334
2016-05-05,951448.524362,0.0,-0.050000453620619334
2016-05-06,951448.524362,0.0,-0.050000453620619334
2016-05-09,951448.524362,0.0,-0.050000453620619334
2016-05-10,951448.524362,0.0,-0.050000453620619334
2016-05-11,951448.524362,0.0,-0.050000453620619334
2016-05-12,951448.524362,0.0,-0.050000453620619334
2016-05-13,951448.524362,0.0,-0.050000453620619334
2016-05-16,951448.524362,0.0,-0.050000453620619334
2016-05-17,951448.524362,0.0,-0.050000453620619334
2016-05-18,951448.524362,0.0,-0.050000453620619334
2016-05-19,951448.524362,0.0,-0.050000453620619334
2016-05-20,951448.524362,0.0,-0.050000453620619334
2016-05-23,951448.524362,0.0,-0.050000453620619334
2016-05-24,951448.524362,0.0,-0.050000453620619334
2016-05-25,951448.524362,0.0,-0.050000453620619334
2016-05-26,951448.524362,0.0,-0.050000453620619334
2016-05-27,951448.524362,0.0,-0.050000453620619334
2016-05-30,951448.524362,0.0,-0.050000453620619334
2016-05-31,951448.524362,0.0,-0.050000453620619334
2016-06-01,951448.524362,0.0,-0.050000453620619334
2016-06-02,948764.6731620001,-0.0028208054679569328,-0.052680217535602925
2016-06-03,958828.6731620001,0.010607477580777847,-0.04263154418128445
2016-06-06,953660.6731620001,-0.005389909735341036,-0.0477916737416102
2016-06-07,953660.6731620001,0.0,-0.0477916737416102
2016-06-08,952572.6731620001,-0.0011408670092188933,-0.048878016806941926
2016-06-13,924284.6731620003,-0.029696421907737247,-0.07712293650556679
2016-06-14,927820.6731620001,0.0038256611871569923,-0.07359232154323869
2016-06-15,938972.6731620001,0.012019564041394037,-0.06245730512358849
2016-06-16,933804.6731620001,-0.005503887544029085,-0.06761743468391423
2016-06-17,937340.6731620001,0.0037866591393536098,-0.06408681972158614
2016-06-20,934313.5797220002,-0.0032294485096741044,-0.06710930314682062
2016-06-21,934313.5797220002,0.0,-0.06710930314682062
2016-06-22,934313.5797220002,0.0,-0.06710930314682062
2016-06-23,934313.5797220002,0.0,-0.06710930314682062
2016-06-24,934313.5797220002,0.0,-0.06710930314682062
2016-06-27,934313.5797220002,0.0,-0.06710930314682062
2016-06-28,934313.5797220002,0.0,-0.06710930314682062
2016-06-29,934313.5797220002,0.0,-0.06710930314682062
2016-06-30,934313.5797220002,0.0,-0.06710930314682062
2016-07-01,930615.0161260003,-0.003958589146376701,-0.07080223413413933
2016-07-04,944750.1161260003,0.015188987664138676,-0.056688660730857654
2016-07-05,946883.7161260003,0.002258374953949538,-0.054558310028475554
2016-07-06,951150.9161260002,0.004506572377713347,-0.05029760862371124
2016-07-07,952217.7161260003,0.0011215885743400822,-0.04923243327252014
2016-07-08,949017.3161260003,-0.003360996068231703,-0.052427959326093454
2016-07-11,951150.9161260002,0.002248220305093751,-0.05029760862371124
2016-07-12,973020.3161260004,0.022992565773971352,-0.02846151392429408
2016-07-13,974887.2161260003,0.0019186649744713513,-0.02659745705970984
2016-07-14,973553.7161260003,-0.0013678505348536651,-0.027928926248698693
2016-07-15,974620.5161260002,0.0010957792901711283,-0.0268637508975077
2016-07-18,971420.1161260003,-0.0032837396166469635,-0.030059276951080793
2016-07-19,966886.2161260003,-0.004667290624041365,-0.03458627219364285
2016-07-20,965019.3161260003,-0.001930837330042956,-0.036450329058227315
2016-07-21,969819.9161260002,0.004974615450467512,-0.03165703997786751
2016-07-22,962085.6161260003,-0.00797498573848121,-0.03937956127400266
2016-07-25,961818.9161260002,-0.0002772102560621992,-0.03964585511180052
2016-07-26,973020.3161260003,0.011646059161652733,-0.02846151392429419
2016-07-27,956751.6161260002,-0.016719794777536157,-0.04470543802995819
2016-07-28,959151.9161260003,0.0025088016153234083,-0.04230879348977812
2016-07-29,956218.2161260003,-0.0030586395655124443,-0.045238025705553575
2016-08-01,950007.7012420002,-0.006494871964645488,-0.05143908248530815
2016-08-02,950007.7012420002,0.0,-0.05143908248530815
2016-08-03,950007.7012420002,0.0,-0.05143908248530815
2016-08-04,950007.7012420002,0.0,-0.05143908248530815
2016-08-05,950007.7012420002,0.0,-0.05143908248530815
2016-08-08,950007.7012420002,0.0,-0.05143908248530815
2016-08-09,950007.7012420002,0.0,-0.05143908248530815
2016-08-10,950007.7012420002,0.0,-0.05143908248530815
2016-08-11,946644.1654840003,-0.0035405352541906243,-0.05479749585451632
2016-08-12,961764.7654840004,0.015972844444954948,-0.039699923286818706
2016-08-15,987574.0654840004,0.02683535613514776,-0.013929928731610808
2016-08-16,984967.0654840004,-0.002639802006872638,-0.016532958484662075
2016-08-17,982881.4654840004,-0.0021174312046414734,-0.018615382287103133
2016-08-18,981577.9654840004,-0.001326202645766772,-0.019916897163628766
2016-08-19,980535.1654840005,-0.001062371035891907,-0.020958109064849295
2016-08-22,974278.3654840005,-0.006381005210467361,-0.027205380472172358
2016-08-23,974799.7654840004,0.0005351653269451973,-0.02668477452156215
2016-08-24,971149.9654840004,-0.0037441535474599386,-0.030329016175834056
2016-08-25,966457.3654840004,-0.004832003466798573,-0.03501446973132638
2016-08-26,965414.5654840004,-0.001078992242433574,-0.03605568163254691
2016-08-29,965153.8654840003,-0.00027003943105974315,-0.036315984607852125
2016-08-30,968803.6654840003,0.003781573208712974,-0.03267174295358022
2016-08-31,972453.4654840004,0.003767326786668024,-0.02902750129930831
2016-09-01,963068.2654840004,-0.009651053066409565,-0.03839840841029296
2016-09-02,966978.7654840003,0.004060459824241747,-0.03449386378071617
2016-09-05,965036.4670600005,-0.002008625725123947,-0.03643320424369134
2016-09-06,965036.4670600005,0.0,-0.03643320424369134
2016-09-07,965036.4670600005,0.0,-0.03643320424369134
2016-09-08,965036.4670600005,0.0,-0.03643320424369134
2016-09-09,965036.4670600005,0.0,-0.03643320424369134
2016-09-12,956283.1552580007,-0.00907044666267065,-0.045173185470519295
2016-09-13,953087.9392020006,-0.00334128656186361,-0.04836353547481376
2016-09-14,953087.9392020006,0.0,-0.04836353547481376
2016-09-19,953087.9392020006,0.0,-0.04836353547481376
2016-09-20,953087.9392020006,0.0,-0.04836353547481376
2016-09-21,953087.9392020006,0.0,-0.04836353547481376
2016-09-22,953087.9392020006,0.0,-0.04836353547481376
2016-09-23,953087.9392020006,0.0,-0.04836353547481376
2016-09-26,953087.9392020006,0.0,-0.04836353547481376
2016-09-27,953087.9392020006,0.0,-0.04836353547481376
2016-09-28,953087.9392020006,0.0,-0.04836353547481376
2016-09-29,953087.9392020006,0.0,-0.04836353547481376
2016-09-30,953087.9392020006,0.0,-0.04836353547481376
2016-10-10,953087.9392020006,0.0,-0.04836353547481376
2016-10-11,953087.9392020006,0.0,-0.04836353547481376
2016-10-12,953087.9392020006,0.0,-0.04836353547481376
2016-10-13,949001.0390380007,-0.0042880619887203375,-0.05244421162542434
2016-10-14,951568.0390380007,0.0027049496200786116,-0.04988112095565733
2016-10-17,943610.3390380007,-0.008362723077631973,-0.057826702031935184
2016-10-18,954391.7390380006,0.011425690832289392,-0.04706172121891372
2016-10-19,953878.3390380007,-0.0005379342454466807,-0.047574339352867034
2016-10-20,952594.8390380007,-0.0013455594361168055,-0.048855884687750595
2016-10-21,956958.7390380007,0.004581066179622617,-0.04449863054914649
2016-10-24,967483.4390380007,0.010998070836972573,-0.03398995880310163
2016-10-25,965173.1390380007,-0.0023879478519003294,-0.036296740405891925
2016-10-26,962606.1390380006,-0.0026596264402454217,-0.03885983107565916
2016-10-27,961322.6390380006,-0.0013333594581920183,-0.040141376410542606
2016-10-28,960039.1390380007,-0.0013351396793113146,-0.041422921745426056
2016-10-31,958242.2390380008,-0.0018716945246632921,-0.04321708521426293
2016-11-01,963632.9390380007,0.005625613003045649,-0.0378345948077522
2016-11-02,957728.8390380007,-0.006126918000430859,-0.043729703348216464
2016-11-03,964403.0390380006,0.006968778351400529,-0.03706566760682217
2016-11-04,961579.3390380007,-0.0029279252404851297,-0.039885067343565894
2016-11-07,962349.4390380007,0.0008008699529364893,-0.03911614014263576
2016-11-08,966970.0390380007,0.0048013744410959625,-0.03450257693705494
2016-11-09,963632.9390380008,-0.0034510893463874925,-0.03783459480775209
2016-11-10,972617.4390380007,0.009323570870220621,-0.028863777463567608
2016-11-11,980318.4390380008,0.007917809912617813,-0.021174505454266357
2016-11-14,981601.9390380007,0.001309268446750167,-0.019892960119382908
2016-11-15,980575.1390380007,-0.0010460452034214418,-0.020918196387289645
2016-11-16,980831.8390380007,0.00026178513994534747,-0.020661887320313044
2016-11-17,982885.4390380007,0.0020937330113734998,-0.018611414784499347
2016-11-18,979805.0390380006,-0.00313403767891296,-0.021687123588219892
2016-11-21,983912.2390380007,0.004191854334646639,-0.0175861785165925
2016-11-22,992896.7390380007,0.009131403842261854,-0.008615361172407798
2016-11-23,994436.9390380007,0.0015512187113155829,-0.007077506770547637
2016-11-24,997003.9390380008,0.002581360264516608,-0.004514416100780516
2016-11-25,1007015.2390380006,0.01004138460040549,0.0
2016-11-28,1011122.4390380007,0.0040785877321218855,0.0
2016-11-29,1018310.0390380006,0.007108535744531963,0.0
2016-11-30,1009838.9390380007,-0.008318782762863353,-0.008318782762863353
2016-12-01,1018566.7390380007,0.008642764368260947,0.0
2016-12-02,1008298.7390380007,-0.010080831826197012,-0.010080831826197012
2016-12-05,989816.3390380007,-0.0183302817750558,-0.028226329113351656
2016-12-06,988276.1390380006,-0.0015560462474250025,-0.029738453887281358
2016-12-07,992383.3390380007,0.004155923468918354,-0.025706121156802486
2016-12-08,994436.9390380007,0.002069361625912425,-0.023689954791563106
2016-12-09,999570.9390380007,0.0051627205290327716,-0.018649538878464544
2016-12-12,995289.9223340007,-0.004282854309590078,-0.02285251993009718
2016-12-13,995289.9223340007,0.0,-0.02285251993009718
2016-12-14,995289.9223340007,0.0,-0.02285251993009718
2016-12-15,995289.9223340007,0.0,-0.02285251993009718
2016-12-16,995289.9223340007,0.0,-0.02285251993009718
2016-12-19,995289.9223340007,0.0,-0.02285251993009718
2016-12-20,995289.9223340007,0.0,-0.02285251993009718
2016-12-21,995289.9223340007,0.0,-0.02285251993009718
2016-12-22,995289.9223340007,0.0,-0.02285251993009718
2016-12-23,995289.9223340007,0.0,-0.02285251993009718
2016-12-26,995289.9223340007,0.0,-0.02285251993009718
2016-12-27,995289.9223340007,0.0,-0.02285251993009718
2016-12-28,995289.9223340007,0.0,-0.02285251993009718
2016-12-29,995289.9223340007,0.0,-0.02285251993009718
2016-12-30,995289.9223340007,0.0,-0.02285251993009718
2017-01-03,995289.9223340007,0.0,-0.02285251993009718
2017-01-04,995289.9223340007,0.0,-0.02285251993009718
2017-01-05,995289.9223340007,0.0,-0.02285251993009718
2017-01-06,995289.9223340007,0.0,-0.02285251993009718
2017-01-09,995289.9223340007,0.0,-0.02285251993009718
2017-01-10,990300.5603740008,-0.00501297345430729,-0.027750934308630848
2017-01-11,983713.0603740008,-0.006652020874866604,-0.03421835538917939
2017-01-12,979233.5603740008,-0.004553665271351481,-0.038616201723952526
2017-01-13,980814.5603740008,0.0016145279981991667,-0.03706402066462078
2017-01-16,979760.5603740009,-0.0010746169995661248,-0.038098808037508425
2017-01-17,973059.3812040009,-0.006839609023904791,-0.04467783611015985
2017-01-18,973059.3812040009,0.0,-0.04467783611015985
2017-01-19,973059.3812040009,0.0,-0.04467783611015985
2017-01-20,973059.3812040009,0.0,-0.04467783611015985
2017-01-23,970496.429844001,-0.0026339105397953366,-0.04719406922652947
2017-01-24,971012.429844001,0.0005316866545124199,-0.04668747502879689
2017-01-25,973592.429844001,0.002657020570184132,-0.04415450404013421
2017-01-26,977204.429844001,0.0037099713281241176,-0.04060834465600649
2017-02-03,972044.429844001,-0.005280369022502063,-0.04567428663333184
2017-02-06,971786.4298440008,-0.00026541996649420696,-0.045927583732198185
2017-02-07,970238.429844001,-0.0015929425977355693,-0.0474473663253957
2017-02-08,976172.429844001,0.0061160224306453514,-0.04162153305147154
2017-02-09,979268.429844001,0.003171570826369985,-0.03858196786507628
2017-02-10,983912.429844001,0.004742315649591378,-0.03402262008548351
2017-02-13,988556.429844001,0.004719932241059599,-0.029463272305890742
2017-02-14,989588.429844001,0.0010439464747225013,-0.028450083910425694
2017-02-15,986492.429844001,-0.0031285733610366684,-0.03148964909682084
2017-02-16,990362.4298440008,0.0039229900635040504,-0.02769019261382699
2017-02-17,985202.429844001,-0.005210213801035146,-0.03275613459115223
2017-02-20,999650.429844001,0.014665006461959118,-0.01857149705464123
2017-02-21,999650.429844001,0.0,-0.01857149705464123
2017-02-22,1002488.4298440011,0.0028389924270257882,-0.015785228967112208
2017-02-23,998618.4298440008,-0.003860393681154428,-0.019584685450106387
2017-02-24,997844.429844001,-0.0007750708147062912,-0.02034457674670509
2017-02-27,990878.429844001,-0.006981048139026114,-0.0271835984160943
2017-02-28,992168.429844001,0.001301875145473863,-0.02591711292176302
2017-03-01,993200.4298440011,0.0010401459761850695,-0.02490392452629775
2017-03-02,990104.429844001,-0.0031171955901050374,-0.027943489712693115
2017-03-03,986750.429844001,-0.0033875214562250067,-0.031236351997954603
2017-03-06,991136.4298440011,0.004444892920587362,-0.026930301317227956
2017-03-07,992426.429844001,0.0013015362579327228,-0.025663815822896674
2017-03-08,993458.429844001,0.0010398755705873786,-0.024650627427431626
2017-03-09,988141.9373640011,-0.005351499690666173,-0.02987020929304518
2017-03-10,988141.9373640011,0.0,-0.02987020929304518
2017-03-13,988141.9373640011,0.0,-0.02987020929304518
2017-03-14,988141.9373640011,0.0,-0.02987020929304518
2017-03-15,988141.9373640011,0.0,-0.02987020929304518
2017-03-16,988141.9373640011,0.0,-0.02987020929304518
2017-03-17,975465.9183440012,-0.012828135858513279,-0.042315166048625064
2017-03-20,975973.3183440012,0.0005201616893610872,-0.041817015087521336
2017-03-21,982062.1183440012,0.006238695142128714,-0.03583920355427739
2017-03-22,977495.5183440013,-0.004650011353355521,-0.040322562204210266
2017-03-23,980032.5183440011,0.0025954083189023702,-0.037831807398692185
2017-03-24,988404.6183440011,0.008542675720747184,-0.029612316540481798
2017-03-27,984345.4183440013,-0.004106820146996815,-0.03359752422931084
2017-03-28,983076.9183440012,-0.0012886736468323834,-0.034842901632070156
2017-03-29,981301.0183440013,-0.0018064710572103237,-0.03658642999593287
2017-03-30,972928.9183440013,-0.008531632846084602,-0.044805920854143255
2017-03-31,979271.4183440012,0.006518975724141507,-0.038579033840347554
2017-04-05,993732.3183440012,0.01476699894341249,-0.02438173144889333
2017-04-06,992717.5183440013,-0.0010212005600170881,-0.02537803337110056
2017-04-07,994493.4183440012,0.0017889278341358672,-0.02363450500723785
2017-04-10,992210.1183440011,-0.002295942796486372,-0.02587618433220429
2017-04-11,994493.4183440013,0.002301226280388091,-0.02363450500723774
2017-04-12,991195.3183440013,-0.0033163618171468956,-0.02687248625441152
2017-04-13,994493.4183440013,0.0033273966684086442,-0.02363450500723774
2017-04-14,987136.1183440011,-0.007398037899789545,-0.030857693943240894
2017-04-17,984091.7183440012,-0.003084073152046285,-0.03384659970986281
2017-04-18,982062.1183440011,-0.0020624093894575646,-0.0358392035542775
2017-04-19,975212.2183440012,-0.006975017030033226,-0.042564241529176816
2017-04-20,971001.6913680012,-0.004317549449031621,-0.04669801776064575
2017-04-21,971001.6913680012,0.0,-0.04669801776064575
2017-04-24,971001.6913680012,0.0,-0.04669801776064575
2017-04-25,971001.6913680012,0.0,-0.04669801776064575
2017-04-26,971001.6913680012,0.0,-0.04669801776064575
2017-04-27,971001.6913680012,0.0,-0.04669801776064575
2017-04-28,971001.6913680012,0.0,-0.04669801776064575
2017-05-02,971001.6913680012,0.0,-0.04669801776064575
2017-05-03,971001.6913680012,0.0,-0.04669801776064575
2017-05-04,971001.6913680012,0.0,-0.04669801776064575
2017-05-05,971001.6913680012,0.0,-0.04669801776064575
2017-05-08,971001.6913680012,0.0,-0.04669801776064575
2017-05-09,971001.6913680012,0.0,-0.04669801776064575
2017-05-10,971001.6913680012,0.0,-0.04669801776064575
2017-05-11,971001.6913680012,0.0,-0.04669801776064575
2017-05-12,971001.6913680012,0.0,-0.04669801776064575
2017-05-15,971001.6913680012,0.0,-0.04669801776064575
2017-05-16,971001.6913680012,0.0,-0.04669801776064575
2017-05-17,971001.6913680012,0.0,-0.04669801776064575
2017-05-18,971001.6913680012,0.0,-0.04669801776064575
2017-05-19,971001.6913680012,0.0,-0.04669801776064575
2017-05-22,968725.1634180011,-0.0023445149171601454,-0.04893304847856417
2017-05-23,972542.6634180013,0.003940746193203726,-0.04518513500987431
2017-05-24,972542.6634180013,0.0,-0.04518513500987431
2017-05-25,991121.1634180013,0.01910301799481573,-0.026945289462250388
2017-05-26,989594.1634180011,-0.0015406794409817959,-0.028444454849726464
2017-05-31,990103.1634180011,0.000514352265621687,-0.027944733053901216
2017-06-01,992139.1634180011,0.0020563513734985772,-0.025945845870599893
2017-06-02,989848.6634180011,-0.0023086479038979535,-0.028194593951813784
2017-06-05,983995.1634180013,-0.005913530235811426,-0.03394139460380474
2017-06-06,990866.6634180011,0.006983266031644897,-0.02719515036016318
2017-06-07,1003082.6634180011,0.012328601264937955,-0.015201827260355794
2017-06-08,1009445.1634180011,0.006342946829845264,-0.008955304812539366
2017-06-09,1015044.1634180011,0.005546611349388941,-0.003458365058460977
2017-06-12,1013262.6634180011,-0.0017550960482360933,-0.00520739134384951
2017-06-13,1015044.163418001,0.0017581818262111248,-0.003458365058461088
2017-06-14,1005882.163418001,-0.0090262082480711,-0.012453357383316654
2017-06-15,1002828.163418001,-0.003036140922931252,-0.015451688158268584
2017-06-16,1001301.1634180011,-0.001522693573737799,-0.016950853545744327
2017-06-19,1011481.1634180011,0.010166771369015448,-0.006956417629238154
2017-06-20,1008681.6634180013,-0.0027677233163094783,-0.009704887506277182
2017-06-21,1020134.1634180011,0.011353929009864316,0.0
2017-06-22,1021152.163418001,0.000997907958095512,0.0
2017-06-23,1030059.6634180011,0.008722989892304467,0.0
2017-06-26,1041512.1634180011,0.011118288004791532,0.0
2017-06-27,1042021.1634180011,0.0004887124873602655,0.0
2017-06-28,1035658.6634180011,-0.006105922051650059,-0.006105922051650059
2017-06-29,1041257.6634180011,0.005406221371741848,-0.0007327106461979538
2017-06-30,1039730.663418001,-0.0014664958094883218,-0.0021981319385940834
2017-07-03,1035658.6634180011,-0.003916398874506233,-0.006105922051650059
2017-07-04,1028023.6634180011,-0.007372120052375308,-0.013433028513630041
2017-07-05,1039985.1634180011,0.011635432554373493,-0.001953895056527988
2017-07-06,1039221.6634180011,-0.0007341450886575451,-0.0026866057027260526
2017-07-07,1038712.6634180011,-0.000489789635760518,-0.0031750794668580218
2017-07-10,1039730.6634180011,0.0009800592944060327,-0.0021981319385939724
2017-07-11,1047365.6634180013,0.0073432478896995335,0.0
2017-07-12,1041766.6634180011,-0.005345792969504215,-0.005345792969504215
2017-07-13,1051437.663418001,0.009283268835143632,0.0
2017-07-14,1057800.1634180013,0.006051238434161776,0.0
2017-07-17,1044820.6634180011,-0.012270276039720307,-0.012270276039720307
2017-07-18,1045329.6634180011,0.00048716494401523924,-0.011789088744045051
2017-07-19,1064926.1634180013,0.018746717600956364,0.0
2017-07-20,1069507.163418001,0.004301706688561779,0.0
2017-07-21,1064671.663418001,-0.00452124133937204,-0.00452124133937204
2017-07-24,1069507.163418001,0.004541775803890813,0.0
2017-07-25,1062126.663418001,-0.006900842044304745,-0.006900842044304745
2017-07-26,1056782.163418001,-0.0050318857289590735,-0.011898003524663303
2017-07-27,1059581.663418001,0.0026490795330471606,-0.009280442749237339
2017-07-28,1063144.663418001,0.003362647847742428,-0.005949001762331596
2017-07-31,1066707.663418001,0.00335137834257182,-0.0026175607754259644
2017-08-01,1074342.6634180013,0.007157537403955416,0.0
2017-08-02,1074342.6634180013,0.0,0.0
2017-08-03,1064671.663418001,-0.009001783443312372,-0.009001783443312372
2017-08-04,1058818.163418001,-0.0054979391310256975,-0.014450231316895934
2017-08-07,1064671.663418001,0.005528333572503374,-0.009001783443312372
2017-08-08,1064926.1634180013,0.00023904083178383218,-0.008764894405330237
2017-08-09,1064162.663418001,-0.0007169511147605556,-0.009475561519276088
2017-08-10,1062126.663418001,-0.0019132413398723624,-0.011370673823131283
2017-08-11,1043802.6634180011,-0.017252179642145427,-0.02842668455782782
2017-08-14,1040257.3817080013,-0.0033965057134368593,-0.031726638874750024
2017-08-15,1040257.3817080013,0.0,-0.031726638874750024
2017-08-16,1040257.3817080013,0.0,-0.031726638874750024
2017-08-17,1040257.3817080013,0.0,-0.031726638874750024
2017-08-18,1040257.3817080013,0.0,-0.031726638874750024
2017-08-21,1040257.3817080013,0.0,-0.031726638874750024
2017-08-22,1040257.3817080013,0.0,-0.031726638874750024
2017-08-23,1039999.8276580014,-0.0002475868516087498,-0.03196637062772756
2017-08-24,1035089.8276580013,-0.004721154628512858,-0.03653660707759454
2017-08-25,1051292.8276580013,0.015653713877819664,-0.0214548267930339
2017-08-28,1062094.8276580013,0.01027496784512838,-0.011400306603326804
2017-08-29,1060130.8276580013,-0.0018491757504655038,-0.013228401183273508
2017-08-30,1059148.8276580013,-0.0009263007681508117,-0.01414244847324686
2017-08-31,1057430.3276580013,-0.0016225292943957692,-0.015742031230700282
2017-09-01,1058657.8276580013,0.0011608329815153695,-0.014599472118233647
2017-09-04,1062094.8276580013,0.0032465636301046708,-0.011400306603326804
2017-09-05,1065531.8276580013,0.003236057563314576,-0.008201141088419961
2017-09-06,1062585.8276580013,-0.002764816520286595,-0.010943282958340128
2017-09-07,1058412.3276580013,-0.003927682725826109,-0.01482798394072693
2017-09-08,1057430.3276580013,-0.0009278047641158027,-0.015742031230700282
2017-09-11,1058903.3276580013,0.0013929995778183546,-0.014370960295740254
2017-09-12,1061358.3276580013,0.002318436382129141,-0.012085842070806874
2017-09-13,1062094.8276580013,0.0006939221003947615,-0.011400306603326804
2017-09-14,1058903.3276580013,-0.0030049105945064714,-0.014370960295740254
2017-09-15,1060376.3276580016,0.0013910618292778398,-0.012999889360780004
2017-09-18,1064058.8276580013,0.0034728236607592944,-0.009572212023379989
2017-09-19,1057921.3276580013,-0.005768008159387827,-0.015285007585713606
2017-09-20,1062340.3276580013,0.004177059186227572,-0.01117179478083341
2017-09-21,1062585.8276580013,0.0002310935522340518,-0.010943282958340128
2017-09-22,1059885.3276580013,-0.002541441763769803,-0.013456913005766902
2017-09-25,1055957.3276580013,-0.0037060613044617163,-0.01711310216566042
2017-09-26,1051011.2146080015,-0.0046840084541766025,-0.02171695270461582
2017-09-27,1051011.2146080015,0.0,-0.02171695270461582
2017-09-28,1051011.2146080015,0.0,-0.02171695270461582
2017-09-29,1051011.2146080015,0.0,-0.02171695270461582
2017-10-09,1051011.2146080015,0.0,-0.02171695270461582
2017-10-10,1050271.8072240017,-0.0007035199755461852,-0.022405194370126336
2017-10-11,1053867.3072240015,0.00342339951931403,-0.019058496782449086
2017-10-12,1057942.2072240016,0.003866615817824215,-0.015265572849747833
2017-10-13,1059859.8072240017,0.0018125753816287116,-0.013480667469653151
2017-10-16,1056504.0072240015,-0.00316626781875029,-0.016604251884818955
2017-10-17,1056024.6072240015,-0.0004537607020153045,-0.017050478229842514
2017-10-18,1061777.4072240016,0.005447600331134783,-0.011695762089558581
2017-10-19,1059140.7072240016,-0.002483288853257437,-0.014150006987188712
2017-10-20,1058661.3072240013,-0.00045263107793946933,-0.014596233332212716
2017-10-23,1061537.7072240016,0.0027170162736398495,-0.01191887526207036
2017-10-24,1067769.9072240014,0.0058709172152699995,-0.006117932776763091
2017-10-25,1070886.0072240015,0.0029183253610334248,-0.0032174615341091783
2017-10-26,1077837.3072240013,0.00649116708324482,0.0
2017-10-27,1082631.3072240015,0.0044477955697668214,0.0
2017-10-30,1078316.7072240016,-0.003985290256442897,-0.003985290256442897
2017-10-31,1077597.6072240013,-0.0006668727241104788,-0.0046495052991837316
2017-11-01,1074241.8072240015,-0.0031141494538435843,-0.0077491754986391825
2017-11-02,1075919.7072240014,0.0015619388379009003,-0.006199340398911457
2017-11-03,1073283.0072240015,-0.002450647555107044,-0.008634795555626629
2017-11-06,1081912.2072240016,0.008040004306337778,-0.0006642150427403903
2017-11-07,1091500.2072240016,0.008862086901303412,0.0
2017-11-08,1089342.9072240014,-0.00197645404528779,-0.00197645404528779
2017-11-09,1096773.6072240015,0.006821268078878839,0.0
2017-11-10,1105642.5072240015,0.008086354322883071,0.0
2017-11-13,1107799.8072240017,0.0019511731738830473,0.0
2017-11-14,1100129.4072240014,-0.006923994705524739,-0.006923994705524739
2017-11-15,1092938.4072240014,-0.006536503753813205,-0.013415239741954021
2017-11-16,1102286.7072240016,0.008553363975692285,-0.004976621194595743
2017-11-17,1103485.2072240016,0.0010872851792056437,-0.0038947470218575475
2017-11-20,1111395.3072240013,0.007168288209226548,0.0
2017-11-21,1131290.4072240018,0.01790101134194444,0.0
2017-11-22,1131050.7072240016,-0.0002118819345320322,-0.0002118819345320322
2017-11-23,1098451.5072240015,-0.028822049968042718,-0.029027825030870313
2017-11-24,1099410.3072240013,0.0008728651139300325,-0.028180297292742962
2017-11-27,1083350.4072240016,-0.01460774007163057,-0.04237638690637979
2017-11-28,1087904.7072240016,0.0042039029750955414,-0.038350630150273624
2017-11-29,1086945.9072240014,-0.0008813271912820886,-0.03919815788840153
2017-11-30,1082288.6944260015,-0.0042846776155531785,-0.04331488403427941
2017-12-01,1082288.6944260015,0.0,-0.04331488403427941
2017-12-04,1082288.6944260015,0.0,-0.04331488403427941
2017-12-05,1082288.6944260015,0.0,-0.04331488403427941
2017-12-06,1082288.6944260015,0.0,-0.04331488403427941
2017-12-07,1082288.6944260015,0.0,-0.04331488403427941
2017-12-08,1082288.6944260015,0.0,-0.04331488403427941
2017-12-11,1082288.6944260015,0.0,-0.04331488403427941
2017-12-12,1082288.6944260015,0.0,-0.04331488403427941
2017-12-13,1082288.6944260015,0.0,-0.04331488403427941
2017-12-14,1082288.6944260015,0.0,-0.04331488403427941
2017-12-15,1082288.6944260015,0.0,-0.04331488403427941
2017-12-18,1082288.6944260015,0.0,-0.04331488403427941
2017-12-19,1082288.6944260015,0.0,-0.04331488403427941
2017-12-20,1082288.6944260015,0.0,-0.04331488403427941
2017-12-21,1082288.6944260015,0.0,-0.04331488403427941
2017-12-22,1082288.6944260015,0.0,-0.04331488403427941
2017-12-25,1074411.0082180016,-0.007278729093791347,-0.05027833582145613
2017-12-26,1077264.6082180017,0.002655966830359402,-0.04775590658332418
2017-12-27,1061094.2082180015,-0.015010611020396358,-0.06204967226607183
2017-12-28,1069892.8082180014,0.008292006432469634,-0.05427218211516516
2017-12-29,1072984.2082180018,0.002889448341230949,-0.05153955044052194
2018-01-02,1071696.4070740016,-0.0012002051233717115,-0.05267789753139862
2018-01-03,1074234.3122260016,0.002368119492841325,-0.05043452559454331
2018-01-04,1077271.112226002,0.002826943773288626,-0.04775015738934285
2018-01-05,1081008.712226002,0.0034695073111883357,-0.044446319598327344
2018-01-08,1084979.9122260017,0.0036736059155548784,-0.04093599194537356
2018-01-09,1092922.312226002,0.007320319860766311,-0.03391533663946522
2018-01-10,1097127.112226002,0.003847299989178321,-0.030198519124572942
2018-01-11,1095725.5122260018,-0.001277518333455796,-0.03143745829620381
2018-01-12,1101098.3122260016,0.004903417817738731,-0.02668819147161916
2018-01-15,1099229.5122260018,-0.0016972144805325051,-0.028340110367126803
2018-01-16,1109274.3122260016,0.00913803704165339,-0.019461046303772767
2018-01-17,1106237.5122260018,-0.002737645654036447,-0.02214541450897267
2018-01-18,1112778.312226002,0.005912654314929711,-0.0163636983746952
2018-01-19,1115581.5122260018,0.0025191001380968636,-0.013885820031433904
2018-01-22,1128429.5122260018,0.01151686350051051,-0.0025288776248180156
2018-01-23,1138707.9122260022,0.009108588430769338,0.0
2018-01-24,1139408.712226002,0.0006154343817896812,0.0
2018-01-25,1132867.9122260022,-0.0057405213158511215,-0.0057405213158511215
2018-01-26,1138007.112226002,0.004536451200124025,-0.0012301117105396608
2018-01-29,1118618.312226002,-0.017037503361533757,-0.01824665703966999
2018-01-30,1108339.9122260017,-0.009188478221446972,-0.027267476250293687
2018-01-31,1111376.712226002,0.0027399536608774255,-0.024602234210791107
2018-02-01,1104368.712226002,-0.006305692680894426,-0.030752792763488856
2018-02-02,1110442.3122260016,0.0054996125232102955,-0.025422308684484474
2018-02-05,1097908.826594002,-0.011286930886913682,-0.03642229973029065
2018-02-06,1097908.826594002,0.0,-0.03642229973029065
2018-02-07,1097908.826594002,0.0,-0.03642229973029065
2018-02-08,1097908.826594002,0.0,-0.03642229973029065
2018-02-09,1097908.826594002,0.0,-0.03642229973029065
2018-02-12,1097908.826594002,0.0,-0.03642229973029065
2018-02-13,1097908.826594002,0.0,-0.03642229973029065
2018-02-14,1097908.826594002,0.0,-0.03642229973029065
2018-02-22,1097908.826594002,0.0,-0.03642229973029065
2018-02-23,1097908.826594002,0.0,-0.03642229973029065
2018-02-26,1097908.826594002,0.0,-0.03642229973029065
2018-02-27,1097908.826594002,0.0,-0.03642229973029065
2018-02-28,1097908.826594002,0.0,-0.03642229973029065
2018-03-01,1097908.826594002,0.0,-0.03642229973029065
2018-03-02,1097908.826594002,0.0,-0.03642229973029065
2018-03-05,1097908.826594002,0.0,-0.03642229973029065
2018-03-06,1097908.826594002,0.0,-0.03642229973029065
2018-03-07,1097908.826594002,0.0,-0.03642229973029065
2018-03-08,1097908.826594002,0.0,-0.03642229973029065
2018-03-09,1097908.826594002,0.0,-0.03642229973029065
2018-03-12,1093350.0830400023,-0.004152205942402509,-0.04042327278331714
2018-03-13,1082873.683040002,-0.009581926377022154,-0.04961786633661125
2018-03-14,1079540.283040002,-0.0030782907112876234,-0.052543418830841015
2018-03-15,1086683.2830400022,0.006616705381188304,-0.0462743777717769
2018-03-16,1075968.7830400022,-0.009859818557276578,-0.0556779393603728
2018-03-19,1081206.9830400022,0.004868356854369038,-0.05108064258372591
2018-03-20,1080730.783040002,-0.0004404337073936615,-0.051498578654330385
2018-03-21,1075730.6830400024,-0.004626591634537158,-0.05588690739567481
2018-03-22,1067159.083040002,-0.00796816539226819,-0.0634097566665518
2018-03-23,1036625.3580920022,-0.02861215861183397,-0.09020762526310466
2018-03-26,1036625.3580920022,0.0,-0.09020762526310466
2018-03-27,1036625.3580920022,0.0,-0.09020762526310466
2018-03-28,1036625.3580920022,0.0,-0.09020762526310466
2018-03-29,1036625.3580920022,0.0,-0.09020762526310466
2018-03-30,1036625.3580920022,0.0,-0.09020762526310466
2018-04-02,1036625.3580920022,0.0,-0.09020762526310466
2018-04-03,1036625.3580920022,0.0,-0.09020762526310466
2018-04-04,1036625.3580920022,0.0,-0.09020762526310466
2018-04-09,1036625.3580920022,0.0,-0.09020762526310466
2018-04-10,1036625.3580920022,0.0,-0.09020762526310466
2018-04-11,1036625.3580920022,0.0,-0.09020762526310466
2018-04-12,1036625.3580920022,0.0,-0.09020762526310466
2018-04-13,1036625.3580920022,0.0,-0.09020762526310466
2018-04-16,1036625.3580920022,0.0,-0.09020762526310466
2018-04-17,1036625.3580920022,0.0,-0.09020762526310466
2018-04-18,1036625.3580920022,0.0,-0.09020762526310466
2018-04-19,1036625.3580920022,0.0,-0.09020762526310466
2018-04-20,1036625.3580920022,0.0,-0.09020762526310466
2018-04-23,1036625.3580920022,0.0,-0.09020762526310466
2018-04-24,1036625.3580920022,0.0,-0.09020762526310466
2018-04-25,1036625.3580920022,0.0,-0.09020762526310466
2018-04-26,1036625.3580920022,0.0,-0.09020762526310466
2018-04-27,1036625.3580920022,0.0,-0.09020762526310466
2018-05-02,1036625.3580920022,0.0,-0.09020762526310466
2018-05-03,1036625.3580920022,0.0,-0.09020762526310466
2018-05-04,1036625.3580920022,0.0,-0.09020762526310466
2018-05-07,1036625.3580920022,0.0,-0.09020762526310466
2018-05-08,1036625.3580920022,0.0,-0.09020762526310466
2018-05-09,1036625.3580920022,0.0,-0.09020762526310466
2018-05-10,1037557.607306002,0.0008993116044504479,-0.08938943842286307
2018-05-11,1032085.9073060022,-0.005273634891663548,-0.09419166605311358
2018-05-14,1040174.5073060021,0.007837138306745262,-0.0870927208605693
2018-05-15,1043743.0073060021,0.003430674348328555,-0.0839608332756232
2018-05-16,1036130.207306002,-0.007293749463912036,-0.09064219345684155
2018-05-17,1028279.507306002,-0.007576943461973129,-0.09753234614372297
2018-05-18,1038271.3073060021,0.00971700780673701,-0.08876306090587383
2018-05-21,1042791.4073060021,0.004353486384717886,-0.08479600329827552
2018-05-22,1038985.0073060022,-0.0036502026899449813,-0.08813668338888458
2018-05-23,1026852.1073060022,-0.011677646852152002,-0.09878510117770123
2018-05-24,1019477.2073060022,-0.007182046905808481,-0.10525766885325638
2018-05-25,1017336.107306002,-0.0021001940844347367,-0.1071368014042241
2018-05-28,1023045.7073060022,0.005612304487176534,-0.1021257812683104
2018-05-29,1018251.8129540022,-0.004685904371392935,-0.10633313399482625
2018-05-30,1018251.8129540022,0.0,-0.10633313399482625
2018-05-31,1018251.8129540022,0.0,-0.10633313399482625
2018-06-01,1018251.8129540022,0.0,-0.10633313399482625
2018-06-04,1018251.8129540022,0.0,-0.10633313399482625
2018-06-05,1018251.8129540022,0.0,-0.10633313399482625
2018-06-06,1018251.8129540022,0.0,-0.10633313399482625
2018-06-07,1018251.8129540022,0.0,-0.10633313399482625
2018-06-08,1018251.8129540022,0.0,-0.10633313399482625
2018-06-11,1018251.8129540022,0.0,-0.10633313399482625
2018-06-12,1018251.8129540022,0.0,-0.10633313399482625
2018-06-13,1018251.8129540022,0.0,-0.10633313399482625
2018-06-14,1018251.8129540022,0.0,-0.10633313399482625
2018-06-15,1018251.8129540022,0.0,-0.10633313399482625
2018-06-19,1018251.8129540022,0.0,-0.10633313399482625
2018-06-20,1018251.8129540022,0.0,-0.10633313399482625
2018-06-21,1018251.8129540022,0.0,-0.10633313399482625
2018-06-22,1018251.8129540022,0.0,-0.10633313399482625
2018-06-25,1018251.8129540022,0.0,-0.10633313399482625
2018-06-26,1018251.8129540022,0.0,-0.10633313399482625
2018-06-27,1018251.8129540022,0.0,-0.10633313399482625
2018-06-28,1018251.8129540022,0.0,-0.10633313399482625
2018-06-29,1018251.8129540022,0.0,-0.10633313399482625
2018-07-02,1018251.8129540022,0.0,-0.10633313399482625
2018-07-03,1018251.8129540022,0.0,-0.10633313399482625
2018-07-04,1018251.8129540022,0.0,-0.10633313399482625
2018-07-05,1018251.8129540022,0.0,-0.10633313399482625
2018-07-06,1018251.8129540022,0.0,-0.10633313399482625
2018-07-09,1018251.8129540022,0.0,-0.10633313399482625
2018-07-10,1018251.8129540022,0.0,-0.10633313399482625
2018-07-11,1018251.8129540022,0.0,-0.10633313399482625
2018-07-12,1018251.8129540022,0.0,-0.10633313399482625
2018-07-13,1018251.8129540022,0.0,-0.10633313399482625
2018-07-16,1018251.8129540022,0.0,-0.10633313399482625
2018-07-17,1018251.8129540022,0.0,-0.10633313399482625
2018-07-18,1010035.4316340021,-0.008069105515426389,-0.11354422623226235
2018-07-19,1010549.2316340023,0.0005086950258457179,-0.11309329058951445
2018-07-20,1027761.5316340023,0.017032618957286028,-0.09798694655746532
2018-07-23,1033670.2316340022,0.005749096281708166,-0.09280118666586656
2018-07-24,1050625.631634002,0.016403103698940047,-0.07792031045519143
2018-07-25,1050368.7316340022,-0.000244520971376172,-0.07814577827656521
2018-07-26,1038294.4316340022,-0.011495296495752094,-0.08874276588113683
2018-07-27,1035982.3316340023,-0.002226825002192623,-0.09077197627350164
2018-07-30,1030844.3316340022,-0.004959544041543862,-0.09528133270097916
2018-07-31,1034184.0316340021,0.0032397714160257163,-0.09235025102311889
2018-08-01,1013632.0316340022,-0.019872671953296228,-0.11038767673302818
2018-08-02,993593.8316340023,-0.019768712288716683,-0.1279741668001897
2018-08-03,981262.6316340022,-0.012410705066194905,-0.13879662222613542
2018-08-06,977519.5934960024,-0.0038145120555206358,-0.14208169289290895
2018-08-07,977519.5934960024,0.0,-0.14208169289290895
2018-08-08,977519.5934960024,0.0,-0.14208169289290895
2018-08-09,977519.5934960024,0.0,-0.14208169289290895
2018-08-10,977519.5934960024,0.0,-0.14208169289290895
2018-08-13,977519.5934960024,0.0,-0.14208169289290895
2018-08-14,977519.5934960024,0.0,-0.14208169289290895
2018-08-15,977519.5934960024,0.0,-0.14208169289290895
2018-08-16,977519.5934960024,0.0,-0.14208169289290895
2018-08-17,977519.5934960024,0.0,-0.14208169289290895
2018-08-20,977519.5934960024,0.0,-0.14208169289290895
2018-08-21,977519.5934960024,0.0,-0.14208169289290895
2018-08-22,977519.5934960024,0.0,-0.14208169289290895
2018-08-23,977519.5934960024,0.0,-0.14208169289290895
2018-08-24,977519.5934960024,0.0,-0.14208169289290895
2018-08-27,977519.5934960024,0.0,-0.14208169289290895
2018-08-28,977519.5934960024,0.0,-0.14208169289290895
2018-08-29,972550.6544400025,-0.005083211721852998,-0.146442673287988
2018-08-30,964091.4544400024,-0.008697953120879731,-0.15386687490171247
2018-08-31,957622.6544400024,-0.006709736892914875,-0.15954420554750182
2018-09-03,955881.0544400024,-0.001818670425062563,-0.16107271764444508
2018-09-04,965833.0544400024,0.010411337220016748,-0.1523383628047692
2018-09-05,948417.0544400024,-0.018032101841966797,-0.167623483774202
2018-09-06,944300.0762480025,-0.004340894306704368,-0.1712367422545209
2018-09-07,944300.0762480025,0.0,-0.1712367422545209
2018-09-10,944300.0762480025,0.0,-0.1712367422545209
2018-09-11,944300.0762480025,0.0,-0.1712367422545209
2018-09-12,944300.0762480025,0.0,-0.1712367422545209
2018-09-13,944300.0762480025,0.0,-0.1712367422545209
2018-09-14,944300.0762480025,0.0,-0.1712367422545209
2018-09-17,944300.0762480025,0.0,-0.1712367422545209
2018-09-18,944300.0762480025,0.0,-0.1712367422545209
2018-09-19,944300.0762480025,0.0,-0.1712367422545209
2018-09-20,944300.0762480025,0.0,-0.1712367422545209
2018-09-21,944300.0762480025,0.0,-0.1712367422545209
2018-09-25,942156.6047480026,-0.0022699050375136753,-0.1731179561481836
2018-09-26,951238.6047480026,0.00963958640658169,-0.16514715523842316
2018-09-27,947653.6047480025,-0.003768770508372987,-0.16829352401859188
2018-09-28,956257.6047480026,0.009079266893400328,-0.1607422389461871
2018-10-08,916344.6047480025,-0.04173875303247199,-0.19577181136539767
2018-10-09,918017.6047480025,0.0018257323624009114,-0.1943035059346523
2018-10-10,917539.6047480026,-0.000520687182389179,-0.19472302177200806
2018-10-11,876431.6047480025,-0.0448024257342986,-0.23080138378460802
2018-10-12,873962.8877080026,-0.0028167823097955402,-0.23296804883948274
2018-10-15,873962.8877080026,0.0,-0.23296804883948274
2018-10-16,873962.8877080026,0.0,-0.23296804883948274
2018-10-17,873962.8877080026,0.0,-0.23296804883948274
2018-10-18,873962.8877080026,0.0,-0.23296804883948274
2018-10-19,873962.8877080026,0.0,-0.23296804883948274
2018-10-22,873962.8877080026,0.0,-0.23296804883948274
2018-10-23,873962.8877080026,0.0,-0.23296804883948274
2018-10-24,873962.8877080026,0.0,-0.23296804883948274
2018-10-25,873962.8877080026,0.0,-0.23296804883948274
2018-10-26,873962.8877080026,0.0,-0.23296804883948274
2018-10-29,873962.8877080026,0.0,-0.23296804883948274
2018-10-30,873962.8877080026,0.0,-0.23296804883948274
2018-10-31,873962.8877080026,0.0,-0.23296804883948274
2018-11-01,873962.8877080026,0.0,-0.23296804883948274
2018-11-02,873962.8877080026,0.0,-0.23296804883948274
2018-11-05,873962.8877080026,0.0,-0.23296804883948274
2018-11-06,869350.5396040026,-0.005277510256866846,-0.23701606782907703
2018-11-07,863102.7396040027,-0.007186744259508826,-0.2424994382237039
2018-11-08,862408.5396040026,-0.0008043074921979532,-0.2431087016008847
2018-11-09,852921.1396040026,-0.01100105062080714,-0.2514353010890218
2018-11-12,861251.5396040026,0.009766905301312745,-0.2441241405628526
2018-11-13,869119.1396040026,0.00913507800940172,-0.23721915562147067
2018-11-14,859863.1396040026,-0.01064986326755768,-0.2453426673172142
2018-11-15,869813.3396040025,0.011571841542809214,-0.23660989224428997
2018-11-16,872127.3396040027,0.0026603408968797204,-0.23457901432035388
2018-11-19,880689.1396040026,0.009817144367802344,-0.22706476600179126
2018-11-20,863796.9396040027,-0.01918066118948092,-0.24189017484652298
2018-11-21,864491.1396040026,0.0008036611015524997,-0.24128091146934239
2018-11-22,862408.5396040026,-0.0024090472470937874,-0.2431087016008847
2018-11-23,842739.5396040026,-0.022807056165088047,-0.2603711639543397
2018-11-26,843896.5396040026,0.0013729034246376948,-0.2593557249923717
2018-11-27,843350.8197280027,-0.000646666801425777,-0.2598346750566852
2018-11-28,843350.8197280027,0.0,-0.2598346750566852
2018-11-29,843350.8197280027,0.0,-0.2598346750566852
2018-11-30,843350.8197280027,0.0,-0.2598346750566852
2018-12-03,843350.8197280027,0.0,-0.2598346750566852
2018-12-04,843350.8197280027,0.0,-0.2598346750566852
2018-12-05,845597.0630480027,0.002663474401702004,-0.25786326366067114
2018-12-06,830656.0630480025,-0.017669172059496585,-0.27097620534672395
2018-12-07,829095.0630480025,-0.0018792374719713845,-0.27234621417959515
2018-12-10,822405.0630480027,-0.008069038519425531,-0.2782176806061859
2018-12-11,825304.0630480025,0.003525026936550768,-0.27567337848799667
2018-12-12,825883.5999080027,0.000702210113760815,-0.2751647490087048
2018-12-13,825883.5999080027,0.0,-0.2751647490087048
2018-12-14,825883.5999080027,0.0,-0.2751647490087048
2018-12-17,825883.5999080027,0.0,-0.2751647490087048
2018-12-18,825883.5999080027,0.0,-0.2751647490087048
2018-12-19,825883.5999080027,0.0,-0.2751647490087048
2018-12-20,825883.5999080027,0.0,-0.2751647490087048
2018-12-21,825883.5999080027,0.0,-0.2751647490087048
2018-12-24,825883.5999080027,0.0,-0.2751647490087048
2018-12-25,825883.5999080027,0.0,-0.2751647490087048
2018-12-26,825883.5999080027,0.0,-0.2751647490087048
2018-12-27,825883.5999080027,0.0,-0.2751647490087048
2018-12-28,825883.5999080027,0.0,-0.2751647490087048
2019-01-02,825883.5999080027,0.0,-0.2751647490087048
2019-01-03,825883.5999080027,0.0,-0.2751647490087048
2019-01-04,825883.5999080027,0.0,-0.2751647490087048
2019-01-07,825883.5999080027,0.0,-0.2751647490087048
2019-01-08,825883.5999080027,0.0,-0.2751647490087048
2019-01-09,825883.5999080027,0.0,-0.2751647490087048
2019-01-10,825883.5999080027,0.0,-0.2751647490087048
2019-01-11,825883.5999080027,0.0,-0.2751647490087048
2019-01-14,817431.5098300028,-0.010233996750802832,-0.28258271061221707
2019-01-15,830948.4098300027,0.016535819622136794,-0.27071962772109837
2019-01-16,830948.4098300028,2.220446049250313e-16,-0.27071962772109825
2019-01-17,827053.7098300027,-0.004687053918060791,-0.2741378041473529
2019-01-18,839425.1098300028,0.014958399742312833,-0.2632800672639559
2019-01-21,843319.8098300028,0.004639723013275976,-0.2598618908377013
2019-01-22,834155.8098300028,-0.010866577416042578,-0.2679046588994768
2019-01-23,832323.0098300029,-0.0021971914340240817,-0.2695132125118318
2019-01-24,837821.4098300028,0.006606089144553184,-0.26468755167476665
2019-01-25,843319.8098300027,0.006562735131244279,-0.2598618908377014
2019-01-28,842403.4098300029,-0.0010866577416039913,-0.26066616764387873
2019-01-29,845610.8098300028,0.0038074394792004806,-0.2578511988222575
2019-01-30,840799.7098300029,-0.005689496804052396,-0.2620736520546896
2019-01-31,847672.7098300029,0.008174360575587736,-0.256041576008358
2019-02-01,859815.0098300028,0.014324278532495294,-0.2453849083265055
2019-02-11,870124.5098300029,0.011990369884375962,-0.23633679425700804
2019-02-12,875622.9098300028,0.006319095644224726,-0.23151113341994278
2019-02-13,891430.8098300027,0.01805331932563181,-0.21763735851338029
2019-02-14,892347.2098300027,0.0010280102391511114,-0.21683308170720272
2019-02-15,879517.6098300028,-0.01437736327146033,-0.22809295699368826
2019-02-18,901740.3098300028,0.02526691876504361,-0.20858924444388272
2019-02-19,899678.4098300028,-0.002286578494410163,-0.21039886725778223
2019-02-20,901740.3098300028,0.00229181891826169,-0.20858924444388272
2019-02-21,900823.9098300028,-0.0010162571086267391,-0.20939352125006028
2019-02-22,921901.1098300029,0.023397691568796786,-0.1908951547079767
2019-02-25,978947.0098300028,0.06187854574827356,-0.14082892352342447
2019-02-26,959473.5098300028,-0.019892292232836617,-0.15791980565469732
2019-02-27,954891.5098300028,-0.004775535700627942,-0.16194118968558513
2019-02-28,953287.8098300028,-0.0016794578059297072,-0.16334867409639575
2019-03-01,970470.3098300028,0.01802446210139208,-0.1482684839805668
2019-03-04,979405.209830003,0.009206773158846326,-0.14042678512033557
2019-03-05,986736.4098300029,0.0074853594063202245,-0.1339925706709152
2019-03-06,992693.0098300029,0.006036667888870362,-0.12876477143076115
2019-03-07,983070.8098300027,-0.009693026851924746,-0.13720967789562555
2019-03-08,952829.6098300028,-0.030761975330372615,-0.16375081249948453
2019-03-11,964055.5098300029,0.011781644781172274,-0.1538984216238095
2019-03-12,969783.009830003,0.005941047939252098,-0.14887169158519975
2019-03-13,964742.809830003,-0.005197245104225479,-0.15329521401917634
2019-03-14,958557.1098300029,-0.006411760665093746,-0.15872408246087477
2019-03-15,969783.009830003,0.01171124796308809,-0.14887169158519975
2019-03-18,996129.5098300028,0.027167417590269194,-0.12574873340759551
2019-03-19,989714.709830003,-0.006439724891891374,-0.13137867105083811
2019-03-20,989714.709830003,0.0,-0.13137867105083811
2019-03-21,990172.9098300029,0.0004629616953744087,-0.13097653264774944
2019-03-22,991318.4098300028,0.0011568686525633698,-0.1299711866400276
2019-03-25,969553.9098300029,-0.02195510522570865,-0.14907276078674425
2019-03-26,960619.0098300028,-0.009215475188550148,-0.15691445964697537
2019-03-27,967950.2098300027,0.007631745702489701,-0.1504802451975551
2019-03-28,965659.2098300029,-0.0023668572791593068,-0.1524909372129989
2019-03-29,964034.221858003,-0.0016827758234563284,-0.153917104974017
2019-04-01,964034.221858003,0.0,-0.153917104974017
2019-04-02,959746.6328100029,-0.004447548594007866,-0.15768009976420394
2019-04-03,971040.9328100028,0.011768001693250874,-0.1477676777519702
2019-04-04,981056.6328100028,0.01031439526551825,-0.1389774167222535
2019-04-08,975516.032810003,-0.005647584262419181,-0.14384011431316035
2019-04-09,980630.4328100028,0.005242763653271476,-0.13935147038309237
2019-04-10,981909.0328100029,0.0013038551091426598,-0.13822930940057532
2019-04-11,966992.0328100028,-0.015191834988329878,-0.15132118752994084
2019-04-12,964008.632810003,-0.0030852374153800266,-0.1539395631558137
2019-04-15,958681.1328100029,-0.005526402792131568,-0.1586152339163015
2019-04-16,984253.1328100029,0.026674145474257616,-0.1361720142659607
2019-04-17,982122.132810003,-0.0021650934388351972,-0.13804228257015572
2019-04-18,980630.432810003,-0.0015188538677282093,-0.13935147038309226
2019-04-19,993416.4328100029,0.013038551091425488,-0.12812986055792197
2019-04-22,971467.132810003,-0.022094762352494635,-0.147393624091131
2019-04-23,969975.4328100029,-0.0015355125764113797,-0.14870281190406764
2019-04-24,971254.0328100029,0.0013181777153838947,-0.1475806509215506
2019-04-25,953566.7328100029,-0.01821078667630105,-0.1631038778463696
2019-04-26,942059.3328100028,-0.012067744819588722,-0.17320332668902294
2019-04-29,940717.165080003,-0.0014247167702233776,-0.17438127777505397
2019-04-30,940717.165080003,0.0,-0.17438127777505397
2019-05-06,940717.165080003,0.0,-0.17438127777505397
2019-05-07,940717.165080003,0.0,-0.17438127777505397
2019-05-08,940717.165080003,0.0,-0.17438127777505397
2019-05-09,940717.165080003,0.0,-0.17438127777505397
2019-05-10,940717.165080003,0.0,-0.17438127777505397
2019-05-13,940717.165080003,0.0,-0.17438127777505397
2019-05-14,940717.165080003,0.0,-0.17438127777505397
2019-05-15,940717.165080003,0.0,-0.17438127777505397
2019-05-16,940717.165080003,0.0,-0.17438127777505397
2019-05-17,940717.165080003,0.0,-0.17438127777505397
2019-05-20,940717.165080003,0.0,-0.17438127777505397
2019-05-21,940717.165080003,0.0,-0.17438127777505397
2019-05-22,940717.165080003,0.0,-0.17438127777505397
2019-05-23,940717.165080003,0.0,-0.17438127777505397
2019-05-24,940717.165080003,0.0,-0.17438127777505397
2019-05-27,940717.165080003,0.0,-0.17438127777505397
2019-05-28,940717.165080003,0.0,-0.17438127777505397
2019-05-29,940717.165080003,0.0,-0.17438127777505397
2019-05-30,940717.165080003,0.0,-0.17438127777505397
2019-05-31,940717.165080003,0.0,-0.17438127777505397
2019-06-03,940717.165080003,0.0,-0.17438127777505397
2019-06-04,940717.165080003,0.0,-0.17438127777505397
2019-06-05,940717.165080003,0.0,-0.17438127777505397
2019-06-06,940717.165080003,0.0,-0.17438127777505397
2019-06-10,940717.165080003,0.0,-0.17438127777505397
2019-06-11,940717.165080003,0.0,-0.17438127777505397
2019-06-12,940717.165080003,0.0,-0.17438127777505397
2019-06-13,940717.165080003,0.0,-0.17438127777505397
2019-06-14,932925.9813420029,-0.008282174523027375,-0.18121919612199988
2019-06-17,933592.881342003,0.000714847708540356,-0.18063389254055084
2019-06-18,935371.281342003,0.0019048988435341752,-0.17907308299002023
2019-06-19,947375.481342003,0.012833620445110494,-0.16853761852393945
2019-06-20,971383.881342003,0.02534201113796075,-0.14746668959177767
2019-06-21,972939.9813420029,0.001601941343570612,-0.14610098123506365
2019-06-24,974273.7813420029,0.001370896484447437,-0.1449303740721657
2019-06-25,965604.081342003,-0.00889862805099606,-0.15253932063100184
2019-06-26,965826.3813420029,0.00023021857953509084,-0.15234421943718557
2019-06-27,975162.981342003,0.009666954827871832,-0.14414996929690038
2019-06-28,974940.6813420029,-0.00022796189380991372,-0.14434507049071676
2019-07-01,996059.1813420029,0.02166131786698089,-0.12581045707816707
2019-07-02,997392.981342003,0.001339077059862026,-0.12463984991526922
2019-07-03,990057.0813420028,-0.007355074817279705,-0.13107818931120763
2019-07-04,984277.2813420029,-0.005837845220161952,-0.1361508203504317
2019-07-05,988723.2813420028,0.004517019831990821,-0.13224879647410548
2019-07-08,968716.281342003,-0.020235186505211167,-0.14980790391757348
2019-07-09,966715.581342003,-0.0020653105956146556,-0.15156381466192026
2019-07-10,966937.8813420029,0.00022995388125557348,-0.1513687134681041
2019-07-11,967160.1813420029,0.00022990101462516677,-0.15117361227428772
2019-07-12,974051.4813420029,0.007125293341210259,-0.14512547526598207
2019-07-15,967551.6338580031,-0.006673002000925687,-0.1508300546800726
2019-07-16,967551.6338580031,0.0,-0.1508300546800726
2019-07-17,967551.6338580031,0.0,-0.1508300546800726
2019-07-18,967551.6338580031,0.0,-0.1508300546800726
2019-07-19,967551.6338580031,0.0,-0.1508300546800726
2019-07-22,967551.6338580031,0.0,-0.1508300546800726
2019-07-23,967551.6338580031,0.0,-0.1508300546800726
2019-07-24,967551.6338580031,0.0,-0.1508300546800726
2019-07-25,967551.6338580031,0.0,-0.1508300546800726
2019-07-26,967551.6338580031,0.0,-0.1508300546800726
2019-07-29,964277.0389620032,-0.003384413587255053,-0.15370399698090198
2019-07-30,968179.4389620033,0.004046969742431017,-0.1502790626635434
2019-07-31,962109.0389620032,-0.006269912121360743,-0.15560673826832327
2019-08-01,954304.2389620033,-0.008112178229216505,-0.1624566069030401
2019-08-02,941513.0389620033,-0.013403691902189374,-0.17368278049882602
2019-08-05,927204.2389620031,-0.01519766525567745,-0.18624087299580705
2019-08-06,911154.2791380034,-0.01731005872230218,-0.200327091270059
2019-08-07,911154.2791380034,0.0,-0.200327091270059
2019-08-08,911154.2791380034,0.0,-0.200327091270059
2019-08-09,911154.2791380034,0.0,-0.200327091270059
2019-08-12,911154.2791380034,0.0,-0.200327091270059
2019-08-13,911154.2791380034,0.0,-0.200327091270059
2019-08-14,911154.2791380034,0.0,-0.200327091270059
2019-08-15,911154.2791380034,0.0,-0.200327091270059
2019-08-16,911154.2791380034,0.0,-0.200327091270059
2019-08-19,911154.2791380034,0.0,-0.200327091270059
2019-08-20,911154.2791380034,0.0,-0.200327091270059
2019-08-21,911154.2791380034,0.0,-0.200327091270059
2019-08-22,908436.9736740034,-0.0029822671376472654,-0.20271192950663108
2019-08-23,914042.1736740035,0.006170158373597356,-0.19779253584230716
2019-08-26,905115.3736740034,-0.009766288971239323,-0.20562712575215636
2019-08-27,913419.3736740034,0.009174520996469981,-0.19833913513834323
2019-08-28,910928.1736740035,-0.0027273343130217453,-0.20052553232248704
2019-08-29,908644.5736740035,-0.002506893590511816,-0.2025297297412857
2019-08-30,910720.5736740035,0.002284721727447314,-0.20070773208783244
2019-09-02,919647.3736740035,0.009801908794030867,-0.19287314217798324
2019-09-03,920477.7736740035,0.0009029547887280387,-0.1921443431166019
2019-09-04,930650.1736740035,0.01105121741223325,-0.1832165546146809
2019-09-05,938331.3736740034,0.008253584662941904,-0.17647516329690383
2019-09-06,943936.5736740035,0.005973582635367958,-0.1715557696325799
2019-09-09,947258.1736740035,0.0035188804975228027,-0.16864057338705463
2019-09-10,944974.5736740035,-0.0024107472107027794,-0.17064477080585327
2019-09-11,938954.1736740035,-0.0063709650690315645,-0.17592856400086776
2019-09-12,947465.7736740035,0.009064979142374252,-0.16845837362170923
2019-09-16,944559.3736740035,-0.0030675514417052296,-0.17100917033654384
2019-09-17,929404.5736740034,-0.01604430639553478,-0.18430975320675302
2019-09-18,932933.7736740034,0.0037972698865134102,-0.18121235719588236
2019-09-19,936878.1736740035,0.0042279528422113355,-0.17775056165432113
2019-09-20,938123.7736740034,0.0013295218471311987,-0.1766573630622491
2019-09-23,930857.7736740033,-0.007745246633654834,-0.18303435484933572
2019-09-24,931480.5736740036,0.000669060320076742,-0.18248775555329944
2019-09-25,925875.3736740033,-0.006017516798972999,-0.18740714921762358
2019-09-26,920270.1736740035,-0.006053946523880027,-0.19232654288194728
2019-09-27,918333.3071940035,-0.0021046715795073334,-0.1940264302526662
2019-09-30,918333.3071940035,0.0,-0.1940264302526662
2019-10-08,918333.3071940035,0.0,-0.1940264302526662
2019-10-09,918333.3071940035,0.0,-0.1940264302526662
2019-10-10,918333.3071940035,0.0,-0.1940264302526662
2019-10-11,918333.3071940035,0.0,-0.1940264302526662
2019-10-14,918333.3071940035,0.0,-0.1940264302526662
2019-10-15,918333.3071940035,0.0,-0.1940264302526662
2019-10-16,912256.4613560035,-0.00661725518435996,-0.19935976303553382
2019-10-17,913466.6613560036,0.001326600633994035,-0.1982976331895756
2019-10-18,901768.0613560036,-0.012806816597590864,-0.20856488836717113
2019-10-21,903583.3613560037,0.0020130453470157406,-0.20697169359823386
2019-10-22,906608.8613560036,0.003348335227708832,-0.2043163689833386
2019-10-23,902373.1613560036,-0.004672025810187552,-0.20803382344419208
2019-10-24,903381.6613560036,0.0011176085938600089,-0.20714871523922695
2019-10-25,899074.3578560037,-0.004767977571666138,-0.21092901238263306
2019-10-28,900045.5136760037,0.00108017297069396,-0.21007667922985007
2019-10-29,897458.5136760037,-0.0028742990889806252,-0.21234715511110425
2019-10-30,892284.5136760038,-0.0057651689979596465,-0.21688810687361237
2019-10-31,891886.5136760036,-0.0004460460692751189,-0.21723741085534398
2019-11-01,908005.5136760037,0.018072927163753194,-0.2030905995952219
2019-11-04,910592.5136760037,0.00284910164204466,-0.20082012371396774
2019-11-05,915169.5136760038,0.00502639757219514,-0.1968031279240564
2019-11-06,911786.5136760037,-0.0036965829274747675,-0.19977221176877347
2019-11-07,912781.5136760039,0.0010912642214773172,-0.19889895181444472
2019-11-08,909597.5136760037,-0.0034882389183994444,-0.20169338366829626
2019-11-11,896264.5136760037,-0.014658131535690622,-0.2133950670562984
2019-11-12,895269.5136760037,-0.0011101633332765148,-0.21426832701062692
2019-11-13,894672.5136760037,-0.0006668382993950672,-0.21479228298322406
2019-11-14,895269.5136760037,0.000667283269435659,-0.21426832701062692
2019-11-15,892405.3464760038,-0.003199223425177866,-0.21678205818475882
2019-11-18,892405.3464760038,0.0,-0.21678205818475882
2019-11-19,892405.3464760038,0.0,-0.21678205818475882
2019-11-20,892405.3464760038,0.0,-0.21678205818475882
2019-11-21,892405.3464760038,0.0,-0.21678205818475882
2019-11-22,892405.3464760038,0.0,-0.21678205818475882
2019-11-25,892405.3464760038,0.0,-0.21678205818475882
2019-11-26,892405.3464760038,0.0,-0.21678205818475882
2019-11-27,892405.3464760038,0.0,-0.21678205818475882
2019-11-28,892405.3464760038,0.0,-0.21678205818475882
2019-11-29,892405.3464760038,0.0,-0.21678205818475882
2019-12-02,892405.3464760038,0.0,-0.21678205818475882
2019-12-03,892405.3464760038,0.0,-0.21678205818475882
2019-12-04,892405.3464760038,0.0,-0.21678205818475882
2019-12-05,892405.3464760038,0.0,-0.21678205818475882
2019-12-06,892405.3464760038,0.0,-0.21678205818475882
2019-12-09,892405.3464760038,0.0,-0.21678205818475882
2019-12-10,892405.3464760038,0.0,-0.21678205818475882
2019-12-11,889809.2428220038,-0.002909108135951466,-0.21906052387151675
2019-12-12,887632.3428220038,-0.0024464794196743522,-0.22097107622787626
2019-12-13,903266.4428220039,0.017613260857862967,-0.2072498365776575
2019-12-16,905641.2428220038,0.0026291245721257184,-0.20516559764344722
2019-12-17,917911.0428220038,0.013548190409004457,-0.19439702981669327
2019-12-18,914942.542822004,-0.0032339735132432823,-0.1970023284844562
2019-12-19,913557.242822004,-0.001514084147543504,-0.19821813452941217
2019-12-20,912765.6428220039,-0.0008665028997578705,-0.19891288084081582
2019-12-23,902474.8428220038,-0.011274306916487342,-0.20794458288906115
2019-12-24,906630.7428220038,0.004605003710690392,-0.2042971647541928
2019-12-25,908016.042822004,0.0015279649526203087,-0.2030813587092366
2019-12-26,913755.1428220039,0.006320483041426739,-0.1980444479515614
2019-12-27,912963.542822004,-0.000866315233592263,-0.19873919426296494
2019-12-30,924441.7428220039,0.012572462602964851,-0.18866537274761452
2019-12-31,928597.6428220039,0.004495578041849857,-0.18501795461274628
2020-01-02,939086.3428220039,0.011295204205047149,-0.17581256598665018
2020-01-03,937107.342822004,-0.002107367458941911,-0.1775494317651588
2020-01-06,933940.942822004,-0.0033789085362032623,-0.18032841701077273
2020-01-07,940273.742822004,0.006780728533931413,-0.17477044651954488
2020-01-08,932159.8428220041,-0.008629295523714164,-0.18189159621143047
2020-01-09,940867.442822004,0.009341316370847563,-0.17424938678599233
2020-01-10,940669.542822004,-0.0002103378127384925,-0.17442307336384322
2020-01-13,949575.042822004,0.00946719288187392,-0.16660717736055408
2020-01-14,946012.8428220038,-0.0037513622824519866,-0.1697335357618699
2020-01-15,939680.042822004,-0.0066942008748092086,-0.17529150625309753
2020-01-16,938492.6428220039,-0.0012636216008526935,-0.17633362572020284
2020-01-17,939482.142822004,0.001054350300525142,-0.1754651928309483
2020-01-20,945419.1428220039,0.006319438900846297,-0.17025459549542232
2020-01-21,930378.7428220038,-0.01590871108776759,-0.18345477541208854
2020-01-22,933149.3428220039,0.002977927023135152,-0.18102316332217627
2020-01-23,908807.6428220038,-0.026085535168879348,-0.2023866123978333
2020-02-03,853162.6472360039,-0.06122857353313249,-0.25122334235164345
2020-02-04,853162.6472360039,0.0,-0.25122334235164345
2020-02-05,853162.6472360039,0.0,-0.25122334235164345
2020-02-06,853162.6472360039,0.0,-0.25122334235164345
2020-02-07,853162.6472360039,0.0,-0.25122334235164345
2020-02-10,853162.6472360039,0.0,-0.25122334235164345
2020-02-11,853162.6472360039,0.0,-0.25122334235164345
2020-02-12,853162.6472360039,0.0,-0.25122334235164345
2020-02-13,853162.6472360039,0.0,-0.25122334235164345
2020-02-14,853162.6472360039,0.0,-0.25122334235164345
2020-02-17,853162.6472360039,0.0,-0.25122334235164345
2020-02-18,853162.6472360039,0.0,-0.25122334235164345
2020-02-19,851853.629936004,-0.0015343115456831757,-0.25237219902261143
2020-02-20,868506.6299360039,0.01954913310782147,-0.2377567236261966
2020-02-21,871068.6299360039,0.002949891125400894,-0.23550818894982506
2020-02-24,865029.629936004,-0.006932863602772121,-0.24080830640127204
2020-02-25,863565.629936004,-0.0016924275762765228,-0.24209318335919872
2020-02-26,857343.629936004,-0.007205011158747832,-0.24755391043038666
2020-02-27,857526.6299360039,0.00021345000255434954,-0.24739330081064592
2020-02-28,832272.6299360038,-0.02944981428959792,-0.2695574283348797
2020-03-02,858441.6299360039,0.0314428218094982,-0.2465902527119419
2020-03-03,857892.6299360039,-0.0006395309603530741,-0.24707208157116434
2020-03-04,863199.629936004,0.00618608881206506,-0.2424144025986803
2020-03-05,881133.629936004,0.020776190556673013,-0.22667465986407964
2020-03-06,866676.6299360039,-0.01640727298202216,-0.23936281982360474
2020-03-09,842703.6299360039,-0.02766083585497181,-0.2604026800096527
2020-03-10,858807.629936004,0.019109921243869676,-0.2462690334724601
2020-03-11,846546.629936004,-0.014276771156438883,-0.25702987799509536
2020-03-12,835017.6299360039,-0.013618859956800788,-0.26714828403876734
2020-03-13,811171.4269760039,-0.02855772393910727,-0.2880768610314892
2020-03-16,811171.4269760039,0.0,-0.2880768610314892
2020-03-17,811171.4269760039,0.0,-0.2880768610314892
2020-03-18,811171.4269760039,0.0,-0.2880768610314892
2020-03-19,811171.4269760039,0.0,-0.2880768610314892
2020-03-20,811171.4269760039,0.0,-0.2880768610314892
2020-03-23,811171.4269760039,0.0,-0.2880768610314892
2020-03-24,811171.4269760039,0.0,-0.2880768610314892
2020-03-25,811171.4269760039,0.0,-0.2880768610314892
2020-03-26,811171.4269760039,0.0,-0.2880768610314892
2020-03-27,811171.4269760039,0.0,-0.2880768610314892
2020-03-30,811171.4269760039,0.0,-0.2880768610314892
2020-03-31,811171.4269760039,0.0,-0.2880768610314892
2020-04-01,811171.4269760039,0.0,-0.2880768610314892
2020-04-02,811171.4269760039,0.0,-0.2880768610314892
2020-04-03,811171.4269760039,0.0,-0.2880768610314892
2020-04-07,811171.4269760039,0.0,-0.2880768610314892
2020-04-08,811171.4269760039,0.0,-0.2880768610314892
2020-04-09,808187.3255760038,-0.0036787555635738878,-0.29069585223980665
2020-04-10,805961.3255760039,-0.002754311939269005,-0.2926494971225556
2020-04-13,802065.8255760039,-0.0048333584706635735,-0.29606837566736643
2020-04-14,813566.8255760038,0.014339222085344883,-0.2859745437731631
2020-04-15,809485.8255760039,-0.0050161829018907644,-0.28955622605820297
2020-04-16,809856.8255760039,0.0004583156224335916,-0.2892306185777448
2020-04-17,816163.8255760038,0.007787796312655804,-0.283695291409956
2020-04-20,819131.8255760038,0.0036365248091034807,-0.28109043156629054
2020-04-21,811711.8255760038,-0.009058371031771761,-0.287602581175454
2020-04-22,818018.8255760039,0.0077699989100499245,-0.28206725400766497
2020-04-23,816720.3255760038,-0.0015873717809438137,-0.28320688018926865
2020-04-24,810784.3255760038,-0.007268093880011595,-0.2884165998765994
2020-04-27,813937.8255760039,0.0038894437158238926,-0.2856489362927048
2020-04-28,818389.8255760039,0.005469705252793,-0.2817416465272068
2020-04-29,822099.8255760038,0.004533291939924355,-0.2784855717226251
2020-04-30,832673.3255760039,0.012861576746585168,-0.2692057585295671
2020-05-06,834528.3255760039,0.002227764410150712,-0.2675777211272763
2020-05-07,833229.8255760039,-0.0015559687552890722,-0.26871734730887986
2020-05-08,841020.8255760039,0.009350361401926799,-0.2618795902192582
2020-05-11,839722.3255760039,-0.0015439570109464507,-0.2630192164008618
2020-05-12,839536.825576004,-0.00022090635719684837,-0.2631820201410908
2020-05-13,841206.3255760039,0.0019885965083836776,-0.2617167864790292
2020-05-14,835084.8255760039,-0.0072770494156809695,-0.26708930990658897
2020-05-15,831560.3255760039,-0.0042205293307406855,-0.2701825809709416
2020-05-18,833786.3255760038,0.0026768953875451196,-0.26822893608819276
2020-05-19,839165.8255760039,0.006451892811127458,-0.2635076276215491
2020-05-20,836197.8255760039,-0.0035368456502179457,-0.26611248746521443
2020-05-21,831374.8255760038,-0.0057677739076609225,-0.27034538471117087
2020-05-22,815421.8255760039,-0.019188697455383208,-0.2843465063708722
2020-05-25,815792.8255760039,0.0004549792369585859,-0.28402089889041404
2020-05-26,816106.621086004,0.00038465098020257216,-0.2837454968273676
2020-05-27,816106.621086004,0.0,-0.2837454968273676
2020-05-28,816106.621086004,0.0,-0.2837454968273676
2020-05-29,816106.621086004,0.0,-0.2837454968273676
2020-06-01,816106.621086004,0.0,-0.2837454968273676
2020-06-02,816106.621086004,0.0,-0.2837454968273676
2020-06-03,816106.621086004,0.0,-0.2837454968273676
2020-06-04,812176.5225860041,-0.004815667951290514,-0.28719474068326356
2020-06-05,816259.0225860041,0.005026616611621737,-0.28361174192593064
2020-06-08,819631.5225860041,0.004131654176777744,-0.2806518733872644
2020-06-09,824424.022586004,0.005847139681596447,-0.276445744411265
2020-06-10,822826.5225860041,-0.0019377164617170317,-0.27784778740326477
2020-06-11,816259.0225860041,-0.007981633819191258,-0.28361174192593064
2020-06-12,818034.0225860041,0.0021745548298830464,-0.28205391637926425
2020-06-15,807916.522586004,-0.012368067489437973,-0.2909335219952631
2020-06-16,818921.522586004,0.013621456787113129,-0.28127500360593105
2020-06-17,819631.5225860041,0.0008669939431535933,-0.2806518733872644
2020-06-18,825134.0225860041,0.0067133825973886285,-0.27582261419259835
2020-06-19,834364.022586004,0.011186061594057994,-0.2677219213499329
2020-06-22,835074.0225860041,0.0008509475250377818,-0.2670987911312662
2020-06-23,838446.5225860041,0.004038564137770928,-0.26413892259259997
2020-06-24,844836.522586004,0.007621237404970449,-0.25853075062460074
2020-06-29,838446.5225860041,-0.007563593463550067,-0.26413892259259997
2020-06-30,847321.5225860041,0.010585051951348179,-0.25634979485926757
2020-07-01,864006.5225860041,0.019691462514817015,-0.24170623472060293
2020-07-02,881401.5225860041,0.020132949862387672,-0.22643954436327152
2020-07-03,896844.022586004,0.01752039178998932,-0.21288646210727347
2020-07-06,954886.522586004,0.06471861164067017,-0.16194556673128013
2020-07-07,946366.522586004,-0.008922526183453017,-0.16942312935527915
2020-07-08,957371.5225860041,0.011628686917124043,-0.15976461096594707
2020-07-09,970506.5225860041,0.013719856597071534,-0.14823670192061522
2020-07-10,955064.0225860041,-0.015911794141117208,-0.16178978417661338
2020-07-13,972814.022586004,0.018585141498617785,-0.1462115287099489
2020-07-14,965181.522586004,-0.007845795622590579,-0.15291017856061473
2020-07-15,954886.522586004,-0.010666387367649466,-0.16194556673128013
2020-07-16,914416.5225860041,-0.042381999371401635,-0.1974639891952754
2020-07-17,923114.0225860041,0.009511529795418694,-0.18983064401660976
2020-07-20,944769.0225860041,0.023458640503949635,-0.1708251723472789
2020-07-21,946899.0225860041,0.0022545193048029155,-0.16895578169127912
2020-07-22,956306.522586004,0.009935061474990015,-0.16069930629394702
2020-07-23,951691.5225860041,-0.004825858541171679,-0.16474965271527975
2020-07-24,914061.5225860041,-0.03954012314594235,-0.1977755543046087
2020-07-27,919031.522586004,0.0054372707713798984,-0.19341364277394268
2020-07-28,925244.0225860041,0.0067598334195535514,-0.18796125336060998
2020-07-29,920224.3509860042,-0.005425240776990026,-0.1923667590813739
2020-07-30,920224.3509860042,0.0,-0.1923667590813739
2020-07-31,920224.3509860042,0.0,-0.1923667590813739
2020-08-03,920224.3509860042,0.0,-0.1923667590813739
2020-08-04,920224.3509860042,0.0,-0.1923667590813739
2020-08-05,919829.4764360044,-0.0004291068255004582,-0.19271332001755315
2020-08-06,916814.4764360043,-0.0032777814554085793,-0.19535942932639794
2020-08-07,908774.4764360044,-0.00876949503595792,-0.20241572081665038
2020-08-10,911454.4764360044,0.002949026485107975,-0.20006362365323294
2020-08-11,903581.9764360044,-0.008637293692147163,-0.20697290907077193
2020-08-12,898221.9764360044,-0.0059319465635441215,-0.21167710339760692
2020-08-13,895709.4764360044,-0.002797192749579791,-0.21388219448831092
2020-08-14,910951.9764360043,0.017017236504685895,-0.20050464187137385
2020-08-17,911534.3705860043,0.0006393247559313142,-0.19999350469667
2020-08-18,907691.8395220042,-0.004215453841339922,-0.20336589515039327
2020-08-19,895197.4395220043,-0.01376502404888813,-0.21433158276181263
2020-08-20,886813.0395220041,-0.009365978531481467,-0.22169013629052847
2020-08-21,893389.0395220041,0.007415317216743267,-0.21591872175820248
2020-08-24,898321.0395220043,0.005520551273652252,-0.21159016085895777
2020-08-25,899800.6395220042,0.0016470726331725416,-0.2102915925891845
2020-08-26,890101.0395220042,-0.01077972116707171,-0.21880442902436537
2020-08-27,896019.4395220043,0.006649132780676581,-0.21361015594527188
2020-08-28,915418.6395220043,0.02165042313183374,-0.19658448307491017
2020-08-31,908349.4395220042,-0.0077223684277297755,-0.20278875369716076
2020-09-01,913939.0395220043,0.00615357896069324,-0.19788305134468354
2020-09-02,913281.4395220042,-0.0007195228254436303,-0.19846019279791616
2020-09-03,909993.4395220041,-0.003600204556572395,-0.20134590006407926
2020-09-04,900951.4395220043,-0.0099363353704498,-0.2092815950460274
2020-09-07,885004.6395220043,-0.0176999550702317,-0.223277275286918
2020-09-08,888950.2395220042,0.004458281712659717,-0.21981442656752248
2020-09-09,870701.8395220042,-0.020528033166189674,-0.23583010189472708
2020-09-10,874420.6694500044,0.004271071633478618,-0.23256627751977133
2020-09-11,874420.6694500044,0.0,-0.23256627751977133
2020-09-14,874420.6694500044,0.0,-0.23256627751977133
2020-09-15,874420.6694500044,0.0,-0.23256627751977133
2020-09-16,874420.6694500044,0.0,-0.23256627751977133
2020-09-17,874420.6694500044,0.0,-0.23256627751977133
2020-09-18,874420.6694500044,0.0,-0.23256627751977133
2020-09-21,874420.6694500044,0.0,-0.23256627751977133
2020-09-22,874420.6694500044,0.0,-0.23256627751977133
2020-09-23,874420.6694500044,0.0,-0.23256627751977133
2020-09-24,874420.6694500044,0.0,-0.23256627751977133
2020-09-25,874420.6694500044,0.0,-0.23256627751977133
2020-09-28,874420.6694500044,0.0,-0.23256627751977133
2020-09-29,874420.6694500044,0.0,-0.23256627751977133
2020-09-30,874420.6694500044,0.0,-0.23256627751977133
2020-10-09,874420.6694500044,0.0,-0.23256627751977133
2020-10-12,874420.6694500044,0.0,-0.23256627751977133
2020-10-13,874991.3042620044,0.0006525861429591551,-0.23206546090684121
2020-10-14,871213.7042620045,-0.004317300048125805,-0.23538086472942554
2020-10-15,869324.9042620045,-0.002168009973626317,-0.23703856664071765
2020-10-16,867121.3042620043,-0.0025348405287789477,-0.23897255220389202
2020-10-19,862241.9042620043,-0.005627125035467584,-0.24325494880806353
2020-10-20,866963.9042620044,0.005476421380890439,-0.23911069402983298
2020-10-21,867908.3042620044,0.0010893187079155098,-0.23828184307418687
2020-10-22,865389.9042620043,-0.0029016890236366333,-0.24049211228924328
2020-10-23,856575.5042620043,-0.01018546663947606,-0.24822805454194008
2020-10-26,850909.1042620044,-0.00661517866411776,-0.2532011602758165
2020-10-27,853112.7042620044,0.002589700814061846,-0.25126717471264237
2020-10-28,859408.7042620044,0.007380033105293338,-0.24574150167500175
2020-10-29,866334.3042620043,0.008058563947112019,-0.23966326133359717
2020-10-30,852010.9042620044,-0.016533340454758294,-0.25223416749422933
2020-11-02,849732.7155500045,-0.0026738961914732906,-0.25423361570588043
2020-11-03,849732.7155500045,0.0,-0.25423361570588043
2020-11-04,849732.7155500045,0.0,-0.25423361570588043
2020-11-05,852435.1725540047,0.003180361253068753,-0.25186180919343015
2020-11-06,852741.9725540046,0.0003599100669211541,-0.2515925467271106
2020-11-09,867621.7725540046,0.017449358046061958,-0.23853331711061065
2020-11-10,863479.9725540045,-0.0047737391234522475,-0.24216836040592515
2020-11-11,856270.1725540046,-0.008349701474458904,-0.2484960283644354
2020-11-12,855809.9725540046,-0.000537447192195506,-0.24889992206391476
2020-11-13,847986.5725540047,-0.00914151534908203,-0.2557661149550642
2020-11-16,856116.7725540047,0.009587651813298237,-0.24863065959759512
2020-11-17,854736.1725540046,-0.00161263047782767,-0.2498423406960334
2020-11-18,853662.3725540045,-0.0012562940875562312,-0.2507847593281519
2020-11-19,860105.1725540045,0.007547246085972237,-0.24513024753544066
2020-11-20,862406.1725540045,0.0026752542286978542,-0.2431107790380438
2020-11-23,871303.3725540045,0.010316716511491464,-0.23530216751477562
2020-11-24,866394.5725540046,-0.005633858601523656,-0.239610366975889
2020-11-25,856883.7725540046,-0.010977446421396198,-0.24795750343179623
2020-11-26,857957.5725540046,0.0012531454491191418,-0.2470150847996777
2020-11-27,868848.9725540046,0.012694567130607792,-0.2374562672453322
2020-11-30,865013.9725540046,-0.00441388563621925,-0.24082204807432706
2020-12-01,882041.3725540045,0.019684537522238532,-0.22587798119359004
2020-12-02,880353.9725540046,-0.0019130621901713996,-0.22735892475834762
2020-12-03,880047.1725540045,-0.0003484961839952394,-0.22762818722466738
2020-12-04,881734.5725540045,0.0019173972175865472,-0.22614724365990957
2020-12-07,874984.9725540046,-0.007654911364594841,-0.23207101791894047
2020-12-08,872530.5725540046,-0.0028050767464449233,-0.23422511764949716
2020-12-09,863326.5725540046,-0.010548627508900621,-0.24230299163908486
2020-12-10,861792.5725540045,-0.0017768478913628982,-0.24364930397068285
2020-12-11,853202.1725540046,-0.009968059917877303,-0.25118865302763127
2020-12-14,851403.4225620046,-0.0021082341909837155,-0.25276732271191504
2020-12-15,851403.4225620046,0.0,-0.25276732271191504
2020-12-16,851403.4225620046,0.0,-0.25276732271191504
2020-12-17,851403.4225620046,0.0,-0.25276732271191504
2020-12-18,851403.4225620046,0.0,-0.25276732271191504
2020-12-21,851403.4225620046,0.0,-0.25276732271191504
2020-12-22,840021.2890020047,-0.013368672545089555,-0.26275683168957
2020-12-23,846048.2890020047,0.007174818161049812,-0.25746724601646653
2020-12-24,846048.2890020047,0.0,-0.25746724601646653
2020-12-25,852222.2890020048,0.007297455807496522,-0.25204864605865307
2020-12-28,854280.2890020047,0.002414862913770799,-0.2502424460727154
2020-12-29,851928.2890020047,-0.0027531947421468583,-0.25230667462807277
2020-12-30,861336.2890020047,0.01104318300196483,-0.24404976040664295
2020-12-31,877359.2890020047,0.018602490345048794,-0.22998720337327017
2021-01-04,884268.2890020047,0.007874767027153728,-0.2239235319919075
2021-01-05,898821.2890020047,0.016457674871983352,-0.21115111780563323
2021-01-06,906024.2890020048,0.008013828875813367,-0.20482941785485087
2021-01-07,923223.2890020048,0.018982934794104622,-0.1897347465437993
2021-01-08,919107.2890020047,-0.004458293079293352,-0.19334714651567497
2021-01-11,909846.2890020047,-0.010076081553064276,-0.201475046452395
2021-01-12,933366.2890020048,0.025850520339868455,-0.18083276089882017
2021-01-13,930132.2890020047,-0.003464877656400134,-0.18367107516243686
2021-01-14,914991.2890020048,-0.016278329630127764,-0.19695954648755043
2021-01-15,912492.2890020047,-0.0027311735423468653,-0.19915278932761782
2021-01-18,921165.2890020047,0.009504737853166523,-0.1915409465297372
2021-01-19,910140.2890020048,-0.011968536083187042,-0.2012170178829752
2021-01-20,914550.2890020047,0.004845406860117807,-0.19734658934168003
2021-01-21,928368.2890020048,0.015109065259909293,-0.18521924657895483
2021-01-22,928809.2890020048,0.00047502699653190206,-0.18483220372482534
2021-01-25,938511.2890020047,0.01044563196651982,-0.17631726093397582
2021-01-26,920871.2890020048,-0.018795724896136234,-0.19179897509915678
2021-01-27,922341.2890020047,0.0015963142922970075,-0.1905088322520584
2021-01-28,902349.2890020047,-0.021675273825843555,-0.20805477497259695
2021-01-29,896910.2890020047,-0.006027599363452207,-0.2128283035068611
2021-02-01,906171.2890020048,0.010325447387056874,-0.20470040357014097
2021-02-02,904936.8623820049,-0.0013622442412178914,-0.2057837958654204
2021-02-03,904936.8623820049,0.0,-0.2057837958654204
2021-02-04,904936.8623820049,0.0,-0.2057837958654204
2021-02-05,904936.8623820049,0.0,-0.2057837958654204
2021-02-08,904936.8623820049,0.0,-0.2057837958654204
2021-02-09,920002.5292980049,0.016648307238080307,-0.19256144048552593
2021-02-10,936436.0292980049,0.01786245089188987,-0.1781386088679805
2021-02-18,930291.329298005,-0.006561793659953796,-0.1835314937336714
2021-02-19,934864.1292980049,0.0049154494468421905,-0.17951818406618048
2021-02-22,905283.829298005,-0.03164128248477338,-0.20547928097776236
2021-02-23,903140.3292980049,-0.002367765700246993,-0.20736051988439885
2021-02-24,882134.0292980049,-0.023259176141904536,-0.2257966611694352
2021-02-25,889421.9292980048,0.008261669721322917,-0.2194004488868716
2021-02-26,868129.8292980049,-0.023939256834835665,-0.2380874220261262
2021-03-01,873081.554370005,0.0057038992382099085,-0.2337415494530385
2021-03-02,873081.554370005,0.0,-0.2337415494530385
2021-03-03,873081.554370005,0.0,-0.2337415494530385
2021-03-04,873081.554370005,0.0,-0.2337415494530385
2021-03-05,873081.554370005,0.0,-0.2337415494530385
2021-03-08,873081.554370005,0.0,-0.2337415494530385
2021-03-09,873081.554370005,0.0,-0.2337415494530385
2021-03-10,873081.554370005,0.0,-0.2337415494530385
2021-03-11,873081.554370005,0.0,-0.2337415494530385
2021-03-12,873081.554370005,0.0,-0.2337415494530385
2021-03-15,873081.554370005,0.0,-0.2337415494530385
2021-03-16,873081.554370005,0.0,-0.2337415494530385
2021-03-17,873081.554370005,0.0,-0.2337415494530385
2021-03-18,873081.554370005,0.0,-0.2337415494530385
2021-03-19,873081.554370005,0.0,-0.2337415494530385
2021-03-22,873081.554370005,0.0,-0.2337415494530385
2021-03-23,873081.554370005,0.0,-0.2337415494530385
2021-03-24,873081.554370005,0.0,-0.2337415494530385
2021-03-25,873081.554370005,0.0,-0.2337415494530385
2021-03-26,873081.554370005,0.0,-0.2337415494530385
2021-03-29,873081.554370005,0.0,-0.2337415494530385
2021-03-30,873081.554370005,0.0,-0.2337415494530385
2021-03-31,873081.554370005,0.0,-0.2337415494530385
2021-04-01,873081.554370005,0.0,-0.2337415494530385
2021-04-02,875989.662882005,0.0033308555168118925,-0.23118925326573048
2021-04-06,871823.2628820051,-0.004756220508690068,-0.2348458867066494
2021-04-07,866615.2628820051,-0.005973687812348305,-0.23941667850779802
2021-04-08,868252.062882005,0.0018887274089272044,-0.23798014394172284
2021-04-09,857687.2628820051,-0.01216789507522964,-0.2472523215954815
2021-04-12,845188.0628820051,-0.014573144012888894,-0.2582222219182384
2021-04-13,844146.462882005,-0.001232388441985699,-0.2591363802784682
2021-04-14,842389.4652180052,-0.0020813895944090666,-0.26067840610743276
2021-04-15,842389.4652180052,0.0,-0.26067840610743276
2021-04-16,842389.4652180052,0.0,-0.26067840610743276
2021-04-19,842389.4652180052,0.0,-0.26067840610743276
2021-04-20,842389.4652180052,0.0,-0.26067840610743276
2021-04-21,842389.4652180052,0.0,-0.26067840610743276
2021-04-22,842389.4652180052,0.0,-0.26067840610743276
2021-04-23,849242.3539860053,0.008135059911066778,-0.25466398064757134
2021-04-26,840019.9539860052,-0.010859562004548962,-0.2627580033639527
2021-04-27,841893.2539860052,0.002230066072967718,-0.2611139049996877
2021-04-28,847369.0539860053,0.006504149990600894,-0.2563080790118363
2021-04-29,853997.6539860052,0.00782256558558414,-0.2504905001844373
2021-04-30,847513.1539860052,-0.007593112193849505,-0.25618160990689287
2021-05-06,837858.4539860053,-0.01139179958988501,-0.26465503993810446
2021-05-07,829068.3539860053,-0.010491151528258968,-0.2723696553396554
2021-05-10,828924.2539860052,-0.00017380955298473832,-0.2724961244445989
2021-05-11,832670.8539860053,0.004519833967921771,-0.26920792771606894
2021-05-12,828652.4957960054,-0.00482586627208581,-0.2727346325296116
2021-05-13,828652.4957960054,0.0,-0.2727346325296116
2021-05-14,828652.4957960054,0.0,-0.2727346325296116
2021-05-17,828652.4957960054,0.0,-0.2727346325296116
2021-05-18,825800.4397360053,-0.003441799879285168,-0.27523773438357957
2021-05-19,823850.2397360054,-0.0023615875048738078,-0.27694932389406324
2021-05-20,825800.4397360054,0.002367177802393927,-0.27523773438357946
2021-05-21,818138.9397360054,-0.00927766519771922,-0.28196183603190905
2021-05-24,822039.3397360054,0.004767405400919467,-0.27853865701094127
2021-05-25,844884.5397360054,0.027790884080239442,-0.25848860845955834
2021-05-26,845023.8397360053,0.00016487459936653792,-0.2583663520659525
2021-05-27,847670.5397360055,0.003132100984070574,-0.2560434805874384
2021-05-28,845581.0397360054,-0.0024649907034056673,-0.2578773264915284
2021-05-31,846416.8397360054,0.0009884327589240183,-0.25714378812989236
2021-06-01,847531.2397360054,0.0013166089657994373,-0.2561657369810444
2021-06-02,841541.3397360054,-0.007067468099306584,-0.26142276190610214
2021-06-03,835830.0397360054,-0.006786713534229549,-0.26643527404394796
2021-06-04,840426.9397360055,0.005499802329971271,-0.26240081305495
2021-06-07,839591.1397360055,-0.0009944945366251456,-0.26313435141658603
2021-06-08,833740.5397360054,-0.006968391783933936,-0.2682691199480378
2021-06-09,834854.9397360054,0.0013366268603813847,-0.26729106879918985
2021-06-10,839591.1397360055,0.0056730813636889366,-0.26313435141658603
2021-06-11,832765.4397360053,-0.00812979041458961,-0.2691249147032798
2021-06-15,824546.7397360054,-0.009869165563120896,-0.2763380419260333
2021-06-16,821330.4754680055,-0.0039006451823818677,-0.2791607904564676
2021-06-17,821330.4754680055,0.0,-0.2791607904564676
2021-06-18,821330.4754680055,0.0,-0.2791607904564676
2021-06-21,821330.4754680055,0.0,-0.2791607904564676
2021-06-22,821330.4754680055,0.0,-0.2791607904564676
2021-06-23,821330.4754680055,0.0,-0.2791607904564676
2021-06-24,821330.4754680055,0.0,-0.2791607904564676
2021-06-25,821330.4754680055,0.0,-0.2791607904564676
2021-06-28,821330.4754680055,0.0,-0.2791607904564676
2021-06-29,821330.4754680055,0.0,-0.2791607904564676
2021-06-30,823871.2520840054,0.0030934887866569394,-0.27693088244476205
2021-07-01,823596.8520840055,-0.00033306174879366157,-0.2771717091095536
2021-07-02,804251.6520840053,-0.023488676469621828,-0.294149988977369
2021-07-05,805212.0520840054,0.0011941535929849145,-0.29330709565059787
2021-07-06,802876.9821720055,-0.0028999440656116704,-0.2953564655447758
2021-07-07,802876.9821720055,0.0,-0.2953564655447758
2021-07-08,802876.9821720055,0.0,-0.2953564655447758
2021-07-09,802876.9821720055,0.0,-0.2953564655447758
2021-07-12,802876.9821720055,0.0,-0.2953564655447758
2021-07-13,802876.9821720055,0.0,-0.2953564655447758
2021-07-14,802876.9821720055,0.0,-0.2953564655447758
2021-07-15,802876.9821720055,0.0,-0.2953564655447758
2021-07-16,802876.9821720055,0.0,-0.2953564655447758
2021-07-19,802876.9821720055,0.0,-0.2953564655447758
2021-07-20,802876.9821720055,0.0,-0.2953564655447758
2021-07-21,802876.9821720055,0.0,-0.2953564655447758
2021-07-22,802876.9821720055,0.0,-0.2953564655447758
2021-07-23,802876.9821720055,0.0,-0.2953564655447758
2021-07-26,780288.6207160054,-0.028134274562078287,-0.31518110021153234
2021-07-27,777596.0884560054,-0.0034506875898424605,-0.31754419629032193
2021-07-28,777596.0884560054,0.0,-0.31754419629032193
2021-07-29,777596.0884560054,0.0,-0.31754419629032193
2021-07-30,777596.0884560054,0.0,-0.31754419629032193
2021-08-02,777596.0884560054,0.0,-0.31754419629032193
2021-08-03,777596.0884560054,0.0,-0.31754419629032193
2021-08-04,777596.0884560054,0.0,-0.31754419629032193
2021-08-05,777596.0884560054,0.0,-0.31754419629032193
2021-08-06,777596.0884560054,0.0,-0.31754419629032193
2021-08-09,777596.0884560054,0.0,-0.31754419629032193
2021-08-10,777596.0884560054,0.0,-0.31754419629032193
2021-08-11,777596.0884560054,0.0,-0.31754419629032193
2021-08-12,774205.1950580055,-0.004360738754142779,-0.32052020776154844
2021-08-13,770606.0950580055,-0.004648767565723078,-0.3236789513812708
2021-08-16,770206.1950580055,-0.0005189421710580788,-0.32402992289457333
2021-08-17,755276.5950580055,-0.019383900176076385,-0.3371328593911995
2021-08-18,762341.4950580056,0.009354056575071601,-0.33093236265618886
2021-08-19,757836.9334800055,-0.005908850045814873,-0.3348857829957611
2021-08-20,757836.9334800055,0.0,-0.3348857829957611
2021-08-23,757836.9334800055,0.0,-0.3348857829957611
2021-08-24,757836.9334800055,0.0,-0.3348857829957611
2021-08-25,757836.9334800055,0.0,-0.3348857829957611
2021-08-26,757836.9334800055,0.0,-0.3348857829957611
2021-08-27,757836.9334800055,0.0,-0.3348857829957611
2021-08-30,757836.9334800055,0.0,-0.3348857829957611
2021-08-31,757836.9334800055,0.0,-0.3348857829957611
2021-09-01,757836.9334800055,0.0,-0.3348857829957611
2021-09-02,757836.9334800055,0.0,-0.3348857829957611
2021-09-03,757836.9334800055,0.0,-0.3348857829957611
2021-09-06,757836.9334800055,0.0,-0.3348857829957611
2021-09-07,757836.9334800055,0.0,-0.3348857829957611
2021-09-08,753092.3934000055,-0.006260634538109544,-0.33904982003452555
2021-09-09,752831.9934000054,-0.00034577430642279694,-0.3392783596245831
2021-09-10,759211.7934000054,0.008474400737390253,-0.33367913966817586
2021-09-13,755696.3934000054,-0.004630328494051539,-0.33676442413395125
2021-09-14,747103.1934000055,-0.011371233308839379,-0.34430623060584664
2021-09-15,740202.5934000054,-0.009236475042485148,-0.3503625297423687
2021-09-16,732911.3934000055,-0.009850276214933062,-0.3567616382639768
2021-09-17,737989.1934000055,0.006928259057952246,-0.35230511625785677
2021-09-22,733692.5934000055,-0.005822036472112879,-0.3560760194938044
2021-09-23,734374.3622640055,0.0009292295848872811,-0.35547766628069966
2021-09-24,734374.3622640055,0.0,-0.35547766628069966
2021-09-27,734374.3622640055,0.0,-0.35547766628069966
2021-09-28,734374.3622640055,0.0,-0.35547766628069966
2021-09-29,734374.3622640055,0.0,-0.35547766628069966
2021-09-30,734374.3622640055,0.0,-0.35547766628069966
2021-10-08,734374.3622640055,0.0,-0.35547766628069966
2021-10-11,734374.3622640055,0.0,-0.35547766628069966
2021-10-12,734374.3622640055,0.0,-0.35547766628069966
2021-10-13,734374.3622640055,0.0,-0.35547766628069966
2021-10-14,730240.3991640055,-0.005629231237396892,-0.3591058315348723
2021-10-15,733300.3991640055,0.0041904008645690105,-0.35642022805723883
2021-10-18,725905.3991640055,-0.010084543808281832,-0.36291043646151966
2021-10-19,731897.8991640054,0.008255207919518393,-0.3576511296511543
2021-10-20,730112.8991640054,-0.0024388647679394193,-0.3592177316797738
2021-10-21,732917.8991640054,0.0038418715834382944,-0.35675592849194315
2021-10-22,737125.3991640054,0.005740752142633143,-0.35306322371019716
2021-10-25,739292.8991640054,0.0029404766169476293,-0.3511609212468735
2021-10-26,737125.3991640054,-0.002931855564216823,-0.35306322371019716
2021-10-27,728710.3991640054,-0.011415968042267521,-0.36044863327368915
2021-10-28,726032.8991640054,-0.0036742991496645505,-0.3627985363166184
2021-10-29,730112.8991640054,0.0056195800558045406,-0.3592177316797738
2021-11-01,728072.8991640054,-0.00279408842431883,-0.3610081339981961
2021-11-02,725545.8007140054,-0.0034709415127273102,-0.36322603739219683
2021-11-03,725545.8007140054,0.0,-0.36322603739219683
2021-11-04,725545.8007140054,0.0,-0.36322603739219683
2021-11-05,725545.8007140054,0.0,-0.36322603739219683
2021-11-08,725545.8007140054,0.0,-0.36322603739219683
2021-11-09,725545.8007140054,0.0,-0.36322603739219683
2021-11-10,725545.8007140054,0.0,-0.36322603739219683
2021-11-11,725545.8007140054,0.0,-0.36322603739219683
2021-11-12,725545.8007140054,0.0,-0.36322603739219683
2021-11-15,725545.8007140054,0.0,-0.36322603739219683
2021-11-16,725545.8007140054,0.0,-0.36322603739219683
2021-11-17,725545.8007140054,0.0,-0.36322603739219683
2021-11-18,720028.5574860054,-0.007604265950640898,-0.36806823595431004
2021-11-19,717263.5147800053,-0.0038401847777458364,-0.37049497069517234
2021-11-22,716960.5860000054,-0.0004223395917368755,-0.37076083559224526
2021-11-23,717336.7860000053,0.00052471503642737,-0.37043066434117156
2021-11-24,718716.1860000053,0.0019229461348160282,-0.3692200364205678
2021-11-25,716333.5860000052,-0.0033150776988346564,-0.37131112101070163
2021-11-26,711066.7860000054,-0.007352440403373461,-0.3759335185257341
2021-11-29,710188.9860000054,-0.0012344831980382054,-0.3767039181115729
2021-11-30,707931.7860000052,-0.0031783089353629723,-0.3786849456180157
2021-12-01,709561.9860000054,0.00230276423836151,-0.37725420353002914
2021-12-02,706957.7465160054,-0.0036702071635500433,-0.3795398096133039
2021-12-03,706957.7465160054,0.0,-0.3795398096133039
2021-12-06,706957.7465160054,0.0,-0.3795398096133039
2021-12-07,706957.7465160054,0.0,-0.3795398096133039
2021-12-08,713788.0025040054,0.009661476971800198,-0.3735452477719642
2021-12-09,724111.6025040055,0.014463117849815799,-0.36448475886291287
2021-12-10,722268.1025040054,-0.002545878278465974,-0.36610270331095784
2021-12-13,723865.8025040055,0.0022120594755064005,-0.36470048478931893
2021-12-14,720055.9025040055,-0.005263268394253173,-0.36804423664861163
2021-12-15,714402.5025040054,-0.007851334848225311,-0.3730059329559492
2021-12-16,717720.8025040056,0.004644860549017471,-0.3700936329494684
2021-12-17,708749.1025040054,-0.012500264683285578,-0.37796762926328686
2021-12-20,699531.6025040055,-0.0130053074740194,-0.38605735150351095
2021-12-21,702112.5025040054,0.0036894687684752014,-0.38379222927624823
2021-12-22,702481.2025040054,0.0005251295179691251,-0.3834686403866393
2021-12-23,701761.0773280055,-0.0010251166485779617,-0.3841006569477494
2021-12-24,701761.0773280055,0.0,-0.3841006569477494
2021-12-27,701761.0773280055,0.0,-0.3841006569477494
2021-12-28,701761.0773280055,0.0,-0.3841006569477494
2021-12-29,701761.0773280055,0.0,-0.3841006569477494
2021-12-30,701761.0773280055,0.0,-0.3841006569477494
2021-12-31,701761.0773280055,0.0,-0.3841006569477494
2022-01-04,701761.0773280055,0.0,-0.3841006569477494
2022-01-05,701761.0773280055,0.0,-0.3841006569477494
2022-01-06,701761.0773280055,0.0,-0.3841006569477494
2022-01-07,701761.0773280055,0.0,-0.3841006569477494
2022-01-10,701761.0773280055,0.0,-0.3841006569477494
2022-01-11,701761.0773280055,0.0,-0.3841006569477494
2022-01-12,701761.0773280055,0.0,-0.3841006569477494
2022-01-13,701761.0773280055,0.0,-0.3841006569477494
2022-01-14,701761.0773280055,0.0,-0.3841006569477494
2022-01-17,701761.0773280055,0.0,-0.3841006569477494
2022-01-18,701761.0773280055,0.0,-0.3841006569477494
2022-01-19,701761.0773280055,0.0,-0.3841006569477494
2022-01-20,701761.0773280055,0.0,-0.3841006569477494
2022-01-21,701761.0773280055,0.0,-0.3841006569477494
2022-01-24,701761.0773280055,0.0,-0.3841006569477494
2022-01-25,701761.0773280055,0.0,-0.3841006569477494
2022-01-26,701761.0773280055,0.0,-0.3841006569477494
2022-01-27,701761.0773280055,0.0,-0.3841006569477494
2022-01-28,701761.0773280055,0.0,-0.3841006569477494
2022-02-07,701761.0773280055,0.0,-0.3841006569477494
2022-02-08,701761.0773280055,0.0,-0.3841006569477494
2022-02-09,701761.0773280055,0.0,-0.3841006569477494
2022-02-10,701761.0773280055,0.0,-0.3841006569477494
2022-02-11,701761.0773280055,0.0,-0.3841006569477494
2022-02-14,701761.0773280055,0.0,-0.3841006569477494
2022-02-15,701761.0773280055,0.0,-0.3841006569477494
2022-02-16,701761.0773280055,0.0,-0.3841006569477494
2022-02-17,701761.0773280055,0.0,-0.3841006569477494
2022-02-18,701761.0773280055,0.0,-0.3841006569477494
2022-02-21,701761.0773280055,0.0,-0.3841006569477494
2022-02-22,701761.0773280055,0.0,-0.3841006569477494
2022-02-23,701761.0773280055,0.0,-0.3841006569477494
2022-02-24,701761.0773280055,0.0,-0.3841006569477494
2022-02-25,701761.0773280055,0.0,-0.3841006569477494
2022-02-28,701761.0773280055,0.0,-0.3841006569477494
2022-03-01,701761.0773280055,0.0,-0.3841006569477494
2022-03-02,701761.0773280055,0.0,-0.3841006569477494
2022-03-03,701761.0773280055,0.0,-0.3841006569477494
2022-03-04,701761.0773280055,0.0,-0.3841006569477494
2022-03-07,701761.0773280055,0.0,-0.3841006569477494
2022-03-08,701761.0773280055,0.0,-0.3841006569477494
2022-03-09,701761.0773280055,0.0,-0.3841006569477494
2022-03-10,701761.0773280055,0.0,-0.3841006569477494
2022-03-11,701761.0773280055,0.0,-0.3841006569477494
2022-03-14,701761.0773280055,0.0,-0.3841006569477494
2022-03-15,701761.0773280055,0.0,-0.3841006569477494
2022-03-16,701761.0773280055,0.0,-0.3841006569477494
2022-03-17,701761.0773280055,0.0,-0.3841006569477494
2022-03-18,701761.0773280055,0.0,-0.3841006569477494
2022-03-21,701761.0773280055,0.0,-0.3841006569477494
2022-03-22,701761.0773280055,0.0,-0.3841006569477494
2022-03-23,701761.0773280055,0.0,-0.3841006569477494
2022-03-24,701761.0773280055,0.0,-0.3841006569477494
2022-03-25,701761.0773280055,0.0,-0.3841006569477494
2022-03-28,701761.0773280055,0.0,-0.3841006569477494
2022-03-29,701761.0773280055,0.0,-0.3841006569477494
2022-03-30,701761.0773280055,0.0,-0.3841006569477494
2022-03-31,701761.0773280055,0.0,-0.3841006569477494
2022-04-01,701761.0773280055,0.0,-0.3841006569477494
2022-04-06,701761.0773280055,0.0,-0.3841006569477494
2022-04-07,695750.2197080055,-0.008565390435854026,-0.3893760752901779
2022-04-08,699642.2197080054,0.005593961582409879,-0.38596026851405085
2022-04-11,681294.2197080055,-0.026224832468882964,-0.4020633576015077
2022-04-12,691024.2197080055,0.01428164179078184,-0.3935238406611896
2022-04-13,686035.0899280056,-0.007219905811851501,-0.39790254140874926
2022-04-14,686035.0899280056,0.0,-0.39790254140874926
2022-04-15,686035.0899280056,0.0,-0.39790254140874926
2022-04-18,686035.0899280056,0.0,-0.39790254140874926
2022-04-19,686035.0899280056,0.0,-0.39790254140874926
2022-04-20,686035.0899280056,0.0,-0.39790254140874926
2022-04-21,686035.0899280056,0.0,-0.39790254140874926
2022-04-22,686035.0899280056,0.0,-0.39790254140874926
2022-04-25,686035.0899280056,0.0,-0.39790254140874926
2022-04-26,686035.0899280056,0.0,-0.39790254140874926
2022-04-27,686035.0899280056,0.0,-0.39790254140874926
2022-04-28,686035.0899280056,0.0,-0.39790254140874926
2022-04-29,686035.0899280056,0.0,-0.39790254140874926
2022-05-05,686035.0899280056,0.0,-0.39790254140874926
2022-05-06,686035.0899280056,0.0,-0.39790254140874926
2022-05-09,686035.0899280056,0.0,-0.39790254140874926
2022-05-10,686035.0899280056,0.0,-0.39790254140874926
2022-05-11,686035.0899280056,0.0,-0.39790254140874926
2022-05-12,686035.0899280056,0.0,-0.39790254140874926
2022-05-13,686035.0899280056,0.0,-0.39790254140874926
2022-05-16,686035.0899280056,0.0,-0.39790254140874926
2022-05-17,686035.0899280056,0.0,-0.39790254140874926
2022-05-18,686035.0899280056,0.0,-0.39790254140874926
2022-05-19,691342.5551900057,0.007736434097791012,-0.3932444540999106
2022-05-20,703446.9551900056,0.017508541762879304,-0.38262104928466023
2022-05-23,698835.7551900056,-0.006555149561709883,-0.38666806064285086
2022-05-24,687019.5551900057,-0.01690840789448056,-0.3970385272482143
2022-05-25,689469.2551900055,0.0035656918081790057,-0.39488855246417576
2022-05-26,690910.2551900056,0.0020900134257662017,-0.39362386141474104
2022-05-27,692351.2551900056,0.0020856543801099914,-0.39235917036530643
2022-05-30,695665.5551900056,0.004787021002930603,-0.389450380951607
2022-05-31,704887.9551900057,0.0132569449948996,-0.3813563582352256
2022-06-01,704023.3551900057,-0.0012265779172903057,-0.3821151728648863
2022-06-02,705608.4551900056,0.0022514878069237465,-0.3807240127105084
2022-06-06,717424.6551900057,0.016746114524404554,-0.3703535461051448
2022-06-07,718289.2551900058,0.0012051439739984016,-0.36959473147548405
2022-06-08,724341.4551900057,0.00842585345147473,-0.3642830290678588
2022-06-09,719442.0551900057,-0.006763937042254198,-0.36858297863593636
2022-06-10,727799.8551900057,0.01161705788493661,-0.36124777054921586
2022-06-13,720306.6551900057,-0.010295687676447618,-0.3678241640062757
2022-06-14,726070.6551900058,0.008002147361084289,-0.3627653998085373
2022-06-15,733131.5551900056,0.009724811145482848,-0.3565684136663081
2022-06-16,729240.8551900056,-0.005306960220790913,-0.35998307949978137
2022-06-17,738319.1551900058,0.012448973388407891,-0.3520155258883434
2022-06-20,741345.2551900056,0.004098634010411217,-0.3493596746845309
2022-06-21,741057.0551900057,-0.00038875274102356805,-0.3496126128944178
2022-06-22,733852.0551900057,-0.009722598212296374,-0.3559360681415906
2022-06-23,744659.5551900057,0.0147270828276167,-0.34645088527083134
2022-06-24,751576.3551900057,0.009288539913028027,-0.34038036823354534
2022-06-27,758493.1551900057,0.009203056951214705,-0.33430985119625944
2022-06-28,765986.3551900056,0.009879060804606654,-0.3277334577391997
2022-06-29,758060.8551900057,-0.01034679005219874,-0.33468925851108977
2022-06-30,765265.8551900056,0.009504513985482133,-0.32836580326391696
2022-07-01,763104.3551900057,-0.0028245086140203934,-0.3302628398380688
2022-07-04,767139.1551900057,0.005287350245819722,-0.326721704899652
2022-07-05,765698.1551900057,-0.0018784075747548812,-0.32798639594908663
2022-07-06,757196.2551900056,-0.011103461517274149,-0.33544807314075065
2022-07-07,759501.8551900056,0.0030449173304765154,-0.3334245674616553
2022-07-08,758925.4551900056,-0.0007589184885609113,-0.3339304438814291
2022-07-11,747973.8551900056,-0.014430402782125817,-0.3435420958571319
2022-07-12,742786.2551900058,-0.006935536535140119,-0.3480949836350963
2022-07-13,743794.9551900057,0.001357994972243981,-0.3472096999004921
2022-07-14,740891.3315440058,-0.0039037958320894406,-0.34975805995324893
2022-07-15,740891.3315440058,0.0,-0.34975805995324893
2022-07-18,740891.3315440058,0.0,-0.34975805995324893
2022-07-19,740891.3315440058,0.0,-0.34975805995324893
2022-07-20,740891.3315440058,0.0,-0.34975805995324893
2022-07-21,740891.3315440058,0.0,-0.34975805995324893
2022-07-22,740891.3315440058,0.0,-0.34975805995324893
2022-07-25,740891.3315440058,0.0,-0.34975805995324893
2022-07-26,740891.3315440058,0.0,-0.34975805995324893
2022-07-27,740891.3315440058,0.0,-0.34975805995324893
2022-07-28,740891.3315440058,0.0,-0.34975805995324893
2022-07-29,740891.3315440058,0.0,-0.34975805995324893
2022-08-01,740891.3315440058,0.0,-0.34975805995324893
2022-08-02,740891.3315440058,0.0,-0.34975805995324893
2022-08-03,740891.3315440058,0.0,-0.34975805995324893
2022-08-04,740891.3315440058,0.0,-0.34975805995324893
2022-08-05,740891.3315440058,0.0,-0.34975805995324893
2022-08-08,740891.3315440058,0.0,-0.34975805995324893
2022-08-09,740891.3315440058,0.0,-0.34975805995324893
2022-08-10,740891.3315440058,0.0,-0.34975805995324893
2022-08-11,740891.3315440058,0.0,-0.34975805995324893
2022-08-12,740891.3315440058,0.0,-0.34975805995324893
2022-08-15,740891.3315440058,0.0,-0.34975805995324893
2022-08-16,740891.3315440058,0.0,-0.34975805995324893
2022-08-17,740891.3315440058,0.0,-0.34975805995324893
2022-08-18,734714.0657520059,-0.008337613802454014,-0.35517952612751724
2022-08-19,730328.0657520058,-0.005969669296464142,-0.3590288911121253
2022-08-22,734275.4657520058,0.005404968239766994,-0.3555644626259782
2022-08-23,732228.6657520059,-0.002787509722803727,-0.3573608329521285
2022-08-24,720971.265752006,-0.015374159093373474,-0.3672408697459555
2022-08-25,719816.9378040058,-0.0016010734447178265,-0.368253963586308
2022-08-26,719816.9378040058,0.0,-0.368253963586308
2022-08-29,719816.9378040058,0.0,-0.368253963586308
2022-08-30,719816.9378040058,0.0,-0.368253963586308
2022-08-31,719816.9378040058,0.0,-0.368253963586308
2022-09-01,719816.9378040058,0.0,-0.368253963586308
2022-09-02,719816.9378040058,0.0,-0.368253963586308
2022-09-05,719816.9378040058,0.0,-0.368253963586308
2022-09-06,719816.9378040058,0.0,-0.368253963586308
2022-09-07,719816.9378040058,0.0,-0.368253963586308
2022-09-08,719816.9378040058,0.0,-0.368253963586308
2022-09-09,719816.9378040058,0.0,-0.368253963586308
2022-09-13,719816.9378040058,0.0,-0.368253963586308
2022-09-14,719816.9378040058,0.0,-0.368253963586308
2022-09-15,719816.9378040058,0.0,-0.368253963586308
2022-09-16,719816.9378040058,0.0,-0.368253963586308
2022-09-19,719816.9378040058,0.0,-0.368253963586308
2022-09-20,719816.9378040058,0.0,-0.368253963586308
2022-09-21,719816.9378040058,0.0,-0.368253963586308
2022-09-22,719816.9378040058,0.0,-0.368253963586308
2022-09-23,719816.9378040058,0.0,-0.368253963586308
2022-09-26,719816.9378040058,0.0,-0.368253963586308
2022-09-27,719816.9378040058,0.0,-0.368253963586308
2022-09-28,719816.9378040058,0.0,-0.368253963586308
2022-09-29,719816.9378040058,0.0,-0.368253963586308
2022-09-30,719816.9378040058,0.0,-0.368253963586308
2022-10-10,719816.9378040058,0.0,-0.368253963586308
2022-10-11,719816.9378040058,0.0,-0.368253963586308
2022-10-12,719816.9378040058,0.0,-0.368253963586308
2022-10-13,719816.9378040058,0.0,-0.368253963586308
2022-10-14,719816.9378040058,0.0,-0.368253963586308
2022-10-17,719816.9378040058,0.0,-0.368253963586308
2022-10-18,719816.9378040058,0.0,-0.368253963586308
2022-10-19,719816.9378040058,0.0,-0.368253963586308
2022-10-20,719816.9378040058,0.0,-0.368253963586308
2022-10-21,719816.9378040058,0.0,-0.368253963586308
2022-10-24,719816.9378040058,0.0,-0.368253963586308
2022-10-25,719816.9378040058,0.0,-0.368253963586308
2022-10-26,719816.9378040058,0.0,-0.368253963586308
2022-10-27,719816.9378040058,0.0,-0.368253963586308
2022-10-28,719816.9378040058,0.0,-0.368253963586308
2022-10-31,719816.9378040058,0.0,-0.368253963586308
2022-11-01,719816.9378040058,0.0,-0.368253963586308
2022-11-02,719816.9378040058,0.0,-0.368253963586308
2022-11-03,719816.9378040058,0.0,-0.368253963586308
2022-11-04,719816.9378040058,0.0,-0.368253963586308
2022-11-07,719816.9378040058,0.0,-0.368253963586308
2022-11-08,719816.9378040058,0.0,-0.368253963586308
2022-11-09,711773.7452180057,-0.011173941822677835,-0.37531305704390183
2022-11-10,708470.4452180057,-0.004640941060544912,-0.37821219232745307
2022-11-11,723885.8452180058,0.021758705820475788,-0.3646828943375475
2022-11-14,724200.4452180058,0.00043459891097219483,-0.36440678621530453
2022-11-15,735997.9452180058,0.01629037938032285,-0.3540527316311932
2022-11-16,731436.2452180058,-0.006197979260184949,-0.3580562994037163
2022-11-17,728762.1452180058,-0.0036559577372367036,-0.36040321844278156
2022-11-18,726717.2452180058,-0.002805990971701977,-0.36219792123736083
2022-11-21,721526.3452180058,-0.007142943193047313,-0.3667537052543698
2022-11-22,721211.7452180057,-0.0004360201149758991,-0.3670298133766129
2022-11-23,721683.6452180058,0.0006543154671689866,-0.36661565119324835
2022-11-24,718852.2452180058,-0.003923325710318171,-0.36910062429343504
2022-11-25,722155.5452180058,0.004595241959629792,-0.3662014890098839
2022-11-28,715077.0452180058,-0.00980190493152433,-0.3724139217603507
2022-11-29,733323.8452180058,0.025517250374660128,-0.35639965067025847
2022-11-30,733795.7452180057,0.0006435083259288543,-0.35598548848689415
2022-12-01,740874.2452180057,0.009646417339060687,-0.34977305573642736
2022-12-02,737256.3452180058,-0.004883284880466188,-0.35294829914222137
2022-12-05,748424.6452180059,0.015148462366502358,-0.3431464608025959
2022-12-06,752042.5452180059,0.0048340203961965145,-0.3399712173968018
2022-12-07,750154.9452180058,-0.0025099643790138515,-0.34162786613025975
2022-12-08,751570.6452180059,0.0018872101144233877,-0.34038537958016624
2022-12-09,756918.8452180058,0.007116030986612953,-0.33569154150203584
2022-12-12,750312.2452180058,-0.008728280504229136,-0.3414898120691382
2022-12-13,748581.9452180058,-0.00230610657233421,-0.3430084067414746
2022-12-14,750154.9452180058,0.0021013063567034695,-0.34162786613025975
2022-12-15,749840.3452180058,-0.00041938002542729613,-0.34190397425250263
2022-12-16,750469.5452180059,0.0008391119576489636,-0.34135175800801665
2022-12-19,741346.1452180058,-0.012156922366982736,-0.3493588935530628
2022-12-20,731436.2452180058,-0.013367439844292561,-0.3580562994037163
2022-12-21,730964.3452180058,-0.0006451690124534837,-0.35847046158708074
2022-12-22,732222.7452180058,0.0017215613979431055,-0.3573660290981089
2022-12-23,727101.5920380057,-0.006993982655476572,-0.36186059994441666
2022-12-26,727101.5920380057,0.0,-0.36186059994441666
2022-12-27,727101.5920380057,0.0,-0.36186059994441666
2022-12-28,727101.5920380057,0.0,-0.36186059994441666
2022-12-29,727101.5920380057,0.0,-0.36186059994441666
2022-12-30,727101.5920380057,0.0,-0.36186059994441666
2023-01-03,727101.5920380057,0.0,-0.36186059994441666
2023-01-04,727101.5920380057,0.0,-0.36186059994441666
2023-01-05,727101.5920380057,0.0,-0.36186059994441666
2023-01-06,727101.5920380057,0.0,-0.36186059994441666
2023-01-09,726167.4238360059,-0.0012847836013967218,-0.3626804709810132
2023-01-10,727071.6238360058,0.0012451673957274423,-0.36188690148281843
2023-01-11,727071.6238360057,-1.1102230246251565e-16,-0.36188690148281855
2023-01-12,727975.8238360059,0.0012436188820430516,-0.36109333198462357
2023-01-13,737319.2238360058,0.01283476688932561,-0.3528931138366105
2023-01-16,746813.3238360058,0.012876512225743486,-0.3445606341055648
2023-01-17,746210.5238360058,-0.0008071628889849691,-0.3450896804376946
2023-01-18,744854.2238360058,-0.00181758358623485,-0.3462800346849869
2023-01-19,749073.8238360056,0.005665001103529965,-0.34257671036007786
2023-01-20,752539.9238360057,0.0046271807793925035,-0.339534693950331
2023-01-30,756156.7238360058,0.004806123748974933,-0.3363604159575516
2023-01-31,749224.5238360057,-0.009167676199231312,-0.3424444487770453
2023-02-01,753896.2238360058,0.0062353805186208255,-0.3383443397030387
2023-02-02,752389.2238360059,-0.001998948863720096,-0.33966695553336324
2023-02-03,745909.1238360057,-0.008612696453787372,-0.3453542036037597
2023-02-06,737319.2238360058,-0.011516014116873086,-0.3528931138366105
2023-02-07,738826.2238360058,0.002043890829483086,-0.3515704980062857
2023-02-08,736264.3238360059,-0.0034675271631513516,-0.3538189449178376
2023-02-09,744402.1238360057,0.011052824015159501,-0.34667681943408435
2023-02-10,742149.9605600057,-0.003025465946274064,-0.34865342646879804
2023-02-13,742149.9605600057,0.0,-0.34865342646879804
2023-02-14,742149.9605600057,0.0,-0.34865342646879804
2023-02-15,742149.9605600057,0.0,-0.34865342646879804
2023-02-16,742149.9605600057,0.0,-0.34865342646879804
2023-02-17,742149.9605600057,0.0,-0.34865342646879804
2023-02-20,742149.9605600057,0.0,-0.34865342646879804
2023-02-21,742149.9605600057,0.0,-0.34865342646879804
2023-02-22,742149.9605600057,0.0,-0.34865342646879804
2023-02-23,742149.9605600057,0.0,-0.34865342646879804
2023-02-24,742149.9605600057,0.0,-0.34865342646879804
2023-02-27,742149.9605600057,0.0,-0.34865342646879804
2023-02-28,742149.9605600057,0.0,-0.34865342646879804
2023-03-01,742149.9605600057,0.0,-0.34865342646879804
2023-03-02,742149.9605600057,0.0,-0.34865342646879804
2023-03-03,742149.9605600057,0.0,-0.34865342646879804
2023-03-06,742149.9605600057,0.0,-0.34865342646879804
2023-03-07,732516.4655600059,-0.012980523495185192,-0.3571082459700281
2023-03-08,730116.4655600059,-0.003276376863645236,-0.3592146016387603
2023-03-09,728642.9075600059,-0.002018250607277783,-0.36050786715813754
2023-03-10,728642.9075600059,0.0,-0.36050786715813754
2023-03-13,728642.9075600059,0.0,-0.36050786715813754
2023-03-14,728642.9075600059,0.0,-0.36050786715813754
2023-03-15,728642.9075600059,0.0,-0.36050786715813754
2023-03-16,728642.9075600059,0.0,-0.36050786715813754
2023-03-17,728642.9075600059,0.0,-0.36050786715813754
2023-03-20,728642.9075600059,0.0,-0.36050786715813754
2023-03-21,728642.9075600059,0.0,-0.36050786715813754
2023-03-22,728642.9075600059,0.0,-0.36050786715813754
2023-03-23,728642.9075600059,0.0,-0.36050786715813754
2023-03-24,728642.9075600059,0.0,-0.36050786715813754
2023-03-27,728642.9075600059,0.0,-0.36050786715813754
2023-03-28,728642.9075600059,0.0,-0.36050786715813754
2023-03-29,728642.9075600059,0.0,-0.36050786715813754
2023-03-30,733278.5965200061,0.006362086163061109,-0.35643936310839786
2023-03-31,734783.5965200061,0.002052425922620005,-0.35511850257446376
2023-04-03,739298.5965200061,0.006144666295468948,-0.35115592097266146
2023-04-04,742308.596520006,0.004071426638936559,-0.3485141999047934
2023-04-06,740502.5965200061,-0.002432950404274603,-0.3500992325455142
2023-04-07,744867.0965200061,0.00589396988006663,-0.34626873699710525
2023-04-10,742609.596520006,-0.003030742008268472,-0.3482500277980065
2023-04-11,741104.5965200062,-0.002026636885723576,-0.3495708883319405
2023-04-12,740502.5965200061,-0.000812300993445314,-0.3500992325455142
2023-04-13,736740.0965200062,-0.005081008517298646,-0.35340138388034936
2023-04-14,739900.596520006,0.004289843887862688,-0.35062757675908796
2023-04-17,749081.0965200061,0.012407747801771007,-0.3425703275020898
2023-04-18,750134.5965200061,0.0014063897819531768,-0.341645725128336
2023-04-19,745168.0965200061,-0.006620811815693295,-0.3460045648903185
2023-04-20,742760.0965200061,-0.003231485635584175,-0.3481179417446131
2023-04-21,731773.5965200061,-0.014791451575648984,-0.35776022364233195
2023-04-24,724098.0965200061,-0.010488899895406578,-0.3644966123653959
2023-04-25,721238.5965200061,-0.003949050568897605,-0.36700624737987064
2023-04-26,718570.1592800061,-0.003699798170640478,-0.36934819650784145
2023-04-27,718570.1592800061,0.0,-0.36934819650784145
2023-04-28,718570.1592800061,0.0,-0.36934819650784145
2023-05-04,718570.1592800061,0.0,-0.36934819650784145
2023-05-05,718570.1592800061,0.0,-0.36934819650784145
2023-05-08,718570.1592800061,0.0,-0.36934819650784145
2023-05-09,718570.1592800061,0.0,-0.36934819650784145
2023-05-10,718570.1592800061,0.0,-0.36934819650784145
2023-05-11,718570.1592800061,0.0,-0.36934819650784145
2023-05-12,718570.1592800061,0.0,-0.36934819650784145
2023-05-15,718570.1592800061,0.0,-0.36934819650784145
2023-05-16,718570.1592800061,0.0,-0.36934819650784145
2023-05-17,718570.1592800061,0.0,-0.36934819650784145
2023-05-18,718570.1592800061,0.0,-0.36934819650784145
2023-05-19,718570.1592800061,0.0,-0.36934819650784145
2023-05-22,718570.1592800061,0.0,-0.36934819650784145
2023-05-23,718570.1592800061,0.0,-0.36934819650784145
2023-05-24,718570.1592800061,0.0,-0.36934819650784145
2023-05-25,718570.1592800061,0.0,-0.36934819650784145
2023-05-26,718570.1592800061,0.0,-0.36934819650784145
2023-05-29,718570.1592800061,0.0,-0.36934819650784145
2023-05-30,718570.1592800061,0.0,-0.36934819650784145
2023-05-31,718570.1592800061,0.0,-0.36934819650784145
2023-06-01,718570.1592800061,0.0,-0.36934819650784145
2023-06-02,718570.1592800061,0.0,-0.36934819650784145
2023-06-05,718570.1592800061,0.0,-0.36934819650784145
2023-06-06,718570.1592800061,0.0,-0.36934819650784145
2023-06-07,718570.1592800061,0.0,-0.36934819650784145
2023-06-08,718570.1592800061,0.0,-0.36934819650784145
2023-06-09,718570.1592800061,0.0,-0.36934819650784145
2023-06-12,718570.1592800061,0.0,-0.36934819650784145
2023-06-13,718570.1592800061,0.0,-0.36934819650784145
2023-06-14,718570.1592800061,0.0,-0.36934819650784145
2023-06-15,718570.1592800061,0.0,-0.36934819650784145
2023-06-16,721396.1212120062,0.003932757150438393,-0.36686799611822074
2023-06-19,716890.1212120061,-0.00624622155221688,-0.3708226788862654
2023-06-20,715838.721212006,-0.001466612482011187,-0.3717454381988091
2023-06-21,707577.721212006,-0.011540308948380318,-0.37899568994022415
2023-06-26,700968.9212120061,-0.009340034037080391,-0.3847958913333561
2023-06-27,704874.1212120061,0.005571145712491399,-0.3813684996010509
2023-06-28,706075.721212006,0.001704701540090392,-0.38031391752957233
2023-06-29,703372.1212120061,-0.0038290510759372287,-0.3826867271903991
2023-06-30,700878.1283160062,-0.0035457659193293134,-0.384875575554677
2023-07-03,700878.1283160062,0.0,-0.384875575554677
2023-07-04,700557.8006160063,-0.00045703766041260696,-0.3851567105824881
2023-07-05,696588.8006160063,-0.005665485412495674,-0.3886400962696539
2023-07-06,692472.8006160061,-0.005908794393995831,-0.3922524962415296
2023-07-07,690855.8006160061,-0.002335109766855137,-0.39367165337333776
2023-07-10,693207.8006160061,0.0034044731156672725,-0.3916074248179804
2023-07-11,697029.8006160063,0.005513498256372484,-0.3882530534155243
2023-07-12,695313.5697360062,-0.0024622058891646814,-0.3897593003500832
2023-07-13,695313.5697360062,0.0,-0.3897593003500832
2023-07-14,695313.5697360062,0.0,-0.3897593003500832
2023-07-17,690498.4900800063,-0.006925047727499467,-0.39398524632042153
2023-07-18,689627.8900800064,-0.0012608282458358433,-0.394749326839254
2023-07-19,689337.6900800063,-0.0004208066468519567,-0.3950040203455317
2023-07-20,685274.8900800063,-0.0058937731948595085,-0.39856972943341695
2023-07-21,685565.0900800063,0.00042347969289524556,-0.39831503592713946
2023-07-24,683098.3900800063,-0.003598053686940328,-0.40047993073049837
2023-07-25,687642.5448200064,0.0066522697256947705,-0.39649176152375054
2023-07-26,685479.0046600064,-0.003146315155014623,-0.39839058864064447
2023-07-27,684909.4046600063,-0.0008309517813497314,-0.3988904970526903
2023-07-28,698579.8046600064,0.019959428074704633,-0.38689269516359204
2023-07-31,700858.2046600062,0.0032614741863439267,-0.38489306151540925
2023-08-01,698295.0046600063,-0.003657230496778463,-0.38714264936961507
2023-08-02,694165.4046600063,-0.00591383293943315,-0.39076698535694676
2023-08-03,699291.8046600063,0.007384983414019164,-0.386267809648535
2023-08-04,702282.2046600063,0.004276326392033125,-0.3836432904852948
2023-08-07,697867.8046600064,-0.006285792193947204,-0.3875175806786493
2023-08-08,695731.8046600063,-0.0030607516004277358,-0.389392237223821
2023-08-09,694592.6046600064,-0.001637412566695362,-0.39039205404791244
2023-08-10,695304.6046600064,0.0010250613024429533,-0.3897671685328552
2023-08-11,681776.6046600062,-0.01945622092725119,-0.40163999331894207
2023-08-14,677931.8046600063,-0.005639383888682015,-0.40501437510025085
2023-08-15,677362.2046600062,-0.0008402025042707484,-0.4055142835122967
2023-08-16,672711.4320520064,-0.006866005478316062,-0.40959602569848186
2023-08-17,672711.4320520064,0.0,-0.40959602569848186
2023-08-18,672711.4320520064,0.0,-0.40959602569848186
2023-08-21,672711.4320520064,0.0,-0.40959602569848186
2023-08-22,672711.4320520064,0.0,-0.40959602569848186
2023-08-23,672711.4320520064,0.0,-0.40959602569848186
2023-08-24,672711.4320520064,0.0,-0.40959602569848186
2023-08-25,672711.4320520064,0.0,-0.40959602569848186
2023-08-28,672711.4320520064,0.0,-0.40959602569848186
2023-08-29,672711.4320520064,0.0,-0.40959602569848186
2023-08-30,672711.4320520064,0.0,-0.40959602569848186
2023-08-31,672711.4320520064,0.0,-0.40959602569848186
2023-09-01,672711.4320520064,0.0,-0.40959602569848186
2023-09-04,672711.4320520064,0.0,-0.40959602569848186
2023-09-05,672711.4320520064,0.0,-0.40959602569848186
2023-09-06,672711.4320520064,0.0,-0.40959602569848186
2023-09-07,664707.7628020064,-0.011897626335241385,-0.4166204315715628
2023-09-08,661715.2628020064,-0.004501978414371832,-0.41924679379601315
2023-09-11,665705.2628020063,0.006029783842531389,-0.4157449774967461
2023-09-12,664992.7628020064,-0.0010702934764266203,-0.41637030183590085
2023-09-13,662631.4722520063,-0.0035508515010759245,-0.4184426842256994
2023-09-14,662631.4722520063,0.0,-0.4184426842256994
2023-09-15,662631.4722520063,0.0,-0.4184426842256994
2023-09-18,662631.4722520063,0.0,-0.4184426842256994
2023-09-19,662631.4722520063,0.0,-0.4184426842256994
2023-09-20,662631.4722520063,0.0,-0.4184426842256994
2023-09-21,662631.4722520063,0.0,-0.4184426842256994
2023-09-22,662631.4722520063,0.0,-0.4184426842256994
2023-09-25,662631.4722520063,0.0,-0.4184426842256994
2023-09-26,662631.4722520063,0.0,-0.4184426842256994
2023-09-27,662631.4722520063,0.0,-0.4184426842256994
2023-09-28,662631.4722520063,0.0,-0.4184426842256994
2023-10-09,662631.4722520063,0.0,-0.4184426842256994
2023-10-10,662631.4722520063,0.0,-0.4184426842256994
2023-10-11,662631.4722520063,0.0,-0.4184426842256994
2023-10-12,662631.4722520063,0.0,-0.4184426842256994
2023-10-13,662631.4722520063,0.0,-0.4184426842256994
2023-10-16,662631.4722520063,0.0,-0.4184426842256994
2023-10-17,662631.4722520063,0.0,-0.4184426842256994
2023-10-18,662631.4722520063,0.0,-0.4184426842256994
2023-10-19,662631.4722520063,0.0,-0.4184426842256994
2023-10-20,662631.4722520063,0.0,-0.4184426842256994
2023-10-23,662631.4722520063,0.0,-0.4184426842256994
2023-10-24,662631.4722520063,0.0,-0.4184426842256994
2023-10-25,662631.4722520063,0.0,-0.4184426842256994
2023-10-26,662631.4722520063,0.0,-0.4184426842256994
2023-10-27,662631.4722520063,0.0,-0.4184426842256994
2023-10-30,662631.4722520063,0.0,-0.4184426842256994
2023-10-31,662631.4722520063,0.0,-0.4184426842256994
2023-11-01,662631.4722520063,0.0,-0.4184426842256994
2023-11-02,662631.4722520063,0.0,-0.4184426842256994
2023-11-03,662631.4722520063,0.0,-0.4184426842256994
2023-11-06,662631.4722520063,0.0,-0.4184426842256994
2023-11-07,660712.2327760063,-0.002896390461921916,-0.4201271012881689
2023-11-08,659102.9327760063,-0.002435704865397348,-0.42153950052887335
2023-11-09,659541.8327760063,0.0006659050933841559,-0.42115430073595395
2023-11-10,655591.7327760063,-0.005989157629886832,-0.42462109887222843
2023-11-13,654860.2327760063,-0.001115785882324305,-0.4252630985270941
2023-11-14,654860.2327760063,0.0,-0.4252630985270941
2023-11-15,658517.7327760065,0.00558516125570141,-0.42205310025276577
2023-11-16,653250.9327760063,-0.007997962299052697,-0.42667549776779856
2023-11-17,652519.4327760063,-0.0011197840880096122,-0.4273174974226642
2023-11-20,654128.7327760063,0.0024662867022267054,-0.42590509818195976
2023-11-21,654860.2327760063,0.0011182814075383352,-0.4252630985270941
2023-11-22,649154.5327760063,-0.008712851558893897,-0.4302706958350462
2023-11-23,646624.8975140062,-0.003896815217760974,-0.4324908256575205
2023-11-24,646624.8975140062,0.0,-0.4324908256575205
2023-11-27,646624.8975140062,0.0,-0.4324908256575205
2023-11-28,646624.8975140062,0.0,-0.4324908256575205
2023-11-29,646624.8975140062,0.0,-0.4324908256575205
2023-11-30,646624.8975140062,0.0,-0.4324908256575205
2023-12-01,646624.8975140062,0.0,-0.4324908256575205
2023-12-04,646624.8975140062,0.0,-0.4324908256575205
2023-12-05,646624.8975140062,0.0,-0.4324908256575205
2023-12-06,646624.8975140062,0.0,-0.4324908256575205
2023-12-07,646624.8975140062,0.0,-0.4324908256575205
2023-12-08,646624.8975140062,0.0,-0.4324908256575205
2023-12-11,646624.8975140062,0.0,-0.4324908256575205
2023-12-12,646624.8975140062,0.0,-0.4324908256575205
2023-12-13,646624.8975140062,0.0,-0.4324908256575205
2023-12-14,646624.8975140062,0.0,-0.4324908256575205
2023-12-15,646624.8975140062,0.0,-0.4324908256575205
2023-12-18,646624.8975140062,0.0,-0.4324908256575205
2023-12-19,646624.8975140062,0.0,-0.4324908256575205
2023-12-20,646624.8975140062,0.0,-0.4324908256575205
2023-12-21,646624.8975140062,0.0,-0.4324908256575205
2023-12-22,646624.8975140062,0.0,-0.4324908256575205
2023-12-25,646624.8975140062,0.0,-0.4324908256575205
2023-12-26,646624.8975140062,0.0,-0.4324908256575205
2023-12-27,646624.8975140062,0.0,-0.4324908256575205
2023-12-28,646624.8975140062,0.0,-0.4324908256575205
2023-12-29,646624.8975140062,0.0,-0.4324908256575205
2024-01-02,637626.5433380062,-0.013915879531695707,-0.4403882149608025
2024-01-03,636128.5433380062,-0.0023493375795773375,-0.44170293195736954
2024-01-04,631634.5433380062,-0.007064609892237006,-0.44564708294707034
2024-01-05,629087.9433380063,-0.004031761762968045,-0.4478821018412342
2024-01-08,622047.3433380062,-0.011191757964143956,-0.454061271725099
2024-01-09,620105.0874700063,-0.0031223602010377327,-0.45576588908246973
2024-01-10,620105.0874700063,0.0,-0.45576588908246973
2024-01-11,620105.0874700063,0.0,-0.45576588908246973
2024-01-12,620105.0874700063,0.0,-0.45576588908246973
2024-01-15,620105.0874700063,0.0,-0.45576588908246973
2024-01-16,620105.0874700063,0.0,-0.45576588908246973
2024-01-17,620105.0874700063,0.0,-0.45576588908246973
2024-01-18,620105.0874700063,0.0,-0.45576588908246973
2024-01-19,620105.0874700063,0.0,-0.45576588908246973
2024-01-22,620105.0874700063,0.0,-0.45576588908246973
2024-01-23,620105.0874700063,0.0,-0.45576588908246973
2024-01-24,620105.0874700063,0.0,-0.45576588908246973
2024-01-25,620105.0874700063,0.0,-0.45576588908246973
2024-01-26,620105.0874700063,0.0,-0.45576588908246973
2024-01-29,620105.0874700063,0.0,-0.45576588908246973
2024-01-30,612829.0948300062,-0.011733483222473917,-0.4621516508920186
2024-01-31,609712.6948300062,-0.005085267697455653,-0.46488675372786725
2024-02-01,609119.0948300062,-0.0009735732994134993,-0.4654077256966004
2024-02-02,606910.1578620062,-0.0036264451184484514,-0.4673463952401081
2024-02-05,606910.1578620062,0.0,-0.4673463952401081
2024-02-06,606910.1578620062,0.0,-0.4673463952401081
2024-02-07,606910.1578620062,0.0,-0.4673463952401081
2024-02-08,606910.1578620062,0.0,-0.4673463952401081
2024-02-19,607474.4673220062,0.0009298072419614556,-0.4668511300609456
2024-02-20,609190.4673220061,0.0028248100822487743,-0.4653450857578022
2024-02-21,616054.4673220062,0.01126741202989301,-0.4593209085452282
2024-02-22,619772.4673220062,0.0060351806491432125,-0.45605781255508404
2024-02-23,620201.4673220061,0.0006921895092462105,-0.4556813014792983
2024-02-26,615196.4673220062,-0.008069958334041338,-0.4600739306968
2024-02-27,621059.4673220064,0.009530288796231412,-0.4549282793277264
2024-02-28,615911.4673220062,-0.008289061307121148,-0.4594464122371569
2024-02-29,623776.4673220062,0.012769692427057944,-0.45254370918108267
2024-03-01,627637.4673220062,0.006189717314242449,-0.44915510949900983
2024-03-04,627208.4673220062,-0.0006835155999058706,-0.4495316205747958
2024-03-05,631355.4673220062,0.006611836759325751,-0.44589201350886576
2024-03-06,629353.4673220062,-0.0031709553549790215,-0.44764906519586645
2024-03-07,626636.4673220062,-0.004317128833120187,-0.4500336353425103
2024-03-08,628066.4673220062,0.002282024865407628,-0.448778598423224
2024-03-11,634930.4673220062,0.010928779607144445,-0.4427544212106501
2024-03-12,635645.4673220062,0.0011261075610620175,-0.4421269027510071
2024-03-13,632642.4673220062,-0.00472433165086783,-0.4447624802815081
2024-03-14,630783.4673220062,-0.002938468560084506,-0.44639402827658015
2024-03-15,632070.4673220064,0.002040319803345625,-0.4452644950492225
2024-03-18,636503.4673220062,0.007013458513228654,-0.4413738805994353
2024-03-19,633214.4673220062,-0.005167293139561324,-0.4442604655137936
2024-03-20,633643.4673220062,0.0006774955755737277,-0.44388395443800777
2024-03-21,633357.4673220062,-0.0004513579240527088,-0.44413496182186496
2024-03-22,628924.4673220062,-0.006999206970344618,-0.4480255762716523
2024-03-25,626207.4673220062,-0.004320073619601961,-0.45041014641829613
2024-03-26,627780.4673220062,0.0025119470496366425,-0.4490296058070813
2024-03-27,622346.4673220062,-0.008655892119709296,-0.45379874610036885
2024-03-28,619882.7203220061,-0.0039588029005800385,-0.45596104920860725
2024-03-29,619882.7203220061,0.0,-0.45596104920860725
2024-04-01,619882.7203220061,0.0,-0.45596104920860725
2024-04-02,619882.7203220061,0.0,-0.45596104920860725
2024-04-03,619882.7203220061,0.0,-0.45596104920860725
2024-04-08,619882.7203220061,0.0,-0.45596104920860725
2024-04-09,617766.6032100063,-0.003413737861414523,-0.45781825557300804
2024-04-10,614121.4032100062,-0.005900610329304112,-0.46101745877453404
2024-04-11,609744.8639300063,-0.007126505047900578,-0.46485852057530763
2024-04-12,609744.8639300063,0.0,-0.46485852057530763
2024-04-15,609744.8639300063,0.0,-0.46485852057530763
2024-04-16,609744.8639300063,0.0,-0.46485852057530763
2024-04-17,609744.8639300063,0.0,-0.46485852057530763
2024-04-18,609744.8639300063,0.0,-0.46485852057530763
2024-04-19,609744.8639300063,0.0,-0.46485852057530763
2024-04-22,607387.5544440063,-0.0038660587820393832,-0.466927408991471
2024-04-23,603940.0544440063,-0.005675947712092677,-0.46995310114478517
2024-04-24,605870.6544440063,0.0031966748782332743,-0.4682587135389292
2024-04-25,602389.4902960064,-0.005745721669247028,-0.47131395097098194
2024-04-26,602389.4902960064,0.0,-0.47131395097098194
2024-04-29,602389.4902960064,0.0,-0.47131395097098194
2024-04-30,598635.9455560063,-0.006231092674202743,-0.4746082427380398
2024-05-06,605310.9455560064,0.011150349472917931,-0.4687499410343785
2024-05-07,605577.9455560064,0.0004410956087284035,-0.4685156089662321
2024-05-08,601706.4455560064,-0.006393066373058587,-0.47191342395435554
2024-05-09,606378.9455560064,0.007765414571357043,-0.46781261276179276
2024-05-10,606645.9455560065,0.0004403187181165613,-0.46757828069364615
2024-05-13,606245.4455560064,-0.0006601873843120609,-0.46792977879586595
2024-05-14,605444.4455560064,-0.0013212470392505171,-0.4686327750003053
2024-05-15,601973.4455560064,-0.005732978517644871,-0.47167909188620916
2024-05-16,603575.4455560063,0.002661246956699559,-0.47027309947733054
2024-05-17,609048.9455560065,0.009068460356199681,-0.46546929208032817
2024-05-20,610116.9455560064,0.001753553647523276,-0.4645319638077424
2024-05-21,608514.9455560064,-0.0026257261196704906,-0.46593795621662115
2024-05-22,609582.9455560064,0.0017550924719262895,-0.4650006279440354
2024-05-23,604643.4455560064,-0.00810308102615076,-0.4693357712047447
2024-05-24,599169.9455560064,-0.00905244246047654,-0.4741395786017468
2024-05-27,603174.9455560064,0.0066842471484171995,-0.4706245975795501
2024-05-28,600104.4455560064,-0.005090562899905615,-0.47331941636323427
2024-05-29,597918.1934860063,-0.0036431192706370963,-0.4752381765469518
2024-05-30,597918.1934860063,0.0,-0.4752381765469518
2024-05-31,597918.1934860063,0.0,-0.4752381765469518
2024-06-03,597918.1934860063,0.0,-0.4752381765469518
2024-06-04,597918.1934860063,0.0,-0.4752381765469518
2024-06-05,597918.1934860063,0.0,-0.4752381765469518
2024-06-06,597918.1934860063,0.0,-0.4752381765469518
2024-06-07,597918.1934860063,0.0,-0.4752381765469518
2024-06-11,597918.1934860063,0.0,-0.4752381765469518
2024-06-12,597918.1934860063,0.0,-0.4752381765469518
2024-06-13,597918.1934860063,0.0,-0.4752381765469518
2024-06-14,597918.1934860063,0.0,-0.4752381765469518
2024-06-17,597918.1934860063,0.0,-0.4752381765469518
2024-06-18,597918.1934860063,0.0,-0.4752381765469518
2024-06-19,597918.1934860063,0.0,-0.4752381765469518
2024-06-20,597918.1934860063,0.0,-0.4752381765469518
2024-06-21,597918.1934860063,0.0,-0.4752381765469518
2024-06-24,597918.1934860063,0.0,-0.4752381765469518
2024-06-25,597918.1934860063,0.0,-0.4752381765469518
2024-06-26,597918.1934860063,0.0,-0.4752381765469518
2024-06-27,597918.1934860063,0.0,-0.4752381765469518
2024-06-28,597918.1934860063,0.0,-0.4752381765469518
2024-07-01,597918.1934860063,0.0,-0.4752381765469518
2024-07-02,597918.1934860063,0.0,-0.4752381765469518
2024-07-03,597918.1934860063,0.0,-0.4752381765469518
2024-07-04,597918.1934860063,0.0,-0.4752381765469518
2024-07-05,597918.1934860063,0.0,-0.4752381765469518
2024-07-08,597918.1934860063,0.0,-0.4752381765469518
2024-07-09,597918.1934860063,0.0,-0.4752381765469518
2024-07-10,597918.1934860063,0.0,-0.4752381765469518
2024-07-11,597918.1934860063,0.0,-0.4752381765469518
2024-07-12,597918.1934860063,0.0,-0.4752381765469518
2024-07-15,597918.1934860063,0.0,-0.4752381765469518
2024-07-16,600613.7718900064,0.00450827292657574,-0.4728724070253778
2024-07-17,601290.7718900064,0.001127180280714457,-0.4722782391971563
2024-07-18,604134.1718900063,0.004728826938524833,-0.46978273431862605
2024-07-19,607248.3718900064,0.005154815179974737,-0.467049562308807
2024-07-22,603321.7718900064,-0.006466217419041853,-0.4704957357124918
2024-07-23,593843.7718900064,-0.01570969330397043,-0.47881408530759306
2024-07-24,590864.9718900063,-0.005016134109682602,-0.48142842375176775
2024-07-25,588156.9718900064,-0.004583111419412367,-0.48380509506465375
2024-07-26,590187.9718900063,0.003453159780582693,-0.4820225915799893
2024-07-29,587587.9479740064,-0.004405416646621307,-0.48430449787761654
2024-07-30,587587.9479740064,0.0,-0.48430449787761654
2024-07-31,587587.9479740064,0.0,-0.48430449787761654
2024-08-01,587587.9479740064,0.0,-0.48430449787761654
2024-08-02,587587.9479740064,0.0,-0.48430449787761654
2024-08-05,587587.9479740064,0.0,-0.48430449787761654
2024-08-06,587587.9479740064,0.0,-0.48430449787761654
2024-08-07,587587.9479740064,0.0,-0.48430449787761654
2024-08-08,587587.9479740064,0.0,-0.48430449787761654
2024-08-09,587587.9479740064,0.0,-0.48430449787761654
2024-08-12,587587.9479740064,0.0,-0.48430449787761654
2024-08-13,587587.9479740064,0.0,-0.48430449787761654
2024-08-14,587587.9479740064,0.0,-0.48430449787761654
2024-08-15,587587.9479740064,0.0,-0.48430449787761654
2024-08-16,587587.9479740064,0.0,-0.48430449787761654
2024-08-19,587587.9479740064,0.0,-0.48430449787761654
2024-08-20,587587.9479740064,0.0,-0.48430449787761654
2024-08-21,587587.9479740064,0.0,-0.48430449787761654
2024-08-22,587587.9479740064,0.0,-0.48430449787761654
2024-08-23,587587.9479740064,0.0,-0.48430449787761654
2024-08-26,587587.9479740064,0.0,-0.48430449787761654
2024-08-27,587587.9479740064,0.0,-0.48430449787761654
2024-08-28,587587.9479740064,0.0,-0.48430449787761654
2024-08-29,587587.9479740064,0.0,-0.48430449787761654
2024-08-30,587587.9479740064,0.0,-0.48430449787761654
2024-09-02,587587.9479740064,0.0,-0.48430449787761654
2024-09-03,587587.9479740064,0.0,-0.48430449787761654
2024-09-04,587587.9479740064,0.0,-0.48430449787761654
2024-09-05,587587.9479740064,0.0,-0.48430449787761654
2024-09-06,587587.9479740064,0.0,-0.48430449787761654
2024-09-09,587587.9479740064,0.0,-0.48430449787761654
2024-09-10,587587.9479740064,0.0,-0.48430449787761654
2024-09-11,587587.9479740064,0.0,-0.48430449787761654
2024-09-12,587587.9479740064,0.0,-0.48430449787761654
2024-09-13,587587.9479740064,0.0,-0.48430449787761654
2024-09-18,587587.9479740064,0.0,-0.48430449787761654
2024-09-19,587587.9479740064,0.0,-0.48430449787761654
2024-09-20,587587.9479740064,0.0,-0.48430449787761654
2024-09-23,587587.9479740064,0.0,-0.48430449787761654
2024-09-24,587587.9479740064,0.0,-0.48430449787761654
2024-09-25,587587.9479740064,0.0,-0.48430449787761654
2024-09-26,609264.1117400066,0.03689007550399781,-0.46528045186724976
2024-09-27,640110.4117400066,0.0506287821744591,-0.4382082523404116
2024-09-30,689141.2117400066,0.07659741054159697,-0.39517645920604894
2024-10-08,713252.5117400066,0.034987459158220435,-0.37401522027459033
2024-10-09,660719.5117400066,-0.07365273747419931,-0.42012071291855035
2024-10-10,669340.3117400067,0.01304759409525702,-0.4125546833564646
2024-10-11,654658.0117400066,-0.021935478474069736,-0.4254405774543919
2024-10-14,663144.1117400066,0.012962645912550474,-0.41799276710421374
2024-10-15,648461.8117400067,-0.022140436354739612,-0.430878661202141
2024-10-16,645094.3117400066,-0.005193058309731713,-0.4338341414998309
2024-10-17,639302.2117400066,-0.008978687138593733,-0.4389175676118573
2024-10-18,659911.3117400067,0.03223686641707024,-0.42083002818999593
2024-10-21,659911.3117400067,0.0,-0.42083002818999593
2024-10-22,663144.1117400066,0.004898840105461932,-0.41799276710421374
2024-10-23,665164.6117400066,0.0030468490396431402,-0.41621947892559996
2024-10-24,659237.8117400067,-0.008910275585010452,-0.4214211242495338
2024-10-25,663144.1117400066,0.0059254792890133245,-0.41799276710421374
2024-10-28,663952.3117400067,0.0012187396158573893,-0.41728345183276816
2024-10-29,659507.2117400066,-0.006694908536956423,-0.4211846858257188
2024-10-30,653849.8117400067,-0.008578223102479465,-0.4261498927258375
2024-10-31,653849.8117400067,0.0,-0.4261498927258375
2024-11-01,650775.2869340067,-0.004702188103133498,-0.42884824387324394
2024-11-04,650775.2869340067,0.0,-0.42884824387324394
2024-11-05,650775.2869340067,0.0,-0.42884824387324394
2024-11-06,645984.6591580068,-0.00736141625563258,-0.43305272969522846
2024-11-07,663602.8591580068,0.0272734030912809,-0.41759014826070506
2024-11-08,656658.4591580068,-0.010464692706133372,-0.4236848883881814
2024-11-11,659359.0591580068,0.0041126402353253155,-0.4213147116719407
2024-11-12,653443.4591580069,-0.008971742964378193,-0.42650652733608707
2024-11-13,656787.0591580069,0.005116892598953093,-0.42357202283026507
2024-11-14,647656.4591580068,-0.013901918243799494,-0.43158547744231746
2024-11-15,638783.0591580068,-0.013700782065133699,-0.43937320093853727
2024-11-18,636596.8591580068,-0.0034224451770552555,-0.4412919154231132
2024-11-19,639168.8591580068,0.004040233568544327,-0.4390346042647886
2024-11-20,640454.8591580068,0.0020119878832864924,-0.43790594868562627
2024-11-21,637375.4112740068,-0.004808220032944233,-0.4406086205635549
2024-11-22,637375.4112740068,0.0,-0.4406086205635549
2024-11-25,637375.4112740068,0.0,-0.4406086205635549
2024-11-26,637375.4112740068,0.0,-0.4406086205635549
2024-11-27,637375.4112740068,0.0,-0.4406086205635549
2024-11-28,637375.4112740068,0.0,-0.4406086205635549
2024-11-29,637375.4112740068,0.0,-0.4406086205635549
2024-12-02,637375.4112740068,0.0,-0.4406086205635549
2024-12-03,637375.4112740068,0.0,-0.4406086205635549
2024-12-04,637375.4112740068,0.0,-0.4406086205635549
2024-12-05,637375.4112740068,0.0,-0.4406086205635549
2024-12-06,637375.4112740068,0.0,-0.4406086205635549
2024-12-09,637375.4112740068,0.0,-0.4406086205635549
2024-12-10,637375.4112740068,0.0,-0.4406086205635549
2024-12-11,635563.0640880069,-0.0028434532521067757,-0.44219922380061394
2024-12-12,640909.6640880068,0.00841238313254089,-0.4375067899595959
2024-12-13,628561.5640880069,-0.019266521776623358,-0.44834407764004225
2024-12-16,625506.3640880069,-0.004860621734694814,-0.45102546840633817
2024-12-17,626906.6640880068,0.0022386662716717964,-0.44979649763845253
2024-12-18,629070.7640880068,0.0034520290243655882,-0.44789717917899297
2024-12-19,629834.5640880069,0.001214171828677113,-0.44722683148741893
2024-12-20,628306.9640880069,-0.0024253988064499854,-0.4485675268705669
2024-12-23,626156.6430400069,-0.003422405242827775,-0.4504547522576705
2024-12-24,626156.6430400069,0.0,-0.4504547522576705
2024-12-25,624746.617910007,-0.002251872827147783,-0.4516922582683497
2024-12-26,624872.117910007,0.00020088143961438654,-0.4515821134198389
2024-12-27,624119.117910007,-0.0012050465661974652,-0.45224298251090356
2024-12-30,626503.617910007,0.0038205847755232725,-0.45015023038919866
2024-12-31,618471.617910007,-0.012820356930730026,-0.4571995006938888
2025-01-02,604290.1179100069,-0.02292991236675257,-0.46964586857560753
2025-01-03,602312.780070007,-0.0032721664336308187,-0.47138127556239184
2025-01-06,602312.780070007,0.0,-0.47138127556239184
2025-01-07,602312.780070007,0.0,-0.47138127556239184
2025-01-08,602312.780070007,0.0,-0.47138127556239184
2025-01-09,602312.780070007,0.0,-0.47138127556239184
2025-01-10,602312.780070007,0.0,-0.47138127556239184
2025-01-13,602312.780070007,0.0,-0.47138127556239184
2025-01-14,602312.780070007,0.0,-0.47138127556239184
2025-01-15,602312.780070007,0.0,-0.47138127556239184
2025-01-16,602312.780070007,0.0,-0.47138127556239184
2025-01-17,602312.780070007,0.0,-0.47138127556239184
2025-01-20,602312.780070007,0.0,-0.47138127556239184
2025-01-21,602312.780070007,0.0,-0.47138127556239184
2025-01-22,602312.780070007,0.0,-0.47138127556239184
2025-01-23,602312.780070007,0.0,-0.47138127556239184
2025-01-24,602312.780070007,0.0,-0.47138127556239184
2025-01-27,597311.912510007,-0.008302775111991956,-0.47577027795138527
2025-02-05,594823.912510007,-0.004165327943226549,-0.47795386666130424
2025-02-06,600421.9125100072,0.009411188558943406,-0.4730407920639865
2025-02-07,607388.3125100072,0.011602507927929606,-0.46692674367621345
2025-02-10,607885.912510007,0.0008192452665800598,-0.4664900259342297
2025-02-11,605895.512510007,-0.003274298612681248,-0.46823689690216497
2025-02-12,610622.7125100071,0.007802005300248771,-0.4640880783533188
2025-02-13,609378.7125100071,-0.0020372645407938927,-0.4651798727082783
2025-02-14,613110.7125100071,0.006124270381267616,-0.4619044896433999
2025-02-17,613981.5125100071,0.0014202981325104336,-0.4611402335949282
2025-02-18,610373.912510007,-0.005875746950835592,-0.46430643722431075
2025-02-19,612986.3125100071,0.0042799994338833525,-0.46201366907889585
2025-02-20,611493.512510007,-0.002435290918466726,-0.46332382230484725
2025-02-21,618211.1125100071,0.010985562172894037,-0.45742813278806593
2025-02-24,616593.9125100072,-0.0026159348599120724,-0.45884746544951327
2025-02-25,611493.512510007,-0.00827189483470181,-0.46332382230484725
2025-02-26,615598.7125100071,0.0067133991056576026,-0.45972090093348095
2025-02-27,617215.912510007,0.002627036033597374,-0.4583015682720336
2025-02-28,608134.7125100072,-0.014713165710633858,-0.46627166706323764
2025-03-03,606517.5125100071,-0.002659279213523713,-0.4676909997246851
2025-03-04,606019.9125100072,-0.0008204214878161364,-0.4681277174666688
2025-03-05,608134.7125100071,0.003489654310599999,-0.46627166706323775
2025-03-06,608770.4910540071,0.001045456756408214,-0.4657136771714825
2025-03-07,608770.4910540071,0.0,-0.4657136771714825
2025-03-10,608770.4910540071,0.0,-0.4657136771714825
2025-03-11,608770.4910540071,0.0,-0.4657136771714825
2025-03-12,605793.0640360072,-0.004890885911445708,-0.46832681062048265
2025-03-13,603335.0640360073,-0.004057491156507886,-0.4704840698845424
2025-03-14,602243.0410020072,-0.001809977737237678,-0.47144248192956406
2025-03-17,598020.4240460072,-0.007011483186214029,-0.4751484540804619
2025-03-18,599098.624046007,0.00180294845568163,-0.47420217379628415
2025-03-19,599817.4240460072,0.001199802455137844,-0.4735713202734988
2025-03-20,595864.0240460072,-0.006591005598558297,-0.47704101464881776
2025-03-21,587957.2240460071,-0.013269470350486423,-0.4839804033994558
2025-03-24,589993.8240460071,0.0034638574316430137,-0.4821929850848975
2025-03-25,590233.4240460071,0.000406105945917945,-0.4819827005773024
2025-03-26,588316.6240460072,-0.003247528726618709,-0.48366497663806307
2025-03-27,586174.0968860072,-0.003641792654549225,-0.4855453617334291
2025-03-28,586174.0968860072,0.0,-0.4855453617334291
2025-03-31,586174.0968860072,0.0,-0.4855453617334291
2025-04-01,586174.0968860072,0.0,-0.4855453617334291
2025-04-02,586174.0968860072,0.0,-0.4855453617334291
2025-04-03,586174.0968860072,0.0,-0.4855453617334291
2025-04-07,586174.0968860072,0.0,-0.4855453617334291
2025-04-08,586174.0968860072,0.0,-0.4855453617334291
2025-04-09,586174.0968860072,0.0,-0.4855453617334291
2025-04-10,586174.0968860072,0.0,-0.4855453617334291
2025-04-11,586174.0968860072,0.0,-0.4855453617334291
2025-04-14,586174.0968860072,0.0,-0.4855453617334291
2025-04-15,586174.0968860072,0.0,-0.4855453617334291
2025-04-16,586174.0968860072,0.0,-0.4855453617334291
2025-04-17,586174.0968860072,0.0,-0.4855453617334291
2025-04-18,586174.0968860072,0.0,-0.4855453617334291
2025-04-21,586174.0968860072,0.0,-0.4855453617334291
2025-04-22,586174.0968860072,0.0,-0.4855453617334291
2025-04-23,586174.0968860072,0.0,-0.4855453617334291
2025-04-24,586174.0968860072,0.0,-0.4855453617334291
2025-04-25,586174.0968860072,0.0,-0.4855453617334291
2025-04-28,583949.9344100072,-0.0037943718219820566,-0.4874973939165558
2025-04-29,583093.8344100072,-0.0014660503401973113,-0.4882487485365564
2025-04-30,582726.9344100072,-0.0006292297711761874,-0.4885707576594138
2025-05-06,587252.0344100072,0.007765386723683099,-0.48459931181083893
2025-05-07,590187.2344100073,0.004998194689864288,-0.4820232388279795
2025-05-08,593000.1344100073,0.004766114609056293,-0.479554502219406
2025-05-09,592388.6344100073,-0.0010311970681227134,-0.48009118409083495
2025-05-12,597892.1344100073,0.00929035379870391,-0.4752610472479737
2025-05-13,598381.3344100072,0.000818207786731806,-0.47483170175083045
2025-05-14,604618.6344100073,0.010423620593295935,-0.46935754666225427
2025-05-15,600460.4344100073,-0.006877393059606218,-0.47300698338797165
2025-05-16,597769.8344100072,-0.0044808947364596285,-0.4753683836222595
2025-05-19,597036.0344100073,-0.0012275627804541056,-0.4760124018679742
2025-05-20,599482.0344100073,0.004096905143116114,-0.47386567438225813
2025-05-21,601438.8344100072,0.00326415119666712,-0.4721482923936853
2025-05-22,601194.2344100073,-0.0004066913973719277,-0.47236296514225684
2025-05-23,597647.5344100073,-0.005899424507090578,-0.47547571999654525
2025-05-26,595079.2344100074,-0.004297348942525647,-0.4777297838565471
2025-05-27,592510.9344100073,-0.004315895853005847,-0.4799838477165491
2025-05-28,592021.7344100073,-0.000825638771522752,-0.48041319321369236
2025-05-29,594956.9344100073,0.004957926085138009,-0.477837120230833
2025-05-30,592166.2098460073,-0.004690632888861845,-0.48028639460802103
2025-06-03,592166.2098460073,0.0,-0.48028639460802103
2025-06-04,592166.2098460073,0.0,-0.48028639460802103
2025-06-05,592166.2098460073,0.0,-0.48028639460802103
2025-06-06,592166.2098460073,0.0,-0.48028639460802103
2025-06-09,592166.2098460073,0.0,-0.48028639460802103
2025-06-10,592166.2098460073,0.0,-0.48028639460802103
2025-06-11,592166.2098460073,0.0,-0.48028639460802103
2025-06-12,591779.3226400074,-0.0006533422535212052,-0.48062594546615356
2025-06-13,588651.5226400073,-0.005285416168389401,-0.4833710534914287
2025-06-16,589854.5226400073,0.0020436539340027426,-0.4823152427124767
2025-06-17,589734.2226400074,-0.00020394859305561397,-0.4824208237903719
2025-06-18,590095.1226400073,0.0006119705897078553,-0.4821040805566863
2025-06-19,586365.8226400074,-0.006319828544448125,-0.48537709397143736
2025-06-20,586967.3226400074,0.0010258101287210497,-0.48484918858196147
2025-06-23,588531.2226400073,0.00266437319366597,-0.4834766345693239
2025-06-24,593944.7226400073,0.009198322521813518,-0.4787254860640401
2025-06-25,601764.2226400074,0.013165366576949111,-0.47186271600085217
2025-06-26,599959.7226400073,-0.0029986827599746135,-0.4734464321692802
2025-06-27,597192.8226400074,-0.004611809585858051,-0.47587479696086965
2025-06-30,599478.5226400072,0.0038274070172099606,-0.473868756480861
2025-07-01,600200.3226400072,0.0012040464716256416,-0.47323527001348986
2025-07-02,600681.5226400073,0.0008017323247737629,-0.4728129457019089
2025-07-03,603448.4226400072,0.004606267873596748,-0.47038458091031954
2025-07-04,605493.5226400073,0.003389022032824318,-0.4685897025861011
2025-07-07,603328.1226400073,-0.003576256258793098,-0.4704901619882146
2025-07-08,607418.3226400074,0.006779395566880675,-0.46690040533977784
2025-07-09,607057.4226400073,-0.0005941539570809562,-0.4672171485734635
2025-07-10,609463.4226400073,0.003963381239185937,-0.4651055270155595
2025-07-11,611147.6226400074,0.002763414402630726,-0.46362739192502667
2025-07-14,611027.3226400074,-0.00019684278485843087,-0.46373297300292193
2025-07-15,611027.3226400074,0.0,-0.46373297300292193
2025-07-16,609944.6226400073,-0.001771933856119845,-0.4646832027039788
2025-07-17,613914.5226400073,0.006508623656385826,-0.4611990271334373
2025-07-18,617523.5226400073,0.005878668555485911,-0.4580315947965813
2025-07-21,620531.0226400073,0.004870259819646172,-0.4553920678492014
2025-07-22,625824.2226400074,0.008530113413960372,-0.45074650042181263
2025-07-23,625583.6226400073,-0.00038445300021328066,-0.45095766257760317
2025-07-24,628711.4226400073,0.004999811195185222,-0.448212554552328
2025-07-25,626064.8226400074,-0.0042095624553578626,-0.4505353382660223
2025-07-28,627388.1226400073,0.002113678890981019,-0.44937394640917516
2025-07-29,629914.4226400073,0.004026694017364552,-0.447156743773376
2025-07-30,629553.5226400073,-0.000572934968669947,-0.4474734870070616
2025-07-31,620290.4226400073,-0.014713760890663452,-0.4556032300049918
2025-08-01,617643.8226400074,-0.004266711049214389,-0.45792601371868613
2025-08-04,619929.5226400073,0.0037006765326821345,-0.4559199732386774
2025-08-05,623658.8226400072,0.006015683821797069,-0.45264695982392633
2025-08-06,624982.1226400073,0.0021218332074552926,-0.45148556796707906
2025-08-07,624861.8226400074,-0.00019248550581218993,-0.4515911490449742
2025-08-08,623658.8226400072,-0.0019252256361534936,-0.45264695982392633
2025-08-11,625944.5226400073,0.0036649846310592427,-0.4506409193439175
2025-08-12,629072.3226400072,0.004996928460701211,-0.4478958113186424
2025-08-13,633282.8226400072,0.006693189079325368,-0.4442004735923105
2025-08-14,632440.7226400074,-0.0013297376304781672,-0.44493954113757683
2025-08-15,637132.4226400073,0.00741840275625405,-0.4408218790996642
2025-08-18,640982.0226400073,0.006042072045319591,-0.43744328460701787
2025-08-19,638335.4226400072,-0.004128976954922314,-0.4397660683207123
2025-08-20,645433.1226400074,0.011119075878079476,-0.43353678472489543
2025-08-21,647117.3226400072,0.002609410550718172,-0.4320586496343628
2025-08-22,659267.6226400073,0.01877603886484014,-0.4213949607669478
2025-08-25,669613.4226400072,0.015692868335579258,-0.41231498806796096
2025-08-26,666726.2226400074,-0.004311741524858914,-0.4148489339374456
2025-08-27,658786.4226400072,-0.011908636154374208,-0.4218172850785288
2025-08-28,668891.6226400073,0.01533911394151799,-0.4129484745353321
2025-08-29,673944.2226400073,0.007553690058275997,-0.4085140692637338
2025-09-01,675748.7226400073,0.0026775212834844186,-0.4069303530953059
2025-09-02,672620.9226400073,-0.00462864359962134,-0.40967546112058095
2025-09-03,667688.6226400073,-0.007332956549494507,-0.414004285314284
2025-09-04,656500.7226400074,-0.01675616390730683,-0.4238233255585373
2025-09-05,668290.1226400073,0.01795793910567345,-0.4134763799248081
2025-09-08,668410.4226400072,0.00018001163854508562,-0.41337079884691297
2025-09-09,665162.3226400072,-0.004859439485056183,-0.4162214879500833
2025-09-10,666365.3226400072,0.0018085810922443546,-0.4151656771711313
2025-09-11,681041.9226400073,0.022024855588004266,-0.40228478566791714
2025-09-12,676350.2226400074,-0.006889003222904311,-0.4064024477058298
2025-09-15,677312.6226400073,0.0014229314455509456,-0.4055577990826683
2025-09-16,676229.9226400073,-0.001598523287193232,-0.40650802878372505
2025-09-17,680199.8226400074,0.005870636402041329,-0.40302385321318346
2025-09-18,673102.1226400073,-0.010434727801680865,-0.4092531368090002
2025-09-19,674305.1226400073,0.001787247372332823,-0.4081973260300482
2025-09-22,676109.6226400073,0.002676088226847728,-0.4066136098616202
2025-09-23,676470.5226400073,0.000533789178433608,-0.4062968666279346
2025-09-24,681402.8226400074,0.007291226793964656,-0.40196804243423145
2025-09-25,685252.4226400073,0.005649521651649669,-0.39858944794158524
2025-09-26,679959.2226400074,-0.007724452807634563,-0.4032350153689739
2025-09-29,689222.3226400072,0.013623022810154595,-0.39510527237104376
2025-09-30,690786.2226400073,0.0022690791470736382,-0.3937327183584062
2025-10-09,699808.7226400073,0.013061204326742848,-0.38581413751626636
2025-10-10,688139.6226400072,-0.016674699274937255,-0.3960555020721006
2025-10-13,684891.5226400073,-0.004720117681261682,-0.3989061911752708
2025-10-14,679237.4226400073,-0.008255467929002114,-0.40386850183634504
2025-10-15,686575.7226400073,0.010803733356560263,-0.3974280560847381
2025-10-16,688380.2226400073,0.0026282607154552995,-0.3958443399163102
2025-10-17,676711.1226400073,-0.016951532911924416,-0.4060857044721443
2025-10-20,678635.9226400072,0.002844345150543548,-0.40439640722582115
2025-10-21,678538.7467060073,-0.0001431930299562456,-0.40448169350892327
2025-10-22,677781.9678280073,-0.0011153067996099164,-0.405145879125445
2025-10-23,679904.1678280074,0.00313109539753742,-0.40328333412536854
2025-10-24,679680.3346780074,-0.00032921279290731853,-0.4034797808855154
2025-10-27,680445.4330780075,0.0011256738807408073,-0.4028082936555245
2025-10-28,677642.2330780074,-0.004119654367169212,-0.40526851707660383
2025-10-29,684650.2330780075,0.010341740313569492,-0.39911795852390597
2025-10-30,680095.0330780074,-0.0066533242521821245,-0.4031158215831595
2025-10-31,672269.4330780074,-0.011506627190883134,-0.40998394530033877
2025-11-03,673087.0330780074,0.0012161790493085967,-0.40926638013585737
2025-11-04,669115.8330780074,-0.005899979950348744,-0.41275169664905265
2025-11-05,669816.6330780075,0.00104735228992614,-0.41213664079378287
2025-11-06,677992.6330780074,0.01220632572593594,-0.40496098914896894
2025-11-07,676824.6330780075,-0.0017227325829446416,-0.4059860822410851
2025-11-10,678226.2330780074,0.002070846614470545,-0.4047559705305457
2025-11-11,673087.0330780074,-0.007577412593842925,-0.40926638013585737
2025-11-12,673320.6330780074,0.0003470576441382267,-0.4090613615174341
2025-11-13,678810.2330780074,0.008153025067574315,-0.40424342398448754
2025-11-14,670517.4330780074,-0.01221666910116681,-0.4115215849385132
2025-11-17,666896.6330780075,-0.005400008741575424,-0.4146993735240736
2025-11-18,663759.0089820074,-0.004704813220481663,-0.41745310364947374
2025-11-19,663759.0089820074,0.0,-0.41745310364947374
2025-11-20,663759.0089820074,0.0,-0.41745310364947374
2025-11-21,663759.0089820074,0.0,-0.41745310364947374
2025-11-24,663759.0089820074,0.0,-0.41745310364947374
2025-11-25,663759.0089820074,0.0,-0.41745310364947374
2025-11-26,663759.0089820074,0.0,-0.41745310364947374
2025-11-27,663759.0089820074,0.0,-0.41745310364947374
2025-11-28,663759.0089820074,0.0,-0.41745310364947374
2025-12-01,663759.0089820074,0.0,-0.41745310364947374
2025-12-02,663759.0089820074,0.0,-0.41745310364947374
2025-12-03,663759.0089820074,0.0,-0.41745310364947374
2025-12-04,663759.0089820074,0.0,-0.41745310364947374
2025-12-05,663759.0089820074,0.0,-0.41745310364947374
2025-12-08,663759.0089820074,0.0,-0.41745310364947374
2025-12-09,660265.8240700074,-0.005262730697030205,-0.4205188910833574
2025-12-10,659577.0240700074,-0.0010432161939779583,-0.4211234151602835
2025-12-11,655673.8240700074,-0.00591773190629763,-0.42454905159619816
2025-12-12,658658.6240700074,0.004552263473737828,-0.42192944726285164
2025-12-15,655559.0240700074,-0.004705927906700436,-0.4246498056090192
2025-12-16,650163.4240700074,-0.008230532723814354,-0.42938524421160706
2025-12-17,659232.6240700074,0.01394910827684992,-0.4214256771987466
2025-12-18,655673.8240700074,-0.005398397879686878,-0.42454905159619816
2025-12-19,657969.8240700074,0.0035017411336446536,-0.42253397133977777
2025-12-22,662791.4240700073,0.007327995636904561,-0.418302302801295
2025-12-23,663939.4240700074,0.001732068277151999,-0.41729476267308474
2025-12-24,665891.0240700074,0.0029394247867320367,-0.4155819444551274
2025-12-25,666924.2240700073,0.0015516052366719713,-0.41467515833973834
2025-12-26,668990.6240700074,0.0030984029750629194,-0.41286158610895995
2025-12-29,666579.8240700073,-0.0036036379483664893,-0.4149774203782014
2025-12-30,667727.8240700073,0.001722224343650991,-0.41396988024999115
2025-12-31,665431.8240700074,-0.0034385267727875535,-0.4159849605064114
2026-01-05,675878.6240700074,0.015699279208054362,-0.4068163453396988
2026-01-06,684488.6240700074,0.012738973675705756,-0.3992597943781223
2026-01-07,682422.2240700074,-0.003018896044923225,-0.4010733666089006
2026-01-08,678059.8240700073,-0.006392523347177215,-0.40490201909609946
2026-01-09,680585.4240700074,0.0037247450893644896,-0.40268543081403685
2026-01-12,683799.8240700073,0.004722992715267438,-0.39986431845504844
2026-01-13,681848.2240700073,-0.0028540516263720894,-0.40157713667300576
2026-01-14,678404.2240700074,-0.005050977443986526,-0.4045997570576362
2026-01-15,679437.4240700074,0.0015229858001197805,-0.4036929709422471
2026-01-16,677600.6240700074,-0.0027034130516349064,-0.4053050351473835
2026-01-19,677830.2240700073,0.0003388426631323327,-0.40510352712174147
2026-01-20,676223.0240700073,-0.0023710952137095953,-0.40651408330123573
2026-01-21,676911.8240700074,0.0010185988578952365,-0.4059095592243095
2026-01-22,676567.4240700074,-0.0005087811850135182,-0.40621182126277255
2026-01-23,673927.0240700075,-0.0039026413422569295,-0.408529163557656
2026-01-26,674845.4240700074,0.001362758825804944,-0.4077231314550879
2026-01-27,672889.9989340075,-0.0028975896794360967,-0.40943930679675233
2026-01-28,672889.9989340075,0.0,-0.40943930679675233
2026-01-29,672889.9989340075,0.0,-0.40943930679675233
2026-01-30,672889.9989340075,0.0,-0.40943930679675233
2026-02-02,672889.9989340075,0.0,-0.40943930679675233
2026-02-03,672889.9989340075,0.0,-0.40943930679675233
2026-02-04,672889.9989340075,0.0,-0.40943930679675233
2026-02-05,672889.9989340075,0.0,-0.40943930679675233
2026-02-06,672889.9989340075,0.0,-0.40943930679675233
2026-02-09,672889.9989340075,0.0,-0.40943930679675233
2026-02-10,672889.9989340075,0.0,-0.40943930679675233
2026-02-11,672889.9989340075,0.0,-0.40943930679675233
2026-02-12,672889.9989340075,0.0,-0.40943930679675233
2026-02-13,666681.8963740075,-0.009226028875202297,-0.414887836804805
2026-02-24,671811.8963740076,0.007694824215118912,-0.41038550156289
2026-02-25,675687.8963740076,0.005769472111047946,-0.4069837371578876
2026-02-26,673977.8963740075,-0.0025307542271758576,-0.4084845155718594
2026-02-27,672837.8963740076,-0.0016914501293485706,-0.409485034514507
2026-03-02,674433.8963740076,0.002372042372466021,-0.4080843079948002
2026-03-03,667479.8963740076,-0.010310869660299038,-0.41418747354495145
2026-03-04,659727.8963740075,-0.011613832929069146,-0.42099100235495635
2026-03-05,662013.4344940076,0.0034643648276235783,-0.4189851039486373
2026-03-06,662013.4344940076,0.0,-0.4189851039486373
2026-03-09,662013.4344940076,0.0,-0.4189851039486373
2026-03-10,662013.4344940076,0.0,-0.4189851039486373
2026-03-11,662013.4344940076,0.0,-0.4189851039486373
2026-03-12,662013.4344940076,0.0,-0.4189851039486373
2026-03-13,662013.4344940076,0.0,-0.4189851039486373
2026-03-16,662013.4344940076,0.0,-0.4189851039486373
2026-03-17,662013.4344940076,0.0,-0.4189851039486373
2026-03-18,662013.4344940076,0.0,-0.4189851039486373
2026-03-19,662013.4344940076,0.0,-0.4189851039486373
2026-03-20,662013.4344940076,0.0,-0.4189851039486373
2026-03-23,662013.4344940076,0.0,-0.4189851039486373
2026-03-24,662013.4344940076,0.0,-0.4189851039486373
2026-03-25,662013.4344940076,0.0,-0.4189851039486373
2026-03-26,662013.4344940076,0.0,-0.4189851039486373
2026-03-27,662013.4344940076,0.0,-0.4189851039486373
2026-03-30,662013.4344940076,0.0,-0.4189851039486373
2026-03-31,662013.4344940076,0.0,-0.4189851039486373
2026-04-01,662013.4344940076,0.0,-0.4189851039486373
2026-04-02,662013.4344940076,0.0,-0.4189851039486373
2026-04-03,662013.4344940076,0.0,-0.4189851039486373
2026-04-07,662013.4344940076,0.0,-0.4189851039486373
2026-04-08,662013.4344940076,0.0,-0.4189851039486373
2026-04-09,662013.4344940076,0.0,-0.4189851039486373
2026-04-10,662013.4344940076,0.0,-0.4189851039486373
2026-04-13,662013.4344940076,0.0,-0.4189851039486373
2026-04-14,664461.7485100077,0.0036982844885489197,-0.4168363455709547
2026-04-15,662416.9485100076,-0.0030773780501066605,-0.4186309606007146
2026-04-16,668324.1485100077,0.008917646224613218,-0.41344651718140857
2026-04-17,667528.9485100077,-0.001189841788259205,-0.41414442302631516
2026-04-20,670482.5485100076,0.004424677022011769,-0.41155220131666226
2026-04-21,671732.1485100078,0.0018637323264820704,-0.4104554921318089
2026-04-22,675708.1485100077,0.00591902592248883,-0.40696596290727605
2026-04-23,674572.1485100077,-0.001681199201911343,-0.40796297125714265
2026-04-24,672413.7485100076,-0.0031996577456799846,-0.40985728712188907
2026-04-27,672413.7485100076,0.0,-0.40985728712188907
2026-04-28,671050.5485100076,-0.002027323211372112,-0.411053697141729
2026-04-29,676844.1485100077,0.008633626800341743,-0.40596895455740956
2026-04-30,677184.9485100076,0.0005035132544917165,-0.40566985205244965
2026-05-06,684455.3485100076,0.01073621027165017,-0.3992889986133038
2026-05-07,687181.7485100077,0.003983313164160673,-0.396896178573624
2026-05-08,684228.1485100077,-0.004298135109677026,-0.39948840028327703
2026-05-11,693316.1485100077,0.01328211945063984,-0.3915123334843448
2026-05-12,692975.3485100076,-0.0004915506450159368,-0.3918114359893048
2026-05-13,699109.7485100076,0.00885226294584629,-0.38642759090002554
2026-05-14,690476.1485100077,-0.012349420128099364,-0.3940048543590111
2026-05-15,683319.3485100076,-0.0103650213196268,-0.4002860069631704
2026-05-18,680365.7485100076,-0.00432242992451537,-0.4028782286728233
2026-05-19,682296.9485100076,0.0028384732832733572,-0.4011833144780502
2026-05-20,682524.1485100075,0.00033299284204058033,-0.400983912808077
2026-05-21,675367.3485100076,-0.01048578283365309,-0.40726506541223606
2026-05-22,675687.7595820078,0.0004744248781156646,-0.40698385721313934
2026-05-25,675687.7595820078,0.0,-0.40698385721313934
2026-05-26,675687.7595820078,0.0,-0.40698385721313934
2026-05-27,671027.3724940078,-0.006897249538578176,-0.41107403753034555
2026-05-28,671027.3724940077,-2.220446049250313e-16,-0.41107403753034566
2026-05-29,670040.9724940078,-0.001469984743444619,-0.4119397497101944
2026-06-01,664012.9724940078,-0.008996464764778112,-0.4172302130314932
2026-06-02,671465.7724940078,0.011223877105905888,-0.41068927656152376
2026-06-03,674644.1724940077,0.004733524969105174,-0.4078997595375663
2026-06-04,670369.7724940078,-0.006335784364961516,-0.41165117898357806
2026-06-05,661272.9724940078,-0.013569824257076535,-0.4196349690866291
2026-06-08,653586.5491340079,-0.011623676877357214,-0.4263809446768836
2026-06-09,653586.5491340079,0.0,-0.4263809446768836
2026-06-10,653586.5491340079,0.0,-0.4263809446768836
2026-06-11,653586.5491340079,0.0,-0.4263809446768836
2026-06-12,653586.5491340079,0.0,-0.4263809446768836
2026-06-15,653586.5491340079,0.0,-0.4263809446768836
2026-06-16,653586.5491340079,0.0,-0.4263809446768836
2026-06-17,653586.5491340079,0.0,-0.4263809446768836
2026-06-18,653586.5491340079,0.0,-0.4263809446768836
2026-06-22,663793.3946500078,0.01561667009445622,-0.4174229251300088
2026-06-23,648029.194650008,-0.023748654516683843,-0.4312583468104365
2026-06-24,650674.194650008,0.00408160623292364,-0.42893696733385467
2026-06-25,659243.9946500079,0.01317064680059965,-0.42141569782972954
2026-06-26,644326.194650008,-0.02262864754334204,-0.43450827807765113
2026-06-29,649827.794650008,0.008538532261579634,-0.4296798087663609
2026-06-30,656175.794650008,0.009768741891717614,-0.42410849802256445
2026-07-01,653953.994650008,-0.0033859828694000615,-0.4260584567828931
2026-07-02,638295.5946500079,-0.023944191989193953,-0.43980102328425785
2026-07-03,641046.394650008,0.00430960204497155,-0.4373867886286127
2026-07-06,641152.194650008,0.000165042656636194,-0.43729393344954937
2026-07-07,635756.3946500081,-0.008415786524672786,-0.44202954758177626
2026-07-08,634995.7392020081,-0.001196457407901752,-0.4426971354629623
2026-07-09,634995.7392020081,0.0,-0.4426971354629623
2026-07-10,634995.7392020081,0.0,-0.4426971354629623
2026-07-13,634995.7392020081,0.0,-0.4426971354629623
2026-07-14,634995.7392020081,0.0,-0.4426971354629623
2026-07-15,634995.7392020081,0.0,-0.4426971354629623
2026-07-16,634995.7392020081,0.0,-0.4426971354629623
2026-07-17,634995.7392020081,0.0,-0.4426971354629623
2026-07-20,634995.7392020081,0.0,-0.4426971354629623
2026-07-21,634995.7392020081,0.0,-0.4426971354629623
2026-07-22,634995.7392020081,0.0,-0.4426971354629623
2026-07-23,634995.7392020081,0.0,-0.4426971354629623
2026-07-24,634995.7392020081,0.0,-0.4426971354629623
2026-07-27,634995.7392020081,0.0,-0.4426971354629623
2026-07-28,634995.7392020081,0.0,-0.4426971354629623
2026-07-29,634995.7392020081,0.0,-0.4426971354629623
2026-07-30,634995.7392020081,0.0,-0.4426971354629623
2026-07-31,634995.7392020081,0.0,-0.4426971354629623
2026-08-03,634995.7392020081,0.0,-0.4426971354629623
2026-08-04,634995.7392020081,0.0,-0.4426971354629623
2026-08-05,634995.7392020081,0.0,-0.4426971354629623
2026-08-06,634995.7392020081,0.0,-0.4426971354629623
2026-08-07,634995.7392020081,0.0,-0.4426971354629623
2026-08-10,634995.7392020081,0.0,-0.4426971354629623
2026-08-11,631418.1810420083,-0.005633987661863182,-0.445836972925685
2026-08-12,633556.1810420081,0.0033860285690088254,-0.44396056108412296
2026-08-13,631525.0810420082,-0.003205871966491247,-0.44574315233360695
2026-08-14,631204.3810420083,-0.0005078183109858969,-0.4460246141098413
2026-08-17,639221.8810420082,0.012701908036133025,-0.4389880697039832
2026-08-18,637725.2810420082,-0.0023412840586125583,-0.4403015579930767
2026-08-19,623507.5810420082,-0.02229439607093675,-0.45277969673946517
2026-08-20,623400.6810420082,-0.000171449398933321,-0.45287351733154335
2026-08-21,626286.9810420081,0.004629927569497427,-0.4503403613454344
2026-08-24,620621.2810420082,-0.009046491738617046,-0.4553128527255742
2026-08-25,616035.9701680082,-0.007388259175227341,-0.4593371425390529
2026-08-26,616035.9701680082,0.0,-0.4593371425390529
2026-08-27,616035.9701680082,0.0,-0.4593371425390529
