,equity,returns,drawdown
2020-01-02,1000000.0,0.0,0.0
2020-01-03,1000000.0,0.0,0.0
2020-01-06,1000000.0,0.0,0.0
2020-01-07,1000000.0,0.0,0.0
2020-01-08,1000000.0,0.0,0.0
2020-01-09,1000000.0,0.0,0.0
2020-01-10,1000000.0,0.0,0.0
2020-01-13,1000000.0,0.0,0.0
2020-01-14,1000000.0,0.0,0.0
2020-01-15,1000000.0,0.0,0.0
2020-01-16,1000000.0,0.0,0.0
2020-01-17,1000000.0,0.0,0.0
2020-01-20,1000000.0,0.0,0.0
2020-01-21,1000000.0,0.0,0.0
2020-01-22,1000000.0,0.0,0.0
2020-01-23,1000000.0,0.0,0.0
2020-02-03,1000000.0,0.0,0.0
2020-02-04,1000000.0,0.0,0.0
2020-02-05,1000000.0,0.0,0.0
2020-02-06,1000000.0,0.0,0.0
2020-02-07,1000000.0,0.0,0.0
2020-02-10,1000000.0,0.0,0.0
2020-02-11,1000000.0,0.0,0.0
2020-02-12,1000000.0,0.0,0.0
2020-02-13,1000000.0,0.0,0.0
2020-02-14,1000000.0,0.0,0.0
2020-02-17,1000000.0,0.0,0.0
2020-02-18,1000000.0,0.0,0.0
2020-02-19,1000000.0,0.0,0.0
2020-02-20,1000000.0,0.0,0.0
2020-02-21,1000000.0,0.0,0.0
2020-02-24,1000000.0,0.0,0.0
2020-02-25,1000000.0,0.0,0.0
2020-02-26,1000000.0,0.0,0.0
2020-02-27,1000000.0,0.0,0.0
2020-02-28,1000000.0,0.0,0.0
2020-03-02,1000000.0,0.0,0.0
2020-03-03,1000000.0,0.0,0.0
2020-03-04,1000000.0,0.0,0.0
2020-03-05,1000000.0,0.0,0.0
2020-03-06,1000000.0,0.0,0.0
2020-03-09,1000000.0,0.0,0.0
2020-03-10,1000000.0,0.0,0.0
2020-03-11,1000000.0,0.0,0.0
2020-03-12,1000000.0,0.0,0.0
2020-03-13,1000000.0,0.0,0.0
2020-03-16,1000000.0,0.0,0.0
2020-03-17,1000000.0,0.0,0.0
2020-03-18,1000000.0,0.0,0.0
2020-03-19,1000000.0,0.0,0.0
2020-03-20,1000000.0,0.0,0.0
2020-03-23,1000000.0,0.0,0.0
2020-03-24,1000000.0,0.0,0.0
2020-03-25,1000000.0,0.0,0.0
2020-03-26,1000000.0,0.0,0.0
2020-03-27,1000000.0,0.0,0.0
2020-03-30,1000000.0,0.0,0.0
2020-03-31,1000000.0,0.0,0.0
2020-04-01,1000000.0,0.0,0.0
2020-04-02,1000000.0,0.0,0.0
2020-04-03,1000000.0,0.0,0.0
2020-04-07,1000000.0,0.0,0.0
2020-04-08,1000000.0,0.0,0.0
2020-04-09,1000000.0,0.0,0.0
2020-04-10,1000000.0,0.0,0.0
2020-04-13,1000000.0,0.0,0.0
2020-04-14,1000000.0,0.0,0.0
2020-04-15,1000000.0,0.0,0.0
2020-04-16,1000000.0,0.0,0.0
2020-04-17,1000000.0,0.0,0.0
2020-04-20,1000000.0,0.0,0.0
2020-04-21,1000000.0,0.0,0.0
2020-04-22,1000000.0,0.0,0.0
2020-04-23,1000000.0,0.0,0.0
2020-04-24,1000000.0,0.0,0.0
2020-04-27,1000000.0,0.0,0.0
2020-04-28,1000000.0,0.0,0.0
2020-04-29,1000000.0,0.0,0.0
2020-04-30,1000000.0,0.0,0.0
2020-05-06,1000000.0,0.0,0.0
2020-05-07,1000000.0,0.0,0.0
2020-05-08,1000000.0,0.0,0.0
2020-05-11,1000000.0,0.0,0.0
2020-05-12,1000000.0,0.0,0.0
2020-05-13,1000000.0,0.0,0.0
2020-05-14,1000000.0,0.0,0.0
2020-05-15,1000000.0,0.0,0.0
2020-05-18,1000000.0,0.0,0.0
2020-05-19,1000000.0,0.0,0.0
2020-05-20,1000000.0,0.0,0.0
2020-05-21,1000000.0,0.0,0.0
2020-05-22,1000000.0,0.0,0.0
2020-05-25,1000000.0,0.0,0.0
2020-05-26,1000000.0,0.0,0.0
2020-05-27,1000000.0,0.0,0.0
2020-05-28,1000000.0,0.0,0.0
2020-05-29,1000000.0,0.0,0.0
2020-06-01,1000000.0,0.0,0.0
2020-06-02,1000000.0,0.0,0.0
2020-06-03,1000000.0,0.0,0.0
2020-06-04,1000000.0,0.0,0.0
2020-06-05,1000000.0,0.0,0.0
2020-06-08,1000000.0,0.0,0.0
2020-06-09,1000000.0,0.0,0.0
2020-06-10,1000000.0,0.0,0.0
2020-06-11,1000000.0,0.0,0.0
2020-06-12,1000000.0,0.0,0.0
2020-06-15,1000000.0,0.0,0.0
2020-06-16,1000000.0,0.0,0.0
2020-06-17,1000000.0,0.0,0.0
2020-06-18,1000000.0,0.0,0.0
2020-06-19,1000000.0,0.0,0.0
2020-06-22,1000000.0,0.0,0.0
2020-06-23,1000000.0,0.0,0.0
2020-06-24,1000000.0,0.0,0.0
2020-06-29,1000000.0,0.0,0.0
2020-06-30,1000000.0,0.0,0.0
2020-07-01,1000000.0,0.0,0.0
2020-07-02,1000000.0,0.0,0.0
2020-07-03,1000000.0,0.0,0.0
2020-07-06,1000000.0,0.0,0.0
2020-07-07,1000000.0,0.0,0.0
2020-07-08,1000000.0,0.0,0.0
2020-07-09,1000000.0,0.0,0.0
2020-07-10,1000000.0,0.0,0.0
2020-07-13,1000000.0,0.0,0.0
2020-07-14,1000000.0,0.0,0.0
2020-07-15,1000000.0,0.0,0.0
2020-07-16,1000000.0,0.0,0.0
2020-07-17,1000000.0,0.0,0.0
2020-07-20,1000000.0,0.0,0.0
2020-07-21,1000226.140293418,0.00022614029341805342,0.0
2020-07-22,999861.5786433292,-0.0003644792266495056,-0.0003644792266495056
2020-07-23,999334.9895932009,-0.0005266619513901727,-0.0008909492206988778
2020-07-24,994717.2086920762,-0.00462085381700128,-0.005507686091593023
2020-07-27,995561.666299107,0.0008489423925230888,-0.00466341940727788
2020-07-28,999212.398791907,0.003667007897533159,-0.001013512305540809
2020-07-29,1010783.4778114271,0.011580199598713925,0.0
2020-07-30,1006019.205405827,-0.004713445075216094,-0.004713445075216094
2020-07-31,1005512.325405827,-0.0005038472399694349,-0.005214917458893686
2020-08-03,1017956.1914218271,0.012375647420311608,0.0
2020-08-04,1023064.930355587,0.005018623568293634,0.0
2020-08-05,1026629.5496912671,0.0034842552314260367,0.0
2020-08-06,1024675.1547344672,-0.0019037002757106292,-0.0019037002757106292
2020-08-07,1028942.2503901471,0.0041643399236959144,0.0
2020-08-10,1028095.3459088671,-0.0008230826180564144,-0.0008230826180564144
2020-08-11,1026043.2312042271,-0.001996035399640772,-0.0028174751156547773
2020-08-12,1022743.244960707,-0.0032162253432995724,-0.006024638824083217
2020-08-13,1025189.0286993469,0.0023913956417613846,-0.0036476504773489404
2020-08-14,1035839.1662742177,0.01038846229985757,0.0
2020-08-17,1052188.377148538,0.015783541892054886,0.0
2020-08-18,1051762.451043658,-0.00040480023741962246,-0.00040480023741962246
2020-08-19,1039328.2163373379,-0.011822284294311536,-0.01222229886824211
2020-08-20,1034558.2291330978,-0.004589490720313338,-0.01675569546131872
2020-08-21,1042354.6516072646,0.007535991938027342,-0.00934597430920392
2020-08-24,1054393.1103136644,0.011549292448435944,0.0
2020-08-25,1051817.9770912924,-0.002442289500171335,-0.002442289500171335
2020-08-26,1044777.2728019848,-0.006693842891693169,-0.009119784089654304
2020-08-27,1054478.7090359363,0.009285650144296609,0.0
2020-08-28,1067612.856790403,0.01245558363760102,0.0
2020-08-31,1067133.6295306082,-0.0004488773779246502,-0.0004488773779246502
2020-09-01,1070780.213937197,0.003417176917377196,0.0
2020-09-02,1064673.2036262336,-0.005703327565708682,-0.005703327565708682
2020-09-03,1055530.266270368,-0.008587552804677712,-0.014241902743753587
2020-09-04,1057133.189835271,0.0015185955496728187,-0.01274493488420625
2020-09-07,1050080.5745209637,-0.006671453873665967,-0.019331361512669343
2020-09-08,1053913.1395280447,0.0036497818358647294,-0.01575213492891614
2020-09-09,1039612.6844782156,-0.013568912383266296,-0.029107307973482488
2020-09-10,1037796.7954134784,-0.0017466976806354007,-0.03080316398679106
2020-09-11,1052351.8178831118,0.014024925239660702,-0.017210250819190254
2020-09-14,1053582.059398963,0.001169040139376687,-0.016061330153829934
2020-09-15,1058889.5199800795,0.005037538873947867,-0.01110470085489923
2020-09-16,1054616.56123104,-0.004035320652828744,-0.015095210479024734
2020-09-17,1051157.263907736,-0.0032801469751868595,-0.018325842945219106
2020-09-18,1072039.5347559024,0.019865981585415193,0.0
2020-09-21,1077434.2501446812,0.005032198173556379,0.0
2020-09-22,1074181.4866902125,-0.0030189902112652822,-0.0030189902112652822
2020-09-23,1090712.8674475965,0.015389746483455813,0.0
2020-09-24,1079556.8335851168,-0.010228204136425223,-0.010228204136425223
2020-09-25,1078855.2608536135,-0.000649871048635231,-0.010871428171312703
2020-09-28,1079026.2851854928,0.0001585238892416463,-0.010714627663146348
2020-09-29,1081191.5636420376,0.002006696672984587,-0.008729431997845594
2020-09-30,1077082.4232693536,-0.0038005664406427497,-0.012496821652191459
2020-10-09,1087751.2330299458,0.00990528629016918,-0.0027153199582043985
2020-10-12,1114034.3608125069,0.02416281129771658,0.0
2020-10-13,1114678.4418128757,0.0005781518263934249,0.0
2020-10-14,1113562.4285635957,-0.0010011974820871572,-0.0010011974820871572
2020-10-15,1111544.911695034,-0.0018117680848519502,-0.0028111516292944616
2020-10-16,1107750.453487731,-0.003413679615983045,-0.00621523487426312
2020-10-19,1106771.8987906112,-0.0008833710643393333,-0.00709311557995651
2020-10-20,1106691.88347684,-7.229611978631922e-05,-0.007164898895009153
2020-10-21,1107809.2245786001,0.001009622568342916,-0.006162510170290569
2020-10-22,1108385.6262612492,0.0005203077117075239,-0.005645408860148082
2020-10-23,1101516.9736096791,-0.006196988204131615,-0.011807412532165884
2020-10-26,1095259.8774702689,-0.0056804355169450815,-0.017420776803600102
2020-10-27,1099385.0084267608,0.003766349011177006,-0.013720040517911314
2020-10-28,1104132.076384201,0.004317930407504278,-0.009461352290551561
2020-10-29,1108175.128928371,0.0036617472045648025,-0.005834250166288246
2020-10-30,1089251.857044041,-0.01707606621945157,-0.022810690343559314
2020-11-02,1094416.713363771,0.004741654821453611,-0.018177195941953994
2020-11-03,1117738.5826795346,0.021309862167658178,0.0
2020-11-04,1111794.313289125,-0.005318121323287905,-0.005318121323287905
2020-11-05,1115796.1351853646,0.0035994264842034163,-0.0017378370258216425
2020-11-06,1106132.336938565,-0.008660899551506618,-0.010383685345410787
2020-11-09,1121092.7641038175,0.013524988525928539,0.0
2020-11-10,1120027.1963445526,-0.0009504724259965514,-0.0009504724259965514
2020-11-11,1118261.6138805526,-0.0015763746360466513,-0.002525348761418633
2020-11-12,1118432.2841237525,0.00015262103346969091,-0.0023731131492867874
2020-11-13,1109714.6328917525,-0.007794527532643536,-0.010149143386150139
2020-11-16,1114857.1162070325,0.004634059210230745,-0.005562115907303822
2020-11-17,1110343.2244489612,-0.0040488522631747514,-0.009588447984899218
2020-11-18,1109500.4140142412,-0.0007590539719267708,-0.010340223807298488
2020-11-19,1118469.3082905612,0.008083723235280171,-0.002340088079467284
2020-11-20,1119111.0500188812,0.0005737678482218289,-0.0017676628985474618
2020-11-23,1118273.8359249611,-0.0007481063598701043,-0.002514446858561059
2020-11-24,1109810.2489113612,-0.007568438732718286,-0.010063855154283652
2020-11-25,1103867.4602011647,-0.005354779085907646,-0.015364744519087536
2020-11-26,1101212.7415047407,-0.002404925221674903,-0.017732718679143944
2020-11-27,1106945.5710356208,0.005205923719195704,-0.012619110140725809
2020-11-30,1101046.2710958607,-0.005329349603197531,-0.01788120809430216
2020-12-01,1104880.0450133006,0.003481937152036485,-0.014461532185052528
2020-12-02,1106259.2390625805,0.001248274919530612,-0.01323130923344662
2020-12-03,1109353.5452885006,0.002797089612143866,-0.01047122877891471
2020-12-04,1114676.7262478606,0.0047984531008782305,-0.005723021378240545
2020-12-07,1113115.7669426799,-0.0014003695138007366,-0.007115376547376373
2020-12-08,1114793.0534525085,0.00150683923419348,-0.00561925904173044
2020-12-09,1108014.8334221523,-0.00608024961167819,-0.011665342155802283
2020-12-10,1112564.3979570507,0.004106050205886502,-0.007607190430476307
2020-12-11,1110437.470579043,-0.001911734171894497,-0.009504381676472717
2020-12-14,1109785.4895813956,-0.0005871388663671873,-0.010085940150956874
2020-12-15,1109975.6190689341,0.0001713209348324085,-0.009916347148819837
2020-12-16,1108800.9018215153,-0.0010583270724489058,-0.010964179482621295
2020-12-17,1119965.7258757588,0.010069277573550028,-0.0010053032756478508
2020-12-18,1124615.0346438508,0.004151295580457459,0.0
2020-12-21,1119310.5800015372,-0.0047166848022740515,-0.0047166848022740515
2020-12-22,1108204.6505144972,-0.009922116064537523,-0.014592001372763508
2020-12-23,1113738.478762381,0.004993507512637274,-0.009671359128605506
2020-12-24,1125229.0555857827,0.01031712295346976,0.0
2020-12-25,1129363.791795936,0.0036745729144016526,0.0
2020-12-28,1135256.7185322181,0.005217917184073384,0.0
2020-12-29,1130867.3704824997,-0.003866392489086934,-0.003866392489086934
2020-12-30,1137518.727806399,0.005881642266379661,0.0
2020-12-31,1145486.925004589,0.007004893197280149,0.0
2021-01-04,1146347.183399682,0.0007509980047040177,0.0
2021-01-05,1151546.6252464019,0.004535660681173503,0.0
2021-01-06,1168528.4451052619,0.014746966806685968,0.0
2021-01-07,1171484.5727856632,0.002529786666968903,0.0
2021-01-08,1184570.805732728,0.011170640442961233,0.0
2021-01-11,1184105.5306679145,-0.00039277944599147574,-0.00039277944599147574
2021-01-12,1191121.5026288747,0.005925123884019667,0.0
2021-01-13,1188948.2898839146,-0.0018245097080051842,-0.0018245097080051842
2021-01-14,1176034.7139760745,-0.010861343607383445,-0.012666036688534943
2021-01-15,1175849.1957162553,-0.00015774896575282416,-0.012821787600099999
2021-01-18,1176717.5266282551,0.0007384713236724405,-0.012092784798888423
2021-01-19,1171754.4673258553,-0.004217715118615573,-0.016259495996231554
2021-01-20,1171429.8282734952,-0.000277053820926243,-0.016532045061665723
2021-01-21,1174782.670665495,0.00286217945887679,-0.01371718328257765
2021-01-22,1181010.8837842152,0.005301587497193783,-0.008488318632771552
2021-01-25,1187141.387939095,0.005190895561636433,-0.00334148504665166
2021-01-26,1176039.5406616752,-0.009351748149134087,-0.012661984469185428
2021-01-27,1174480.2051736752,-0.0013259209695641871,-0.013971116648025639
2021-01-28,1163603.8620440753,-0.009260558910817562,-0.02310229521007423
2021-01-29,1159013.43383348,-0.003945009431759017,-0.026956165869334248
2021-02-01,1164967.2619411536,0.005136979377349249,-0.021957659760148074
2021-02-02,1175206.0183540736,0.008788879093357016,-0.013361763883596
2021-02-03,1168497.2438087938,-0.005708594442594639,-0.018994081435141474
2021-02-04,1158692.626094794,-0.008390792332587105,-0.027225498374857993
2021-02-05,1157959.2207322337,-0.0006329593768383823,-0.027841225117210877
2021-02-08,1176925.4418158338,0.01637900605135889,-0.01191823066052411
2021-02-09,1207132.973098714,0.025666478274336546,0.0
2021-02-10,1206932.6550889378,-0.00016594527217816957,-0.00016594527217816957
2021-02-18,1208665.7466882977,0.001435947227090395,0.0
2021-02-19,1208368.3431089378,-0.0002460594090423207,-0.0002460594090423207
2021-02-22,1179303.9970052498,-0.024052555058592606,-0.02429269611015128
2021-02-23,1179672.27576625,0.0003122848408343426,-0.023987997510055092
2021-02-24,1152650.20210821,-0.022906424278292037,-0.04634494253979515
2021-02-25,1151979.746272762,-0.0005816646144871651,-0.04689964994114648
2021-02-26,1138017.2546189618,-0.012120431543155119,-0.05845163748779203
2021-03-01,1154988.1749678417,0.014912709170268323,-0.044410600587905025
2021-03-02,1147158.140973602,-0.006779319618971602,-0.05088884655102077
2021-03-03,1156549.6487192616,0.00818675944511793,-0.043118701851055485
2021-03-04,1117732.854663055,-0.033562583412818925,-0.07523411023634596
2021-03-05,1130584.399278735,0.011497867815251972,-0.06460127427578954
2021-03-08,1067557.181788815,-0.05574746788486451,-0.11674738469764312
2021-03-09,1065227.529283575,-0.0021822273738408837,-0.1186748427327724
2021-03-10,1079452.0145978301,0.013353471369465852,-0.10690609247801452
2021-03-11,1099785.40101855,0.018836767309471814,-0.09008309035651596
2021-03-12,1100232.7412345498,0.0004067522769310994,-0.08971297958170044
2021-03-15,1091307.73721663,-0.008111923671627164,-0.09709715841060651
2021-03-16,1098272.7787729502,0.006382289173615163,-0.0913345713799042
2021-03-17,1112812.10529767,0.013238356449992272,-0.07930533454204636
2021-03-18,1118802.40355935,0.005383027586743916,-0.07434920975891823
2021-03-19,1105185.9038346373,-0.012170602853008972,-0.08561493790751629
2021-03-22,1107794.5395518213,0.002360359201228457,-0.0834566607127405
2021-03-23,1101046.8237374213,-0.00609112572185988,-0.08903944142187248
2021-03-24,1082163.6766112933,-0.017150176285900876,-0.10466257559099001
2021-03-25,1090278.4426034535,0.007498649388760548,-0.09794875416071092
2021-03-26,1113926.0064221732,0.021689472060230974,-0.0783837388671832
2021-03-29,1120812.5581098825,0.0061822344105495475,-0.07268609110428581
2021-03-30,1127560.6262314823,0.006020692820376317,-0.06710301891076231
2021-03-31,1120577.4734655465,-0.00619315059738712,-0.07288059040649575
2021-04-01,1128061.4128805865,0.006678645245201009,-0.06668868876988066
2021-04-02,1135627.2401471464,0.006706928523722899,-0.06042903651507814
2021-04-06,1133099.3501256104,-0.002225985721519441,-0.06252050806414977
2021-04-07,1133620.4832304106,0.00045991828054847694,-0.06208934410816935
2021-04-08,1138460.6899649706,0.004269688847511999,-0.05808475744074537
2021-04-09,1133852.0982401704,-0.004048090342883892,-0.06189771543796463
2021-04-12,1130313.4190724904,-0.0031209354140387946,-0.06482547207984501
2021-04-13,1125182.467284218,-0.0045394062405123,-0.0690706091678539
2021-04-14,1135170.9807520586,0.008877238810829802,-0.06080652664941677
2021-04-15,1132647.5895759724,-0.00222291726873991,-0.06289427604001552
2021-04-16,1135087.4996077307,0.002154165209208303,-0.06087559549211097
2021-04-19,1145226.1932079326,0.008932081098334432,-0.05248726014962135
2021-04-20,1149214.8659120712,0.00348286891078331,-0.04918719748542544
2021-04-21,1148784.0107676312,-0.0003749126096607158,-0.04954366919451503
2021-04-22,1146642.6262486612,-0.0018640445017502616,-0.05131536209210674
2021-04-23,1149551.7241895013,0.002537057208798821,-0.04890849489262583
2021-04-26,1142495.765204659,-0.0061380091355325295,-0.05474630323970231
2021-04-27,1143954.0176514988,0.0012763744875488037,-0.05353980553689619
2021-04-28,1154336.9389649879,0.009076344987017038,-0.04494940629546995
2021-04-29,1148421.9444528008,-0.005124149035281356,-0.049843227873845874
2021-04-30,1145632.2663845008,-0.0024291403362457498,-0.05215129201477453
2021-05-06,1147976.703614703,0.0020464134076818574,-0.0502116017102997
2021-05-07,1146003.126745103,-0.001719178501955354,-0.05184445750604594
2021-05-10,1140930.5794168427,-0.004426294492465677,-0.05604127316178775
2021-05-11,1140208.914287723,-0.0006325232596435804,-0.05663834901265641
2021-05-12,1131488.1911866027,-0.0076483554827914135,-0.06385351426824071
2021-05-13,1129110.6861933228,-0.0021012194486861313,-0.06582056347087939
2021-05-14,1142283.5064739708,0.011666544690192238,-0.05492191732595375
2021-05-17,1148140.6826547708,0.0051276028653166605,-0.05007593224128637
2021-05-18,1144095.037160131,-0.0035236496326264133,-0.0534231318336672
2021-05-19,1139941.114491331,-0.0036307496614187418,-0.056859915477268985
2021-05-20,1143151.463030211,0.002816240679513138,-0.054203806004756605
2021-05-21,1140999.5694858094,-0.0018824220709103834,-0.055984193634916246
2021-05-24,1141610.4737379693,0.0005354114659614773,-0.05547875674813951
2021-05-25,1143316.5778262094,0.001494471299526401,-0.05406719685830663
2021-05-26,1151179.7544470094,0.006877514743773183,-0.04756153005808095
2021-05-27,1152146.4870554735,0.0008397755474152113,-0.04676169552060616
2021-05-28,1148578.4325914735,-0.003096875704684754,-0.049713756066523285
2021-05-31,1148143.8258856572,-0.00037838661556233166,-0.05007333166218075
2021-06-01,1150503.440885497,0.0020551562849886462,-0.04812108389946801
2021-06-02,1147791.0973142972,-0.002357527561249406,-0.0503651646791472
2021-06-03,1142652.4371939772,-0.0044769994577793515,-0.05461667932196701
2021-06-04,1139319.862529017,-0.0029165252324180324,-0.057373913631031614
2021-06-07,1143080.6356272572,0.0033008931222282545,-0.054262405665703284
2021-06-08,1138145.9550986171,-0.004317001246313845,-0.058345156039130264
2021-06-09,1140250.9302717373,0.00184947735717933,-0.05660358672694632
2021-06-10,1140740.3457238972,0.0004292173232809393,-0.05619866464364842
2021-06-11,1138440.6272846172,-0.0020159876416229183,-0.05810135647187398
2021-06-15,1130059.3643164572,-0.007362055400421563,-0.0650356664671099
2021-06-16,1125687.967646969,-0.003868289408081038,-0.06865237909544875
2021-06-17,1126536.2491182492,0.000753567147966594,-0.06795054612499818
2021-06-18,1124817.367487249,-0.001525811204340366,-0.06937267762471999
2021-06-21,1125149.059039869,0.0002948848072652499,-0.06909824976612555
2021-06-22,1140434.6707044693,0.01358541034344718,-0.0564515674997651
2021-06-23,1141179.7835463965,0.0006533586369019684,-0.05583509198205572
2021-06-24,1139967.086396275,-0.001062669675371164,-0.056838427398356095
2021-06-25,1148744.095437867,0.0076993530307425395,-0.049576693485865575
2021-06-28,1151687.450344677,0.0025622372454399134,-0.04714148349098102
2021-06-29,1152319.9811869871,0.0005492209211108712,-0.04661815365885569
2021-06-30,1155488.8736498673,0.002750010860365304,-0.04399634322734247
2021-07-01,1160251.425441899,0.0041216768942033966,-0.040056005044448506
2021-07-02,1153174.7809020518,-0.006099233652871461,-0.04591092776335326
2021-07-05,1149097.0210174117,-0.0035361160789957324,-0.04928469747248343
2021-07-06,1151509.050255172,0.0020990649123993066,-0.04728908433926682
2021-07-07,1157286.128617154,0.005016963054438772,-0.042509368873836384
2021-07-08,1152391.2721089541,-0.004229599221109437,-0.046559170501467184
2021-07-09,1152287.9973063502,-8.961782781902183e-05,-0.04664461579756074
2021-07-12,1161267.7827962702,0.007793004449331731,-0.039215113046676686
2021-07-13,1171148.0567251304,0.008508178798406929,-0.03104058344167071
2021-07-14,1165158.5362904675,-0.005114229921886482,-0.03599606468292704
2021-07-15,1179224.8300884145,0.01207242908139361,-0.02435819553962737
2021-07-16,1169982.6848736946,-0.007837475075916589,-0.032004763865107755
2021-07-19,1180070.2010484145,0.00862193629456054,-0.02365877060571464
2021-07-20,1184159.69935299,0.0034654703601042502,-0.020275289013901077
2021-07-21,1187324.4082981898,0.002672535593745584,-0.017656939851718678
2021-07-22,1195419.0065689897,0.00681751188994939,-0.010959804359148562
2021-07-23,1189419.4182119095,-0.005018816267862269,-0.015923615382600564
2021-07-26,1174921.5993149227,-0.01218898790031675,-0.027918510527689566
2021-07-27,1145616.5036520427,-0.024942171188245488,-0.05216433344703264
2021-07-28,1161416.6748940428,0.013791850232282465,-0.03909192588911847
2021-07-29,1166435.7195986952,0.004321484970164047,-0.03493937608913911
2021-07-30,1162408.6409706925,-0.003452465112598002,-0.03827121422473345
2021-08-02,1186991.7685746504,0.021148438455713237,-0.017932152187677408
2021-08-03,1201196.5811820172,0.011967069177256429,-0.006179678316147963
2021-08-04,1205161.7548515573,0.0033010197761620397,-0.0028990577803178486
2021-08-05,1201527.5444143824,-0.0030155374766456244,-0.005905853039580022
2021-08-06,1199859.1543938522,-0.0013885574477973117,-0.007286209871153582
2021-08-09,1210143.3971740822,0.008571208331052294,0.0
2021-08-10,1211245.167089142,0.0009104457518278597,0.0
2021-08-11,1202176.0065848217,-0.007487468887999893,-0.007487468887999893
2021-08-12,1194427.8740849816,-0.006445089951388483,-0.013884301428896961
2021-08-13,1197359.9683313817,0.0024548106336235165,-0.011463574126061582
2021-08-16,1195505.0840331418,-0.0015491450752481706,-0.012994960461907623
2021-08-17,1193100.7228529819,-0.0020111676748781893,-0.014979993092368415
2021-08-18,1196817.8429101016,0.0031155123669954765,-0.011911151079109672
2021-08-19,1187918.4548918107,-0.007435875117513091,-0.01925845636469281
2021-08-20,1171780.4615623704,-0.013585101959637469,-0.03258193023103062
2021-08-23,1181879.0817029786,0.008618184439722842,-0.024244542875440978
2021-08-24,1181663.9822904984,-0.0001819978167058034,-0.024422128238276275
2021-08-25,1179194.9390751387,-0.002089463038869921,-0.026460562142861743
2021-08-26,1170830.2892439384,-0.007093525891283758,-0.03336638935148717
2021-08-27,1170431.4979015386,-0.00034060559080451025,-0.03369563016353372
2021-08-30,1171909.956522925,0.0012631739867194902,-0.03247501962030286
2021-08-31,1180321.4749622138,0.007177614963052026,-0.025530497844002742
2021-09-01,1184709.676678508,0.003717802149143079,-0.02190761303461286
2021-09-02,1167834.5956852795,-0.014244064453444949,-0.03583962403597163
2021-09-03,1160909.5862617344,-0.00592978616075468,-0.04155688889011111
2021-09-06,1182717.0661819794,0.018784821986411293,-0.023552705663809625
2021-09-07,1181147.4345218693,-0.0013271404505704743,-0.024848588365973256
2021-09-08,1175525.6971199592,-0.004759556036445067,-0.02948987615366394
2021-09-09,1179000.6041190494,0.0029560451188805903,-0.026621004439243645
2021-09-10,1183192.2525351495,0.00355525552867042,-0.023160393383784617
2021-09-13,1169763.1886734408,-0.011349857838347965,-0.034247384049746366
2021-09-14,1163703.352746861,-0.005180395472567323,-0.039250364529035076
2021-09-15,1159806.4924553009,-0.0033486715341687345,-0.04246759948479972
2021-09-16,1147673.508388299,-0.010461214130054075,-0.05248455096305393
2021-09-17,1144832.718245265,-0.0024752598385087143,-0.0548298979004217
2021-09-22,1141655.697937255,-0.002775095660158655,-0.05745283534886991
2021-09-23,1152062.5216613351,0.00911555361470473,-0.04886099613510464
2021-09-24,1153718.8883021649,0.0014377402351750668,-0.04749350532000385
2021-09-27,1149625.0942718172,-0.0035483461975491792,-0.050873328118542394
2021-09-28,1151080.9133238113,0.00126634244437418,-0.04967140872885134
2021-09-29,1132966.8780070667,-0.015736543892852173,-0.06462629631802219
2021-09-30,1145834.4267609103,0.011357391821090301,-0.054002890666161596
2021-10-08,1146663.5203458103,0.0007235718927067758,-0.05331839374726577
2021-10-11,1149401.846138905,0.0023880813721786076,-0.051057641037989376
2021-10-12,1135726.699600057,-0.01189762012718698,-0.062347796747516004
2021-10-13,1146546.9007795225,0.009527117028485632,-0.05341467447511217
2021-10-14,1138490.9437011224,-0.007026277837324346,-0.06006564596898423
2021-10-15,1143430.8306694427,0.004338977833465263,-0.05598729164193106
2021-10-18,1150375.7335417625,0.006073741135923072,-0.05025360282234237
2021-10-19,1162807.8460230427,0.010807001676751637,-0.03998969191555457
2021-10-20,1166740.6756233624,0.0033821835772527287,-0.03674276081755801
2021-10-21,1166540.9575064105,-0.0001711760986177202,-0.036907647433726654
2021-10-22,1167311.4841745384,0.0006605226016023202,-0.03627150316742622
2021-10-25,1176500.9707306984,0.007872351707957748,-0.028684693489378854
2021-10-26,1175570.2355364584,-0.0007911044847348503,-0.029453105384451006
2021-10-27,1166066.4780810983,-0.008084380812026226,-0.03729937607645262
2021-10-28,1161274.1839726185,-0.004109794937563138,-0.041255878227042464
2021-10-29,1163377.2797258764,0.0018110242889093353,-0.039519569335662585
2021-11-01,1170857.9793655165,0.006430157928993374,-0.0333435284787833
2021-11-02,1153608.4577083322,-0.014732377419959697,-0.0475846764526805
2021-11-03,1157300.7672853242,0.0032006609801793484,-0.0445363178896776
2021-11-04,1153079.0214259643,-0.0036479245315483855,-0.0480217772946514
2021-11-05,1143102.9441446844,-0.00865168570055408,-0.05625799367127016
2021-11-08,1149006.5301317703,0.005164526972243344,-0.051384012624746456
2021-11-09,1148140.1163165208,-0.0007540547355724403,-0.05209932100226644
2021-11-10,1143788.9225238808,-0.003789775943549123,-0.055691652192405905
2021-11-11,1157404.908045577,0.01190428168481561,-0.04445033962278144
2021-11-12,1161458.1584244568,0.0035020158897756115,-0.04110398952867067
2021-11-15,1161764.1444558168,0.00026344989627102855,-0.04085136847417736
2021-11-16,1158819.8149614027,-0.0025343607895501608,-0.04328219715726711
2021-11-17,1164043.003753323,0.004507334724936918,-0.03896994978254875
2021-11-18,1160689.341371003,-0.00288104680970247,-0.041738722342755996
2021-11-19,1166717.6865018832,0.005193762806298796,-0.036761740560143474
2021-11-22,1171791.5460641228,0.004348832301884764,-0.03257277890308019
2021-11-23,1171166.0203809552,-0.0005338199317691528,-0.03308921083623784
2021-11-24,1164968.5911186053,-0.005291674412082004,-0.03820578791802176
2021-11-25,1162768.3332448117,-0.0018886842877720023,-0.04002231353445107
2021-11-26,1160704.2897892378,-0.0017751115132401685,-0.041726380978149735
2021-11-29,1161605.3623028698,0.0007763153126587596,-0.040982458493986185
2021-11-30,1164017.2290347097,0.0020763219679516,-0.03899122930490617
2021-12-01,1164053.0509067457,3.0774348645845606e-05,-0.03896165488594516
2021-12-02,1164982.200768042,0.0007982023332806509,-0.038194551836503
2021-12-03,1172701.13885669,0.006625799161188217,-0.031821822104835196
2021-12-06,1166503.687141984,-0.005284766518388495,-0.03693841772320994
2021-12-07,1176912.750640218,0.008923300983074256,-0.02834472935931831
2021-12-08,1197812.0691639162,0.01775774670835162,-0.011090321175446283
2021-12-09,1216372.564984252,0.015495332112733795,0.0
2021-12-10,1215864.9628529404,-0.00041730810602269575,-0.00041730810602269575
2021-12-13,1219113.1010878203,0.002671462978304895,0.0
2021-12-14,1216110.5458903804,-0.0024629012638455183,-0.0024629012638455183
2021-12-15,1212128.3066682604,-0.003274570091984841,-0.005729406413012339
2021-12-16,1215548.1251840398,0.002821333762247802,-0.002924237218515202
2021-12-17,1209583.2642929996,-0.004907136761974851,-0.007817024348534263
2021-12-20,1202826.0471128398,-0.005586401018957132,-0.013359756334705541
2021-12-21,1208623.6779080508,0.0048200076886655285,-0.008604142774292
2021-12-22,1217906.7682542908,0.007680711966778331,-0.0009895167498840118
2021-12-23,1216641.9597811836,-0.001038510094594658,-0.0020269992213450827
2021-12-24,1206924.2370611834,-0.007987331557879118,-0.00999814046437586
2021-12-27,1212155.2587549742,0.004334175694845621,-0.005707298466924415
2021-12-28,1221777.6826591743,0.007938276746894068,0.0
2021-12-29,1219552.9259807742,-0.0018209177577691582,-0.0018209177577691582
2021-12-30,1228039.6888578194,0.006958913136320133,0.0
2021-12-31,1226798.0443949779,-0.0010110784481212054,-0.0010110784481212054
2022-01-04,1219855.243180258,-0.005659286177085443,-0.006664642642921104
2022-01-05,1218685.426137058,-0.0009589802148574078,-0.007617231597344842
2022-01-06,1223910.2708613493,0.004287279237311203,-0.0033626095589066596
2022-01-07,1223059.463854128,-0.0006951547245555023,-0.004055426749540514
2022-01-10,1213401.887885348,-0.007896244012819298,-0.011919648123169257
2022-01-11,1198763.806021808,-0.012063671574675472,-0.023839524977601112
2022-01-12,1208730.3299718043,0.008314001390374859,-0.01572372543103595
2022-01-13,1187597.2741802842,-0.017483681237661197,-0.032932498065392335
2022-01-14,1187221.1226904443,-0.00031673320410707806,-0.033238800453867845
2022-01-17,1193607.83448542,0.005379546971420401,-0.02803806317076274
2022-01-18,1203753.0686118533,0.008499637681087302,-0.01977673886790643
2022-01-19,1201357.759371182,-0.001989867609171303,-0.021727253384989487
2022-01-20,1207035.252273262,0.0047258968927388345,-0.01710403725151044
2022-01-21,1197233.0885872326,-0.008120859492354082,-0.025085997260593018
2022-01-24,1209122.6079377928,0.009930830899929521,-0.015404291157414596
2022-01-25,1188309.8604657927,-0.017213099263355125,-0.03235223482799554
2022-01-26,1189796.0601920206,0.001250683660611429,-0.03114201357886781
2022-01-27,1161068.2449707377,-0.02414515914319515,-0.05453524384816166
2022-01-28,1155935.4255720763,-0.004420773215437213,-0.058714929118297565
2022-02-07,1163906.0329352475,0.006895374245690755,-0.052224416282686814
2022-02-08,1158916.7541982634,-0.004286667991918347,-0.056287215540929414
2022-02-09,1161289.1730812252,0.002047100341217467,-0.05435534077785209
2022-02-10,1157278.45133826,-0.003453680475056675,-0.05762129527374915
2022-02-11,1155152.489856208,-0.001837035399383402,-0.0593524783139564
2022-02-14,1145428.6229869002,-0.00841782098441235,-0.06727068076094067
2022-02-15,1151341.7369083394,0.005162359140301387,-0.06245559703433978
2022-02-16,1154228.8904056514,0.0025076425224233034,-0.06010457082280318
2022-02-17,1154230.7812264913,1.6381680061350323e-06,-0.06010303111618209
2022-02-18,1157557.2769622994,0.0028820022736468776,-0.05739424591486508
2022-02-21,1159711.2734779795,0.001860812038029458,-0.0556402337805475
2022-02-22,1154478.5042583954,-0.004512131027139987,-0.059901308782489004
2022-02-23,1160774.7448628433,0.005453752998625605,-0.05477424272625764
2022-02-24,1147688.5877699475,-0.011273640429213527,-0.06543037803819296
2022-02-25,1146601.979899182,-0.0009467793636224187,-0.06631520927013468
2022-02-28,1146148.932601102,-0.00039512167781174945,-0.0666841283711952
2022-03-01,1149867.1359132621,0.0032440839112610753,-0.06365637336791974
2022-03-02,1147288.340013982,-0.002242690323723262,-0.06575630215904749
2022-03-03,1152648.482347822,0.004672009770250618,-0.061391506474939406
2022-03-04,1147476.3917144907,-0.004487136115250312,-0.0656031705443163
2022-03-07,1140086.5565631308,-0.006440075983017324,-0.07162075712430149
2022-03-08,1130887.657983041,-0.0080685966579771,-0.07911147478070368
2022-03-09,1122811.1278047084,-0.007141761713747141,-0.08568824119274387
2022-03-10,1136278.3420777107,0.011994193804734543,-0.07472180875966195
2022-03-11,1150568.0307314065,0.01257586994711768,-0.06308563056171912
2022-03-14,1119990.716175959,-0.026575842313304898,-0.0879849191049803
2022-03-15,1098267.0131009188,-0.019396324238483365,-0.10567465932440678
2022-03-16,1122683.351201827,0.022231695762189307,-0.08579229043809067
2022-03-17,1135719.2369035867,0.011611364582724937,-0.07517709141802953
2022-03-18,1152337.5176075788,0.014632384628176176,-0.06164472690670941
2022-03-21,1147280.099506795,-0.0043888340208551035,-0.06576301245290994
2022-03-22,1147307.220996715,2.3639815535547726e-05,-0.06574092726285785
2022-03-23,1147093.4980053548,-0.00018628226812211768,-0.06591496316194101
2022-03-24,1146985.4822459947,-9.416473857437602e-05,-0.06600292103524108
2022-03-25,1143216.9010312748,-0.0032856398559991673,-0.0690716990632746
2022-03-28,1143820.9651091439,0.000528389737174173,-0.0685798061030145
2022-03-29,1142663.0521336237,-0.0010123201190054276,-0.06952270150454432
2022-03-30,1148790.4757152237,0.0053624063280584,-0.06453310415097757
2022-03-31,1148768.7127648238,-1.894422948300889e-05,-0.0645508258505263
2022-04-01,1153991.6359180238,0.004546540217507777,-0.060297768558821296
2022-04-06,1153484.2689207327,-0.0004396626296927497,-0.060710920513024735
2022-04-07,1150840.0194653727,-0.002292401835557012,-0.0628641485229594
2022-04-08,1153754.8022276128,0.0025327436593614028,-0.060490623637170726
2022-04-11,1151341.5872477726,-0.0020916185789050523,-0.06245571890382673
2022-04-12,1153494.6864336927,0.0018700785325291847,-0.06070243747045334
2022-04-13,1154130.7681527329,0.0005514387942320287,-0.06018447235514679
2022-04-14,1158376.5585821727,0.003678777610474304,-0.056727100034070777
2022-04-15,1154993.1615965727,-0.002920809265806623,-0.05948222026047556
2022-04-18,1153396.9508804127,-0.0013820088025053856,-0.06078202411098843
2022-04-19,1150792.5331498527,-0.002258041109413411,-0.06290281691124588
2022-04-20,1153325.2591095327,0.0022008536610398366,-0.06084040314509498
2022-04-21,1151442.8275802927,-0.001632177492317588,-0.06237327830077566
2022-04-22,1149707.3754420197,-0.001507197836231322,-0.0637864672669134
2022-04-25,1133532.5277517794,-0.014068664806139553,-0.07695774164590696
2022-04-26,1132962.806658445,-0.0005026067443026916,-0.07742166891023206
2022-04-27,1136187.5216025873,0.0028462672606643924,-0.07479576441105285
2022-04-28,1139388.0160493073,0.0028168716746737044,-0.0721895828065342
2022-04-29,1141492.1484499474,0.0018467215478847887,-0.07047617531675099
2022-05-05,1141974.755371786,0.000422786019592003,-0.07008318563879734
2022-05-06,1132686.3148404278,-0.008133665378911248,-0.07764681783703442
2022-05-09,1129392.085290708,-0.0029083334958309726,-0.08032932849170527
2022-05-10,1142754.2844645663,0.011831320006478352,-0.06944841047651784
2022-05-11,1132457.7398976863,-0.009010287431741593,-0.0778329477681885
2022-05-12,1132476.88880771,1.6909160800437917e-05,-0.0778173546972174
2022-05-13,1145155.34621219,0.011195334341726149,-0.06749321165891531
2022-05-16,1141721.0545565886,-0.0029989744770969606,-0.0702897757168699
2022-05-17,1142125.6916927486,0.0003544098048686717,-0.06996027729769716
2022-05-18,1141114.4146898687,-0.0008854340728304821,-0.07078376615726367
2022-05-19,1139657.6699852287,-0.0012765982848756963,-0.0719700020076659
2022-05-20,1143710.4066783488,0.003556100046404831,-0.06866983448874031
2022-05-23,1141458.5167129086,-0.0019689337023524045,-0.07050356183963291
2022-05-24,1137499.4299323547,-0.0034684456093551086,-0.0737274696794814
2022-05-25,1138416.6896686747,0.0008063825899011778,-0.07298053963752726
2022-05-26,1141054.2745756346,0.002316888825415475,-0.07083273860887063
2022-05-27,1141231.0964722745,0.00015496361617484133,-0.0706887514900143
2022-05-30,1142912.9242085947,0.0014736960301195978,-0.06931922919233968
2022-05-31,1144711.9702028346,0.0015740884157782187,-0.06785425537222389
2022-06-01,1144175.4149477945,-0.00046872511951190354,-0.06829117549777708
2022-06-02,1145137.1234636346,0.0008405254153132091,-0.06750805055111142
2022-06-06,1144676.6182258746,-0.00040213982092129896,-0.06788304269667333
2022-06-07,1144094.9009881145,-0.000508193518149902,-0.06835673849253243
2022-06-08,1141832.5710284347,-0.0019773971177792227,-0.07019896719263585
2022-06-09,1138802.5298367545,-0.00265366505437048,-0.07266634770091429
2022-06-10,1141209.8070514747,0.002113867111855905,-0.07070608759160202
2022-06-13,1141258.9785817147,4.308719565515595e-05,-0.07066604692297696
2022-06-14,1145461.0650457146,0.003681974506103858,-0.06724426300009079
2022-06-15,1147379.3790169146,0.0016747090143334198,-0.06568216855916575
2022-06-16,1145724.5512690747,-0.0014422672902295597,-0.06702970460613111
2022-06-17,1147502.2762316347,0.0015516163641522418,-0.0655820926285301
2022-06-20,1149713.3849420347,0.0019268883000922443,-0.06378157369541926
2022-06-21,1150271.5800989945,0.0004855080964270009,-0.06332703206942425
2022-06-22,1146595.8383799547,-0.003195542498514614,-0.06632021034565616
2022-06-23,1150827.7486263546,0.003690847380345641,-0.0628741407399287
2022-06-24,1153949.3230442747,0.0027124601589125774,-0.060332224182799044
2022-06-27,1161012.2599953148,0.006120664755369987,-0.054580832745597885
2022-06-28,1161434.5677661947,0.0003637410089722959,-0.054236945023798944
2022-06-29,1160254.2807498747,-0.0010162320367217426,-0.05519805973941361
2022-06-30,1163877.4287037947,0.0031227188850175835,-0.0522477088779606
2022-07-01,1163441.9952369148,-0.00037412313027229693,-0.05260228493183794
2022-07-04,1164158.8497239547,0.0006161497435837049,-0.05201854607262679
2022-07-05,1159160.8644918378,-0.004293215855638577,-0.05608843508147909
2022-07-06,1154215.3082396777,-0.004266496914842044,-0.06011563086108773
2022-07-07,1156428.4969936707,0.0019174834523452144,-0.0583134181361461
2022-07-08,1151723.8404511642,-0.0040682641034331946,-0.062144447853827445
2022-07-11,1151731.0672420305,6.274760157465309e-06,-0.06213856303517551
2022-07-12,1153707.6568557906,0.0017161902374425164,-0.06052901439298253
2022-07-13,1153857.6499193108,0.0001300095935299339,-0.060406874152010626
2022-07-14,1152919.523975179,-0.0008130343844384713,-0.061170795670707045
2022-07-15,1153579.2979409979,0.0005722636767777622,-0.06063353781837133
2022-07-18,1168207.968686838,0.01268111413922779,-0.04872132449288347
2022-07-19,1166708.627780598,-0.0012834537568900961,-0.04994224668281255
2022-07-20,1170303.4305233178,0.0030811486751050055,-0.04701497749490591
2022-07-21,1158391.810355478,-0.010178232291870981,-0.056714680424636676
2022-07-22,1156865.596691756,-0.0013175280160635516,-0.05795748526031863
2022-07-25,1159322.4320120758,0.002123699872608853,-0.055956869691773936
2022-07-26,1169977.0242296758,0.009190361476149711,-0.047280772075165456
2022-07-27,1161889.4377541558,-0.006912602818713309,-0.05386654169556104
2022-07-28,1159485.9160120757,-0.0020686320608318542,-0.05582374370123533
2022-07-29,1140547.1430379958,-0.016333767157101664,-0.07124569882688325
2022-08-01,1141901.3733311158,0.0011873514403910601,-0.07014294106961605
2022-08-02,1128022.4437127435,-0.012154227976699294,-0.08144463574959893
2022-08-03,1127462.1487830793,-0.0004967054802739179,-0.08190088723295719
2022-08-04,1127398.4493919592,-5.6498030722273995e-05,-0.08195275802483637
2022-08-05,1132207.322207982,0.004265459845732789,-0.07803686437770563
2022-08-08,1130895.035232942,-0.0011590518355601986,-0.07910546744236746
2022-08-09,1132725.0446097148,0.0016181956059218017,-0.07761527995626538
2022-08-10,1120028.965802751,-0.011208438329655013,-0.08795377220709166
2022-08-11,1136913.026619791,0.015074664435074547,-0.07420498137383802
2022-08-12,1131010.7932053911,-0.00519145552580047,-0.07901120503904346
2022-08-15,1125662.3020604309,-0.0047289479261308776,-0.08336651309096388
2022-08-16,1128261.3145097108,0.0023088740242278583,-0.08125012184330216
2022-08-17,1141870.6104951631,0.01206218436317319,-0.07016799142933305
2022-08-18,1135939.512264203,-0.005194194663078466,-0.07499771988581028
2022-08-19,1129685.3810495385,-0.005505690353352133,-0.08009049601626372
2022-08-22,1137431.6506830584,0.0068570150268947305,-0.07378266272406397
2022-08-23,1134779.2348719207,-0.0023319342393408604,-0.07594254064592887
2022-08-24,1120480.6774573014,-0.012600298785193309,-0.08758594072847681
2022-08-25,1124754.2375618406,0.0038140417684284778,-0.08410595539631383
2022-08-26,1126738.0491170788,0.0017637733550919243,-0.08249052588435457
2022-08-29,1132668.5878402002,0.005263458288080836,-0.07766125303842775
2022-08-30,1130429.5983452958,-0.001976738402513445,-0.07948447545967285
2022-08-31,1133526.923561456,0.00273995410301886,-0.07696230517131608
2022-09-01,1135481.3752065466,0.0017242216346744499,-0.07537078360827232
2022-09-02,1123929.5817220116,-0.01017347685023351,-0.08477747753628306
2022-09-05,1129371.6040693908,0.0048419602401079676,-0.08034600647166235
2022-09-06,1160001.8486985709,0.02712149350914439,-0.055403616655524734
2022-09-07,1163718.0984813408,0.003203658500147366,-0.05237745242281466
2022-09-08,1160798.7215699807,-0.00250866332247468,-0.05475471835147161
2022-09-09,1165967.7106401408,0.004452958961885356,-0.05054557990337494
2022-09-13,1167495.3963220809,0.0013102298356970632,-0.04930157639452992
2022-09-14,1165098.8459240573,-0.002052727921303399,-0.051253101593404016
2022-09-15,1155587.8209939771,-0.00816327727330024,-0.058997985587280644
2022-09-16,1142715.0417244786,-0.011139594097163474,-0.06948036607245156
2022-09-19,1134218.799548164,-0.007435136377913487,-0.07639890645302905
2022-09-20,1134221.1764610393,2.0956387569714963e-06,-0.07639697091878128
2022-09-21,1128739.8414023994,-0.004832686227692062,-0.08086045455727686
2022-09-22,1125460.244657944,-0.002905538215414394,-0.0835310496318592
2022-09-23,1121120.8029414641,-0.003855704132666782,-0.08706468275125445
2022-09-26,1123080.219975276,0.0017477305109947494,-0.08546911784273414
2022-09-27,1130805.3144695181,0.006878488603790256,-0.07917852759200106
2022-09-28,1124798.9565317184,-0.005311575618670905,-0.08406954047399207
2022-09-29,1121718.527002283,-0.0027386489928243885,-0.08657795250447009
2022-09-30,1116411.7883263854,-0.004730900442626473,-0.09089926127327153
2022-10-10,1114202.7040563056,-0.001978736066009734,-0.0926981316926262
2022-10-11,1116063.6199385456,0.0016701771369476148,-0.0911827768558694
2022-10-12,1122051.3343769456,0.0053650296734246705,-0.08630694548598172
2022-10-13,1122977.3317925157,0.0008252718812409299,-0.08555290030000628
2022-10-14,1127585.846831122,0.004103836211235112,-0.08180015917899852
2022-10-17,1131457.3562962417,0.003433449857498605,-0.07864756606637635
2022-10-18,1131993.4732787202,0.0004738287125847229,-0.0782110028287688
2022-10-19,1126535.675198568,-0.0048214041944465436,-0.08265532016612487
2022-10-20,1122325.3348649682,-0.0037374229918264446,-0.08608382526396563
2022-10-21,1123395.2219358482,0.0009532771270897022,-0.08521260987851242
2022-10-24,1111967.7814020882,-0.010172235301186383,-0.0945180424613864
2022-10-25,1116791.5430512964,0.004338040840649038,-0.09059002474911315
2022-10-26,1108871.9055581763,-0.0070914196497960935,-0.09703903251732782
2022-10-27,1109818.9594977603,0.0008540697395587049,-0.09626784087899831
2022-10-28,1106608.5323265602,-0.002892748536799994,-0.09888211075995468
2022-10-31,1091760.0399371604,-0.013418017262330273,-0.11097332615317224
2022-11-01,1101419.0984679442,0.008847235818724153,-0.10310789752051341
2022-11-02,1104674.6319730245,0.0029557627152176913,-0.1004568972844313
2022-11-03,1104180.4730047043,-0.0004473344041924232,-0.10085929386232995
2022-11-04,1106024.1169471042,0.001669694390974863,-0.09935800366859482
2022-11-07,1104811.6177538245,-0.001096268313413029,-0.10034534895090197
2022-11-08,1104363.8227509444,-0.00040531344501104627,-0.10070999107683887
2022-11-09,1106709.2340059844,0.0021237668300266854,-0.09880010878531342
2022-11-10,1104826.1505103044,-0.0017015160240994032,-0.10033351484113195
2022-11-11,1114608.3314152644,0.008854045408358324,-0.09236782692915713
2022-11-14,1118453.1192693445,0.0034494519246937028,-0.08923699338284397
2022-11-15,1120036.4283416574,0.0014156239944569382,-0.08794769541741287
2022-11-16,1117355.2351038973,-0.002393844673186152,-0.09013100696840504
2022-11-17,1116040.3901067772,-0.001176747515751142,-0.0912016930456141
2022-11-18,1117496.0361010174,0.0013042950838910716,-0.09001635188160484
2022-11-21,1118877.5022223862,0.0012362156792866674,-0.08889141582790638
2022-11-22,1114006.8089500663,-0.004353196183358166,-0.09285765023914927
2022-11-23,1112565.1114055864,-0.0012941550562323156,-0.0940316330978147
2022-11-24,1109306.7999585462,-0.002928647872953438,-0.09668489542850589
2022-11-25,1107352.5506031862,-0.0017616851852282345,-0.09827625226582248
2022-11-28,1104163.7543421169,-0.002879657665783464,-0.1008729079684042
2022-11-29,1109524.2945497967,0.004854841672351284,-0.09650778829326923
2022-11-30,1110963.1920483974,0.0012968598395446396,-0.09533608552856554
2022-12-01,1108789.6390512774,-0.001956458155118801,-0.09710602262167489
2022-12-02,1108894.9155351175,9.494721102387693e-05,-0.09702029535667256
2022-12-05,1113636.8997296775,0.004276315210870685,-0.09315886951059882
2022-12-06,1112966.2237296775,-0.0006022393835574125,-0.09370500495400924
2022-12-07,1111116.2764976774,-0.0016621773352659686,-0.09521142795383974
2022-12-08,1112751.4359933573,0.0014716367046967438,-0.09387990788122647
2022-12-09,1119532.8574621573,0.006094282379196514,-0.0883577561703911
2022-12-12,1116860.0682637573,-0.002387414697643475,-0.09053422426230262
2022-12-13,1114940.5415130374,-0.0017186815119138998,-0.09209730627678148
2022-12-14,1115334.5840115973,0.00035342019048401063,-0.09177643513382483
2022-12-15,1112060.8940288774,-0.002935164057179418,-0.09444222029730331
2022-12-16,1115465.2407565573,0.0030612952455744136,-0.09167004057170647
2022-12-19,1113993.4385216772,-0.0013194514549659253,-0.09286853785826332
2022-12-20,1111754.4583356772,-0.0020098683785527705,-0.09469175269921226
2022-12-21,1113317.2856054371,0.0014057306071877385,-0.09341913318704209
2022-12-22,1110874.7090900068,-0.002193962625939183,-0.09540813772622114
2022-12-23,1113973.9825090987,0.0027899396698218837,-0.09288438100466556
2022-12-26,1121362.07338154,0.006632193380136542,-0.08686821480134632
2022-12-27,1128814.1088941183,0.006645521272274024,-0.08079997809841899
2022-12-28,1126876.30924522,-0.0017166685228596767,-0.0823779398422293
2022-12-29,1124063.624823982,-0.002496001023503558,-0.08466832544357261
2022-12-30,1125987.2215485799,0.0017112881176091221,-0.08310192922523296
2023-01-03,1124165.2920894378,-0.0016180729445901543,-0.08458553718650053
2023-01-04,1128394.5166438944,0.0037621020540457017,-0.0811416545556467
2023-01-05,1131859.4882988522,0.0030707094051320993,-0.07832010759230668
2023-01-06,1132181.5915538922,0.00028457883542065687,-0.07805781700189451
2023-01-09,1133981.6095596524,0.0015898668722300613,-0.07659205166703442
2023-01-10,1135049.8329959721,0.0009420112524880508,-0.07572219098906785
2023-01-11,1136200.5302222122,0.0010137856442855586,-0.07478517141496088
2023-01-12,1134306.0797466922,-0.0016673557397033356,-0.07632783366986073
2023-01-13,1138634.8929498922,0.0038162655393390033,-0.0728028554118485
2023-01-16,1140802.7717801323,0.001903927978725184,-0.0710375388264729
2023-01-17,1143292.3408002923,0.002182295732219508,-0.06901026801206178
2023-01-18,1141042.9640783723,-0.001967455428193876,-0.0708419488138542
2023-01-19,1141696.1283420522,0.0005724274056650991,-0.07031007328116079
2023-01-20,1141911.4978498924,0.00018863995637175002,-0.07013469661394545
2023-01-30,1139880.3238671722,-0.0017787490418869067,-0.07178869363142715
2023-01-31,1135016.7961495724,-0.004266700298062753,-0.07574909308897515
2023-02-01,1134240.8099174316,-0.0006836781929335789,-0.07638098327882936
2023-02-02,1138161.887126009,0.0034570059323317803,-0.07318802685880976
2023-02-03,1133438.710831708,-0.004149828199068839,-0.07703413732018571
2023-02-06,1130470.3792407631,-0.002618872606500955,-0.07945126733469332
2023-02-07,1131951.5404333633,0.0013102167202247994,-0.07824514899337354
2023-02-08,1133687.0991086755,0.0015332446781668452,-0.07683187327349317
2023-02-09,1140442.900750818,0.005959141325198036,-0.0713305839394115
2023-02-10,1141628.6201939853,0.0010397008411264785,-0.07036504556640488
2023-02-13,1152786.7596551052,0.009773878530851654,-0.06127890644373701
2023-02-14,1154245.9009580286,0.001265751268135551,-0.060090719029142536
2023-02-15,1149710.9164447484,-0.003928958733590671,-0.0637835838073958
2023-02-16,1146269.4333336924,-0.0029933464680826916,-0.066586003910167
2023-02-17,1140353.4184147571,-0.005161103268478295,-0.0714034499362296
2023-02-20,1160670.412052837,0.017816400871865756,-0.05485920155206181
2023-02-21,1159634.311640661,-0.0008926740971568758,-0.05570290426100255
2023-02-22,1155043.4070435409,-0.003958924422152399,-0.05944130509509127
2023-02-23,1156644.362980181,0.0013860569454595684,-0.05813763718340592
2023-02-24,1148524.1582253603,-0.007020485306216573,-0.06474996806203814
2023-02-27,1141377.3386360193,-0.00622261146024472,-0.0705696656289696
2023-02-28,1147036.2879001792,0.004958000367277782,-0.06596154968979895
2023-03-01,1151866.054138259,0.004210648162597863,-0.06202864240520456
2023-03-02,1146148.9382300463,-0.004963351326895293,-0.06668412378751243
2023-03-03,1147798.5433386862,0.0014392589423739555,-0.06534084056661416
2023-03-06,1139684.8509404461,-0.007068916793219859,-0.07194786839466949
2023-03-07,1120663.2023314862,-0.016690270642154892,-0.08743730964119123
2023-03-08,1120606.2727606492,-5.07998930620035e-05,-0.08748366772827376
2023-03-09,1114137.236510743,-0.005772800319928217,-0.0927514423031518
2023-03-10,1095774.4333091949,-0.016481634936694745,-0.10770438182795417
2023-03-13,1106794.5502952759,0.01005692106978695,-0.09873063522508119
2023-03-14,1099193.453475405,-0.006867667371368125,-0.10492025343435951
2023-03-15,1102775.8393972814,0.003259104128167545,-0.10200309533728835
2023-03-16,1095662.486388596,-0.0064504070134263625,-0.10779554086915988
2023-03-17,1089534.8027244587,-0.005592674514516505,-0.11278535000947887
2023-03-20,1079756.9847090335,-0.008974305355804235,-0.12074748519463674
2023-03-21,1100715.960533137,0.01941082680724815,-0.1036804669099125
2023-03-22,1092846.612145802,-0.0071492997916768886,-0.11008852396110946
2023-03-23,1108352.560575562,0.014188586264008318,-0.09746193821600058
2023-03-24,1102344.9005162017,-0.005420351134697188,-0.10235401142329892
2023-03-27,1103548.531620185,0.0010918824983174868,-0.10137388747868714
2023-03-28,1110388.0368752643,0.006197738530844488,-0.09580443779629066
2023-03-29,1108991.037854008,-0.0012581178604802457,-0.09694202238246619
2023-03-30,1126280.8152432034,0.015590547442703162,-0.08286285413890848
2023-03-31,1120457.2842896995,-0.005170585234772429,-0.08760498992355914
2023-04-03,1126917.4024312994,0.005765608588724769,-0.08234447741715278
2023-04-04,1137396.1159033184,0.00929856389599748,-0.07381159890590117
2023-04-06,1135691.6012930817,-0.0014986112458129641,-0.07519959525952236
2023-04-07,1136548.0515786817,0.0007541222323250718,-0.07450218271384423
2023-04-10,1136918.0630743615,0.00032555728300787123,-0.07420088015901882
2023-04-11,1135718.1918321215,-0.0010553717820221964,-0.07517794242592013
2023-04-12,1142859.1415626816,0.006287607068299783,-0.06936302471979783
2023-04-13,1141429.7187878017,-0.0012507427406368565,-0.07052701216079782
2023-04-14,1140703.9365282506,-0.0006358536558185302,-0.07111802095809983
2023-04-17,1143879.5324821707,0.0027838914658129266,-0.06853211434389772
2023-04-18,1144555.3169555306,0.0005907829051661206,-0.06798181904034095
2023-04-19,1144925.4312480106,0.00032336951040901063,-0.0676804327774716
2023-04-20,1146086.8766860268,0.0010144288931988044,-0.06673466087078639
2023-04-21,1133452.332328244,-0.011024072096799675,-0.07702304525479098
2023-04-24,1129728.0484920102,-0.0032857877918728295,-0.08005575166487278
2023-04-25,1105011.055761563,-0.021878710335146767,-0.10018294539868133
2023-04-26,1100785.1998139636,-0.003824265762379042,-0.10362408495299791
2023-04-27,1094609.1958194356,-0.005610544178438981,-0.10865324162485779
2023-04-28,1113122.5747506358,0.016913231682966767,-0.09357768739059746
2023-05-04,1102953.2382650822,-0.009135864024527263,-0.10185863838739462
2023-05-05,1093728.746958021,-0.00836344732218297,-0.10937019635311529
2023-05-08,1099645.0634058379,0.005409308719617867,-0.10455250479029665
2023-05-09,1093079.0663457224,-0.005971014901643978,-0.1098992351278335
2023-05-10,1091833.8925896068,-0.0011391433560962172,-0.1109131875003938
2023-05-11,1091331.8673367922,-0.00045980002656254015,-0.11132198964039763
2023-05-12,1077568.3123558303,-0.01261170446213522,-0.12252973406905132
2023-05-15,1086373.8666662036,0.008171690100205575,-0.11535931898371865
2023-05-16,1074253.240853653,-0.011156956352186165,-0.1252292164491856
2023-05-17,1076477.0939142434,0.002070138563252666,-0.12341831971615025
2023-05-18,1087413.0143046726,0.010158990332682638,-0.11451313490033987
2023-05-19,1086919.6226573298,-0.000453729761233701,-0.114914906644217
2023-05-22,1089118.5660041869,0.002023096557481452,-0.11312429403877078
2023-05-23,1076354.435679363,-0.011719688492368152,-0.12351820104408551
2023-05-24,1066263.1382170804,-0.009375440958640513,-0.13173560440151966
2023-05-25,1066464.0187507076,0.00018839677226689666,-0.13157202619191466
2023-05-26,1069314.7817593478,0.002673098162261134,-0.1292506329710722
2023-05-29,1074844.3857766276,0.005171165789162657,-0.12474784363335711
2023-05-30,1078571.0672419702,0.003467182333235952,-0.12171318481967597
2023-05-31,1077657.90625781,-0.000846639606692956,-0.12245677722344395
2023-06-01,1081001.0186392502,0.003102201878747435,-0.11973446098906426
2023-06-02,1085566.97579637,0.004223823177213593,-0.11601637500328754
2023-06-05,1086483.9442891702,0.000844690851181662,-0.11526968212265842
2023-06-06,1086226.1315547703,-0.0002372908829026965,-0.11547962056091832
2023-06-07,1084613.4599854103,-0.0014846554713718874,-0.11679282858179252
2023-06-08,1091209.5762087703,0.006081536387579689,-0.1114215720310413
2023-06-09,1091631.2312231702,0.00038641066170330696,-0.11107821585271449
2023-06-12,1091022.1010188502,-0.0005579999792030277,-0.11157423418978185
2023-06-13,1096172.8155231702,0.004720999235038326,-0.10737997682900347
2023-06-14,1098892.5280758103,0.002481098339719434,-0.1051652987715136
2023-06-15,1105438.3657033301,0.005956758700490727,-0.0998349843794697
2023-06-16,1107919.3852875703,0.0022443762232384756,-0.09781467542141997
2023-06-19,1107968.981650895,4.476531775088333e-05,-0.0977742888086951
2023-06-20,1108886.591743215,0.0008281911384855345,-0.09702707346977268
2023-06-21,1103823.269478575,-0.004566131741822299,-0.1011501668116086
2023-06-26,1095900.9482222323,-0.007177164565560501,-0.10760135998412834
2023-06-27,1101478.575801326,0.005089536228745528,-0.10305946477528427
2023-06-28,1102939.3219491662,0.0013261684611318714,-0.10186997052595836
2023-06-29,1104513.988681046,0.0014277002374862846,-0.10058771006958467
2023-06-30,1103978.7891241258,-0.0004845566125960543,-0.10102352624212063
2023-07-03,1110182.325314206,0.005619253061013962,-0.0959719499401771
2023-07-04,1106484.0529011532,-0.003331229770755173,-0.09898347509413419
2023-07-05,1108307.7086605132,0.001648153676122588,-0.09749846139636342
2023-07-06,1106434.5311705933,-0.0016901240289880493,-0.09902380093295615
2023-07-07,1107348.4518921226,0.0008260052409629903,-0.09827958987054386
2023-07-10,1105824.6875894987,-0.001376047711106887,-0.09952040017696084
2023-07-11,1107267.823698947,0.0013050315530520606,-0.0983452458863121
2023-07-12,1106746.7237104669,-0.0004706178372810843,-0.0987695806966673
2023-07-13,1110632.886998387,0.0035113393197059306,-0.09560505488925253
2023-07-14,1113781.264775027,0.0028347600845395338,-0.09304131219819312
2023-07-17,1112462.2113395869,-0.0011843020502833035,-0.09411542523167904
2023-07-18,1112359.768841027,-9.208627269818859e-05,-0.09419884476566431
2023-07-19,1115733.477322307,0.0030329292516528827,-0.09145161394577295
2023-07-20,1115173.672817987,-0.0005017367639299497,-0.0919074660728656
2023-07-21,1112391.9378264048,-0.0024944410537892647,-0.09417264937013292
2023-07-24,1115089.226342812,0.002424764531894663,-0.09197623133830546
2023-07-25,1118643.4650580226,0.0031874029730047937,-0.08908199367851422
2023-07-26,1114304.3601478622,-0.0038788989036245836,-0.09261535253452646
2023-07-27,1112390.007483923,-0.0017179800532101108,-0.09417422125946129
2023-07-28,1119937.136351516,0.006784606852648256,-0.08802854947371275
2023-07-31,1121050.958944093,0.000994540279470879,-0.08712155713243686
2023-08-01,1128087.6032387875,0.006276828219586195,-0.08139157596119373
2023-08-02,1124689.362502715,-0.0030123908163833812,-0.08415878354162065
2023-08-03,1128364.315517926,0.0032675271392565985,-0.08116624751159307
2023-08-04,1135303.3191806928,0.006149612822151207,-0.0755157756858651
2023-08-07,1136066.6728415913,0.0006723786040274682,-0.07489417227367534
2023-08-08,1133598.3183863573,-0.0021727197128844633,-0.07690416794208055
2023-08-09,1131600.4832196669,-0.001762383671787937,-0.078531016963995
2023-08-10,1134647.373820341,0.0026925497521925745,-0.07604991588206822
2023-08-11,1120780.7146923887,-0.012221117721590846,-0.08734161862894729
2023-08-14,1123334.3537408505,0.002278446635444409,-0.08526217521060231
2023-08-15,1124325.4559921292,0.0008822860691282131,-0.08445511477088596
2023-08-16,1118328.1451342092,-0.00533414130753429,-0.08933876056208834
2023-08-17,1124403.6090364691,0.005432630778983816,-0.08439147428349048
2023-08-18,1109984.3791495892,-0.012823891502123597,-0.09613313867569839
2023-08-21,1102920.8600351145,-0.006363620287959781,-0.10188500417203616
2023-08-22,1117734.0591207272,0.013430881237608716,-0.08982252832535542
2023-08-23,1104601.549407447,-0.0117492256821905,-0.1005164088509064
2023-08-24,1112222.6126295393,0.006899377631853332,-0.09431053188191318
2023-08-25,1113377.2324970611,0.001038119396612469,-0.09337031807775209
2023-08-28,1118446.318685861,0.004552891904777923,-0.08924253113829683
2023-08-29,1118718.385619014,0.00024325435079686208,-0.08902098542147563
2023-08-30,1117734.0831462222,-0.0008798483027050441,-0.08982250876125253
2023-08-31,1117411.027288822,-0.00028902747287695707,-0.09008557506141468
2023-09-01,1122729.4436675324,0.004759588234612755,-0.0857547570699726
2023-09-04,1128692.8065508334,0.005311487034508344,-0.08089875531578872
2023-09-05,1127708.0655815233,-0.0008724614559380006,-0.08170063572588027
2023-09-06,1124181.6372633413,-0.0031270755489041235,-0.0845722272144761
2023-09-07,1122545.0823961077,-0.0014557744166837638,-0.08590488354641912
2023-09-08,1123726.3663333878,0.001052326499670464,-0.08494295703215571
2023-09-11,1124807.5456166214,0.0009621375057358161,-0.08406254633122867
2023-09-12,1124415.7416519644,-0.00034832977977772295,-0.0843815946227553
2023-09-13,1124181.0555927479,-0.00020871822629564551,-0.0845727008722893
2023-09-14,1124996.9769131856,0.0007257917364631439,-0.0839082913032495
2023-09-15,1124532.4716776446,-0.00041289465222871247,-0.0842865406707215
2023-09-18,1125187.0649269246,0.0005821025766410415,-0.08375350150658112
2023-09-19,1125472.0664168445,0.0002532925402394248,-0.08352142310349231
2023-09-20,1125372.9921589245,-8.80290687581553e-05,-0.08360209985915334
2023-09-21,1124213.5502701246,-0.0010302734265691393,-0.08454624026383217
2023-09-22,1124621.9837485247,0.00036330595579636693,-0.08421365046066376
2023-09-25,1125300.8352346078,0.0006036263703652622,-0.08366085767046127
2023-09-26,1124266.3728821878,-0.0009192762682027622,-0.0845032264976302
2023-09-27,1125699.032274488,0.0012743060068827194,-0.08333660345987426
2023-09-28,1119524.4585925278,-0.005485101705634654,-0.08836459541972941
2023-10-09,1118603.0230478477,-0.0008230597711447185,-0.08911492584719072
2023-10-10,1114469.6324904677,-0.0036951362299358914,-0.09248077028600066
2023-10-11,1115375.385779522,0.0008127213722550763,-0.0917432100122797
2023-10-12,1118425.1723829042,0.002734314063467469,-0.08925975069817649
2023-10-13,1105271.415888784,-0.011760962484503978,-0.099970932603343
2023-10-16,1108248.5906637842,0.002693614194850147,-0.09754660153162564
2023-10-17,1110324.863252564,0.001873471896351564,-0.09585588045182813
2023-10-18,1106379.5451964461,-0.0035533006480289453,-0.09906857633773014
2023-10-19,1094335.4033540105,-0.010886085064323092,-0.1088761924528393
2023-10-20,1089581.6491403612,-0.004343964564318736,-0.11274720269524496
2023-10-23,1083474.9559023718,-0.005604621960003997,-0.11771991920709424
2023-10-24,1083658.7282885185,0.00016961387537905992,-0.1175702722634212
2023-10-25,1092160.6901004391,0.007845608206698218,-0.1106470743496566
2023-10-26,1090336.3507928343,-0.0016703945894968042,-0.1121326446648161
2023-10-27,1092487.464678692,0.001972890185944376,-0.11038097987305484
2023-10-30,1095332.318046532,0.002604014654462805,-0.10806439890775543
2023-10-31,1096706.6800188862,0.0012547442905777029,-0.10694524780472203
2023-11-01,1095094.6315145663,-0.00146989941220399,-0.10825794846003989
2023-11-02,1095297.0522537662,0.0001848431481397128,-0.10809311605190464
2023-11-03,1099448.841807702,0.0037905603282624156,-0.10471228920110687
2023-11-06,1095579.5618077023,-0.0035192906235073096,-0.1078630668470627
2023-11-07,1096692.3410206623,0.0010156991347336497,-0.10695692413599533
2023-11-08,1095196.4165278622,-0.0013640329533147755,-0.1081750643202034
2023-11-09,1102751.4942814622,0.006898376984789678,-0.10202291970944832
2023-11-10,1101364.4601205825,-0.001257793952737729,-0.10315238985073483
2023-11-13,1098735.5426565823,-0.002386964133300973,-0.10529313292919784
2023-11-14,1100788.7973842623,0.001868743339926482,-0.1036211554301728
2023-11-15,1104199.7958597825,0.003098685673060597,-0.10084355914686971
2023-11-16,1102258.2266510325,-0.0017583495451004572,-0.10242459046561792
2023-11-17,1102021.1291611125,-0.00021510158344684172,-0.10261766035747166
2023-11-20,1102700.0801409525,0.0006160961544874333,-0.10206478654891304
2023-11-21,1102508.6343873525,-0.0001736154345572949,-0.1022206819612006
2023-11-22,1098736.7036481523,-0.003421225577336373,-0.10529218752687852
2023-11-23,1103827.3976145522,0.0046332246383480324,-0.10114680524600561
2023-11-24,1100523.3506116723,-0.0029932641733845244,-0.10383731031099497
2023-11-27,1103500.5536491123,0.002705261124887004,-0.10141295622500524
2023-11-28,1103602.3959489523,9.229021182011188e-05,-0.10133002543639635
2023-11-29,1101229.9397198323,-0.0021497382008490717,-0.10326193061067179
2023-11-30,1100692.1837083125,-0.0004883230941366001,-0.103699828519346
2023-12-01,1097761.6302065523,-0.002662464170397616,-0.10608619561183452
2023-12-04,1096793.1492209523,-0.0008822324983410734,-0.10687483542078147
2023-12-05,1094200.9200261524,-0.0023634622413908346,-0.10898570302410049
2023-12-06,1094359.1730957155,0.0001446288946269636,-0.10885683661123213
2023-12-07,1092633.0065004835,-0.0015773309509975464,-0.11026246430461506
2023-12-08,1094420.7976979837,0.0016362229466471145,-0.108806655332217
2023-12-11,1100820.0281882635,0.005847138964957699,-0.10359572400129913
2023-12-12,1102570.688719048,0.0015903240184189649,-0.10217015075096492
2023-12-13,1097403.5496250917,-0.004686446997751559,-0.10637778275246978
2023-12-14,1096222.0807175844,-0.0010766038691154556,-0.10733985988908601
2023-12-15,1094587.3769697445,-0.001491215855431216,-0.10867100884353087
2023-12-18,1095449.049708718,0.0007872123844137047,-0.10796934362310551
2023-12-19,1093642.597264558,-0.001649051998027895,-0.10944034855930596
2023-12-20,1092447.461487598,-0.0010928028772373422,-0.1104135547087518
2023-12-21,1093174.6440495476,0.0006656453400142315,-0.1098214056369039
2023-12-22,1094140.1940207477,0.0008832531713536262,-0.10903515257036156
2023-12-25,1092916.9080149876,-0.001118034062220774,-0.11003128161802933
2023-12-26,1089889.6042786676,-0.0027699303708443868,-0.11249643300017698
2023-12-27,1093898.2981814677,0.0036780733452845826,-0.10923212978654995
2023-12-28,1097348.4551555475,0.003154001592118316,-0.10642264650568889
2023-12-29,1103608.4331613076,0.005704640104380321,-0.1013251092985793
2024-01-02,1102603.0500264275,-0.0009109962416653516,-0.10214379874648727
2024-01-03,1101298.1238969876,-0.0011834958459515654,-0.10320640783093271
2024-01-04,1099418.5599841876,-0.0017066803910907868,-0.10473694786954346
2024-01-05,1098543.8708532057,-0.0007955924729836639,-0.10544921241515881
2024-01-08,1093152.9685863953,-0.004907316321034583,-0.10983905609506828
2024-01-09,1099539.8275130228,0.005842603103284549,-0.10463819900178661
2024-01-10,1095648.1469950327,-0.003539372036020283,-0.10780721752236044
2024-01-11,1097066.0034114725,0.0012940800569312128,-0.10665264863561819
2024-01-12,1093135.1761546927,-0.0035830362480985256,-0.10985354457769958
2024-01-15,1098774.4409632126,0.005158799141710135,-0.10526145780747065
2024-01-16,1099568.72340603,0.0007228803412293594,-0.10461466890477955
2024-01-17,1097393.77442043,-0.001978001865006629,-0.10638574275958557
2024-01-18,1103657.9819245667,0.0057082586489476395,-0.10128476144687004
2024-01-19,1103061.2166124068,-0.0005407158032049164,-0.10177071097893686
2024-01-22,1100646.7531324066,-0.0021888753259000637,-0.10373682290667574
2024-01-23,1103461.670814938,0.0025575123667245236,-0.10144461874741983
2024-01-24,1113965.5144219778,0.009518992716151642,-0.09289127661821761
2024-01-25,1113728.6898327335,-0.0002125959791199339,-0.09308412428543322
2024-01-26,1114625.1483197736,0.0008049163995000885,-0.09235413282410354
2024-01-29,1113381.3617866535,-0.0011158787642598922,-0.09336695557275332
2024-01-30,1111898.7580503335,-0.00133162255737862,-0.09457424858597752
2024-01-31,1111005.4383140136,-0.0008034182337663953,-0.09530168414398521
2024-02-01,1112920.4962904342,0.001723716113691376,-0.09374224107891482
2024-02-02,1111232.1271697062,-0.001517061754505944,-0.09511709006469826
2024-02-05,1113474.7464993862,0.0020181375923604694,-0.09329091184747318
2024-02-06,1118339.4703736524,0.004368957526482031,-0.08932953835245949
2024-02-07,1119303.3501099723,0.0008618847513248706,-0.08854464536808337
2024-02-08,1120105.4571128525,0.000716612706288533,-0.08789148487973941
2024-02-19,1119944.5348894924,-0.00014366702915169505,-0.08802252480037076
2024-02-20,1119386.9016056524,-0.0004979115183548766,-0.08847660888975284
2024-02-21,1119727.1668549324,0.00030397465683407177,-0.08819952887974392
2024-02-22,1119540.4438520523,-0.00016675758917650274,-0.08835157852811792
2024-02-23,1118474.1216171724,-0.0009524642372106262,-0.08921989104647932
2024-02-26,1121943.1356229323,0.0031015594717060946,-0.086395052372913
2024-02-27,1122599.6878635723,0.0005851920830866053,-0.08586041799049282
2024-02-28,1120367.5011243722,-0.0019884084801842228,-0.08767810088743255
2024-02-29,1122715.3266027723,0.0020955851325961117,-0.08576625267951044
2024-03-01,1123510.6453304524,0.0007083885904421994,-0.08511861992391134
2024-03-04,1124586.6560696524,0.0009577218904619489,-0.08424241799903642
2024-03-05,1126254.4370552523,0.0014830168725534776,-0.08288433405376017
2024-03-06,1125169.1023160522,-0.0009636674480394403,-0.08376812856711946
2024-03-07,1125558.5232901324,0.0003460999535791487,-0.08345102075894884
2024-03-08,1124688.0050552525,-0.0007734100154430656,-0.08415988891913806
2024-03-11,1123104.1400696523,-0.001408270541235379,-0.08544963956805496
2024-03-12,1124265.6463275724,0.0010341928379393739,-0.08450381813536145
2024-03-13,1123877.360459474,-0.0003453684361581777,-0.0848200016200008
2024-03-14,1131248.1149193738,0.006558326307851248,-0.07881795256020596
2024-03-15,1128977.7771182535,-0.002006931787269406,-0.0806667020930747
2024-03-18,1128683.9028156935,-0.0002603012287010209,-0.08090600568010564
2024-03-19,1130374.2310912884,0.0014976099786467856,-0.07952956134289779
2024-03-20,1133173.3286527763,0.002476257406173854,-0.07725023960200894
2024-03-21,1128545.1212569363,-0.004084289030471977,-0.08101901632627317
2024-03-22,1128033.2863991766,-0.00045353512953894004,-0.08143580648574744
2024-03-25,1123291.9731499949,-0.004203167855371226,-0.08529668597702145
2024-03-26,1123072.0405097238,-0.00019579294210947396,-0.08547577843003129
2024-03-27,1111019.7655330012,-0.010731524374208878,-0.09529001740461396
2024-03-28,1117202.645227692,0.005565049233597241,-0.09025526180934362
2024-03-29,1116095.752730252,-0.0009907714613534013,-0.09115661093305927
2024-04-01,1124368.042265667,0.007411809887439391,-0.08442043651583908
2024-04-02,1117324.4647411872,-0.006264476808044761,-0.09015606345720528
2024-04-03,1110320.1745711071,-0.006268805876100125,-0.09585969847293885
2024-04-08,1110948.7654150543,0.0005661347585528276,-0.09534783322163598
2024-04-09,1118151.6172670687,0.00648351398034408,-0.08948250825098003
2024-04-10,1109165.3487460287,-0.008036717366651791,-0.09680007998955953
2024-04-11,1113015.4048593396,0.0034711290951014995,-0.0936649564685178
2024-04-12,1113878.8761982126,0.0007757945982627135,-0.09296182663752994
2024-04-15,1122220.9982877644,0.007489254233839393,-0.08616878715742105
2024-04-16,1115677.4216283571,-0.005830916253920737,-0.09149726042972495
2024-04-17,1127769.2938306718,0.010838143685534485,-0.08165077719956071
2024-04-18,1126554.5067534936,-0.0010771592060748736,-0.08263998551929186
2024-04-19,1120468.4674370135,-0.005402347849123412,-0.08759588342039348
2024-04-22,1119581.2998098137,-0.0007917827703166624,-0.08831830927946727
2024-04-23,1118904.4958008537,-0.0006045152853794145,-0.08886943479690845
2024-04-24,1122849.4139975572,0.0035256969754866585,-0.08565706451889843
2024-04-25,1127227.2137764771,0.0038988307108200893,-0.0820921962018234
2024-04-26,1121819.1056023352,-0.004797709022676511,-0.08649605075409117
2024-04-29,1127249.212186034,0.004840447587833863,-0.08207428276648698
2024-04-30,1135898.3249149139,0.007672760056409267,-0.0750312589885469
2024-05-06,1147360.117308906,0.010090509108595436,-0.0656978534822048
2024-05-07,1142706.21014913,-0.004056186971786668,-0.06948755767662251
2024-05-08,1138157.1004081727,-0.003980996778134016,-0.07319192471152547
2024-05-09,1144206.5006068298,0.00531508365276423,-0.06826586226130982
2024-05-10,1145789.9520503846,0.0013838860753849769,-0.06697644836213235
2024-05-13,1154178.066189176,0.0073208131418684985,-0.06014595728362904
2024-05-14,1153147.5744425459,-0.0008928360162244742,-0.060985092822960385
2024-05-15,1151285.0458428564,-0.0016151693338901651,-0.06250176090509851
2024-05-16,1148972.5304196042,-0.002008638461519552,-0.06438485592575138
2024-05-17,1151982.5158104484,0.0026197191935868336,-0.0619338069750095
2024-05-20,1150471.7840048417,-0.0013114190405432158,-0.06316400484183249
2024-05-21,1150917.8057109453,0.0003876859148608247,-0.06280080672197497
2024-05-22,1145005.9840047904,-0.005136615036121506,-0.0676148381900078
2024-05-23,1139444.5513547703,-0.004857121034920975,-0.07214354577208337
2024-05-24,1137759.4999212928,-0.0014788358340684926,-0.07351569314546735
2024-05-27,1150460.2170178113,0.011162918962572599,-0.063173423907955
2024-05-28,1141073.8706744695,-0.008158775248806704,-0.07081678138939906
2024-05-29,1143994.036352839,0.002559138153469087,-0.06843887316308961
2024-05-30,1140962.4711377567,-0.002649983407909451,-0.07090749469266089
2024-05-31,1138709.3953516018,-0.0019747150700830662,-0.07274218766439244
2024-06-03,1139687.763553504,0.000859190418464939,-0.07194549663658689
2024-06-04,1144486.8449385273,0.004210873836233864,-0.06803757620977491
2024-06-05,1141152.7987397513,-0.002913136322641674,-0.0707525097978553
2024-06-06,1147120.528666454,0.005229562538244803,-0.0658929519343362
2024-06-07,1147806.0267959957,0.0005975816075218798,-0.0653347467429557
2024-06-11,1139685.5985230799,-0.007074739183573819,-0.07194725963369819
2024-06-12,1136732.7461857996,-0.002590935904697611,-0.07435178480016635
2024-06-13,1129284.3059681996,-0.006552499030746284,-0.08041709383307527
2024-06-14,1136327.4142203596,0.006236789278782684,-0.0746818490229415
2024-06-17,1130548.2298891498,-0.005085844325224742,-0.07938787309011563
2024-06-18,1135934.3008485097,0.004764123119177288,-0.07500196357250921
2024-06-19,1132832.0265232602,-0.0027310332322320052,-0.07752816394974205
2024-06-20,1124862.5590315,-0.007034994866996325,-0.08401774858130429
2024-06-21,1121749.7734695002,-0.0027672585748430567,-0.08655250832094663
2024-06-24,1120013.3246161276,-0.0015479823526077796,-0.08796650891809976
2024-06-25,1125142.4533089274,0.004579524707492011,-0.08378982901163001
2024-06-26,1121222.2011927674,-0.0034842273568390647,-0.08698211355400198
2024-06-27,1117558.3127818871,-0.003267762988444667,-0.08996563961111814
2024-06-28,1116315.8051719274,-0.0011118056174328483,-0.09097742092505545
2024-07-01,1125561.7105436074,0.008282517661080568,-0.08344842535954622
2024-07-02,1110381.0038953314,-0.013487227315989836,-0.09581016479355042
2024-07-03,1106668.8036670897,-0.003343176995300623,-0.09883303144999733
2024-07-04,1108466.524849141,0.0016244437144106172,-0.09736913643230172
2024-07-05,1104112.3958670767,-0.003928065380825907,-0.10091472947914704
2024-07-08,1101264.383926838,-0.0025794583512507296,-0.10323388248867849
2024-07-09,1105928.2131615682,0.0042349769072709265,-0.09943609868979497
2024-07-10,1101612.5297583106,-0.003902317846580683,-0.10295038527386413
2024-07-11,1117865.7648798795,0.01475403981210599,-0.08971527954476044
2024-07-12,1112908.2970106679,-0.004434761332676063,-0.09375217502476119
2024-07-15,1111448.3585394141,-0.0013118227936436133,-0.09494101157825374
2024-07-16,1110943.3682956877,-0.0004543533128160693,-0.09535222812793709
2024-07-17,1111544.8923325785,0.0005414533756240569,-0.09486240353810627
2024-07-18,1121672.0791569434,0.009110911213952688,-0.08661577526033126
2024-07-19,1122220.0654174688,0.0004885440858413137,-0.08616954679923405
2024-07-22,1121795.4602357089,-0.00037836178022887523,-0.08651530531633445
2024-07-23,1115472.868787089,-0.005636135706318046,-0.09166382902121606
2024-07-24,1110186.7951369868,-0.00473886348831587,-0.09596831013698404
2024-07-25,1084573.6261398667,-0.023071044538914398,-0.11682526551840378
2024-07-26,1096032.2380826648,0.010565084441137351,-0.10749444987232681
2024-07-29,1099953.2647421774,0.0035774738399774186,-0.10430153461471037
2024-07-30,1085914.8326644534,-0.012762753225715073,-0.11573311309307444
2024-07-31,1093243.3203470898,0.006748676288595101,-0.10976548212061588
2024-08-01,1094686.5686607952,0.0013201528761659365,-0.10859023646137511
2024-08-02,1087674.066409171,-0.006405945274548297,-0.11430055862380162
2024-08-05,1075013.383521971,-0.011640144118722828,-0.12461022776729291
2024-08-06,1073123.0139301608,-0.0017584614487468064,-0.1261495669343914
2024-08-07,1074454.2173525116,0.0012404947103645814,-0.12506556009452374
2024-08-08,1072694.8090966074,-0.0016374902043192474,-0.1264982566692905
2024-08-09,1076668.656122682,0.003704545777956314,-0.12326232947399718
2024-08-12,1076520.6057151302,-0.00013750786438315732,-0.12338288779869544
2024-08-13,1078703.677995706,0.0020278964183184645,-0.1216051990966257
2024-08-14,1075912.73786009,-0.0025873093719320783,-0.12387787819725948
2024-08-15,1080568.4249346005,0.004327197653380521,-0.12008672460771985
2024-08-16,1082705.0745284231,0.00197733854193638,-0.11834683817472524
2024-08-19,1082313.258744827,-0.00036188597690534063,-0.11866589609048406
2024-08-20,1077651.908723195,-0.0043068399873782415,-0.12246166105144185
2024-08-21,1077024.2635227437,-0.000582419235163778,-0.1229727562596391
2024-08-22,1077890.0815219753,0.0008038983229585739,-0.12226771552920723
2024-08-23,1084295.9213276326,0.005942943455433003,-0.11705140219358923
2024-08-26,1084601.5345021607,0.00028185402943692317,-0.11680253957351194
2024-08-27,1079035.2468878827,-0.005132103760883022,-0.12133520058176905
2024-08-28,1076385.7404949008,-0.0024554400800377296,-0.12349270934717882
2024-08-29,1077088.9786793643,0.0006533328694415808,-0.12292005832389019
2024-08-30,1086460.1568281243,0.008700467959713132,-0.11528905239323006
2024-09-02,1084769.294027269,-0.0015563044721232933,-0.11666593199752695
2024-09-03,1087498.6010645488,0.002516025345027373,-0.11444344109430671
2024-09-04,1085491.177740621,-0.0018459088792968092,-0.11607809780951028
2024-09-05,1083814.3481509222,-0.001544765746681498,-0.11744355008675567
2024-09-06,1079673.182683322,-0.0038209177380473802,-0.12081572568105736
2024-09-09,1074312.2552618822,-0.004965324236466007,-0.12518116066665297
2024-09-10,1075012.9172404972,0.0006521958352267987,-0.12461060746306174
2024-09-11,1069495.9716814572,-0.005131980714428663,-0.1291030889431768
2024-09-12,1070423.653213828,0.0008674006793241151,-0.12834767237090483
2024-09-13,1076966.2576664682,0.006112163565329176,-0.12301999077233594
2024-09-18,1077671.851156708,0.0006551676853541188,-0.1224454218095884
2024-09-19,1079162.861409624,0.0013835475532888442,-0.12123128332005562
2024-09-20,1080629.431940184,0.0013589890673630922,-0.12003704624134703
2024-09-23,1083743.6911721842,0.002881893774083988,-0.11750108648348545
2024-09-24,1095989.9578565042,0.011299965835163794,-0.10752887891117968
2024-09-25,1099196.5051821107,0.0029257086733511795,-0.1049177684114947
2024-09-26,1107919.0350841908,0.007935369027246786,-0.09781496059410832
2024-09-27,1111921.7474046708,0.0036128202456380265,-0.09455552821843083
2024-09-30,1123941.9155070707,0.010810264418747106,-0.08476743406197929
2024-10-08,1132593.3566872308,0.007697409502035457,-0.07772251421235565
2024-10-09,1119887.4493297907,-0.011218419463984941,-0.08806900991011091
2024-10-10,1122012.3335128308,0.0018974086943395196,-0.08633870412087663
2024-10-11,1117838.9480574708,-0.003719553993041913,-0.0897371166422517
2024-10-14,1119368.3112549107,0.0013681427007865565,-0.08849174712258878
2024-10-15,1114892.3210545909,-0.003998675105695848,-0.09213657248200602
2024-10-16,1112458.2868542708,-0.0021832011525719786,-0.09411862096334123
2024-10-17,1109860.0498917107,-0.0023355814714699497,-0.09623438072756896
2024-10-18,1113533.204080511,0.0033095651917181,-0.09324330949255333
2024-10-21,1114283.6038283508,0.0006738907695702512,-0.09263225452857426
2024-10-22,1119177.2300056308,0.004391724118049334,-0.08864734571684729
2024-10-23,1116784.6070488307,-0.002137840989481221,-0.09059567277704628
2024-10-24,1114343.6630718708,-0.0021856891307001636,-0.09258334793046918
2024-10-25,1113138.817352831,-0.0010812155701757087,-0.09356446094332349
2024-10-28,1112133.2833701107,-0.0009033320615945417,-0.09438327322752205
2024-10-29,1109341.0491237107,-0.002510701089655898,-0.09665700613024031
2024-10-30,1106533.6904190707,-0.002530654307669966,-0.09894305496898037
2024-10-31,1102396.103443177,-0.0037392327153876748,-0.10231231657626771
2024-11-01,1110004.5195735137,0.006901708112513116,-0.09611673820907896
2024-11-04,1111302.0793414735,0.0011689680042550332,-0.09506012759646365
2024-11-05,1114637.4054486437,0.0030012776626375803,-0.09234415177138888
2024-11-06,1112557.2703652836,-0.0018661988851189637,-0.09403801810342483
2024-11-07,1119175.2465957734,0.005948436459650264,-0.08864896081925422
2024-11-08,1118244.0970155867,-0.0008319962249155877,-0.08940720144342562
2024-11-11,1118793.7428152668,0.0004915257779112281,-0.08895962160975479
2024-11-12,1117887.8156802931,-0.0008097356110466913,-0.0896973234472388
2024-11-13,1121559.3217448732,0.003284324252470494,-0.08670759428954777
2024-11-14,1119680.5271273132,-0.0016751629460286521,-0.08823750788648321
2024-11-15,1112378.0430018061,-0.006521935452644234,-0.09418396400818962
2024-11-18,1111472.9387607565,-0.0008136660434316934,-0.09492099575827218
2024-11-19,1118954.7861324202,0.006731470565541242,-0.08882848308172953
2024-11-20,1120667.6576681458,0.0015307781484594774,-0.08743368163413234
2024-11-21,1119617.3697200252,-0.0009371984110847498,-0.08828893733771426
2024-11-22,1100714.0398726568,-0.016883741141043074,-0.10368203091512962
2024-11-25,1097474.7126026019,-0.002942932635282558,-0.10631983431793968
2024-11-26,1095639.4116477775,-0.0016722945264697753,-0.10781433076742442
2024-11-27,1107393.325429749,0.010727903411483108,-0.09824304908278803
2024-11-28,1102264.8914039563,-0.0046310862708175415,-0.10241916331779488
2024-11-29,1107367.601124758,0.004629295335989658,-0.09826399653686824
2024-12-02,1111513.5741286946,0.003743989800429004,-0.09488790613722264
2024-12-03,1114316.5060586042,0.0025217253258529304,-0.09260546204739306
2024-12-04,1113939.8340828621,-0.00033802961159967726,-0.09291218827062486
2024-12-05,1113321.0878692162,-0.0005554574804799151,-0.09341603698110212
2024-12-06,1118292.9402346557,0.00446578477638937,-0.08936742812053367
2024-12-09,1120739.6981613687,0.0021879400635396173,-0.0873750186333544
2024-12-10,1123376.4461383286,0.0023526854463045144,-0.08522789912175921
2024-12-11,1120911.8884077687,-0.0021938841062869585,-0.08723480309475062
2024-12-12,1120701.0656455287,-0.00018808147582360935,-0.08740647732006501
2024-12-13,1115421.7692333686,-0.004710708835740429,-0.09170543969079292
2024-12-16,1102082.099432798,-0.011959305590511171,-0.10256801190372966
2024-12-17,1098929.9887198382,-0.002860141467302846,-0.10513479434696782
2024-12-18,1099436.6472705584,0.0004610471603476718,-0.10472221928500758
2024-12-19,1100373.0121019182,0.0008516769326221141,-0.10395973185088336
2024-12-20,1096430.4493463982,-0.0035829329801436716,-0.10717018407917167
2024-12-23,1097840.2649582382,0.0012858231114252217,-0.10602216286729105
2024-12-24,1104795.933446953,0.006335774621073265,-0.10035812077498363
2024-12-25,1099426.1615058333,-0.004860419719654674,-0.10473075790539599
2024-12-26,1093318.8866335133,-0.005554965932368927,-0.1097039480455293
2024-12-27,1093938.9560431307,0.0005671441490660012,-0.10919902184872676
2024-12-30,1094948.0001080823,0.0009223952208461395,-0.10837735128375503
2024-12-31,1085940.5851292983,-0.008226340408763577,-0.11571214270825836
2025-01-02,1071793.406930719,-0.013027580322817367,-0.1272322737976186
2025-01-03,1065745.2323968671,-0.005643041368552537,-0.13215733818171616
2025-01-06,1064927.8279453684,-0.0007669792241625784,-0.1328229554731727
2025-01-07,1070144.5113534257,0.004898626245989135,-0.12857497924293437
2025-01-08,1069375.1682602442,-0.0007189151418517392,-0.12920145988534515
2025-01-09,1066728.053957007,-0.0024753841138315247,-0.13135702075789257
2025-01-10,1059594.313025825,-0.006687497253605956,-0.13716606829593825
2025-01-13,1055382.9544295825,-0.003974500942928172,-0.1405954025710865
2025-01-14,1067297.633133566,0.011289436364284589,-0.1308932090572391
2025-01-15,1062407.02164693,-0.0045822377327656705,-0.13487566298849984
2025-01-16,1069329.72403605,0.006516054815214556,-0.12923846538655692
2025-01-17,1075035.1386672498,0.00533550550681916,-0.12459251242350056
2025-01-20,1081904.9145421297,0.006390280305996754,-0.1189984131959183
2025-01-21,1082470.24120352,0.0005225289706993763,-0.11853806434358105
2025-01-22,1076422.1546416655,-0.005587300538747453,-0.12346305709155947
2025-01-23,1074777.5871259298,-0.0015278090558097368,-0.12480223817068681
2025-01-24,1078545.43097205,0.0035056963331323576,-0.12173406058627612
2025-01-27,1076984.86248241,-0.0014469195685465897,-0.12300484076040186
2025-02-05,1074118.1467701138,-0.002661797590811421,-0.12533922436241907
2025-02-06,1076878.996260034,0.002570340607522592,-0.12309104825299066
2025-02-07,1080176.4569934737,0.0030620531600038525,-0.12040590642625815
2025-02-10,1084960.5839848337,0.004429023573311319,-0.11651016345087462
2025-02-11,1085348.3622534738,0.0003574123100544835,-0.11619439330748382
2025-02-12,1084221.6162707538,-0.001038142242533624,-0.11711190924197945
2025-02-13,1079193.9853873139,-0.004637087849929333,-0.12120593888048081
2025-02-14,1086956.9843786738,0.007193330482261562,-0.11488448277299934
2025-02-17,1087015.2253873139,5.3581705143024294e-05,-0.11483705677433786
2025-02-18,1085770.7304074739,-0.0011448735498590379,-0.1158504564153523
2025-02-19,1095673.2860019878,0.00912030073862602,-0.10778674667994126
2025-02-20,1103691.1043925094,0.0073177091136154004,-0.10125778962483256
2025-02-21,1110702.1643639496,0.006352375174120128,-0.09554864191971157
2025-02-24,1111594.2513305193,0.0008031738797238397,-0.09482221021342085
2025-02-25,1104226.4137029115,-0.0066281717621236025,-0.10082188407938575
2025-02-26,1112471.0793505032,0.007466462987372413,-0.09410820395780928
2025-02-27,1118179.7550964663,0.005131527328599006,-0.08945959544966509
2025-02-28,1115057.8562795639,-0.002791947182618326,-0.0920017761668096
2025-03-03,1117254.722389188,0.0019701812755743564,-0.09021285506795862
2025-03-04,1124809.4645692918,0.006761879836988838,-0.08406098371669113
2025-03-05,1134329.893142052,0.008464036685898346,-0.07630844228082356
2025-03-06,1141776.8135140692,0.006565039339119894,-0.07024437086718427
2025-03-07,1148310.8419098523,0.005722684432234448,-0.06492367280256361
2025-03-10,1146068.100780655,-0.0019530784238415144,-0.06674995020185792
2025-03-11,1136459.00696445,-0.00838440037695809,-0.07457469227118152
2025-03-12,1132623.7840801133,-0.0033747129116261654,-0.07769773700591953
2025-03-13,1120725.830535522,-0.010504771056220163,-0.08738631112330608
2025-03-14,1145218.9918486201,0.021854730787631116,-0.06744138463979898
2025-03-17,1142524.4169982201,-0.002352890468617197,-0.06963559291730681
2025-03-18,1145540.8075457402,0.002640110357943204,-0.06717932820950612
2025-03-19,1145015.2869406203,-0.0004587532819941842,-0.06760726275420204
2025-03-20,1140600.367208712,-0.0038557736147825095,-0.07120235806908926
2025-03-21,1129876.4800326321,-0.009401967143254142,-0.07993488298125562
2025-03-24,1136335.3983809967,0.0057164818123995875,-0.07467534747359472
2025-03-25,1131129.2017694765,-0.004581566867438713,-0.07891478424323384
2025-03-26,1129111.3369723964,-0.001783938381153538,-0.08055794351193546
2025-03-27,1124083.0255832782,-0.004453335312885165,-0.08465252729024564
2025-03-28,1117661.1426675613,-0.0057129969669140745,-0.08988190462550882
2025-03-31,1114067.303110601,-0.0032155001366360736,-0.09280838948554049
2025-04-01,1107655.0048632403,-0.005755754817915237,-0.09802996196853142
2025-04-02,1113313.6347186004,0.005108657326076793,-0.09342210612584023
2025-04-03,1098497.3626656404,-0.013308264258081182,-0.1054870843080522
2025-04-07,1027068.2727590802,-0.06502436176380855,-0.16365221574040467
2025-04-08,1028596.0182969306,0.0014874819701580222,-0.16240816349053688
2025-04-09,1043790.5442379392,0.014772102624086125,-0.15003517092452245
2025-04-10,1061815.107924303,0.017268372266701748,-0.13535766184244358
2025-04-11,1078503.7544478297,0.015717092739573557,-0.12176799802705951
2025-04-14,1076037.3588609733,-0.0022868678729071057,-0.12377639857733036
2025-04-15,1075001.6840732852,-0.0009624896191191556,-0.12461975469772679
2025-04-16,1070305.9420269062,-0.004368125293149672,-0.12844352528835523
2025-04-17,1071725.0873708718,0.0013259249418704488,-0.12728790682028635
2025-04-18,1072556.8210086003,0.0007760699525742876,-0.12661062118752153
2025-04-21,1078726.5686860401,0.005752373726585436,-0.12158655907176186
2025-04-22,1071215.9173612404,-0.0069625163065634155,-0.12770252697812923
2025-04-23,1078179.7387804403,0.006500856929342547,-0.12203184590618688
2025-04-24,1068998.89439484,-0.00851513347485544,-0.1295078619249681
2025-04-25,1072035.1279983604,0.002840258880940416,-0.1270354388990118
2025-04-28,1068489.4012546802,-0.003307472536185019,-0.1299227452099162
2025-04-29,1067547.4239753203,-0.0008815972140236994,-0.13068980289372445
2025-04-30,1076480.8751233402,0.008368200744425458,-0.12341524065516296
2025-05-06,1090554.7339879803,0.01307395160460012,-0.11195481393415851
2025-05-07,1089186.8979844602,-0.0012542570866829195,-0.1130686509020763
2025-05-08,1091041.6250283,0.0017028547141653139,-0.11155833567312401
2025-05-09,1084645.2730545402,-0.00586261039636693,-0.11676692301097225
2025-05-12,1094266.4116696804,0.008870308896516521,-0.10893237279045886
2025-05-13,1089917.8274213604,-0.003973972153348604,-0.11247345072773995
2025-05-14,1090338.1056940802,0.0003856054668949227,-0.11213121563832618
2025-05-15,1080237.0724032002,-0.00926412939080945,-0.12035654693871345
2025-05-16,1079430.690367118,-0.0007464861711219406,-0.12101318861194166
2025-05-19,1074078.9042928896,-0.004957971013783369,-0.12537117974430156
2025-05-20,1075969.4265554915,0.0017601335014083563,-0.12383171625647216
2025-05-21,1074644.0713628517,-0.001231777743799567,-0.12491096084821052
2025-05-22,1071737.5951039977,-0.002704594326908616,-0.1272777216990404
2025-05-23,1065703.079005868,-0.005630591038046195,-0.13219166393794501
2025-05-26,1067861.8287390186,0.002025657779993084,-0.13043378123045823
2025-05-27,1059345.7969306987,-0.007974844290834948,-0.1373684364257154
2025-05-28,1057723.418805946,-0.001531490594906204,-0.13868954855219873
2025-05-29,1066653.3119268846,0.008442559710949427,-0.1314178836361859
2025-05-30,1060527.1390936046,-0.005743358938447574,-0.13640646249797972
2025-06-03,1056477.1967013248,-0.003818801276260775,-0.13970435460116293
2025-06-04,1063463.1624091617,0.006612509696990454,-0.13401564130368437
2025-06-05,1075769.5969784097,0.011572036535209218,-0.12399443866593085
2025-06-06,1078164.0631495381,0.0022258169201416766,-0.12204461066537542
2025-06-09,1080775.572491538,0.0024221817729401796,-0.11991804312387444
2025-06-10,1069309.813899538,-0.010608824703141395,-0.1292546783287709
2025-06-11,1068949.298870898,-0.00033714740475931926,-0.12954824785417873
2025-06-12,1065995.565928658,-0.0027632114501221494,-0.13195349010248691
2025-06-13,1058041.808289218,-0.007461342142179528,-0.1384302821081571
2025-06-16,1061797.1134330677,0.0035492974988595716,-0.13537231486335055
2025-06-17,1061511.2220012276,-0.0002692524101104432,-0.13560511795142172
2025-06-18,1063162.8929636178,0.0015559618477480885,-0.1342601524935655
2025-06-19,1058574.4330792178,-0.004315857818936397,-0.13799656258359094
2025-06-20,1050846.8474443017,-0.007299992700974145,-0.1442891813849453
2025-06-23,1047871.5033557857,-0.00283137747022999,-0.14671202171780406
2025-06-24,1062408.5250387206,0.01387290487085524,-0.1348744387676507
2025-06-25,1075019.4869856006,0.01187016260663043,-0.12460525768067043
2025-06-26,1068754.3407710101,-0.005827937344799361,-0.12970700339087415
2025-06-27,1071171.61026997,0.0022617634443626855,-0.1277386065052588
2025-06-30,1076098.43155109,0.00459946962175195,-0.12372666672365262
2025-07-01,1075208.84115973,-0.0008266812452070171,-0.12445106545394724
2025-07-02,1071556.70728549,-0.003396673961777341,-0.12742501972218168
2025-07-03,1080935.58374405,0.008752571277649945,-0.11978774501220613
2025-07-04,1078458.35144309,-0.00229174831341894,-0.12180496996302514
2025-07-07,1069305.99042661,-0.008486522455163126,-0.1292577918054466
2025-07-08,1077875.53598469,0.008014119096687367,-0.1222795600464629
2025-07-09,1073362.67043685,-0.004186815079458395,-0.12595441322000922
2025-07-10,1068116.18863173,-0.004887892927173287,-0.13022665446165815
2025-07-11,1072108.1244262378,0.003737361007159379,-0.12697599747497668
2025-07-14,1075705.1419642614,0.0033550884057973462,-0.12404692476612211
2025-07-15,1087858.9917013415,0.011298495529069363,-0.11414997286191775
2025-07-16,1087091.8659456614,-0.0007051702118858749,-0.11477464791325376
2025-07-17,1095099.4449487014,0.00736605548609659,-0.10825402885208346
2025-07-18,1095168.1071873815,6.269954659976484e-05,-0.10819811678401026
2025-07-21,1100464.9172125016,0.0048365269134100775,-0.10388489297440628
2025-07-22,1106891.426179199,0.005839812670244804,-0.09865174861840054
2025-07-23,1107430.113547798,0.0004866668544525332,-0.09821309230013442
2025-07-24,1104385.349489878,-0.0027493961205061757,-0.1006924617256878
2025-07-25,1106126.42613892,0.001576511903065514,-0.09927469268708167
2025-07-28,1103730.46375988,-0.002166083661343632,-0.10122573905861088
2025-07-29,1099623.484333221,-0.0037209985241037913,-0.1045700767570763
2025-07-30,1100096.5047453812,0.0004301657966561123,-0.10418489343079473
2025-07-31,1095698.7267594612,-0.003997629268841174,-0.10776603012028585
2025-08-01,1089141.6888582725,-0.005984343817375115,-0.11310546496158747
2025-08-04,1097108.4490695524,0.007314714231195341,-0.10661808488457258
2025-08-05,1112764.6417409126,0.014270414820556798,-0.09386915436269194
2025-08-06,1116313.6204549526,0.0031893345465108247,-0.09097919995304182
2025-08-07,1114656.6274971925,-0.0014843435817658568,-0.09232849914328323
2025-08-08,1103223.8562392725,-0.010256765156091752,-0.10163827256644786
2025-08-11,1107484.3827094075,0.003861887545342224,-0.09816890060006
2025-08-12,1110225.9796479675,0.002475517471273836,-0.09593640195735742
2025-08-13,1113359.9855017276,0.0028228540055905693,-0.09338436240831405
2025-08-14,1113029.6423956044,-0.0002967082618604566,-0.09365336275831937
2025-08-15,1117071.0917492297,0.003631034789807419,-0.0903623865868699
2025-08-18,1133110.2689647549,0.014358242133371668,-0.07730158947986199
2025-08-19,1129245.3559791702,-0.0034108886764532276,-0.08044881104008639
2025-08-20,1148169.4537656705,0.01675818074991442,-0.06503880600669754
2025-08-21,1152275.6917441986,0.0035763344557380172,-0.061695072073841395
2025-08-22,1168543.1529883135,0.014117681524193904,-0.04844838192879808
2025-08-25,1173748.6559872702,0.004454694707375362,-0.04420950997198181
2025-08-26,1177522.503602575,0.0032152093176460728,-0.04113644348272616
2025-08-27,1173351.643173135,-0.0035420643059301815,-0.044532799860523276
2025-08-28,1185565.269897661,0.01040917852341039,-0.034587171201008404
2025-08-29,1184803.4581313208,-0.000642572607078784,-0.03520751903931707
2025-09-01,1191526.8853375963,0.005674719431423503,-0.029732592400318225
2025-09-02,1177247.9447034984,-0.011983733485000037,-0.04136001842217463
2025-09-03,1167653.3911172296,-0.008149985421028072,-0.04917292029604858
2025-09-04,1147281.3841710873,-0.01744696422852854,-0.06576196634315956
2025-09-05,1161778.290719686,0.012635877081778712,-0.0539570493847491
2025-09-08,1168256.9579739207,0.005576509137747321,-0.0486814322259419
2025-09-09,1152462.2960934946,-0.013519852608298133,-0.061543119045784356
2025-09-10,1154594.4600677146,0.0018500943427366412,-0.05980688527942868
2025-09-11,1169730.4897080346,0.0131093904949382,-0.0474815265979045
2025-09-12,1162836.050877735,-0.005894040457148697,-0.05309570901631799
2025-09-15,1173315.5732968515,0.00901203777712789,-0.044562171774648385
2025-09-16,1179019.8887425316,0.004861706070815819,-0.039917113884878064
2025-09-17,1192496.7898915904,0.011430596954078887,-0.028942793371187325
2025-09-18,1181673.2683690109,-0.009076352753589756,-0.03775645112246595
2025-09-19,1176763.954644886,-0.0041545441159897,-0.04175413439660414
2025-09-22,1182654.4670218863,0.005005687295017269,-0.036957455241650394
2025-09-23,1175674.662491941,-0.005901812173019216,-0.04264115145544067
2025-09-24,1193328.921782808,0.01501627946412265,-0.028265183438244912
2025-09-25,1205679.1943081939,0.010349428644480518,-0.01820828329288171
2025-09-26,1187324.8453688896,-0.015223244314036433,-0.03315433846181148
2025-09-29,1194531.9280832876,0.006070017605130484,-0.02728556827483064
2025-09-30,1201155.6372307278,0.0055450247847861345,-0.02189184264239541
2025-10-09,1211870.8928432076,0.008920788680794045,-0.01316634646364745
2025-10-10,1182691.2556164286,-0.024078173177606188,-0.03692749807098561
2025-10-13,1178827.7099781085,-0.0032667406814522737,-0.04007360619222511
2025-10-14,1155703.3191736026,-0.019616429617976383,-0.05890393473479327
2025-10-15,1169539.9834683228,0.011972505456343319,-0.0476366569584622
2025-10-16,1154909.0269438426,-0.012510009688673773,-0.0595507316070496
2025-10-17,1129595.1484440027,-0.021918504323086174,-0.08016397296196387
2025-10-20,1137384.3915537628,0.006895606023529455,-0.07382114611326096
2025-10-21,1152791.8421790428,0.013546388309612745,-0.061274767714359024
2025-10-22,1152392.7714475228,-0.0003461776158699692,-0.061599733377228794
2025-10-23,1150028.5690795227,-0.0020515595260376385,-0.06352491738345489
2025-10-24,1160936.4079597085,0.009484841658252252,-0.05464259950793826
2025-10-27,1170625.0581141259,0.008345547687185428,-0.04675307424069819
2025-10-28,1172757.6203941465,0.0018217295668145894,-0.04501651613156732
2025-10-29,1194628.732344381,0.0186493027799588,-0.027206739991044948
2025-10-30,1187323.239296061,-0.0061152832260977785,-0.033155646296438634
2025-10-31,1188570.4494560612,0.0010504385989611453,-0.03214003566812074
2025-11-03,1187571.827018941,-0.0008401878387411799,-0.03295321983975685
2025-11-04,1173638.9047150863,-0.011732277565753124,-0.04429888108366464
2025-11-05,1172194.3700413164,-0.0012308169642012423,-0.04547517423353309
2025-11-06,1191262.7814669963,0.016267277776643718,-0.0299476537480875
2025-11-07,1182480.295475534,-0.007372417008317034,-0.03709928416455299
2025-11-10,1178143.5050303338,-0.0036675371774006482,-0.0406307583380251
2025-11-11,1162686.867211694,-0.013119486507920719,-0.053217190160123495
2025-11-12,1159920.296482554,-0.0023794632993272558,-0.055470025108571464
2025-11-13,1166121.048601274,0.005345843276924889,-0.05042071589244401
2025-11-14,1150414.5395871939,-0.013469021104558165,-0.06321061931053995
2025-11-17,1145345.505673914,-0.004406267253105889,-0.06733836368172919
2025-11-18,1148434.9322804739,0.0026973752385242022,-0.06482262527800275
2025-11-19,1142679.2605827139,-0.005011752547731008,-0.06950950286834623
2025-11-20,1140644.9628804738,-0.0017802875858643485,-0.07116604354915446
2025-11-21,1124905.3386651138,-0.013798881095843152,-0.0839829128720011
2025-11-24,1135029.8928259138,0.009000361019545489,-0.07573842838777678
2025-11-25,1139768.175765594,0.004174588677909652,-0.07188001649549725
2025-11-26,1152619.0587905538,0.01127499723031633,-0.06141546625208272
2025-11-27,1156304.729415244,0.0031976485175921887,-0.058414202809108695
2025-11-28,1157126.2222011639,0.0007104466193226244,-0.05774525636269223
2025-12-01,1165960.4512366839,0.0076346286740567315,-0.05055149127865277
2025-12-02,1159280.123311404,-0.005729463566448101,-0.055991321917590264
2025-12-03,1153621.188829164,-0.004881421123719032,-0.06059942581975575
2025-12-04,1156125.7402589237,0.002171034525034754,-0.05855995474037301
2025-12-05,1169981.472481644,0.011984623938584127,-0.04727714983721287
2025-12-08,1169276.39642921,-0.000602638647720255,-0.04785129744728711
2025-12-09,1167333.57991913,-0.0016615545443429136,-0.04943334445090386
2025-12-10,1165042.1041774517,-0.0019629999351489236,-0.051299306734101435
2025-12-11,1162767.1772638515,-0.0019526563936557162,-0.05315179320847263
2025-12-12,1167245.2293153717,0.0038512026647137265,-0.04950528887139771
2025-12-15,1162956.6558558517,-0.0036740980830869407,-0.05299749966753964
2025-12-16,1156975.0585059717,-0.005143439628433999,-0.057868349855975665
2025-12-17,1167437.2486214251,0.009042710159165912,-0.04934892641194655
2025-12-18,1161823.3917055852,-0.004808701214963906,-0.05392032338451613
2025-12-19,1169884.3265142457,0.006938175686777015,-0.04735625637446872
2025-12-22,1186491.6473830456,0.014195694815642756,-0.033832816521929376
2025-12-23,1192291.54111331,0.004888271858513926,-0.029109928668313745
2025-12-24,1197154.6061682855,0.004078754975007648,-0.025149905959684138
2025-12-25,1204481.1221038052,0.006119941315658073,-0.019183880592593572
2025-12-26,1202766.7639222853,-0.0014233167710636652,-0.020579892624675744
2025-12-29,1201779.4983522054,-0.000820828775531135,-0.02138382883214318
2025-12-30,1209845.1705346853,0.006711440986918893,-0.014815904150505599
2025-12-31,1206497.9269486852,-0.002766671031567469,-0.017541584449253356
2026-01-05,1226704.1748053252,0.016747851285366933,-0.001087517011552186
2026-01-06,1229772.843967965,0.00250155597874846,0.0
2026-01-07,1233318.0086519653,0.0028827801015360865,0.0
2026-01-08,1229139.4009986427,-0.003388102358036549,-0.003388102358036549
2026-01-09,1252712.451810923,0.019178500659182918,0.0
2026-01-12,1282596.9721793227,0.0238558500198498,0.0
2026-01-13,1270380.1184741228,-0.00952509164624149,-0.00952509164624149
2026-01-14,1263767.86786571,-0.005204938673280646,-0.014680452801646093
2026-01-15,1256991.255023853,-0.00536222910406936,-0.0199639619544415
2026-01-16,1256563.6391662927,-0.0003401900019996962,-0.020297360416184018
2026-01-19,1249893.477206909,-0.005308256383901977,-0.025497873207080413
2026-01-20,1241131.469072618,-0.007010203904632917,-0.03232933182139719
2026-01-21,1246719.5120324453,0.004502377950341252,-0.027972512741797906
2026-01-22,1245701.1161940454,-0.0008168604313729677,-0.028766523534345945
2026-01-23,1261435.2191335654,0.012630720752335733,-0.016499144707787905
2026-01-26,1241771.6458481255,-0.015588254543064228,-0.03183020638340428
2026-01-27,1244813.1936897254,0.0024493616453309386,-0.029458808424751792
2026-01-28,1235598.4324583653,-0.007402525357276035,-0.036643264205668546
2026-01-29,1232407.0652088197,-0.002582851487757276,-0.03913147158395591
2026-01-30,1233132.4266856196,0.0005885729620327407,-0.038565930348062105
2026-02-02,1217532.6726779845,-0.012650509929062359,-0.050728561592332744
2026-02-03,1242155.7061261218,0.02022371473118545,-0.031530766819514056
2026-02-04,1264097.6396416416,0.01766439859939095,-0.014423340253367334
2026-02-05,1256519.5818841218,-0.005994835778404095,-0.02033171047557647
2026-02-06,1264320.293702442,0.006208189614222537,-0.014249743975167761
2026-02-09,1273919.1771379618,0.00759212952867383,-0.006765800348503936
2026-02-10,1281054.9305456374,0.005601417684681476,-0.0012022807375454692
2026-02-11,1276934.3414246775,-0.003216559276817854,-0.004414972807103679
2026-02-12,1278475.9423955574,0.0012072672187357636,-0.003213035640309614
2026-02-13,1266918.8696864373,-0.009039726385046354,-0.012223717062302075
2026-02-24,1266851.0525776807,-5.352916463652324e-05,-0.012276591901575595
2026-02-25,1272849.5057496005,0.0047349316714973,-0.007599789053891137
2026-02-26,1271668.5138052758,-0.0009278331326602052,-0.00852057085046587
2026-02-27,1266850.8517071959,-0.003788457483832608,-0.012276748513893598
2026-03-02,1249978.896455356,-0.013318028108126101,-0.025431274540235194
2026-03-03,1228949.187078012,-0.016824051539573448,-0.04182746900622669
2026-03-04,1219978.971104892,-0.007299094272927409,-0.04882126063967973
2026-03-05,1227409.780687932,0.006090932515263159,-0.04302769512828308
2026-03-06,1231746.8155378518,0.003533485652598367,-0.03964624721908472
2026-03-09,1225812.4238053719,-0.004817866510893776,-0.044273103403219105
2026-03-10,1242307.1770487,0.013456180507717797,-0.0314126697665319
2026-03-11,1239137.2355924598,-0.002551656719693818,-0.033884172136332436
2026-03-12,1234838.0106596597,-0.0034695309036891775,-0.0372361408576487
2026-03-13,1222877.28151758,-0.009686071402750462,-0.04656154034128912
2026-03-16,1212922.540676372,-0.008140425038278831,-0.054322934650752885
2026-03-17,1200762.6466587721,-0.01002528488819976,-0.06380361664311585
2026-03-18,1218262.818757652,0.014574214269219343,-0.050159289954004316
2026-03-19,1190705.3059317318,-0.022620334792801566,-0.07164500481507707
2026-03-20,1174723.7677216306,-0.013421908956385842,-0.08410530103965508
2026-03-23,1134230.3800796506,-0.03447056129673509,-0.11567670540152242
2026-03-24,1144930.341841052,0.009433675864554125,-0.10733428608080575
2026-03-25,1161203.300307612,0.014213055477587222,-0.0946467787659322
2026-03-26,1154034.776053212,-0.006173358491575964,-0.10023584876211311
2026-03-27,1156551.2339133718,0.0021805736814675125,-0.09827384673439588
2026-03-30,1159578.9771248922,0.0026179066890754665,-0.0959132118060475
2026-03-31,1158118.3004967845,-0.0012596611847253136,-0.0970520548407583
2026-04-01,1176997.630113565,0.016301728077936284,-0.082332442970241
2026-04-02,1163586.7814539806,-0.011394116960363188,-0.09278845444576889
2026-04-03,1153413.0315831327,-0.00874343885046125,-0.10072060311875475
2026-04-07,1147691.0762732446,-0.004960890117596817,-0.10518182939170129
2026-04-08,1174882.8842660927,0.02369261951669488,-0.08398124293885378
2026-04-09,1171213.6300529088,-0.0031230808298615687,-0.08684204355882508
2026-04-10,1178944.3311699312,0.006600590121780936,-0.0808146621719138
2026-04-13,1174291.892475163,-0.003946275130863208,-0.08444202041123894
2026-04-14,1187770.879135134,0.011478395402662489,-0.07393288390745634
2026-04-15,1182065.1402296138,-0.004803736988125862,-0.07838146676651703
2026-04-16,1174181.3067228938,-0.006669542344501012,-0.08452824059939468
2026-04-17,1170166.000576014,-0.0034196645133847126,-0.08765884688802272
2026-04-20,1180726.1157873822,0.00902445909911087,-0.0794254614673281
2026-04-21,1175199.1960512223,-0.004680949851333049,-0.08373462471661364
2026-04-22,1182012.1722096223,0.005797294774615436,-0.07842276424432215
2026-04-23,1186263.5872064221,0.00359676075826898,-0.07510807140704212
2026-04-24,1181265.0767704863,-0.004213659164660877,-0.07900525075827869
2026-04-27,1183613.0773276063,0.0019876999695438435,-0.07717458952326084
2026-04-28,1184932.9076176265,0.0011150859307842431,-0.0761455598914681
2026-04-29,1185642.9502498668,0.0005992260217229095,-0.07559196227067078
2026-04-30,1180058.2430286445,-0.004710277423777054,-0.07994618058114522
2026-05-06,1188706.8507682348,0.0073289668460714275,-0.07320313664202294
2026-05-07,1202062.8090126123,0.011235703938061725,-0.0627899214746086
2026-05-08,1204589.6732310124,0.002102106644889634,-0.060819805940882876
2026-05-11,1213881.9526542122,0.007714061999448907,-0.05357491169525641
2026-05-12,1198230.5540126124,-0.012893674386852294,-0.06577780861540572
2026-05-13,1207164.5611482924,0.007456000104288707,-0.05881224785901329
2026-05-14,1191269.0763370923,-0.013167620490846521,-0.07120545098983877
2026-05-15,1195409.1244035438,0.0034753257250506042,-0.06797758740037707
2026-05-18,1201802.0619096237,0.005347907570363963,-0.06299321768428667
2026-05-19,1198943.2125611436,-0.002378802166421279,-0.06522217144801068
2026-05-20,1186545.3706045356,-0.010340641513891358,-0.07488837386820058
2026-05-21,1175468.5669444683,-0.009335339325814207,-0.08352460481239665
2026-05-22,1183709.0677661742,0.0070103965800858425,-0.07709974883624071
2026-05-25,1185337.0491797742,0.001375322245923405,-0.07583046359004686
2026-05-26,1179095.831821589,-0.005265352468737938,-0.08069654194011533
2026-05-27,1171873.996686549,-0.006124892430399931,-0.08632717673162682
2026-05-28,1178114.446430709,0.005325188340900899,-0.0814616968657601
2026-05-29,1169661.489140389,-0.00717498823304441,-0.0880521983823489
2026-06-01,1177280.8695711088,0.006514175683701051,-0.08211161018824653
2026-06-02,1179320.6323263492,0.0017326050290644712,-0.0805212721479388
2026-06-03,1186525.346957469,0.006109207651957771,-0.07490398566793266
2026-06-04,1175829.233037149,-0.009014652698104753,-0.08324340494953719
2026-06-05,1179629.8793216292,0.003232311442592062,-0.08028016211728395
2026-06-08,1149646.022090909,-0.025418021157587956,-0.1036576204156402
2026-06-09,1166313.010978109,0.014497496244006536,-0.09066290013427214
2026-06-10,1154828.9692408289,-0.009846449134310209,-0.09961664163404116
2026-06-11,1154221.1505598715,-0.0005263278781073577,-0.10009053849653304
2026-06-12,1152230.462927958,-0.0017247020910575728,-0.10164261422655063
2026-06-15,1179503.0787218781,0.02366941047940796,-0.08037902450547096
2026-06-16,1182367.3596930779,0.002428379393721869,-0.07814583587854562
2026-06-17,1198784.1661692378,0.013884691878183641,-0.06534617485309868
2026-06-18,1213652.3898057179,0.012402752769075986,-0.05375389453513035
2026-06-22,1213273.963991958,-0.000311807414494103,-0.05404894108675051
2026-06-23,1201203.972852438,-0.009948281672349402,-0.06345952866907678
2026-06-24,1199019.1174537977,-0.0018188879224666499,-0.06516299082128174
2026-06-25,1216310.3109343578,0.01442111575108096,-0.05168159810352124
2026-06-26,1202519.7594876378,-0.01133802067017442,-0.06243365174613025
2026-06-29,1203749.478623638,0.001022618652456897,-0.06147487891048986
2026-06-30,1214829.1170431578,0.009204272663269064,-0.05283643779465441
2026-07-01,1211513.9910924379,-0.0027288825269423667,-0.05542113588971309
2026-07-02,1200389.784030998,-0.009182070651457486,-0.06409432575584728
2026-07-03,1227263.9147060378,0.02238783687811363,-0.043141422187568224
2026-07-06,1224321.0659284377,-0.0023978940000896065,-0.04543586763023899
2026-07-07,1219328.2288615578,-0.00407804554362845,-0.04932862363635704
2026-07-08,1206668.4198657179,-0.010382609617477612,-0.05919907341165087
2026-07-09,1232849.9204506779,0.021697344650714934,-0.038786191459751596
2026-07-10,1245047.8541597978,0.009894094574512957,-0.029275851131726482
2026-07-13,1214309.6655373978,-0.024688359182099995,-0.05324143758572475
2026-07-14,1238170.4489460378,0.01964966934367629,-0.034637944885989924
2026-07-15,1239899.7392927578,0.0013966496682198404,-0.03328967229200297
2026-07-16,1225852.6670320858,-0.011329200108296189,-0.04424172704136353
2026-07-17,1156568.428902006,-0.05651922126810227,-0.09826044034953207
2026-07-20,1160956.7376319994,0.003794249108251657,-0.09483901582945298
2026-07-21,1233789.3464059595,0.06273498952468848,-0.038053750969357036
2026-07-22,1211648.8610095195,-0.01794510988519671,-0.055315982111864614
2026-07-23,1202518.1763971397,-0.007535751409671887,-0.062434886031359715
2026-07-24,1189115.8925532396,-0.01114518192486258,-0.07288421979294468
2026-07-27,1205873.4004369196,0.014092409317395305,-0.05981892473365058
2026-07-28,1162029.9785165596,-0.036358229565785605,-0.09400224410159175
2026-07-29,1167285.9634180996,0.004523106114912467,-0.08990432011179061
2026-07-30,1125624.2513556196,-0.03569109315808461,-0.12238662980545101
2026-07-31,1163085.9156908446,0.033280790006175565,-0.09317896352539412
2026-08-03,1155448.2050066846,-0.006566763969128919,-0.09913384323416374
2026-08-04,1172264.8921300445,0.014554254401444755,-0.08602240800694205
2026-08-05,1206618.7053712446,0.02930550379170538,-0.05923783421925577
2026-08-06,1199965.6919398846,-0.005513766197842163,-0.06442497684914639
2026-08-07,1217696.9555491644,0.014776475467907169,-0.05060047547117119
2026-08-10,1214840.3287928845,-0.002345925842437313,-0.05282769635056106
2026-08-11,1214404.1648264846,-0.0003590298708910922,-0.05316775950045194
2026-08-12,1213102.5832184847,-0.0010717861859325106,-0.0541825612162149
2026-08-13,1217809.8191596046,0.0038803280169688037,-0.050512479309564484
2026-08-14,1221002.2268341645,0.002621433678998253,-0.04802346074503794
2026-08-17,1232960.1362742886,0.00979351976378351,-0.038700259693186245
2026-08-18,1234904.5443675686,0.0015770242979269433,-0.037184266645131414
2026-08-19,1193859.5929093286,-0.033237347490093105,-0.06918570774357602
2026-08-20,1203529.1269085286,0.008099389623897224,-0.06164668012309904
2026-08-21,1207224.15374021,0.0030701598732161273,-0.05876578541351385
2026-08-24,1195201.6597240497,-0.009958791810876444,-0.06813934100185448
2026-08-25,1194852.95197717,-0.0002917564111818427,-0.06841121732344535
2026-08-26,1198714.3183461302,0.0032316665934251088,-0.0654006329756599
