,equity,returns,drawdown
2016-01-04,1000000.0,0.0,0.0
2016-01-05,1000000.0,0.0,0.0
2016-01-06,1000000.0,0.0,0.0
2016-01-07,1000000.0,0.0,0.0
2016-01-08,1000000.0,0.0,0.0
2016-01-11,1000000.0,0.0,0.0
2016-01-12,1000000.0,0.0,0.0
2016-01-13,1000000.0,0.0,0.0
2016-01-14,1000000.0,0.0,0.0
2016-01-15,1000000.0,0.0,0.0
2016-01-18,1000000.0,0.0,0.0
2016-01-19,1000000.0,0.0,0.0
2016-01-20,1000000.0,0.0,0.0
2016-01-21,1000000.0,0.0,0.0
2016-01-22,1000000.0,0.0,0.0
2016-01-25,1000000.0,0.0,0.0
2016-01-26,1000000.0,0.0,0.0
2016-01-27,1000000.0,0.0,0.0
2016-01-28,1000000.0,0.0,0.0
2016-01-29,1000000.0,0.0,0.0
2016-02-01,1000000.0,0.0,0.0
2016-02-02,1000000.0,0.0,0.0
2016-02-03,1000000.0,0.0,0.0
2016-02-04,1000000.0,0.0,0.0
2016-02-05,1000000.0,0.0,0.0
2016-02-15,1000000.0,0.0,0.0
2016-02-16,1000000.0,0.0,0.0
2016-02-17,1000000.0,0.0,0.0
2016-02-18,1000000.0,0.0,0.0
2016-02-19,1000000.0,0.0,0.0
2016-02-22,1000000.0,0.0,0.0
2016-02-23,1000000.0,0.0,0.0
2016-02-24,1000000.0,0.0,0.0
2016-02-25,1000000.0,0.0,0.0
2016-02-26,1000000.0,0.0,0.0
2016-02-29,1000000.0,0.0,0.0
2016-03-01,1000000.0,0.0,0.0
2016-03-02,1000000.0,0.0,0.0
2016-03-03,1000000.0,0.0,0.0
2016-03-04,1000000.0,0.0,0.0
2016-03-07,1000000.0,0.0,0.0
2016-03-08,1000000.0,0.0,0.0
2016-03-09,1000000.0,0.0,0.0
2016-03-10,1000000.0,0.0,0.0
2016-03-11,1000000.0,0.0,0.0
2016-03-14,1000000.0,0.0,0.0
2016-03-15,1000000.0,0.0,0.0
2016-03-16,1000000.0,0.0,0.0
2016-03-17,1000000.0,0.0,0.0
2016-03-18,1000000.0,0.0,0.0
2016-03-21,1000000.0,0.0,0.0
2016-03-22,1000000.0,0.0,0.0
2016-03-23,1000000.0,0.0,0.0
2016-03-24,1000000.0,0.0,0.0
2016-03-25,1000000.0,0.0,0.0
2016-03-28,1000000.0,0.0,0.0
2016-03-29,1000000.0,0.0,0.0
2016-03-30,1000000.0,0.0,0.0
2016-03-31,1000000.0,0.0,0.0
2016-04-01,1000000.0,0.0,0.0
2016-04-05,1000000.0,0.0,0.0
2016-04-06,1000000.0,0.0,0.0
2016-04-07,1000000.0,0.0,0.0
2016-04-08,1000000.0,0.0,0.0
2016-04-11,1000000.0,0.0,0.0
2016-04-12,1000000.0,0.0,0.0
2016-04-13,1000000.0,0.0,0.0
2016-04-14,1000000.0,0.0,0.0
2016-04-15,1000000.0,0.0,0.0
2016-04-18,1000000.0,0.0,0.0
2016-04-19,1000000.0,0.0,0.0
2016-04-20,1000000.0,0.0,0.0
2016-04-21,1000000.0,0.0,0.0
2016-04-22,1000000.0,0.0,0.0
2016-04-25,1000000.0,0.0,0.0
2016-04-26,1000000.0,0.0,0.0
2016-04-27,1000000.0,0.0,0.0
2016-04-28,1000000.0,0.0,0.0
2016-04-29,1000000.0,0.0,0.0
2016-05-03,1000000.0,0.0,0.0
2016-05-04,1000000.0,0.0,0.0
2016-05-05,1000000.0,0.0,0.0
2016-05-06,1000000.0,0.0,0.0
2016-05-09,1000000.0,0.0,0.0
2016-05-10,1000000.0,0.0,0.0
2016-05-11,1000000.0,0.0,0.0
2016-05-12,1000000.0,0.0,0.0
2016-05-13,1000000.0,0.0,0.0
2016-05-16,1000000.0,0.0,0.0
2016-05-17,1000000.0,0.0,0.0
2016-05-18,1000000.0,0.0,0.0
2016-05-19,1000000.0,0.0,0.0
2016-05-20,1000000.0,0.0,0.0
2016-05-23,1000000.0,0.0,0.0
2016-05-24,1000000.0,0.0,0.0
2016-05-25,1000000.0,0.0,0.0
2016-05-26,1000000.0,0.0,0.0
2016-05-27,1000000.0,0.0,0.0
2016-05-30,1000000.0,0.0,0.0
2016-05-31,1000000.0,0.0,0.0
2016-06-01,1000000.0,0.0,0.0
2016-06-02,1000000.0,0.0,0.0
2016-06-03,1000000.0,0.0,0.0
2016-06-06,1000000.0,0.0,0.0
2016-06-07,1000000.0,0.0,0.0
2016-06-08,1000000.0,0.0,0.0
2016-06-13,1000000.0,0.0,0.0
2016-06-14,1000000.0,0.0,0.0
2016-06-15,1000000.0,0.0,0.0
2016-06-16,1000000.0,0.0,0.0
2016-06-17,1000000.0,0.0,0.0
2016-06-20,1000000.0,0.0,0.0
2016-06-21,1000000.0,0.0,0.0
2016-06-22,1000000.0,0.0,0.0
2016-06-23,1000000.0,0.0,0.0
2016-06-24,1000000.0,0.0,0.0
2016-06-27,1000000.0,0.0,0.0
2016-06-28,1000000.0,0.0,0.0
2016-06-29,1000000.0,0.0,0.0
2016-06-30,1000000.0,0.0,0.0
2016-07-01,1000000.0,0.0,0.0
2016-07-04,1000000.0,0.0,0.0
2016-07-05,1000000.0,0.0,0.0
2016-07-06,1000000.0,0.0,0.0
2016-07-07,1000000.0,0.0,0.0
2016-07-08,1000000.0,0.0,0.0
2016-07-11,1000000.0,0.0,0.0
2016-07-12,1000000.0,0.0,0.0
2016-07-13,1000000.0,0.0,0.0
2016-07-14,1000000.0,0.0,0.0
2016-07-15,1000000.0,0.0,0.0
2016-07-18,1000000.0,0.0,0.0
2016-07-19,1000000.0,0.0,0.0
2016-07-20,1000000.0,0.0,0.0
2016-07-21,1000000.0,0.0,0.0
2016-07-22,1000000.0,0.0,0.0
2016-07-25,1000000.0,0.0,0.0
2016-07-26,1000000.0,0.0,0.0
2016-07-27,1000000.0,0.0,0.0
2016-07-28,1000000.0,0.0,0.0
2016-07-29,991741.565689069,-0.008258434310930984,-0.008258434310930984
2016-08-01,977059.6366737948,-0.014804188432974486,-0.022940363326205193
2016-08-02,985901.2726181746,0.009049228534789622,-0.014098727381825493
2016-08-03,988622.2949697343,0.0027599339073107743,-0.011377705030265695
2016-08-04,991732.2803990832,0.003145777153896967,-0.008267719600916879
2016-08-05,984846.5591300854,-0.006943125080315915,-0.015153440869914547
2016-08-08,1000812.3498203901,0.01621144993836121,0.0
2016-08-09,1007106.7702885494,0.006289311347215998,0.0
2016-08-10,1001680.2913043106,-0.005388186381354632,-0.005388186381354632
2016-08-11,988031.1956914954,-0.013626199628069324,-0.018940965506158314
2016-08-12,997068.7817632053,0.009147065508781527,-0.009967154249661214
2016-08-15,1021530.0944490419,0.02453322492213572,0.0
2016-08-16,1024098.8814623307,0.002514646437973278,0.0
2016-08-17,1024935.0287080023,0.0008164712029345988,0.0
2016-08-18,1027595.5157506955,0.002595761651396522,0.0
2016-08-19,1028337.0779601673,0.0007216479617762062,0.0
2016-08-22,1023921.5288453174,-0.004293873292606221,-0.004293873292606221
2016-08-23,1022921.7577053593,-0.0009764138283971935,-0.005266094523743159
2016-08-24,1018909.3329588522,-0.003922513834790142,-0.0091679520299085
2016-08-25,1007004.1839005232,-0.01168420847000895,-0.020745040237156953
2016-08-26,1008929.7408843685,0.0019121638366852434,-0.018872544316203776
2016-08-29,1013211.2266866397,0.004243591628608545,-0.014709040058665912
2016-08-30,1020582.6024299122,0.007275260625938751,-0.007540791532711255
2016-08-31,1027495.9915891162,0.006773963364399727,-0.0008179092138926869
2016-09-01,1011271.6011216943,-0.01579022263856167,-0.01659521688386889
2016-09-02,1013748.5406768781,0.0024493316656339914,-0.014186532408446695
2016-09-05,1016440.6295352324,0.002655578528928837,-0.011568627330381775
2016-09-06,1022699.3055473515,0.006157443760370862,-0.005482416742182528
2016-09-07,1024228.0493077203,0.0014948125534812728,-0.0039957993740707964
2016-09-08,1021395.380524927,-0.002765662183053741,-0.006750410525904527
2016-09-09,1013472.8577921987,-0.007756568008616571,-0.014454618516190898
2016-09-12,988538.5138356304,-0.024602872948059518,-0.03870186632138395
2016-09-13,990125.2142502712,0.0016050972141532505,-0.03715888936504552
2016-09-14,986632.494059294,-0.0035275540312564857,-0.04055536340632537
2016-09-19,990578.1677120354,0.003999132074504974,-0.03671841758641181
2016-09-20,989315.3392207071,-0.001274839818290241,-0.03794644730389829
2016-09-21,991714.228575866,0.0024247974938389483,-0.03561366226038187
2016-09-22,998912.0608564576,0.007257970162360072,-0.02861417499607999
2016-09-23,990934.1526768233,-0.007986597111255267,-0.036372242219970596
2016-09-26,977429.0077645145,-0.013628700631446722,-0.049505236450906875
2016-09-27,986794.0724135856,0.009581324653429313,-0.040398237539958526
2016-09-28,981102.6670865603,-0.005767571458049847,-0.045932809276217346
2016-09-29,981592.4266440611,0.0004991929733053624,-0.04545654563854684
2016-09-30,982456.4552918995,0.0008802315751277323,-0.04461632635018631
2016-10-10,984903.5701135201,0.0024908125021108063,-0.04223664475154676
2016-10-11,987919.4590146736,0.003062115919435504,-0.03930386233438843
2016-10-12,988634.2886764656,0.0007235707883566089,-0.038608730672686664
2016-10-13,992738.3449499023,0.004151238046710803,-0.03461776665767946
2016-10-14,997356.393919737,0.004651828946999892,-0.030126973639698296
2016-10-17,996010.2806363369,-0.0013496813091152804,-0.031435993135591866
2016-10-18,1015891.717288537,0.019961075742609857,-0.012102413633005682
2016-10-19,1014726.2426296201,-0.0011472429975386556,-0.013235772221250608
2016-10-20,1013784.7906002153,-0.0009277891808189276,-0.014151281395802906
2016-10-21,1006507.8755885779,-0.0071779682227517405,-0.02122767217038435
2016-10-24,1019065.071839144,0.012476003968893812,-0.009016504723738494
2016-10-25,1017425.785467417,-0.0016086179548558954,-0.010610618567205798
2016-10-26,1011643.8248455793,-0.005682931083942688,-0.016233250237073116
2016-10-27,1010169.6724453992,-0.0014571851910479827,-0.017666780576273022
2016-10-28,1001594.2200384154,-0.008489120828805485,-0.026005925970110533
2016-10-31,1002542.1139237916,0.0009463851392230715,-0.02508415245275719
2016-11-01,1007026.0704178441,0.0044725866692054694,-0.020723756829420403
2016-11-02,1000500.7789847299,-0.006479764153878076,-0.02706923592666144
2016-11-03,1006921.0928667475,0.006417100333028003,-0.02082584159651335
2016-11-04,1006723.8072206947,-0.00019592959910208485,-0.021017690796820365
2016-11-07,1001252.8481386772,-0.005434419095661891,-0.02633789095226924
2016-11-08,1011143.1599257388,0.00987793623303812,-0.01672011872657042
2016-11-09,997584.3850307825,-0.013409352337360514,-0.029905265100803824
2016-11-10,1006005.0299948177,0.008441035255153162,-0.021716661242681234
2016-11-11,1009714.766932976,0.0036875928325899032,-0.01810915061443763
2016-11-14,1016438.4844869231,0.006659026661925971,-0.011570713269277944
2016-11-15,1026218.2915919671,0.009621641894030253,-0.0020604006347831882
2016-11-16,1022296.3239459144,-0.0038217674330951468,-0.005874293695833144
2016-11-17,1019632.330063897,-0.0026058920682946463,-0.00846487798877904
2016-11-18,1011669.3898998616,-0.007809619143339885,-0.016208389658931788
2016-11-21,1017636.0869818794,0.005897872508140667,-0.010406112166561732
2016-11-22,1031812.0212638967,0.013930259022221225,0.0
2016-11-23,1031534.2130884593,-0.0002692430110449173,-0.0002692430110449173
2016-11-24,1024523.3333474504,-0.0067965557051355985,-0.007063968791057751
2016-11-25,1032949.9786654329,0.008224942315808503,0.0
2016-11-28,1029223.3214424065,-0.0036077809187248233,-0.0036077809187248233
2016-11-29,1030673.5820899138,0.0014090825744939028,-0.002203782005456123
2016-11-30,1040621.6029129403,0.009651960616720912,0.0
2016-12-01,1043142.0747403535,0.0024220829361583096,0.0
2016-12-02,1025051.5156640371,-0.017342373119039745,-0.017342373119039745
2016-12-05,1022351.9832668875,-0.0026335577830942647,-0.019930258760428976
2016-12-06,1011473.6602798263,-0.010640486999692556,-0.030358678100880665
2016-12-07,1015356.4909848701,0.0038387857811044146,-0.026636432781603103
2016-12-08,1006908.8744697382,-0.008319852771057734,-0.03473467435357169
2016-12-09,1003646.9690337733,-0.003239523971504066,-0.037861674514864996
2016-12-12,961552.3026164481,-0.041941706313177396,-0.07821539759501472
2016-12-13,954700.3089214922,-0.007125970866390996,-0.08478400781684048
2016-12-14,947430.1825703955,-0.0076150874605975805,-0.09175345764265275
2016-12-15,963891.7128754396,0.017374927047799638,-0.07597274022777767
2016-12-16,970221.9384265363,0.0065673617342478785,-0.06990431896054772
2016-12-19,963610.4226164483,-0.006814436520380385,-0.07624239693687107
2016-12-20,961062.2466164483,-0.002644404772087272,-0.0786851859506631
2016-12-21,968079.7335804834,0.0073018027591251755,-0.07195792689941471
2016-12-22,954479.4184754393,-0.014048755111051303,-0.08499576271715725
2016-12-23,944833.2461013165,-0.01010621307008408,-0.09424299049916751
2016-12-26,939401.4920092109,-0.005748902374592357,-0.09945009912189051
2016-12-27,933558.1998154745,-0.006220228776982917,-0.10505172553044162
2016-12-28,928398.3811746695,-0.005527045493066041,-0.10999814535737584
2016-12-29,927264.5675039942,-0.0012212576989208968,-0.111085066974412
2016-12-30,925796.6092907945,-0.001583106121644695,-0.11249231364650614
2017-01-03,931782.8364547201,0.006466028395277323,-0.10675366374551765
2017-01-04,944941.7429011496,0.014122288940733085,-0.09413898088968065
2017-01-05,940647.5888826135,-0.004544358475848664,-0.09825553808981558
2017-01-06,932023.2414511329,-0.009168521275566444,-0.10652320137396332
2017-01-09,934459.4838970021,0.002613928856619374,-0.10418771658731474
2017-01-10,936010.3555579331,0.0016596456964226292,-0.10270098558634633
2017-01-11,927171.9746574343,-0.009442610167737397,-0.11117383038334938
2017-01-12,925719.8286421794,-0.0015662099965774168,-0.11256591881542255
2017-01-13,912830.6121632115,-0.013923452949985426,-0.12492206549100959
2017-01-16,881940.8205582321,-0.0338395658442886,-0.1545343228747107
2017-01-17,889042.3043805572,0.008052109230900717,-0.14772654089152049
2017-01-18,883553.5289524877,-0.0061738068042709315,-0.15298831257246392
2017-01-19,881195.2442495445,-0.0026690909216775527,-0.15524906377793157
2017-01-20,893040.8176724525,0.013442620690714335,-0.1438933973641725
2017-01-23,899932.9368787176,0.007717585881716005,-0.1372863211344263
2017-01-24,891433.7439564483,-0.009444251425831274,-0.14543400602613665
2017-01-25,893088.3968003648,0.0018561703044499556,-0.14384778600492965
2017-01-26,902447.679780862,0.010479682654066735,-0.1348755824986846
2017-02-03,897979.1376568296,-0.004951580267919198,-0.13915931549367921
2017-02-06,904660.1302474801,0.00744003096562329,-0.13275463414448374
2017-02-07,896132.6812882397,-0.009426135489034593,-0.1409294064652753
2017-02-08,904045.0410826881,0.008829451218176798,-0.13334428456669023
2017-02-09,907549.0013910155,0.0038758691758664643,-0.12998524039315373
2017-02-10,912169.274751864,0.005090935424717502,-0.12555605143344417
2017-02-13,916652.286751864,0.004914671129675474,-0.12125844700490473
2017-02-14,915616.178751864,-0.0011303173678554046,-0.12225170384411133
2017-02-15,905789.282751864,-0.010732549542097014,-0.13167218091809563
2017-02-16,905581.666751864,-0.0002292100425048682,-0.13187121037441563
2017-02-17,902690.0987518639,-0.0031930505068322734,-0.1346431894461253
2017-02-20,905986.618751864,0.003651884522227533,-0.13148300630345933
2017-02-21,927405.286751864,0.023641263079037023,-0.11095016756686504
2017-02-22,931321.3587518639,0.004222611253075215,-0.10719605573988822
2017-02-23,933577.750751864,0.0024227856247429624,-0.10503298317802101
2017-02-24,939501.494751864,0.006345206915256085,-0.09935423227395601
2017-02-27,933700.366751864,-0.006174687355374742,-0.10491543830760586
2017-02-28,935994.5187518641,0.0024570537633834544,-0.10271616741675316
2017-03-01,938505.5608830289,0.0026827530299142754,-0.1003089764961973
2017-03-02,932684.4060655568,-0.00620257892984144,-0.10588938108194945
2017-03-03,931860.7247930769,-0.0008831296707902947,-0.10667899669848468
2017-03-06,940376.7578213945,0.009138740159060355,-0.09851516817068107
2017-03-07,946934.2854627725,0.006973298294366659,-0.09222884553048816
2017-03-08,934199.988663929,-0.013447920298524263,-0.10443647966509362
2017-03-09,929430.3776047854,-0.005105556751253126,-0.10900883004251549
2017-03-10,930218.7887807093,0.0008482735177601786,-0.1082530258284824
2017-03-13,935489.1677792418,0.0056657412880691815,-0.10320061817840809
2017-03-14,922763.0999351328,-0.013603650670076073,-0.1154003636898493
2017-03-15,916278.1800869148,-0.007027719084859219,-0.1216170814364056
2017-03-16,923795.6656807095,0.008204370416287299,-0.11441050260517027
2017-03-17,916815.3566357414,-0.007556117986139865,-0.12110212133477194
2017-03-20,920290.3564106085,0.003790294032179675,-0.11777083995037185
2017-03-21,917123.1233415791,-0.0034415584678976208,-0.1208070831867668
2017-03-22,901969.7445098622,-0.01652273118630454,-0.13533375141217485
2017-03-23,898652.5491970694,-0.0036777234857200414,-0.13851375478191574
2017-03-24,903113.8291728393,0.004964410304912681,-0.13423698358861458
2017-03-27,896126.40388209,-0.007737037198454866,-0.14093542425163597
2017-03-28,895246.6389908209,-0.0009817419590115728,-0.14177880399114862
2017-03-29,886296.0404235539,-0.009997913622280308,-0.15035922537765511
2017-03-30,867463.9650037559,-0.021248064485088203,-0.16841244734599103
2017-03-31,869357.6645975378,0.002183029693658467,-0.16659706702567056
2017-04-05,878952.9181738044,0.011037176028934725,-0.15739865215140236
2017-04-06,878439.9762797803,-0.000583582901220514,-0.1578903798905522
2017-04-07,877147.0190890166,-0.0014718788143492922,-0.15912986319975098
2017-04-10,858608.3811491095,-0.02113515469637106,-0.17690178362058306
2017-04-11,861782.6712753074,0.0036970174015185098,-0.17385877519146942
2017-04-12,857739.396062471,-0.004691757385714257,-0.17773482938460783
2017-04-13,861047.9607454853,0.00385730759039693,-0.17456309970067396
2017-04-14,856244.2800169315,-0.00557887707485516,-0.17916811070049343
2017-04-17,849557.597226047,-0.007809316741657302,-0.18557824691568625
2017-04-18,836061.7490371093,-0.015885736568072573,-0.19851593634049147
2017-04-19,831011.1438369073,-0.006040947580748357,-0.2033576595558637
2017-04-20,843337.3571212466,0.014832789398499857,-0.19154123149412783
2017-04-21,837172.1357585599,-0.007310504284705033,-0.1974514727852974
2017-04-24,823082.8454712348,-0.016829621633977165,-0.21095806084122648
2017-04-25,821520.3779992457,-0.0018983113067975177,-0.212455908075869
2017-04-26,822208.5221411018,0.0008376470752096132,-0.21179622407067022
2017-04-27,828585.0609242921,0.007755379093596915,-0.20568340498533377
2017-04-28,828691.8268417798,0.00012885329765488507,-0.20558105467268406
2017-05-02,822564.1856910668,-0.007394354514229984,-0.21145526998725495
2017-05-03,824842.2332857988,0.002769446608981818,-0.2092714374586907
2017-05-04,822665.8570377545,-0.0026385363894070313,-0.21135780354509937
2017-05-05,812512.267933998,-0.012342300360340008,-0.22109146241058397
2017-05-08,803409.9507981027,-0.011202682710305556,-0.22981732761754636
2017-05-09,806740.1609137784,0.004145094434500729,-0.22662484770870495
2017-05-10,781817.8042737216,-0.030892668851179583,-0.2505164701861705
2017-05-11,778201.971534659,-0.004624904574054289,-0.25398275999138487
2017-05-12,779341.0486436774,0.0014637294053265748,-0.2528907926203038
2017-05-15,778032.2554999272,-0.0016793586659241688,-0.25414545694210855
2017-05-16,786589.1652333833,0.010998142651499565,-0.24594244228028894
2017-05-17,790046.5042136774,0.004395355457595507,-0.2426280912786244
2017-05-18,784891.6018122021,-0.006524808823255124,-0.24756979819113523
2017-05-19,780227.5684801581,-0.005942264283724574,-0.2520409373053397
2017-05-22,766102.4612200506,-0.018103829998756038,-0.2655818610223927
2017-05-23,753063.2395746058,-0.017020205919557108,-0.2780818089788495
2017-05-24,760279.1934495812,0.009582135331757113,-0.2711642911740275
2017-05-25,769651.450226944,0.012327388225420899,-0.2621796504387799
2017-05-26,768041.9707483938,-0.002091179686695477,-0.26372256536621275
2017-05-31,769981.2227677495,0.002524929747609983,-0.26186351656901197
2017-06-01,760656.7891961796,-0.012109949302468115,-0.27080231196166327
2017-06-02,768163.8486376181,0.009869180881658224,-0.2636057280799259
2017-06-05,771510.8780816182,0.004357181674113253,-0.2603971244533938
2017-06-06,773656.291243781,0.002780794442584389,-0.2583404408873544
2017-06-07,787057.4215945004,0.01732181396621857,-0.24549355197813738
2017-06-08,784031.7774987312,-0.0038442482247859067,-0.24839406205153503
2017-06-09,787134.8219067312,0.003957804386321762,-0.2454193527735371
2017-06-12,781135.9563722743,-0.007621141089814154,-0.25117011834969327
2017-06-13,790783.0813029936,0.012350122730903523,-0.24192197740674404
2017-06-14,789316.1159576813,-0.0018550793257932074,-0.24332827227379505
2017-06-15,803479.6168379023,0.017944015830763105,-0.22975054281278517
2017-06-16,796799.6853508891,-0.008313753512879551,-0.23615420694326894
2017-06-19,803856.5785604954,0.008856546180108671,-0.2293891714025802
2017-06-20,802543.7240290203,-0.0016331949833963133,-0.23064772914199638
2017-06-21,801173.2782684638,-0.0017076275342063907,-0.23196149626321771
2017-06-22,796268.2410556133,-0.006122317538412636,-0.23666367186482162
2017-06-23,792286.8822809256,-0.005000022064687082,-0.24048037034827474
2017-06-26,800411.8569569887,0.010255091757510826,-0.23269142685456567
2017-06-27,800261.6517492512,-0.0001876598983785449,-0.23283541990342704
2017-06-28,792293.3613251926,-0.00995710641218539,-0.24047415926310822
2017-06-29,781045.3028052306,-0.014196835501875782,-0.25125702268347383
2017-06-30,777655.1689985681,-0.004340508539628085,-0.2545069479705028
2017-07-03,787351.6098988875,0.012468818168862805,-0.24521153065859636
2017-07-04,782911.1260287184,-0.0056397723892878115,-0.2494683658277408
2017-07-05,800854.7596239309,0.022919119423210566,-0.2322668416732494
2017-07-06,799557.7746508117,-0.0016195008614648954,-0.23351018618453478
2017-07-07,802416.4628401113,0.0035753366172295298,-0.2307697270864668
2017-07-10,804785.1881830046,0.002951989961059942,-0.2284989670430826
2017-07-11,794457.4999077921,-0.012832850836295595,-0.23839952471906667
2017-07-12,790906.0852363547,-0.004470238712391161,-0.24180406064704307
2017-07-13,796235.8489213921,0.006738807280063597,-0.23669472433121663
2017-07-14,786788.2291400895,-0.011865353455387195,-0.24575161122138856
2017-07-17,748843.9324673814,-0.048226823009514086,-0.2821266147722259
2017-07-18,757020.262421032,0.010918603462152898,-0.2742884399428904
2017-07-19,771605.5719215506,0.01926673594425754,-0.2603063469435749
2017-07-20,770399.5246396755,-0.0015630359937287563,-0.2614625147476347
2017-07-21,774009.4231474192,0.0046857486178124574,-0.25800191374691084
2017-07-24,781054.5059834194,0.009102063392655069,-0.2512482001286065
2017-07-25,776464.557213832,-0.005876604941684738,-0.25564831865582616
2017-07-26,771876.5017759613,-0.005908905171839396,-0.260046622155388
2017-07-27,792164.5410620203,0.02628404834112663,-0.24059765180194026
2017-07-28,792907.6825931122,0.0009381151169625124,-0.2398852449792389
2017-07-31,800183.3210756785,0.009175896062416866,-0.23291051099165894
2017-08-01,806925.3480980906,0.008425603039749596,-0.22644731946131036
2017-08-02,809384.3854521647,0.003047416170368189,-0.22408998251400514
2017-08-03,814762.470908369,0.006644661736586288,-0.218934322909782
2017-08-04,807698.5580324846,-0.008669904577230936,-0.22570608779870438
2017-08-07,810968.7632536363,0.004048794180241844,-0.22257113111318705
2017-08-08,810528.7458004777,-0.000542582492811805,-0.22299295040685152
2017-08-09,803458.0842669802,-0.008723517296742589,-0.2297711848436682
2017-08-10,797314.9884784755,-0.007645819873863369,-0.2356602156260128
2017-08-11,788942.1709873271,-0.01050126689218056,-0.24368675169803578
2017-08-14,801365.4660639471,0.015746775281479497,-0.23177725693461904
2017-08-15,801568.6071952106,0.00025349374270056124,-0.23158251727625156
2017-08-16,809666.2555763095,0.010102252394132094,-0.2238197699217127
2017-08-17,845567.4483502468,0.04434072993246252,-0.18940337196089485
2017-08-18,850967.5211352067,0.006386330026653342,-0.1842266343757447
2017-08-21,835206.2728952322,-0.018521562631378274,-0.19933603186016458
2017-08-22,825460.2077925969,-0.011669051609072167,-0.20867902102591285
2017-08-23,820338.1626244506,-0.006205078233684214,-0.21358922960840265
2017-08-24,790430.3158379628,-0.03645794886684994,-0.24226015326367956
2017-08-25,795910.731007382,0.006933457712346547,-0.23700639607937335
2017-08-28,827231.9323240326,0.039352656141483866,-0.20698057114613333
2017-08-29,816978.3059008697,-0.012395104713083693,-0.2168101300062869
2017-08-30,818756.4526997386,0.002176492063529434,-0.215105523470009
2017-08-31,838785.2619636884,0.02446247501061838,-0.1959050619519217
2017-09-01,845056.5817219326,0.007476668991014845,-0.18989311026278555
2017-09-04,847258.3404537207,0.0026054571722304853,-0.18778241145664643
2017-09-05,843239.2592556577,-0.0047436313178229605,-0.1916352722465473
2017-09-06,849239.467695722,0.007115665422600115,-0.18588321930442253
2017-09-07,843689.9004719353,-0.006534749543429252,-0.19120326856537107
2017-09-08,839909.7401040796,-0.004480509208112049,-0.19482708976805496
2017-09-11,843210.5567312479,0.003929965887476516,-0.19166278769732314
2017-09-12,839703.59058636,-0.004159063376154681,-0.1950247133925942
2017-09-13,836280.9879722723,-0.0040759652006461256,-0.19830576464818617
2017-09-14,834192.9965726038,-0.0024967581825950935,-0.20030740129024016
2017-09-15,833152.97525089,-0.0012467394547627242,-0.2013044096047334
2017-09-18,844461.5440290092,0.013573220181700485,-0.19046353849814512
2017-09-19,840307.5348081023,-0.004919121836013618,-0.19444574698296813
2017-09-20,843709.001950177,0.004047883663034657,-0.19118495708249228
2017-09-21,842852.3200287641,-0.001015376059082862,-0.19200620851329686
2017-09-22,833425.9403289206,-0.011183904316146132,-0.20104273376532433
2017-09-25,819626.6469051262,-0.016557312121036727,-0.21427131859374204
2017-09-26,821580.9217037697,0.0023843475636411426,-0.21239786832654806
2017-09-27,825141.430284083,0.0043337284085536165,-0.20898461459387752
2017-09-28,822833.226415658,-0.002797343320441792,-0.21119735619861002
2017-09-29,829731.4204384207,0.00838346556909464,-0.2045844563934902
2017-10-09,838886.601313397,0.011033908864315212,-0.19580791377607631
2017-10-10,857023.9600546409,0.021620751497100077,-0.17842067652389437
2017-10-11,853915.5160999154,-0.003627021063130287,-0.18140056203517452
2017-10-12,852322.5823588525,-0.001865446535435078,-0.18292761552063508
2017-10-13,852426.9910972525,0.000122499087271688,-0.18282752489930154
2017-10-16,836863.6142644248,-0.018257724116401253,-0.19774723450520693
2017-10-17,838908.829169943,0.0024439046825042166,-0.1957866052150622
2017-10-18,832904.318244649,-0.007157525009285126,-0.20154278270103754
2017-10-19,817311.9488679427,-0.01872048089457301,-0.21649028578261664
2017-10-20,822436.9144572366,0.0062705134757818914,-0.21157727756121059
2017-10-23,820636.3514507678,-0.0021893022733021628,-0.2133033732197689
2017-10-24,819574.3989012308,-0.0012940598447286344,-0.21432140573446867
2017-10-25,822284.5722493595,0.003306805766214893,-0.2117233192285598
2017-10-26,826584.7379709594,0.00522953472158294,-0.2076009989562515
2017-10-27,826240.2759805594,-0.00041672919251511953,-0.20793121475210619
2017-10-30,802379.1240173595,-0.02887919247809867,-0.23080552165717394
2017-10-31,805045.1563469593,0.003322659139300077,-0.22824975059380903
2017-11-01,805632.9561437594,0.0007301451256067626,-0.2276862609110193
2017-11-02,801924.6201181593,-0.0046030093447895215,-0.23124122826915516
2017-11-03,793252.9257981593,-0.01081360280311916,-0.23955428027806625
2017-11-06,795646.4522765593,0.003017356004066052,-0.23725974481989698
2017-11-07,797880.9133421595,0.0028083592394672063,-0.23511769617694844
2017-11-08,799600.8668157593,0.002155651858364749,-0.23346887621728185
2017-11-09,799303.8374621593,-0.00037147202551546243,-0.23375362108645414
2017-11-10,799279.0330829595,-3.103247856106606e-05,-0.23377739961078026
2017-11-13,799825.3359213592,0.000683494519170047,-0.23325369066295
2017-11-14,794320.6092349594,-0.006882410995469046,-0.23853075389306666
2017-11-15,791011.3175485593,-0.004166191394161856,-0.24170318051311623
2017-11-16,783405.5620589594,-0.009615229669748704,-0.24899437859032258
2017-11-17,765332.0949373594,-0.02307038397085026,-0.26632036664051084
2017-11-20,764623.8483069595,-0.0009254108576982611,-0.26699932173929375
2017-11-21,763709.6179613594,-0.0011956602552017914,-0.26787574151732596
2017-11-22,765843.8961164695,0.0027946199771677893,-0.26582973243880104
2017-11-23,759215.6071350853,-0.00865488256157132,-0.2721838898847406
2017-11-24,758269.9498141379,-0.0012455714978197863,-0.2730904368871542
2017-11-27,754822.5921675805,-0.004546346123042833,-0.276395219361215
2017-11-28,760011.1924513327,0.006873933474689009,-0.2714212082371372
2017-11-29,763661.5287722435,0.004803003373064829,-0.2679218418427566
2017-11-30,763460.9618792017,-0.00026263846676199964,-0.26811411372776495
2017-12-01,766294.3953675805,0.0037113010747851227,-0.2653978648514227
2017-12-04,747154.3596959229,-0.024977392223358708,-0.28374631050914545
2017-12-05,743139.4685814603,-0.005373576507131106,-0.28759515450813955
2017-12-06,745407.1630298389,0.0030515058670042006,-0.285421246942439
2017-12-07,757603.1717470337,0.016361539467399266,-0.2737296384717228
2017-12-08,767076.2503693654,0.012504011302495899,-0.2646483456625054
2017-12-11,772233.7410400758,0.006723569747110414,-0.25970415752591425
2017-12-12,759600.9553647025,-0.01635875901816841,-0.2718144788150998
2017-12-13,764921.7484009864,0.007004721358899957,-0.26671374214161414
2017-12-14,764288.9924493654,-0.0008272165786157304,-0.26732032869098565
2017-12-15,744257.5268084182,-0.026209281880079316,-0.28652333672412755
2017-12-18,730967.2455284183,-0.01785710026607623,-0.2992639610377503
2017-12-19,740346.2924288919,0.012831008445109537,-0.2902728110040331
2017-12-20,733177.0808124982,-0.009683592245560146,-0.29714551970785774
2017-12-21,736130.3348924982,0.004028022911909845,-0.29431440575750245
2017-12-22,734720.5054524983,-0.0019151899781520987,-0.29566592773532197
2017-12-25,722788.4718524982,-0.016240234907628492,-0.3071044785223469
2017-12-26,730529.3667324983,0.010709765279128147,-0.2996837301243621
2017-12-27,726863.9960124983,-0.005017417350919651,-0.3031975091279674
2017-12-28,730988.8044924983,0.005674800929236223,-0.2992432937052728
2017-12-29,732389.1987324982,0.0019157533349258848,-0.297900816708217
2018-01-02,735593.7161724983,0.004375429683487919,-0.29482883110088953
2018-01-03,748151.5020924982,0.017071632946161763,-0.2827904077412282
2018-01-04,753976.0910524983,0.00778530677771716,-0.27720671104157213
2018-01-05,754438.2968124982,0.0006130244254227701,-0.276763621100909
2018-01-08,752921.6280124983,-0.002010328487310198,-0.2782175637964689
2018-01-09,748911.2329724983,-0.005326444201883662,-0.28206209766880663
2018-01-10,748690.5776124982,-0.0002946348649682795,-0.2822736272057157
2018-01-11,756089.1811324983,0.009882057743525463,-0.27518101374571147
2018-01-12,750751.1827324983,-0.007060011613979955,-0.2802982442066999
2018-01-15,728495.5451324983,-0.029644492225768482,-0.3016334373111863
2018-01-16,736122.4076924983,0.010469333149611515,-0.29432200510584805
2018-01-17,750467.8886524983,0.0194879014822662,-0.2805698218631477
2018-01-18,756907.6841625384,0.00858104071794874,-0.2743963622108342
2018-01-19,775339.3182425384,0.02435123128706662,-0.2567270202042933
2018-01-22,771558.0478425383,-0.004876923317356119,-0.2603519055306197
2018-01-23,785656.2486425384,0.018272378649178744,-0.24683677548133165
2018-01-24,789402.8488025384,0.004768752449271885,-0.24324512650970664
2018-01-25,778440.8622425384,-0.013886428933754691,-0.25375374928070216
2018-01-26,773976.5640025383,-0.005734922788019126,-0.25803341390942613
2018-01-29,758498.5953625384,-0.01999798102407302,-0.27287124761856163
2018-01-30,755084.6449625384,-0.0045009317365554136,-0.2761440044967173
2018-01-31,732719.1705625384,-0.029619824147145146,-0.29758449179138124
2018-02-01,700881.3977625384,-0.043451535157128296,-0.32810552394122017
2018-02-02,699920.3216025383,-0.0013712393609933704,-0.329026852093226
2018-02-05,700389.7179225384,0.000670642508171948,-0.3285768689783978
2018-02-06,678067.4908825384,-0.03187115182988565,-0.3499758975292845
2018-02-07,685768.8668825384,0.011357831047137168,-0.3425930335968551
2018-02-08,691138.5868825384,0.007830218400567412,-0.337445393471864
2018-02-09,663850.7428825384,-0.03948244898766984,-0.3636046719256567
2018-02-12,673558.3932825384,0.01462324250455449,-0.3542985087144601
2018-02-13,674370.2428825384,0.0012053143544741296,-0.35352023543830824
2018-02-14,673833.9476825384,-0.0007952533577216814,-0.35403435064177513
2018-02-22,676482.1083503551,0.003929989987776938,-0.3514957121073494
2018-02-23,672581.648259243,-0.005765799335955224,-0.355234857699845
2018-02-26,691448.9066752956,0.028051997054757916,-0.3371479078270304
2018-02-27,693807.6226482568,0.0034112657496310206,-0.33488674318792944
2018-02-28,693608.7168948044,-0.0002866871838237417,-0.33507742263444873
2018-03-01,692062.2310920622,-0.002229622790304031,-0.3365599491667306
2018-03-02,687561.6087636027,-0.00650320466319565,-0.3408744355990604
2018-03-05,689623.6100640586,0.0029990058696904853,-0.33889771416255887
2018-03-06,709025.0353823798,0.028133354245976294,-0.32029868936226946
2018-03-07,701466.6591905794,-0.010660238799218291,-0.32754446764580925
2018-03-08,702868.7005050234,0.00199872837300874,-0.32620041169370617
2018-03-09,713800.2669860956,0.015552785994336737,-0.3157209508937062
2018-03-12,722887.0095369398,0.012730091274988586,-0.30701001614102064
2018-03-13,716855.0940884271,-0.008344202301237225,-0.3127924647590711
2018-03-14,714601.4749320534,-0.0031437583061881824,-0.31495287915605985
2018-03-15,703565.0685822095,-0.015444141576804293,-0.32553284387715586
2018-03-16,701381.939997967,-0.003102951925458508,-0.32762568303790585
2018-03-19,700743.6637058988,-0.0009100266996752149,-0.32823756161851725
2018-03-20,700567.3251262916,-0.00025164491488172125,-0.3284066072201445
2018-03-21,706947.7962556708,0.00910757738841017,-0.322290018421857
2018-03-22,697374.7459917212,-0.013541382142575498,-0.3314671482642445
2018-03-23,658386.1002197494,-0.05590773969958851,-0.3688433089197106
2018-03-26,666663.8940637109,0.012572856324273296,-0.36090786652465445
2018-03-27,681739.3341302724,0.022613254146205186,-0.34645591368753603
2018-03-28,675917.6197637173,-0.00853950194025721,-0.35203685468064483
2018-03-29,685217.4840753542,0.013758872442011238,-0.3431216124170714
2018-03-30,689125.7861000102,0.005703739492184612,-0.3393749492162521
2018-04-02,697007.504530396,0.011437271089492995,-0.33181920142192833
2018-04-03,688438.9855406646,-0.012293295171196594,-0.34003334520657436
2018-04-04,686066.7401243031,-0.0034458324792551176,-0.34230747974088693
2018-04-09,687537.4506289338,0.0021436843073958656,-0.3408975946061159
2018-04-10,692097.159535458,0.006631942597967733,-0.3365264652873612
2018-04-11,694460.0125037209,0.0034140480649407223,-0.33426133475003617
2018-04-12,689603.487166203,-0.006993239711540533,-0.3389170048213702
2018-04-13,681557.9163494847,-0.011666952047734047,-0.3466298284256917
2018-04-16,670181.3656633925,-0.016691979380162647,-0.3575358698572234
2018-04-17,662107.3626951434,-0.012047489503467235,-0.3652759497214727
2018-04-18,669821.6766323368,0.011651152625447025,-0.35788068293663566
2018-04-19,676679.0485213663,0.010237608199702208,-0.3513069169510805
2018-04-20,660160.5078054362,-0.02441118984254853,-0.36714228695093576
2018-04-23,657924.4689123657,-0.003387113992176949,-0.3692858481658613
2018-04-24,670638.2705262157,0.019324105143661008,-0.3570978615802234
2018-04-25,666015.0402533157,-0.006893776385997752,-0.36152988516056916
2018-04-26,652073.9227514158,-0.02093213615205669,-0.3748944285334074
2018-04-27,656272.0101927158,0.0064380544825137775,-0.37086996480698264
2018-05-02,655256.5804304658,-0.0015472696480715031,-0.37184339861512694
2018-05-03,665669.7054491658,0.015891675611802603,-0.36186093767250604
2018-05-04,660284.5198704659,-0.008089876307449284,-0.36702340375368714
2018-05-07,666406.0999314158,0.009271124608753345,-0.3611549988554631
2018-05-08,667728.1264807658,0.001983815198399297,-0.3598876484327711
2018-05-09,663802.6359136656,-0.005878875565403008,-0.3636507892955123
2018-05-10,665375.9458043157,0.002370147097238595,-0.36214254806093105
2018-05-11,660560.3027772157,-0.00723747688425791,-0.36675902662479176
2018-05-14,660599.4978252657,5.933606346797404e-05,-0.366721452598205
2018-05-15,659330.6595217158,-0.0019207376144351196,-0.3679378145246144
2018-05-16,650512.4395265657,-0.013374503168936402,-0.3763913322272199
2018-05-17,646551.7184527158,-0.006088616962855453,-0.38018824654000494
2018-05-18,650790.0539620657,0.006555292312102834,-0.3761251993175976
2018-05-21,658738.7591265658,0.012213931537686573,-0.36850523521397494
2018-05-22,657894.6781488158,-0.0012813592126705853,-0.36931440684858674
2018-05-23,649826.1519980234,-0.012264160843336813,-0.3770492364045709
2018-05-24,650550.7456557694,0.0011150577050771382,-0.37635461035574014
2018-05-25,644760.8699792614,-0.008899960095613446,-0.38190502943738747
2018-05-28,638048.3596071914,-0.01041085258831842,-0.3883399250614957
2018-05-29,633146.6957041156,-0.007682276475240113,-0.3930388668660394
2018-05-30,610212.6550169574,-0.03622231758100458,-0.4150244057897441
2018-05-31,616849.0676218715,0.010875573540390704,-0.40866246069557666
2018-06-01,616068.8767147175,-0.0012648003346455994,-0.40941038461317747
2018-06-04,607014.2552129434,-0.014697417519383915,-0.41809052677312997
2018-06-05,611653.1590014055,0.007642166141279105,-0.41364347789954603
2018-06-06,613547.8259764934,0.003097616593987995,-0.41182717020669457
2018-06-07,613867.9945582674,0.0005218314990593775,-0.41152024309721746
2018-06-08,600899.3666111714,-0.021126085839396347,-0.42395251695629277
2018-06-11,599181.5832871475,-0.002858687193683651,-0.4255992565190234
2018-06-12,601960.6685062593,0.004638135244186881,-0.4229351081863971
2018-06-13,586987.4527866754,-0.0248740765019404,-0.4372890644519527
2018-06-14,588676.7292511134,0.0028778749126889824,-0.4356696527674433
2018-06-15,581327.0512025254,-0.01248508338003762,-0.44271536420652735
2018-06-19,553736.9422879574,-0.047460562617025026,-0.4691644065591094
2018-06-20,553100.8202308455,-0.0011487802393742585,-0.46977421999921076
2018-06-21,546160.2839147933,-0.012548410818041145,-0.4764277109129771
2018-06-22,555114.1648579274,0.016394236649640792,-0.4678441429024903
2018-06-25,551125.0018347934,-0.007186202903244121,-0.47166832286774274
2018-06-26,555478.1838814814,0.007898719949549715,-0.46749517890959924
2018-06-27,553033.2728379313,-0.004401452864387867,-0.469838973779688
2018-06-28,554202.8498792334,0.002114840279501262,-0.4687177678868154
2018-06-29,566444.3291184054,0.022088445127699252,-0.4569825694554618
2018-07-02,554811.2242592333,-0.02053706650621323,-0.46813455454058805
2018-07-03,553155.4886562193,-0.002984322469727796,-0.4697218125403443
2018-07-04,546380.8763259193,-0.01224721162354836,-0.47621624172151433
2018-07-05,535414.9161436734,-0.020070175691333403,-0.4867286737744305
2018-07-06,556360.8855112795,0.03912100454441858,-0.4666489838886403
2018-07-09,565908.8635064294,0.017161483209545914,-0.45749588938085095
2018-07-10,567777.6678428793,0.003302306178543768,-0.455704374704468
2018-07-11,555196.9548761293,-0.022157815777691825,-0.4677647768983699
2018-07-12,569307.0885264294,0.025414645246835343,-0.4542382075153718
2018-07-13,571404.9896335293,0.0036850078795436225,-0.45222707100971204
2018-07-16,571091.3422512794,-0.0005489055712500912,-0.45252774662221473
2018-07-17,573882.1088393294,0.004886725435284456,-0.44985240003652105
2018-07-18,570160.0180228794,-0.006485810864496178,-0.4534205533174407
2018-07-19,564984.0483701954,-0.009078099987846255,-0.4583824561857266
2018-07-20,572069.6454559953,0.01254123387419459,-0.45158990389838494
2018-07-23,580221.2362217954,0.014249297844325381,-0.443775445098198
2018-07-24,593156.7846756454,0.022294165822130063,-0.43137488263687673
2018-07-25,591838.2303520954,-0.0022229440134803324,-0.4326389044374337
2018-07-26,593563.2500349454,0.0029146810638165377,-0.43098522779585113
2018-07-27,589527.8264810954,-0.006798641178699105,-0.4348537550574464
2018-07-30,582048.0969507954,-0.012687661539145134,-0.44202413933339635
2018-07-31,582462.2569107953,0.000711556247962486,-0.4416271081235268
2018-08-01,572344.9231404954,-0.01736993882480764,-0.4513260110968521
2018-08-02,555575.8337550453,-0.029298922218855328,-0.4674015676212345
2018-08-03,550439.5208350454,-0.009245025805540208,-0.4723254538725665
2018-08-06,544028.5798950454,-0.011646948842398253,-0.4784712523167485
2018-08-07,556278.8998230954,0.022517787448617765,-0.46672757882807314
2018-08-08,549089.9547443955,-0.012923274783541383,-0.47361920486136233
2018-08-09,559665.2025795454,0.019259590789769243,-0.4634813261473988
2018-08-10,561749.8376288954,0.003724789462953515,-0.4614829070443549
2018-08-13,560120.4076630954,-0.0029006327312487423,-0.46304494735051893
2018-08-14,560000.2223653455,-0.00021457046753814435,-0.463160162047213
2018-08-15,549507.6527314954,-0.01873672404902127,-0.47321878194945555
2018-08-16,548836.5077665139,-0.0012213569031213067,-0.47386216982655627
2018-08-17,543472.9232727138,-0.009772645255737733,-0.47900392819646487
2018-08-20,543993.2584727138,0.0009574261710529886,-0.47850511292230435
2018-08-21,547343.9566571638,0.006159447993633771,-0.4752929922864034
2018-08-22,540591.7121522638,-0.012336382676331081,-0.48176597872651095
2018-08-23,540330.9525402638,-0.00048235961842979513,-0.48201595389126983
2018-08-24,540429.3703502638,0.00018214357244827895,-0.4819216064266404
2018-08-27,545455.9444725136,0.009301075030381911,-0.4771029204163948
2018-08-28,546639.9878574138,0.002170740637990942,-0.4759678464762559
2018-08-29,545152.2381503138,-0.002721626189352344,-0.47739406610934887
2018-08-30,536588.0944422638,-0.01570963688438287,-0.4856040155643948
2018-08-31,532198.5121062137,-0.008180543663781181,-0.489812054375544
2018-09-03,532860.8038581638,0.0012444449521833434,-0.4891771535619468
2018-09-04,536745.3185986137,0.007289923958234912,-0.48545329385528435
2018-09-05,531380.8708897136,-0.009994400552772564,-0.4905958797396044
2018-09-06,529487.2402341637,-0.0035636033573797077,-0.4924111939728274
2018-09-07,531168.2732001637,0.0031748318717870205,-0.49079968485368997
2018-09-10,523271.01857456367,-0.014867707700275457,-0.4983703263001734
2018-09-11,522366.6939718138,-0.0017282145783906744,-0.4992372500152148
2018-09-12,525689.3139553638,0.006360704122015282,-0.4960520463272349
2018-09-13,526281.1508024607,0.0011258300889622763,-0.49548468655771905
2018-09-14,521336.46942495083,-0.009395512968629727,-0.5002248667280382
2018-09-17,514760.8980726828,-0.01261291265412734,-0.5065284868307024
2018-09-18,522506.0048304757,0.015046027751508317,-0.49910370074897836
2018-09-19,529220.2734527925,0.01285012719517975,-0.4926671195920078
2018-09-20,528892.3039164086,-0.0006197221702113342,-0.49298152502567383
2018-09-21,535799.5762533064,0.013059884376743547,-0.4863599223656363
2018-09-25,532132.8235303846,-0.006843515533480504,-0.48987502621554524
2018-09-26,535920.9113626023,0.007118688539237139,-0.48624360541108713
2018-09-27,528070.0528374545,-0.014649285666399225,-0.4937697695983595
2018-09-28,532687.3161827883,0.008743656870000782,-0.48934346616650615
2018-10-08,517482.4803130114,-0.02854364165967771,-0.5039194632794224
2018-10-09,517501.8717374924,3.747262026965181e-05,-0.5039008738418467
2018-10-10,517821.65325777145,0.0006179330698947716,-0.5035943177858477
2018-10-11,490355.87964146293,-0.053040990934838494,-0.5299241670761708
2018-10-12,479635.6370400558,-0.0218621679610439,-0.5402010438899791
2018-10-15,469889.6640728197,-0.020319534693837182,-0.549543944730847
2018-10-16,462568.59585222387,-0.015580398507044513,-0.5565622295818515
2018-10-17,465414.2267054828,0.006151802951551932,-0.5538342877969636
2018-10-18,460589.8114581089,-0.010365852547147947,-0.5584591757812536
2018-10-19,467282.26017264405,0.014530170985217028,-0.5520435121084015
2018-10-22,485870.95164557564,0.03978043477632509,-0.5342236082591982
2018-10-23,485658.3337881628,-0.0004376015003423328,-0.534427432707048
2018-10-24,485440.77713021665,-0.00044796236944844026,-0.5346359916974428
2018-10-25,481123.3938488737,-0.008893738401759443,-0.53877481744888
2018-10-26,482182.79451667576,0.002201931316054173,-0.5377592312756678
2018-10-29,477587.25464527565,-0.009530700646435353,-0.5421647096689577
2018-10-30,482083.8568430785,0.009415247484237499,-0.5378540771034731
2018-10-31,485589.22070924856,0.007271274108046066,-0.5344936874201766
2018-11-01,492499.0388529565,0.014229760153274151,-0.5278696442423305
2018-11-02,505633.6762440744,0.02666936654680363,-0.5152782267267566
2018-11-05,513143.1854631893,0.014851679332153367,-0.5080792943847896
2018-11-06,509417.06204959133,-0.007261371716813514,-0.5116513134834588
2018-11-07,507693.1067211236,-0.003384172727806889,-0.5133039697900283
2018-11-08,504310.3733763525,-0.0066629491320419065,-0.5165468006820841
2018-11-09,506241.52308289555,0.00382928809021732,-0.5146955191037585
2018-11-12,520478.12650817045,0.028122156670549625,-0.5010477104590747
2018-11-13,528819.1660412552,0.01602572540184144,-0.4930516380782718
2018-11-14,527794.1091672103,-0.0019383882806640607,-0.4940343008419227
2018-11-15,534388.4785930233,0.012494208084698144,-0.4877126601129219
2018-11-16,531854.0079492095,-0.00474274941422137,-0.4901423105940844
2018-11-19,532610.039432747,0.0014215019013446017,-0.4894175469191788
2018-11-20,521492.6128262747,-0.02087348300515124,-0.5000751810762897
2018-11-21,524265.6664977082,0.005317532028698668,-0.49741681483972144
2018-11-22,524126.41542197403,-0.00026561166338512354,-0.49755030679552126
2018-11-23,506613.0646574652,-0.03341436388091379,-0.5143393436761092
2018-11-26,501375.96326577093,-0.010337477963058839,-0.5193598500083821
2018-11-27,502798.28752886364,0.0028368417461184237,-0.5179963499660253
2018-11-28,512271.44731573376,0.018840875201521667,-0.5089149793490573
2018-11-29,500336.4315032901,-0.023298225725798982,-0.5203563890107415
2018-11-30,502856.0514415747,0.0050358514384296615,-0.5179409750424077
2018-12-03,512682.9971055754,0.019542263906000557,-0.5085204503584171
2018-12-04,513510.4224703463,0.0016139122409799533,-0.5077272454970592
2018-12-05,507943.35833207134,-0.010841190158309755,-0.5130640680383806
2018-12-06,498089.5958709632,-0.019399333212003933,-0.5225103004354017
2018-12-07,503670.4782855379,0.0112045753632255,-0.5171602311114663
2018-12-10,478450.60835391446,-0.05007216229442368,-0.5413370623814548
2018-12-11,479996.1042137813,0.0032302098333285567,-0.5398554848501762
2018-12-12,479759.0638699656,-0.0004938380577149681,-0.5400827217238059
2018-12-13,482614.661752793,0.005952149939164819,-0.5373452251238935
2018-12-14,476151.54544894793,-0.013391877238813854,-0.5435410410729853
2018-12-17,474550.9023030359,-0.003361625434614157,-0.5450754851191719
2018-12-18,471086.437814036,-0.00730051185697167,-0.5483966669340865
2018-12-19,466371.137252524,-0.010009416920156333,-0.5529169529772754
2018-12-20,465675.2612277,-0.001492107828377831,-0.553584049091673
2018-12-21,462078.35828469996,-0.007724058464083305,-0.5570321919957884
2018-12-24,462748.06907167594,0.001449344629473659,-0.5563901789822276
2018-12-25,458067.01990102796,-0.010115761649829635,-0.560877630197167
2018-12-26,454111.0601656039,-0.008636202921307956,-0.5646699800900699
2018-12-27,452988.2720340599,-0.00247249677454342,-0.5657463321601591
2018-12-28,451543.35607938794,-0.003189742525085304,-0.5671314895511421
2019-01-02,448478.4003238519,-0.006787733036641486,-0.5700696854400377
2019-01-03,445775.55077562795,-0.006026710642635602,-0.5726607510423879
2019-01-04,452662.51062156394,0.015449388899756888,-0.5660586207931118
2019-01-07,460730.4363230199,0.01782326901862863,-0.5583243668531925
2019-01-08,460286.63228361995,-0.0009632618216887101,-0.5587498161281732
2019-01-09,460662.8999987079,0.0008174639207336742,-0.5583891100228408
2019-01-10,463810.80296867597,0.006833419773932148,-0.5553713974348871
2019-01-11,467789.80202226795,0.00857892707139185,-0.551556961079626
2019-01-14,467823.20234597195,7.140028183516556e-05,-0.5515249421202602
2019-01-15,468397.3253922761,0.0012272222570943736,-0.5509745635474784
2019-01-16,469874.8513915881,0.0031544287706479768,-0.5495581447919797
2019-01-17,474294.7156134681,0.009406471124790095,-0.5453210764875687
2019-01-18,481809.1292175561,0.01584334245505703,-0.5381174425952646
2019-01-21,481901.8582783561,0.0001924601573046747,-0.5380285486056102
2019-01-22,474741.9149218681,-0.014857679491147024,-0.5448923723644881
2019-01-23,465341.6858677801,-0.019800714364214267,-0.5539038285042741
2019-01-24,462719.64891434007,-0.005634648760405869,-0.5564174237440143
2019-01-25,466225.7952987081,0.007577258481662463,-0.5530562839057609
2019-01-28,458394.9522808441,-0.01679624571790761,-0.5605632603833545
2019-01-29,451996.2741916281,-0.01395887554471964,-0.5666973031414406
2019-01-30,443948.3685682601,-0.017805247704223315,-0.5744123649899153
2019-01-31,438856.7500318681,-0.011468943005270016,-0.5792934053195936
2019-02-01,452503.1404623721,0.031095318528228333,-0.5662113997510801
2019-02-11,461659.9149324681,0.020235825238117622,-0.5574333294461553
2019-02-12,474939.30672558816,0.02876444621591756,-0.5447031442540515
2019-02-13,481400.4986172521,0.01360424753261591,-0.5385091731276619
2019-02-14,488908.75951851613,0.015596703623760977,-0.5313114374758496
2019-02-15,496329.9255944761,0.015179040938575916,-0.5241971945978532
2019-02-18,511405.9604946921,0.030375027018890277,-0.5097446715280992
2019-02-19,517894.4357008061,0.012687523625726893,-0.5035245454654734
2019-02-20,516060.5343798861,-0.0035410716827617428,-0.5052826006387119
2019-02-21,516700.1231660782,0.001239367755491383,-0.504669463845863
2019-02-22,521540.0507562941,0.009366995232281461,-0.5000297050753038
2019-02-25,540638.526139494,0.03661938398691511,-0.481721100863405
2019-02-26,543691.4886236701,0.00564695695287587,-0.4787944022303968
2019-02-27,539406.1902994141,-0.007881856556379074,-0.4829024699883986
2019-02-28,550039.6428529022,0.019713256437761117,-0.4727087937759471
2019-03-01,554201.0169908062,0.007565589484278101,-0.468719524970986
2019-03-04,552907.0726687822,-0.0023347923990646446,-0.46995995458585516
2019-03-05,561079.8763548622,0.014781514091746661,-0.46212516018537597
2019-03-06,566308.5363611581,0.009318922717857392,-0.4571127461212636
2019-03-07,566697.951301214,0.0006876374185671441,-0.45673943653143345
2019-03-08,559323.0956777101,-0.013013732635825281,-0.4638092842560011
2019-03-11,572319.6691667342,0.02323625394598916,-0.4513502206214919
2019-03-12,579707.4347502701,0.012908460046973547,-0.4442679968646035
2019-03-13,565595.1644538301,-0.0243437800698888,-0.45779661452673037
2019-03-14,547355.4384579101,-0.03224873043872878,-0.47528198534782395
2019-03-15,549651.439178982,0.0041947161930839805,-0.47308094219495966
2019-03-18,564053.1537299661,0.026201540693673087,-0.45927485105960897
2019-03-19,564655.2512139917,0.0010674481297445748,-0.4586976550106667
2019-03-20,564986.6476415999,0.0005869004616458895,-0.45837996441450257
2019-03-21,570070.6145113336,0.00899838410510334,-0.45350625929528454
2019-03-22,572147.8173406105,0.003643764081854073,-0.45151496503194666
2019-03-25,561725.5686053945,-0.018216007156436564,-0.46150617235412306
2019-03-26,546154.3658665912,-0.02772030259805003,-0.4764333842036489
2019-03-27,553393.8824280871,0.013255440245375949,-0.46949327821348663
2019-03-28,550761.4026529021,-0.004756973032724265,-0.47201688438270406
2019-03-29,563061.0638197311,0.022332104442294165,-0.4602259103009707
2019-04-01,579863.6696816548,0.029841533967802647,-0.44411822346827734
2019-04-02,581047.5379055238,0.0020416320003613375,-0.4429833174448924
2019-04-03,590671.7459562657,0.016563546737387247,-0.43375714558988654
2019-04-04,589021.6531563738,-0.0027935868122835883,-0.43533899416051647
2019-04-08,578299.1887800379,-0.01820385433859295,-0.4456180008615017
2019-04-09,582327.1585602169,0.006965200467730748,-0.44175661910180086
2019-04-10,580345.3459240783,-0.0034032632807966534,-0.4436564683017594
2019-04-11,566769.7462395753,-0.02339227802867383,-0.45667061087469907
2019-04-12,569409.172998301,0.004656964801381669,-0.45414034503398637
2019-04-15,564533.8242111015,-0.008562118452584255,-0.45881406005829206
2019-04-16,575609.2932590527,0.01961878734800071,-0.4481966481868479
2019-04-17,577376.5530004111,0.003070241849905564,-0.446502478443193
2019-04-18,576441.435551779,-0.001619597200081424,-0.44739892147935845
2019-04-19,575118.8042499152,-0.0022944764555271613,-0.448666851643323
2019-04-22,575496.0149485312,0.0006558830902911872,-0.4483052415541988
2019-04-23,568234.2147355552,-0.012618332750098049,-0.45526670959275295
2019-04-24,564032.3330425553,-0.007394629862187085,-0.45929481064892574
2019-04-25,547138.4121005553,-0.02995204344202973,-0.4754900359697001
2019-04-26,540518.1070072593,-0.012099872622504337,-0.481836539723701
2019-04-29,527270.7721720912,-0.024508586601318383,-0.49453599376352153
2019-04-30,521176.9123814192,-0.01155736314677247,-0.500377824841219
2019-05-06,488210.9983689552,-0.063252828798253,-0.5319803407503481
2019-05-07,488232.3234628992,4.3680076883267915e-05,-0.5319598976156492
2019-05-08,480295.6573926592,-0.0162559209802976,-0.5395683205356195
2019-05-09,473981.84076079517,-0.013145687525344951,-0.5456210115206281
2019-05-10,482926.21524041926,0.018870711302499066,-0.5370465568071123
2019-05-13,477431.14630814723,-0.011378692559765868,-0.5423143617066892
2019-05-14,472927.9650018512,-0.009432106265202744,-0.5466313012831289
2019-05-15,480648.29086999514,0.016324528130015947,-0.5392302712076565
2019-05-16,487319.2405325152,0.013879066646518945,-0.5328352174330492
2019-05-17,474078.39565172314,-0.027170782065414123,-0.5455284499288123
2019-05-20,465353.65405658423,-0.01840358403834219,-0.553892355293583
2019-05-21,468779.1527409458,0.007361065405849576,-0.5506085277428496
2019-05-22,467157.4036612258,-0.003459516214058711,-0.552163204827583
2019-05-23,459417.68943173625,-0.01656767969175177,-0.5595828214041803
2019-05-24,456571.24687874736,-0.006195761762046503,-0.5623115413186726
2019-05-27,464940.99110116984,0.0183317374443539,-0.5542879514117025
2019-05-28,466215.46464743064,0.00274115117972773,-0.5530661873038958
2019-05-29,463623.0514145026,-0.005560547492538648,-0.5555513839954139
2019-05-30,458468.5312932242,-0.011117911642986922,-0.5604927244380007
2019-05-31,458605.29218847054,0.00029829941623371603,-0.56036161967427
2019-06-03,455092.34268306737,-0.007660071885867925,-0.5637292812713517
2019-06-04,448682.6708190402,-0.014084332481267281,-0.5698738631257674
2019-06-05,443573.74641846097,-0.011386498148576285,-0.5747714935869401
2019-06-06,432368.5201129762,-0.02526124775408578,-0.5855132962395403
2019-06-10,433458.0481103682,0.0025199059291072246,-0.5844688287371982
2019-06-11,447229.9825363635,0.03177224297952974,-0.5712664713982679
2019-06-12,444644.05571568344,-0.005782096285259164,-0.5737454499413621
2019-06-13,446177.56099249783,0.003448837912262359,-0.5722753670888454
2019-06-14,442260.3763256706,-0.00877943000565451,-0.5760305455651832
2019-06-17,441001.9665510914,-0.0028454047478413402,-0.5772369102637718
2019-06-18,440640.30427430576,-0.0008200922086902818,-0.5775836149797862
2019-06-19,445048.0332928972,0.010003009202371071,-0.5733581799931967
2019-06-20,456188.62476566515,0.025032335027612707,-0.562678339017996
2019-06-21,465076.92822505604,0.01948383404771792,-0.5541576363499503
2019-06-24,459257.8467841371,-0.012512083674258379,-0.5597360533094689
2019-06-25,456940.97960891045,-0.005044806945488367,-0.5619570999255814
2019-06-26,455517.25241560844,-0.0031157791855757067,-0.5633219448760224
2019-06-27,458747.8267182352,0.007092100871031848,-0.5602249800609171
2019-06-28,454485.226405746,-0.009291815817380034,-0.5643112885472757
2019-07-01,470903.2717702957,0.036124486365355146,-0.5485722576308627
2019-07-02,472291.90902442654,0.002948880029884915,-0.5472410513764543
2019-07-03,472237.06403664086,-0.00011612519024295498,-0.5472936280954974
2019-07-04,468227.4906070073,-0.008490594523352546,-0.5511373743374766
2019-07-05,464283.53035206214,-0.008423171074026903,-0.5549182210221689
2019-07-08,450135.1597386528,-0.030473556972138827,-0.5684814459711107
2019-07-09,449591.30171470856,-0.0012082104945101424,-0.5690028112166643
2019-07-10,447168.88391966355,-0.00538804417658012,-0.5713250431098108
2019-07-11,449471.69622582506,0.005149759719361935,-0.5691174700841185
2019-07-12,450006.5184693437,0.001189890816283956,-0.5686047669188744
2019-07-15,445070.233324116,-0.01096936364837131,-0.5733368981067152
2019-07-16,445114.38145502715,9.919362744481575e-05,-0.5732945758459416
2019-07-17,445847.8027382111,0.0016477141915445248,-0.5725914872629538
2019-07-18,437239.5550365789,-0.019307592520954375,-0.5808437166668678
2019-07-19,437589.74401741393,0.0008009087393883174,-0.5805080107363769
2019-07-22,429016.8941067266,-0.01959106681062006,-0.5887263063245605
2019-07-23,434880.4655396064,0.013667460450685898,-0.5831052393818439
2019-07-24,440822.32661731634,0.013663205290992186,-0.5774091206827789
2019-07-25,445938.79856510484,0.011606653381307064,-0.5725042548244421
2019-07-26,445892.87809980265,-0.00010297481504173422,-0.5725482761197328
2019-07-29,445745.5632994572,-0.00033038159517873034,-0.5726894983021302
2019-07-30,455938.1276197813,0.022866328146662118,-0.562918476149792
2019-07-31,455001.02798095753,-0.0020553219440451187,-0.563816819397098
2019-08-01,458325.4296396377,0.007306360764572473,-0.5606299077201746
2019-08-02,453789.78416380635,-0.00989612441840182,-0.5649779688191003
2019-08-05,449492.84272914915,-0.0094690131523677,-0.5690971981539221
2019-08-06,431027.66634144937,-0.04108002315584447,-0.5867986952316773
2019-08-07,427438.66223856935,-0.008326621196600659,-0.5902392659744242
2019-08-08,428456.42088862706,0.0023810636237899807,-0.5892635995961784
2019-08-09,426840.9462624352,-0.0037704526001532956,-0.5908122617250586
2019-08-12,435789.3513631404,0.02096426122906081,-0.582233943088134
2019-08-13,432413.4593528099,-0.007746614275385144,-0.5854702155883789
2019-08-14,434966.0180597342,0.0059030510075812614,-0.5830232251268355
2019-08-15,436034.5076879383,0.002456489895395375,-0.5819989258927449
2019-08-16,440670.9165988875,0.010633123822088475,-0.5775542687139965
2019-08-19,451024.8181785967,0.02349576790685659,-0.5676285818584583
2019-08-20,456541.81967131444,0.012232146148847045,-0.5623397514811668
2019-08-21,456155.1747493921,-0.0008468992439744083,-0.562710405614755
2019-08-22,458223.2836170096,0.004533783637889588,-0.5607278292067117
2019-08-23,457695.6592862216,-0.0011514568326235208,-0.5612336321491531
2019-08-26,461839.5057129229,0.00905371581011627,-0.5572611661475946
2019-08-27,464891.22070895246,0.006607739178394301,-0.5543356634093514
2019-08-28,462451.8705049994,-0.005247141901783103,-0.5566741274240066
2019-08-29,466246.7958736125,0.008206097997763617,-0.5530361518687039
2019-08-30,457207.0296483465,-0.01938837179208519,-0.5617020531338945
2019-09-02,463251.8408444508,0.013221168538798622,-0.5559072421081683
2019-09-03,462354.1035674647,-0.0019379033126984968,-0.5567678509348323
2019-09-04,466534.21517159656,0.00904093112157689,-0.5527606196042656
2019-09-05,470027.25646205904,0.007487213535190884,-0.5494120428618963
2019-09-06,471056.88573464064,0.0021905735431848594,-0.5484249968041117
2019-09-09,483468.05457574705,0.026347494786644443,-0.5365271267616292
2019-09-10,482160.64105250157,-0.0027042397338802315,-0.5377804685210159
2019-09-11,479152.28237996605,-0.006239328589676241,-0.5406644080584795
2019-09-12,485288.8631783669,0.012807161781470011,-0.5347816228204971
2019-09-16,489625.6295414662,0.008936463809813944,-0.5306242156291721
2019-09-17,480555.2445158094,-0.01852514345327716,-0.5393194693681362
2019-09-18,483826.4632243886,0.006807164724370374,-0.5361835411108147
2019-09-19,489413.30787015456,0.01154720766725581,-0.5308277561405301
2019-09-20,493260.3063665359,0.00786042887375249,-0.5271398610881337
2019-09-23,490467.86030459026,-0.005661201653373249,-0.529816817688356
2019-09-24,485482.1095383396,-0.010165295567286292,-0.5345963687073211
2019-09-25,475168.7209460108,-0.021243601751125607,-0.5444832181040304
2019-09-26,470381.9209489041,-0.010073895410406375,-0.5490720465225354
2019-09-27,476071.82041595643,0.012096339620311092,-0.54361746885298
2019-09-30,472704.2236461297,-0.007073715824818971,-0.5468457891857257
2019-10-08,467853.34143815906,-0.010261981944130194,-0.5514960495150083
2019-10-09,466486.26034191187,-0.002922029138543336,-0.5528065911270772
2019-10-10,474206.49111509864,0.016549749541451053,-0.5454056522136426
2019-10-11,476822.99810220435,0.005517653250492138,-0.542897358232924
2019-10-14,484988.18926882657,0.017124155502398875,-0.5350698615147471
2019-10-15,480063.9916237228,-0.010153232087007247,-0.5397904051150323
2019-10-16,479403.19622378435,-0.0013764735774149939,-0.5404238714624643
2019-10-17,477123.0172393563,-0.004756286571280355,-0.5426097472311084
2019-10-18,471474.10947280796,-0.011839520548040272,-0.548025028527239
2019-10-21,473177.19335280266,0.003612253241008334,-0.5463923804716819
2019-10-22,480686.7460995853,0.015870487530415422,-0.5391934064022563
2019-10-23,477432.1594757313,-0.006770701814149294,-0.5423133904415005
2019-10-24,480909.5391811157,0.007283505386823652,-0.538979827555304
2019-10-25,481266.22461114556,0.000741689238764609,-0.5386378938545484
2019-10-28,484802.95566625404,0.007348803789349878,-0.5352474342606444
2019-10-29,478604.4714016615,-0.0127855744115134,-0.5411895627728466
2019-10-30,474210.0215564261,-0.00918179855772272,-0.545402267783647
2019-10-31,475996.8214083202,0.0037679504242225104,-0.5436893660656918
2019-11-01,481883.5444353428,0.012367147767091469,-0.538046105028131
2019-11-04,487674.29177928786,0.01201690203123773,-0.5324948503293054
2019-11-05,488921.20292813156,0.002556852329234527,-0.5312995086984407
2019-11-06,490974.69917050726,0.004200055612391784,-0.5293309405694188
2019-11-07,491981.1235312844,0.0020498497427208218,-0.5283661397190382
2019-11-08,489469.63538765674,-0.00510484655508936,-0.5307737582059571
2019-11-11,479577.7859524109,-0.020209321927419643,-0.540256502383166
2019-11-12,477676.7622163723,-0.003963952859624809,-0.5420789039352383
2019-11-13,475062.72403458797,-0.005472399724147037,-0.5445848312150241
2019-11-14,477665.6673284569,0.005479157092694642,-0.5420895399628552
2019-11-15,476411.3567300746,-0.0026259174233674853,-0.543291975018209
2019-11-18,479405.83843408024,0.006285496056514628,-0.5404213385282075
2019-11-19,484412.6274638735,0.010443738119976453,-0.5356216193422667
2019-11-20,479674.0595740604,-0.009782089939772476,-0.5401642104279466
2019-11-21,479201.0060864934,-0.00098619776935005,-0.54061769945789
2019-11-22,477405.6704499463,-0.00374651892158806,-0.5423387839391136
2019-11-25,481975.4626595358,0.009572136429135014,-0.5379579883406549
2019-11-26,479308.7845387092,-0.0055328088822445,-0.5405143784867339
2019-11-27,475784.7998027054,-0.007352222303614431,-0.5438926189214138
2019-11-28,473961.031057294,-0.003833179929597752,-0.5456409605803056
2019-11-29,474890.07933972124,0.001960178625560749,-0.5447503357029049
2019-12-02,478774.12066005694,0.00817882177226359,-0.5410269298367361
2019-12-03,482003.5204238822,0.006745142697715201,-0.5379310909840764
2019-12-04,480977.38846661046,-0.002128888926722583,-0.5389147843678632
2019-12-05,484769.4025581584,0.007883975801101784,-0.5352795996855736
2019-12-06,486533.6466536274,0.0036393470506987935,-0.5335883208672898
2019-12-09,491748.02055880555,0.010717396301453297,-0.5285896020623982
2019-12-10,494554.9432171497,0.005708050751591198,-0.5258987675861426
2019-12-11,500151.598811474,0.011316549700054024,-0.5205335774266744
2019-12-12,502470.3487961665,0.004636094316608386,-0.5183107258699775
2019-12-13,508434.5141509166,0.01186968617957107,-0.5125932253499887
2019-12-16,514023.6637456189,0.01099286031758906,-0.5072352307584147
2019-12-17,520681.70553671557,0.01295279237259317,-0.5008525510138996
2019-12-18,524652.9440826544,0.00762699842093606,-0.49704555420866825
2019-12-19,526853.7742862701,0.004194830560731555,-0.49493574552880704
2019-12-20,521768.01517233544,-0.009653075221534468,-0.4998111687689256
2019-12-23,510757.4986696519,-0.021102321688014625,-0.5103663143903159
2019-12-24,517002.54042170057,0.012227019218151058,-0.504379553906512
2019-12-25,514984.823846842,-0.0039027208129631674,-0.5063138221368111
2019-12-26,519137.49999552005,0.008063686455181962,-0.5023328915912653
2019-12-27,517240.38112355844,-0.0036543668526699546,-0.5041515497758982
2019-12-30,522195.63923905673,0.00958018417806894,-0.49940123029834127
2019-12-31,527354.8859080669,0.00987991143803546,-0.4944553587876994
2020-01-02,533412.8038091718,0.011487364700667468,-0.4886479831216256
2020-01-03,536777.8326596979,0.00630848908480619,-0.4854221245046546
2020-01-06,540468.2353743364,0.006875102677680989,-0.4818843487749612
2020-01-07,544972.3149240157,0.008333661915504997,-0.47756654810452004
2020-01-08,536877.7971984472,-0.014853080613273173,-0.48532629428059415
2020-01-09,542803.5606709335,0.01103745303569692,-0.47964560742500806
2020-01-10,542048.1045184333,-0.001391767127625898,-0.4803698195633097
2020-01-13,549246.1810959334,0.013279405494637908,-0.4734694396900391
2020-01-14,548229.4510471834,-0.0018511372199645493,-0.47444412000767766
2020-01-15,543126.3894709334,-0.009308258734554542,-0.4793361301181127
2020-01-16,545826.4287946834,0.004971290985106069,-0.47674775851549844
2020-01-17,549158.9828759334,0.006105519823598637,-0.4735530315823724
2020-01-20,549539.8523196834,0.0006935504209644172,-0.47318791406581096
2020-01-21,538221.0646909333,-0.020596845853802837,-0.4840385813937177
2020-01-22,539161.9951146834,0.0017482229616754275,-0.4831365657943716
2020-01-23,526934.9771471835,-0.022677818685827744,-0.4948579010406211
2020-02-03,488176.5784334333,-0.0735544239700835,-0.5320133371526171
2020-02-04,487120.80035093334,-0.002162697124651114,-0.5330254505627321
2020-02-05,498615.9224796834,0.023598093369178175,-0.5220057415440816
2020-02-06,508690.9220434334,0.020205932280793704,-0.5123474219271131
2020-02-07,513627.10081468336,0.00970368952412426,-0.5076153927138551
2020-02-10,518279.18885718344,0.009057325898733204,-0.5031557048581448
2020-02-11,513969.2217934334,-0.008315917668339279,-0.5072874211105285
2020-02-12,516517.74526843335,0.004958513792143293,-0.5048442989925426
2020-02-13,516391.39374218334,-0.0002446218496992003,-0.504965424896012
2020-02-14,513410.2950466053,-0.005772944188660145,-0.5078232318695445
2020-02-17,528044.5298841052,0.0285039762129653,-0.4937942369781798
2020-02-18,528419.1381441053,0.0007094255101598446,-0.4934351216965023
2020-02-19,524028.0352241053,-0.00830988623050688,-0.49764461820357486
2020-02-20,539360.8250216052,0.029259483781135298,-0.48294595905753634
2020-02-21,542189.2030391053,0.0052439441025156075,-0.48023455656885417
2020-02-24,538065.8639716052,-0.007604981885267592,-0.4841873633507362
2020-02-25,540964.2055266052,0.005386592514170285,-0.48140889086344674
2020-02-26,538310.2143116052,-0.004906038491800935,-0.4839531188063765
2020-02-27,533668.9529916053,-0.008621908328332983,-0.48840242770915
2020-02-28,507744.80150660523,-0.04857721503129642,-0.5132544129878118
2020-03-02,521555.2845341053,0.027199654209203006,-0.5000151013332248
2020-03-03,529218.2513491053,0.014692530288222816,-0.4926690580659092
2020-03-04,538029.0908516053,0.016648782388058336,-0.48422261561491986
2020-03-05,546189.3275541053,0.015166906104619349,-0.4763998684550652
2020-03-06,536496.5626691052,-0.017746163090379907,-0.48569176178360596
2020-03-09,524937.0608066053,-0.021546273856799192,-0.4967731879310243
2020-03-10,535292.1938666054,0.019726427858015372,-0.48684632052652654
2020-03-11,518472.4964216053,-0.031421525734394606,-0.5029703920718016
2020-03-12,515960.58006910526,-0.00484484012138886,-0.5053784210578103
2020-03-13,516116.4090691053,0.00030201725872003315,-0.5052290368044345
2020-03-16,497234.4649341052,-0.03658466152831008,-0.5233300650269803
2020-03-17,490942.78443410527,-0.012653347552715855,-0.5293615353821244
2020-03-18,482666.60118410527,-0.016857734775631128,-0.5372954337938627
2020-03-19,491770.98958410526,0.01886268570823968,-0.528567582985749
2020-03-20,494934.85791410523,0.006433621333937767,-0.5255345653301363
2020-03-23,472390.0607466052,-0.04555103930750537,-0.5471469589948359
2020-03-24,482922.8345091052,0.02229677259901086,-0.5370497977187733
2020-03-25,493110.20253160526,0.021095229495320167,-0.5272837569567459
2020-03-26,487254.20749160525,-0.011875631471293002,-0.5328975608496218
2020-03-27,491573.23959660524,0.008864022185122833,-0.5287571544662679
2020-03-30,491560.23208410526,-2.646098577430145e-05,-0.5287696240164999
2020-03-31,496479.5988091052,0.010007658073035941,-0.5240537115400288
2020-04-01,489211.1980766052,-0.0146398779525575,-0.5310215071150555
2020-04-02,493993.0224841053,0.009774560407244337,-0.5264374485066532
2020-04-03,489135.1647716053,-0.009833858964387154,-0.5310943958488541
2020-04-07,504529.80100410525,0.03147317416789752,-0.5163364481011019
2020-04-08,502660.12837160524,-0.003705772441546573,-0.5181287951627094
2020-04-09,505908.66113660525,0.006462682400380171,-0.5150146146079574
2020-04-10,495838.1320416053,-0.019905824645055303,-0.524668648644986
2020-04-13,491330.2777176694,-0.009091382918403057,-0.5289900679732764
2020-04-14,497240.82449766935,0.0120296815564791,-0.523323968481056
2020-04-15,495505.5782176694,-0.003489750226669308,-0.5249874487700971
2020-04-16,494205.7109401694,-0.002623315124272829,-0.526233556379958
2020-04-17,496113.90840016934,0.0038611400430192955,-0.5244042777934577
2020-04-20,498472.79997266934,0.004754737838547518,-0.5221429448172309
2020-04-21,494035.0545201694,-0.008902683261239663,-0.5263971548236719
2020-04-22,494926.46040016937,0.0018043373073308722,-0.5255426155412621
2020-04-23,498239.9287301694,0.00669487003649194,-0.522366185014457
2020-04-24,492056.0111076693,-0.01241152558419123,-0.528294349329025
2020-04-27,486940.7065251693,-0.010395777039660437,-0.5331980961017484
2020-04-28,485224.0787426693,-0.0035253322622171845,-0.5348437279136253
2020-04-29,485837.19157766935,0.0012635663848108436,-0.534255972084533
2020-04-30,492076.32688516926,0.012842029008193867,-0.5282748737676495
2020-05-06,494918.7598976694,0.0057764067426138155,-0.5255499975678206
2020-05-07,492787.84723266936,-0.004305580708722112,-0.5275927803455457
2020-05-08,495291.84174516937,0.005081283003551373,-0.5251923455695606
2020-05-11,496579.7474351694,0.002600296595764773,-0.523957704842102
2020-05-12,493378.93185516936,-0.006445723162356587,-0.5270261416902626
2020-05-13,495050.45205266937,0.0033879034745460945,-0.5254237519123257
2020-05-14,489868.0915523304,-0.01046834818320208,-0.5303917813167851
2020-05-15,490760.34696939244,0.0018214197504364815,-0.5295364276323082
2020-05-18,493875.1576980914,0.006346907911231936,-0.5265504386629013
2020-05-19,496331.086934798,0.004972773378911111,-0.5241960812880271
2020-05-20,496830.5799951436,0.0010063706938654438,-0.5237172461682089
2020-05-21,496127.9370341025,-0.0014142506305628855,-0.5243908293531419
2020-05-22,488828.8282595672,-0.014712150293672344,-0.5313880629527472
2020-05-25,484477.6030321511,-0.008901326959189881,-0.5355593310213841
2020-05-26,487695.1520803702,0.006641275113816736,-0.532474852764652
2020-05-27,488216.7552199996,0.001069527013759286,-0.531974821990072
2020-05-28,488795.0739370301,0.0011845531945537946,-0.5314204212703287
2020-05-29,488962.82158680906,0.00034318604814864706,-0.5312596112964614
2020-06-01,499579.41817241407,0.02171248225202782,-0.5210820939259272
2020-06-02,504729.70108339336,0.010309237577921682,-0.5161448154518888
2020-06-03,501326.20036856947,-0.006743214650372975,-0.5194075548209925
2020-06-04,498953.231803777,-0.004733382302875677,-0.5216823825958985
2020-06-05,503376.70751523605,0.008865511694287731,-0.5174418521652187
2020-06-08,502090.7604124875,-0.002554641650179268,-0.5186746153083108
2020-06-09,506862.2990662085,0.009503338897933533,-0.5141004170574075
2020-06-10,504530.63383079536,-0.004600194647952249,-0.5163356497183021
2020-06-11,504095.15253775613,-0.0008631414305464435,-0.5167531204575087
2020-06-12,503895.2103781301,-0.00039663575144388563,-0.5169447934467089
2020-06-15,498993.2791791222,-0.009728076588244261,-0.5216439914924095
2020-06-16,504020.56876058265,0.010074864314266296,-0.5168246196127815
2020-06-17,504915.4608107092,0.0017755070042619892,-0.515966738340617
2020-06-18,509021.83927677036,0.008132803973694536,-0.5120301907067932
2020-06-19,513528.98319769045,0.008854519734013744,-0.5077094524008037
2020-06-22,515120.22216061695,0.003098635159826779,-0.5061840236011623
2020-06-23,512433.9907702497,-0.0052147659416283965,-0.508759158336319
2020-06-24,514540.17837430915,0.00411016373229578,-0.5067400780450905
2020-06-29,513067.08325222874,-0.0028629350709494794,-0.508152249174749
2020-06-30,515885.11562756915,0.005492522259423538,-0.5054507644550938
2020-07-01,519161.8622442556,0.006351698309225995,-0.5023095369118543
2020-07-02,535910.2795697844,0.03226049242740592,-0.486253797496207
2020-07-03,549441.2447448461,0.025248564341635804,-0.473282443447019
2020-07-06,578396.6517978697,0.05269973328352906,-0.4455245687009247
2020-07-07,580765.6137943749,0.0040957394707275,-0.4432535817914045
2020-07-08,598542.1011528504,0.03060871190760528,-0.42621229107086644
2020-07-09,609523.9705833105,0.01834769752922627,-0.415684607741447
2020-07-10,594663.9088761756,-0.024379782296197194,-0.4299300897970276
2020-07-13,610474.563389473,0.02658754680972164,-0.41477332937469225
2020-07-14,605103.2855272393,-0.008798528529037064,-0.4199224629321424
2020-07-15,581176.4996846665,-0.03954165580463653,-0.4428596892428809
2020-07-16,562559.0787963464,-0.03203402219191842,-0.46070713432168675
2020-07-17,557074.957818845,-0.009748524526944302,-0.46596444404995785
2020-07-20,573584.1592604002,0.029635511720352392,-0.4501380270725156
2020-07-21,573612.1026533347,4.8717162919098556e-05,-0.45011123935719743
2020-07-22,588398.256110909,0.025777268975285983,-0.4359366088676213
2020-07-23,578558.0600546404,-0.01672370023886316,-0.4453698359366358
2020-07-24,559772.6542271714,-0.032469352904174964,-0.4633783184649096
2020-07-27,568998.6485123555,0.016481680938704724,-0.45453389112505704
2020-07-28,572647.4812494691,0.006412726544524183,-0.45103596612953645
2020-07-29,581829.0834123107,0.016033602632474775,-0.4422340949509369
2020-07-30,574868.8519016802,-0.011962673762903164,-0.44890646650910926
2020-07-31,578598.1519478627,0.006487218839298592,-0.44533140215643163
2020-08-03,590630.1729985251,0.020795125269855053,-0.43379699918101977
2020-08-04,592804.1643033186,0.003680799600461526,-0.4317129194018252
2020-08-05,595067.3457460451,0.003817755641757792,-0.42954333819373336
2020-08-06,598177.5909625443,0.005226711293660147,-0.426561725916927
2020-08-07,587573.2748848227,-0.017727705346932132,-0.436727470674525
2020-08-10,590899.2566066637,0.005660539483340221,-0.4335390442823972
2020-08-11,587316.9221586636,-0.006062513039146844,-0.43697322121260274
2020-08-12,594046.7298674636,0.01145856258332345,-0.4305217436317803
2020-08-13,592353.7087154636,-0.0028499797522286707,-0.43214474513176426
2020-08-14,593045.1113458637,0.0011672124614521273,-0.43148193740198104
2020-08-17,604536.3331634636,0.019376640322557703,-0.42046596738614195
2020-08-18,603587.3016722637,-0.001569850212697399,-0.4213757490105061
2020-08-19,599497.7391634636,-0.006775428338982259,-0.42529617615828275
2020-08-20,596693.2491154636,-0.004678066095651023,-0.4279846786316377
2020-08-21,598674.6085458637,0.003320566192658081,-0.4260852638938194
2020-08-24,599008.1146418636,0.0005570740620017833,-0.42576555088053414
2020-08-25,595328.8932242636,-0.006142189609233961,-0.4292926077471798
2020-08-26,588249.2790898636,-0.01189193774227415,-0.436079424524906
2020-08-27,589474.7656722637,0.002083277661293792,-0.4349046213872748
2020-08-28,594637.2172242637,0.008757714244328252,-0.42995567754059416
2020-08-31,594793.8063154636,0.00026333550384016746,-0.42980556463172803
2020-09-01,594776.8638674635,-2.848457367943258e-05,-0.42982180637713385
2020-09-02,589045.5951282637,-0.009635998115214095,-0.43531604237622
2020-09-03,587527.0038194637,-0.002578053925467949,-0.43677182806982084
2020-09-04,589216.9979410636,0.0028764535257330692,-0.43515172840887995
2020-09-07,579093.9148228846,-0.017180568709919575,-0.4448561429496306
2020-09-08,580547.4304384845,0.0025099825406462717,-0.44346274156088716
2020-09-09,569207.4986395846,-0.01953317025335022,-0.4543336785823111
2020-09-10,559628.7028141846,-0.016828302241789772,-0.4635163163622935
2020-09-11,564293.4756986846,0.008335478257355922,-0.45904446828190515
2020-09-14,570345.8241547847,0.010725533284974276,-0.4532424317207717
2020-09-15,571041.4599916846,0.0012196737618459519,-0.45257556586065084
2020-09-16,575219.4317472846,0.0073164070357707445,-0.448570385879161
2020-09-17,577699.6144210846,0.004311715733013921,-0.4461927781363064
2020-09-18,582623.8355463846,0.00852384353802016,-0.44147221202691456
2020-09-21,579982.8531465846,-0.004532911698202802,-0.4440039691707891
2020-09-22,569976.3507530845,-0.017253100396350862,-0.4535966245106581
2020-09-23,569330.1965834845,-0.0011336508413836155,-0.45421605515701646
2020-09-24,556607.2957376846,-0.022347138658987853,-0.4664127646502719
2020-09-25,555414.8052147846,-0.0021424270433242354,-0.4675559363732579
2020-09-28,552818.6374779845,-0.004674286159505714,-0.4700447322905793
2020-09-29,555922.1546719846,0.005613987994613545,-0.4670695697799764
2020-09-30,550207.2627034846,-0.010280021978746223,-0.4725481063157809
2020-10-09,560964.1142786846,0.019550544502712208,-0.4622361345952678
2020-10-12,573950.9307541846,0.023150886384593505,-0.44978642444554295
2020-10-13,572804.6726932169,-0.0019971359911576947,-0.4508852757801063
2020-10-14,567107.4227186169,-0.009946235158684535,-0.4563468999562935
2020-10-15,568497.4818602169,0.0024511390362982333,-0.45501433062057195
2020-10-16,564929.8297775169,-0.00627558115301774,-0.45843443241599424
2020-10-19,564456.3209667169,-0.0008381727886214163,-0.4588883579379974
2020-10-20,569812.2864354169,0.009488715547603555,-0.4537539034869744
2020-10-21,561501.8187598169,-0.014584570872607672,-0.4617206683954539
2020-10-22,567023.660076617,0.00983405775781132,-0.4564271983586188
2020-10-23,560057.8761240169,-0.012284820622227355,-0.4631048927219048
2020-10-26,554616.529825517,-0.009715685700481203,-0.46832119683834483
2020-10-27,556261.2153452169,0.002965446270087435,-0.4667445319146245
2020-10-28,550378.0611689169,-0.010576243703507071,-0.4723843717013232
2020-10-29,548478.661771717,-0.0034510812316279615,-0.4742052160936584
2020-10-30,546454.301701217,-0.0036908638596092613,-0.47614585305914936
2020-11-02,539972.422369817,-0.01186170428381772,-0.48235965603801334
2020-11-03,550187.620866017,0.018918000388552736,-0.4725669358098099
2020-11-04,550571.742740717,0.0006981652442406006,-0.472198700375729
2020-11-05,570593.6000485169,0.03636557373637106,-0.4530049032960901
2020-11-06,574838.240365317,0.007438990406550605,-0.44893581201927946
2020-11-09,597459.8644469171,0.03935302576116673,-0.42724976883361776
2020-11-10,590761.2864508776,-0.011211762320202934,-0.43367130829429656
2020-11-11,582731.4677051036,-0.013592323887732682,-0.4413690312988764
2020-11-12,582392.7089035596,-0.0005813291718705926,-0.44169377977729274
2020-11-13,579740.1034820236,-0.00455466797743731,-0.4442366792401451
2020-11-16,581664.5534612596,0.0033195046671385953,-0.44239182030305835
2020-11-17,579572.7353147137,-0.0035962620278273683,-0.44439712542610843
2020-11-18,578385.0274262537,-0.0020492818521131717,-0.4455357123139546
2020-11-19,582002.4439839536,0.006254339905368944,-0.4420679041933778
2020-11-20,579520.4733497195,-0.004264536446349498,-0.4444472259505333
2020-11-23,576844.5497258677,-0.004617479013958925,-0.4470124792258533
2020-11-24,578288.8746039456,0.0025038372621606353,-0.4456278884658291
2020-11-25,576529.5424781636,-0.003042306713901377,-0.4473144584627492
2020-11-26,577637.0016000856,0.0019209061120470938,-0.4462528014279702
2020-11-27,580664.3635377936,0.005240941853312808,-0.44335064455881934
2020-11-30,580267.4284158717,-0.000683587881135872,-0.44373116331224105
2020-12-01,584243.9534612596,0.006852917897259614,-0.43991909864561585
2020-12-02,584915.7005831816,0.001149771628687457,-0.43927513351546876
2020-12-03,585610.8971966517,0.0011885415501360352,-0.4386086887134574
2020-12-04,582090.2730851116,-0.0060118828532621515,-0.4419837075117513
2020-12-07,580647.2422978097,-0.0024790498210076617,-0.44336705770176366
2020-12-08,577208.4310814246,-0.005922375869342966,-0.4466636472073122
2020-12-09,567184.878456492,-0.01736556863203309,-0.4562726476183324
2020-12-10,565211.0986751276,-0.0034799583986366844,-0.45816479618482153
2020-12-11,559754.7060736583,-0.009653725155537862,-0.4633955243220481
2020-12-14,560588.3716719791,0.0014893409367979782,-0.46259633730955196
2020-12-15,561082.7926311395,0.0008819679182530127,-0.4621223645199073
2020-12-16,556521.3946885158,-0.00812963434724756,-0.4664951130199225
2020-12-17,558076.4834491455,0.0027943018462031066,-0.46500433932927576
2020-12-18,550704.1603044227,-0.013210237957275495,-0.47207175931284584
2020-12-21,553871.2623257871,0.0057510043498012475,-0.46903564170427103
2020-12-22,545035.3470068364,-0.015953012766626196,-0.4775061228907863
2020-12-23,541725.4181021138,-0.006072870177869727,-0.4806791603752024
2020-12-24,530449.8604744525,-0.02081415649124274,-0.4914883856003165
2020-12-25,528584.3916308841,-0.0035167675261519316,-0.49327670273250834
2020-12-28,521011.84959109407,-0.014326079543184989,-0.5005360609955474
2020-12-29,539534.6219136128,0.03555153752655715,-0.4827793500248685
2020-12-30,541488.3067337178,0.003621055518505223,-0.48090646533599113
2020-12-31,545942.8586365515,0.00822649694820532,-0.47663614395724463
2021-01-04,549894.8793980207,0.007238890845351564,-0.4728475701309489
2021-01-05,563966.2523840028,0.025589205343003574,-0.4593581583559665
2021-01-06,555568.7603771437,-0.01489006118958558,-0.46740834845969637
2021-01-07,546998.3832093774,-0.015426312238917772,-0.47562427357219794
2021-01-08,564610.7429128408,0.032198193347715565,-0.45874032254582675
2021-01-11,570097.9526703219,0.00971857129244924,-0.4534800517827604
2021-01-12,570593.3720294824,0.0008690074343189469,-0.45300512188475606
2021-01-13,574926.692934205,0.007594411567225068,-0.44885101765518476
2021-01-14,578274.7268977733,0.0058234101924912185,-0.4456414510538168
2021-01-15,567630.2105987179,-0.01840736903056317,-0.45584573343951673
2021-01-18,576090.0195570388,0.01490373274776502,-0.44773580367714316
2021-01-19,569643.4787017616,-0.011190162364267398,-0.4539157297019676
2021-01-20,565745.0481610269,-0.006843632353378926,-0.45765292968185045
2021-01-21,573366.4543482685,0.013471450102860327,-0.45034672818562704
2021-01-22,562012.0075076388,-0.019803123734429162,-0.4612315799384009
2021-01-25,557881.7683336209,-0.007349023008128119,-0.46519100145348646
2021-01-26,561855.0363881041,0.007122061124799295,-0.46138205907574537
2021-01-27,556341.3477413872,-0.009813365173625077,-0.4666677136191012
2021-01-28,543800.5074515219,-0.0225416290570134,-0.4786898921828282
2021-01-29,532206.2408864843,-0.021320808653477075,-0.48980464524072165
2021-02-01,538954.2047901575,0.012679227309385421,-0.4833357623655363
2021-02-02,545248.882861807,0.01167943030354568,-0.47730141841175
2021-02-03,538234.7978244517,-0.012864006250762006,-0.4840254162325658
2021-02-04,537328.2675844517,-0.0016842653868983648,-0.4848944543645245
2021-02-05,526491.0330244517,-0.020168740812238628,-0.4952834846053932
2021-02-08,532794.5303044517,0.011972658382782386,-0.48924068618642524
2021-02-09,539564.2826244518,0.01270612203194288,-0.4827509160161585
2021-02-10,544880.5571844517,0.009852903038988226,-0.47765451094466027
2021-02-18,553253.4327044517,0.015366442075424702,-0.46962791924373204
2021-02-19,560712.2314244517,0.013481703463708028,-0.4624776001255462
2021-02-22,554905.5565444517,-0.010355891230067304,-0.4680441236323708
2021-02-23,553706.1258244518,-0.0021615042521273553,-0.46919394852108354
2021-02-24,556420.1367044518,0.00490153666976112,-0.46659218319522844
2021-02-25,546806.2115844517,-0.017278176122347166,-0.4758084973990181
2021-02-26,542364.1821444518,-0.008123589940810194,-0.4800668142166056
2021-03-01,555431.1277444517,0.024092567374812024,-0.4675402889077185
2021-03-02,551169.8538244517,-0.007672011356843922,-0.4716253258582803
2021-03-03,552649.9651844518,0.0026853996998019714,-0.47020642866695717
2021-03-04,545040.9626244517,-0.013768213225998305,-0.4775007395228337
2021-03-05,549600.3738244517,0.008365263370381903,-0.47312989559811236
2021-03-08,541249.1952644517,-0.015195001600685765,-0.48113568767785253
2021-03-09,533337.3661444518,-0.014617719876949153,-0.48872030084952356
2021-03-10,528417.0461571114,-0.009225530217224165,-0.49343712716348953
2021-03-11,539148.2751467293,0.020308256646261347,-0.4831497183344583
2021-03-12,532606.4401363474,-0.012133647295081373,-0.4894209973565514
2021-03-15,525465.9352440273,-0.013406719022196145,-0.4962661865836252
2021-03-16,523396.8104774894,-0.003937695343803838,-0.49824973687523144
2021-03-17,524179.30505595345,0.0014950312321357906,-0.49749960456112763
2021-03-18,524797.5512997974,0.0011794556516837584,-0.49690692762975386
2021-03-19,517925.9476759454,-0.013093818000546431,-0.5034943367567055
2021-03-22,521533.0982544094,0.006964606802671414,-0.5000363700369164
2021-03-23,514974.8802194035,-0.01257488365926629,-0.5063233545175667
2021-03-24,511287.1420728574,-0.007161005882412974,-0.5098585758798763
2021-03-25,513003.0155501634,0.003355987929501758,-0.5082136671767803
2021-03-26,516262.30530631944,0.006353353990835142,-0.5050891745164998
2021-03-29,512566.4204282414,-0.007158928397619668,-0.5086322056793431
2021-03-30,509153.31977324345,-0.0066588456031637655,-0.5119041479560914
2021-03-31,513947.34508323943,0.009415681139290255,-0.5073083930478357
2021-04-01,512126.7348251534,-0.0035424061929751893,-0.5090537068475299
2021-04-02,517890.8102259254,0.011255173785722938,-0.5035280209986424
2021-04-06,517220.0531247674,-0.0012951708891405511,-0.5041710370531189
2021-04-07,522642.6050689974,0.010484032688736322,-0.4989727499975616
2021-04-08,520980.9666223476,-0.003179301554320224,-0.5005656667122511
2021-04-09,514201.0233388836,-0.013013802265023466,-0.5070652063700216
2021-04-12,509673.29018058354,-0.00880537562702599,-0.5114056823875641
2021-04-13,508447.3790338636,-0.0024052881921389213,-0.5125808925304636
2021-04-14,508861.0475101836,0.0008135915207312383,-0.5121843324775839
2021-04-15,503921.4759900015,-0.009707112667300843,-0.5169196141230985
2021-04-16,506935.6500030617,0.0059814359114949145,-0.5140300997548757
2021-04-19,514345.35392403364,0.014616655823924019,-0.506926844982206
2021-04-20,510197.0970580236,-0.008065119737861393,-0.5109035390169495
2021-04-21,510091.3234716316,-0.00020731906747784024,-0.5110049380391473
2021-04-22,511743.7362661256,0.00323944501397877,-0.5094208654238179
2021-04-23,509996.78613128164,-0.0034137206008427734,-0.5110955655218643
2021-04-26,506686.9718040536,-0.006489872911426664,-0.5142684931674604
2021-04-27,501984.81324356754,-0.009280204193417574,-0.5187761807340427
2021-04-28,505728.8915360876,0.007458548931645437,-0.5151869493309743
2021-04-29,512573.42567366955,0.013533998654481794,-0.5086254901555445
2021-04-30,507285.09172698954,-0.01031722223938869,-0.5136951101763805
2021-05-06,504471.8234723316,-0.005545734145429915,-0.5163920278089649
2021-05-07,496920.2498202076,-0.01496926746105609,-0.5236312848909914
2021-05-10,498376.11833315354,0.002929783025490851,-0.5222356279155902
2021-05-11,500004.7547615565,0.0032678861777126755,-0.520674348327852
2021-05-12,504681.35634501255,0.009353114223256132,-0.5161911607576256
2021-05-13,504033.94842773257,-0.0012828052971257664,-0.5168117932994021
2021-05-14,513330.0008029165,0.018443306059406694,-0.507900205318927
2021-05-17,515588.99130218057,0.004400659411549546,-0.5057346417260421
2021-05-18,514503.10080291645,-0.002106116533872382,-0.5067756221692232
2021-05-19,515637.9920939085,0.002205800682679948,-0.5056876674998898
2021-05-20,519405.7849683565,0.0073070505513910256,-0.5020757022981354
2021-05-21,514679.9897187245,-0.009098464796498007,-0.5066060489920967
2021-05-24,517700.63417662855,0.005868975903949192,-0.5037103317824771
2021-05-25,532366.3746758925,0.028328612196098613,-0.4896511342346125
2021-05-26,531230.5413021805,-0.002133555813707333,-0.49073999202418517
2021-05-27,539524.6824720366,0.015613072903385872,-0.48278887839287987
2021-05-28,534165.6666374765,-0.009932846464049905,-0.4879262570533025
2021-05-31,537144.7134705645,0.005577009192374138,-0.4850704170817153
2021-06-01,538805.1595119245,0.0030912452449389782,-0.4834786434570406
2021-06-02,531653.0753464845,-0.013273971191958611,-0.49033493306382325
2021-06-03,531984.0134705645,0.000622470064457481,-0.49001768181675576
2021-06-04,532518.1587201966,0.0010040625960683336,-0.4895056276464118
2021-06-07,539985.0484277325,0.014021849931805441,-0.4823475521662386
2021-06-08,536703.7908495485,-0.0060765711712537085,-0.48549310410747415
2021-06-09,530285.4372412765,-0.011958837850040926,-0.49164600864818075
2021-06-10,526701.6169322685,-0.006758285363543504,-0.49508160998743267
2021-06-11,519067.6565405405,-0.01449389966978143,-0.5023998464737024
2021-06-15,514714.69589770853,-0.008386114195292782,-0.5065727781847691
2021-06-16,511106.60860671656,-0.007009878131999159,-0.5100316428767049
2021-06-17,513696.8904412765,0.005067987364947291,-0.50754848943358
2021-06-18,517451.94298190053,0.00730986036804393,-0.5039487376533072
2021-06-21,522617.92201646056,0.009983495288065303,-0.49899641221303015
2021-06-22,520991.86565782054,-0.0031113673874139103,-0.5005552184370479
2021-06-23,535824.9648660925,0.028470884453336565,-0.48633558377034714
2021-06-24,546018.5456909086,0.01902408714264281,-0.47656358715391955
2021-06-25,546242.5668081886,0.0004102811507922244,-0.4763488310600905
2021-06-28,544859.9820247325,-0.0025310821006403472,-0.4776742351607737
2021-06-29,539296.8719668285,-0.010210164521958776,-0.4830072671538401
2021-06-30,542426.1288412765,0.005802475477070024,-0.480007429499677
2021-07-01,534729.3464660925,-0.01418954944450368,-0.4873858897895659
2021-07-02,528899.6709901725,-0.01090210498908839,-0.4929744626379682
2021-07-05,531076.6393405405,0.004116032718062268,-0.4908875289372928
2021-07-06,529470.7523420125,-0.0030238328700018524,-0.49242699996182016
2021-07-07,531333.1903311437,0.003517546495048318,-0.49064158833455473
2021-07-08,531870.4153035736,0.0010110886769469918,-0.4901265818120121
2021-07-09,532594.7376159215,0.0013618398232104756,-0.48943221588632724
2021-07-12,530503.1660662496,-0.003927135215482047,-0.4914372846112107
2021-07-13,524869.5343066576,-0.010619412135399853,-0.4968379216826223
2021-07-14,525310.4143952297,0.00083998033750321,-0.49641527543025843
2021-07-15,520339.17840888555,-0.009463425529203207,-0.5011809119688685
2021-07-16,522060.9776433116,0.003308994029031398,-0.4995303225850066
2021-07-19,518380.3498743575,-0.007050187481104531,-0.5030587276393903
2021-07-20,521680.3332893296,0.006365950051486102,-0.4998952243210206
2021-07-21,524033.47925716155,0.004510704770093188,-0.4976393993238192
2021-07-22,521310.15387519356,-0.005196853807562851,-0.5002500939242127
2021-07-23,516573.61664148956,-0.009085833449616554,-0.5047907383372788
2021-07-26,503198.9847660016,-0.025891047170475634,-0.5176122246902448
2021-07-27,492151.0428721616,-0.02195541371963916,-0.5282032478704668
2021-07-28,484105.0792371356,-0.01634856565185816,-0.5359164480469899
2021-07-29,488779.8605306056,0.00965654254410353,-0.5314350054835371
2021-07-30,486062.46947094554,-0.0055595397418995995,-0.5340400111922142
2021-08-02,494088.16467430757,0.016511653763553458,-0.5263462411893508
2021-08-03,496022.2614366556,0.0039144770116543715,-0.5244921344390029
2021-08-04,497344.3995251046,0.0026654813528321775,-0.5232246770902251
2021-08-05,491055.70083702065,-0.01264455514948759,-0.5292532889546725
2021-08-06,486145.48901761865,-0.009999297047223688,-0.5339604251524184
2021-08-09,500510.14491914667,0.02954805963654117,-0.5201898600018338
2021-08-10,509645.9877508506,0.01825306224947698,-0.5114318556485169
2021-08-11,506109.7696508386,-0.006938577336040419,-0.5148218235020254
2021-08-12,504173.4252960427,-0.003825937515752331,-0.5166780848893133
2021-08-13,499266.2886202846,-0.00973303317777352,-0.5213822731246307
2021-08-16,499471.0311404726,0.0004100868110961109,-0.5211859983072824
2021-08-17,493300.8406285586,-0.012353450204760086,-0.5271010032345353
2021-08-18,497534.10660854663,0.008581509763077033,-0.5230428158768432
2021-08-19,493820.4233099207,-0.0074641783333012635,-0.5266029093564877
2021-08-20,488519.0080310947,-0.010735512402043512,-0.5316850696941824
2021-08-23,495051.98192189867,0.01337301882506936,-0.5254222853151417
2021-08-24,496097.70687058265,0.002112353827216751,-0.5244198092632153
2021-08-25,496301.64240365865,0.00041107937055873123,-0.524224308057757
2021-08-26,485139.9187959767,-0.022489797844762682,-0.5349244071889901
2021-08-27,488813.95371360664,0.007573144932596421,-0.5314023223200192
2021-08-30,484855.0860715507,-0.008098925188161576,-0.5351974598548956
2021-08-31,486723.78242597263,0.003854133756877154,-0.5334060486946401
2021-09-01,498954.27817595913,0.02512820657545478,-0.5216813794993813
2021-09-02,494545.11333235714,-0.00883681138023451,-0.5259081909283992
2021-09-03,496279.8823542731,0.003507807427772791,-0.5242451681590916
2021-09-06,501235.9896557251,0.009986516636421028,-0.5194940346160548
2021-09-07,501222.3468755251,-2.7218277381391154e-05,-0.5195071131607041
2021-09-08,502506.64444619115,0.002562331026683129,-0.5182759313286551
2021-09-09,502885.8437748791,0.000754615551612936,-0.5179124148548495
2021-09-10,499896.74676573917,-0.005943887755325283,-0.5207778893491881
2021-09-13,494977.20383947715,-0.009841118107070668,-0.5254939707396225
2021-09-14,488392.90499377705,-0.013302226435129794,-0.5318059573856783
2021-09-15,484467.48025529506,-0.008037431949450613,-0.535569035142329
2021-09-16,485463.72822451906,0.0020563773830577503,-0.534613989810204
2021-09-17,491176.4721571171,0.011767601986437226,-0.5291375124722345
2021-09-22,484716.61422662507,-0.013151806523065024,-0.5353302048071689
2021-09-23,488425.14126719313,0.007650917941991908,-0.5317750543340263
2021-09-24,501591.3251379051,0.026956400803924696,-0.5191533950322584
2021-09-27,503018.68741876504,0.0028456677963231147,-0.5177850653335305
2021-09-28,505664.4489174631,0.005259767807583415,-0.5152487267438359
2021-09-29,500779.33983722504,-0.009660772258552441,-0.519931798396807
2021-09-30,505477.3352296811,0.009381368236922816,-0.5154281018187302
2021-10-08,504010.8515859463,-0.002901185753597546,-0.5168339349063275
2021-10-11,507837.7798067223,0.007592948065967331,-0.5131652800668334
2021-10-12,502560.9676751803,-0.010390743543243874,-0.5182238547896059
2021-10-13,506598.0368786283,0.008032993931309962,-0.5143537499388808
2021-10-14,508335.6796644303,0.0034300227385570814,-0.5126879722582763
2021-10-15,494667.5456040083,-0.026888008470003166,-0.5257908221877302
2021-10-18,489908.44825438235,-0.00962079965002538,-0.5303530936796653
2021-10-19,495355.8192975423,0.011119161268946742,-0.5251310139888277
2021-10-20,494504.7174974183,-0.001718162514636301,-0.5259469160799554
2021-10-21,493550.3650352323,-0.0019299157893089003,-0.5268617986115832
2021-10-22,496056.9538978183,0.005078689106849499,-0.5244588767821575
2021-10-25,492772.2078077823,-0.006621711608366332,-0.5276077729580246
2021-10-26,494048.0601174843,0.0025891320360333925,-0.5263846871094171
2021-10-27,491148.11635686434,-0.005869760443812599,-0.5291646955386062
2021-10-28,487427.22972849826,-0.007575895141298861,-0.5327316944340272
2021-10-29,491365.55095315434,0.008079813733118169,-0.5289562535616645
2021-11-01,495573.61576361634,0.008564020823802476,-0.5249222251082446
2021-11-02,492480.76828121033,-0.006240944602428744,-0.5278871591831891
2021-11-03,502298.0063632863,0.01993425675552518,-0.5184759405967665
2021-11-04,505008.09238836425,0.005395374838732536,-0.5158779378024179
2021-11-05,503518.98070603376,-0.0029486887532592654,-0.5173054630824245
2021-11-08,497365.5401799538,-0.012220871033404967,-0.5232044107666234
2021-11-09,496838.9958266738,-0.0010586667365203306,-0.5237091783970644
2021-11-10,496811.0348897138,-5.627766176741211e-05,-0.5237359829308255
2021-11-11,499497.53508427384,0.005407488976480579,-0.5211605905086296
2021-11-12,495058.9752570738,-0.008886049510637095,-0.5254155812090141
2021-11-15,499626.5431277938,0.009226310599354637,-0.5210369179556342
2021-11-16,502775.97099083377,0.006303563944628943,-0.5180177435408511
2021-11-17,500801.7358484338,-0.003926669642762115,-0.5199103286356392
2021-11-18,494998.0538157938,-0.01158878178169187,-0.5254739830727249
2021-11-19,494039.5013690738,-0.0019364772029522026,-0.5263928918867123
2021-11-22,493215.8914157938,-0.0016670933214806283,-0.5271824391336537
2021-11-23,494286.4170733938,0.002170501146114834,-0.5261561880758902
2021-11-24,495419.5941690738,0.002292551558243039,-0.5250698767064996
2021-11-25,500241.2404897138,0.009732449780729624,-0.5204476431321899
2021-11-26,499489.8103994738,-0.0015021354287070299,-0.521167995717361
2021-11-29,498984.3429037938,-0.0010119675820329244,-0.521652558182935
2021-11-30,497545.7943777138,-0.002882953235984309,-0.5230316114882463
2021-12-01,494944.8588461938,-0.005227529929728414,-0.5255249780147258
2021-12-02,492192.9790407538,-0.005559972502502952,-0.5281630460900884
2021-12-03,490353.5587035812,-0.003737193368254621,-0.5299263920251379
2021-12-06,489483.9896695813,-0.0017733511230120236,-0.5307599975857384
2021-12-07,490608.9805755813,0.0022983201284263455,-0.5296815338431269
2021-12-08,493500.6134635813,0.005893966483466295,-0.526909492567043
2021-12-09,501433.9126295813,0.016075560900159713,-0.5193042973035171
2021-12-10,502611.6899555812,0.002348818650544704,-0.518175230271787
2021-12-13,502477.18376558134,-0.0002676145276521158,-0.5183041735799488
2021-12-14,501153.5599495813,-0.0026341968526426562,-0.5195730552098357
2021-12-15,496257.9725035813,-0.009768637474095732,-0.5242661718662782
2021-12-16,496302.86508958123,9.046219604980088e-05,-0.52422313593945
2021-12-17,487901.49070158135,-0.01692791837194707,-0.5322770478575279
2021-12-20,485744.76430958125,-0.004420413614434349,-0.534344576762962
2021-12-21,486254.88852558134,0.001050189839359783,-0.5338555501688358
2021-12-22,488046.4317415813,0.003684370601254594,-0.5321381012619397
2021-12-23,483332.6758835813,-0.009658416805095937,-0.5366569064871756
2021-12-24,483371.96058758127,8.127880848984859e-05,-0.536619246512613
2021-12-27,484973.2615995812,0.0033127718249388316,-0.535084171808241
2021-12-28,488313.6855295813,0.006887851752862328,-0.531881900506097
2021-12-29,486033.2256815813,-0.004670071545356702,-0.5340680455224098
2021-12-30,487097.9425815813,0.0021906257509596294,-0.5330473629847363
2021-12-31,494768.3135862264,0.015747081508890703,-0.5256942217488656
2022-01-04,498990.01918622636,0.008532691936959047,-0.5216471166591291
2022-01-05,493408.39518622635,-0.011185842973578386,-0.5269978968981386
2022-01-06,492330.84638622636,-0.0021838882566910245,-0.5280308806364928
2022-01-07,496753.40478622634,0.008982899268778599,-0.5237912295792764
2022-01-10,497168.32798622636,0.0008352699669538222,-0.5233934666953439
2022-01-11,491219.6543862264,-0.011965109732743895,-0.5290961161656768
2022-01-12,489819.93918622634,-0.0028494690460807437,-0.5304379422063419
2022-01-13,483022.88158622634,-0.013876645387879583,-0.5369538883699474
2022-01-14,481725.3647862263,-0.0026862429285732237,-0.538197742712917
2022-01-17,481257.95358622633,-0.0009702856319542263,-0.5386458228079667
2022-01-18,480393.1567862263,-0.0017969506655541867,-0.5394748535037281
2022-01-19,483034.97118622635,0.005499275671771553,-0.5369422987693622
2022-01-20,475839.16638622637,-0.014897067974868783,-0.5438405008208813
2022-01-21,464484.81278622634,-0.023861746577590437,-0.5547252631892541
2022-01-24,465887.22878622636,0.0030192935514674613,-0.55338084804777
2022-01-25,455359.0287862264,-0.02259817258229857,-0.5634736247221463
2022-01-26,456260.5823862263,0.0019798742157435267,-0.5626093574072417
2022-01-27,451872.19198622636,-0.009618166831438235,-0.5668162535782089
2022-01-28,451213.89438622637,-0.0014568225522053613,-0.5674473254292449
2022-02-07,450284.98455550394,-0.0020586906615231992,-0.5683378175810007
2022-02-08,450492.4005555039,0.00046063272619378814,-0.5681389798531182
2022-02-09,454493.1397555039,0.008880813960605582,-0.5643037024763564
2022-02-10,451543.91095550393,-0.006489050201256119,-0.5671309576234888
2022-02-11,446692.76535550394,-0.010743463663887232,-0.5717814704514825
2022-02-14,447187.9941555039,0.0011086564153459655,-0.5713067232315285
2022-02-15,454784.5989555039,0.016987497203152513,-0.5640242973914138
2022-02-16,457549.6629555039,0.006079942034867614,-0.5613735903909429
2022-02-17,454715.13015550387,-0.006195027621025084,-0.564090893113782
2022-02-18,455226.0837555039,0.0011236784661756705,-0.5636010714371642
2022-02-21,460055.4629555039,0.010608748866406836,-0.5589714247984721
2022-02-22,456047.19415550394,-0.008712577336327909,-0.5628139203674458
2022-02-23,461370.333355504,0.011672342836923422,-0.5577109345624441
2022-02-24,453406.89655550395,-0.01726040064622858,-0.5653450210333424
2022-02-25,459586.67895550386,0.01362966123132936,-0.5594208209175162
2022-02-28,459643.5269555039,0.00012369375050047537,-0.5593663240264631
2022-03-01,459083.5013555039,-0.001218391138257502,-0.5599031881924871
2022-03-02,455857.14135550393,-0.007027828250141255,-0.5629961129993051
2022-03-03,451965.01655550394,-0.00853803625501326,-0.5667272680300988
2022-03-04,452356.0133555039,0.0008651041246063862,-0.566352442002592
2022-03-07,444006.4828947744,-0.018457874360493287,-0.5743566541448429
2022-03-08,437696.8780947744,-0.014210614130819699,-0.5804053074901416
2022-03-09,433792.1660947744,-0.008921041468233915,-0.5841485291418729
2022-03-10,440302.21089477435,0.015007289916290523,-0.5779077255565891
2022-03-11,443757.83969477436,0.0078483112609804,-0.5745950140059021
2022-03-14,437093.95969477436,-0.01501692906334584,-0.5809832905037691
2022-03-15,427502.22209477436,-0.021944338024478705,-0.590178334814859
2022-03-16,431075.89249477437,0.008359419472696361,-0.5867524636065776
2022-03-17,438380.3276947744,0.016944661780381454,-0.5797501238708151
2022-03-18,436654.12769477436,-0.00393767669520495,-0.5814049320142118
2022-03-21,437525.11809477437,0.0019946917817958987,-0.5805699638722004
2022-03-22,435432.51809477434,-0.004782811119764641,-0.5825760185129556
2022-03-23,440913.9244947744,0.012588417658800033,-0.5773213110931975
2022-03-24,443012.0636947744,0.004758614059204858,-0.5753099463416393
2022-03-25,437290.01249477436,-0.0129162423981809,-0.5807953460187871
2022-03-28,435395.44129477435,-0.004332527946822595,-0.5826115618975989
2022-03-29,436658.6156947744,0.002901211818487681,-0.581400629628076
2022-03-30,443753.8572947744,0.016248944472813553,-0.574598831702548
2022-03-31,444218.64129477437,0.0010473914589348432,-0.5741532701522523
2022-04-01,444083.4796947744,-0.00030426818560791435,-0.5742828417640902
2022-04-06,438912.24059079576,-0.011644745504905685,-0.579240209728819
2022-04-07,435331.0129139958,-0.008159325135201234,-0.5826733256614607
2022-04-08,436996.7707459958,0.0038264166406383193,-0.5810764599301894
2022-04-11,426667.9600643958,-0.02363589704328417,-0.5909780935922876
2022-04-12,430994.8625683958,0.010141147001867523,-0.5868301423124229
2022-04-13,426865.08556039573,-0.009581963421535389,-0.5907891207756663
2022-04-14,433383.3807299958,0.01527015300640655,-0.5845404080380245
2022-04-15,433452.3729011958,0.00015919431678201867,-0.5844742692321316
2022-04-18,435421.8527363958,0.004543705279585364,-0.582586242775438
2022-04-19,430112.4253955957,-0.012193754878017993,-0.5876760838137469
2022-04-20,429668.5250659958,-0.001032056512181967,-0.5881016253965753
2022-04-21,425875.8942515957,-0.008826876052458243,-0.5917374012954086
2022-04-22,423770.99840359576,-0.004942509957505226,-0.5937552432547831
2022-04-25,407580.9007043958,-0.03820482704146888,-0.6092757539227378
2022-04-26,402699.07619079575,-0.011977559559741668,-0.6139556768515633
2022-04-27,410568.8500355958,0.019542567415951728,-0.6064113796408895
2022-04-28,411141.71819399577,0.0013953035120668478,-0.6058622040565929
2022-04-29,419461.1210531958,0.020234878853316873,-0.5978868735041647
2022-05-05,416939.5595507958,-0.006011430799757411,-0.6003041487377686
2022-05-06,412491.2572051958,-0.010668938083957746,-0.6045684790273
2022-05-09,409306.03244213975,-0.007721920664785165,-0.6076219698606067
2022-05-10,413157.4857797398,0.009409715548583941,-0.6039298042094812
2022-05-11,421929.50758773985,0.02123166615617489,-0.595520574038046
2022-05-12,424355.8540853398,0.005750596850814915,-0.5931945759248898
2022-05-13,426363.01651573984,0.004729903949896697,-0.5912704253427175
2022-05-16,420810.1812789398,-0.013023726312329065,-0.5965936074588086
2022-05-17,425006.6048149398,0.009972248112548154,-0.5925707388221999
2022-05-18,430438.71365173976,0.012781233927329883,-0.5873632901262473
2022-05-19,438718.0571205397,0.01923466269694929,-0.5794263621954467
2022-05-20,442411.6584949398,0.008419077615912318,-0.5758855200955635
2022-05-23,445103.4497253398,0.006084358715946481,-0.573305055463198
2022-05-24,435327.5422437397,-0.021963225599874514,-0.5826766527923857
2022-05-25,437995.6603445398,0.006128989879776947,-0.5801188822207555
2022-05-26,437116.21485493984,-0.002007886308526774,-0.5809619557683534
2022-05-27,439161.1388181398,0.004678215755227866,-0.5790016053877891
2022-05-30,441366.73238133977,0.005022287648528412,-0.576887230350478
2022-05-31,449919.13223573985,0.019377083107865012,-0.5686885390489801
2022-06-01,447805.6977621397,-0.004697365197825709,-0.5707145664950748
2022-06-02,449227.1612005398,0.003174286181492736,-0.569351891675584
2022-06-06,458890.22173813975,0.021510410260537016,-0.5600884741876018
2022-06-07,451238.7999399154,-0.016673752099669925,-0.5674234499147852
2022-06-08,454184.2855207154,0.006527553883203696,-0.5645997831754936
2022-06-09,448261.4970391154,-0.013040496270824598,-0.5702776180793098
2022-06-10,456839.87949511537,0.019137004879210995,-0.5620540187597873
2022-06-13,460837.7661559154,0.008751177032132906,-0.5582214759474431
2022-06-14,469607.7029175154,0.019030421127926633,-0.549814244589449
2022-06-15,468793.6661079154,-0.0017334400703878927,-0.5505946146169955
2022-06-16,470101.6510887154,0.002790108048300599,-0.5493407250342888
2022-06-17,477256.68462471536,0.015220183803714482,-0.542481608036462
2022-06-20,479482.30073511536,0.00466335240993021,-0.5403480385407113
2022-06-21,473087.3811223154,-0.013337133827454384,-0.5464784782647458
2022-06-22,465617.2392535154,-0.015790194722756,-0.553639671403906
2022-06-23,472488.4180503154,0.014757140023028414,-0.5470526695340885
2022-06-24,481419.82707751537,0.01890291631709129,-0.5384906440502415
2022-06-27,482907.17198311543,0.0030894965723142764,-0.5370648124769438
2022-06-28,493936.5721831154,0.02283958665328245,-0.5264915641466574
2022-06-29,480896.7978327154,-0.026399693978452432,-0.5389920419494013
2022-06-30,487009.8740727154,0.012711825629844409,-0.5331317891726914
2022-07-01,487937.6214679154,0.0019049868279703563,-0.5322424113806674
2022-07-04,484947.5459031154,-0.0061279873353577985,-0.5351088239597441
2022-07-05,478856.23426933715,-0.01256076391197003,-0.5409482122667439
2022-07-06,480986.62284853717,0.004448910605603151,-0.5389059318997763
2022-07-07,481796.35323253716,0.0016834779711845105,-0.5381296901934858
2022-07-08,485205.56106453715,0.007076034945317611,-0.5348614797410902
2022-07-11,478179.61057813716,-0.014480358532958926,-0.5415968522819292
2022-07-12,469204.0496117372,-0.01877027118648611,-0.5502012036773363
2022-07-13,466928.1631045372,-0.004850526139071665,-0.5523829644962223
2022-07-14,468905.1473653372,0.0042340223122445675,-0.5504877439805584
2022-07-15,467487.62893813715,-0.003023038742834716,-0.5518466369458843
2022-07-18,470993.3083109372,0.0074989778462435375,-0.548485944804622
2022-07-19,472793.7216149372,0.003822587863204552,-0.5467599926571658
2022-07-20,474015.9705589372,0.0025851632289555226,-0.5455882932562914
2022-07-21,476065.7749557372,0.004324336149229335,-0.5436232642861867
2022-07-22,465670.2163397371,-0.021836391446048764,-0.5535888853341036
2022-07-25,458663.75866453716,-0.015045964782270493,-0.5603055712437807
2022-07-26,459370.61434773717,0.0015411195453027826,-0.5596279495656638
2022-07-27,456936.5592901372,-0.005298673841068635,-0.5619613374296378
2022-07-28,466299.5267397372,0.02049073828573844,-0.5529856018358736
2022-07-29,459778.19465813716,-0.013985285653613566,-0.5592372258854772
2022-08-01,464917.88639893715,0.011178633089856671,-0.5543101005539836
2022-08-02,458494.59833983897,-0.013815962446294128,-0.5604677354674223
2022-08-03,460038.290567039,0.003366871131720073,-0.558987886974508
2022-08-04,463453.83579103893,0.007424480296607472,-0.5557136012307851
2022-08-05,477395.47438623896,0.030082043816519466,-0.5423485583159259
2022-08-08,475930.10335103894,-0.003069511785975698,-0.5437533248100439
2022-08-09,473049.744199039,-0.006052063384348272,-0.5465145586071918
2022-08-10,466328.528386239,-0.014208264342643773,-0.5529577996340412
2022-08-11,484408.079035839,0.038769986284488134,-0.5356259796572657
2022-08-12,477503.47973663895,-0.014253683202276268,-0.5422450198305984
2022-08-15,471271.2208198389,-0.013051756021207117,-0.548219526149262
2022-08-16,467928.80396063894,-0.007092342395500828,-0.5514237079574129
2022-08-17,476401.10017183895,0.018105951459899128,-0.5433018073876283
2022-08-18,477676.35476703895,0.002676850651142537,-0.5420792945333583
2022-08-19,470235.6257766389,-0.015576925498078875,-0.5492122912464399
2022-08-22,471433.090285439,0.002546520176607947,-0.5480643512507322
2022-08-23,466825.31660703896,-0.009773971690468675,-0.552481557487521
2022-08-24,451160.883635839,-0.03355523450410014,-0.5674981437709369
2022-08-25,448510.6120606389,-0.005874338116021782,-0.5700388059102335
2022-08-26,444520.59083343897,-0.008896157905535773,-0.5738638085861087
2022-08-29,444856.67095663893,0.0007560507434984931,-0.5735416280017587
2022-08-30,447090.6566860439,0.0050218101138079785,-0.5714000350361399
2022-08-31,448989.00437404384,0.0042460016992325045,-0.5695801988566123
2022-09-01,449426.4694300439,0.0009743335621545945,-0.5691608263985424
2022-09-02,449788.12426204386,0.0008047030083888629,-0.5688141288194135
2022-09-05,442973.37784604385,-0.015151014551975539,-0.5753470322282768
2022-09-06,440726.9524460439,-0.0050712424546215384,-0.5775005503869217
2022-09-07,441202.63144604384,0.0010793054460589424,-0.5770445444299974
2022-09-08,438526.44322204386,-0.006065666959484739,-0.5796100513621822
2022-09-09,443746.6264380439,0.011903918900865174,-0.5746057635068589
2022-09-13,446580.8897820439,0.006387120881911068,-0.5718887190959089
2022-09-14,447220.94202204386,0.0014332280100752826,-0.5712751380166879
2022-09-15,447040.6707500439,-0.0004030921968566359,-0.5714479536631518
2022-09-16,444070.5049900439,-0.0066440616130444274,-0.5742952798634102
2022-09-19,441013.8012540439,-0.00688337482821233,-0.5772255650182495
2022-09-20,436110.67945404386,-0.011117842085798135,-0.5819259044242892
2022-09-21,431519.39847804385,-0.010527788454407272,-0.5863273000607778
2022-09-22,430074.3781340439,-0.003348679918206421,-0.5877125575237746
2022-09-23,423226.66947004385,-0.01592214977723172,-0.5942770599341529
2022-09-26,422324.6994540439,-0.0021311748078858272,-0.5951417264430026
2022-09-27,428107.83432604384,0.01369357482400635,-0.5895977693809318
2022-09-28,422482.8250369239,-0.013139234646278308,-0.5949901405883917
2022-09-29,421891.26394892385,-0.001400201506294052,-0.5955572360036039
2022-09-30,419823.58615692385,-0.004900973233355033,-0.5975393991643743
2022-10-10,408677.2124849239,-0.026550136865901575,-0.6082247831996932
2022-10-11,405225.4691969239,-0.008446135929654597,-0.6115337699346584
2022-10-12,412496.5914289238,0.017943398884600947,-0.6045633654153989
2022-10-13,415482.3183569239,0.007238185696655686,-0.601701121623015
2022-10-14,430571.17492492386,0.03631648303992985,-0.5872363071616141
2022-10-17,433819.72135692387,0.007544737365585252,-0.5841221135050993
2022-10-18,433034.0735169239,-0.0018110007482892154,-0.5848752686687386
2022-10-19,429104.8777249239,-0.009073641157354428,-0.5886419615163816
2022-10-20,431312.9844929239,0.0051458440176843645,-0.5865251772149243
2022-10-21,430030.9315569239,-0.0029724422451766763,-0.5877542072454875
2022-10-24,421907.41407692386,-0.018890542246784214,-0.5955417538095757
2022-10-25,418665.15938092384,-0.007684754019062767,-0.5986499159425307
2022-10-26,431611.48115692387,0.030922854424150437,-0.586239025720101
2022-10-27,428450.8233889239,-0.007322923290937311,-0.5892689655955362
2022-10-28,418504.1292369239,-0.02321548613986668,-0.5988042862319661
2022-10-31,422448.5795329239,0.009425116792018517,-0.5950229697732452
2022-11-01,431486.1959489239,0.021393411775682436,-0.5863591294059112
2022-11-02,435959.7656709509,0.010367816546688724,-0.5820705767433791
2022-11-03,435155.97833495087,-0.0018437190752292887,-0.5828411211931369
2022-11-04,440681.5250229509,0.012697853098887935,-0.5775440990311506
2022-11-07,443357.7894069509,0.006073012441037973,-0.5749785190887768
2022-11-08,441125.2881029509,-0.005035439451703816,-0.5771186890215788
2022-11-09,441723.69357495086,0.0013565431140285522,-0.5765450322911196
2022-11-10,441831.4249669509,0.0002438886425315534,-0.5764417564338719
2022-11-11,448048.75739095086,0.014071729788040832,-0.570481559280912
2022-11-14,457511.35693495086,0.021119575465630147,-0.5614103121582655
2022-11-15,475374.0553989509,0.03904318044402055,-0.5442863758349741
2022-11-16,471349.35796695086,-0.008466380077520985,-0.5481446205836598
2022-11-17,474807.58198295085,0.007336859502506066,-0.5448294211494304
2022-11-18,471222.06000695087,-0.007551526369957484,-0.5482666537784493
2022-11-21,467152.87667095085,-0.008635383784748929,-0.5521675445914412
2022-11-22,460908.46366295085,-0.013366958269633855,-0.5581537023346751
2022-11-23,456656.8252069509,-0.009224474686819972,-0.562229502322954
2022-11-24,458683.28467095084,0.004437598108999241,-0.5602868527902867
2022-11-25,460892.9220309509,0.004817348776041008,-0.5581686011987668
2022-11-28,457643.22606295085,-0.007050869763154721,-0.5612838968489868
2022-11-29,469220.66418295086,0.025297955832536356,-0.55018527624845
2022-11-30,466255.59527561814,-0.006319135395487674,-0.5530277163907199
2022-12-01,471094.4709556181,0.010378161096682437,-0.5483889660256708
2022-12-02,468388.22727561806,-0.005744588074893753,-0.5509832853859301
2022-12-05,478353.62359561806,0.02127593252709148,-0.5414300360622649
2022-12-06,480108.6223156181,0.0036688312441501836,-0.5397476202509414
2022-12-07,476778.4565556181,-0.006936275678487536,-0.5429400576385608
2022-12-08,478335.85479561804,0.003266502960832307,-0.5414470699835594
2022-12-09,483086.6781556181,0.009931982544001405,-0.5368927302871354
2022-12-12,476453.9429556181,-0.013729907074488512,-0.543251150065813
2022-12-13,478581.2176756181,0.004464806622868522,-0.5412118547756394
2022-12-14,479709.80775561807,0.002358199691749885,-0.5401299407129928
2022-12-15,476676.15607561806,-0.006323930907715547,-0.5430381271944509
2022-12-16,476738.43575561815,0.00013065407028700626,-0.5429784232658028
2022-12-19,471012.9411956181,-0.01200971881137558,-0.548467123893112
2022-12-20,464871.1227956181,-0.013039595864202114,-0.5543549301169466
2022-12-21,467516.7811956181,0.005691165293489675,-0.5518186903620135
2022-12-22,474489.60791561805,0.014914602000312804,-0.545134244504784
2022-12-23,476106.75063561817,0.0034081731043680286,-0.5435839832708071
2022-12-26,475516.1403956181,-0.001240499613188839,-0.5441501671630129
2022-12-27,480886.1359156181,0.011292982643096527,-0.5390022629129263
2022-12-28,474536.451611473,-0.013204132600028395,-0.545089338161737
2022-12-29,473127.8177862975,-0.0029684417717372735,-0.5464397139727464
2022-12-30,470097.6081219617,-0.006404632216540973,-0.54934460079278
2023-01-03,472409.1636918928,0.0049171821553521955,-0.5471286461055851
2023-01-04,473493.69604154193,0.002295747908811707,-0.5460889676419214
2023-01-05,484439.8622163665,0.02311787097977369,-0.5355955109595714
2023-01-06,481650.8341639166,-0.00575722245417587,-0.538269190911695
2023-01-09,485424.03416391654,0.007833890719923131,-0.5346520422112755
2023-01-10,486737.1471848941,0.002705084479879938,-0.5333932366729174
2023-01-11,483083.5230240544,-0.007506359812417984,-0.5368957549293583
2023-01-12,487702.89403104695,0.009562261569336261,-0.5324674310041226
2023-01-13,497654.64476881,0.02040535510361252,-0.5229272629112576
2023-01-16,514678.5269156648,0.03420822517342992,-0.5066074512968213
2023-01-17,512649.13268839027,-0.003943032633275334,-0.5085529142173728
2023-01-18,507385.1133597186,-0.010268269256726414,-0.5135992252196223
2023-01-19,514565.4302723063,0.014151611317569701,-0.5067158705103657
2023-01-20,514691.4689296497,0.00024494194504409705,-0.506595044536229
2023-01-30,519256.7810100695,0.008869997573330402,-0.5022185437785963
2023-01-31,517975.10476532014,-0.002468289855081296,-0.5034472126970353
2023-02-01,527303.1038247624,0.018008585689979206,-0.49450499927729175
2023-02-02,526077.8256760535,-0.0023236695172499378,-0.49567960260159327
2023-02-03,525979.8636760535,-0.000186211992254548,-0.4957735131075275
2023-02-06,522120.5496760534,-0.007337379748774908,-0.49947321432124825
2023-02-07,520483.69567605347,-0.0031350116386253957,-0.5010423716197949
2023-02-08,519538.8096760534,-0.001815399805699447,-0.5019481792014086
2023-02-09,521845.18567605346,0.0044392756749744855,-0.4997371898684607
2023-02-10,516997.29367605346,-0.009289904617438394,-0.5043845836582344
2023-02-13,517023.6996760535,5.107570256757121e-05,-0.5043592697526414
2023-02-14,514625.4336760534,-0.004638599742144756,-0.5066583487161633
2023-02-15,512606.3796760535,-0.003923346705928421,-0.508593899058625
2023-02-16,504466.76167605346,-0.015878885481573457,-0.5163968802604196
2023-02-17,499664.0196760535,-0.009520432989565508,-0.5210009913554452
2023-02-20,500519.1636760534,0.0017114380189999778,-0.5201812142409876
2023-02-21,499656.57367605343,-0.0017233905564467689,-0.5210081294051705
2023-02-22,496049.7396760534,-0.00721862613247326,-0.5244657926394886
2023-02-23,498285.72967605345,0.004507592326245868,-0.5223222782955228
2023-02-24,494878.63567605347,-0.006837631096148433,-0.5255884623393867
2023-02-27,492005.8536760534,-0.005805023278233734,-0.5283424323589693
2023-02-28,495750.5796760534,0.00761114115212469,-0.5247525800361856
2023-03-01,497150.34367605345,0.002823524686375034,-0.5234107072137818
2023-03-02,494336.07108741545,-0.005660807891288089,-0.5261085876432894
2023-03-03,492019.5670874154,-0.004686091376873147,-0.5283292861043085
2023-03-06,493448.8710874154,0.0029049738986215434,-0.5269590949916974
2023-03-07,485397.1190874154,-0.01631729743804322,-0.5346778441390789
2023-03-08,483015.2150874154,-0.004907124303659138,-0.5369612377991351
2023-03-09,481477.4750874154,-0.0031836264199703868,-0.5384353802359482
2023-03-10,478965.00708741543,-0.005218246190112685,-0.5408439380545227
2023-03-13,477022.8030874154,-0.0040550018712443014,-0.5427058167449048
2023-03-14,477009.15508741536,-2.861079158422708e-05,-0.5427189002934746
2023-03-15,476175.95908741537,-0.0017467086136896404,-0.5435176371292094
2023-03-16,470107.8990874154,-0.012743314491620472,-0.54933473543915
2023-03-17,469397.5310874154,-0.0015110743754338518,-0.550015724172326
2023-03-20,470011.19108741544,0.001307335380692054,-0.5494274438077813
2023-03-21,473510.39508741547,0.007444937623515502,-0.5460729592320623
2023-03-22,477567.0670874155,0.008567229024087464,-0.5421840623135772
2023-03-23,478381.9150874155,0.0017062483076346613,-0.5414029146446915
2023-03-24,483907.0510874154,0.01154963393419739,-0.5361062861855479
2023-03-27,484166.75508741545,0.0005366815784486612,-0.5358573229749855
2023-03-28,479513.7390874154,-0.009610358313759004,-0.5403179004099032
2023-03-29,481430.4990874154,0.003997299438485147,-0.5384804134113301
2023-03-30,485062.12609177147,0.007543408677348262,-0.5349989825570909
2023-03-31,484823.5260917715,-0.0004918957534829627,-0.5352277145829364
2023-04-03,489699.12609177147,0.010056442679881483,-0.5305537587354421
2023-04-04,487258.42609177146,-0.004984080775228161,-0.5328935167215318
2023-04-06,493763.7260917715,0.013350820943576203,-0.5266572617016975
2023-04-07,493791.22609177144,5.569465423804765e-05,-0.5266308990415518
2023-04-10,495166.2260917715,0.002784577625817297,-0.5253127660342697
2023-04-11,495854.52609177143,0.0013900382613583062,-0.524652932616879
2023-04-12,495587.6260917715,-0.0005382627080235958,-0.5249087942166197
2023-04-13,491252.42609177146,-0.008747595322723623,-0.5290646998261975
2023-04-14,497211.12609177147,0.01212960930779583,-0.5233524386258398
2023-04-17,495093.22609177144,-0.004259558744486136,-0.5253827469139292
2023-04-18,491143.8260917715,-0.00797708349026749,-0.5291688083677182
2023-04-19,487484.12609177147,-0.00745138146013502,-0.5326771511799002
2023-04-20,482143.7260917715,-0.010955023382637541,-0.5377966839159651
2023-04-21,475586.7260917715,-0.013599679193485814,-0.5440825007368734
2023-04-24,470862.98609177145,-0.009932447103430109,-0.5486108771818325
2023-04-25,462904.5260917715,-0.016901859426361576,-0.5562401926822939
2023-04-26,468488.36609177146,0.012062616987445374,-0.5508872880921978
2023-04-27,469009.3860917715,0.0011121300713323734,-0.5503878163398674
2023-04-28,464298.1634357715,-0.010045049834201292,-0.5549041931307976
2023-05-04,464877.0834357715,0.001246871182337017,-0.5543492159958334
2023-05-05,462697.4434357715,-0.0046886372283420075,-0.556438710852555
2023-05-08,462404.0834357715,-0.0006340212252344823,-0.5567199381245669
2023-05-09,458496.6834357715,-0.008450184892328627,-0.5604657366064972
2023-05-10,460533.2034357715,0.004441733328885311,-0.5585134426195952
2023-05-11,463737.0634357715,0.006956849095999695,-0.5554420872619874
2023-05-12,459867.9234357715,-0.008343391773204423,-0.5591512080938387
2023-05-15,468163.7834357715,0.018039657860934977,-0.551198446719445
2023-05-16,468349.88343577145,0.00039751045805846985,-0.551020043408423
2023-05-17,467324.14343577146,-0.002190114775892038,-0.5520033610454336
2023-05-18,464199.0834357715,-0.006687135779085751,-0.5549991753986969
2023-05-19,463889.78343577153,-0.000666308941652205,-0.5552956834271713
2023-05-22,464529.10343577154,0.0013781721926811041,-0.5546828043041054
2023-05-23,464533.84343577153,1.0203881661841052e-05,-0.5546782603401385
2023-05-24,463936.4834357715,-0.0012859342940050311,-0.555250914837033
2023-05-25,464192.24343577155,0.0005512823611240059,-0.5550057325112567
2023-05-26,460948.3034357715,-0.0069883546006492825,-0.5581155102477242
2023-05-29,456329.1834357715,-0.010020906825278342,-0.5625435935470674
2023-05-30,454281.2434357715,-0.004487856736623219,-0.5645068352277461
2023-05-31,453672.7303865005,-0.001339507316368116,-0.5650901815081869
2023-06-01,454478.6213865005,0.0017763708198053063,-0.5643176203973712
2023-06-02,460356.8878865005,0.01293408803711582,-0.5586824661433707
2023-06-05,457474.5403865005,-0.006261115182251142,-0.5614456060547941
2023-06-06,453568.5703865005,-0.008538114485453052,-0.5651900336783967
2023-06-07,450984.0478865005,-0.005698195749757717,-0.5676676659804427
2023-06-08,451751.3373865005,0.0017013672736228003,-0.566932109896013
2023-06-09,453055.4726365005,0.0028868431415052243,-0.5656819108276601
2023-06-12,452905.4381365005,-0.0003311614340003599,-0.5658257402288827
2023-06-13,452458.8336365005,-0.0009860877401638435,-0.5662538741435377
2023-06-14,450563.3824365005,-0.004189223547180876,-0.5680709336274741
2023-06-15,456861.5849365005,0.013978505012860465,-0.5620332110079855
2023-06-16,458574.4544365005,0.003749208855539976,-0.5603911820442643
2023-06-19,457414.6649365005,-0.0025291192930168016,-0.5615030051871365
2023-06-20,459267.5974365005,0.004050881272591456,-0.5597267059227614
2023-06-21,454081.2309365005,-0.01129268977160336,-0.5646985756474976
2023-06-26,454639.0329365005,0.001228418974397183,-0.5641638431182407
2023-06-27,455036.0749365005,0.0008733126089846,-0.5637832219069845
2023-06-28,456412.85293650045,0.0030256458242174933,-0.5624633844338938
2023-06-29,456492.57393650047,0.00017466861304860082,-0.5623869605200948
2023-06-30,458126.9407296574,0.0035802702748550796,-0.5608201875629559
2023-07-03,456730.99272965745,-0.0030470768599127895,-0.5621584022067737
2023-07-04,459807.15672965744,0.006735176830491074,-0.5592094616218916
2023-07-05,456260.01272965746,-0.0077144166811773385,-0.5626099035040608
2023-07-06,453788.9967296574,-0.005415806625736819,-0.5649787236866952
2023-07-07,451122.50472965743,-0.005876061383631392,-0.5675349354094978
2023-07-10,456361.32872965746,0.011612863346596836,-0.5625127777122312
2023-07-11,456146.02072965744,-0.00047179282389975263,-0.5627191810442543
2023-07-12,456719.6087296575,0.0012574657542392398,-0.5621693153894318
2023-07-13,459985.9087296574,0.007151652649828089,-0.5590381024136606
2023-07-14,456195.82472965744,-0.008239565447704766,-0.5626714368287673
2023-07-17,453612.84072965744,-0.00566200710304765,-0.5651475942598084
2023-07-18,453031.1527296575,-0.001282344651144074,-0.5657052249163466
2023-07-19,451096.84072965744,-0.004269710787757508,-0.567559538002588
2023-07-20,450050.5967296575,-0.002319333467970308,-0.568562511639003
2023-07-21,450765.67672965745,0.0015888880165833008,-0.5678770057838414
2023-07-24,448751.8047296574,-0.004467669354532133,-0.5698075884424896
2023-07-25,454154.2727296575,0.012038877488759425,-0.5646285547031548
2023-07-26,457514.2287296575,0.007398270151253383,-0.5614075591347071
2023-07-27,459437.2447296574,0.0042031829378059715,-0.5595640748706114
2023-07-28,463105.9820085684,0.007985284869688192,-0.5560470685416086
2023-07-31,465783.8020085684,0.005782304923779735,-0.5534799973201102
2023-08-01,463710.65200856846,-0.004450884704577662,-0.5554674063703261
2023-08-02,461628.37700856844,-0.004490461866641704,-0.5574635630304995
2023-08-03,466072.21200856846,0.009626433775143717,-0.5532035153269246
2023-08-04,465372.9270085684,-0.0015003790871513933,-0.5538738794287408
2023-08-07,461136.3970085684,-0.009103516242839005,-0.557935195813716
2023-08-08,459704.33700856846,-0.003105501993097559,-0.5593080289441947
2023-08-09,462309.7320085684,0.005667544963691373,-0.5568103873830983
2023-08-10,464937.12200856843,0.005683181248607783,-0.5542916604870961
2023-08-11,459983.8470085684,-0.010653644902780535,-0.5590400788664746
2023-08-14,457978.2270085684,-0.004360196587430698,-0.5609627508097946
2023-08-15,455125.46200856846,-0.006229040665609142,-0.5636975316887176
2023-08-16,453629.8570085685,-0.0032861378341689784,-0.5651312817369767
2023-08-17,455163.6670085684,0.003381192785930187,-0.563660906763959
2023-08-18,450765.56200856843,-0.009662689091388232,-0.5678771157603171
2023-08-21,451104.88200856844,0.0007527638058417718,-0.5675518292933854
2023-08-22,448134.6620085684,-0.006584322445758017,-0.5703992074903961
2023-08-23,443186.0170085684,-0.011042763302039349,-0.5751431873564481
2023-08-24,450146.3570085684,0.015705233768387172,-0.5684707117957892
2023-08-25,445784.7835556504,-0.009689234145762504,-0.572651900109954
2023-08-28,449037.7785556505,0.007297232027647205,-0.5695334418684821
2023-08-29,457348.7735556504,0.018508453847096318,-0.5615661714445865
2023-08-30,457615.06355565053,0.0005822471063601231,-0.5613108946165798
2023-08-31,452343.74355565046,-0.01151911381378512,-0.566364204350359
2023-09-01,450184.61355565046,-0.004773206285618392,-0.568434037455823
2023-09-04,453257.6385556505,0.006826144002853862,-0.5654881060487662
2023-09-05,450318.0235556505,-0.00648552776599054,-0.56830614500164
2023-09-06,445246.5385556504,-0.011262007591782197,-0.5731678844739574
2023-09-07,437509.60855565045,-0.017376732506664716,-0.5805848319707072
2023-09-08,435985.4285556505,-0.0034837634881476065,-0.582045975219463
2023-09-11,438660.0385556504,0.0061346316294570435,-0.5794819812393854
2023-09-12,438523.3285556504,-0.00031165364515561844,-0.5796130372127858
2023-09-13,434025.53855565045,-0.010256672124637434,-0.5839248084555664
2023-09-14,430332.5485556504,-0.008508692857774114,-0.5874650644661575
2023-09-15,433524.8035556504,0.0074181119013989605,-0.5844048341511311
2023-09-18,437868.6635556504,0.010019864986669402,-0.5802406267002129
2023-09-19,433813.2635556505,-0.009261681270060773,-0.5841283042258361
2023-09-20,432223.60355565045,-0.003664387729805152,-0.5856522193650042
2023-09-21,430316.30855565047,-0.004412750678837951,-0.5874806328152762
2023-09-22,436069.8137066668,0.013370409246928006,-0.5819650800537328
2023-09-25,435223.92227709084,-0.0019398073496208479,-0.5827759872638427
2023-09-26,434447.16360965883,-0.0017847333927969444,-0.5835206208916497
2023-09-27,438992.66712372284,0.010462730326737724,-0.5791631094613918
2023-09-28,436654.8512207548,-0.005325409916947854,-0.5814042384116835
2023-10-09,434535.2540224509,-0.004854170730905993,-0.5834361737056668
2023-10-10,431553.71742877085,-0.006861437745453891,-0.5862944004667935
2023-10-11,432351.9417896588,0.0018496523808062548,-0.585529188919664
2023-10-12,436354.5564624588,0.00925776962220115,-0.5816921136355554
2023-10-13,430513.9226107708,-0.013385064427969384,-0.5872911916452712
2023-10-16,425259.7089412268,-0.012204515100651792,-0.5923281025290084
2023-10-17,426445.4096055948,0.002788180115440575,-0.5911914398508559
2023-10-18,421501.0888989469,-0.011594264108085395,-0.5959312742668712
2023-10-19,421792.93417440285,0.0006923950688202396,-0.5956514990737091
2023-10-20,424045.28770441085,0.005339950832549345,-0.5934922979595477
2023-10-23,417235.4572337868,-0.016059205627515283,-0.6000204887357841
2023-10-24,416540.6585470028,-0.001665243628598656,-0.6006865520684868
2023-10-25,414633.7546115229,-0.004577953907624943,-0.602514590627812
2023-10-26,407658.45461197884,-0.01682279824535593,-0.6092014074751531
2023-10-27,416995.7367351068,0.02290466938068403,-0.6002502949189348
2023-10-30,419519.8621257889,0.006053120375869803,-0.5978305618338606
2023-10-31,414410.0448595328,-0.012180155762741784,-0.6027290482337386
2023-11-01,409663.7328066529,-0.011453178106454187,-0.6072790632008382
2023-11-02,403313.7414159968,-0.015500496827365207,-0.6133664328357334
2023-11-03,413484.8459909568,0.02521883965383931,-0.603615982900626
2023-11-06,426369.91007588484,0.031162119264728227,-0.5912638168851432
2023-11-07,427364.6717837168,0.0023330954749010147,-0.5903101963458895
2023-11-08,430659.4135103329,0.0077094386694731565,-0.5871517179311098
2023-11-09,433035.92119958083,0.005518299646295688,-0.5848734974021952
2023-11-10,428590.36492272484,-0.010266021960813498,-0.58913519519438
2023-11-13,431202.32316004485,0.006094299944869208,-0.5866312618371043
2023-11-14,430941.32547489286,-0.0006052789401487235,-0.5868814652288303
2023-11-15,435011.03233770886,0.009443760953608216,-0.5829800725409464
2023-11-16,427262.88266302086,-0.01781138660564574,-0.590407775691178
2023-11-17,428273.57762962085,0.0023655108075397724,-0.5894388808578912
2023-11-20,432733.6851810048,0.01041415530715084,-0.5851632336000676
2023-11-21,430673.13596249284,-0.004761702841899362,-0.5871385630095585
2023-11-22,422648.10741637286,-0.018633687304840163,-0.5948316939266654
2023-11-23,423638.01862414886,0.0023421640613210393,-0.5938827232813941
2023-11-24,417370.87645536487,-0.014793625437909963,-0.5998906701570332
2023-11-27,410476.02571410587,-0.01651972173960814,-0.6065003649514601
2023-11-28,410665.8026136098,0.0004623336994500349,-0.6063184368094559
2023-11-29,406212.5059150979,-0.01084408945222537,-0.610587554896386
2023-11-30,405343.1418389379,-0.002140170633598615,-0.6114209639757546
2023-12-01,404478.77455367387,-0.0021324334768378916,-0.6122495829205701
2023-12-04,401576.95302370586,-0.007174224489702952,-0.6150313914586739
2023-12-05,395457.7676185699,-0.01523788992137387,-0.6208975007388111
2023-12-06,398835.3182571459,0.00854086305831192,-0.6176596382075574
2023-12-07,397173.6766104578,-0.004166234961209492,-0.6192525579899386
2023-12-08,397931.8292571459,0.0019088693217492736,-0.6185257608785512
2023-12-11,398024.61787949794,0.00023317718144144628,-0.6184368097906803
2023-12-12,394418.0294500259,-0.009061219501161455,-0.6218942376107304
2023-12-13,387589.5592215458,-0.01731277405853282,-0.628440297245205
2023-12-14,386269.0516834659,-0.003406973966822213,-0.6297061914796109
2023-12-15,389892.13380018587,0.009379685224404133,-0.626232952115144
2023-12-18,385286.71438693785,-0.0118120346988283,-0.6306479014540385
2023-12-19,390771.6921178978,0.014236093605479061,-0.625389770405758
2023-12-20,387954.9593351139,-0.007208129042095779,-0.6280900092811623
2023-12-21,400203.48639504984,0.03157203372506889,-0.6163480545114972
2023-12-22,404673.54977269785,0.011169476352925978,-0.6120628631786094
2023-12-25,407492.5647900788,0.00696614596868117,-0.6093604364568393
2023-12-26,408330.81526723085,0.0020570939192077198,-0.6085568541860726
2023-12-27,405453.32251391886,-0.00704696448498221,-0.6113153401325131
2023-12-28,428835.1250256789,0.057668296727195756,-0.5889005578339658
2023-12-29,426877.4047261749,-0.004565205099248293,-0.5907773111036403
2024-01-02,415364.7338357748,-0.02696950169518808,-0.6018138431055401
2024-01-03,413874.0233910709,-0.003588919143273528,-0.6032429010266052
2024-01-04,404827.84231590293,-0.02185732992142919,-0.6119149518375357
2024-01-05,397557.5467240148,-0.017958981156772413,-0.6188845639047106
2024-01-08,393938.5288336149,-0.009103129648076469,-0.6223539071303692
2024-01-09,397873.21164884686,0.00998806292667509,-0.6185819541907743
2024-01-10,404252.98494123085,0.016034689206506858,-0.6124660343684702
2024-01-11,415298.18436358287,0.02732249317579627,-0.6018776402371135
2024-01-12,412349.80750265485,-0.007099421504686343,-0.6047040786795106
2024-01-15,406324.07080414286,-0.014613167240227654,-0.6104806040871469
2024-01-16,410754.5223046389,0.010903738712126687,-0.6062333863708076
2024-01-17,401296.9395370869,-0.023024902354057852,-0.6152998241999079
2024-01-18,414356.9051289748,0.03254439370246165,-0.6027799902212634
2024-01-19,406099.16019089485,-0.019929063172024697,-0.6106962128893361
2024-01-22,394806.7649400629,-0.02780698991232522,-0.6215215793703524
2024-01-23,396426.8118304256,0.004103391922903432,-0.6199685340761474
2024-01-24,394141.5969831776,-0.005764531507585047,-0.6221592374353392
2024-01-25,394268.0109964976,0.0003207324836749237,-0.6220380516291282
2024-01-26,387938.1016072416,-0.01605483887282,-0.6281061698102797
2024-01-29,367351.2991167456,-0.05306723522439316,-0.647841547175458
2024-01-30,357217.9436738016,-0.027584917944508347,-0.657555809200088
2024-01-31,346395.8040110815,-0.030295621634848446,-0.667930368835614
2024-02-01,351758.01619079354,0.015480014820099974,-0.6627899260238842
2024-02-02,338151.28413463355,-0.03868208094731718,-0.6758339134016791
2024-02-05,326182.0513638176,-0.03539608847396969,-0.6873081248831738
2024-02-06,340741.4509727535,0.04463580858621996,-0.673350870198993
2024-02-07,344490.0674310015,0.011001351457377462,-0.6697572883188057
2024-02-08,351400.69932101754,0.020060467756157108,-0.663132465049419
2024-02-19,353228.0616539216,0.005200223950706295,-0.6613806784259537
2024-02-20,353627.4073713856,0.0011305605664344576,-0.6609978487739493
2024-02-21,360051.2225271216,0.01816549006618584,-0.6548397085634368
2024-02-22,363787.3823508016,0.01037674527934307,-0.6512580681386557
2024-02-23,367723.1184343856,0.010818781174187997,-0.6474851054915843
2024-02-26,367343.7778036656,-0.00103159309736911,-0.647848757423479
2024-02-27,373061.2659599936,0.015564407244115008,-0.6423677320724969
2024-02-28,367303.06342167786,-0.015435005088234588,-0.6478877879476748
2024-02-29,378407.9874653899,0.03023368207240673,-0.637242139274673
2024-03-01,383110.5766258219,0.012427298884281957,-0.6327340389168166
2024-03-04,380676.36401158187,-0.006353812091743571,-0.6350675778212327
2024-03-05,376723.6743130698,-0.010383333645563098,-0.6388567929187984
2024-03-06,375925.36123690975,-0.0021190945262882233,-0.6396220895121303
2024-03-07,368376.93545412587,-0.0200795864315918,-0.6468583289138079
2024-03-08,370480.44063889387,0.0057101978498594885,-0.6448418201028758
2024-03-11,381611.54252217384,0.030045046005895415,-0.6341710762484967
2024-03-12,387547.6704978378,0.015555420405867437,-0.6284804535429159
2024-03-13,391809.5223567819,0.010996974523080905,-0.6243948625557008
2024-03-14,387054.91365015786,-0.01213500039004789,-0.6289528310450914
2024-03-15,387653.9381120779,0.0015476472221238602,-0.6283785809247815
2024-03-18,392505.4556501579,0.01251507352590675,-0.6237277115412532
2024-03-19,390970.0848430379,-0.003911718385103069,-0.6251995827698221
2024-03-20,396962.20318823785,0.015326283461318146,-0.6194552853339321
2024-03-21,392481.3771963499,-0.011287790010987897,-0.623750794162874
2024-03-22,385170.7512369099,-0.018626682396150174,-0.6307590686218059
2024-03-25,373525.48163889383,-0.030234044409185423,-0.6419227153387832
2024-03-26,375321.4508479978,0.0048081571335478746,-0.6402010234881779
2024-03-27,364902.17697301385,-0.027760933598233506,-0.650189378983835
2024-03-28,368839.12741870986,0.010789057161440851,-0.6464152521980125
2024-03-29,368640.2113506618,-0.0005393030545325361,-0.6466059415325383
2024-04-01,377322.26694867783,0.023551569608225353,-0.6382829567654086
2024-04-02,376752.1000653978,-0.0015110872938690623,-0.6388295427934163
2024-04-03,372300.18672019785,-0.01181655880465482,-0.6430973347395019
2024-04-08,365294.20192930184,-0.018818107110328608,-0.6498135673223358
2024-04-09,372881.21945926984,0.02076960841397746,-0.642540332243733
2024-04-10,366161.12857598986,-0.018022068510248568,-0.648982494865687
2024-04-11,364871.86786125385,-0.0035210201578468325,-0.6502184345770221
2024-04-12,361042.58833939786,-0.010494860961196673,-0.653889343472926
2024-04-15,362763.07698608586,0.004765334346292338,-0.6522400104737598
2024-04-16,352584.2342956859,-0.02805920264809747,-0.6619978784927768
2024-04-17,360158.6026927099,0.02148243642304193,-0.6547367694066446
2024-04-18,360227.3593475098,0.00019090660138587623,-0.6546708563767085
2024-04-19,359067.9472632378,-0.0032185564316160598,-0.6557823177129418
2024-04-22,363041.60890181386,0.011066600817095207,-0.6519729980288851
2024-04-23,359715.68770893384,-0.009161267224825242,-0.6551613663953972
2024-04-24,359350.6972470138,-0.0010146637313616091,-0.6555112616500882
2024-04-25,359729.2179617498,0.0010533462649047198,-0.6551483957242457
2024-04-26,367090.60408428847,0.02046368700393253,-0.6480914604315426
2024-04-29,376319.4534975365,0.025140522014366118,-0.6392442960454783
2024-04-30,372207.2010599525,-0.01092755742325957,-0.6431864747162098
2024-05-06,381512.94130465644,0.02500150512457444,-0.6342655995353096
2024-05-07,381685.9257422405,0.0004534169587864234,-0.6340997693557273
2024-05-08,377431.1391361124,-0.011147350004729883,-0.6381785872935304
2024-05-09,383447.2499270085,0.015939624919836026,-0.632411289687024
2024-05-10,379182.2463727045,-0.011122790827462925,-0.636499902022372
2024-05-13,377510.24621227256,-0.004409489569795255,-0.638102751913024
2024-05-14,377680.0945736965,0.00044991722245457666,-0.6379399281083509
2024-05-15,372093.19921227254,-0.014792665649298042,-0.6432957616968048
2024-05-16,374397.8413078084,0.006193722702846571,-0.6410864345578247
2024-05-17,376202.83587337646,0.004821060290473467,-0.6393560906197592
2024-05-20,375988.9633515205,-0.0005685032154515435,-0.6395611178418747
2024-05-21,371763.29737585643,-0.011238803229746352,-0.6436120195147997
2024-05-22,377774.8483758564,0.01617037249893505,-0.6378490931162109
2024-05-23,370019.93487022445,-0.020527871400047304,-0.6452832803601318
2024-05-24,365258.4888945605,-0.012868079600451554,-0.6498478033440687
2024-05-27,363861.5274488645,-0.003824583105306756,-0.6511869895196849
2024-05-28,360724.2156498565,-0.008622268534419053,-0.6541945489643454
2024-05-29,364092.8636218539,0.009338568983866757,-0.6509652209048518
2024-05-30,363083.424095294,-0.002772478198332151,-0.6519329122203528
2024-05-31,361257.6956219339,-0.005028399404101935,-0.6536831325571315
2024-06-03,356060.27678463794,-0.01438701209768889,-0.6586655975186657
2024-06-04,358263.1163988939,0.00618670421241152,-0.6565538625329934
2024-06-05,356842.4110885259,-0.003965536069267417,-0.6579158105789695
2024-06-06,352214.17321724596,-0.012969977019160361,-0.6623526346543783
2024-06-07,348981.0454600619,-0.009179436839953148,-0.6654520473187451
2024-06-11,351507.5663231819,0.007239707989840083,-0.6630300178327339
2024-06-12,356751.72825686197,0.014919058467317559,-0.6580027429670494
2024-06-13,354210.70508994994,-0.007122665331791955,-0.660438674973286
2024-06-14,351143.52429670194,-0.008659198463437434,-0.6633790038772001
2024-06-17,353244.28068098996,0.005982614626015348,-0.661365130182372
2024-06-18,350422.11819897394,-0.007989265888680208,-0.6640705741965236
2024-06-19,346192.85820778995,-0.012069044080095903,-0.6681249212443472
2024-06-20,340148.0971788459,-0.017460675128416092,-0.6739196841777171
2024-06-21,339213.20789238194,-0.002748477190429255,-0.6748159084880025
2024-06-24,334229.7661331339,-0.014691178419058093,-0.6795932459954447
2024-06-25,329260.50138772593,-0.014867810257894742,-0.6843569928193324
2024-06-26,334985.74843182194,0.017388198766526752,-0.6788685294712107
2024-06-27,330462.34080437897,-0.013503283792276277,-0.683204858852392
2024-06-28,329971.792517259,-0.0014844302256223907,-0.6836751191352418
2024-07-01,329379.71286706696,-0.0017943341328519047,-0.6842427116660478
2024-07-02,328446.87046268303,-0.002832118579083276,-0.6851369737488193
2024-07-03,327473.609070795,-0.0029632232163363526,-0.6860699831781727
2024-07-04,322068.419703899,-0.016505725094102086,-0.6912516257346206
2024-07-05,324505.287647131,0.007566305151782249,-0.688915541319812
2024-07-08,316692.380492075,-0.024076363167159887,-0.6964053237226556
2024-07-09,320987.91913426697,0.013563757471896087,-0.6922874391638709
2024-07-10,323739.067215579,0.00857087733623163,-0.6896500725501267
2024-07-11,331335.719992875,0.023465356969838203,-0.6823676007169521
2024-07-12,330650.839058523,-0.0020670301842696803,-0.6830241564737721
2024-07-15,326179.105083515,-0.013524036375472615,-0.687310949311767
2024-07-16,330916.657017851,0.014524388167424185,-0.6827693321638677
2024-07-17,332740.216043051,0.005510629297519998,-0.681021191551618
2024-07-18,331765.499757131,-0.002929361222130944,-0.6819555957037682
2024-07-19,335461.39115679497,0.011140071533566775,-0.6784125582890577
2024-07-22,336792.347218059,0.003967538728300246,-0.6771366476595344
2024-07-23,330010.409389243,-0.020136852528970905,-0.6836380993726235
2024-07-24,326617.831072315,-0.010280216079264659,-0.6868903680703198
2024-07-25,328412.1769952513,0.005493716975112362,-0.6851702323703166
2024-07-26,329080.0756710513,0.002033720801435379,-0.684529956522977
2024-07-29,325098.5997871513,-0.012098805665402335,-0.6883467672722616
2024-07-30,326649.6893287513,0.0047711357188726655,-0.6868598274016922
2024-07-31,338945.2155084512,0.03764132213003668,-0.6750728172930639
2024-08-01,336584.9566263512,-0.006963540932593992,-0.6773354610299561
2024-08-02,334236.2396643512,-0.006978080617570104,-0.6795870401953201
2024-08-05,330812.2115116513,-0.010244335432143536,-0.6828694580323652
2024-08-06,335613.03391545126,0.014512228499252045,-0.6782671871432393
2024-08-07,333145.4006672512,-0.007352614466164309,-0.6806327644772896
2024-08-08,331084.7662508512,-0.006185390560016102,-0.6826081755610702
2024-08-09,326819.0482921513,-0.012884065935754752,-0.6866974727546109
2024-08-12,326315.1638724513,-0.0015417841228445583,-0.6871805176167649
2024-08-13,325905.3914357512,-0.0012557566489930228,-0.6875733427617022
2024-08-14,321497.8253071513,-0.013524066322384898,-0.691798621595074
2024-08-15,323065.28578985133,0.004875493267186171,-0.6902959878497232
2024-08-16,321464.90346525126,-0.0049537427727257555,-0.6918301818615968
2024-08-19,319297.30532705126,-0.0067428764845998135,-0.6939081328815857
2024-08-20,315934.61985165125,-0.010531518491694314,-0.6971317450403005
2024-08-21,314399.3303599513,-0.004859516479773118,-0.6986035383164773
2024-08-22,307813.72808841744,-0.020946616724641598,-0.7049167744815252
2024-08-23,305517.7356519174,-0.007459031963124585,-0.7071178096924493
2024-08-26,308443.2091288174,0.009575462028931447,-0.7043133274002091
2024-08-27,308375.5980410174,-0.00021920109050532766,-0.7043781422412909
2024-08-28,307873.6420548174,-0.0016277422383247364,-0.7048593384257369
2024-08-29,314269.8980189174,0.020775588067266648,-0.6987276176189694
2024-08-30,317617.39984281745,0.010651678207177717,-0.6955185611491368
2024-09-02,310490.0462191175,-0.02244006035949908,-0.7023511430152973
2024-09-03,315183.0259599174,0.015114751013589833,-0.697852254652494
2024-09-04,316917.7883528174,0.005503984193363953,-0.6961892382380408
2024-09-05,319098.43865421746,0.006880807520253107,-0.6940987748637752
2024-09-06,313598.3925293174,-0.017236205066048726,-0.6993713511101787
2024-09-09,312025.7405073175,-0.005014859959312168,-0.7008789616841185
2024-09-10,308985.7036069174,-0.009742904208663417,-0.703793269307226
2024-09-11,313946.39812301745,0.01605477036054359,-0.6990377382667061
2024-09-12,315805.6111106174,0.00592207140682488,-0.6972554182619621
2024-09-13,309878.65618461743,-0.01876773153319289,-0.7029372472951503
2024-09-18,307015.18015721743,-0.00924063652094198,-0.7056822962168063
2024-09-19,311322.79681031744,0.014030630833609337,-0.7015528331672287
2024-09-20,307179.5437638174,-0.013308543701104014,-0.7055247303294934
2024-09-23,307845.21943876863,0.0021670573072503085,-0.7048865855445494
2024-09-24,321753.4256868686,0.045179217898708934,-0.6915535922880345
2024-09-25,325081.8239871686,0.010344562122981849,-0.6883628492618477
2024-09-26,336328.0244043686,0.034594983746750074,-0.6775817670971777
2024-09-27,357950.4305014686,0.0642896354991318,-0.6568536164255809
2024-09-30,385658.1826918686,0.07740667374413546,-0.6302917962657559
2024-10-08,414862.7732886686,0.075726619860504,-0.602295043662263
2024-10-09,389160.34288906865,-0.061954053374935536,-0.6269344777546877
2024-10-10,382374.79701546865,-0.017436375513561142,-0.6334393882917198
2024-10-11,367319.3720171687,-0.03937347627461685,-0.6478721538400247
2024-10-14,373871.9862921686,0.01783901088313322,-0.6415905413601226
2024-10-15,367509.7550427686,-0.017017138172069735,-0.6476896446399741
2024-10-16,360183.7628330687,-0.01993414354089018,-0.6547126498346629
2024-10-17,358565.1281080686,-0.004493913640827407,-0.656264341367576
2024-10-18,370843.17007896863,0.034242152982594254,-0.6444940923591118
2024-10-21,380059.4137966686,0.024852132818672157,-0.6356590123245978
2024-10-22,390530.73598906863,0.02755180325043116,-0.6256207611160973
2024-10-23,401371.8729119686,0.027760009453400514,-0.6152279899055233
2024-10-24,390955.6024742686,-0.025951670111135527,-0.6252134661794937
2024-10-25,412296.6758159686,0.05458694850933776,-0.6047550129558406
2024-10-28,419301.8603760267,0.01699064040764897,-0.5980395475080474
2024-10-29,412689.97408702667,-0.015768797884823438,-0.6043779806410852
2024-10-30,412742.0997494267,0.0001263070723134252,-0.6043280107820772
2024-10-31,420904.1965114267,0.01977529495284136,-0.5965034804907153
2024-11-01,415374.29266242665,-0.013138153277713727,-0.6018046796110523
2024-11-04,417359.51869842666,0.004779366636474602,-0.5999015581819851
2024-11-05,423898.5682130267,0.015667665937014297,-0.5936329494536605
2024-11-06,426167.0316267267,0.0053514297612820005,-0.5914583047253625
2024-11-07,425521.89865202666,-0.0015138031025944132,-0.5920767564112084
2024-11-08,429705.9133165267,0.009832665904514482,-0.588065783442314
2024-11-11,442057.2369786267,0.028743666957642855,-0.5762252835131223
2024-11-12,443276.39941232663,0.002757928909913776,-0.5750565429712327
2024-11-13,443544.65784582664,0.0006051719285204982,-0.5747993791198304
2024-11-14,436090.0129675267,-0.016806977034747983,-0.581945716190124
2024-11-15,425766.30063482665,-0.02367335189001174,-0.5918424623598819
2024-11-18,423418.8164216267,-0.005513551001335215,-0.5940928597602402
2024-11-19,432913.52062552667,0.022423907100163953,-0.5849908357562106
2024-11-20,430581.34748112666,-0.00538715709555615,-0.5872265553200873
2024-11-21,434884.8500229267,0.00999463299322012,-0.5831010362311644
2024-11-22,427603.44092362665,-0.016743303655936015,-0.590081302175391
2024-11-25,423122.39791906765,-0.010479436261971897,-0.5943770190418345
2024-11-26,420737.60295072966,-0.0056361822963437724,-0.5966631841061012
2024-11-27,424382.21349565365,0.008662431214522925,-0.5931693066821355
2024-11-28,421898.4502359537,-0.005852656357204777,-0.5955503469256883
2024-11-29,423589.48491757567,0.004008155708266514,-0.5939292497400122
2024-12-02,427079.55736900965,0.00823928018919795,-0.5905835190519823
2024-12-03,426575.5355926117,-0.0011801589837334703,-0.5910666955900616
2024-12-04,425902.9488839376,-0.001576711865906022,-0.591711465583489
2024-12-05,427382.13188223966,0.0034730517883903023,-0.5902934583588544
2024-12-06,429294.15937067167,0.004473812417031153,-0.5884605081455214
2024-12-09,431596.12842591363,0.0053622184345962776,-0.5862537434957349
2024-12-10,433409.4044997757,0.004201326088061341,-0.5845154605544458
2024-12-11,436001.9205397937,0.005981679246231719,-0.5820301653077141
2024-12-12,436768.7624072536,0.0017588038752456292,-0.5812950383427216
2024-12-13,431630.3181085437,-0.011764679026928015,-0.5862209678236017
2024-12-16,430214.9424747396,-0.0032791385925029504,-0.5875778066167798
2024-12-17,429583.3787570157,-0.0014680190187978948,-0.5881832502404407
2024-12-18,430444.44866817165,0.0020044302310937567,-0.5873577922975519
2024-12-19,427174.6795145157,-0.007596262801792153,-0.5904923309503713
2024-12-20,425924.04383951565,-0.0029276914924390995,-0.5916912430691366
2024-12-23,427628.61269340443,0.004002048906473599,-0.5900571714549577
2024-12-24,433388.23328715446,0.013468744660169563,-0.5845357561720168
2024-12-25,431326.83415465447,-0.004756472313206861,-0.5865119003449121
2024-12-26,429126.1109109045,-0.005102217319873259,-0.5886216064885337
2024-12-27,429224.1639384044,0.00022849466626917447,-0.588527608719798
2024-12-30,430153.6408571545,0.002165481342479847,-0.5876365729335352
2024-12-31,426851.18577715446,-0.007677384930229403,-0.5908024456942731
2025-01-02,419635.9468059045,-0.01690340617916619,-0.5977192781622243
2025-01-03,420662.42804965447,0.0024461232445960324,-0.5967352499376839
2025-01-06,421164.11486090446,0.0011926114095237583,-0.5962543117957009
2025-01-07,419693.5165909045,-0.003491746371804827,-0.5976640893376202
2025-01-08,423057.84237590444,0.008016149051640609,-0.5944389047089229
2025-01-09,416630.27118715446,-0.015193126199132823,-0.6006006456111388
2025-01-10,414594.3611884045,-0.004886610838307104,-0.6025523548251082
2025-01-13,419021.23869965447,0.01067761148164359,-0.5983085632856366
2025-01-14,424220.72432090447,0.01240864457702795,-0.5933241170178123
2025-01-15,422986.0939959045,-0.002910348915594274,-0.594507685732848
2025-01-16,424041.9806446545,0.002496267994947843,-0.5934954682465454
2025-01-17,425192.81177965447,0.0027139556636595064,-0.5923922329702899
2025-01-20,422395.7237259045,-0.006578399202100127,-0.595073639579688
2025-01-21,424055.60013019247,0.003929671421969871,-0.5934824120331419
2025-01-22,426874.59013019246,0.006647689593380024,-0.5907800092940887
2025-01-23,426476.4901301925,-0.0009325924034938593,-0.5911616447487789
2025-01-24,427017.5001301925,0.0012685576169388924,-0.5906430097391282
2025-01-27,424024.9901301925,-0.007007932928012606,-0.5935117560704894
2025-02-05,423913.8801301925,-0.00026203644263012027,-0.5936182708038997
2025-02-06,422912.19013019244,-0.0023629563620148897,-0.5945785330963103
2025-02-07,426042.8901301925,0.007402718751228887,-0.5915773120011116
2025-02-10,426635.19013019244,0.0013902356164632312,-0.5910095082336839
2025-02-11,426968.94013019244,0.0007822842740612401,-0.5906895614037345
2025-02-12,425413.59013019246,-0.0036427708290108773,-0.5921805855294626
2025-02-13,423585.82013019256,-0.004296454185773735,-0.5939327629598044
2025-02-14,423647.9201301925,0.00014660547414169223,-0.5938732312799847
2025-02-17,424389.9801301925,0.0017515959945511028,-0.5931618612586147
2025-02-18,423319.09013019246,-0.002523363062604589,-0.5941884615903734
2025-02-19,423470.5501301924,0.0003577915655856856,-0.5940432656447132
2025-02-20,422755.19013019255,-0.001689279218542894,-0.5947290399196872
2025-02-21,423123.58013019257,0.0008714026666036823,-0.5943758857243762
2025-02-24,421965.7601301925,-0.0027363636875160635,-0.5954858208214608
2025-02-25,420884.94013019244,-0.00256139265817823,-0.5965219404701376
2025-02-26,421291.8214679987,0.0009667281934118144,-0.5961318868545671
2025-02-27,422636.7685195187,0.0031924357012995674,-0.5948425638715451
2025-02-28,419602.4398257588,-0.007179518962320941,-0.5977513993669546
2025-03-03,420238.2257969588,0.0015152103773847792,-0.597141908112987
2025-03-04,419592.7329739188,-0.0015360164388088515,-0.5977607047646325
2025-03-05,420490.35981423873,0.002139281188112907,-0.5969002018072158
2025-03-06,419303.22801135876,-0.0028232081311077017,-0.5980382364351216
2025-03-07,418791.30938863877,-0.0012208792790551204,-0.5985289832232303
2025-03-10,418106.81245167874,-0.0016344583128032886,-0.5991851708639507
2025-03-11,418815.90456559876,0.00169595924486865,-0.598505405248997
2025-03-12,418209.0499825587,-0.001448976928585144,-0.5990871616537428
2025-03-13,421044.6074430388,0.006780239357800477,-0.5963688766481401
2025-03-14,424074.5143281587,0.007196165991817827,-0.593464280085036
2025-03-17,424441.9344561587,0.0008664046425475025,-0.5931120556499403
2025-03-18,424017.82833007874,-0.0009992088237543717,-0.5935186216742142
2025-03-19,424563.28295919875,0.0012863955066892974,-0.592995725855583
2025-03-20,425434.00886511867,0.0020508742533056346,-0.592161011268755
2025-03-21,426520.2408740787,0.002553232666701044,-0.591119703439972
2025-03-24,424356.24296559877,-0.00507361128757966,-0.5931942031278679
2025-03-25,428161.1593905587,0.008966326024496318,-0.5895466497244573
2025-03-26,426656.03300410364,-0.003515326772277727,-0.590989527375452
2025-03-27,425130.3774969037,-0.0035758442145016334,-0.592452085107657
2025-03-28,424574.5647801037,-0.0013073935578834517,-0.592984910626116
2025-03-31,425323.6535449037,0.0017643279342181017,-0.5922668025342854
2025-04-01,425998.22743290366,0.0015860248598396076,-0.5916201275469231
2025-04-02,424363.19307770365,-0.003838124785290442,-0.5931875404571989
2025-04-03,423922.6789945037,-0.0010380591210211731,-0.5936098358413724
2025-04-07,404576.0919417037,-0.045637065463654536,-0.6121562903668649
2025-04-08,412131.87427130365,0.01867580037499761,-0.604912998669058
2025-04-09,414902.58175610367,0.006722866290550744,-0.6022568815859755
2025-04-10,417372.12413370365,0.005952101737105364,-0.5998894740799416
2025-04-11,416788.63541690365,-0.0013980059593368122,-0.6004488309795712
2025-04-14,419321.12840890366,0.0060762045238274,-0.5980210763588689
2025-04-15,418093.6585849037,-0.002927278738988348,-0.599197780715565
2025-04-16,418683.5511673037,0.0014109101400785473,-0.5986322848002106
2025-04-17,418572.1197049037,-0.00026614721808237984,-0.5987391077010391
2025-04-18,416950.5883385037,-0.0038739593252010707,-0.6002935760765991
2025-04-21,419752.6724985037,0.006720422607306986,-0.5976073799889785
2025-04-22,420179.42045690375,0.0010166652563756706,-0.5971982813927913
2025-04-23,417115.01854970364,-0.007293079475115372,-0.6001359463393068
2025-04-24,418463.1421646811,0.003232018879744114,-0.5988435781685444
2025-04-25,419187.1221646811,0.001730092634335545,-0.5981495403979173
2025-04-28,420271.5221646811,0.0025869115310608315,-0.5971099888102107
2025-04-29,418126.83216468105,-0.005103105699271415,-0.5991659791224928
2025-04-30,417044.042164681,-0.002589620939642434,-0.6002039872962783
2025-05-06,418264.64216468105,0.002926789203520297,-0.5990338686426866
2025-05-07,419414.2321646811,0.0027484752094999454,-0.5979318231708018
2025-05-08,418901.3121646811,-0.0012229437168899127,-0.5984235299214165
2025-05-09,419365.2921646811,0.0011076117131321173,-0.5979787391194392
2025-05-12,419871.9621646811,0.0012081829599790428,-0.597493023882494
2025-05-13,421782.1121646811,0.004549363072856805,-0.5956618735087778
2025-05-14,425093.53216468106,0.007851020478334192,-0.5924874065975239
2025-05-15,425794.8021646811,0.0016496840034920801,-0.5918151395909662
2025-05-16,422500.4221646811,-0.007737013188634179,-0.5949732712393516
2025-05-19,424565.2121646811,0.0048870720398837,-0.59299387643782
2025-05-20,425011.50216468103,0.0010511694957870965,-0.5925660440161329
2025-05-21,427386.8621646811,0.005588931094574701,-0.5902889237105491
2025-05-22,427915.5521646811,0.0012370291340315642,-0.5897820991726437
2025-05-23,426103.1121646811,-0.004235508597038584,-0.591519580618257
2025-05-26,426179.7321646811,0.00017981563103530718,-0.5914461294538803
2025-05-27,422142.7425834886,-0.009472504853028862,-0.5953161579753522
2025-05-28,419272.85258348857,-0.0067983876317201375,-0.5980673556017295
2025-05-29,423653.8738334886,0.010449093527055142,-0.5938675238088355
2025-05-30,420597.6313334886,-0.007214008153271889,-0.596797366803387
2025-06-03,420501.0750834886,-0.00022956917207050953,-0.5968899296980665
2025-06-04,423561.6925834886,0.00727850101071037,-0.5939558926439463
2025-06-05,422618.4738334886,-0.0022268745415736646,-0.5948601019293736
2025-06-06,423436.7813334886,0.0019362795302753089,-0.5940756378378416
2025-06-09,427417.8638334886,0.009401834407164023,-0.5902592042029593
2025-06-10,422987.8013334886,-0.010364710684450551,-0.5945060490070121
2025-06-11,426172.9775834886,0.007530184652982053,-0.5914526046803676
2025-06-12,423340.54008348857,-0.0066462156189740496,-0.5941678987602321
2025-06-13,418056.9013334886,-0.012480823946031672,-0.5992330177674539
2025-06-16,418733.88008348853,0.0016193459498947682,-0.5985840373779241
2025-06-17,419693.69383348856,0.002292180775552932,-0.5976639194254016
2025-06-18,420410.35633348854,0.001707584627860248,-0.5969768965189789
2025-06-19,413423.8150834886,-0.016618385215177556,-0.6036744897032429
2025-06-20,415335.75883348857,0.004624657990768721,-0.6018416197651034
2025-06-23,415862.0100834886,0.0012670501848386362,-0.6013371331158318
2025-06-24,421428.6588334886,0.01338580734720729,-0.5960007087832349
2025-06-25,424391.15003887506,0.007029638690417173,-0.5931607397347964
2025-06-26,422207.390038875,-0.005145630392622502,-0.5952541841973291
2025-06-27,424792.610038875,0.0061231045713388,-0.5927758832423576
2025-06-30,431665.7100388751,0.016179895406775335,-0.5861870396261025
2025-07-01,428643.59003887506,-0.007001065708295173,-0.5890841713526243
2025-07-02,439147.85003887507,0.02450581379053718,-0.5790143445722075
2025-07-03,439624.4300388751,0.001085238149197032,-0.5785574748786726
2025-07-04,436652.21003887506,-0.006760816271600745,-0.5814067703600574
2025-07-07,434222.6300388751,-0.005564107873823998,-0.5837358682450263
2025-07-08,448498.8140388751,0.032877567893506265,-0.5700501159916207
2025-07-09,445863.6340388751,-0.005875556227828871,-0.5725763107102604
2025-07-10,453048.1740388751,0.016113760915907216,-0.5656889075712506
2025-07-11,450950.0340388751,-0.004631163130612181,-0.5677002730897225
2025-07-14,448200.89403887506,-0.00609632950989647,-0.5703357146720058
2025-07-15,443481.2340388751,-0.01053023334574299,-0.5748601798568416
2025-07-16,443650.4740388751,0.00038161704940398167,-0.5746979392530943
2025-07-17,452497.63403887505,0.01994173458095916,-0.5662166784409446
2025-07-18,448945.6540388751,-0.007849720601400545,-0.5696217563167306
2025-07-21,451977.1140388751,0.006752398587062558,-0.5667156708721812
2025-07-22,458728.97403887514,0.014938499738770705,-0.5602430530346918
2025-07-23,453270.95889538527,-0.011898126022942934,-0.5654753366091497
2025-07-24,466495.46302038524,0.02917571458190893,-0.5527977690512582
2025-07-25,462044.83202038525,-0.009540566528093986,-0.5570643316871366
2025-07-28,457251.91527038533,-0.010373272067651818,-0.5616590238830133
2025-07-29,464685.46827038523,0.01625701883742625,-0.5545329063770635
2025-07-30,460019.53627038526,-0.01004105425841506,-0.5590058656344699
2025-07-31,445496.36039538524,-0.031570780651506425,-0.572928394719125
2025-08-01,447879.92127038527,0.0053503487051713705,-0.570643412708795
2025-08-04,446020.19877038524,-0.0041522792420009,-0.5724262211536206
2025-08-05,450419.3768953853,0.00986318139207154,-0.5682089834143653
2025-08-06,450649.33052038524,0.0005105322656961953,-0.5679885401683606
2025-08-07,448040.0387703853,-0.005790071288881871,-0.5704899173183997
2025-08-08,446415.8266453853,-0.0036251495055164007,-0.5720469555822472
2025-08-11,452638.72652038524,0.01393969367475667,-0.5660814212358842
2025-08-12,448754.7351453853,-0.008580775677012209,-0.5698047792223471
2025-08-13,450028.54464538523,0.0028385427500552396,-0.5685836516973002
2025-08-14,442349.73252038524,-0.017062944598438268,-0.5759448849472497
2025-08-15,454590.53252038534,0.027672222000125313,-0.5642103376632214
2025-08-18,462377.79664538533,0.017130282238446704,-0.556745137750795
2025-08-19,461205.5683953853,-0.0025352174315131926,-0.5578688852041722
2025-08-20,466648.6202324795,0.011801791240360515,-0.5526509460864839
2025-08-21,467027.74933247943,0.0008124509182327877,-0.5522874969368612
2025-08-22,476299.7540324795,0.019853220099346203,-0.5433989620723194
2025-08-25,480365.0802324794,0.008535226326660483,-0.5395017688726187
2025-08-26,479855.21503247943,-0.0010614118739713518,-0.5399905471630801
2025-08-27,471738.2647324794,-0.016915415412231405,-0.5477717981513699
2025-08-28,473740.8323324794,0.004245081965389641,-0.5458520523674617
2025-08-29,480180.9907324795,0.01359426496612448,-0.5396782448335233
2025-09-01,483239.40173247945,0.006369287953974512,-0.5367463230233891
2025-09-02,480126.8846324794,-0.0064409422924563975,-0.5397301132235637
2025-09-03,478481.3952324795,-0.003427196961193868,-0.541307548780853
2025-09-04,471655.3642324794,-0.01426603221779088,-0.5478512700680027
2025-09-05,486700.3973324794,0.0318983610511514,-0.5334284666318123
2025-09-08,503939.42933247937,0.03542021353276903,-0.5169024032915996
2025-09-09,506157.94593247946,0.004402347724485001,-0.5147756396860262
2025-09-10,504656.1042324794,-0.0029671404194460127,-0.5162153684980136
2025-09-11,506288.0217324794,0.0032337219074798362,-0.5146509435366237
2025-09-12,499807.5093324794,-0.012800050804726126,-0.5208634361173807
2025-09-15,508819.5636324794,0.01803105021778517,-0.5122241006728363
2025-09-16,513688.1702324794,0.009568434368448564,-0.5075568489936133
2025-09-17,515484.49219703046,0.0034969112949168046,-0.5058348189767548
2025-09-18,513107.2776289984,-0.004611612190116965,-0.5081137171494929
2025-09-19,506998.14010989445,-0.011906160340062755,-0.5139701941021885
2025-09-22,506823.03420141444,-0.00034537781231713804,-0.5141380580132704
2025-09-23,500444.1421504384,-0.01258603421809168,-0.5202531330403838
2025-09-24,509357.47645667836,0.017810847516245953,-0.5117084347465694
2025-09-25,515509.0671459584,0.012077157936452254,-0.5058112603939662
2025-09-26,505180.0295673985,-0.020036577893275842,-0.5157131115690623
2025-09-29,509864.25826525444,0.009272394836880693,-0.5112226123252063
2025-09-30,513668.0427354304,0.007460386580377065,-0.5075761440614055
2025-10-09,520766.26017783047,0.013818686100462774,-0.5007714933678105
2025-10-10,503037.0330779264,-0.03404450029817585,-0.517767478410708
2025-10-13,499124.22045443836,-0.007778378859199964,-0.5215184656618568
2025-10-14,492848.58124176634,-0.012573301305551232,-0.5275345581622328
2025-10-15,497954.4728013184,0.010359959942843666,-0.5226398351104156
2025-10-16,493793.40743543045,-0.008356316878688208,-0.5266288079134958
2025-10-17,481528.5829716864,-0.024837967212731238,-0.5383863860619919
2025-10-20,482896.61414829444,0.002841017594771733,-0.5370749336628078
2025-10-21,487182.09863338247,0.008874538274919352,-0.5329666874431788
2025-10-22,485030.2336376704,-0.004416962367353783,-0.5350295560090428
2025-10-23,485436.02357893984,0.0008366281380565166,-0.5346405486522353
2025-10-24,486290.29165554786,0.0017597953903580876,-0.5338216112348939
2025-10-27,489003.3786044759,0.005579150962877533,-0.5312207316283424
2025-10-28,489149.77746938786,0.00029938211332969367,-0.5310803875002921
2025-10-29,495970.9886098359,0.013945035763355706,-0.5245412867338448
2025-10-30,493087.3122066199,-0.005814203793045869,-0.5273057005879537
2025-10-31,498757.20475233183,0.011498759763942434,-0.5218703023972295
2025-11-03,503198.66185652383,0.008905048512326763,-0.5176125342448927
2025-11-04,498123.99140018784,-0.010084825022414146,-0.5224773274300387
2025-11-05,498131.0854512599,1.4241536634651553e-05,-0.5224705267734036
2025-11-06,500178.54015554785,0.0041102729062434396,-0.5205077503176676
2025-11-07,498956.73299492383,-0.002442742066151138,-0.52167902620636
2025-11-10,505276.25123956386,0.012665463409438082,-0.5156208694148099
2025-11-11,503320.60211724386,-0.0038704552559561956,-0.5174956371666588
2025-11-12,497399.4025076918,-0.011764270297389356,-0.5231719489106998
2025-11-13,499469.03518108383,0.004160907035589023,-0.5211879117181561
2025-11-14,499146.50983429985,-0.0006457364202108185,-0.5214970981219971
2025-11-17,496880.1536555479,-0.00454046283826437,-0.5236697227659757
2025-11-18,494057.95048956387,-0.0056798468307117655,-0.5263752057814954
2025-11-19,489865.27816090785,-0.008486195444282307,-0.5303944783524916
2025-11-20,492888.8223469046,0.006172195337763142,-0.5274959813411911
2025-11-21,488820.2237236087,-0.008254597058872548,-0.5313963116239175
2025-11-24,489709.3783554806,0.001818980861918451,-0.5305439304829371
2025-11-25,489388.2031703926,-0.0006558485487179189,-0.5308518225648167
2025-11-26,488688.2374045047,-0.0014302873697268348,-0.5315228392775326
2025-11-27,487211.43073013664,-0.0030219812169238747,-0.5329385684577937
2025-11-28,485717.0238790646,-0.003067265578791001,-0.534371169909944
2025-12-01,487219.39897692064,0.0030931077643885363,-0.5329309297602692
2025-12-02,486346.6269705847,-0.0017913326279056507,-0.5337676058252753
2025-12-03,485064.70628130465,-0.002635816963026949,-0.5349965090785537
2025-12-04,482632.5735897846,-0.0050140376325577,-0.5373280540813046
2025-12-05,482487.27852808865,-0.0003010469447084496,-0.5374673400570257
2025-12-08,481724.86033871263,-0.0015801829878331342,-0.5381982262975848
2025-12-09,478600.40148130467,-0.006485982174993188,-0.5411934643701989
2025-12-10,479978.35163452063,0.0028791245242401065,-0.5398725032215854
2025-12-11,477692.79809416865,-0.004761784635846089,-0.5420635312662753
2025-12-12,477750.16558568866,0.00012009285412895032,-0.5420085363687352
2025-12-15,478259.17578997667,0.0010654317694771542,-0.5415205777132331
2025-12-16,477422.14316444064,-0.0017501653243838788,-0.542322992500063
2025-12-17,478592.2087644407,0.0024507987674065035,-0.5412013182542118
2025-12-18,478427.70372282143,-0.00034372695293960476,-0.541359019727101
2025-12-19,480384.2353749175,0.004089503255918503,-0.5394834059449773
2025-12-22,479836.2793719735,-0.0011406619172595889,-0.540008699686082
2025-12-23,477793.3587400374,-0.004257536830291175,-0.541967129588782
2025-12-24,478287.01317600545,0.001033196520918267,-0.5414938916206069
2025-12-25,478733.76972499746,0.0009340762694463045,-0.5410656119453736
2025-12-26,479352.5827649975,0.0012926036956939502,-0.5404723916592932
2025-12-29,477606.55984019744,-0.0036424606596018316,-0.5421462028946751
2025-12-30,477044.6768192694,-0.0011764558282365556,-0.5426848476627599
2025-12-31,475779.5060992695,-0.0026521011164730712,-0.5438976936888535
2026-01-05,479229.1921601974,0.007250598263911279,-0.5405906790985481
2026-01-06,480918.4685601974,0.003524986431618027,-0.5389712674758116
2026-01-07,477838.3353741495,-0.006404688917997614,-0.5419240130898877
2026-01-08,480168.92778515746,0.0048773659174563555,-0.5396898088837272
2026-01-09,480374.83217414946,0.0004288165624164453,-0.5394924202499275
2026-01-12,481226.43358918943,0.001772785246024755,-0.5386760392068639
2026-01-13,480225.1872031414,-0.0020806138569328114,-0.5396358762322253
2026-01-14,478012.3599862454,-0.0046078949539978264,-0.5417571857551364
2026-01-15,476664.94104531757,-0.0028187951896612162,-0.5430488783956267
2026-01-16,474159.3156332214,-0.005256575838368471,-0.5454508766207675
2026-01-19,472068.35975409125,-0.00440981714413391,-0.5474553551378963
2026-01-20,470237.07775409124,-0.0038792729107156587,-0.5492108993195993
2026-01-21,469384.9037540912,-0.001812222047802181,-0.5500278292667613
2026-01-22,469343.0437540912,-8.918054173701062e-05,-0.5500679580287139
2026-01-23,471124.4077540912,0.0037954413593765945,-0.5483602673477073
2026-01-26,470431.4437540912,-0.0014708726370247227,-0.5490245718722587
2026-01-27,466859.7697540912,-0.007592336880157702,-0.5524485292472778
2026-01-28,465784.1997540912,-0.002303839546008768,-0.5534796160244724
2026-01-29,467441.47975409124,0.0035580425460437493,-0.5518908775006116
2026-01-30,464817.04775409127,-0.0056144610901467384,-0.5544067687330243
2026-02-02,462509.6457540912,-0.004964107945586327,-0.5566187416328561
2026-02-03,466846.8037540912,0.009377443345918834,-0.552460959001876
2026-02-04,466045.56575409125,-0.0017162760750569772,-0.553229059550595
2026-02-05,473529.8217540912,0.016059064928318545,-0.546054336009832
2026-02-06,470724.5917540912,-0.005924083069591246,-0.5487435478323905
2026-02-09,474716.4277540912,0.008480194300291233,-0.5449168054387491
2026-02-10,483774.00775409123,0.01907998011118317,-0.5362338271375867
2026-02-11,486738.7497540912,0.006128361492101941,-0.5333917003824773
2026-02-12,477974.4377540912,-0.01800619326985542,-0.541793539606709
2026-02-13,485947.2257540912,0.016680364827589056,-0.5341504886809907
2026-02-24,473662.6755824326,-0.025279597290828293,-0.5459269767252644
2026-02-25,471466.5413992579,-0.004636494062940977,-0.5480322836018193
2026-02-26,467826.6272160832,-0.007720408265604384,-0.5515216588952861
2026-02-27,469316.4832160831,0.0031846327535174357,-0.5500934200809608
2026-03-02,465991.6824983063,-0.007084346782352258,-0.5532807143127695
2026-03-03,462070.8799487821,-0.00841388955378719,-0.5570393610440886
2026-03-04,458719.97048338427,-0.007251938199977603,-0.5602516842228193
2026-03-05,460523.8112160831,0.003932335299895451,-0.5585224463976193
2026-03-06,462928.34321608307,0.005221297881754294,-0.556217360582153
2026-03-09,462006.10721608315,-0.0019921787324425067,-0.5571014549182285
2026-03-10,463414.66831513157,0.003048793245474579,-0.5557511488255527
2026-03-11,465951.8348646558,0.0054749379400285125,-0.5533189139354435
2026-03-12,465562.62723100523,-0.0008352958493309526,-0.5536920247926079
2026-03-13,469009.77268148103,0.0074042572338293144,-0.5503874457386628
2026-03-16,466343.15013195685,-0.005685643892403891,-0.5529437826117469
2026-03-17,468759.49194878206,0.005181467372559201,-0.5506273754076499
2026-03-18,467102.94576560735,-0.003533893631226359,-0.5522154104637442
2026-03-19,464681.9948497337,-0.005182906547304134,-0.5545362361446337
2026-03-20,460928.0803002095,-0.008078459228311852,-0.5581348969986296
2026-03-23,451052.0202852874,-0.02142646637733525,-0.5676025047714062
2026-03-24,454164.9160442656,0.006901411852693551,-0.5646183515727606
2026-03-25,455345.8000442657,0.0026001215820135037,-0.5634863063522724
2026-03-26,451158.55204426567,-0.009195754083145102,-0.5675003789329822
2026-03-27,455040.3720442656,0.008604114855876865,-0.5637791025181984
2026-03-30,452320.8720442656,-0.005976392792979346,-0.5663861299460555
2026-03-31,449653.7800442657,-0.005896460156583072,-0.5689429168541704
2026-04-01,455144.9040442656,0.012211893335933643,-0.563678893733095
2026-04-02,450079.6160442657,-0.01112895685525972,-0.5685346924997785
2026-04-03,444141.27604426566,-0.013193976772802762,-0.5742274357452066
2026-04-07,444827.2960442656,0.0015445986153550528,-0.5735697880320025
2026-04-08,452740.78804426565,0.017790032379695786,-0.5659835807534113
2026-04-09,448143.54404426564,-0.010154251884083698,-0.5703906927962692
2026-04-10,452957.9320442657,0.010742959625285708,-0.5657754173543326
2026-04-13,450970.55204426567,-0.004387559769691296,-0.5676806036641597
2026-04-14,453538.15204426565,0.005693498141643438,-0.5652191939845251
2026-04-15,452243.52004426566,-0.002854516194866097,-0.5664602828365133
2026-04-16,455933.30004426563,0.00815883442539711,-0.5629231040673428
2026-04-17,453276.6440442656,-0.005826852304365748,-0.5654698865855929
2026-04-20,454601.74004426564,0.002923371449667256,-0.5641995936580166
2026-04-21,451780.94004426565,-0.00620499164768995,-0.5669037315394285
2026-04-22,457040.35755626566,0.011641521467206317,-0.5618618320327777
2026-04-23,455632.8935562656,-0.0030795179828878583,-0.5632110864000224
2026-04-24,456293.65755626565,0.0014502113638958924,-0.562577650153896
2026-04-27,457680.74555626564,0.0030399019951947714,-0.5612479290798561
2026-04-28,450517.4055562656,-0.015651390340429727,-0.5681150090044992
2026-04-29,451937.35755626566,0.003151824951683757,-0.5667537831136218
2026-04-30,452661.34955626563,0.0016019742291604189,-0.5660597338392886
2026-05-06,457736.2455562656,0.011211242145976907,-0.5611947244384713
2026-05-07,460224.57755626563,0.005436169899493359,-0.5588093044077249
2026-05-08,461507.06555626565,0.002786656911740515,-0.557579857306457
2026-05-11,467897.52155626565,0.013846929932258778,-0.5514536965899596
2026-05-12,463278.8335562656,-0.009871152949555873,-0.555881365755878
2026-05-13,464891.6935562656,0.003481402307157433,-0.5543352101179689
2026-05-14,457615.3615562656,-0.015651671348090757,-0.5613106089406183
2026-05-15,457056.25355626567,-0.0012217859079260984,-0.5618465934565714
2026-05-18,456847.7575562656,-0.00045617141955234253,-0.562046466518016
2026-05-19,459847.8095562656,0.006566852852792016,-0.5591704901072796
2026-05-20,458719.36555626563,-0.002453951017161171,-0.5602522641314756
2026-05-21,453124.2415562656,-0.012197270096096946,-0.565615986040011
2026-05-22,456553.3895562656,0.007567787563566464,-0.5623286601013525
2026-05-25,464524.3405202657,0.01745896788050838,-0.554687370235843
2026-05-26,469643.74452026567,0.011020744347360223,-0.5497796935885615
2026-05-27,465381.74052026565,-0.009074972358789957,-0.5538654304246112
2026-05-28,462387.75052026566,-0.0064334066838396264,-0.5567355955464095
2026-05-29,458406.48052026564,-0.008610241070444502,-0.5605522089267019
2026-06-01,457198.8685202657,-0.002634369388995972,-0.5617098767355673
2026-06-02,455027.4805202657,-0.004749329338954222,-0.5637914608769609
2026-06-03,452794.95652026567,-0.0049063498262730265,-0.565931652567106
2026-06-04,444604.86652026564,-0.018087856063903507,-0.5737830183573687
2026-06-05,439864.8025202657,-0.010661295808789606,-0.5783270436773902
2026-06-08,432113.1065202657,-0.017622905846490955,-0.5857581464846751
2026-06-09,430986.6365202656,-0.0026068869076232293,-0.5868380281491937
2026-06-10,425775.95652026567,-0.012090119642851005,-0.5918332058207462
2026-06-11,423104.0485202657,-0.006275384880434887,-0.5943946095496343
2026-06-12,426800.24452026567,0.008735903173053616,-0.5908512801321912
2026-06-15,430724.56052026566,0.009194737000235431,-0.5870892652590238
2026-06-16,429782.45652026567,-0.0021872539584509854,-0.5879924058980729
2026-06-17,431968.35052026564,0.005086047526690729,-0.585896915693113
2026-06-18,427110.13252026564,-0.011246698963358615,-0.5905542084221109
2026-06-22,431052.3625202656,0.009230008140377999,-0.5867750204328035
2026-06-23,427301.09127661306,-0.008702588292799796,-0.5903711473022774
2026-06-24,422504.431519957,-0.011225479771945879,-0.594969427702241
2026-06-25,427801.12909518904,0.012536430816067812,-0.5898917899542377
2026-06-26,418737.223157109,-0.021187194987658087,-0.5985808325665168
2026-06-29,424023.926550917,0.012625348551409843,-0.5935127756624523
2026-06-30,424732.941944725,0.0016721117592946033,-0.5928330835946345
2026-07-01,431539.514307573,0.01602553437857379,-0.5863080161779625
2026-07-02,432794.666913765,0.002908546180773186,-0.5851047739384003
2026-07-03,431457.898913765,-0.0030886887066619018,-0.5863862561375848
2026-07-06,428754.09430757293,-0.00626667077598797,-0.5889782372987944
2026-07-07,421347.941944725,-0.017273659799817653,-0.5960780873980163
2026-07-08,417846.642550917,-0.008309757910879623,-0.5994345807066382
2026-07-09,418173.67576330097,0.0007826632526888311,-0.5991210728726595
2026-07-10,422594.745701381,0.010572329618812493,-0.5948828487178333
2026-07-13,412323.79697568505,-0.024304487526576435,-0.6047290134679729
2026-07-14,413894.199157109,0.00380866249521028,-0.6032235596861236
2026-07-15,424229.362913765,0.024970545075778894,-0.5933158356982589
2026-07-16,426321.889701381,0.004932536430867662,-0.5913098512419835
2026-07-17,417718.375157109,-0.020180794728364426,-0.5995575432415738
2026-07-20,425882.86812614906,0.01954544845188888,-0.5917307158450542
2026-07-21,427767.2770695564,0.004424711779787316,-0.5899242419341285
2026-07-22,429844.9069429804,0.004856916329965433,-0.5879325382882554
2026-07-23,425346.1902982124,-0.010465906591199392,-0.5922451978518032
2026-07-24,416546.4173051324,-0.02068849608576595,-0.6006810314799984
2026-07-27,422889.32658238837,0.015227376863043984,-0.5946004510577824
2026-07-28,423980.5799288124,0.0025804702976144345,-0.5935543295630707
2026-07-29,432149.4423570524,0.019267067443540897,-0.5857233134186272
2026-07-30,434464.5292246844,0.005357144174489514,-0.583503973480481
2026-07-31,436787.4097788924,0.0053465367088845195,-0.5812771621855898
2026-08-03,433485.83291134844,-0.007558772971994032,-0.584442193054818
2026-08-04,431713.3595435324,-0.004088884187775754,-0.5861413608007429
2026-08-05,430557.8473621084,-0.002676572674623179,-0.5872490835255804
2026-08-06,427649.8044550764,-0.006754128219584543,-0.5900368561381997
2026-08-07,429859.62289386045,0.00516735519521605,-0.5879184309569183
2026-08-10,435136.6815634924,0.012276237144829283,-0.5828596198923321
2026-08-11,430525.1424330764,-0.010597909405950956,-0.587280435850277
2026-08-12,432740.7639243004,0.005146323112983797,-0.5851564476181128
2026-08-13,430958.2122076524,-0.004119213777049713,-0.5868652768944045
2026-08-14,427154.0017274284,-0.008827330289719493,-0.5905121535494093
2026-08-17,422996.8755740363,-0.009732148444309252,-0.594497350057207
2026-08-18,420714.9277638084,-0.0053947155215535725,-0.5966849214968846
2026-08-19,413804.9793661604,-0.016424300498144584,-0.6033090895416525
2026-08-20,415847.41449861636,0.004935743246938351,-0.6013511250592359
2026-08-21,415640.96157357644,-0.0004964631685611121,-0.6015490395428323
2026-08-24,413397.0666745284,-0.005398637541768836,-0.6037001318565103
2026-08-25,414488.7605265604,0.0026407876108407446,-0.6026535880745392
2026-08-26,416216.68337618443,0.004168805077920279,-0.6009971283348108
2026-08-27,432219.0980987124,0.038447316894466343,-0.5856565384860972
