,equity,returns,drawdown
2016-01-04,1000000.0,0.0,0.0
2016-01-05,1000000.0,0.0,0.0
2016-01-06,1000000.0,0.0,0.0
2016-01-07,1000000.0,0.0,0.0
2016-01-08,1000000.0,0.0,0.0
2016-01-11,1000000.0,0.0,0.0
2016-01-12,1000000.0,0.0,0.0
2016-01-13,1000000.0,0.0,0.0
2016-01-14,1000000.0,0.0,0.0
2016-01-15,1000000.0,0.0,0.0
2016-01-18,1000000.0,0.0,0.0
2016-01-19,1000000.0,0.0,0.0
2016-01-20,1000000.0,0.0,0.0
2016-01-21,1000000.0,0.0,0.0
2016-01-22,1000000.0,0.0,0.0
2016-01-25,1000000.0,0.0,0.0
2016-01-26,1000000.0,0.0,0.0
2016-01-27,1000000.0,0.0,0.0
2016-01-28,1000000.0,0.0,0.0
2016-01-29,1000000.0,0.0,0.0
2016-02-01,1000000.0,0.0,0.0
2016-02-02,1000000.0,0.0,0.0
2016-02-03,1000000.0,0.0,0.0
2016-02-04,1000000.0,0.0,0.0
2016-02-05,1000000.0,0.0,0.0
2016-02-15,1000000.0,0.0,0.0
2016-02-16,1000000.0,0.0,0.0
2016-02-17,1000000.0,0.0,0.0
2016-02-18,1000000.0,0.0,0.0
2016-02-19,1000000.0,0.0,0.0
2016-02-22,1000000.0,0.0,0.0
2016-02-23,1000000.0,0.0,0.0
2016-02-24,1000000.0,0.0,0.0
2016-02-25,1000000.0,0.0,0.0
2016-02-26,1000000.0,0.0,0.0
2016-02-29,1000000.0,0.0,0.0
2016-03-01,1000000.0,0.0,0.0
2016-03-02,1000000.0,0.0,0.0
2016-03-03,1000000.0,0.0,0.0
2016-03-04,1000000.0,0.0,0.0
2016-03-07,1000000.0,0.0,0.0
2016-03-08,1000000.0,0.0,0.0
2016-03-09,1000000.0,0.0,0.0
2016-03-10,1000000.0,0.0,0.0
2016-03-11,1000000.0,0.0,0.0
2016-03-14,1000000.0,0.0,0.0
2016-03-15,1000000.0,0.0,0.0
2016-03-16,1000000.0,0.0,0.0
2016-03-17,1000000.0,0.0,0.0
2016-03-18,1000000.0,0.0,0.0
2016-03-21,1000000.0,0.0,0.0
2016-03-22,1000000.0,0.0,0.0
2016-03-23,1000000.0,0.0,0.0
2016-03-24,1000000.0,0.0,0.0
2016-03-25,1000000.0,0.0,0.0
2016-03-28,1000000.0,0.0,0.0
2016-03-29,1000000.0,0.0,0.0
2016-03-30,1000000.0,0.0,0.0
2016-03-31,1000000.0,0.0,0.0
2016-04-01,1000000.0,0.0,0.0
2016-04-05,1000000.0,0.0,0.0
2016-04-06,1000000.0,0.0,0.0
2016-04-07,1000000.0,0.0,0.0
2016-04-08,1000000.0,0.0,0.0
2016-04-11,1000000.0,0.0,0.0
2016-04-12,1000000.0,0.0,0.0
2016-04-13,1000000.0,0.0,0.0
2016-04-14,1000000.0,0.0,0.0
2016-04-15,1000000.0,0.0,0.0
2016-04-18,1000000.0,0.0,0.0
2016-04-19,1000000.0,0.0,0.0
2016-04-20,1000000.0,0.0,0.0
2016-04-21,1000000.0,0.0,0.0
2016-04-22,1000000.0,0.0,0.0
2016-04-25,1000000.0,0.0,0.0
2016-04-26,1000000.0,0.0,0.0
2016-04-27,1000000.0,0.0,0.0
2016-04-28,1000000.0,0.0,0.0
2016-04-29,1000000.0,0.0,0.0
2016-05-03,1000000.0,0.0,0.0
2016-05-04,1000000.0,0.0,0.0
2016-05-05,1000000.0,0.0,0.0
2016-05-06,1000000.0,0.0,0.0
2016-05-09,1000000.0,0.0,0.0
2016-05-10,1000000.0,0.0,0.0
2016-05-11,1000000.0,0.0,0.0
2016-05-12,1000000.0,0.0,0.0
2016-05-13,1000000.0,0.0,0.0
2016-05-16,1000000.0,0.0,0.0
2016-05-17,1000000.0,0.0,0.0
2016-05-18,1000000.0,0.0,0.0
2016-05-19,1000000.0,0.0,0.0
2016-05-20,1000000.0,0.0,0.0
2016-05-23,1000000.0,0.0,0.0
2016-05-24,1000000.0,0.0,0.0
2016-05-25,1000000.0,0.0,0.0
2016-05-26,1000000.0,0.0,0.0
2016-05-27,1000000.0,0.0,0.0
2016-05-30,1000000.0,0.0,0.0
2016-05-31,1000000.0,0.0,0.0
2016-06-01,1000000.0,0.0,0.0
2016-06-02,1000000.0,0.0,0.0
2016-06-03,1000000.0,0.0,0.0
2016-06-06,1000000.0,0.0,0.0
2016-06-07,1000000.0,0.0,0.0
2016-06-08,1000000.0,0.0,0.0
2016-06-13,1000000.0,0.0,0.0
2016-06-14,1000000.0,0.0,0.0
2016-06-15,1000000.0,0.0,0.0
2016-06-16,1000000.0,0.0,0.0
2016-06-17,1000000.0,0.0,0.0
2016-06-20,1000000.0,0.0,0.0
2016-06-21,1000000.0,0.0,0.0
2016-06-22,1000000.0,0.0,0.0
2016-06-23,1000000.0,0.0,0.0
2016-06-24,1000000.0,0.0,0.0
2016-06-27,1000000.0,0.0,0.0
2016-06-28,1000000.0,0.0,0.0
2016-06-29,1000000.0,0.0,0.0
2016-06-30,1000000.0,0.0,0.0
2016-07-01,1000000.0,0.0,0.0
2016-07-04,1000000.0,0.0,0.0
2016-07-05,1000000.0,0.0,0.0
2016-07-06,1000000.0,0.0,0.0
2016-07-07,1000000.0,0.0,0.0
2016-07-08,1000000.0,0.0,0.0
2016-07-11,1000000.0,0.0,0.0
2016-07-12,1000000.0,0.0,0.0
2016-07-13,1000000.0,0.0,0.0
2016-07-14,1000000.0,0.0,0.0
2016-07-15,1000000.0,0.0,0.0
2016-07-18,1000000.0,0.0,0.0
2016-07-19,1000000.0,0.0,0.0
2016-07-20,1000000.0,0.0,0.0
2016-07-21,1000000.0,0.0,0.0
2016-07-22,1000000.0,0.0,0.0
2016-07-25,1000000.0,0.0,0.0
2016-07-26,1000000.0,0.0,0.0
2016-07-27,1000000.0,0.0,0.0
2016-07-28,1000000.0,0.0,0.0
2016-07-29,1000000.0,0.0,0.0
2016-08-01,1000000.0,0.0,0.0
2016-08-02,1000000.0,0.0,0.0
2016-08-03,1000000.0,0.0,0.0
2016-08-04,1000000.0,0.0,0.0
2016-08-05,1000000.0,0.0,0.0
2016-08-08,1000000.0,0.0,0.0
2016-08-09,1000000.0,0.0,0.0
2016-08-10,1000000.0,0.0,0.0
2016-08-11,1000000.0,0.0,0.0
2016-08-12,1000000.0,0.0,0.0
2016-08-15,1000000.0,0.0,0.0
2016-08-16,1000000.0,0.0,0.0
2016-08-17,1000000.0,0.0,0.0
2016-08-18,1000000.0,0.0,0.0
2016-08-19,1000000.0,0.0,0.0
2016-08-22,1000000.0,0.0,0.0
2016-08-23,1000000.0,0.0,0.0
2016-08-24,1000000.0,0.0,0.0
2016-08-25,1000000.0,0.0,0.0
2016-08-26,1000000.0,0.0,0.0
2016-08-29,1000000.0,0.0,0.0
2016-08-30,1000000.0,0.0,0.0
2016-08-31,1000000.0,0.0,0.0
2016-09-01,1000000.0,0.0,0.0
2016-09-02,1000000.0,0.0,0.0
2016-09-05,1000000.0,0.0,0.0
2016-09-06,1000000.0,0.0,0.0
2016-09-07,1000000.0,0.0,0.0
2016-09-08,1000000.0,0.0,0.0
2016-09-09,1000000.0,0.0,0.0
2016-09-12,1000000.0,0.0,0.0
2016-09-13,1000000.0,0.0,0.0
2016-09-14,1000000.0,0.0,0.0
2016-09-19,1000000.0,0.0,0.0
2016-09-20,1000000.0,0.0,0.0
2016-09-21,1000000.0,0.0,0.0
2016-09-22,1000000.0,0.0,0.0
2016-09-23,1000000.0,0.0,0.0
2016-09-26,1000000.0,0.0,0.0
2016-09-27,1000000.0,0.0,0.0
2016-09-28,1000000.0,0.0,0.0
2016-09-29,1000000.0,0.0,0.0
2016-09-30,1000000.0,0.0,0.0
2016-10-10,1000000.0,0.0,0.0
2016-10-11,1000000.0,0.0,0.0
2016-10-12,1000000.0,0.0,0.0
2016-10-13,1000000.0,0.0,0.0
2016-10-14,1000000.0,0.0,0.0
2016-10-17,1000000.0,0.0,0.0
2016-10-18,1000000.0,0.0,0.0
2016-10-19,1000000.0,0.0,0.0
2016-10-20,1000000.0,0.0,0.0
2016-10-21,1000000.0,0.0,0.0
2016-10-24,1000000.0,0.0,0.0
2016-10-25,1000000.0,0.0,0.0
2016-10-26,1000000.0,0.0,0.0
2016-10-27,1000000.0,0.0,0.0
2016-10-28,1000000.0,0.0,0.0
2016-10-31,1000000.0,0.0,0.0
2016-11-01,1000000.0,0.0,0.0
2016-11-02,1000000.0,0.0,0.0
2016-11-03,1000000.0,0.0,0.0
2016-11-04,1000000.0,0.0,0.0
2016-11-07,1000000.0,0.0,0.0
2016-11-08,1000000.0,0.0,0.0
2016-11-09,1000000.0,0.0,0.0
2016-11-10,1000000.0,0.0,0.0
2016-11-11,1000000.0,0.0,0.0
2016-11-14,1000000.0,0.0,0.0
2016-11-15,1000000.0,0.0,0.0
2016-11-16,1000000.0,0.0,0.0
2016-11-17,1000000.0,0.0,0.0
2016-11-18,1000000.0,0.0,0.0
2016-11-21,1000000.0,0.0,0.0
2016-11-22,1000000.0,0.0,0.0
2016-11-23,1000000.0,0.0,0.0
2016-11-24,1000000.0,0.0,0.0
2016-11-25,1000000.0,0.0,0.0
2016-11-28,1000000.0,0.0,0.0
2016-11-29,1000000.0,0.0,0.0
2016-11-30,1000000.0,0.0,0.0
2016-12-01,1000000.0,0.0,0.0
2016-12-02,1000000.0,0.0,0.0
2016-12-05,1000000.0,0.0,0.0
2016-12-06,1000000.0,0.0,0.0
2016-12-07,1000000.0,0.0,0.0
2016-12-08,1000000.0,0.0,0.0
2016-12-09,1000000.0,0.0,0.0
2016-12-12,1000000.0,0.0,0.0
2016-12-13,1000000.0,0.0,0.0
2016-12-14,1000000.0,0.0,0.0
2016-12-15,1000000.0,0.0,0.0
2016-12-16,1000000.0,0.0,0.0
2016-12-19,1000000.0,0.0,0.0
2016-12-20,1000000.0,0.0,0.0
2016-12-21,1000000.0,0.0,0.0
2016-12-22,1000000.0,0.0,0.0
2016-12-23,1000000.0,0.0,0.0
2016-12-26,1000000.0,0.0,0.0
2016-12-27,1000000.0,0.0,0.0
2016-12-28,1000000.0,0.0,0.0
2016-12-29,1000000.0,0.0,0.0
2016-12-30,1000000.0,0.0,0.0
2017-01-03,1000000.0,0.0,0.0
2017-01-04,1000000.0,0.0,0.0
2017-01-05,1000000.0,0.0,0.0
2017-01-06,1000000.0,0.0,0.0
2017-01-09,1000000.0,0.0,0.0
2017-01-10,1000000.0,0.0,0.0
2017-01-11,992053.23454,-0.00794676546000006,-0.00794676546000006
2017-01-12,987539.73454,-0.004549655041539036,-0.012460265460000008
2017-01-13,989132.73454,0.00161309964985068,-0.010867265460000053
2017-01-16,988070.7345400001,-0.0010736678333608252,-0.01192926545999995
2017-01-17,989398.23454,0.0013435272937396547,-0.010601765460000023
2017-01-18,984235.5127,-0.00521804230063172,-0.01576448730000002
2017-01-19,984235.5127,0.0,-0.01576448730000002
2017-01-20,984235.5127,0.0,-0.01576448730000002
2017-01-23,984235.5127,0.0,-0.01576448730000002
2017-01-24,984235.5127,0.0,-0.01576448730000002
2017-01-25,984235.5127,0.0,-0.01576448730000002
2017-01-26,984235.5127,0.0,-0.01576448730000002
2017-02-03,984235.5127,0.0,-0.01576448730000002
2017-02-06,980865.6847,-0.0034238024908852527,-0.019134315299999982
2017-02-07,979302.6847000001,-0.0015934903467215156,-0.020697315299999852
2017-02-08,985294.1847000001,0.00611812884168228,-0.014705815299999925
2017-02-09,980468.51077,-0.004897698580723198,-0.01953148922999992
2017-02-10,980468.51077,0.0,-0.01953148922999992
2017-02-13,980468.51077,0.0,-0.01953148922999992
2017-02-14,980468.51077,0.0,-0.01953148922999992
2017-02-15,980468.51077,0.0,-0.01953148922999992
2017-02-16,980468.51077,0.0,-0.01953148922999992
2017-02-17,980468.51077,0.0,-0.01953148922999992
2017-02-20,991992.5565700001,0.011753611333167546,-0.008007443429999817
2017-02-21,988246.5292820001,-0.0037762655205323403,-0.011753470717999814
2017-02-22,988246.5292820001,0.0,-0.011753470717999814
2017-02-23,988246.5292820001,0.0,-0.011753470717999814
2017-02-24,988246.5292820001,0.0,-0.011753470717999814
2017-02-27,978334.5964820002,-0.010029817971838773,-0.021665403517999837
2017-02-28,979606.5964820002,0.0013001686790736766,-0.020393403517999786
2017-03-01,980624.1964820003,0.0010387843483847803,-0.019375803517999723
2017-03-02,977571.3964820002,-0.0031131191856696994,-0.0224286035179998
2017-03-03,974264.1964820003,-0.0033830777085966934,-0.025735803517999756
2017-03-06,978588.9964820003,0.004439042320980802,-0.021411003517999627
2017-03-07,974365.8903380003,-0.004315505446292556,-0.02563410966199975
2017-03-08,974365.8903380003,0.0,-0.02563410966199975
2017-03-09,974365.8903380003,0.0,-0.02563410966199975
2017-03-10,973107.9867220003,-0.0012909971792666175,-0.026892013277999727
2017-03-13,982513.3867220003,0.00966531991139341,-0.01748661327799972
2017-03-14,978033.9556660004,-0.0045591552405660485,-0.021966044333999624
2017-03-15,978033.9556660004,0.0,-0.021966044333999624
2017-03-16,978033.9556660004,0.0,-0.021966044333999624
2017-03-17,978033.9556660004,0.0,-0.021966044333999624
2017-03-20,975508.4432020005,-0.0025822339289642837,-0.024491556797999525
2017-03-21,981597.2432020005,0.0062416681705124155,-0.01840275679799952
2017-03-22,974337.5212960006,-0.007395825483696883,-0.025662478703999403
2017-03-23,973339.4851920006,-0.0010243227651465237,-0.026660514807999358
2017-03-24,969903.4619520007,-0.0035301385511161687,-0.030096538047999277
2017-03-27,969903.4619520007,0.0,-0.030096538047999277
2017-03-28,969903.4619520007,0.0,-0.030096538047999277
2017-03-29,969903.4619520007,0.0,-0.030096538047999277
2017-03-30,960660.1110900008,-0.009530176171757332,-0.03933988890999918
2017-03-31,966912.6110900007,0.006508545455172099,-0.033087388909999293
2017-04-05,981168.3110900008,0.014743524736873237,-0.0188316889099992
2017-04-06,976994.5272440008,-0.004253891813284505,-0.02300547275599918
2017-04-07,976994.5272440008,0.0,-0.02300547275599918
2017-04-10,976994.5272440008,0.0,-0.02300547275599918
2017-04-11,976994.5272440008,0.0,-0.02300547275599918
2017-04-12,976994.5272440008,0.0,-0.02300547275599918
2017-04-13,978497.9209220008,0.0015387943699549655,-0.02150207907799917
2017-04-14,974834.5172540008,-0.0037439054183662224,-0.02516548274599928
2017-04-17,970846.5601740009,-0.004090906722541421,-0.02915343982599905
2017-04-18,968848.1601740009,-0.0020584097240267107,-0.031151839825999117
2017-04-19,962103.5601740009,-0.006961462360406068,-0.037896439825999106
2017-04-20,966849.7601740009,0.0049331487757322545,-0.033150239825999184
2017-04-21,967599.1601740009,0.0007750945709137369,-0.03240083982599906
2017-04-24,961700.0382500009,-0.0060966587888926504,-0.038299961749999056
2017-04-25,959957.8369780009,-0.0018115849045511334,-0.04004216302199903
2017-04-26,961962.636978001,0.0020884250565746942,-0.038037363021999004
2017-04-27,962463.8369780009,0.0005210181567700811,-0.037536163021999025
2017-04-28,958052.580310001,-0.004583296014373461,-0.04194741968999893
2017-05-02,955324.6662820012,-0.002847353145395415,-0.04467533371799881
2017-05-03,951089.9662820012,-0.00443273386468801,-0.048910033717998735
2017-05-04,947851.6662820012,-0.003404830368108236,-0.05214833371799876
2017-05-05,942371.4662820011,-0.005781706352320337,-0.05762853371799892
2017-05-08,935147.5662820012,-0.0076656607913870856,-0.06485243371799876
2017-05-09,935894.8662820013,0.0007991252150407746,-0.06410513371799875
2017-05-10,932905.6662820011,-0.003193948495385235,-0.06709433371799889
2017-05-11,937140.3662820011,0.004539258526402801,-0.06285963371799885
2017-05-12,933032.8617240012,-0.004383019562262502,-0.06696713827599876
2017-05-15,933032.8617240012,0.0,-0.06696713827599876
2017-05-16,933032.8617240012,0.0,-0.06696713827599876
2017-05-17,933032.8617240012,0.0,-0.06696713827599876
2017-05-18,933032.8617240012,0.0,-0.06696713827599876
2017-05-19,932067.2161260013,-0.001034953470144262,-0.0679327838739987
2017-05-22,932801.9161260014,0.0007882478723517661,-0.06719808387399862
2017-05-23,936475.4161260014,0.003938135135116649,-0.06352458387399862
2017-05-24,931682.7182280014,-0.005117804285590721,-0.06831728177199858
2017-05-25,931682.7182280014,0.0,-0.06831728177199858
2017-05-26,931682.7182280014,0.0,-0.06831728177199858
2017-05-31,931682.7182280014,0.0,-0.06831728177199858
2017-06-01,931682.7182280014,0.0,-0.06831728177199858
2017-06-02,931682.7182280014,0.0,-0.06831728177199858
2017-06-05,925967.1611280014,-0.006134660424817806,-0.07403283887199863
2017-06-06,932406.6611280014,0.006954350294837042,-0.06759333887199859
2017-06-07,929861.3700480014,-0.0027298079111970353,-0.0701386299519986
2017-06-08,929861.3700480014,0.0,-0.0701386299519986
2017-06-09,929861.3700480014,0.0,-0.0701386299519986
2017-06-12,929861.3700480014,0.0,-0.0701386299519986
2017-06-13,929861.3700480014,0.0,-0.0701386299519986
2017-06-14,929861.3700480014,0.0,-0.0701386299519986
2017-06-15,924715.0748360014,-0.005534475759256807,-0.07528492516399865
2017-06-16,923310.4748360015,-0.0015189543657531113,-0.07668952516399852
2017-06-19,932674.4748360015,0.010141767320102302,-0.06732552516399848
2017-06-20,929918.4436280016,-0.0029549765565145547,-0.07008155637199842
2017-06-21,929918.4436280016,0.0,-0.07008155637199842
2017-06-22,929918.4436280016,0.0,-0.07008155637199842
2017-06-23,929918.4436280016,0.0,-0.07008155637199842
2017-06-26,929918.4436280016,0.0,-0.07008155637199842
2017-06-27,929918.4436280016,0.0,-0.07008155637199842
2017-06-28,929918.4436280016,0.0,-0.07008155637199842
2017-06-29,929918.4436280016,0.0,-0.07008155637199842
2017-06-30,929918.4436280016,0.0,-0.07008155637199842
2017-07-03,923583.4788660017,-0.006812387479147697,-0.07641652113399833
2017-07-04,916800.4788660017,-0.007344219721565737,-0.08319952113399831
2017-07-05,927427.1788660017,0.011591071607144343,-0.07257282113399832
2017-07-06,924055.9781240018,-0.003635003177416052,-0.07594402187599825
2017-07-07,924055.9781240018,0.0,-0.07594402187599825
2017-07-10,924055.9781240018,0.0,-0.07594402187599825
2017-07-11,924055.9781240018,0.0,-0.07594402187599825
2017-07-12,924055.9781240018,0.0,-0.07594402187599825
2017-07-13,924055.9781240018,0.0,-0.07594402187599825
2017-07-14,924055.9781240018,0.0,-0.07594402187599825
2017-07-17,924055.9781240018,0.0,-0.07594402187599825
2017-07-18,923380.6058240018,-0.000730878124257206,-0.07661939417599817
2017-07-19,940590.105824002,0.01863749345768717,-0.05940989417599807
2017-07-20,936560.4187040019,-0.004284211682696548,-0.06343958129599803
2017-07-21,936560.4187040019,0.0,-0.06343958129599803
2017-07-24,936560.4187040019,0.0,-0.06343958129599803
2017-07-25,936560.4187040019,0.0,-0.06343958129599803
2017-07-26,929424.879096002,-0.007618878040857258,-0.07057512090399798
2017-07-27,931874.5790960019,0.0026357159734982094,-0.06812542090399809
2017-07-28,934992.379096002,0.003345729210710413,-0.06500762090399803
2017-07-31,931646.338320002,-0.003578682405128375,-0.06835366167999801
2017-08-01,931646.338320002,0.0,-0.06835366167999801
2017-08-02,931646.338320002,0.0,-0.06835366167999801
2017-08-03,931646.338320002,0.0,-0.06835366167999801
2017-08-04,924122.6938800021,-0.008075644298207507,-0.07587730611999788
2017-08-07,929205.6938800021,0.005500351883642951,-0.07079430611999782
2017-08-08,929426.6938800021,0.0002378375438889524,-0.0705733061199979
2017-08-09,928763.6938800021,-0.0007133429719262674,-0.07123630611999787
2017-08-10,923897.0307800021,-0.005239936845150561,-0.07610296921999793
2017-08-11,910927.0852200021,-0.014038302027066907,-0.0890729147799979
2017-08-14,921033.285220002,0.011094411576925589,-0.07896671477999795
2017-08-15,923230.285220002,0.002385364389382749,-0.07676971477999794
2017-08-16,919057.1628120021,-0.004520131623504398,-0.08094283718799788
2017-08-17,919057.1628120021,0.0,-0.08094283718799788
2017-08-18,919057.1628120021,0.0,-0.08094283718799788
2017-08-21,919057.1628120021,0.0,-0.08094283718799788
2017-08-22,919057.1628120021,0.0,-0.08094283718799788
2017-08-23,919057.1628120021,0.0,-0.08094283718799788
2017-08-24,919057.1628120021,0.0,-0.08094283718799788
2017-08-25,931221.5102360023,0.013235680995925536,-0.0687784897639977
2017-08-28,928583.7438600024,-0.002832587463890701,-0.07141625613999758
2017-08-29,928583.7438600024,0.0,-0.07141625613999758
2017-08-30,928583.7438600024,0.0,-0.07141625613999758
2017-08-31,928583.7438600024,0.0,-0.07141625613999758
2017-09-01,927279.8734920024,-0.0014041494659167153,-0.07272012650799764
2017-09-04,930287.0734920024,0.0032430338304176853,-0.06971292650799754
2017-09-05,927025.3569720024,-0.003506139785170337,-0.07297464302799761
2017-09-06,927025.3569720024,0.0,-0.07297464302799761
2017-09-07,927025.3569720024,0.0,-0.07297464302799761
2017-09-08,923368.5945480026,-0.003944619633646451,-0.07663140545199743
2017-09-11,924653.7945480027,0.001391860203594275,-0.07534620545199733
2017-09-12,926795.7945480025,0.0023165427023927876,-0.07320420545199746
2017-09-13,923971.8588600026,-0.0030469880254228032,-0.07602814113999745
2017-09-14,923971.8588600026,0.0,-0.07602814113999745
2017-09-15,923316.4647800027,-0.0007093225553519433,-0.07668353521999727
2017-09-18,919438.4959600026,-0.00420004296243548,-0.0805615040399974
2017-09-19,919438.4959600026,0.0,-0.0805615040399974
2017-09-20,921336.9799440027,0.0020648297763710133,-0.07866302005599735
2017-09-21,918108.4023280027,-0.0035042310102392227,-0.08189159767199727
2017-09-22,918108.4023280027,0.0,-0.08189159767199727
2017-09-25,913431.4599540028,-0.005094106929139142,-0.08656854004599723
2017-09-26,913855.2599540027,0.0004639647511388567,-0.08614474004599726
2017-09-27,914490.9599540028,0.0006956243815152696,-0.08550904004599724
2017-09-28,915762.3599540028,0.0013902816492181724,-0.08423764004599721
2017-09-29,912548.4175600028,-0.0035095812347664124,-0.08745158243999729
2017-10-09,912548.4175600028,0.0,-0.08745158243999729
2017-10-10,912548.4175600028,0.0,-0.08745158243999729
2017-10-11,912548.4175600028,0.0,-0.08745158243999729
2017-10-12,912548.4175600028,0.0,-0.08745158243999729
2017-10-13,912548.4175600028,0.0,-0.08745158243999729
2017-10-16,912548.4175600028,0.0,-0.08745158243999729
2017-10-17,912548.4175600028,0.0,-0.08745158243999729
2017-10-18,915423.0399340029,0.0031501039492090044,-0.08457696006599713
2017-10-19,912672.9791140029,-0.00300414201962651,-0.08732702088599709
2017-10-20,912672.9791140029,0.0,-0.08732702088599709
2017-10-23,912672.9791140029,0.0,-0.08732702088599709
2017-10-24,912672.9791140029,0.0,-0.08732702088599709
2017-10-25,912672.9791140029,0.0,-0.08732702088599709
2017-10-26,912672.9791140029,0.0,-0.08732702088599709
2017-10-27,912672.9791140029,0.0,-0.08732702088599709
2017-10-30,912672.9791140029,0.0,-0.08732702088599709
2017-10-31,912672.9791140029,0.0,-0.08732702088599709
2017-11-01,912672.9791140029,0.0,-0.08732702088599709
2017-11-02,911838.080714003,-0.0009147837386512814,-0.08816191928599704
2017-11-03,909605.080714003,-0.0024488996974676436,-0.09039491928599708
2017-11-06,916913.0807140031,0.008034255914955546,-0.08308691928599699
2017-11-07,913582.5287340031,-0.003632353000577182,-0.08641747126599697
2017-11-08,913582.5287340031,0.0,-0.08641747126599697
2017-11-09,913582.5287340031,0.0,-0.08641747126599697
2017-11-10,913582.5287340031,0.0,-0.08641747126599697
2017-11-13,913582.5287340031,0.0,-0.08641747126599697
2017-11-14,913582.5287340031,0.0,-0.08641747126599697
2017-11-15,913582.5287340031,0.0,-0.08641747126599697
2017-11-16,919344.4178620031,0.006306916941575702,-0.08065558213799695
2017-11-17,914852.1803420032,-0.004886348829361342,-0.08514781965799678
2017-11-20,914852.1803420032,0.0,-0.08514781965799678
2017-11-21,914852.1803420032,0.0,-0.08514781965799678
2017-11-22,914852.1803420032,0.0,-0.08514781965799678
2017-11-23,914852.1803420032,0.0,-0.08514781965799678
2017-11-24,915421.4520940033,0.0006222554465435959,-0.08457854790599673
2017-11-27,902101.8520940035,-0.01455023800188604,-0.09789814790599649
2017-11-28,905879.0520940035,0.004187110348163214,-0.09412094790599645
2017-11-29,905083.8520940033,-0.0008778213804172541,-0.09491614790599667
2017-11-30,895740.2520940035,-0.010323463376771702,-0.10425974790599646
2017-12-01,896336.6520940035,0.0006658180187903984,-0.10366334790599652
2017-12-04,899716.2520940036,0.003770458334047433,-0.10028374790599637
2017-12-05,904686.2520940033,0.005523963792398279,-0.09531374790599678
2017-12-06,899831.4527180034,-0.0053662795966699095,-0.10016854728199653
2017-12-07,889449.8060780036,-0.011537323582812453,-0.11055019392199639
2017-12-08,897218.6060780035,0.008734388322884978,-0.10278139392199648
2017-12-11,910565.0060780036,0.014875304535135525,-0.0894349939219965
2017-12-12,906687.9047660035,-0.004257907218178314,-0.09331209523399653
2017-12-13,910282.4480660035,0.003964476950784723,-0.08971755193399644
2017-12-14,907383.1637660036,-0.0031850381232328973,-0.09261683623399641
2017-12-15,896537.9165660035,-0.01195222441089605,-0.10346208343399654
2017-12-18,896738.3165660036,0.0002235265193999414,-0.10326168343399644
2017-12-19,907359.5165660038,0.01184425802242206,-0.09264048343399622
2017-12-20,903671.5794140036,-0.00406447178286895,-0.09632842058599633
2017-12-21,903671.5794140036,0.0,-0.09632842058599633
2017-12-22,903671.5794140036,0.0,-0.09632842058599633
2017-12-25,903671.5794140036,0.0,-0.09632842058599633
2017-12-26,903248.3688660037,-0.0004683234015995241,-0.09675163113399632
2017-12-27,900371.6609580038,-0.0031848470555352337,-0.0996283390419962
2017-12-28,904577.1440640038,0.004670830156432659,-0.0954228559359962
2017-12-29,907194.044064004,0.0028929539256796755,-0.09280595593599605
2018-01-02,906103.907940004,-0.0012016570557676909,-0.09389609205999594
2018-01-03,906103.907940004,0.0,-0.09389609205999594
2018-01-04,906103.907940004,0.0,-0.09389609205999594
2018-01-05,906103.907940004,0.0,-0.09389609205999594
2018-01-08,906103.907940004,0.0,-0.09389609205999594
2018-01-09,906103.907940004,0.0,-0.09389609205999594
2018-01-10,906103.907940004,0.0,-0.09389609205999594
2018-01-11,906103.907940004,0.0,-0.09389609205999594
2018-01-12,906103.907940004,0.0,-0.09389609205999594
2018-01-15,906103.907940004,0.0,-0.09389609205999594
2018-01-16,906103.907940004,0.0,-0.09389609205999594
2018-01-17,906103.907940004,0.0,-0.09389609205999594
2018-01-18,906103.907940004,0.0,-0.09389609205999594
2018-01-19,906103.907940004,0.0,-0.09389609205999594
2018-01-22,906103.907940004,0.0,-0.09389609205999594
2018-01-23,906103.907940004,0.0,-0.09389609205999594
2018-01-24,906103.907940004,0.0,-0.09389609205999594
2018-01-25,906103.907940004,0.0,-0.09389609205999594
2018-01-26,906103.907940004,0.0,-0.09389609205999594
2018-01-29,906103.907940004,0.0,-0.09389609205999594
2018-01-30,897594.9698800042,-0.009390686857696728,-0.1024050301199958
2018-01-31,900042.8698800041,0.0027271766020782184,-0.09995713011999596
2018-02-01,894393.8698800042,-0.006276367703188401,-0.10560613011999576
2018-02-02,899289.669880004,0.0054738747266420695,-0.10071033011999597
2018-02-05,898536.4698800042,-0.000837549929935677,-0.10146353011999587
2018-02-06,883732.8737160043,-0.0164752312902523,-0.11626712628399571
2018-02-07,852111.8112320045,-0.03578124501698854,-0.14788818876799548
2018-02-08,845831.9112320044,-0.007369807479749024,-0.1541680887679956
2018-02-09,810626.4112320045,-0.041622335989571435,-0.18937358876799548
2018-02-12,821092.9112320045,0.012911619773272376,-0.17890708876799544
2018-02-13,830037.0112320046,0.01089292073728898,-0.16996298876799543
2018-02-14,836697.5112320045,0.008024340975005373,-0.16330248876799547
2018-02-22,843665.3000600046,0.008327727445657462,-0.15633469993999538
2018-02-23,843665.3000600046,0.0,-0.15633469993999538
2018-02-26,843665.3000600046,0.0,-0.15633469993999538
2018-02-27,843665.3000600046,0.0,-0.15633469993999538
2018-02-28,843665.3000600046,0.0,-0.15633469993999538
2018-03-01,850746.5149280046,0.008393393526433313,-0.14925348507199543
2018-03-02,845700.2149280047,-0.005931614072409053,-0.15429978507199538
2018-03-05,844018.1149280047,-0.001989002687132091,-0.15598188507199529
2018-03-06,855232.1149280046,0.013286444688401566,-0.14476788507199545
2018-03-07,851783.1968960046,-0.00403272745702532,-0.14821680310399543
2018-03-08,851783.1968960046,0.0,-0.14821680310399543
2018-03-09,851783.1968960046,0.0,-0.14821680310399543
2018-03-12,851783.1968960046,0.0,-0.14821680310399543
2018-03-13,851783.1968960046,0.0,-0.14821680310399543
2018-03-14,848781.3145680045,-0.0035242328551905455,-0.15121868543199557
2018-03-15,854364.3145680047,0.006577666006752025,-0.14563568543199534
2018-03-16,850553.2694400047,-0.004460679200917861,-0.14944673055999524
2018-03-19,852775.0781980049,0.0026121923668143143,-0.1472249218019951
2018-03-20,852400.8781980048,-0.0004388026920191246,-0.1475991218019952
2018-03-21,848471.7781980049,-0.0046094509056654465,-0.1515282218019951
2018-03-22,841736.1781980048,-0.00793850800117979,-0.15826382180199516
2018-03-23,819471.2781980049,-0.026451161987197436,-0.18052872180199508
2018-03-26,816103.4781980048,-0.004109723048995484,-0.18389652180199523
2018-03-27,822651.9781980048,0.008024105000090653,-0.17734802180199527
2018-03-28,807871.0781980049,-0.017967379149050444,-0.19212892180199515
2018-03-29,820968.0781980049,0.01621174510815937,-0.17903192180199512
2018-03-30,818303.2390920048,-0.003245971648312196,-0.18169676090799514
2018-04-02,818303.2390920048,0.0,-0.18169676090799514
2018-04-03,816042.6830280047,-0.00276249189299127,-0.18395731697199524
2018-04-04,814170.6830280047,-0.0022939976534729345,-0.18582931697199534
2018-04-09,815106.6830280047,0.0011496360892275792,-0.1848933169719953
2018-04-10,829146.6830280047,0.01722473915665046,-0.17085331697199524
2018-04-11,828156.9641160048,-0.001193659616879339,-0.1718430358839952
2018-04-12,828156.9641160048,0.0,-0.1718430358839952
2018-04-13,828156.9641160048,0.0,-0.1718430358839952
2018-04-16,815773.1231080047,-0.014953494982945514,-0.18422687689199535
2018-04-17,814986.8073140047,-0.0009638902921981218,-0.18501319268599525
2018-04-18,814986.8073140047,0.0,-0.18501319268599525
2018-04-19,814986.8073140047,0.0,-0.18501319268599525
2018-04-20,814986.8073140047,0.0,-0.18501319268599525
2018-04-23,814986.8073140047,0.0,-0.18501319268599525
2018-04-24,814986.8073140047,0.0,-0.18501319268599525
2018-04-25,814986.8073140047,0.0,-0.18501319268599525
2018-04-26,814986.8073140047,0.0,-0.18501319268599525
2018-04-27,814986.8073140047,0.0,-0.18501319268599525
2018-05-02,814986.8073140047,0.0,-0.18501319268599525
2018-05-03,814986.8073140047,0.0,-0.18501319268599525
2018-05-04,814986.8073140047,0.0,-0.18501319268599525
2018-05-07,814986.8073140047,0.0,-0.18501319268599525
2018-05-08,814986.8073140047,0.0,-0.18501319268599525
2018-05-09,814986.8073140047,0.0,-0.18501319268599525
2018-05-10,814986.8073140047,0.0,-0.18501319268599525
2018-05-11,814986.8073140047,0.0,-0.18501319268599525
2018-05-14,814986.8073140047,0.0,-0.18501319268599525
2018-05-15,814986.8073140047,0.0,-0.18501319268599525
2018-05-16,814986.8073140047,0.0,-0.18501319268599525
2018-05-17,806405.9292740048,-0.010528855145864768,-0.19359407072599522
2018-05-18,804508.3278340048,-0.002353159086650569,-0.19549167216599528
2018-05-21,804508.3278340048,0.0,-0.19549167216599528
2018-05-22,804508.3278340048,0.0,-0.19549167216599528
2018-05-23,804508.3278340048,0.0,-0.19549167216599528
2018-05-24,804508.3278340048,0.0,-0.19549167216599528
2018-05-25,804508.3278340048,0.0,-0.19549167216599528
2018-05-28,804508.3278340048,0.0,-0.19549167216599528
2018-05-29,804508.3278340048,0.0,-0.19549167216599528
2018-05-30,804508.3278340048,0.0,-0.19549167216599528
2018-05-31,804508.3278340048,0.0,-0.19549167216599528
2018-06-01,804508.3278340048,0.0,-0.19549167216599528
2018-06-04,804508.3278340048,0.0,-0.19549167216599528
2018-06-05,804508.3278340048,0.0,-0.19549167216599528
2018-06-06,804508.3278340048,0.0,-0.19549167216599528
2018-06-07,804508.3278340048,0.0,-0.19549167216599528
2018-06-08,804508.3278340048,0.0,-0.19549167216599528
2018-06-11,804508.3278340048,0.0,-0.19549167216599528
2018-06-12,804508.3278340048,0.0,-0.19549167216599528
2018-06-13,804508.3278340048,0.0,-0.19549167216599528
2018-06-14,804508.3278340048,0.0,-0.19549167216599528
2018-06-15,804508.3278340048,0.0,-0.19549167216599528
2018-06-19,804508.3278340048,0.0,-0.19549167216599528
2018-06-20,804508.3278340048,0.0,-0.19549167216599528
2018-06-21,804508.3278340048,0.0,-0.19549167216599528
2018-06-22,804508.3278340048,0.0,-0.19549167216599528
2018-06-25,804508.3278340048,0.0,-0.19549167216599528
2018-06-26,804508.3278340048,0.0,-0.19549167216599528
2018-06-27,804508.3278340048,0.0,-0.19549167216599528
2018-06-28,804508.3278340048,0.0,-0.19549167216599528
2018-06-29,804508.3278340048,0.0,-0.19549167216599528
2018-07-02,804508.3278340048,0.0,-0.19549167216599528
2018-07-03,804508.3278340048,0.0,-0.19549167216599528
2018-07-04,804508.3278340048,0.0,-0.19549167216599528
2018-07-05,804508.3278340048,0.0,-0.19549167216599528
2018-07-06,804508.3278340048,0.0,-0.19549167216599528
2018-07-09,804508.3278340048,0.0,-0.19549167216599528
2018-07-10,804508.3278340048,0.0,-0.19549167216599528
2018-07-11,804508.3278340048,0.0,-0.19549167216599528
2018-07-12,804508.3278340048,0.0,-0.19549167216599528
2018-07-13,804508.3278340048,0.0,-0.19549167216599528
2018-07-16,804508.3278340048,0.0,-0.19549167216599528
2018-07-17,804508.3278340048,0.0,-0.19549167216599528
2018-07-18,804508.3278340048,0.0,-0.19549167216599528
2018-07-19,804508.3278340048,0.0,-0.19549167216599528
2018-07-20,804508.3278340048,0.0,-0.19549167216599528
2018-07-23,804508.3278340048,0.0,-0.19549167216599528
2018-07-24,804508.3278340048,0.0,-0.19549167216599528
2018-07-25,804508.3278340048,0.0,-0.19549167216599528
2018-07-26,804508.3278340048,0.0,-0.19549167216599528
2018-07-27,804508.3278340048,0.0,-0.19549167216599528
2018-07-30,804508.3278340048,0.0,-0.19549167216599528
2018-07-31,804508.3278340048,0.0,-0.19549167216599528
2018-08-01,804508.3278340048,0.0,-0.19549167216599528
2018-08-02,804508.3278340048,0.0,-0.19549167216599528
2018-08-03,804508.3278340048,0.0,-0.19549167216599528
2018-08-06,804508.3278340048,0.0,-0.19549167216599528
2018-08-07,804508.3278340048,0.0,-0.19549167216599528
2018-08-08,804508.3278340048,0.0,-0.19549167216599528
2018-08-09,804508.3278340048,0.0,-0.19549167216599528
2018-08-10,804508.3278340048,0.0,-0.19549167216599528
2018-08-13,804508.3278340048,0.0,-0.19549167216599528
2018-08-14,804508.3278340048,0.0,-0.19549167216599528
2018-08-15,804508.3278340048,0.0,-0.19549167216599528
2018-08-16,804508.3278340048,0.0,-0.19549167216599528
2018-08-17,804508.3278340048,0.0,-0.19549167216599528
2018-08-20,804508.3278340048,0.0,-0.19549167216599528
2018-08-21,804508.3278340048,0.0,-0.19549167216599528
2018-08-22,804508.3278340048,0.0,-0.19549167216599528
2018-08-23,804508.3278340048,0.0,-0.19549167216599528
2018-08-24,804508.3278340048,0.0,-0.19549167216599528
2018-08-27,804508.3278340048,0.0,-0.19549167216599528
2018-08-28,804508.3278340048,0.0,-0.19549167216599528
2018-08-29,804508.3278340048,0.0,-0.19549167216599528
2018-08-30,804508.3278340048,0.0,-0.19549167216599528
2018-08-31,804508.3278340048,0.0,-0.19549167216599528
2018-09-03,804508.3278340048,0.0,-0.19549167216599528
2018-09-04,804508.3278340048,0.0,-0.19549167216599528
2018-09-05,804508.3278340048,0.0,-0.19549167216599528
2018-09-06,804508.3278340048,0.0,-0.19549167216599528
2018-09-07,804508.3278340048,0.0,-0.19549167216599528
2018-09-10,804508.3278340048,0.0,-0.19549167216599528
2018-09-11,804508.3278340048,0.0,-0.19549167216599528
2018-09-12,804508.3278340048,0.0,-0.19549167216599528
2018-09-13,804508.3278340048,0.0,-0.19549167216599528
2018-09-14,804508.3278340048,0.0,-0.19549167216599528
2018-09-17,804508.3278340048,0.0,-0.19549167216599528
2018-09-18,804508.3278340048,0.0,-0.19549167216599528
2018-09-19,804508.3278340048,0.0,-0.19549167216599528
2018-09-20,804508.3278340048,0.0,-0.19549167216599528
2018-09-21,804508.3278340048,0.0,-0.19549167216599528
2018-09-25,804508.3278340048,0.0,-0.19549167216599528
2018-09-26,804508.3278340048,0.0,-0.19549167216599528
2018-09-27,804508.3278340048,0.0,-0.19549167216599528
2018-09-28,804508.3278340048,0.0,-0.19549167216599528
2018-10-08,804508.3278340048,0.0,-0.19549167216599528
2018-10-09,804508.3278340048,0.0,-0.19549167216599528
2018-10-10,804508.3278340048,0.0,-0.19549167216599528
2018-10-11,804508.3278340048,0.0,-0.19549167216599528
2018-10-12,804508.3278340048,0.0,-0.19549167216599528
2018-10-15,804508.3278340048,0.0,-0.19549167216599528
2018-10-16,804508.3278340048,0.0,-0.19549167216599528
2018-10-17,804508.3278340048,0.0,-0.19549167216599528
2018-10-18,804508.3278340048,0.0,-0.19549167216599528
2018-10-19,804508.3278340048,0.0,-0.19549167216599528
2018-10-22,804508.3278340048,0.0,-0.19549167216599528
2018-10-23,804508.3278340048,0.0,-0.19549167216599528
2018-10-24,804508.3278340048,0.0,-0.19549167216599528
2018-10-25,804508.3278340048,0.0,-0.19549167216599528
2018-10-26,804508.3278340048,0.0,-0.19549167216599528
2018-10-29,804508.3278340048,0.0,-0.19549167216599528
2018-10-30,804508.3278340048,0.0,-0.19549167216599528
2018-10-31,804508.3278340048,0.0,-0.19549167216599528
2018-11-01,804508.3278340048,0.0,-0.19549167216599528
2018-11-02,804508.3278340048,0.0,-0.19549167216599528
2018-11-05,804508.3278340048,0.0,-0.19549167216599528
2018-11-06,804508.3278340048,0.0,-0.19549167216599528
2018-11-07,804508.3278340048,0.0,-0.19549167216599528
2018-11-08,804508.3278340048,0.0,-0.19549167216599528
2018-11-09,804508.3278340048,0.0,-0.19549167216599528
2018-11-12,804508.3278340048,0.0,-0.19549167216599528
2018-11-13,804508.3278340048,0.0,-0.19549167216599528
2018-11-14,804508.3278340048,0.0,-0.19549167216599528
2018-11-15,804508.3278340048,0.0,-0.19549167216599528
2018-11-16,804508.3278340048,0.0,-0.19549167216599528
2018-11-19,804508.3278340048,0.0,-0.19549167216599528
2018-11-20,804508.3278340048,0.0,-0.19549167216599528
2018-11-21,804508.3278340048,0.0,-0.19549167216599528
2018-11-22,804508.3278340048,0.0,-0.19549167216599528
2018-11-23,804508.3278340048,0.0,-0.19549167216599528
2018-11-26,804508.3278340048,0.0,-0.19549167216599528
2018-11-27,804508.3278340048,0.0,-0.19549167216599528
2018-11-28,804508.3278340048,0.0,-0.19549167216599528
2018-11-29,804508.3278340048,0.0,-0.19549167216599528
2018-11-30,804508.3278340048,0.0,-0.19549167216599528
2018-12-03,804508.3278340048,0.0,-0.19549167216599528
2018-12-04,804508.3278340048,0.0,-0.19549167216599528
2018-12-05,804508.3278340048,0.0,-0.19549167216599528
2018-12-06,804508.3278340048,0.0,-0.19549167216599528
2018-12-07,804508.3278340048,0.0,-0.19549167216599528
2018-12-10,804508.3278340048,0.0,-0.19549167216599528
2018-12-11,804508.3278340048,0.0,-0.19549167216599528
2018-12-12,804508.3278340048,0.0,-0.19549167216599528
2018-12-13,804508.3278340048,0.0,-0.19549167216599528
2018-12-14,804508.3278340048,0.0,-0.19549167216599528
2018-12-17,804508.3278340048,0.0,-0.19549167216599528
2018-12-18,804508.3278340048,0.0,-0.19549167216599528
2018-12-19,804508.3278340048,0.0,-0.19549167216599528
2018-12-20,804508.3278340048,0.0,-0.19549167216599528
2018-12-21,804508.3278340048,0.0,-0.19549167216599528
2018-12-24,804508.3278340048,0.0,-0.19549167216599528
2018-12-25,804508.3278340048,0.0,-0.19549167216599528
2018-12-26,804508.3278340048,0.0,-0.19549167216599528
2018-12-27,804508.3278340048,0.0,-0.19549167216599528
2018-12-28,804508.3278340048,0.0,-0.19549167216599528
2019-01-02,804508.3278340048,0.0,-0.19549167216599528
2019-01-03,804508.3278340048,0.0,-0.19549167216599528
2019-01-04,804508.3278340048,0.0,-0.19549167216599528
2019-01-07,804508.3278340048,0.0,-0.19549167216599528
2019-01-08,804508.3278340048,0.0,-0.19549167216599528
2019-01-09,804508.3278340048,0.0,-0.19549167216599528
2019-01-10,804508.3278340048,0.0,-0.19549167216599528
2019-01-11,804508.3278340048,0.0,-0.19549167216599528
2019-01-14,804508.3278340048,0.0,-0.19549167216599528
2019-01-15,804508.3278340048,0.0,-0.19549167216599528
2019-01-16,804508.3278340048,0.0,-0.19549167216599528
2019-01-17,804508.3278340048,0.0,-0.19549167216599528
2019-01-18,804508.3278340048,0.0,-0.19549167216599528
2019-01-21,804508.3278340048,0.0,-0.19549167216599528
2019-01-22,804508.3278340048,0.0,-0.19549167216599528
2019-01-23,804508.3278340048,0.0,-0.19549167216599528
2019-01-24,804508.3278340048,0.0,-0.19549167216599528
2019-01-25,804508.3278340048,0.0,-0.19549167216599528
2019-01-28,804508.3278340048,0.0,-0.19549167216599528
2019-01-29,804508.3278340048,0.0,-0.19549167216599528
2019-01-30,804508.3278340048,0.0,-0.19549167216599528
2019-01-31,804508.3278340048,0.0,-0.19549167216599528
2019-02-01,804508.3278340048,0.0,-0.19549167216599528
2019-02-11,804508.3278340048,0.0,-0.19549167216599528
2019-02-12,804508.3278340048,0.0,-0.19549167216599528
2019-02-13,804508.3278340048,0.0,-0.19549167216599528
2019-02-14,804508.3278340048,0.0,-0.19549167216599528
2019-02-15,804508.3278340048,0.0,-0.19549167216599528
2019-02-18,804508.3278340048,0.0,-0.19549167216599528
2019-02-19,804508.3278340048,0.0,-0.19549167216599528
2019-02-20,804508.3278340048,0.0,-0.19549167216599528
2019-02-21,804508.3278340048,0.0,-0.19549167216599528
2019-02-22,804508.3278340048,0.0,-0.19549167216599528
2019-02-25,804508.3278340048,0.0,-0.19549167216599528
2019-02-26,804508.3278340048,0.0,-0.19549167216599528
2019-02-27,804508.3278340048,0.0,-0.19549167216599528
2019-02-28,804508.3278340048,0.0,-0.19549167216599528
2019-03-01,811584.8235040049,0.0087960502398432,-0.18841517649599515
2019-03-04,814811.6712740049,0.003975983380354764,-0.1851883287259951
2019-03-05,814811.6712740049,0.0,-0.1851883287259951
2019-03-06,814811.6712740049,0.0,-0.1851883287259951
2019-03-07,814811.6712740049,0.0,-0.1851883287259951
2019-03-08,814811.6712740049,0.0,-0.1851883287259951
2019-03-11,822179.808206005,0.009042748394214373,-0.177820191793995
2019-03-12,827032.308206005,0.005901993641254988,-0.17296769179399496
2019-03-13,822762.1082060051,-0.005163280754125421,-0.17723789179399496
2019-03-14,817521.408206005,-0.006369641902234879,-0.18247859179399495
2019-03-15,827032.308206005,0.011633823780677455,-0.17296769179399496
2019-03-18,824294.182208005,-0.003310784803485567,-0.175705817791995
2019-03-19,824294.182208005,0.0,-0.175705817791995
2019-03-20,824294.182208005,0.0,-0.175705817791995
2019-03-21,824294.182208005,0.0,-0.175705817791995
2019-03-22,824294.182208005,0.0,-0.175705817791995
2019-03-25,815803.502888005,-0.010300545003552375,-0.18419649711199504
2019-03-26,808455.9028880049,-0.009006580596907288,-0.19154409711199505
2019-03-27,814484.702888005,0.007457178528184061,-0.1855152971119951
2019-03-28,812600.702888005,-0.002313118949097137,-0.1873992971119951
2019-03-29,841237.502888005,0.03524092447646687,-0.15876249711199497
2019-04-01,843063.8788640051,0.0021710586721706004,-0.15693612113599487
2019-04-02,843063.8788640051,0.0,-0.15693612113599487
2019-04-03,843063.8788640051,0.0,-0.15693612113599487
2019-04-04,843063.8788640051,0.0,-0.15693612113599487
2019-04-08,843063.8788640051,0.0,-0.15693612113599487
2019-04-09,843063.8788640051,0.0,-0.15693612113599487
2019-04-10,843063.8788640051,0.0,-0.15693612113599487
2019-04-11,843063.8788640051,0.0,-0.15693612113599487
2019-04-12,840818.6622240052,-0.002663163131867541,-0.15918133777599475
2019-04-15,836188.6622240052,-0.0055065381015133585,-0.16381133777599477
2019-04-16,858412.6622240052,0.02657773419325138,-0.14158733777599475
2019-04-17,855350.3468880052,-0.0035674163147432214,-0.14464965311199485
2019-04-18,855350.3468880052,0.0,-0.14464965311199485
2019-04-19,855350.3468880052,0.0,-0.14464965311199485
2019-04-22,855350.3468880052,0.0,-0.14464965311199485
2019-04-23,854204.2388480052,-0.0013399281875197122,-0.14579576115199477
2019-04-24,855326.2388480052,0.0013135031986180046,-0.14467376115199482
2019-04-25,839805.2388480052,-0.01814629236781562,-0.16019476115199482
2019-04-26,829707.2388480052,-0.012024216488398909,-0.17029276115199476
2019-04-29,832512.2388480053,0.0033807105309755503,-0.1674877611519947
2019-04-30,832886.2388480052,0.00044924264478973797,-0.16711376115199483
2019-05-06,791185.2388480052,-0.05006806218539295,-0.20881476115199482
2019-05-07,797543.2388480052,0.008036044769057504,-0.20245676115199485
2019-05-08,788567.2388480052,-0.011254562214037644,-0.21143276115199483
2019-05-09,778843.2388480051,-0.012331224936767082,-0.2211567611519949
2019-05-10,799974.2388480052,0.027131262038372794,-0.20002576115199477
2019-05-13,790616.2876080052,-0.011697815736511408,-0.20938371239199483
2019-05-14,789289.4586540053,-0.0016782211229345867,-0.21071054134599465
2019-05-15,804008.0586540053,0.018647911534381834,-0.19599194134599474
2019-05-16,800220.8043660052,-0.0047104680696115064,-0.1997791956339947
2019-05-17,800220.8043660052,0.0,-0.1997791956339947
2019-05-20,792753.8947680052,-0.009331061573581323,-0.20724610523199472
2019-05-21,801362.3947680054,0.010858981654728206,-0.1986376052319947
2019-05-22,799640.6947680053,-0.002148466176153052,-0.20035930523199474
2019-05-23,788545.2947680053,-0.013875481916561405,-0.21145470523199472
2019-05-24,789693.0947680053,0.001455591717578697,-0.2103069052319947
2019-05-27,797918.9947680053,0.010416578357465012,-0.20208100523199468
2019-05-28,794098.5998580053,-0.0047879483193790096,-0.20590140014199465
2019-05-29,794098.5998580053,0.0,-0.20590140014199465
2019-05-30,794098.5998580053,0.0,-0.20590140014199465
2019-05-31,794098.5998580053,0.0,-0.20590140014199465
2019-06-03,791043.8713980054,-0.003846787364372828,-0.20895612860199464
2019-06-04,784757.3713980054,-0.00794709399478677,-0.2152426286019946
2019-06-05,783233.3713980054,-0.0019420015096960341,-0.21676662860199458
2019-06-06,777327.8713980054,-0.00753989834403912,-0.2226721286019946
2019-06-10,786090.8713980053,0.011273235300620188,-0.21390912860199474
2019-06-11,784383.8732880054,-0.0021715022678792106,-0.2156161267119946
2019-06-12,784383.8732880054,0.0,-0.2156161267119946
2019-06-13,784383.8732880054,0.0,-0.2156161267119946
2019-06-14,784383.8732880054,0.0,-0.2156161267119946
2019-06-17,784003.5688240054,-0.0004848448278338413,-0.21599643117599454
2019-06-18,785494.7688240055,0.0019020321581404431,-0.21450523117599452
2019-06-19,795560.3688240055,0.012814343773504211,-0.2044396311759945
2019-06-20,792558.5347600054,-0.0037732322795783757,-0.20744146523999463
2019-06-21,792558.5347600054,0.0,-0.20744146523999463
2019-06-24,792558.5347600054,0.0,-0.20744146523999463
2019-06-25,792558.5347600054,0.0,-0.20744146523999463
2019-06-26,794724.2382480055,0.0027325470523837936,-0.20527576175199447
2019-06-27,802351.4382480056,0.009597291277807951,-0.1976485617519944
2019-06-28,799579.6738160057,-0.0034545515840941343,-0.2004203261839943
2019-07-01,799579.6738160057,0.0,-0.2004203261839943
2019-07-02,799579.6738160057,0.0,-0.2004203261839943
2019-07-03,799579.6738160057,0.0,-0.2004203261839943
2019-07-04,799579.6738160057,0.0,-0.2004203261839943
2019-07-05,801357.4228640057,0.0022233544776291136,-0.1986425771359943
2019-07-08,785193.4228640059,-0.020170774661611768,-0.21480657713599405
2019-07-09,783577.0228640058,-0.0020586010439367364,-0.21642297713599423
2019-07-10,783756.6228640057,0.00022920529157888225,-0.21624337713599429
2019-07-11,783936.2228640057,0.00022915276855162148,-0.21606377713599434
2019-07-12,789503.8228640057,0.007102108357309289,-0.21049617713599433
2019-07-15,784252.4840960059,-0.006651441849831685,-0.2157475159039941
2019-07-16,784252.4840960059,0.0,-0.2157475159039941
2019-07-17,784252.4840960059,0.0,-0.2157475159039941
2019-07-18,780134.2164320061,-0.0052512012999829105,-0.2198657835679939
2019-07-19,787270.2164320061,0.009147143978169403,-0.21272978356799388
2019-07-22,784546.8440960061,-0.0034592599582168315,-0.21545315590399383
2019-07-23,783456.4156800064,-0.0013898831206901052,-0.21654358431999365
2019-07-24,783052.2372480063,-0.0005158914062236564,-0.21694776275199368
2019-07-25,783052.2372480063,0.0,-0.21694776275199368
2019-07-26,783052.2372480063,0.0,-0.21694776275199368
2019-07-29,783052.2372480063,0.0,-0.21694776275199368
2019-07-30,783052.2372480063,0.0,-0.21694776275199368
2019-07-31,783052.2372480063,0.0,-0.21694776275199368
2019-08-01,777752.3034720065,-0.006768301683967026,-0.2222476965279936
2019-08-02,767362.4034720064,-0.013358880396262318,-0.23263759652799354
2019-08-05,755739.8034720063,-0.015146168156548345,-0.2442601965279937
2019-08-06,748871.9034720063,-0.00908765155473834,-0.2511280965279937
2019-08-07,744645.5034720064,-0.0056436888343720515,-0.2553544965279936
2019-08-08,754154.9034720064,0.012770371882541598,-0.24584509652799358
2019-08-09,753783.2338560065,-0.0004928292772331533,-0.24621676614399346
2019-08-12,760356.3364260066,0.008720149606373129,-0.23964366357399336
2019-08-13,752511.7576500067,-0.010316976922784327,-0.24748824234999334
2019-08-14,752511.7576500067,0.0,-0.24748824234999334
2019-08-15,752511.7576500067,0.0,-0.24748824234999334
2019-08-16,752511.7576500067,0.0,-0.24748824234999334
2019-08-19,752511.7576500067,0.0,-0.24748824234999334
2019-08-20,752511.7576500067,0.0,-0.24748824234999334
2019-08-21,752511.7576500067,0.0,-0.24748824234999334
2019-08-22,752511.7576500067,0.0,-0.24748824234999334
2019-08-23,752511.7576500067,0.0,-0.24748824234999334
2019-08-26,752511.7576500067,0.0,-0.24748824234999334
2019-08-27,754901.7774020067,0.0031760563575293776,-0.2450982225979933
2019-08-28,752104.9764820068,-0.0037048540667437013,-0.2478950235179932
2019-08-29,752104.9764820068,0.0,-0.2478950235179932
2019-08-30,747642.6665020068,-0.0059330946071818325,-0.25235733349799316
2019-09-02,744690.905542007,-0.003948090568199225,-0.2553090944579931
2019-09-03,744690.905542007,0.0,-0.2553090944579931
2019-09-04,744690.905542007,0.0,-0.2553090944579931
2019-09-05,744690.905542007,0.0,-0.2553090944579931
2019-09-06,744690.905542007,0.0,-0.2553090944579931
2019-09-09,744690.905542007,0.0,-0.2553090944579931
2019-09-10,744690.905542007,0.0,-0.2553090944579931
2019-09-11,744690.905542007,0.0,-0.2553090944579931
2019-09-12,747450.801550007,0.0037060960291857015,-0.252549198449993
2019-09-16,746224.2301820068,-0.0016410061578053803,-0.2537757698179932
2019-09-17,733496.4785120068,-0.01705620262008334,-0.26650352148799317
2019-09-18,736265.7785120069,0.0037754782485361904,-0.2637342214879932
2019-09-19,739360.878512007,0.004203780876866681,-0.26063912148799306
2019-09-20,740338.2785120067,0.001321952551732064,-0.25966172148799327
2019-09-23,736034.9915660068,-0.005812595499788409,-0.2639650084339932
2019-09-24,734384.8729840069,-0.002241902356420633,-0.2656151270159931
2019-09-25,729981.1729840067,-0.005996447042960984,-0.27001882701599333
2019-09-26,725577.4729840069,-0.0060326213373400606,-0.2744225270159931
2019-09-27,727045.3729840068,0.002023078244095755,-0.27295462701599327
2019-09-30,719379.6729840068,-0.010543633567926647,-0.28062032701599315
2019-10-08,723457.1729840069,0.005668077863649534,-0.2765428270159931
2019-10-09,725251.2729840068,0.002479898005019132,-0.2747487270159932
2019-10-10,722426.8376640069,-0.003894423112666745,-0.27757316233599316
2019-10-11,722426.8376640069,0.0,-0.27757316233599316
2019-10-14,722426.8376640069,0.0,-0.27757316233599316
2019-10-15,722426.8376640069,0.0,-0.27757316233599316
2019-10-16,722426.8376640069,0.0,-0.27757316233599316
2019-10-17,722426.8376640069,0.0,-0.27757316233599316
2019-10-18,711117.918144007,-0.015654068938755983,-0.28888208185599307
2019-10-21,712548.9181440071,0.0020123244872454205,-0.2874510818559929
2019-10-22,714933.918144007,0.0033471386164085626,-0.285066081855993
2019-10-23,711594.918144007,-0.004670361714923521,-0.288405081855993
2019-10-24,712389.918144007,0.0011172086530262249,-0.287610081855993
2019-10-25,716205.918144007,0.005356617075578329,-0.283794081855993
2019-10-28,714870.060564007,-0.0018651864584723343,-0.28512993943599296
2019-10-29,714870.060564007,0.0,-0.28512993943599296
2019-10-30,714870.060564007,0.0,-0.28512993943599296
2019-10-31,711358.0111800071,-0.004912850009733294,-0.2886419888199929
2019-11-01,724220.8111800072,0.018082034359412136,-0.27577918881999286
2019-11-04,721605.2290840071,-0.0036115809648419317,-0.27839477091599296
2019-11-05,721605.2290840071,0.0,-0.27839477091599296
2019-11-06,721605.2290840071,0.0,-0.27839477091599296
2019-11-07,721605.2290840071,0.0,-0.27839477091599296
2019-11-08,721605.2290840071,0.0,-0.27839477091599296
2019-11-11,712629.948984007,-0.012437936614446587,-0.287370051015993
2019-11-12,711844.4489840071,-0.0011022551060614338,-0.2881555510159929
2019-11-13,711373.1489840071,-0.0006620828478366425,-0.28862685101599295
2019-11-14,711844.4489840071,0.0006625214919528943,-0.2881555510159929
2019-11-15,708859.5489840071,-0.00419319136963181,-0.29114045101599295
2019-11-18,713258.3489840071,0.006205460596961254,-0.2867416510159928
2019-11-19,710524.7524280071,-0.0038325475753545613,-0.28947524757199294
2019-11-20,710524.7524280071,0.0,-0.28947524757199294
2019-11-21,707209.3488880071,-0.004666133767571856,-0.2927906511119929
2019-11-22,700615.348888007,-0.00932397176362032,-0.29938465111199297
2019-11-25,705011.3488880071,0.006274484290099025,-0.2949886511119929
2019-11-26,705953.348888007,0.0013361487038268116,-0.294046651111993
2019-11-27,703227.2291480072,-0.003861614573107186,-0.2967727708519927
2019-11-28,703227.2291480072,0.0,-0.2967727708519927
2019-11-29,695992.9875020073,-0.010287203546945345,-0.30400701249799267
2019-12-02,697248.1875020072,0.0018034664465587102,-0.30275181249799277
2019-12-03,699758.5875020073,0.003600439621067819,-0.30024141249799274
2019-12-04,700072.3875020072,0.00044844037015701055,-0.2999276124979928
2019-12-05,698920.7603300073,-0.001645011562460108,-0.3010792396699927
2019-12-06,698920.7603300073,0.0,-0.3010792396699927
2019-12-09,698920.7603300073,0.0,-0.3010792396699927
2019-12-10,698920.7603300073,0.0,-0.3010792396699927
2019-12-11,698920.7603300073,0.0,-0.3010792396699927
2019-12-12,698920.7603300073,0.0,-0.3010792396699927
2019-12-13,704023.1186340073,0.007300338741677681,-0.29597688136599276
2019-12-16,701466.0496420073,-0.003632080998932752,-0.2985339503579927
2019-12-17,701466.0496420073,0.0,-0.2985339503579927
2019-12-18,701466.0496420073,0.0,-0.2985339503579927
2019-12-19,701466.0496420073,0.0,-0.2985339503579927
2019-12-20,701466.0496420073,0.0,-0.2985339503579927
2019-12-23,692069.3264740071,-0.013395834585003596,-0.3079306735259929
2019-12-24,695244.526474007,0.004587979669865128,-0.30475547352599297
2019-12-25,696302.9264740072,0.001522342082098671,-0.30369707352599284
2019-12-26,700687.7264740071,0.006297259186032855,-0.2993122735259929
2019-12-27,698941.5116260073,-0.00249214419208843,-0.30105848837399274
2019-12-30,698941.5116260073,0.0,-0.30105848837399274
2019-12-31,698941.5116260073,0.0,-0.30105848837399274
2020-01-02,698941.5116260073,0.0,-0.30105848837399274
2020-01-03,698941.5116260073,0.0,-0.30105848837399274
2020-01-06,698941.5116260073,0.0,-0.30105848837399274
2020-01-07,698941.5116260073,0.0,-0.30105848837399274
2020-01-08,698941.5116260073,0.0,-0.30105848837399274
2020-01-09,700241.6356380073,0.0018601327727343353,-0.29975836436199266
2020-01-10,698955.5057820074,-0.0018366943502696742,-0.3010444942179926
2020-01-13,698955.5057820074,0.0,-0.3010444942179926
2020-01-14,698955.5057820074,0.0,-0.3010444942179926
2020-01-15,698955.5057820074,0.0,-0.3010444942179926
2020-01-16,695419.6470860074,-0.005058775081890121,-0.30458035291399255
2020-01-17,696150.6470860075,0.0010511638592081152,-0.3038493529139925
2020-01-20,700536.6470860074,0.006300360444049025,-0.2994633529139926
2020-01-21,695606.3561820075,-0.00703787721100424,-0.3043936438179925
2020-01-22,698374.8248220074,0.003979935800465295,-0.3016251751779926
2020-01-23,680293.8248220074,-0.025890108516738453,-0.3197061751779926
2020-02-03,630754.8248220074,-0.07282000540422573,-0.3692451751779926
2020-02-04,627215.5734420074,-0.005611136436409758,-0.3727844265579926
2020-02-05,627215.5734420074,0.0,-0.3727844265579926
2020-02-06,627215.5734420074,0.0,-0.3727844265579926
2020-02-07,627215.5734420074,0.0,-0.3727844265579926
2020-02-10,627215.5734420074,0.0,-0.3727844265579926
2020-02-11,627215.5734420074,0.0,-0.3727844265579926
2020-02-12,627215.5734420074,0.0,-0.3727844265579926
2020-02-13,627215.5734420074,0.0,-0.3727844265579926
2020-02-14,627215.5734420074,0.0,-0.3727844265579926
2020-02-17,627215.5734420074,0.0,-0.3727844265579926
2020-02-18,627215.5734420074,0.0,-0.3727844265579926
2020-02-19,627215.5734420074,0.0,-0.3727844265579926
2020-02-20,627215.5734420074,0.0,-0.3727844265579926
2020-02-21,627215.5734420074,0.0,-0.3727844265579926
2020-02-24,627215.5734420074,0.0,-0.3727844265579926
2020-02-25,627215.5734420074,0.0,-0.3727844265579926
2020-02-26,626531.3070540074,-0.0010909588616316857,-0.3734686929459926
2020-02-27,626663.9070540074,0.00021164145910512744,-0.37333609294599257
2020-02-28,608365.1070540072,-0.02920034135366778,-0.39163489294599274
2020-03-02,627326.9070540074,0.031168454239300702,-0.3726730929459926
2020-03-03,630686.3333580075,0.005355144608377049,-0.3693136666419925
2020-03-04,630686.3333580075,0.0,-0.3693136666419925
2020-03-05,630686.3333580075,0.0,-0.3693136666419925
2020-03-06,630686.3333580075,0.0,-0.3693136666419925
2020-03-09,630686.3333580075,0.0,-0.3693136666419925
2020-03-10,640926.9542700076,0.01623726465971642,-0.35907304572999243
2020-03-11,631761.3542700075,-0.01430053758690708,-0.36823864572999254
2020-03-12,623142.9542700074,-0.013641860081736845,-0.37685704572999257
2020-03-13,615071.7542700074,-0.01295240513383522,-0.3849282457299926
2020-03-16,592773.3542700073,-0.03625333116859619,-0.4072266457299927
2020-03-17,595206.4954860075,0.004104673731491371,-0.40479350451399243
2020-03-18,595206.4954860075,0.0,-0.40479350451399243
2020-03-19,595206.4954860075,0.0,-0.40479350451399243
2020-03-20,595206.4954860075,0.0,-0.40479350451399243
2020-03-23,595206.4954860075,0.0,-0.40479350451399243
2020-03-24,595206.4954860075,0.0,-0.40479350451399243
2020-03-25,595206.4954860075,0.0,-0.40479350451399243
2020-03-26,595206.4954860075,0.0,-0.40479350451399243
2020-03-27,595206.4954860075,0.0,-0.40479350451399243
2020-03-30,595206.4954860075,0.0,-0.40479350451399243
2020-03-31,595206.4954860075,0.0,-0.40479350451399243
2020-04-01,595206.4954860075,0.0,-0.40479350451399243
2020-04-02,595206.4954860075,0.0,-0.40479350451399243
2020-04-03,595206.4954860075,0.0,-0.40479350451399243
2020-04-07,595206.4954860075,0.0,-0.40479350451399243
2020-04-08,595206.4954860075,0.0,-0.40479350451399243
2020-04-09,595206.4954860075,0.0,-0.40479350451399243
2020-04-10,595206.4954860075,0.0,-0.40479350451399243
2020-04-13,595206.4954860075,0.0,-0.40479350451399243
2020-04-14,595206.4954860075,0.0,-0.40479350451399243
2020-04-15,595206.4954860075,0.0,-0.40479350451399243
2020-04-16,595206.4954860075,0.0,-0.40479350451399243
2020-04-17,595206.4954860075,0.0,-0.40479350451399243
2020-04-20,595206.4954860075,0.0,-0.40479350451399243
2020-04-21,595206.4954860075,0.0,-0.40479350451399243
2020-04-22,595206.4954860075,0.0,-0.40479350451399243
2020-04-23,595206.4954860075,0.0,-0.40479350451399243
2020-04-24,595206.4954860075,0.0,-0.40479350451399243
2020-04-27,595206.4954860075,0.0,-0.40479350451399243
2020-04-28,595206.4954860075,0.0,-0.40479350451399243
2020-04-29,595206.4954860075,0.0,-0.40479350451399243
2020-04-30,595206.4954860075,0.0,-0.40479350451399243
2020-05-06,595206.4954860075,0.0,-0.40479350451399243
2020-05-07,595206.4954860075,0.0,-0.40479350451399243
2020-05-08,595206.4954860075,0.0,-0.40479350451399243
2020-05-11,595206.4954860075,0.0,-0.40479350451399243
2020-05-12,595206.4954860075,0.0,-0.40479350451399243
2020-05-13,595206.4954860075,0.0,-0.40479350451399243
2020-05-14,595206.4954860075,0.0,-0.40479350451399243
2020-05-15,590339.4053640076,-0.008177145509855044,-0.40966059463599247
2020-05-18,591912.6053640075,0.0026649076543177053,-0.40808739463599253
2020-05-19,595714.5053640075,0.006423076591960619,-0.4042854946359925
2020-05-20,593296.7670300077,-0.004058552061817822,-0.40670323296999233
2020-05-21,593296.7670300077,0.0,-0.40670323296999233
2020-05-22,580939.1760440076,-0.02082868418087136,-0.4190608239559923
2020-05-25,578538.9253860076,-0.0041316729134104335,-0.4214610746139924
2020-05-26,578538.9253860076,0.0,-0.4214610746139924
2020-05-27,578538.9253860076,0.0,-0.4214610746139924
2020-05-28,578538.9253860076,0.0,-0.4214610746139924
2020-05-29,578538.9253860076,0.0,-0.4214610746139924
2020-06-01,578538.9253860076,0.0,-0.4214610746139924
2020-06-02,578538.9253860076,0.0,-0.4214610746139924
2020-06-03,578538.9253860076,0.0,-0.4214610746139924
2020-06-04,578538.9253860076,0.0,-0.4214610746139924
2020-06-05,578538.9253860076,0.0,-0.4214610746139924
2020-06-08,578538.9253860076,0.0,-0.4214610746139924
2020-06-09,578538.9253860076,0.0,-0.4214610746139924
2020-06-10,578538.9253860076,0.0,-0.4214610746139924
2020-06-11,578538.9253860076,0.0,-0.4214610746139924
2020-06-12,583526.1795000077,0.008620429663695361,-0.4164738204999924
2020-06-15,576395.4795000077,-0.012220017285445306,-0.4236045204999923
2020-06-16,584151.6795000077,0.013456385894504264,-0.4158483204999923
2020-06-17,582457.4827260077,-0.0029002686005286105,-0.4175425172739923
2020-06-18,582457.4827260077,0.0,-0.4175425172739923
2020-06-19,582457.4827260077,0.0,-0.4175425172739923
2020-06-22,582457.4827260077,0.0,-0.4175425172739923
2020-06-23,582457.4827260077,0.0,-0.4175425172739923
2020-06-24,582457.4827260077,0.0,-0.4175425172739923
2020-06-29,582457.4827260077,0.0,-0.4175425172739923
2020-06-30,582457.4827260077,0.0,-0.4175425172739923
2020-07-01,582457.4827260077,0.0,-0.4175425172739923
2020-07-02,582457.4827260077,0.0,-0.4175425172739923
2020-07-03,582457.4827260077,0.0,-0.4175425172739923
2020-07-06,582457.4827260077,0.0,-0.4175425172739923
2020-07-07,582457.4827260077,0.0,-0.4175425172739923
2020-07-08,582457.4827260077,0.0,-0.4175425172739923
2020-07-09,582457.4827260077,0.0,-0.4175425172739923
2020-07-10,582457.4827260077,0.0,-0.4175425172739923
2020-07-13,592255.1820120077,0.016821312416049672,-0.40774481798799234
2020-07-14,589623.0303480077,-0.004444286422379706,-0.41037696965199233
2020-07-15,589623.0303480077,0.0,-0.41037696965199233
2020-07-16,563076.2534000077,-0.04502330401227972,-0.4369237465999922
2020-07-17,568378.0534000078,0.009415776225664585,-0.4316219465999922
2020-07-20,581578.4534000078,0.02322468279877432,-0.4184215465999922
2020-07-21,582177.7429040078,0.001030453416037691,-0.4178222570959922
2020-07-22,582177.7429040078,0.0,-0.4178222570959922
2020-07-23,582177.7429040078,0.0,-0.4178222570959922
2020-07-24,582177.7429040078,0.0,-0.4178222570959922
2020-07-27,580803.1261280079,-0.0023611633951223787,-0.4191968738719921
2020-07-28,584716.1261280079,0.006737222690391675,-0.41528387387199206
2020-07-29,599473.7261280079,0.025238913962788878,-0.40052627387199213
2020-07-30,597745.014156008,-0.0028837159939695267,-0.402254985843992
2020-07-31,597745.014156008,0.0,-0.402254985843992
2020-08-03,597745.014156008,0.0,-0.402254985843992
2020-08-04,597745.014156008,0.0,-0.402254985843992
2020-08-05,597745.014156008,0.0,-0.402254985843992
2020-08-06,597745.014156008,0.0,-0.402254985843992
2020-08-07,597745.014156008,0.0,-0.402254985843992
2020-08-10,601781.9055240081,0.006753534153187468,-0.3982180944759919
2020-08-11,596607.205524008,-0.008598962435559021,-0.40339279447599197
2020-08-12,593084.005524008,-0.005905392974437151,-0.406915994475992
2020-08-13,591432.5055240081,-0.0027845970968998213,-0.40856749447599194
2020-08-14,601451.6055240079,0.01694039456137597,-0.3985483944759921
2020-08-17,601834.421022008,0.0006364859524592426,-0.398165578977992
2020-08-18,601834.421022008,0.0,-0.398165578977992
2020-08-19,601834.421022008,0.0,-0.398165578977992
2020-08-20,597605.084440008,-0.007027408925561196,-0.40239491555999196
2020-08-21,602017.084440008,0.007382801978892628,-0.397982915559992
2020-08-24,605326.0844400082,0.005496521752498262,-0.3946739155599919
2020-08-25,604933.603950008,-0.0006483786178869133,-0.39506639604999194
2020-08-26,604933.603950008,0.0,-0.39506639604999194
2020-08-27,607013.783630008,0.0034386909016412837,-0.392986216369992
2020-08-28,604503.169350008,-0.004136008683338632,-0.39549683064999197
2020-08-31,604503.169350008,0.0,-0.39549683064999197
2020-09-01,604503.169350008,0.0,-0.39549683064999197
2020-09-02,604503.169350008,0.0,-0.39549683064999197
2020-09-03,604503.169350008,0.0,-0.39549683064999197
2020-09-04,605335.781724008,0.0013773498903162373,-0.39466421827599196
2020-09-07,594772.481724008,-0.017450314881297113,-0.405227518275992
2020-09-08,597386.0817240078,0.004394285344917259,-0.40261391827599213
2020-09-09,585298.181724008,-0.020234652881625736,-0.41470181827599195
2020-09-10,585733.7817240079,0.0007442360383160818,-0.4142662182759921
2020-09-11,589654.1817240079,0.006693143066566876,-0.41034581827599204
2020-09-14,592594.481724008,0.0049864820620848516,-0.40740551827599203
2020-09-15,590045.5857480081,-0.004301248247510658,-0.40995441425199186
2020-09-16,590045.5857480081,0.0,-0.40995441425199186
2020-09-17,590045.5857480081,0.0,-0.40995441425199186
2020-09-18,601591.3000160082,0.019567495371333843,-0.39840869998399175
2020-09-21,600207.6482840081,-0.002299986273011645,-0.3997923517159918
2020-09-22,600207.6482840081,0.0,-0.3997923517159918
2020-09-23,600059.0780440081,-0.00024753140088229486,-0.39994092195599185
2020-09-24,591435.0780440081,-0.01437191822530437,-0.4085649219559919
2020-09-25,591771.0780440081,0.000568109691956753,-0.4082289219559919
2020-09-28,592891.0780440081,0.0018926237552905345,-0.4071089219559919
2020-09-29,594123.0780440081,0.002077953346952821,-0.4058769219559919
2020-09-30,593746.1398040081,-0.0006344447033449496,-0.40625386019599197
2020-10-09,593746.1398040081,0.0,-0.40625386019599197
2020-10-12,593746.1398040081,0.0,-0.40625386019599197
2020-10-13,593746.1398040081,0.0,-0.40625386019599197
2020-10-14,593746.1398040081,0.0,-0.40625386019599197
2020-10-15,593746.1398040081,0.0,-0.40625386019599197
2020-10-16,593746.1398040081,0.0,-0.40625386019599197
2020-10-19,586281.654500008,-0.012571846456911784,-0.413718345499992
2020-10-20,589509.6545000081,0.005505886079196998,-0.41049034549999186
2020-10-21,590155.2545000081,0.0010951474586917698,-0.40984474549999195
2020-10-22,586864.7410520079,-0.005575674236414252,-0.4131352589479921
2020-10-23,580755.8946620079,-0.01040929189075035,-0.41924410533799206
2020-10-26,576921.8946620079,-0.006601740998653738,-0.42307810533799206
2020-10-27,578412.8946620079,0.002584405296099046,-0.42158710533799204
2020-10-28,582672.8946620079,0.007364981035717255,-0.4173271053379921
2020-10-29,576125.9264420079,-0.011236095380406819,-0.4238740735579921
2020-10-30,576125.9264420079,0.0,-0.4238740735579921
2020-11-02,577684.1696380079,0.002704692020411681,-0.42231583036199216
2020-11-03,583105.4696380077,0.009384539658403579,-0.4168945303619923
2020-11-04,582299.4775260078,-0.0013822406990973146,-0.41770052247399225
2020-11-05,582299.4775260078,0.0,-0.41770052247399225
2020-11-06,582299.4775260078,0.0,-0.41770052247399225
2020-11-09,582299.4775260078,0.0,-0.41770052247399225
2020-11-10,582299.4775260078,0.0,-0.41770052247399225
2020-11-11,582299.4775260078,0.0,-0.41770052247399225
2020-11-12,580196.3880520078,-0.0036116973398900853,-0.4198036119479922
2020-11-13,574938.2880520079,-0.009062621050871744,-0.42506171194799214
2020-11-16,580402.5880520078,0.009504150468938155,-0.41959741194799216
2020-11-17,578058.5105760079,-0.004038709551360431,-0.4219414894239921
2020-11-18,578058.5105760079,0.0,-0.4219414894239921
2020-11-19,578058.5105760079,0.0,-0.4219414894239921
2020-11-20,578058.5105760079,0.0,-0.4219414894239921
2020-11-23,578058.5105760079,0.0,-0.4219414894239921
2020-11-24,578058.5105760079,0.0,-0.4219414894239921
2020-11-25,578058.5105760079,0.0,-0.4219414894239921
2020-11-26,577813.246326008,-0.0004242896618812386,-0.42218675367399205
2020-11-27,585076.5463260079,0.012570324488376139,-0.4149234536739921
2020-11-30,584681.210022008,-0.000675700139549984,-0.415318789977992
2020-12-01,584681.210022008,0.0,-0.415318789977992
2020-12-02,584681.210022008,0.0,-0.415318789977992
2020-12-03,584681.210022008,0.0,-0.415318789977992
2020-12-04,584681.210022008,0.0,-0.415318789977992
2020-12-07,584681.210022008,0.0,-0.415318789977992
2020-12-08,581905.4255820081,-0.004747517779638333,-0.4180945744179919
2020-12-09,575833.4255820081,-0.010434685316650816,-0.4241665744179919
2020-12-10,574821.425582008,-0.0017574526851706906,-0.425178574417992
2020-12-11,569154.225582008,-0.009859061871714148,-0.430845774417992
2020-12-14,573607.0255820081,0.007823538506538608,-0.42639297441799195
2020-12-15,575125.0255820081,0.0026464111008051017,-0.42487497441799194
2020-12-16,574132.9882940081,-0.0017249071834356533,-0.42586701170599195
2020-12-17,574132.9882940081,0.0,-0.42586701170599195
2020-12-18,574132.9882940081,0.0,-0.42586701170599195
2020-12-21,574132.9882940081,0.0,-0.42586701170599195
2020-12-22,574132.9882940081,0.0,-0.42586701170599195
2020-12-23,576402.8672240081,0.003953576917335333,-0.42359713277599187
2020-12-24,576402.8672240081,0.0,-0.42359713277599187
2020-12-25,572699.8864340081,-0.006424292800335518,-0.42730011356599185
2020-12-28,572699.8864340081,0.0,-0.42730011356599185
2020-12-29,572699.8864340081,0.0,-0.42730011356599185
2020-12-30,572699.8864340081,0.0,-0.42730011356599185
2020-12-31,572699.8864340081,0.0,-0.42730011356599185
2021-01-04,572699.8864340081,0.0,-0.42730011356599185
2021-01-05,572699.8864340081,0.0,-0.42730011356599185
2021-01-06,572699.8864340081,0.0,-0.42730011356599185
2021-01-07,572699.8864340081,0.0,-0.42730011356599185
2021-01-08,572699.8864340081,0.0,-0.42730011356599185
2021-01-11,572699.8864340081,0.0,-0.42730011356599185
2021-01-12,587494.9714940083,0.02583392350943825,-0.4125050285059917
2021-01-13,587343.8206580082,-0.0002572802208259395,-0.41265617934199184
2021-01-14,587343.8206580082,0.0,-0.41265617934199184
2021-01-15,584660.5981780082,-0.004568401651002252,-0.4153394018219918
2021-01-18,590206.5981780082,0.009485845321684394,-0.40979340182199175
2021-01-19,583156.5981780082,-0.011944969815253947,-0.41684340182199175
2021-01-20,585976.5981780082,0.004835750823725116,-0.4140234018219918
2021-01-21,594812.5981780082,0.015079100475128282,-0.40518740182199176
2021-01-22,592691.0106580083,-0.003566816719246746,-0.40730898934199167
2021-01-25,592691.0106580083,0.0,-0.40730898934199167
2021-01-26,592691.0106580083,0.0,-0.40730898934199167
2021-01-27,593109.8464660083,0.0007066680622254129,-0.4068901535339916
2021-01-28,580298.6464660083,-0.02160004605611332,-0.41970135353399174
2021-01-29,576813.2464660082,-0.006006217697087424,-0.4231867535339917
2021-02-01,582747.8464660083,0.010288598669257132,-0.4172521535339917
2021-02-02,590283.8464660083,0.012931836720978085,-0.4097161535339917
2021-02-03,588636.5786020083,-0.0027906368670973514,-0.41136342139799176
2021-02-04,588636.5786020083,0.0,-0.41136342139799176
2021-02-05,588636.5786020083,0.0,-0.41136342139799176
2021-02-08,588636.5786020083,0.0,-0.41136342139799176
2021-02-09,588636.5786020083,0.0,-0.41136342139799176
2021-02-10,588636.5786020083,0.0,-0.41136342139799176
2021-02-18,588636.5786020083,0.0,-0.41136342139799176
2021-02-19,588636.5786020083,0.0,-0.41136342139799176
2021-02-22,588636.5786020083,0.0,-0.41136342139799176
2021-02-23,589785.5300980083,0.0019518859985370174,-0.4102144699019916
2021-02-24,576202.7300980084,-0.02303006653578432,-0.4237972699019916
2021-02-25,580915.1300980083,0.00817837152420009,-0.4190848699019917
2021-02-26,567147.5300980083,-0.023699847510732286,-0.43285246990199167
2021-03-01,575371.1300980083,0.014499930906124003,-0.42462886990199167
2021-03-02,568995.5300980083,-0.011080847937076643,-0.4310044699019917
2021-03-03,578697.5300980083,0.017051100556675358,-0.4213024699019916
2021-03-04,572102.7332740084,-0.011395930483551697,-0.4278972667259916
2021-03-05,577066.3476640084,0.008676089277872112,-0.42293365233599167
2021-03-08,559489.3476640084,-0.030459235876693413,-0.4405106523359916
2021-03-09,549944.8476640084,-0.017059306025843712,-0.4500551523359916
2021-03-10,551929.3476640084,0.0036085436720236785,-0.44807065233599164
2021-03-11,564119.8476640084,0.02208706612829192,-0.43588015233599164
2021-03-12,564020.5319440085,-0.00017605429131961614,-0.4359794680559914
2021-03-15,564020.5319440085,0.0,-0.4359794680559914
2021-03-16,565926.3207320085,0.0033789351274702284,-0.43407367926799145
2021-03-17,568166.5207320085,0.0039584658248486004,-0.43183347926799154
2021-03-18,567679.0980160084,-0.0008578870774929026,-0.43232090198399165
2021-03-19,567679.0980160084,0.0,-0.43232090198399165
2021-03-22,572379.8874080083,0.008280716003863375,-0.4276201125919916
2021-03-23,567933.8874080083,-0.007767568528889934,-0.4320661125919917
2021-03-24,560425.0874080083,-0.013221257203491432,-0.43957491259199166
2021-03-25,560029.8874080083,-0.0007051789951584286,-0.4399701125919917
2021-03-26,570305.0874080083,0.018347592210759878,-0.42969491259199166
2021-03-29,569818.5013600084,-0.0008532030640151511,-0.43018149863999167
2021-03-30,569818.5013600084,0.0,-0.43018149863999167
2021-03-31,569818.5013600084,0.0,-0.43018149863999167
2021-04-01,569818.5013600084,0.0,-0.43018149863999167
2021-04-02,569818.5013600084,0.0,-0.43018149863999167
2021-04-06,569818.5013600084,0.0,-0.43018149863999167
2021-04-07,569818.5013600084,0.0,-0.43018149863999167
2021-04-08,571429.4468640084,0.0028271203903613706,-0.42857055313599157
2021-04-09,564521.1468640085,-0.01208950647873075,-0.43547885313599144
2021-04-12,556347.9468640086,-0.014478111307969943,-0.44365205313599143
2021-04-13,555666.8468640085,-0.0012242338698997823,-0.44433315313599153
2021-04-14,558391.2468640085,0.004902937822142128,-0.44160875313599146
2021-04-15,555666.8468640085,-0.004879016308548145,-0.44433315313599153
2021-04-16,557223.6468640084,0.002801678755509629,-0.4427763531359916
2021-04-19,555198.1916840085,-0.0036349052869506515,-0.4448018083159916
2021-04-20,555198.1916840085,0.0,-0.4448018083159916
2021-04-21,555198.1916840085,0.0,-0.4448018083159916
2021-04-22,555198.1916840085,0.0,-0.4448018083159916
2021-04-23,555198.1916840085,0.0,-0.4448018083159916
2021-04-26,555198.1916840085,0.0,-0.4448018083159916
2021-04-27,554965.5933320085,-0.00041894652303264834,-0.44503440666799154
2021-04-28,558583.1933320084,0.0065186023124064185,-0.44141680666799155
2021-04-29,557057.1811240085,-0.0027319336245996695,-0.4429428188759915
2021-04-30,557057.1811240085,0.0,-0.4429428188759915
2021-05-06,557057.1811240085,0.0,-0.4429428188759915
2021-05-07,548967.6911720084,-0.014521830480090814,-0.4510323088279916
2021-05-10,548871.8911720084,-0.00017450935918561505,-0.4511281088279916
2021-05-11,551362.6911720085,0.004538035268451424,-0.44863730882799147
2021-05-12,554332.4911720084,0.005386291179200198,-0.44566750882799155
2021-05-13,548882.5805360086,-0.00983148331153616,-0.4511174194639914
2021-05-14,558000.1817720087,0.0166112053093328,-0.4419998182279914
2021-05-17,555994.5646760088,-0.0035942947001034176,-0.4440054353239913
2021-05-18,555994.5646760088,0.0,-0.4440054353239913
2021-05-19,555994.5646760088,0.0,-0.4440054353239913
2021-05-20,555994.5646760088,0.0,-0.4440054353239913
2021-05-21,555994.5646760088,0.0,-0.4440054353239913
2021-05-24,557554.5167680089,0.002805696658040535,-0.44244548323199107
2021-05-25,573019.7167680089,0.027737556660194285,-0.4269802832319911
2021-05-26,571766.9110920088,-0.0021863221095885788,-0.42823308890799117
2021-05-27,571766.9110920088,0.0,-0.42823308890799117
2021-05-28,571766.9110920088,0.0,-0.42823308890799117
2021-05-31,571766.9110920088,0.0,-0.42823308890799117
2021-06-01,571766.9110920088,0.0,-0.42823308890799117
2021-06-02,571766.9110920088,0.0,-0.42823308890799117
2021-06-03,567103.9677600089,-0.008155322110358298,-0.43289603223999107
2021-06-04,570212.567760009,0.00548153456283984,-0.42978743223999105
2021-06-07,569647.3677600089,-0.0009912092997534927,-0.4303526322399911
2021-06-08,565690.9677600089,-0.006945349393182587,-0.4343090322399912
2021-06-09,566444.5677600089,0.0013321761225639772,-0.43355543223999116
2021-06-10,569647.3677600089,0.0056542161092045795,-0.4303526322399911
2021-06-11,568400.400912009,-0.0021890153778877375,-0.43159959908799106
2021-06-15,561725.484670009,-0.011743334859176557,-0.43827451532999095
2021-06-16,555001.784670009,-0.011969725753051552,-0.44499821532999095
2021-06-17,556043.484670009,0.001876930901437257,-0.44395651532999103
2021-06-18,556516.984670009,0.0008515521052836483,-0.443483015329991
2021-06-21,555854.084670009,-0.0011911586137718366,-0.44414591532999104
2021-06-22,558316.2846700089,0.004429579754661184,-0.44168371532999107
2021-06-23,557363.623504009,-0.0017063109068420346,-0.44263637649599097
2021-06-24,557363.623504009,0.0,-0.44263637649599097
2021-06-25,557363.623504009,0.0,-0.44263637649599097
2021-06-28,557363.623504009,0.0,-0.44263637649599097
2021-06-29,557363.623504009,0.0,-0.44263637649599097
2021-06-30,559087.721922009,0.0030933099063068514,-0.44091227807799094
2021-07-01,559067.962378009,-3.5342475295463416e-05,-0.44093203762199096
2021-07-02,548061.2019640091,-0.01968769658554992,-0.4519387980359909
2021-07-05,548711.5019640091,0.0011865463157576528,-0.4512884980359909
2021-07-06,549361.8019640091,0.0011851400921474298,-0.4506381980359909
2021-07-07,554285.5019640091,0.0089625816400003,-0.44571449803599084
2021-07-08,553532.417404009,-0.0013586582317807183,-0.44646758259599095
2021-07-09,553532.417404009,0.0,-0.44646758259599095
2021-07-12,555280.601726009,0.003158232954446838,-0.444719398273991
2021-07-13,553574.3563860091,-0.003072762374007443,-0.44642564361399084
2021-07-14,553574.3563860091,0.0,-0.44642564361399084
2021-07-15,559634.9891580092,0.010948181941747848,-0.44036501084199087
2021-07-16,557370.0967440093,-0.004047088652207931,-0.4426299032559907
2021-07-19,559210.7006880094,0.0033023012083934766,-0.4407892993119906
2021-07-20,554025.4937160094,-0.009272367223339018,-0.4459745062839906
2021-07-21,555197.1179060094,0.002114747792816507,-0.44480288209399055
2021-07-22,553689.2845460094,-0.0027158522826757903,-0.4463107154539906
2021-07-23,553689.2845460094,0.0,-0.4463107154539906
2021-07-26,538108.8082580094,-0.028139385613675016,-0.46189119174199067
2021-07-27,536251.6157780094,-0.0034513326143316148,-0.4637483842219906
2021-07-28,536251.6157780094,0.0,-0.4637483842219906
2021-07-29,536251.6157780094,0.0,-0.4637483842219906
2021-07-30,536251.6157780094,0.0,-0.4637483842219906
2021-08-02,536251.6157780094,0.0,-0.4637483842219906
2021-08-03,536251.6157780094,0.0,-0.4637483842219906
2021-08-04,536251.6157780094,0.0,-0.4637483842219906
2021-08-05,536251.6157780094,0.0,-0.4637483842219906
2021-08-06,536251.6157780094,0.0,-0.4637483842219906
2021-08-09,536251.6157780094,0.0,-0.4637483842219906
2021-08-10,536251.6157780094,0.0,-0.4637483842219906
2021-08-11,536251.6157780094,0.0,-0.4637483842219906
2021-08-12,536251.6157780094,0.0,-0.4637483842219906
2021-08-13,536251.6157780094,0.0,-0.4637483842219906
2021-08-16,536251.6157780094,0.0,-0.4637483842219906
2021-08-17,536251.6157780094,0.0,-0.4637483842219906
2021-08-18,536251.6157780094,0.0,-0.4637483842219906
2021-08-19,536251.6157780094,0.0,-0.4637483842219906
2021-08-20,536251.6157780094,0.0,-0.4637483842219906
2021-08-23,536251.6157780094,0.0,-0.4637483842219906
2021-08-24,536251.6157780094,0.0,-0.4637483842219906
2021-08-25,536251.6157780094,0.0,-0.4637483842219906
2021-08-26,536251.6157780094,0.0,-0.4637483842219906
2021-08-27,536251.6157780094,0.0,-0.4637483842219906
2021-08-30,536251.6157780094,0.0,-0.4637483842219906
2021-08-31,536251.6157780094,0.0,-0.4637483842219906
2021-09-01,536251.6157780094,0.0,-0.4637483842219906
2021-09-02,536251.6157780094,0.0,-0.4637483842219906
2021-09-03,536251.6157780094,0.0,-0.4637483842219906
2021-09-06,536251.6157780094,0.0,-0.4637483842219906
2021-09-07,536251.6157780094,0.0,-0.4637483842219906
2021-09-08,536251.6157780094,0.0,-0.4637483842219906
2021-09-09,536251.6157780094,0.0,-0.4637483842219906
2021-09-10,536251.6157780094,0.0,-0.4637483842219906
2021-09-13,536251.6157780094,0.0,-0.4637483842219906
2021-09-14,536251.6157780094,0.0,-0.4637483842219906
2021-09-15,536251.6157780094,0.0,-0.4637483842219906
2021-09-16,536251.6157780094,0.0,-0.4637483842219906
2021-09-17,536251.6157780094,0.0,-0.4637483842219906
2021-09-22,536251.6157780094,0.0,-0.4637483842219906
2021-09-23,536251.6157780094,0.0,-0.4637483842219906
2021-09-24,536251.6157780094,0.0,-0.4637483842219906
2021-09-27,536251.6157780094,0.0,-0.4637483842219906
2021-09-28,536251.6157780094,0.0,-0.4637483842219906
2021-09-29,536251.6157780094,0.0,-0.4637483842219906
2021-09-30,536251.6157780094,0.0,-0.4637483842219906
2021-10-08,536251.6157780094,0.0,-0.4637483842219906
2021-10-11,536251.6157780094,0.0,-0.4637483842219906
2021-10-12,536251.6157780094,0.0,-0.4637483842219906
2021-10-13,536251.6157780094,0.0,-0.4637483842219906
2021-10-14,536251.6157780094,0.0,-0.4637483842219906
2021-10-15,536251.6157780094,0.0,-0.4637483842219906
2021-10-18,536251.6157780094,0.0,-0.4637483842219906
2021-10-19,536251.6157780094,0.0,-0.4637483842219906
2021-10-20,536251.6157780094,0.0,-0.4637483842219906
2021-10-21,536251.6157780094,0.0,-0.4637483842219906
2021-10-22,536251.6157780094,0.0,-0.4637483842219906
2021-10-25,536251.6157780094,0.0,-0.4637483842219906
2021-10-26,536251.6157780094,0.0,-0.4637483842219906
2021-10-27,536251.6157780094,0.0,-0.4637483842219906
2021-10-28,536251.6157780094,0.0,-0.4637483842219906
2021-10-29,536251.6157780094,0.0,-0.4637483842219906
2021-11-01,536251.6157780094,0.0,-0.4637483842219906
2021-11-02,536251.6157780094,0.0,-0.4637483842219906
2021-11-03,536251.6157780094,0.0,-0.4637483842219906
2021-11-04,536251.6157780094,0.0,-0.4637483842219906
2021-11-05,536251.6157780094,0.0,-0.4637483842219906
2021-11-08,536251.6157780094,0.0,-0.4637483842219906
2021-11-09,536251.6157780094,0.0,-0.4637483842219906
2021-11-10,536251.6157780094,0.0,-0.4637483842219906
2021-11-11,536251.6157780094,0.0,-0.4637483842219906
2021-11-12,536251.6157780094,0.0,-0.4637483842219906
2021-11-15,536251.6157780094,0.0,-0.4637483842219906
2021-11-16,536251.6157780094,0.0,-0.4637483842219906
2021-11-17,536251.6157780094,0.0,-0.4637483842219906
2021-11-18,536251.6157780094,0.0,-0.4637483842219906
2021-11-19,536251.6157780094,0.0,-0.4637483842219906
2021-11-22,536251.6157780094,0.0,-0.4637483842219906
2021-11-23,536251.6157780094,0.0,-0.4637483842219906
2021-11-24,536251.6157780094,0.0,-0.4637483842219906
2021-11-25,536251.6157780094,0.0,-0.4637483842219906
2021-11-26,536251.6157780094,0.0,-0.4637483842219906
2021-11-29,536251.6157780094,0.0,-0.4637483842219906
2021-11-30,536251.6157780094,0.0,-0.4637483842219906
2021-12-01,536251.6157780094,0.0,-0.4637483842219906
2021-12-02,536251.6157780094,0.0,-0.4637483842219906
2021-12-03,536251.6157780094,0.0,-0.4637483842219906
2021-12-06,536251.6157780094,0.0,-0.4637483842219906
2021-12-07,536251.6157780094,0.0,-0.4637483842219906
2021-12-08,536251.6157780094,0.0,-0.4637483842219906
2021-12-09,536251.6157780094,0.0,-0.4637483842219906
2021-12-10,536251.6157780094,0.0,-0.4637483842219906
2021-12-13,536251.6157780094,0.0,-0.4637483842219906
2021-12-14,536251.6157780094,0.0,-0.4637483842219906
2021-12-15,531473.0873520094,-0.008910981870081991,-0.4685269126479906
2021-12-16,530200.2764140095,-0.002394873735453773,-0.46979972358599054
2021-12-17,530200.2764140095,0.0,-0.46979972358599054
2021-12-20,530200.2764140095,0.0,-0.46979972358599054
2021-12-21,530200.2764140095,0.0,-0.46979972358599054
2021-12-22,530200.2764140095,0.0,-0.46979972358599054
2021-12-23,530200.2764140095,0.0,-0.46979972358599054
2021-12-24,530200.2764140095,0.0,-0.46979972358599054
2021-12-27,530200.2764140095,0.0,-0.46979972358599054
2021-12-28,530200.2764140095,0.0,-0.46979972358599054
2021-12-29,530200.2764140095,0.0,-0.46979972358599054
2021-12-30,530200.2764140095,0.0,-0.46979972358599054
2021-12-31,530200.2764140095,0.0,-0.46979972358599054
2022-01-04,530200.2764140095,0.0,-0.46979972358599054
2022-01-05,530200.2764140095,0.0,-0.46979972358599054
2022-01-06,530200.2764140095,0.0,-0.46979972358599054
2022-01-07,530200.2764140095,0.0,-0.46979972358599054
2022-01-10,530200.2764140095,0.0,-0.46979972358599054
2022-01-11,530200.2764140095,0.0,-0.46979972358599054
2022-01-12,530200.2764140095,0.0,-0.46979972358599054
2022-01-13,530200.2764140095,0.0,-0.46979972358599054
2022-01-14,530200.2764140095,0.0,-0.46979972358599054
2022-01-17,530200.2764140095,0.0,-0.46979972358599054
2022-01-18,530200.2764140095,0.0,-0.46979972358599054
2022-01-19,530200.2764140095,0.0,-0.46979972358599054
2022-01-20,530200.2764140095,0.0,-0.46979972358599054
2022-01-21,530200.2764140095,0.0,-0.46979972358599054
2022-01-24,530200.2764140095,0.0,-0.46979972358599054
2022-01-25,530200.2764140095,0.0,-0.46979972358599054
2022-01-26,530200.2764140095,0.0,-0.46979972358599054
2022-01-27,530200.2764140095,0.0,-0.46979972358599054
2022-01-28,530200.2764140095,0.0,-0.46979972358599054
2022-02-07,530200.2764140095,0.0,-0.46979972358599054
2022-02-08,530200.2764140095,0.0,-0.46979972358599054
2022-02-09,530200.2764140095,0.0,-0.46979972358599054
2022-02-10,530200.2764140095,0.0,-0.46979972358599054
2022-02-11,530200.2764140095,0.0,-0.46979972358599054
2022-02-14,530200.2764140095,0.0,-0.46979972358599054
2022-02-15,530200.2764140095,0.0,-0.46979972358599054
2022-02-16,530200.2764140095,0.0,-0.46979972358599054
2022-02-17,530200.2764140095,0.0,-0.46979972358599054
2022-02-18,530200.2764140095,0.0,-0.46979972358599054
2022-02-21,530200.2764140095,0.0,-0.46979972358599054
2022-02-22,530200.2764140095,0.0,-0.46979972358599054
2022-02-23,530200.2764140095,0.0,-0.46979972358599054
2022-02-24,530200.2764140095,0.0,-0.46979972358599054
2022-02-25,530200.2764140095,0.0,-0.46979972358599054
2022-02-28,530200.2764140095,0.0,-0.46979972358599054
2022-03-01,530200.2764140095,0.0,-0.46979972358599054
2022-03-02,530200.2764140095,0.0,-0.46979972358599054
2022-03-03,530200.2764140095,0.0,-0.46979972358599054
2022-03-04,530200.2764140095,0.0,-0.46979972358599054
2022-03-07,530200.2764140095,0.0,-0.46979972358599054
2022-03-08,530200.2764140095,0.0,-0.46979972358599054
2022-03-09,530200.2764140095,0.0,-0.46979972358599054
2022-03-10,530200.2764140095,0.0,-0.46979972358599054
2022-03-11,530200.2764140095,0.0,-0.46979972358599054
2022-03-14,530200.2764140095,0.0,-0.46979972358599054
2022-03-15,530200.2764140095,0.0,-0.46979972358599054
2022-03-16,530200.2764140095,0.0,-0.46979972358599054
2022-03-17,530200.2764140095,0.0,-0.46979972358599054
2022-03-18,530200.2764140095,0.0,-0.46979972358599054
2022-03-21,530200.2764140095,0.0,-0.46979972358599054
2022-03-22,530200.2764140095,0.0,-0.46979972358599054
2022-03-23,530200.2764140095,0.0,-0.46979972358599054
2022-03-24,530200.2764140095,0.0,-0.46979972358599054
2022-03-25,530200.2764140095,0.0,-0.46979972358599054
2022-03-28,530200.2764140095,0.0,-0.46979972358599054
2022-03-29,530200.2764140095,0.0,-0.46979972358599054
2022-03-30,530200.2764140095,0.0,-0.46979972358599054
2022-03-31,530200.2764140095,0.0,-0.46979972358599054
2022-04-01,530200.2764140095,0.0,-0.46979972358599054
2022-04-06,530200.2764140095,0.0,-0.46979972358599054
2022-04-07,530200.2764140095,0.0,-0.46979972358599054
2022-04-08,530200.2764140095,0.0,-0.46979972358599054
2022-04-11,530200.2764140095,0.0,-0.46979972358599054
2022-04-12,530200.2764140095,0.0,-0.46979972358599054
2022-04-13,530200.2764140095,0.0,-0.46979972358599054
2022-04-14,530200.2764140095,0.0,-0.46979972358599054
2022-04-15,530200.2764140095,0.0,-0.46979972358599054
2022-04-18,530200.2764140095,0.0,-0.46979972358599054
2022-04-19,530200.2764140095,0.0,-0.46979972358599054
2022-04-20,530200.2764140095,0.0,-0.46979972358599054
2022-04-21,530200.2764140095,0.0,-0.46979972358599054
2022-04-22,530200.2764140095,0.0,-0.46979972358599054
2022-04-25,530200.2764140095,0.0,-0.46979972358599054
2022-04-26,530200.2764140095,0.0,-0.46979972358599054
2022-04-27,530200.2764140095,0.0,-0.46979972358599054
2022-04-28,530200.2764140095,0.0,-0.46979972358599054
2022-04-29,530200.2764140095,0.0,-0.46979972358599054
2022-05-05,530200.2764140095,0.0,-0.46979972358599054
2022-05-06,530200.2764140095,0.0,-0.46979972358599054
2022-05-09,530200.2764140095,0.0,-0.46979972358599054
2022-05-10,530200.2764140095,0.0,-0.46979972358599054
2022-05-11,530200.2764140095,0.0,-0.46979972358599054
2022-05-12,530200.2764140095,0.0,-0.46979972358599054
2022-05-13,530200.2764140095,0.0,-0.46979972358599054
2022-05-16,530200.2764140095,0.0,-0.46979972358599054
2022-05-17,530200.2764140095,0.0,-0.46979972358599054
2022-05-18,530200.2764140095,0.0,-0.46979972358599054
2022-05-19,530200.2764140095,0.0,-0.46979972358599054
2022-05-20,530200.2764140095,0.0,-0.46979972358599054
2022-05-23,530200.2764140095,0.0,-0.46979972358599054
2022-05-24,530200.2764140095,0.0,-0.46979972358599054
2022-05-25,530200.2764140095,0.0,-0.46979972358599054
2022-05-26,530200.2764140095,0.0,-0.46979972358599054
2022-05-27,530200.2764140095,0.0,-0.46979972358599054
2022-05-30,530200.2764140095,0.0,-0.46979972358599054
2022-05-31,530200.2764140095,0.0,-0.46979972358599054
2022-06-01,530200.2764140095,0.0,-0.46979972358599054
2022-06-02,530200.2764140095,0.0,-0.46979972358599054
2022-06-06,530200.2764140095,0.0,-0.46979972358599054
2022-06-07,530200.2764140095,0.0,-0.46979972358599054
2022-06-08,530200.2764140095,0.0,-0.46979972358599054
2022-06-09,530200.2764140095,0.0,-0.46979972358599054
2022-06-10,530200.2764140095,0.0,-0.46979972358599054
2022-06-13,530200.2764140095,0.0,-0.46979972358599054
2022-06-14,530200.2764140095,0.0,-0.46979972358599054
2022-06-15,530200.2764140095,0.0,-0.46979972358599054
2022-06-16,530200.2764140095,0.0,-0.46979972358599054
2022-06-17,530200.2764140095,0.0,-0.46979972358599054
2022-06-20,530200.2764140095,0.0,-0.46979972358599054
2022-06-21,530200.2764140095,0.0,-0.46979972358599054
2022-06-22,530200.2764140095,0.0,-0.46979972358599054
2022-06-23,530200.2764140095,0.0,-0.46979972358599054
2022-06-24,530200.2764140095,0.0,-0.46979972358599054
2022-06-27,530200.2764140095,0.0,-0.46979972358599054
2022-06-28,530200.2764140095,0.0,-0.46979972358599054
2022-06-29,530200.2764140095,0.0,-0.46979972358599054
2022-06-30,530200.2764140095,0.0,-0.46979972358599054
2022-07-01,530200.2764140095,0.0,-0.46979972358599054
2022-07-04,530200.2764140095,0.0,-0.46979972358599054
2022-07-05,530200.2764140095,0.0,-0.46979972358599054
2022-07-06,530200.2764140095,0.0,-0.46979972358599054
2022-07-07,530200.2764140095,0.0,-0.46979972358599054
2022-07-08,530200.2764140095,0.0,-0.46979972358599054
2022-07-11,530200.2764140095,0.0,-0.46979972358599054
2022-07-12,530200.2764140095,0.0,-0.46979972358599054
2022-07-13,530200.2764140095,0.0,-0.46979972358599054
2022-07-14,530200.2764140095,0.0,-0.46979972358599054
2022-07-15,530200.2764140095,0.0,-0.46979972358599054
2022-07-18,530200.2764140095,0.0,-0.46979972358599054
2022-07-19,530200.2764140095,0.0,-0.46979972358599054
2022-07-20,530200.2764140095,0.0,-0.46979972358599054
2022-07-21,530200.2764140095,0.0,-0.46979972358599054
2022-07-22,530200.2764140095,0.0,-0.46979972358599054
2022-07-25,530200.2764140095,0.0,-0.46979972358599054
2022-07-26,530200.2764140095,0.0,-0.46979972358599054
2022-07-27,530200.2764140095,0.0,-0.46979972358599054
2022-07-28,530200.2764140095,0.0,-0.46979972358599054
2022-07-29,530200.2764140095,0.0,-0.46979972358599054
2022-08-01,530200.2764140095,0.0,-0.46979972358599054
2022-08-02,530200.2764140095,0.0,-0.46979972358599054
2022-08-03,530200.2764140095,0.0,-0.46979972358599054
2022-08-04,530200.2764140095,0.0,-0.46979972358599054
2022-08-05,530200.2764140095,0.0,-0.46979972358599054
2022-08-08,530200.2764140095,0.0,-0.46979972358599054
2022-08-09,530200.2764140095,0.0,-0.46979972358599054
2022-08-10,530200.2764140095,0.0,-0.46979972358599054
2022-08-11,530200.2764140095,0.0,-0.46979972358599054
2022-08-12,530200.2764140095,0.0,-0.46979972358599054
2022-08-15,530200.2764140095,0.0,-0.46979972358599054
2022-08-16,530200.2764140095,0.0,-0.46979972358599054
2022-08-17,530200.2764140095,0.0,-0.46979972358599054
2022-08-18,530200.2764140095,0.0,-0.46979972358599054
2022-08-19,530200.2764140095,0.0,-0.46979972358599054
2022-08-22,530200.2764140095,0.0,-0.46979972358599054
2022-08-23,530200.2764140095,0.0,-0.46979972358599054
2022-08-24,530200.2764140095,0.0,-0.46979972358599054
2022-08-25,530200.2764140095,0.0,-0.46979972358599054
2022-08-26,530200.2764140095,0.0,-0.46979972358599054
2022-08-29,530200.2764140095,0.0,-0.46979972358599054
2022-08-30,530200.2764140095,0.0,-0.46979972358599054
2022-08-31,530200.2764140095,0.0,-0.46979972358599054
2022-09-01,530200.2764140095,0.0,-0.46979972358599054
2022-09-02,530200.2764140095,0.0,-0.46979972358599054
2022-09-05,530200.2764140095,0.0,-0.46979972358599054
2022-09-06,530200.2764140095,0.0,-0.46979972358599054
2022-09-07,530200.2764140095,0.0,-0.46979972358599054
2022-09-08,530200.2764140095,0.0,-0.46979972358599054
2022-09-09,530200.2764140095,0.0,-0.46979972358599054
2022-09-13,530200.2764140095,0.0,-0.46979972358599054
2022-09-14,530200.2764140095,0.0,-0.46979972358599054
2022-09-15,530200.2764140095,0.0,-0.46979972358599054
2022-09-16,530200.2764140095,0.0,-0.46979972358599054
2022-09-19,530200.2764140095,0.0,-0.46979972358599054
2022-09-20,530200.2764140095,0.0,-0.46979972358599054
2022-09-21,530200.2764140095,0.0,-0.46979972358599054
2022-09-22,530200.2764140095,0.0,-0.46979972358599054
2022-09-23,530200.2764140095,0.0,-0.46979972358599054
2022-09-26,530200.2764140095,0.0,-0.46979972358599054
2022-09-27,530200.2764140095,0.0,-0.46979972358599054
2022-09-28,530200.2764140095,0.0,-0.46979972358599054
2022-09-29,530200.2764140095,0.0,-0.46979972358599054
2022-09-30,530200.2764140095,0.0,-0.46979972358599054
2022-10-10,530200.2764140095,0.0,-0.46979972358599054
2022-10-11,530200.2764140095,0.0,-0.46979972358599054
2022-10-12,530200.2764140095,0.0,-0.46979972358599054
2022-10-13,530200.2764140095,0.0,-0.46979972358599054
2022-10-14,530200.2764140095,0.0,-0.46979972358599054
2022-10-17,530200.2764140095,0.0,-0.46979972358599054
2022-10-18,530200.2764140095,0.0,-0.46979972358599054
2022-10-19,530200.2764140095,0.0,-0.46979972358599054
2022-10-20,530200.2764140095,0.0,-0.46979972358599054
2022-10-21,530200.2764140095,0.0,-0.46979972358599054
2022-10-24,530200.2764140095,0.0,-0.46979972358599054
2022-10-25,530200.2764140095,0.0,-0.46979972358599054
2022-10-26,530200.2764140095,0.0,-0.46979972358599054
2022-10-27,530200.2764140095,0.0,-0.46979972358599054
2022-10-28,530200.2764140095,0.0,-0.46979972358599054
2022-10-31,530200.2764140095,0.0,-0.46979972358599054
2022-11-01,530200.2764140095,0.0,-0.46979972358599054
2022-11-02,530200.2764140095,0.0,-0.46979972358599054
2022-11-03,530200.2764140095,0.0,-0.46979972358599054
2022-11-04,530200.2764140095,0.0,-0.46979972358599054
2022-11-07,530200.2764140095,0.0,-0.46979972358599054
2022-11-08,530200.2764140095,0.0,-0.46979972358599054
2022-11-09,530200.2764140095,0.0,-0.46979972358599054
2022-11-10,530200.2764140095,0.0,-0.46979972358599054
2022-11-11,530200.2764140095,0.0,-0.46979972358599054
2022-11-14,530200.2764140095,0.0,-0.46979972358599054
2022-11-15,530200.2764140095,0.0,-0.46979972358599054
2022-11-16,530200.2764140095,0.0,-0.46979972358599054
2022-11-17,530200.2764140095,0.0,-0.46979972358599054
2022-11-18,530200.2764140095,0.0,-0.46979972358599054
2022-11-21,530200.2764140095,0.0,-0.46979972358599054
2022-11-22,530200.2764140095,0.0,-0.46979972358599054
2022-11-23,530200.2764140095,0.0,-0.46979972358599054
2022-11-24,530200.2764140095,0.0,-0.46979972358599054
2022-11-25,530200.2764140095,0.0,-0.46979972358599054
2022-11-28,530200.2764140095,0.0,-0.46979972358599054
2022-11-29,530200.2764140095,0.0,-0.46979972358599054
2022-11-30,530200.2764140095,0.0,-0.46979972358599054
2022-12-01,530200.2764140095,0.0,-0.46979972358599054
2022-12-02,530200.2764140095,0.0,-0.46979972358599054
2022-12-05,530200.2764140095,0.0,-0.46979972358599054
2022-12-06,530200.2764140095,0.0,-0.46979972358599054
2022-12-07,530200.2764140095,0.0,-0.46979972358599054
2022-12-08,530200.2764140095,0.0,-0.46979972358599054
2022-12-09,530200.2764140095,0.0,-0.46979972358599054
2022-12-12,530200.2764140095,0.0,-0.46979972358599054
2022-12-13,530200.2764140095,0.0,-0.46979972358599054
2022-12-14,530200.2764140095,0.0,-0.46979972358599054
2022-12-15,530200.2764140095,0.0,-0.46979972358599054
2022-12-16,530200.2764140095,0.0,-0.46979972358599054
2022-12-19,530200.2764140095,0.0,-0.46979972358599054
2022-12-20,530200.2764140095,0.0,-0.46979972358599054
2022-12-21,530200.2764140095,0.0,-0.46979972358599054
2022-12-22,530200.2764140095,0.0,-0.46979972358599054
2022-12-23,530200.2764140095,0.0,-0.46979972358599054
2022-12-26,530200.2764140095,0.0,-0.46979972358599054
2022-12-27,530200.2764140095,0.0,-0.46979972358599054
2022-12-28,530200.2764140095,0.0,-0.46979972358599054
2022-12-29,530200.2764140095,0.0,-0.46979972358599054
2022-12-30,530200.2764140095,0.0,-0.46979972358599054
2023-01-03,530200.2764140095,0.0,-0.46979972358599054
2023-01-04,530200.2764140095,0.0,-0.46979972358599054
2023-01-05,530200.2764140095,0.0,-0.46979972358599054
2023-01-06,530200.2764140095,0.0,-0.46979972358599054
2023-01-09,530200.2764140095,0.0,-0.46979972358599054
2023-01-10,530200.2764140095,0.0,-0.46979972358599054
2023-01-11,530200.2764140095,0.0,-0.46979972358599054
2023-01-12,530200.2764140095,0.0,-0.46979972358599054
2023-01-13,530200.2764140095,0.0,-0.46979972358599054
2023-01-16,530200.2764140095,0.0,-0.46979972358599054
2023-01-17,530200.2764140095,0.0,-0.46979972358599054
2023-01-18,530200.2764140095,0.0,-0.46979972358599054
2023-01-19,530200.2764140095,0.0,-0.46979972358599054
2023-01-20,530200.2764140095,0.0,-0.46979972358599054
2023-01-30,530200.2764140095,0.0,-0.46979972358599054
2023-01-31,530200.2764140095,0.0,-0.46979972358599054
2023-02-01,531761.7532220096,0.002945069773560016,-0.4682382467779904
2023-02-02,531334.5412860096,-0.0008033897387532685,-0.46866545871399046
2023-02-03,528355.3647660096,-0.005606969411003027,-0.47164463523399036
2023-02-06,522341.8647660097,-0.011381544318496917,-0.47765813523399037
2023-02-07,523396.8647660096,0.00201975003568311,-0.47660313523399034
2023-02-08,521603.3647660097,-0.0034266540759692043,-0.47839663523399034
2023-02-09,527300.3647660096,0.010922092119853621,-0.4726996352339904
2023-02-10,525723.7010260096,-0.002990067607291813,-0.4742762989739904
2023-02-13,525723.7010260096,0.0,-0.4742762989739904
2023-02-14,525723.7010260096,0.0,-0.4742762989739904
2023-02-15,525723.7010260096,0.0,-0.4742762989739904
2023-02-16,521039.76520600973,-0.008909500961928551,-0.4789602347939903
2023-02-17,514897.56520600966,-0.011788351696288557,-0.4851024347939903
2023-02-20,513751.0663900098,-0.0022266541803148687,-0.4862489336099902
2023-02-21,513751.0663900098,0.0,-0.4862489336099902
2023-02-22,513751.0663900098,0.0,-0.4862489336099902
2023-02-23,513751.0663900098,0.0,-0.4862489336099902
2023-02-24,508641.60688600974,-0.009945399315475556,-0.4913583931139902
2023-02-27,507084.60688600986,-0.003061094450239943,-0.49291539311399013
2023-02-28,506684.4350500098,-0.0007891618687806412,-0.4933155649499902
2023-03-01,506684.4350500098,0.0,-0.4933155649499902
2023-03-02,506684.4350500098,0.0,-0.4933155649499902
2023-03-03,506684.4350500098,0.0,-0.4933155649499902
2023-03-06,506684.4350500098,0.0,-0.4933155649499902
2023-03-07,500107.9691300098,-0.012979411770071225,-0.49989203086999023
2023-03-08,498469.56913000986,-0.0032760925662714824,-0.5015304308699902
2023-03-09,497463.62020200986,-0.0020180749042628676,-0.5025363797979902
2023-03-10,497463.62020200986,0.0,-0.5025363797979902
2023-03-13,497463.62020200986,0.0,-0.5025363797979902
2023-03-14,497463.62020200986,0.0,-0.5025363797979902
2023-03-15,497463.62020200986,0.0,-0.5025363797979902
2023-03-16,497463.62020200986,0.0,-0.5025363797979902
2023-03-17,497463.62020200986,0.0,-0.5025363797979902
2023-03-20,497463.62020200986,0.0,-0.5025363797979902
2023-03-21,497463.62020200986,0.0,-0.5025363797979902
2023-03-22,497463.62020200986,0.0,-0.5025363797979902
2023-03-23,497463.62020200986,0.0,-0.5025363797979902
2023-03-24,497463.62020200986,0.0,-0.5025363797979902
2023-03-27,497463.62020200986,0.0,-0.5025363797979902
2023-03-28,497463.62020200986,0.0,-0.5025363797979902
2023-03-29,497463.62020200986,0.0,-0.5025363797979902
2023-03-30,497463.62020200986,0.0,-0.5025363797979902
2023-03-31,497463.62020200986,0.0,-0.5025363797979902
2023-04-03,497463.62020200986,0.0,-0.5025363797979902
2023-04-04,497463.62020200986,0.0,-0.5025363797979902
2023-04-06,497463.62020200986,0.0,-0.5025363797979902
2023-04-07,497463.62020200986,0.0,-0.5025363797979902
2023-04-10,497463.62020200986,0.0,-0.5025363797979902
2023-04-11,497463.62020200986,0.0,-0.5025363797979902
2023-04-12,495829.9862560099,-0.0032839264614697994,-0.5041700137439902
2023-04-13,493312.48625600996,-0.005077345198521543,-0.5066875137439901
2023-04-14,495427.18625600985,0.004286735201148861,-0.5045728137439902
2023-04-17,501569.8862560099,0.012398794758158083,-0.49843011374399004
2023-04-18,499861.5268680099,-0.003406024633480609,-0.5001384731319901
2023-04-19,499861.5268680099,0.0,-0.5001384731319901
2023-04-20,499861.5268680099,0.0,-0.5001384731319901
2023-04-21,491363.18602600996,-0.01700139015548585,-0.5086368139739901
2023-04-24,486217.28602600994,-0.010472701550188201,-0.5137827139739901
2023-04-25,484728.1836460099,-0.003062627394782469,-0.5152718163539901
2023-04-26,484728.1836460099,0.0,-0.5152718163539901
2023-04-27,484728.1836460099,0.0,-0.5152718163539901
2023-04-28,484728.1836460099,0.0,-0.5152718163539901
2023-05-04,484728.1836460099,0.0,-0.5152718163539901
2023-05-05,484728.1836460099,0.0,-0.5152718163539901
2023-05-08,484728.1836460099,0.0,-0.5152718163539901
2023-05-09,484728.1836460099,0.0,-0.5152718163539901
2023-05-10,480723.9628540099,-0.008260755052205138,-0.5192760371459901
2023-05-11,480148.18720600987,-0.001197726122454279,-0.5198518127939902
2023-05-12,480148.18720600987,0.0,-0.5198518127939902
2023-05-15,480148.18720600987,0.0,-0.5198518127939902
2023-05-16,480148.18720600987,0.0,-0.5198518127939902
2023-05-17,480148.18720600987,0.0,-0.5198518127939902
2023-05-18,480148.18720600987,0.0,-0.5198518127939902
2023-05-19,480148.18720600987,0.0,-0.5198518127939902
2023-05-22,480148.18720600987,0.0,-0.5198518127939902
2023-05-23,480148.18720600987,0.0,-0.5198518127939902
2023-05-24,480148.18720600987,0.0,-0.5198518127939902
2023-05-25,480148.18720600987,0.0,-0.5198518127939902
2023-05-26,480148.18720600987,0.0,-0.5198518127939902
2023-05-29,480148.18720600987,0.0,-0.5198518127939902
2023-05-30,480148.18720600987,0.0,-0.5198518127939902
2023-05-31,480148.18720600987,0.0,-0.5198518127939902
2023-06-01,480148.18720600987,0.0,-0.5198518127939902
2023-06-02,480148.18720600987,0.0,-0.5198518127939902
2023-06-05,480148.18720600987,0.0,-0.5198518127939902
2023-06-06,480148.18720600987,0.0,-0.5198518127939902
2023-06-07,480148.18720600987,0.0,-0.5198518127939902
2023-06-08,480148.18720600987,0.0,-0.5198518127939902
2023-06-09,480148.18720600987,0.0,-0.5198518127939902
2023-06-12,480148.18720600987,0.0,-0.5198518127939902
2023-06-13,480148.18720600987,0.0,-0.5198518127939902
2023-06-14,480148.18720600987,0.0,-0.5198518127939902
2023-06-15,480148.18720600987,0.0,-0.5198518127939902
2023-06-16,480148.18720600987,0.0,-0.5198518127939902
2023-06-19,480148.18720600987,0.0,-0.5198518127939902
2023-06-20,480148.18720600987,0.0,-0.5198518127939902
2023-06-21,480148.18720600987,0.0,-0.5198518127939902
2023-06-26,480148.18720600987,0.0,-0.5198518127939902
2023-06-27,480148.18720600987,0.0,-0.5198518127939902
2023-06-28,480148.18720600987,0.0,-0.5198518127939902
2023-06-29,480148.18720600987,0.0,-0.5198518127939902
2023-06-30,480148.18720600987,0.0,-0.5198518127939902
2023-07-03,480148.18720600987,0.0,-0.5198518127939902
2023-07-04,480148.18720600987,0.0,-0.5198518127939902
2023-07-05,480148.18720600987,0.0,-0.5198518127939902
2023-07-06,480148.18720600987,0.0,-0.5198518127939902
2023-07-07,480148.18720600987,0.0,-0.5198518127939902
2023-07-10,480148.18720600987,0.0,-0.5198518127939902
2023-07-11,480148.18720600987,0.0,-0.5198518127939902
2023-07-12,480148.18720600987,0.0,-0.5198518127939902
2023-07-13,480148.18720600987,0.0,-0.5198518127939902
2023-07-14,480148.18720600987,0.0,-0.5198518127939902
2023-07-17,480148.18720600987,0.0,-0.5198518127939902
2023-07-18,480148.18720600987,0.0,-0.5198518127939902
2023-07-19,480148.18720600987,0.0,-0.5198518127939902
2023-07-20,480148.18720600987,0.0,-0.5198518127939902
2023-07-21,480148.18720600987,0.0,-0.5198518127939902
2023-07-24,480148.18720600987,0.0,-0.5198518127939902
2023-07-25,480148.18720600987,0.0,-0.5198518127939902
2023-07-26,480148.18720600987,0.0,-0.5198518127939902
2023-07-27,480148.18720600987,0.0,-0.5198518127939902
2023-07-28,480148.18720600987,0.0,-0.5198518127939902
2023-07-31,480148.18720600987,0.0,-0.5198518127939902
2023-08-01,480148.18720600987,0.0,-0.5198518127939902
2023-08-02,480148.18720600987,0.0,-0.5198518127939902
2023-08-03,483175.17252800986,0.006304273144534855,-0.5168248274719902
2023-08-04,485738.02063800994,0.005304180048389284,-0.51426197936199
2023-08-07,485738.02063800994,0.0,-0.51426197936199
2023-08-08,484629.24482600996,-0.0022826621859735052,-0.5153707551739901
2023-08-09,483838.04482600995,-0.001632588227902021,-0.51616195517399
2023-08-10,484332.54482600995,0.0010220362067183686,-0.51566745517399
2023-08-11,474937.0448260099,-0.01939886158873605,-0.52506295517399
2023-08-14,470320.2603000099,-0.009720834742826368,-0.5296797396999902
2023-08-15,470320.2603000099,0.0,-0.5296797396999902
2023-08-16,470320.2603000099,0.0,-0.5296797396999902
2023-08-17,470320.2603000099,0.0,-0.5296797396999902
2023-08-18,470320.2603000099,0.0,-0.5296797396999902
2023-08-21,470320.2603000099,0.0,-0.5296797396999902
2023-08-22,470320.2603000099,0.0,-0.5296797396999902
2023-08-23,470320.2603000099,0.0,-0.5296797396999902
2023-08-24,470320.2603000099,0.0,-0.5296797396999902
2023-08-25,470320.2603000099,0.0,-0.5296797396999902
2023-08-28,470320.2603000099,0.0,-0.5296797396999902
2023-08-29,470320.2603000099,0.0,-0.5296797396999902
2023-08-30,470320.2603000099,0.0,-0.5296797396999902
2023-08-31,470320.2603000099,0.0,-0.5296797396999902
2023-09-01,470320.2603000099,0.0,-0.5296797396999902
2023-09-04,470320.2603000099,0.0,-0.5296797396999902
2023-09-05,470320.2603000099,0.0,-0.5296797396999902
2023-09-06,470320.2603000099,0.0,-0.5296797396999902
2023-09-07,470320.2603000099,0.0,-0.5296797396999902
2023-09-08,470320.2603000099,0.0,-0.5296797396999902
2023-09-11,470320.2603000099,0.0,-0.5296797396999902
2023-09-12,470320.2603000099,0.0,-0.5296797396999902
2023-09-13,470320.2603000099,0.0,-0.5296797396999902
2023-09-14,470320.2603000099,0.0,-0.5296797396999902
2023-09-15,470320.2603000099,0.0,-0.5296797396999902
2023-09-18,470320.2603000099,0.0,-0.5296797396999902
2023-09-19,470320.2603000099,0.0,-0.5296797396999902
2023-09-20,470320.2603000099,0.0,-0.5296797396999902
2023-09-21,470320.2603000099,0.0,-0.5296797396999902
2023-09-22,470320.2603000099,0.0,-0.5296797396999902
2023-09-25,470320.2603000099,0.0,-0.5296797396999902
2023-09-26,470320.2603000099,0.0,-0.5296797396999902
2023-09-27,470320.2603000099,0.0,-0.5296797396999902
2023-09-28,470320.2603000099,0.0,-0.5296797396999902
2023-10-09,470320.2603000099,0.0,-0.5296797396999902
2023-10-10,470320.2603000099,0.0,-0.5296797396999902
2023-10-11,470320.2603000099,0.0,-0.5296797396999902
2023-10-12,470320.2603000099,0.0,-0.5296797396999902
2023-10-13,470320.2603000099,0.0,-0.5296797396999902
2023-10-16,470320.2603000099,0.0,-0.5296797396999902
2023-10-17,470320.2603000099,0.0,-0.5296797396999902
2023-10-18,470320.2603000099,0.0,-0.5296797396999902
2023-10-19,470320.2603000099,0.0,-0.5296797396999902
2023-10-20,470320.2603000099,0.0,-0.5296797396999902
2023-10-23,470320.2603000099,0.0,-0.5296797396999902
2023-10-24,470320.2603000099,0.0,-0.5296797396999902
2023-10-25,470320.2603000099,0.0,-0.5296797396999902
2023-10-26,470320.2603000099,0.0,-0.5296797396999902
2023-10-27,470320.2603000099,0.0,-0.5296797396999902
2023-10-30,470320.2603000099,0.0,-0.5296797396999902
2023-10-31,470320.2603000099,0.0,-0.5296797396999902
2023-11-01,470320.2603000099,0.0,-0.5296797396999902
2023-11-02,470320.2603000099,0.0,-0.5296797396999902
2023-11-03,470320.2603000099,0.0,-0.5296797396999902
2023-11-06,470320.2603000099,0.0,-0.5296797396999902
2023-11-07,470320.2603000099,0.0,-0.5296797396999902
2023-11-08,470320.2603000099,0.0,-0.5296797396999902
2023-11-09,470320.2603000099,0.0,-0.5296797396999902
2023-11-10,470320.2603000099,0.0,-0.5296797396999902
2023-11-13,470320.2603000099,0.0,-0.5296797396999902
2023-11-14,470320.2603000099,0.0,-0.5296797396999902
2023-11-15,470320.2603000099,0.0,-0.5296797396999902
2023-11-16,470320.2603000099,0.0,-0.5296797396999902
2023-11-17,470320.2603000099,0.0,-0.5296797396999902
2023-11-20,470320.2603000099,0.0,-0.5296797396999902
2023-11-21,470320.2603000099,0.0,-0.5296797396999902
2023-11-22,470320.2603000099,0.0,-0.5296797396999902
2023-11-23,470320.2603000099,0.0,-0.5296797396999902
2023-11-24,470320.2603000099,0.0,-0.5296797396999902
2023-11-27,470320.2603000099,0.0,-0.5296797396999902
2023-11-28,470320.2603000099,0.0,-0.5296797396999902
2023-11-29,470320.2603000099,0.0,-0.5296797396999902
2023-11-30,470320.2603000099,0.0,-0.5296797396999902
2023-12-01,470320.2603000099,0.0,-0.5296797396999902
2023-12-04,470320.2603000099,0.0,-0.5296797396999902
2023-12-05,470320.2603000099,0.0,-0.5296797396999902
2023-12-06,470320.2603000099,0.0,-0.5296797396999902
2023-12-07,470320.2603000099,0.0,-0.5296797396999902
2023-12-08,470320.2603000099,0.0,-0.5296797396999902
2023-12-11,470320.2603000099,0.0,-0.5296797396999902
2023-12-12,470320.2603000099,0.0,-0.5296797396999902
2023-12-13,470320.2603000099,0.0,-0.5296797396999902
2023-12-14,470320.2603000099,0.0,-0.5296797396999902
2023-12-15,470320.2603000099,0.0,-0.5296797396999902
2023-12-18,470320.2603000099,0.0,-0.5296797396999902
2023-12-19,470320.2603000099,0.0,-0.5296797396999902
2023-12-20,470320.2603000099,0.0,-0.5296797396999902
2023-12-21,470320.2603000099,0.0,-0.5296797396999902
2023-12-22,470320.2603000099,0.0,-0.5296797396999902
2023-12-25,470320.2603000099,0.0,-0.5296797396999902
2023-12-26,470320.2603000099,0.0,-0.5296797396999902
2023-12-27,470320.2603000099,0.0,-0.5296797396999902
2023-12-28,470320.2603000099,0.0,-0.5296797396999902
2023-12-29,470320.2603000099,0.0,-0.5296797396999902
2024-01-02,470320.2603000099,0.0,-0.5296797396999902
2024-01-03,470320.2603000099,0.0,-0.5296797396999902
2024-01-04,470320.2603000099,0.0,-0.5296797396999902
2024-01-05,470320.2603000099,0.0,-0.5296797396999902
2024-01-08,470320.2603000099,0.0,-0.5296797396999902
2024-01-09,470320.2603000099,0.0,-0.5296797396999902
2024-01-10,470320.2603000099,0.0,-0.5296797396999902
2024-01-11,470320.2603000099,0.0,-0.5296797396999902
2024-01-12,470320.2603000099,0.0,-0.5296797396999902
2024-01-15,470320.2603000099,0.0,-0.5296797396999902
2024-01-16,470320.2603000099,0.0,-0.5296797396999902
2024-01-17,470320.2603000099,0.0,-0.5296797396999902
2024-01-18,470320.2603000099,0.0,-0.5296797396999902
2024-01-19,470320.2603000099,0.0,-0.5296797396999902
2024-01-22,470320.2603000099,0.0,-0.5296797396999902
2024-01-23,470320.2603000099,0.0,-0.5296797396999902
2024-01-24,470320.2603000099,0.0,-0.5296797396999902
2024-01-25,470320.2603000099,0.0,-0.5296797396999902
2024-01-26,470320.2603000099,0.0,-0.5296797396999902
2024-01-29,470320.2603000099,0.0,-0.5296797396999902
2024-01-30,470320.2603000099,0.0,-0.5296797396999902
2024-01-31,470320.2603000099,0.0,-0.5296797396999902
2024-02-01,470320.2603000099,0.0,-0.5296797396999902
2024-02-02,470320.2603000099,0.0,-0.5296797396999902
2024-02-05,470320.2603000099,0.0,-0.5296797396999902
2024-02-06,470320.2603000099,0.0,-0.5296797396999902
2024-02-07,470320.2603000099,0.0,-0.5296797396999902
2024-02-08,470320.2603000099,0.0,-0.5296797396999902
2024-02-19,470320.2603000099,0.0,-0.5296797396999902
2024-02-20,470320.2603000099,0.0,-0.5296797396999902
2024-02-21,470320.2603000099,0.0,-0.5296797396999902
2024-02-22,470320.2603000099,0.0,-0.5296797396999902
2024-02-23,470320.2603000099,0.0,-0.5296797396999902
2024-02-26,470320.2603000099,0.0,-0.5296797396999902
2024-02-27,470320.2603000099,0.0,-0.5296797396999902
2024-02-28,470320.2603000099,0.0,-0.5296797396999902
2024-02-29,470320.2603000099,0.0,-0.5296797396999902
2024-03-01,470320.2603000099,0.0,-0.5296797396999902
2024-03-04,470320.2603000099,0.0,-0.5296797396999902
2024-03-05,470320.2603000099,0.0,-0.5296797396999902
2024-03-06,470320.2603000099,0.0,-0.5296797396999902
2024-03-07,470320.2603000099,0.0,-0.5296797396999902
2024-03-08,470320.2603000099,0.0,-0.5296797396999902
2024-03-11,470320.2603000099,0.0,-0.5296797396999902
2024-03-12,470320.2603000099,0.0,-0.5296797396999902
2024-03-13,470320.2603000099,0.0,-0.5296797396999902
2024-03-14,470320.2603000099,0.0,-0.5296797396999902
2024-03-15,470320.2603000099,0.0,-0.5296797396999902
2024-03-18,470320.2603000099,0.0,-0.5296797396999902
2024-03-19,470320.2603000099,0.0,-0.5296797396999902
2024-03-20,470320.2603000099,0.0,-0.5296797396999902
2024-03-21,470320.2603000099,0.0,-0.5296797396999902
2024-03-22,470320.2603000099,0.0,-0.5296797396999902
2024-03-25,470320.2603000099,0.0,-0.5296797396999902
2024-03-26,470320.2603000099,0.0,-0.5296797396999902
2024-03-27,470320.2603000099,0.0,-0.5296797396999902
2024-03-28,470320.2603000099,0.0,-0.5296797396999902
2024-03-29,470320.2603000099,0.0,-0.5296797396999902
2024-04-01,470320.2603000099,0.0,-0.5296797396999902
2024-04-02,470320.2603000099,0.0,-0.5296797396999902
2024-04-03,470320.2603000099,0.0,-0.5296797396999902
2024-04-08,470320.2603000099,0.0,-0.5296797396999902
2024-04-09,470320.2603000099,0.0,-0.5296797396999902
2024-04-10,470320.2603000099,0.0,-0.5296797396999902
2024-04-11,470320.2603000099,0.0,-0.5296797396999902
2024-04-12,470320.2603000099,0.0,-0.5296797396999902
2024-04-15,470320.2603000099,0.0,-0.5296797396999902
2024-04-16,470320.2603000099,0.0,-0.5296797396999902
2024-04-17,470320.2603000099,0.0,-0.5296797396999902
2024-04-18,470320.2603000099,0.0,-0.5296797396999902
2024-04-19,470320.2603000099,0.0,-0.5296797396999902
2024-04-22,470320.2603000099,0.0,-0.5296797396999902
2024-04-23,470320.2603000099,0.0,-0.5296797396999902
2024-04-24,470320.2603000099,0.0,-0.5296797396999902
2024-04-25,470320.2603000099,0.0,-0.5296797396999902
2024-04-26,470320.2603000099,0.0,-0.5296797396999902
2024-04-29,470320.2603000099,0.0,-0.5296797396999902
2024-04-30,470320.2603000099,0.0,-0.5296797396999902
2024-05-06,470320.2603000099,0.0,-0.5296797396999902
2024-05-07,470320.2603000099,0.0,-0.5296797396999902
2024-05-08,470320.2603000099,0.0,-0.5296797396999902
2024-05-09,470320.2603000099,0.0,-0.5296797396999902
2024-05-10,470320.2603000099,0.0,-0.5296797396999902
2024-05-13,470320.2603000099,0.0,-0.5296797396999902
2024-05-14,470320.2603000099,0.0,-0.5296797396999902
2024-05-15,470320.2603000099,0.0,-0.5296797396999902
2024-05-16,470320.2603000099,0.0,-0.5296797396999902
2024-05-17,470320.2603000099,0.0,-0.5296797396999902
2024-05-20,470320.2603000099,0.0,-0.5296797396999902
2024-05-21,470320.2603000099,0.0,-0.5296797396999902
2024-05-22,470320.2603000099,0.0,-0.5296797396999902
2024-05-23,470320.2603000099,0.0,-0.5296797396999902
2024-05-24,466060.13920401,-0.009057915330465294,-0.53393986079599
2024-05-27,464778.3337000101,-0.0027503006504464578,-0.5352216662999899
2024-05-28,464778.3337000101,0.0,-0.5352216662999899
2024-05-29,464778.3337000101,0.0,-0.5352216662999899
2024-05-30,464778.3337000101,0.0,-0.5352216662999899
2024-05-31,464778.3337000101,0.0,-0.5352216662999899
2024-06-03,464778.3337000101,0.0,-0.5352216662999899
2024-06-04,464778.3337000101,0.0,-0.5352216662999899
2024-06-05,464778.3337000101,0.0,-0.5352216662999899
2024-06-06,464778.3337000101,0.0,-0.5352216662999899
2024-06-07,464778.3337000101,0.0,-0.5352216662999899
2024-06-11,464778.3337000101,0.0,-0.5352216662999899
2024-06-12,464778.3337000101,0.0,-0.5352216662999899
2024-06-13,464778.3337000101,0.0,-0.5352216662999899
2024-06-14,464778.3337000101,0.0,-0.5352216662999899
2024-06-17,464778.3337000101,0.0,-0.5352216662999899
2024-06-18,464778.3337000101,0.0,-0.5352216662999899
2024-06-19,464778.3337000101,0.0,-0.5352216662999899
2024-06-20,464778.3337000101,0.0,-0.5352216662999899
2024-06-21,464778.3337000101,0.0,-0.5352216662999899
2024-06-24,464778.3337000101,0.0,-0.5352216662999899
2024-06-25,464778.3337000101,0.0,-0.5352216662999899
2024-06-26,464778.3337000101,0.0,-0.5352216662999899
2024-06-27,464778.3337000101,0.0,-0.5352216662999899
2024-06-28,464778.3337000101,0.0,-0.5352216662999899
2024-07-01,464778.3337000101,0.0,-0.5352216662999899
2024-07-02,464778.3337000101,0.0,-0.5352216662999899
2024-07-03,464778.3337000101,0.0,-0.5352216662999899
2024-07-04,464778.3337000101,0.0,-0.5352216662999899
2024-07-05,464778.3337000101,0.0,-0.5352216662999899
2024-07-08,464778.3337000101,0.0,-0.5352216662999899
2024-07-09,464778.3337000101,0.0,-0.5352216662999899
2024-07-10,464778.3337000101,0.0,-0.5352216662999899
2024-07-11,464778.3337000101,0.0,-0.5352216662999899
2024-07-12,464778.3337000101,0.0,-0.5352216662999899
2024-07-15,464778.3337000101,0.0,-0.5352216662999899
2024-07-16,464778.3337000101,0.0,-0.5352216662999899
2024-07-17,464778.3337000101,0.0,-0.5352216662999899
2024-07-18,464778.3337000101,0.0,-0.5352216662999899
2024-07-19,464778.3337000101,0.0,-0.5352216662999899
2024-07-22,464778.3337000101,0.0,-0.5352216662999899
2024-07-23,464778.3337000101,0.0,-0.5352216662999899
2024-07-24,464778.3337000101,0.0,-0.5352216662999899
2024-07-25,464778.3337000101,0.0,-0.5352216662999899
2024-07-26,464778.3337000101,0.0,-0.5352216662999899
2024-07-29,464778.3337000101,0.0,-0.5352216662999899
2024-07-30,464778.3337000101,0.0,-0.5352216662999899
2024-07-31,464778.3337000101,0.0,-0.5352216662999899
2024-08-01,464778.3337000101,0.0,-0.5352216662999899
2024-08-02,464778.3337000101,0.0,-0.5352216662999899
2024-08-05,464778.3337000101,0.0,-0.5352216662999899
2024-08-06,464778.3337000101,0.0,-0.5352216662999899
2024-08-07,464778.3337000101,0.0,-0.5352216662999899
2024-08-08,464778.3337000101,0.0,-0.5352216662999899
2024-08-09,464778.3337000101,0.0,-0.5352216662999899
2024-08-12,464778.3337000101,0.0,-0.5352216662999899
2024-08-13,464778.3337000101,0.0,-0.5352216662999899
2024-08-14,464778.3337000101,0.0,-0.5352216662999899
2024-08-15,464778.3337000101,0.0,-0.5352216662999899
2024-08-16,464778.3337000101,0.0,-0.5352216662999899
2024-08-19,464778.3337000101,0.0,-0.5352216662999899
2024-08-20,464778.3337000101,0.0,-0.5352216662999899
2024-08-21,464778.3337000101,0.0,-0.5352216662999899
2024-08-22,464778.3337000101,0.0,-0.5352216662999899
2024-08-23,464778.3337000101,0.0,-0.5352216662999899
2024-08-26,464778.3337000101,0.0,-0.5352216662999899
2024-08-27,464778.3337000101,0.0,-0.5352216662999899
2024-08-28,464778.3337000101,0.0,-0.5352216662999899
2024-08-29,464778.3337000101,0.0,-0.5352216662999899
2024-08-30,464778.3337000101,0.0,-0.5352216662999899
2024-09-02,464778.3337000101,0.0,-0.5352216662999899
2024-09-03,464778.3337000101,0.0,-0.5352216662999899
2024-09-04,464778.3337000101,0.0,-0.5352216662999899
2024-09-05,464778.3337000101,0.0,-0.5352216662999899
2024-09-06,464778.3337000101,0.0,-0.5352216662999899
2024-09-09,464778.3337000101,0.0,-0.5352216662999899
2024-09-10,464778.3337000101,0.0,-0.5352216662999899
2024-09-11,464778.3337000101,0.0,-0.5352216662999899
2024-09-12,464778.3337000101,0.0,-0.5352216662999899
2024-09-13,464778.3337000101,0.0,-0.5352216662999899
2024-09-18,464778.3337000101,0.0,-0.5352216662999899
2024-09-19,464778.3337000101,0.0,-0.5352216662999899
2024-09-20,464778.3337000101,0.0,-0.5352216662999899
2024-09-23,464778.3337000101,0.0,-0.5352216662999899
2024-09-24,464778.3337000101,0.0,-0.5352216662999899
2024-09-25,464778.3337000101,0.0,-0.5352216662999899
2024-09-26,464778.3337000101,0.0,-0.5352216662999899
2024-09-27,464778.3337000101,0.0,-0.5352216662999899
2024-09-30,464778.3337000101,0.0,-0.5352216662999899
2024-10-08,464778.3337000101,0.0,-0.5352216662999899
2024-10-09,464778.3337000101,0.0,-0.5352216662999899
2024-10-10,465226.74466601014,0.0009647845725302417,-0.5347732553339899
2024-10-11,454969.8446660101,-0.02204709879128619,-0.5450301553339899
2024-10-14,460898.1446660101,0.013030094344718357,-0.5391018553339899
2024-10-15,450641.2446660101,-0.02225415771077288,-0.5493587553339899
2024-10-16,448288.7446660101,-0.005220338856785189,-0.5517112553339899
2024-10-17,444242.44466601004,-0.009026102145425652,-0.55575755533399
2024-10-18,458639.7446660101,0.03240865471741272,-0.5413602553339899
2024-10-21,457238.43005001015,-0.003055371088740655,-0.5427615699499899
2024-10-22,457238.43005001015,0.0,-0.5427615699499899
2024-10-23,457238.43005001015,0.0,-0.5427615699499899
2024-10-24,457238.43005001015,0.0,-0.5427615699499899
2024-10-25,458795.64560201013,0.0034056970054543445,-0.5412043543979899
2024-10-28,456854.7855700102,-0.00423033664465855,-0.5431452144299898
2024-10-29,456854.7855700102,0.0,-0.5431452144299898
2024-10-30,453038.1098900102,-0.00835424253078143,-0.5469618901099897
2024-10-31,453038.1098900102,0.0,-0.5469618901099897
2024-11-01,453778.90989001025,0.0016351825240041862,-0.5462210901099898
2024-11-04,458686.70989001024,0.010815399069977971,-0.5413132901099897
2024-11-05,456473.51618201024,-0.004825066129626299,-0.5435264838179897
2024-11-06,456473.51618201024,0.0,-0.5435264838179897
2024-11-07,456473.51618201024,0.0,-0.5435264838179897
2024-11-08,456473.51618201024,0.0,-0.5435264838179897
2024-11-11,456473.51618201024,0.0,-0.5435264838179897
2024-11-12,456473.51618201024,0.0,-0.5435264838179897
2024-11-13,459497.0197980103,0.0066236123429217475,-0.5405029802019897
2024-11-14,453135.41979801026,-0.013844703503836708,-0.5468645802019898
2024-11-15,446953.01979801024,-0.013643603501036994,-0.5530469802019897
2024-11-18,445429.8197980103,-0.0034079644448723467,-0.5545701802019898
2024-11-19,447221.8197980103,0.004023080450277439,-0.5527781802019898
2024-11-20,448117.81979801034,0.002003480063662133,-0.5518821802019896
2024-11-21,448565.81979801034,0.000999737078525298,-0.5514341802019896
2024-11-22,446956.6217180103,-0.0035874291106814393,-0.5530433782819897
2024-11-25,443724.8174060103,-0.007230688963903442,-0.5562751825939898
2024-11-26,442990.4174060103,-0.001655079840458873,-0.5570095825939897
2024-11-27,448865.61740601034,0.013262589367966537,-0.5511343825939896
2024-11-28,447135.1708820103,-0.003855154988257392,-0.5528648291179896
2024-11-29,447135.1708820103,0.0,-0.5528648291179896
2024-12-02,447135.1708820103,0.0,-0.5528648291179896
2024-12-03,447135.1708820103,0.0,-0.5528648291179896
2024-12-04,447135.1708820103,0.0,-0.5528648291179896
2024-12-05,447135.1708820103,0.0,-0.5528648291179896
2024-12-06,450656.5437940103,0.007875410259170268,-0.5493434562059897
2024-12-09,448936.9388900103,-0.003815777064997028,-0.5510630611099897
2024-12-10,448936.9388900103,0.0,-0.5510630611099897
2024-12-11,448936.9388900103,0.0,-0.5510630611099897
2024-12-12,448936.9388900103,0.0,-0.5510630611099897
2024-12-13,448936.9388900103,0.0,-0.5510630611099897
2024-12-16,445917.12999201036,-0.00672657702319257,-0.5540828700079896
2024-12-17,446917.02999201027,0.0022423448949311364,-0.5530829700079898
2024-12-18,448462.3299920103,0.0034576887795654265,-0.5515376700079897
2024-12-19,449007.72999201034,0.001216155657956186,-0.5509922700079897
2024-12-20,447016.9672700103,-0.004433693651633708,-0.5529830327299896
2024-12-23,447016.9672700103,0.0,-0.5529830327299896
2024-12-24,447016.9672700103,0.0,-0.5529830327299896
2024-12-25,447016.9672700103,0.0,-0.5529830327299896
2024-12-26,447016.9672700103,0.0,-0.5529830327299896
2024-12-27,447016.9672700103,0.0,-0.5529830327299896
2024-12-30,447016.9672700103,0.0,-0.5529830327299896
2024-12-31,447016.9672700103,0.0,-0.5529830327299896
2025-01-02,435955.89980001026,-0.02474417814060037,-0.5640441001999897
2025-01-03,432335.89980001026,-0.008303592179072727,-0.5676641001999898
2025-01-06,430887.89980001026,-0.0033492476582902553,-0.5691121001999897
2025-01-07,433331.39980001026,0.005670848499422121,-0.5666686001999898
2025-01-08,432788.39980001026,-0.0012530825143310942,-0.5672116001999897
2025-01-09,432064.39980001026,-0.0016728729335965253,-0.5679356001999898
2025-01-10,428172.8998000102,-0.009006759181736101,-0.5718271001999897
2025-01-13,426815.39980001026,-0.0031704482012616664,-0.5731846001999897
2025-01-14,435684.39980001026,0.020779475164569128,-0.5643156001999897
2025-01-15,433354.99315001024,-0.005346545919636458,-0.5666450068499898
2025-01-16,433354.99315001024,0.0,-0.5666450068499898
2025-01-17,433354.99315001024,0.0,-0.5666450068499898
2025-01-20,433354.99315001024,0.0,-0.5666450068499898
2025-01-21,433354.99315001024,0.0,-0.5666450068499898
2025-01-22,433354.99315001024,0.0,-0.5666450068499898
2025-01-23,430718.73521801026,-0.006083368078529161,-0.5692812647819898
2025-01-24,433608.3352180102,0.006708786416122159,-0.5663916647819898
2025-01-27,432814.6253080102,-0.001830476597275088,-0.5671853746919898
2025-02-05,427947.61437601026,-0.011245024191445352,-0.5720523856239897
2025-02-06,431988.6143760103,0.00944274454220806,-0.5680113856239897
2025-02-07,430660.8387600104,-0.0030736356742130377,-0.5693391612399896
2025-02-10,430660.8387600104,0.0,-0.5693391612399896
2025-02-11,430660.8387600104,0.0,-0.5693391612399896
2025-02-12,430660.8387600104,0.0,-0.5693391612399896
2025-02-13,430660.8387600104,0.0,-0.5693391612399896
2025-02-14,430660.8387600104,0.0,-0.5693391612399896
2025-02-17,430660.8387600104,0.0,-0.5693391612399896
2025-02-18,430660.8387600104,0.0,-0.5693391612399896
2025-02-19,432127.5995440104,0.003405837382900234,-0.5678724004559896
2025-02-20,430387.7382320104,-0.004026267504866565,-0.5696122617679896
2025-02-21,433155.35292601044,0.006430514738568371,-0.5668446470739896
2025-02-24,431329.8640920104,-0.004214397494267663,-0.5686701359079895
2025-02-25,431329.8640920104,0.0,-0.5686701359079895
2025-02-26,432619.8246060104,0.002990658939685309,-0.5673801753939895
2025-02-27,431402.7840360104,-0.002813187239184889,-0.5685972159639896
2025-02-28,431402.7840360104,0.0,-0.5685972159639896
2025-03-03,429188.88596401043,-0.005131858564489833,-0.5708111140359895
2025-03-04,428837.6859640104,-0.0008182877317784998,-0.5711623140359896
2025-03-05,430330.28596401034,0.0034805709685812314,-0.5696697140359896
2025-03-06,435159.2859640104,0.011221613159720478,-0.5648407140359897
2025-03-07,432971.2449920104,-0.005028138069380295,-0.5670287550079895
2025-03-10,432971.2449920104,0.0,-0.5670287550079895
2025-03-11,432971.2449920104,0.0,-0.5670287550079895
2025-03-12,432971.2449920104,0.0,-0.5670287550079895
2025-03-13,430323.72946401045,-0.006114760642011774,-0.5696762705359896
2025-03-14,439171.3294640104,0.020560334915808776,-0.5608286705359895
2025-03-17,438819.2633120105,-0.0008016601457786487,-0.5611807366879895
2025-03-18,438819.2633120105,0.0,-0.5611807366879895
2025-03-19,438819.2633120105,0.0,-0.5611807366879895
2025-03-20,438819.2633120105,0.0,-0.5611807366879895
2025-03-21,433179.6129360105,-0.012851875128348844,-0.5668203870639894
2025-03-24,434672.2129360105,0.0034456838582115346,-0.5653277870639895
2025-03-25,434847.81293601054,0.0004039825753157089,-0.5651521870639895
2025-03-26,433443.0129360105,-0.0032305555143881115,-0.5665569870639895
2025-03-27,434672.2129360105,0.002835897599718473,-0.5653277870639895
2025-03-28,433275.8101280106,-0.003212542155772713,-0.5667241898719895
2025-03-31,430528.6630880106,-0.006340411755708986,-0.5694713369119894
2025-04-01,430352.6630880106,-0.0004087997271485788,-0.5696473369119894
2025-04-02,430088.6630880106,-0.0006134503690662374,-0.5699113369119894
2025-04-03,428328.6630880107,-0.004092179476118396,-0.5716713369119892
2025-04-07,405096.6630880107,-0.05423872367660443,-0.5949033369119894
2025-04-08,403997.5589280107,-0.0027131898634307205,-0.5960024410719893
2025-04-09,403997.5589280107,0.0,-0.5960024410719893
2025-04-10,403997.5589280107,0.0,-0.5960024410719893
2025-04-11,403997.5589280107,0.0,-0.5960024410719893
2025-04-14,403997.5589280107,0.0,-0.5960024410719893
2025-04-15,403997.5589280107,0.0,-0.5960024410719893
2025-04-16,403997.5589280107,0.0,-0.5960024410719893
2025-04-17,403997.5589280107,0.0,-0.5960024410719893
2025-04-18,403997.5589280107,0.0,-0.5960024410719893
2025-04-21,403997.5589280107,0.0,-0.5960024410719893
2025-04-22,403997.5589280107,0.0,-0.5960024410719893
2025-04-23,403997.5589280107,0.0,-0.5960024410719893
2025-04-24,403997.5589280107,0.0,-0.5960024410719893
2025-04-25,403997.5589280107,0.0,-0.5960024410719893
2025-04-28,403997.5589280107,0.0,-0.5960024410719893
2025-04-29,402631.6478960107,-0.003380988329791834,-0.5973683521039892
2025-04-30,402378.4478960107,-0.0006288626374084672,-0.5976215521039894
2025-05-06,405501.24789601075,0.007760853038548232,-0.5944987521039893
2025-05-07,408133.9084000108,0.006492361041204875,-0.5918660915999892
2025-05-08,408133.9084000108,0.0,-0.5918660915999892
2025-05-09,408133.9084000108,0.0,-0.5918660915999892
2025-05-12,408133.9084000108,0.0,-0.5918660915999892
2025-05-13,408133.9084000108,0.0,-0.5918660915999892
2025-05-14,408133.9084000108,0.0,-0.5918660915999892
2025-05-15,408133.9084000108,0.0,-0.5918660915999892
2025-05-16,408133.9084000108,0.0,-0.5918660915999892
2025-05-19,407117.83838401077,-0.0024895505986828326,-0.5928821616159892
2025-05-20,408781.83838401077,0.0040872687048176815,-0.5912181616159893
2025-05-21,410113.0383840108,0.003256504753886613,-0.5898869616159892
2025-05-22,408707.5391200108,-0.0034271021217422426,-0.5912924608799892
2025-05-23,408707.5391200108,0.0,-0.5912924608799892
2025-05-26,406524.09118201083,-0.0053423236153195,-0.5934759088179892
2025-05-27,404774.79118201084,-0.004303066012431689,-0.5952252088179892
2025-05-28,404441.5911820108,-0.000823173792584897,-0.5955584088179893
2025-05-29,406440.7911820108,0.004943111795592481,-0.5935592088179893
2025-05-30,404539.9951380109,-0.00467668621171613,-0.5954600048619891
2025-06-03,404539.9951380109,0.0,-0.5954600048619891
2025-06-04,404539.9951380109,0.0,-0.5954600048619891
2025-06-05,404539.9951380109,0.0,-0.5954600048619891
2025-06-06,404539.9951380109,0.0,-0.5954600048619891
2025-06-09,404539.9951380109,0.0,-0.5954600048619891
2025-06-10,404539.9951380109,0.0,-0.5954600048619891
2025-06-11,406095.82535401086,0.0038459243454265213,-0.5939041746459892
2025-06-12,404285.1698580109,-0.004458690247361008,-0.5957148301419891
2025-06-13,404285.1698580109,0.0,-0.5957148301419891
2025-06-16,404680.84203001094,0.0009786957363264737,-0.595319157969989
2025-06-17,404598.24203001097,-0.00020411146617571596,-0.5954017579699891
2025-06-18,404846.0420300109,0.0006124594085150648,-0.5951539579699892
2025-06-19,403041.009010011,-0.004458566547789311,-0.5969589909899891
2025-06-20,402610.981846011,-0.0010669563503133972,-0.5973890181539889
2025-06-23,403684.781846011,0.002667090686589102,-0.596315218153989
2025-06-24,402788.556978011,-0.002220110611803716,-0.597211443021989
2025-06-25,402788.556978011,0.0,-0.597211443021989
2025-06-26,402788.556978011,0.0,-0.597211443021989
2025-06-27,402788.556978011,0.0,-0.597211443021989
2025-06-30,402788.556978011,0.0,-0.597211443021989
2025-07-01,402788.556978011,0.0,-0.597211443021989
2025-07-02,402788.556978011,0.0,-0.597211443021989
2025-07-03,402788.556978011,0.0,-0.597211443021989
2025-07-04,402788.556978011,0.0,-0.597211443021989
2025-07-07,402788.556978011,0.0,-0.597211443021989
2025-07-08,402788.556978011,0.0,-0.597211443021989
2025-07-09,402788.556978011,0.0,-0.597211443021989
2025-07-10,402788.556978011,0.0,-0.597211443021989
2025-07-11,402788.556978011,0.0,-0.597211443021989
2025-07-14,402788.556978011,0.0,-0.597211443021989
2025-07-15,402788.556978011,0.0,-0.597211443021989
2025-07-16,402788.556978011,0.0,-0.597211443021989
2025-07-17,404510.57406601094,0.00427523835562682,-0.5954894259339891
2025-07-18,403709.28390601097,-0.0019808880443981103,-0.596290716093989
2025-07-21,403709.28390601097,0.0,-0.596290716093989
2025-07-22,403709.28390601097,0.0,-0.596290716093989
2025-07-23,403709.28390601097,0.0,-0.596290716093989
2025-07-24,403709.28390601097,0.0,-0.596290716093989
2025-07-25,403709.28390601097,0.0,-0.596290716093989
2025-07-28,403709.28390601097,0.0,-0.596290716093989
2025-07-29,403709.28390601097,0.0,-0.596290716093989
2025-07-30,403709.28390601097,0.0,-0.596290716093989
2025-07-31,403709.28390601097,0.0,-0.596290716093989
2025-08-01,401659.607706011,-0.005077109399538093,-0.5983403922939889
2025-08-04,403141.607706011,0.0036896913993023084,-0.596858392293989
2025-08-05,405559.607706011,0.005997892437248353,-0.594440392293989
2025-08-06,404139.28386601096,-0.0035021333806734,-0.595860716133989
2025-08-07,404139.28386601096,0.0,-0.595860716133989
2025-08-08,404139.28386601096,0.0,-0.595860716133989
2025-08-11,404139.28386601096,0.0,-0.595860716133989
2025-08-12,404139.28386601096,0.0,-0.595860716133989
2025-08-13,404139.28386601096,0.0,-0.595860716133989
2025-08-14,404139.28386601096,0.0,-0.595860716133989
2025-08-15,404139.28386601096,0.0,-0.595860716133989
2025-08-18,404139.28386601096,0.0,-0.595860716133989
2025-08-19,404139.28386601096,0.0,-0.595860716133989
2025-08-20,404139.28386601096,0.0,-0.595860716133989
2025-08-21,404139.28386601096,0.0,-0.595860716133989
2025-08-22,404139.28386601096,0.0,-0.595860716133989
2025-08-25,404139.28386601096,0.0,-0.595860716133989
2025-08-26,404139.28386601096,0.0,-0.595860716133989
2025-08-27,404139.28386601096,0.0,-0.595860716133989
2025-08-28,409903.49617801094,0.014262934938814364,-0.5900965038219891
2025-08-29,408021.5758520109,-0.0045911302136899534,-0.5919784241479891
2025-09-01,408021.5758520109,0.0,-0.5919784241479891
2025-09-02,408021.5758520109,0.0,-0.5919784241479891
2025-09-03,408021.5758520109,0.0,-0.5919784241479891
2025-09-04,400620.7351120109,-0.018138356346832696,-0.5993792648879891
2025-09-05,407774.7351120109,0.017857288385235037,-0.5922252648879891
2025-09-08,406557.14913201093,-0.0029859279527593152,-0.5934428508679891
2025-09-09,406557.14913201093,0.0,-0.5934428508679891
2025-09-10,406602.6879920109,0.00011201096843871383,-0.5933973120079892
2025-09-11,404584.58547201095,-0.004963328033974035,-0.5954154145279891
2025-09-12,404584.58547201095,0.0,-0.5954154145279891
2025-09-15,404584.58547201095,0.0,-0.5954154145279891
2025-09-16,404584.58547201095,0.0,-0.5954154145279891
2025-09-17,404584.58547201095,0.0,-0.5954154145279891
2025-09-18,404584.58547201095,0.0,-0.5954154145279891
2025-09-19,404771.780996011,0.0004626857540348528,-0.595228219003989
2025-09-22,405848.780996011,0.0026607586066149658,-0.594151219003989
2025-09-23,405219.005964011,-0.001551747994547159,-0.5947809940359889
2025-09-24,405219.005964011,0.0,-0.5947809940359889
2025-09-25,405219.005964011,0.0,-0.5947809940359889
2025-09-26,405219.005964011,0.0,-0.5947809940359889
2025-09-29,405219.005964011,0.0,-0.5947809940359889
2025-09-30,405219.005964011,0.0,-0.5947809940359889
2025-10-09,405219.005964011,0.0,-0.5947809940359889
2025-10-10,405219.005964011,0.0,-0.5947809940359889
2025-10-13,411017.8839840111,0.014310478863656995,-0.5889821160159889
2025-10-14,407718.4839840111,-0.008027387927792229,-0.5922815160159889
2025-10-15,412000.68398401106,0.010502835088948004,-0.5879993160159889
2025-10-16,413053.68398401106,0.0025558209996585646,-0.5869463160159889
2025-10-17,411447.35916001105,-0.0038889008530479385,-0.5885526408399889
2025-10-20,409820.48899201106,-0.003954017766261364,-0.5901795110079889
2025-10-21,414902.4889920111,0.012400551306011254,-0.5850975110079889
2025-10-22,412227.1339800111,-0.006448153681843816,-0.5877728660199889
2025-10-23,412227.1339800111,0.0,-0.5877728660199889
2025-10-24,412227.1339800111,0.0,-0.5877728660199889
2025-10-27,412227.1339800111,0.0,-0.5877728660199889
2025-10-28,412227.1339800111,0.0,-0.5877728660199889
2025-10-29,412227.1339800111,0.0,-0.5877728660199889
2025-10-30,412227.1339800111,0.0,-0.5877728660199889
2025-10-31,412227.1339800111,0.0,-0.5877728660199889
2025-11-03,412196.25324001117,-7.491195376152504e-05,-0.5878037467599888
2025-11-04,409782.25324001117,-0.005856433630885949,-0.5902177467599888
2025-11-05,410208.25324001117,0.0010395764985715594,-0.5897917467599889
2025-11-06,415178.2532400111,0.012115797185318966,-0.5848217467599889
2025-11-07,412907.91322001116,-0.005468350045510384,-0.5870920867799888
2025-11-10,412907.91322001116,0.0,-0.5870920867799888
2025-11-11,412907.91322001116,0.0,-0.5870920867799888
2025-11-12,412876.9955600112,-7.487785777426925e-05,-0.5871230044399889
2025-11-13,416213.9955600112,0.008082310314901031,-0.5837860044399887
2025-11-14,413092.10284001124,-0.007500691359019429,-0.5869078971599888
2025-11-17,410851.1994540113,-0.005424706428890147,-0.5891488005459887
2025-11-18,408926.0994540113,-0.0046856380182369595,-0.5910739005459886
2025-11-19,409924.2994540113,0.0024410278564581667,-0.5900757005459887
2025-11-20,408426.9994540113,-0.0036526256237902066,-0.5915730005459887
2025-11-21,400441.3994540113,-0.019552086445497663,-0.5995586005459888
2025-11-24,399942.2994540113,-0.0012463746272999288,-0.6000577005459886
2025-11-25,402794.29945401126,0.0071310286606178774,-0.5972057005459888
2025-11-26,404861.9994540113,0.005133389431783986,-0.5951380005459888
2025-11-27,403879.93036601134,-0.0024256884798384837,-0.5961200696339887
2025-11-28,403879.93036601134,0.0,-0.5961200696339887
2025-12-01,403879.93036601134,0.0,-0.5961200696339887
2025-12-02,403879.93036601134,0.0,-0.5961200696339887
2025-12-03,403879.93036601134,0.0,-0.5961200696339887
2025-12-04,403708.9694660114,-0.0004232963491030972,-0.5962910305339886
2025-12-05,406619.96946601133,0.007210639892025084,-0.5933800305339887
2025-12-08,406344.6967860114,-0.0006769777695901924,-0.5936553032139886
2025-12-09,406344.6967860114,0.0,-0.5936553032139886
2025-12-10,406344.6967860114,0.0,-0.5936553032139886
2025-12-11,406344.6967860114,0.0,-0.5936553032139886
2025-12-12,406670.64051601145,0.0008021360499548269,-0.5933293594839886
2025-12-15,404750.94051601144,-0.004720527642625427,-0.5952490594839885
2025-12-16,401409.2405160115,-0.00825618835064268,-0.5985907594839885
2025-12-17,407026.14051601145,0.013992951414819155,-0.5929738594839886
2025-12-18,404691.0885360115,-0.005736859988991427,-0.5953089114639885
2025-12-19,404449.22016001155,-0.0005976617297774878,-0.5955507798399884
2025-12-22,404246.3257680115,-0.0005016560346432497,-0.5957536742319884
2025-12-23,404246.3257680115,0.0,-0.5957536742319884
2025-12-24,404246.3257680115,0.0,-0.5957536742319884
2025-12-25,404246.3257680115,0.0,-0.5957536742319884
2025-12-26,404246.3257680115,0.0,-0.5957536742319884
2025-12-29,404246.3257680115,0.0,-0.5957536742319884
2025-12-30,404246.3257680115,0.0,-0.5957536742319884
2025-12-31,404246.3257680115,0.0,-0.5957536742319884
2026-01-05,407695.4929680115,0.008532340259239213,-0.5923045070319886
2026-01-06,406926.2584560115,-0.0018867868918539532,-0.5930737415439885
2026-01-07,406926.2584560115,0.0,-0.5930737415439885
2026-01-08,406926.2584560115,0.0,-0.5930737415439885
2026-01-09,406926.2584560115,0.0,-0.5930737415439885
2026-01-12,406926.2584560115,0.0,-0.5930737415439885
2026-01-13,406926.2584560115,0.0,-0.5930737415439885
2026-01-14,406926.2584560115,0.0,-0.5930737415439885
2026-01-15,407925.14546401147,0.002454712585494123,-0.5920748545359885
2026-01-16,406825.94546401146,-0.0026946120194420997,-0.5931740545359885
2026-01-19,406963.3454640115,0.00033773657145519387,-0.5930366545359885
2026-01-20,406001.54546401143,-0.002363357807822819,-0.5939984545359885
2026-01-21,406413.7454640115,0.0010152670712841871,-0.5935862545359885
2026-01-22,406207.6454640115,-0.0005071186747501732,-0.5937923545359884
2026-01-23,404627.54546401155,-0.0038898824717960023,-0.5953724545359884
2026-01-26,405177.14546401147,0.0013582861724592554,-0.5948228545359886
2026-01-27,405039.7454640115,-0.0003391109334229814,-0.5949602545359884
2026-01-28,406070.2454640115,0.0025441947649347263,-0.5939297545359885
2026-01-29,404830.3176360115,-0.00305348112020154,-0.5951696823639885
2026-01-30,404830.3176360115,0.0,-0.5951696823639885
2026-02-02,398547.82629601157,-0.015518826200286218,-0.6014521737039884
2026-02-03,402944.6262960115,0.011032051136403265,-0.5970553737039885
2026-02-04,405898.7262960115,0.007331280298126686,-0.5941012737039886
2026-02-05,402876.40719601157,-0.00744599306230842,-0.5971235928039884
2026-02-06,402876.40719601157,0.0,-0.5971235928039884
2026-02-09,404298.3218760116,0.0035294066731195173,-0.5957016781239883
2026-02-10,403532.9851000116,-0.0018930001303214539,-0.5964670148999884
2026-02-11,403532.9851000116,0.0,-0.5964670148999884
2026-02-12,403532.9851000116,0.0,-0.5964670148999884
2026-02-13,403532.9851000116,0.0,-0.5964670148999884
2026-02-24,402121.2520000116,-0.003498432971099197,-0.5978787479999883
2026-02-25,401014.51822001167,-0.0027522389689563775,-0.5989854817799883
2026-02-26,401014.51822001167,0.0,-0.5989854817799883
2026-02-27,401014.51822001167,0.0,-0.5989854817799883
2026-03-02,401014.51822001167,0.0,-0.5989854817799883
2026-03-03,401014.51822001167,0.0,-0.5989854817799883
2026-03-04,398176.02892001165,-0.007078270663613995,-0.6018239710799884
2026-03-05,401190.0289200117,0.007569516447725411,-0.5988099710799883
2026-03-06,402080.5289200117,0.002219646391504737,-0.5979194710799882
2026-03-09,399477.5289200117,-0.00647382753646808,-0.6005224710799884
2026-03-10,403176.5289200117,0.009259594676076732,-0.5968234710799882
2026-03-11,402217.4905600117,-0.0023787058303442743,-0.5977825094399882
2026-03-12,402217.4905600117,0.0,-0.5977825094399882
2026-03-13,402217.4905600117,0.0,-0.5977825094399882
2026-03-16,401774.5885300117,-0.001101150597362932,-0.5982254114699883
2026-03-17,399438.7885300118,-0.005813707652706501,-0.6005612114699882
2026-03-18,400537.9885300117,0.0027518609398078375,-0.5994620114699883
2026-03-19,396209.8885300117,-0.010805716620998274,-0.6037901114699883
2026-03-20,394629.7885300117,-0.003988037769229735,-0.6053702114699883
2026-03-23,384599.5885300117,-0.025416733078773124,-0.6154004114699883
2026-03-24,387965.8885300117,0.008752739473451898,-0.6120341114699883
2026-03-25,392431.38853001175,0.011510032536416137,-0.6075686114699883
2026-03-26,390726.8343580118,-0.004343572460870138,-0.6092731656419883
2026-03-27,393947.69591801177,0.008243256609933303,-0.6060523040819883
2026-03-30,389613.86000601185,-0.011001043937827415,-0.6103861399939882
2026-03-31,386219.96596401185,-0.008710917116623196,-0.6137800340359881
2026-04-01,391097.6659640119,0.012629331546403222,-0.608902334035988
2026-04-02,389050.9102220119,-0.0052333622011141445,-0.6109490897779881
2026-04-03,385445.78334201185,-0.00926646560971367,-0.6145542166579882
2026-04-07,384895.3833420119,-0.0014279569884712018,-0.6151046166579881
2026-04-08,395628.18334201194,0.027884979827006884,-0.6043718166579881
2026-04-09,392473.14055801195,-0.007974767513649339,-0.607526859441988
2026-04-10,392473.14055801195,0.0,-0.607526859441988
2026-04-13,392473.14055801195,0.0,-0.607526859441988
2026-04-14,392473.14055801195,0.0,-0.607526859441988
2026-04-15,392473.14055801195,0.0,-0.607526859441988
2026-04-16,392473.14055801195,0.0,-0.607526859441988
2026-04-17,392473.14055801195,0.0,-0.607526859441988
2026-04-20,392473.14055801195,0.0,-0.607526859441988
2026-04-21,392473.14055801195,0.0,-0.607526859441988
2026-04-22,392473.14055801195,0.0,-0.607526859441988
2026-04-23,392473.14055801195,0.0,-0.607526859441988
2026-04-24,392473.14055801195,0.0,-0.607526859441988
2026-04-27,391454.835550012,-0.0025945852155694338,-0.608545164449988
2026-04-28,390665.235550012,-0.002017090934361865,-0.609334764449988
2026-04-29,394021.035550012,0.008589963207950913,-0.605978964449988
2026-04-30,393482.65995001205,-0.0013663625832779358,-0.6065173400499879
2026-05-06,393482.65995001205,0.0,-0.6065173400499879
2026-05-07,393482.65995001205,0.0,-0.6065173400499879
2026-05-08,393482.65995001205,0.0,-0.6065173400499879
2026-05-11,393482.65995001205,0.0,-0.6065173400499879
2026-05-12,393482.65995001205,0.0,-0.6065173400499879
2026-05-13,393482.65995001205,0.0,-0.6065173400499879
2026-05-14,393482.65995001205,0.0,-0.6065173400499879
2026-05-15,389084.029050012,-0.011178715983466314,-0.6109159709499881
2026-05-18,387414.82905001205,-0.004290075858614628,-0.6125851709499879
2026-05-19,388506.229050012,0.002817135324107767,-0.6114937709499879
2026-05-20,388634.629050012,0.00033049663145412467,-0.611365370949988
2026-05-21,384590.029050012,-0.010407204344828225,-0.6154099709499881
2026-05-22,388056.82905001205,0.009014274261252897,-0.611943170949988
2026-05-25,388105.300050012,0.00012490696303069093,-0.6118946999499879
2026-05-26,388105.300050012,0.0,-0.6118946999499879
2026-05-27,388105.300050012,0.0,-0.6118946999499879
2026-05-28,388105.300050012,0.0,-0.6118946999499879
2026-05-29,388105.300050012,0.0,-0.6118946999499879
2026-06-01,383881.827420012,-0.010882285373211342,-0.616118172579988
2026-06-02,388199.82742001204,0.011248253216413984,-0.611800172579988
2026-06-03,387227.12934001203,-0.002505663349890108,-0.612772870659988
2026-06-04,387227.12934001203,0.0,-0.612772870659988
2026-06-05,387227.12934001203,0.0,-0.612772870659988
2026-06-08,383216.118780012,-0.010358289117904484,-0.616783881219988
2026-06-09,388801.518780012,0.01457506541682374,-0.611198481219988
2026-06-10,386105.11878001207,-0.006935158094188321,-0.6138948812199879
2026-06-11,383986.51878001203,-0.005487106741019709,-0.616013481219988
2026-06-12,388287.918780012,0.011201955770911542,-0.611712081219988
2026-06-15,389750.56940401206,0.003766922825195529,-0.610249430595988
2026-06-16,389750.56940401206,0.0,-0.610249430595988
2026-06-17,389750.56940401206,0.0,-0.610249430595988
2026-06-18,389750.56940401206,0.0,-0.610249430595988
2026-06-22,389750.56940401206,0.0,-0.610249430595988
2026-06-23,389750.56940401206,0.0,-0.610249430595988
2026-06-24,391432.49771401205,0.004315396671701777,-0.608567502285988
2026-06-25,396575.99771401205,0.013140196662357662,-0.603424002285988
2026-06-26,392930.69893401203,-0.009191929922669706,-0.607069301065988
2026-06-29,396187.65094401204,0.00828887134254419,-0.6038123490559879
2026-06-30,400057.6509440121,0.00976809850276461,-0.5999423490559879
2026-07-01,398289.86461401207,-0.004418828950848996,-0.6017101353859879
2026-07-02,398289.86461401207,0.0,-0.6017101353859879
2026-07-03,400567.7094140121,0.005719062929727015,-0.5994322905859879
2026-07-06,400633.70941401215,0.00016476615176141962,-0.5993662905859878
2026-07-07,397267.7094140121,-0.008401689425793335,-0.602732290585988
2026-07-08,395419.7094140121,-0.004651775002619485,-0.6045802905859878
2026-07-09,403207.7094140121,0.019695528104912485,-0.5967922905859879
2026-07-10,402198.3793340121,-0.0025032509459376184,-0.597801620665988
2026-07-13,397550.17268601217,-0.011556999945392055,-0.6024498273139878
2026-07-14,403771.8726860121,0.01565010010677037,-0.5962281273139879
2026-07-15,402087.2811800121,-0.004172136842503726,-0.597912718819988
2026-07-16,402087.2811800121,0.0,-0.597912718819988
2026-07-17,392428.5881000121,-0.024021384241885158,-0.607571411899988
2026-07-20,394060.5341000121,0.004158580820783797,-0.6059394658999879
2026-07-21,394060.5341000121,0.0,-0.6059394658999879
2026-07-22,394060.5341000121,0.0,-0.6059394658999879
2026-07-23,394060.5341000121,0.0,-0.6059394658999879
2026-07-24,394060.5341000121,0.0,-0.6059394658999879
2026-07-27,396710.1214600121,0.006723807970395512,-0.6032898785399878
2026-07-28,388268.1214600121,-0.021280021716942654,-0.6117318785399879
2026-07-29,390278.1214600121,0.005176834998561697,-0.6097218785399878
2026-07-30,386794.1214600121,-0.008926967227797733,-0.6132058785399879
2026-07-31,390680.5904600121,0.010047900897071305,-0.6093194095399879
2026-08-03,390680.5904600121,0.0,-0.6093194095399879
2026-08-04,390680.5904600121,0.0,-0.6093194095399879
2026-08-05,390680.5904600121,0.0,-0.6093194095399879
2026-08-06,390680.5904600121,0.0,-0.6093194095399879
2026-08-07,390680.5904600121,0.0,-0.6093194095399879
2026-08-10,390680.5904600121,0.0,-0.6093194095399879
2026-08-11,390680.5904600121,0.0,-0.6093194095399879
2026-08-12,391311.1566980121,0.001614019875565198,-0.6086888433019879
2026-08-13,391634.6236580122,0.0008266234030473996,-0.6083653763419878
2026-08-14,390145.32543201227,-0.0038027746681060792,-0.6098546745679878
2026-08-17,395117.8254320122,0.012745250745972214,-0.6048821745679878
2026-08-18,393517.5662000122,-0.004050081087205615,-0.6064824337999878
2026-08-19,393517.5662000122,0.0,-0.6064824337999878
2026-08-20,393517.5662000122,0.0,-0.6064824337999878
2026-08-21,393517.5662000122,0.0,-0.6064824337999878
2026-08-24,393517.5662000122,0.0,-0.6064824337999878
2026-08-25,393517.5662000122,0.0,-0.6064824337999878
2026-08-26,393517.5662000122,0.0,-0.6064824337999878
2026-08-27,393517.5662000122,0.0,-0.6064824337999878
