,equity,returns,drawdown
2016-01-04,1000000.0,0.0,0.0
2016-01-05,1000000.0,0.0,0.0
2016-01-06,1000000.0,0.0,0.0
2016-01-07,1000000.0,0.0,0.0
2016-01-08,1000000.0,0.0,0.0
2016-01-11,1000000.0,0.0,0.0
2016-01-12,1000000.0,0.0,0.0
2016-01-13,1000000.0,0.0,0.0
2016-01-14,1000000.0,0.0,0.0
2016-01-15,1000000.0,0.0,0.0
2016-01-18,1000000.0,0.0,0.0
2016-01-19,1000000.0,0.0,0.0
2016-01-20,1000000.0,0.0,0.0
2016-01-21,1000000.0,0.0,0.0
2016-01-22,1000000.0,0.0,0.0
2016-01-25,1000000.0,0.0,0.0
2016-01-26,1000000.0,0.0,0.0
2016-01-27,1000000.0,0.0,0.0
2016-01-28,1000000.0,0.0,0.0
2016-01-29,1000000.0,0.0,0.0
2016-02-01,1000000.0,0.0,0.0
2016-02-02,1000000.0,0.0,0.0
2016-02-03,1000000.0,0.0,0.0
2016-02-04,1000000.0,0.0,0.0
2016-02-05,1000000.0,0.0,0.0
2016-02-15,1000000.0,0.0,0.0
2016-02-16,1000000.0,0.0,0.0
2016-02-17,1000000.0,0.0,0.0
2016-02-18,1000000.0,0.0,0.0
2016-02-19,1000000.0,0.0,0.0
2016-02-22,1000000.0,0.0,0.0
2016-02-23,1000000.0,0.0,0.0
2016-02-24,1000000.0,0.0,0.0
2016-02-25,1000000.0,0.0,0.0
2016-02-26,1000000.0,0.0,0.0
2016-02-29,1000000.0,0.0,0.0
2016-03-01,1000000.0,0.0,0.0
2016-03-02,1000000.0,0.0,0.0
2016-03-03,1000000.0,0.0,0.0
2016-03-04,1000000.0,0.0,0.0
2016-03-07,1000000.0,0.0,0.0
2016-03-08,1000000.0,0.0,0.0
2016-03-09,1000000.0,0.0,0.0
2016-03-10,1000000.0,0.0,0.0
2016-03-11,1000000.0,0.0,0.0
2016-03-14,1000000.0,0.0,0.0
2016-03-15,1000000.0,0.0,0.0
2016-03-16,1000000.0,0.0,0.0
2016-03-17,1000000.0,0.0,0.0
2016-03-18,1000000.0,0.0,0.0
2016-03-21,1000000.0,0.0,0.0
2016-03-22,1000000.0,0.0,0.0
2016-03-23,1000000.0,0.0,0.0
2016-03-24,1000000.0,0.0,0.0
2016-03-25,1000000.0,0.0,0.0
2016-03-28,1000000.0,0.0,0.0
2016-03-29,1000000.0,0.0,0.0
2016-03-30,1000000.0,0.0,0.0
2016-03-31,1000000.0,0.0,0.0
2016-04-01,1000000.0,0.0,0.0
2016-04-05,1000000.0,0.0,0.0
2016-04-06,1000000.0,0.0,0.0
2016-04-07,1000000.0,0.0,0.0
2016-04-08,1000000.0,0.0,0.0
2016-04-11,1000000.0,0.0,0.0
2016-04-12,1000000.0,0.0,0.0
2016-04-13,1000000.0,0.0,0.0
2016-04-14,1000000.0,0.0,0.0
2016-04-15,1000000.0,0.0,0.0
2016-04-18,1000000.0,0.0,0.0
2016-04-19,1000000.0,0.0,0.0
2016-04-20,1000000.0,0.0,0.0
2016-04-21,1000000.0,0.0,0.0
2016-04-22,1000000.0,0.0,0.0
2016-04-25,1000000.0,0.0,0.0
2016-04-26,1000000.0,0.0,0.0
2016-04-27,1000000.0,0.0,0.0
2016-04-28,1000000.0,0.0,0.0
2016-04-29,1000000.0,0.0,0.0
2016-05-03,1000000.0,0.0,0.0
2016-05-04,1000000.0,0.0,0.0
2016-05-05,1000000.0,0.0,0.0
2016-05-06,1000000.0,0.0,0.0
2016-05-09,1000000.0,0.0,0.0
2016-05-10,1000000.0,0.0,0.0
2016-05-11,1000000.0,0.0,0.0
2016-05-12,1000000.0,0.0,0.0
2016-05-13,1000000.0,0.0,0.0
2016-05-16,1000000.0,0.0,0.0
2016-05-17,1000000.0,0.0,0.0
2016-05-18,1000000.0,0.0,0.0
2016-05-19,1000000.0,0.0,0.0
2016-05-20,1000000.0,0.0,0.0
2016-05-23,1000000.0,0.0,0.0
2016-05-24,1000000.0,0.0,0.0
2016-05-25,1000000.0,0.0,0.0
2016-05-26,1000000.0,0.0,0.0
2016-05-27,1000000.0,0.0,0.0
2016-05-30,1000000.0,0.0,0.0
2016-05-31,1000000.0,0.0,0.0
2016-06-01,1000000.0,0.0,0.0
2016-06-02,1000000.0,0.0,0.0
2016-06-03,1000000.0,0.0,0.0
2016-06-06,1000000.0,0.0,0.0
2016-06-07,1000000.0,0.0,0.0
2016-06-08,1000000.0,0.0,0.0
2016-06-13,1000000.0,0.0,0.0
2016-06-14,1000000.0,0.0,0.0
2016-06-15,1000000.0,0.0,0.0
2016-06-16,1000000.0,0.0,0.0
2016-06-17,1000000.0,0.0,0.0
2016-06-20,1000000.0,0.0,0.0
2016-06-21,1000000.0,0.0,0.0
2016-06-22,1000000.0,0.0,0.0
2016-06-23,1000000.0,0.0,0.0
2016-06-24,1000000.0,0.0,0.0
2016-06-27,1000000.0,0.0,0.0
2016-06-28,1000000.0,0.0,0.0
2016-06-29,1000000.0,0.0,0.0
2016-06-30,1000000.0,0.0,0.0
2016-07-01,1000000.0,0.0,0.0
2016-07-04,1000000.0,0.0,0.0
2016-07-05,1000000.0,0.0,0.0
2016-07-06,1000000.0,0.0,0.0
2016-07-07,1000000.0,0.0,0.0
2016-07-08,1000000.0,0.0,0.0
2016-07-11,1000000.0,0.0,0.0
2016-07-12,1000000.0,0.0,0.0
2016-07-13,1000000.0,0.0,0.0
2016-07-14,1000000.0,0.0,0.0
2016-07-15,1000000.0,0.0,0.0
2016-07-18,1000000.0,0.0,0.0
2016-07-19,1000000.0,0.0,0.0
2016-07-20,1000000.0,0.0,0.0
2016-07-21,1000000.0,0.0,0.0
2016-07-22,1000000.0,0.0,0.0
2016-07-25,1000000.0,0.0,0.0
2016-07-26,1000000.0,0.0,0.0
2016-07-27,1000000.0,0.0,0.0
2016-07-28,1000000.0,0.0,0.0
2016-07-29,1000000.0,0.0,0.0
2016-08-01,1000000.0,0.0,0.0
2016-08-02,1000000.0,0.0,0.0
2016-08-03,1000000.0,0.0,0.0
2016-08-04,1000000.0,0.0,0.0
2016-08-05,1000000.0,0.0,0.0
2016-08-08,1000000.0,0.0,0.0
2016-08-09,1000000.0,0.0,0.0
2016-08-10,1000000.0,0.0,0.0
2016-08-11,1000000.0,0.0,0.0
2016-08-12,1000000.0,0.0,0.0
2016-08-15,1000000.0,0.0,0.0
2016-08-16,1000000.0,0.0,0.0
2016-08-17,1000000.0,0.0,0.0
2016-08-18,1000000.0,0.0,0.0
2016-08-19,1000000.0,0.0,0.0
2016-08-22,1000000.0,0.0,0.0
2016-08-23,1000000.0,0.0,0.0
2016-08-24,1000000.0,0.0,0.0
2016-08-25,1000000.0,0.0,0.0
2016-08-26,1000000.0,0.0,0.0
2016-08-29,1000000.0,0.0,0.0
2016-08-30,1000000.0,0.0,0.0
2016-08-31,1000000.0,0.0,0.0
2016-09-01,1000000.0,0.0,0.0
2016-09-02,1000000.0,0.0,0.0
2016-09-05,1000000.0,0.0,0.0
2016-09-06,1000000.0,0.0,0.0
2016-09-07,1000000.0,0.0,0.0
2016-09-08,1000000.0,0.0,0.0
2016-09-09,1000000.0,0.0,0.0
2016-09-12,1000000.0,0.0,0.0
2016-09-13,1000000.0,0.0,0.0
2016-09-14,1000000.0,0.0,0.0
2016-09-19,1000000.0,0.0,0.0
2016-09-20,1000000.0,0.0,0.0
2016-09-21,1000000.0,0.0,0.0
2016-09-22,1000000.0,0.0,0.0
2016-09-23,1000000.0,0.0,0.0
2016-09-26,1000000.0,0.0,0.0
2016-09-27,1000000.0,0.0,0.0
2016-09-28,1000000.0,0.0,0.0
2016-09-29,1000000.0,0.0,0.0
2016-09-30,1000000.0,0.0,0.0
2016-10-10,1000000.0,0.0,0.0
2016-10-11,1000000.0,0.0,0.0
2016-10-12,1000000.0,0.0,0.0
2016-10-13,1000000.0,0.0,0.0
2016-10-14,1000000.0,0.0,0.0
2016-10-17,1000000.0,0.0,0.0
2016-10-18,1000000.0,0.0,0.0
2016-10-19,1000000.0,0.0,0.0
2016-10-20,1000000.0,0.0,0.0
2016-10-21,1000000.0,0.0,0.0
2016-10-24,1000000.0,0.0,0.0
2016-10-25,1000000.0,0.0,0.0
2016-10-26,1000000.0,0.0,0.0
2016-10-27,1000000.0,0.0,0.0
2016-10-28,1000000.0,0.0,0.0
2016-10-31,1000000.0,0.0,0.0
2016-11-01,1000000.0,0.0,0.0
2016-11-02,1000000.0,0.0,0.0
2016-11-03,1000000.0,0.0,0.0
2016-11-04,1000000.0,0.0,0.0
2016-11-07,1000000.0,0.0,0.0
2016-11-08,1000000.0,0.0,0.0
2016-11-09,1000000.0,0.0,0.0
2016-11-10,1000000.0,0.0,0.0
2016-11-11,1000000.0,0.0,0.0
2016-11-14,1000000.0,0.0,0.0
2016-11-15,1000000.0,0.0,0.0
2016-11-16,1000000.0,0.0,0.0
2016-11-17,1000000.0,0.0,0.0
2016-11-18,1000000.0,0.0,0.0
2016-11-21,1000000.0,0.0,0.0
2016-11-22,1000000.0,0.0,0.0
2016-11-23,1000000.0,0.0,0.0
2016-11-24,1000000.0,0.0,0.0
2016-11-25,1000000.0,0.0,0.0
2016-11-28,1000000.0,0.0,0.0
2016-11-29,1000000.0,0.0,0.0
2016-11-30,1000000.0,0.0,0.0
2016-12-01,1000000.0,0.0,0.0
2016-12-02,1000000.0,0.0,0.0
2016-12-05,1000000.0,0.0,0.0
2016-12-06,1000000.0,0.0,0.0
2016-12-07,1000000.0,0.0,0.0
2016-12-08,1000000.0,0.0,0.0
2016-12-09,1000000.0,0.0,0.0
2016-12-12,1000000.0,0.0,0.0
2016-12-13,1000000.0,0.0,0.0
2016-12-14,1000000.0,0.0,0.0
2016-12-15,1000000.0,0.0,0.0
2016-12-16,1000000.0,0.0,0.0
2016-12-19,1000000.0,0.0,0.0
2016-12-20,1000000.0,0.0,0.0
2016-12-21,1000000.0,0.0,0.0
2016-12-22,1000000.0,0.0,0.0
2016-12-23,1000000.0,0.0,0.0
2016-12-26,1000000.0,0.0,0.0
2016-12-27,1000000.0,0.0,0.0
2016-12-28,1000000.0,0.0,0.0
2016-12-29,1000000.0,0.0,0.0
2016-12-30,1000000.0,0.0,0.0
2017-01-03,1000000.0,0.0,0.0
2017-01-04,1000000.0,0.0,0.0
2017-01-05,1000000.0,0.0,0.0
2017-01-06,1000000.0,0.0,0.0
2017-01-09,1000000.0,0.0,0.0
2017-01-10,1000000.0,0.0,0.0
2017-01-11,1000000.0,0.0,0.0
2017-01-12,1000000.0,0.0,0.0
2017-01-13,1000000.0,0.0,0.0
2017-01-16,1000000.0,0.0,0.0
2017-01-17,1000000.0,0.0,0.0
2017-01-18,1004310.3831120001,0.00431038311200016,0.0
2017-01-19,1001093.1831119999,-0.00320339215256471,-0.00320339215256471
2017-01-20,1008868.083112,0.0077664098918655,0.0
2017-01-23,1009136.1831120001,0.00026574336574625157,0.0
2017-01-24,1009672.3831120001,0.0005313455299427172,0.0
2017-01-25,1012353.3831120001,0.0026553167590230853,0.0
2017-01-26,1016106.7831120001,0.003707598613897023,0.0
2017-02-03,1010744.7831120001,-0.005277004434098953,-0.005277004434098953
2017-02-06,1007122.537632,-0.0035837389819094456,-0.008841832009510164
2017-02-07,1007122.537632,0.0,-0.008841832009510164
2017-02-08,1007122.537632,0.0,-0.008841832009510164
2017-02-09,1008465.2580740001,0.0013332245003245813,-0.007520395656248291
2017-02-10,1013240.6580740002,0.0047353143420332255,-0.0028206927516238878
2017-02-13,1018016.0580740002,0.004712996820594784,0.0
2017-02-14,1019077.2580740001,0.0010424197060385776,0.0
2017-02-15,1015893.6580740002,-0.003124002596247566,-0.003124002596247566
2017-02-16,1019873.158074,0.0039172407154746125,0.0
2017-02-17,1014567.1580740002,-0.005202607753713284,-0.005202607753713284
2017-02-20,1010700.7289340002,-0.0038109149396672315,-0.00899369599776667
2017-02-21,1007853.4924020004,-0.002817091598422916,-0.011785451530755497
2017-02-22,1010710.1924020003,0.0028344397489674655,-0.008984416934066264
2017-02-23,1006814.6924020002,-0.003854220556282595,-0.01280400956591543
2017-02-24,1006035.5924020003,-0.0007738266096823931,-0.01356792809228502
2017-02-27,1002494.1154420003,-0.0035202302848394984,-0.01704039614575159
2017-02-28,1002494.1154420003,0.0,-0.01704039614575159
2017-03-01,1002494.1154420003,0.0,-0.01704039614575159
2017-03-02,1002494.1154420003,0.0,-0.01704039614575159
2017-03-03,1002494.1154420003,0.0,-0.01704039614575159
2017-03-06,1002494.1154420003,0.0,-0.01704039614575159
2017-03-07,1001466.3512880005,-0.0010252071689684783,-0.018048133378429365
2017-03-08,1002505.9512880004,0.0010380778132614843,-0.017028790931998827
2017-03-09,994449.0512880004,-0.008036760270249466,-0.02492869489183569
2017-03-10,989882.2756160005,-0.004592267111205972,-0.029406482777364573
2017-03-13,989882.2756160005,0.0,-0.029406482777364573
2017-03-14,985806.3776640005,-0.004117558271728439,-0.033402958142690675
2017-03-15,987338.7776640006,0.0015544634673914093,-0.03190041835343482
2017-03-16,992702.1776640004,0.005432178013598632,-0.02664152909104034
2017-03-17,982741.5776640006,-0.010033825072731095,-0.036408037721201825
2017-03-20,979267.7494560006,-0.003534833863707343,-0.039814175220261205
2017-03-21,979267.7494560006,0.0,-0.039814175220261205
2017-03-22,975493.9520220007,-0.003853693166242178,-0.043514436771537546
2017-03-23,972563.7095460007,-0.0030038550930286956,-0.046387580802049744
2017-03-24,977847.0042060007,0.0054323378593534866,-0.04120723595409104
2017-03-27,973829.4042060009,-0.004108618201742242,-0.04514654935614881
2017-03-28,972573.9042060007,-0.0012892401837298895,-0.04637758479429199
2017-03-29,970816.2042060008,-0.0018072662575034926,-0.04810103440769231
2017-03-30,965387.3167440009,-0.005592085750608211,-0.05342413504919963
2017-03-31,965387.3167440009,0.0,-0.05342413504919963
2017-04-05,965387.3167440009,0.0,-0.05342413504919963
2017-04-06,962201.2314480009,-0.0033003181632278444,-0.056548136569169904
2017-04-07,963920.4314480008,0.0017867364370474093,-0.05486243674817781
2017-04-10,961710.0314480008,-0.002293135333462648,-0.057029765089453455
2017-04-11,963920.431448001,0.002298405889217925,-0.0548624367481777
2017-04-12,960727.6314480009,-0.0033123065927794793,-0.05799302213002022
2017-04-13,956141.459144001,-0.004773644635459928,-0.06248982868649511
2017-04-14,946423.789468001,-0.010163422559565483,-0.07201814071144497
2017-04-17,941160.820328001,-0.005560901150802988,-0.07717855610068691
2017-04-18,941160.820328001,0.0,-0.07717855610068691
2017-04-19,941160.820328001,0.0,-0.07717855610068691
2017-04-20,941160.820328001,0.0,-0.07717855610068691
2017-04-21,941160.820328001,0.0,-0.07717855610068691
2017-04-24,931701.9199040012,-0.010050248820072438,-0.08645314122837355
2017-04-25,929859.3301280013,-0.0019776601685974615,-0.08825982646311348
2017-04-26,929859.3301280013,0.0,-0.08825982646311348
2017-04-27,929859.3301280013,0.0,-0.08825982646311348
2017-04-28,924811.2754460014,-0.005428836941717807,-0.09320951519845877
2017-05-02,920093.5187540016,-0.005101318309213565,-0.09783534210119749
2017-05-03,920093.5187540016,0.0,-0.09783534210119749
2017-05-04,920093.5187540016,0.0,-0.09783534210119749
2017-05-05,920093.5187540016,0.0,-0.09783534210119749
2017-05-08,920093.5187540016,0.0,-0.09783534210119749
2017-05-09,920093.5187540016,0.0,-0.09783534210119749
2017-05-10,920093.5187540016,0.0,-0.09783534210119749
2017-05-11,920093.5187540016,0.0,-0.09783534210119749
2017-05-12,924511.2474440017,0.004801390945545103,-0.09350369688137139
2017-05-15,927934.2474440017,0.003702496870063632,-0.09014739715635045
2017-05-16,937714.2474440017,0.01053953987250611,-0.08055796937057635
2017-05-17,932090.7474440017,-0.005997029495209638,-0.08607189034739648
2017-05-18,928423.2474440017,-0.003934702720799543,-0.08966792576706184
2017-05-19,924622.5389540017,-0.00409372395667984,-0.0933945739878832
2017-05-22,924622.5389540017,0.0,-0.0933945739878832
2017-05-23,924622.5389540017,0.0,-0.0933945739878832
2017-05-24,923188.4231120019,-0.001551028426824086,-0.0948007447755409
2017-05-25,940788.7231120019,0.01906468881040624,-0.07754340266327509
2017-05-26,939342.1231120018,-0.0015376459819957944,-0.07896181434373528
2017-05-31,939824.3231120018,0.0005133379927670934,-0.0784890104502487
2017-06-01,941753.1231120017,0.0020522984483026807,-0.0765977948763018
2017-06-02,939583.2231120018,-0.0023041070390396046,-0.07872541239699193
2017-06-05,933640.2527720019,-0.006325113298975338,-0.08455257854304787
2017-06-06,933640.2527720019,0.0,-0.08455257854304787
2017-06-07,941527.9887080019,0.008448367465499818,-0.0768185423312352
2017-06-08,947497.9887080019,0.00634075680340862,-0.07096487322274125
2017-06-09,952751.588708002,0.005544708339870752,-0.06581364440726645
2017-06-12,951079.9887080019,-0.0017544972055799635,-0.0674526717576448
2017-06-13,952751.5887080019,0.001757580876315945,-0.06581364440726656
2017-06-14,944154.7887080018,-0.009023128485839527,-0.07424292792349796
2017-06-15,940396.0480520019,-0.00398106401720788,-0.0779284260918175
2017-06-16,940396.0480520019,0.0,-0.0779284260918175
2017-06-19,940396.0480520019,0.0,-0.0779284260918175
2017-06-20,934513.383220002,-0.00625551845330008,-0.08369646183766355
2017-06-21,945106.3832200019,0.011335311179279328,-0.07330987609791884
2017-06-22,946047.9832200019,0.0009962899592232954,-0.07238662403216367
2017-06-23,954286.9832200019,0.008708860592839596,-0.06430816845680654
2017-06-26,964879.9832200019,0.011100434341309473,-0.05392158271706171
2017-06-27,965350.783220002,0.00048793633217347754,-0.05345995668418413
2017-06-28,959465.783220002,-0.006096229580267343,-0.059230282095153464
2017-06-29,964644.5832200019,0.005397586959922318,-0.0541523957335005
2017-06-30,963232.1832200019,-0.0014641662064647232,-0.05553727383213314
2017-07-03,959957.717432002,-0.003399456377229493,-0.058747933669660024
2017-07-04,959957.717432002,0.0,-0.058747933669660024
2017-07-05,959957.717432002,0.0,-0.058747933669660024
2017-07-06,956685.818204002,-0.003408378482286367,-0.061956076958948
2017-07-07,956219.0182040021,-0.00048793448289663477,-0.06241378093547134
2017-07-10,957152.618204002,0.0009763453583608861,-0.06149837298242444
2017-07-11,964154.618204002,0.00731544778421922,-0.054632813334572705
2017-07-12,959019.818204002,-0.00532570181488623,-0.05966755707633076
2017-07-13,967889.018204002,0.009248192614631945,-0.05097118152238522
2017-07-14,973724.0182040021,0.006028583742821558,-0.045249881815841886
2017-07-17,961820.618204002,-0.01222461372777417,-0.05692133321718995
2017-07-18,956936.349764002,-0.0050781490306585075,-0.061710427234747844
2017-07-19,956936.349764002,0.0,-0.061710427234747844
2017-07-20,959195.5658360021,0.002360884370791405,-0.05949523404712964
2017-07-21,954884.465836002,-0.00449449533916757,-0.06372232833416969
2017-07-24,959195.5658360021,0.0045147870284241165,-0.05949523404712964
2017-07-25,952615.465836002,-0.00686001920188728,-0.06594711480103288
2017-07-26,949207.464140002,-0.0035775208551849236,-0.06928870847767776
2017-07-27,949207.464140002,0.0,-0.06928870847767776
2017-07-28,949207.464140002,0.0,-0.06928870847767776
2017-07-31,949874.4751000021,0.0007027030287887204,-0.06863469483419715
2017-08-01,956639.4751000021,0.007121993671098226,-0.06200151702532575
2017-08-02,956639.4751000021,0.0,-0.06200151702532575
2017-08-03,948070.4751000021,-0.008957397455404248,-0.0704035422498962
2017-08-04,944680.6598800021,-0.0035754886467088687,-0.07372730383060255
2017-08-07,944680.6598800021,0.0,-0.07372730383060255
2017-08-08,944680.6598800021,0.0,-0.07372730383060255
2017-08-09,944680.6598800021,0.0,-0.07372730383060255
2017-08-10,941981.000420002,-0.002857748204925681,-0.0763743579653523
2017-08-11,933239.532100002,-0.009279877530547265,-0.08494549080750691
2017-08-14,933239.532100002,0.0,-0.08494549080750691
2017-08-15,933239.532100002,0.0,-0.08494549080750691
2017-08-16,930335.146948002,-0.003112154009876189,-0.0877932813675456
2017-08-17,936796.346948002,0.0069450240821236076,-0.08145798373876822
2017-08-18,937241.946948002,0.0004756636823486371,-0.08102106666092146
2017-08-21,940806.7469480021,0.0038035002718437294,-0.07752573003814756
2017-08-22,942143.5469480021,0.001420908177302671,-0.07621497880460748
2017-08-23,944371.5469480022,0.0023648201032819838,-0.07403039341537376
2017-08-24,939915.5469480021,-0.004718481845838007,-0.07839956419384109
2017-08-25,936340.7120360021,-0.003803357571441235,-0.0819047401892079
2017-08-28,942863.6705600022,0.006966436939195297,-0.07550888745756179
2017-08-29,941120.4705600021,-0.0018488356847652376,-0.07721811961667857
2017-08-30,940248.870560002,-0.0009261301047691628,-0.07807273569623707
2017-08-31,938723.5705600021,-0.0016222300794591638,-0.07956831383546414
2017-09-01,935419.9973760023,-0.003519218316877959,-0.0828075138848492
2017-09-04,935419.9973760023,0.0,-0.0828075138848492
2017-09-05,936050.0208360022,0.0006735193407958473,-0.08218976700621805
2017-09-06,933465.2208360023,-0.0027613908898708184,-0.08472419982223733
2017-09-07,929803.4208360022,-0.003922802819285143,-0.08831464631159802
2017-09-08,926966.9216280022,-0.0030506439796162965,-0.0910958737471319
2017-09-11,926966.9216280022,0.0,-0.0910958737471319
2017-09-12,926966.9216280022,0.0,-0.0910958737471319
2017-09-13,924814.9358040025,-0.002321534645724266,-0.09320592616586965
2017-09-14,922038.1358040024,-0.003002546663658734,-0.09592861768688588
2017-09-15,918371.4782040026,-0.003976687576813243,-0.09952382712148278
2017-09-18,919838.7227040025,0.0015976590462818407,-0.0980851732179221
2017-09-19,914543.7227040025,-0.005756443895332586,-0.10327699531666179
2017-09-20,910909.0313760026,-0.003974322099388972,-0.10684086137120519
2017-09-21,908796.2283840027,-0.002319444553984029,-0.10891249447113871
2017-09-22,906489.5283840026,-0.0025381927520780057,-0.1111742463191393
2017-09-25,902260.4539620028,-0.004665331798745731,-0.11532091337133077
2017-09-26,902260.4539620028,0.0,-0.11532091337133077
2017-09-27,902260.4539620028,0.0,-0.11532091337133077
2017-09-28,902260.4539620028,0.0,-0.11532091337133077
2017-09-29,902662.5545520028,0.0004456591090016282,-0.11492664807783148
2017-10-09,911211.0545520029,0.00947031640660323,-0.10654472339207577
2017-10-10,912253.5545520028,0.0011440818181387424,-0.10552253745478857
2017-10-11,915381.0545520028,0.003428323172208314,-0.10245597964292685
2017-10-12,918925.5545520029,0.003872157919780017,-0.09898054745614993
2017-10-13,920593.5545520029,0.001815163363057426,-0.09734504995649029
2017-10-16,917674.5545520028,-0.0031707804009345475,-0.10020717058089479
2017-10-17,917257.5545520029,-0.0004544094613186944,-0.10061604495580956
2017-10-18,913865.1386220028,-0.003698433349679009,-0.10394235656931128
2017-10-19,908905.3997820029,-0.005427210898403034,-0.10880545037733558
2017-10-20,908493.7997820027,-0.00045285240917147807,-0.10920902997617266
2017-10-23,910963.3997820028,0.0027183454643198157,-0.1067875523831513
2017-10-24,916314.1997820027,0.005873781538622058,-0.10154101759827205
2017-10-25,918989.5997820027,0.0029197408494121557,-0.09891775020583238
2017-10-26,924957.7997820027,0.00649430635712922,-0.09306584602269774
2017-10-27,929073.7997820028,0.004449932743926466,-0.08903005003432884
2017-10-30,925369.3997820029,-0.003987196712326946,-0.09266226642386066
2017-10-31,924751.9997820026,-0.0006671930151846972,-0.09326763582211617
2017-11-01,921870.7997820028,-0.003115646141537476,-0.09609269301397416
2017-11-02,918708.1477020028,-0.0034306890735099627,-0.0991937179355169
2017-11-03,918708.1477020028,0.0,-0.0991937179355169
2017-11-06,918708.1477020028,0.0,-0.0991937179355169
2017-11-07,924767.6372940028,0.006595663276914188,-0.09325230302129062
2017-11-08,922942.4372940027,-0.001973684984631241,-0.09504193733566635
2017-11-09,929229.2372940029,0.006811692415436665,-0.0888776413639275
2017-11-10,936732.8372940029,0.008075079537801733,-0.0815202558492717
2017-11-13,938558.037294003,0.0019484744500606332,-0.07973062153489585
2017-11-14,932068.4372940027,-0.0069144365528109875,-0.08609376576378758
2017-11-15,925984.4372940027,-0.006527417683687697,-0.09205921347837343
2017-11-16,922645.4123580029,-0.003605919064641583,-0.09533317447005751
2017-11-17,922816.8747780027,0.00018583782859948883,-0.09516505315159507
2017-11-20,929406.9747780027,0.007141286836118255,-0.08870336725680672
2017-11-21,945982.0747780029,0.017834060266181284,-0.07245124818809645
2017-11-22,945782.3747780028,-0.0002111033658295236,-0.07264705685157502
2017-11-23,918623.1747780028,-0.028716119822358666,-0.09927703508464214
2017-11-24,913534.3674560026,-0.005539602594099469,-0.10426668235765224
2017-11-27,913534.3674560026,0.0,-0.10426668235765224
2017-11-28,913534.3674560026,0.0,-0.10426668235765224
2017-11-29,913534.3674560026,0.0,-0.10426668235765224
2017-11-30,913534.3674560026,0.0,-0.10426668235765224
2017-12-01,913534.3674560026,0.0,-0.10426668235765224
2017-12-04,913534.3674560026,0.0,-0.10426668235765224
2017-12-05,913534.3674560026,0.0,-0.10426668235765224
2017-12-06,906883.1244800027,-0.0072807802453258574,-0.11078831980182291
2017-12-07,902789.5152800028,-0.004513932489753958,-0.11480216129533805
2017-12-08,902789.5152800028,0.0,-0.11480216129533805
2017-12-11,902789.5152800028,0.0,-0.11480216129533805
2017-12-12,888572.1877040028,-0.01574821964075479,-0.12874245128478046
2017-12-13,885539.508554003,-0.003412980050429004,-0.13171603591733128
2017-12-14,880640.231054003,-0.005532534068412143,-0.13651984652967464
2017-12-15,875493.635054003,-0.005844152718119888,-0.14156615641562076
2017-12-18,875493.635054003,0.0,-0.14156615641562076
2017-12-19,875493.635054003,0.0,-0.14156615641562076
2017-12-20,872184.3235900031,-0.0037799377762418596,-0.14481098292938988
2017-12-21,881849.3235900031,0.011081373212737722,-0.13533431426379616
2017-12-22,878176.623590003,-0.004164770445191812,-0.13893544835672178
2017-12-25,874503.923590003,-0.004182188299417411,-0.1425365824496474
2017-12-26,872104.254864003,-0.002744034259044681,-0.1448894914432831
2017-12-27,856728.263526003,-0.017630909667328498,-0.1599658675752299
2017-12-28,854742.8315840029,-0.0023174582029413804,-0.16191261156616843
2017-12-29,854742.8315840029,0.0,-0.16191261156616843
2018-01-02,862086.757332003,0.008591971148082411,-0.15471178890517323
2018-01-03,866242.5573320029,0.004820628509433655,-0.15063696845608132
2018-01-04,868698.2573320031,0.0028348872717172124,-0.14822912000889032
2018-01-05,871720.657332003,0.0034792288052729603,-0.14526561422773254
2018-01-08,874931.9573320029,0.0036838636012463954,-0.14211688933525246
2018-01-09,881354.557332003,0.00734068511977215,-0.13581943955029196
2018-01-10,884754.757332003,0.0038579252489405746,-0.13248549554648947
2018-01-11,883621.357332003,-0.0012810329536038223,-0.1335968102144237
2018-01-12,887966.0573320029,0.004916925065186595,-0.12933677065400928
2018-01-15,886454.857332003,-0.0017018668534927173,-0.13081852354458823
2018-01-16,894577.5573320029,0.009163128762639028,-0.1228541017577266
2018-01-17,892121.857332003,-0.0027450945755043143,-0.12526195020491726
2018-01-18,897411.057332003,0.00592878647298023,-0.120075815087891
2018-01-19,899677.857332003,0.0025259327723674563,-0.11785318575202264
2018-01-22,910067.357332003,0.011548022345253761,-0.10766613462929253
2018-01-23,918378.9573320032,0.009132950361352199,-0.09951649373110827
2018-01-24,918945.657332003,0.0006170655321264817,-0.09896083639714137
2018-01-25,913656.4573320032,-0.005755726639327219,-0.10414697151416741
2018-01-26,917812.257332003,0.004548536779497292,-0.10007215106507561
2018-01-29,902133.5573320031,-0.017082687526506102,-0.11544533730483175
2018-01-30,897272.5936320031,-0.005388297176724066,-0.12021158069649018
2018-01-31,897272.5936320031,0.0,-0.12021158069649018
2018-02-01,897272.5936320031,0.0,-0.12021158069649018
2018-02-02,897272.5936320031,0.0,-0.12021158069649018
2018-02-05,897272.5936320031,0.0,-0.12021158069649018
2018-02-06,884450.892564003,-0.014289638576945762,-0.13278343923251978
2018-02-07,892235.0198160029,0.00880108473793717,-0.1251509927950628
2018-02-08,892235.0198160029,0.0,-0.1251509927950628
2018-02-09,892235.0198160029,0.0,-0.1251509927950628
2018-02-12,892235.0198160029,0.0,-0.1251509927950628
2018-02-13,892235.0198160029,0.0,-0.1251509927950628
2018-02-14,892235.0198160029,0.0,-0.1251509927950628
2018-02-22,896015.5085280029,0.00423709967445518,-0.12144417035143729
2018-02-23,900419.908528003,0.004915539918763034,-0.11712559409993772
2018-02-26,910830.308528003,0.011561716818343948,-0.10691805023275747
2018-02-27,899018.508528003,-0.012968167494436078,-0.11849968654359666
2018-02-28,890810.308528003,-0.009130179103252867,-0.1265479422850272
2018-03-01,883730.219512003,-0.007947919942349335,-0.13349006931322605
2018-03-02,883730.219512003,0.0,-0.13349006931322605
2018-03-05,883730.219512003,0.0,-0.13349006931322605
2018-03-06,883730.219512003,0.0,-0.13349006931322605
2018-03-07,875779.6977280031,-0.008996548503671375,-0.14128566793356256
2018-03-08,883704.9977280031,0.009049421927181278,-0.13351479962777568
2018-03-09,889503.9977280031,0.00656214462395166,-0.12782879842841954
2018-03-12,891823.5977280032,0.002607745446816301,-0.12555439794867695
2018-03-13,883318.3977280031,-0.009536863592382816,-0.13389386637439948
2018-03-14,878591.5787040032,-0.005351206355667215,-0.13852857902133908
2018-03-15,878591.5787040032,0.0,-0.13852857902133908
2018-03-16,868809.3231200032,-0.011134019288495445,-0.14812021843900314
2018-03-19,865666.8724540031,-0.003616962413242941,-0.15120143558951082
2018-03-20,865666.8724540031,0.0,-0.15120143558951082
2018-03-21,865666.8724540031,0.0,-0.15120143558951082
2018-03-22,865666.8724540031,0.0,-0.15120143558951082
2018-03-23,865666.8724540031,0.0,-0.15120143558951082
2018-03-26,865666.8724540031,0.0,-0.15120143558951082
2018-03-27,865666.8724540031,0.0,-0.15120143558951082
2018-03-28,865666.8724540031,0.0,-0.15120143558951082
2018-03-29,865666.8724540031,0.0,-0.15120143558951082
2018-03-30,862100.1042220033,-0.004120254968159598,-0.15469870209148995
2018-04-02,859536.5042220033,-0.0029736685884216296,-0.15721234800883255
2018-04-03,851808.7449980032,-0.008990612017106492,-0.1647895248006933
2018-04-04,851808.7449980032,0.0,-0.1647895248006933
2018-04-09,851808.7449980032,0.0,-0.1647895248006933
2018-04-10,851808.7449980032,0.0,-0.1647895248006933
2018-04-11,848705.4053500033,-0.003643235252306809,-0.16783239304703534
2018-04-12,840800.6053500032,-0.009313950341508836,-0.1755831608140075
2018-04-13,835595.0053500034,-0.0061912419744666325,-0.1806873249532328
2018-04-16,831317.5137020034,-0.00511909671624744,-0.18488146577764464
2018-04-17,831317.5137020034,0.0,-0.18488146577764464
2018-04-18,831317.5137020034,0.0,-0.18488146577764464
2018-04-19,831317.5137020034,0.0,-0.18488146577764464
2018-04-20,831317.5137020034,0.0,-0.18488146577764464
2018-04-23,831317.5137020034,0.0,-0.18488146577764464
2018-04-24,831317.5137020034,0.0,-0.18488146577764464
2018-04-25,831317.5137020034,0.0,-0.18488146577764464
2018-04-26,831317.5137020034,0.0,-0.18488146577764464
2018-04-27,831317.5137020034,0.0,-0.18488146577764464
2018-05-02,831317.5137020034,0.0,-0.18488146577764464
2018-05-03,831317.5137020034,0.0,-0.18488146577764464
2018-05-04,831317.5137020034,0.0,-0.18488146577764464
2018-05-07,831317.5137020034,0.0,-0.18488146577764464
2018-05-08,831317.5137020034,0.0,-0.18488146577764464
2018-05-09,831317.5137020034,0.0,-0.18488146577764464
2018-05-10,831317.5137020034,0.0,-0.18488146577764464
2018-05-11,831317.5137020034,0.0,-0.18488146577764464
2018-05-14,831317.5137020034,0.0,-0.18488146577764464
2018-05-15,831317.5137020034,0.0,-0.18488146577764464
2018-05-16,831317.5137020034,0.0,-0.18488146577764464
2018-05-17,831317.5137020034,0.0,-0.18488146577764464
2018-05-18,831317.5137020034,0.0,-0.18488146577764464
2018-05-21,827888.9318920035,-0.00412427472474608,-0.18824323854601
2018-05-22,824856.9318920035,-0.003662327014169464,-0.1912161572624177
2018-05-23,815192.4318920035,-0.011716577295207031,-0.20069233567096711
2018-05-24,812127.0647320035,-0.0037602988448819374,-0.20369797135784884
2018-05-25,812127.0647320035,0.0,-0.20369797135784884
2018-05-28,812127.0647320035,0.0,-0.20369797135784884
2018-05-29,812127.0647320035,0.0,-0.20369797135784884
2018-05-30,812127.0647320035,0.0,-0.20369797135784884
2018-05-31,812127.0647320035,0.0,-0.20369797135784884
2018-06-01,812127.0647320035,0.0,-0.20369797135784884
2018-06-04,812127.0647320035,0.0,-0.20369797135784884
2018-06-05,812127.0647320035,0.0,-0.20369797135784884
2018-06-06,812127.0647320035,0.0,-0.20369797135784884
2018-06-07,812127.0647320035,0.0,-0.20369797135784884
2018-06-08,812127.0647320035,0.0,-0.20369797135784884
2018-06-11,812127.0647320035,0.0,-0.20369797135784884
2018-06-12,812127.0647320035,0.0,-0.20369797135784884
2018-06-13,812127.0647320035,0.0,-0.20369797135784884
2018-06-14,812127.0647320035,0.0,-0.20369797135784884
2018-06-15,812127.0647320035,0.0,-0.20369797135784884
2018-06-19,812127.0647320035,0.0,-0.20369797135784884
2018-06-20,812127.0647320035,0.0,-0.20369797135784884
2018-06-21,812127.0647320035,0.0,-0.20369797135784884
2018-06-22,812127.0647320035,0.0,-0.20369797135784884
2018-06-25,812127.0647320035,0.0,-0.20369797135784884
2018-06-26,812127.0647320035,0.0,-0.20369797135784884
2018-06-27,812127.0647320035,0.0,-0.20369797135784884
2018-06-28,812127.0647320035,0.0,-0.20369797135784884
2018-06-29,812127.0647320035,0.0,-0.20369797135784884
2018-07-02,812127.0647320035,0.0,-0.20369797135784884
2018-07-03,812127.0647320035,0.0,-0.20369797135784884
2018-07-04,812127.0647320035,0.0,-0.20369797135784884
2018-07-05,812127.0647320035,0.0,-0.20369797135784884
2018-07-06,812127.0647320035,0.0,-0.20369797135784884
2018-07-09,812127.0647320035,0.0,-0.20369797135784884
2018-07-10,812127.0647320035,0.0,-0.20369797135784884
2018-07-11,812127.0647320035,0.0,-0.20369797135784884
2018-07-12,812127.0647320035,0.0,-0.20369797135784884
2018-07-13,812127.0647320035,0.0,-0.20369797135784884
2018-07-16,812127.0647320035,0.0,-0.20369797135784884
2018-07-17,812127.0647320035,0.0,-0.20369797135784884
2018-07-18,812127.0647320035,0.0,-0.20369797135784884
2018-07-19,812127.0647320035,0.0,-0.20369797135784884
2018-07-20,812127.0647320035,0.0,-0.20369797135784884
2018-07-23,812127.0647320035,0.0,-0.20369797135784884
2018-07-24,812127.0647320035,0.0,-0.20369797135784884
2018-07-25,812127.0647320035,0.0,-0.20369797135784884
2018-07-26,812127.0647320035,0.0,-0.20369797135784884
2018-07-27,812127.0647320035,0.0,-0.20369797135784884
2018-07-30,812127.0647320035,0.0,-0.20369797135784884
2018-07-31,812127.0647320035,0.0,-0.20369797135784884
2018-08-01,812127.0647320035,0.0,-0.20369797135784884
2018-08-02,812127.0647320035,0.0,-0.20369797135784884
2018-08-03,812127.0647320035,0.0,-0.20369797135784884
2018-08-06,812127.0647320035,0.0,-0.20369797135784884
2018-08-07,812127.0647320035,0.0,-0.20369797135784884
2018-08-08,812127.0647320035,0.0,-0.20369797135784884
2018-08-09,812127.0647320035,0.0,-0.20369797135784884
2018-08-10,812127.0647320035,0.0,-0.20369797135784884
2018-08-13,812127.0647320035,0.0,-0.20369797135784884
2018-08-14,812127.0647320035,0.0,-0.20369797135784884
2018-08-15,812127.0647320035,0.0,-0.20369797135784884
2018-08-16,812127.0647320035,0.0,-0.20369797135784884
2018-08-17,812127.0647320035,0.0,-0.20369797135784884
2018-08-20,812127.0647320035,0.0,-0.20369797135784884
2018-08-21,812127.0647320035,0.0,-0.20369797135784884
2018-08-22,812127.0647320035,0.0,-0.20369797135784884
2018-08-23,812127.0647320035,0.0,-0.20369797135784884
2018-08-24,812127.0647320035,0.0,-0.20369797135784884
2018-08-27,812127.0647320035,0.0,-0.20369797135784884
2018-08-28,812127.0647320035,0.0,-0.20369797135784884
2018-08-29,812127.0647320035,0.0,-0.20369797135784884
2018-08-30,812127.0647320035,0.0,-0.20369797135784884
2018-08-31,812127.0647320035,0.0,-0.20369797135784884
2018-09-03,812127.0647320035,0.0,-0.20369797135784884
2018-09-04,812127.0647320035,0.0,-0.20369797135784884
2018-09-05,812127.0647320035,0.0,-0.20369797135784884
2018-09-06,812127.0647320035,0.0,-0.20369797135784884
2018-09-07,812127.0647320035,0.0,-0.20369797135784884
2018-09-10,812127.0647320035,0.0,-0.20369797135784884
2018-09-11,812127.0647320035,0.0,-0.20369797135784884
2018-09-12,812127.0647320035,0.0,-0.20369797135784884
2018-09-13,812127.0647320035,0.0,-0.20369797135784884
2018-09-14,812127.0647320035,0.0,-0.20369797135784884
2018-09-17,812127.0647320035,0.0,-0.20369797135784884
2018-09-18,812127.0647320035,0.0,-0.20369797135784884
2018-09-19,812127.0647320035,0.0,-0.20369797135784884
2018-09-20,812127.0647320035,0.0,-0.20369797135784884
2018-09-21,812127.0647320035,0.0,-0.20369797135784884
2018-09-25,812127.0647320035,0.0,-0.20369797135784884
2018-09-26,812127.0647320035,0.0,-0.20369797135784884
2018-09-27,812127.0647320035,0.0,-0.20369797135784884
2018-09-28,812127.0647320035,0.0,-0.20369797135784884
2018-10-08,812127.0647320035,0.0,-0.20369797135784884
2018-10-09,812127.0647320035,0.0,-0.20369797135784884
2018-10-10,812127.0647320035,0.0,-0.20369797135784884
2018-10-11,812127.0647320035,0.0,-0.20369797135784884
2018-10-12,812127.0647320035,0.0,-0.20369797135784884
2018-10-15,812127.0647320035,0.0,-0.20369797135784884
2018-10-16,812127.0647320035,0.0,-0.20369797135784884
2018-10-17,812127.0647320035,0.0,-0.20369797135784884
2018-10-18,812127.0647320035,0.0,-0.20369797135784884
2018-10-19,812127.0647320035,0.0,-0.20369797135784884
2018-10-22,812127.0647320035,0.0,-0.20369797135784884
2018-10-23,812127.0647320035,0.0,-0.20369797135784884
2018-10-24,812127.0647320035,0.0,-0.20369797135784884
2018-10-25,812127.0647320035,0.0,-0.20369797135784884
2018-10-26,812127.0647320035,0.0,-0.20369797135784884
2018-10-29,812127.0647320035,0.0,-0.20369797135784884
2018-10-30,812127.0647320035,0.0,-0.20369797135784884
2018-10-31,812127.0647320035,0.0,-0.20369797135784884
2018-11-01,812127.0647320035,0.0,-0.20369797135784884
2018-11-02,812127.0647320035,0.0,-0.20369797135784884
2018-11-05,812127.0647320035,0.0,-0.20369797135784884
2018-11-06,812127.0647320035,0.0,-0.20369797135784884
2018-11-07,812127.0647320035,0.0,-0.20369797135784884
2018-11-08,812127.0647320035,0.0,-0.20369797135784884
2018-11-09,812127.0647320035,0.0,-0.20369797135784884
2018-11-12,812127.0647320035,0.0,-0.20369797135784884
2018-11-13,812127.0647320035,0.0,-0.20369797135784884
2018-11-14,812127.0647320035,0.0,-0.20369797135784884
2018-11-15,812127.0647320035,0.0,-0.20369797135784884
2018-11-16,812127.0647320035,0.0,-0.20369797135784884
2018-11-19,812127.0647320035,0.0,-0.20369797135784884
2018-11-20,812127.0647320035,0.0,-0.20369797135784884
2018-11-21,812127.0647320035,0.0,-0.20369797135784884
2018-11-22,812127.0647320035,0.0,-0.20369797135784884
2018-11-23,812127.0647320035,0.0,-0.20369797135784884
2018-11-26,812127.0647320035,0.0,-0.20369797135784884
2018-11-27,812127.0647320035,0.0,-0.20369797135784884
2018-11-28,812127.0647320035,0.0,-0.20369797135784884
2018-11-29,812127.0647320035,0.0,-0.20369797135784884
2018-11-30,812127.0647320035,0.0,-0.20369797135784884
2018-12-03,812127.0647320035,0.0,-0.20369797135784884
2018-12-04,812127.0647320035,0.0,-0.20369797135784884
2018-12-05,812127.0647320035,0.0,-0.20369797135784884
2018-12-06,812127.0647320035,0.0,-0.20369797135784884
2018-12-07,812127.0647320035,0.0,-0.20369797135784884
2018-12-10,812127.0647320035,0.0,-0.20369797135784884
2018-12-11,812127.0647320035,0.0,-0.20369797135784884
2018-12-12,812127.0647320035,0.0,-0.20369797135784884
2018-12-13,812127.0647320035,0.0,-0.20369797135784884
2018-12-14,812127.0647320035,0.0,-0.20369797135784884
2018-12-17,812127.0647320035,0.0,-0.20369797135784884
2018-12-18,812127.0647320035,0.0,-0.20369797135784884
2018-12-19,812127.0647320035,0.0,-0.20369797135784884
2018-12-20,812127.0647320035,0.0,-0.20369797135784884
2018-12-21,812127.0647320035,0.0,-0.20369797135784884
2018-12-24,812127.0647320035,0.0,-0.20369797135784884
2018-12-25,812127.0647320035,0.0,-0.20369797135784884
2018-12-26,812127.0647320035,0.0,-0.20369797135784884
2018-12-27,812127.0647320035,0.0,-0.20369797135784884
2018-12-28,812127.0647320035,0.0,-0.20369797135784884
2019-01-02,812127.0647320035,0.0,-0.20369797135784884
2019-01-03,812127.0647320035,0.0,-0.20369797135784884
2019-01-04,812127.0647320035,0.0,-0.20369797135784884
2019-01-07,812127.0647320035,0.0,-0.20369797135784884
2019-01-08,812127.0647320035,0.0,-0.20369797135784884
2019-01-09,812127.0647320035,0.0,-0.20369797135784884
2019-01-10,812127.0647320035,0.0,-0.20369797135784884
2019-01-11,812127.0647320035,0.0,-0.20369797135784884
2019-01-14,812127.0647320035,0.0,-0.20369797135784884
2019-01-15,812127.0647320035,0.0,-0.20369797135784884
2019-01-16,812127.0647320035,0.0,-0.20369797135784884
2019-01-17,812127.0647320035,0.0,-0.20369797135784884
2019-01-18,812127.0647320035,0.0,-0.20369797135784884
2019-01-21,812127.0647320035,0.0,-0.20369797135784884
2019-01-22,812127.0647320035,0.0,-0.20369797135784884
2019-01-23,812127.0647320035,0.0,-0.20369797135784884
2019-01-24,812127.0647320035,0.0,-0.20369797135784884
2019-01-25,812127.0647320035,0.0,-0.20369797135784884
2019-01-28,812127.0647320035,0.0,-0.20369797135784884
2019-01-29,812127.0647320035,0.0,-0.20369797135784884
2019-01-30,812127.0647320035,0.0,-0.20369797135784884
2019-01-31,812127.0647320035,0.0,-0.20369797135784884
2019-02-01,812127.0647320035,0.0,-0.20369797135784884
2019-02-11,812127.0647320035,0.0,-0.20369797135784884
2019-02-12,812127.0647320035,0.0,-0.20369797135784884
2019-02-13,812127.0647320035,0.0,-0.20369797135784884
2019-02-14,812127.0647320035,0.0,-0.20369797135784884
2019-02-15,812127.0647320035,0.0,-0.20369797135784884
2019-02-18,812127.0647320035,0.0,-0.20369797135784884
2019-02-19,812127.0647320035,0.0,-0.20369797135784884
2019-02-20,812127.0647320035,0.0,-0.20369797135784884
2019-02-21,812127.0647320035,0.0,-0.20369797135784884
2019-02-22,812127.0647320035,0.0,-0.20369797135784884
2019-02-25,812127.0647320035,0.0,-0.20369797135784884
2019-02-26,812127.0647320035,0.0,-0.20369797135784884
2019-02-27,812127.0647320035,0.0,-0.20369797135784884
2019-02-28,812127.0647320035,0.0,-0.20369797135784884
2019-03-01,812127.0647320035,0.0,-0.20369797135784884
2019-03-04,811355.3992780036,-0.0009501782264262904,-0.2044546002071238
2019-03-05,817425.7992780036,0.007481801446569403,-0.1985024874841418
2019-03-06,822357.9992780036,0.006033819833379805,-0.19366639589671908
2019-03-07,814390.5992780034,-0.009688481180939679,-0.20147854384563302
2019-03-08,789350.1992780035,-0.030747407966397744,-0.22603100882793326
2019-03-11,786502.3697620035,-0.003607815033941586,-0.22882334579008845
2019-03-12,786502.3697620035,0.0,-0.22882334579008845
2019-03-13,786502.3697620035,0.0,-0.22882334579008845
2019-03-14,786502.3697620035,0.0,-0.22882334579008845
2019-03-15,786502.3697620035,0.0,-0.22882334579008845
2019-03-18,805433.2233400035,0.02406967137775884,-0.21026137714905635
2019-03-19,800284.0233400037,-0.006393081202494932,-0.21531024029368895
2019-03-20,800284.0233400037,0.0,-0.21531024029368895
2019-03-21,800651.8233400036,0.000459586833265746,-0.21494960721192957
2019-03-22,801571.3233400036,0.0011484392755944928,-0.2140480245075308
2019-03-25,787567.8716500036,-0.0174700008374179,-0.22777860617755452
2019-03-26,787567.8716500036,0.0,-0.22777860617755452
2019-03-27,787567.8716500036,0.0,-0.22777860617755452
2019-03-28,787567.8716500036,0.0,-0.22777860617755452
2019-03-29,787567.8716500036,0.0,-0.22777860617755452
2019-04-01,798961.2309520036,0.014466511029875173,-0.21660725686631654
2019-04-02,797713.1309520035,-0.0015621533957447253,-0.21783103650020463
2019-04-03,807163.0309520036,0.0118462384951874,-0.20856527641505263
2019-04-04,815543.1309520035,0.010382165285885536,-0.2003484703018047
2019-04-08,810907.3309520037,-0.005684310031019879,-0.20489393751338847
2019-04-09,815186.5309520036,0.005277051811797051,-0.2006981216257726
2019-04-10,816256.3309520036,0.0013123376790225016,-0.19964916765386853
2019-04-11,803775.3309520035,-0.015290539903615175,-0.21188696399274876
2019-04-12,798708.4015520036,-0.006303912554766478,-0.2168551596550099
2019-04-15,798708.4015520036,0.0,-0.2168551596550099
2019-04-16,798708.4015520036,0.0,-0.2168551596550099
2019-04-17,795239.0227160037,-0.004343736499150874,-0.22025693448213812
2019-04-18,794033.6227160038,-0.0015157706872621635,-0.22143884616444598
2019-04-19,804365.6227160037,0.01301204345057716,-0.2113081746018063
2019-04-22,786629.0227160037,-0.02205042023067938,-0.22869916078433805
2019-04-23,781902.8697320037,-0.006008109092748737,-0.2333332203696743
2019-04-24,781902.8697320037,0.0,-0.2333332203696743
2019-04-25,781902.8697320037,0.0,-0.2333332203696743
2019-04-26,781902.8697320037,0.0,-0.2333332203696743
2019-04-29,781902.8697320037,0.0,-0.2333332203696743
2019-04-30,781902.8697320037,0.0,-0.2333332203696743
2019-05-06,781902.8697320037,0.0,-0.2333332203696743
2019-05-07,781902.8697320037,0.0,-0.2333332203696743
2019-05-08,781902.8697320037,0.0,-0.2333332203696743
2019-05-09,781902.8697320037,0.0,-0.2333332203696743
2019-05-10,781902.8697320037,0.0,-0.2333332203696743
2019-05-13,773820.4801120036,-0.010336820509138533,-0.2412581172610323
2019-05-14,767035.8942420039,-0.008767648368543712,-0.24791049929137432
2019-05-15,767035.8942420039,0.0,-0.24791049929137432
2019-05-16,769191.4144660041,0.002810194725150872,-0.2457969813436417
2019-05-17,754037.8144660039,-0.019700687910720216,-0.2606552996355137
2019-05-20,749170.936362004,-0.006454421795074716,-0.2654273421836193
2019-05-21,749170.936362004,0.0,-0.2654273421836193
2019-05-22,749170.936362004,0.0,-0.2654273421836193
2019-05-23,749170.936362004,0.0,-0.2654273421836193
2019-05-24,749170.936362004,0.0,-0.2654273421836193
2019-05-27,749170.936362004,0.0,-0.2654273421836193
2019-05-28,751142.0836320041,0.0026311048311244978,-0.26349460451482665
2019-05-29,751501.4836320041,0.00047847139420320595,-0.26314220775141073
2019-05-30,751142.0836320042,-0.00047824256881423555,-0.26349460451482654
2019-05-31,747907.4836320041,-0.004306242547827743,-0.26666617538556947
2019-06-03,747549.4996680042,-0.00047864738866021384,-0.26701718370573735
2019-06-04,747549.4996680042,0.0,-0.26701718370573735
2019-06-05,747549.4996680042,0.0,-0.26701718370573735
2019-06-06,747549.4996680042,0.0,-0.26701718370573735
2019-06-10,747549.4996680042,0.0,-0.26701718370573735
2019-06-11,764843.5063040043,0.023134262873135025,-0.2500601665520952
2019-06-12,759797.9063040043,-0.006596905064125136,-0.2550074484371567
2019-06-13,758536.5063040043,-0.00166017830469678,-0.256244268908422
2019-06-14,754572.1063040042,-0.005226379965964756,-0.2601314189609706
2019-06-17,750785.0122920044,-0.005018862982557715,-0.26384471799430487
2019-06-18,750785.0122920044,0.0,-0.26384471799430487
2019-06-19,750785.0122920044,0.0,-0.26384471799430487
2019-06-20,767973.7525620044,0.02289435722421529,-0.24699091599557355
2019-06-21,769202.2525620044,0.0015996640456807931,-0.2457863544378206
2019-06-24,770255.2525620044,0.0013689507492895547,-0.24475387310260388
2019-06-25,763410.7525620045,-0.008886015353006482,-0.2514650017815129
2019-06-26,756885.4660020043,-0.008547543426787318,-0.25786313718525555
2019-06-27,756885.4660020043,0.0,-0.25786313718525555
2019-06-28,754809.4035280044,-0.002742901756280336,-0.2598987456896704
2019-07-01,771120.9035280043,0.021610091135271237,-0.24390509013469575
2019-07-02,772151.1035280044,0.0013359772706027506,-0.24289496452069725
2019-07-03,766485.0035280043,-0.007338071491591935,-0.24845065539768862
2019-07-04,762020.8035280043,-0.005824249632350287,-0.25282786639168164
2019-07-05,759219.7893140044,-0.003675771318882415,-0.2555743002906673
2019-07-08,759219.7893140044,0.0,-0.2555743002906673
2019-07-09,759219.7893140044,0.0,-0.2555743002906673
2019-07-10,759219.7893140044,0.0,-0.2555743002906673
2019-07-11,759219.7893140044,0.0,-0.2555743002906673
2019-07-12,759219.7893140044,0.0,-0.2555743002906673
2019-07-15,762135.7146420043,0.003840686674717375,-0.2527151944254765
2019-07-16,759377.3146420043,-0.0036193028971168717,-0.25541984448726385
2019-07-17,758342.9146420044,-0.001362168687495724,-0.2564340882604339
2019-07-18,753476.0178180044,-0.006417804834766061,-0.2612061491637634
2019-07-19,753476.0178180044,0.0,-0.2612061491637634
2019-07-22,746457.5486260044,-0.00931478776501049,-0.2680878570863977
2019-07-23,744538.9898020043,-0.0025702182629562254,-0.26996903104299375
2019-07-24,745711.6745000045,0.0015750480687546364,-0.26881919717520686
2019-07-25,751651.1745000045,0.007964874633325847,-0.2629954337464129
2019-07-26,752499.6745000045,0.0011288480997377892,-0.26216346754229947
2019-07-29,751481.4745000044,-0.0013530902862869398,-0.26316182698723567
2019-07-30,754536.0745000045,0.00406477086082857,-0.26016674865242717
2019-07-31,749784.4745000044,-0.006297379489971666,-0.2648257593954625
2019-08-01,744305.3773880044,-0.007307562770826559,-0.2701980913061749
2019-08-02,744305.3773880044,0.0,-0.2701980913061749
2019-08-05,744305.3773880044,0.0,-0.2701980913061749
2019-08-06,744305.3773880044,0.0,-0.2701980913061749
2019-08-07,744305.3773880044,0.0,-0.2701980913061749
2019-08-08,744305.3773880044,0.0,-0.2701980913061749
2019-08-09,735051.7552440045,-0.012432561184058222,-0.2792713981882533
2019-08-12,734341.6856440046,-0.0009660130663373678,-0.27996763143488657
2019-08-13,731940.8115320046,-0.0032694237014401217,-0.28232172232647734
2019-08-14,734332.0115320046,0.003266930825998049,-0.27997711703799655
2019-08-15,736894.0115320046,0.003488885081633697,-0.2774650399431956
2019-08-16,739626.8115320046,0.003708538754872759,-0.2747854910420745
2019-08-19,754998.8115320046,0.02078345425061001,-0.2597130284732688
2019-08-20,752266.0115320046,-0.003619608346740022,-0.2623925773743899
2019-08-21,752095.2115320045,-0.00022704734413325767,-0.2625600491807101
2019-08-22,753461.6115320046,0.0018167912506936723,-0.2612202747301495
2019-08-23,758073.2115320045,0.0061205507081154575,-0.25669853595950787
2019-08-26,750728.8115320045,-0.009688246317473226,-0.2638998236312705
2019-08-27,750686.2550040045,-5.668695186111794e-05,-0.26394155090653326
2019-08-28,746936.8013840045,-0.004994701308311478,-0.26761794300521413
2019-08-29,745070.1013840045,-0.002499140484899409,-0.26944826865426375
2019-08-30,746719.0457380046,0.0022131398789686507,-0.2678314554839729
2019-09-02,752459.8462100048,0.007688032741051121,-0.262202519741766
2019-09-03,753137.0462100048,0.0008999815783008458,-0.2615385156010168
2019-09-04,761432.7462100047,0.011014861162050193,-0.25340446487684054
2019-09-05,767696.8462100046,0.00822672787738532,-0.24726242657491138
2019-09-06,772267.9462100047,0.005954303476127132,-0.2427803986248548
2019-09-09,774976.7462100048,0.003507590873470523,-0.24012438206185838
2019-09-10,773114.4462100047,-0.0024030398448825485,-0.24195039344891844
2019-09-11,768204.7462100047,-0.006350547482418145,-0.24676442346934946
2019-09-12,767789.6192240049,-0.0005403858646381154,-0.2471714613276491
2019-09-16,762251.9954060048,-0.007212423402646273,-0.25260117949814964
2019-09-17,758665.6784960049,-0.004704896716065332,-0.25611761375431985
2019-09-18,758665.6784960049,0.0,-0.25611761375431985
2019-09-19,758665.6784960049,0.0,-0.25611761375431985
2019-09-20,758665.6784960049,0.0,-0.25611761375431985
2019-09-23,752807.1721040049,-0.007722118659188593,-0.26186196180938937
2019-09-24,750573.883568005,-0.00296661431872125,-0.26405173268267856
2019-09-25,750573.883568005,0.0,-0.26405173268267856
2019-09-26,750573.883568005,0.0,-0.26405173268267856
2019-09-27,750573.883568005,0.0,-0.26405173268267856
2019-09-30,750573.883568005,0.0,-0.26405173268267856
2019-10-08,750573.883568005,0.0,-0.26405173268267856
2019-10-09,750573.883568005,0.0,-0.26405173268267856
2019-10-10,753756.2394080051,0.004239896843828417,-0.2609313879468588
2019-10-11,761839.4394080051,0.0107238913290435,-0.25300569646649385
2019-10-14,766723.0394080052,0.006410274589872866,-0.24821725786377324
2019-10-15,764533.8394080051,-0.002855268313953885,-0.2503637993063722
2019-10-16,762176.2394080051,-0.00308370915514411,-0.2526754593214786
2019-10-17,763186.6394080052,0.0013256776422010397,-0.2516847478864329
2019-10-18,760925.3507360051,-0.0029629563140074477,-0.25390197328755093
2019-10-21,760925.3507360051,0.0,-0.25390197328755093
2019-10-22,760925.3507360051,0.0,-0.25390197328755093
2019-10-23,760925.3507360051,0.0,-0.25390197328755093
2019-10-24,760925.3507360051,0.0,-0.25390197328755093
2019-10-25,760925.3507360051,0.0,-0.25390197328755093
2019-10-28,761747.6610660051,0.0010806714866373746,-0.2530956864238463
2019-10-29,759557.1610660051,-0.0028756241889007494,-0.25524350253476025
2019-10-30,755176.1610660051,-0.005767834502213742,-0.2595391347565881
2019-10-31,754100.4604360051,-0.0014244366883635617,-0.26059387437933823
2019-11-01,754100.4604360051,0.0,-0.26059387437933823
2019-11-04,754571.8976960053,0.0006251650605380021,-0.2601316235040524
2019-11-05,758355.3976960054,0.0050141013885522945,-0.2564218484501182
2019-11-06,755558.8976960053,-0.0036875850142246147,-0.2591638560986783
2019-11-07,756381.3976960054,0.0010885981258486055,-0.25835738326086644
2019-11-08,753749.3976960053,-0.0034797259795353863,-0.26093809634186427
2019-11-11,747752.4185960053,-0.007956197535057496,-0.26681821883800394
2019-11-12,747752.4185960053,0.0,-0.26681821883800394
2019-11-13,747752.4185960053,0.0,-0.26681821883800394
2019-11-14,747752.4185960053,0.0,-0.26681821883800394
2019-11-15,747752.4185960053,0.0,-0.26681821883800394
2019-11-18,747752.4185960053,0.0,-0.26681821883800394
2019-11-19,752853.8672840055,0.006822376713376377,-0.26181617652753253
2019-11-20,746080.6672840054,-0.00899669948490145,-0.26845739455192985
2019-11-21,741886.4011800054,-0.005621732726661666,-0.27256993155792464
2019-11-22,741886.4011800054,0.0,-0.27256993155792464
2019-11-25,741886.4011800054,0.0,-0.27256993155792464
2019-11-26,741886.4011800054,0.0,-0.27256993155792464
2019-11-27,739392.9178800054,-0.003361004186131389,-0.27501482706307634
2019-11-28,738402.9178800054,-0.0013389362760446444,-0.27598553601071596
2019-11-29,734551.6297800054,-0.005215700001643064,-0.27976177825173454
2019-12-02,734551.6297800054,0.0,-0.27976177825173454
2019-12-03,734551.6297800054,0.0,-0.27976177825173454
2019-12-04,734551.6297800054,0.0,-0.27976177825173454
2019-12-05,736179.0151200055,0.0022154812187775708,-0.27816610399840547
2019-12-06,740127.0151200056,0.005362826050341329,-0.27429503437690883
2019-12-09,737988.5151200057,-0.002889368927647018,-0.2763918637552194
2019-12-10,738482.0151200057,0.0006687095935629106,-0.27590798005253236
2019-12-11,739469.0151200056,0.0013365254397421644,-0.2749402126471583
2019-12-12,737659.5151200056,-0.00244702612685721,-0.27671445289034424
2019-12-13,740880.1323100056,0.0043659942344485,-0.2735565923618035
2019-12-16,741181.3039700056,0.0004065052454045315,-0.27326128930610905
2019-12-17,751194.3039700056,0.013509515075956546,-0.26344340173770864
2019-12-18,748771.8039700057,-0.003224864708367914,-0.2658186971171602
2019-12-19,747641.3039700057,-0.001509805783292184,-0.2669271682942377
2019-12-20,746995.3039700057,-0.0008640507106412176,-0.26756058039542485
2019-12-23,744324.6689100058,-0.0035751698113849484,-0.2701791756970634
2019-12-24,744324.6689100058,0.0,-0.2701791756970634
2019-12-25,744324.6689100058,0.0,-0.2701791756970634
2019-12-26,744324.6689100058,0.0,-0.2701791756970634
2019-12-27,741254.8854380059,-0.00412425329996835,-0.27318914164008046
2019-12-30,750552.2854380058,0.012542784111980732,-0.2640729099534286
2019-12-31,753918.5854380059,0.004485097261459403,-0.2607722053772269
2020-01-02,762414.4854380058,0.011268988673444058,-0.25244185573252786
2020-01-03,760811.4854380059,-0.002102530881321063,-0.2540136198164332
2020-01-06,758246.6854380058,-0.003371137330456353,-0.25652844235068206
2020-01-07,763376.2854380058,0.006765080676926161,-0.2514987972821845
2020-01-08,756803.9854380059,-0.008609515550026425,-0.257943030026197
2020-01-09,758135.8508120058,0.0017598551271227336,-0.25663711726297156
2020-01-10,755098.6057000058,-0.004006201670514575,-0.25961517888559116
2020-01-13,762222.1057000058,0.009433867240949523,-0.25263048677598354
2020-01-14,759372.7057000056,-0.003738280454859466,-0.2554243636198267
2020-01-15,754307.1057000058,-0.006670769125590725,-0.26039125578665856
2020-01-16,752927.0652960058,-0.0018295471348096504,-0.2617444048455143
2020-01-17,752927.0652960058,0.0,-0.2617444048455143
2020-01-20,752927.0652960058,0.0,-0.2617444048455143
2020-01-21,742099.437516006,-0.014380712660054362,-0.2723610464291084
2020-01-22,737149.3925960059,-0.00667032565954917,-0.27721463521199974
2020-01-23,737149.3925960059,0.0,-0.27721463521199974
2020-02-03,737149.3925960059,0.0,-0.27721463521199974
2020-02-04,737149.3925960059,0.0,-0.27721463521199974
2020-02-05,737149.3925960059,0.0,-0.27721463521199974
2020-02-06,737149.3925960059,0.0,-0.27721463521199974
2020-02-07,738274.5393940058,0.001526348402780986,-0.27611141292490216
2020-02-10,740397.4393940058,0.002875488570610374,-0.2740298795663725
2020-02-11,747256.0393940059,0.00926340318736596,-0.26730492563881514
2020-02-12,751828.439394006,0.006118920100944392,-0.26282162302044343
2020-02-13,748399.139394006,-0.004561279968025911,-0.2661840999842222
2020-02-14,752808.2393940059,0.005891375026927381,-0.2618609153165069
2020-02-17,767015.339394006,0.018872136696373776,-0.2479306536094239
2020-02-18,762932.8393940061,-0.0053225793414057865,-0.25193360237582685
2020-02-19,763096.139394006,0.00021404243148004376,-0.2517734844251709
2020-02-20,777956.4393940059,0.019473693068085662,-0.2372027509154635
2020-02-21,780242.6393940059,0.0029387249519789993,-0.23496109960627776
2020-02-24,774853.739394006,-0.0069066976449599915,-0.2402449919779298
2020-02-25,773547.3393940061,-0.0016859956061148207,-0.2415259355831787
2020-02-26,764468.156600006,-0.011737074554626026,-0.2504282022249892
2020-02-27,764468.156600006,0.0,-0.2504282022249892
2020-02-28,764468.156600006,0.0,-0.2504282022249892
2020-03-02,764468.156600006,0.0,-0.2504282022249892
2020-03-03,755496.838184006,-0.011735372282738576,-0.25922470632452055
2020-03-04,760212.2381840062,0.006241455637768789,-0.25460119019148986
2020-03-05,776147.0381840062,0.020960988523501145,-0.2389768942936622
2020-03-06,763301.6381840061,-0.01655021454446981,-0.25157198996640096
2020-03-09,742001.038184006,-0.02790587486577001,-0.2724575283604358
2020-03-10,739804.7251880062,-0.002959986419122984,-0.27461104419582405
2020-03-11,739804.7251880062,0.0,-0.27461104419582405
2020-03-12,739804.7251880062,0.0,-0.27461104419582405
2020-03-13,739804.7251880062,0.0,-0.27461104419582405
2020-03-16,739804.7251880062,0.0,-0.27461104419582405
2020-03-17,739804.7251880062,0.0,-0.27461104419582405
2020-03-18,739804.7251880062,0.0,-0.27461104419582405
2020-03-19,739804.7251880062,0.0,-0.27461104419582405
2020-03-20,739804.7251880062,0.0,-0.27461104419582405
2020-03-23,739804.7251880062,0.0,-0.27461104419582405
2020-03-24,739804.7251880062,0.0,-0.27461104419582405
2020-03-25,739804.7251880062,0.0,-0.27461104419582405
2020-03-26,739804.7251880062,0.0,-0.27461104419582405
2020-03-27,739804.7251880062,0.0,-0.27461104419582405
2020-03-30,739804.7251880062,0.0,-0.27461104419582405
2020-03-31,739804.7251880062,0.0,-0.27461104419582405
2020-04-01,739804.7251880062,0.0,-0.27461104419582405
2020-04-02,739804.7251880062,0.0,-0.27461104419582405
2020-04-03,739804.7251880062,0.0,-0.27461104419582405
2020-04-07,739804.7251880062,0.0,-0.27461104419582405
2020-04-08,739804.7251880062,0.0,-0.27461104419582405
2020-04-09,739804.7251880062,0.0,-0.27461104419582405
2020-04-10,739804.7251880062,0.0,-0.27461104419582405
2020-04-13,739804.7251880062,0.0,-0.27461104419582405
2020-04-14,739804.7251880062,0.0,-0.27461104419582405
2020-04-15,739804.7251880062,0.0,-0.27461104419582405
2020-04-16,739804.7251880062,0.0,-0.27461104419582405
2020-04-17,739804.7251880062,0.0,-0.27461104419582405
2020-04-20,739804.7251880062,0.0,-0.27461104419582405
2020-04-21,739804.7251880062,0.0,-0.27461104419582405
2020-04-22,739804.7251880062,0.0,-0.27461104419582405
2020-04-23,739804.7251880062,0.0,-0.27461104419582405
2020-04-24,739804.7251880062,0.0,-0.27461104419582405
2020-04-27,739804.7251880062,0.0,-0.27461104419582405
2020-04-28,739804.7251880062,0.0,-0.27461104419582405
2020-04-29,739804.7251880062,0.0,-0.27461104419582405
2020-04-30,739804.7251880062,0.0,-0.27461104419582405
2020-05-06,739804.7251880062,0.0,-0.27461104419582405
2020-05-07,739804.7251880062,0.0,-0.27461104419582405
2020-05-08,739804.7251880062,0.0,-0.27461104419582405
2020-05-11,739804.7251880062,0.0,-0.27461104419582405
2020-05-12,739804.7251880062,0.0,-0.27461104419582405
2020-05-13,739804.7251880062,0.0,-0.27461104419582405
2020-05-14,739804.7251880062,0.0,-0.27461104419582405
2020-05-15,739804.7251880062,0.0,-0.27461104419582405
2020-05-18,739804.7251880062,0.0,-0.27461104419582405
2020-05-19,739804.7251880062,0.0,-0.27461104419582405
2020-05-20,735891.1408800062,-0.005290023400439048,-0.2784483687464482
2020-05-21,731673.9408800062,-0.005730738917385181,-0.28258339276057565
2020-05-22,728691.2418360063,-0.004076541308021042,-0.28550797119504756
2020-05-25,728691.2418360063,0.0,-0.28550797119504756
2020-05-26,728691.2418360063,0.0,-0.28550797119504756
2020-05-27,728691.2418360063,0.0,-0.28550797119504756
2020-05-28,728691.2418360063,0.0,-0.28550797119504756
2020-05-29,728691.2418360063,0.0,-0.28550797119504756
2020-06-01,728691.2418360063,0.0,-0.28550797119504756
2020-06-02,728691.2418360063,0.0,-0.28550797119504756
2020-06-03,728691.2418360063,0.0,-0.28550797119504756
2020-06-04,728691.2418360063,0.0,-0.28550797119504756
2020-06-05,728691.2418360063,0.0,-0.28550797119504756
2020-06-08,728691.2418360063,0.0,-0.28550797119504756
2020-06-09,728691.2418360063,0.0,-0.28550797119504756
2020-06-10,728691.2418360063,0.0,-0.28550797119504756
2020-06-11,728691.2418360063,0.0,-0.28550797119504756
2020-06-12,728691.2418360063,0.0,-0.28550797119504756
2020-06-15,728691.2418360063,0.0,-0.28550797119504756
2020-06-16,728691.2418360063,0.0,-0.28550797119504756
2020-06-17,727254.8582560064,-0.00197118271434249,-0.28691636553176336
2020-06-18,732121.8582560063,0.006692289428868348,-0.28214420346291247
2020-06-19,740285.8582560063,0.011151149098932223,-0.2741392864441947
2020-06-22,740913.8582560063,0.0008483209465590669,-0.27352352359660104
2020-06-23,743896.8582560064,0.004026109063503869,-0.27059865007053097
2020-06-24,749548.8582560063,0.007597827490830378,-0.26505678444218805
2020-06-29,743896.8582560064,-0.007540535800628856,-0.27059865007053097
2020-06-30,751746.8582560063,0.010552538181709092,-0.2629016144756101
2020-07-01,766504.8582560064,0.019631608483522633,-0.24843118755715865
2020-07-02,781890.8582560064,0.020072932133798904,-0.23334499779111362
2020-07-03,795549.8582560063,0.01746919004842451,-0.2199521558559514
2020-07-06,846888.8582560063,0.06453272471513549,-0.16961354306516851
2020-07-07,839352.8582560063,-0.008898452171774762,-0.17700269723629258
2020-07-08,849086.8582560064,0.01159702966905396,-0.16745837309859046
2020-07-09,860704.8582560063,0.013682934657430534,-0.15606676041810763
2020-07-10,847045.8582560064,-0.015869551413566163,-0.16945960235326996
2020-07-13,843983.9092360063,-0.0036148562561941766,-0.17246188650572514
2020-07-14,836935.4017160063,-0.008351471447341274,-0.17937304743215932
2020-07-15,828119.4017160063,-0.010533668407291863,-0.18801725963659532
2020-07-16,826521.4348360065,-0.0019296334280884953,-0.18958408867543142
2020-07-17,826521.4348360065,0.0,-0.18958408867543142
2020-07-20,826521.4348360065,0.0,-0.18958408867543142
2020-07-21,823248.1120040065,-0.0039603604867785025,-0.19279362782849785
2020-07-22,831378.3120040065,0.009875759059087219,-0.18482185218597225
2020-07-23,827389.9120040064,-0.00479733466992438,-0.1887325345766453
2020-07-24,794869.1120040065,-0.03930528947498513,-0.2206196371467477
2020-07-27,796824.6367960066,0.0024601846548921724,-0.21870221753773178
2020-07-28,796824.6367960066,0.0,-0.21870221753773178
2020-07-29,796824.6367960066,0.0,-0.21870221753773178
2020-07-30,789851.6403940065,-0.008750979927074187,-0.22553933874912668
2020-07-31,795154.4403940064,0.006713665869396257,-0.2203398686404966
2020-08-03,806201.9403940064,0.013893527393905813,-0.20950763924751714
2020-08-04,806791.1403940065,0.0007308342618377317,-0.2089299203465581
2020-08-05,807085.7403940065,0.00036515026659333927,-0.2086410608960787
2020-08-06,804434.3403940063,-0.0032851528249102646,-0.2112407959503939
2020-08-07,797363.9403940066,-0.00878928166658921,-0.21817342276190055
2020-08-10,790228.5634180065,-0.008948707879207762,-0.2251697604138052
2020-08-11,790228.5634180065,0.0,-0.2251697604138052
2020-08-12,790228.5634180065,0.0,-0.2251697604138052
2020-08-13,790228.5634180065,0.0,-0.2251697604138052
2020-08-14,790228.5634180065,0.0,-0.2251697604138052
2020-08-17,800051.1662740067,0.012430078221311147,-0.21553855992751159
2020-08-18,799034.7662740066,-0.0012704187467580397,-0.21653515444708848
2020-08-19,787999.5662740066,-0.013810663147310054,-0.227355323516779
2020-08-20,782120.7464260065,-0.007460435385513775,-0.23311958920164333
2020-08-21,782120.7464260065,0.0,-0.23311958920164333
2020-08-24,782120.7464260065,0.0,-0.23311958920164333
2020-08-25,779927.5526260065,-0.0028041626692835164,-0.23527004662140893
2020-08-26,771502.3526260065,-0.010802541815111533,-0.24353107392004947
2020-08-27,770004.8832820066,-0.0019409783248266477,-0.24499936370897557
2020-08-28,785877.2795540066,0.020613370923502128,-0.2294362555456284
2020-08-31,779818.5795540065,-0.00770947342241346,-0.23537689625377478
2020-09-01,784609.1795540066,0.006143223726138958,-0.23067964546128705
2020-09-02,784045.5795540066,-0.000718319406255663,-0.23123226320157964
2020-09-03,781227.5795540065,-0.003594178799659953,-0.2339953519030431
2020-09-04,768470.7556280066,-0.016329203243544588,-0.2465035974873182
2020-09-07,768470.7556280066,0.0,-0.2465035974873182
2020-09-08,768470.7556280066,0.0,-0.2465035974873182
2020-09-09,768470.7556280066,0.0,-0.2465035974873182
2020-09-10,768470.7556280066,0.0,-0.2465035974873182
2020-09-11,768470.7556280066,0.0,-0.2465035974873182
2020-09-14,768470.7556280066,0.0,-0.2465035974873182
2020-09-15,772860.0562040067,0.0057117340430385966,-0.24219982643377946
2020-09-16,768853.2562040067,-0.005184379717694032,-0.2461285502836812
2020-09-17,764703.3562040067,-0.00539751892381779,-0.250197585699651
2020-09-18,763072.9835600068,-0.002132032808242257,-0.2517961890466386
2020-09-21,753265.4073440068,-0.012852736798836917,-0.26141265570070893
2020-09-22,745319.6073440068,-0.010548473250639123,-0.26920362454531055
2020-09-23,743590.5845360069,-0.002319840764905323,-0.27089895576793543
2020-09-24,743590.5845360069,0.0,-0.27089895576793543
2020-09-25,743590.5845360069,0.0,-0.27089895576793543
2020-09-28,743590.5845360069,0.0,-0.27089895576793543
2020-09-29,743590.5845360069,0.0,-0.27089895576793543
2020-09-30,738229.7956080069,-0.007209328680977234,-0.276155284837448
2020-10-09,751240.495608007,0.017624187045016892,-0.26339811018587633
2020-10-12,771945.6956080069,0.02756134702674995,-0.24309636988014938
2020-10-13,774184.095608007,0.0028996858363685707,-0.2409015871443949
2020-10-14,770826.495608007,-0.004336952953500339,-0.2441937612480264
2020-10-15,769147.695608007,-0.0021779220220962126,-0.24583984829984207
2020-10-16,767189.0956080069,-0.00254645500621542,-0.24776028319362708
2020-10-19,768640.370642007,0.001891678391035878,-0.24633728757646556
2020-10-20,768640.370642007,0.0,-0.24633728757646556
2020-10-21,768640.370642007,0.0,-0.24633728757646556
2020-10-22,766781.552304007,-0.0024183199438866376,-0.24815988514488307
2020-10-23,763086.2411780071,-0.004819248865464143,-0.25178318976540903
2020-10-26,763086.2411780071,0.0,-0.25178318976540903
2020-10-27,763086.2411780071,0.0,-0.25178318976540903
2020-10-28,763086.2411780071,0.0,-0.25178318976540903
2020-10-29,773919.6605180072,0.014196847951649882,-0.24116086947564008
2020-10-30,761225.1605180074,-0.016402865371714537,-0.25360800557242014
2020-11-02,759206.0542580073,-0.0026524428838190506,-0.2555877677065791
2020-11-03,759206.0542580073,0.0,-0.2555877677065791
2020-11-04,761501.8995380074,0.0030240081294450327,-0.25333665906446545
2020-11-05,771989.8995380074,0.013772782453153276,-0.24305302730401568
2020-11-06,772265.8995380074,0.0003575176309498218,-0.2427824054155827
2020-11-09,785651.8995380073,0.017333408102063963,-0.2296572438265878
2020-11-10,781925.8995380073,-0.0047425583801057325,-0.23331063932043172
2020-11-11,775439.8995380074,-0.00829490365242036,-0.2396702536986045
2020-11-12,773956.0766180075,-0.0019135240795372654,-0.24112516297654074
2020-11-13,773956.0766180075,0.0,-0.24112516297654074
2020-11-16,773956.0766180075,0.0,-0.24112516297654074
2020-11-17,771982.5001820074,-0.00254998506455828,-0.24306028247681966
2020-11-18,771022.8001820074,-0.0012431628952389584,-0.24400128184757708
2020-11-19,776781.0001820074,0.007468261637192608,-0.23835528562303265
2020-11-20,778837.5001820073,0.0026474643426113165,-0.23633885839998114
2020-11-23,786789.3001820075,0.010209831958710058,-0.2285420064708482
2020-11-24,782402.1001820074,-0.005576079897102293,-0.232843717880025
2020-11-25,773901.9001820073,-0.010864234641014714,-0.24117828373530492
2020-11-26,771331.6453520075,-0.0033211636118162247,-0.2436984548072192
2020-11-27,771331.6453520075,0.0,-0.2436984548072192
2020-11-30,764684.4293920075,-0.008617844217925774,-0.2502161437054671
2020-12-01,779613.9293920074,0.019523740024195657,-0.23557755862083374
2020-12-02,778134.4293920075,-0.001897734178702648,-0.23702822921480637
2020-12-03,777865.4293920074,-0.0003456986220367053,-0.23729198750461966
2020-12-04,779344.9293920074,0.0019019999399592091,-0.23584131691064703
2020-12-07,773426.9293920074,-0.00759355681523044,-0.24164399928653768
2020-12-08,771154.0811420075,-0.0029386722437847457,-0.24387255901674199
2020-12-09,771154.0811420075,0.0,-0.24387255901674199
2020-12-10,771154.0811420075,0.0,-0.24387255901674199
2020-12-11,771154.0811420075,0.0,-0.24387255901674199
2020-12-14,771154.0811420075,0.0,-0.24387255901674199
2020-12-15,771154.0811420075,0.0,-0.24387255901674199
2020-12-16,770013.8288780075,-0.0014786309142155174,-0.24499059242606647
2020-12-17,779641.4288780075,0.012503152071993817,-0.2355505949873835
2020-12-18,775709.0288780075,-0.00504385715579414,-0.23940636858909903
2020-12-21,781811.0288780074,0.007866351650986703,-0.2334232716209198
2020-12-22,771369.8288780074,-0.01335514544350247,-0.24366101532202666
2020-12-23,770037.1602140075,-0.0017276650111377467,-0.24496771572241427
2020-12-24,770037.1602140075,0.0,-0.24496771572241427
2020-12-25,776810.1194720075,0.008795626507320353,-0.23832673374893976
2020-12-28,778684.7194720074,0.002413202342515852,-0.23648866203859098
2020-12-29,776542.3194720075,-0.0027513060760362418,-0.2385893154218468
2020-12-30,785111.9194720074,0.011035586580557144,-0.2301867018888233
2020-12-31,799707.0194720074,0.01858983367596201,-0.2158760007153927
2021-01-04,806000.3194720073,0.007869507015400456,-0.2097053314020786
2021-01-05,819256.4194720074,0.016446767674588303,-0.1967075385931828
2021-01-06,825817.5194720074,0.00800860370948131,-0.19027428760696175
2021-01-07,841483.8194720075,0.018970655902306843,-0.17491325974190308
2021-01-08,837734.6194720074,-0.00445546297295718,-0.17858940316260097
2021-01-11,829298.9194720074,-0.010069656671603977,-0.1868607258591709
2021-01-12,825361.9247220074,-0.004747377161068322,-0.1907210046779948
2021-01-13,818946.0682700073,-0.007773385541332112,-0.1970118423191346
2021-01-14,805617.8682700073,-0.016274820182182737,-0.210080330193813
2021-01-15,803358.3217020073,-0.002804737403419577,-0.21229584743741514
2021-01-18,803358.3217020073,0.0,-0.21229584743741514
2021-01-19,803358.3217020073,0.0,-0.21229584743741514
2021-01-20,803358.3217020073,0.0,-0.21229584743741514
2021-01-21,803358.3217020073,0.0,-0.21229584743741514
2021-01-22,802906.3473260073,-0.00056260620421833,-0.21273901468073542
2021-01-25,811268.5473260072,0.010414913305704099,-0.2045397597696722
2021-01-26,796064.5473260073,-0.018741019912719703,-0.2194474959716055
2021-01-27,793086.5195740074,-0.003740937543322498,-0.2223674941384598
2021-01-28,793086.5195740074,0.0,-0.2223674941384598
2021-01-29,793086.5195740074,0.0,-0.2223674941384598
2021-02-01,793086.5195740074,0.0,-0.2223674941384598
2021-02-02,793086.5195740074,0.0,-0.2223674941384598
2021-02-03,790866.4293940073,-0.0027993038908195045,-0.2245443238377457
2021-02-04,789474.9293940073,-0.0017594627212413894,-0.22590870919192818
2021-02-05,790486.9293940073,0.0012818646448682358,-0.22491642893434094
2021-02-08,799594.9293940073,0.01152201214380888,-0.21598590661605566
2021-02-09,817051.9293940072,0.02183230453103313,-0.19886907217267558
2021-02-10,831599.4293940073,0.017804865855698626,-0.18460504346985862
2021-02-18,826159.9293940073,-0.006541009779147844,-0.18993854985439007
2021-02-19,830207.9293940073,0.004899777701599772,-0.1859694288240411
2021-02-22,804022.4293940073,-0.03154089363987833,-0.21164468048911134
2021-02-23,796867.4300040072,-0.0088990047148223,-0.21866025819439405
2021-02-24,796867.4300040072,0.0,-0.21866025819439405
2021-02-25,796867.4300040072,0.0,-0.21866025819439405
2021-02-26,796867.4300040072,0.0,-0.21866025819439405
2021-03-01,796867.4300040072,0.0,-0.21866025819439405
2021-03-02,796867.4300040072,0.0,-0.21866025819439405
2021-03-03,796867.4300040072,0.0,-0.21866025819439405
2021-03-04,780940.4957700073,-0.019986930867434083,-0.23427684159784146
2021-03-05,767878.9922080073,-0.016725350564797292,-0.2470838298577014
2021-03-08,767878.9922080073,0.0,-0.2470838298577014
2021-03-09,767878.9922080073,0.0,-0.2470838298577014
2021-03-10,767878.9922080073,0.0,-0.2470838298577014
2021-03-11,767878.9922080073,0.0,-0.2470838298577014
2021-03-12,765993.3873440073,-0.002455601576724975,-0.24893269199224455
2021-03-15,752692.5873440072,-0.017364118567810394,-0.2619743137808973
2021-03-16,750746.8654720074,-0.0025850153232750417,-0.26388212148874435
2021-03-17,750746.8654720074,0.0,-0.26388212148874435
2021-03-18,752870.1611900076,0.0028282445330827244,-0.2618002001231404
2021-03-19,735036.4611900076,-0.02368761696148447,-0.27928639422366797
2021-03-22,732616.4717220075,-0.003292339354271201,-0.2816592279911241
2021-03-23,732616.4717220075,0.0,-0.2816592279911241
2021-03-24,732616.4717220075,0.0,-0.2816592279911241
2021-03-25,732616.4717220075,0.0,-0.2816592279911241
2021-03-26,732616.4717220075,0.0,-0.2816592279911241
2021-03-29,730915.7070660075,-0.002321493880696357,-0.2833268516975974
2021-03-30,736486.1070660077,0.0076211250437625555,-0.2778649960188778
2021-03-31,731801.9070660075,-0.0063602014417637465,-0.2824579201123466
2021-04-01,739651.1070660076,0.010725853436853727,-0.27476166892869647
2021-04-02,745854.5070660075,0.008386927215734197,-0.2686791478319408
2021-04-06,742309.7070660075,-0.004752669544016319,-0.27215487417294404
2021-04-07,737878.7070660075,-0.005969206596413201,-0.2764995320991981
2021-04-08,733578.0645540076,-0.005828386794220375,-0.2807163726719234
2021-04-09,733578.0645540076,0.0,-0.2807163726719234
2021-04-12,733578.0645540076,0.0,-0.2807163726719234
2021-04-13,733578.0645540076,0.0,-0.2807163726719234
2021-04-14,733578.0645540076,0.0,-0.2807163726719234
2021-04-15,733578.0645540076,0.0,-0.2807163726719234
2021-04-16,733578.0645540076,0.0,-0.2807163726719234
2021-04-19,748804.7894340076,0.020756788698769624,-0.2657863544049899
2021-04-20,747777.5894340076,-0.0013717860976508733,-0.2667935384767227
2021-04-21,749318.3894340076,0.0020605057195766108,-0.2652827623691235
2021-04-22,748804.7894340077,-0.0006854229220075725,-0.26578635440498977
2021-04-23,755353.1894340077,0.008745136372524609,-0.25936555594769284
2021-04-26,747135.5894340075,-0.01087914913837551,-0.26742302852155575
2021-04-27,745470.3621300076,-0.0022288153951566247,-0.26905580735372414
2021-04-28,745470.3621300076,0.0,-0.26905580735372414
2021-04-29,749720.4198720076,0.0057011760063223615,-0.2648885658606487
2021-04-30,744018.9198720076,-0.0076048348809458766,-0.27047896693637363
2021-05-06,735530.0198720075,-0.011409521684556556,-0.2788024529824532
2021-05-07,734901.5574640076,-0.0008544347491205029,-0.2794186692276055
2021-05-10,734901.5574640076,0.0,-0.2794186692276055
2021-05-11,734901.5574640076,0.0,-0.2794186692276055
2021-05-12,734901.5574640076,0.0,-0.2794186692276055
2021-05-13,731558.5900340078,-0.0045488642608619845,-0.2826964958902004
2021-05-14,731825.0673440077,0.0003642596965303113,-0.28243521113347325
2021-05-17,738486.1350080076,0.009101994398982294,-0.2759039404443032
2021-05-18,738734.9350080077,0.0003369054450796938,-0.27565998853907825
2021-05-19,736993.3350080077,-0.002357543846198462,-0.27736765187565326
2021-05-20,738734.9350080077,0.0023631149934091322,-0.27565998853907825
2021-05-21,731892.9350080077,-0.00926177939577999,-0.282368665932766
2021-05-24,729773.3630240076,-0.002896013723615032,-0.28444693612472083
2021-05-25,729773.3630240076,0.0,-0.28444693612472083
2021-05-26,728036.6931800076,-0.0023797386037819335,-0.28614976537387926
2021-05-27,730310.9931800078,0.0031238810094396108,-0.2839197821823468
2021-05-28,728515.4931800077,-0.002458541657961222,-0.2856802952282935
2021-05-31,729233.6931800077,0.000985840392858428,-0.28497609000991475
2021-06-01,730191.2931800077,0.0013131592916724166,-0.2840371497187433
2021-06-02,725044.1931800077,-0.007048974766029059,-0.28908395378379015
2021-06-03,722620.7158580078,-0.003342523593452551,-0.2914602074412318
2021-06-04,722620.7158580078,0.0,-0.2914602074412318
2021-06-07,722620.7158580078,0.0,-0.2914602074412318
2021-06-08,722620.7158580078,0.0,-0.2914602074412318
2021-06-09,722620.7158580078,0.0,-0.2914602074412318
2021-06-10,722620.7158580078,0.0,-0.2914602074412318
2021-06-11,714926.0281060076,-0.010648307726500494,-0.29900495718886844
2021-06-15,712877.5683680078,-0.0028652750878669364,-0.3010135008217534
2021-06-16,712877.5683680078,0.0,-0.3010135008217534
2021-06-17,712877.5683680078,0.0,-0.3010135008217534
2021-06-18,712877.5683680078,0.0,-0.3010135008217534
2021-06-21,712877.5683680078,0.0,-0.3010135008217534
2021-06-22,712877.5683680078,0.0,-0.3010135008217534
2021-06-23,714392.1611840079,0.0021246184242653676,-0.2995284212272866
2021-06-24,715962.5611840078,0.0021982324069698134,-0.29798862190266706
2021-06-25,725747.3611840077,0.013666636400398557,-0.2883944876492681
2021-06-28,726834.5611840078,0.001498041960809049,-0.2873284727322237
2021-06-29,720311.3611840077,-0.008974807127187012,-0.29372456223448984
2021-06-30,718360.076368008,-0.002708946326755557,-0.29563782448730236
2021-07-01,714722.2089760081,-0.005064128021134984,-0.2992048047173438
2021-07-02,708620.5555980081,-0.008537097772212676,-0.30518756181776874
2021-07-05,708620.5555980081,0.0,-0.30518756181776874
2021-07-06,708620.5555980081,0.0,-0.30518756181776874
2021-07-07,708620.5555980081,0.0,-0.30518756181776874
2021-07-08,700929.0937180081,-0.01085413317358408,-0.31272914855246137
2021-07-09,698065.8937180081,-0.0040848639693531474,-0.3155365564907261
2021-07-12,700564.362600008,0.0035791304294967574,-0.313086772552184
2021-07-13,701216.4675000081,0.0009308279650135365,-0.3124473745105377
2021-07-14,694496.167500008,-0.009583773786658756,-0.31903672333965205
2021-07-15,691544.739072008,-0.004249740410554592,-0.3219306404945792
2021-07-16,685115.2491580078,-0.009297287002180021,-0.32823484593728547
2021-07-19,682095.650826008,-0.004407431210604162,-0.33119560464349784
2021-07-20,683651.5278120079,0.0022810246394562306,-0.32967004533871314
2021-07-21,683410.8054180079,-0.00035211271270096933,-0.32990607703745356
2021-07-22,682554.083322008,-0.0012535975275893563,-0.3307461051225321
2021-07-23,676594.883322008,-0.008730736721984766,-0.3365891846788701
2021-07-26,672349.9984740079,-0.006273894397720081,-0.34075135407650026
2021-07-27,672349.9984740079,0.0,-0.34075135407650026
2021-07-28,672349.9984740079,0.0,-0.34075135407650026
2021-07-29,672349.9984740079,0.0,-0.34075135407650026
2021-07-30,672349.9984740079,0.0,-0.34075135407650026
2021-08-02,672349.9984740079,0.0,-0.34075135407650026
2021-08-03,672349.9984740079,0.0,-0.34075135407650026
2021-08-04,672349.9984740079,0.0,-0.34075135407650026
2021-08-05,672349.9984740079,0.0,-0.34075135407650026
2021-08-06,672349.9984740079,0.0,-0.34075135407650026
2021-08-09,672349.9984740079,0.0,-0.34075135407650026
2021-08-10,672349.9984740079,0.0,-0.34075135407650026
2021-08-11,672349.9984740079,0.0,-0.34075135407650026
2021-08-12,672349.9984740079,0.0,-0.34075135407650026
2021-08-13,672349.9984740079,0.0,-0.34075135407650026
2021-08-16,672349.9984740079,0.0,-0.34075135407650026
2021-08-17,672349.9984740079,0.0,-0.34075135407650026
2021-08-18,672349.9984740079,0.0,-0.34075135407650026
2021-08-19,672349.9984740079,0.0,-0.34075135407650026
2021-08-20,672349.9984740079,0.0,-0.34075135407650026
2021-08-23,672349.9984740079,0.0,-0.34075135407650026
2021-08-24,672349.9984740079,0.0,-0.34075135407650026
2021-08-25,672349.9984740079,0.0,-0.34075135407650026
2021-08-26,672349.9984740079,0.0,-0.34075135407650026
2021-08-27,672349.9984740079,0.0,-0.34075135407650026
2021-08-30,672349.9984740079,0.0,-0.34075135407650026
2021-08-31,672349.9984740079,0.0,-0.34075135407650026
2021-09-01,672349.9984740079,0.0,-0.34075135407650026
2021-09-02,672349.9984740079,0.0,-0.34075135407650026
2021-09-03,672349.9984740079,0.0,-0.34075135407650026
2021-09-06,672349.9984740079,0.0,-0.34075135407650026
2021-09-07,672349.9984740079,0.0,-0.34075135407650026
2021-09-08,672349.9984740079,0.0,-0.34075135407650026
2021-09-09,672349.9984740079,0.0,-0.34075135407650026
2021-09-10,672349.9984740079,0.0,-0.34075135407650026
2021-09-13,672349.9984740079,0.0,-0.34075135407650026
2021-09-14,672349.9984740079,0.0,-0.34075135407650026
2021-09-15,672349.9984740079,0.0,-0.34075135407650026
2021-09-16,672349.9984740079,0.0,-0.34075135407650026
2021-09-17,672349.9984740079,0.0,-0.34075135407650026
2021-09-22,672349.9984740079,0.0,-0.34075135407650026
2021-09-23,672349.9984740079,0.0,-0.34075135407650026
2021-09-24,672349.9984740079,0.0,-0.34075135407650026
2021-09-27,672349.9984740079,0.0,-0.34075135407650026
2021-09-28,672349.9984740079,0.0,-0.34075135407650026
2021-09-29,672349.9984740079,0.0,-0.34075135407650026
2021-09-30,672349.9984740079,0.0,-0.34075135407650026
2021-10-08,672349.9984740079,0.0,-0.34075135407650026
2021-10-11,672349.9984740079,0.0,-0.34075135407650026
2021-10-12,672349.9984740079,0.0,-0.34075135407650026
2021-10-13,672349.9984740079,0.0,-0.34075135407650026
2021-10-14,672349.9984740079,0.0,-0.34075135407650026
2021-10-15,672349.9984740079,0.0,-0.34075135407650026
2021-10-18,672349.9984740079,0.0,-0.34075135407650026
2021-10-19,672349.9984740079,0.0,-0.34075135407650026
2021-10-20,672349.9984740079,0.0,-0.34075135407650026
2021-10-21,672349.9984740079,0.0,-0.34075135407650026
2021-10-22,672349.9984740079,0.0,-0.34075135407650026
2021-10-25,672349.9984740079,0.0,-0.34075135407650026
2021-10-26,672349.9984740079,0.0,-0.34075135407650026
2021-10-27,672349.9984740079,0.0,-0.34075135407650026
2021-10-28,672349.9984740079,0.0,-0.34075135407650026
2021-10-29,672349.9984740079,0.0,-0.34075135407650026
2021-11-01,672349.9984740079,0.0,-0.34075135407650026
2021-11-02,672349.9984740079,0.0,-0.34075135407650026
2021-11-03,672349.9984740079,0.0,-0.34075135407650026
2021-11-04,672349.9984740079,0.0,-0.34075135407650026
2021-11-05,672349.9984740079,0.0,-0.34075135407650026
2021-11-08,672349.9984740079,0.0,-0.34075135407650026
2021-11-09,672349.9984740079,0.0,-0.34075135407650026
2021-11-10,672349.9984740079,0.0,-0.34075135407650026
2021-11-11,672349.9984740079,0.0,-0.34075135407650026
2021-11-12,672349.9984740079,0.0,-0.34075135407650026
2021-11-15,672349.9984740079,0.0,-0.34075135407650026
2021-11-16,672349.9984740079,0.0,-0.34075135407650026
2021-11-17,672349.9984740079,0.0,-0.34075135407650026
2021-11-18,672349.9984740079,0.0,-0.34075135407650026
2021-11-19,672349.9984740079,0.0,-0.34075135407650026
2021-11-22,672349.9984740079,0.0,-0.34075135407650026
2021-11-23,672349.9984740079,0.0,-0.34075135407650026
2021-11-24,672349.9984740079,0.0,-0.34075135407650026
2021-11-25,672349.9984740079,0.0,-0.34075135407650026
2021-11-26,672349.9984740079,0.0,-0.34075135407650026
2021-11-29,672349.9984740079,0.0,-0.34075135407650026
2021-11-30,672349.9984740079,0.0,-0.34075135407650026
2021-12-01,672349.9984740079,0.0,-0.34075135407650026
2021-12-02,672349.9984740079,0.0,-0.34075135407650026
2021-12-03,672349.9984740079,0.0,-0.34075135407650026
2021-12-06,672349.9984740079,0.0,-0.34075135407650026
2021-12-07,672349.9984740079,0.0,-0.34075135407650026
2021-12-08,672349.9984740079,0.0,-0.34075135407650026
2021-12-09,672349.9984740079,0.0,-0.34075135407650026
2021-12-10,672349.9984740079,0.0,-0.34075135407650026
2021-12-13,672349.9984740079,0.0,-0.34075135407650026
2021-12-14,672349.9984740079,0.0,-0.34075135407650026
2021-12-15,672349.9984740079,0.0,-0.34075135407650026
2021-12-16,672349.9984740079,0.0,-0.34075135407650026
2021-12-17,672349.9984740079,0.0,-0.34075135407650026
2021-12-20,672349.9984740079,0.0,-0.34075135407650026
2021-12-21,672349.9984740079,0.0,-0.34075135407650026
2021-12-22,672349.9984740079,0.0,-0.34075135407650026
2021-12-23,672349.9984740079,0.0,-0.34075135407650026
2021-12-24,672349.9984740079,0.0,-0.34075135407650026
2021-12-27,672349.9984740079,0.0,-0.34075135407650026
2021-12-28,672349.9984740079,0.0,-0.34075135407650026
2021-12-29,672349.9984740079,0.0,-0.34075135407650026
2021-12-30,672349.9984740079,0.0,-0.34075135407650026
2021-12-31,672349.9984740079,0.0,-0.34075135407650026
2022-01-04,672349.9984740079,0.0,-0.34075135407650026
2022-01-05,672349.9984740079,0.0,-0.34075135407650026
2022-01-06,672349.9984740079,0.0,-0.34075135407650026
2022-01-07,672349.9984740079,0.0,-0.34075135407650026
2022-01-10,672349.9984740079,0.0,-0.34075135407650026
2022-01-11,672349.9984740079,0.0,-0.34075135407650026
2022-01-12,672349.9984740079,0.0,-0.34075135407650026
2022-01-13,672349.9984740079,0.0,-0.34075135407650026
2022-01-14,672349.9984740079,0.0,-0.34075135407650026
2022-01-17,672349.9984740079,0.0,-0.34075135407650026
2022-01-18,672349.9984740079,0.0,-0.34075135407650026
2022-01-19,672349.9984740079,0.0,-0.34075135407650026
2022-01-20,672349.9984740079,0.0,-0.34075135407650026
2022-01-21,672349.9984740079,0.0,-0.34075135407650026
2022-01-24,672349.9984740079,0.0,-0.34075135407650026
2022-01-25,672349.9984740079,0.0,-0.34075135407650026
2022-01-26,672349.9984740079,0.0,-0.34075135407650026
2022-01-27,672349.9984740079,0.0,-0.34075135407650026
2022-01-28,672349.9984740079,0.0,-0.34075135407650026
2022-02-07,672349.9984740079,0.0,-0.34075135407650026
2022-02-08,672349.9984740079,0.0,-0.34075135407650026
2022-02-09,672349.9984740079,0.0,-0.34075135407650026
2022-02-10,672349.9984740079,0.0,-0.34075135407650026
2022-02-11,672349.9984740079,0.0,-0.34075135407650026
2022-02-14,672349.9984740079,0.0,-0.34075135407650026
2022-02-15,672349.9984740079,0.0,-0.34075135407650026
2022-02-16,672349.9984740079,0.0,-0.34075135407650026
2022-02-17,672349.9984740079,0.0,-0.34075135407650026
2022-02-18,672349.9984740079,0.0,-0.34075135407650026
2022-02-21,672349.9984740079,0.0,-0.34075135407650026
2022-02-22,672349.9984740079,0.0,-0.34075135407650026
2022-02-23,672349.9984740079,0.0,-0.34075135407650026
2022-02-24,672349.9984740079,0.0,-0.34075135407650026
2022-02-25,672349.9984740079,0.0,-0.34075135407650026
2022-02-28,672349.9984740079,0.0,-0.34075135407650026
2022-03-01,672349.9984740079,0.0,-0.34075135407650026
2022-03-02,672349.9984740079,0.0,-0.34075135407650026
2022-03-03,672349.9984740079,0.0,-0.34075135407650026
2022-03-04,672349.9984740079,0.0,-0.34075135407650026
2022-03-07,672349.9984740079,0.0,-0.34075135407650026
2022-03-08,672349.9984740079,0.0,-0.34075135407650026
2022-03-09,672349.9984740079,0.0,-0.34075135407650026
2022-03-10,672349.9984740079,0.0,-0.34075135407650026
2022-03-11,672349.9984740079,0.0,-0.34075135407650026
2022-03-14,672349.9984740079,0.0,-0.34075135407650026
2022-03-15,672349.9984740079,0.0,-0.34075135407650026
2022-03-16,672349.9984740079,0.0,-0.34075135407650026
2022-03-17,672349.9984740079,0.0,-0.34075135407650026
2022-03-18,672349.9984740079,0.0,-0.34075135407650026
2022-03-21,672349.9984740079,0.0,-0.34075135407650026
2022-03-22,672349.9984740079,0.0,-0.34075135407650026
2022-03-23,672349.9984740079,0.0,-0.34075135407650026
2022-03-24,672349.9984740079,0.0,-0.34075135407650026
2022-03-25,672349.9984740079,0.0,-0.34075135407650026
2022-03-28,672349.9984740079,0.0,-0.34075135407650026
2022-03-29,672349.9984740079,0.0,-0.34075135407650026
2022-03-30,672349.9984740079,0.0,-0.34075135407650026
2022-03-31,672349.9984740079,0.0,-0.34075135407650026
2022-04-01,672349.9984740079,0.0,-0.34075135407650026
2022-04-06,672349.9984740079,0.0,-0.34075135407650026
2022-04-07,672349.9984740079,0.0,-0.34075135407650026
2022-04-08,672349.9984740079,0.0,-0.34075135407650026
2022-04-11,672349.9984740079,0.0,-0.34075135407650026
2022-04-12,672349.9984740079,0.0,-0.34075135407650026
2022-04-13,672349.9984740079,0.0,-0.34075135407650026
2022-04-14,672349.9984740079,0.0,-0.34075135407650026
2022-04-15,672349.9984740079,0.0,-0.34075135407650026
2022-04-18,672349.9984740079,0.0,-0.34075135407650026
2022-04-19,672349.9984740079,0.0,-0.34075135407650026
2022-04-20,672349.9984740079,0.0,-0.34075135407650026
2022-04-21,672349.9984740079,0.0,-0.34075135407650026
2022-04-22,672349.9984740079,0.0,-0.34075135407650026
2022-04-25,672349.9984740079,0.0,-0.34075135407650026
2022-04-26,672349.9984740079,0.0,-0.34075135407650026
2022-04-27,672349.9984740079,0.0,-0.34075135407650026
2022-04-28,672349.9984740079,0.0,-0.34075135407650026
2022-04-29,672349.9984740079,0.0,-0.34075135407650026
2022-05-05,672349.9984740079,0.0,-0.34075135407650026
2022-05-06,672349.9984740079,0.0,-0.34075135407650026
2022-05-09,672349.9984740079,0.0,-0.34075135407650026
2022-05-10,672349.9984740079,0.0,-0.34075135407650026
2022-05-11,672349.9984740079,0.0,-0.34075135407650026
2022-05-12,672349.9984740079,0.0,-0.34075135407650026
2022-05-13,672349.9984740079,0.0,-0.34075135407650026
2022-05-16,672349.9984740079,0.0,-0.34075135407650026
2022-05-17,672349.9984740079,0.0,-0.34075135407650026
2022-05-18,672349.9984740079,0.0,-0.34075135407650026
2022-05-19,672349.9984740079,0.0,-0.34075135407650026
2022-05-20,672349.9984740079,0.0,-0.34075135407650026
2022-05-23,672349.9984740079,0.0,-0.34075135407650026
2022-05-24,672349.9984740079,0.0,-0.34075135407650026
2022-05-25,672349.9984740079,0.0,-0.34075135407650026
2022-05-26,672349.9984740079,0.0,-0.34075135407650026
2022-05-27,672349.9984740079,0.0,-0.34075135407650026
2022-05-30,672349.9984740079,0.0,-0.34075135407650026
2022-05-31,672349.9984740079,0.0,-0.34075135407650026
2022-06-01,672349.9984740079,0.0,-0.34075135407650026
2022-06-02,672349.9984740079,0.0,-0.34075135407650026
2022-06-06,672349.9984740079,0.0,-0.34075135407650026
2022-06-07,672349.9984740079,0.0,-0.34075135407650026
2022-06-08,672349.9984740079,0.0,-0.34075135407650026
2022-06-09,672349.9984740079,0.0,-0.34075135407650026
2022-06-10,672349.9984740079,0.0,-0.34075135407650026
2022-06-13,672349.9984740079,0.0,-0.34075135407650026
2022-06-14,672349.9984740079,0.0,-0.34075135407650026
2022-06-15,672349.9984740079,0.0,-0.34075135407650026
2022-06-16,672349.9984740079,0.0,-0.34075135407650026
2022-06-17,672349.9984740079,0.0,-0.34075135407650026
2022-06-20,672349.9984740079,0.0,-0.34075135407650026
2022-06-21,672349.9984740079,0.0,-0.34075135407650026
2022-06-22,672349.9984740079,0.0,-0.34075135407650026
2022-06-23,672349.9984740079,0.0,-0.34075135407650026
2022-06-24,672349.9984740079,0.0,-0.34075135407650026
2022-06-27,672349.9984740079,0.0,-0.34075135407650026
2022-06-28,672349.9984740079,0.0,-0.34075135407650026
2022-06-29,672349.9984740079,0.0,-0.34075135407650026
2022-06-30,672349.9984740079,0.0,-0.34075135407650026
2022-07-01,672349.9984740079,0.0,-0.34075135407650026
2022-07-04,672349.9984740079,0.0,-0.34075135407650026
2022-07-05,672349.9984740079,0.0,-0.34075135407650026
2022-07-06,672349.9984740079,0.0,-0.34075135407650026
2022-07-07,672349.9984740079,0.0,-0.34075135407650026
2022-07-08,672349.9984740079,0.0,-0.34075135407650026
2022-07-11,672349.9984740079,0.0,-0.34075135407650026
2022-07-12,672349.9984740079,0.0,-0.34075135407650026
2022-07-13,672349.9984740079,0.0,-0.34075135407650026
2022-07-14,672349.9984740079,0.0,-0.34075135407650026
2022-07-15,672349.9984740079,0.0,-0.34075135407650026
2022-07-18,672349.9984740079,0.0,-0.34075135407650026
2022-07-19,672349.9984740079,0.0,-0.34075135407650026
2022-07-20,672349.9984740079,0.0,-0.34075135407650026
2022-07-21,672349.9984740079,0.0,-0.34075135407650026
2022-07-22,672349.9984740079,0.0,-0.34075135407650026
2022-07-25,672349.9984740079,0.0,-0.34075135407650026
2022-07-26,672349.9984740079,0.0,-0.34075135407650026
2022-07-27,672349.9984740079,0.0,-0.34075135407650026
2022-07-28,672349.9984740079,0.0,-0.34075135407650026
2022-07-29,672349.9984740079,0.0,-0.34075135407650026
2022-08-01,672349.9984740079,0.0,-0.34075135407650026
2022-08-02,672349.9984740079,0.0,-0.34075135407650026
2022-08-03,672349.9984740079,0.0,-0.34075135407650026
2022-08-04,672349.9984740079,0.0,-0.34075135407650026
2022-08-05,672349.9984740079,0.0,-0.34075135407650026
2022-08-08,672349.9984740079,0.0,-0.34075135407650026
2022-08-09,672349.9984740079,0.0,-0.34075135407650026
2022-08-10,672349.9984740079,0.0,-0.34075135407650026
2022-08-11,672349.9984740079,0.0,-0.34075135407650026
2022-08-12,672349.9984740079,0.0,-0.34075135407650026
2022-08-15,672349.9984740079,0.0,-0.34075135407650026
2022-08-16,672349.9984740079,0.0,-0.34075135407650026
2022-08-17,672349.9984740079,0.0,-0.34075135407650026
2022-08-18,672349.9984740079,0.0,-0.34075135407650026
2022-08-19,672349.9984740079,0.0,-0.34075135407650026
2022-08-22,672349.9984740079,0.0,-0.34075135407650026
2022-08-23,672349.9984740079,0.0,-0.34075135407650026
2022-08-24,672349.9984740079,0.0,-0.34075135407650026
2022-08-25,672349.9984740079,0.0,-0.34075135407650026
2022-08-26,672349.9984740079,0.0,-0.34075135407650026
2022-08-29,672349.9984740079,0.0,-0.34075135407650026
2022-08-30,672349.9984740079,0.0,-0.34075135407650026
2022-08-31,672349.9984740079,0.0,-0.34075135407650026
2022-09-01,672349.9984740079,0.0,-0.34075135407650026
2022-09-02,672349.9984740079,0.0,-0.34075135407650026
2022-09-05,672349.9984740079,0.0,-0.34075135407650026
2022-09-06,672349.9984740079,0.0,-0.34075135407650026
2022-09-07,672349.9984740079,0.0,-0.34075135407650026
2022-09-08,672349.9984740079,0.0,-0.34075135407650026
2022-09-09,672349.9984740079,0.0,-0.34075135407650026
2022-09-13,672349.9984740079,0.0,-0.34075135407650026
2022-09-14,672349.9984740079,0.0,-0.34075135407650026
2022-09-15,672349.9984740079,0.0,-0.34075135407650026
2022-09-16,672349.9984740079,0.0,-0.34075135407650026
2022-09-19,672349.9984740079,0.0,-0.34075135407650026
2022-09-20,672349.9984740079,0.0,-0.34075135407650026
2022-09-21,672349.9984740079,0.0,-0.34075135407650026
2022-09-22,672349.9984740079,0.0,-0.34075135407650026
2022-09-23,672349.9984740079,0.0,-0.34075135407650026
2022-09-26,672349.9984740079,0.0,-0.34075135407650026
2022-09-27,672349.9984740079,0.0,-0.34075135407650026
2022-09-28,672349.9984740079,0.0,-0.34075135407650026
2022-09-29,672349.9984740079,0.0,-0.34075135407650026
2022-09-30,672349.9984740079,0.0,-0.34075135407650026
2022-10-10,672349.9984740079,0.0,-0.34075135407650026
2022-10-11,672349.9984740079,0.0,-0.34075135407650026
2022-10-12,672349.9984740079,0.0,-0.34075135407650026
2022-10-13,672349.9984740079,0.0,-0.34075135407650026
2022-10-14,672349.9984740079,0.0,-0.34075135407650026
2022-10-17,672349.9984740079,0.0,-0.34075135407650026
2022-10-18,672349.9984740079,0.0,-0.34075135407650026
2022-10-19,672349.9984740079,0.0,-0.34075135407650026
2022-10-20,672349.9984740079,0.0,-0.34075135407650026
2022-10-21,672349.9984740079,0.0,-0.34075135407650026
2022-10-24,672349.9984740079,0.0,-0.34075135407650026
2022-10-25,672349.9984740079,0.0,-0.34075135407650026
2022-10-26,672349.9984740079,0.0,-0.34075135407650026
2022-10-27,672349.9984740079,0.0,-0.34075135407650026
2022-10-28,672349.9984740079,0.0,-0.34075135407650026
2022-10-31,672349.9984740079,0.0,-0.34075135407650026
2022-11-01,672349.9984740079,0.0,-0.34075135407650026
2022-11-02,672349.9984740079,0.0,-0.34075135407650026
2022-11-03,672349.9984740079,0.0,-0.34075135407650026
2022-11-04,672349.9984740079,0.0,-0.34075135407650026
2022-11-07,672349.9984740079,0.0,-0.34075135407650026
2022-11-08,672349.9984740079,0.0,-0.34075135407650026
2022-11-09,672349.9984740079,0.0,-0.34075135407650026
2022-11-10,672349.9984740079,0.0,-0.34075135407650026
2022-11-11,672349.9984740079,0.0,-0.34075135407650026
2022-11-14,672349.9984740079,0.0,-0.34075135407650026
2022-11-15,672349.9984740079,0.0,-0.34075135407650026
2022-11-16,672349.9984740079,0.0,-0.34075135407650026
2022-11-17,672349.9984740079,0.0,-0.34075135407650026
2022-11-18,672349.9984740079,0.0,-0.34075135407650026
2022-11-21,672349.9984740079,0.0,-0.34075135407650026
2022-11-22,672349.9984740079,0.0,-0.34075135407650026
2022-11-23,672349.9984740079,0.0,-0.34075135407650026
2022-11-24,672349.9984740079,0.0,-0.34075135407650026
2022-11-25,672349.9984740079,0.0,-0.34075135407650026
2022-11-28,672349.9984740079,0.0,-0.34075135407650026
2022-11-29,672349.9984740079,0.0,-0.34075135407650026
2022-11-30,672349.9984740079,0.0,-0.34075135407650026
2022-12-01,672349.9984740079,0.0,-0.34075135407650026
2022-12-02,672349.9984740079,0.0,-0.34075135407650026
2022-12-05,672349.9984740079,0.0,-0.34075135407650026
2022-12-06,672349.9984740079,0.0,-0.34075135407650026
2022-12-07,672349.9984740079,0.0,-0.34075135407650026
2022-12-08,672349.9984740079,0.0,-0.34075135407650026
2022-12-09,672349.9984740079,0.0,-0.34075135407650026
2022-12-12,672349.9984740079,0.0,-0.34075135407650026
2022-12-13,672349.9984740079,0.0,-0.34075135407650026
2022-12-14,672349.9984740079,0.0,-0.34075135407650026
2022-12-15,672349.9984740079,0.0,-0.34075135407650026
2022-12-16,672349.9984740079,0.0,-0.34075135407650026
2022-12-19,672349.9984740079,0.0,-0.34075135407650026
2022-12-20,672349.9984740079,0.0,-0.34075135407650026
2022-12-21,672349.9984740079,0.0,-0.34075135407650026
2022-12-22,672349.9984740079,0.0,-0.34075135407650026
2022-12-23,672349.9984740079,0.0,-0.34075135407650026
2022-12-26,672349.9984740079,0.0,-0.34075135407650026
2022-12-27,672349.9984740079,0.0,-0.34075135407650026
2022-12-28,672349.9984740079,0.0,-0.34075135407650026
2022-12-29,672349.9984740079,0.0,-0.34075135407650026
2022-12-30,672349.9984740079,0.0,-0.34075135407650026
2023-01-03,672349.9984740079,0.0,-0.34075135407650026
2023-01-04,672349.9984740079,0.0,-0.34075135407650026
2023-01-05,672349.9984740079,0.0,-0.34075135407650026
2023-01-06,672349.9984740079,0.0,-0.34075135407650026
2023-01-09,672349.9984740079,0.0,-0.34075135407650026
2023-01-10,672349.9984740079,0.0,-0.34075135407650026
2023-01-11,672349.9984740079,0.0,-0.34075135407650026
2023-01-12,672349.9984740079,0.0,-0.34075135407650026
2023-01-13,672349.9984740079,0.0,-0.34075135407650026
2023-01-16,672349.9984740079,0.0,-0.34075135407650026
2023-01-17,672349.9984740079,0.0,-0.34075135407650026
2023-01-18,672349.9984740079,0.0,-0.34075135407650026
2023-01-19,672349.9984740079,0.0,-0.34075135407650026
2023-01-20,672349.9984740079,0.0,-0.34075135407650026
2023-01-30,672349.9984740079,0.0,-0.34075135407650026
2023-01-31,672349.9984740079,0.0,-0.34075135407650026
2023-02-01,672349.9984740079,0.0,-0.34075135407650026
2023-02-02,667917.624178008,-0.006592361576648886,-0.34509735951934417
2023-02-03,662322.0314260079,-0.008377668966119134,-0.3505839170463284
2023-02-06,662322.0314260079,0.0,-0.3505839170463284
2023-02-07,662322.0314260079,0.0,-0.3505839170463284
2023-02-08,662322.0314260079,0.0,-0.3505839170463284
2023-02-09,662322.0314260079,0.0,-0.3505839170463284
2023-02-10,657499.568198008,-0.007281145725466676,-0.3553124101827758
2023-02-13,661758.7681980078,0.006477874976667852,-0.3511362045769304
2023-02-14,662956.668198008,0.0018101762418079037,-0.3499616467502863
2023-02-15,659229.8681980078,-0.005621483543004402,-0.35361582665540126
2023-02-16,657641.3729380079,-0.002409622707693737,-0.35517336863738624
2023-02-17,657641.3729380079,0.0,-0.35517336863738624
2023-02-20,657641.3729380079,0.0,-0.35517336863738624
2023-02-21,656819.1822020081,-0.0012502113915472401,-0.35597953823748885
2023-02-22,651543.1822020081,-0.008032652125524176,-0.36115273056854647
2023-02-23,651543.1822020081,0.0,-0.36115273056854647
2023-02-24,649313.1647300081,-0.003422670258728222,-0.3633392941174993
2023-02-27,649313.1647300081,0.0,-0.3633392941174993
2023-02-28,649313.1647300081,0.0,-0.3633392941174993
2023-03-01,649313.1647300081,0.0,-0.3633392941174993
2023-03-02,648499.8924100081,-0.00125251167568452,-0.3641367190850666
2023-03-03,649675.2924100081,0.0018124906630776483,-0.3629842228254144
2023-03-06,646410.2924100081,-0.005025587455986358,-0.36618560132444833
2023-03-07,643810.9475500081,-0.004021199678471921,-0.3687342955806133
2023-03-08,643810.9475500081,0.0,-0.3687342955806133
2023-03-09,643810.9475500081,0.0,-0.3687342955806133
2023-03-10,643810.9475500081,0.0,-0.3687342955806133
2023-03-13,643810.9475500081,0.0,-0.3687342955806133
2023-03-14,643810.9475500081,0.0,-0.3687342955806133
2023-03-15,643810.9475500081,0.0,-0.3687342955806133
2023-03-16,643810.9475500081,0.0,-0.3687342955806133
2023-03-17,643810.9475500081,0.0,-0.3687342955806133
2023-03-20,643810.9475500081,0.0,-0.3687342955806133
2023-03-21,643810.9475500081,0.0,-0.3687342955806133
2023-03-22,643810.9475500081,0.0,-0.3687342955806133
2023-03-23,643810.9475500081,0.0,-0.3687342955806133
2023-03-24,643810.9475500081,0.0,-0.3687342955806133
2023-03-27,643810.9475500081,0.0,-0.3687342955806133
2023-03-28,643810.9475500081,0.0,-0.3687342955806133
2023-03-29,643810.9475500081,0.0,-0.3687342955806133
2023-03-30,643810.9475500081,0.0,-0.3687342955806133
2023-03-31,642992.430010008,-0.001271363189947028,-0.36953686356028825
2023-04-03,646946.4300100082,0.006149372551615517,-0.3656599108542604
2023-04-04,649582.430010008,0.004074525923203787,-0.3630752757169087
2023-04-06,648000.8300100081,-0.0024347949189075235,-0.3646260567993198
2023-04-07,651823.0300100081,0.005898449234920111,-0.3608783358501596
2023-04-10,649846.030010008,-0.0030330318337629114,-0.3628168122031735
2023-04-11,648528.0300100081,-0.0020281727349777956,-0.3641091297718494
2023-04-12,646564.1335660082,-0.0030282367964413748,-0.3660347579035954
2023-04-13,646564.1335660082,0.0,-0.3660347579035954
2023-04-14,646564.1335660082,0.0,-0.3660347579035954
2023-04-17,646564.1335660082,0.0,-0.3660347579035954
2023-04-18,646145.3899900081,-0.0006476443004820309,-0.36644534187934275
2023-04-19,641875.1899900081,-0.006608729345056519,-0.370632333140162
2023-04-20,639804.7899900081,-0.0032255491913190104,-0.37266238950904407
2023-04-21,637745.624498008,-0.0032184277520526106,-0.3746814302845546
2023-04-24,637745.624498008,0.0,-0.3746814302845546
2023-04-25,637745.624498008,0.0,-0.3746814302845546
2023-04-26,637745.624498008,0.0,-0.3746814302845546
2023-04-27,637745.624498008,0.0,-0.3746814302845546
2023-04-28,637745.624498008,0.0,-0.3746814302845546
2023-05-04,637745.624498008,0.0,-0.3746814302845546
2023-05-05,637745.624498008,0.0,-0.3746814302845546
2023-05-08,637745.624498008,0.0,-0.3746814302845546
2023-05-09,637745.624498008,0.0,-0.3746814302845546
2023-05-10,637745.624498008,0.0,-0.3746814302845546
2023-05-11,637745.624498008,0.0,-0.3746814302845546
2023-05-12,637745.624498008,0.0,-0.3746814302845546
2023-05-15,637745.624498008,0.0,-0.3746814302845546
2023-05-16,637745.624498008,0.0,-0.3746814302845546
2023-05-17,637745.624498008,0.0,-0.3746814302845546
2023-05-18,637745.624498008,0.0,-0.3746814302845546
2023-05-19,637745.624498008,0.0,-0.3746814302845546
2023-05-22,637745.624498008,0.0,-0.3746814302845546
2023-05-23,637745.624498008,0.0,-0.3746814302845546
2023-05-24,637745.624498008,0.0,-0.3746814302845546
2023-05-25,637745.624498008,0.0,-0.3746814302845546
2023-05-26,637745.624498008,0.0,-0.3746814302845546
2023-05-29,637745.624498008,0.0,-0.3746814302845546
2023-05-30,637745.624498008,0.0,-0.3746814302845546
2023-05-31,637745.624498008,0.0,-0.3746814302845546
2023-06-01,637745.624498008,0.0,-0.3746814302845546
2023-06-02,637745.624498008,0.0,-0.3746814302845546
2023-06-05,637745.624498008,0.0,-0.3746814302845546
2023-06-06,637745.624498008,0.0,-0.3746814302845546
2023-06-07,637745.624498008,0.0,-0.3746814302845546
2023-06-08,637745.624498008,0.0,-0.3746814302845546
2023-06-09,637745.624498008,0.0,-0.3746814302845546
2023-06-12,637745.624498008,0.0,-0.3746814302845546
2023-06-13,637745.624498008,0.0,-0.3746814302845546
2023-06-14,637745.624498008,0.0,-0.3746814302845546
2023-06-15,637745.624498008,0.0,-0.3746814302845546
2023-06-16,637745.624498008,0.0,-0.3746814302845546
2023-06-19,637745.624498008,0.0,-0.3746814302845546
2023-06-20,637745.624498008,0.0,-0.3746814302845546
2023-06-21,637745.624498008,0.0,-0.3746814302845546
2023-06-26,637745.624498008,0.0,-0.3746814302845546
2023-06-27,637745.624498008,0.0,-0.3746814302845546
2023-06-28,637745.624498008,0.0,-0.3746814302845546
2023-06-29,637745.624498008,0.0,-0.3746814302845546
2023-06-30,637745.624498008,0.0,-0.3746814302845546
2023-07-03,637745.624498008,0.0,-0.3746814302845546
2023-07-04,637745.624498008,0.0,-0.3746814302845546
2023-07-05,637745.624498008,0.0,-0.3746814302845546
2023-07-06,637745.624498008,0.0,-0.3746814302845546
2023-07-07,637745.624498008,0.0,-0.3746814302845546
2023-07-10,637745.624498008,0.0,-0.3746814302845546
2023-07-11,637745.624498008,0.0,-0.3746814302845546
2023-07-12,637745.624498008,0.0,-0.3746814302845546
2023-07-13,637745.624498008,0.0,-0.3746814302845546
2023-07-14,637745.624498008,0.0,-0.3746814302845546
2023-07-17,637745.624498008,0.0,-0.3746814302845546
2023-07-18,637745.624498008,0.0,-0.3746814302845546
2023-07-19,637745.624498008,0.0,-0.3746814302845546
2023-07-20,637745.624498008,0.0,-0.3746814302845546
2023-07-21,637745.624498008,0.0,-0.3746814302845546
2023-07-24,637745.624498008,0.0,-0.3746814302845546
2023-07-25,637745.624498008,0.0,-0.3746814302845546
2023-07-26,635738.5763580081,-0.0031470982518770896,-0.3766493692621724
2023-07-27,635210.176358008,-0.0008311592526399902,-0.37716747290654906
2023-07-28,647891.7763580082,0.01996441567216456,-0.3647329854415108
2023-07-31,650005.376358008,0.0032622732331641924,-0.3626605708640046
2023-08-01,647627.5763580081,-0.0036581235886429253,-0.3649920372636991
2023-08-02,643796.6763580081,-0.005915282393537669,-0.3687482886854294
2023-08-03,640913.9293920081,-0.004477728872891662,-0.371574862699245
2023-08-04,636717.7786920081,-0.006547136062373671,-0.3756892475781688
2023-08-07,632681.578692008,-0.006339072246877575,-0.37964679854227334
2023-08-08,628665.7055160081,-0.006347384389319921,-0.3835844187690708
2023-08-09,628665.7055160081,0.0,-0.3835844187690708
2023-08-10,628665.7055160081,0.0,-0.3835844187690708
2023-08-11,628665.7055160081,0.0,-0.3835844187690708
2023-08-14,628665.7055160081,0.0,-0.3835844187690708
2023-08-15,628665.7055160081,0.0,-0.3835844187690708
2023-08-16,628665.7055160081,0.0,-0.3835844187690708
2023-08-17,628665.7055160081,0.0,-0.3835844187690708
2023-08-18,628665.7055160081,0.0,-0.3835844187690708
2023-08-21,628665.7055160081,0.0,-0.3835844187690708
2023-08-22,628665.7055160081,0.0,-0.3835844187690708
2023-08-23,628665.7055160081,0.0,-0.3835844187690708
2023-08-24,628665.7055160081,0.0,-0.3835844187690708
2023-08-25,628665.7055160081,0.0,-0.3835844187690708
2023-08-28,628665.7055160081,0.0,-0.3835844187690708
2023-08-29,628665.7055160081,0.0,-0.3835844187690708
2023-08-30,628665.7055160081,0.0,-0.3835844187690708
2023-08-31,628665.7055160081,0.0,-0.3835844187690708
2023-09-01,628665.7055160081,0.0,-0.3835844187690708
2023-09-04,628665.7055160081,0.0,-0.3835844187690708
2023-09-05,628665.7055160081,0.0,-0.3835844187690708
2023-09-06,628665.7055160081,0.0,-0.3835844187690708
2023-09-07,628665.7055160081,0.0,-0.3835844187690708
2023-09-08,628665.7055160081,0.0,-0.3835844187690708
2023-09-11,628665.7055160081,0.0,-0.3835844187690708
2023-09-12,628665.7055160081,0.0,-0.3835844187690708
2023-09-13,628665.7055160081,0.0,-0.3835844187690708
2023-09-14,628665.7055160081,0.0,-0.3835844187690708
2023-09-15,628665.7055160081,0.0,-0.3835844187690708
2023-09-18,628665.7055160081,0.0,-0.3835844187690708
2023-09-19,628665.7055160081,0.0,-0.3835844187690708
2023-09-20,628665.7055160081,0.0,-0.3835844187690708
2023-09-21,628665.7055160081,0.0,-0.3835844187690708
2023-09-22,628665.7055160081,0.0,-0.3835844187690708
2023-09-25,628665.7055160081,0.0,-0.3835844187690708
2023-09-26,628665.7055160081,0.0,-0.3835844187690708
2023-09-27,628665.7055160081,0.0,-0.3835844187690708
2023-09-28,628665.7055160081,0.0,-0.3835844187690708
2023-10-09,628665.7055160081,0.0,-0.3835844187690708
2023-10-10,628665.7055160081,0.0,-0.3835844187690708
2023-10-11,628665.7055160081,0.0,-0.3835844187690708
2023-10-12,628665.7055160081,0.0,-0.3835844187690708
2023-10-13,628665.7055160081,0.0,-0.3835844187690708
2023-10-16,628665.7055160081,0.0,-0.3835844187690708
2023-10-17,628665.7055160081,0.0,-0.3835844187690708
2023-10-18,628665.7055160081,0.0,-0.3835844187690708
2023-10-19,628665.7055160081,0.0,-0.3835844187690708
2023-10-20,628665.7055160081,0.0,-0.3835844187690708
2023-10-23,628665.7055160081,0.0,-0.3835844187690708
2023-10-24,628665.7055160081,0.0,-0.3835844187690708
2023-10-25,628665.7055160081,0.0,-0.3835844187690708
2023-10-26,628665.7055160081,0.0,-0.3835844187690708
2023-10-27,628665.7055160081,0.0,-0.3835844187690708
2023-10-30,628665.7055160081,0.0,-0.3835844187690708
2023-10-31,628665.7055160081,0.0,-0.3835844187690708
2023-11-01,628665.7055160081,0.0,-0.3835844187690708
2023-11-02,628665.7055160081,0.0,-0.3835844187690708
2023-11-03,628665.7055160081,0.0,-0.3835844187690708
2023-11-06,628665.7055160081,0.0,-0.3835844187690708
2023-11-07,628665.7055160081,0.0,-0.3835844187690708
2023-11-08,628665.7055160081,0.0,-0.3835844187690708
2023-11-09,628665.7055160081,0.0,-0.3835844187690708
2023-11-10,628665.7055160081,0.0,-0.3835844187690708
2023-11-13,628665.7055160081,0.0,-0.3835844187690708
2023-11-14,628665.7055160081,0.0,-0.3835844187690708
2023-11-15,628665.7055160081,0.0,-0.3835844187690708
2023-11-16,628665.7055160081,0.0,-0.3835844187690708
2023-11-17,628665.7055160081,0.0,-0.3835844187690708
2023-11-20,628665.7055160081,0.0,-0.3835844187690708
2023-11-21,628665.7055160081,0.0,-0.3835844187690708
2023-11-22,628665.7055160081,0.0,-0.3835844187690708
2023-11-23,628665.7055160081,0.0,-0.3835844187690708
2023-11-24,628665.7055160081,0.0,-0.3835844187690708
2023-11-27,628665.7055160081,0.0,-0.3835844187690708
2023-11-28,628665.7055160081,0.0,-0.3835844187690708
2023-11-29,628665.7055160081,0.0,-0.3835844187690708
2023-11-30,628665.7055160081,0.0,-0.3835844187690708
2023-12-01,628665.7055160081,0.0,-0.3835844187690708
2023-12-04,628665.7055160081,0.0,-0.3835844187690708
2023-12-05,628665.7055160081,0.0,-0.3835844187690708
2023-12-06,628665.7055160081,0.0,-0.3835844187690708
2023-12-07,628665.7055160081,0.0,-0.3835844187690708
2023-12-08,628665.7055160081,0.0,-0.3835844187690708
2023-12-11,628665.7055160081,0.0,-0.3835844187690708
2023-12-12,628665.7055160081,0.0,-0.3835844187690708
2023-12-13,628665.7055160081,0.0,-0.3835844187690708
2023-12-14,628665.7055160081,0.0,-0.3835844187690708
2023-12-15,628665.7055160081,0.0,-0.3835844187690708
2023-12-18,628665.7055160081,0.0,-0.3835844187690708
2023-12-19,628665.7055160081,0.0,-0.3835844187690708
2023-12-20,628665.7055160081,0.0,-0.3835844187690708
2023-12-21,628665.7055160081,0.0,-0.3835844187690708
2023-12-22,628665.7055160081,0.0,-0.3835844187690708
2023-12-25,628665.7055160081,0.0,-0.3835844187690708
2023-12-26,628665.7055160081,0.0,-0.3835844187690708
2023-12-27,628665.7055160081,0.0,-0.3835844187690708
2023-12-28,628665.7055160081,0.0,-0.3835844187690708
2023-12-29,628665.7055160081,0.0,-0.3835844187690708
2024-01-02,628665.7055160081,0.0,-0.3835844187690708
2024-01-03,628665.7055160081,0.0,-0.3835844187690708
2024-01-04,628665.7055160081,0.0,-0.3835844187690708
2024-01-05,628665.7055160081,0.0,-0.3835844187690708
2024-01-08,628665.7055160081,0.0,-0.3835844187690708
2024-01-09,628665.7055160081,0.0,-0.3835844187690708
2024-01-10,628665.7055160081,0.0,-0.3835844187690708
2024-01-11,628665.7055160081,0.0,-0.3835844187690708
2024-01-12,628665.7055160081,0.0,-0.3835844187690708
2024-01-15,628665.7055160081,0.0,-0.3835844187690708
2024-01-16,628665.7055160081,0.0,-0.3835844187690708
2024-01-17,628665.7055160081,0.0,-0.3835844187690708
2024-01-18,628665.7055160081,0.0,-0.3835844187690708
2024-01-19,628665.7055160081,0.0,-0.3835844187690708
2024-01-22,628665.7055160081,0.0,-0.3835844187690708
2024-01-23,628665.7055160081,0.0,-0.3835844187690708
2024-01-24,628665.7055160081,0.0,-0.3835844187690708
2024-01-25,628665.7055160081,0.0,-0.3835844187690708
2024-01-26,628665.7055160081,0.0,-0.3835844187690708
2024-01-29,628665.7055160081,0.0,-0.3835844187690708
2024-01-30,628665.7055160081,0.0,-0.3835844187690708
2024-01-31,628665.7055160081,0.0,-0.3835844187690708
2024-02-01,628665.7055160081,0.0,-0.3835844187690708
2024-02-02,628665.7055160081,0.0,-0.3835844187690708
2024-02-05,628665.7055160081,0.0,-0.3835844187690708
2024-02-06,628665.7055160081,0.0,-0.3835844187690708
2024-02-07,628665.7055160081,0.0,-0.3835844187690708
2024-02-08,628665.7055160081,0.0,-0.3835844187690708
2024-02-19,628665.7055160081,0.0,-0.3835844187690708
2024-02-20,628665.7055160081,0.0,-0.3835844187690708
2024-02-21,628665.7055160081,0.0,-0.3835844187690708
2024-02-22,628665.7055160081,0.0,-0.3835844187690708
2024-02-23,628665.7055160081,0.0,-0.3835844187690708
2024-02-26,628665.7055160081,0.0,-0.3835844187690708
2024-02-27,628665.7055160081,0.0,-0.3835844187690708
2024-02-28,628665.7055160081,0.0,-0.3835844187690708
2024-02-29,628665.7055160081,0.0,-0.3835844187690708
2024-03-01,628665.7055160081,0.0,-0.3835844187690708
2024-03-04,628665.7055160081,0.0,-0.3835844187690708
2024-03-05,628665.7055160081,0.0,-0.3835844187690708
2024-03-06,628665.7055160081,0.0,-0.3835844187690708
2024-03-07,628665.7055160081,0.0,-0.3835844187690708
2024-03-08,628665.7055160081,0.0,-0.3835844187690708
2024-03-11,628665.7055160081,0.0,-0.3835844187690708
2024-03-12,628665.7055160081,0.0,-0.3835844187690708
2024-03-13,628665.7055160081,0.0,-0.3835844187690708
2024-03-14,628665.7055160081,0.0,-0.3835844187690708
2024-03-15,628665.7055160081,0.0,-0.3835844187690708
2024-03-18,628665.7055160081,0.0,-0.3835844187690708
2024-03-19,628665.7055160081,0.0,-0.3835844187690708
2024-03-20,628665.7055160081,0.0,-0.3835844187690708
2024-03-21,628665.7055160081,0.0,-0.3835844187690708
2024-03-22,628665.7055160081,0.0,-0.3835844187690708
2024-03-25,628665.7055160081,0.0,-0.3835844187690708
2024-03-26,628665.7055160081,0.0,-0.3835844187690708
2024-03-27,628665.7055160081,0.0,-0.3835844187690708
2024-03-28,628665.7055160081,0.0,-0.3835844187690708
2024-03-29,628665.7055160081,0.0,-0.3835844187690708
2024-04-01,628665.7055160081,0.0,-0.3835844187690708
2024-04-02,628665.7055160081,0.0,-0.3835844187690708
2024-04-03,628665.7055160081,0.0,-0.3835844187690708
2024-04-08,628665.7055160081,0.0,-0.3835844187690708
2024-04-09,628665.7055160081,0.0,-0.3835844187690708
2024-04-10,628665.7055160081,0.0,-0.3835844187690708
2024-04-11,628665.7055160081,0.0,-0.3835844187690708
2024-04-12,628665.7055160081,0.0,-0.3835844187690708
2024-04-15,628665.7055160081,0.0,-0.3835844187690708
2024-04-16,628665.7055160081,0.0,-0.3835844187690708
2024-04-17,628665.7055160081,0.0,-0.3835844187690708
2024-04-18,628665.7055160081,0.0,-0.3835844187690708
2024-04-19,628665.7055160081,0.0,-0.3835844187690708
2024-04-22,628665.7055160081,0.0,-0.3835844187690708
2024-04-23,628665.7055160081,0.0,-0.3835844187690708
2024-04-24,628665.7055160081,0.0,-0.3835844187690708
2024-04-25,628665.7055160081,0.0,-0.3835844187690708
2024-04-26,628665.7055160081,0.0,-0.3835844187690708
2024-04-29,628665.7055160081,0.0,-0.3835844187690708
2024-04-30,628665.7055160081,0.0,-0.3835844187690708
2024-05-06,628665.7055160081,0.0,-0.3835844187690708
2024-05-07,628665.7055160081,0.0,-0.3835844187690708
2024-05-08,628665.7055160081,0.0,-0.3835844187690708
2024-05-09,628665.7055160081,0.0,-0.3835844187690708
2024-05-10,626439.9145560081,-0.0035405000471165904,-0.38576683816346224
2024-05-13,626025.914556008,-0.0006608774287530927,-0.3861727709961117
2024-05-14,625197.914556008,-0.0013226289531276247,-0.38698463666141036
2024-05-15,621609.914556008,-0.005738982674867166,-0.390502721211038
2024-05-16,620450.1432360079,-0.0018657542179462139,-0.39163989332976523
2024-05-17,620450.1432360079,0.0,-0.39163989332976523
2024-05-20,619211.5918200079,-0.0019962142478366918,-0.39285431044251573
2024-05-21,617584.3918200079,-0.0026278577815658233,-0.39444980296736354
2024-05-22,618669.191820008,0.0017565210752867877,-0.39338614128413163
2024-05-23,613651.991820008,-0.008109665175407121,-0.39830557656907895
2024-05-24,610071.248724008,-0.0058351364351968416,-0.40181654562209546
2024-05-27,610071.248724008,0.0,-0.40181654562209546
2024-05-28,610071.248724008,0.0,-0.40181654562209546
2024-05-29,610071.248724008,0.0,-0.40181654562209546
2024-05-30,610071.248724008,0.0,-0.40181654562209546
2024-05-31,610071.248724008,0.0,-0.40181654562209546
2024-06-03,610071.248724008,0.0,-0.40181654562209546
2024-06-04,610071.248724008,0.0,-0.40181654562209546
2024-06-05,606673.064748008,-0.005570142803987932,-0.4051485128859632
2024-06-06,605540.076078008,-0.0018675440461010107,-0.4062594242390374
2024-06-07,605540.076078008,0.0,-0.4062594242390374
2024-06-11,605540.076078008,0.0,-0.4062594242390374
2024-06-12,605540.076078008,0.0,-0.4062594242390374
2024-06-13,605540.076078008,0.0,-0.4062594242390374
2024-06-14,605540.076078008,0.0,-0.4062594242390374
2024-06-17,605540.076078008,0.0,-0.4062594242390374
2024-06-18,605540.076078008,0.0,-0.4062594242390374
2024-06-19,605540.076078008,0.0,-0.4062594242390374
2024-06-20,605540.076078008,0.0,-0.4062594242390374
2024-06-21,605540.076078008,0.0,-0.4062594242390374
2024-06-24,605540.076078008,0.0,-0.4062594242390374
2024-06-25,605540.076078008,0.0,-0.4062594242390374
2024-06-26,605540.076078008,0.0,-0.4062594242390374
2024-06-27,605540.076078008,0.0,-0.4062594242390374
2024-06-28,605540.076078008,0.0,-0.4062594242390374
2024-07-01,605540.076078008,0.0,-0.4062594242390374
2024-07-02,605540.076078008,0.0,-0.4062594242390374
2024-07-03,605540.076078008,0.0,-0.4062594242390374
2024-07-04,605540.076078008,0.0,-0.4062594242390374
2024-07-05,605540.076078008,0.0,-0.4062594242390374
2024-07-08,605540.076078008,0.0,-0.4062594242390374
2024-07-09,605540.076078008,0.0,-0.4062594242390374
2024-07-10,605540.076078008,0.0,-0.4062594242390374
2024-07-11,605540.076078008,0.0,-0.4062594242390374
2024-07-12,605540.076078008,0.0,-0.4062594242390374
2024-07-15,605540.076078008,0.0,-0.4062594242390374
2024-07-16,605540.076078008,0.0,-0.4062594242390374
2024-07-17,605540.076078008,0.0,-0.4062594242390374
2024-07-18,605540.076078008,0.0,-0.4062594242390374
2024-07-19,605540.076078008,0.0,-0.4062594242390374
2024-07-22,605540.076078008,0.0,-0.4062594242390374
2024-07-23,605540.076078008,0.0,-0.4062594242390374
2024-07-24,605540.076078008,0.0,-0.4062594242390374
2024-07-25,605540.076078008,0.0,-0.4062594242390374
2024-07-26,605540.076078008,0.0,-0.4062594242390374
2024-07-29,605540.076078008,0.0,-0.4062594242390374
2024-07-30,605540.076078008,0.0,-0.4062594242390374
2024-07-31,605540.076078008,0.0,-0.4062594242390374
2024-08-01,605540.076078008,0.0,-0.4062594242390374
2024-08-02,605540.076078008,0.0,-0.4062594242390374
2024-08-05,605540.076078008,0.0,-0.4062594242390374
2024-08-06,605540.076078008,0.0,-0.4062594242390374
2024-08-07,605540.076078008,0.0,-0.4062594242390374
2024-08-08,605540.076078008,0.0,-0.4062594242390374
2024-08-09,605540.076078008,0.0,-0.4062594242390374
2024-08-12,605540.076078008,0.0,-0.4062594242390374
2024-08-13,605540.076078008,0.0,-0.4062594242390374
2024-08-14,605540.076078008,0.0,-0.4062594242390374
2024-08-15,605540.076078008,0.0,-0.4062594242390374
2024-08-16,605540.076078008,0.0,-0.4062594242390374
2024-08-19,605540.076078008,0.0,-0.4062594242390374
2024-08-20,605540.076078008,0.0,-0.4062594242390374
2024-08-21,605540.076078008,0.0,-0.4062594242390374
2024-08-22,605540.076078008,0.0,-0.4062594242390374
2024-08-23,605540.076078008,0.0,-0.4062594242390374
2024-08-26,605540.076078008,0.0,-0.4062594242390374
2024-08-27,605540.076078008,0.0,-0.4062594242390374
2024-08-28,605540.076078008,0.0,-0.4062594242390374
2024-08-29,605540.076078008,0.0,-0.4062594242390374
2024-08-30,605540.076078008,0.0,-0.4062594242390374
2024-09-02,605540.076078008,0.0,-0.4062594242390374
2024-09-03,605540.076078008,0.0,-0.4062594242390374
2024-09-04,605540.076078008,0.0,-0.4062594242390374
2024-09-05,605540.076078008,0.0,-0.4062594242390374
2024-09-06,605540.076078008,0.0,-0.4062594242390374
2024-09-09,605540.076078008,0.0,-0.4062594242390374
2024-09-10,605540.076078008,0.0,-0.4062594242390374
2024-09-11,605540.076078008,0.0,-0.4062594242390374
2024-09-12,605540.076078008,0.0,-0.4062594242390374
2024-09-13,605540.076078008,0.0,-0.4062594242390374
2024-09-18,605540.076078008,0.0,-0.4062594242390374
2024-09-19,605540.076078008,0.0,-0.4062594242390374
2024-09-20,605540.076078008,0.0,-0.4062594242390374
2024-09-23,605540.076078008,0.0,-0.4062594242390374
2024-09-24,605540.076078008,0.0,-0.4062594242390374
2024-09-25,605540.076078008,0.0,-0.4062594242390374
2024-09-26,605540.076078008,0.0,-0.4062594242390374
2024-09-27,605540.076078008,0.0,-0.4062594242390374
2024-09-30,605540.076078008,0.0,-0.4062594242390374
2024-10-08,605540.076078008,0.0,-0.4062594242390374
2024-10-09,605540.076078008,0.0,-0.4062594242390374
2024-10-10,605540.076078008,0.0,-0.4062594242390374
2024-10-11,605540.076078008,0.0,-0.4062594242390374
2024-10-14,605540.076078008,0.0,-0.4062594242390374
2024-10-15,605540.076078008,0.0,-0.4062594242390374
2024-10-16,605540.076078008,0.0,-0.4062594242390374
2024-10-17,605540.076078008,0.0,-0.4062594242390374
2024-10-18,605540.076078008,0.0,-0.4062594242390374
2024-10-21,604040.564286008,-0.0024763213059524336,-0.40772971667700275
2024-10-22,606985.364286008,0.004875169275230462,-0.4048422987891144
2024-10-23,608825.864286008,0.0030321983169478983,-0.40303766260918417
2024-10-24,603427.0642860081,-0.008867560195280677,-0.4083312620703127
2024-10-25,601600.6183440082,-0.0030267882402009727,-0.41012211804837284
2024-10-28,601573.2482120083,-4.549551839772015e-05,-0.4101489548484035
2024-10-29,597570.3482120082,-0.006654052539565858,-0.4140738546933601
2024-10-30,594189.5231320083,-0.005657618538329023,-0.41738880131513867
2024-10-31,594189.5231320083,0.0,-0.41738880131513867
2024-11-01,594189.5231320083,0.0,-0.41738880131513867
2024-11-04,594189.5231320083,0.0,-0.41738880131513867
2024-11-05,606402.7895320082,0.020554496376211873,-0.4054135215430301
2024-11-06,603282.7895320082,-0.005145095065291261,-0.408472725499228
2024-11-07,619722.7895320083,0.02725090170855582,-0.3923530738838775
2024-11-08,613242.7895320082,-0.01045628805242671,-0.39870680517751944
2024-11-11,615762.7895320082,0.004109302291060102,-0.39623590967443656
2024-11-12,610242.7895320083,-0.008964491024531007,-0.4016483474430942
2024-11-13,606035.6687320082,-0.006894175354741239,-0.4057734886596207
2024-11-14,606035.6687320082,0.0,-0.4057734886596207
2024-11-15,606035.6687320082,0.0,-0.4057734886596207
2024-11-18,606035.6687320082,0.0,-0.4057734886596207
2024-11-19,606035.6687320082,0.0,-0.4057734886596207
2024-11-20,606035.6687320082,0.0,-0.4057734886596207
2024-11-21,606035.6687320082,0.0,-0.4057734886596207
2024-11-22,590346.5397320082,-0.025888128058247584,-0.42115690068080625
2024-11-25,588669.5638360083,-0.0028406635478226416,-0.4228011991729509
2024-11-26,588669.5638360083,0.0,-0.4228011991729509
2024-11-27,588669.5638360083,0.0,-0.4228011991729509
2024-11-28,584200.3569980083,-0.0075920467314070095,-0.42718331944214194
2024-11-29,589364.6569980084,0.00883994666921728,-0.4221196505347725
2024-12-02,592967.6569980083,0.006113362851366322,-0.41858685827381714
2024-12-03,593448.0569980083,0.000810162231161371,-0.41811581930568975
2024-12-04,590925.9569980083,-0.004249908598164764,-0.42058877388835847
2024-12-05,590085.2569980083,-0.0014226824698492235,-0.4214130920825814
2024-12-06,588178.1698820083,-0.003231884025881482,-0.4232830178678638
2024-12-09,586850.7153260084,-0.0022568919146833677,-0.4245846057618985
2024-12-10,590514.9153260083,0.0062438366424490965,-0.4209918060387253
2024-12-11,589332.9153260083,-0.0020016429209878117,-0.4221507736913619
2024-12-12,594297.3153260084,0.00842376163098546,-0.41728310955028847
2024-12-13,582831.9153260083,-0.01929236377874355,-0.4285250957808626
2024-12-16,580716.9603620083,-0.0036287562646891702,-0.43059883891966044
2024-12-17,580716.9603620083,0.0,-0.43059883891966044
2024-12-18,580716.9603620083,0.0,-0.43059883891966044
2024-12-19,580716.9603620083,0.0,-0.43059883891966044
2024-12-20,578695.0059900084,-0.00348182421043719,-0.43258139366776105
2024-12-23,579164.6059900082,0.0008114809962744829,-0.4321209442517898
2024-12-24,584682.4059900083,0.009527170588347733,-0.4267106636141268
2024-12-25,585034.6059900082,0.0006023783106721137,-0.4263653265521483
2024-12-26,585152.0059900082,0.00020067188983019513,-0.42625021419815545
2024-12-27,584447.6059900082,-0.0012037897722118052,-0.4269408883221125
2024-12-30,586678.2059900083,0.0038165953237530026,-0.42475375359624856
2024-12-31,579164.6059900082,-0.012807020822123483,-0.4321209442517898
2025-01-02,577063.6695940082,-0.003627528986182904,-0.4341809419871626
2025-01-03,577063.6695940082,0.0,-0.4341809419871626
2025-01-06,577063.6695940082,0.0,-0.4341809419871626
2025-01-07,577063.6695940082,0.0,-0.4341809419871626
2025-01-08,577063.6695940082,0.0,-0.4341809419871626
2025-01-09,577063.6695940082,0.0,-0.4341809419871626
2025-01-10,577063.6695940082,0.0,-0.4341809419871626
2025-01-13,577063.6695940082,0.0,-0.4341809419871626
2025-01-14,577063.6695940082,0.0,-0.4341809419871626
2025-01-15,574165.7674940083,-0.005021806522733874,-0.43702237582337866
2025-01-16,574405.3674940083,0.0004173010889272355,-0.4367874446477681
2025-01-17,575962.7674940082,0.00271132563888532,-0.4352603920062994
2025-01-20,578238.9674940082,0.003951991566926605,-0.4330285458379989
2025-01-21,578837.9674940082,0.0010359038973037915,-0.4324412178989724
2025-01-22,574525.1674940082,-0.007450789758439047,-0.43666997905996285
2025-01-23,576110.9313420083,0.0027601294733823334,-0.4351151152659253
2025-01-24,576110.9313420083,0.0,-0.4351151152659253
2025-01-27,571327.1432420083,-0.008303588492682312,-0.4398056868944933
2025-02-05,572186.0685820082,0.001503386195037093,-0.4389634984976323
2025-02-06,572186.0685820082,0.0,-0.4389634984976323
2025-02-07,577358.9525100082,0.009040562523340512,-0.433891412927924
2025-02-10,577831.3525100083,0.0008182084956789293,-0.43342821807250476
2025-02-11,575941.7525100082,-0.003270158311403426,-0.4352809974941816
2025-02-12,580429.5525100082,0.00779210741440739,-0.4308806463676992
2025-02-13,579248.5525100082,-0.0020346999819235156,-0.43203863350624716
2025-02-14,582791.5525100082,0.006116545280342001,-0.4285646720906032
2025-02-17,583618.2525100083,0.0014185174723957417,-0.42775408109361956
2025-02-18,580193.3525100081,-0.005868390827857839,-0.4311122437954089
2025-02-19,577491.6213260082,-0.004656604858211177,-0.433761329284728
2025-02-20,575250.0935980082,-0.00388148960993262,-0.4359591788018514
2025-02-21,574677.5106420083,-0.000995363516446468,-0.43652060445705854
2025-02-24,572465.5155420084,-0.0038491067756047936,-0.4386894968163566
2025-02-25,567750.5155420083,-0.008236303972888215,-0.4433126207437519
2025-02-26,566726.3692420084,-0.0018038667900146521,-0.4443168106196125
2025-02-27,566700.0469520085,-4.644620654425946e-05,-0.4443426199957997
2025-02-28,558385.3469520085,-0.014672135717511359,-0.45249530048765807
2025-03-03,556692.3327960086,-0.003031981704465281,-0.45415532471968834
2025-03-04,556692.3327960086,0.0,-0.45415532471968834
2025-03-05,556692.3327960086,0.0,-0.45415532471968834
2025-03-06,556692.3327960086,0.0,-0.45415532471968834
2025-03-07,555322.9155160086,-0.0024599176229390673,-0.45549805765579776
2025-03-10,553530.9155160085,-0.003226951292537583,-0.45725513890243463
2025-03-11,554874.9155160085,0.0024280486641783394,-0.455937327967457
2025-03-12,553754.9155160085,-0.002018472936298532,-0.45703550374660507
2025-03-13,551862.0505560087,-0.0034182359505304794,-0.45889148450756
2025-03-14,551862.0505560087,0.0,-0.45889148450756
2025-03-17,547995.4305220088,-0.0070064974210569675,-0.4626827599258698
2025-03-18,548982.7305220087,0.0018016573588204299,-0.4617146983662692
2025-03-19,549640.9305220088,0.001198944818125991,-0.461069323993202
2025-03-20,546020.8305220088,-0.006586299889569491,-0.46461888304507115
2025-03-21,542845.0462380087,-0.005816232836692414,-0.4677327842776495
2025-03-24,542845.0462380087,0.0,-0.4677327842776495
2025-03-25,542845.0462380087,0.0,-0.4677327842776495
2025-03-26,542845.0462380087,0.0,-0.4677327842776495
2025-03-27,542845.0462380087,0.0,-0.4677327842776495
2025-03-28,539526.4993500086,-0.006113248911449154,-0.47098666625476426
2025-03-31,537344.1826260085,-0.004044874026816414,-0.47312645854826996
2025-04-01,537344.1826260085,0.0,-0.47312645854826996
2025-04-02,537344.1826260085,0.0,-0.47312645854826996
2025-04-03,537344.1826260085,0.0,-0.47312645854826996
2025-04-07,537344.1826260085,0.0,-0.47312645854826996
2025-04-08,537344.1826260085,0.0,-0.47312645854826996
2025-04-09,537344.1826260085,0.0,-0.47312645854826996
2025-04-10,537344.1826260085,0.0,-0.47312645854826996
2025-04-11,539479.8289500086,0.0039744476502250325,-0.47103242723948124
2025-04-14,540387.0289500086,0.0016816198703215601,-0.4701429048583715
2025-04-15,540727.2289500085,0.0006295487896166296,-0.4698093339654553
2025-04-16,541747.8289500085,0.0018874581218737418,-0.46880862128670675
2025-04-17,542088.0289500086,0.0006279674450369033,-0.46847505039379056
2025-04-18,543222.0289500086,0.0020919111646802158,-0.46736314741740326
2025-04-21,543448.8289500086,0.00041750884152924606,-0.4671407668221257
2025-04-22,543789.0289500086,0.0006260019009651785,-0.4668071959292096
2025-04-23,544242.6289500085,0.0008341470236643556,-0.4663624347386547
2025-04-24,544242.6289500085,0.0,-0.4663624347386547
2025-04-25,544242.6289500085,0.0,-0.4663624347386547
2025-04-28,543562.2289500085,-0.0012501777034862327,-0.46702957652448707
2025-04-29,541553.7357780086,-0.0036950565455582396,-0.46899893237633916
2025-04-30,541553.7357780086,0.0,-0.46899893237633916
2025-05-06,541553.7357780086,0.0,-0.46899893237633916
2025-05-07,537705.8375280085,-0.007105293520821343,-0.47277185082167483
2025-05-08,540293.3375280085,0.004812110673552361,-0.47023477061761654
2025-05-09,539730.8375280085,-0.001041101122167487,-0.47078630979241176
2025-05-12,544793.3375280085,0.009379675289976852,-0.4658224572192542
2025-05-13,545243.3375280085,0.0008260012907681524,-0.465381225879418
2025-05-14,550980.8375280085,0.010522824590599056,-0.45975552629650596
2025-05-15,547155.8375280085,-0.006942165206980655,-0.46350599268511394
2025-05-16,544680.8375280085,-0.004523391381844322,-0.4659327650542132
2025-05-19,542335.1922780087,-0.004306458183190975,-0.46823270326851973
2025-05-20,542335.1922780087,0.0,-0.46823270326851973
2025-05-21,542335.1922780087,0.0,-0.46823270326851973
2025-05-22,540992.0802000088,-0.002476534986339929,-0.4695496435834666
2025-05-23,537804.9802000087,-0.005891213784168126,-0.4726746400350046
2025-05-26,535403.9223660087,-0.004464551133585681,-0.4750289110686048
2025-05-27,535403.9223660087,0.0,-0.4750289110686048
2025-05-28,535403.9223660087,0.0,-0.4750289110686048
2025-05-29,535403.9223660087,0.0,-0.4750289110686048
2025-05-30,534174.6373300087,-0.0022959955738981463,-0.47623424236521583
2025-06-03,533955.2373300088,-0.00041072710059120165,-0.4764493671562381
2025-06-04,535820.1373300087,0.003492614866604127,-0.474620806432548
2025-06-05,536917.1373300087,0.0020473288022848646,-0.47354518247743604
2025-06-06,537136.5373300088,0.0004086291622040772,-0.47333005768641356
2025-06-09,538123.8373300086,0.001838080136770115,-0.47236199612681307
2025-06-10,535600.7373300088,-0.004688697702964872,-0.47483593122357026
2025-06-11,534082.7548040088,-0.0028341681035900512,-0.47632433447644795
2025-06-12,533733.8166340088,-0.0006533410166520426,-0.47666647326815703
2025-06-13,530912.8166340088,-0.005285406155807415,-0.47943250351188593
2025-06-16,528543.4392040088,-0.004462837128366703,-0.481755711463034
2025-06-17,528543.4392040088,0.0,-0.481755711463034
2025-06-18,528543.4392040088,0.0,-0.481755711463034
2025-06-19,524643.3098740088,-0.007379013796621203,-0.4855798432181685
2025-06-20,522831.80233600875,-0.0034528364393611177,-0.4873560518806467
2025-06-23,522831.80233600875,0.0,-0.4873560518806467
2025-06-24,525906.3201520087,0.005880510332889166,-0.4843414438466377
2025-06-25,532848.3201520088,0.013200069544692994,-0.4775347150440974
2025-06-26,531246.3201520087,-0.003006484095779971,-0.4791054986139144
2025-06-27,528789.9201520088,-0.00462384379302061,-0.4815140334209671
2025-06-30,530819.1201520087,0.003837440773108103,-0.47952437423253225
2025-07-01,531459.9201520088,0.0012071908785360463,-0.47889606080460545
2025-07-02,531887.1201520087,0.0008038235505656299,-0.4784771851859876
2025-07-03,534343.5201520086,0.0046182731390409515,-0.476068650378935
2025-07-04,536159.1201520087,0.0033978141991570787,-0.47428842899980894
2025-07-07,534236.7201520088,-0.003585502750479863,-0.4761733692835892
2025-07-08,537867.9201520088,0.0067969869217652246,-0.4726129265253375
2025-07-09,537547.5201520087,-0.0005956852751312081,-0.4729270832393009
2025-07-10,539683.5201520089,0.003973602183851677,-0.47083270514621145
2025-07-11,541178.7201520088,0.0027705126137236302,-0.46936664048104904
2025-07-14,541071.9201520088,-0.00019734700575446684,-0.4694713593857035
2025-07-15,541071.9201520088,0.0,-0.4694713593857035
2025-07-16,540110.7201520088,-0.0017764736335419418,-0.4704138295275937
2025-07-17,538394.6406640089,-0.0031772735181352374,-0.4720964696426062
2025-07-18,539734.099664009,0.0024878758049078353,-0.4707831112221047
2025-07-21,542364.099664009,0.0048727697613273335,-0.46820435916928405
2025-07-22,546992.899664009,0.008534488183984834,-0.4636657555563196
2025-07-23,546782.4996640089,-0.0003846485029866953,-0.46387205572054546
2025-07-24,549517.6996640089,0.005002354687066335,-0.4611901535856119
2025-07-25,547203.2996640089,-0.0042116932746936175,-0.4634594553920941
2025-07-28,548360.4996640089,0.002114753329723218,-0.46232480448885305
2025-07-29,550569.6996640088,0.004028736572662561,-0.46015865276448376
2025-07-30,550254.099664009,-0.0005732244258854768,-0.4604681030108221
2025-07-31,542153.6996640089,-0.014721198815140557,-0.46841065933350967
2025-08-01,539716.4576240089,-0.004495481708435278,-0.4708004094908751
2025-08-04,539716.4576240089,0.0,-0.4708004094908751
2025-08-05,539716.4576240089,0.0,-0.4708004094908751
2025-08-06,539894.1496480089,0.0003292321764325479,-0.47062617995792455
2025-08-07,539790.4496480089,-0.00019207468735782385,-0.4707278592689046
2025-08-08,538753.4496480089,-0.0019211158713093868,-0.4717446523787049
2025-08-11,540723.749648009,0.0036571459566288045,-0.4698127454700841
2025-08-12,543419.9496480089,0.004986279965981,-0.46716908338460317
2025-08-13,547049.4496480089,0.006678996607229815,-0.46361030750030185
2025-08-14,546323.5496480089,-0.0013269367156243383,-0.46432206267716214
2025-08-15,550367.8496480088,0.007402756118797482,-0.4603565695489408
2025-08-18,553686.249648009,0.006029421962279402,-0.45710283159757936
2025-08-19,551404.8496480088,-0.004120384064893234,-0.45933977643914037
2025-08-20,557523.1496480089,0.011095840023724213,-0.4533406970913181
2025-08-21,558974.9496480089,0.0026040174312342845,-0.4519171867375975
2025-08-22,569448.6496480089,0.0187373334110863,-0.4416475763286136
2025-08-25,578366.8496480088,0.015661113614919397,-0.43290315558433035
2025-08-26,575878.049648009,-0.004303151194634536,-0.4353434590478511
2025-08-27,569033.8496480088,-0.011884807910604533,-0.4420542935725338
2025-08-28,566693.1166560089,-0.004113521530305975,-0.444349415248665
2025-08-29,570702.4157520088,0.0070749034674328914,-0.44041824099992666
2025-09-01,572220.4157520088,0.0026598801023116625,-0.4389298206135458
2025-09-02,569589.2157520088,-0.004598228108555036,-0.4415097492832726
2025-09-03,565440.0157520089,-0.007284548030850435,-0.44557809833938034
2025-09-04,563449.4947360089,-0.003520304471823832,-0.4475298322390733
2025-09-05,563449.4947360089,0.0,-0.4475298322390733
2025-09-08,562403.8803140089,-0.0018557376158264693,-0.4485550719110092
2025-09-09,559684.9803140089,-0.004834426104033951,-0.4512209916662997
2025-09-10,557807.5315280089,-0.003354474127475582,-0.4530618566514568
2025-09-11,569969.8875280089,0.021803857625736223,-0.4411364952438007
2025-09-12,566069.887528009,-0.006842466743136932,-0.444960500189048
2025-09-15,566869.8875280089,0.0014132530587229741,-0.44417608891822813
2025-09-16,565969.8875280089,-0.001587665917349601,-0.44505855159790053
2025-09-17,569269.887528009,0.005830698898864561,-0.44182285510576813
2025-09-18,563369.887528009,-0.010364152626481049,-0.4476078882280653
2025-09-19,561297.4255280088,-0.00367868792046,-0.4496399664169981
2025-09-22,561297.4255280088,0.0,-0.4496399664169981
2025-09-23,559671.9437240089,-0.002895936681824085,-0.45123377422646105
2025-09-24,563735.0437240088,0.0072597886057401695,-0.44724984743337537
2025-09-25,566906.2437240089,0.00562533771016116,-0.44414044115584494
2025-09-26,562545.8437240089,-0.007691571663343333,-0.44841587478744915
2025-09-29,570176.5437240088,0.01356458337597033,-0.4409338659321418
2025-09-30,571464.8437240089,0.002259475620631113,-0.43967066963189505
2025-10-09,578897.3437240089,0.013006049421282695,-0.43238299866893326
2025-10-10,569284.6437240088,-0.01660518933834143,-0.44180838644769727
2025-10-13,555635.1349540089,-0.023976597507902042,-0.4551919220981272
2025-10-14,555635.1349540089,0.0,-0.4551919220981272
2025-10-15,555635.1349540089,0.0,-0.4551919220981272
2025-10-16,555635.1349540089,0.0,-0.4551919220981272
2025-10-17,545771.5766380089,-0.017751862140280905,-0.4648632799899526
2025-10-20,546753.6941140089,0.0017995027920836293,-0.4639002999681481
2025-10-21,546753.6941140089,0.0,-0.4639002999681481
2025-10-22,546143.9062140089,-0.0011152881207106002,-0.4644982055951101
2025-10-23,547853.9062140088,0.0031310429001285556,-0.46282152650373254
2025-10-24,553268.906214009,0.009884021887187178,-0.4575120427143696
2025-10-27,558588.906214009,0.00961557741678365,-0.4522957077634169
2025-10-28,556308.9062140088,-0.004081713715822888,-0.454531279885254
2025-10-29,562008.9062140088,0.01024610596079012,-0.4489423495806617
2025-10-30,558303.9062140088,-0.006592422217930438,-0.4525751542786467
2025-10-31,551938.9062140089,-0.011400600871956046,-0.458816126452108
2025-11-03,549950.6759140089,-0.0036022651739450184,-0.4607656142724902
2025-11-04,549950.6759140089,0.0,-0.4607656142724902
2025-11-05,549950.6759140089,0.0,-0.4607656142724902
2025-11-06,549950.6759140089,0.0,-0.4607656142724902
2025-11-07,549345.5073160089,-0.001100405226330814,-0.46135899060876207
2025-11-10,550472.3073160088,0.002051168135524195,-0.4602541473338122
2025-11-11,546340.7073160089,-0.007505554675665382,-0.464305239341962
2025-11-12,543905.762002009,-0.00445682571588335,-0.4666927375271267
2025-11-13,543905.762002009,0.0,-0.4666927375271267
2025-11-14,538766.1476980089,-0.009449457356513702,-0.4717322017617831
2025-11-17,536179.723144009,-0.004800644147838429,-0.4742682274758869
2025-11-18,536179.723144009,0.0,-0.4742682274758869
2025-11-19,536179.723144009,0.0,-0.4742682274758869
2025-11-20,536179.723144009,0.0,-0.4742682274758869
2025-11-21,536179.723144009,0.0,-0.4742682274758869
2025-11-24,536179.723144009,0.0,-0.4742682274758869
2025-11-25,536179.723144009,0.0,-0.4742682274758869
2025-11-26,536179.723144009,0.0,-0.4742682274758869
2025-11-27,534438.803128009,-0.0032468964059135796,-0.47597522407857007
2025-11-28,535668.603128009,0.002301105370347667,-0.474769387852502
2025-12-01,540587.803128009,0.00918328976399696,-0.46994604294823006
2025-12-02,538601.203128009,-0.003674888683216526,-0.4718939322364938
2025-12-03,536614.603128009,-0.0036884433017647655,-0.4738418215247574
2025-12-04,535309.340708009,-0.0024324019741384095,-0.4751216497167896
2025-12-05,535309.340708009,0.0,-0.4751216497167896
2025-12-08,536201.797812009,0.0016671801445116152,-0.47424658295291344
2025-12-09,533964.997812009,-0.00417156378275374,-0.47643979686612614
2025-12-10,533405.797812009,-0.001047259656141053,-0.4769881003444292
2025-12-11,530236.997812009,-0.005940692832733019,-0.4800951533881471
2025-12-12,529599.9292120091,-0.001201478966252223,-0.48071980812580395
2025-12-15,529599.9292120091,0.0,-0.48071980812580395
2025-12-16,529599.9292120091,0.0,-0.48071980812580395
2025-12-17,529599.9292120091,0.0,-0.48071980812580395
2025-12-18,527164.281812009,-0.004599032714418971,-0.48310799471618315
2025-12-19,526718.2163680091,-0.0008461602187209705,-0.4835453681684292
2025-12-22,528240.082276009,0.0028893360068196206,-0.4820531572047895
2025-12-23,529158.0822760091,0.0017378461627612918,-0.48115304527152336
2025-12-24,530718.6822760091,0.002949213197854794,-0.47962285498497137
2025-12-25,531544.8822760091,0.0015567569554113536,-0.4788127542450321
2025-12-26,533197.2822760091,0.0031086744602348837,-0.4771925527651535
2025-12-29,531269.4822760092,-0.003615547310689471,-0.4790827878250118
2025-12-30,532187.4822760092,0.0017279366322100476,-0.4781826758917459
2025-12-31,530351.4822760092,-0.0034499120350368617,-0.4799828997582777
2026-01-05,531547.8382360092,0.0022557794217259453,-0.4788098558846068
2026-01-06,536732.1543940093,0.009753244741253608,-0.47372656085232023
2026-01-07,535110.3543940093,-0.003021618859095576,-0.4753167586010899
2026-01-08,531686.5543940093,-0.006398306390234865,-0.47867384273738167
2026-01-09,533668.7543940094,0.003728136405968252,-0.4767302677111075
2026-01-12,536191.5543940093,0.0047272769470354525,-0.47425662676857683
2026-01-13,534659.8543940093,-0.0028566283587421193,-0.4757584801979704
2026-01-14,531956.8543940093,-0.005055550697861233,-0.4784088097792534
2026-01-15,528888.8628980094,-0.005767369046301596,-0.4814170186645561
2026-01-16,528888.8628980094,0.0,-0.4814170186645561
2026-01-19,528888.8628980094,0.0,-0.4814170186645561
2026-01-20,528888.8628980094,0.0,-0.4814170186645561
2026-01-21,528888.8628980094,0.0,-0.4814170186645561
2026-01-22,528888.8628980094,0.0,-0.4814170186645561
2026-01-23,528888.8628980094,0.0,-0.4814170186645561
2026-01-26,528888.8628980094,0.0,-0.4814170186645561
2026-01-27,528888.8628980094,0.0,-0.4814170186645561
2026-01-28,528888.8628980094,0.0,-0.4814170186645561
2026-01-29,531804.4791540094,0.005512720082673228,-0.47855821584881575
2026-01-30,526697.2791540094,-0.009603529492877572,-0.4835658974017304
2026-02-02,522397.1063540095,-0.008164410507126463,-0.48778227741522207
2026-02-03,522397.1063540095,0.0,-0.48778227741522207
2026-02-04,522397.1063540095,0.0,-0.48778227741522207
2026-02-05,521291.7061940095,-0.0021160150899666164,-0.48886613784555977
2026-02-06,518627.70619400946,-0.005110382475581932,-0.49147822737739033
2026-02-09,521201.8494740095,0.0049633740142627225,-0.48895424362546847
2026-02-10,520189.7566400095,-0.0019418442874317154,-0.48994661490810065
2026-02-11,519306.7566400096,-0.001697457492633836,-0.49081240884826804
2026-02-12,519659.95664000954,0.0006801375015514921,-0.4904660912722011
2026-02-13,514715.1566400095,-0.009515453205153346,-0.49531453733713937
2026-02-24,517977.8681300095,0.0063388681058054175,-0.49211540275440213
2026-02-25,519871.4257520095,0.0036556728356678114,-0.49025874282859727
2026-02-26,518552.92575200944,-0.002536204020239796,-0.49155155065431755
2026-02-27,517673.9257520095,-0.001695101804170096,-0.4924134225381309
2026-03-02,518904.52575200953,0.002377172074510714,-0.491206801900792
2026-03-03,513542.62575200945,-0.010333114732868243,-0.49646422039205407
2026-03-04,508713.17121200945,-0.009404194117144549,-0.501199568608415
2026-03-05,508713.17121200945,0.0,-0.501199568608415
2026-03-06,508713.17121200945,0.0,-0.501199568608415
2026-03-09,508713.17121200945,0.0,-0.501199568608415
2026-03-10,508713.17121200945,0.0,-0.501199568608415
2026-03-11,509889.3320440095,0.0023120314129037034,-0.5000463263422676
2026-03-12,508413.7320440095,-0.0028939613113393436,-0.501493172931295
2026-03-13,506938.13204400946,-0.0029023606307162497,-0.5029400195203225
2026-03-16,505290.0864840095,-0.0032509796675876945,-0.5045559514104334
2026-03-17,505290.0864840095,0.0,-0.5045559514104334
2026-03-18,505290.0864840095,0.0,-0.5045559514104334
2026-03-19,505290.0864840095,0.0,-0.5045559514104334
2026-03-20,505290.0864840095,0.0,-0.5045559514104334
2026-03-23,505290.0864840095,0.0,-0.5045559514104334
2026-03-24,505290.0864840095,0.0,-0.5045559514104334
2026-03-25,505290.0864840095,0.0,-0.5045559514104334
2026-03-26,500032.2342240095,-0.010405611352057309,-0.5097113496267462
2026-03-27,495191.0010240095,-0.009681842226657689,-0.5144582469851811
2026-03-30,497513.92132800946,0.00469095823469412,-0.5121805909005884
2026-03-31,496137.4220700094,-0.0027667552584775823,-0.5135302678159017
2026-04-01,496137.4220700094,0.0,-0.5135302678159017
2026-04-02,492361.0252500094,-0.007611594393029164,-0.5172330781017725
2026-04-03,491424.91395000945,-0.0019012701087065542,-0.5181509484198499
2026-04-07,491424.91395000945,0.0,-0.5181509484198499
2026-04-08,491424.91395000945,0.0,-0.5181509484198499
2026-04-09,490367.9396120094,-0.002150835881527091,-0.5191873266494682
2026-04-10,496324.93961200945,0.012148020942628124,-0.513346404224125
2026-04-13,497175.9396120094,0.0017146025357202,-0.5125119867347904
2026-04-14,502281.93961200945,0.010270006235588713,-0.5075054817987819
2026-04-15,500750.1396120094,-0.0030496816214082845,-0.5090074332795844
2026-04-16,505175.3396120094,0.008837141819728167,-0.5046684623350437
2026-04-17,504579.63961200946,-0.0011791945356189881,-0.5052525545775781
2026-04-20,506792.2396120094,0.004385036228773176,-0.5030830691053079
2026-04-21,507728.33961200947,0.0018471079997530726,-0.5021652098670395
2026-04-22,510706.8396120094,0.00586632607956461,-0.49924474865436796
2026-04-23,509855.8396120094,-0.0016663180008447132,-0.5000791661437027
2026-04-24,508238.9396120094,-0.003171288576846454,-0.5016645593734388
2026-04-27,507121.8693560094,-0.002197923395741319,-0.5027598624973189
2026-04-28,507121.8693560094,0.0,-0.5027598624973189
2026-04-29,507121.8693560094,0.0,-0.5027598624973189
2026-04-30,505644.2009560094,-0.002913832925163562,-0.504208737181687
2026-05-06,511052.2009560094,0.010695267521658947,-0.4989061169909441
2026-05-07,513080.2009560095,0.003968283467337352,-0.4969176344194153
2026-05-08,510883.20095600944,-0.004281981639335242,-0.49907182387190474
2026-05-11,517643.20095600944,0.013231987247476651,-0.49244354863347595
2026-05-12,517389.70095600944,-0.000489719558823154,-0.4926921089549171
2026-05-13,521952.70095600944,0.008819271028334574,-0.48821802316897767
2026-05-14,515530.7009560094,-0.012303796854078008,-0.494514884645485
2026-05-15,513560.64260600944,-0.0038214180966267275,-0.49644655461287623
2026-05-18,513560.64260600944,0.0,-0.49644655461287623
2026-05-19,513560.64260600944,0.0,-0.49644655461287623
2026-05-20,513560.64260600944,0.0,-0.49644655461287623
2026-05-21,513560.64260600944,0.0,-0.49644655461287623
2026-05-22,513560.64260600944,0.0,-0.49644655461287623
2026-05-25,517423.5756260095,0.007521863436415144,-0.4926588943637379
2026-05-26,520395.0756260095,0.0057428770933076745,-0.48974529674968603
2026-05-27,516999.0756260095,-0.0065258111751245185,-0.49307512259431674
2026-05-28,516999.07562600943,-1.1102230246251565e-16,-0.49307512259431685
2026-05-29,516234.97562600946,-0.0014779523523804627,-0.4938243334093587
2026-06-01,514766.2752440095,-0.002845023005694114,-0.4952644148257317
2026-06-02,514766.2752440095,0.0,-0.4952644148257317
2026-06-03,516066.9917240095,0.002526809821376652,-0.493989043991915
2026-06-04,512790.99172400957,-0.0063480130536074375,-0.4972012081459227
2026-06-05,505818.9917240095,-0.01359618267973095,-0.5040373523711188
2026-06-08,499927.93732400954,-0.011646566254701507,-0.5098136142065857
2026-06-09,499927.93732400954,0.0,-0.5098136142065857
2026-06-10,499927.93732400954,0.0,-0.5098136142065857
2026-06-11,499927.93732400954,0.0,-0.5098136142065857
2026-06-12,499927.93732400954,0.0,-0.5098136142065857
2026-06-15,504051.7471400096,0.008248808494427884,-0.5057701605836002
2026-06-16,503302.0471400096,-0.0014873472897452,-0.5065052519957673
2026-06-17,507300.44714000955,0.007944334863568825,-0.5025847644642092
2026-06-18,509466.24714000954,0.004269264914332327,-0.5004611670512819
2026-06-22,518379.3471400095,0.01749497645827458,-0.49172174692885007
2026-06-23,505967.64714000956,-0.023943276421943716,-0.5038915936413952
2026-06-24,503443.0956980096,-0.004989551123021463,-0.5063669518974823
2026-06-25,503443.0956980096,0.0,-0.5063669518974823
2026-06-26,494372.8972100096,-0.018016333058305967,-0.515260409300684
2026-06-29,492175.2237580096,-0.004445376080287944,-0.5174152590823473
2026-06-30,492175.2237580096,0.0,-0.5174152590823473
2026-07-01,490390.5515500097,-0.003626091119282693,-0.5191651553256902
2026-07-02,478668.95155000966,-0.02390258124458311,-0.5306583492657444
2026-07-03,475724.13715000974,-0.006152089853465825,-0.5335457812730354
2026-07-06,475724.13715000974,0.0,-0.5335457812730354
2026-07-07,475724.13715000974,0.0,-0.5335457812730354
2026-07-08,475724.13715000974,0.0,-0.5335457812730354
2026-07-09,475724.13715000974,0.0,-0.5335457812730354
2026-07-10,467894.40191800974,-0.016458562054275316,-0.5412229469774317
2026-07-13,464455.3724300098,-0.0073500120409701886,-0.5445949638412684
2026-07-14,464455.3724300098,0.0,-0.5445949638412684
2026-07-15,464263.6293560099,-0.0004128342255935724,-0.5447829706267024
2026-07-16,457710.1293560099,-0.01411590222798731,-0.5512087697058508
2026-07-17,453851.7832160099,-0.008429671734441646,-0.5549919324545265
2026-07-20,453851.7832160099,0.0,-0.5549919324545265
2026-07-21,453851.7832160099,0.0,-0.5549919324545265
2026-07-22,454120.3368160099,0.0005917209316597116,-0.5547286118662025
2026-07-23,455792.3368160099,0.0036818434772663,-0.5530891923101888
2026-07-24,449256.3368160099,-0.01433986373193108,-0.5594978323927879
2026-07-27,448038.7620960099,-0.002710200436190191,-0.5606916815595797
2026-07-28,448038.7620960099,0.0,-0.5606916815595797
2026-07-29,448038.7620960099,0.0,-0.5606916815595797
2026-07-30,448038.7620960099,0.0,-0.5606916815595797
2026-07-31,448038.7620960099,0.0,-0.5606916815595797
2026-08-03,448038.7620960099,0.0,-0.5606916815595797
2026-08-04,448038.7620960099,0.0,-0.5606916815595797
2026-08-05,454388.1951560099,0.014171615487678313,-0.5544659729901036
2026-08-06,454003.6951560099,-0.0008461927578642392,-0.5548429806571413
2026-08-07,457233.4951560099,0.007114039014352258,-0.5516761162540236
2026-08-10,457848.69515600987,0.0013454832301602604,-0.551072903986763
2026-08-11,455464.79515600996,-0.005206741932916481,-0.5534103515223976
2026-08-12,454076.5794380099,-0.0030479100311684437,-0.5547715165918083
2026-08-13,450057.25487800984,-0.00885164472691935,-0.5587125209492428
2026-08-14,449362.8896660098,-0.0015428375045042353,-0.5593933558221904
2026-08-17,449362.8896660098,0.0,-0.5593933558221904
2026-08-18,447975.2038820098,-0.003088118346914248,-0.5607540012838483
2026-08-19,437986.9038820098,-0.022296546579910204,-0.5705476701542622
2026-08-20,437913.27584200975,-0.000168105574270494,-0.5706198634847927
2026-08-21,437913.27584200975,0.0,-0.5706198634847927
2026-08-24,437913.27584200975,0.0,-0.5706198634847927
2026-08-25,437913.27584200975,0.0,-0.5706198634847927
2026-08-26,437913.27584200975,0.0,-0.5706198634847927
2026-08-27,437913.27584200975,0.0,-0.5706198634847927
