day,symbol,side,entry_time,exit_time,entry_price,exit_price,volume,pnl,pnl_pct,reason
2025-09-03,302132.SZSE,sell,2025-09-03 10:33:00,2025-09-03 10:37:00,541.715,557.2291,17,240.85,0.02864,模型转空
2025-09-03,600760.SSE,sell,2025-09-03 10:33:00,2025-09-03 10:37:00,602.4466,596.4843,9,-76.59,-0.0099,模型转空
2025-09-03,000768.SZSE,sell,2025-09-03 10:33:00,2025-09-03 10:37:00,236.9966,239.3132,32,54.46,0.00977,模型转空
2025-09-03,302132.SZSE,sell,2025-09-03 14:28:00,2025-09-03 14:29:00,526.8852,531.6763,17,58.12,0.00909,模型转空
2025-09-03,302132.SZSE,sell,2025-09-03 14:41:00,2025-09-03 14:42:00,521.6378,528.4252,17,92.35,0.01301,模型转空
2025-09-04,600010.SSE,sell,2025-09-04 14:13:00,2025-09-04 14:15:00,17.5687,17.6337,560,11.41,0.0037,模型转空
2025-09-08,600653.SSE,sell,2025-09-08 10:51:00,2025-09-08 10:52:00,238.5843,240.3306,41,47.76,0.00732,模型转空
2025-09-08,600743.SSE,sell,2025-09-08 13:11:00,2025-09-08 13:12:00,66.5929,66.8897,148,18.97,0.00446,模型转空
2025-09-08,002285.SZSE,sell,2025-09-08 13:29:00,2025-09-08 13:30:00,38.2479,38.3815,255,9.29,0.00349,模型转空
2025-09-08,600743.SSE,sell,2025-09-08 13:32:00,2025-09-08 13:33:00,66.5929,66.8897,148,18.97,0.00446,模型转空
2025-09-08,600653.SSE,sell,2025-09-08 13:32:00,2025-09-08 13:33:00,238.5843,240.3306,41,47.76,0.00732,模型转空
2025-09-08,600075.SSE,sell,2025-09-08 13:36:00,2025-09-08 13:37:00,52.0489,52.0489,189,-25.01,0.0,模型转空
2025-09-08,002285.SZSE,sell,2025-09-08 13:52:00,2025-09-08 13:53:00,38.2479,38.3815,255,9.29,0.00349,模型转空
2025-09-08,600108.SSE,sell,2025-09-08 13:56:00,2025-09-08 13:57:00,33.6343,33.7541,295,10.25,0.00356,模型转空
2025-09-08,600794.SSE,sell,2025-09-08 14:22:00,2025-09-08 14:25:00,116.7127,116.9689,82,-3.53,0.00219,模型转空
2025-09-08,603370.SSE,sell,2025-09-08 14:23:00,2025-09-08 14:25:00,61.82,62.3,99,28.26,0.00776,模型转空
2025-09-08,000837.SZSE,sell,2025-09-08 14:24:00,2025-09-08 14:25:00,65.0223,65.6472,135,61.36,0.00961,模型转空
2025-09-08,300801.SZSE,sell,2025-09-08 14:23:00,2025-09-08 14:29:00,57.6626,56.4566,153,-208.63,-0.02091,止损
2025-09-08,600665.SSE,sell,2025-09-08 14:28:00,2025-09-08 14:29:00,15.0379,15.0714,658,-3.0,0.00223,模型转空
2025-09-08,300801.SZSE,sell,2025-09-08 14:29:00,2025-09-08 14:34:00,56.4566,56.9426,153,51.43,0.00861,模型转空
2025-09-09,600653.SSE,sell,2025-09-09 10:55:00,2025-09-09 10:57:00,242.077,243.8234,40,46.13,0.00721,模型转空
2025-09-09,600246.SSE,sell,2025-09-09 11:00:00,2025-09-09 11:07:00,126.3046,127.0706,76,33.86,0.00607,模型转空
2025-09-09,600743.SSE,sell,2025-09-09 11:15:00,2025-09-09 11:17:00,67.4834,67.7803,145,18.16,0.0044,模型转空
2025-09-09,600653.SSE,sell,2025-09-09 11:28:00,2025-09-09 11:29:00,240.3306,242.077,40,46.24,0.00727,模型转空
2025-09-09,600708.SSE,sell,2025-09-09 11:29:00,2025-09-09 11:30:00,43.7141,43.8081,224,-3.83,0.00215,模型转空
2025-09-09,603077.SSE,sell,2025-09-09 13:27:00,2025-09-09 13:28:00,27.628,27.76,355,21.92,0.00478,模型转空
2025-09-09,600653.SSE,sell,2025-09-09 13:33:00,2025-09-09 13:35:00,242.077,243.8234,40,46.13,0.00721,模型转空
2025-09-09,000720.SZSE,sell,2025-09-09 13:34:00,2025-09-09 13:35:00,25.0793,25.1602,394,6.84,0.00322,模型转空
2025-09-09,600794.SSE,sell,2025-09-09 13:45:00,2025-09-09 13:46:00,115.176,115.4321,86,-3.03,0.00222,模型转空
2025-09-09,600794.SSE,sell,2025-09-09 13:47:00,2025-09-09 13:48:00,115.176,115.4321,86,-3.03,0.00222,模型转空
2025-09-09,600794.SSE,sell,2025-09-09 13:56:00,2025-09-09 13:59:00,115.176,115.176,86,-25.09,0.0,模型转空
2025-09-09,603709.SSE,sell,2025-09-09 13:52:00,2025-09-09 14:01:00,28.41,27.6924,331,-262.25,-0.02526,止损
2025-09-09,600653.SSE,sell,2025-09-09 14:01:00,2025-09-09 14:02:00,240.3306,242.077,40,46.24,0.00727,模型转空
2025-09-09,603709.SSE,sell,2025-09-09 14:01:00,2025-09-09 14:03:00,27.6924,28.6908,331,307.05,0.03605,模型转空
2025-09-09,603179.SSE,sell,2025-09-09 14:09:00,2025-09-09 14:16:00,169.0872,170.6014,57,62.65,0.00896,模型转空
2025-09-09,603709.SSE,sell,2025-09-09 14:19:00,2025-09-09 14:24:00,28.0044,27.942,331,-44.82,-0.00223,模型转空
2025-09-09,002397.SZSE,sell,2025-09-09 14:23:00,2025-09-09 14:25:00,51.8761,51.9816,190,-4.93,0.00203,模型转空
2025-09-09,300584.SZSE,sell,2025-09-09 14:27:00,2025-09-09 14:29:00,111.6325,112.7275,63,48.84,0.00981,模型转空
2025-09-09,600665.SSE,sell,2025-09-09 14:42:00,2025-09-09 14:43:00,15.2055,15.239,635,-3.41,0.0022,模型转空
2025-09-09,600665.SSE,sell,2025-09-09 14:44:00,2025-09-09 14:45:00,15.2055,15.2055,635,-24.69,0.0,模型转空
2025-09-09,002709.SZSE,sell,2025-09-09 14:44:00,2025-09-09 14:49:00,416.77,416.498,21,-29.09,-0.00065,模型转空
2025-09-10,600743.SSE,sell,2025-09-10 11:09:00,2025-09-10 11:11:00,67.4834,67.7803,145,18.16,0.0044,模型转空
2025-09-10,600673.SSE,sell,2025-09-10 13:17:00,2025-09-10 13:21:00,374.8987,364.2141,26,-303.08,-0.0285,止损
2025-09-10,600743.SSE,sell,2025-09-10 13:29:00,2025-09-10 13:30:00,67.4834,67.7803,145,18.16,0.0044,模型转空
2025-09-10,600743.SSE,sell,2025-09-10 13:31:00,2025-09-10 13:32:00,67.4834,67.7803,145,18.16,0.0044,模型转空
2025-09-10,600743.SSE,sell,2025-09-10 13:33:00,2025-09-10 13:34:00,67.4834,67.7803,145,18.16,0.0044,模型转空
2025-09-10,600794.SSE,sell,2025-09-10 13:31:00,2025-09-10 13:35:00,115.176,115.176,86,-25.09,0.0,模型转空
2025-09-10,300259.SZSE,sell,2025-09-10 13:45:00,2025-09-10 13:47:00,61.6275,61.7622,161,-3.4,0.00218,模型转空
2025-09-10,300259.SZSE,sell,2025-09-10 13:53:00,2025-09-10 13:54:00,61.6275,61.7622,161,-3.4,0.00218,模型转空
2025-09-10,600300.SSE,sell,2025-09-10 14:00:00,2025-09-10 14:01:00,25.4153,25.4725,390,-2.78,0.00225,模型转空
2025-09-10,600743.SSE,sell,2025-09-10 14:00:00,2025-09-10 14:01:00,67.4834,67.7803,145,18.16,0.0044,模型转空
2025-09-10,301053.SZSE,sell,2025-09-10 14:19:00,2025-09-10 14:20:00,38.9274,39.1774,210,30.08,0.00642,模型转空
2025-09-10,301053.SZSE,sell,2025-09-10 14:23:00,2025-09-10 14:27:00,38.6974,38.8674,210,13.35,0.00439,模型转空
2025-09-10,301053.SZSE,sell,2025-09-10 14:32:00,2025-09-10 14:34:00,38.2674,38.5874,210,45.0,0.00836,模型转空
2025-09-10,600075.SSE,sell,2025-09-10 14:33:00,2025-09-10 14:36:00,52.4057,52.4057,189,-25.11,0.0,模型转空
2025-09-11,300808.SZSE,sell,2025-09-11 09:35:00,2025-09-11 09:42:00,27.9355,28.5355,293,153.25,0.02148,模型转空
2025-09-11,600743.SSE,sell,2025-09-11 13:39:00,2025-09-11 13:42:00,67.4834,67.7803,145,18.16,0.0044,模型转空
2025-09-11,300259.SZSE,sell,2025-09-11 14:01:00,2025-09-11 14:02:00,62.4354,62.57,155,-3.85,0.00216,模型转空
2025-09-11,002397.SZSE,sell,2025-09-11 14:01:00,2025-09-11 14:03:00,52.4038,52.4038,190,-25.2,0.0,模型转空
2025-09-11,600743.SSE,sell,2025-09-11 14:08:00,2025-09-11 14:09:00,67.4834,67.7803,145,18.16,0.0044,模型转空
2025-09-11,600673.SSE,sell,2025-09-11 14:25:00,2025-09-11 14:30:00,388.8939,388.2919,19,-33.31,-0.00155,模型转空
2025-09-12,301002.SZSE,sell,2025-09-12 11:01:00,2025-09-12 11:07:00,51.513,51.929,144,38.9,0.00808,模型转空
2025-09-12,000720.SZSE,sell,2025-09-12 13:27:00,2025-09-12 13:28:00,25.5645,25.6454,381,5.98,0.00316,模型转空
2025-09-12,600665.SSE,sell,2025-09-12 13:28:00,2025-09-12 13:29:00,15.6412,15.6747,635,-3.83,0.00214,模型转空
2025-09-12,600794.SSE,sell,2025-09-12 13:28:00,2025-09-12 13:29:00,116.9689,117.225,82,-3.56,0.00219,模型转空
2025-09-12,300259.SZSE,sell,2025-09-12 13:55:00,2025-09-12 13:56:00,62.57,62.7046,155,-3.88,0.00215,模型转空
2025-09-12,600665.SSE,sell,2025-09-12 13:58:00,2025-09-12 13:59:00,15.6412,15.6747,635,-3.83,0.00214,模型转空
2025-09-12,600075.SSE,sell,2025-09-12 14:00:00,2025-09-12 14:04:00,52.8815,52.8815,181,-24.56,0.0,模型转空
2025-09-12,301234.SZSE,sell,2025-09-12 14:05:00,2025-09-12 14:13:00,47.57,47.59,197,-20.33,0.00042,模型转空
2025-09-12,000407.SZSE,sell,2025-09-12 14:14:00,2025-09-12 14:15:00,47.3943,47.5264,205,2.34,0.00279,模型转空
2025-09-12,000407.SZSE,sell,2025-09-12 14:16:00,2025-09-12 14:18:00,47.3943,47.5264,205,2.34,0.00279,模型转空
2025-09-12,002181.SZSE,sell,2025-09-12 14:19:00,2025-09-12 14:20:00,21.392,21.704,448,115.28,0.01458,模型转空
2025-09-12,600231.SSE,sell,2025-09-12 14:22:00,2025-09-12 14:23:00,18.4041,18.4674,538,8.99,0.00344,模型转空
2025-09-12,002251.SZSE,sell,2025-09-12 14:28:00,2025-09-12 14:30:00,36.7334,37.0148,257,48.05,0.00766,模型转空
2025-09-12,600794.SSE,sell,2025-09-12 14:29:00,2025-09-12 14:32:00,116.7127,116.7127,82,-24.63,0.0,模型转空
2025-09-12,300259.SZSE,sell,2025-09-12 14:43:00,2025-09-12 14:44:00,62.4354,62.57,155,-3.85,0.00216,模型转空
2025-09-12,600665.SSE,sell,2025-09-12 14:43:00,2025-09-12 14:44:00,15.6412,15.6412,635,-25.11,0.0,模型转空
2025-09-15,301052.SZSE,sell,2025-09-15 10:59:00,2025-09-15 11:03:00,94.3377,95.5093,73,65.45,0.01242,模型转空
2025-09-15,600300.SSE,sell,2025-09-15 11:30:00,2025-09-15 13:01:00,25.5869,25.6441,390,-2.88,0.00224,模型转空
2025-09-15,300078.SZSE,sell,2025-09-15 13:59:00,2025-09-15 14:02:00,48.5913,48.7038,200,-2.29,0.00232,模型转空
2025-09-15,000720.SZSE,sell,2025-09-15 14:01:00,2025-09-15 14:02:00,25.3219,25.4028,394,6.69,0.00319,模型转空
2025-09-15,600665.SSE,sell,2025-09-15 14:25:00,2025-09-15 14:28:00,15.5742,15.5742,635,-25.05,0.0,模型转空
2025-09-15,300247.SZSE,sell,2025-09-15 14:28:00,2025-09-15 14:30:00,27.15,27.21,365,-3.18,0.00221,模型转空
2025-09-15,600794.SSE,sell,2025-09-15 14:34:00,2025-09-15 14:35:00,116.9689,116.9689,82,-24.66,0.0,模型转空
2025-09-15,605055.SSE,sell,2025-09-15 14:44:00,2025-09-15 14:45:00,9.31,9.37,981,34.93,0.00644,模型转空
2025-09-16,600794.SSE,sell,2025-09-16 13:45:00,2025-09-16 13:46:00,121.067,121.3231,82,-4.08,0.00212,模型转空
2025-09-16,600794.SSE,sell,2025-09-16 13:58:00,2025-09-16 13:59:00,121.067,121.3231,82,-4.08,0.00212,模型转空
2025-09-16,600075.SSE,sell,2025-09-16 14:35:00,2025-09-16 14:36:00,52.5246,52.6436,189,-2.6,0.00226,模型转空
2025-09-16,605303.SSE,sell,2025-09-16 14:36:00,2025-09-16 14:37:00,19.63,19.2,494,-236.95,-0.02191,止损
2025-09-16,600075.SSE,sell,2025-09-16 14:44:00,2025-09-16 14:45:00,52.5246,52.6436,189,-2.6,0.00226,模型转空
2025-09-17,301237.SZSE,sell,2025-09-17 10:38:00,2025-09-17 10:40:00,49.25,50.27,137,120.27,0.02071,模型转空
2025-09-17,001206.SZSE,sell,2025-09-17 14:18:00,2025-09-17 14:22:00,66.2136,66.0176,125,-47.27,-0.00296,模型转空
2025-09-18,300259.SZSE,sell,2025-09-18 11:28:00,2025-09-18 11:29:00,64.3203,64.455,155,-4.29,0.00209,模型转空
2025-09-18,605133.SSE,sell,2025-09-18 13:15:00,2025-09-18 13:19:00,65.363,65.207,148,-47.91,-0.00239,模型转空
2025-09-18,603179.SSE,sell,2025-09-18 13:17:00,2025-09-18 13:19:00,187.3054,189.1745,28,35.78,0.00998,模型转空
2025-09-18,600716.SSE,sell,2025-09-18 13:27:00,2025-09-18 13:28:00,19.1995,19.2398,517,-4.26,0.0021,模型转空
2025-09-18,002495.SZSE,sell,2025-09-18 13:27:00,2025-09-18 13:30:00,27.2809,27.3709,359,7.38,0.0033,模型转空
2025-09-18,600716.SSE,sell,2025-09-18 13:29:00,2025-09-18 13:30:00,19.1995,19.1995,517,-25.09,0.0,模型转空
2025-09-18,600246.SSE,sell,2025-09-18 13:26:00,2025-09-18 13:31:00,159.7248,162.4061,57,129.75,0.01679,模型转空
2025-09-18,600743.SSE,sell,2025-09-18 13:30:00,2025-09-18 13:31:00,73.717,74.0139,132,14.46,0.00403,模型转空
2025-09-18,301002.SZSE,sell,2025-09-18 13:26:00,2025-09-18 13:33:00,59.183,59.599,144,37.21,0.00703,模型转空
2025-09-18,002285.SZSE,sell,2025-09-18 13:53:00,2025-09-18 13:55:00,40.9211,41.0548,243,7.36,0.00327,模型转空
2025-09-18,605133.SSE,sell,2025-09-18 14:00:00,2025-09-18 14:01:00,63.049,63.556,148,51.01,0.00804,模型转空
2025-09-18,603013.SSE,sell,2025-09-18 13:55:00,2025-09-18 14:03:00,32.62,32.28,236,-101.94,-0.01042,模型转空
2025-09-18,605068.SSE,sell,2025-09-18 14:07:00,2025-09-18 14:10:00,33.04,33.3,284,49.51,0.00787,模型转空
2025-09-18,600802.SSE,sell,2025-09-18 14:12:00,2025-09-18 14:14:00,21.7245,21.8152,436,15.1,0.00417,模型转空
2025-09-18,002285.SZSE,sell,2025-09-18 14:12:00,2025-09-18 14:14:00,40.6538,40.6538,243,-25.04,0.0,模型转空
2025-09-18,605068.SSE,sell,2025-09-18 14:12:00,2025-09-18 14:14:00,32.83,33.06,284,41.09,0.00701,模型转空
2025-09-18,002676.SZSE,sell,2025-09-18 14:12:00,2025-09-18 14:15:00,48.2775,48.4575,194,10.7,0.00373,模型转空
2025-09-18,600595.SSE,sell,2025-09-18 14:12:00,2025-09-18 14:15:00,32.2656,32.4396,301,27.68,0.00539,模型转空
2025-09-18,301398.SZSE,sell,2025-09-18 14:14:00,2025-09-18 14:15:00,75.072,75.254,69,-5.28,0.00242,模型转空
2025-09-18,301515.SZSE,sell,2025-09-18 14:14:00,2025-09-18 14:16:00,22.208,22.358,389,35.26,0.00675,模型转空
2025-09-18,600322.SSE,sell,2025-09-18 14:15:00,2025-09-18 14:16:00,10.4706,10.5254,950,26.91,0.00523,模型转空
2025-09-18,600665.SSE,sell,2025-09-18 14:25:00,2025-09-18 14:27:00,15.3395,15.4066,635,17.75,0.00437,模型转空
2025-09-18,300259.SZSE,sell,2025-09-18 14:29:00,2025-09-18 14:30:00,62.9739,63.1086,155,-3.97,0.00214,模型转空
2025-09-18,600653.SSE,sell,2025-09-18 14:40:00,2025-09-18 14:41:00,287.4829,290.9757,34,95.79,0.01215,模型转空
2025-09-18,600580.SSE,sell,2025-09-18 14:41:00,2025-09-18 14:44:00,391.3628,398.6838,13,79.1,0.01871,模型转空
2025-09-18,300324.SZSE,sell,2025-09-18 14:41:00,2025-09-18 14:45:00,178.2527,180.6584,55,107.53,0.0135,模型转空
2025-09-18,300247.SZSE,sell,2025-09-18 14:41:00,2025-09-18 14:45:00,27.39,27.45,349,-3.6,0.00219,模型转空
2025-09-18,000980.SZSE,sell,2025-09-18 14:41:00,2025-09-18 14:45:00,7.496,7.5365,1295,27.66,0.0054,模型转空
2025-09-18,301228.SZSE,sell,2025-09-18 14:41:00,2025-09-18 14:45:00,29.4,29.49,298,3.52,0.00306,模型转空
2025-09-19,600653.SSE,sell,2025-09-19 10:35:00,2025-09-19 10:38:00,252.5553,252.5553,38,-24.87,0.0,模型转空
2025-09-19,600743.SSE,sell,2025-09-19 13:25:00,2025-09-19 13:31:00,69.8581,69.8581,142,-25.08,0.0,模型转空
2025-09-19,603337.SSE,sell,2025-09-19 13:31:00,2025-09-19 13:36:00,105.0168,104.8237,85,-40.07,-0.00184,模型转空
2025-09-19,600743.SSE,sell,2025-09-19 13:34:00,2025-09-19 13:36:00,69.5613,69.5613,142,-25.02,0.0,模型转空
2025-09-19,600653.SSE,sell,2025-09-19 13:34:00,2025-09-19 13:37:00,254.3017,256.0481,38,42.61,0.00687,模型转空
2025-09-19,600108.SSE,sell,2025-09-19 13:52:00,2025-09-19 13:53:00,34.3532,34.4731,286,9.34,0.00349,模型转空
2025-09-19,600108.SSE,sell,2025-09-19 13:54:00,2025-09-19 13:55:00,34.3532,34.4731,286,9.34,0.00349,模型转空
2025-09-19,600743.SSE,sell,2025-09-19 13:54:00,2025-09-19 13:57:00,69.5613,69.8581,142,17.1,0.00427,模型转空
2025-09-19,600653.SSE,sell,2025-09-19 13:56:00,2025-09-19 13:57:00,254.3017,256.0481,38,42.61,0.00687,模型转空
2025-09-19,600794.SSE,sell,2025-09-19 14:41:00,2025-09-19 14:42:00,116.7127,116.9689,82,-3.53,0.00219,模型转空
2025-09-19,600794.SSE,sell,2025-09-19 14:43:00,2025-09-19 14:44:00,116.7127,116.9689,82,-3.53,0.00219,模型转空
2025-09-19,600376.SSE,sell,2025-09-19 14:41:00,2025-09-19 14:45:00,67.0152,67.0152,146,-24.95,0.0,模型转空
2025-09-22,000407.SZSE,sell,2025-09-22 11:29:00,2025-09-22 11:30:00,45.1488,45.2809,221,4.01,0.00293,模型转空
2025-09-22,600653.SSE,sell,2025-09-22 13:23:00,2025-09-22 13:24:00,247.3162,249.0625,39,44.41,0.00706,模型转空
2025-09-22,600653.SSE,sell,2025-09-22 13:25:00,2025-09-22 13:30:00,247.3162,249.0625,39,44.41,0.00706,模型转空
2025-09-22,603077.SSE,sell,2025-09-22 13:31:00,2025-09-22 13:33:00,27.628,27.76,355,21.92,0.00478,模型转空
2025-09-22,600108.SSE,sell,2025-09-22 13:55:00,2025-09-22 13:56:00,33.5145,33.6343,295,10.3,0.00358,模型转空
2025-09-22,600653.SSE,sell,2025-09-22 14:00:00,2025-09-22 14:01:00,247.3162,250.8089,39,113.77,0.01412,模型转空
2025-09-22,000407.SZSE,sell,2025-09-22 14:07:00,2025-09-22 14:08:00,45.1488,45.2809,221,4.01,0.00293,模型转空
2025-09-22,600075.SSE,sell,2025-09-22 14:07:00,2025-09-22 14:09:00,52.0489,52.1678,189,-2.47,0.00229,模型转空
2025-09-22,600653.SSE,sell,2025-09-22 14:08:00,2025-09-22 14:09:00,247.3162,249.0625,39,44.41,0.00706,模型转空
2025-09-22,002392.SZSE,sell,2025-09-22 14:16:00,2025-09-22 14:18:00,80.034,80.354,118,13.5,0.004,模型转空
2025-09-22,603848.SSE,sell,2025-09-22 14:42:00,2025-09-22 14:48:00,28.665,28.675,347,-21.67,0.00035,模型转空
2025-09-23,600653.SSE,sell,2025-09-23 10:28:00,2025-09-23 10:30:00,228.106,229.8524,43,51.27,0.00766,模型转空
2025-09-23,002426.SZSE,sell,2025-09-23 10:33:00,2025-09-23 10:35:00,18.075,18.225,540,56.15,0.0083,模型转空
2025-09-23,300078.SZSE,sell,2025-09-23 10:34:00,2025-09-23 10:35:00,45.5537,45.7788,214,23.33,0.00494,模型转空
2025-09-23,603418.SSE,sell,2025-09-23 13:33:00,2025-09-23 13:35:00,83.54,84.5,98,71.67,0.01149,模型转空
2025-09-23,600653.SSE,sell,2025-09-23 14:12:00,2025-09-23 14:13:00,231.5987,233.3451,42,49.62,0.00754,模型转空
2025-09-23,000980.SZSE,sell,2025-09-23 14:12:00,2025-09-23 14:15:00,6.848,6.8682,1429,4.04,0.00296,模型转空
2025-09-23,600075.SSE,sell,2025-09-23 14:42:00,2025-09-23 14:45:00,51.811,51.811,189,-24.94,0.0,模型转空
2025-09-24,301178.SZSE,sell,2025-09-24 10:34:00,2025-09-24 10:35:00,92.1708,92.8848,100,47.86,0.00775,模型转空
2025-09-24,300259.SZSE,sell,2025-09-24 13:29:00,2025-09-24 13:31:00,62.1661,62.3007,155,-3.78,0.00217,模型转空
2025-09-24,600075.SSE,sell,2025-09-24 13:30:00,2025-09-24 13:31:00,52.1678,52.2868,189,-2.5,0.00228,模型转空
2025-09-24,600108.SSE,sell,2025-09-24 13:32:00,2025-09-24 13:33:00,32.9153,33.0352,295,10.57,0.00364,模型转空
2025-09-24,300259.SZSE,sell,2025-09-24 13:59:00,2025-09-24 14:00:00,62.4354,62.57,155,-3.85,0.00216,模型转空
2025-09-24,600653.SSE,sell,2025-09-24 14:13:00,2025-09-24 14:14:00,233.3451,235.0915,42,49.51,0.00748,模型转空
2025-09-24,600653.SSE,sell,2025-09-24 14:17:00,2025-09-24 14:18:00,233.3451,235.0915,42,49.51,0.00748,模型转空
2025-09-24,600797.SSE,sell,2025-09-24 14:32:00,2025-09-24 14:33:00,189.5837,191.2036,52,59.34,0.00854,模型转空
2025-09-24,600231.SSE,sell,2025-09-24 14:44:00,2025-09-24 14:46:00,18.0876,18.1509,549,9.63,0.0035,模型转空
2025-09-25,000720.SZSE,sell,2025-09-25 11:27:00,2025-09-25 11:28:00,24.1088,24.2706,408,41.0,0.00671,模型转空
2025-09-25,600653.SSE,sell,2025-09-25 11:30:00,2025-09-25 13:01:00,229.8524,231.5987,42,49.74,0.0076,模型转空
2025-09-25,002785.SZSE,sell,2025-09-25 13:17:00,2025-09-25 13:21:00,30.506,30.626,299,12.03,0.00393,模型转空
2025-09-25,600231.SSE,sell,2025-09-25 13:26:00,2025-09-25 13:28:00,17.9609,18.0876,549,44.47,0.00705,模型转空
2025-09-25,600665.SSE,sell,2025-09-25 13:28:00,2025-09-25 13:29:00,14.2,14.2,703,-25.19,0.0,模型转空
2025-09-25,002495.SZSE,sell,2025-09-25 13:29:00,2025-09-25 13:31:00,24.8519,24.9419,400,10.84,0.00362,模型转空
2025-09-25,600653.SSE,sell,2025-09-25 13:33:00,2025-09-25 13:34:00,228.106,229.8524,43,51.27,0.00766,模型转空
2025-09-25,301086.SZSE,sell,2025-09-25 13:33:00,2025-09-25 13:36:00,133.955,134.45,46,3.61,0.0037,模型转空
2025-09-25,600231.SSE,sell,2025-09-25 13:49:00,2025-09-25 13:52:00,18.0242,18.0876,549,9.69,0.00351,模型转空
2025-09-25,000407.SZSE,sell,2025-09-25 13:58:00,2025-09-25 13:59:00,44.2242,44.3563,221,4.32,0.00299,模型转空
2025-09-25,300190.SZSE,sell,2025-09-25 14:08:00,2025-09-25 14:10:00,52.1367,52.2404,189,-5.38,0.00199,模型转空
2025-09-25,603077.SSE,sell,2025-09-25 14:11:00,2025-09-25 14:12:00,27.1,27.232,362,22.85,0.00487,模型转空
2025-09-25,603077.SSE,sell,2025-09-25 14:13:00,2025-09-25 14:17:00,27.1,27.1,362,-24.92,0.0,模型转空
2025-09-25,600653.SSE,sell,2025-09-25 14:22:00,2025-09-25 14:23:00,228.106,229.8524,43,51.27,0.00766,模型转空
2025-09-25,600895.SSE,sell,2025-09-25 14:42:00,2025-09-25 14:43:00,1574.1516,1589.78,3,33.41,0.00993,模型转空
2025-09-26,603616.SSE,sell,2025-09-26 09:36:00,2025-09-26 09:40:00,10.3154,10.3754,937,31.49,0.00582,模型转空
2025-09-26,301668.SZSE,sell,2025-09-26 10:53:00,2025-09-26 11:02:00,68.04,67.51,98,-72.39,-0.00779,模型转空
2025-09-26,301668.SZSE,sell,2025-09-26 11:13:00,2025-09-26 11:16:00,65.5,66.12,98,41.25,0.00947,模型转空
2025-09-26,600638.SSE,sell,2025-09-26 13:25:00,2025-09-26 13:28:00,104.9686,104.9686,91,-24.53,0.0,模型转空
2025-09-26,002495.SZSE,sell,2025-09-26 13:27:00,2025-09-26 13:28:00,25.1218,25.3017,389,45.18,0.00716,模型转空
2025-09-26,600231.SSE,sell,2025-09-26 13:27:00,2025-09-26 13:30:00,17.9609,18.0242,549,9.74,0.00352,模型转空
2025-09-26,600638.SSE,sell,2025-09-26 13:29:00,2025-09-26 13:30:00,104.7584,104.9686,91,-5.37,0.00201,模型转空
2025-09-26,300259.SZSE,sell,2025-09-26 13:30:00,2025-09-26 13:31:00,61.4929,61.6275,161,-3.37,0.00219,模型转空
2025-09-26,002437.SZSE,sell,2025-09-26 13:30:00,2025-09-26 13:31:00,51.755,51.755,191,-25.04,0.0,模型转空
2025-09-26,002374.SZSE,sell,2025-09-26 13:32:00,2025-09-26 13:33:00,19.0222,19.0856,520,7.89,0.00333,模型转空
2025-09-26,600653.SSE,sell,2025-09-26 13:29:00,2025-09-26 13:34:00,233.3451,233.3451,42,-25.19,0.0,模型转空
2025-09-26,605068.SSE,sell,2025-09-26 13:33:00,2025-09-26 13:36:00,31.23,31.35,284,10.57,0.00384,模型转空
2025-09-26,600653.SSE,sell,2025-09-26 13:35:00,2025-09-26 13:37:00,231.5987,233.3451,42,49.62,0.00754,模型转空
2025-09-26,603077.SSE,sell,2025-09-26 13:41:00,2025-09-26 13:42:00,27.1,27.232,362,22.85,0.00487,模型转空
2025-09-26,603878.SSE,sell,2025-09-26 13:43:00,2025-09-26 13:50:00,30.4706,29.7846,310,-237.38,-0.02251,止损
2025-09-26,300993.SZSE,sell,2025-09-26 14:12:00,2025-09-26 14:14:00,42.5972,42.7142,197,0.31,0.00275,模型转空
2025-09-26,301668.SZSE,sell,2025-09-26 14:14:00,2025-09-26 14:17:00,62.86,62.81,98,-24.34,-0.0008,模型转空
2025-09-26,300259.SZSE,sell,2025-09-26 14:23:00,2025-09-26 14:24:00,61.4929,61.6275,161,-3.37,0.00219,模型转空
2025-09-26,600653.SSE,sell,2025-09-26 14:28:00,2025-09-26 14:29:00,229.8524,231.5987,42,49.74,0.0076,模型转空
2025-09-26,301668.SZSE,sell,2025-09-26 14:26:00,2025-09-26 14:31:00,61.52,62.44,98,71.39,0.01495,模型转空
2025-09-26,600653.SSE,sell,2025-09-26 14:30:00,2025-09-26 14:32:00,229.8524,231.5987,42,49.74,0.0076,模型转空
2025-09-26,002495.SZSE,sell,2025-09-26 14:41:00,2025-09-26 14:44:00,25.1218,25.2118,389,10.15,0.00358,模型转空
2025-09-29,600653.SSE,sell,2025-09-29 09:37:00,2025-09-29 09:38:00,226.3596,228.106,43,51.39,0.00772,模型转空
2025-09-29,600653.SSE,sell,2025-09-29 11:12:00,2025-09-29 11:13:00,233.3451,235.0915,42,49.51,0.00748,模型转空
2025-09-29,600653.SSE,sell,2025-09-29 11:14:00,2025-09-29 11:15:00,233.3451,235.0915,42,49.51,0.00748,模型转空
2025-09-29,600653.SSE,sell,2025-09-29 11:16:00,2025-09-29 11:17:00,233.3451,235.0915,42,49.51,0.00748,模型转空
2025-09-29,600716.SSE,sell,2025-09-29 11:27:00,2025-09-29 11:28:00,18.0302,18.0706,537,-3.07,0.00224,模型转空
2025-09-29,002702.SZSE,sell,2025-09-29 13:32:00,2025-09-29 13:33:00,31.688,31.756,302,-4.02,0.00215,模型转空
2025-09-29,000720.SZSE,sell,2025-09-29 13:38:00,2025-09-29 13:39:00,23.7854,23.8662,408,8.22,0.0034,模型转空
2025-09-29,002702.SZSE,sell,2025-09-29 14:19:00,2025-09-29 14:20:00,31.688,31.688,302,-24.57,0.0,模型转空
2025-09-29,002285.SZSE,sell,2025-09-29 14:26:00,2025-09-29 14:27:00,38.1142,38.2479,262,9.81,0.00351,模型转空
2025-09-29,600665.SSE,sell,2025-09-29 14:29:00,2025-09-29 14:31:00,14.6692,14.7027,681,-2.38,0.00228,模型转空
2025-09-29,002285.SZSE,sell,2025-09-29 14:30:00,2025-09-29 14:31:00,38.1142,38.2479,262,9.81,0.00351,模型转空
2025-09-29,600075.SSE,sell,2025-09-29 14:41:00,2025-09-29 14:42:00,52.4057,52.5246,189,-2.57,0.00227,模型转空
2025-09-29,301668.SZSE,sell,2025-09-29 14:42:00,2025-09-29 14:49:00,58.7,59.55,98,64.92,0.01448,模型转空
2025-09-30,600653.SSE,sell,2025-09-30 10:35:00,2025-09-30 10:38:00,233.3451,235.0915,42,49.51,0.00748,模型转空
2025-09-30,002397.SZSE,sell,2025-09-30 11:29:00,2025-09-30 11:30:00,50.1874,50.2929,198,-4.22,0.0021,模型转空
2025-09-30,600716.SSE,sell,2025-09-30 11:29:00,2025-09-30 13:02:00,18.2318,18.2722,537,-3.24,0.00221,模型转空
2025-09-30,002374.SZSE,sell,2025-09-30 13:26:00,2025-09-30 13:30:00,18.7054,18.7688,520,8.14,0.00339,模型转空
2025-09-30,600665.SSE,sell,2025-09-30 13:27:00,2025-09-30 13:31:00,14.6357,14.6357,681,-25.15,0.0,模型转空
2025-09-30,600653.SSE,sell,2025-09-30 13:28:00,2025-09-30 13:31:00,231.5987,233.3451,42,49.62,0.00754,模型转空
2025-09-30,000407.SZSE,sell,2025-09-30 13:29:00,2025-09-30 13:31:00,44.8847,45.0167,221,4.1,0.00294,模型转空
2025-09-30,600794.SSE,sell,2025-09-30 13:31:00,2025-09-30 13:33:00,110.5656,110.5656,89,-25.12,0.0,模型转空
2025-09-30,300259.SZSE,sell,2025-09-30 13:30:00,2025-09-30 13:35:00,62.0314,61.8968,155,-45.56,-0.00217,模型转空
2025-09-30,600794.SSE,sell,2025-09-30 13:38:00,2025-09-30 13:39:00,110.3095,110.3095,89,-25.08,0.0,模型转空
2025-09-30,002495.SZSE,sell,2025-09-30 13:53:00,2025-09-30 13:55:00,25.3017,25.3917,389,10.04,0.00356,模型转空
2025-09-30,300259.SZSE,sell,2025-09-30 13:56:00,2025-09-30 13:59:00,61.8968,62.0314,155,-3.72,0.00218,模型转空
2025-09-30,600794.SSE,sell,2025-09-30 13:58:00,2025-09-30 14:00:00,110.3095,110.3095,89,-25.08,0.0,模型转空
2025-09-30,600653.SSE,sell,2025-09-30 14:06:00,2025-09-30 14:07:00,231.5987,233.3451,42,49.62,0.00754,模型转空
2025-09-30,600653.SSE,sell,2025-09-30 14:13:00,2025-09-30 14:14:00,231.5987,233.3451,42,49.62,0.00754,模型转空
2025-09-30,002702.SZSE,sell,2025-09-30 14:16:00,2025-09-30 14:18:00,31.824,31.824,302,-24.63,0.0,模型转空
2025-09-30,600307.SSE,sell,2025-09-30 14:20:00,2025-09-30 14:21:00,7.5864,7.6181,1305,16.26,0.00418,模型转空
2025-09-30,301668.SZSE,sell,2025-09-30 14:20:00,2025-09-30 14:22:00,51.35,51.63,98,9.88,0.00545,模型转空
2025-09-30,600653.SSE,sell,2025-09-30 14:25:00,2025-09-30 14:26:00,231.5987,233.3451,42,49.62,0.00754,模型转空
2025-09-30,600307.SSE,sell,2025-09-30 14:28:00,2025-09-30 14:29:00,7.5864,7.6181,1305,16.26,0.00418,模型转空
2025-09-30,600653.SSE,sell,2025-09-30 14:29:00,2025-09-30 14:30:00,231.5987,233.3451,42,49.62,0.00754,模型转空
2025-09-30,600665.SSE,sell,2025-09-30 14:30:00,2025-09-30 14:32:00,14.6692,14.6692,681,-25.19,0.0,模型转空
2025-10-09,300259.SZSE,sell,2025-10-09 13:45:00,2025-10-09 13:46:00,62.3007,62.4354,155,-3.81,0.00216,模型转空
2025-10-09,301668.SZSE,sell,2025-10-09 14:22:00,2025-10-09 14:26:00,52.35,52.6,98,6.78,0.00478,模型转空
2025-10-09,301668.SZSE,sell,2025-10-09 14:31:00,2025-10-09 14:32:00,51.65,52.42,98,58.09,0.01491,模型转空
2025-10-09,300259.SZSE,sell,2025-10-09 14:44:00,2025-10-09 14:45:00,62.3007,62.3007,155,-24.72,0.0,模型转空
2025-10-10,600653.SSE,sell,2025-10-10 11:20:00,2025-10-10 11:21:00,240.3306,242.077,40,46.24,0.00727,模型转空
2025-10-10,301668.SZSE,sell,2025-10-10 13:30:00,2025-10-10 13:32:00,59.0,60.05,98,84.57,0.0178,模型转空
2025-10-10,600653.SSE,sell,2025-10-10 13:30:00,2025-10-10 13:32:00,238.5843,240.3306,41,47.76,0.00732,模型转空
2025-10-10,300510.SZSE,sell,2025-10-10 13:31:00,2025-10-10 13:32:00,27.9977,28.0593,349,-3.36,0.0022,模型转空
2025-10-10,301668.SZSE,sell,2025-10-10 13:43:00,2025-10-10 13:46:00,58.0,59.0,98,79.79,0.01724,模型转空
2025-10-10,600653.SSE,sell,2025-10-10 14:13:00,2025-10-10 14:14:00,236.8379,238.5843,41,47.87,0.00737,模型转空
2025-10-10,300190.SZSE,sell,2025-10-10 14:22:00,2025-10-10 14:24:00,51.0999,51.0999,189,-24.74,0.0,模型转空
2025-10-13,300937.SZSE,sell,2025-10-13 09:35:00,2025-10-13 09:42:00,26.42,26.84,291,100.67,0.0159,模型转空
2025-10-13,001288.SZSE,sell,2025-10-13 09:35:00,2025-10-13 09:42:00,34.65,35.252,278,143.05,0.01737,模型转空
2025-10-13,301552.SZSE,sell,2025-10-13 09:35:00,2025-10-13 09:42:00,55.614,56.202,154,67.6,0.01057,模型转空
2025-10-13,603992.SSE,sell,2025-10-13 09:35:00,2025-10-13 09:44:00,31.1,31.4,273,59.08,0.00965,模型转空
2025-10-13,301086.SZSE,sell,2025-10-13 09:35:00,2025-10-13 09:44:00,115.82,117.605,46,65.22,0.01541,模型转空
2025-10-13,300078.SZSE,sell,2025-10-13 13:28:00,2025-10-13 13:29:00,45.5537,45.5537,214,-24.84,0.0,模型转空
2025-10-13,600653.SSE,sell,2025-10-13 14:18:00,2025-10-13 14:19:00,228.106,229.8524,43,51.27,0.00766,模型转空
2025-10-13,600794.SSE,sell,2025-10-13 14:32:00,2025-10-13 14:33:00,111.0779,111.5901,89,20.84,0.00461,模型转空
2025-10-13,600743.SSE,sell,2025-10-13 14:44:00,2025-10-13 14:45:00,65.7024,65.9992,151,19.8,0.00452,模型转空
2025-10-14,600653.SSE,sell,2025-10-14 10:55:00,2025-10-14 10:58:00,235.0915,236.8379,41,47.98,0.00743,模型转空
2025-10-14,600653.SSE,sell,2025-10-14 13:40:00,2025-10-14 13:42:00,233.3451,235.0915,42,49.51,0.00748,模型转空
2025-10-14,600489.SSE,sell,2025-10-14 13:44:00,2025-10-14 13:53:00,303.7571,302.5908,32,-62.8,-0.00384,模型转空
2025-10-14,300510.SZSE,sell,2025-10-14 14:01:00,2025-10-14 14:02:00,27.7512,27.8128,349,-3.22,0.00222,模型转空
2025-10-14,300078.SZSE,sell,2025-10-14 14:01:00,2025-10-14 14:02:00,45.7788,45.8913,214,-0.83,0.00246,模型转空
2025-10-14,000426.SZSE,sell,2025-10-14 14:00:00,2025-10-14 14:03:00,950.1613,948.2892,7,-35.02,-0.00197,模型转空
2025-10-14,603878.SSE,sell,2025-10-14 14:09:00,2025-10-14 14:16:00,38.9495,38.1263,233,-215.49,-0.02114,止损
2025-10-14,000426.SZSE,sell,2025-10-14 14:13:00,2025-10-14 14:16:00,930.1031,937.8589,7,37.82,0.00834,模型转空
2025-10-14,000720.SZSE,sell,2025-10-14 14:14:00,2025-10-14 14:16:00,24.1088,24.1897,408,8.02,0.00335,模型转空
2025-10-14,603878.SSE,sell,2025-10-14 14:16:00,2025-10-14 14:20:00,38.1263,38.4282,258,53.09,0.00792,模型转空
2025-10-14,300247.SZSE,sell,2025-10-14 14:17:00,2025-10-14 14:20:00,26.49,26.55,365,-2.81,0.00226,模型转空
2025-10-14,002397.SZSE,sell,2025-10-14 14:22:00,2025-10-14 14:23:00,50.1874,50.2929,198,-4.22,0.0021,模型转空
2025-10-14,000426.SZSE,sell,2025-10-14 14:22:00,2025-10-14 14:27:00,923.4172,922.8823,7,-24.63,-0.00058,模型转空
2025-10-14,300259.SZSE,sell,2025-10-14 14:26:00,2025-10-14 14:27:00,62.0314,62.1661,155,-3.75,0.00217,模型转空
2025-10-14,002285.SZSE,sell,2025-10-14 14:28:00,2025-10-14 14:29:00,37.5796,37.7132,262,10.02,0.00356,模型转空
2025-10-14,603878.SSE,sell,2025-10-14 14:27:00,2025-10-14 14:30:00,37.358,37.7696,258,81.79,0.01102,模型转空
2025-10-14,600665.SSE,sell,2025-10-14 14:39:00,2025-10-14 14:42:00,15.1049,15.1049,658,-25.12,0.0,模型转空
2025-10-14,600743.SSE,sell,2025-10-14 14:41:00,2025-10-14 14:42:00,66.2961,66.5929,148,19.04,0.00448,模型转空
2025-10-14,601218.SSE,sell,2025-10-14 14:41:00,2025-10-14 14:43:00,14.9622,15.0942,652,61.2,0.00882,模型转空
2025-10-14,600653.SSE,sell,2025-10-14 14:42:00,2025-10-14 14:44:00,231.5987,233.3451,42,49.62,0.00754,模型转空
2025-10-14,600743.SSE,sell,2025-10-14 14:43:00,2025-10-14 14:44:00,66.2961,66.5929,148,19.04,0.00448,模型转空
2025-10-14,603960.SSE,sell,2025-10-14 14:44:00,2025-10-14 14:46:00,67.0271,67.1194,124,-11.21,0.00138,模型转空
2025-10-14,000426.SZSE,sell,2025-10-14 14:43:00,2025-10-14 14:47:00,899.08,898.0103,7,-28.38,-0.00119,模型转空
2025-10-15,600653.SSE,sell,2025-10-15 10:37:00,2025-10-15 10:39:00,233.3451,235.0915,42,49.51,0.00748,模型转空
2025-10-15,600743.SSE,sell,2025-10-15 10:52:00,2025-10-15 10:53:00,66.8897,67.1866,148,18.91,0.00444,模型转空
2025-10-15,600743.SSE,sell,2025-10-15 10:57:00,2025-10-15 10:58:00,66.8897,67.1866,148,18.91,0.00444,模型转空
2025-10-15,002285.SZSE,sell,2025-10-15 11:17:00,2025-10-15 11:18:00,37.4459,37.5796,262,10.08,0.00357,模型转空
2025-10-15,002285.SZSE,sell,2025-10-15 11:19:00,2025-10-15 11:21:00,37.4459,37.5796,262,10.08,0.00357,模型转空
2025-10-15,605055.SSE,sell,2025-10-15 13:17:00,2025-10-15 13:19:00,11.24,11.19,883,-69.2,-0.00445,模型转空
2025-10-15,600743.SSE,sell,2025-10-15 13:22:00,2025-10-15 13:23:00,66.2961,66.5929,148,19.04,0.00448,模型转空
2025-10-15,600653.SSE,sell,2025-10-15 13:23:00,2025-10-15 13:24:00,231.5987,233.3451,42,49.62,0.00754,模型转空
2025-10-15,600653.SSE,sell,2025-10-15 13:25:00,2025-10-15 13:26:00,231.5987,233.3451,42,49.62,0.00754,模型转空
2025-10-15,600075.SSE,sell,2025-10-15 13:25:00,2025-10-15 13:26:00,54.3088,54.4278,181,-3.43,0.00219,模型转空
2025-10-15,301234.SZSE,sell,2025-10-15 13:26:00,2025-10-15 13:28:00,49.5,48.2,197,-281.24,-0.02626,止损
2025-10-15,600280.SSE,sell,2025-10-15 13:27:00,2025-10-15 13:28:00,45.0497,45.1699,215,1.14,0.00267,模型转空
2025-10-15,600653.SSE,sell,2025-10-15 13:29:00,2025-10-15 13:30:00,231.5987,233.3451,42,49.62,0.00754,模型转空
2025-10-15,600280.SSE,sell,2025-10-15 13:29:00,2025-10-15 13:30:00,45.0497,45.1699,215,1.14,0.00267,模型转空
2025-10-15,002374.SZSE,sell,2025-10-15 13:29:00,2025-10-15 13:30:00,19.0222,19.0856,520,7.89,0.00333,模型转空
2025-10-15,600653.SSE,sell,2025-10-15 13:34:00,2025-10-15 13:36:00,231.5987,233.3451,42,49.62,0.00754,模型转空
2025-10-15,301234.SZSE,sell,2025-10-15 13:28:00,2025-10-15 13:37:00,48.2,48.86,197,105.7,0.01369,模型转空
2025-10-15,600280.SSE,sell,2025-10-15 13:36:00,2025-10-15 13:39:00,45.0497,45.0497,215,-24.78,0.0,模型转空
2025-10-15,600653.SSE,sell,2025-10-15 13:41:00,2025-10-15 13:42:00,231.5987,233.3451,42,49.62,0.00754,模型转空
2025-10-15,600653.SSE,sell,2025-10-15 13:47:00,2025-10-15 13:48:00,231.5987,233.3451,42,49.62,0.00754,模型转空
2025-10-15,300259.SZSE,sell,2025-10-15 13:54:00,2025-10-15 13:56:00,62.1661,62.1661,155,-24.69,0.0,模型转空
2025-10-15,600653.SSE,sell,2025-10-15 13:55:00,2025-10-15 13:56:00,231.5987,233.3451,42,49.62,0.00754,模型转空
2025-10-15,002702.SZSE,sell,2025-10-15 14:22:00,2025-10-15 14:23:00,32.368,32.436,302,-4.33,0.0021,模型转空
2025-10-15,002397.SZSE,sell,2025-10-15 14:22:00,2025-10-15 14:23:00,50.8206,50.9262,190,-4.62,0.00208,模型转空
2025-10-15,301209.SZSE,sell,2025-10-15 14:14:00,2025-10-15 14:25:00,163.862,163.246,50,-53.76,-0.00376,模型转空
2025-10-15,600743.SSE,sell,2025-10-15 14:28:00,2025-10-15 14:29:00,66.5929,66.8897,148,18.97,0.00446,模型转空
2025-10-15,002397.SZSE,sell,2025-10-15 14:39:00,2025-10-15 14:41:00,50.8206,50.9262,190,-4.62,0.00208,模型转空
2025-10-15,600433.SSE,sell,2025-10-15 14:41:00,2025-10-15 14:42:00,23.2477,23.3054,424,-0.56,0.00248,模型转空
2025-10-16,600653.SSE,sell,2025-10-16 10:30:00,2025-10-16 10:31:00,229.8524,231.5987,42,49.74,0.0076,模型转空
2025-10-16,600653.SSE,sell,2025-10-16 10:33:00,2025-10-16 10:37:00,228.106,229.8524,43,51.27,0.00766,模型转空
2025-10-16,600075.SSE,sell,2025-10-16 11:28:00,2025-10-16 13:01:00,54.0709,54.0709,181,-24.88,0.0,模型转空
2025-10-16,600653.SSE,sell,2025-10-16 13:30:00,2025-10-16 13:31:00,226.3596,228.106,43,51.39,0.00772,模型转空
2025-10-16,300259.SZSE,sell,2025-10-16 14:01:00,2025-10-16 14:03:00,62.0314,62.1661,155,-3.75,0.00217,模型转空
2025-10-16,605055.SSE,sell,2025-10-16 14:24:00,2025-10-16 14:25:00,11.44,11.56,785,70.46,0.01049,模型转空
2025-10-16,605055.SSE,sell,2025-10-16 14:26:00,2025-10-16 14:27:00,11.45,11.5,785,15.55,0.00437,模型转空
2025-10-16,300577.SZSE,sell,2025-10-16 14:30:00,2025-10-16 14:31:00,77.2113,77.4057,113,-1.3,0.00252,模型转空
2025-10-16,600665.SSE,sell,2025-10-16 14:39:00,2025-10-16 14:40:00,15.2725,15.2725,635,-24.76,0.0,模型转空
2025-10-16,600716.SSE,sell,2025-10-16 14:44:00,2025-10-16 14:45:00,18.6754,18.7157,517,-3.85,0.00216,模型转空
2025-10-17,600653.SSE,sell,2025-10-17 10:47:00,2025-10-17 10:49:00,226.3596,228.106,43,51.39,0.00772,模型转空
2025-10-17,000720.SZSE,sell,2025-10-17 11:17:00,2025-10-17 11:19:00,23.8662,23.9471,408,8.17,0.00339,模型转空
2025-10-17,600675.SSE,sell,2025-10-17 11:30:00,2025-10-17 13:01:00,147.3884,147.7845,65,1.33,0.00269,模型转空
2025-10-17,600653.SSE,sell,2025-10-17 11:29:00,2025-10-17 13:03:00,224.6132,226.3596,43,51.51,0.00778,模型转空
2025-10-17,600653.SSE,sell,2025-10-17 13:08:00,2025-10-17 13:09:00,224.6132,226.3596,43,51.51,0.00778,模型转空
2025-10-17,002285.SZSE,sell,2025-10-17 13:23:00,2025-10-17 13:24:00,36.7776,36.9113,268,10.83,0.00363,模型转空
2025-10-17,002285.SZSE,sell,2025-10-17 13:28:00,2025-10-17 13:29:00,36.7776,36.9113,268,10.83,0.00363,模型转空
2025-10-17,600527.SSE,sell,2025-10-17 13:29:00,2025-10-17 13:30:00,61.4944,61.6839,161,5.46,0.00308,模型转空
2025-10-17,002374.SZSE,sell,2025-10-17 13:30:00,2025-10-17 13:31:00,18.5154,18.5787,535,8.81,0.00342,模型转空
2025-10-17,600743.SSE,sell,2025-10-17 13:30:00,2025-10-17 13:31:00,65.9992,66.2961,151,19.73,0.0045,模型转空
2025-10-17,600743.SSE,sell,2025-10-17 13:41:00,2025-10-17 13:44:00,65.9992,66.2961,151,19.73,0.0045,模型转空
2025-10-17,600527.SSE,sell,2025-10-17 13:43:00,2025-10-17 13:44:00,61.4944,61.6839,161,5.46,0.00308,模型转空
2025-10-17,600743.SSE,sell,2025-10-17 13:48:00,2025-10-17 13:49:00,65.9992,66.2961,151,19.73,0.0045,模型转空
2025-10-17,600653.SSE,sell,2025-10-17 13:46:00,2025-10-17 13:50:00,222.8668,224.6132,44,53.06,0.00784,模型转空
2025-10-17,600743.SSE,sell,2025-10-17 13:50:00,2025-10-17 13:51:00,65.9992,66.2961,151,19.73,0.0045,模型转空
2025-10-17,600743.SSE,sell,2025-10-17 13:52:00,2025-10-17 13:53:00,65.9992,66.2961,151,19.73,0.0045,模型转空
2025-10-17,600743.SSE,sell,2025-10-17 13:54:00,2025-10-17 13:55:00,65.9992,65.9992,151,-25.2,0.0,模型转空
2025-10-17,600653.SSE,sell,2025-10-17 13:54:00,2025-10-17 13:55:00,222.8668,224.6132,44,53.06,0.00784,模型转空
2025-10-17,300259.SZSE,sell,2025-10-17 13:57:00,2025-10-17 13:58:00,60.9543,61.089,161,-3.24,0.00221,模型转空
2025-10-17,600527.SSE,sell,2025-10-17 13:58:00,2025-10-17 13:59:00,61.4944,61.6839,161,5.46,0.00308,模型转空
2025-10-17,600708.SSE,sell,2025-10-17 13:58:00,2025-10-17 14:00:00,45.0296,45.1236,217,-4.48,0.00209,模型转空
2025-10-17,600527.SSE,sell,2025-10-17 14:00:00,2025-10-17 14:01:00,61.4944,61.6839,161,5.46,0.00308,模型转空
2025-10-17,002285.SZSE,sell,2025-10-17 14:06:00,2025-10-17 14:08:00,36.7776,36.9113,268,10.83,0.00363,模型转空
2025-10-17,000720.SZSE,sell,2025-10-17 14:13:00,2025-10-17 14:15:00,23.5428,23.6236,421,8.98,0.00344,模型转空
2025-10-17,600794.SSE,sell,2025-10-17 14:14:00,2025-10-17 14:15:00,109.0288,109.2849,89,-1.89,0.00235,模型转空
2025-10-17,600675.SSE,sell,2025-10-17 14:14:00,2025-10-17 14:15:00,146.9923,147.3884,67,1.69,0.00269,模型转空
2025-10-17,600675.SSE,sell,2025-10-17 14:16:00,2025-10-17 14:19:00,146.9923,146.9923,67,-25.16,0.0,模型转空
2025-10-17,600743.SSE,sell,2025-10-17 14:16:00,2025-10-17 14:20:00,65.7024,65.9992,151,19.8,0.00452,模型转空
2025-10-17,600743.SSE,sell,2025-10-17 14:25:00,2025-10-17 14:26:00,65.7024,65.9992,151,19.8,0.00452,模型转空
2025-10-17,002084.SZSE,sell,2025-10-17 14:24:00,2025-10-17 14:27:00,13.933,13.9636,701,-3.4,0.0022,模型转空
2025-10-17,300655.SZSE,sell,2025-10-17 14:21:00,2025-10-17 14:28:00,126.4415,125.4801,74,-96.09,-0.0076,模型转空
2025-10-17,603308.SSE,sell,2025-10-17 14:24:00,2025-10-17 14:28:00,49.4906,49.5606,139,-10.74,0.00141,模型转空
2025-10-17,600653.SSE,sell,2025-10-17 14:23:00,2025-10-17 14:29:00,221.1205,222.8668,44,53.18,0.0079,模型转空
2025-10-17,600960.SSE,sell,2025-10-17 14:27:00,2025-10-17 14:29:00,24.8977,25.0213,382,22.69,0.00496,模型转空
2025-10-17,600665.SSE,sell,2025-10-17 14:28:00,2025-10-17 14:29:00,15.2055,15.2055,635,-24.69,0.0,模型转空
2025-10-17,002374.SZSE,sell,2025-10-17 14:28:00,2025-10-17 14:30:00,18.452,18.452,535,-25.01,0.0,模型转空
2025-10-17,600743.SSE,sell,2025-10-17 14:29:00,2025-10-17 14:30:00,65.7024,65.9992,151,19.8,0.00452,模型转空
2025-10-17,300655.SZSE,sell,2025-10-17 14:29:00,2025-10-17 14:34:00,123.5573,122.7706,74,-82.72,-0.00637,模型转空
2025-10-17,002495.SZSE,sell,2025-10-17 14:40:00,2025-10-17 14:41:00,25.3017,25.3917,389,10.04,0.00356,模型转空
2025-10-20,600653.SSE,sell,2025-10-20 10:17:00,2025-10-20 10:18:00,222.8668,224.6132,44,53.06,0.00784,模型转空
2025-10-20,600653.SSE,sell,2025-10-20 10:19:00,2025-10-20 10:20:00,222.8668,224.6132,44,53.06,0.00784,模型转空
2025-10-20,300259.SZSE,sell,2025-10-20 10:46:00,2025-10-20 10:47:00,61.6275,61.7622,161,-3.4,0.00218,模型转空
2025-10-20,600307.SSE,sell,2025-10-20 11:15:00,2025-10-20 11:18:00,7.7448,7.8082,1284,56.19,0.00818,模型转空
2025-10-20,600716.SSE,sell,2025-10-20 11:30:00,2025-10-20 13:01:00,18.7963,18.8366,517,-3.94,0.00215,模型转空
2025-10-20,002374.SZSE,sell,2025-10-20 13:25:00,2025-10-20 13:27:00,18.452,18.5154,535,8.87,0.00343,模型转空
2025-10-20,000727.SZSE,sell,2025-10-20 13:25:00,2025-10-20 13:27:00,14.5872,14.6541,679,20.34,0.00459,模型转空
2025-10-20,600307.SSE,sell,2025-10-20 13:27:00,2025-10-20 13:28:00,7.7131,7.7448,1284,15.6,0.00411,模型转空
2025-10-20,002495.SZSE,sell,2025-10-20 13:29:00,2025-10-20 13:30:00,25.5716,25.6616,389,9.88,0.00352,模型转空
2025-10-20,600743.SSE,sell,2025-10-20 13:30:00,2025-10-20 13:31:00,65.4055,65.7024,151,19.86,0.00454,模型转空
2025-10-20,600743.SSE,sell,2025-10-20 13:32:00,2025-10-20 13:33:00,65.4055,65.7024,151,19.86,0.00454,模型转空
2025-10-20,000720.SZSE,sell,2025-10-20 13:32:00,2025-10-20 13:33:00,23.8662,23.9471,408,8.17,0.00339,模型转空
2025-10-20,600743.SSE,sell,2025-10-20 13:36:00,2025-10-20 13:39:00,65.4055,65.4055,151,-25.06,0.0,模型转空
2025-10-20,002285.SZSE,sell,2025-10-20 13:43:00,2025-10-20 13:47:00,36.644,36.7776,268,10.88,0.00365,模型转空
2025-10-20,600527.SSE,sell,2025-10-20 13:58:00,2025-10-20 13:59:00,62.2526,62.4421,157,4.92,0.00304,模型转空
2025-10-20,600708.SSE,sell,2025-10-20 14:12:00,2025-10-20 14:13:00,45.3115,45.4994,217,15.81,0.00415,模型转空
2025-10-20,000727.SZSE,sell,2025-10-20 14:14:00,2025-10-20 14:15:00,14.5872,14.6541,679,20.34,0.00459,模型转空
2025-10-20,600743.SSE,sell,2025-10-20 14:16:00,2025-10-20 14:17:00,65.4055,65.7024,151,19.86,0.00454,模型转空
2025-10-20,600743.SSE,sell,2025-10-20 14:18:00,2025-10-20 14:19:00,65.4055,65.7024,151,19.86,0.00454,模型转空
2025-10-20,300768.SZSE,sell,2025-10-20 14:17:00,2025-10-20 14:20:00,32.85,32.88,256,-15.12,0.00091,模型转空
2025-10-20,600708.SSE,sell,2025-10-20 14:19:00,2025-10-20 14:20:00,45.3115,45.4054,217,-4.57,0.00207,模型转空
2025-10-20,300993.SZSE,sell,2025-10-20 14:14:00,2025-10-20 14:23:00,42.059,41.6144,237,-130.54,-0.01057,模型转空
2025-10-20,600716.SSE,sell,2025-10-20 14:24:00,2025-10-20 14:25:00,18.7157,18.756,517,-3.88,0.00215,模型转空
2025-10-20,600108.SSE,sell,2025-10-20 14:25:00,2025-10-20 14:26:00,34.4731,34.5929,286,9.29,0.00348,模型转空
2025-10-20,600743.SSE,sell,2025-10-20 14:24:00,2025-10-20 14:27:00,65.4055,65.7024,151,19.86,0.00454,模型转空
2025-10-20,600108.SSE,sell,2025-10-20 14:27:00,2025-10-20 14:28:00,34.4731,34.5929,286,9.29,0.00348,模型转空
2025-10-20,600743.SSE,sell,2025-10-20 14:37:00,2025-10-20 14:38:00,65.4055,65.7024,151,19.86,0.00454,模型转空
2025-10-21,000029.SZSE,sell,2025-10-21 09:38:00,2025-10-21 09:43:00,56.0973,56.1949,146,-8.2,0.00174,模型转空
2025-10-21,600595.SSE,sell,2025-10-21 13:35:00,2025-10-21 13:46:00,41.3137,41.0527,230,-84.44,-0.00632,模型转空
2025-10-21,600075.SSE,sell,2025-10-21 13:59:00,2025-10-21 14:00:00,53.952,54.0709,181,-3.33,0.0022,模型转空
2025-10-21,600300.SSE,sell,2025-10-21 14:33:00,2025-10-21 14:34:00,25.4153,25.4725,390,-2.78,0.00225,模型转空
2025-10-22,600653.SSE,sell,2025-10-22 10:39:00,2025-10-22 10:40:00,238.5843,240.3306,41,47.76,0.00732,模型转空
2025-10-22,600653.SSE,sell,2025-10-22 11:16:00,2025-10-22 11:17:00,238.5843,240.3306,41,47.76,0.00732,模型转空
2025-10-22,300259.SZSE,sell,2025-10-22 11:18:00,2025-10-22 11:19:00,63.2432,63.2432,155,-24.94,0.0,模型转空
2025-10-22,600653.SSE,sell,2025-10-22 11:27:00,2025-10-22 13:01:00,238.5843,238.5843,41,-25.16,0.0,模型转空
2025-10-22,002495.SZSE,sell,2025-10-22 13:27:00,2025-10-22 13:29:00,26.5612,26.6512,369,8.28,0.00339,模型转空
2025-10-22,300078.SZSE,sell,2025-10-22 13:31:00,2025-10-22 13:32:00,46.6787,46.6787,207,-24.7,0.0,模型转空
2025-10-22,600300.SSE,sell,2025-10-22 13:51:00,2025-10-22 13:53:00,25.4153,25.4725,390,-2.78,0.00225,模型转空
2025-10-22,300259.SZSE,sell,2025-10-22 13:55:00,2025-10-22 13:56:00,63.2432,63.3778,155,-4.04,0.00213,模型转空
2025-10-22,300259.SZSE,sell,2025-10-22 13:57:00,2025-10-22 13:58:00,63.2432,63.3778,155,-4.04,0.00213,模型转空
2025-10-22,600300.SSE,sell,2025-10-22 13:58:00,2025-10-22 13:59:00,25.4153,25.4725,390,-2.78,0.00225,模型转空
2025-10-22,300259.SZSE,sell,2025-10-22 14:04:00,2025-10-22 14:08:00,63.2432,63.3778,155,-4.04,0.00213,模型转空
2025-10-22,002495.SZSE,sell,2025-10-22 14:27:00,2025-10-22 14:28:00,26.5612,26.6512,369,8.28,0.00339,模型转空
2025-10-22,600653.SSE,sell,2025-10-22 14:39:00,2025-10-22 14:40:00,238.5843,240.3306,41,47.76,0.00732,模型转空
2025-10-22,600748.SSE,sell,2025-10-22 14:41:00,2025-10-22 14:44:00,55.7066,56.3055,178,81.65,0.01075,模型转空
2025-10-23,600653.SSE,sell,2025-10-23 10:33:00,2025-10-23 10:35:00,236.8379,238.5843,41,47.87,0.00737,模型转空
2025-10-23,600653.SSE,sell,2025-10-23 10:51:00,2025-10-23 10:53:00,236.8379,238.5843,41,47.87,0.00737,模型转空
2025-10-23,600653.SSE,sell,2025-10-23 11:00:00,2025-10-23 11:02:00,235.0915,236.8379,41,47.98,0.00743,模型转空
2025-10-23,600743.SSE,sell,2025-10-23 11:16:00,2025-10-23 11:17:00,68.6708,69.2645,145,60.96,0.00865,模型转空
2025-10-23,600653.SSE,sell,2025-10-23 11:30:00,2025-10-23 13:04:00,235.0915,236.8379,41,47.98,0.00743,模型转空
2025-10-23,002437.SZSE,sell,2025-10-23 13:26:00,2025-10-23 13:27:00,52.355,52.505,184,3.0,0.00287,模型转空
2025-10-23,002437.SZSE,sell,2025-10-23 13:28:00,2025-10-23 13:30:00,52.355,52.505,184,3.0,0.00287,模型转空
2025-10-23,600653.SSE,sell,2025-10-23 13:35:00,2025-10-23 13:36:00,235.0915,236.8379,41,47.98,0.00743,模型转空
2025-10-23,002437.SZSE,sell,2025-10-23 13:35:00,2025-10-23 13:36:00,52.355,52.505,184,3.0,0.00287,模型转空
2025-10-23,600307.SSE,sell,2025-10-23 13:37:00,2025-10-23 13:39:00,7.8082,7.8398,1263,15.0,0.00406,模型转空
2025-10-23,600307.SSE,sell,2025-10-23 13:44:00,2025-10-23 13:45:00,7.8082,7.8398,1263,15.0,0.00406,模型转空
2025-10-23,002495.SZSE,sell,2025-10-23 13:50:00,2025-10-23 13:51:00,26.3813,26.5612,369,41.57,0.00682,模型转空
2025-10-23,600653.SSE,sell,2025-10-23 14:02:00,2025-10-23 14:04:00,235.0915,236.8379,41,47.98,0.00743,模型转空
2025-10-24,600743.SSE,sell,2025-10-24 10:52:00,2025-10-24 10:53:00,68.0771,68.3739,145,18.03,0.00436,模型转空
2025-10-24,600794.SSE,sell,2025-10-24 11:11:00,2025-10-24 11:12:00,109.5411,109.7972,89,-1.96,0.00234,模型转空
2025-10-24,600743.SSE,sell,2025-10-24 11:15:00,2025-10-24 11:16:00,68.0771,68.3739,145,18.03,0.00436,模型转空
2025-10-24,002495.SZSE,sell,2025-10-24 11:17:00,2025-10-24 11:19:00,26.5612,26.6512,369,8.28,0.00339,模型转空
2025-10-24,002285.SZSE,sell,2025-10-24 11:17:00,2025-10-24 11:21:00,38.1142,38.1142,262,-25.18,0.0,模型转空
2025-10-24,600653.SSE,sell,2025-10-24 11:20:00,2025-10-24 11:22:00,233.3451,235.0915,42,49.51,0.00748,模型转空
2025-10-24,600794.SSE,sell,2025-10-24 11:28:00,2025-10-24 11:29:00,109.5411,109.7972,89,-1.96,0.00234,模型转空
2025-10-24,600743.SSE,sell,2025-10-24 11:29:00,2025-10-24 11:30:00,68.0771,68.3739,145,18.03,0.00436,模型转空
2025-10-24,600794.SSE,sell,2025-10-24 11:30:00,2025-10-24 13:01:00,109.5411,109.7972,89,-1.96,0.00234,模型转空
2025-10-24,600653.SSE,sell,2025-10-24 13:08:00,2025-10-24 13:09:00,233.3451,235.0915,42,49.51,0.00748,模型转空
2025-10-24,600794.SSE,sell,2025-10-24 13:13:00,2025-10-24 13:14:00,109.5411,109.7972,89,-1.96,0.00234,模型转空
2025-10-24,603077.SSE,sell,2025-10-24 13:23:00,2025-10-24 13:24:00,29.608,29.74,333,19.0,0.00446,模型转空
2025-10-24,603077.SSE,sell,2025-10-24 13:30:00,2025-10-24 13:31:00,29.608,29.74,333,19.0,0.00446,模型转空
2025-10-24,002495.SZSE,sell,2025-10-24 13:27:00,2025-10-24 13:32:00,26.4713,26.5612,369,8.33,0.0034,模型转空
2025-10-24,300247.SZSE,sell,2025-10-24 13:29:00,2025-10-24 13:33:00,27.15,27.21,365,-3.18,0.00221,模型转空
2025-10-24,002285.SZSE,sell,2025-10-24 13:32:00,2025-10-24 13:33:00,37.9806,38.1142,262,9.86,0.00352,模型转空
2025-10-24,002285.SZSE,sell,2025-10-24 13:36:00,2025-10-24 13:37:00,37.9806,38.1142,262,9.86,0.00352,模型转空
2025-10-24,002285.SZSE,sell,2025-10-24 13:38:00,2025-10-24 13:39:00,37.9806,38.1142,262,9.86,0.00352,模型转空
2025-10-24,300078.SZSE,sell,2025-10-24 13:40:00,2025-10-24 13:41:00,46.4538,46.4538,214,-25.13,0.0,模型转空
2025-10-24,002495.SZSE,sell,2025-10-24 13:45:00,2025-10-24 13:46:00,26.4713,26.5612,369,8.33,0.0034,模型转空
2025-10-24,002495.SZSE,sell,2025-10-24 13:47:00,2025-10-24 13:48:00,26.4713,26.5612,369,8.33,0.0034,模型转空
2025-10-24,600653.SSE,sell,2025-10-24 13:56:00,2025-10-24 13:57:00,233.3451,235.0915,42,49.51,0.00748,模型转空
2025-10-24,002495.SZSE,sell,2025-10-24 13:56:00,2025-10-24 13:57:00,26.4713,26.5612,369,8.33,0.0034,模型转空
2025-10-24,600794.SSE,sell,2025-10-24 13:57:00,2025-10-24 13:58:00,109.2849,109.5411,89,-1.93,0.00234,模型转空
2025-10-24,600653.SSE,sell,2025-10-24 13:58:00,2025-10-24 13:59:00,233.3451,235.0915,42,49.51,0.00748,模型转空
2025-10-24,600653.SSE,sell,2025-10-24 14:00:00,2025-10-24 14:01:00,233.3451,235.0915,42,49.51,0.00748,模型转空
2025-10-24,002374.SZSE,sell,2025-10-24 14:04:00,2025-10-24 14:05:00,19.0222,19.0856,520,7.89,0.00333,模型转空
2025-10-24,300259.SZSE,sell,2025-10-24 14:20:00,2025-10-24 14:22:00,63.6471,63.7818,155,-4.13,0.00212,模型转空
2025-10-24,600653.SSE,sell,2025-10-24 14:24:00,2025-10-24 14:25:00,233.3451,235.0915,42,49.51,0.00748,模型转空
2025-10-24,002495.SZSE,sell,2025-10-24 14:26:00,2025-10-24 14:27:00,26.3813,26.4713,369,8.38,0.00341,模型转空
2025-10-27,600653.SSE,sell,2025-10-27 10:38:00,2025-10-27 10:40:00,229.8524,233.3451,42,124.43,0.0152,模型转空
2025-10-27,300190.SZSE,sell,2025-10-27 11:29:00,2025-10-27 11:30:00,51.722,51.8257,189,-5.26,0.002,模型转空
2025-10-27,600653.SSE,sell,2025-10-27 13:30:00,2025-10-27 13:31:00,233.3451,235.0915,42,49.51,0.00748,模型转空
2025-10-27,600743.SSE,sell,2025-10-27 13:30:00,2025-10-27 13:31:00,67.4834,67.7803,145,18.16,0.0044,模型转空
2025-10-27,600653.SSE,sell,2025-10-27 13:44:00,2025-10-27 13:48:00,233.3451,233.3451,42,-25.19,0.0,模型转空
2025-10-27,002285.SZSE,sell,2025-10-27 14:00:00,2025-10-27 14:01:00,37.7132,37.7132,262,-25.02,0.0,模型转空
2025-10-27,600433.SSE,sell,2025-10-27 14:08:00,2025-10-27 14:10:00,23.4784,23.4784,424,-25.14,0.0,模型转空
2025-10-27,600403.SSE,sell,2025-10-27 14:12:00,2025-10-27 14:13:00,50.2722,50.7402,186,62.92,0.00931,模型转空
2025-10-28,600653.SSE,sell,2025-10-28 10:00:00,2025-10-28 10:04:00,231.5987,233.3451,42,49.62,0.00754,模型转空
2025-10-28,600527.SSE,sell,2025-10-28 11:13:00,2025-10-28 11:14:00,61.3049,61.4944,161,5.5,0.00309,模型转空
2025-10-28,600527.SSE,sell,2025-10-28 11:15:00,2025-10-28 11:16:00,61.3049,61.4944,161,5.5,0.00309,模型转空
2025-10-28,603683.SSE,sell,2025-10-28 13:14:00,2025-10-28 13:19:00,52.758,52.6068,173,-50.01,-0.00287,模型转空
2025-10-28,300259.SZSE,sell,2025-10-28 13:30:00,2025-10-28 13:31:00,63.6471,63.7818,155,-4.13,0.00212,模型转空
2025-10-28,600675.SSE,sell,2025-10-28 13:31:00,2025-10-28 13:33:00,148.5767,148.9728,65,1.21,0.00267,模型转空
2025-10-28,300259.SZSE,sell,2025-10-28 13:32:00,2025-10-28 13:33:00,63.6471,63.6471,155,-25.04,0.0,模型转空
2025-10-28,600653.SSE,sell,2025-10-28 13:44:00,2025-10-28 13:45:00,229.8524,231.5987,42,49.74,0.0076,模型转空
2025-10-28,600743.SSE,sell,2025-10-28 13:43:00,2025-10-28 13:47:00,68.6708,68.6708,145,-25.15,0.0,模型转空
2025-10-28,600108.SSE,sell,2025-10-28 13:46:00,2025-10-28 13:51:00,35.4317,35.5515,277,8.3,0.00338,模型转空
2025-10-28,600108.SSE,sell,2025-10-28 13:56:00,2025-10-28 13:58:00,35.4317,35.5515,277,8.3,0.00338,模型转空
2025-10-28,002374.SZSE,sell,2025-10-28 14:00:00,2025-10-28 14:01:00,18.8955,18.9589,520,7.99,0.00335,模型转空
2025-10-28,300190.SZSE,sell,2025-10-28 14:00:00,2025-10-28 14:02:00,51.6183,51.722,189,-5.23,0.00201,模型转空
2025-10-28,600527.SSE,sell,2025-10-28 14:01:00,2025-10-28 14:02:00,61.3049,61.4944,161,5.5,0.00309,模型转空
2025-10-28,002285.SZSE,sell,2025-10-28 14:05:00,2025-10-28 14:06:00,37.5796,37.7132,262,10.02,0.00356,模型转空
2025-10-28,002285.SZSE,sell,2025-10-28 14:08:00,2025-10-28 14:10:00,37.5796,37.7132,262,10.02,0.00356,模型转空
2025-10-28,300259.SZSE,sell,2025-10-28 14:18:00,2025-10-28 14:19:00,63.5125,63.6471,155,-4.1,0.00212,模型转空
2025-10-28,002971.SZSE,sell,2025-10-28 14:19:00,2025-10-28 14:22:00,46.68,47.252,151,65.9,0.01225,模型转空
2025-10-28,002285.SZSE,sell,2025-10-28 14:24:00,2025-10-28 14:25:00,37.5796,37.7132,262,10.02,0.00356,模型转空
2025-10-28,002285.SZSE,sell,2025-10-28 14:26:00,2025-10-28 14:28:00,37.5796,37.7132,262,10.02,0.00356,模型转空
2025-10-28,300078.SZSE,sell,2025-10-28 14:29:00,2025-10-28 14:30:00,46.9038,47.0163,207,-1.49,0.0024,模型转空
2025-10-28,600794.SSE,sell,2025-10-28 14:28:00,2025-10-28 14:31:00,109.2849,109.5411,89,-1.93,0.00234,模型转空
2025-10-29,300259.SZSE,sell,2025-10-29 13:59:00,2025-10-29 14:00:00,62.4354,62.57,155,-3.85,0.00216,模型转空
2025-10-29,600300.SSE,sell,2025-10-29 13:59:00,2025-10-29 14:00:00,25.0149,25.0721,390,-2.54,0.00229,模型转空
2025-10-29,600300.SSE,sell,2025-10-29 14:01:00,2025-10-29 14:02:00,25.0149,25.0721,390,-2.54,0.00229,模型转空
2025-10-29,300259.SZSE,sell,2025-10-29 14:01:00,2025-10-29 14:02:00,62.4354,62.57,155,-3.85,0.00216,模型转空
2025-10-29,301234.SZSE,sell,2025-10-29 14:00:00,2025-10-29 14:05:00,42.64,42.47,197,-56.32,-0.00399,模型转空
2025-10-29,600794.SSE,sell,2025-10-29 14:42:00,2025-10-29 14:43:00,108.5165,108.7727,89,-1.82,0.00236,模型转空
2025-10-29,300510.SZSE,sell,2025-10-29 14:43:00,2025-10-29 14:44:00,27.3815,27.4431,349,-3.03,0.00225,模型转空
2025-10-30,600675.SSE,sell,2025-10-30 11:04:00,2025-10-30 11:05:00,147.7845,148.1806,65,1.29,0.00268,模型转空
2025-10-30,600653.SSE,sell,2025-10-30 11:07:00,2025-10-30 11:08:00,224.6132,226.3596,43,51.51,0.00778,模型转空
2025-10-30,002285.SZSE,sell,2025-10-30 11:29:00,2025-10-30 13:03:00,37.1786,37.1786,268,-25.16,0.0,模型转空
2025-10-30,600280.SSE,sell,2025-10-30 13:30:00,2025-10-30 13:31:00,43.3665,43.4867,223,2.1,0.00277,模型转空
2025-10-30,600653.SSE,sell,2025-10-30 14:15:00,2025-10-30 14:16:00,222.8668,224.6132,44,53.06,0.00784,模型转空
2025-10-30,600675.SSE,sell,2025-10-30 14:15:00,2025-10-30 14:17:00,146.9923,147.3884,67,1.69,0.00269,模型转空
2025-10-30,600653.SSE,sell,2025-10-30 14:19:00,2025-10-30 14:21:00,222.8668,224.6132,44,53.06,0.00784,模型转空
2025-10-30,600743.SSE,sell,2025-10-30 14:20:00,2025-10-30 14:22:00,66.8897,67.1866,148,18.91,0.00444,模型转空
2025-10-30,600653.SSE,sell,2025-10-30 14:22:00,2025-10-30 14:24:00,222.8668,224.6132,44,53.06,0.00784,模型转空
2025-10-30,002374.SZSE,sell,2025-10-30 14:27:00,2025-10-30 14:28:00,18.3886,18.452,535,8.92,0.00345,模型转空
2025-10-30,600802.SSE,sell,2025-10-30 14:39:00,2025-10-30 14:40:00,29.6572,29.8386,315,32.87,0.00611,模型转空
2025-10-31,600653.SSE,sell,2025-10-31 11:09:00,2025-10-31 11:11:00,224.6132,226.3596,43,51.51,0.00778,模型转空
2025-10-31,600653.SSE,sell,2025-10-31 11:27:00,2025-10-31 11:28:00,224.6132,226.3596,43,51.51,0.00778,模型转空
2025-10-31,600653.SSE,sell,2025-10-31 13:14:00,2025-10-31 13:15:00,224.6132,226.3596,43,51.51,0.00778,模型转空
2025-10-31,000809.SZSE,sell,2025-10-31 13:35:00,2025-10-31 13:39:00,10.5233,10.495,924,-50.97,-0.00269,模型转空
2025-10-31,600743.SSE,sell,2025-10-31 13:53:00,2025-10-31 13:56:00,66.2961,66.5929,148,19.04,0.00448,模型转空
2025-10-31,600743.SSE,sell,2025-10-31 14:02:00,2025-10-31 14:03:00,66.2961,66.5929,148,19.04,0.00448,模型转空
2025-10-31,600665.SSE,sell,2025-10-31 14:29:00,2025-10-31 14:30:00,15.4401,15.4736,635,-3.63,0.00217,模型转空
2025-10-31,600527.SSE,sell,2025-10-31 14:33:00,2025-10-31 14:35:00,61.1153,61.3049,161,5.55,0.0031,模型转空
2025-10-31,600665.SSE,sell,2025-10-31 14:40:00,2025-10-31 14:43:00,15.4401,15.4401,635,-24.92,0.0,模型转空
2025-10-31,600653.SSE,sell,2025-10-31 14:44:00,2025-10-31 14:45:00,226.3596,228.106,43,51.39,0.00772,模型转空
2025-10-31,600665.SSE,sell,2025-10-31 14:44:00,2025-10-31 14:46:00,15.4066,15.4401,635,-3.6,0.00218,模型转空
2025-11-03,600665.SSE,sell,2025-11-03 11:20:00,2025-11-03 11:21:00,15.5742,15.6077,635,-3.76,0.00215,模型转空
2025-11-03,600653.SSE,sell,2025-11-03 11:28:00,2025-11-03 11:29:00,228.106,229.8524,43,51.27,0.00766,模型转空
2025-11-03,600280.SSE,sell,2025-11-03 13:57:00,2025-11-03 13:58:00,44.2081,44.3283,223,1.81,0.00272,模型转空
2025-11-03,002374.SZSE,sell,2025-11-03 14:16:00,2025-11-03 14:21:00,22.0635,22.0635,446,-24.96,0.0,模型转空
2025-11-03,600653.SSE,sell,2025-11-03 14:19:00,2025-11-03 14:22:00,231.5987,233.3451,42,49.62,0.00754,模型转空
2025-11-03,600743.SSE,sell,2025-11-03 14:21:00,2025-11-03 14:22:00,66.8897,67.1866,148,18.91,0.00444,模型转空
2025-11-03,002285.SZSE,sell,2025-11-03 14:27:00,2025-11-03 14:28:00,37.5796,37.7132,262,10.02,0.00356,模型转空
2025-11-03,600653.SSE,sell,2025-11-03 14:27:00,2025-11-03 14:29:00,231.5987,233.3451,42,49.62,0.00754,模型转空
2025-11-03,600665.SSE,sell,2025-11-03 14:29:00,2025-11-03 14:30:00,15.5742,15.5742,635,-25.05,0.0,模型转空
2025-11-03,002374.SZSE,sell,2025-11-03 14:26:00,2025-11-03 14:31:00,21.9368,22.0002,446,3.36,0.00289,模型转空
2025-11-03,600108.SSE,sell,2025-11-03 14:28:00,2025-11-03 14:32:00,35.192,35.3118,277,8.4,0.0034,模型转空
2025-11-03,600653.SSE,sell,2025-11-03 14:36:00,2025-11-03 14:38:00,231.5987,233.3451,42,49.62,0.00754,模型转空
2025-11-04,300247.SZSE,sell,2025-11-04 11:28:00,2025-11-04 11:29:00,27.75,27.81,349,-3.8,0.00216,模型转空
2025-11-04,600653.SSE,sell,2025-11-04 13:25:00,2025-11-04 13:26:00,229.8524,231.5987,42,49.74,0.0076,模型转空
2025-11-04,600527.SSE,sell,2025-11-04 13:26:00,2025-11-04 13:27:00,61.4944,61.6839,161,5.46,0.00308,模型转空
2025-11-04,600527.SSE,sell,2025-11-04 13:28:00,2025-11-04 13:29:00,61.4944,61.6839,161,5.46,0.00308,模型转空
2025-11-04,600743.SSE,sell,2025-11-04 13:28:00,2025-11-04 13:30:00,67.4834,67.7803,145,18.16,0.0044,模型转空
2025-11-04,000727.SZSE,sell,2025-11-04 13:31:00,2025-11-04 13:32:00,14.9218,14.9887,661,19.21,0.00448,模型转空
2025-11-04,000727.SZSE,sell,2025-11-04 13:33:00,2025-11-04 13:34:00,14.9218,14.9887,661,19.21,0.00448,模型转空
2025-11-04,600653.SSE,sell,2025-11-04 13:33:00,2025-11-04 13:35:00,229.8524,231.5987,42,49.74,0.0076,模型转空
2025-11-04,600527.SSE,sell,2025-11-04 13:32:00,2025-11-04 13:37:00,61.4944,61.6839,161,5.46,0.00308,模型转空
2025-11-04,000727.SZSE,sell,2025-11-04 13:37:00,2025-11-04 13:38:00,14.9218,14.9887,661,19.21,0.00448,模型转空
2025-11-04,000727.SZSE,sell,2025-11-04 13:46:00,2025-11-04 13:47:00,14.9218,14.9887,661,19.21,0.00448,模型转空
2025-11-04,600595.SSE,sell,2025-11-04 14:01:00,2025-11-04 14:02:00,48.1868,48.3608,201,10.25,0.00361,模型转空
2025-11-04,600653.SSE,sell,2025-11-04 14:10:00,2025-11-04 14:11:00,229.8524,231.5987,42,49.74,0.0076,模型转空
2025-11-04,600794.SSE,sell,2025-11-04 14:13:00,2025-11-04 14:15:00,108.7727,108.7727,89,-24.87,0.0,模型转空
2025-11-04,600653.SSE,sell,2025-11-04 14:14:00,2025-11-04 14:16:00,229.8524,231.5987,42,49.74,0.0076,模型转空
2025-11-04,600665.SSE,sell,2025-11-04 14:16:00,2025-11-04 14:17:00,15.7082,15.7082,635,-25.18,0.0,模型转空
2025-11-04,600433.SSE,sell,2025-11-04 14:21:00,2025-11-04 14:22:00,23.1901,23.2477,424,-0.52,0.00249,模型转空
2025-11-04,600595.SSE,sell,2025-11-04 14:21:00,2025-11-04 14:23:00,47.4038,47.5778,201,10.49,0.00367,模型转空
2025-11-04,002285.SZSE,sell,2025-11-04 14:23:00,2025-11-04 14:24:00,37.7132,37.8469,262,9.97,0.00354,模型转空
2025-11-04,000720.SZSE,sell,2025-11-04 14:27:00,2025-11-04 14:28:00,25.3219,25.4028,394,6.69,0.00319,模型转空
2025-11-04,000720.SZSE,sell,2025-11-04 14:33:00,2025-11-04 14:34:00,25.3219,25.4028,394,6.69,0.00319,模型转空
2025-11-05,600433.SSE,sell,2025-11-05 11:28:00,2025-11-05 11:29:00,23.4784,23.536,424,-0.71,0.00246,模型转空
2025-11-05,300259.SZSE,sell,2025-11-05 13:17:00,2025-11-05 13:18:00,77.515,78.1882,124,58.97,0.00868,模型转空
2025-11-05,600743.SSE,sell,2025-11-05 13:26:00,2025-11-05 13:27:00,68.9676,69.2645,142,17.23,0.0043,模型转空
2025-11-05,600653.SSE,sell,2025-11-05 13:29:00,2025-11-05 13:31:00,240.3306,242.077,40,46.24,0.00727,模型转空
2025-11-05,600743.SSE,sell,2025-11-05 13:32:00,2025-11-05 13:33:00,68.9676,69.2645,142,17.23,0.0043,模型转空
2025-11-05,600794.SSE,sell,2025-11-05 13:32:00,2025-11-05 13:33:00,110.0533,110.3095,89,-2.03,0.00233,模型转空
2025-11-05,600743.SSE,sell,2025-11-05 13:34:00,2025-11-05 13:35:00,68.9676,69.5613,142,59.35,0.00861,模型转空
2025-11-05,600433.SSE,sell,2025-11-05 14:29:00,2025-11-05 14:30:00,23.5937,23.6513,409,-1.09,0.00244,模型转空
2025-11-06,600653.SSE,sell,2025-11-06 10:48:00,2025-11-06 10:49:00,235.0915,236.8379,41,47.98,0.00743,模型转空
2025-11-06,600743.SSE,sell,2025-11-06 11:17:00,2025-11-06 11:18:00,68.0771,68.3739,145,18.03,0.00436,模型转空
2025-11-06,002285.SZSE,sell,2025-11-06 11:17:00,2025-11-06 11:18:00,37.9806,38.1142,262,9.86,0.00352,模型转空
2025-11-06,600743.SSE,sell,2025-11-06 11:19:00,2025-11-06 11:20:00,68.0771,68.3739,145,18.03,0.00436,模型转空
2025-11-06,000809.SZSE,sell,2025-11-06 13:31:00,2025-11-06 13:32:00,11.2888,11.5723,855,217.73,0.02511,模型转空
2025-11-06,300247.SZSE,sell,2025-11-06 13:58:00,2025-11-06 13:59:00,27.51,27.57,349,-3.67,0.00218,模型转空
2025-11-07,600653.SSE,sell,2025-11-07 10:43:00,2025-11-07 10:45:00,235.0915,236.8379,41,47.98,0.00743,模型转空
2025-11-07,300078.SZSE,sell,2025-11-07 11:29:00,2025-11-07 13:01:00,47.4663,47.5788,207,-1.66,0.00237,模型转空
2025-11-07,600280.SSE,sell,2025-11-07 13:16:00,2025-11-07 13:17:00,44.2081,44.3283,223,1.81,0.00272,模型转空
2025-11-07,600794.SSE,sell,2025-11-07 13:23:00,2025-11-07 13:26:00,109.7972,110.0533,89,-2.0,0.00233,模型转空
2025-11-07,600794.SSE,sell,2025-11-07 13:31:00,2025-11-07 13:32:00,109.7972,110.0533,89,-2.0,0.00233,模型转空
2025-11-07,600743.SSE,sell,2025-11-07 13:48:00,2025-11-07 13:51:00,68.0771,68.3739,145,18.03,0.00436,模型转空
2025-11-07,600743.SSE,sell,2025-11-07 13:56:00,2025-11-07 13:57:00,68.0771,68.3739,145,18.03,0.00436,模型转空
2025-11-07,600653.SSE,sell,2025-11-07 14:00:00,2025-11-07 14:01:00,233.3451,235.0915,42,49.51,0.00748,模型转空
2025-11-07,600280.SSE,sell,2025-11-07 14:01:00,2025-11-07 14:02:00,44.2081,44.3283,223,1.81,0.00272,模型转空
2025-11-07,600743.SSE,sell,2025-11-07 14:05:00,2025-11-07 14:08:00,68.0771,68.3739,145,18.03,0.00436,模型转空
2025-11-07,600653.SSE,sell,2025-11-07 14:09:00,2025-11-07 14:10:00,233.3451,235.0915,42,49.51,0.00748,模型转空
2025-11-07,600743.SSE,sell,2025-11-07 14:12:00,2025-11-07 14:13:00,68.0771,68.3739,145,18.03,0.00436,模型转空
2025-11-07,600653.SSE,sell,2025-11-07 14:14:00,2025-11-07 14:15:00,233.3451,235.0915,42,49.51,0.00748,模型转空
2025-11-07,600653.SSE,sell,2025-11-07 14:16:00,2025-11-07 14:20:00,233.3451,235.0915,42,49.51,0.00748,模型转空
2025-11-07,002495.SZSE,sell,2025-11-07 14:23:00,2025-11-07 14:24:00,26.7412,26.8311,369,8.18,0.00336,模型转空
2025-11-07,600653.SSE,sell,2025-11-07 14:28:00,2025-11-07 14:29:00,233.3451,235.0915,42,49.51,0.00748,模型转空
2025-11-10,300779.SZSE,sell,2025-11-10 10:35:00,2025-11-10 10:39:00,196.74,196.39,50,-42.82,-0.00178,模型转空
2025-11-10,600653.SSE,sell,2025-11-10 11:28:00,2025-11-10 11:29:00,236.8379,238.5843,41,47.87,0.00737,模型转空
2025-11-10,600743.SSE,sell,2025-11-10 13:31:00,2025-11-10 13:32:00,68.0771,68.3739,145,18.03,0.00436,模型转空
2025-11-10,300086.SZSE,sell,2025-11-10 13:32:00,2025-11-10 13:34:00,43.725,43.995,222,35.29,0.00617,模型转空
2025-11-10,600653.SSE,sell,2025-11-10 13:34:00,2025-11-10 13:35:00,238.5843,240.3306,41,47.76,0.00732,模型转空
2025-11-10,603067.SSE,sell,2025-11-10 13:54:00,2025-11-10 13:57:00,86.804,88.3955,106,145.22,0.01833,模型转空
2025-11-10,000753.SZSE,sell,2025-11-10 14:00:00,2025-11-10 14:01:00,128.2652,128.8982,74,22.53,0.00493,模型转空
2025-11-10,000753.SZSE,sell,2025-11-10 14:12:00,2025-11-10 14:14:00,126.1131,127.1258,74,50.99,0.00803,模型转空
2025-11-10,000753.SZSE,sell,2025-11-10 14:16:00,2025-11-10 14:17:00,124.4673,127.5056,74,201.65,0.02441,模型转空
2025-11-10,002285.SZSE,sell,2025-11-10 14:17:00,2025-11-10 14:18:00,38.7825,38.9162,255,9.08,0.00345,模型转空
2025-11-10,300078.SZSE,sell,2025-11-10 14:26:00,2025-11-10 14:27:00,48.1413,48.1413,207,-25.16,0.0,模型转空
2025-11-10,600280.SSE,sell,2025-11-10 14:28:00,2025-11-10 14:29:00,45.0497,45.1699,215,1.14,0.00267,模型转空
2025-11-10,600743.SSE,sell,2025-11-10 14:29:00,2025-11-10 14:30:00,68.0771,68.3739,145,18.03,0.00436,模型转空
2025-11-10,600653.SSE,sell,2025-11-10 14:42:00,2025-11-10 14:45:00,238.5843,240.3306,41,47.76,0.00732,模型转空
2025-11-10,000592.SZSE,sell,2025-11-10 14:39:00,2025-11-10 14:46:00,63.69,65.5904,150,260.52,0.02984,模型转空
2025-11-11,600653.SSE,sell,2025-11-11 10:58:00,2025-11-11 11:00:00,240.3306,242.077,40,46.24,0.00727,模型转空
2025-11-11,002307.SZSE,sell,2025-11-11 13:51:00,2025-11-11 13:52:00,20.7236,20.7652,468,-5.29,0.00201,模型转空
2025-11-11,600794.SSE,sell,2025-11-11 13:58:00,2025-11-11 13:59:00,111.334,111.5901,86,-2.53,0.0023,模型转空
2025-11-11,002495.SZSE,sell,2025-11-11 14:41:00,2025-11-11 14:45:00,27.7308,27.7308,359,-25.13,0.0,模型转空
2025-11-12,600653.SSE,sell,2025-11-12 10:32:00,2025-11-12 10:34:00,240.3306,242.077,40,46.24,0.00727,模型转空
2025-11-12,600653.SSE,sell,2025-11-12 10:54:00,2025-11-12 10:56:00,238.5843,240.3306,41,47.76,0.00732,模型转空
2025-11-12,600794.SSE,sell,2025-11-12 11:21:00,2025-11-12 11:22:00,110.8217,111.0779,89,-2.14,0.00231,模型转空
2025-11-12,600653.SSE,sell,2025-11-12 11:22:00,2025-11-12 11:25:00,238.5843,240.3306,41,47.76,0.00732,模型转空
2025-11-12,600743.SSE,sell,2025-11-12 13:15:00,2025-11-12 13:16:00,68.9676,69.2645,142,17.23,0.0043,模型转空
2025-11-12,600743.SSE,sell,2025-11-12 13:17:00,2025-11-12 13:18:00,68.9676,69.2645,142,17.23,0.0043,模型转空
2025-11-12,300078.SZSE,sell,2025-11-12 13:27:00,2025-11-12 13:28:00,47.8037,47.9162,207,-1.77,0.00235,模型转空
2025-11-12,600743.SSE,sell,2025-11-12 13:33:00,2025-11-12 13:34:00,68.9676,69.2645,142,17.23,0.0043,模型转空
2025-11-12,600675.SSE,sell,2025-11-12 13:44:00,2025-11-12 13:46:00,146.9923,147.3884,67,1.69,0.00269,模型转空
2025-11-12,000592.SZSE,sell,2025-11-12 13:58:00,2025-11-12 14:01:00,65.9705,66.6546,150,77.56,0.01037,模型转空
2025-11-12,000533.SZSE,sell,2025-11-12 14:15:00,2025-11-12 14:16:00,18.9083,19.0821,495,61.78,0.0092,模型转空
2025-11-13,600743.SSE,sell,2025-11-13 13:26:00,2025-11-13 13:27:00,70.155,70.4518,142,16.97,0.00423,模型转空
2025-11-13,300980.SZSE,sell,2025-11-13 13:57:00,2025-11-13 13:59:00,46.3054,46.5304,191,19.57,0.00486,模型转空
2025-11-13,300980.SZSE,sell,2025-11-13 14:07:00,2025-11-13 14:18:00,44.9104,43.7104,191,-252.65,-0.02672,止损
2025-11-13,300980.SZSE,sell,2025-11-13 14:18:00,2025-11-13 14:19:00,43.7104,42.7804,191,-200.65,-0.02128,止损
2025-11-13,600527.SSE,sell,2025-11-13 14:22:00,2025-11-13 14:23:00,64.3375,64.527,153,4.09,0.00295,模型转空
2025-11-13,300980.SZSE,sell,2025-11-13 14:19:00,2025-11-13 14:24:00,42.7804,42.9154,191,3.37,0.00316,模型转空
2025-11-14,600433.SSE,sell,2025-11-14 11:14:00,2025-11-14 11:16:00,24.0549,24.1126,409,-1.38,0.0024,模型转空
2025-11-14,300078.SZSE,sell,2025-11-14 11:29:00,2025-11-14 13:01:00,48.4787,48.5913,200,-2.26,0.00232,模型转空
2025-11-14,300078.SZSE,sell,2025-11-14 13:31:00,2025-11-14 13:32:00,48.4787,48.5913,200,-2.26,0.00232,模型转空
2025-11-14,300078.SZSE,sell,2025-11-14 13:46:00,2025-11-14 13:47:00,48.4787,48.5913,200,-2.26,0.00232,模型转空
2025-11-14,300078.SZSE,sell,2025-11-14 13:52:00,2025-11-14 13:54:00,48.4787,48.5913,200,-2.26,0.00232,模型转空
2025-11-14,600794.SSE,sell,2025-11-14 14:08:00,2025-11-14 14:09:00,112.1024,112.3585,86,-2.63,0.00228,模型转空
2025-11-14,600794.SSE,sell,2025-11-14 14:10:00,2025-11-14 14:11:00,112.1024,112.3585,86,-2.63,0.00228,模型转空
2025-11-14,600300.SSE,sell,2025-11-14 14:14:00,2025-11-14 14:15:00,26.9025,26.9025,364,-24.89,0.0,模型转空
2025-11-14,300801.SZSE,sell,2025-11-14 14:16:00,2025-11-14 14:17:00,73.7546,73.9886,102,2.47,0.00317,模型转空
2025-11-14,300393.SZSE,sell,2025-11-14 14:17:00,2025-11-14 14:18:00,54.6954,55.2668,173,74.41,0.01045,模型转空
2025-11-14,002451.SZSE,sell,2025-11-14 14:19:00,2025-11-14 14:22:00,42.795,43.185,225,63.14,0.00911,模型转空
2025-11-14,600433.SSE,sell,2025-11-14 14:25:00,2025-11-14 14:26:00,24.1702,24.1702,409,-25.06,0.0,模型转空
2025-11-14,600527.SSE,sell,2025-11-14 14:26:00,2025-11-14 14:27:00,64.7166,64.9061,153,4.0,0.00293,模型转空
2025-11-14,002451.SZSE,sell,2025-11-14 14:26:00,2025-11-14 14:28:00,42.285,42.735,225,76.82,0.01064,模型转空
2025-11-14,002864.SZSE,sell,2025-11-14 14:27:00,2025-11-14 14:29:00,40.9505,41.5005,217,95.8,0.01343,模型转空
2025-11-14,300393.SZSE,sell,2025-11-14 14:28:00,2025-11-14 14:30:00,54.0669,54.7526,173,94.33,0.01268,模型转空
2025-11-14,000753.SZSE,sell,2025-11-14 14:28:00,2025-11-14 14:30:00,126.3662,127.7588,74,79.17,0.01102,模型转空
2025-11-14,002255.SZSE,sell,2025-11-14 14:41:00,2025-11-14 14:46:00,54.16,54.2,166,-17.05,0.00074,模型转空
2025-11-14,002864.SZSE,sell,2025-11-14 14:44:00,2025-11-14 14:48:00,40.3805,40.6505,217,35.24,0.00669,模型转空
2025-11-17,002451.SZSE,sell,2025-11-17 11:29:00,2025-11-17 13:01:00,41.355,42.765,225,293.24,0.0341,模型转空
2025-11-17,600527.SSE,sell,2025-11-17 13:33:00,2025-11-17 13:34:00,64.527,64.7166,153,4.05,0.00294,模型转空
2025-11-17,600595.SSE,sell,2025-11-17 13:35:00,2025-11-17 13:36:00,43.7498,44.1848,215,69.39,0.00994,模型转空
2025-11-17,600743.SSE,sell,2025-11-17 13:56:00,2025-11-17 13:57:00,72.5297,72.8265,135,15.28,0.00409,模型转空
2025-11-17,600794.SSE,sell,2025-11-17 14:01:00,2025-11-17 14:02:00,111.5901,111.8462,86,-2.57,0.0023,模型转空
2025-11-17,600653.SSE,sell,2025-11-17 14:03:00,2025-11-17 14:05:00,250.8089,252.5553,39,44.2,0.00696,模型转空
2025-11-18,600653.SSE,sell,2025-11-18 10:51:00,2025-11-18 10:55:00,235.0915,236.8379,41,47.98,0.00743,模型转空
2025-11-18,600653.SSE,sell,2025-11-18 10:57:00,2025-11-18 10:58:00,233.3451,235.0915,42,49.51,0.00748,模型转空
2025-11-18,600653.SSE,sell,2025-11-18 10:59:00,2025-11-18 11:00:00,233.3451,235.0915,42,49.51,0.00748,模型转空
2025-11-18,000980.SZSE,sell,2025-11-18 11:04:00,2025-11-18 11:10:00,7.6378,7.658,1295,1.17,0.00265,模型转空
2025-11-18,600403.SSE,sell,2025-11-18 11:15:00,2025-11-18 11:22:00,57.105,57.0582,169,-32.64,-0.00082,模型转空
2025-11-18,600743.SSE,sell,2025-11-18 11:23:00,2025-11-18 11:28:00,69.5613,69.8581,142,17.1,0.00427,模型转空
2025-11-18,600653.SSE,sell,2025-11-18 11:26:00,2025-11-18 11:30:00,231.5987,233.3451,42,49.62,0.00754,模型转空
2025-11-18,600231.SSE,sell,2025-11-18 13:29:00,2025-11-18 13:31:00,20.4933,20.5567,484,5.55,0.00309,模型转空
2025-11-18,300086.SZSE,sell,2025-11-18 14:27:00,2025-11-18 14:30:00,55.875,56.1,162,12.66,0.00403,模型转空
2025-11-18,600403.SSE,sell,2025-11-18 14:42:00,2025-11-18 14:43:00,55.8414,56.7306,169,126.18,0.01592,模型转空
2025-11-19,600653.SSE,sell,2025-11-19 10:32:00,2025-11-19 10:33:00,226.3596,228.106,43,51.39,0.00772,模型转空
2025-11-19,600653.SSE,sell,2025-11-19 10:58:00,2025-11-19 10:59:00,226.3596,228.106,43,51.39,0.00772,模型转空
2025-11-19,600653.SSE,sell,2025-11-19 11:11:00,2025-11-19 11:12:00,226.3596,228.106,43,51.39,0.00772,模型转空
2025-11-19,600653.SSE,sell,2025-11-19 11:23:00,2025-11-19 11:24:00,224.6132,226.3596,43,51.51,0.00778,模型转空
2025-11-19,600743.SSE,sell,2025-11-19 11:30:00,2025-11-19 13:01:00,68.6708,68.9676,145,17.9,0.00432,模型转空
2025-11-19,002285.SZSE,sell,2025-11-19 11:30:00,2025-11-19 13:01:00,39.0498,39.1835,255,8.98,0.00342,模型转空
2025-11-19,301228.SZSE,sell,2025-11-19 13:18:00,2025-11-19 13:19:00,39.05,39.89,199,145.44,0.02151,模型转空
2025-11-19,600307.SSE,sell,2025-11-19 13:26:00,2025-11-19 13:27:00,7.6814,7.7131,1284,15.66,0.00412,模型转空
2025-11-19,002285.SZSE,sell,2025-11-19 13:29:00,2025-11-19 13:31:00,39.0498,39.0498,255,-25.19,0.0,模型转空
2025-11-19,600743.SSE,sell,2025-11-19 13:30:00,2025-11-19 13:33:00,68.6708,68.9676,145,17.9,0.00432,模型转空
2025-11-19,002285.SZSE,sell,2025-11-19 13:34:00,2025-11-19 13:35:00,38.9162,39.1835,255,43.19,0.00687,模型转空
2025-11-19,301638.SZSE,sell,2025-11-19 14:28:00,2025-11-19 14:30:00,24.07,23.5,398,-251.73,-0.02368,止损
2025-11-19,301638.SZSE,sell,2025-11-19 14:30:00,2025-11-19 14:34:00,23.5,23.8,398,95.3,0.01277,模型转空
2025-11-20,002451.SZSE,sell,2025-11-20 13:33:00,2025-11-20 13:34:00,34.905,35.385,257,99.83,0.01375,模型转空
2025-11-20,600653.SSE,sell,2025-11-20 13:33:00,2025-11-20 13:37:00,224.6132,226.3596,43,51.51,0.00778,模型转空
2025-11-20,600756.SSE,sell,2025-11-20 14:00:00,2025-11-20 14:03:00,134.0506,133.8765,70,-36.63,-0.0013,模型转空
2025-11-20,300190.SZSE,sell,2025-11-20 14:05:00,2025-11-20 14:08:00,51.411,51.5147,189,-5.18,0.00202,模型转空
2025-11-20,600716.SSE,sell,2025-11-20 14:09:00,2025-11-20 14:10:00,19.1189,19.1592,517,-4.2,0.00211,模型转空
2025-11-20,605339.SSE,sell,2025-11-20 14:13:00,2025-11-20 14:16:00,20.09,20.28,459,63.15,0.00946,模型转空
2025-11-20,600097.SSE,sell,2025-11-20 14:14:00,2025-11-20 14:17:00,20.8384,21.0246,428,56.16,0.00894,模型转空
2025-11-20,600152.SSE,sell,2025-11-20 14:14:00,2025-11-20 14:17:00,24.2562,24.4057,405,35.58,0.00616,模型转空
2025-11-20,600653.SSE,sell,2025-11-20 14:15:00,2025-11-20 14:17:00,222.8668,224.6132,44,53.06,0.00784,模型转空
2025-11-20,002451.SZSE,sell,2025-11-20 14:16:00,2025-11-20 14:18:00,34.035,34.545,289,122.62,0.01498,模型转空
2025-11-20,600756.SSE,sell,2025-11-20 14:13:00,2025-11-20 14:19:00,130.9749,130.6847,70,-44.48,-0.00222,模型转空
2025-11-20,600097.SSE,sell,2025-11-20 14:18:00,2025-11-20 14:20:00,20.7985,20.9182,428,27.71,0.00576,模型转空
2025-11-20,600756.SSE,sell,2025-11-20 14:23:00,2025-11-20 14:25:00,129.1178,130.6847,70,86.55,0.01214,模型转空
2025-11-20,300886.SZSE,sell,2025-11-20 14:26:00,2025-11-20 14:28:00,37.3536,37.6786,226,50.65,0.0087,模型转空
2025-11-20,600307.SSE,sell,2025-11-20 14:27:00,2025-11-20 14:29:00,7.6814,7.7131,1284,15.66,0.00412,模型转空
2025-11-20,600152.SSE,sell,2025-11-20 14:28:00,2025-11-20 14:30:00,23.9572,24.1964,405,72.08,0.00998,模型转空
2025-11-21,600653.SSE,sell,2025-11-21 10:21:00,2025-11-21 10:23:00,212.3886,214.1349,46,56.67,0.00822,模型转空
2025-11-21,600653.SSE,sell,2025-11-21 10:40:00,2025-11-21 10:45:00,212.3886,212.3886,46,-25.14,0.0,模型转空
2025-11-21,600653.SSE,sell,2025-11-21 10:52:00,2025-11-21 10:54:00,210.6422,212.3886,46,56.79,0.00829,模型转空
2025-11-21,600653.SSE,sell,2025-11-21 10:55:00,2025-11-21 10:56:00,210.6422,212.3886,46,56.79,0.00829,模型转空
2025-11-21,300190.SZSE,sell,2025-11-21 11:15:00,2025-11-21 11:18:00,49.0263,49.13,197,-4.25,0.00211,模型转空
2025-11-21,600653.SSE,sell,2025-11-21 11:16:00,2025-11-21 11:19:00,212.3886,214.1349,46,56.67,0.00822,模型转空
2025-11-21,600231.SSE,sell,2025-11-21 11:19:00,2025-11-21 11:22:00,19.9869,20.0502,495,6.28,0.00317,模型转空
2025-11-21,301638.SZSE,sell,2025-11-21 13:17:00,2025-11-21 13:18:00,22.28,22.39,398,20.32,0.00494,模型转空
2025-11-21,600097.SSE,sell,2025-11-21 13:26:00,2025-11-21 13:30:00,19.9473,20.0537,489,27.22,0.00533,模型转空
2025-11-21,600653.SSE,sell,2025-11-21 13:29:00,2025-11-21 13:30:00,214.1349,215.8813,45,55.1,0.00816,模型转空
2025-11-21,300190.SZSE,sell,2025-11-21 13:28:00,2025-11-21 13:31:00,49.3374,49.3374,197,-24.85,0.0,模型转空
2025-11-21,603177.SSE,sell,2025-11-21 13:29:00,2025-11-21 13:33:00,13.2,13.3,684,44.64,0.00758,模型转空
2025-11-21,600097.SSE,sell,2025-11-21 13:31:00,2025-11-21 13:35:00,19.8808,19.9872,489,27.27,0.00535,模型转空
2025-11-21,600097.SSE,sell,2025-11-21 13:43:00,2025-11-21 13:46:00,19.5616,19.7478,489,66.56,0.00952,模型转空
2025-11-21,002255.SZSE,sell,2025-11-21 13:44:00,2025-11-21 13:46:00,51.36,51.56,190,13.14,0.00389,模型转空
2025-11-21,600653.SSE,sell,2025-11-21 13:52:00,2025-11-21 13:53:00,212.3886,214.1349,46,56.67,0.00822,模型转空
2025-11-21,600231.SSE,sell,2025-11-21 13:53:00,2025-11-21 13:55:00,19.9869,20.0502,495,6.28,0.00317,模型转空
2025-11-21,600653.SSE,sell,2025-11-21 13:59:00,2025-11-21 14:01:00,212.3886,214.1349,46,56.67,0.00822,模型转空
2025-11-21,002495.SZSE,sell,2025-11-21 14:12:00,2025-11-21 14:13:00,25.5716,25.6616,389,9.88,0.00352,模型转空
2025-11-21,000592.SZSE,sell,2025-11-21 14:13:00,2025-11-21 14:14:00,80.1855,82.238,122,226.91,0.0256,模型转空
2025-11-21,600716.SSE,sell,2025-11-21 14:13:00,2025-11-21 14:15:00,18.5141,18.5947,537,18.19,0.00436,模型转空
2025-11-21,300190.SZSE,sell,2025-11-21 14:13:00,2025-11-21 14:16:00,48.6116,48.7153,197,-4.12,0.00213,模型转空
2025-11-21,600231.SSE,sell,2025-11-21 14:15:00,2025-11-21 14:16:00,19.8602,19.9236,495,6.38,0.00319,模型转空
2025-11-21,600280.SSE,sell,2025-11-21 14:15:00,2025-11-21 14:16:00,46.7328,46.853,208,0.22,0.00257,模型转空
2025-11-21,600743.SSE,sell,2025-11-21 14:15:00,2025-11-21 14:16:00,65.7024,65.9992,151,19.8,0.00452,模型转空
2025-11-21,600097.SSE,sell,2025-11-21 14:10:00,2025-11-21 14:17:00,19.2025,19.1227,489,-63.35,-0.00416,模型转空
2025-11-21,600743.SSE,sell,2025-11-21 14:22:00,2025-11-21 14:23:00,65.7024,65.9992,151,19.8,0.00452,模型转空
2025-11-21,600527.SSE,sell,2025-11-21 14:25:00,2025-11-21 14:26:00,59.599,59.7885,164,6.28,0.00318,模型转空
2025-11-21,600743.SSE,sell,2025-11-21 14:26:00,2025-11-21 14:30:00,65.7024,65.7024,151,-25.13,0.0,模型转空
2025-11-21,000592.SZSE,sell,2025-11-21 14:29:00,2025-11-21 14:31:00,79.8054,81.1737,122,143.02,0.01715,模型转空
2025-11-21,301171.SZSE,sell,2025-11-21 14:39:00,2025-11-21 14:45:00,39.031,39.181,229,10.75,0.00384,模型转空
2025-11-21,600756.SSE,sell,2025-11-21 14:41:00,2025-11-21 14:45:00,139.2735,139.6797,70,3.69,0.00292,模型转空
2025-11-24,600653.SSE,sell,2025-11-24 10:52:00,2025-11-24 10:54:00,208.8958,210.6422,46,56.92,0.00836,模型转空
2025-11-24,600716.SSE,sell,2025-11-24 13:56:00,2025-11-24 13:57:00,18.756,18.7963,517,-3.91,0.00215,模型转空
2025-11-24,600708.SSE,sell,2025-11-24 14:09:00,2025-11-24 14:10:00,43.9021,43.9021,224,-25.01,0.0,模型转空
2025-11-24,600708.SSE,sell,2025-11-24 14:12:00,2025-11-24 14:14:00,43.8081,43.9021,224,-3.87,0.00214,模型转空
2025-11-24,600708.SSE,sell,2025-11-24 14:15:00,2025-11-24 14:18:00,43.8081,43.8081,224,-24.97,0.0,模型转空
2025-11-24,600653.SSE,sell,2025-11-24 14:25:00,2025-11-24 14:26:00,212.3886,214.1349,46,56.67,0.00822,模型转空
2025-11-24,600653.SSE,sell,2025-11-24 14:29:00,2025-11-24 14:31:00,212.3886,214.1349,46,56.67,0.00822,模型转空
2025-11-24,300190.SZSE,sell,2025-11-24 14:33:00,2025-11-24 14:35:00,48.9227,49.0263,197,-4.22,0.00212,模型转空
2025-11-24,301171.SZSE,sell,2025-11-24 14:40:00,2025-11-24 14:46:00,43.791,42.511,152,-215.55,-0.02923,止损
2025-11-25,600653.SSE,sell,2025-11-25 10:53:00,2025-11-25 10:55:00,214.1349,215.8813,45,55.1,0.00816,模型转空
2025-11-25,001233.SZSE,sell,2025-11-25 11:27:00,2025-11-25 11:30:00,91.51,91.45,95,-29.04,-0.00066,模型转空
2025-11-25,300456.SZSE,sell,2025-11-25 14:00:00,2025-11-25 14:04:00,208.1285,208.6985,34,-1.26,0.00274,模型转空
2025-11-25,600743.SSE,sell,2025-11-25 14:05:00,2025-11-25 14:09:00,67.1866,67.1866,148,-25.15,0.0,模型转空
2025-11-25,600743.SSE,sell,2025-11-25 14:20:00,2025-11-25 14:21:00,66.8897,67.1866,148,18.91,0.00444,模型转空
2025-11-25,300078.SZSE,sell,2025-11-25 14:19:00,2025-11-25 14:22:00,63.4412,63.4412,157,-25.16,0.0,模型转空
2025-11-25,000547.SZSE,sell,2025-11-25 14:20:00,2025-11-25 14:27:00,166.9577,168.6887,51,65.9,0.01037,模型转空
2025-11-25,001233.SZSE,sell,2025-11-25 14:41:00,2025-11-25 14:43:00,84.92,85.73,95,55.05,0.00954,模型转空
2025-11-25,300078.SZSE,sell,2025-11-25 14:42:00,2025-11-25 14:44:00,61.9787,62.4287,157,45.85,0.00726,模型转空
2025-11-26,002307.SZSE,sell,2025-11-26 10:30:00,2025-11-26 10:34:00,24.0516,24.2596,398,58.16,0.00865,模型转空
2025-11-26,600653.SSE,sell,2025-11-26 10:49:00,2025-11-26 10:54:00,217.6277,219.3741,45,54.86,0.00802,模型转空
2025-11-26,600743.SSE,sell,2025-11-26 11:19:00,2025-11-26 11:20:00,67.4834,67.7803,145,18.16,0.0044,模型转空
2025-11-26,600653.SSE,sell,2025-11-26 11:25:00,2025-11-26 11:26:00,217.6277,219.3741,45,54.86,0.00802,模型转空
2025-11-26,000720.SZSE,sell,2025-11-26 13:30:00,2025-11-26 13:33:00,25.0793,25.1602,394,6.84,0.00322,模型转空
2025-11-26,600743.SSE,sell,2025-11-26 13:32:00,2025-11-26 13:33:00,66.8897,67.1866,148,18.91,0.00444,模型转空
2025-11-26,300086.SZSE,sell,2025-11-26 14:16:00,2025-11-26 14:17:00,60.69,61.275,162,69.76,0.00964,模型转空
2025-11-26,600794.SSE,sell,2025-11-26 14:19:00,2025-11-26 14:20:00,103.3939,103.65,93,-0.75,0.00248,模型转空
2025-11-26,002495.SZSE,sell,2025-11-26 14:22:00,2025-11-26 14:24:00,26.5612,26.6512,369,8.28,0.00339,模型转空
2025-11-26,600794.SSE,sell,2025-11-26 14:29:00,2025-11-26 14:30:00,103.1378,103.1378,93,-24.69,0.0,模型转空
2025-11-26,301256.SZSE,sell,2025-11-26 14:39:00,2025-11-26 14:46:00,15.85,15.83,564,-34.9,-0.00126,模型转空
2025-11-27,600653.SSE,sell,2025-11-27 13:28:00,2025-11-27 13:30:00,214.1349,215.8813,45,55.1,0.00816,模型转空
2025-11-27,600653.SSE,sell,2025-11-27 14:13:00,2025-11-27 14:14:00,214.1349,215.8813,45,55.1,0.00816,模型转空
2025-11-27,301111.SZSE,sell,2025-11-27 14:13:00,2025-11-27 14:18:00,24.06,24.04,391,-32.17,-0.00083,模型转空
2025-11-27,000965.SZSE,sell,2025-11-27 14:11:00,2025-11-27 14:19:00,12.8387,12.8931,749,16.13,0.00424,模型转空
2025-11-27,600653.SSE,sell,2025-11-27 14:17:00,2025-11-27 14:20:00,214.1349,215.8813,45,55.1,0.00816,模型转空
2025-11-27,300510.SZSE,sell,2025-11-27 14:26:00,2025-11-27 14:27:00,26.7652,26.8268,365,-2.37,0.0023,模型转空
2025-11-27,600743.SSE,sell,2025-11-27 14:33:00,2025-11-27 14:34:00,66.8897,67.1866,148,18.91,0.00444,模型转空
2025-11-28,300510.SZSE,sell,2025-11-28 13:27:00,2025-11-28 13:28:00,26.8268,26.8885,365,-2.4,0.0023,模型转空
2025-11-28,300510.SZSE,sell,2025-11-28 13:29:00,2025-11-28 13:30:00,26.8268,26.8885,365,-2.4,0.0023,模型转空
2025-11-28,300510.SZSE,sell,2025-11-28 13:59:00,2025-11-28 14:00:00,26.8885,26.9501,365,-2.44,0.00229,模型转空
2025-11-28,600743.SSE,sell,2025-11-28 14:05:00,2025-11-28 14:06:00,66.8897,67.1866,148,18.91,0.00444,模型转空
2025-11-28,300510.SZSE,sell,2025-11-28 14:18:00,2025-11-28 14:19:00,26.8885,26.9501,365,-2.44,0.00229,模型转空
2025-12-01,600708.SSE,sell,2025-12-01 10:28:00,2025-12-01 10:29:00,43.0564,43.0564,224,-24.72,0.0,模型转空
2025-12-01,600653.SSE,sell,2025-12-01 10:51:00,2025-12-01 10:52:00,219.3741,221.1205,44,53.29,0.00796,模型转空
2025-12-01,600653.SSE,sell,2025-12-01 10:53:00,2025-12-01 10:54:00,219.3741,221.1205,44,53.29,0.00796,模型转空
2025-12-01,600743.SSE,sell,2025-12-01 13:25:00,2025-12-01 13:26:00,67.4834,67.7803,145,18.16,0.0044,模型转空
2025-12-01,600794.SSE,sell,2025-12-01 13:27:00,2025-12-01 13:28:00,104.1623,104.4184,93,-0.86,0.00246,模型转空
2025-12-01,000695.SZSE,sell,2025-12-01 13:31:00,2025-12-01 13:33:00,50.714,50.837,172,-2.09,0.00243,模型转空
2025-12-01,600343.SSE,sell,2025-12-01 13:30:00,2025-12-01 13:35:00,75.4373,76.41,125,97.32,0.01289,模型转空
2025-12-01,000720.SZSE,sell,2025-12-01 13:34:00,2025-12-01 13:38:00,25.241,25.3219,394,6.74,0.0032,模型转空
2025-12-01,600708.SSE,sell,2025-12-01 13:48:00,2025-12-01 13:49:00,42.8685,42.9624,232,-3.32,0.00219,模型转空
2025-12-01,600708.SSE,sell,2025-12-01 13:50:00,2025-12-01 13:51:00,42.8685,42.9624,232,-3.32,0.00219,模型转空
2025-12-01,600653.SSE,sell,2025-12-01 13:55:00,2025-12-01 13:56:00,221.1205,222.8668,44,53.18,0.0079,模型转空
2025-12-01,600708.SSE,sell,2025-12-01 13:56:00,2025-12-01 13:58:00,42.8685,42.9624,232,-3.32,0.00219,模型转空
2025-12-01,600653.SSE,sell,2025-12-01 13:57:00,2025-12-01 13:58:00,221.1205,222.8668,44,53.18,0.0079,模型转空
2025-12-01,600708.SSE,sell,2025-12-01 14:02:00,2025-12-01 14:04:00,42.8685,42.9624,232,-3.32,0.00219,模型转空
2025-12-01,600653.SSE,sell,2025-12-01 14:07:00,2025-12-01 14:08:00,221.1205,222.8668,44,53.18,0.0079,模型转空
2025-12-01,600653.SSE,sell,2025-12-01 14:09:00,2025-12-01 14:10:00,221.1205,222.8668,44,53.18,0.0079,模型转空
2025-12-01,600653.SSE,sell,2025-12-01 14:13:00,2025-12-01 14:15:00,221.1205,222.8668,44,53.18,0.0079,模型转空
2025-12-01,600653.SSE,sell,2025-12-01 14:21:00,2025-12-01 14:23:00,221.1205,222.8668,44,53.18,0.0079,模型转空
2025-12-01,600653.SSE,sell,2025-12-01 14:26:00,2025-12-01 14:27:00,221.1205,222.8668,44,53.18,0.0079,模型转空
2025-12-01,600653.SSE,sell,2025-12-01 14:28:00,2025-12-01 14:30:00,221.1205,222.8668,44,53.18,0.0079,模型转空
2025-12-01,300086.SZSE,sell,2025-12-01 14:29:00,2025-12-01 14:30:00,57.225,57.72,162,56.04,0.00865,模型转空
2025-12-01,600433.SSE,sell,2025-12-01 14:28:00,2025-12-01 14:31:00,23.0748,23.1324,424,-0.45,0.0025,模型转空
2025-12-02,600716.SSE,sell,2025-12-02 11:29:00,2025-12-02 13:02:00,18.9173,18.9173,517,-24.87,0.0,模型转空
2025-12-02,600653.SSE,sell,2025-12-02 13:59:00,2025-12-02 14:03:00,222.8668,224.6132,44,53.06,0.00784,模型转空
2025-12-02,300190.SZSE,sell,2025-12-02 14:02:00,2025-12-02 14:03:00,49.9595,49.9595,197,-25.03,0.0,模型转空
2025-12-02,301005.SZSE,sell,2025-12-02 14:07:00,2025-12-02 14:12:00,150.3806,150.9188,60,8.71,0.00358,模型转空
2025-12-02,600743.SSE,sell,2025-12-02 14:16:00,2025-12-02 14:17:00,68.0771,68.3739,145,18.03,0.00436,模型转空
2025-12-02,600527.SSE,sell,2025-12-02 14:26:00,2025-12-02 14:27:00,61.3049,61.4944,161,5.5,0.00309,模型转空
2025-12-02,600653.SSE,sell,2025-12-02 14:29:00,2025-12-02 14:30:00,222.8668,224.6132,44,53.06,0.00784,模型转空
2025-12-02,300510.SZSE,sell,2025-12-02 14:32:00,2025-12-02 14:34:00,26.9501,26.9501,365,-24.97,0.0,模型转空
2025-12-03,301111.SZSE,sell,2025-12-03 10:59:00,2025-12-03 11:01:00,26.45,26.7,293,51.6,0.00945,模型转空
2025-12-03,600653.SSE,sell,2025-12-03 11:11:00,2025-12-03 11:12:00,217.6277,219.3741,45,54.86,0.00802,模型转空
2025-12-03,600075.SSE,sell,2025-12-03 11:29:00,2025-12-03 11:30:00,56.5687,56.6877,172,-4.34,0.0021,模型转空
2025-12-03,600307.SSE,sell,2025-12-03 13:28:00,2025-12-03 13:30:00,7.6181,7.6498,1305,16.2,0.00416,模型转空
2025-12-03,600653.SSE,sell,2025-12-03 13:30:00,2025-12-03 13:31:00,217.6277,219.3741,45,54.86,0.00802,模型转空
2025-12-03,000592.SZSE,sell,2025-12-03 13:30:00,2025-12-03 13:34:00,88.3192,89.2314,109,74.85,0.01033,模型转空
2025-12-03,600716.SSE,sell,2025-12-03 13:31:00,2025-12-03 13:34:00,18.8366,18.8366,517,-24.81,0.0,模型转空
2025-12-03,000547.SZSE,sell,2025-12-03 13:32:00,2025-12-03 13:34:00,192.8077,195.5774,51,117.25,0.01436,模型转空
2025-12-03,000592.SZSE,sell,2025-12-03 13:53:00,2025-12-03 13:58:00,85.6587,86.6469,109,83.58,0.01154,模型转空
2025-12-03,300456.SZSE,sell,2025-12-03 13:57:00,2025-12-03 13:59:00,269.4605,273.1085,34,101.73,0.01354,模型转空
2025-12-03,000407.SZSE,sell,2025-12-03 13:59:00,2025-12-03 14:02:00,68.0001,68.9247,144,108.89,0.0136,模型转空
2025-12-03,300190.SZSE,sell,2025-12-03 14:06:00,2025-12-03 14:07:00,49.8558,49.9595,197,-4.5,0.00208,模型转空
2025-12-03,301638.SZSE,sell,2025-12-03 14:14:00,2025-12-03 14:15:00,21.92,22.01,398,12.57,0.00411,模型转空
2025-12-03,000753.SZSE,sell,2025-12-03 14:16:00,2025-12-03 14:17:00,104.212,105.0981,90,56.07,0.0085,模型转空
2025-12-03,301073.SZSE,sell,2025-12-03 14:17:00,2025-12-03 14:20:00,63.9238,64.2838,128,23.78,0.00563,模型转空
2025-12-03,000592.SZSE,sell,2025-12-03 14:11:00,2025-12-03 14:22:00,83.8343,84.0623,109,0.96,0.00272,模型转空
2025-12-03,002451.SZSE,sell,2025-12-03 14:24:00,2025-12-03 14:26:00,35.025,35.205,257,22.6,0.00514,模型转空
2025-12-04,600708.SSE,sell,2025-12-04 11:29:00,2025-12-04 11:30:00,42.1168,42.2108,232,-3.06,0.00223,模型转空
2025-12-04,300510.SZSE,sell,2025-12-04 11:30:00,2025-12-04 13:01:00,26.3338,26.3955,365,-2.13,0.00234,模型转空
2025-12-04,603698.SSE,sell,2025-12-04 11:26:00,2025-12-04 13:04:00,27.9076,27.9206,292,-18.61,0.00047,模型转空
2025-12-04,603327.SSE,sell,2025-12-04 13:15:00,2025-12-04 13:17:00,33.0205,33.6972,294,174.06,0.02049,模型转空
2025-12-04,600653.SSE,sell,2025-12-04 13:26:00,2025-12-04 13:27:00,214.1349,215.8813,45,55.1,0.00816,模型转空
2025-12-04,600653.SSE,sell,2025-12-04 13:28:00,2025-12-04 13:29:00,214.1349,215.8813,45,55.1,0.00816,模型转空
2025-12-04,000407.SZSE,sell,2025-12-04 13:31:00,2025-12-04 13:34:00,63.6412,64.0375,152,35.64,0.00623,模型转空
2025-12-04,600653.SSE,sell,2025-12-04 13:37:00,2025-12-04 13:38:00,214.1349,215.8813,45,55.1,0.00816,模型转空
2025-12-04,600300.SSE,sell,2025-12-04 13:52:00,2025-12-04 13:55:00,26.2733,26.2733,377,-25.06,0.0,模型转空
2025-12-04,600653.SSE,sell,2025-12-04 14:00:00,2025-12-04 14:01:00,214.1349,215.8813,45,55.1,0.00816,模型转空
2025-12-04,600653.SSE,sell,2025-12-04 14:07:00,2025-12-04 14:08:00,214.1349,215.8813,45,55.1,0.00816,模型转空
2025-12-04,600653.SSE,sell,2025-12-04 14:22:00,2025-12-04 14:23:00,214.1349,215.8813,45,55.1,0.00816,模型转空
2025-12-04,002702.SZSE,sell,2025-12-04 14:20:00,2025-12-04 14:26:00,63.24,63.172,151,-34.81,-0.00108,模型转空
2025-12-04,300456.SZSE,sell,2025-12-04 14:23:00,2025-12-04 14:26:00,269.8595,272.2535,34,58.44,0.00887,模型转空
2025-12-04,600653.SSE,sell,2025-12-04 14:24:00,2025-12-04 14:26:00,214.1349,215.8813,45,55.1,0.00816,模型转空
2025-12-04,600716.SSE,sell,2025-12-04 14:25:00,2025-12-04 14:26:00,18.635,18.6754,517,-3.82,0.00216,模型转空
2025-12-04,600716.SSE,sell,2025-12-04 14:27:00,2025-12-04 14:28:00,18.635,18.6754,517,-3.82,0.00216,模型转空
2025-12-04,301111.SZSE,sell,2025-12-04 14:31:00,2025-12-04 14:34:00,28.44,28.64,293,36.03,0.00703,模型转空
2025-12-04,002702.SZSE,sell,2025-12-04 14:29:00,2025-12-04 14:35:00,62.22,61.676,151,-106.5,-0.00874,模型转空
2025-12-05,600708.SSE,sell,2025-12-05 10:48:00,2025-12-05 10:49:00,41.553,41.647,240,-2.62,0.00226,模型转空
2025-12-05,600653.SSE,sell,2025-12-05 11:05:00,2025-12-05 11:07:00,214.1349,215.8813,45,55.1,0.00816,模型转空
2025-12-05,600743.SSE,sell,2025-12-05 14:12:00,2025-12-05 14:16:00,66.5929,66.5929,148,-25.02,0.0,模型转空
2025-12-05,600708.SSE,sell,2025-12-05 14:28:00,2025-12-05 14:29:00,41.9289,42.0228,232,-2.99,0.00224,模型转空
2025-12-05,600653.SSE,sell,2025-12-05 14:28:00,2025-12-05 14:31:00,217.6277,219.3741,45,54.86,0.00802,模型转空
2025-12-05,600433.SSE,sell,2025-12-05 14:31:00,2025-12-05 14:32:00,23.0748,23.1324,424,-0.45,0.0025,模型转空
2025-12-08,600653.SSE,sell,2025-12-08 10:58:00,2025-12-08 11:03:00,219.3741,219.3741,44,-24.96,0.0,模型转空
2025-12-08,600653.SSE,sell,2025-12-08 11:22:00,2025-12-08 11:23:00,217.6277,219.3741,45,54.86,0.00802,模型转空
2025-12-08,600653.SSE,sell,2025-12-08 11:29:00,2025-12-08 11:30:00,217.6277,219.3741,45,54.86,0.00802,模型转空
2025-12-08,002437.SZSE,sell,2025-12-08 13:24:00,2025-12-08 13:25:00,53.255,53.405,184,2.74,0.00282,模型转空
2025-12-08,600675.SSE,sell,2025-12-08 13:26:00,2025-12-08 13:27:00,142.2392,142.6353,69,2.52,0.00278,模型转空
2025-12-08,002437.SZSE,sell,2025-12-08 13:26:00,2025-12-08 13:28:00,53.255,53.405,184,2.74,0.00282,模型转空
2025-12-08,600665.SSE,sell,2025-12-08 13:25:00,2025-12-08 13:29:00,16.0099,16.0434,612,-4.39,0.00209,模型转空
2025-12-08,600653.SSE,sell,2025-12-08 13:29:00,2025-12-08 13:31:00,217.6277,219.3741,45,54.86,0.00802,模型转空
2025-12-08,600708.SSE,sell,2025-12-08 14:01:00,2025-12-08 14:02:00,42.0228,42.1168,232,-3.02,0.00224,模型转空
2025-12-08,600675.SSE,sell,2025-12-08 14:02:00,2025-12-08 14:03:00,142.2392,142.6353,69,2.52,0.00278,模型转空
2025-12-08,600675.SSE,sell,2025-12-08 14:04:00,2025-12-08 14:05:00,142.2392,142.6353,69,2.52,0.00278,模型转空
2025-12-08,600653.SSE,sell,2025-12-08 14:07:00,2025-12-08 14:08:00,217.6277,219.3741,45,54.86,0.00802,模型转空
2025-12-08,600675.SSE,sell,2025-12-08 14:10:00,2025-12-08 14:11:00,142.2392,142.6353,69,2.52,0.00278,模型转空
2025-12-08,600743.SSE,sell,2025-12-08 14:16:00,2025-12-08 14:18:00,70.155,70.4518,142,16.97,0.00423,模型转空
2025-12-08,600802.SSE,sell,2025-12-08 14:15:00,2025-12-08 14:19:00,36.6834,36.8194,266,11.35,0.00371,模型转空
2025-12-08,000592.SZSE,sell,2025-12-08 14:16:00,2025-12-08 14:19:00,92.1201,92.8802,95,49.18,0.00825,模型转空
2025-12-08,600653.SSE,sell,2025-12-08 14:16:00,2025-12-08 14:20:00,217.6277,217.6277,45,-25.17,0.0,模型转空
2025-12-08,000547.SZSE,sell,2025-12-08 14:16:00,2025-12-08 14:20:00,253.6247,256.2789,34,67.71,0.01047,模型转空
2025-12-08,300456.SZSE,sell,2025-12-08 14:18:00,2025-12-08 14:20:00,296.8205,297.6755,17,-3.04,0.00288,模型转空
2025-12-09,600653.SSE,sell,2025-12-09 11:22:00,2025-12-09 11:25:00,214.1349,215.8813,45,55.1,0.00816,模型转空
2025-12-09,600307.SSE,sell,2025-12-09 11:28:00,2025-12-09 11:29:00,7.5547,7.5864,1305,16.32,0.00419,模型转空
2025-12-09,600108.SSE,sell,2025-12-09 13:31:00,2025-12-09 13:32:00,35.7911,35.9109,277,8.15,0.00335,模型转空
2025-12-09,600322.SSE,sell,2025-12-09 13:31:00,2025-12-09 13:33:00,8.0594,8.0868,1226,8.55,0.0034,模型转空
2025-12-09,600653.SSE,sell,2025-12-09 13:32:00,2025-12-09 13:33:00,214.1349,215.8813,45,55.1,0.00816,模型转空
2025-12-09,600343.SSE,sell,2025-12-09 14:12:00,2025-12-09 14:13:00,104.4158,105.8916,93,113.55,0.01413,模型转空
2025-12-09,600653.SSE,sell,2025-12-09 14:14:00,2025-12-09 14:15:00,215.8813,217.6277,45,54.98,0.00809,模型转空
2025-12-09,600653.SSE,sell,2025-12-09 14:23:00,2025-12-09 14:24:00,215.8813,217.6277,45,54.98,0.00809,模型转空
2025-12-09,300510.SZSE,sell,2025-12-09 14:29:00,2025-12-09 14:30:00,26.9501,27.0117,365,-2.47,0.00229,模型转空
2025-12-09,600231.SSE,sell,2025-12-09 14:30:00,2025-12-09 14:31:00,18.594,18.6573,527,8.46,0.0034,模型转空
2025-12-09,600653.SSE,sell,2025-12-09 14:30:00,2025-12-09 14:33:00,215.8813,217.6277,45,54.98,0.00809,模型转空
2025-12-09,600527.SSE,sell,2025-12-09 14:40:00,2025-12-09 14:41:00,60.3572,60.5467,164,6.09,0.00314,模型转空
2025-12-09,600343.SSE,sell,2025-12-09 14:43:00,2025-12-09 14:46:00,103.0742,103.8792,93,50.81,0.00781,模型转空
2025-12-10,600653.SSE,sell,2025-12-10 10:47:00,2025-12-10 10:48:00,212.3886,214.1349,46,56.67,0.00822,模型转空
2025-12-10,600653.SSE,sell,2025-12-10 10:51:00,2025-12-10 10:53:00,212.3886,214.1349,46,56.67,0.00822,模型转空
2025-12-10,600653.SSE,sell,2025-12-10 11:04:00,2025-12-10 11:05:00,212.3886,214.1349,46,56.67,0.00822,模型转空
2025-12-10,600653.SSE,sell,2025-12-10 11:11:00,2025-12-10 11:13:00,212.3886,214.1349,46,56.67,0.00822,模型转空
2025-12-10,600231.SSE,sell,2025-12-10 11:17:00,2025-12-10 11:20:00,18.4674,18.5307,538,8.94,0.00343,模型转空
2025-12-10,600653.SSE,sell,2025-12-10 11:25:00,2025-12-10 11:30:00,212.3886,212.3886,46,-25.14,0.0,模型转空
2025-12-10,605299.SSE,sell,2025-12-10 14:00:00,2025-12-10 14:05:00,17.08,17.16,540,19.17,0.00468,模型转空
2025-12-10,600307.SSE,sell,2025-12-10 14:25:00,2025-12-10 14:26:00,7.5864,7.6181,1305,16.26,0.00418,模型转空
2025-12-10,600716.SSE,sell,2025-12-10 14:26:00,2025-12-10 14:27:00,18.3528,18.3931,537,-3.34,0.0022,模型转空
2025-12-10,600716.SSE,sell,2025-12-10 14:28:00,2025-12-10 14:29:00,18.3528,18.3931,537,-3.34,0.0022,模型转空
2025-12-10,600307.SSE,sell,2025-12-10 14:29:00,2025-12-10 14:31:00,7.5864,7.6181,1305,16.26,0.00418,模型转空
2025-12-10,600708.SSE,sell,2025-12-10 14:30:00,2025-12-10 14:31:00,41.741,41.8349,232,-2.92,0.00225,模型转空
2025-12-10,600653.SSE,sell,2025-12-10 14:29:00,2025-12-10 14:33:00,214.1349,215.8813,45,55.1,0.00816,模型转空
2025-12-10,600716.SSE,sell,2025-12-10 14:40:00,2025-12-10 14:42:00,18.3528,18.3931,537,-3.34,0.0022,模型转空
2025-12-10,600307.SSE,sell,2025-12-10 14:41:00,2025-12-10 14:42:00,7.5864,7.6181,1305,16.26,0.00418,模型转空
2025-12-10,600307.SSE,sell,2025-12-10 14:43:00,2025-12-10 14:44:00,7.5864,7.6181,1305,16.26,0.00418,模型转空
2025-12-11,600653.SSE,sell,2025-12-11 10:44:00,2025-12-11 10:45:00,208.8958,210.6422,46,56.92,0.00836,模型转空
2025-12-11,600653.SSE,sell,2025-12-11 11:10:00,2025-12-11 11:12:00,207.1494,208.8958,47,58.5,0.00843,模型转空
2025-12-11,600743.SSE,sell,2025-12-11 11:11:00,2025-12-11 11:12:00,65.7024,65.9992,151,19.8,0.00452,模型转空
2025-12-11,600743.SSE,sell,2025-12-11 11:13:00,2025-12-11 11:14:00,65.7024,65.9992,151,19.8,0.00452,模型转空
2025-12-11,600743.SSE,sell,2025-12-11 11:17:00,2025-12-11 11:18:00,65.7024,65.9992,151,19.8,0.00452,模型转空
2025-12-11,600653.SSE,sell,2025-12-11 11:25:00,2025-12-11 11:26:00,207.1494,208.8958,47,58.5,0.00843,模型转空
2025-12-11,600794.SSE,sell,2025-12-11 11:26:00,2025-12-11 11:28:00,98.5274,98.7835,101,0.74,0.0026,模型转空
2025-12-11,600653.SSE,sell,2025-12-11 11:29:00,2025-12-11 11:30:00,207.1494,208.8958,47,58.5,0.00843,模型转空
2025-12-11,600638.SSE,sell,2025-12-11 11:29:00,2025-12-11 11:30:00,104.3378,104.5481,91,-5.31,0.00202,模型转空
2025-12-11,600307.SSE,sell,2025-12-11 13:23:00,2025-12-11 13:27:00,7.523,7.5547,1326,16.8,0.00421,模型转空
2025-12-11,000720.SZSE,sell,2025-12-11 13:27:00,2025-12-11 13:28:00,24.8367,24.9175,394,6.98,0.00326,模型转空
2025-12-11,600307.SSE,sell,2025-12-11 13:32:00,2025-12-11 13:33:00,7.523,7.5547,1326,16.8,0.00421,模型转空
2025-12-11,600307.SSE,sell,2025-12-11 13:45:00,2025-12-11 13:48:00,7.523,7.5547,1326,16.8,0.00421,模型转空
2025-12-11,600794.SSE,sell,2025-12-11 13:48:00,2025-12-11 13:49:00,98.0151,98.2713,101,0.82,0.00261,模型转空
2025-12-11,600307.SSE,sell,2025-12-11 13:54:00,2025-12-11 13:55:00,7.523,7.5547,1326,16.8,0.00421,模型转空
2025-12-11,600307.SSE,sell,2025-12-11 13:58:00,2025-12-11 13:59:00,7.523,7.5547,1326,16.8,0.00421,模型转空
2025-12-11,600743.SSE,sell,2025-12-11 14:09:00,2025-12-11 14:10:00,65.4055,65.7024,151,19.86,0.00454,模型转空
2025-12-11,600033.SSE,sell,2025-12-11 14:13:00,2025-12-11 14:14:00,28.1285,28.3715,343,58.63,0.00864,模型转空
2025-12-11,300456.SZSE,sell,2025-12-11 14:15:00,2025-12-11 14:18:00,343.8455,347.3795,17,41.94,0.01028,模型转空
2025-12-11,600653.SSE,sell,2025-12-11 14:18:00,2025-12-11 14:19:00,205.403,207.1494,47,58.63,0.0085,模型转空
2025-12-11,600653.SSE,sell,2025-12-11 14:20:00,2025-12-11 14:25:00,205.403,207.1494,47,58.63,0.0085,模型转空
2025-12-11,300456.SZSE,sell,2025-12-11 14:41:00,2025-12-11 14:42:00,331.3055,323.4395,17,-154.41,-0.02374,止损
2025-12-11,300456.SZSE,sell,2025-12-11 14:42:00,2025-12-11 14:46:00,323.4395,332.0465,17,130.0,0.02661,模型转空
2025-12-12,600675.SSE,sell,2025-12-12 11:15:00,2025-12-12 11:16:00,139.4666,139.8627,71,3.16,0.00284,模型转空
2025-12-12,600653.SSE,sell,2025-12-12 11:15:00,2025-12-12 11:17:00,205.403,207.1494,47,58.63,0.0085,模型转空
2025-12-12,600665.SSE,sell,2025-12-12 13:29:00,2025-12-12 13:31:00,14.7027,14.7363,658,-2.67,0.00228,模型转空
2025-12-12,600527.SSE,sell,2025-12-12 13:32:00,2025-12-12 13:33:00,58.8408,59.0304,168,6.84,0.00322,模型转空
2025-12-12,600716.SSE,sell,2025-12-12 13:30:00,2025-12-12 13:34:00,17.7883,17.869,558,19.89,0.00453,模型转空
2025-12-12,300456.SZSE,sell,2025-12-12 13:35:00,2025-12-12 13:36:00,333.0725,336.6065,17,42.23,0.01061,模型转空
2025-12-12,600307.SSE,sell,2025-12-12 13:51:00,2025-12-12 13:52:00,7.523,7.5547,1326,16.8,0.00421,模型转空
2025-12-12,002495.SZSE,sell,2025-12-12 13:52:00,2025-12-12 13:56:00,25.8415,25.9315,379,9.2,0.00348,模型转空
2025-12-12,002239.SZSE,sell,2025-12-12 13:56:00,2025-12-12 13:58:00,26.4666,26.5548,371,7.78,0.00333,模型转空
2025-12-12,600527.SSE,sell,2025-12-12 13:57:00,2025-12-12 13:59:00,58.8408,59.0304,168,6.84,0.00322,模型转空
2025-12-12,600708.SSE,sell,2025-12-12 14:13:00,2025-12-12 14:14:00,40.2376,40.3315,248,-1.88,0.00234,模型转空
2025-12-12,600231.SSE,sell,2025-12-12 14:19:00,2025-12-12 14:23:00,18.2142,18.2775,538,9.15,0.00348,模型转空
2025-12-12,300510.SZSE,sell,2025-12-12 14:24:00,2025-12-12 14:27:00,27.0733,27.0733,365,-25.04,0.0,模型转空
2025-12-12,605365.SSE,sell,2025-12-12 14:27:00,2025-12-12 14:34:00,21.614,20.984,460,-314.68,-0.02915,止损
2025-12-15,600653.SSE,sell,2025-12-15 11:15:00,2025-12-15 11:16:00,207.1494,208.8958,47,58.5,0.00843,模型转空
2025-12-15,600665.SSE,sell,2025-12-15 11:29:00,2025-12-15 11:30:00,14.6357,14.6692,681,-2.35,0.00229,模型转空
2025-12-15,600653.SSE,sell,2025-12-15 13:30:00,2025-12-15 13:32:00,205.403,207.1494,47,58.63,0.0085,模型转空
2025-12-15,600307.SSE,sell,2025-12-15 13:31:00,2025-12-15 13:32:00,7.6181,7.6498,1305,16.2,0.00416,模型转空
2025-12-15,600794.SSE,sell,2025-12-15 13:38:00,2025-12-15 13:39:00,98.5274,98.5274,101,-25.15,0.0,模型转空
2025-12-15,600638.SSE,sell,2025-12-15 14:11:00,2025-12-15 14:12:00,104.1276,104.1276,91,-24.41,0.0,模型转空
2025-12-15,600708.SSE,sell,2025-12-15 14:14:00,2025-12-15 14:15:00,40.0496,40.1436,248,-1.81,0.00235,模型转空
2025-12-15,600743.SSE,sell,2025-12-15 14:18:00,2025-12-15 14:21:00,63.3277,63.6245,157,21.61,0.00469,模型转空
2025-12-15,600794.SSE,sell,2025-12-15 14:24:00,2025-12-15 14:28:00,98.5274,98.5274,101,-25.15,0.0,模型转空
2025-12-15,002437.SZSE,sell,2025-12-15 14:28:00,2025-12-15 14:29:00,51.155,51.305,191,3.78,0.00293,模型转空
2025-12-15,600231.SSE,sell,2025-12-15 14:30:00,2025-12-15 14:32:00,18.3408,18.4041,538,9.04,0.00345,模型转空
2025-12-15,600675.SSE,sell,2025-12-15 14:32:00,2025-12-15 14:33:00,139.0705,139.4666,71,3.2,0.00285,模型转空
2025-12-15,600638.SSE,sell,2025-12-15 14:38:00,2025-12-15 14:42:00,103.9173,103.9173,91,-24.38,0.0,模型转空
2025-12-15,600794.SSE,sell,2025-12-15 14:42:00,2025-12-15 14:44:00,98.2713,98.5274,101,0.78,0.00261,模型转空
2025-12-15,600280.SSE,sell,2025-12-15 14:44:00,2025-12-15 14:50:00,55.7496,55.7496,178,-25.14,0.0,尾盘平仓
2025-12-16,600653.SSE,sell,2025-12-16 10:22:00,2025-12-16 10:23:00,200.1639,201.9103,49,61.95,0.00872,模型转空
2025-12-16,301158.SZSE,sell,2025-12-16 10:33:00,2025-12-16 10:35:00,21.7254,21.8754,434,40.75,0.0069,模型转空
2025-12-16,600653.SSE,sell,2025-12-16 10:36:00,2025-12-16 10:38:00,200.1639,201.9103,49,61.95,0.00872,模型转空
2025-12-16,600653.SSE,sell,2025-12-16 11:06:00,2025-12-16 11:09:00,200.1639,201.9103,49,61.95,0.00872,模型转空
2025-12-16,600653.SSE,sell,2025-12-16 11:14:00,2025-12-16 11:15:00,200.1639,201.9103,49,61.95,0.00872,模型转空
2025-12-16,600653.SSE,sell,2025-12-16 11:16:00,2025-12-16 11:18:00,200.1639,201.9103,49,61.95,0.00872,模型转空
2025-12-16,600307.SSE,sell,2025-12-16 11:16:00,2025-12-16 11:18:00,7.5864,7.6181,1305,16.26,0.00418,模型转空
2025-12-16,301256.SZSE,sell,2025-12-16 11:19:00,2025-12-16 11:24:00,17.84,17.86,470,-13.36,0.00112,模型转空
2025-12-16,300259.SZSE,sell,2025-12-16 13:27:00,2025-12-16 13:28:00,67.1478,67.1478,142,-24.59,0.0,模型转空
2025-12-16,600653.SSE,sell,2025-12-16 13:28:00,2025-12-16 13:30:00,198.4175,200.1639,49,62.08,0.0088,模型转空
2025-12-16,600743.SSE,sell,2025-12-16 13:29:00,2025-12-16 13:31:00,63.3277,63.6245,157,21.61,0.00469,模型转空
2025-12-16,300320.SZSE,sell,2025-12-16 13:34:00,2025-12-16 13:35:00,75.463,75.7798,129,16.19,0.0042,模型转空
2025-12-16,600743.SSE,sell,2025-12-16 14:02:00,2025-12-16 14:03:00,63.9213,64.2182,154,20.84,0.00464,模型转空
2025-12-16,603663.SSE,sell,2025-12-16 14:15:00,2025-12-16 14:17:00,98.8396,99.6902,77,44.0,0.00861,模型转空
2025-12-16,600192.SSE,sell,2025-12-16 14:16:00,2025-12-16 14:17:00,18.4935,18.7183,509,90.17,0.01216,模型转空
2025-12-16,600675.SSE,sell,2025-12-16 14:19:00,2025-12-16 14:22:00,138.6744,138.6744,71,-25.1,0.0,模型转空
2025-12-16,600675.SSE,sell,2025-12-16 14:25:00,2025-12-16 14:26:00,138.2783,138.6744,71,3.29,0.00286,模型转空
2025-12-16,300456.SZSE,sell,2025-12-16 14:26:00,2025-12-16 14:28:00,366.5885,370.4645,17,47.25,0.01057,模型转空
2025-12-16,600794.SSE,sell,2025-12-16 14:30:00,2025-12-16 14:31:00,98.5274,98.7835,101,0.74,0.0026,模型转空
2025-12-16,600794.SSE,sell,2025-12-16 14:32:00,2025-12-16 14:35:00,98.5274,98.5274,101,-25.15,0.0,模型转空
2025-12-16,600433.SSE,sell,2025-12-16 14:39:00,2025-12-16 14:40:00,22.2099,22.2099,438,-24.8,0.0,模型转空
2025-12-16,600527.SSE,sell,2025-12-16 14:40:00,2025-12-16 14:42:00,57.8931,58.0827,172,7.45,0.00327,模型转空
2025-12-16,000995.SZSE,sell,2025-12-16 14:42:00,2025-12-16 14:44:00,22.4469,22.6828,415,73.73,0.01051,模型转空
2025-12-17,600653.SSE,sell,2025-12-17 10:27:00,2025-12-17 10:28:00,196.6711,198.4175,49,62.21,0.00888,模型转空
2025-12-17,600653.SSE,sell,2025-12-17 10:29:00,2025-12-17 10:30:00,196.6711,198.4175,49,62.21,0.00888,模型转空
2025-12-17,301067.SZSE,sell,2025-12-17 10:34:00,2025-12-17 10:35:00,58.26,58.638,162,36.91,0.00649,模型转空
2025-12-17,600653.SSE,sell,2025-12-17 10:39:00,2025-12-17 10:41:00,196.6711,198.4175,49,62.21,0.00888,模型转空
2025-12-17,600743.SSE,sell,2025-12-17 10:46:00,2025-12-17 10:47:00,62.1403,62.4371,157,21.89,0.00478,模型转空
2025-12-17,600653.SSE,sell,2025-12-17 10:59:00,2025-12-17 11:01:00,194.9248,196.6711,50,63.82,0.00896,模型转空
2025-12-17,000592.SZSE,sell,2025-12-17 11:11:00,2025-12-17 11:15:00,104.5107,105.879,95,105.43,0.01309,模型转空
2025-12-17,600653.SSE,sell,2025-12-17 11:24:00,2025-12-17 11:25:00,194.9248,196.6711,50,63.82,0.00896,模型转空
2025-12-17,600653.SSE,sell,2025-12-17 11:26:00,2025-12-17 11:28:00,194.9248,196.6711,50,63.82,0.00896,模型转空
2025-12-17,002495.SZSE,sell,2025-12-17 13:26:00,2025-12-17 13:27:00,25.4817,25.5716,389,9.93,0.00353,模型转空
2025-12-17,600231.SSE,sell,2025-12-17 13:27:00,2025-12-17 13:29:00,17.9609,18.0242,549,9.74,0.00352,模型转空
2025-12-17,002239.SZSE,sell,2025-12-17 13:27:00,2025-12-17 13:31:00,25.9374,26.0256,382,8.61,0.0034,模型转空
2025-12-17,002495.SZSE,sell,2025-12-17 13:31:00,2025-12-17 13:33:00,25.3917,25.4817,389,9.99,0.00354,模型转空
2025-12-17,600743.SSE,sell,2025-12-17 13:33:00,2025-12-17 13:35:00,62.1403,62.4371,157,21.89,0.00478,模型转空
2025-12-17,600743.SSE,sell,2025-12-17 14:24:00,2025-12-17 14:25:00,62.734,63.0308,157,21.75,0.00473,模型转空
2025-12-17,600653.SSE,sell,2025-12-17 14:31:00,2025-12-17 14:34:00,198.4175,200.1639,49,62.08,0.0088,模型转空
2025-12-17,600708.SSE,sell,2025-12-17 14:41:00,2025-12-17 14:42:00,39.9557,40.0496,248,-1.78,0.00235,模型转空
2025-12-17,600708.SSE,sell,2025-12-17 14:43:00,2025-12-17 14:44:00,39.9557,40.0496,248,-1.78,0.00235,模型转空
2025-12-18,600653.SSE,sell,2025-12-18 10:49:00,2025-12-18 10:50:00,201.9103,203.6567,48,60.35,0.00865,模型转空
2025-12-18,600743.SSE,sell,2025-12-18 11:17:00,2025-12-18 11:18:00,63.3277,63.3277,157,-25.19,0.0,模型转空
2025-12-18,600653.SSE,sell,2025-12-18 11:25:00,2025-12-18 11:30:00,201.9103,203.6567,48,60.35,0.00865,模型转空
2025-12-18,000868.SZSE,sell,2025-12-18 11:29:00,2025-12-18 11:30:00,21.2924,21.3378,448,-4.16,0.00213,模型转空
2025-12-18,300086.SZSE,sell,2025-12-18 13:17:00,2025-12-18 13:19:00,49.395,49.89,182,66.46,0.01002,模型转空
2025-12-18,600231.SSE,sell,2025-12-18 13:29:00,2025-12-18 13:30:00,18.2775,18.3408,538,9.09,0.00346,模型转空
2025-12-18,600743.SSE,sell,2025-12-18 13:47:00,2025-12-18 13:48:00,63.3277,63.3277,157,-25.19,0.0,模型转空
2025-12-18,600675.SSE,sell,2025-12-18 13:47:00,2025-12-18 13:49:00,139.0705,139.4666,71,3.2,0.00285,模型转空
2025-12-18,600075.SSE,sell,2025-12-18 13:58:00,2025-12-18 14:01:00,54.3088,54.3088,181,-24.95,0.0,模型转空
2025-12-18,600675.SSE,sell,2025-12-18 14:00:00,2025-12-18 14:01:00,139.0705,139.4666,71,3.2,0.00285,模型转空
2025-12-18,600653.SSE,sell,2025-12-18 14:11:00,2025-12-18 14:12:00,200.1639,201.9103,49,61.95,0.00872,模型转空
2025-12-18,600675.SSE,sell,2025-12-18 14:13:00,2025-12-18 14:14:00,139.0705,139.0705,71,-25.14,0.0,模型转空
2025-12-18,600653.SSE,sell,2025-12-18 14:13:00,2025-12-18 14:15:00,200.1639,201.9103,49,61.95,0.00872,模型转空
2025-12-18,600675.SSE,sell,2025-12-18 14:43:00,2025-12-18 14:46:00,139.0705,139.0705,71,-25.14,0.0,模型转空
2025-12-19,301228.SZSE,sell,2025-12-19 09:35:00,2025-12-19 09:41:00,38.89,39.11,199,22.03,0.00566,模型转空
2025-12-19,605365.SSE,sell,2025-12-19 11:28:00,2025-12-19 13:02:00,26.354,26.714,368,107.63,0.01366,模型转空
2025-12-19,002984.SZSE,sell,2025-12-19 13:17:00,2025-12-19 13:21:00,30.944,31.084,259,14.1,0.00452,模型转空
2025-12-19,600231.SSE,sell,2025-12-19 13:30:00,2025-12-19 13:32:00,18.5307,18.594,538,8.89,0.00342,模型转空
2025-12-19,600743.SSE,sell,2025-12-19 14:00:00,2025-12-19 14:01:00,65.1087,65.4055,151,19.93,0.00456,模型转空
2025-12-19,600653.SSE,sell,2025-12-19 14:20:00,2025-12-19 14:22:00,208.8958,210.6422,46,56.92,0.00836,模型转空
2025-12-19,600708.SSE,sell,2025-12-19 14:29:00,2025-12-19 14:30:00,40.8013,40.8953,240,-2.34,0.0023,模型转空
2025-12-19,600075.SSE,sell,2025-12-19 14:43:00,2025-12-19 14:44:00,55.0225,55.1414,181,-3.63,0.00216,模型转空
2025-12-22,600708.SSE,sell,2025-12-22 11:11:00,2025-12-22 11:14:00,40.8013,40.8953,240,-2.34,0.0023,模型转空
2025-12-22,600743.SSE,sell,2025-12-22 11:19:00,2025-12-22 11:20:00,64.8119,65.1087,151,20.0,0.00458,模型转空
2025-12-22,600743.SSE,sell,2025-12-22 11:30:00,2025-12-22 13:01:00,64.8119,65.1087,151,20.0,0.00458,模型转空
2025-12-22,002361.SZSE,sell,2025-12-22 13:31:00,2025-12-22 13:35:00,73.43,75.43,126,228.69,0.02724,模型转空
2025-12-22,600794.SSE,sell,2025-12-22 13:34:00,2025-12-22 13:36:00,101.3449,101.601,97,-0.08,0.00253,模型转空
2025-12-22,300779.SZSE,sell,2025-12-22 13:31:00,2025-12-22 13:37:00,194.752,195.046,50,-10.12,0.00151,模型转空
2025-12-22,600743.SSE,sell,2025-12-22 13:43:00,2025-12-22 13:44:00,64.8119,65.1087,151,20.0,0.00458,模型转空
2025-12-22,600743.SSE,sell,2025-12-22 13:45:00,2025-12-22 13:46:00,64.8119,65.1087,151,20.0,0.00458,模型转空
2025-12-22,600716.SSE,sell,2025-12-22 14:00:00,2025-12-22 14:01:00,18.2722,18.3125,537,-3.27,0.00221,模型转空
2025-12-22,600743.SSE,sell,2025-12-22 14:03:00,2025-12-22 14:05:00,64.8119,65.1087,151,20.0,0.00458,模型转空
2025-12-22,600716.SSE,sell,2025-12-22 14:09:00,2025-12-22 14:10:00,18.2722,18.2722,537,-24.94,0.0,模型转空
2025-12-22,600743.SSE,sell,2025-12-22 14:14:00,2025-12-22 14:15:00,64.8119,65.1087,151,20.0,0.00458,模型转空
2025-12-22,300779.SZSE,sell,2025-12-22 14:14:00,2025-12-22 14:16:00,191.504,192.134,50,7.11,0.00329,模型转空
2025-12-22,002361.SZSE,sell,2025-12-22 14:13:00,2025-12-22 14:17:00,73.75,75.43,126,188.18,0.02278,模型转空
2025-12-22,600743.SSE,sell,2025-12-22 14:18:00,2025-12-22 14:19:00,64.8119,65.1087,151,20.0,0.00458,模型转空
2025-12-22,600653.SSE,sell,2025-12-22 14:19:00,2025-12-22 14:20:00,212.3886,214.1349,46,56.67,0.00822,模型转空
2025-12-22,600433.SSE,sell,2025-12-22 14:22:00,2025-12-22 14:23:00,22.8441,22.8441,424,-24.73,0.0,模型转空
2025-12-22,600653.SSE,sell,2025-12-22 14:23:00,2025-12-22 14:24:00,212.3886,214.1349,46,56.67,0.00822,模型转空
2025-12-22,600743.SSE,sell,2025-12-22 14:29:00,2025-12-22 14:30:00,64.8119,65.1087,151,20.0,0.00458,模型转空
2025-12-22,600653.SSE,sell,2025-12-22 14:30:00,2025-12-22 14:32:00,212.3886,214.1349,46,56.67,0.00822,模型转空
2025-12-22,600708.SSE,sell,2025-12-22 14:33:00,2025-12-22 14:34:00,41.0832,41.1772,240,-2.45,0.00229,模型转空
2025-12-22,000727.SZSE,sell,2025-12-22 14:43:00,2025-12-22 14:47:00,14.8549,14.8549,661,-24.93,0.0,模型转空
2025-12-23,600653.SSE,sell,2025-12-23 10:19:00,2025-12-23 10:21:00,205.403,207.1494,47,58.63,0.0085,模型转空
2025-12-23,600743.SSE,sell,2025-12-23 10:33:00,2025-12-23 10:34:00,63.6245,63.9213,154,20.91,0.00467,模型转空
2025-12-23,600675.SSE,sell,2025-12-23 10:41:00,2025-12-23 10:42:00,139.0705,139.4666,71,3.2,0.00285,模型转空
2025-12-23,600675.SSE,sell,2025-12-23 11:02:00,2025-12-23 11:03:00,139.0705,139.4666,71,3.2,0.00285,模型转空
2025-12-23,600075.SSE,sell,2025-12-23 13:23:00,2025-12-23 13:25:00,55.0225,55.1414,181,-3.63,0.00216,模型转空
2025-12-23,600743.SSE,sell,2025-12-23 13:28:00,2025-12-23 13:31:00,63.6245,63.9213,154,20.91,0.00467,模型转空
2025-12-23,600231.SSE,sell,2025-12-23 13:31:00,2025-12-23 13:32:00,18.5307,18.5307,538,-25.17,0.0,模型转空
2025-12-23,600653.SSE,sell,2025-12-23 13:33:00,2025-12-23 13:34:00,205.403,207.1494,47,58.63,0.0085,模型转空
2025-12-23,600653.SSE,sell,2025-12-23 13:35:00,2025-12-23 13:36:00,205.403,207.1494,47,58.63,0.0085,模型转空
2025-12-23,600653.SSE,sell,2025-12-23 13:37:00,2025-12-23 13:40:00,205.403,207.1494,47,58.63,0.0085,模型转空
2025-12-23,600675.SSE,sell,2025-12-23 13:52:00,2025-12-23 13:53:00,139.0705,139.4666,71,3.2,0.00285,模型转空
2025-12-23,000592.SZSE,sell,2025-12-23 14:07:00,2025-12-23 14:11:00,91.4359,95.9969,109,472.37,0.04988,模型转空
2025-12-23,600743.SSE,sell,2025-12-23 14:12:00,2025-12-23 14:13:00,63.6245,63.9213,154,20.91,0.00467,模型转空
2025-12-23,600653.SSE,sell,2025-12-23 14:09:00,2025-12-23 14:14:00,205.403,207.1494,47,58.63,0.0085,模型转空
2025-12-23,300456.SZSE,sell,2025-12-23 14:16:00,2025-12-23 14:17:00,346.8095,349.7735,17,32.03,0.00855,模型转空
2025-12-23,002437.SZSE,sell,2025-12-23 14:18:00,2025-12-23 14:19:00,51.905,52.055,191,3.56,0.00289,模型转空
2025-12-23,002437.SZSE,sell,2025-12-23 14:22:00,2025-12-23 14:24:00,51.905,52.055,191,3.56,0.00289,模型转空
2025-12-23,000868.SZSE,sell,2025-12-23 14:22:00,2025-12-23 14:25:00,21.2015,21.2015,448,-24.47,0.0,模型转空
2025-12-23,600653.SSE,sell,2025-12-23 14:23:00,2025-12-23 14:26:00,205.403,207.1494,47,58.63,0.0085,模型转空
2025-12-23,301005.SZSE,sell,2025-12-23 14:44:00,2025-12-23 14:46:00,213.2096,214.6136,30,22.65,0.00659,模型转空
2025-12-24,600653.SSE,sell,2025-12-24 11:01:00,2025-12-24 11:03:00,203.6567,205.403,48,60.22,0.00858,模型转空
2025-12-24,600653.SSE,sell,2025-12-24 11:05:00,2025-12-24 11:06:00,203.6567,205.403,48,60.22,0.00858,模型转空
2025-12-24,600653.SSE,sell,2025-12-24 13:38:00,2025-12-24 13:39:00,205.403,207.1494,47,58.63,0.0085,模型转空
2025-12-24,600653.SSE,sell,2025-12-24 14:07:00,2025-12-24 14:08:00,205.403,207.1494,47,58.63,0.0085,模型转空
2025-12-24,600653.SSE,sell,2025-12-24 14:09:00,2025-12-24 14:10:00,205.403,207.1494,47,58.63,0.0085,模型转空
2025-12-24,600527.SSE,sell,2025-12-24 14:16:00,2025-12-24 14:17:00,59.0304,59.2199,168,6.79,0.00321,模型转空
2025-12-24,000592.SZSE,sell,2025-12-24 14:31:00,2025-12-24 14:33:00,97.4412,98.5054,95,77.43,0.01092,模型转空
2025-12-24,600527.SSE,sell,2025-12-24 14:33:00,2025-12-24 14:34:00,59.0304,59.2199,168,6.79,0.00321,模型转空
2025-12-24,600653.SSE,sell,2025-12-24 14:33:00,2025-12-24 14:34:00,205.403,207.1494,47,58.63,0.0085,模型转空
2025-12-24,600075.SSE,sell,2025-12-24 14:41:00,2025-12-24 14:43:00,54.9035,55.0225,181,-3.59,0.00217,模型转空
2025-12-24,600653.SSE,sell,2025-12-24 14:42:00,2025-12-24 14:45:00,205.403,207.1494,47,58.63,0.0085,模型转空
2025-12-25,600653.SSE,sell,2025-12-25 09:59:00,2025-12-25 10:00:00,205.403,207.1494,47,58.63,0.0085,模型转空
2025-12-25,600653.SSE,sell,2025-12-25 10:59:00,2025-12-25 11:01:00,205.403,207.1494,47,58.63,0.0085,模型转空
2025-12-25,600653.SSE,sell,2025-12-25 11:17:00,2025-12-25 11:18:00,205.403,207.1494,47,58.63,0.0085,模型转空
2025-12-25,600653.SSE,sell,2025-12-25 11:23:00,2025-12-25 11:25:00,205.403,207.1494,47,58.63,0.0085,模型转空
2025-12-25,600653.SSE,sell,2025-12-25 11:28:00,2025-12-25 11:30:00,205.403,207.1494,47,58.63,0.0085,模型转空
2025-12-25,600231.SSE,sell,2025-12-25 13:51:00,2025-12-25 13:52:00,18.4674,18.5307,538,8.94,0.00343,模型转空
2025-12-25,002495.SZSE,sell,2025-12-25 13:55:00,2025-12-25 13:56:00,26.8311,26.9211,369,8.13,0.00335,模型转空
2025-12-25,600300.SSE,sell,2025-12-25 13:59:00,2025-12-25 14:00:00,26.6737,26.7309,364,-3.96,0.00214,模型转空
2025-12-25,600794.SSE,sell,2025-12-25 14:00:00,2025-12-25 14:01:00,102.3694,102.6255,97,-0.23,0.0025,模型转空
2025-12-25,600231.SSE,sell,2025-12-25 14:00:00,2025-12-25 14:01:00,18.4674,18.594,538,42.99,0.00686,模型转空
2025-12-25,600527.SSE,sell,2025-12-25 14:12:00,2025-12-25 14:13:00,59.2199,59.4095,168,6.74,0.0032,模型转空
2025-12-25,600675.SSE,sell,2025-12-25 14:23:00,2025-12-25 14:24:00,139.8627,140.2587,69,2.77,0.00283,模型转空
2025-12-25,600675.SSE,sell,2025-12-25 14:25:00,2025-12-25 14:26:00,139.8627,140.2587,69,2.77,0.00283,模型转空
2025-12-25,600075.SSE,sell,2025-12-25 14:28:00,2025-12-25 14:29:00,55.1414,55.2604,181,-3.66,0.00216,模型转空
2025-12-25,600075.SSE,sell,2025-12-25 14:30:00,2025-12-25 14:31:00,55.1414,55.2604,181,-3.66,0.00216,模型转空
2025-12-25,605365.SSE,sell,2025-12-25 14:30:00,2025-12-25 14:35:00,28.164,28.094,276,-41.12,-0.00249,模型转空
2025-12-25,600540.SSE,sell,2025-12-25 14:41:00,2025-12-25 14:42:00,14.0614,14.0614,697,-24.9,0.0,模型转空
2025-12-25,600675.SSE,sell,2025-12-25 14:42:00,2025-12-25 14:43:00,139.8627,140.2587,69,2.77,0.00283,模型转空
2025-12-25,002437.SZSE,sell,2025-12-25 14:43:00,2025-12-25 14:44:00,51.755,51.905,191,3.6,0.0029,模型转空
2025-12-26,002297.SZSE,sell,2025-12-26 11:16:00,2025-12-26 11:20:00,37.406,37.346,266,-41.09,-0.0016,模型转空
2025-12-26,600343.SSE,sell,2025-12-26 11:18:00,2025-12-26 11:21:00,140.136,146.1061,62,350.08,0.0426,模型转空
2025-12-26,600653.SSE,sell,2025-12-26 11:22:00,2025-12-26 11:23:00,205.403,207.1494,47,58.63,0.0085,模型转空
2025-12-26,600653.SSE,sell,2025-12-26 11:29:00,2025-12-26 11:30:00,205.403,207.1494,47,58.63,0.0085,模型转空
2025-12-26,600653.SSE,sell,2025-12-26 13:25:00,2025-12-26 13:26:00,205.403,207.1494,47,58.63,0.0085,模型转空
2025-12-26,600300.SSE,sell,2025-12-26 13:29:00,2025-12-26 13:30:00,26.6737,26.7309,364,-3.96,0.00214,模型转空
2025-12-26,600675.SSE,sell,2025-12-26 13:29:00,2025-12-26 13:31:00,139.8627,140.2587,69,2.77,0.00283,模型转空
2025-12-26,600433.SSE,sell,2025-12-26 13:31:00,2025-12-26 13:32:00,23.3054,23.363,424,-0.6,0.00247,模型转空
2025-12-26,600653.SSE,sell,2025-12-26 13:33:00,2025-12-26 13:34:00,205.403,207.1494,47,58.63,0.0085,模型转空
2025-12-26,600743.SSE,sell,2025-12-26 13:33:00,2025-12-26 13:34:00,63.3277,63.6245,157,21.61,0.00469,模型转空
2025-12-26,600527.SSE,sell,2025-12-26 13:33:00,2025-12-26 13:34:00,59.0304,59.2199,168,6.79,0.00321,模型转空
2025-12-26,600653.SSE,sell,2025-12-26 13:35:00,2025-12-26 13:36:00,205.403,207.1494,47,58.63,0.0085,模型转空
2025-12-26,600653.SSE,sell,2025-12-26 14:13:00,2025-12-26 14:17:00,205.403,207.1494,47,58.63,0.0085,模型转空
2025-12-26,600343.SSE,sell,2025-12-26 14:17:00,2025-12-26 14:26:00,147.1794,147.0116,62,-34.5,-0.00114,模型转空
2025-12-26,600527.SSE,sell,2025-12-26 14:25:00,2025-12-26 14:27:00,59.0304,59.2199,168,6.79,0.00321,模型转空
2025-12-29,300670.SZSE,sell,2025-12-29 09:38:00,2025-12-29 09:47:00,18.587,18.344,509,-147.96,-0.01307,模型转空
2025-12-29,600653.SSE,sell,2025-12-29 10:59:00,2025-12-29 11:00:00,203.6567,205.403,48,60.22,0.00858,模型转空
2025-12-29,600653.SSE,sell,2025-12-29 11:16:00,2025-12-29 11:17:00,203.6567,205.403,48,60.22,0.00858,模型转空
2025-12-29,600653.SSE,sell,2025-12-29 11:20:00,2025-12-29 11:21:00,203.6567,205.403,48,60.22,0.00858,模型转空
2025-12-29,600653.SSE,sell,2025-12-29 11:23:00,2025-12-29 11:25:00,203.6567,205.403,48,60.22,0.00858,模型转空
2025-12-29,600653.SSE,sell,2025-12-29 11:30:00,2025-12-29 13:02:00,203.6567,205.403,48,60.22,0.00858,模型转空
2025-12-29,600653.SSE,sell,2025-12-29 13:20:00,2025-12-29 13:21:00,203.6567,205.403,48,60.22,0.00858,模型转空
2025-12-29,600675.SSE,sell,2025-12-29 13:22:00,2025-12-29 13:23:00,139.0705,139.4666,71,3.2,0.00285,模型转空
2025-12-29,600743.SSE,sell,2025-12-29 13:23:00,2025-12-29 13:24:00,63.3277,63.6245,157,21.61,0.00469,模型转空
2025-12-29,600675.SSE,sell,2025-12-29 13:24:00,2025-12-29 13:25:00,139.0705,139.4666,71,3.2,0.00285,模型转空
2025-12-29,600675.SSE,sell,2025-12-29 13:26:00,2025-12-29 13:27:00,139.0705,139.4666,71,3.2,0.00285,模型转空
2025-12-29,600675.SSE,sell,2025-12-29 13:28:00,2025-12-29 13:29:00,139.0705,139.4666,71,3.2,0.00285,模型转空
2025-12-29,600743.SSE,sell,2025-12-29 13:27:00,2025-12-29 13:30:00,63.3277,63.6245,157,21.61,0.00469,模型转空
2025-12-29,600743.SSE,sell,2025-12-29 13:31:00,2025-12-29 13:34:00,63.3277,63.6245,157,21.61,0.00469,模型转空
2025-12-29,600743.SSE,sell,2025-12-29 13:45:00,2025-12-29 13:46:00,63.3277,63.6245,157,21.61,0.00469,模型转空
2025-12-29,600675.SSE,sell,2025-12-29 13:47:00,2025-12-29 13:48:00,139.0705,139.4666,71,3.2,0.00285,模型转空
2025-12-29,600675.SSE,sell,2025-12-29 13:53:00,2025-12-29 13:55:00,139.0705,139.4666,71,3.2,0.00285,模型转空
2025-12-29,600743.SSE,sell,2025-12-29 14:01:00,2025-12-29 14:02:00,63.3277,63.6245,157,21.61,0.00469,模型转空
2025-12-29,600675.SSE,sell,2025-12-29 14:05:00,2025-12-29 14:06:00,139.0705,139.4666,71,3.2,0.00285,模型转空
2025-12-29,600743.SSE,sell,2025-12-29 14:19:00,2025-12-29 14:20:00,63.3277,63.6245,157,21.61,0.00469,模型转空
2025-12-29,600675.SSE,sell,2025-12-29 14:24:00,2025-12-29 14:25:00,139.0705,139.4666,71,3.2,0.00285,模型转空
2025-12-29,002239.SZSE,sell,2025-12-29 14:28:00,2025-12-29 14:29:00,26.9958,27.084,360,6.97,0.00327,模型转空
2025-12-29,600675.SSE,sell,2025-12-29 14:31:00,2025-12-29 14:32:00,138.6744,139.0705,71,3.25,0.00286,模型转空
2025-12-29,600794.SSE,sell,2025-12-29 14:32:00,2025-12-29 14:33:00,102.8816,102.8816,93,-24.65,0.0,模型转空
2025-12-29,600675.SSE,sell,2025-12-29 14:33:00,2025-12-29 14:35:00,138.6744,139.0705,71,3.25,0.00286,模型转空
2025-12-30,002361.SZSE,sell,2025-12-30 11:17:00,2025-12-30 11:21:00,111.91,113.11,80,72.83,0.01072,模型转空
2025-12-30,600743.SSE,sell,2025-12-30 11:21:00,2025-12-30 11:23:00,63.0308,63.3277,157,21.68,0.00471,模型转空
2025-12-30,300582.SZSE,sell,2025-12-30 13:23:00,2025-12-30 13:29:00,37.8763,36.9987,256,-250.04,-0.02317,止损
2025-12-30,600743.SSE,sell,2025-12-30 13:31:00,2025-12-30 13:32:00,63.0308,63.3277,157,21.68,0.00471,模型转空
2025-12-30,300582.SZSE,sell,2025-12-30 13:29:00,2025-12-30 13:33:00,36.9987,37.3363,256,62.18,0.00912,模型转空
2025-12-30,600783.SSE,sell,2025-12-30 13:53:00,2025-12-30 13:56:00,165.8526,161.8675,54,-241.92,-0.02403,止损
2025-12-30,000547.SZSE,sell,2025-12-30 14:00:00,2025-12-30 14:04:00,353.5629,359.333,25,124.43,0.01632,模型转空
2025-12-30,600743.SSE,sell,2025-12-30 14:13:00,2025-12-30 14:15:00,63.0308,63.3277,157,21.68,0.00471,模型转空
2025-12-30,000720.SZSE,sell,2025-12-30 14:18:00,2025-12-30 14:19:00,23.8662,23.9471,408,8.17,0.00339,模型转空
2025-12-30,600783.SSE,sell,2025-12-30 14:23:00,2025-12-30 14:26:00,160.8713,156.6206,54,-256.05,-0.02642,止损
2025-12-30,600743.SSE,sell,2025-12-30 14:29:00,2025-12-30 14:30:00,63.0308,63.3277,157,21.68,0.00471,模型转空
2025-12-30,600783.SSE,sell,2025-12-30 14:26:00,2025-12-30 14:31:00,156.6206,158.281,54,67.84,0.0106,模型转空
2025-12-30,600743.SSE,sell,2025-12-30 14:33:00,2025-12-30 14:34:00,63.0308,63.0308,157,-25.12,0.0,模型转空
2025-12-30,600743.SSE,sell,2025-12-30 14:40:00,2025-12-30 14:44:00,63.0308,63.3277,157,21.68,0.00471,模型转空
2025-12-31,600743.SSE,sell,2025-12-31 10:28:00,2025-12-31 10:30:00,63.0308,63.3277,157,21.68,0.00471,模型转空
2025-12-31,600653.SSE,sell,2025-12-31 11:26:00,2025-12-31 11:28:00,200.1639,201.9103,49,61.95,0.00872,模型转空
2025-12-31,600794.SSE,sell,2025-12-31 11:27:00,2025-12-31 11:30:00,102.3694,102.6255,97,-0.23,0.0025,模型转空
2025-12-31,301171.SZSE,sell,2025-12-31 13:29:00,2025-12-31 13:31:00,40.451,41.101,229,124.73,0.01607,模型转空
2025-12-31,600653.SSE,sell,2025-12-31 13:45:00,2025-12-31 13:46:00,200.1639,201.9103,49,61.95,0.00872,模型转空
2025-12-31,301234.SZSE,sell,2025-12-31 14:16:00,2025-12-31 14:21:00,43.78,43.54,197,-70.47,-0.00548,模型转空
2025-12-31,301234.SZSE,sell,2025-12-31 14:25:00,2025-12-31 14:26:00,42.95,43.34,197,54.03,0.00908,模型转空
2025-12-31,002361.SZSE,sell,2025-12-31 14:37:00,2025-12-31 14:40:00,116.31,119.67,80,246.04,0.02889,模型转空
2026-01-05,600675.SSE,sell,2026-01-05 11:27:00,2026-01-05 11:29:00,138.6744,139.0705,71,3.25,0.00286,模型转空
2026-01-05,600653.SSE,sell,2026-01-05 13:28:00,2026-01-05 13:30:00,201.9103,203.6567,48,60.35,0.00865,模型转空
2026-01-05,600653.SSE,sell,2026-01-05 13:31:00,2026-01-05 13:33:00,201.9103,203.6567,48,60.35,0.00865,模型转空
2026-01-05,600653.SSE,sell,2026-01-05 13:57:00,2026-01-05 13:59:00,201.9103,203.6567,48,60.35,0.00865,模型转空
2026-01-05,600665.SSE,sell,2026-01-05 14:24:00,2026-01-05 14:25:00,14.6692,14.7027,681,-2.38,0.00228,模型转空
2026-01-05,600653.SSE,sell,2026-01-05 14:26:00,2026-01-05 14:27:00,201.9103,203.6567,48,60.35,0.00865,模型转空
2026-01-05,300970.SZSE,sell,2026-01-05 14:26:00,2026-01-05 14:29:00,40.62,41.0,220,60.11,0.00936,模型转空
2026-01-05,600653.SSE,sell,2026-01-05 14:28:00,2026-01-05 14:29:00,201.9103,203.6567,48,60.35,0.00865,模型转空
2026-01-05,600665.SSE,sell,2026-01-05 14:26:00,2026-01-05 14:30:00,14.6692,14.6692,681,-25.19,0.0,模型转空
2026-01-05,603278.SSE,sell,2026-01-05 14:30:00,2026-01-05 14:32:00,24.243,23.739,405,-229.05,-0.02079,止损
2026-01-05,603278.SSE,sell,2026-01-05 14:32:00,2026-01-05 14:33:00,23.739,24.565,405,309.89,0.0348,模型转空
2026-01-05,600675.SSE,sell,2026-01-05 14:43:00,2026-01-05 14:46:00,139.4666,139.4666,71,-25.19,0.0,模型转空
2026-01-06,600653.SSE,sell,2026-01-06 10:41:00,2026-01-06 10:42:00,205.403,207.1494,47,58.63,0.0085,模型转空
2026-01-06,600653.SSE,sell,2026-01-06 10:58:00,2026-01-06 10:59:00,205.403,207.1494,47,58.63,0.0085,模型转空
2026-01-06,600653.SSE,sell,2026-01-06 11:05:00,2026-01-06 11:06:00,205.403,207.1494,47,58.63,0.0085,模型转空
2026-01-06,600653.SSE,sell,2026-01-06 11:13:00,2026-01-06 11:14:00,205.403,207.1494,47,58.63,0.0085,模型转空
2026-01-06,600653.SSE,sell,2026-01-06 13:02:00,2026-01-06 13:03:00,205.403,207.1494,47,58.63,0.0085,模型转空
2026-01-06,600653.SSE,sell,2026-01-06 13:28:00,2026-01-06 13:29:00,205.403,207.1494,47,58.63,0.0085,模型转空
2026-01-06,600743.SSE,sell,2026-01-06 13:30:00,2026-01-06 13:33:00,63.6245,63.9213,154,20.91,0.00467,模型转空
2026-01-06,600653.SSE,sell,2026-01-06 13:34:00,2026-01-06 13:38:00,205.403,207.1494,47,58.63,0.0085,模型转空
2026-01-06,600527.SSE,sell,2026-01-06 14:10:00,2026-01-06 14:11:00,59.7885,59.9781,164,6.24,0.00317,模型转空
2026-01-06,600231.SSE,sell,2026-01-06 14:18:00,2026-01-06 14:19:00,18.784,18.9739,527,75.05,0.01011,模型转空
2026-01-06,603278.SSE,sell,2026-01-06 14:23:00,2026-01-06 14:26:00,23.011,23.221,405,60.87,0.00913,模型转空
2026-01-06,600300.SSE,sell,2026-01-06 14:40:00,2026-01-06 14:41:00,26.1589,26.1589,377,-24.99,0.0,模型转空
2026-01-07,600743.SSE,sell,2026-01-07 10:48:00,2026-01-07 10:50:00,63.0308,63.3277,157,21.68,0.00471,模型转空
2026-01-07,600743.SSE,sell,2026-01-07 10:57:00,2026-01-07 10:58:00,63.0308,63.3277,157,21.68,0.00471,模型转空
2026-01-07,600743.SSE,sell,2026-01-07 11:10:00,2026-01-07 11:11:00,63.0308,63.3277,157,21.68,0.00471,模型转空
2026-01-07,600743.SSE,sell,2026-01-07 11:18:00,2026-01-07 11:21:00,63.0308,63.3277,157,21.68,0.00471,模型转空
2026-01-07,600675.SSE,sell,2026-01-07 13:28:00,2026-01-07 13:29:00,139.8627,140.2587,69,2.77,0.00283,模型转空
2026-01-07,600653.SSE,sell,2026-01-07 13:29:00,2026-01-07 13:32:00,203.6567,205.403,48,60.22,0.00858,模型转空
2026-01-07,002361.SZSE,sell,2026-01-07 13:30:00,2026-01-07 13:34:00,123.91,125.75,80,122.84,0.01485,模型转空
2026-01-07,001267.SZSE,sell,2026-01-07 13:27:00,2026-01-07 13:35:00,22.4797,22.7697,396,91.4,0.0129,模型转空
2026-01-07,600653.SSE,sell,2026-01-07 13:33:00,2026-01-07 13:36:00,203.6567,205.403,48,60.22,0.00858,模型转空
2026-01-07,600653.SSE,sell,2026-01-07 13:43:00,2026-01-07 13:46:00,203.6567,205.403,48,60.22,0.00858,模型转空
2026-01-07,600675.SSE,sell,2026-01-07 13:45:00,2026-01-07 13:47:00,139.4666,139.4666,71,-25.19,0.0,模型转空
2026-01-07,600743.SSE,sell,2026-01-07 13:58:00,2026-01-07 13:59:00,63.0308,63.3277,157,21.68,0.00471,模型转空
2026-01-07,600653.SSE,sell,2026-01-07 14:00:00,2026-01-07 14:03:00,203.6567,205.403,48,60.22,0.00858,模型转空
2026-01-07,002766.SZSE,sell,2026-01-07 14:10:00,2026-01-07 14:12:00,14.338,14.538,679,110.99,0.01395,模型转空
2026-01-07,600675.SSE,sell,2026-01-07 14:20:00,2026-01-07 14:21:00,139.4666,139.8627,71,3.16,0.00284,模型转空
2026-01-07,600653.SSE,sell,2026-01-07 14:40:00,2026-01-07 14:41:00,205.403,205.403,47,-24.96,0.0,模型转空
2026-01-07,600653.SSE,sell,2026-01-07 14:42:00,2026-01-07 14:45:00,203.6567,205.403,48,60.22,0.00858,模型转空
2026-01-08,600653.SSE,sell,2026-01-08 11:25:00,2026-01-08 11:27:00,205.403,207.1494,47,58.63,0.0085,模型转空
2026-01-08,600675.SSE,sell,2026-01-08 14:12:00,2026-01-08 14:13:00,140.2587,140.6548,69,2.73,0.00282,模型转空
2026-01-08,600675.SSE,sell,2026-01-08 14:14:00,2026-01-08 14:15:00,140.2587,140.6548,69,2.73,0.00282,模型转空
2026-01-08,002766.SZSE,sell,2026-01-08 14:15:00,2026-01-08 14:16:00,14.278,14.398,679,56.73,0.0084,模型转空
2026-01-08,000592.SZSE,sell,2026-01-08 14:12:00,2026-01-08 14:17:00,116.5213,117.2054,81,31.47,0.00587,模型转空
2026-01-08,603598.SSE,sell,2026-01-08 14:13:00,2026-01-08 14:17:00,48.154,49.494,199,241.92,0.02783,模型转空
2026-01-08,600675.SSE,sell,2026-01-08 14:16:00,2026-01-08 14:17:00,140.2587,140.6548,69,2.73,0.00282,模型转空
2026-01-08,600653.SSE,sell,2026-01-08 14:17:00,2026-01-08 14:18:00,205.403,207.1494,47,58.63,0.0085,模型转空
2026-01-08,600794.SSE,sell,2026-01-08 14:16:00,2026-01-08 14:19:00,102.1133,102.1133,97,-25.12,0.0,模型转空
2026-01-08,600653.SSE,sell,2026-01-08 14:19:00,2026-01-08 14:20:00,205.403,207.1494,47,58.63,0.0085,模型转空
2026-01-08,600675.SSE,sell,2026-01-08 14:22:00,2026-01-08 14:23:00,140.2587,140.6548,69,2.73,0.00282,模型转空
2026-01-08,603598.SSE,sell,2026-01-08 14:26:00,2026-01-08 14:27:00,48.374,48.874,199,74.8,0.01034,模型转空
2026-01-08,600743.SSE,sell,2026-01-08 14:29:00,2026-01-08 14:30:00,63.6245,63.9213,154,20.91,0.00467,模型转空
2026-01-08,600675.SSE,sell,2026-01-08 14:33:00,2026-01-08 14:34:00,140.2587,140.6548,69,2.73,0.00282,模型转空
2026-01-08,600743.SSE,sell,2026-01-08 14:38:00,2026-01-08 14:39:00,63.6245,63.9213,154,20.91,0.00467,模型转空
2026-01-08,600653.SSE,sell,2026-01-08 14:42:00,2026-01-08 14:43:00,205.403,207.1494,47,58.63,0.0085,模型转空
2026-01-08,600653.SSE,sell,2026-01-08 14:44:00,2026-01-08 14:46:00,205.403,207.1494,47,58.63,0.0085,模型转空
2026-01-09,600653.SSE,sell,2026-01-09 10:30:00,2026-01-09 10:31:00,205.403,207.1494,47,58.63,0.0085,模型转空
2026-01-09,600653.SSE,sell,2026-01-09 10:36:00,2026-01-09 10:37:00,205.403,207.1494,47,58.63,0.0085,模型转空
2026-01-09,600653.SSE,sell,2026-01-09 11:03:00,2026-01-09 11:04:00,205.403,207.1494,47,58.63,0.0085,模型转空
2026-01-09,600653.SSE,sell,2026-01-09 11:09:00,2026-01-09 11:10:00,205.403,207.1494,47,58.63,0.0085,模型转空
2026-01-09,600743.SSE,sell,2026-01-09 11:15:00,2026-01-09 11:17:00,63.3277,63.6245,157,21.61,0.00469,模型转空
2026-01-09,600653.SSE,sell,2026-01-09 11:16:00,2026-01-09 11:17:00,205.403,207.1494,47,58.63,0.0085,模型转空
2026-01-09,600653.SSE,sell,2026-01-09 11:22:00,2026-01-09 11:23:00,205.403,207.1494,47,58.63,0.0085,模型转空
2026-01-09,600653.SSE,sell,2026-01-09 11:26:00,2026-01-09 11:29:00,205.403,207.1494,47,58.63,0.0085,模型转空
2026-01-09,300629.SZSE,sell,2026-01-09 11:29:00,2026-01-09 11:30:00,70.1704,70.9816,114,70.89,0.01156,模型转空
2026-01-09,600653.SSE,sell,2026-01-09 11:30:00,2026-01-09 13:01:00,205.403,205.403,47,-24.96,0.0,模型转空
2026-01-09,600653.SSE,sell,2026-01-09 13:41:00,2026-01-09 13:44:00,205.403,207.1494,47,58.63,0.0085,模型转空
2026-01-09,600794.SSE,sell,2026-01-09 13:43:00,2026-01-09 13:44:00,102.6255,102.8816,97,-0.27,0.0025,模型转空
2026-01-09,600675.SSE,sell,2026-01-09 13:44:00,2026-01-09 13:45:00,140.2587,140.6548,69,2.73,0.00282,模型转空
2026-01-09,600653.SSE,sell,2026-01-09 13:48:00,2026-01-09 13:50:00,205.403,207.1494,47,58.63,0.0085,模型转空
2026-01-09,600794.SSE,sell,2026-01-09 13:48:00,2026-01-09 13:50:00,102.6255,102.8816,97,-0.27,0.0025,模型转空
2026-01-09,600653.SSE,sell,2026-01-09 13:54:00,2026-01-09 13:55:00,205.403,207.1494,47,58.63,0.0085,模型转空
2026-01-09,600653.SSE,sell,2026-01-09 13:58:00,2026-01-09 13:59:00,205.403,207.1494,47,58.63,0.0085,模型转空
2026-01-09,600675.SSE,sell,2026-01-09 13:58:00,2026-01-09 13:59:00,140.2587,140.6548,69,2.73,0.00282,模型转空
2026-01-09,600665.SSE,sell,2026-01-09 13:59:00,2026-01-09 14:00:00,14.7363,14.7698,658,-2.7,0.00227,模型转空
2026-01-09,600108.SSE,sell,2026-01-09 14:16:00,2026-01-09 14:18:00,40.3445,40.7039,243,62.41,0.00891,模型转空
2026-01-09,600322.SSE,sell,2026-01-09 14:22:00,2026-01-09 14:23:00,7.9498,7.9772,1257,9.22,0.00345,模型转空
2026-01-09,600322.SSE,sell,2026-01-09 14:26:00,2026-01-09 14:27:00,7.9498,7.9772,1257,9.22,0.00345,模型转空
2026-01-12,300322.SZSE,sell,2026-01-12 13:17:00,2026-01-12 13:18:00,142.9466,143.8106,68,34.16,0.00604,模型转空
2026-01-12,300627.SZSE,sell,2026-01-12 13:18:00,2026-01-12 13:19:00,259.0996,262.7217,34,100.67,0.01398,模型转空
2026-01-12,600653.SSE,sell,2026-01-12 13:57:00,2026-01-12 13:58:00,210.6422,212.3886,46,56.79,0.00829,模型转空
2026-01-12,600665.SSE,sell,2026-01-12 13:58:00,2026-01-12 13:59:00,14.8368,14.8703,658,-2.8,0.00226,模型转空
2026-01-12,600716.SSE,sell,2026-01-12 14:12:00,2026-01-12 14:14:00,19.885,19.885,496,-25.01,0.0,模型转空
2026-01-12,600231.SSE,sell,2026-01-12 14:17:00,2026-01-12 14:18:00,18.9106,18.9739,527,8.2,0.00335,模型转空
2026-01-12,600653.SSE,sell,2026-01-12 14:21:00,2026-01-12 14:22:00,212.3886,214.1349,46,56.67,0.00822,模型转空
2026-01-13,600665.SSE,sell,2026-01-13 13:40:00,2026-01-13 13:42:00,14.9374,14.9709,658,-2.9,0.00224,模型转空
2026-01-13,600665.SSE,sell,2026-01-13 13:45:00,2026-01-13 13:48:00,14.9374,14.9709,658,-2.9,0.00224,模型转空
2026-01-13,000868.SZSE,sell,2026-01-13 14:03:00,2026-01-13 14:04:00,21.9739,21.9739,448,-24.99,0.0,模型转空
2026-01-13,000868.SZSE,sell,2026-01-13 14:11:00,2026-01-13 14:13:00,21.9284,21.9739,448,-4.59,0.00207,模型转空
2026-01-13,600665.SSE,sell,2026-01-13 14:11:00,2026-01-13 14:14:00,14.9374,14.9709,658,-2.9,0.00224,模型转空
2026-01-13,002361.SZSE,sell,2026-01-13 14:12:00,2026-01-13 14:14:00,137.91,139.51,69,85.85,0.0116,模型转空
2026-01-13,600675.SSE,sell,2026-01-13 14:15:00,2026-01-13 14:16:00,141.447,141.8431,69,2.6,0.0028,模型转空
2026-01-13,600743.SSE,sell,2026-01-13 14:16:00,2026-01-13 14:19:00,63.0308,63.0308,157,-25.12,0.0,模型转空
2026-01-13,300937.SZSE,sell,2026-01-13 14:19:00,2026-01-13 14:21:00,41.48,42.1,194,98.18,0.01495,模型转空
2026-01-13,600675.SSE,sell,2026-01-13 14:26:00,2026-01-13 14:28:00,141.447,141.8431,69,2.6,0.0028,模型转空
2026-01-13,600231.SSE,sell,2026-01-13 14:40:00,2026-01-13 14:43:00,18.9106,18.9106,527,-25.17,0.0,模型转空
2026-01-13,600653.SSE,sell,2026-01-13 14:43:00,2026-01-13 14:44:00,210.6422,212.3886,46,56.79,0.00829,模型转空
2026-01-13,301017.SZSE,sell,2026-01-13 14:42:00,2026-01-13 14:45:00,19.468,19.588,485,33.83,0.00616,模型转空
2026-01-13,601933.SSE,sell,2026-01-13 14:44:00,2026-01-13 14:46:00,48.3232,48.3232,198,-24.61,0.0,模型转空
2026-01-14,600743.SSE,sell,2026-01-14 10:43:00,2026-01-14 10:44:00,62.734,63.0308,157,21.75,0.00473,模型转空
2026-01-14,600653.SSE,sell,2026-01-14 10:46:00,2026-01-14 10:48:00,212.3886,212.3886,46,-25.14,0.0,模型转空
2026-01-14,600743.SSE,sell,2026-01-14 10:50:00,2026-01-14 10:51:00,62.734,63.0308,157,21.75,0.00473,模型转空
2026-01-14,600743.SSE,sell,2026-01-14 11:27:00,2026-01-14 11:29:00,63.0308,63.3277,157,21.68,0.00471,模型转空
2026-01-14,600653.SSE,sell,2026-01-14 11:29:00,2026-01-14 11:30:00,212.3886,214.1349,46,56.67,0.00822,模型转空
2026-01-14,600653.SSE,sell,2026-01-14 13:10:00,2026-01-14 13:11:00,210.6422,212.3886,46,56.79,0.00829,模型转空
2026-01-14,300766.SZSE,sell,2026-01-14 13:16:00,2026-01-14 13:18:00,47.6,48.23,198,100.41,0.01324,模型转空
2026-01-14,600343.SSE,sell,2026-01-14 13:17:00,2026-01-14 13:18:00,154.6923,156.4028,62,82.27,0.01106,模型转空
2026-01-14,002451.SZSE,sell,2026-01-14 13:16:00,2026-01-14 13:19:00,37.905,37.785,257,-55.71,-0.00317,模型转空
2026-01-14,300496.SZSE,sell,2026-01-14 13:16:00,2026-01-14 13:19:00,334.2281,336.0652,24,22.86,0.0055,模型转空
2026-01-14,002195.SZSE,sell,2026-01-14 13:17:00,2026-01-14 13:19:00,363.4797,369.0821,24,112.44,0.01541,模型转空
2026-01-14,600501.SSE,sell,2026-01-14 13:18:00,2026-01-14 13:20:00,140.8729,141.8665,66,41.47,0.00705,模型转空
2026-01-14,301053.SZSE,sell,2026-01-14 13:30:00,2026-01-14 13:33:00,36.4274,36.6674,210,28.78,0.00659,模型转空
2026-01-14,600089.SSE,sell,2026-01-14 13:33:00,2026-01-14 13:35:00,1972.5133,1977.9778,4,0.0,0.00277,模型转空
2026-01-14,300063.SZSE,sell,2026-01-14 13:35:00,2026-01-14 13:38:00,131.895,133.02,65,50.67,0.00853,模型转空
2026-01-14,600665.SSE,sell,2026-01-14 13:45:00,2026-01-14 13:46:00,14.8368,14.8703,658,-2.8,0.00226,模型转空
2026-01-14,301171.SZSE,sell,2026-01-14 13:44:00,2026-01-14 13:47:00,77.651,78.901,76,76.38,0.0161,模型转空
2026-01-14,600743.SSE,sell,2026-01-14 13:46:00,2026-01-14 13:48:00,62.734,63.0308,157,21.75,0.00473,模型转空
2026-01-14,300766.SZSE,sell,2026-01-14 13:44:00,2026-01-14 13:49:00,46.79,46.89,198,-4.3,0.00214,模型转空
2026-01-14,600653.SSE,sell,2026-01-14 13:49:00,2026-01-14 13:52:00,208.8958,210.6422,46,56.92,0.00836,模型转空
2026-01-14,600665.SSE,sell,2026-01-14 13:51:00,2026-01-14 13:52:00,14.8368,14.8703,658,-2.8,0.00226,模型转空
2026-01-14,600089.SSE,sell,2026-01-14 13:53:00,2026-01-14 13:55:00,1939.0427,1949.9719,4,22.4,0.00564,模型转空
2026-01-14,301230.SZSE,sell,2026-01-14 13:43:00,2026-01-14 13:56:00,112.619,111.0356,81,-153.24,-0.01406,模型转空
2026-01-14,301171.SZSE,sell,2026-01-14 13:59:00,2026-01-14 14:01:00,77.631,78.261,76,29.07,0.00812,模型转空
2026-01-14,300229.SZSE,sell,2026-01-14 13:59:00,2026-01-14 14:02:00,145.3105,145.9225,56,12.22,0.00421,模型转空
2026-01-14,002195.SZSE,sell,2026-01-14 14:01:00,2026-01-14 14:02:00,358.7177,363.1996,27,99.08,0.01249,模型转空
2026-01-14,300063.SZSE,sell,2026-01-14 13:59:00,2026-01-14 14:03:00,127.62,130.47,65,164.32,0.02233,模型转空
2026-01-14,002383.SZSE,sell,2026-01-14 14:00:00,2026-01-14 14:03:00,60.7468,61.5892,145,98.73,0.01387,模型转空
2026-01-14,300937.SZSE,sell,2026-01-14 14:02:00,2026-01-14 14:03:00,42.22,42.77,194,84.36,0.01303,模型转空
2026-01-14,600653.SSE,sell,2026-01-14 14:00:00,2026-01-14 14:04:00,207.1494,207.1494,47,-25.09,0.0,模型转空
2026-01-14,600665.SSE,sell,2026-01-14 14:07:00,2026-01-14 14:09:00,14.7363,14.7698,658,-2.7,0.00227,模型转空
2026-01-14,002446.SZSE,sell,2026-01-14 14:08:00,2026-01-14 14:10:00,63.8273,65.3345,141,188.97,0.02361,模型转空
2026-01-14,300937.SZSE,sell,2026-01-14 14:07:00,2026-01-14 14:12:00,41.92,42.6,194,109.7,0.01622,模型转空
2026-01-14,600665.SSE,sell,2026-01-14 14:33:00,2026-01-14 14:34:00,14.8033,14.8368,658,-2.77,0.00226,模型转空
2026-01-14,300063.SZSE,sell,2026-01-14 14:41:00,2026-01-14 14:46:00,126.795,127.32,78,16.16,0.00414,模型转空
2026-01-15,600653.SSE,sell,2026-01-15 10:02:00,2026-01-15 10:03:00,208.8958,210.6422,46,56.92,0.00836,模型转空
2026-01-15,600653.SSE,sell,2026-01-15 10:45:00,2026-01-15 10:46:00,205.403,207.1494,47,58.63,0.0085,模型转空
2026-01-15,600653.SSE,sell,2026-01-15 10:47:00,2026-01-15 10:49:00,205.403,207.1494,47,58.63,0.0085,模型转空
2026-01-15,600653.SSE,sell,2026-01-15 10:52:00,2026-01-15 10:53:00,205.403,207.1494,47,58.63,0.0085,模型转空
2026-01-15,600653.SSE,sell,2026-01-15 10:54:00,2026-01-15 10:56:00,205.403,207.1494,47,58.63,0.0085,模型转空
2026-01-15,600343.SSE,sell,2026-01-15 10:58:00,2026-01-15 11:05:00,146.475,149.4601,62,162.77,0.02038,模型转空
2026-01-15,600675.SSE,sell,2026-01-15 11:15:00,2026-01-15 11:16:00,139.8627,140.2587,69,2.77,0.00283,模型转空
2026-01-15,301017.SZSE,sell,2026-01-15 11:16:00,2026-01-15 11:19:00,18.608,18.628,485,-14.03,0.00107,模型转空
2026-01-15,600653.SSE,sell,2026-01-15 11:28:00,2026-01-15 11:30:00,205.403,207.1494,47,58.63,0.0085,模型转空
2026-01-15,000592.SZSE,sell,2026-01-15 13:18:00,2026-01-15 13:23:00,106.031,106.2591,81,-4.54,0.00215,模型转空
2026-01-15,605100.SSE,sell,2026-01-15 13:26:00,2026-01-15 13:28:00,95.298,95.984,70,27.88,0.0072,模型转空
2026-01-15,600653.SSE,sell,2026-01-15 13:29:00,2026-01-15 13:30:00,205.403,207.1494,47,58.63,0.0085,模型转空
2026-01-15,600653.SSE,sell,2026-01-15 13:48:00,2026-01-15 13:50:00,205.403,207.1494,47,58.63,0.0085,模型转空
2026-01-15,600743.SSE,sell,2026-01-15 13:53:00,2026-01-15 13:55:00,62.4371,62.734,157,21.82,0.00475,模型转空
2026-01-15,600743.SSE,sell,2026-01-15 13:56:00,2026-01-15 13:57:00,62.4371,62.734,157,21.82,0.00475,模型转空
2026-01-15,600653.SSE,sell,2026-01-15 13:57:00,2026-01-15 13:58:00,205.403,207.1494,47,58.63,0.0085,模型转空
2026-01-15,600743.SSE,sell,2026-01-15 14:02:00,2026-01-15 14:04:00,62.4371,62.734,157,21.82,0.00475,模型转空
2026-01-15,600675.SSE,sell,2026-01-15 14:05:00,2026-01-15 14:06:00,141.0509,141.447,69,2.65,0.00281,模型转空
2026-01-15,600743.SSE,sell,2026-01-15 14:10:00,2026-01-15 14:11:00,62.4371,62.734,157,21.82,0.00475,模型转空
2026-01-15,600743.SSE,sell,2026-01-15 14:12:00,2026-01-15 14:13:00,62.4371,62.734,157,21.82,0.00475,模型转空
2026-01-15,600433.SSE,sell,2026-01-15 14:12:00,2026-01-15 14:13:00,22.8441,22.9018,424,-0.3,0.00252,模型转空
2026-01-15,600653.SSE,sell,2026-01-15 14:12:00,2026-01-15 14:13:00,205.403,207.1494,47,58.63,0.0085,模型转空
2026-01-15,600527.SSE,sell,2026-01-15 14:13:00,2026-01-15 14:15:00,59.2199,59.4095,168,6.74,0.0032,模型转空
2026-01-15,600743.SSE,sell,2026-01-15 14:14:00,2026-01-15 14:15:00,62.4371,62.734,157,21.82,0.00475,模型转空
2026-01-15,600675.SSE,sell,2026-01-15 14:13:00,2026-01-15 14:16:00,141.0509,141.447,69,2.65,0.00281,模型转空
2026-01-15,002495.SZSE,sell,2026-01-15 14:16:00,2026-01-15 14:17:00,25.4817,25.5716,389,9.93,0.00353,模型转空
2026-01-15,600653.SSE,sell,2026-01-15 14:21:00,2026-01-15 14:22:00,205.403,207.1494,47,58.63,0.0085,模型转空
2026-01-15,600653.SSE,sell,2026-01-15 14:23:00,2026-01-15 14:24:00,205.403,207.1494,47,58.63,0.0085,模型转空
2026-01-15,600743.SSE,sell,2026-01-15 14:28:00,2026-01-15 14:29:00,62.4371,62.734,157,21.82,0.00475,模型转空
2026-01-15,600675.SSE,sell,2026-01-15 14:31:00,2026-01-15 14:32:00,141.0509,141.447,69,2.65,0.00281,模型转空
2026-01-15,600743.SSE,sell,2026-01-15 14:32:00,2026-01-15 14:34:00,62.4371,62.734,157,21.82,0.00475,模型转空
2026-01-16,300818.SZSE,sell,2026-01-16 09:36:00,2026-01-16 09:42:00,80.5097,80.2787,106,-47.69,-0.00287,模型转空
2026-01-16,600653.SSE,sell,2026-01-16 10:30:00,2026-01-16 10:35:00,203.6567,203.6567,48,-25.15,0.0,模型转空
2026-01-16,300063.SZSE,sell,2026-01-16 10:31:00,2026-01-16 10:37:00,95.445,95.295,91,-37.13,-0.00157,模型转空
2026-01-16,600743.SSE,sell,2026-01-16 10:54:00,2026-01-16 10:55:00,61.8435,62.1403,160,22.6,0.0048,模型转空
2026-01-16,600743.SSE,sell,2026-01-16 11:00:00,2026-01-16 11:02:00,61.8435,62.1403,160,22.6,0.0048,模型转空
2026-01-16,600743.SSE,sell,2026-01-16 11:19:00,2026-01-16 11:20:00,61.8435,62.1403,160,22.6,0.0048,模型转空
2026-01-16,600743.SSE,sell,2026-01-16 11:29:00,2026-01-16 11:30:00,61.8435,62.1403,160,22.6,0.0048,模型转空
2026-01-16,002495.SZSE,sell,2026-01-16 13:25:00,2026-01-16 13:26:00,24.7619,24.9419,400,46.85,0.00727,模型转空
2026-01-16,600743.SSE,sell,2026-01-16 13:29:00,2026-01-16 13:30:00,61.5466,61.8435,160,22.68,0.00482,模型转空
2026-01-16,600743.SSE,sell,2026-01-16 13:35:00,2026-01-16 13:36:00,61.5466,61.8435,160,22.68,0.00482,模型转空
2026-01-16,600653.SSE,sell,2026-01-16 13:37:00,2026-01-16 13:38:00,203.6567,205.403,48,60.22,0.00858,模型转空
2026-01-16,600743.SSE,sell,2026-01-16 13:37:00,2026-01-16 13:39:00,61.5466,61.8435,160,22.68,0.00482,模型转空
2026-01-16,600743.SSE,sell,2026-01-16 13:44:00,2026-01-16 13:45:00,61.5466,61.8435,160,22.68,0.00482,模型转空
2026-01-16,600743.SSE,sell,2026-01-16 14:04:00,2026-01-16 14:07:00,61.5466,61.8435,160,22.68,0.00482,模型转空
2026-01-16,600743.SSE,sell,2026-01-16 14:16:00,2026-01-16 14:17:00,61.5466,61.8435,160,22.68,0.00482,模型转空
2026-01-16,600743.SSE,sell,2026-01-16 14:25:00,2026-01-16 14:26:00,61.5466,61.8435,160,22.68,0.00482,模型转空
2026-01-16,600231.SSE,sell,2026-01-16 14:31:00,2026-01-16 14:32:00,18.3408,18.4041,538,9.04,0.00345,模型转空
2026-01-16,300882.SZSE,sell,2026-01-16 14:41:00,2026-01-16 14:45:00,47.178,47.269,204,-6.06,0.00193,模型转空
2026-01-19,600653.SSE,sell,2026-01-19 10:54:00,2026-01-19 10:55:00,205.403,207.1494,47,58.63,0.0085,模型转空
2026-01-19,300599.SZSE,sell,2026-01-19 11:24:00,2026-01-19 11:28:00,12.02,12.22,812,137.47,0.01664,模型转空
2026-01-19,600794.SSE,sell,2026-01-19 11:28:00,2026-01-19 11:29:00,102.8816,103.1378,93,-0.68,0.00249,模型转空
2026-01-19,001260.SZSE,sell,2026-01-19 13:53:00,2026-01-19 13:56:00,24.881,25.011,379,24.94,0.00522,模型转空
2026-01-19,600231.SSE,sell,2026-01-19 14:07:00,2026-01-19 14:08:00,18.4041,18.4674,538,8.99,0.00344,模型转空
2026-01-19,600743.SSE,sell,2026-01-19 14:16:00,2026-01-19 14:17:00,61.2498,61.5466,160,22.75,0.00485,模型转空
2026-01-19,600653.SSE,sell,2026-01-19 14:16:00,2026-01-19 14:17:00,207.1494,208.8958,47,58.5,0.00843,模型转空
2026-01-19,600743.SSE,sell,2026-01-19 14:20:00,2026-01-19 14:21:00,61.2498,61.5466,160,22.75,0.00485,模型转空
2026-01-19,600653.SSE,sell,2026-01-19 14:21:00,2026-01-19 14:22:00,207.1494,208.8958,47,58.5,0.00843,模型转空
2026-01-19,600653.SSE,sell,2026-01-19 14:28:00,2026-01-19 14:29:00,207.1494,208.8958,47,58.5,0.00843,模型转空
2026-01-19,600653.SSE,sell,2026-01-19 14:40:00,2026-01-19 14:42:00,207.1494,208.8958,47,58.5,0.00843,模型转空
2026-01-20,301256.SZSE,sell,2026-01-20 10:33:00,2026-01-20 10:34:00,17.66,17.82,564,65.14,0.00906,模型转空
2026-01-20,600653.SSE,sell,2026-01-20 11:06:00,2026-01-20 11:10:00,207.1494,208.8958,47,58.5,0.00843,模型转空
2026-01-20,600653.SSE,sell,2026-01-20 11:16:00,2026-01-20 11:17:00,207.1494,208.8958,47,58.5,0.00843,模型转空
2026-01-20,600743.SSE,sell,2026-01-20 11:20:00,2026-01-20 11:21:00,61.8435,62.1403,160,22.6,0.0048,模型转空
2026-01-20,600653.SSE,sell,2026-01-20 13:02:00,2026-01-20 13:03:00,207.1494,208.8958,47,58.5,0.00843,模型转空
2026-01-20,600653.SSE,sell,2026-01-20 13:10:00,2026-01-20 13:11:00,207.1494,208.8958,47,58.5,0.00843,模型转空
2026-01-20,600653.SSE,sell,2026-01-20 13:14:00,2026-01-20 13:15:00,207.1494,208.8958,47,58.5,0.00843,模型转空
2026-01-20,600653.SSE,sell,2026-01-20 13:22:00,2026-01-20 13:23:00,207.1494,208.8958,47,58.5,0.00843,模型转空
2026-01-20,600653.SSE,sell,2026-01-20 13:25:00,2026-01-20 13:26:00,207.1494,208.8958,47,58.5,0.00843,模型转空
2026-01-20,600653.SSE,sell,2026-01-20 13:29:00,2026-01-20 13:30:00,207.1494,208.8958,47,58.5,0.00843,模型转空
2026-01-20,000592.SZSE,sell,2026-01-20 13:28:00,2026-01-20 13:32:00,82.0099,80.0335,109,-239.22,-0.0241,止损
2026-01-20,000592.SZSE,sell,2026-01-20 13:32:00,2026-01-20 13:38:00,80.0335,81.4778,122,152.31,0.01805,模型转空
2026-01-20,600653.SSE,sell,2026-01-20 14:12:00,2026-01-20 14:14:00,207.1494,208.8958,47,58.5,0.00843,模型转空
2026-01-20,600743.SSE,sell,2026-01-20 14:13:00,2026-01-20 14:16:00,61.8435,61.8435,160,-25.13,0.0,模型转空
2026-01-20,600653.SSE,sell,2026-01-20 14:18:00,2026-01-20 14:19:00,207.1494,208.8958,47,58.5,0.00843,模型转空
2026-01-20,600653.SSE,sell,2026-01-20 14:20:00,2026-01-20 14:21:00,207.1494,208.8958,47,58.5,0.00843,模型转空
2026-01-20,600653.SSE,sell,2026-01-20 14:22:00,2026-01-20 14:23:00,207.1494,208.8958,47,58.5,0.00843,模型转空
2026-01-20,600231.SSE,sell,2026-01-20 14:23:00,2026-01-20 14:24:00,18.594,18.6573,527,8.46,0.0034,模型转空
2026-01-20,600307.SSE,sell,2026-01-20 14:24:00,2026-01-20 14:25:00,8.0299,8.0616,1243,14.17,0.00395,模型转空
2026-01-20,600653.SSE,sell,2026-01-20 14:29:00,2026-01-20 14:31:00,207.1494,208.8958,47,58.5,0.00843,模型转空
2026-01-20,600089.SSE,sell,2026-01-20 14:39:00,2026-01-20 14:41:00,2221.8345,2268.2834,4,164.91,0.02091,模型转空
2026-01-21,600241.SSE,sell,2026-01-21 09:37:00,2026-01-21 09:40:00,20.2925,20.4775,490,65.48,0.00911,模型转空
2026-01-21,600653.SSE,sell,2026-01-21 11:24:00,2026-01-21 11:25:00,205.403,207.1494,47,58.63,0.0085,模型转空
2026-01-21,603712.SSE,sell,2026-01-21 11:21:00,2026-01-21 13:02:00,22.35,22.29,382,-45.9,-0.00268,模型转空
2026-01-21,600653.SSE,sell,2026-01-21 13:17:00,2026-01-21 13:19:00,205.403,207.1494,47,58.63,0.0085,模型转空
2026-01-21,600653.SSE,sell,2026-01-21 13:32:00,2026-01-21 13:33:00,205.403,207.1494,47,58.63,0.0085,模型转空
2026-01-21,600743.SSE,sell,2026-01-21 14:23:00,2026-01-21 14:24:00,61.5466,61.8435,160,22.68,0.00482,模型转空
2026-01-21,300606.SZSE,sell,2026-01-21 14:24:00,2026-01-21 14:25:00,57.865,58.57,129,69.98,0.01218,模型转空
2026-01-22,600743.SSE,sell,2026-01-22 13:26:00,2026-01-22 13:28:00,61.5466,61.8435,160,22.68,0.00482,模型转空
2026-01-22,600280.SSE,sell,2026-01-22 13:57:00,2026-01-22 13:58:00,52.2631,52.2631,186,-24.78,0.0,模型转空
2026-01-22,600653.SSE,sell,2026-01-22 14:07:00,2026-01-22 14:08:00,212.3886,214.1349,46,56.67,0.00822,模型转空
2026-01-22,600743.SSE,sell,2026-01-22 14:10:00,2026-01-22 14:12:00,61.5466,61.8435,160,22.68,0.00482,模型转空
2026-01-22,600743.SSE,sell,2026-01-22 14:16:00,2026-01-22 14:17:00,61.5466,61.8435,160,22.68,0.00482,模型转空
2026-01-22,600794.SSE,sell,2026-01-22 14:24:00,2026-01-22 14:25:00,104.6746,104.9307,93,-0.93,0.00245,模型转空
2026-01-22,600653.SSE,sell,2026-01-22 14:32:00,2026-01-22 14:34:00,212.3886,214.1349,46,56.67,0.00822,模型转空
2026-01-23,600653.SSE,sell,2026-01-23 11:13:00,2026-01-23 11:14:00,212.3886,214.1349,46,56.67,0.00822,模型转空
2026-01-23,600653.SSE,sell,2026-01-23 13:45:00,2026-01-23 13:47:00,214.1349,215.8813,45,55.1,0.00816,模型转空
2026-01-23,600433.SSE,sell,2026-01-23 13:58:00,2026-01-23 13:59:00,24.5739,24.6315,395,-1.99,0.00235,模型转空
2026-01-23,600527.SSE,sell,2026-01-23 13:58:00,2026-01-23 14:01:00,61.8735,62.063,161,5.36,0.00306,模型转空
2026-01-23,301171.SZSE,sell,2026-01-23 14:12:00,2026-01-23 14:14:00,65.511,66.241,76,38.11,0.01114,模型转空
2026-01-23,600743.SSE,sell,2026-01-23 14:33:00,2026-01-23 14:34:00,62.1403,62.4371,157,21.89,0.00478,模型转空
2026-01-26,600653.SSE,sell,2026-01-26 10:45:00,2026-01-26 10:46:00,208.8958,210.6422,46,56.92,0.00836,模型转空
2026-01-26,600653.SSE,sell,2026-01-26 10:47:00,2026-01-26 10:48:00,208.8958,210.6422,46,56.92,0.00836,模型转空
2026-01-26,600653.SSE,sell,2026-01-26 11:19:00,2026-01-26 11:20:00,208.8958,210.6422,46,56.92,0.00836,模型转空
2026-01-26,600653.SSE,sell,2026-01-26 11:26:00,2026-01-26 11:27:00,208.8958,210.6422,46,56.92,0.00836,模型转空
2026-01-26,600653.SSE,sell,2026-01-26 13:27:00,2026-01-26 13:28:00,207.1494,208.8958,47,58.5,0.00843,模型转空
2026-01-26,600322.SSE,sell,2026-01-26 13:30:00,2026-01-26 13:33:00,7.7854,7.8128,1257,9.53,0.00352,模型转空
2026-01-26,600527.SSE,sell,2026-01-26 13:32:00,2026-01-26 13:33:00,61.4944,61.6839,161,5.46,0.00308,模型转空
2026-01-26,600653.SSE,sell,2026-01-26 13:33:00,2026-01-26 13:34:00,207.1494,208.8958,47,58.5,0.00843,模型转空
2026-01-26,002285.SZSE,sell,2026-01-26 13:34:00,2026-01-26 13:35:00,43.0597,43.1933,230,5.72,0.0031,模型转空
2026-01-26,600653.SSE,sell,2026-01-26 13:35:00,2026-01-26 13:36:00,207.1494,208.8958,47,58.5,0.00843,模型转空
2026-01-26,600653.SSE,sell,2026-01-26 14:07:00,2026-01-26 14:09:00,205.403,207.1494,47,58.63,0.0085,模型转空
2026-01-26,301230.SZSE,sell,2026-01-26 14:13:00,2026-01-26 14:17:00,93.2724,93.691,81,12.59,0.00449,模型转空
2026-01-26,300818.SZSE,sell,2026-01-26 14:13:00,2026-01-26 14:22:00,105.4787,104.7647,71,-72.16,-0.00677,模型转空
2026-01-27,600359.SSE,sell,2026-01-27 09:35:00,2026-01-27 09:40:00,10.9711,10.9886,870,-9.26,0.0016,模型转空
2026-01-27,600653.SSE,sell,2026-01-27 10:00:00,2026-01-27 10:01:00,200.1639,201.9103,49,61.95,0.00872,模型转空
2026-01-27,600743.SSE,sell,2026-01-27 11:27:00,2026-01-27 11:29:00,60.9529,61.2498,160,22.82,0.00487,模型转空
2026-01-28,600653.SSE,sell,2026-01-28 13:45:00,2026-01-28 13:46:00,203.6567,205.403,48,60.22,0.00858,模型转空
2026-01-28,600653.SSE,sell,2026-01-28 13:53:00,2026-01-28 13:54:00,203.6567,205.403,48,60.22,0.00858,模型转空
2026-01-28,600653.SSE,sell,2026-01-28 14:00:00,2026-01-28 14:01:00,203.6567,205.403,48,60.22,0.00858,模型转空
2026-01-28,600794.SSE,sell,2026-01-28 14:08:00,2026-01-28 14:09:00,103.1378,103.1378,93,-24.69,0.0,模型转空
2026-01-28,600673.SSE,sell,2026-01-28 14:12:00,2026-01-28 14:17:00,414.7775,419.7436,19,74.66,0.01197,模型转空
2026-01-28,000592.SZSE,sell,2026-01-28 14:19:00,2026-01-28 14:20:00,81.2497,81.9339,122,58.79,0.00842,模型转空
2026-01-28,600743.SSE,sell,2026-01-28 14:20:00,2026-01-28 14:22:00,61.5466,61.8435,160,22.68,0.00482,模型转空
2026-01-28,002495.SZSE,sell,2026-01-28 14:23:00,2026-01-28 14:24:00,25.8415,25.9315,379,9.2,0.00348,模型转空
2026-01-28,600280.SSE,sell,2026-01-28 14:24:00,2026-01-28 14:27:00,49.1373,49.2575,200,-0.87,0.00245,模型转空
2026-01-28,600743.SSE,sell,2026-01-28 14:29:00,2026-01-28 14:31:00,61.5466,61.8435,160,22.68,0.00482,模型转空
2026-01-28,600653.SSE,sell,2026-01-28 14:30:00,2026-01-28 14:33:00,203.6567,205.403,48,60.22,0.00858,模型转空
2026-01-29,301085.SZSE,sell,2026-01-29 09:35:00,2026-01-29 09:41:00,57.9057,59.9957,97,184.85,0.03609,模型转空
2026-01-29,301171.SZSE,sell,2026-01-29 11:18:00,2026-01-29 11:20:00,70.231,71.971,76,114.64,0.02478,模型转空
2026-01-29,600653.SSE,sell,2026-01-29 11:21:00,2026-01-29 11:23:00,203.6567,205.403,48,60.22,0.00858,模型转空
2026-01-29,600653.SSE,sell,2026-01-29 13:30:00,2026-01-29 13:31:00,201.9103,203.6567,48,60.35,0.00865,模型转空
2026-01-29,600653.SSE,sell,2026-01-29 13:32:00,2026-01-29 13:33:00,201.9103,203.6567,48,60.35,0.00865,模型转空
2026-01-29,000426.SZSE,sell,2026-01-29 13:30:00,2026-01-29 13:35:00,1805.9733,1812.6593,3,4.85,0.0037,模型转空
2026-01-29,600653.SSE,sell,2026-01-29 13:59:00,2026-01-29 14:00:00,201.9103,203.6567,48,60.35,0.00865,模型转空
2026-01-29,300697.SZSE,sell,2026-01-29 13:59:00,2026-01-29 14:01:00,59.198,60.3066,136,129.12,0.01873,模型转空
2026-01-29,300191.SZSE,sell,2026-01-29 14:11:00,2026-01-29 14:14:00,137.36,138.8,49,50.91,0.01048,模型转空
2026-01-29,600230.SSE,sell,2026-01-29 14:12:00,2026-01-29 14:15:00,44.0466,44.8472,188,128.34,0.01818,模型转空
2026-01-29,300063.SZSE,sell,2026-01-29 14:13:00,2026-01-29 14:15:00,125.37,125.97,78,22.23,0.00479,模型转空
2026-01-29,002495.SZSE,sell,2026-01-29 14:14:00,2026-01-29 14:15:00,25.6616,25.7516,379,9.31,0.00351,模型转空
2026-01-29,301171.SZSE,sell,2026-01-29 14:12:00,2026-01-29 14:16:00,69.411,69.841,76,14.76,0.00619,模型转空
2026-01-29,000592.SZSE,sell,2026-01-29 14:14:00,2026-01-29 14:16:00,77.2209,77.829,122,50.21,0.00788,模型转空
2026-01-29,300393.SZSE,sell,2026-01-29 14:15:00,2026-01-29 14:16:00,52.5814,52.8099,188,18.02,0.00435,模型转空
2026-01-29,600665.SSE,sell,2026-01-29 14:41:00,2026-01-29 14:42:00,15.5406,15.5742,635,-3.73,0.00216,模型转空
2026-01-30,603177.SSE,sell,2026-01-30 09:37:00,2026-01-30 09:40:00,11.54,11.65,782,62.24,0.00953,模型转空
2026-01-30,300818.SZSE,sell,2026-01-30 09:35:00,2026-01-30 09:44:00,105.2057,102.5177,71,-212.44,-0.02555,止损
2026-01-30,600653.SSE,sell,2026-01-30 10:34:00,2026-01-30 10:36:00,200.1639,201.9103,49,61.95,0.00872,模型转空
2026-01-30,603619.SSE,sell,2026-01-30 10:32:00,2026-01-30 10:39:00,37.323,37.413,180,-4.01,0.00241,模型转空
2026-01-30,600653.SSE,sell,2026-01-30 10:57:00,2026-01-30 10:59:00,200.1639,201.9103,49,61.95,0.00872,模型转空
2026-01-30,002495.SZSE,sell,2026-01-30 10:59:00,2026-01-30 11:02:00,25.6616,25.6616,379,-24.8,0.0,模型转空
2026-01-30,600653.SSE,sell,2026-01-30 11:10:00,2026-01-30 11:11:00,200.1639,201.9103,49,61.95,0.00872,模型转空
2026-01-30,600653.SSE,sell,2026-01-30 11:20:00,2026-01-30 11:21:00,200.1639,201.9103,49,61.95,0.00872,模型转空
2026-01-30,002495.SZSE,sell,2026-01-30 11:20:00,2026-01-30 11:22:00,25.5716,25.6616,389,9.88,0.00352,模型转空
2026-01-30,600653.SSE,sell,2026-01-30 11:22:00,2026-01-30 11:27:00,200.1639,201.9103,49,61.95,0.00872,模型转空
2026-01-30,002495.SZSE,sell,2026-01-30 11:28:00,2026-01-30 11:30:00,25.5716,25.6616,389,9.88,0.00352,模型转空
2026-01-30,600743.SSE,sell,2026-01-30 11:29:00,2026-01-30 13:01:00,60.9529,61.2498,160,22.82,0.00487,模型转空
2026-01-30,301073.SZSE,sell,2026-01-30 11:23:00,2026-01-30 13:02:00,72.4287,72.8112,128,25.01,0.00528,模型转空
2026-01-30,603619.SSE,sell,2026-01-30 14:13:00,2026-01-30 14:15:00,37.333,37.513,180,12.21,0.00482,模型转空
2026-01-30,300818.SZSE,sell,2026-01-30 14:16:00,2026-01-30 14:19:00,106.2977,106.7177,71,8.36,0.00395,模型转空
2026-01-30,600716.SSE,sell,2026-01-30 14:33:00,2026-01-30 14:34:00,20.1269,20.1672,496,-5.19,0.002,模型转空
2026-01-30,600743.SSE,sell,2026-01-30 14:37:00,2026-01-30 14:39:00,61.2498,61.5466,160,22.75,0.00485,模型转空
2026-02-02,001306.SZSE,sell,2026-02-02 09:36:00,2026-02-02 09:41:00,82.16,81.83,98,-54.67,-0.00402,模型转空
2026-02-02,002743.SZSE,sell,2026-02-02 09:35:00,2026-02-02 09:42:00,12.0097,12.3097,818,220.45,0.02498,模型转空
2026-02-02,300603.SZSE,sell,2026-02-02 09:35:00,2026-02-02 09:42:00,25.7669,25.7669,382,-25.0,0.0,模型转空
2026-02-02,301097.SZSE,sell,2026-02-02 09:35:00,2026-02-02 09:43:00,59.3116,58.4816,136,-135.46,-0.01399,模型转空
2026-02-02,600653.SSE,sell,2026-02-02 11:28:00,2026-02-02 11:29:00,200.1639,201.9103,49,61.95,0.00872,模型转空
2026-02-02,600653.SSE,sell,2026-02-02 11:30:00,2026-02-02 13:01:00,200.1639,201.9103,49,61.95,0.00872,模型转空
2026-02-02,600665.SSE,sell,2026-02-02 11:29:00,2026-02-02 13:02:00,15.5406,15.5742,635,-3.73,0.00216,模型转空
2026-02-02,600675.SSE,sell,2026-02-02 11:30:00,2026-02-02 13:02:00,144.6158,145.0118,67,1.94,0.00274,模型转空
2026-02-02,600653.SSE,sell,2026-02-02 13:33:00,2026-02-02 13:34:00,200.1639,201.9103,49,61.95,0.00872,模型转空
2026-02-02,600280.SSE,sell,2026-02-02 13:33:00,2026-02-02 13:34:00,49.7384,49.8586,200,-1.06,0.00242,模型转空
2026-02-02,600653.SSE,sell,2026-02-02 13:36:00,2026-02-02 13:37:00,200.1639,201.9103,49,61.95,0.00872,模型转空
2026-02-02,600653.SSE,sell,2026-02-02 13:42:00,2026-02-02 13:43:00,200.1639,201.9103,49,61.95,0.00872,模型转空
2026-02-02,600653.SSE,sell,2026-02-02 13:46:00,2026-02-02 13:47:00,200.1639,201.9103,49,61.95,0.00872,模型转空
2026-02-02,600665.SSE,sell,2026-02-02 13:50:00,2026-02-02 13:51:00,15.4736,15.5071,635,-3.67,0.00217,模型转空
2026-02-02,600743.SSE,sell,2026-02-02 13:52:00,2026-02-02 13:54:00,60.6561,60.6561,164,-25.13,0.0,模型转空
2026-02-02,600527.SSE,sell,2026-02-02 13:53:00,2026-02-02 13:55:00,59.9781,60.1676,164,6.19,0.00316,模型转空
2026-02-02,600665.SSE,sell,2026-02-02 13:54:00,2026-02-02 13:56:00,15.4401,15.4736,635,-3.63,0.00217,模型转空
2026-02-02,603958.SSE,sell,2026-02-02 13:55:00,2026-02-02 13:56:00,19.25,19.55,487,121.72,0.01558,模型转空
2026-02-02,300063.SZSE,sell,2026-02-02 14:17:00,2026-02-02 14:18:00,125.445,126.195,78,34.04,0.00598,模型转空
2026-02-02,301171.SZSE,sell,2026-02-02 14:18:00,2026-02-02 14:21:00,70.511,71.611,76,65.76,0.0156,模型转空
2026-02-02,600770.SSE,sell,2026-02-02 14:20:00,2026-02-02 14:21:00,134.9933,135.8134,71,33.77,0.00608,模型转空
2026-02-02,600665.SSE,sell,2026-02-02 14:22:00,2026-02-02 14:24:00,15.4401,15.4736,635,-3.63,0.00217,模型转空
2026-02-02,600246.SSE,sell,2026-02-02 14:26:00,2026-02-02 14:28:00,122.5699,122.7614,76,-9.62,0.00156,模型转空
2026-02-02,600743.SSE,sell,2026-02-02 14:28:00,2026-02-02 14:29:00,60.3593,60.6561,164,23.61,0.00492,模型转空
2026-02-02,600231.SSE,sell,2026-02-02 14:29:00,2026-02-02 14:31:00,19.5437,19.607,506,6.97,0.00324,模型转空
2026-02-03,600653.SSE,sell,2026-02-03 10:45:00,2026-02-03 10:46:00,198.4175,200.1639,49,62.08,0.0088,模型转空
2026-02-03,600653.SSE,sell,2026-02-03 10:47:00,2026-02-03 10:49:00,198.4175,200.1639,49,62.08,0.0088,模型转空
2026-02-03,600653.SSE,sell,2026-02-03 13:30:00,2026-02-03 13:31:00,200.1639,201.9103,49,61.95,0.00872,模型转空
2026-02-03,600653.SSE,sell,2026-02-03 13:39:00,2026-02-03 13:40:00,200.1639,201.9103,49,61.95,0.00872,模型转空
2026-02-03,600653.SSE,sell,2026-02-03 13:57:00,2026-02-03 13:58:00,200.1639,201.9103,49,61.95,0.00872,模型转空
2026-02-03,600653.SSE,sell,2026-02-03 14:12:00,2026-02-03 14:13:00,200.1639,201.9103,49,61.95,0.00872,模型转空
2026-02-03,600743.SSE,sell,2026-02-03 14:12:00,2026-02-03 14:13:00,60.3593,60.6561,164,23.61,0.00492,模型转空
2026-02-03,600743.SSE,sell,2026-02-03 14:14:00,2026-02-03 14:15:00,60.3593,60.6561,164,23.61,0.00492,模型转空
2026-02-03,603687.SSE,sell,2026-02-03 14:14:00,2026-02-03 14:16:00,11.1003,11.1803,884,45.74,0.00721,模型转空
2026-02-03,600527.SSE,sell,2026-02-03 14:25:00,2026-02-03 14:26:00,60.3572,60.5467,164,6.09,0.00314,模型转空
2026-02-03,600743.SSE,sell,2026-02-03 14:31:00,2026-02-03 14:32:00,60.3593,60.6561,164,23.61,0.00492,模型转空
2026-02-03,600743.SSE,sell,2026-02-03 14:39:00,2026-02-03 14:40:00,60.3593,60.6561,164,23.61,0.00492,模型转空
2026-02-04,600653.SSE,sell,2026-02-04 10:53:00,2026-02-04 10:54:00,203.6567,205.403,48,60.22,0.00858,模型转空
2026-02-04,600653.SSE,sell,2026-02-04 11:07:00,2026-02-04 11:08:00,203.6567,205.403,48,60.22,0.00858,模型转空
2026-02-04,600653.SSE,sell,2026-02-04 11:13:00,2026-02-04 11:15:00,203.6567,205.403,48,60.22,0.00858,模型转空
2026-02-04,600653.SSE,sell,2026-02-04 13:29:00,2026-02-04 13:30:00,203.6567,205.403,48,60.22,0.00858,模型转空
2026-02-04,600653.SSE,sell,2026-02-04 13:31:00,2026-02-04 13:33:00,203.6567,205.403,48,60.22,0.00858,模型转空
2026-02-04,600665.SSE,sell,2026-02-04 13:56:00,2026-02-04 13:57:00,15.7417,15.7753,612,-4.14,0.00213,模型转空
2026-02-04,300510.SZSE,sell,2026-02-04 14:01:00,2026-02-04 14:05:00,28.1826,28.2442,349,-3.45,0.00219,模型转空
2026-02-04,600527.SSE,sell,2026-02-04 14:04:00,2026-02-04 14:05:00,61.3049,61.4944,161,5.5,0.00309,模型转空
2026-02-04,000995.SZSE,sell,2026-02-04 14:12:00,2026-02-04 14:16:00,32.457,33.0299,296,145.19,0.01765,模型转空
2026-02-04,600653.SSE,sell,2026-02-04 14:18:00,2026-02-04 14:19:00,203.6567,205.403,48,60.22,0.00858,模型转空
2026-02-04,600653.SSE,sell,2026-02-04 14:27:00,2026-02-04 14:28:00,203.6567,205.403,48,60.22,0.00858,模型转空
2026-02-04,600527.SSE,sell,2026-02-04 14:33:00,2026-02-04 14:35:00,61.3049,61.4944,161,5.5,0.00309,模型转空
2026-02-05,600653.SSE,sell,2026-02-05 10:32:00,2026-02-05 10:33:00,203.6567,205.403,48,60.22,0.00858,模型转空
2026-02-05,600653.SSE,sell,2026-02-05 10:49:00,2026-02-05 10:51:00,203.6567,205.403,48,60.22,0.00858,模型转空
2026-02-05,600231.SSE,sell,2026-02-05 13:24:00,2026-02-05 13:26:00,19.8602,19.9236,495,6.38,0.00319,模型转空
2026-02-05,600653.SSE,sell,2026-02-05 13:30:00,2026-02-05 13:31:00,203.6567,203.6567,48,-25.15,0.0,模型转空
2026-02-05,002880.SZSE,sell,2026-02-05 13:31:00,2026-02-05 13:40:00,66.343,65.44,132,-143.02,-0.01361,模型转空
2026-02-05,600653.SSE,sell,2026-02-05 13:58:00,2026-02-05 14:00:00,203.6567,205.403,48,60.22,0.00858,模型转空
2026-02-05,600527.SSE,sell,2026-02-05 14:00:00,2026-02-05 14:01:00,61.3049,61.4944,161,5.5,0.00309,模型转空
2026-02-05,600665.SSE,sell,2026-02-05 14:02:00,2026-02-05 14:04:00,15.8758,15.9093,612,-4.27,0.00211,模型转空
2026-02-05,000995.SZSE,sell,2026-02-05 14:13:00,2026-02-05 14:14:00,33.2996,33.6029,296,64.89,0.00911,模型转空
2026-02-05,600743.SSE,sell,2026-02-05 14:23:00,2026-02-05 14:24:00,62.734,63.3277,157,68.55,0.00946,模型转空
2026-02-05,600653.SSE,sell,2026-02-05 14:27:00,2026-02-05 14:28:00,201.9103,203.6567,48,60.35,0.00865,模型转空
2026-02-05,600653.SSE,sell,2026-02-05 14:29:00,2026-02-05 14:30:00,201.9103,203.6567,48,60.35,0.00865,模型转空
2026-02-06,000868.SZSE,sell,2026-02-06 13:30:00,2026-02-06 13:31:00,21.2015,21.247,448,-4.09,0.00214,模型转空
2026-02-06,600794.SSE,sell,2026-02-06 13:31:00,2026-02-06 13:32:00,100.5765,100.8326,97,0.04,0.00255,模型转空
2026-02-06,600653.SSE,sell,2026-02-06 14:14:00,2026-02-06 14:15:00,203.6567,205.403,48,60.22,0.00858,模型转空
2026-02-06,600653.SSE,sell,2026-02-06 14:16:00,2026-02-06 14:17:00,203.6567,205.403,48,60.22,0.00858,模型转空
2026-02-06,600653.SSE,sell,2026-02-06 14:26:00,2026-02-06 14:28:00,203.6567,205.403,48,60.22,0.00858,模型转空
2026-02-06,600231.SSE,sell,2026-02-06 14:28:00,2026-02-06 14:30:00,19.8602,19.9236,495,6.38,0.00319,模型转空
2026-02-06,600231.SSE,sell,2026-02-06 14:37:00,2026-02-06 14:41:00,19.8602,19.9236,495,6.38,0.00319,模型转空
2026-02-09,600653.SSE,sell,2026-02-09 11:11:00,2026-02-09 11:14:00,205.403,207.1494,47,58.63,0.0085,模型转空
2026-02-09,600743.SSE,sell,2026-02-09 11:12:00,2026-02-09 11:14:00,62.734,63.0308,157,21.75,0.00473,模型转空
2026-02-09,300510.SZSE,sell,2026-02-09 11:26:00,2026-02-09 11:27:00,28.5523,28.6139,349,-3.65,0.00216,模型转空
2026-02-09,600743.SSE,sell,2026-02-09 13:29:00,2026-02-09 13:30:00,62.734,63.0308,157,21.75,0.00473,模型转空
2026-02-09,600540.SSE,sell,2026-02-09 13:29:00,2026-02-09 13:30:00,15.0706,15.1054,633,-2.48,0.00231,模型转空
2026-02-09,600307.SSE,sell,2026-02-09 13:30:00,2026-02-09 13:32:00,8.3467,8.3784,1181,12.39,0.0038,模型转空
2026-02-09,600794.SSE,sell,2026-02-09 13:31:00,2026-02-09 13:32:00,100.3203,100.5765,97,0.07,0.00255,模型转空
2026-02-09,600841.SSE,sell,2026-02-09 13:31:00,2026-02-09 13:37:00,24.0827,24.5051,401,144.6,0.01754,模型转空
2026-02-09,002437.SZSE,sell,2026-02-09 14:17:00,2026-02-09 14:18:00,56.555,56.705,172,1.03,0.00265,模型转空
2026-02-09,600527.SSE,sell,2026-02-09 14:27:00,2026-02-09 14:28:00,61.8735,62.063,161,5.36,0.00306,模型转空
2026-02-09,600743.SSE,sell,2026-02-09 14:28:00,2026-02-09 14:29:00,62.734,63.0308,157,21.75,0.00473,模型转空
2026-02-09,600527.SSE,sell,2026-02-09 14:29:00,2026-02-09 14:30:00,61.8735,62.063,161,5.36,0.00306,模型转空
2026-02-09,600794.SSE,sell,2026-02-09 14:43:00,2026-02-09 14:44:00,100.5765,100.8326,97,0.04,0.00255,模型转空
2026-02-09,600743.SSE,sell,2026-02-09 14:44:00,2026-02-09 14:45:00,62.734,63.0308,157,21.75,0.00473,模型转空
2026-02-10,600653.SSE,sell,2026-02-10 11:20:00,2026-02-10 11:21:00,212.3886,214.1349,46,56.67,0.00822,模型转空
2026-02-10,600653.SSE,sell,2026-02-10 13:25:00,2026-02-10 13:30:00,212.3886,214.1349,46,56.67,0.00822,模型转空
2026-02-10,600653.SSE,sell,2026-02-10 13:48:00,2026-02-10 13:49:00,212.3886,214.1349,46,56.67,0.00822,模型转空
2026-02-10,600743.SSE,sell,2026-02-10 13:53:00,2026-02-10 13:54:00,63.6245,63.9213,154,20.91,0.00467,模型转空
2026-02-10,600231.SSE,sell,2026-02-10 14:09:00,2026-02-10 14:10:00,19.9869,20.0502,495,6.28,0.00317,模型转空
2026-02-10,600653.SSE,sell,2026-02-10 14:14:00,2026-02-10 14:15:00,212.3886,214.1349,46,56.67,0.00822,模型转空
2026-02-10,600743.SSE,sell,2026-02-10 14:14:00,2026-02-10 14:15:00,63.6245,63.9213,154,20.91,0.00467,模型转空
2026-02-10,600743.SSE,sell,2026-02-10 14:16:00,2026-02-10 14:19:00,63.6245,63.9213,154,20.91,0.00467,模型转空
2026-02-10,600653.SSE,sell,2026-02-10 14:21:00,2026-02-10 14:22:00,212.3886,214.1349,46,56.67,0.00822,模型转空
2026-02-10,600231.SSE,sell,2026-02-10 14:21:00,2026-02-10 14:22:00,19.9869,20.0502,495,6.28,0.00317,模型转空
2026-02-10,600300.SSE,sell,2026-02-10 14:29:00,2026-02-10 14:30:00,27.4173,27.4745,364,-4.37,0.00209,模型转空
2026-02-10,600300.SSE,sell,2026-02-10 14:31:00,2026-02-10 14:32:00,27.4173,27.4745,364,-4.37,0.00209,模型转空
2026-02-11,600653.SSE,sell,2026-02-11 11:28:00,2026-02-11 11:30:00,214.1349,215.8813,45,55.1,0.00816,模型转空
2026-02-11,600665.SSE,sell,2026-02-11 14:03:00,2026-02-11 14:04:00,15.9763,16.0099,612,-4.36,0.0021,模型转空
2026-02-11,600307.SSE,sell,2026-02-11 14:13:00,2026-02-11 14:14:00,8.315,8.3467,1201,12.84,0.00381,模型转空
2026-02-11,300510.SZSE,sell,2026-02-11 14:21:00,2026-02-11 14:22:00,28.4907,28.5523,349,-3.62,0.00216,模型转空
2026-02-11,600794.SSE,sell,2026-02-11 14:39:00,2026-02-11 14:41:00,100.5765,100.8326,97,0.04,0.00255,模型转空
2026-02-12,600653.SSE,sell,2026-02-12 10:44:00,2026-02-12 10:45:00,208.8958,210.6422,46,56.92,0.00836,模型转空
2026-02-12,600743.SSE,sell,2026-02-12 10:59:00,2026-02-12 11:00:00,62.734,63.0308,157,21.75,0.00473,模型转空
2026-02-12,600653.SSE,sell,2026-02-12 11:09:00,2026-02-12 11:10:00,208.8958,210.6422,46,56.92,0.00836,模型转空
2026-02-12,600653.SSE,sell,2026-02-12 11:11:00,2026-02-12 11:13:00,208.8958,210.6422,46,56.92,0.00836,模型转空
2026-02-12,002285.SZSE,sell,2026-02-12 13:29:00,2026-02-12 13:30:00,44.6636,44.7973,218,4.33,0.00299,模型转空
2026-02-12,600433.SSE,sell,2026-02-12 13:28:00,2026-02-12 13:31:00,24.6315,24.6892,395,-2.02,0.00234,模型转空
2026-02-12,600794.SSE,sell,2026-02-12 13:30:00,2026-02-12 13:31:00,99.2958,99.5519,97,0.23,0.00258,模型转空
2026-02-12,600794.SSE,sell,2026-02-12 13:42:00,2026-02-12 13:44:00,99.2958,99.2958,97,-24.71,0.0,模型转空
2026-02-13,600653.SSE,sell,2026-02-13 10:32:00,2026-02-13 10:33:00,203.6567,205.403,48,60.22,0.00858,模型转空
2026-02-13,600653.SSE,sell,2026-02-13 10:34:00,2026-02-13 10:35:00,203.6567,205.403,48,60.22,0.00858,模型转空
2026-02-13,600743.SSE,sell,2026-02-13 10:43:00,2026-02-13 10:48:00,62.1403,62.1403,157,-24.91,0.0,模型转空
2026-02-13,600653.SSE,sell,2026-02-13 13:30:00,2026-02-13 13:32:00,203.6567,205.403,48,60.22,0.00858,模型转空
2026-02-13,600653.SSE,sell,2026-02-13 13:36:00,2026-02-13 13:37:00,203.6567,205.403,48,60.22,0.00858,模型转空
2026-02-13,600653.SSE,sell,2026-02-13 13:38:00,2026-02-13 13:42:00,203.6567,205.403,48,60.22,0.00858,模型转空
2026-02-13,002437.SZSE,sell,2026-02-13 13:53:00,2026-02-13 13:55:00,55.055,55.205,178,1.83,0.00272,模型转空
2026-02-13,600653.SSE,sell,2026-02-13 13:53:00,2026-02-13 13:56:00,203.6567,205.403,48,60.22,0.00858,模型转空
2026-02-13,600300.SSE,sell,2026-02-13 13:54:00,2026-02-13 13:58:00,26.7309,26.7309,364,-24.79,0.0,模型转空
2026-02-13,600653.SSE,sell,2026-02-13 14:32:00,2026-02-13 14:36:00,201.9103,203.6567,48,60.35,0.00865,模型转空
2026-02-13,000727.SZSE,sell,2026-02-13 14:42:00,2026-02-13 14:46:00,14.5872,14.5872,679,-25.06,0.0,模型转空
2026-02-24,600653.SSE,sell,2026-02-24 10:27:00,2026-02-24 10:29:00,205.403,207.1494,47,58.63,0.0085,模型转空
2026-02-24,600653.SSE,sell,2026-02-24 11:11:00,2026-02-24 11:12:00,205.403,207.1494,47,58.63,0.0085,模型转空
2026-02-24,600653.SSE,sell,2026-02-24 11:17:00,2026-02-24 11:18:00,205.403,207.1494,47,58.63,0.0085,模型转空
2026-02-24,600653.SSE,sell,2026-02-24 11:29:00,2026-02-24 11:30:00,205.403,207.1494,47,58.63,0.0085,模型转空
2026-02-24,600280.SSE,sell,2026-02-24 13:33:00,2026-02-24 13:34:00,48.6564,48.6564,200,-24.86,0.0,模型转空
2026-02-24,600794.SSE,sell,2026-02-24 13:59:00,2026-02-24 14:00:00,99.8081,100.0642,97,0.15,0.00257,模型转空
2026-02-24,600527.SSE,sell,2026-02-24 14:00:00,2026-02-24 14:01:00,61.4944,61.8735,161,35.98,0.00616,模型转空
2026-02-24,600280.SSE,sell,2026-02-24 13:59:00,2026-02-24 14:03:00,48.6564,48.6564,200,-24.86,0.0,模型转空
2026-02-24,600653.SSE,sell,2026-02-24 14:38:00,2026-02-24 14:39:00,205.403,207.1494,47,58.63,0.0085,模型转空
2026-02-24,600653.SSE,sell,2026-02-24 14:42:00,2026-02-24 14:43:00,205.403,207.1494,47,58.63,0.0085,模型转空
2026-02-24,600743.SSE,sell,2026-02-24 14:43:00,2026-02-24 14:47:00,62.734,63.0308,157,21.75,0.00473,模型转空
2026-02-25,600653.SSE,sell,2026-02-25 11:18:00,2026-02-25 11:19:00,212.3886,214.1349,46,56.67,0.00822,模型转空
2026-02-25,600433.SSE,sell,2026-02-25 13:52:00,2026-02-25 13:53:00,25.2081,25.2657,395,-2.37,0.00229,模型转空
2026-02-25,600653.SSE,sell,2026-02-25 13:53:00,2026-02-25 13:55:00,210.6422,212.3886,46,56.79,0.00829,模型转空
2026-02-25,600433.SSE,sell,2026-02-25 13:54:00,2026-02-25 13:55:00,25.2081,25.2657,395,-2.37,0.00229,模型转空
2026-02-25,300510.SZSE,sell,2026-02-25 14:02:00,2026-02-25 14:03:00,29.1686,29.2302,333,-4.25,0.00211,模型转空
2026-02-25,002495.SZSE,sell,2026-02-25 14:09:00,2026-02-25 14:10:00,27.0111,27.101,369,8.03,0.00333,模型转空
2026-02-25,002495.SZSE,sell,2026-02-25 14:11:00,2026-02-25 14:12:00,27.0111,27.101,369,8.03,0.00333,模型转空
2026-02-25,600653.SSE,sell,2026-02-25 14:15:00,2026-02-25 14:17:00,210.6422,212.3886,46,56.79,0.00829,模型转空
2026-02-25,002495.SZSE,sell,2026-02-25 14:24:00,2026-02-25 14:25:00,27.0111,27.101,369,8.03,0.00333,模型转空
2026-02-25,600653.SSE,sell,2026-02-25 14:25:00,2026-02-25 14:26:00,210.6422,212.3886,46,56.79,0.00829,模型转空
2026-02-25,600653.SSE,sell,2026-02-25 14:28:00,2026-02-25 14:29:00,208.8958,210.6422,46,56.92,0.00836,模型转空
2026-02-25,600794.SSE,sell,2026-02-25 14:41:00,2026-02-25 14:42:00,100.5765,100.8326,97,0.04,0.00255,模型转空
2026-02-25,600794.SSE,sell,2026-02-25 14:43:00,2026-02-25 14:44:00,100.5765,100.8326,97,0.04,0.00255,模型转空
2026-02-26,600653.SSE,sell,2026-02-26 10:23:00,2026-02-26 10:27:00,208.8958,210.6422,46,56.92,0.00836,模型转空
2026-02-26,600743.SSE,sell,2026-02-26 13:24:00,2026-02-26 13:26:00,62.734,63.0308,157,21.75,0.00473,模型转空
2026-02-26,600653.SSE,sell,2026-02-26 13:26:00,2026-02-26 13:28:00,210.6422,212.3886,46,56.79,0.00829,模型转空
2026-02-26,600280.SSE,sell,2026-02-26 13:27:00,2026-02-26 13:28:00,47.8148,47.935,208,-0.12,0.00251,模型转空
2026-02-26,002495.SZSE,sell,2026-02-26 13:29:00,2026-02-26 13:30:00,26.8311,26.9211,369,8.13,0.00335,模型转空
2026-02-26,600743.SSE,sell,2026-02-26 13:29:00,2026-02-26 13:31:00,62.734,63.0308,157,21.75,0.00473,模型转空
2026-02-26,600743.SSE,sell,2026-02-26 13:44:00,2026-02-26 13:45:00,62.734,63.0308,157,21.75,0.00473,模型转空
2026-02-26,600653.SSE,sell,2026-02-26 13:57:00,2026-02-26 13:58:00,208.8958,210.6422,46,56.92,0.00836,模型转空
2026-02-26,600743.SSE,sell,2026-02-26 13:59:00,2026-02-26 14:01:00,62.734,63.0308,157,21.75,0.00473,模型转空
2026-02-26,600527.SSE,sell,2026-02-26 14:00:00,2026-02-26 14:01:00,62.4421,62.6316,157,4.88,0.00304,模型转空
2026-02-26,300739.SZSE,sell,2026-02-26 14:01:00,2026-02-26 14:06:00,80.565,80.8575,122,10.84,0.00363,模型转空
2026-02-26,600527.SSE,sell,2026-02-26 14:09:00,2026-02-26 14:10:00,62.4421,62.6316,157,4.88,0.00304,模型转空
2026-02-26,600527.SSE,sell,2026-02-26 14:11:00,2026-02-26 14:12:00,62.4421,62.6316,157,4.88,0.00304,模型转空
2026-02-26,600743.SSE,sell,2026-02-26 14:13:00,2026-02-26 14:14:00,62.734,63.0308,157,21.75,0.00473,模型转空
2026-02-26,600743.SSE,sell,2026-02-26 14:15:00,2026-02-26 14:16:00,62.734,63.0308,157,21.75,0.00473,模型转空
2026-02-26,600653.SSE,sell,2026-02-26 14:20:00,2026-02-26 14:21:00,208.8958,210.6422,46,56.92,0.00836,模型转空
2026-02-26,600527.SSE,sell,2026-02-26 14:19:00,2026-02-26 14:22:00,62.4421,62.6316,157,4.88,0.00304,模型转空
2026-02-26,600743.SSE,sell,2026-02-26 14:27:00,2026-02-26 14:28:00,62.734,63.0308,157,21.75,0.00473,模型转空
2026-02-26,600743.SSE,sell,2026-02-26 14:31:00,2026-02-26 14:32:00,62.734,63.0308,157,21.75,0.00473,模型转空
2026-02-27,600653.SSE,sell,2026-02-27 11:09:00,2026-02-27 11:10:00,208.8958,210.6422,46,56.92,0.00836,模型转空
2026-02-27,600653.SSE,sell,2026-02-27 11:11:00,2026-02-27 11:13:00,208.8958,210.6422,46,56.92,0.00836,模型转空
2026-02-27,600653.SSE,sell,2026-02-27 13:02:00,2026-02-27 13:03:00,208.8958,210.6422,46,56.92,0.00836,模型转空
2026-02-27,600743.SSE,sell,2026-02-27 13:37:00,2026-02-27 13:39:00,62.4371,62.734,157,21.82,0.00475,模型转空
2026-02-27,600743.SSE,sell,2026-02-27 13:56:00,2026-02-27 13:58:00,62.4371,62.734,157,21.82,0.00475,模型转空
2026-02-27,600653.SSE,sell,2026-02-27 13:59:00,2026-02-27 14:00:00,212.3886,214.1349,46,56.67,0.00822,模型转空
2026-02-27,000592.SZSE,sell,2026-02-27 14:19:00,2026-02-27 14:20:00,85.6587,87.331,109,158.22,0.01952,模型转空
2026-02-27,600743.SSE,sell,2026-02-27 14:27:00,2026-02-27 14:28:00,62.4371,62.734,157,21.82,0.00475,模型转空
2026-02-27,600743.SSE,sell,2026-02-27 14:31:00,2026-02-27 14:32:00,62.4371,62.4371,157,-24.98,0.0,模型转空
2026-02-27,600653.SSE,sell,2026-02-27 14:40:00,2026-02-27 14:41:00,210.6422,212.3886,46,56.79,0.00829,模型转空
2026-03-02,600149.SSE,sell,2026-03-02 09:36:00,2026-03-02 09:40:00,17.6756,17.7332,553,6.98,0.00326,模型转空
2026-03-02,600653.SSE,sell,2026-03-02 10:12:00,2026-03-02 10:14:00,200.1639,201.9103,49,61.95,0.00872,模型转空
2026-03-02,600653.SSE,sell,2026-03-02 10:31:00,2026-03-02 10:33:00,200.1639,201.9103,49,61.95,0.00872,模型转空
2026-03-02,600743.SSE,sell,2026-03-02 10:35:00,2026-03-02 10:36:00,60.9529,61.2498,160,22.82,0.00487,模型转空
2026-03-02,600527.SSE,sell,2026-03-02 11:27:00,2026-03-02 11:29:00,62.063,62.2526,157,4.97,0.00305,模型转空
2026-03-02,600653.SSE,sell,2026-03-02 13:34:00,2026-03-02 13:35:00,201.9103,203.6567,48,60.35,0.00865,模型转空
2026-03-02,600653.SSE,sell,2026-03-02 13:53:00,2026-03-02 13:54:00,201.9103,203.6567,48,60.35,0.00865,模型转空
2026-03-02,600653.SSE,sell,2026-03-02 14:00:00,2026-03-02 14:04:00,201.9103,201.9103,48,-25.02,0.0,模型转空
2026-03-03,600653.SSE,sell,2026-03-03 11:09:00,2026-03-03 11:10:00,200.1639,201.9103,49,61.95,0.00872,模型转空
2026-03-03,600743.SSE,sell,2026-03-03 11:17:00,2026-03-03 11:18:00,60.9529,61.2498,160,22.82,0.00487,模型转空
2026-03-03,600743.SSE,sell,2026-03-03 11:25:00,2026-03-03 11:26:00,60.9529,61.2498,160,22.82,0.00487,模型转空
2026-03-03,600743.SSE,sell,2026-03-03 11:28:00,2026-03-03 11:29:00,60.9529,61.2498,160,22.82,0.00487,模型转空
2026-03-03,600743.SSE,sell,2026-03-03 11:30:00,2026-03-03 13:01:00,60.9529,61.2498,160,22.82,0.00487,模型转空
2026-03-03,600653.SSE,sell,2026-03-03 13:29:00,2026-03-03 13:30:00,200.1639,201.9103,49,61.95,0.00872,模型转空
2026-03-03,600653.SSE,sell,2026-03-03 13:33:00,2026-03-03 13:35:00,200.1639,201.9103,49,61.95,0.00872,模型转空
2026-03-03,600743.SSE,sell,2026-03-03 13:45:00,2026-03-03 13:48:00,60.9529,61.2498,160,22.82,0.00487,模型转空
2026-03-03,002495.SZSE,sell,2026-03-03 13:53:00,2026-03-03 13:56:00,25.7516,25.8415,379,9.25,0.00349,模型转空
2026-03-03,600653.SSE,sell,2026-03-03 13:57:00,2026-03-03 14:00:00,198.4175,200.1639,49,62.08,0.0088,模型转空
2026-03-03,000727.SZSE,sell,2026-03-03 14:16:00,2026-03-03 14:17:00,14.4533,14.5202,679,20.48,0.00463,模型转空
2026-03-03,000592.SZSE,sell,2026-03-03 14:13:00,2026-03-03 14:18:00,90.8278,90.6758,109,-41.66,-0.00167,模型转空
2026-03-03,300005.SZSE,sell,2026-03-03 14:24:00,2026-03-03 14:26:00,160.9637,161.4129,58,2.0,0.00279,模型转空
2026-03-03,000727.SZSE,sell,2026-03-03 14:24:00,2026-03-03 14:27:00,14.4533,14.5202,679,20.48,0.00463,模型转空
2026-03-03,300065.SZSE,sell,2026-03-03 14:25:00,2026-03-03 14:27:00,228.1809,230.2329,34,49.09,0.00899,模型转空
2026-03-03,002321.SZSE,sell,2026-03-03 14:26:00,2026-03-03 14:27:00,5.2911,5.3119,1863,13.62,0.00392,模型转空
2026-03-03,600653.SSE,sell,2026-03-03 14:24:00,2026-03-03 14:29:00,196.6711,198.4175,49,62.21,0.00888,模型转空
2026-03-03,001896.SZSE,sell,2026-03-03 14:24:00,2026-03-03 14:29:00,15.44,15.78,603,180.89,0.02202,模型转空
2026-03-03,600653.SSE,sell,2026-03-03 14:40:00,2026-03-03 14:43:00,194.9248,196.6711,50,63.82,0.00896,模型转空
2026-03-04,600653.SSE,sell,2026-03-04 10:13:00,2026-03-04 10:14:00,191.432,193.1784,51,65.57,0.00912,模型转空
2026-03-04,600653.SSE,sell,2026-03-04 11:07:00,2026-03-04 11:11:00,189.6856,191.432,51,65.71,0.00921,模型转空
2026-03-04,600653.SSE,sell,2026-03-04 13:23:00,2026-03-04 13:25:00,189.6856,191.432,51,65.71,0.00921,模型转空
2026-03-04,600231.SSE,sell,2026-03-04 13:24:00,2026-03-04 13:25:00,19.7969,19.8602,495,6.42,0.0032,模型转空
2026-03-04,600743.SSE,sell,2026-03-04 13:25:00,2026-03-04 13:26:00,60.0624,60.3593,164,23.69,0.00494,模型转空
2026-03-04,600743.SSE,sell,2026-03-04 13:27:00,2026-03-04 13:28:00,60.0624,60.3593,164,23.69,0.00494,模型转空
2026-03-04,600653.SSE,sell,2026-03-04 13:30:00,2026-03-04 13:31:00,189.6856,191.432,51,65.71,0.00921,模型转空
2026-03-04,600653.SSE,sell,2026-03-04 14:14:00,2026-03-04 14:15:00,191.432,193.1784,51,65.57,0.00912,模型转空
2026-03-04,600231.SSE,sell,2026-03-04 14:26:00,2026-03-04 14:28:00,19.7969,19.8602,495,6.42,0.0032,模型转空
2026-03-04,600743.SSE,sell,2026-03-04 14:31:00,2026-03-04 14:33:00,60.6561,60.9529,164,23.54,0.00489,模型转空
2026-03-05,002785.SZSE,sell,2026-03-05 13:17:00,2026-03-05 13:19:00,44.496,45.416,199,160.11,0.02068,模型转空
2026-03-05,600300.SSE,sell,2026-03-05 13:26:00,2026-03-05 13:27:00,26.5021,26.5593,377,-3.64,0.00216,模型转空
2026-03-05,600653.SSE,sell,2026-03-05 13:51:00,2026-03-05 13:52:00,194.9248,196.6711,50,63.82,0.00896,模型转空
2026-03-05,600653.SSE,sell,2026-03-05 14:02:00,2026-03-05 14:04:00,194.9248,196.6711,50,63.82,0.00896,模型转空
2026-03-05,600653.SSE,sell,2026-03-05 14:07:00,2026-03-05 14:08:00,194.9248,196.6711,50,63.82,0.00896,模型转空
2026-03-05,600653.SSE,sell,2026-03-05 14:09:00,2026-03-05 14:13:00,194.9248,196.6711,50,63.82,0.00896,模型转空
2026-03-05,300835.SZSE,sell,2026-03-05 14:15:00,2026-03-05 14:17:00,154.971,155.566,58,10.93,0.00384,模型转空
2026-03-05,600653.SSE,sell,2026-03-05 14:21:00,2026-03-05 14:22:00,194.9248,196.6711,50,63.82,0.00896,模型转空
2026-03-05,000554.SZSE,sell,2026-03-05 14:22:00,2026-03-05 14:25:00,50.342,50.5513,182,14.23,0.00416,模型转空
2026-03-05,600653.SSE,sell,2026-03-05 14:25:00,2026-03-05 14:26:00,194.9248,196.6711,50,63.82,0.00896,模型转空
2026-03-05,000554.SZSE,sell,2026-03-05 14:26:00,2026-03-05 14:29:00,50.0073,50.3839,182,44.9,0.00753,模型转空
2026-03-05,002285.SZSE,sell,2026-03-05 14:30:00,2026-03-05 14:31:00,42.926,43.0597,230,5.76,0.00311,模型转空
2026-03-05,600653.SSE,sell,2026-03-05 14:32:00,2026-03-05 14:34:00,194.9248,196.6711,50,63.82,0.00896,模型转空
2026-03-06,600675.SSE,sell,2026-03-06 14:28:00,2026-03-06 14:29:00,139.8627,140.2587,69,2.77,0.00283,模型转空
2026-03-09,300800.SZSE,sell,2026-03-09 09:37:00,2026-03-09 09:40:00,40.486,40.726,241,33.02,0.00593,模型转空
2026-03-09,001288.SZSE,sell,2026-03-09 09:38:00,2026-03-09 09:41:00,49.434,49.616,139,4.88,0.00368,模型转空
2026-03-09,301548.SZSE,sell,2026-03-09 09:35:00,2026-03-09 09:45:00,119.5085,119.7115,66,-8.59,0.0017,模型转空
2026-03-09,600743.SSE,sell,2026-03-09 10:34:00,2026-03-09 10:37:00,61.2498,61.5466,160,22.75,0.00485,模型转空
2026-03-09,600653.SSE,sell,2026-03-09 10:39:00,2026-03-09 10:43:00,196.6711,198.4175,49,62.21,0.00888,模型转空
2026-03-09,600743.SSE,sell,2026-03-09 11:26:00,2026-03-09 11:28:00,61.2498,61.5466,160,22.75,0.00485,模型转空
2026-03-09,002495.SZSE,sell,2026-03-09 13:31:00,2026-03-09 13:32:00,26.4713,26.5612,369,8.33,0.0034,模型转空
2026-03-09,600653.SSE,sell,2026-03-09 13:31:00,2026-03-09 13:33:00,196.6711,198.4175,49,62.21,0.00888,模型转空
2026-03-09,603619.SSE,sell,2026-03-09 13:30:00,2026-03-09 13:35:00,44.433,44.663,180,19.28,0.00518,模型转空
2026-03-09,601975.SSE,sell,2026-03-09 13:34:00,2026-03-09 13:36:00,4.36,4.38,2286,20.53,0.00459,模型转空
2026-03-09,300191.SZSE,sell,2026-03-09 14:00:00,2026-03-09 14:01:00,196.4,198.4,49,74.17,0.01018,模型转空
2026-03-09,301276.SZSE,sell,2026-03-09 14:10:00,2026-03-09 14:13:00,32.8,33.064,300,54.29,0.00805,模型转空
2026-03-09,600675.SSE,sell,2026-03-09 14:18:00,2026-03-09 14:19:00,139.4666,139.8627,71,3.16,0.00284,模型转空
2026-03-09,600675.SSE,sell,2026-03-09 14:22:00,2026-03-09 14:23:00,139.4666,139.8627,71,3.16,0.00284,模型转空
2026-03-09,600653.SSE,sell,2026-03-09 14:29:00,2026-03-09 14:30:00,196.6711,198.4175,49,62.21,0.00888,模型转空
2026-03-09,600433.SSE,sell,2026-03-09 14:29:00,2026-03-09 14:32:00,24.6315,24.6315,395,-24.82,0.0,模型转空
2026-03-09,600675.SSE,sell,2026-03-09 14:42:00,2026-03-09 14:46:00,139.0705,139.0705,71,-25.14,0.0,模型转空
2026-03-10,600743.SSE,sell,2026-03-10 10:27:00,2026-03-10 10:28:00,61.8435,62.1403,160,22.6,0.0048,模型转空
2026-03-10,600653.SSE,sell,2026-03-10 10:31:00,2026-03-10 10:32:00,198.4175,200.1639,49,62.08,0.0088,模型转空
2026-03-10,600653.SSE,sell,2026-03-10 10:33:00,2026-03-10 10:34:00,198.4175,200.1639,49,62.08,0.0088,模型转空
2026-03-10,600653.SSE,sell,2026-03-10 10:35:00,2026-03-10 10:36:00,198.4175,200.1639,49,62.08,0.0088,模型转空
2026-03-10,600653.SSE,sell,2026-03-10 10:48:00,2026-03-10 10:51:00,198.4175,200.1639,49,62.08,0.0088,模型转空
2026-03-10,600653.SSE,sell,2026-03-10 11:00:00,2026-03-10 11:03:00,198.4175,200.1639,49,62.08,0.0088,模型转空
2026-03-10,600653.SSE,sell,2026-03-10 11:19:00,2026-03-10 11:20:00,198.4175,200.1639,49,62.08,0.0088,模型转空
2026-03-10,600653.SSE,sell,2026-03-10 13:20:00,2026-03-10 13:21:00,198.4175,200.1639,49,62.08,0.0088,模型转空
2026-03-10,600653.SSE,sell,2026-03-10 13:27:00,2026-03-10 13:29:00,198.4175,200.1639,49,62.08,0.0088,模型转空
2026-03-10,600280.SSE,sell,2026-03-10 13:28:00,2026-03-10 13:32:00,46.2519,46.3721,215,0.75,0.0026,模型转空
2026-03-10,600653.SSE,sell,2026-03-10 13:39:00,2026-03-10 13:40:00,198.4175,200.1639,49,62.08,0.0088,模型转空
2026-03-10,600743.SSE,sell,2026-03-10 13:40:00,2026-03-10 13:41:00,61.8435,62.1403,160,22.6,0.0048,模型转空
2026-03-10,002437.SZSE,sell,2026-03-10 13:48:00,2026-03-10 13:49:00,54.905,54.905,178,-24.92,0.0,模型转空
2026-03-10,600653.SSE,sell,2026-03-10 13:58:00,2026-03-10 13:59:00,198.4175,200.1639,49,62.08,0.0088,模型转空
2026-03-10,002495.SZSE,sell,2026-03-10 14:00:00,2026-03-10 14:01:00,26.9211,27.0111,369,8.08,0.00334,模型转空
2026-03-10,600743.SSE,sell,2026-03-10 14:03:00,2026-03-10 14:04:00,61.8435,62.1403,160,22.6,0.0048,模型转空
2026-03-10,600527.SSE,sell,2026-03-10 14:06:00,2026-03-10 14:07:00,62.8212,63.0107,157,4.79,0.00302,模型转空
2026-03-10,600527.SSE,sell,2026-03-10 14:08:00,2026-03-10 14:09:00,62.8212,63.0107,157,4.79,0.00302,模型转空
2026-03-10,600653.SSE,sell,2026-03-10 14:11:00,2026-03-10 14:12:00,198.4175,200.1639,49,62.08,0.0088,模型转空
2026-03-10,600743.SSE,sell,2026-03-10 14:16:00,2026-03-10 14:17:00,61.8435,62.1403,160,22.6,0.0048,模型转空
2026-03-10,600527.SSE,sell,2026-03-10 14:20:00,2026-03-10 14:21:00,62.8212,63.0107,157,4.79,0.00302,模型转空
2026-03-10,600743.SSE,sell,2026-03-10 14:23:00,2026-03-10 14:24:00,61.8435,62.1403,160,22.6,0.0048,模型转空
2026-03-10,600743.SSE,sell,2026-03-10 14:25:00,2026-03-10 14:26:00,61.8435,62.1403,160,22.6,0.0048,模型转空
2026-03-10,600527.SSE,sell,2026-03-10 14:25:00,2026-03-10 14:26:00,62.8212,63.0107,157,4.79,0.00302,模型转空
2026-03-10,002285.SZSE,sell,2026-03-10 14:25:00,2026-03-10 14:26:00,44.129,44.2626,224,4.93,0.00303,模型转空
2026-03-10,002374.SZSE,sell,2026-03-10 14:26:00,2026-03-10 14:27:00,23.204,23.2674,416,1.67,0.00273,模型转空
2026-03-10,600653.SSE,sell,2026-03-10 14:26:00,2026-03-10 14:27:00,198.4175,200.1639,49,62.08,0.0088,模型转空
2026-03-10,300766.SZSE,sell,2026-03-10 14:25:00,2026-03-10 14:28:00,42.29,42.63,198,44.59,0.00804,模型转空
2026-03-10,600665.SSE,sell,2026-03-10 14:28:00,2026-03-10 14:29:00,15.7082,15.7417,635,-3.89,0.00213,模型转空
2026-03-10,600527.SSE,sell,2026-03-10 14:29:00,2026-03-10 14:30:00,62.8212,63.0107,157,4.79,0.00302,模型转空
2026-03-10,600743.SSE,sell,2026-03-10 14:29:00,2026-03-10 14:31:00,61.8435,62.1403,160,22.6,0.0048,模型转空
2026-03-10,002374.SZSE,sell,2026-03-10 14:30:00,2026-03-10 14:31:00,23.204,23.3307,416,28.01,0.00546,模型转空
2026-03-10,600527.SSE,sell,2026-03-10 14:33:00,2026-03-10 14:34:00,62.8212,63.0107,157,4.79,0.00302,模型转空
2026-03-10,600653.SSE,sell,2026-03-10 14:40:00,2026-03-10 14:41:00,198.4175,198.4175,49,-25.06,0.0,模型转空
2026-03-11,600653.SSE,sell,2026-03-11 11:08:00,2026-03-11 11:09:00,196.6711,198.4175,49,62.21,0.00888,模型转空
2026-03-11,600653.SSE,sell,2026-03-11 13:23:00,2026-03-11 13:24:00,196.6711,198.4175,49,62.21,0.00888,模型转空
2026-03-11,600653.SSE,sell,2026-03-11 13:27:00,2026-03-11 13:32:00,196.6711,198.4175,49,62.21,0.00888,模型转空
2026-03-11,000868.SZSE,sell,2026-03-11 13:46:00,2026-03-11 13:47:00,20.1566,20.2021,472,-3.03,0.00225,模型转空
2026-03-11,600280.SSE,sell,2026-03-11 13:58:00,2026-03-11 14:00:00,45.6508,45.771,215,0.94,0.00263,模型转空
2026-03-11,301053.SZSE,sell,2026-03-11 14:19:00,2026-03-11 14:20:00,38.4974,38.6574,210,11.31,0.00416,模型转空
2026-03-11,600653.SSE,sell,2026-03-11 14:21:00,2026-03-11 14:23:00,196.6711,198.4175,49,62.21,0.00888,模型转空
2026-03-11,600653.SSE,sell,2026-03-11 14:29:00,2026-03-11 14:32:00,196.6711,198.4175,49,62.21,0.00888,模型转空
2026-03-11,600743.SSE,sell,2026-03-11 14:44:00,2026-03-11 14:48:00,61.8435,62.1403,160,22.6,0.0048,模型转空
2026-03-12,300448.SZSE,sell,2026-03-12 10:48:00,2026-03-12 10:52:00,77.4587,75.5545,125,-262.59,-0.02458,止损
2026-03-12,600653.SSE,sell,2026-03-12 11:20:00,2026-03-12 11:21:00,198.4175,201.9103,49,149.22,0.0176,模型转空
2026-03-12,600280.SSE,sell,2026-03-12 13:24:00,2026-03-12 13:25:00,45.4103,45.5305,215,1.02,0.00265,模型转空
2026-03-12,600280.SSE,sell,2026-03-12 13:28:00,2026-03-12 13:29:00,45.4103,45.5305,215,1.02,0.00265,模型转空
2026-03-12,600280.SSE,sell,2026-03-12 13:30:00,2026-03-12 13:32:00,45.4103,45.5305,215,1.02,0.00265,模型转空
2026-03-12,300393.SZSE,sell,2026-03-12 13:35:00,2026-03-12 13:37:00,64.1803,64.5802,141,32.77,0.00623,模型转空
2026-03-12,600300.SSE,sell,2026-03-12 14:07:00,2026-03-12 14:08:00,27.2457,27.3029,364,-4.27,0.0021,模型转空
2026-03-12,600653.SSE,sell,2026-03-12 14:17:00,2026-03-12 14:22:00,200.1639,201.9103,49,61.95,0.00872,模型转空
2026-03-12,600653.SSE,sell,2026-03-12 14:29:00,2026-03-12 14:30:00,200.1639,201.9103,49,61.95,0.00872,模型转空
2026-03-13,600653.SSE,sell,2026-03-13 10:31:00,2026-03-13 10:32:00,201.9103,203.6567,48,60.35,0.00865,模型转空
2026-03-13,600653.SSE,sell,2026-03-13 13:26:00,2026-03-13 13:27:00,201.9103,203.6567,48,60.35,0.00865,模型转空
2026-03-13,600653.SSE,sell,2026-03-13 13:33:00,2026-03-13 13:35:00,201.9103,203.6567,48,60.35,0.00865,模型转空
2026-03-13,001896.SZSE,sell,2026-03-13 13:50:00,2026-03-13 13:57:00,18.04,18.15,517,32.68,0.0061,模型转空
2026-03-13,600653.SSE,sell,2026-03-13 13:58:00,2026-03-13 14:00:00,201.9103,203.6567,48,60.35,0.00865,模型转空
2026-03-13,600743.SSE,sell,2026-03-13 14:00:00,2026-03-13 14:02:00,62.4371,62.734,157,21.82,0.00475,模型转空
2026-03-13,600743.SSE,sell,2026-03-13 14:11:00,2026-03-13 14:12:00,62.4371,62.734,157,21.82,0.00475,模型转空
2026-03-13,600653.SSE,sell,2026-03-13 14:12:00,2026-03-13 14:13:00,201.9103,203.6567,48,60.35,0.00865,模型转空
2026-03-13,002495.SZSE,sell,2026-03-13 14:13:00,2026-03-13 14:14:00,26.7412,26.8311,369,8.18,0.00336,模型转空
2026-03-13,600653.SSE,sell,2026-03-13 14:14:00,2026-03-13 14:15:00,201.9103,203.6567,48,60.35,0.00865,模型转空
2026-03-13,600230.SSE,sell,2026-03-13 14:26:00,2026-03-13 14:31:00,45.6106,45.4803,188,-47.66,-0.00286,模型转空
2026-03-13,600653.SSE,sell,2026-03-13 14:36:00,2026-03-13 14:37:00,200.1639,201.9103,49,61.95,0.00872,模型转空
2026-03-13,600653.SSE,sell,2026-03-13 14:38:00,2026-03-13 14:39:00,200.1639,201.9103,49,61.95,0.00872,模型转空
2026-03-13,600653.SSE,sell,2026-03-13 14:40:00,2026-03-13 14:41:00,200.1639,201.9103,49,61.95,0.00872,模型转空
2026-03-13,600653.SSE,sell,2026-03-13 14:42:00,2026-03-13 14:43:00,200.1639,201.9103,49,61.95,0.00872,模型转空
2026-03-13,600653.SSE,sell,2026-03-13 14:44:00,2026-03-13 14:46:00,200.1639,201.9103,49,61.95,0.00872,模型转空
2026-03-13,001896.SZSE,sell,2026-03-13 14:43:00,2026-03-13 14:47:00,17.41,17.58,517,64.19,0.00976,模型转空
2026-03-16,600653.SSE,sell,2026-03-16 10:14:00,2026-03-16 10:16:00,201.9103,203.6567,48,60.35,0.00865,模型转空
2026-03-16,600653.SSE,sell,2026-03-16 10:23:00,2026-03-16 10:24:00,201.9103,203.6567,48,60.35,0.00865,模型转空
2026-03-16,600653.SSE,sell,2026-03-16 10:29:00,2026-03-16 10:30:00,201.9103,203.6567,48,60.35,0.00865,模型转空
2026-03-16,600743.SSE,sell,2026-03-16 10:40:00,2026-03-16 10:41:00,62.4371,62.734,157,21.82,0.00475,模型转空
2026-03-16,600653.SSE,sell,2026-03-16 10:59:00,2026-03-16 11:00:00,200.1639,201.9103,49,61.95,0.00872,模型转空
2026-03-16,600653.SSE,sell,2026-03-16 11:01:00,2026-03-16 11:02:00,200.1639,201.9103,49,61.95,0.00872,模型转空
2026-03-16,600653.SSE,sell,2026-03-16 11:11:00,2026-03-16 11:12:00,200.1639,201.9103,49,61.95,0.00872,模型转空
2026-03-16,600653.SSE,sell,2026-03-16 11:13:00,2026-03-16 11:14:00,200.1639,201.9103,49,61.95,0.00872,模型转空
2026-03-16,600743.SSE,sell,2026-03-16 11:16:00,2026-03-16 11:17:00,62.4371,62.734,157,21.82,0.00475,模型转空
2026-03-16,600653.SSE,sell,2026-03-16 11:17:00,2026-03-16 11:19:00,200.1639,201.9103,49,61.95,0.00872,模型转空
2026-03-16,600743.SSE,sell,2026-03-16 11:28:00,2026-03-16 11:29:00,62.4371,62.734,157,21.82,0.00475,模型转空
2026-03-16,600653.SSE,sell,2026-03-16 11:28:00,2026-03-16 11:29:00,200.1639,201.9103,49,61.95,0.00872,模型转空
2026-03-16,601218.SSE,sell,2026-03-16 13:26:00,2026-03-16 13:29:00,16.5462,16.6562,570,38.38,0.00665,模型转空
2026-03-16,600653.SSE,sell,2026-03-16 13:34:00,2026-03-16 13:35:00,200.1639,201.9103,49,61.95,0.00872,模型转空
2026-03-16,600653.SSE,sell,2026-03-16 13:36:00,2026-03-16 13:37:00,200.1639,201.9103,49,61.95,0.00872,模型转空
2026-03-16,600743.SSE,sell,2026-03-16 13:38:00,2026-03-16 13:39:00,62.4371,62.734,157,21.82,0.00475,模型转空
2026-03-16,600743.SSE,sell,2026-03-16 13:42:00,2026-03-16 13:43:00,62.4371,62.734,157,21.82,0.00475,模型转空
2026-03-16,600653.SSE,sell,2026-03-16 13:44:00,2026-03-16 13:45:00,200.1639,201.9103,49,61.95,0.00872,模型转空
2026-03-16,600653.SSE,sell,2026-03-16 13:55:00,2026-03-16 13:56:00,200.1639,201.9103,49,61.95,0.00872,模型转空
2026-03-16,600322.SSE,sell,2026-03-16 13:54:00,2026-03-16 13:57:00,7.8676,7.895,1257,9.38,0.00348,模型转空
2026-03-16,601218.SSE,sell,2026-03-16 14:00:00,2026-03-16 14:01:00,16.0182,16.2382,611,109.54,0.01373,模型转空
2026-03-16,600280.SSE,sell,2026-03-16 14:05:00,2026-03-16 14:06:00,45.5305,45.6508,215,0.98,0.00264,模型转空
2026-03-16,600743.SSE,sell,2026-03-16 14:13:00,2026-03-16 14:14:00,62.4371,62.734,157,21.82,0.00475,模型转空
2026-03-16,600743.SSE,sell,2026-03-16 14:15:00,2026-03-16 14:16:00,62.4371,62.734,157,21.82,0.00475,模型转空
2026-03-16,002495.SZSE,sell,2026-03-16 14:14:00,2026-03-16 14:17:00,26.7412,26.8311,369,8.18,0.00336,模型转空
2026-03-16,002437.SZSE,sell,2026-03-16 14:16:00,2026-03-16 14:17:00,54.905,54.905,178,-24.92,0.0,模型转空
2026-03-16,600743.SSE,sell,2026-03-16 14:33:00,2026-03-16 14:34:00,62.734,63.0308,157,21.75,0.00473,模型转空
2026-03-17,600653.SSE,sell,2026-03-17 11:08:00,2026-03-17 11:11:00,205.403,207.1494,47,58.63,0.0085,模型转空
2026-03-17,600653.SSE,sell,2026-03-17 11:21:00,2026-03-17 11:22:00,205.403,207.1494,47,58.63,0.0085,模型转空
2026-03-17,600653.SSE,sell,2026-03-17 11:23:00,2026-03-17 11:24:00,205.403,207.1494,47,58.63,0.0085,模型转空
2026-03-17,600653.SSE,sell,2026-03-17 11:25:00,2026-03-17 11:26:00,205.403,207.1494,47,58.63,0.0085,模型转空
2026-03-17,600280.SSE,sell,2026-03-17 11:27:00,2026-03-17 11:28:00,45.8912,46.0114,215,0.87,0.00262,模型转空
2026-03-17,600653.SSE,sell,2026-03-17 11:27:00,2026-03-17 11:29:00,205.403,207.1494,47,58.63,0.0085,模型转空
2026-03-17,600653.SSE,sell,2026-03-17 13:23:00,2026-03-17 13:24:00,205.403,207.1494,47,58.63,0.0085,模型转空
2026-03-17,600653.SSE,sell,2026-03-17 13:25:00,2026-03-17 13:26:00,205.403,207.1494,47,58.63,0.0085,模型转空
2026-03-17,600653.SSE,sell,2026-03-17 13:27:00,2026-03-17 13:28:00,205.403,207.1494,47,58.63,0.0085,模型转空
2026-03-17,600653.SSE,sell,2026-03-17 13:34:00,2026-03-17 13:35:00,205.403,207.1494,47,58.63,0.0085,模型转空
2026-03-17,002495.SZSE,sell,2026-03-17 13:46:00,2026-03-17 13:49:00,26.9211,26.9211,369,-25.11,0.0,模型转空
2026-03-17,600743.SSE,sell,2026-03-17 14:15:00,2026-03-17 14:18:00,64.2182,64.2182,154,-25.1,0.0,模型转空
2026-03-17,002374.SZSE,sell,2026-03-17 14:22:00,2026-03-17 14:24:00,23.3307,23.3941,416,1.59,0.00272,模型转空
2026-03-17,002495.SZSE,sell,2026-03-17 14:28:00,2026-03-17 14:29:00,26.7412,26.8311,369,8.18,0.00336,模型转空
2026-03-18,600653.SSE,sell,2026-03-18 10:15:00,2026-03-18 10:16:00,201.9103,203.6567,48,60.35,0.00865,模型转空
2026-03-18,600653.SSE,sell,2026-03-18 10:27:00,2026-03-18 10:28:00,201.9103,203.6567,48,60.35,0.00865,模型转空
2026-03-18,600653.SSE,sell,2026-03-18 10:30:00,2026-03-18 10:31:00,201.9103,203.6567,48,60.35,0.00865,模型转空
2026-03-18,600653.SSE,sell,2026-03-18 10:34:00,2026-03-18 10:36:00,201.9103,203.6567,48,60.35,0.00865,模型转空
2026-03-18,600743.SSE,sell,2026-03-18 11:15:00,2026-03-18 11:16:00,63.0308,63.3277,157,21.68,0.00471,模型转空
2026-03-18,600743.SSE,sell,2026-03-18 11:17:00,2026-03-18 11:18:00,63.0308,63.3277,157,21.68,0.00471,模型转空
2026-03-18,600743.SSE,sell,2026-03-18 13:48:00,2026-03-18 13:49:00,62.734,63.0308,157,21.75,0.00473,模型转空
2026-03-18,600743.SSE,sell,2026-03-18 14:16:00,2026-03-18 14:18:00,62.734,63.0308,157,21.75,0.00473,模型转空
2026-03-19,600653.SSE,sell,2026-03-19 10:16:00,2026-03-19 10:18:00,196.6711,198.4175,49,62.21,0.00888,模型转空
2026-03-19,600743.SSE,sell,2026-03-19 10:57:00,2026-03-19 10:59:00,62.4371,62.734,157,21.82,0.00475,模型转空
2026-03-19,600743.SSE,sell,2026-03-19 11:11:00,2026-03-19 11:14:00,62.4371,62.734,157,21.82,0.00475,模型转空
2026-03-19,600653.SSE,sell,2026-03-19 11:16:00,2026-03-19 11:18:00,196.6711,198.4175,49,62.21,0.00888,模型转空
2026-03-19,600653.SSE,sell,2026-03-19 11:24:00,2026-03-19 11:26:00,196.6711,198.4175,49,62.21,0.00888,模型转空
2026-03-19,600653.SSE,sell,2026-03-19 11:29:00,2026-03-19 11:30:00,196.6711,198.4175,49,62.21,0.00888,模型转空
2026-03-19,600653.SSE,sell,2026-03-19 13:27:00,2026-03-19 13:31:00,196.6711,198.4175,49,62.21,0.00888,模型转空
2026-03-19,600743.SSE,sell,2026-03-19 13:30:00,2026-03-19 13:31:00,62.4371,62.4371,157,-24.98,0.0,模型转空
2026-03-19,600708.SSE,sell,2026-03-19 13:30:00,2026-03-19 13:31:00,45.8752,45.8752,217,-25.14,0.0,模型转空
2026-03-19,600665.SSE,sell,2026-03-19 13:35:00,2026-03-19 13:36:00,15.306,15.3395,635,-3.51,0.00219,模型转空
2026-03-19,600653.SSE,sell,2026-03-19 13:53:00,2026-03-19 13:54:00,194.9248,196.6711,50,63.82,0.00896,模型转空
2026-03-19,603334.SSE,sell,2026-03-19 14:17:00,2026-03-19 14:20:00,52.61,52.92,98,12.72,0.00589,模型转空
2026-03-19,600743.SSE,sell,2026-03-19 14:20:00,2026-03-19 14:21:00,62.1403,62.4371,157,21.89,0.00478,模型转空
2026-03-19,000558.SZSE,sell,2026-03-19 14:21:00,2026-03-19 14:23:00,33.9493,34.024,282,-3.49,0.0022,模型转空
2026-03-19,600293.SSE,sell,2026-03-19 14:22:00,2026-03-19 14:24:00,11.3234,11.3556,875,3.07,0.00284,模型转空
2026-03-19,600743.SSE,sell,2026-03-19 14:24:00,2026-03-19 14:25:00,62.1403,62.4371,157,21.89,0.00478,模型转空
2026-03-19,600675.SSE,sell,2026-03-19 14:26:00,2026-03-19 14:27:00,139.0705,139.0705,71,-25.14,0.0,模型转空
2026-03-19,000533.SZSE,sell,2026-03-19 14:26:00,2026-03-19 14:28:00,36.702,37.0111,247,52.64,0.00842,模型转空
2026-03-19,600280.SSE,sell,2026-03-19 14:27:00,2026-03-19 14:28:00,44.2081,44.3283,223,1.81,0.00272,模型转空
2026-03-19,600653.SSE,sell,2026-03-19 14:32:00,2026-03-19 14:33:00,194.9248,196.6711,50,63.82,0.00896,模型转空
2026-03-19,600675.SSE,sell,2026-03-19 14:33:00,2026-03-19 14:34:00,139.0705,139.0705,71,-25.14,0.0,模型转空
2026-03-19,600653.SSE,sell,2026-03-19 14:44:00,2026-03-19 14:47:00,194.9248,196.6711,50,63.82,0.00896,模型转空
2026-03-20,600653.SSE,sell,2026-03-20 09:59:00,2026-03-20 10:00:00,189.6856,191.432,51,65.71,0.00921,模型转空
2026-03-20,600653.SSE,sell,2026-03-20 10:18:00,2026-03-20 10:19:00,184.4465,186.1929,54,69.11,0.00947,模型转空
2026-03-20,600653.SSE,sell,2026-03-20 10:33:00,2026-03-20 10:36:00,184.4465,186.1929,54,69.11,0.00947,模型转空
2026-03-20,600653.SSE,sell,2026-03-20 10:42:00,2026-03-20 10:43:00,184.4465,186.1929,54,69.11,0.00947,模型转空
2026-03-20,600653.SSE,sell,2026-03-20 10:44:00,2026-03-20 10:46:00,184.4465,186.1929,54,69.11,0.00947,模型转空
2026-03-20,600653.SSE,sell,2026-03-20 10:57:00,2026-03-20 11:01:00,182.7001,182.7001,54,-25.0,0.0,模型转空
2026-03-20,600653.SSE,sell,2026-03-20 11:02:00,2026-03-20 11:04:00,180.9537,182.7001,55,70.9,0.00965,模型转空
2026-03-20,600653.SSE,sell,2026-03-20 13:32:00,2026-03-20 13:34:00,182.7001,184.4465,54,69.25,0.00956,模型转空
2026-03-20,600743.SSE,sell,2026-03-20 13:51:00,2026-03-20 13:52:00,62.4371,62.734,157,21.82,0.00475,模型转空
2026-03-20,002495.SZSE,sell,2026-03-20 13:54:00,2026-03-20 13:55:00,25.2118,25.3017,389,10.09,0.00357,模型转空
2026-03-20,600743.SSE,sell,2026-03-20 13:55:00,2026-03-20 13:57:00,62.4371,62.734,157,21.82,0.00475,模型转空
2026-03-20,600743.SSE,sell,2026-03-20 14:07:00,2026-03-20 14:08:00,62.4371,62.734,157,21.82,0.00475,模型转空
2026-03-20,600743.SSE,sell,2026-03-20 14:09:00,2026-03-20 14:12:00,62.4371,62.734,157,21.82,0.00475,模型转空
2026-03-20,600152.SSE,sell,2026-03-20 14:12:00,2026-03-20 14:13:00,27.4256,27.5153,337,6.18,0.00327,模型转空
2026-03-20,600653.SSE,sell,2026-03-20 14:16:00,2026-03-20 14:17:00,180.9537,182.7001,55,70.9,0.00965,模型转空
2026-03-20,600653.SSE,sell,2026-03-20 14:20:00,2026-03-20 14:21:00,180.9537,182.7001,55,70.9,0.00965,模型转空
2026-03-20,600653.SSE,sell,2026-03-20 14:23:00,2026-03-20 14:25:00,180.9537,182.7001,55,70.9,0.00965,模型转空
2026-03-20,600653.SSE,sell,2026-03-20 14:28:00,2026-03-20 14:29:00,180.9537,182.7001,55,70.9,0.00965,模型转空
2026-03-23,301228.SZSE,sell,2026-03-23 09:35:00,2026-03-23 09:40:00,40.29,40.3,199,-20.22,0.00025,模型转空
2026-03-23,301083.SZSE,sell,2026-03-23 09:35:00,2026-03-23 09:40:00,18.11,18.35,487,93.43,0.01325,模型转空
2026-03-23,301111.SZSE,sell,2026-03-23 09:35:00,2026-03-23 09:40:00,18.72,18.83,489,29.9,0.00588,模型转空
2026-03-23,300923.SZSE,sell,2026-03-23 09:35:00,2026-03-23 09:41:00,27.28,27.7,276,94.65,0.0154,模型转空
2026-03-23,300405.SZSE,sell,2026-03-23 09:35:00,2026-03-23 09:42:00,23.2163,23.4445,414,69.89,0.00983,模型转空
2026-03-23,600653.SSE,sell,2026-03-23 10:31:00,2026-03-23 10:32:00,172.2218,173.9682,57,74.65,0.01014,模型转空
2026-03-23,600653.SSE,sell,2026-03-23 10:42:00,2026-03-23 10:43:00,170.4754,172.2218,58,76.31,0.01024,模型转空
2026-03-23,600653.SSE,sell,2026-03-23 13:12:00,2026-03-23 13:14:00,166.9827,168.729,59,78.14,0.01046,模型转空
2026-03-23,600653.SSE,sell,2026-03-23 13:20:00,2026-03-23 13:23:00,165.2363,166.9827,60,79.82,0.01057,模型转空
2026-03-23,600743.SSE,sell,2026-03-23 13:30:00,2026-03-23 13:31:00,58.2814,58.5782,170,25.44,0.00509,模型转空
2026-03-23,600280.SSE,sell,2026-03-23 13:27:00,2026-03-23 13:33:00,41.8036,41.6834,238,-53.73,-0.00288,模型转空
2026-03-23,300281.SZSE,sell,2026-03-23 13:31:00,2026-03-23 13:33:00,40.9018,41.1417,236,32.06,0.00586,模型转空
2026-03-23,600653.SSE,sell,2026-03-23 13:33:00,2026-03-23 13:34:00,163.4899,165.2363,61,81.51,0.01068,模型转空
2026-03-23,600665.SSE,sell,2026-03-23 13:29:00,2026-03-23 13:35:00,14.267,14.3005,681,-1.97,0.00235,模型转空
2026-03-23,002397.SZSE,sell,2026-03-23 13:30:00,2026-03-23 13:35:00,50.3984,50.3984,198,-25.18,0.0,模型转空
2026-03-23,002495.SZSE,sell,2026-03-23 13:30:00,2026-03-23 13:35:00,23.6824,23.6824,420,-25.14,0.0,模型转空
2026-03-23,600857.SSE,sell,2026-03-23 13:33:00,2026-03-23 13:35:00,57.4046,57.6957,159,22.57,0.00507,模型转空
2026-03-23,002321.SZSE,sell,2026-03-23 13:34:00,2026-03-23 13:35:00,4.7311,4.7726,2079,61.24,0.00877,模型转空
2026-03-23,600653.SSE,sell,2026-03-23 13:43:00,2026-03-23 13:44:00,163.4899,165.2363,61,81.51,0.01068,模型转空
2026-03-23,600653.SSE,sell,2026-03-23 13:45:00,2026-03-23 13:47:00,163.4899,165.2363,61,81.51,0.01068,模型转空
2026-03-23,600638.SSE,sell,2026-03-23 13:45:00,2026-03-23 13:47:00,109.8047,110.0149,91,-6.07,0.00191,模型转空
2026-03-23,600794.SSE,sell,2026-03-23 13:49:00,2026-03-23 13:53:00,94.4293,94.4293,104,-25.06,0.0,模型转空
2026-03-23,600653.SSE,sell,2026-03-23 13:52:00,2026-03-23 13:54:00,163.4899,165.2363,61,81.51,0.01068,模型转空
2026-03-23,002909.SZSE,sell,2026-03-23 13:52:00,2026-03-23 13:54:00,18.7905,18.8728,499,16.82,0.00438,模型转空
2026-03-23,600293.SSE,sell,2026-03-23 13:52:00,2026-03-23 13:54:00,10.5512,10.5834,934,5.04,0.00305,模型转空
2026-03-23,600770.SSE,sell,2026-03-23 13:52:00,2026-03-23 13:54:00,109.9794,110.5945,90,30.39,0.00559,模型转空
2026-03-23,000705.SZSE,sell,2026-03-23 13:53:00,2026-03-23 13:54:00,45.338,45.5627,215,23.44,0.00495,模型转空
2026-03-23,300281.SZSE,sell,2026-03-23 13:55:00,2026-03-23 13:56:00,40.7219,41.0217,236,46.32,0.00736,模型转空
2026-03-23,600743.SSE,sell,2026-03-23 14:07:00,2026-03-23 14:08:00,57.9846,58.2814,170,25.52,0.00512,模型转空
2026-03-23,600638.SSE,sell,2026-03-23 14:07:00,2026-03-23 14:08:00,108.7534,109.1739,91,13.2,0.00387,模型转空
2026-03-23,600665.SSE,sell,2026-03-23 14:08:00,2026-03-23 14:10:00,14.133,14.2,703,22.01,0.00474,模型转空
2026-03-23,600653.SSE,sell,2026-03-23 14:06:00,2026-03-23 14:11:00,163.4899,163.4899,61,-25.2,0.0,模型转空
2026-03-23,600743.SSE,sell,2026-03-23 14:11:00,2026-03-23 14:12:00,57.9846,58.2814,170,25.52,0.00512,模型转空
2026-03-23,000868.SZSE,sell,2026-03-23 14:13:00,2026-03-23 14:14:00,18.0668,18.1122,543,-0.26,0.00251,模型转空
2026-03-23,600708.SSE,sell,2026-03-23 14:13:00,2026-03-23 14:16:00,40.8953,41.0832,240,20.19,0.0046,模型转空
2026-03-23,000720.SZSE,sell,2026-03-23 14:14:00,2026-03-23 14:16:00,27.6671,27.748,353,3.7,0.00292,模型转空
2026-03-23,300510.SZSE,sell,2026-03-23 14:14:00,2026-03-23 14:16:00,27.6896,27.8128,349,18.33,0.00445,模型转空
2026-03-23,002285.SZSE,sell,2026-03-23 14:14:00,2026-03-23 14:16:00,46.9358,47.0695,212,3.19,0.00285,模型转空
2026-03-23,300078.SZSE,sell,2026-03-23 14:14:00,2026-03-23 14:16:00,50.8413,51.0662,192,18.45,0.00443,模型转空
2026-03-23,600675.SSE,sell,2026-03-23 14:17:00,2026-03-23 14:18:00,131.9408,132.3369,75,4.71,0.003,模型转空
2026-03-23,600653.SSE,sell,2026-03-23 14:19:00,2026-03-23 14:20:00,159.9971,161.7435,62,83.36,0.01092,模型转空
2026-03-23,300466.SZSE,sell,2026-03-23 14:19:00,2026-03-23 14:20:00,45.064,45.334,220,34.45,0.00599,模型转空
2026-03-23,600626.SSE,sell,2026-03-23 14:22:00,2026-03-23 14:24:00,39.3896,39.4722,246,-4.42,0.0021,模型转空
2026-03-23,600653.SSE,sell,2026-03-23 14:23:00,2026-03-23 14:24:00,159.9971,161.7435,62,83.36,0.01092,模型转空
2026-03-23,300078.SZSE,sell,2026-03-23 14:22:00,2026-03-23 14:25:00,50.5037,50.8413,192,40.22,0.00668,模型转空
2026-03-23,002495.SZSE,sell,2026-03-23 14:22:00,2026-03-23 14:25:00,23.4125,23.5025,420,12.83,0.00384,模型转空
2026-03-23,000720.SZSE,sell,2026-03-23 14:22:00,2026-03-23 14:25:00,27.5054,27.6671,353,32.38,0.00588,模型转空
2026-03-23,002084.SZSE,sell,2026-03-23 14:24:00,2026-03-23 14:25:00,12.4636,12.5861,793,72.01,0.00982,模型转空
2026-03-23,600716.SSE,sell,2026-03-23 14:24:00,2026-03-23 14:25:00,19.885,19.9656,496,14.99,0.00406,模型转空
2026-03-23,001896.SZSE,sell,2026-03-23 14:37:00,2026-03-23 14:40:00,17.42,17.69,517,115.88,0.0155,模型转空
2026-03-23,600653.SSE,sell,2026-03-23 14:41:00,2026-03-23 14:42:00,159.9971,161.7435,62,83.36,0.01092,模型转空
2026-03-23,600743.SSE,sell,2026-03-23 14:41:00,2026-03-23 14:43:00,57.3909,57.6877,173,26.33,0.00517,模型转空
2026-03-23,002451.SZSE,sell,2026-03-23 14:43:00,2026-03-23 14:46:00,28.635,28.635,321,-24.01,0.0,模型转空
2026-03-24,600626.SSE,sell,2026-03-24 11:16:00,2026-03-24 11:17:00,40.2154,40.298,246,-4.73,0.00205,模型转空
2026-03-24,600665.SSE,sell,2026-03-24 13:29:00,2026-03-24 13:30:00,14.4346,14.5016,681,20.67,0.00464,模型转空
2026-03-24,002397.SZSE,sell,2026-03-24 13:31:00,2026-03-24 13:35:00,51.3483,51.4539,190,-4.77,0.00206,模型转空
2026-03-24,600675.SSE,sell,2026-03-24 13:33:00,2026-03-24 13:35:00,133.9213,133.9213,73,-24.97,0.0,模型转空
2026-03-24,000407.SZSE,sell,2026-03-24 13:48:00,2026-03-24 13:49:00,60.9334,61.0655,160,-3.7,0.00217,模型转空
2026-03-24,600653.SSE,sell,2026-03-24 14:02:00,2026-03-24 14:03:00,172.2218,173.9682,57,74.65,0.01014,模型转空
2026-03-24,600708.SSE,sell,2026-03-24 14:29:00,2026-03-24 14:30:00,42.5866,42.6806,232,-3.22,0.00221,模型转空
2026-03-24,600743.SSE,sell,2026-03-24 14:44:00,2026-03-24 14:45:00,59.1719,59.4688,167,24.56,0.00502,模型转空
2026-03-25,600653.SSE,sell,2026-03-25 13:26:00,2026-03-25 13:28:00,189.6856,191.432,51,65.71,0.00921,模型转空
2026-03-25,600280.SSE,sell,2026-03-25 13:28:00,2026-03-25 13:29:00,43.4867,43.607,223,2.06,0.00276,模型转空
2026-03-25,600300.SSE,sell,2026-03-25 13:32:00,2026-03-25 13:33:00,25.4725,25.5297,390,-2.81,0.00225,模型转空
2026-03-25,600653.SSE,sell,2026-03-25 13:32:00,2026-03-25 13:34:00,189.6856,191.432,51,65.71,0.00921,模型转空
2026-03-25,600743.SSE,sell,2026-03-25 13:44:00,2026-03-25 13:47:00,61.5466,61.8435,160,22.68,0.00482,模型转空
2026-03-25,600930.SSE,sell,2026-03-25 13:55:00,2026-03-25 13:56:00,7.64,7.72,1280,77.49,0.01047,模型转空
2026-03-25,600930.SSE,sell,2026-03-25 14:07:00,2026-03-25 14:09:00,7.56,7.62,1280,52.05,0.00794,模型转空
2026-03-25,600653.SSE,sell,2026-03-25 14:08:00,2026-03-25 14:09:00,187.9392,189.6856,53,67.34,0.00929,模型转空
2026-03-25,001896.SZSE,sell,2026-03-25 14:08:00,2026-03-25 14:09:00,18.76,18.34,517,-241.88,-0.02239,止损
2026-03-25,600653.SSE,sell,2026-03-25 14:14:00,2026-03-25 14:15:00,187.9392,189.6856,53,67.34,0.00929,模型转空
2026-03-25,600653.SSE,sell,2026-03-25 14:16:00,2026-03-25 14:18:00,187.9392,189.6856,53,67.34,0.00929,模型转空
2026-03-25,600930.SSE,sell,2026-03-25 14:14:00,2026-03-25 14:20:00,7.47,7.5,1280,13.84,0.00402,模型转空
2026-03-25,001896.SZSE,sell,2026-03-25 14:13:00,2026-03-25 14:21:00,18.4,18.23,517,-112.36,-0.00924,模型转空
2026-03-25,600653.SSE,sell,2026-03-25 14:28:00,2026-03-25 14:29:00,187.9392,189.6856,53,67.34,0.00929,模型转空
2026-03-25,001896.SZSE,sell,2026-03-25 14:42:00,2026-03-25 14:44:00,17.67,18.15,517,224.24,0.02716,模型转空
2026-03-26,600653.SSE,sell,2026-03-26 10:16:00,2026-03-26 10:19:00,186.1929,187.9392,53,67.48,0.00938,模型转空
2026-03-26,600653.SSE,sell,2026-03-26 10:26:00,2026-03-26 10:27:00,184.4465,186.1929,54,69.11,0.00947,模型转空
2026-03-26,600653.SSE,sell,2026-03-26 10:29:00,2026-03-26 10:30:00,184.4465,186.1929,54,69.11,0.00947,模型转空
2026-03-26,600743.SSE,sell,2026-03-26 10:52:00,2026-03-26 10:53:00,61.5466,61.8435,160,22.68,0.00482,模型转空
2026-03-26,600653.SSE,sell,2026-03-26 10:54:00,2026-03-26 10:58:00,184.4465,186.1929,54,69.11,0.00947,模型转空
2026-03-26,600743.SSE,sell,2026-03-26 11:28:00,2026-03-26 11:29:00,61.5466,61.8435,160,22.68,0.00482,模型转空
2026-03-26,600653.SSE,sell,2026-03-26 13:25:00,2026-03-26 13:26:00,182.7001,184.4465,54,69.25,0.00956,模型转空
2026-03-26,600675.SSE,sell,2026-03-26 13:27:00,2026-03-26 13:28:00,135.9017,136.2978,73,3.9,0.00291,模型转空
2026-03-26,600708.SSE,sell,2026-03-26 13:27:00,2026-03-26 13:29:00,41.741,41.8349,232,-2.92,0.00225,模型转空
2026-03-26,002374.SZSE,sell,2026-03-26 13:32:00,2026-03-26 13:34:00,21.8101,21.8734,446,3.44,0.00291,模型转空
2026-03-26,600653.SSE,sell,2026-03-26 13:33:00,2026-03-26 13:34:00,182.7001,184.4465,54,69.25,0.00956,模型转空
2026-03-26,600653.SSE,sell,2026-03-26 13:41:00,2026-03-26 13:42:00,182.7001,184.4465,54,69.25,0.00956,模型转空
2026-03-26,000558.SZSE,sell,2026-03-26 13:41:00,2026-03-26 13:42:00,33.8,33.8747,282,-3.43,0.00221,模型转空
2026-03-26,000558.SZSE,sell,2026-03-26 13:43:00,2026-03-26 13:44:00,33.8,33.8,282,-24.54,0.0,模型转空
2026-03-26,600743.SSE,sell,2026-03-26 13:50:00,2026-03-26 13:51:00,61.2498,61.5466,160,22.75,0.00485,模型转空
2026-03-26,600425.SSE,sell,2026-03-26 14:00:00,2026-03-26 14:01:00,24.9508,25.0035,391,-4.25,0.00211,模型转空
2026-03-26,600653.SSE,sell,2026-03-26 14:10:00,2026-03-26 14:11:00,182.7001,184.4465,54,69.25,0.00956,模型转空
2026-03-26,600743.SSE,sell,2026-03-26 14:11:00,2026-03-26 14:12:00,61.2498,61.5466,160,22.75,0.00485,模型转空
2026-03-26,002580.SZSE,sell,2026-03-26 14:10:00,2026-03-26 14:14:00,64.1291,64.5726,146,40.59,0.00692,模型转空
2026-03-26,001256.SZSE,sell,2026-03-26 14:44:00,2026-03-26 14:50:00,27.42,27.49,288,-1.84,0.00255,尾盘平仓
2026-03-27,600653.SSE,sell,2026-03-27 10:50:00,2026-03-27 10:51:00,182.7001,184.4465,54,69.25,0.00956,模型转空
2026-03-27,600653.SSE,sell,2026-03-27 10:53:00,2026-03-27 10:54:00,182.7001,184.4465,54,69.25,0.00956,模型转空
2026-03-27,600653.SSE,sell,2026-03-27 10:56:00,2026-03-27 10:58:00,182.7001,184.4465,54,69.25,0.00956,模型转空
2026-03-27,002374.SZSE,sell,2026-03-27 11:28:00,2026-03-27 11:29:00,21.8734,21.9368,446,3.4,0.0029,模型转空
2026-03-27,300078.SZSE,sell,2026-03-27 11:30:00,2026-03-27 13:01:00,52.5288,52.6413,185,-3.96,0.00214,模型转空
2026-03-27,300247.SZSE,sell,2026-03-27 13:56:00,2026-03-27 13:57:00,28.35,28.41,349,-4.11,0.00212,模型转空
2026-03-27,300078.SZSE,sell,2026-03-27 13:57:00,2026-03-27 14:01:00,52.6413,52.6413,185,-24.86,0.0,模型转空
2026-03-27,600231.SSE,sell,2026-03-27 14:00:00,2026-03-27 14:01:00,18.0242,18.0242,549,-25.05,0.0,模型转空
2026-03-27,002495.SZSE,sell,2026-03-27 14:05:00,2026-03-27 14:08:00,25.3917,25.4817,389,9.99,0.00354,模型转空
2026-03-27,600743.SSE,sell,2026-03-27 14:13:00,2026-03-27 14:15:00,61.2498,61.5466,160,22.75,0.00485,模型转空
2026-03-27,600653.SSE,sell,2026-03-27 14:43:00,2026-03-27 14:44:00,186.1929,187.9392,53,67.48,0.00938,模型转空
2026-03-30,600653.SSE,sell,2026-03-30 09:37:00,2026-03-30 09:39:00,184.4465,186.1929,54,69.11,0.00947,模型转空
2026-03-30,603992.SSE,sell,2026-03-30 09:37:00,2026-03-30 09:40:00,37.03,36.26,182,-160.61,-0.02079,止损
2026-03-30,002664.SZSE,sell,2026-03-30 09:35:00,2026-03-30 09:42:00,61.329,60.369,157,-175.23,-0.01565,模型转空
2026-03-30,605183.SSE,sell,2026-03-30 09:36:00,2026-03-30 09:42:00,21.02,21.16,435,37.01,0.00666,模型转空
2026-03-30,600675.SSE,sell,2026-03-30 13:56:00,2026-03-30 13:57:00,135.1096,135.5056,73,3.99,0.00293,模型转空
2026-03-30,600675.SSE,sell,2026-03-30 13:58:00,2026-03-30 13:59:00,135.1096,135.5056,73,3.99,0.00293,模型转空
2026-03-30,600626.SSE,sell,2026-03-30 14:02:00,2026-03-30 14:05:00,39.8025,39.8851,246,-4.58,0.00207,模型转空
2026-03-30,600794.SSE,sell,2026-03-30 14:23:00,2026-03-30 14:26:00,98.7835,98.7835,101,-25.19,0.0,模型转空
2026-03-30,600626.SSE,sell,2026-03-30 14:27:00,2026-03-30 14:28:00,39.8025,39.8851,246,-4.58,0.00207,模型转空
2026-03-30,000558.SZSE,sell,2026-03-30 14:27:00,2026-03-30 14:29:00,33.8747,33.9493,282,-3.46,0.0022,模型转空
2026-03-30,605299.SSE,sell,2026-03-30 14:30:00,2026-03-30 14:31:00,21.05,21.43,450,146.58,0.01805,模型转空
2026-03-30,600280.SSE,sell,2026-03-30 14:33:00,2026-03-30 14:34:00,43.607,43.7272,223,2.02,0.00276,模型转空
2026-03-31,600653.SSE,sell,2026-03-31 10:30:00,2026-03-31 10:31:00,186.1929,187.9392,53,67.48,0.00938,模型转空
2026-03-31,600653.SSE,sell,2026-03-31 10:32:00,2026-03-31 10:33:00,186.1929,187.9392,53,67.48,0.00938,模型转空
2026-03-31,600653.SSE,sell,2026-03-31 10:34:00,2026-03-31 10:37:00,186.1929,187.9392,53,67.48,0.00938,模型转空
2026-03-31,600743.SSE,sell,2026-03-31 10:38:00,2026-03-31 10:39:00,62.1403,62.4371,157,21.89,0.00478,模型转空
2026-03-31,600653.SSE,sell,2026-03-31 11:00:00,2026-03-31 11:01:00,184.4465,186.1929,54,69.11,0.00947,模型转空
2026-03-31,600653.SSE,sell,2026-03-31 11:07:00,2026-03-31 11:08:00,184.4465,186.1929,54,69.11,0.00947,模型转空
2026-03-31,600653.SSE,sell,2026-03-31 11:22:00,2026-03-31 11:23:00,184.4465,186.1929,54,69.11,0.00947,模型转空
2026-03-31,600653.SSE,sell,2026-03-31 13:17:00,2026-03-31 13:18:00,184.4465,186.1929,54,69.11,0.00947,模型转空
2026-03-31,600653.SSE,sell,2026-03-31 13:22:00,2026-03-31 13:23:00,184.4465,186.1929,54,69.11,0.00947,模型转空
2026-03-31,600653.SSE,sell,2026-03-31 13:26:00,2026-03-31 13:27:00,184.4465,186.1929,54,69.11,0.00947,模型转空
2026-03-31,600653.SSE,sell,2026-03-31 13:40:00,2026-03-31 13:42:00,184.4465,186.1929,54,69.11,0.00947,模型转空
2026-03-31,600743.SSE,sell,2026-03-31 13:47:00,2026-03-31 13:49:00,61.5466,61.5466,160,-25.06,0.0,模型转空
2026-03-31,002495.SZSE,sell,2026-03-31 13:54:00,2026-03-31 13:55:00,25.8415,25.9315,379,9.2,0.00348,模型转空
2026-03-31,002397.SZSE,sell,2026-03-31 13:54:00,2026-03-31 13:55:00,52.6149,52.7204,183,-5.33,0.00201,模型转空
2026-03-31,600675.SSE,sell,2026-03-31 13:58:00,2026-03-31 13:59:00,135.5056,135.9017,73,3.95,0.00292,模型转空
2026-03-31,000407.SZSE,sell,2026-03-31 13:59:00,2026-03-31 14:02:00,61.5938,61.5938,160,-25.0,0.0,模型转空
2026-03-31,600653.SSE,sell,2026-03-31 14:03:00,2026-03-31 14:04:00,182.7001,184.4465,54,69.25,0.00956,模型转空
2026-03-31,600653.SSE,sell,2026-03-31 14:07:00,2026-03-31 14:09:00,182.7001,184.4465,54,69.25,0.00956,模型转空
2026-03-31,600231.SSE,sell,2026-03-31 14:07:00,2026-03-31 14:09:00,18.2142,18.2775,538,9.15,0.00348,模型转空
2026-03-31,600675.SSE,sell,2026-03-31 14:08:00,2026-03-31 14:11:00,135.1096,135.1096,73,-25.1,0.0,模型转空
2026-03-31,600708.SSE,sell,2026-03-31 14:11:00,2026-03-31 14:12:00,42.4926,42.4926,232,-25.03,0.0,模型转空
2026-03-31,600653.SSE,sell,2026-03-31 14:10:00,2026-03-31 14:13:00,182.7001,184.4465,54,69.25,0.00956,模型转空
2026-03-31,600280.SSE,sell,2026-03-31 14:11:00,2026-03-31 14:13:00,43.2463,43.2463,230,-25.17,0.0,模型转空
2026-03-31,600743.SSE,sell,2026-03-31 14:12:00,2026-03-31 14:13:00,61.2498,61.5466,160,22.75,0.00485,模型转空
2026-03-31,300510.SZSE,sell,2026-03-31 14:12:00,2026-03-31 14:13:00,26.7036,26.7652,365,-2.33,0.00231,模型转空
2026-03-31,600540.SSE,sell,2026-03-31 14:15:00,2026-03-31 14:16:00,14.827,14.8618,665,-1.86,0.00235,模型转空
2026-03-31,002285.SZSE,sell,2026-03-31 14:15:00,2026-03-31 14:17:00,46.5349,46.5349,212,-25.01,0.0,模型转空
2026-03-31,600743.SSE,sell,2026-03-31 14:15:00,2026-03-31 14:17:00,61.2498,61.5466,160,22.75,0.00485,模型转空
2026-03-31,300813.SZSE,sell,2026-03-31 14:21:00,2026-03-31 14:22:00,62.524,63.1272,136,59.52,0.00965,模型转空
2026-03-31,600743.SSE,sell,2026-03-31 14:22:00,2026-03-31 14:23:00,61.2498,61.5466,160,22.75,0.00485,模型转空
2026-03-31,600231.SSE,sell,2026-03-31 14:25:00,2026-03-31 14:26:00,18.1509,18.2142,549,9.58,0.00349,模型转空
2026-03-31,002495.SZSE,sell,2026-03-31 14:25:00,2026-03-31 14:26:00,25.7516,25.8415,379,9.25,0.00349,模型转空
2026-03-31,600653.SSE,sell,2026-03-31 14:25:00,2026-03-31 14:27:00,182.7001,182.7001,54,-25.0,0.0,模型转空
2026-03-31,600743.SSE,sell,2026-03-31 14:26:00,2026-03-31 14:27:00,61.2498,61.5466,160,22.75,0.00485,模型转空
2026-03-31,600743.SSE,sell,2026-03-31 14:28:00,2026-03-31 14:29:00,61.2498,61.5466,160,22.75,0.00485,模型转空
2026-03-31,000727.SZSE,sell,2026-03-31 14:30:00,2026-03-31 14:31:00,14.8549,14.9218,661,19.28,0.00451,模型转空
2026-03-31,600653.SSE,sell,2026-03-31 14:31:00,2026-03-31 14:32:00,180.9537,182.7001,55,70.9,0.00965,模型转空
2026-03-31,600756.SSE,sell,2026-03-31 14:43:00,2026-03-31 14:45:00,103.1195,104.1641,88,68.17,0.01013,模型转空
2026-04-01,600653.SSE,sell,2026-04-01 11:01:00,2026-04-01 11:02:00,180.9537,182.7001,55,70.9,0.00965,模型转空
2026-04-01,600425.SSE,sell,2026-04-01 11:27:00,2026-04-01 11:28:00,24.6349,24.6876,391,-4.07,0.00214,模型转空
2026-04-01,600653.SSE,sell,2026-04-01 11:28:00,2026-04-01 11:29:00,180.9537,182.7001,55,70.9,0.00965,模型转空
2026-04-01,600425.SSE,sell,2026-04-01 11:29:00,2026-04-01 11:30:00,24.6349,24.6876,391,-4.07,0.00214,模型转空
2026-04-01,603687.SSE,sell,2026-04-01 11:29:00,2026-04-01 13:01:00,16.2603,16.4403,589,81.41,0.01107,模型转空
2026-04-01,600653.SSE,sell,2026-04-01 13:24:00,2026-04-01 13:25:00,179.2073,180.9537,55,71.04,0.00974,模型转空
2026-04-01,300510.SZSE,sell,2026-04-01 13:28:00,2026-04-01 13:29:00,26.8268,26.9501,365,20.1,0.00459,模型转空
2026-04-01,600794.SSE,sell,2026-04-01 13:29:00,2026-04-01 13:30:00,97.5029,97.759,101,0.89,0.00263,模型转空
2026-04-01,600626.SSE,sell,2026-04-01 13:46:00,2026-04-01 13:48:00,39.5547,39.6373,246,-4.49,0.00209,模型转空
2026-04-01,600794.SSE,sell,2026-04-01 13:51:00,2026-04-01 13:52:00,97.5029,97.759,101,0.89,0.00263,模型转空
2026-04-01,600653.SSE,sell,2026-04-01 13:58:00,2026-04-01 13:59:00,179.2073,180.9537,55,71.04,0.00974,模型转空
2026-04-01,600743.SSE,sell,2026-04-01 13:58:00,2026-04-01 13:59:00,60.3593,60.6561,164,23.61,0.00492,模型转空
2026-04-01,002495.SZSE,sell,2026-04-01 13:58:00,2026-04-01 13:59:00,25.5716,25.6616,389,9.88,0.00352,模型转空
2026-04-01,600743.SSE,sell,2026-04-01 14:00:00,2026-04-01 14:01:00,60.3593,60.6561,164,23.61,0.00492,模型转空
2026-04-01,300204.SZSE,sell,2026-04-01 13:59:00,2026-04-01 14:02:00,242.157,244.5553,39,70.02,0.0099,模型转空
2026-04-01,002495.SZSE,sell,2026-04-01 14:00:00,2026-04-01 14:02:00,25.5716,25.6616,389,9.88,0.00352,模型转空
2026-04-01,600626.SSE,sell,2026-04-01 14:01:00,2026-04-01 14:03:00,39.3896,39.4722,246,-4.42,0.0021,模型转空
2026-04-01,002580.SZSE,sell,2026-04-01 14:06:00,2026-04-01 14:07:00,76.2654,78.5637,121,255.92,0.03013,模型转空
2026-04-01,002580.SZSE,sell,2026-04-01 14:10:00,2026-04-01 14:15:00,76.7896,77.4347,121,54.38,0.0084,模型转空
2026-04-01,002495.SZSE,sell,2026-04-01 14:15:00,2026-04-01 14:16:00,25.4817,25.5716,389,9.93,0.00353,模型转空
2026-04-01,002769.SZSE,sell,2026-04-01 14:20:00,2026-04-01 14:25:00,53.2772,53.4772,172,10.44,0.00375,模型转空
2026-04-01,600743.SSE,sell,2026-04-01 14:30:00,2026-04-01 14:31:00,60.3593,60.6561,164,23.61,0.00492,模型转空
2026-04-01,300247.SZSE,sell,2026-04-01 14:41:00,2026-04-01 14:43:00,29.13,29.19,333,-4.78,0.00206,模型转空
2026-04-01,002769.SZSE,sell,2026-04-01 14:44:00,2026-04-01 14:46:00,52.9273,52.9773,172,-15.25,0.00094,模型转空
2026-04-02,605398.SSE,sell,2026-04-02 09:38:00,2026-04-02 09:40:00,75.3616,75.2244,107,-37.06,-0.00182,模型转空
2026-04-02,600653.SSE,sell,2026-04-02 10:13:00,2026-04-02 10:14:00,175.7146,177.461,56,72.84,0.00994,模型转空
2026-04-02,600653.SSE,sell,2026-04-02 10:15:00,2026-04-02 10:16:00,175.7146,177.461,56,72.84,0.00994,模型转空
2026-04-02,600653.SSE,sell,2026-04-02 10:37:00,2026-04-02 10:38:00,173.9682,175.7146,57,74.5,0.01004,模型转空
2026-04-02,600653.SSE,sell,2026-04-02 10:39:00,2026-04-02 10:40:00,173.9682,175.7146,57,74.5,0.01004,模型转空
2026-04-02,600653.SSE,sell,2026-04-02 10:59:00,2026-04-02 11:00:00,173.9682,175.7146,57,74.5,0.01004,模型转空
2026-04-02,600653.SSE,sell,2026-04-02 11:26:00,2026-04-02 11:29:00,173.9682,175.7146,57,74.5,0.01004,模型转空
2026-04-02,000407.SZSE,sell,2026-04-02 11:28:00,2026-04-02 11:29:00,60.6692,60.8013,160,-3.63,0.00218,模型转空
2026-04-02,600675.SSE,sell,2026-04-02 11:28:00,2026-04-02 11:29:00,133.1291,133.5252,73,4.22,0.00298,模型转空
2026-04-02,600653.SSE,sell,2026-04-02 13:07:00,2026-04-02 13:09:00,172.2218,173.9682,57,74.65,0.01014,模型转空
2026-04-02,600675.SSE,sell,2026-04-02 13:31:00,2026-04-02 13:32:00,133.1291,133.5252,73,4.22,0.00298,模型转空
2026-04-02,600280.SSE,sell,2026-04-02 13:31:00,2026-04-02 13:32:00,42.5249,42.6452,230,2.8,0.00283,模型转空
2026-04-02,600231.SSE,sell,2026-04-02 13:31:00,2026-04-02 13:33:00,17.9609,18.0242,549,9.74,0.00352,模型转空
2026-04-02,600653.SSE,sell,2026-04-02 13:32:00,2026-04-02 13:33:00,172.2218,173.9682,57,74.65,0.01014,模型转空
2026-04-02,600626.SSE,sell,2026-04-02 13:32:00,2026-04-02 13:33:00,38.8941,38.9767,256,-4.01,0.00212,模型转空
2026-04-02,600653.SSE,sell,2026-04-02 13:35:00,2026-04-02 13:37:00,172.2218,173.9682,57,74.65,0.01014,模型转空
2026-04-02,600675.SSE,sell,2026-04-02 13:38:00,2026-04-02 13:39:00,133.1291,133.5252,73,4.22,0.00298,模型转空
2026-04-02,600675.SSE,sell,2026-04-02 13:48:00,2026-04-02 13:50:00,133.1291,133.5252,73,4.22,0.00298,模型转空
2026-04-02,600280.SSE,sell,2026-04-02 13:53:00,2026-04-02 13:55:00,42.4047,42.5249,230,2.84,0.00284,模型转空
2026-04-02,600743.SSE,sell,2026-04-02 13:56:00,2026-04-02 13:57:00,59.1719,59.4688,167,24.56,0.00502,模型转空
2026-04-02,600743.SSE,sell,2026-04-02 13:58:00,2026-04-02 14:02:00,59.1719,59.1719,167,-25.05,0.0,模型转空
2026-04-02,600433.SSE,sell,2026-04-02 14:01:00,2026-04-02 14:04:00,24.8045,24.8045,395,-24.92,0.0,模型转空
2026-04-02,605299.SSE,sell,2026-04-02 14:33:00,2026-04-02 14:37:00,23.78,24.18,360,120.97,0.01682,模型转空
2026-04-02,600653.SSE,sell,2026-04-02 14:41:00,2026-04-02 14:42:00,172.2218,173.9682,57,74.65,0.01014,模型转空
2026-04-03,600626.SSE,sell,2026-04-03 10:31:00,2026-04-03 10:32:00,38.1509,38.2334,256,-3.72,0.00216,模型转空
2026-04-03,600653.SSE,sell,2026-04-03 10:45:00,2026-04-03 10:46:00,165.2363,166.9827,60,79.82,0.01057,模型转空
2026-04-03,600653.SSE,sell,2026-04-03 10:52:00,2026-04-03 10:53:00,165.2363,166.9827,60,79.82,0.01057,模型转空
2026-04-03,600653.SSE,sell,2026-04-03 10:57:00,2026-04-03 11:02:00,165.2363,166.9827,60,79.82,0.01057,模型转空
2026-04-03,600675.SSE,sell,2026-04-03 11:06:00,2026-04-03 11:07:00,131.5447,131.9408,75,4.76,0.00301,模型转空
2026-04-03,600653.SSE,sell,2026-04-03 11:19:00,2026-04-03 11:20:00,163.4899,165.2363,61,81.51,0.01068,模型转空
2026-04-03,600653.SSE,sell,2026-04-03 11:21:00,2026-04-03 11:24:00,163.4899,165.2363,61,81.51,0.01068,模型转空
2026-04-03,600626.SSE,sell,2026-04-03 11:27:00,2026-04-03 11:29:00,37.9031,37.9857,256,-3.62,0.00218,模型转空
2026-04-03,000407.SZSE,sell,2026-04-03 11:27:00,2026-04-03 11:30:00,58.4237,58.5558,167,-2.76,0.00226,模型转空
2026-04-03,600675.SSE,sell,2026-04-03 11:27:00,2026-04-03 11:30:00,131.5447,131.9408,75,4.76,0.00301,模型转空
2026-04-03,300078.SZSE,sell,2026-04-03 11:28:00,2026-04-03 13:01:00,53.0913,52.8662,185,-66.74,-0.00424,模型转空
2026-04-03,002397.SZSE,sell,2026-04-03 11:30:00,2026-04-03 13:01:00,51.0317,51.1372,190,-4.68,0.00207,模型转空
2026-04-03,600626.SSE,sell,2026-04-03 11:30:00,2026-04-03 13:01:00,37.9031,37.9031,256,-24.77,0.0,模型转空
2026-04-03,600527.SSE,sell,2026-04-03 11:29:00,2026-04-03 13:02:00,61.8735,61.6839,161,-55.69,-0.00306,模型转空
2026-04-03,600280.SSE,sell,2026-04-03 13:23:00,2026-04-03 13:24:00,41.0823,41.2025,238,3.73,0.00293,模型转空
2026-04-03,600268.SSE,sell,2026-04-03 13:28:00,2026-04-03 13:29:00,129.4743,129.4743,72,-24.33,0.0,模型转空
2026-04-03,600231.SSE,sell,2026-04-03 13:27:00,2026-04-03 13:30:00,17.6444,17.6444,559,-25.02,0.0,模型转空
2026-04-03,600675.SSE,sell,2026-04-03 13:30:00,2026-04-03 13:33:00,131.1486,131.5447,75,4.81,0.00302,模型转空
2026-04-03,002285.SZSE,sell,2026-04-03 13:35:00,2026-04-03 13:36:00,43.728,43.9953,224,35.06,0.00611,模型转空
2026-04-03,600653.SSE,sell,2026-04-03 13:50:00,2026-04-03 13:51:00,163.4899,165.2363,61,81.51,0.01068,模型转空
2026-04-03,600653.SSE,sell,2026-04-03 13:55:00,2026-04-03 13:56:00,163.4899,165.2363,61,81.51,0.01068,模型转空
2026-04-03,600653.SSE,sell,2026-04-03 13:57:00,2026-04-03 13:58:00,163.4899,165.2363,61,81.51,0.01068,模型转空
2026-04-03,600433.SSE,sell,2026-04-03 14:05:00,2026-04-03 14:06:00,24.8045,24.8045,395,-24.92,0.0,模型转空
2026-04-03,600708.SSE,sell,2026-04-03 14:16:00,2026-04-03 14:17:00,41.4591,41.4591,240,-25.15,0.0,模型转空
2026-04-03,002181.SZSE,sell,2026-04-03 14:18:00,2026-04-03 14:20:00,23.5344,23.6384,403,17.51,0.00442,模型转空
2026-04-03,605299.SSE,sell,2026-04-03 14:18:00,2026-04-03 14:23:00,23.59,23.67,360,5.88,0.00339,模型转空
2026-04-03,000407.SZSE,sell,2026-04-03 14:30:00,2026-04-03 14:32:00,58.1595,58.2916,167,-2.69,0.00227,模型转空
2026-04-03,002263.SZSE,sell,2026-04-03 14:39:00,2026-04-03 14:50:00,21.2063,21.2063,464,-24.98,0.0,尾盘平仓
2026-04-07,600653.SSE,sell,2026-04-07 11:26:00,2026-04-07 11:27:00,168.729,170.4754,59,77.99,0.01035,模型转空
2026-04-07,600653.SSE,sell,2026-04-07 11:29:00,2026-04-07 11:30:00,168.729,170.4754,59,77.99,0.01035,模型转空
2026-04-07,600653.SSE,sell,2026-04-07 13:13:00,2026-04-07 13:14:00,168.729,170.4754,59,77.99,0.01035,模型转空
2026-04-07,600653.SSE,sell,2026-04-07 13:17:00,2026-04-07 13:18:00,168.729,170.4754,59,77.99,0.01035,模型转空
2026-04-07,600280.SSE,sell,2026-04-07 13:29:00,2026-04-07 13:30:00,41.6834,41.8036,238,3.51,0.00288,模型转空
2026-04-07,600231.SSE,sell,2026-04-07 13:59:00,2026-04-07 14:00:00,17.771,17.8343,559,10.29,0.00356,模型转空
2026-04-07,600626.SSE,sell,2026-04-07 14:24:00,2026-04-07 14:25:00,38.4812,38.5638,256,-3.85,0.00215,模型转空
2026-04-07,600425.SSE,sell,2026-04-07 14:28:00,2026-04-07 14:29:00,23.8978,23.9505,408,-3.36,0.0022,模型转空
2026-04-07,600425.SSE,sell,2026-04-07 14:32:00,2026-04-07 14:33:00,23.8978,23.8978,408,-24.82,0.0,模型转空
2026-04-07,600653.SSE,sell,2026-04-07 14:40:00,2026-04-07 14:41:00,172.2218,173.9682,57,74.65,0.01014,模型转空
2026-04-07,600425.SSE,sell,2026-04-07 14:40:00,2026-04-07 14:42:00,23.8978,23.8978,408,-24.82,0.0,模型转空
2026-04-08,600653.SSE,sell,2026-04-08 09:57:00,2026-04-08 10:00:00,173.9682,173.9682,57,-25.1,0.0,模型转空
2026-04-08,600653.SSE,sell,2026-04-08 10:33:00,2026-04-08 10:34:00,175.7146,177.461,56,72.84,0.00994,模型转空
2026-04-08,600653.SSE,sell,2026-04-08 10:52:00,2026-04-08 10:55:00,175.7146,177.461,56,72.84,0.00994,模型转空
2026-04-08,301309.SZSE,sell,2026-04-08 10:57:00,2026-04-08 11:03:00,41.4,41.7,191,35.27,0.00725,模型转空
2026-04-08,600653.SSE,sell,2026-04-08 11:27:00,2026-04-08 11:28:00,175.7146,177.461,56,72.84,0.00994,模型转空
2026-04-08,600626.SSE,sell,2026-04-08 11:29:00,2026-04-08 11:30:00,39.307,39.3896,246,-4.39,0.0021,模型转空
2026-04-08,600653.SSE,sell,2026-04-08 11:29:00,2026-04-08 13:02:00,175.7146,177.461,56,72.84,0.00994,模型转空
2026-04-08,600626.SSE,sell,2026-04-08 13:25:00,2026-04-08 13:28:00,39.307,39.3896,246,-4.39,0.0021,模型转空
2026-04-08,600653.SSE,sell,2026-04-08 13:51:00,2026-04-08 13:56:00,177.461,179.2073,56,72.69,0.00984,模型转空
2026-04-08,600280.SSE,sell,2026-04-08 13:58:00,2026-04-08 13:59:00,42.8856,43.0058,230,2.67,0.0028,模型转空
2026-04-08,600653.SSE,sell,2026-04-08 14:06:00,2026-04-08 14:07:00,177.461,179.2073,56,72.69,0.00984,模型转空
2026-04-08,600675.SSE,sell,2026-04-08 14:08:00,2026-04-08 14:09:00,135.1096,135.5056,73,3.99,0.00293,模型转空
2026-04-08,600231.SSE,sell,2026-04-08 14:25:00,2026-04-08 14:28:00,18.2142,18.2775,538,9.15,0.00348,模型转空
2026-04-09,600653.SSE,sell,2026-04-09 10:00:00,2026-04-09 10:01:00,173.9682,175.7146,57,74.5,0.01004,模型转空
2026-04-09,600653.SSE,sell,2026-04-09 10:25:00,2026-04-09 10:28:00,173.9682,175.7146,57,74.5,0.01004,模型转空
2026-04-09,600653.SSE,sell,2026-04-09 10:33:00,2026-04-09 10:34:00,172.2218,173.9682,57,74.65,0.01014,模型转空
2026-04-09,600653.SSE,sell,2026-04-09 10:35:00,2026-04-09 10:39:00,172.2218,173.9682,57,74.65,0.01014,模型转空
2026-04-09,600653.SSE,sell,2026-04-09 10:42:00,2026-04-09 10:43:00,172.2218,173.9682,57,74.65,0.01014,模型转空
2026-04-09,600653.SSE,sell,2026-04-09 10:44:00,2026-04-09 10:45:00,172.2218,173.9682,57,74.65,0.01014,模型转空
2026-04-09,600653.SSE,sell,2026-04-09 10:49:00,2026-04-09 10:50:00,172.2218,173.9682,57,74.65,0.01014,模型转空
2026-04-09,600653.SSE,sell,2026-04-09 10:51:00,2026-04-09 10:53:00,172.2218,173.9682,57,74.65,0.01014,模型转空
2026-04-09,002051.SZSE,sell,2026-04-09 10:54:00,2026-04-09 11:02:00,64.785,64.8726,151,-11.66,0.00135,模型转空
2026-04-09,600653.SSE,sell,2026-04-09 11:02:00,2026-04-09 11:04:00,172.2218,173.9682,57,74.65,0.01014,模型转空
2026-04-09,002051.SZSE,sell,2026-04-09 11:03:00,2026-04-09 11:10:00,63.7337,63.9965,151,15.15,0.00412,模型转空
2026-04-09,600653.SSE,sell,2026-04-09 11:09:00,2026-04-09 11:11:00,172.2218,173.9682,57,74.65,0.01014,模型转空
2026-04-09,600300.SSE,sell,2026-04-09 13:28:00,2026-04-09 13:29:00,25.1865,25.2437,390,-2.64,0.00227,模型转空
2026-04-09,002495.SZSE,sell,2026-04-09 13:25:00,2026-04-09 13:31:00,24.582,24.672,400,11.01,0.00366,模型转空
2026-04-09,600280.SSE,sell,2026-04-09 13:29:00,2026-04-09 13:32:00,41.6834,41.8036,238,3.51,0.00288,模型转空
2026-04-09,002374.SZSE,sell,2026-04-09 13:33:00,2026-04-09 13:34:00,21.5566,21.62,460,4.07,0.00294,模型转空
2026-04-09,600280.SSE,sell,2026-04-09 13:43:00,2026-04-09 13:44:00,41.6834,41.8036,238,3.51,0.00288,模型转空
2026-04-09,000558.SZSE,sell,2026-04-09 13:47:00,2026-04-09 13:48:00,33.2773,33.3519,296,-2.88,0.00224,模型转空
2026-04-09,600626.SSE,sell,2026-04-09 13:50:00,2026-04-09 13:51:00,38.8941,38.9767,256,-4.01,0.00212,模型转空
2026-04-09,600626.SSE,sell,2026-04-09 13:57:00,2026-04-09 13:59:00,38.8941,38.9767,256,-4.01,0.00212,模型转空
2026-04-09,002495.SZSE,sell,2026-04-09 14:00:00,2026-04-09 14:01:00,24.582,24.672,400,11.01,0.00366,模型转空
2026-04-09,301228.SZSE,sell,2026-04-09 14:27:00,2026-04-09 14:30:00,44.13,44.4,199,30.39,0.00612,模型转空
2026-04-09,600653.SSE,sell,2026-04-09 14:29:00,2026-04-09 14:33:00,172.2218,172.2218,57,-24.94,0.0,模型转空
2026-04-09,301408.SZSE,sell,2026-04-09 14:42:00,2026-04-09 14:47:00,19.49,19.39,489,-73.44,-0.00513,模型转空
2026-04-10,600653.SSE,sell,2026-04-10 11:20:00,2026-04-10 11:21:00,175.7146,177.461,56,72.84,0.00994,模型转空
2026-04-10,600433.SSE,sell,2026-04-10 11:28:00,2026-04-10 11:30:00,25.3811,25.4964,381,19.25,0.00454,模型转空
2026-04-10,000407.SZSE,sell,2026-04-10 11:29:00,2026-04-10 11:30:00,60.1409,60.405,160,17.63,0.00439,模型转空
2026-04-10,600653.SSE,sell,2026-04-10 13:28:00,2026-04-10 13:29:00,175.7146,177.461,56,72.84,0.00994,模型转空
2026-04-10,600653.SSE,sell,2026-04-10 13:30:00,2026-04-10 13:31:00,175.7146,177.461,56,72.84,0.00994,模型转空
2026-04-10,000558.SZSE,sell,2026-04-10 13:29:00,2026-04-10 13:32:00,33.3519,33.3519,296,-25.03,0.0,模型转空
2026-04-10,300247.SZSE,sell,2026-04-10 13:31:00,2026-04-10 13:32:00,28.95,29.01,333,-4.69,0.00207,模型转空
2026-04-10,002495.SZSE,sell,2026-04-10 13:32:00,2026-04-10 13:33:00,24.8519,24.9419,400,10.84,0.00362,模型转空
2026-04-10,300559.SZSE,sell,2026-04-10 13:32:00,2026-04-10 13:35:00,79.2395,79.6727,118,26.96,0.00547,模型转空
2026-04-10,300078.SZSE,sell,2026-04-10 13:34:00,2026-04-10 13:35:00,54.2163,54.2163,178,-24.72,0.0,模型转空
2026-04-10,600653.SSE,sell,2026-04-10 13:32:00,2026-04-10 13:36:00,175.7146,175.7146,56,-24.97,0.0,模型转空
2026-04-10,300190.SZSE,sell,2026-04-10 14:08:00,2026-04-10 14:09:00,50.3742,50.3742,197,-25.16,0.0,模型转空
2026-04-10,600665.SSE,sell,2026-04-10 14:22:00,2026-04-10 14:23:00,14.4681,14.5352,681,20.63,0.00463,模型转空
2026-04-10,600675.SSE,sell,2026-04-10 14:22:00,2026-04-10 14:24:00,134.3174,134.7135,73,4.08,0.00295,模型转空
2026-04-10,002374.SZSE,sell,2026-04-10 14:26:00,2026-04-10 14:27:00,21.6834,21.7467,460,3.98,0.00292,模型转空
2026-04-10,600708.SSE,sell,2026-04-10 14:36:00,2026-04-10 14:37:00,42.0228,42.0228,232,-24.86,0.0,模型转空
2026-04-10,000407.SZSE,sell,2026-04-10 14:39:00,2026-04-10 14:41:00,60.1409,60.2729,160,-3.51,0.0022,模型转空
2026-04-10,600653.SSE,sell,2026-04-10 14:44:00,2026-04-10 14:45:00,173.9682,175.7146,57,74.5,0.01004,模型转空
2026-04-13,605299.SSE,sell,2026-04-13 10:34:00,2026-04-13 10:35:00,19.78,19.87,450,16.96,0.00455,模型转空
2026-04-13,600653.SSE,sell,2026-04-13 10:32:00,2026-04-13 10:36:00,173.9682,175.7146,57,74.5,0.01004,模型转空
2026-04-13,600653.SSE,sell,2026-04-13 10:40:00,2026-04-13 10:42:00,173.9682,175.7146,57,74.5,0.01004,模型转空
2026-04-13,600626.SSE,sell,2026-04-13 11:19:00,2026-04-13 11:20:00,38.8115,38.8941,256,-3.97,0.00213,模型转空
2026-04-13,600675.SSE,sell,2026-04-13 13:59:00,2026-04-13 14:00:00,135.5056,135.9017,73,3.95,0.00292,模型转空
2026-04-13,000407.SZSE,sell,2026-04-13 14:16:00,2026-04-13 14:17:00,61.0655,61.1976,160,-3.73,0.00216,模型转空
2026-04-13,600626.SSE,sell,2026-04-13 14:16:00,2026-04-13 14:18:00,39.0593,39.1418,246,-4.3,0.00211,模型转空
2026-04-13,600653.SSE,sell,2026-04-13 14:20:00,2026-04-13 14:21:00,177.461,179.2073,56,72.69,0.00984,模型转空
2026-04-13,600626.SSE,sell,2026-04-13 14:23:00,2026-04-13 14:25:00,39.0593,39.1418,246,-4.3,0.00211,模型转空
2026-04-13,600665.SSE,sell,2026-04-13 14:30:00,2026-04-13 14:32:00,14.7027,14.7363,658,-2.67,0.00228,模型转空
2026-04-13,600626.SSE,sell,2026-04-13 14:31:00,2026-04-13 14:33:00,39.0593,39.1418,246,-4.3,0.00211,模型转空
2026-04-13,300247.SZSE,sell,2026-04-13 14:42:00,2026-04-13 14:45:00,28.47,28.47,349,-25.12,0.0,模型转空
2026-04-13,300868.SZSE,sell,2026-04-13 14:44:00,2026-04-13 14:47:00,67.245,67.915,99,46.41,0.00996,模型转空
2026-04-14,600280.SSE,sell,2026-04-14 10:32:00,2026-04-14 10:34:00,42.0441,42.1643,230,2.96,0.00286,模型转空
2026-04-14,600665.SSE,sell,2026-04-14 10:39:00,2026-04-14 10:41:00,14.7027,14.7363,658,-2.67,0.00228,模型转空
2026-04-14,600653.SSE,sell,2026-04-14 11:06:00,2026-04-14 11:11:00,175.7146,177.461,56,72.84,0.00994,模型转空
2026-04-14,300510.SZSE,sell,2026-04-14 13:29:00,2026-04-14 13:34:00,26.0873,26.0257,381,-48.6,-0.00236,模型转空
2026-04-14,600626.SSE,sell,2026-04-14 13:46:00,2026-04-14 13:48:00,38.7289,38.8115,256,-3.94,0.00213,模型转空
2026-04-14,600626.SSE,sell,2026-04-14 13:53:00,2026-04-14 13:54:00,38.7289,38.7289,256,-25.09,0.0,模型转空
2026-04-14,600665.SSE,sell,2026-04-14 14:23:00,2026-04-14 14:24:00,14.7698,14.8033,658,-2.74,0.00227,模型转空
2026-04-15,600653.SSE,sell,2026-04-15 10:31:00,2026-04-15 10:33:00,177.461,179.2073,56,72.69,0.00984,模型转空
2026-04-15,600653.SSE,sell,2026-04-15 10:44:00,2026-04-15 10:45:00,177.461,179.2073,56,72.69,0.00984,模型转空
2026-04-15,600653.SSE,sell,2026-04-15 11:07:00,2026-04-15 11:09:00,175.7146,177.461,56,72.84,0.00994,模型转空
2026-04-15,600653.SSE,sell,2026-04-15 11:10:00,2026-04-15 11:11:00,175.7146,177.461,56,72.84,0.00994,模型转空
2026-04-15,600626.SSE,sell,2026-04-15 11:12:00,2026-04-15 11:15:00,38.8941,38.8941,256,-25.15,0.0,模型转空
2026-04-15,600653.SSE,sell,2026-04-15 11:16:00,2026-04-15 11:17:00,175.7146,177.461,56,72.84,0.00994,模型转空
2026-04-15,600708.SSE,sell,2026-04-15 11:17:00,2026-04-15 11:20:00,42.2108,42.2108,232,-24.93,0.0,模型转空
2026-04-15,300190.SZSE,sell,2026-04-15 11:19:00,2026-04-15 11:20:00,49.8558,49.8558,197,-25.0,0.0,模型转空
2026-04-15,600653.SSE,sell,2026-04-15 11:19:00,2026-04-15 11:21:00,175.7146,177.461,56,72.84,0.00994,模型转空
2026-04-15,600653.SSE,sell,2026-04-15 11:25:00,2026-04-15 11:26:00,175.7146,177.461,56,72.84,0.00994,模型转空
2026-04-15,600653.SSE,sell,2026-04-15 11:27:00,2026-04-15 11:28:00,175.7146,177.461,56,72.84,0.00994,模型转空
2026-04-15,600626.SSE,sell,2026-04-15 11:28:00,2026-04-15 11:29:00,38.8941,38.9767,256,-4.01,0.00212,模型转空
2026-04-15,600300.SSE,sell,2026-04-15 11:28:00,2026-04-15 11:29:00,25.5869,25.6441,390,-2.88,0.00224,模型转空
2026-04-15,600280.SSE,sell,2026-04-15 13:04:00,2026-04-15 13:05:00,41.9238,42.0441,238,3.43,0.00287,模型转空
2026-04-15,600653.SSE,sell,2026-04-15 13:12:00,2026-04-15 13:14:00,175.7146,177.461,56,72.84,0.00994,模型转空
2026-04-15,600675.SSE,sell,2026-04-15 13:21:00,2026-04-15 13:22:00,136.2978,136.6939,71,3.51,0.00291,模型转空
2026-04-15,600708.SSE,sell,2026-04-15 13:23:00,2026-04-15 13:27:00,42.2108,42.3047,232,-3.09,0.00223,模型转空
2026-04-15,600675.SSE,sell,2026-04-15 13:26:00,2026-04-15 13:27:00,136.2978,136.6939,71,3.51,0.00291,模型转空
2026-04-15,600280.SSE,sell,2026-04-15 13:29:00,2026-04-15 13:30:00,41.9238,42.1643,238,32.03,0.00574,模型转空
2026-04-15,600708.SSE,sell,2026-04-15 13:31:00,2026-04-15 13:32:00,42.2108,42.3047,232,-3.09,0.00223,模型转空
2026-04-15,600708.SSE,sell,2026-04-15 13:40:00,2026-04-15 13:41:00,42.2108,42.3047,232,-3.09,0.00223,模型转空
2026-04-15,600280.SSE,sell,2026-04-15 13:44:00,2026-04-15 13:45:00,41.9238,42.0441,238,3.43,0.00287,模型转空
2026-04-15,600280.SSE,sell,2026-04-15 13:47:00,2026-04-15 13:49:00,41.9238,41.9238,238,-25.18,0.0,模型转空
2026-04-15,603289.SSE,sell,2026-04-15 14:14:00,2026-04-15 14:16:00,17.225,17.264,527,-3.26,0.00226,模型转空
2026-04-15,300078.SZSE,sell,2026-04-15 14:16:00,2026-04-15 14:17:00,53.0913,53.2038,185,-4.11,0.00212,模型转空
2026-04-15,600653.SSE,sell,2026-04-15 14:18:00,2026-04-15 14:19:00,173.9682,175.7146,57,74.5,0.01004,模型转空
2026-04-15,600675.SSE,sell,2026-04-15 14:22:00,2026-04-15 14:25:00,136.2978,136.2978,71,-24.84,0.0,模型转空
2026-04-15,600653.SSE,sell,2026-04-15 14:36:00,2026-04-15 14:37:00,173.9682,175.7146,57,74.5,0.01004,模型转空
2026-04-16,600231.SSE,sell,2026-04-16 13:27:00,2026-04-16 13:31:00,18.1509,18.1509,549,-25.15,0.0,模型转空
2026-04-16,002239.SZSE,sell,2026-04-16 13:31:00,2026-04-16 13:34:00,27.7014,27.7896,360,6.58,0.00318,模型转空
2026-04-16,600653.SSE,sell,2026-04-16 13:34:00,2026-04-16 13:35:00,175.7146,177.461,56,72.84,0.00994,模型转空
2026-04-16,002361.SZSE,sell,2026-04-16 13:58:00,2026-04-16 14:02:00,162.87,163.83,57,30.92,0.00589,模型转空
2026-04-16,600665.SSE,sell,2026-04-16 14:01:00,2026-04-16 14:02:00,14.6357,14.6692,681,-2.35,0.00229,模型转空
2026-04-16,000534.SZSE,sell,2026-04-16 14:15:00,2026-04-16 14:26:00,150.0729,148.4101,57,-118.7,-0.01108,模型转空
2026-04-16,600626.SSE,sell,2026-04-16 14:41:00,2026-04-16 14:43:00,39.3896,39.4722,246,-4.42,0.0021,模型转空
2026-04-17,000558.SZSE,sell,2026-04-17 11:30:00,2026-04-17 13:01:00,32.9039,32.9786,296,-2.71,0.00227,模型转空
2026-04-17,600653.SSE,sell,2026-04-17 13:19:00,2026-04-17 13:24:00,172.2218,175.7146,57,174.24,0.02028,模型转空
2026-04-17,600716.SSE,sell,2026-04-17 13:24:00,2026-04-17 13:25:00,19.643,19.6834,496,-4.83,0.00205,模型转空
2026-04-17,600653.SSE,sell,2026-04-17 13:31:00,2026-04-17 13:32:00,172.2218,173.9682,57,74.65,0.01014,模型转空
2026-04-17,600653.SSE,sell,2026-04-17 14:01:00,2026-04-17 14:02:00,173.9682,175.7146,57,74.5,0.01004,模型转空
2026-04-17,600626.SSE,sell,2026-04-17 14:15:00,2026-04-17 14:18:00,38.8941,38.9767,256,-4.01,0.00212,模型转空
2026-04-17,600675.SSE,sell,2026-04-17 14:19:00,2026-04-17 14:21:00,136.6939,136.6939,71,-24.88,0.0,模型转空
2026-04-17,300247.SZSE,sell,2026-04-17 14:20:00,2026-04-17 14:21:00,28.71,28.77,333,-4.56,0.00209,模型转空
2026-04-17,600626.SSE,sell,2026-04-17 14:26:00,2026-04-17 14:27:00,38.8115,38.8941,256,-3.97,0.00213,模型转空
2026-04-17,000407.SZSE,sell,2026-04-17 14:30:00,2026-04-17 14:31:00,60.1409,60.2729,160,-3.51,0.0022,模型转空
2026-04-17,600675.SSE,sell,2026-04-17 14:44:00,2026-04-17 14:47:00,136.6939,137.09,71,3.46,0.0029,模型转空
2026-04-20,603400.SSE,sell,2026-04-20 09:35:00,2026-04-20 09:44:00,68.19,67.49,75,-70.72,-0.01027,模型转空
2026-04-20,600675.SSE,sell,2026-04-20 13:37:00,2026-04-20 13:38:00,135.1096,135.5056,73,3.99,0.00293,模型转空
2026-04-20,600653.SSE,sell,2026-04-20 13:45:00,2026-04-20 13:47:00,172.2218,173.9682,57,74.65,0.01014,模型转空
2026-04-20,000716.SZSE,sell,2026-04-20 13:50:00,2026-04-20 13:51:00,21.7265,21.7711,446,-4.85,0.00205,模型转空
2026-04-20,600626.SSE,sell,2026-04-20 13:53:00,2026-04-20 13:54:00,38.8115,38.8941,256,-3.97,0.00213,模型转空
2026-04-20,600794.SSE,sell,2026-04-20 14:00:00,2026-04-20 14:01:00,94.9416,94.9416,104,-25.14,0.0,模型转空
2026-04-20,000407.SZSE,sell,2026-04-20 14:00:00,2026-04-20 14:02:00,61.1976,61.3297,160,-3.76,0.00216,模型转空
2026-04-20,603139.SSE,sell,2026-04-20 14:01:00,2026-04-20 14:04:00,32.473,32.473,295,-24.59,0.0,模型转空
2026-04-20,600794.SSE,sell,2026-04-20 14:07:00,2026-04-20 14:08:00,94.9416,95.1977,104,1.71,0.0027,模型转空
2026-04-20,600626.SSE,sell,2026-04-20 14:17:00,2026-04-20 14:18:00,38.8115,38.8941,256,-3.97,0.00213,模型转空
2026-04-20,600231.SSE,sell,2026-04-20 14:18:00,2026-04-20 14:21:00,18.4041,18.4674,538,8.99,0.00344,模型转空
2026-04-21,600653.SSE,sell,2026-04-21 10:31:00,2026-04-21 10:32:00,172.2218,173.9682,57,74.65,0.01014,模型转空
2026-04-21,600653.SSE,sell,2026-04-21 11:27:00,2026-04-21 11:28:00,172.2218,172.2218,57,-24.94,0.0,模型转空
2026-04-21,000868.SZSE,sell,2026-04-21 11:28:00,2026-04-21 11:30:00,18.4757,18.5211,519,-1.01,0.00246,模型转空
2026-04-21,600653.SSE,sell,2026-04-21 13:14:00,2026-04-21 13:15:00,170.4754,172.2218,58,76.31,0.01024,模型转空
2026-04-21,002495.SZSE,sell,2026-04-21 13:24:00,2026-04-21 13:26:00,24.4921,24.582,400,11.06,0.00367,模型转空
2026-04-21,600653.SSE,sell,2026-04-21 13:29:00,2026-04-21 13:30:00,170.4754,172.2218,58,76.31,0.01024,模型转空
2026-04-21,600653.SSE,sell,2026-04-21 13:40:00,2026-04-21 13:42:00,170.4754,172.2218,58,76.31,0.01024,模型转空
2026-04-21,600653.SSE,sell,2026-04-21 13:44:00,2026-04-21 13:45:00,170.4754,172.2218,58,76.31,0.01024,模型转空
2026-04-21,600794.SSE,sell,2026-04-21 13:59:00,2026-04-21 14:01:00,93.917,94.1732,104,1.87,0.00273,模型转空
2026-04-21,600653.SSE,sell,2026-04-21 14:15:00,2026-04-21 14:16:00,170.4754,172.2218,58,76.31,0.01024,模型转空
2026-04-21,600653.SSE,sell,2026-04-21 14:17:00,2026-04-21 14:18:00,170.4754,172.2218,58,76.31,0.01024,模型转空
2026-04-21,600653.SSE,sell,2026-04-21 14:21:00,2026-04-21 14:22:00,170.4754,172.2218,58,76.31,0.01024,模型转空
2026-04-21,600280.SSE,sell,2026-04-21 14:28:00,2026-04-21 14:29:00,41.0823,41.2025,238,3.73,0.00293,模型转空
2026-04-21,600665.SSE,sell,2026-04-21 14:43:00,2026-04-21 14:44:00,14.7363,14.7363,658,-24.75,0.0,模型转空
2026-04-22,600653.SSE,sell,2026-04-22 10:34:00,2026-04-22 10:35:00,168.729,170.4754,59,77.99,0.01035,模型转空
2026-04-22,600653.SSE,sell,2026-04-22 10:59:00,2026-04-22 11:01:00,168.729,170.4754,59,77.99,0.01035,模型转空
2026-04-22,600653.SSE,sell,2026-04-22 11:22:00,2026-04-22 11:24:00,168.729,170.4754,59,77.99,0.01035,模型转空
2026-04-22,600653.SSE,sell,2026-04-22 11:25:00,2026-04-22 11:26:00,168.729,170.4754,59,77.99,0.01035,模型转空
2026-04-22,600653.SSE,sell,2026-04-22 11:30:00,2026-04-22 13:01:00,168.729,170.4754,59,77.99,0.01035,模型转空
2026-04-22,002285.SZSE,sell,2026-04-22 13:27:00,2026-04-22 13:29:00,46.9358,47.0695,212,3.19,0.00285,模型转空
2026-04-22,600231.SSE,sell,2026-04-22 13:29:00,2026-04-22 13:31:00,18.3408,18.4041,538,9.04,0.00345,模型转空
2026-04-22,000407.SZSE,sell,2026-04-22 13:57:00,2026-04-22 13:59:00,60.9334,60.9334,160,-24.84,0.0,模型转空
2026-04-22,000558.SZSE,sell,2026-04-22 14:00:00,2026-04-22 14:02:00,32.6799,32.7546,296,-2.61,0.00229,模型转空
2026-04-22,600653.SSE,sell,2026-04-22 14:08:00,2026-04-22 14:09:00,168.729,170.4754,59,77.99,0.01035,模型转空
2026-04-22,600653.SSE,sell,2026-04-22 14:15:00,2026-04-22 14:19:00,168.729,170.4754,59,77.99,0.01035,模型转空
2026-04-23,301229.SZSE,sell,2026-04-23 09:37:00,2026-04-23 09:42:00,34.4332,33.8256,248,-173.57,-0.01765,模型转空
2026-04-23,600653.SSE,sell,2026-04-23 10:18:00,2026-04-23 10:19:00,168.729,170.4754,59,77.99,0.01035,模型转空
2026-04-23,600653.SSE,sell,2026-04-23 11:07:00,2026-04-23 11:08:00,168.729,172.2218,59,181.14,0.0207,模型转空
2026-04-23,600653.SSE,sell,2026-04-23 11:19:00,2026-04-23 11:22:00,168.729,170.4754,59,77.99,0.01035,模型转空
2026-04-23,600653.SSE,sell,2026-04-23 11:26:00,2026-04-23 11:27:00,168.729,170.4754,59,77.99,0.01035,模型转空
2026-04-23,600653.SSE,sell,2026-04-23 11:28:00,2026-04-23 13:02:00,168.729,170.4754,59,77.99,0.01035,模型转空
2026-04-23,600231.SSE,sell,2026-04-23 11:30:00,2026-04-23 13:02:00,18.2142,18.2775,538,9.15,0.00348,模型转空
2026-04-23,600653.SSE,sell,2026-04-23 13:27:00,2026-04-23 13:29:00,168.729,168.729,59,-25.16,0.0,模型转空
2026-04-23,600794.SSE,sell,2026-04-23 13:35:00,2026-04-23 13:36:00,93.6609,93.917,104,1.91,0.00273,模型转空
2026-04-23,600653.SSE,sell,2026-04-23 13:45:00,2026-04-23 13:46:00,168.729,170.4754,59,77.99,0.01035,模型转空
2026-04-23,600300.SSE,sell,2026-04-23 13:57:00,2026-04-23 13:58:00,25.9301,25.9873,377,-3.32,0.00221,模型转空
2026-04-23,600653.SSE,sell,2026-04-23 13:57:00,2026-04-23 13:58:00,168.729,170.4754,59,77.99,0.01035,模型转空
2026-04-23,600653.SSE,sell,2026-04-23 13:59:00,2026-04-23 14:02:00,168.729,170.4754,59,77.99,0.01035,模型转空
2026-04-23,600231.SSE,sell,2026-04-23 14:01:00,2026-04-23 14:02:00,18.2775,18.3408,538,9.09,0.00346,模型转空
2026-04-23,600653.SSE,sell,2026-04-23 14:14:00,2026-04-23 14:16:00,168.729,170.4754,59,77.99,0.01035,模型转空
2026-04-23,600231.SSE,sell,2026-04-23 14:28:00,2026-04-23 14:29:00,18.2142,18.2775,538,9.15,0.00348,模型转空
2026-04-24,603097.SSE,sell,2026-04-24 09:35:00,2026-04-24 09:40:00,30.55,29.98,278,-181.45,-0.01866,模型转空
2026-04-24,301298.SZSE,sell,2026-04-24 09:35:00,2026-04-24 09:41:00,16.49,16.51,542,-12.76,0.00121,模型转空
2026-04-24,600653.SSE,sell,2026-04-24 10:19:00,2026-04-24 10:21:00,166.9827,168.729,59,78.14,0.01046,模型转空
2026-04-24,002361.SZSE,sell,2026-04-24 10:29:00,2026-04-24 10:35:00,178.95,181.67,46,102.51,0.0152,模型转空
2026-04-24,600653.SSE,sell,2026-04-24 10:46:00,2026-04-24 10:48:00,166.9827,168.729,59,78.14,0.01046,模型转空
2026-04-24,300779.SZSE,sell,2026-04-24 10:47:00,2026-04-24 10:59:00,108.106,105.362,50,-156.99,-0.02538,止损
2026-04-24,300779.SZSE,sell,2026-04-24 10:59:00,2026-04-24 11:10:00,105.362,105.32,50,-20.22,-0.0004,模型转空
2026-04-24,600653.SSE,sell,2026-04-24 11:09:00,2026-04-24 11:12:00,166.9827,168.729,59,78.14,0.01046,模型转空
2026-04-24,600626.SSE,sell,2026-04-24 11:26:00,2026-04-24 13:01:00,38.4812,38.4812,256,-24.99,0.0,模型转空
2026-04-24,600653.SSE,sell,2026-04-24 13:10:00,2026-04-24 13:11:00,166.9827,168.729,59,78.14,0.01046,模型转空
2026-04-24,600280.SSE,sell,2026-04-24 13:34:00,2026-04-24 13:36:00,39.5193,39.6396,253,5.19,0.00304,模型转空
2026-04-24,600300.SSE,sell,2026-04-24 13:34:00,2026-04-24 13:36:00,25.8157,25.8729,377,-3.25,0.00222,模型转空
2026-04-24,600653.SSE,sell,2026-04-24 13:53:00,2026-04-24 13:55:00,166.9827,168.729,59,78.14,0.01046,模型转空
2026-04-24,600626.SSE,sell,2026-04-24 13:58:00,2026-04-24 13:59:00,38.3986,38.4812,256,-3.81,0.00215,模型转空
2026-04-24,600280.SSE,sell,2026-04-24 14:00:00,2026-04-24 14:01:00,39.5193,39.6396,253,5.19,0.00304,模型转空
2026-04-24,002239.SZSE,sell,2026-04-24 14:01:00,2026-04-24 14:02:00,26.7312,26.9076,371,40.36,0.0066,模型转空
2026-04-24,600675.SSE,sell,2026-04-24 14:21:00,2026-04-24 14:22:00,133.9213,134.3174,73,4.13,0.00296,模型转空
2026-04-24,600425.SSE,sell,2026-04-24 14:41:00,2026-04-24 14:42:00,24.3717,24.4243,408,-3.65,0.00216,模型转空
2026-04-24,600626.SSE,sell,2026-04-24 14:43:00,2026-04-24 14:44:00,38.7289,38.8115,256,-3.94,0.00213,模型转空
2026-04-24,605299.SSE,sell,2026-04-24 14:41:00,2026-04-24 14:47:00,22.46,22.43,360,-33.1,-0.00134,模型转空
2026-04-27,301539.SZSE,sell,2026-04-27 09:36:00,2026-04-27 09:43:00,17.35,17.1,487,-144.47,-0.01441,模型转空
2026-04-27,600626.SSE,sell,2026-04-27 11:29:00,2026-04-27 11:30:00,38.316,38.316,256,-24.93,0.0,模型转空
2026-04-27,300078.SZSE,sell,2026-04-27 13:59:00,2026-04-27 14:01:00,50.9538,51.0662,192,-3.26,0.00221,模型转空
2026-04-27,600794.SSE,sell,2026-04-27 14:39:00,2026-04-27 14:41:00,94.6854,94.9416,104,1.75,0.00271,模型转空
2026-04-28,001306.SZSE,sell,2026-04-28 09:36:00,2026-04-28 09:40:00,68.65,68.58,98,-27.12,-0.00102,模型转空
2026-04-28,603082.SSE,sell,2026-04-28 09:37:00,2026-04-28 09:40:00,36.23,36.11,192,-43.65,-0.00331,模型转空
2026-04-28,600653.SSE,sell,2026-04-28 10:29:00,2026-04-28 10:30:00,173.9682,175.7146,57,74.5,0.01004,模型转空
2026-04-28,600653.SSE,sell,2026-04-28 10:32:00,2026-04-28 10:35:00,173.9682,175.7146,57,74.5,0.01004,模型转空
2026-04-28,600653.SSE,sell,2026-04-28 10:53:00,2026-04-28 10:55:00,173.9682,175.7146,57,74.5,0.01004,模型转空
2026-04-28,600653.SSE,sell,2026-04-28 11:06:00,2026-04-28 11:07:00,173.9682,175.7146,57,74.5,0.01004,模型转空
2026-04-28,600626.SSE,sell,2026-04-28 11:15:00,2026-04-28 11:17:00,38.5638,38.6464,256,-3.88,0.00214,模型转空
2026-04-28,600653.SSE,sell,2026-04-28 11:17:00,2026-04-28 11:18:00,173.9682,175.7146,57,74.5,0.01004,模型转空
2026-04-28,600653.SSE,sell,2026-04-28 11:20:00,2026-04-28 11:21:00,173.9682,175.7146,57,74.5,0.01004,模型转空
2026-04-28,600280.SSE,sell,2026-04-28 11:27:00,2026-04-28 11:28:00,40.2407,40.3609,245,4.47,0.00299,模型转空
2026-04-28,600653.SSE,sell,2026-04-28 11:29:00,2026-04-28 11:30:00,173.9682,175.7146,57,74.5,0.01004,模型转空
2026-04-28,600280.SSE,sell,2026-04-28 11:29:00,2026-04-28 11:30:00,40.2407,40.3609,245,4.47,0.00299,模型转空
2026-04-28,603320.SSE,sell,2026-04-28 13:17:00,2026-04-28 13:20:00,32.442,33.105,289,167.57,0.02044,模型转空
2026-04-28,600653.SSE,sell,2026-04-28 13:27:00,2026-04-28 13:28:00,173.9682,175.7146,57,74.5,0.01004,模型转空
2026-04-28,600307.SSE,sell,2026-04-28 13:27:00,2026-04-28 13:28:00,7.9349,7.9666,1243,14.35,0.00399,模型转空
2026-04-28,600300.SSE,sell,2026-04-28 13:30:00,2026-04-28 13:31:00,25.7585,25.7585,377,-24.76,0.0,模型转空
2026-04-28,002495.SZSE,sell,2026-04-28 13:33:00,2026-04-28 13:34:00,25.3017,25.3917,389,10.04,0.00356,模型转空
2026-04-28,600300.SSE,sell,2026-04-28 13:38:00,2026-04-28 13:42:00,25.7585,25.8157,377,-3.22,0.00222,模型转空
2026-04-28,600307.SSE,sell,2026-04-28 13:46:00,2026-04-28 13:48:00,7.9349,7.9666,1243,14.35,0.00399,模型转空
2026-04-28,600307.SSE,sell,2026-04-28 13:55:00,2026-04-28 13:57:00,7.9349,7.9666,1243,14.35,0.00399,模型转空
2026-04-28,600300.SSE,sell,2026-04-28 14:02:00,2026-04-28 14:04:00,25.7585,25.8157,377,-3.22,0.00222,模型转空
2026-04-28,600665.SSE,sell,2026-04-28 14:28:00,2026-04-28 14:32:00,15.3395,15.3395,635,-24.82,0.0,模型转空
2026-04-29,600097.SSE,sell,2026-04-29 09:35:00,2026-04-29 09:40:00,16.1568,16.1302,612,-41.31,-0.00165,模型转空
2026-04-29,002743.SZSE,sell,2026-04-29 09:35:00,2026-04-29 09:41:00,11.2497,11.3497,864,61.56,0.00889,模型转空
2026-04-29,600444.SSE,sell,2026-04-29 09:35:00,2026-04-29 09:42:00,34.9876,34.7896,281,-80.56,-0.00566,模型转空
2026-04-29,301668.SZSE,sell,2026-04-29 09:35:00,2026-04-29 09:42:00,44.41,44.65,197,23.96,0.0054,模型转空
2026-04-29,600653.SSE,sell,2026-04-29 13:24:00,2026-04-29 13:25:00,186.1929,187.9392,53,67.48,0.00938,模型转空
2026-04-29,600665.SSE,sell,2026-04-29 13:28:00,2026-04-29 13:29:00,15.6747,15.7082,635,-3.86,0.00214,模型转空
2026-04-29,600653.SSE,sell,2026-04-29 13:28:00,2026-04-29 13:29:00,186.1929,187.9392,53,67.48,0.00938,模型转空
2026-04-29,600770.SSE,sell,2026-04-29 13:57:00,2026-04-29 14:00:00,166.158,168.4133,57,104.07,0.01357,模型转空
2026-04-29,600626.SSE,sell,2026-04-29 14:00:00,2026-04-29 14:02:00,39.1418,39.2244,246,-4.33,0.00211,模型转空
2026-04-29,300247.SZSE,sell,2026-04-29 14:01:00,2026-04-29 14:02:00,26.97,27.03,365,-3.08,0.00222,模型转空
2026-04-29,301053.SZSE,sell,2026-04-29 14:12:00,2026-04-29 14:14:00,61.7774,62.9574,140,142.12,0.0191,模型转空
2026-04-29,600626.SSE,sell,2026-04-29 14:33:00,2026-04-29 14:36:00,39.1418,39.2244,246,-4.33,0.00211,模型转空
2026-04-29,002297.SZSE,sell,2026-04-29 14:35:00,2026-04-29 14:36:00,69.536,70.676,133,127.5,0.01639,模型转空
2026-04-29,300078.SZSE,sell,2026-04-29 14:42:00,2026-04-29 14:43:00,51.8537,51.9663,185,-3.76,0.00217,模型转空
2026-04-29,600794.SSE,sell,2026-04-29 14:44:00,2026-04-29 14:45:00,94.4293,94.6854,104,1.79,0.00271,模型转空
2026-04-30,300191.SZSE,sell,2026-04-30 10:31:00,2026-04-30 10:38:00,174.12,175.16,49,28.35,0.00597,模型转空
2026-04-30,600653.SSE,sell,2026-04-30 10:51:00,2026-04-30 10:52:00,191.432,193.1784,51,65.57,0.00912,模型转空
2026-04-30,600653.SSE,sell,2026-04-30 11:27:00,2026-04-30 11:28:00,193.1784,194.9248,50,63.96,0.00904,模型转空
2026-04-30,301599.SZSE,sell,2026-04-30 13:15:00,2026-04-30 13:20:00,52.4,52.49,100,-8.97,0.00172,模型转空
2026-04-30,600653.SSE,sell,2026-04-30 13:27:00,2026-04-30 13:29:00,189.6856,191.432,51,65.71,0.00921,模型转空
2026-04-30,300247.SZSE,sell,2026-04-30 13:30:00,2026-04-30 13:31:00,26.67,26.73,365,-2.91,0.00225,模型转空
2026-04-30,600653.SSE,sell,2026-04-30 13:31:00,2026-04-30 13:33:00,189.6856,191.432,51,65.71,0.00921,模型转空
2026-04-30,002239.SZSE,sell,2026-04-30 13:33:00,2026-04-30 13:34:00,26.1138,26.202,382,8.51,0.00338,模型转空
2026-04-30,600653.SSE,sell,2026-04-30 13:35:00,2026-04-30 13:38:00,189.6856,189.6856,51,-24.99,0.0,模型转空
2026-04-30,002580.SZSE,sell,2026-04-30 14:12:00,2026-04-30 14:14:00,111.0213,111.5454,73,15.97,0.00472,模型转空
2026-04-30,300078.SZSE,sell,2026-04-30 14:26:00,2026-04-30 14:27:00,51.7412,51.7412,192,-25.17,0.0,模型转空
2026-04-30,600794.SSE,sell,2026-04-30 14:27:00,2026-04-30 14:28:00,94.4293,94.6854,104,1.79,0.00271,模型转空
2026-05-06,600653.SSE,sell,2026-05-06 09:57:00,2026-05-06 10:01:00,187.9392,187.9392,53,-25.14,0.0,模型转空
2026-05-06,600653.SSE,sell,2026-05-06 10:46:00,2026-05-06 10:49:00,186.1929,187.9392,53,67.48,0.00938,模型转空
2026-05-06,600653.SSE,sell,2026-05-06 11:03:00,2026-05-06 11:04:00,186.1929,187.9392,53,67.48,0.00938,模型转空
2026-05-06,600653.SSE,sell,2026-05-06 11:22:00,2026-05-06 11:23:00,186.1929,187.9392,53,67.48,0.00938,模型转空
2026-05-06,600653.SSE,sell,2026-05-06 13:06:00,2026-05-06 13:07:00,186.1929,187.9392,53,67.48,0.00938,模型转空
2026-05-06,002374.SZSE,sell,2026-05-06 13:25:00,2026-05-06 13:26:00,21.4299,21.4933,460,4.16,0.00296,模型转空
2026-05-06,600653.SSE,sell,2026-05-06 14:02:00,2026-05-06 14:03:00,186.1929,187.9392,53,67.48,0.00938,模型转空
2026-05-06,600653.SSE,sell,2026-05-06 14:09:00,2026-05-06 14:10:00,186.1929,187.9392,53,67.48,0.00938,模型转空
2026-05-06,600653.SSE,sell,2026-05-06 14:13:00,2026-05-06 14:15:00,186.1929,187.9392,53,67.48,0.00938,模型转空
2026-05-06,301599.SZSE,sell,2026-05-06 14:09:00,2026-05-06 14:17:00,75.02,74.88,100,-35.39,-0.00187,模型转空
2026-05-07,600653.SSE,sell,2026-05-07 10:31:00,2026-05-07 10:33:00,187.9392,189.6856,53,67.34,0.00929,模型转空
2026-05-07,600653.SSE,sell,2026-05-07 10:38:00,2026-05-07 10:39:00,187.9392,189.6856,53,67.34,0.00929,模型转空
2026-05-07,002495.SZSE,sell,2026-05-07 11:26:00,2026-05-07 11:27:00,26.0214,26.1114,379,9.1,0.00346,模型转空
2026-05-07,002495.SZSE,sell,2026-05-07 11:28:00,2026-05-07 11:30:00,26.0214,26.1114,379,9.1,0.00346,模型转空
2026-05-07,600653.SSE,sell,2026-05-07 13:18:00,2026-05-07 13:19:00,186.1929,187.9392,53,67.48,0.00938,模型转空
2026-05-07,600653.SSE,sell,2026-05-07 13:24:00,2026-05-07 13:25:00,186.1929,187.9392,53,67.48,0.00938,模型转空
2026-05-07,600770.SSE,sell,2026-05-07 13:29:00,2026-05-07 13:33:00,172.719,172.719,57,-24.97,0.0,模型转空
2026-05-07,002495.SZSE,sell,2026-05-07 13:32:00,2026-05-07 13:34:00,25.8415,25.9315,379,9.2,0.00348,模型转空
2026-05-07,000716.SZSE,sell,2026-05-07 13:45:00,2026-05-07 13:46:00,21.905,21.905,446,-24.86,0.0,模型转空
2026-05-07,600626.SSE,sell,2026-05-07 13:46:00,2026-05-07 13:47:00,38.8115,38.8941,256,-3.97,0.00213,模型转空
2026-05-07,600626.SSE,sell,2026-05-07 13:48:00,2026-05-07 13:49:00,38.8115,38.8115,256,-25.12,0.0,模型转空
2026-05-07,600675.SSE,sell,2026-05-07 14:15:00,2026-05-07 14:16:00,133.1291,133.5252,73,4.22,0.00298,模型转空
2026-05-07,600626.SSE,sell,2026-05-07 14:15:00,2026-05-07 14:16:00,38.8115,38.8941,256,-3.97,0.00213,模型转空
2026-05-07,000868.SZSE,sell,2026-05-07 14:29:00,2026-05-07 14:30:00,19.3389,19.3843,496,-2.07,0.00235,模型转空
2026-05-08,600653.SSE,sell,2026-05-08 11:30:00,2026-05-08 13:01:00,186.1929,187.9392,53,67.48,0.00938,模型转空
2026-05-08,002495.SZSE,sell,2026-05-08 14:11:00,2026-05-08 14:12:00,26.1114,26.1114,379,-25.06,0.0,模型转空
2026-05-08,002361.SZSE,sell,2026-05-08 14:11:00,2026-05-08 14:13:00,187.67,189.27,46,50.42,0.00853,模型转空
2026-05-08,600075.SSE,sell,2026-05-08 14:22:00,2026-05-08 14:28:00,76.4324,76.0756,129,-71.13,-0.00467,模型转空
2026-05-08,600280.SSE,sell,2026-05-08 14:26:00,2026-05-08 14:28:00,42.4047,42.5249,230,2.84,0.00284,模型转空
2026-05-08,600794.SSE,sell,2026-05-08 14:33:00,2026-05-08 14:34:00,96.2222,96.4784,101,1.09,0.00266,模型转空
2026-05-08,600653.SSE,sell,2026-05-08 14:44:00,2026-05-08 14:45:00,187.9392,189.6856,53,67.34,0.00929,模型转空
2026-05-08,002361.SZSE,sell,2026-05-08 14:44:00,2026-05-08 14:45:00,185.59,187.19,46,50.57,0.00862,模型转空
2026-05-08,002730.SZSE,sell,2026-05-08 14:38:00,2026-05-08 14:47:00,74.57,76.506,130,228.1,0.02596,模型转空
2026-05-11,600653.SSE,sell,2026-05-11 10:47:00,2026-05-11 10:49:00,186.1929,187.9392,53,67.48,0.00938,模型转空
2026-05-11,600231.SSE,sell,2026-05-11 11:19:00,2026-05-11 11:20:00,18.7207,18.784,527,8.36,0.00338,模型转空
2026-05-11,600743.SSE,sell,2026-05-11 11:30:00,2026-05-11 13:03:00,83.8096,83.8096,116,-24.88,0.0,模型转空
2026-05-11,600653.SSE,sell,2026-05-11 13:09:00,2026-05-11 13:10:00,184.4465,186.1929,54,69.11,0.00947,模型转空
2026-05-11,600653.SSE,sell,2026-05-11 13:11:00,2026-05-11 13:13:00,184.4465,186.1929,54,69.11,0.00947,模型转空
2026-05-11,600307.SSE,sell,2026-05-11 13:27:00,2026-05-11 13:28:00,8.0933,8.125,1222,13.65,0.00391,模型转空
2026-05-11,600770.SSE,sell,2026-05-11 13:28:00,2026-05-11 13:30:00,172.3089,173.7442,57,56.82,0.00833,模型转空
2026-05-11,600307.SSE,sell,2026-05-11 13:33:00,2026-05-11 13:34:00,8.0933,8.125,1222,13.65,0.00391,模型转空
2026-05-11,600280.SSE,sell,2026-05-11 13:52:00,2026-05-11 13:55:00,41.9238,42.0441,238,3.43,0.00287,模型转空
2026-05-11,600231.SSE,sell,2026-05-11 13:57:00,2026-05-11 13:58:00,18.7207,18.784,527,8.36,0.00338,模型转空
2026-05-11,002580.SZSE,sell,2026-05-11 14:23:00,2026-05-11 14:29:00,141.2613,141.3822,48,-14.58,0.00086,模型转空
2026-05-11,600653.SSE,sell,2026-05-11 14:43:00,2026-05-11 14:46:00,186.1929,187.9392,53,67.48,0.00938,模型转空
2026-05-12,600653.SSE,sell,2026-05-12 10:17:00,2026-05-12 10:21:00,182.7001,184.4465,54,69.25,0.00956,模型转空
2026-05-12,600653.SSE,sell,2026-05-12 10:34:00,2026-05-12 10:36:00,182.7001,184.4465,54,69.25,0.00956,模型转空
2026-05-12,600653.SSE,sell,2026-05-12 11:00:00,2026-05-12 11:02:00,182.7001,184.4465,54,69.25,0.00956,模型转空
2026-05-12,000407.SZSE,sell,2026-05-12 11:27:00,2026-05-12 11:28:00,58.82,58.9521,167,-2.86,0.00225,模型转空
2026-05-12,301408.SZSE,sell,2026-05-12 11:27:00,2026-05-12 11:29:00,20.0,20.16,489,53.4,0.008,模型转空
2026-05-12,600653.SSE,sell,2026-05-12 11:28:00,2026-05-12 11:30:00,180.9537,182.7001,55,70.9,0.00965,模型转空
2026-05-12,600653.SSE,sell,2026-05-12 13:23:00,2026-05-12 13:24:00,179.2073,180.9537,55,71.04,0.00974,模型转空
2026-05-12,600653.SSE,sell,2026-05-12 13:27:00,2026-05-12 13:28:00,179.2073,180.9537,55,71.04,0.00974,模型转空
2026-05-12,600794.SSE,sell,2026-05-12 13:29:00,2026-05-12 13:30:00,93.6609,93.917,104,1.91,0.00273,模型转空
2026-05-12,600653.SSE,sell,2026-05-12 13:30:00,2026-05-12 13:31:00,179.2073,180.9537,55,71.04,0.00974,模型转空
2026-05-12,002084.SZSE,sell,2026-05-12 13:32:00,2026-05-12 13:33:00,13.1065,13.1371,762,-1.87,0.00234,模型转空
2026-05-12,600675.SSE,sell,2026-05-12 13:33:00,2026-05-12 13:34:00,134.7135,135.1096,73,4.04,0.00294,模型转空
2026-05-12,600626.SSE,sell,2026-05-12 13:33:00,2026-05-12 13:34:00,38.4812,38.5638,256,-3.85,0.00215,模型转空
2026-05-12,002495.SZSE,sell,2026-05-12 13:31:00,2026-05-12 13:36:00,25.5716,25.6616,389,9.88,0.00352,模型转空
2026-05-12,600653.SSE,sell,2026-05-12 13:34:00,2026-05-12 13:36:00,179.2073,180.9537,55,71.04,0.00974,模型转空
2026-05-12,600794.SSE,sell,2026-05-12 13:35:00,2026-05-12 13:36:00,93.6609,93.917,104,1.91,0.00273,模型转空
2026-05-12,600307.SSE,sell,2026-05-12 13:35:00,2026-05-12 13:39:00,8.0299,8.0616,1243,14.17,0.00395,模型转空
2026-05-12,600231.SSE,sell,2026-05-12 14:08:00,2026-05-12 14:09:00,18.4674,18.5307,538,8.94,0.00343,模型转空
2026-05-12,002580.SZSE,sell,2026-05-12 14:15:00,2026-05-12 14:21:00,137.6325,139.3662,48,64.3,0.0126,模型转空
2026-05-13,600653.SSE,sell,2026-05-13 10:35:00,2026-05-13 10:36:00,177.461,179.2073,56,72.69,0.00984,模型转空
2026-05-13,600653.SSE,sell,2026-05-13 10:41:00,2026-05-13 10:42:00,177.461,179.2073,56,72.69,0.00984,模型转空
2026-05-13,600653.SSE,sell,2026-05-13 10:57:00,2026-05-13 10:58:00,177.461,179.2073,56,72.69,0.00984,模型转空
2026-05-13,600653.SSE,sell,2026-05-13 13:26:00,2026-05-13 13:28:00,179.2073,180.9537,55,71.04,0.00974,模型转空
2026-05-13,600653.SSE,sell,2026-05-13 13:29:00,2026-05-13 13:30:00,179.2073,180.9537,55,71.04,0.00974,模型转空
2026-05-13,600653.SSE,sell,2026-05-13 13:31:00,2026-05-13 13:32:00,179.2073,180.9537,55,71.04,0.00974,模型转空
2026-05-13,600653.SSE,sell,2026-05-13 13:33:00,2026-05-13 13:34:00,179.2073,180.9537,55,71.04,0.00974,模型转空
2026-05-13,600280.SSE,sell,2026-05-13 13:34:00,2026-05-13 13:35:00,41.3227,41.4429,238,3.64,0.00291,模型转空
2026-05-13,600653.SSE,sell,2026-05-13 14:08:00,2026-05-13 14:10:00,179.2073,180.9537,55,71.04,0.00974,模型转空
2026-05-13,301157.SZSE,sell,2026-05-13 14:10:00,2026-05-13 14:14:00,81.66,82.13,98,24.16,0.00576,模型转空
2026-05-13,600653.SSE,sell,2026-05-13 14:15:00,2026-05-13 14:19:00,179.2073,179.2073,55,-24.99,0.0,模型转空
2026-05-13,600626.SSE,sell,2026-05-13 14:19:00,2026-05-13 14:21:00,38.5638,38.6464,256,-3.88,0.00214,模型转空
2026-05-13,002810.SZSE,sell,2026-05-13 14:41:00,2026-05-13 14:42:00,94.2973,92.2083,86,-202.3,-0.02215,止损
2026-05-13,002810.SZSE,sell,2026-05-13 14:42:00,2026-05-13 14:45:00,92.2083,94.9501,86,214.09,0.02973,模型转空
2026-05-14,600653.SSE,sell,2026-05-14 10:01:00,2026-05-14 10:03:00,175.7146,177.461,56,72.84,0.00994,模型转空
2026-05-14,600653.SSE,sell,2026-05-14 10:27:00,2026-05-14 10:29:00,173.9682,175.7146,57,74.5,0.01004,模型转空
2026-05-14,600653.SSE,sell,2026-05-14 10:30:00,2026-05-14 10:31:00,173.9682,175.7146,57,74.5,0.01004,模型转空
2026-05-14,600653.SSE,sell,2026-05-14 10:34:00,2026-05-14 10:35:00,173.9682,175.7146,57,74.5,0.01004,模型转空
2026-05-14,002580.SZSE,sell,2026-05-14 10:32:00,2026-05-14 10:36:00,133.5602,134.3666,73,34.1,0.00604,模型转空
2026-05-14,600653.SSE,sell,2026-05-14 10:36:00,2026-05-14 10:37:00,173.9682,175.7146,57,74.5,0.01004,模型转空
2026-05-14,600653.SSE,sell,2026-05-14 10:41:00,2026-05-14 10:44:00,173.9682,175.7146,57,74.5,0.01004,模型转空
2026-05-14,600653.SSE,sell,2026-05-14 10:52:00,2026-05-14 10:53:00,173.9682,175.7146,57,74.5,0.01004,模型转空
2026-05-14,600653.SSE,sell,2026-05-14 10:54:00,2026-05-14 10:55:00,173.9682,175.7146,57,74.5,0.01004,模型转空
2026-05-14,600653.SSE,sell,2026-05-14 11:10:00,2026-05-14 11:11:00,172.2218,173.9682,57,74.65,0.01014,模型转空
2026-05-14,600653.SSE,sell,2026-05-14 11:13:00,2026-05-14 11:14:00,172.2218,173.9682,57,74.65,0.01014,模型转空
2026-05-14,600653.SSE,sell,2026-05-14 11:17:00,2026-05-14 11:18:00,172.2218,173.9682,57,74.65,0.01014,模型转空
2026-05-14,600653.SSE,sell,2026-05-14 11:19:00,2026-05-14 11:20:00,172.2218,172.2218,57,-24.94,0.0,模型转空
2026-05-14,000407.SZSE,sell,2026-05-14 13:58:00,2026-05-14 13:59:00,58.1595,58.2916,167,-2.69,0.00227,模型转空
2026-05-14,000407.SZSE,sell,2026-05-14 14:00:00,2026-05-14 14:01:00,58.1595,58.1595,167,-24.84,0.0,模型转空
2026-05-14,002810.SZSE,sell,2026-05-14 14:00:00,2026-05-14 14:02:00,85.5824,86.5616,114,87.51,0.01144,模型转空
2026-05-15,600653.SSE,sell,2026-05-15 10:25:00,2026-05-15 10:26:00,170.4754,172.2218,58,76.31,0.01024,模型转空
2026-05-15,600653.SSE,sell,2026-05-15 10:29:00,2026-05-15 10:30:00,170.4754,172.2218,58,76.31,0.01024,模型转空
2026-05-15,600653.SSE,sell,2026-05-15 13:23:00,2026-05-15 13:24:00,173.9682,175.7146,57,74.5,0.01004,模型转空
2026-05-15,300078.SZSE,sell,2026-05-15 13:28:00,2026-05-15 13:29:00,50.9538,51.0662,192,-3.26,0.00221,模型转空
2026-05-15,600653.SSE,sell,2026-05-15 13:36:00,2026-05-15 13:37:00,173.9682,175.7146,57,74.5,0.01004,模型转空
2026-05-15,600425.SSE,sell,2026-05-15 13:35:00,2026-05-15 13:38:00,23.4766,23.4766,424,-25.14,0.0,模型转空
2026-05-15,600653.SSE,sell,2026-05-15 13:44:00,2026-05-15 13:46:00,172.2218,173.9682,57,74.65,0.01014,模型转空
2026-05-15,600675.SSE,sell,2026-05-15 13:46:00,2026-05-15 13:51:00,130.7525,130.7525,75,-24.99,0.0,模型转空
2026-05-15,002495.SZSE,sell,2026-05-15 13:51:00,2026-05-15 13:55:00,25.0318,25.1218,389,10.2,0.00359,模型转空
2026-05-15,600653.SSE,sell,2026-05-15 14:00:00,2026-05-15 14:02:00,170.4754,172.2218,58,76.31,0.01024,模型转空
2026-05-15,002495.SZSE,sell,2026-05-15 14:06:00,2026-05-15 14:07:00,24.8519,24.9419,400,10.84,0.00362,模型转空
2026-05-15,600653.SSE,sell,2026-05-15 14:18:00,2026-05-15 14:19:00,170.4754,172.2218,58,76.31,0.01024,模型转空
2026-05-15,600665.SSE,sell,2026-05-15 14:29:00,2026-05-15 14:30:00,14.7027,14.7363,658,-2.67,0.00228,模型转空
2026-05-15,002980.SZSE,sell,2026-05-15 14:32:00,2026-05-15 14:36:00,140.808,142.096,69,64.16,0.00915,模型转空
2026-05-18,600653.SSE,sell,2026-05-18 09:36:00,2026-05-18 09:39:00,168.729,170.4754,59,77.99,0.01035,模型转空
2026-05-18,600653.SSE,sell,2026-05-18 10:58:00,2026-05-18 10:59:00,170.4754,172.2218,58,76.31,0.01024,模型转空
2026-05-18,601933.SSE,sell,2026-05-18 11:27:00,2026-05-18 11:28:00,35.4432,35.5232,278,-2.75,0.00226,模型转空
2026-05-18,600794.SSE,sell,2026-05-18 11:28:00,2026-05-18 13:01:00,90.3312,90.3312,108,-24.92,0.0,模型转空
2026-05-18,600653.SSE,sell,2026-05-18 11:30:00,2026-05-18 13:01:00,172.2218,173.9682,57,74.65,0.01014,模型转空
2026-05-18,002971.SZSE,sell,2026-05-18 11:30:00,2026-05-18 13:01:00,54.87,53.57,151,-219.6,-0.02369,止损
2026-05-18,600716.SSE,sell,2026-05-18 11:30:00,2026-05-18 13:01:00,19.2398,19.2398,517,-25.13,0.0,模型转空
2026-05-18,600675.SSE,sell,2026-05-18 13:27:00,2026-05-18 13:28:00,130.7525,131.5447,75,34.69,0.00606,模型转空
2026-05-18,600653.SSE,sell,2026-05-18 13:54:00,2026-05-18 13:56:00,173.9682,175.7146,57,74.5,0.01004,模型转空
2026-05-18,600675.SSE,sell,2026-05-18 13:58:00,2026-05-18 14:01:00,131.1486,131.1486,75,-25.03,0.0,模型转空
2026-05-18,600794.SSE,sell,2026-05-18 13:58:00,2026-05-18 14:01:00,90.5873,90.5873,108,-24.96,0.0,模型转空
2026-05-18,600280.SSE,sell,2026-05-18 14:00:00,2026-05-18 14:02:00,40.1205,40.2407,245,4.52,0.003,模型转空
2026-05-18,600743.SSE,sell,2026-05-18 14:01:00,2026-05-18 14:03:00,82.9191,82.6222,119,-60.68,-0.00358,模型转空
2026-05-18,600653.SSE,sell,2026-05-18 14:01:00,2026-05-18 14:04:00,173.9682,173.9682,57,-25.1,0.0,模型转空
2026-05-18,600653.SSE,sell,2026-05-18 14:08:00,2026-05-18 14:09:00,172.2218,173.9682,57,74.65,0.01014,模型转空
2026-05-18,600653.SSE,sell,2026-05-18 14:15:00,2026-05-18 14:21:00,172.2218,175.7146,57,174.24,0.02028,模型转空
2026-05-18,002495.SZSE,sell,2026-05-18 14:27:00,2026-05-18 14:28:00,25.1218,25.2118,389,10.15,0.00358,模型转空
2026-05-18,600653.SSE,sell,2026-05-18 14:27:00,2026-05-18 14:29:00,172.2218,173.9682,57,74.65,0.01014,模型转空
2026-05-18,600280.SSE,sell,2026-05-18 14:29:00,2026-05-18 14:32:00,40.1205,40.2407,245,4.52,0.003,模型转空
2026-05-18,600665.SSE,sell,2026-05-18 14:30:00,2026-05-18 14:32:00,14.8033,14.8368,658,-2.77,0.00226,模型转空
2026-05-18,605365.SSE,sell,2026-05-18 14:21:00,2026-05-18 14:34:00,23.164,23.014,368,-78.11,-0.00648,模型转空
2026-05-18,600675.SSE,sell,2026-05-18 14:39:00,2026-05-18 14:40:00,130.7525,131.1486,75,4.85,0.00303,模型转空
2026-05-19,600653.SSE,sell,2026-05-19 10:14:00,2026-05-19 10:16:00,175.7146,177.461,56,72.84,0.00994,模型转空
2026-05-19,600653.SSE,sell,2026-05-19 10:27:00,2026-05-19 10:28:00,175.7146,177.461,56,72.84,0.00994,模型转空
2026-05-19,600653.SSE,sell,2026-05-19 10:49:00,2026-05-19 10:51:00,173.9682,175.7146,57,74.5,0.01004,模型转空
2026-05-19,600653.SSE,sell,2026-05-19 10:55:00,2026-05-19 10:59:00,173.9682,173.9682,57,-25.1,0.0,模型转空
2026-05-19,600653.SSE,sell,2026-05-19 11:04:00,2026-05-19 11:05:00,173.9682,175.7146,57,74.5,0.01004,模型转空
2026-05-19,600653.SSE,sell,2026-05-19 11:10:00,2026-05-19 11:11:00,173.9682,175.7146,57,74.5,0.01004,模型转空
2026-05-19,600743.SSE,sell,2026-05-19 11:09:00,2026-05-19 11:12:00,82.3254,82.6222,119,10.56,0.00361,模型转空
2026-05-19,600665.SSE,sell,2026-05-19 11:11:00,2026-05-19 11:12:00,14.8703,14.9038,658,-2.84,0.00225,模型转空
2026-05-19,002980.SZSE,sell,2026-05-19 11:15:00,2026-05-19 11:22:00,143.16,143.076,69,-30.85,-0.00059,模型转空
2026-05-19,600425.SSE,sell,2026-05-19 11:28:00,2026-05-19 11:29:00,23.0554,23.1081,424,-2.55,0.00228,模型转空
2026-05-19,600653.SSE,sell,2026-05-19 13:28:00,2026-05-19 13:31:00,175.7146,177.461,56,72.84,0.00994,模型转空
2026-05-19,300078.SZSE,sell,2026-05-19 13:31:00,2026-05-19 13:32:00,51.5163,51.5163,192,-25.1,0.0,模型转空
2026-05-19,600675.SSE,sell,2026-05-19 13:34:00,2026-05-19 13:35:00,131.1486,131.5447,75,4.81,0.00302,模型转空
2026-05-19,600675.SSE,sell,2026-05-19 13:43:00,2026-05-19 13:46:00,131.1486,131.5447,75,4.81,0.00302,模型转空
2026-05-19,600280.SSE,sell,2026-05-19 13:45:00,2026-05-19 13:46:00,40.0002,40.1205,245,4.56,0.00301,模型转空
2026-05-19,002495.SZSE,sell,2026-05-19 13:47:00,2026-05-19 13:48:00,25.1218,25.2118,389,10.15,0.00358,模型转空
2026-05-19,600653.SSE,sell,2026-05-19 14:11:00,2026-05-19 14:12:00,175.7146,177.461,56,72.84,0.00994,模型转空
2026-05-19,600425.SSE,sell,2026-05-19 14:13:00,2026-05-19 14:14:00,23.2134,23.266,424,-2.65,0.00227,模型转空
2026-05-19,002785.SZSE,sell,2026-05-19 14:23:00,2026-05-19 14:24:00,52.936,51.716,99,-139.79,-0.02305,止损
2026-05-19,001393.SZSE,sell,2026-05-19 14:25:00,2026-05-19 14:27:00,93.5,94.66,100,91.67,0.01241,模型转空
2026-05-19,002785.SZSE,sell,2026-05-19 14:24:00,2026-05-19 14:31:00,51.716,51.836,99,-5.88,0.00232,模型转空
2026-05-20,600653.SSE,sell,2026-05-20 09:41:00,2026-05-20 09:42:00,172.2218,173.9682,57,74.65,0.01014,模型转空
2026-05-20,600653.SSE,sell,2026-05-20 10:00:00,2026-05-20 10:04:00,170.4754,172.2218,58,76.31,0.01024,模型转空
2026-05-20,001267.SZSE,sell,2026-05-20 10:52:00,2026-05-20 11:01:00,60.1627,60.6627,99,30.48,0.00831,模型转空
2026-05-20,600300.SSE,sell,2026-05-20 11:30:00,2026-05-20 13:01:00,25.4153,25.4725,390,-2.78,0.00225,模型转空
2026-05-20,603082.SSE,sell,2026-05-20 11:29:00,2026-05-20 13:03:00,48.96,48.77,192,-60.82,-0.00388,模型转空
2026-05-20,300582.SZSE,sell,2026-05-20 13:31:00,2026-05-20 13:32:00,39.2713,39.7887,214,87.91,0.01318,模型转空
2026-05-20,300322.SZSE,sell,2026-05-20 13:30:00,2026-05-20 13:33:00,134.9114,131.9306,68,-227.62,-0.02209,止损
2026-05-20,300322.SZSE,sell,2026-05-20 13:33:00,2026-05-20 13:37:00,131.9306,132.7946,68,35.3,0.00655,模型转空
2026-05-20,600280.SSE,sell,2026-05-20 13:50:00,2026-05-20 13:51:00,39.3991,39.5193,253,5.24,0.00305,模型转空
2026-05-20,002285.SZSE,sell,2026-05-20 13:51:00,2026-05-20 13:52:00,46.5349,46.6685,212,3.32,0.00287,模型转空
2026-05-20,600743.SSE,sell,2026-05-20 13:53:00,2026-05-20 13:55:00,82.0285,82.3254,119,10.61,0.00362,模型转空
2026-05-20,002285.SZSE,sell,2026-05-20 13:58:00,2026-05-20 13:59:00,46.5349,46.6685,212,3.32,0.00287,模型转空
2026-05-20,300078.SZSE,sell,2026-05-20 13:57:00,2026-05-20 14:00:00,50.5037,50.5037,192,-24.81,0.0,模型转空
2026-05-20,600425.SSE,sell,2026-05-20 14:02:00,2026-05-20 14:03:00,23.1607,23.2134,424,-2.62,0.00227,模型转空
2026-05-20,603082.SSE,sell,2026-05-20 14:12:00,2026-05-20 14:17:00,48.15,48.16,192,-22.15,0.00021,模型转空
2026-05-20,600231.SSE,sell,2026-05-20 14:17:00,2026-05-20 14:18:00,18.2775,18.3408,538,9.09,0.00346,模型转空
2026-05-20,603082.SSE,sell,2026-05-20 14:27:00,2026-05-20 14:30:00,47.54,48.14,192,91.38,0.01262,模型转空
2026-05-20,002755.SZSE,sell,2026-05-20 14:39:00,2026-05-20 14:46:00,30.264,30.4,325,19.28,0.00449,模型转空
2026-05-21,600675.SSE,sell,2026-05-21 10:30:00,2026-05-21 10:31:00,129.9604,130.3565,75,4.94,0.00305,模型转空
2026-05-21,600675.SSE,sell,2026-05-21 10:32:00,2026-05-21 10:33:00,129.9604,130.3565,75,4.94,0.00305,模型转空
2026-05-21,600653.SSE,sell,2026-05-21 11:06:00,2026-05-21 11:07:00,172.2218,173.9682,57,74.65,0.01014,模型转空
2026-05-21,600653.SSE,sell,2026-05-21 11:15:00,2026-05-21 11:18:00,172.2218,173.9682,57,74.65,0.01014,模型转空
2026-05-21,600280.SSE,sell,2026-05-21 11:30:00,2026-05-21 13:01:00,39.5193,39.5193,253,-25.2,0.0,模型转空
2026-05-21,300078.SZSE,sell,2026-05-21 13:23:00,2026-05-21 13:27:00,50.1662,50.1662,192,-24.71,0.0,模型转空
2026-05-21,600653.SSE,sell,2026-05-21 13:30:00,2026-05-21 13:31:00,170.4754,172.2218,58,76.31,0.01024,模型转空
2026-05-21,600665.SSE,sell,2026-05-21 13:30:00,2026-05-21 13:32:00,14.7027,14.7363,658,-2.67,0.00228,模型转空
2026-05-21,000407.SZSE,sell,2026-05-21 13:33:00,2026-05-21 13:34:00,62.7826,62.7826,152,-24.56,0.0,模型转空
2026-05-21,600322.SSE,sell,2026-05-21 13:35:00,2026-05-21 13:37:00,8.169,8.1964,1195,7.88,0.00335,模型转空
2026-05-21,600675.SSE,sell,2026-05-21 13:46:00,2026-05-21 13:48:00,129.1682,129.5643,77,5.41,0.00307,模型转空
2026-05-21,600653.SSE,sell,2026-05-21 13:50:00,2026-05-21 13:51:00,170.4754,172.2218,58,76.31,0.01024,模型转空
2026-05-21,600653.SSE,sell,2026-05-21 14:02:00,2026-05-21 14:04:00,168.729,170.4754,59,77.99,0.01035,模型转空
2026-05-21,300078.SZSE,sell,2026-05-21 14:12:00,2026-05-21 14:13:00,49.7163,49.8288,200,-2.64,0.00226,模型转空
2026-05-21,600743.SSE,sell,2026-05-21 14:11:00,2026-05-21 14:14:00,77.2791,77.576,126,12.61,0.00384,模型转空
2026-05-21,002374.SZSE,sell,2026-05-21 14:13:00,2026-05-21 14:14:00,24.4078,24.4712,401,0.52,0.0026,模型转空
2026-05-21,000558.SZSE,sell,2026-05-21 14:13:00,2026-05-21 14:14:00,27.9007,27.9754,350,1.28,0.00268,模型转空
2026-05-21,600716.SSE,sell,2026-05-21 14:12:00,2026-05-21 14:15:00,18.9173,18.9173,517,-24.87,0.0,模型转空
2026-05-21,600280.SSE,sell,2026-05-21 14:12:00,2026-05-21 14:15:00,39.0385,39.1587,253,5.38,0.00308,模型转空
2026-05-21,301599.SZSE,sell,2026-05-21 14:14:00,2026-05-21 14:15:00,72.0,72.59,100,38.0,0.00819,模型转空
2026-05-21,300078.SZSE,sell,2026-05-21 14:14:00,2026-05-21 14:16:00,49.7163,49.8288,200,-2.64,0.00226,模型转空
2026-05-21,600653.SSE,sell,2026-05-21 14:15:00,2026-05-21 14:16:00,166.9827,168.729,59,78.14,0.01046,模型转空
2026-05-21,000558.SZSE,sell,2026-05-21 14:15:00,2026-05-21 14:17:00,27.9007,27.9754,350,1.28,0.00268,模型转空
2026-05-21,600653.SSE,sell,2026-05-21 14:17:00,2026-05-21 14:18:00,166.9827,168.729,59,78.14,0.01046,模型转空
2026-05-21,600743.SSE,sell,2026-05-21 14:17:00,2026-05-21 14:18:00,77.2791,77.576,126,12.61,0.00384,模型转空
2026-05-21,600716.SSE,sell,2026-05-21 14:18:00,2026-05-21 14:19:00,18.877,18.9173,517,-4.01,0.00214,模型转空
2026-05-21,000716.SZSE,sell,2026-05-21 14:18:00,2026-05-21 14:20:00,24.225,24.5373,399,99.89,0.01289,模型转空
2026-05-21,300078.SZSE,sell,2026-05-21 14:18:00,2026-05-21 14:20:00,49.6037,49.7163,200,-2.6,0.00227,模型转空
2026-05-21,600653.SSE,sell,2026-05-21 14:19:00,2026-05-21 14:22:00,166.9827,168.729,59,78.14,0.01046,模型转空
2026-05-21,600716.SSE,sell,2026-05-21 14:20:00,2026-05-21 14:22:00,18.877,18.877,517,-24.84,0.0,模型转空
2026-05-21,300510.SZSE,sell,2026-05-21 14:23:00,2026-05-21 14:24:00,24.7316,24.7932,397,-0.48,0.00249,模型转空
2026-05-21,002437.SZSE,sell,2026-05-21 14:21:00,2026-05-21 14:27:00,51.305,51.305,191,-24.9,0.0,模型转空
2026-05-21,600540.SSE,sell,2026-05-21 14:25:00,2026-05-21 14:27:00,15.523,15.5578,633,-2.92,0.00224,模型转空
2026-05-21,600675.SSE,sell,2026-05-21 14:26:00,2026-05-21 14:27:00,127.9799,128.376,77,5.55,0.00309,模型转空
2026-05-21,002285.SZSE,sell,2026-05-21 14:26:00,2026-05-21 14:27:00,44.3963,44.5299,224,4.84,0.00301,模型转空
2026-05-21,600665.SSE,sell,2026-05-21 14:27:00,2026-05-21 14:29:00,14.4681,14.4681,681,-24.98,0.0,模型转空
2026-05-21,002495.SZSE,sell,2026-05-21 14:26:00,2026-05-21 14:30:00,24.2222,24.2222,410,-25.11,0.0,模型转空
2026-05-21,300929.SZSE,sell,2026-05-21 14:28:00,2026-05-21 14:30:00,21.546,21.61,431,3.47,0.00297,模型转空
2026-05-21,000809.SZSE,sell,2026-05-21 14:29:00,2026-05-21 14:30:00,11.6573,11.7424,855,47.56,0.0073,模型转空
2026-05-21,603400.SSE,sell,2026-05-21 14:28:00,2026-05-21 14:31:00,82.22,82.09,75,-29.27,-0.00158,模型转空
2026-05-21,000558.SZSE,sell,2026-05-21 14:30:00,2026-05-21 14:31:00,27.6767,27.7513,350,1.4,0.0027,模型转空
2026-05-21,600280.SSE,sell,2026-05-21 14:28:00,2026-05-21 14:32:00,38.798,38.798,253,-24.92,0.0,模型转空
2026-05-21,300078.SZSE,sell,2026-05-21 14:30:00,2026-05-21 14:32:00,49.4912,49.3787,200,-47.53,-0.00227,模型转空
2026-05-21,000716.SZSE,sell,2026-05-21 14:30:00,2026-05-21 14:34:00,23.9127,23.8681,399,-42.31,-0.00187,模型转空
2026-05-21,600653.SSE,sell,2026-05-21 14:35:00,2026-05-21 14:36:00,163.4899,165.2363,61,81.51,0.01068,模型转空
2026-05-21,600207.SSE,sell,2026-05-21 14:32:00,2026-05-21 14:37:00,10.7048,10.7182,927,-12.67,0.00125,模型转空
2026-05-21,600653.SSE,sell,2026-05-21 14:42:00,2026-05-21 14:43:00,163.4899,165.2363,61,81.51,0.01068,模型转空
2026-05-21,600540.SSE,sell,2026-05-21 14:44:00,2026-05-21 14:45:00,15.2446,15.2794,633,-2.65,0.00228,模型转空
2026-05-21,002084.SZSE,sell,2026-05-21 14:43:00,2026-05-21 14:46:00,12.28,12.28,793,-24.81,0.0,模型转空
2026-05-21,300551.SZSE,sell,2026-05-21 14:43:00,2026-05-21 14:46:00,56.2419,56.1609,171,-38.58,-0.00144,模型转空
2026-05-21,301012.SZSE,sell,2026-05-21 14:43:00,2026-05-21 14:46:00,79.3308,79.468,100,-8.34,0.00173,模型转空
2026-05-22,600653.SSE,sell,2026-05-22 10:20:00,2026-05-22 10:21:00,163.4899,165.2363,61,81.51,0.01068,模型转空
2026-05-22,600653.SSE,sell,2026-05-22 10:27:00,2026-05-22 10:28:00,163.4899,165.2363,61,81.51,0.01068,模型转空
2026-05-22,600653.SSE,sell,2026-05-22 10:29:00,2026-05-22 10:33:00,163.4899,165.2363,61,81.51,0.01068,模型转空
2026-05-22,300188.SZSE,sell,2026-05-22 10:32:00,2026-05-22 10:35:00,150.096,152.272,65,118.2,0.0145,模型转空
2026-05-22,600653.SSE,sell,2026-05-22 10:41:00,2026-05-22 10:45:00,163.4899,163.4899,61,-25.2,0.0,模型转空
2026-05-22,600280.SSE,sell,2026-05-22 13:28:00,2026-05-22 13:29:00,38.798,38.9182,253,5.47,0.0031,模型转空
2026-05-22,600653.SSE,sell,2026-05-22 14:07:00,2026-05-22 14:08:00,166.9827,170.4754,59,181.29,0.02092,模型转空
2026-05-22,600653.SSE,sell,2026-05-22 14:14:00,2026-05-22 14:17:00,166.9827,166.9827,59,-25.01,0.0,模型转空
2026-05-22,600653.SSE,sell,2026-05-22 14:23:00,2026-05-22 14:25:00,166.9827,168.729,59,78.14,0.01046,模型转空
2026-05-22,002285.SZSE,sell,2026-05-22 14:25:00,2026-05-22 14:26:00,44.129,44.2626,224,4.93,0.00303,模型转空
2026-05-22,600665.SSE,sell,2026-05-22 14:26:00,2026-05-22 14:27:00,15.1384,15.172,658,-3.11,0.00221,模型转空
2026-05-22,600716.SSE,sell,2026-05-22 14:29:00,2026-05-22 14:30:00,18.756,18.7963,517,-3.91,0.00215,模型转空
2026-05-22,600743.SSE,sell,2026-05-22 14:30:00,2026-05-22 14:31:00,76.9823,77.2791,129,13.23,0.00386,模型转空
2026-05-22,600743.SSE,sell,2026-05-22 14:41:00,2026-05-22 14:42:00,76.9823,77.2791,129,13.23,0.00386,模型转空
2026-05-22,600716.SSE,sell,2026-05-22 14:44:00,2026-05-22 14:45:00,18.756,18.7963,517,-3.91,0.00215,模型转空
2026-05-25,300733.SZSE,sell,2026-05-25 10:48:00,2026-05-25 10:53:00,28.731,28.987,330,60.01,0.00891,模型转空
2026-05-25,300536.SZSE,sell,2026-05-25 13:17:00,2026-05-25 13:21:00,41.578,42.145,218,100.03,0.01364,模型转空
2026-05-25,002437.SZSE,sell,2026-05-25 13:25:00,2026-05-25 13:26:00,50.555,50.705,197,4.4,0.00297,模型转空
2026-05-25,002437.SZSE,sell,2026-05-25 13:28:00,2026-05-25 13:29:00,50.555,50.705,197,4.4,0.00297,模型转空
2026-05-25,600653.SSE,sell,2026-05-25 13:33:00,2026-05-25 13:34:00,170.4754,172.2218,58,76.31,0.01024,模型转空
2026-05-25,600708.SSE,sell,2026-05-25 13:33:00,2026-05-25 13:34:00,42.2108,42.2108,232,-24.93,0.0,模型转空
2026-05-25,605303.SSE,sell,2026-05-25 13:27:00,2026-05-25 13:36:00,32.65,31.98,296,-223.1,-0.02052,止损
2026-05-25,600743.SSE,sell,2026-05-25 13:34:00,2026-05-25 13:36:00,77.8728,78.1696,126,12.49,0.00381,模型转空
2026-05-25,300576.SZSE,sell,2026-05-25 13:30:00,2026-05-25 13:39:00,215.997,213.4284,44,-137.38,-0.01189,模型转空
2026-05-25,002285.SZSE,sell,2026-05-25 13:44:00,2026-05-25 13:45:00,43.5943,43.728,224,5.11,0.00307,模型转空
2026-05-25,600653.SSE,sell,2026-05-25 13:43:00,2026-05-25 13:47:00,170.4754,170.4754,58,-25.06,0.0,模型转空
2026-05-25,002285.SZSE,sell,2026-05-25 14:02:00,2026-05-25 14:03:00,43.5943,43.728,224,5.11,0.00307,模型转空
2026-05-25,600653.SSE,sell,2026-05-25 14:18:00,2026-05-25 14:19:00,170.4754,172.2218,58,76.31,0.01024,模型转空
2026-05-26,600653.SSE,sell,2026-05-26 10:31:00,2026-05-26 10:32:00,168.729,170.4754,59,77.99,0.01035,模型转空
2026-05-26,600743.SSE,sell,2026-05-26 11:12:00,2026-05-26 11:18:00,76.3886,76.3886,129,-25.03,0.0,模型转空
2026-05-26,600653.SSE,sell,2026-05-26 11:16:00,2026-05-26 11:21:00,168.729,168.729,59,-25.16,0.0,模型转空
2026-05-26,600653.SSE,sell,2026-05-26 13:26:00,2026-05-26 13:28:00,168.729,170.4754,59,77.99,0.01035,模型转空
2026-05-26,600665.SSE,sell,2026-05-26 13:30:00,2026-05-26 13:31:00,14.5352,14.5687,681,-2.24,0.00231,模型转空
2026-05-26,002437.SZSE,sell,2026-05-26 13:44:00,2026-05-26 13:48:00,49.805,49.955,197,4.63,0.00301,模型转空
2026-05-26,600325.SSE,sell,2026-05-26 13:48:00,2026-05-26 13:51:00,38.7143,38.7934,254,-4.86,0.00204,模型转空
2026-05-26,600665.SSE,sell,2026-05-26 13:49:00,2026-05-26 13:51:00,14.5352,14.5352,681,-25.05,0.0,模型转空
2026-05-26,000558.SZSE,sell,2026-05-26 13:53:00,2026-05-26 13:54:00,27.4526,27.5273,363,1.96,0.00272,模型转空
2026-05-26,000558.SZSE,sell,2026-05-26 13:55:00,2026-05-26 13:56:00,27.4526,27.5273,363,1.96,0.00272,模型转空
2026-05-26,600300.SSE,sell,2026-05-26 13:57:00,2026-05-26 13:58:00,24.9005,24.9577,390,-2.47,0.0023,模型转空
2026-05-26,600653.SSE,sell,2026-05-26 13:58:00,2026-05-26 13:59:00,166.9827,168.729,59,78.14,0.01046,模型转空
2026-05-26,600280.SSE,sell,2026-05-26 13:58:00,2026-05-26 14:00:00,39.2789,39.3991,253,5.28,0.00306,模型转空
2026-05-26,600653.SSE,sell,2026-05-26 14:00:00,2026-05-26 14:01:00,166.9827,168.729,59,78.14,0.01046,模型转空
2026-05-26,600325.SSE,sell,2026-05-26 14:00:00,2026-05-26 14:02:00,38.7143,38.7934,254,-4.86,0.00204,模型转空
2026-05-26,600280.SSE,sell,2026-05-26 14:10:00,2026-05-26 14:11:00,39.1587,39.2789,253,5.33,0.00307,模型转空
2026-05-26,603278.SSE,sell,2026-05-26 14:08:00,2026-05-26 14:17:00,20.659,20.687,472,-11.62,0.00136,模型转空
2026-05-26,600653.SSE,sell,2026-05-26 14:22:00,2026-05-26 14:23:00,166.9827,168.729,59,78.14,0.01046,模型转空
2026-05-26,600653.SSE,sell,2026-05-26 14:24:00,2026-05-26 14:25:00,166.9827,168.729,59,78.14,0.01046,模型转空
2026-05-26,605339.SSE,sell,2026-05-26 14:20:00,2026-05-26 14:26:00,16.77,16.79,551,-13.04,0.00119,模型转空
2026-05-26,600653.SSE,sell,2026-05-26 14:28:00,2026-05-26 14:29:00,166.9827,168.729,59,78.14,0.01046,模型转空
2026-05-26,603435.SSE,sell,2026-05-26 14:42:00,2026-05-26 14:44:00,88.88,86.58,100,-253.28,-0.02588,止损
2026-05-26,603435.SSE,sell,2026-05-26 14:44:00,2026-05-26 14:45:00,86.58,89.9,100,308.5,0.03835,模型转空
2026-05-27,603616.SSE,sell,2026-05-27 09:36:00,2026-05-27 09:42:00,11.6754,11.4354,838,-225.99,-0.02056,止损
2026-05-27,300795.SZSE,sell,2026-05-27 11:15:00,2026-05-27 11:18:00,37.5725,37.631,248,-9.67,0.00156,模型转空
2026-05-27,002495.SZSE,sell,2026-05-27 11:17:00,2026-05-27 11:19:00,23.2326,23.3225,420,12.95,0.00387,模型转空
2026-05-27,600675.SSE,sell,2026-05-27 11:19:00,2026-05-27 11:21:00,123.2268,123.6229,81,6.89,0.00321,模型转空
2026-05-27,600653.SSE,sell,2026-05-27 11:20:00,2026-05-27 11:22:00,161.7435,163.4899,61,81.67,0.0108,模型转空
2026-05-27,600665.SSE,sell,2026-05-27 11:27:00,2026-05-27 11:28:00,14.4681,14.4681,681,-24.98,0.0,模型转空
2026-05-27,600231.SSE,sell,2026-05-27 11:26:00,2026-05-27 11:29:00,17.8343,17.8976,559,10.23,0.00355,模型转空
2026-05-27,600231.SSE,sell,2026-05-27 13:29:00,2026-05-27 13:30:00,17.8343,17.8976,559,10.23,0.00355,模型转空
2026-05-27,600675.SSE,sell,2026-05-27 13:33:00,2026-05-27 13:34:00,123.2268,123.6229,81,6.89,0.00321,模型转空
2026-05-27,600675.SSE,sell,2026-05-27 13:35:00,2026-05-27 13:36:00,123.2268,123.6229,81,6.89,0.00321,模型转空
2026-05-27,600743.SSE,sell,2026-05-27 13:44:00,2026-05-27 13:47:00,72.2328,72.5297,135,15.35,0.00411,模型转空
2026-05-27,002552.SZSE,sell,2026-05-27 13:43:00,2026-05-27 13:51:00,153.425,153.425,32,-17.67,0.0,模型转空
2026-05-27,002285.SZSE,sell,2026-05-27 13:53:00,2026-05-27 13:54:00,40.7874,40.9211,243,7.41,0.00328,模型转空
2026-05-27,600665.SSE,sell,2026-05-27 13:53:00,2026-05-27 13:55:00,14.4346,14.4346,681,-24.94,0.0,模型转空
2026-05-27,600527.SSE,sell,2026-05-27 13:54:00,2026-05-27 13:56:00,64.148,64.3375,153,4.13,0.00295,模型转空
2026-05-27,600675.SSE,sell,2026-05-27 13:57:00,2026-05-27 13:58:00,123.2268,123.6229,81,6.89,0.00321,模型转空
2026-05-27,600675.SSE,sell,2026-05-27 13:59:00,2026-05-27 14:00:00,123.2268,123.6229,81,6.89,0.00321,模型转空
2026-05-27,600743.SSE,sell,2026-05-27 14:16:00,2026-05-27 14:17:00,71.936,72.2328,138,16.0,0.00413,模型转空
2026-05-27,600280.SSE,sell,2026-05-27 14:15:00,2026-05-27 14:18:00,40.0002,40.1205,245,4.56,0.00301,模型转空
2026-05-27,002285.SZSE,sell,2026-05-27 14:30:00,2026-05-27 14:32:00,40.6538,40.7874,243,7.46,0.00329,模型转空
2026-05-28,600653.SSE,sell,2026-05-28 10:20:00,2026-05-28 10:21:00,165.2363,166.9827,60,79.82,0.01057,模型转空
2026-05-28,600653.SSE,sell,2026-05-28 10:58:00,2026-05-28 11:00:00,163.4899,165.2363,61,81.51,0.01068,模型转空
2026-05-28,600716.SSE,sell,2026-05-28 14:16:00,2026-05-28 14:17:00,18.0302,18.0302,537,-24.74,0.0,模型转空
2026-05-28,600653.SSE,sell,2026-05-28 14:19:00,2026-05-28 14:20:00,165.2363,166.9827,60,79.82,0.01057,模型转空
2026-05-28,603435.SSE,sell,2026-05-28 14:24:00,2026-05-28 14:26:00,74.5,74.9,100,18.64,0.00537,模型转空
2026-05-28,603435.SSE,sell,2026-05-28 14:31:00,2026-05-28 14:33:00,73.46,74.15,100,47.76,0.00939,模型转空
2026-05-29,605303.SSE,sell,2026-05-29 09:35:00,2026-05-29 09:40:00,24.39,25.15,395,275.41,0.03116,模型转空
2026-05-29,600653.SSE,sell,2026-05-29 10:11:00,2026-05-29 10:12:00,168.729,172.2218,59,181.14,0.0207,模型转空
2026-05-29,600653.SSE,sell,2026-05-29 10:17:00,2026-05-29 10:18:00,168.729,172.2218,59,181.14,0.0207,模型转空
2026-05-29,600099.SSE,sell,2026-05-29 11:16:00,2026-05-29 11:17:00,28.6615,28.7217,338,-4.39,0.0021,模型转空
2026-05-29,600653.SSE,sell,2026-05-29 11:19:00,2026-05-29 11:20:00,168.729,170.4754,59,77.99,0.01035,模型转空
2026-05-29,002012.SZSE,sell,2026-05-29 11:17:00,2026-05-29 11:21:00,40.0213,40.6045,233,111.7,0.01457,模型转空
2026-05-29,600653.SSE,sell,2026-05-29 11:28:00,2026-05-29 13:01:00,168.729,170.4754,59,77.99,0.01035,模型转空
2026-05-29,605366.SSE,sell,2026-05-29 13:31:00,2026-05-29 13:33:00,21.1326,21.1872,466,0.46,0.00258,模型转空
2026-05-29,600653.SSE,sell,2026-05-29 13:42:00,2026-05-29 13:43:00,166.9827,168.729,59,78.14,0.01046,模型转空
2026-05-29,600743.SSE,sell,2026-05-29 13:43:00,2026-05-29 13:44:00,77.2791,77.576,126,12.61,0.00384,模型转空
2026-05-29,600653.SSE,sell,2026-05-29 13:44:00,2026-05-29 13:45:00,166.9827,168.729,59,78.14,0.01046,模型转空
2026-05-29,002495.SZSE,sell,2026-05-29 13:43:00,2026-05-29 13:46:00,23.6824,23.6824,420,-25.14,0.0,模型转空
2026-05-29,600653.SSE,sell,2026-05-29 13:48:00,2026-05-29 13:50:00,166.9827,168.729,59,78.14,0.01046,模型转空
2026-05-29,002285.SZSE,sell,2026-05-29 13:52:00,2026-05-29 13:54:00,41.7231,41.8567,237,6.62,0.0032,模型转空
2026-05-29,000558.SZSE,sell,2026-05-29 13:53:00,2026-05-29 13:56:00,28.05,28.05,350,-24.94,0.0,模型转空
2026-05-29,300739.SZSE,sell,2026-05-29 14:06:00,2026-05-29 14:07:00,90.7575,88.62,81,-196.07,-0.02355,止损
2026-05-29,300739.SZSE,sell,2026-05-29 14:08:00,2026-05-29 14:09:00,85.9875,90.6225,81,358.3,0.0539,模型转空
2026-05-29,600653.SSE,sell,2026-05-29 14:09:00,2026-05-29 14:10:00,165.2363,166.9827,60,79.82,0.01057,模型转空
2026-05-29,002285.SZSE,sell,2026-05-29 14:10:00,2026-05-29 14:11:00,41.4557,41.5894,237,6.72,0.00322,模型转空
2026-05-29,600794.SSE,sell,2026-05-29 14:11:00,2026-05-29 14:12:00,85.7208,85.977,116,4.59,0.00299,模型转空
2026-05-29,300739.SZSE,sell,2026-05-29 14:14:00,2026-05-29 14:16:00,87.09,88.9575,81,131.87,0.02144,模型转空
2026-05-29,600675.SSE,sell,2026-05-29 14:16:00,2026-05-29 14:17:00,126.7916,127.1877,77,5.69,0.00312,模型转空
2026-05-29,002495.SZSE,sell,2026-05-29 14:16:00,2026-05-29 14:18:00,23.5025,23.5025,420,-25.02,0.0,模型转空
2026-05-29,000727.SZSE,sell,2026-05-29 14:16:00,2026-05-29 14:19:00,15.7249,15.7918,625,16.87,0.00426,模型转空
2026-05-29,600653.SSE,sell,2026-05-29 14:18:00,2026-05-29 14:21:00,165.2363,166.9827,60,79.82,0.01057,模型转空
2026-05-29,002285.SZSE,sell,2026-05-29 14:20:00,2026-05-29 14:21:00,41.3221,41.4557,237,6.77,0.00323,模型转空
2026-05-29,002495.SZSE,sell,2026-05-29 14:20:00,2026-05-29 14:21:00,23.4125,23.5025,420,12.83,0.00384,模型转空
2026-05-29,002285.SZSE,sell,2026-05-29 14:22:00,2026-05-29 14:23:00,41.1884,41.3221,237,6.82,0.00325,模型转空
2026-05-29,000727.SZSE,sell,2026-05-29 14:23:00,2026-05-29 14:24:00,15.658,15.7249,625,16.93,0.00427,模型转空
2026-05-29,600653.SSE,sell,2026-05-29 14:22:00,2026-05-29 14:25:00,165.2363,166.9827,60,79.82,0.01057,模型转空
2026-05-29,600794.SSE,sell,2026-05-29 14:25:00,2026-05-29 14:26:00,85.4647,85.7208,116,4.63,0.003,模型转空
2026-05-29,600653.SSE,sell,2026-05-29 14:26:00,2026-05-29 14:29:00,165.2363,165.2363,60,-25.11,0.0,模型转空
2026-05-29,600794.SSE,sell,2026-05-29 14:29:00,2026-05-29 14:30:00,85.2086,85.4647,116,4.68,0.00301,模型转空
2026-05-29,000558.SZSE,sell,2026-05-29 14:29:00,2026-05-29 14:30:00,27.6767,27.6767,350,-24.74,0.0,模型转空
2026-05-29,300739.SZSE,sell,2026-05-29 14:30:00,2026-05-29 14:31:00,85.65,83.5575,81,-191.76,-0.02443,止损
2026-05-29,600540.SSE,sell,2026-05-29 14:30:00,2026-05-29 14:32:00,13.6438,13.6438,728,-25.11,0.0,模型转空
2026-05-29,600675.SSE,sell,2026-05-29 14:42:00,2026-05-29 14:43:00,126.3955,126.7916,77,5.73,0.00313,模型转空
2026-05-29,600300.SSE,sell,2026-05-29 14:41:00,2026-05-29 14:44:00,25.2094,25.2094,390,-24.95,0.0,模型转空
2026-06-01,301053.SZSE,sell,2026-06-01 11:16:00,2026-06-01 11:19:00,60.1254,60.3354,140,6.6,0.00349,模型转空
2026-06-01,600653.SSE,sell,2026-06-01 13:30:00,2026-06-01 13:31:00,172.2218,173.9682,57,74.65,0.01014,模型转空
2026-06-01,300739.SZSE,sell,2026-06-01 13:30:00,2026-06-01 13:31:00,76.335,76.8525,122,39.23,0.00678,模型转空
2026-06-01,600653.SSE,sell,2026-06-01 14:02:00,2026-06-01 14:05:00,173.9682,175.7146,57,74.5,0.01004,模型转空
2026-06-01,600433.SSE,sell,2026-06-01 14:10:00,2026-06-01 14:11:00,28.3216,28.3793,339,-5.06,0.00204,模型转空
2026-06-01,600675.SSE,sell,2026-06-01 14:13:00,2026-06-01 14:14:00,128.376,128.7721,77,5.5,0.00309,模型转空
2026-06-01,600231.SSE,sell,2026-06-01 14:13:00,2026-06-01 14:14:00,18.0876,18.1509,549,9.63,0.0035,模型转空
2026-06-01,600675.SSE,sell,2026-06-01 14:15:00,2026-06-01 14:16:00,128.376,128.7721,77,5.5,0.00309,模型转空
2026-06-01,600231.SSE,sell,2026-06-01 14:17:00,2026-06-01 14:18:00,18.0876,18.1509,549,9.63,0.0035,模型转空
2026-06-01,600675.SSE,sell,2026-06-01 14:26:00,2026-06-01 14:27:00,128.376,128.7721,77,5.5,0.00309,模型转空
2026-06-01,600794.SSE,sell,2026-06-01 14:41:00,2026-06-01 14:42:00,87.7699,88.026,112,3.77,0.00292,模型转空
2026-06-01,002285.SZSE,sell,2026-06-01 14:44:00,2026-06-01 14:46:00,41.7231,41.8567,237,6.62,0.0032,模型转空
2026-06-01,600653.SSE,sell,2026-06-01 14:43:00,2026-06-01 14:48:00,172.2218,173.9682,57,74.65,0.01014,模型转空
2026-06-02,605055.SSE,sell,2026-06-02 09:35:00,2026-06-02 09:41:00,12.62,12.29,785,-283.87,-0.02615,止损
2026-06-02,600653.SSE,sell,2026-06-02 11:02:00,2026-06-02 11:03:00,170.4754,172.2218,58,76.31,0.01024,模型转空
2026-06-02,600653.SSE,sell,2026-06-02 11:11:00,2026-06-02 11:13:00,170.4754,172.2218,58,76.31,0.01024,模型转空
2026-06-02,002321.SZSE,sell,2026-06-02 11:15:00,2026-06-02 11:16:00,4.4407,4.4615,2209,20.87,0.00467,模型转空
2026-06-02,600653.SSE,sell,2026-06-02 11:27:00,2026-06-02 11:28:00,170.4754,172.2218,58,76.31,0.01024,模型转空
2026-06-02,600653.SSE,sell,2026-06-02 11:29:00,2026-06-02 11:30:00,170.4754,172.2218,58,76.31,0.01024,模型转空
2026-06-02,600300.SSE,sell,2026-06-02 11:29:00,2026-06-02 13:01:00,24.9234,24.9806,390,-2.49,0.0023,模型转空
2026-06-02,600653.SSE,sell,2026-06-02 13:26:00,2026-06-02 13:27:00,170.4754,172.2218,58,76.31,0.01024,模型转空
2026-06-02,600708.SSE,sell,2026-06-02 13:30:00,2026-06-02 13:31:00,40.9893,40.9893,240,-24.98,0.0,模型转空
2026-06-02,600653.SSE,sell,2026-06-02 13:38:00,2026-06-02 13:40:00,170.4754,172.2218,58,76.31,0.01024,模型转空
2026-06-02,600653.SSE,sell,2026-06-02 13:45:00,2026-06-02 13:46:00,170.4754,172.2218,58,76.31,0.01024,模型转空
2026-06-02,000407.SZSE,sell,2026-06-02 14:09:00,2026-06-02 14:11:00,55.2536,55.3857,175,-1.58,0.00239,模型转空
2026-06-02,600708.SSE,sell,2026-06-02 14:39:00,2026-06-02 14:40:00,40.8013,40.8953,240,-2.34,0.0023,模型转空
2026-06-02,301053.SZSE,sell,2026-06-02 14:43:00,2026-06-02 14:45:00,60.9934,62.0854,140,129.96,0.0179,模型转空
2026-06-03,002420.SZSE,sell,2026-06-03 09:35:00,2026-06-03 09:42:00,5.96,6.01,1656,57.75,0.00839,模型转空
2026-06-03,600653.SSE,sell,2026-06-03 10:34:00,2026-06-03 10:35:00,165.2363,166.9827,60,79.82,0.01057,模型转空
2026-06-03,600638.SSE,sell,2026-06-03 10:34:00,2026-06-03 10:36:00,102.2352,102.6557,96,15.52,0.00411,模型转空
2026-06-03,600653.SSE,sell,2026-06-03 10:36:00,2026-06-03 10:38:00,165.2363,166.9827,60,79.82,0.01057,模型转空
2026-06-03,600653.SSE,sell,2026-06-03 10:58:00,2026-06-03 11:01:00,165.2363,168.729,60,184.75,0.02114,模型转空
2026-06-03,600280.SSE,sell,2026-06-03 11:01:00,2026-06-03 11:05:00,50.3395,50.8204,193,68.15,0.00955,模型转空
2026-06-03,600653.SSE,sell,2026-06-03 11:09:00,2026-06-03 11:10:00,165.2363,166.9827,60,79.82,0.01057,模型转空
2026-06-03,600653.SSE,sell,2026-06-03 11:16:00,2026-06-03 11:17:00,165.2363,166.9827,60,79.82,0.01057,模型转空
2026-06-03,600743.SSE,sell,2026-06-03 11:17:00,2026-06-03 11:18:00,76.0918,76.3886,129,13.41,0.0039,模型转空
2026-06-03,600653.SSE,sell,2026-06-03 11:18:00,2026-06-03 11:21:00,165.2363,166.9827,60,79.82,0.01057,模型转空
2026-06-03,002437.SZSE,sell,2026-06-03 11:29:00,2026-06-03 11:30:00,47.705,47.855,203,5.73,0.00314,模型转空
2026-06-03,600325.SSE,sell,2026-06-03 11:30:00,2026-06-03 13:02:00,38.0025,38.0025,262,-25.14,0.0,模型转空
2026-06-03,605128.SSE,sell,2026-06-03 13:16:00,2026-06-03 13:18:00,77.3317,77.5946,118,7.16,0.0034,模型转空
2026-06-03,605128.SSE,sell,2026-06-03 13:23:00,2026-06-03 13:27:00,76.2146,76.8389,118,50.09,0.00819,模型转空
2026-06-03,600850.SSE,sell,2026-06-03 13:27:00,2026-06-03 13:29:00,223.803,227.2369,40,116.65,0.01534,模型转空
2026-06-03,600307.SSE,sell,2026-06-03 13:31:00,2026-06-03 13:32:00,7.5547,7.5864,1305,16.32,0.00419,模型转空
2026-06-03,600307.SSE,sell,2026-06-03 13:33:00,2026-06-03 13:34:00,7.5547,7.5864,1305,16.32,0.00419,模型转空
2026-06-03,002181.SZSE,sell,2026-06-03 13:46:00,2026-06-03 13:48:00,34.3088,35.3072,269,244.51,0.0291,模型转空
2026-06-03,600653.SSE,sell,2026-06-03 13:47:00,2026-06-03 13:48:00,165.2363,168.729,60,184.75,0.02114,模型转空
2026-06-03,600794.SSE,sell,2026-06-03 13:59:00,2026-06-03 14:00:00,85.7208,85.7208,116,-25.14,0.0,模型转空
2026-06-03,600653.SSE,sell,2026-06-03 14:03:00,2026-06-03 14:05:00,165.2363,168.729,60,184.75,0.02114,模型转空
2026-06-03,301312.SZSE,sell,2026-06-03 14:13:00,2026-06-03 14:20:00,383.2965,382.0205,24,-54.63,-0.00333,模型转空
2026-06-03,600716.SSE,sell,2026-06-03 14:18:00,2026-06-03 14:21:00,17.8286,17.869,558,-2.64,0.00226,模型转空
2026-06-03,600653.SSE,sell,2026-06-03 14:20:00,2026-06-03 14:22:00,165.2363,166.9827,60,79.82,0.01057,模型转空
2026-06-03,300324.SZSE,sell,2026-06-03 14:21:00,2026-06-03 14:23:00,109.6923,109.9328,90,-3.34,0.00219,模型转空
2026-06-03,301361.SZSE,sell,2026-06-03 14:26:00,2026-06-03 14:27:00,36.358,36.408,196,-11.05,0.00138,模型转空
2026-06-03,002181.SZSE,sell,2026-06-03 14:23:00,2026-06-03 14:28:00,34.3504,34.5584,269,31.89,0.00606,模型转空
2026-06-03,300319.SZSE,sell,2026-06-03 14:33:00,2026-06-03 14:36:00,135.6988,136.3675,64,19.92,0.00493,模型转空
2026-06-03,600653.SSE,sell,2026-06-03 14:41:00,2026-06-03 14:42:00,163.4899,165.2363,61,81.51,0.01068,模型转空
2026-06-03,300078.SZSE,sell,2026-06-03 14:42:00,2026-06-03 14:43:00,44.5412,44.7663,221,24.78,0.00505,模型转空
2026-06-04,600653.SSE,sell,2026-06-04 10:39:00,2026-06-04 10:40:00,161.7435,163.4899,61,81.67,0.0108,模型转空
2026-06-04,600653.SSE,sell,2026-06-04 10:53:00,2026-06-04 10:57:00,161.7435,161.7435,61,-25.04,0.0,模型转空
2026-06-04,600626.SSE,sell,2026-06-04 10:58:00,2026-06-04 10:59:00,35.6734,35.756,276,-2.2,0.00231,模型转空
2026-06-04,600653.SSE,sell,2026-06-04 11:12:00,2026-06-04 11:17:00,161.7435,163.4899,61,81.67,0.0108,模型转空
2026-06-04,600653.SSE,sell,2026-06-04 13:17:00,2026-06-04 13:18:00,161.7435,163.4899,61,81.67,0.0108,模型转空
2026-06-04,600231.SSE,sell,2026-06-04 13:25:00,2026-06-04 13:27:00,17.7077,17.771,559,10.34,0.00358,模型转空
2026-06-04,600743.SSE,sell,2026-06-04 13:26:00,2026-06-04 13:27:00,79.357,79.6538,123,11.65,0.00374,模型转空
2026-06-04,002495.SZSE,sell,2026-06-04 13:27:00,2026-06-04 13:28:00,22.7827,22.8727,430,13.8,0.00395,模型转空
2026-06-04,600794.SSE,sell,2026-06-04 13:30:00,2026-06-04 13:31:00,84.4402,84.6963,116,4.82,0.00303,模型转空
2026-06-04,000753.SZSE,sell,2026-06-04 13:34:00,2026-06-04 13:35:00,62.7518,62.7518,156,-24.97,0.0,模型转空
2026-06-04,600743.SSE,sell,2026-06-04 13:36:00,2026-06-04 13:37:00,79.357,79.6538,123,11.65,0.00374,模型转空
2026-06-04,600653.SSE,sell,2026-06-04 13:48:00,2026-06-04 13:49:00,161.7435,163.4899,61,81.67,0.0108,模型转空
2026-06-04,600231.SSE,sell,2026-06-04 13:53:00,2026-06-04 13:55:00,17.6444,17.7077,559,10.4,0.00359,模型转空
2026-06-04,600653.SSE,sell,2026-06-04 13:54:00,2026-06-04 13:56:00,161.7435,163.4899,61,81.67,0.0108,模型转空
2026-06-04,600743.SSE,sell,2026-06-04 13:57:00,2026-06-04 13:59:00,78.7633,79.0601,126,12.32,0.00377,模型转空
2026-06-04,600653.SSE,sell,2026-06-04 14:15:00,2026-06-04 14:18:00,161.7435,163.4899,61,81.67,0.0108,模型转空
2026-06-04,600638.SSE,sell,2026-06-04 14:19:00,2026-06-04 14:20:00,100.1326,100.3428,96,-4.42,0.0021,模型转空
2026-06-04,600653.SSE,sell,2026-06-04 14:24:00,2026-06-04 14:25:00,161.7435,161.7435,61,-25.04,0.0,模型转空
2026-06-04,300510.SZSE,sell,2026-06-04 14:23:00,2026-06-04 14:26:00,22.5131,22.5748,429,1.73,0.00274,模型转空
2026-06-04,000965.SZSE,sell,2026-06-04 14:23:00,2026-06-04 14:28:00,9.7078,9.7078,1021,-25.07,0.0,模型转空
2026-06-04,000716.SZSE,sell,2026-06-04 14:25:00,2026-06-04 14:28:00,22.0834,22.0834,446,-24.98,0.0,模型转空
2026-06-04,600850.SSE,sell,2026-06-04 14:25:00,2026-06-04 14:28:00,203.6401,205.6652,40,60.23,0.00994,模型转空
2026-06-05,600653.SSE,sell,2026-06-05 10:01:00,2026-06-05 10:02:00,163.4899,165.2363,61,81.51,0.01068,模型转空
2026-06-05,600653.SSE,sell,2026-06-05 10:31:00,2026-06-05 10:32:00,163.4899,165.2363,61,81.51,0.01068,模型转空
2026-06-05,600653.SSE,sell,2026-06-05 10:40:00,2026-06-05 10:41:00,163.4899,165.2363,61,81.51,0.01068,模型转空
2026-06-05,001896.SZSE,sell,2026-06-05 10:59:00,2026-06-05 11:01:00,22.46,22.64,431,52.82,0.00801,模型转空
2026-06-05,301526.SZSE,sell,2026-06-05 13:30:00,2026-06-05 13:33:00,21.91,22.04,399,28.55,0.00593,模型转空
2026-06-05,603045.SSE,sell,2026-06-05 13:31:00,2026-06-05 13:33:00,117.1544,118.1064,70,44.52,0.00813,模型转空
2026-06-05,002426.SZSE,sell,2026-06-05 13:30:00,2026-06-05 13:34:00,20.325,20.475,484,47.65,0.00738,模型转空
2026-06-05,600653.SSE,sell,2026-06-05 13:33:00,2026-06-05 13:34:00,165.2363,166.9827,60,79.82,0.01057,模型转空
2026-06-05,600231.SSE,sell,2026-06-05 13:34:00,2026-06-05 13:37:00,17.7077,17.7077,559,-25.07,0.0,模型转空
2026-06-05,001896.SZSE,sell,2026-06-05 14:01:00,2026-06-05 14:02:00,21.84,22.0,431,44.61,0.00733,模型转空
2026-06-05,600653.SSE,sell,2026-06-05 14:12:00,2026-06-05 14:13:00,165.2363,166.9827,60,79.82,0.01057,模型转空
2026-06-05,300510.SZSE,sell,2026-06-05 14:13:00,2026-06-05 14:15:00,22.8213,22.8829,429,1.53,0.0027,模型转空
2026-06-05,000868.SZSE,sell,2026-06-05 14:14:00,2026-06-05 14:15:00,16.1132,16.1587,614,2.84,0.00282,模型转空
2026-06-05,600638.SSE,sell,2026-06-05 14:16:00,2026-06-05 14:17:00,100.9736,101.1839,96,-4.55,0.00208,模型转空
2026-06-05,600857.SSE,sell,2026-06-05 14:17:00,2026-06-05 14:20:00,78.1478,78.6816,119,39.72,0.00683,模型转空
2026-06-05,600653.SSE,sell,2026-06-05 14:19:00,2026-06-05 14:21:00,165.2363,166.9827,60,79.82,0.01057,模型转空
2026-06-05,000407.SZSE,sell,2026-06-05 14:23:00,2026-06-05 14:24:00,54.1969,54.329,183,-0.92,0.00244,模型转空
2026-06-05,600863.SSE,sell,2026-06-05 14:24:00,2026-06-05 14:26:00,181.4421,182.6433,53,39.06,0.00662,模型转空
2026-06-05,300319.SZSE,sell,2026-06-05 14:25:00,2026-06-05 14:26:00,168.3906,170.1738,51,69.08,0.01059,模型转空
2026-06-05,600653.SSE,sell,2026-06-05 14:26:00,2026-06-05 14:27:00,165.2363,166.9827,60,79.82,0.01057,模型转空
2026-06-05,600802.SSE,sell,2026-06-05 14:26:00,2026-06-05 14:27:00,20.3646,20.41,484,-3.05,0.00223,模型转空
2026-06-05,600246.SSE,sell,2026-06-05 14:24:00,2026-06-05 14:28:00,177.0574,176.8658,47,-32.01,-0.00108,模型转空
2026-06-05,600300.SSE,sell,2026-06-05 14:27:00,2026-06-05 14:28:00,24.523,24.5802,403,-1.99,0.00233,模型转空
2026-06-05,600794.SSE,sell,2026-06-05 14:27:00,2026-06-05 14:28:00,86.2331,86.7454,112,32.8,0.00594,模型转空
2026-06-05,600708.SSE,sell,2026-06-05 14:30:00,2026-06-05 14:31:00,39.4859,39.5798,248,-1.6,0.00238,模型转空
2026-06-05,600638.SSE,sell,2026-06-05 14:31:00,2026-06-05 14:34:00,100.1326,100.3428,96,-4.42,0.0021,模型转空
2026-06-05,600280.SSE,sell,2026-06-05 14:32:00,2026-06-05 14:35:00,45.2901,45.5305,215,26.98,0.00531,模型转空
2026-06-05,600794.SSE,sell,2026-06-05 14:44:00,2026-06-05 14:45:00,86.2331,86.4892,112,4.03,0.00297,模型转空
2026-06-05,600857.SSE,sell,2026-06-05 14:44:00,2026-06-05 14:47:00,76.3525,77.7111,119,138.92,0.01779,模型转空
2026-06-08,301678.SZSE,sell,2026-06-08 09:35:00,2026-06-08 09:42:00,52.42,52.52,97,-8.02,0.00191,模型转空
2026-06-08,301387.SZSE,sell,2026-06-08 09:35:00,2026-06-08 09:42:00,132.4495,136.3415,69,248.04,0.02938,模型转空
2026-06-08,300881.SZSE,sell,2026-06-08 09:35:00,2026-06-08 09:42:00,56.2031,55.8291,170,-88.3,-0.00665,模型转空
2026-06-08,605133.SSE,sell,2026-06-08 09:35:00,2026-06-08 09:43:00,44.745,45.512,222,145.6,0.01714,模型转空
2026-06-08,605366.SSE,sell,2026-06-08 09:35:00,2026-06-08 09:44:00,19.8768,19.9132,466,-7.13,0.00183,模型转空
2026-06-08,600653.SSE,sell,2026-06-08 10:22:00,2026-06-08 10:24:00,165.2363,166.9827,60,79.82,0.01057,模型转空
2026-06-08,002495.SZSE,sell,2026-06-08 11:27:00,2026-06-08 13:01:00,23.0526,23.0526,430,-25.1,0.0,模型转空
2026-06-08,600231.SSE,sell,2026-06-08 11:29:00,2026-06-08 13:01:00,17.2645,17.3278,570,11.12,0.00367,模型转空
2026-06-08,600378.SSE,sell,2026-06-08 13:17:00,2026-06-08 13:19:00,175.388,177.0154,55,65.24,0.00928,模型转空
2026-06-08,600638.SSE,sell,2026-06-08 13:26:00,2026-06-08 13:28:00,96.7684,96.9786,101,-3.59,0.00217,模型转空
2026-06-08,600794.SSE,sell,2026-06-08 13:27:00,2026-06-08 13:31:00,83.9279,84.184,116,4.91,0.00305,模型转空
2026-06-08,002437.SZSE,sell,2026-06-08 13:30:00,2026-06-08 13:31:00,45.155,45.305,215,7.53,0.00332,模型转空
2026-06-08,002321.SZSE,sell,2026-06-08 13:30:00,2026-06-08 13:31:00,4.3163,4.337,2296,22.52,0.00481,模型转空
2026-06-08,600675.SSE,sell,2026-06-08 13:30:00,2026-06-08 13:31:00,125.9994,126.3955,79,6.17,0.00314,模型转空
2026-06-08,000576.SZSE,sell,2026-06-08 13:32:00,2026-06-08 13:33:00,48.8827,48.9577,198,-9.89,0.00153,模型转空
2026-06-08,300180.SZSE,sell,2026-06-08 13:30:00,2026-06-08 13:34:00,32.0812,32.1488,301,-4.37,0.0021,模型转空
2026-06-08,000635.SZSE,sell,2026-06-08 13:31:00,2026-06-08 13:34:00,25.9123,25.9671,366,-4.39,0.00211,模型转空
2026-06-08,600231.SSE,sell,2026-06-08 13:31:00,2026-06-08 13:34:00,17.2012,17.2645,570,11.17,0.00368,模型转空
2026-06-08,600653.SSE,sell,2026-06-08 13:32:00,2026-06-08 13:34:00,159.9971,161.7435,62,83.36,0.01092,模型转空
2026-06-08,600325.SSE,sell,2026-06-08 13:34:00,2026-06-08 13:36:00,36.9743,37.0534,269,-3.86,0.00214,模型转空
2026-06-08,000705.SZSE,sell,2026-06-08 13:35:00,2026-06-08 13:36:00,37.0264,37.0825,268,-10.05,0.00152,模型转空
2026-06-08,600794.SSE,sell,2026-06-08 13:38:00,2026-06-08 13:40:00,83.6718,83.6718,116,-24.78,0.0,模型转空
2026-06-08,600802.SSE,sell,2026-06-08 13:33:00,2026-06-08 13:41:00,19.4127,19.3674,508,-48.06,-0.00234,模型转空
2026-06-08,600653.SSE,sell,2026-06-08 13:38:00,2026-06-08 13:41:00,158.2508,159.9971,62,83.53,0.01104,模型转空
2026-06-08,300510.SZSE,sell,2026-06-08 13:45:00,2026-06-08 13:46:00,21.8353,21.8353,444,-24.77,0.0,模型转空
2026-06-08,600626.SSE,sell,2026-06-08 13:44:00,2026-06-08 13:48:00,34.8476,34.9302,285,-1.56,0.00237,模型转空
2026-06-08,600653.SSE,sell,2026-06-08 13:50:00,2026-06-08 13:52:00,158.2508,159.9971,62,83.53,0.01104,模型转空
2026-06-08,600638.SSE,sell,2026-06-08 13:55:00,2026-06-08 13:57:00,96.1376,96.3478,101,-3.5,0.00219,模型转空
2026-06-08,600675.SSE,sell,2026-06-08 13:57:00,2026-06-08 13:58:00,125.9994,126.3955,79,6.17,0.00314,模型转空
2026-06-08,300182.SZSE,sell,2026-06-08 13:59:00,2026-06-08 14:04:00,191.4578,192.9199,51,50.47,0.00764,模型转空
2026-06-08,000407.SZSE,sell,2026-06-08 14:01:00,2026-06-08 14:04:00,52.6118,52.7439,183,-0.48,0.00251,模型转空
2026-06-08,300510.SZSE,sell,2026-06-08 14:13:00,2026-06-08 14:14:00,21.7736,21.8353,444,2.67,0.00283,模型转空
2026-06-08,600626.SSE,sell,2026-06-08 14:13:00,2026-06-08 14:14:00,34.765,34.765,285,-25.11,0.0,模型转空
2026-06-08,001896.SZSE,sell,2026-06-08 14:28:00,2026-06-08 14:30:00,21.72,21.88,431,44.69,0.00737,模型转空
2026-06-08,600675.SSE,sell,2026-06-08 14:44:00,2026-06-08 14:45:00,125.6034,125.9994,79,6.21,0.00315,模型转空
2026-06-09,600638.SSE,sell,2026-06-09 11:29:00,2026-06-09 11:30:00,95.2965,95.5068,101,-3.36,0.00221,模型转空
2026-06-09,000570.SZSE,sell,2026-06-09 13:30:00,2026-06-09 13:31:00,26.7567,26.8648,354,13.89,0.00404,模型转空
2026-06-09,002374.SZSE,sell,2026-06-09 13:58:00,2026-06-09 13:59:00,21.9368,22.0635,446,31.59,0.00578,模型转空
2026-06-09,600231.SSE,sell,2026-06-09 13:59:00,2026-06-09 14:00:00,17.2012,17.2645,570,11.17,0.00368,模型转空
2026-06-09,603956.SSE,sell,2026-06-09 14:13:00,2026-06-09 14:16:00,5.5593,5.5793,1770,10.41,0.0036,模型转空
2026-06-09,300247.SZSE,sell,2026-06-09 14:43:00,2026-06-09 14:44:00,25.71,25.77,381,-2.05,0.00233,模型转空
2026-06-10,600653.SSE,sell,2026-06-10 10:40:00,2026-06-10 10:41:00,151.2652,153.0116,65,88.82,0.01155,模型转空
2026-06-10,600653.SSE,sell,2026-06-10 11:11:00,2026-06-10 11:12:00,151.2652,153.0116,65,88.82,0.01155,模型转空
2026-06-10,000525.SZSE,sell,2026-06-10 11:29:00,2026-06-10 11:30:00,80.9994,81.1657,119,-4.85,0.00205,模型转空
2026-06-10,603400.SSE,sell,2026-06-10 13:32:00,2026-06-10 13:34:00,58.9,59.37,151,47.47,0.00798,模型转空
2026-06-10,300980.SZSE,sell,2026-06-10 13:32:00,2026-06-10 13:36:00,40.5304,40.4554,191,-36.15,-0.00185,模型转空
2026-06-10,300985.SZSE,sell,2026-06-10 13:33:00,2026-06-10 13:38:00,41.078,41.022,212,-35.11,-0.00136,模型转空
2026-06-10,600403.SSE,sell,2026-06-10 13:34:00,2026-06-10 13:38:00,45.0306,45.2646,220,26.43,0.0052,模型转空
2026-06-10,600675.SSE,sell,2026-06-10 13:50:00,2026-06-10 13:51:00,124.019,124.4151,79,6.4,0.00319,模型转空
2026-06-10,600794.SSE,sell,2026-06-10 13:51:00,2026-06-10 13:52:00,82.6473,82.9034,119,5.62,0.0031,模型转空
2026-06-10,600960.SSE,sell,2026-06-10 13:51:00,2026-06-10 13:52:00,18.1024,18.1436,539,-2.65,0.00228,模型转空
2026-06-10,002285.SZSE,sell,2026-06-10 13:50:00,2026-06-10 13:53:00,38.6489,38.7825,255,9.13,0.00346,模型转空
2026-06-10,600675.SSE,sell,2026-06-10 14:02:00,2026-06-10 14:04:00,124.4151,124.4151,79,-24.97,0.0,模型转空
2026-06-10,600403.SSE,sell,2026-06-10 14:14:00,2026-06-10 14:19:00,43.767,43.5798,220,-65.87,-0.00428,模型转空
2026-06-10,301418.SZSE,sell,2026-06-10 14:18:00,2026-06-10 14:20:00,49.339,49.849,197,75.82,0.01034,模型转空
2026-06-10,600675.SSE,sell,2026-06-10 14:23:00,2026-06-10 14:24:00,124.4151,124.8112,79,6.36,0.00318,模型转空
2026-06-10,600325.SSE,sell,2026-06-10 14:26:00,2026-06-10 14:27:00,36.8952,36.9743,269,-3.83,0.00214,模型转空
2026-06-10,001896.SZSE,sell,2026-06-10 14:27:00,2026-06-10 14:30:00,22.4,22.48,431,9.78,0.00357,模型转空
2026-06-11,600653.SSE,sell,2026-06-11 09:37:00,2026-06-11 09:42:00,153.0116,153.0116,65,-25.17,0.0,模型转空
2026-06-11,600653.SSE,sell,2026-06-11 10:19:00,2026-06-11 10:21:00,151.2652,153.0116,65,88.82,0.01155,模型转空
2026-06-11,600675.SSE,sell,2026-06-11 10:30:00,2026-06-11 10:32:00,123.6229,124.019,79,6.45,0.0032,模型转空
2026-06-11,600653.SSE,sell,2026-06-11 10:35:00,2026-06-11 10:36:00,151.2652,153.0116,65,88.82,0.01155,模型转空
2026-06-11,600653.SSE,sell,2026-06-11 10:37:00,2026-06-11 10:38:00,151.2652,153.0116,65,88.82,0.01155,模型转空
2026-06-11,600675.SSE,sell,2026-06-11 10:39:00,2026-06-11 10:42:00,123.6229,123.2268,79,-56.21,-0.0032,模型转空
2026-06-11,300324.SZSE,sell,2026-06-11 11:29:00,2026-06-11 13:01:00,95.2585,96.2207,102,73.58,0.0101,模型转空
2026-06-11,300283.SZSE,sell,2026-06-11 11:19:00,2026-06-11 13:04:00,107.5917,106.4801,83,-115.76,-0.01033,模型转空
2026-06-11,600638.SSE,sell,2026-06-11 13:29:00,2026-06-11 13:30:00,95.5068,95.5068,101,-24.77,0.0,模型转空
2026-06-11,600325.SSE,sell,2026-06-11 13:33:00,2026-06-11 13:34:00,36.8161,36.8952,269,-3.8,0.00215,模型转空
2026-06-11,603938.SSE,sell,2026-06-11 13:59:00,2026-06-11 14:02:00,152.0309,151.8015,38,-27.79,-0.00151,模型转空
2026-06-11,300283.SZSE,sell,2026-06-11 13:59:00,2026-06-11 14:03:00,101.6246,101.8587,83,-3.42,0.0023,模型转空
2026-06-11,600743.SSE,sell,2026-06-11 14:10:00,2026-06-11 14:13:00,70.4518,70.7486,138,16.31,0.00421,模型转空
2026-06-11,300182.SZSE,sell,2026-06-11 14:12:00,2026-06-11 14:14:00,172.7421,174.4967,54,71.86,0.01016,模型转空
2026-06-11,600487.SSE,sell,2026-06-11 14:13:00,2026-06-11 14:14:00,907.506,910.6119,10,8.39,0.00342,模型转空
2026-06-11,002552.SZSE,sell,2026-06-11 14:15:00,2026-06-11 14:17:00,164.675,165.155,32,-2.46,0.00291,模型转空
2026-06-11,300324.SZSE,sell,2026-06-11 14:19:00,2026-06-11 14:20:00,95.2585,95.499,102,-0.22,0.00253,模型转空
2026-06-11,600716.SSE,sell,2026-06-11 14:18:00,2026-06-11 14:21:00,17.9899,17.9899,537,-24.71,0.0,模型转空
2026-06-11,600653.SSE,sell,2026-06-11 14:20:00,2026-06-11 14:22:00,151.2652,153.0116,65,88.82,0.01155,模型转空
2026-06-11,000753.SZSE,sell,2026-06-11 14:21:00,2026-06-11 14:22:00,59.2071,59.3337,165,-3.97,0.00214,模型转空
2026-06-11,600716.SSE,sell,2026-06-11 14:22:00,2026-06-11 14:25:00,17.9496,17.9496,537,-24.68,0.0,模型转空
2026-06-11,600653.SSE,sell,2026-06-11 14:24:00,2026-06-11 14:26:00,151.2652,153.0116,65,88.82,0.01155,模型转空
2026-06-11,002552.SZSE,sell,2026-06-11 14:24:00,2026-06-11 14:28:00,162.695,161.945,32,-42.78,-0.00461,模型转空
2026-06-11,600653.SSE,sell,2026-06-11 14:27:00,2026-06-11 14:31:00,151.2652,151.2652,65,-25.0,0.0,模型转空
2026-06-11,000407.SZSE,sell,2026-06-11 14:42:00,2026-06-11 14:43:00,51.6872,51.8193,190,0.18,0.00256,模型转空
2026-06-12,600653.SSE,sell,2026-06-12 10:28:00,2026-06-12 10:30:00,153.0116,154.758,65,88.65,0.01141,模型转空
2026-06-12,600626.SSE,sell,2026-06-12 11:30:00,2026-06-12 13:01:00,35.5082,35.6734,276,20.65,0.00465,模型转空
2026-06-12,600960.SSE,sell,2026-06-12 11:30:00,2026-06-12 13:01:00,18.3083,18.3495,539,-2.82,0.00225,模型转空
2026-06-12,301387.SZSE,sell,2026-06-12 13:16:00,2026-06-12 13:19:00,136.5375,138.9455,69,143.85,0.01764,模型转空
2026-06-12,002495.SZSE,sell,2026-06-12 13:26:00,2026-06-12 13:27:00,22.8727,22.9627,430,13.74,0.00393,模型转空
2026-06-12,600425.SSE,sell,2026-06-12 13:27:00,2026-06-12 13:28:00,21.7918,21.7918,456,-25.14,0.0,模型转空
2026-06-12,000980.SZSE,sell,2026-06-12 13:33:00,2026-06-12 13:36:00,4.823,4.823,2055,-25.07,0.0,模型转空
2026-06-12,600343.SSE,sell,2026-06-12 13:33:00,2026-06-12 13:38:00,81.508,81.3403,93,-37.37,-0.00206,模型转空
2026-06-12,600743.SSE,sell,2026-06-12 13:57:00,2026-06-12 13:58:00,70.7486,71.0455,138,16.25,0.0042,模型转空
2026-06-12,600675.SSE,sell,2026-06-12 14:05:00,2026-06-12 14:06:00,125.2073,125.6034,79,6.26,0.00316,模型转空
2026-06-12,600653.SSE,sell,2026-06-12 13:59:00,2026-06-12 14:07:00,154.758,154.758,64,-25.11,0.0,模型转空
2026-06-12,600527.SSE,sell,2026-06-12 14:29:00,2026-06-12 14:30:00,62.063,62.2526,157,4.97,0.00305,模型转空
2026-06-12,600638.SSE,sell,2026-06-12 14:30:00,2026-06-12 14:31:00,97.8197,98.2402,101,17.62,0.0043,模型转空
2026-06-12,600626.SSE,sell,2026-06-12 14:30:00,2026-06-12 14:31:00,35.2605,35.2605,276,-24.79,0.0,模型转空
2026-06-12,600527.SSE,sell,2026-06-12 14:31:00,2026-06-12 14:32:00,62.063,62.2526,157,4.97,0.00305,模型转空
2026-06-12,600626.SSE,sell,2026-06-12 14:40:00,2026-06-12 14:41:00,35.2605,35.3431,276,-2.02,0.00234,模型转空
2026-06-12,600638.SSE,sell,2026-06-12 14:43:00,2026-06-12 14:45:00,97.8197,97.8197,101,-25.13,0.0,模型转空
2026-06-12,002361.SZSE,sell,2026-06-12 14:44:00,2026-06-12 14:46:00,133.43,135.19,69,97.35,0.01319,模型转空
2026-06-15,600653.SSE,sell,2026-06-15 10:23:00,2026-06-15 10:24:00,158.2508,159.9971,62,83.53,0.01104,模型转空
2026-06-15,600653.SSE,sell,2026-06-15 10:25:00,2026-06-15 10:32:00,158.2508,158.2508,62,-24.96,0.0,模型转空
2026-06-15,600325.SSE,sell,2026-06-15 10:50:00,2026-06-15 10:51:00,36.8952,36.9743,269,-3.83,0.00214,模型转空
2026-06-15,300510.SZSE,sell,2026-06-15 11:15:00,2026-06-15 11:16:00,21.6504,21.712,460,3.2,0.00285,模型转空
2026-06-15,600748.SSE,sell,2026-06-15 11:26:00,2026-06-15 11:28:00,31.9492,31.9492,305,-24.85,0.0,模型转空
2026-06-15,300190.SZSE,sell,2026-06-15 11:27:00,2026-06-15 11:28:00,48.7153,48.7153,197,-24.66,0.0,模型转空
2026-06-15,600231.SSE,sell,2026-06-15 11:27:00,2026-06-15 11:28:00,17.0113,17.0746,581,11.74,0.00372,模型转空
2026-06-15,300510.SZSE,sell,2026-06-15 11:27:00,2026-06-15 11:28:00,21.5888,21.6504,460,3.25,0.00285,模型转空
2026-06-15,000570.SZSE,sell,2026-06-15 11:28:00,2026-06-15 11:29:00,26.3242,26.3783,374,-4.76,0.00205,模型转空
2026-06-15,000407.SZSE,sell,2026-06-15 11:28:00,2026-06-15 11:29:00,52.2156,52.3476,190,0.03,0.00253,模型转空
2026-06-15,600638.SSE,sell,2026-06-15 11:30:00,2026-06-15 13:03:00,98.6607,98.6607,96,-24.46,0.0,模型转空
2026-06-15,600716.SSE,sell,2026-06-15 13:32:00,2026-06-15 13:35:00,17.6674,17.6674,558,-25.0,0.0,模型转空
2026-06-15,600794.SSE,sell,2026-06-15 13:40:00,2026-06-15 13:41:00,83.4156,83.6718,116,5.0,0.00307,模型转空
2026-06-15,600300.SSE,sell,2026-06-15 13:50:00,2026-06-15 13:52:00,24.0082,24.0654,416,-1.41,0.00238,模型转空
2026-06-15,600653.SSE,sell,2026-06-15 13:51:00,2026-06-15 13:52:00,158.2508,159.9971,62,83.53,0.01104,模型转空
2026-06-15,600626.SSE,sell,2026-06-15 13:51:00,2026-06-15 13:53:00,35.6734,35.6734,276,-24.97,0.0,模型转空
2026-06-15,600708.SSE,sell,2026-06-15 13:52:00,2026-06-15 13:54:00,38.0765,38.1704,255,-0.79,0.00247,模型转空
2026-06-15,600960.SSE,sell,2026-06-15 13:52:00,2026-06-15 13:54:00,18.4319,18.473,539,-2.92,0.00223,模型转空
2026-06-15,600794.SSE,sell,2026-06-15 13:57:00,2026-06-15 13:58:00,83.4156,83.6718,116,5.0,0.00307,模型转空
2026-06-15,600653.SSE,sell,2026-06-15 13:57:00,2026-06-15 13:58:00,158.2508,159.9971,62,83.53,0.01104,模型转空
2026-06-15,600960.SSE,sell,2026-06-15 13:56:00,2026-06-15 14:00:00,18.4319,18.473,539,-2.92,0.00223,模型转空
2026-06-15,600794.SSE,sell,2026-06-15 13:59:00,2026-06-15 14:00:00,83.4156,83.6718,116,5.0,0.00307,模型转空
2026-06-15,600653.SSE,sell,2026-06-15 14:01:00,2026-06-15 14:02:00,158.2508,159.9971,62,83.53,0.01104,模型转空
2026-06-15,600653.SSE,sell,2026-06-15 14:05:00,2026-06-15 14:06:00,158.2508,159.9971,62,83.53,0.01104,模型转空
2026-06-15,600708.SSE,sell,2026-06-15 14:08:00,2026-06-15 14:09:00,38.0765,38.1704,255,-0.79,0.00247,模型转空
2026-06-15,600653.SSE,sell,2026-06-15 14:10:00,2026-06-15 14:11:00,158.2508,159.9971,62,83.53,0.01104,模型转空
2026-06-15,600300.SSE,sell,2026-06-15 14:10:00,2026-06-15 14:13:00,24.0082,24.0654,416,-1.41,0.00238,模型转空
2026-06-15,600708.SSE,sell,2026-06-15 14:12:00,2026-06-15 14:16:00,38.0765,37.9825,255,-48.83,-0.00247,模型转空
2026-06-15,600653.SSE,sell,2026-06-15 14:21:00,2026-06-15 14:22:00,158.2508,159.9971,62,83.53,0.01104,模型转空
2026-06-15,600626.SSE,sell,2026-06-15 14:22:00,2026-06-15 14:26:00,35.5908,35.6734,276,-2.16,0.00232,模型转空
2026-06-15,000525.SZSE,sell,2026-06-15 14:26:00,2026-06-15 14:27:00,81.9974,81.9974,119,-24.91,0.0,模型转空
2026-06-15,600075.SSE,sell,2026-06-15 14:26:00,2026-06-15 14:30:00,55.8551,55.8551,172,-24.64,0.0,模型转空
2026-06-15,600653.SSE,sell,2026-06-15 14:29:00,2026-06-15 14:30:00,158.2508,159.9971,62,83.53,0.01104,模型转空
2026-06-15,600626.SSE,sell,2026-06-15 14:30:00,2026-06-15 14:31:00,35.5082,35.5908,276,-2.13,0.00233,模型转空
2026-06-16,600653.SSE,sell,2026-06-16 11:12:00,2026-06-16 11:13:00,156.5044,158.2508,63,85.23,0.01116,模型转空
2026-06-16,600325.SSE,sell,2026-06-16 11:28:00,2026-06-16 11:29:00,36.3416,36.3416,269,-24.87,0.0,模型转空
2026-06-16,600653.SSE,sell,2026-06-16 13:14:00,2026-06-16 13:15:00,156.5044,158.2508,63,85.23,0.01116,模型转空
2026-06-16,600675.SSE,sell,2026-06-16 13:25:00,2026-06-16 13:26:00,123.2268,123.6229,81,6.89,0.00321,模型转空
2026-06-16,600675.SSE,sell,2026-06-16 13:27:00,2026-06-16 13:28:00,123.2268,123.6229,81,6.89,0.00321,模型转空
2026-06-16,600307.SSE,sell,2026-06-16 13:24:00,2026-06-16 13:30:00,7.3646,7.3963,1346,17.55,0.0043,模型转空
2026-06-16,600743.SSE,sell,2026-06-16 13:29:00,2026-06-16 13:31:00,66.5929,66.8897,148,18.97,0.00446,模型转空
2026-06-16,600716.SSE,sell,2026-06-16 13:33:00,2026-06-16 13:34:00,17.7883,17.7883,558,-25.1,0.0,模型转空
2026-06-16,600675.SSE,sell,2026-06-16 13:34:00,2026-06-16 13:37:00,123.2268,123.2268,81,-25.18,0.0,模型转空
2026-06-16,300342.SZSE,sell,2026-06-16 13:49:00,2026-06-16 13:52:00,182.7216,178.8216,48,-214.23,-0.02134,止损
2026-06-16,300342.SZSE,sell,2026-06-16 13:52:00,2026-06-16 13:55:00,178.8216,184.5546,48,256.94,0.03206,模型转空
2026-06-16,300078.SZSE,sell,2026-06-16 14:10:00,2026-06-16 14:11:00,43.5288,43.7537,228,26.26,0.00517,模型转空
2026-06-16,600675.SSE,sell,2026-06-16 14:15:00,2026-06-16 14:16:00,123.2268,123.6229,81,6.89,0.00321,模型转空
2026-06-16,002971.SZSE,sell,2026-06-16 14:26:00,2026-06-16 14:28:00,77.399,77.88,75,17.52,0.00621,模型转空
2026-06-16,001896.SZSE,sell,2026-06-16 14:26:00,2026-06-16 14:30:00,24.49,24.82,344,90.89,0.01347,模型转空
2026-06-16,600307.SSE,sell,2026-06-16 14:29:00,2026-06-16 14:30:00,7.333,7.3646,1346,17.61,0.00432,模型转空
2026-06-16,600378.SSE,sell,2026-06-16 14:40:00,2026-06-16 14:42:00,208.8585,210.4181,27,24.34,0.00747,模型转空
2026-06-16,002971.SZSE,sell,2026-06-16 14:41:00,2026-06-16 14:44:00,75.93,76.814,75,48.21,0.01164,模型转空
2026-06-16,600378.SSE,sell,2026-06-16 14:43:00,2026-06-16 14:50:00,206.892,207.5023,27,-1.83,0.00295,尾盘平仓
2026-06-17,301276.SZSE,sell,2026-06-17 09:35:00,2026-06-17 09:42:00,33.208,33.724,300,129.78,0.01554,模型转空
2026-06-17,600653.SSE,sell,2026-06-17 09:58:00,2026-06-17 09:59:00,151.2652,153.0116,65,88.82,0.01155,模型转空
2026-06-17,600653.SSE,sell,2026-06-17 10:00:00,2026-06-17 10:01:00,151.2652,153.0116,65,88.82,0.01155,模型转空
2026-06-17,600653.SSE,sell,2026-06-17 10:58:00,2026-06-17 10:59:00,149.5189,151.2652,66,90.54,0.01168,模型转空
2026-06-17,600653.SSE,sell,2026-06-17 11:00:00,2026-06-17 11:01:00,149.5189,151.2652,66,90.54,0.01168,模型转空
2026-06-17,600653.SSE,sell,2026-06-17 11:04:00,2026-06-17 11:05:00,149.5189,151.2652,66,90.54,0.01168,模型转空
2026-06-17,600653.SSE,sell,2026-06-17 11:06:00,2026-06-17 11:07:00,149.5189,151.2652,66,90.54,0.01168,模型转空
2026-06-17,600653.SSE,sell,2026-06-17 11:08:00,2026-06-17 11:10:00,149.5189,151.2652,66,90.54,0.01168,模型转空
2026-06-17,600653.SSE,sell,2026-06-17 11:15:00,2026-06-17 11:16:00,149.5189,151.2652,66,90.54,0.01168,模型转空
2026-06-17,000753.SZSE,sell,2026-06-17 11:20:00,2026-06-17 11:21:00,59.2071,59.3337,165,-3.97,0.00214,模型转空
2026-06-17,002285.SZSE,sell,2026-06-17 11:27:00,2026-06-17 11:29:00,37.3123,37.4459,262,10.13,0.00358,模型转空
2026-06-17,600653.SSE,sell,2026-06-17 13:26:00,2026-06-17 13:27:00,149.5189,151.2652,66,90.54,0.01168,模型转空
2026-06-17,600675.SSE,sell,2026-06-17 13:30:00,2026-06-17 13:31:00,120.8503,121.2463,81,7.19,0.00328,模型转空
2026-06-17,600653.SSE,sell,2026-06-17 13:31:00,2026-06-17 13:33:00,149.5189,151.2652,66,90.54,0.01168,模型转空
2026-06-17,600307.SSE,sell,2026-06-17 13:44:00,2026-06-17 13:47:00,7.2062,7.2379,1367,18.3,0.0044,模型转空
2026-06-17,002285.SZSE,sell,2026-06-17 13:57:00,2026-06-17 14:00:00,37.3123,37.4459,262,10.13,0.00358,模型转空
2026-06-17,600653.SSE,sell,2026-06-17 14:27:00,2026-06-17 14:28:00,149.5189,151.2652,66,90.54,0.01168,模型转空
2026-06-17,600653.SSE,sell,2026-06-17 14:29:00,2026-06-17 14:32:00,149.5189,151.2652,66,90.54,0.01168,模型转空
2026-06-18,600653.SSE,sell,2026-06-18 10:37:00,2026-06-18 10:38:00,146.0261,146.0261,68,-25.16,0.0,模型转空
2026-06-18,600653.SSE,sell,2026-06-18 10:44:00,2026-06-18 10:54:00,144.2797,144.2797,68,-24.98,0.0,模型转空
2026-06-18,600653.SSE,sell,2026-06-18 10:55:00,2026-06-18 10:58:00,142.5333,144.2797,69,95.92,0.01225,模型转空
2026-06-18,600653.SSE,sell,2026-06-18 10:59:00,2026-06-18 11:04:00,142.5333,142.5333,69,-25.02,0.0,模型转空
2026-06-18,002285.SZSE,sell,2026-06-18 11:15:00,2026-06-18 11:17:00,36.5103,36.644,268,10.94,0.00366,模型转空
2026-06-18,002285.SZSE,sell,2026-06-18 11:19:00,2026-06-18 11:20:00,36.3766,36.5103,274,11.48,0.00367,模型转空
2026-06-18,002239.SZSE,sell,2026-06-18 11:20:00,2026-06-18 11:21:00,22.0566,22.1448,447,14.45,0.004,模型转空
2026-06-18,600653.SSE,sell,2026-06-18 13:11:00,2026-06-18 13:13:00,142.5333,144.2797,69,95.92,0.01225,模型转空
2026-06-18,600653.SSE,sell,2026-06-18 13:26:00,2026-06-18 13:27:00,142.5333,144.2797,69,95.92,0.01225,模型转空
2026-06-18,600748.SSE,sell,2026-06-18 13:31:00,2026-06-18 13:32:00,31.4168,31.4833,305,-4.27,0.00212,模型转空
2026-06-18,600653.SSE,sell,2026-06-18 13:31:00,2026-06-18 13:34:00,142.5333,144.2797,69,95.92,0.01225,模型转空
2026-06-18,600653.SSE,sell,2026-06-18 13:35:00,2026-06-18 13:37:00,142.5333,142.5333,69,-25.02,0.0,模型转空
2026-06-18,600425.SSE,sell,2026-06-18 13:49:00,2026-06-18 13:50:00,21.4759,21.5286,456,-0.88,0.00245,模型转空
2026-06-18,600653.SSE,sell,2026-06-18 14:11:00,2026-06-18 14:12:00,140.787,142.5333,70,97.66,0.0124,模型转空
2026-06-18,002285.SZSE,sell,2026-06-18 14:13:00,2026-06-18 14:15:00,36.243,36.3766,274,11.54,0.00369,模型转空
2026-06-18,600653.SSE,sell,2026-06-18 14:13:00,2026-06-18 14:16:00,140.787,142.5333,70,97.66,0.0124,模型转空
2026-06-18,600653.SSE,sell,2026-06-18 14:17:00,2026-06-18 14:19:00,140.787,142.5333,70,97.66,0.0124,模型转空
2026-06-18,002285.SZSE,sell,2026-06-18 14:26:00,2026-06-18 14:27:00,36.243,36.3766,274,11.54,0.00369,模型转空
2026-06-18,600653.SSE,sell,2026-06-18 14:27:00,2026-06-18 14:28:00,140.787,142.5333,70,97.66,0.0124,模型转空
2026-06-18,600794.SSE,sell,2026-06-18 14:28:00,2026-06-18 14:31:00,80.3421,80.5982,123,6.54,0.00319,模型转空
2026-06-18,600653.SSE,sell,2026-06-18 14:30:00,2026-06-18 14:31:00,140.787,142.5333,70,97.66,0.0124,模型转空
2026-06-18,002285.SZSE,sell,2026-06-18 14:30:00,2026-06-18 14:31:00,36.243,36.5103,274,48.2,0.00738,模型转空
2026-06-18,600960.SSE,sell,2026-06-18 14:38:00,2026-06-18 14:42:00,17.8553,17.8965,539,-2.45,0.00231,模型转空
2026-06-22,600653.SSE,sell,2026-06-22 09:35:00,2026-06-22 09:41:00,137.2942,137.2942,72,-25.1,0.0,模型转空
2026-06-22,600653.SSE,sell,2026-06-22 09:45:00,2026-06-22 09:46:00,133.8014,135.5478,74,104.69,0.01305,模型转空
2026-06-22,600638.SSE,sell,2026-06-22 10:30:00,2026-06-22 10:32:00,86.2552,86.4655,112,-1.12,0.00244,模型转空
2026-06-22,301387.SZSE,sell,2026-06-22 10:34:00,2026-06-22 10:36:00,140.3175,141.9135,69,86.67,0.01137,模型转空
2026-06-22,301228.SZSE,sell,2026-06-22 13:34:00,2026-06-22 13:35:00,75.0,75.25,99,3.53,0.00333,模型转空
2026-06-22,600231.SSE,sell,2026-06-22 14:32:00,2026-06-22 14:33:00,16.3782,16.4415,603,13.13,0.00387,模型转空
2026-06-22,600794.SSE,sell,2026-06-22 14:30:00,2026-06-22 14:34:00,80.5982,80.5982,123,-25.15,0.0,模型转空
2026-06-23,300808.SZSE,sell,2026-06-23 09:35:00,2026-06-23 09:41:00,23.5855,23.7155,390,26.74,0.00551,模型转空
2026-06-23,600653.SSE,sell,2026-06-23 10:26:00,2026-06-23 10:27:00,151.2652,153.0116,65,88.82,0.01155,模型转空
2026-06-23,301382.SZSE,sell,2026-06-23 10:53:00,2026-06-23 10:58:00,66.1662,66.8591,117,59.6,0.01047,模型转空
2026-06-23,600653.SSE,sell,2026-06-23 10:56:00,2026-06-23 11:00:00,153.0116,154.758,65,88.65,0.01141,模型转空
2026-06-23,600638.SSE,sell,2026-06-23 11:28:00,2026-06-23 13:01:00,91.3015,91.5118,107,-2.37,0.0023,模型转空
2026-06-23,600638.SSE,sell,2026-06-23 13:27:00,2026-06-23 13:28:00,91.7221,91.9323,107,-2.43,0.00229,模型转空
2026-06-23,000570.SZSE,sell,2026-06-23 13:32:00,2026-06-23 13:33:00,25.9999,26.054,374,-4.58,0.00208,模型转空
2026-06-23,600653.SSE,sell,2026-06-23 14:07:00,2026-06-23 14:08:00,151.2652,153.0116,65,88.82,0.01155,模型转空
2026-06-23,600653.SSE,sell,2026-06-23 14:09:00,2026-06-23 14:12:00,151.2652,153.0116,65,88.82,0.01155,模型转空
2026-06-23,600626.SSE,sell,2026-06-23 14:11:00,2026-06-23 14:12:00,35.9212,35.9212,276,-25.07,0.0,模型转空
2026-06-23,002495.SZSE,sell,2026-06-23 14:13:00,2026-06-23 14:14:00,22.063,22.153,451,15.43,0.00408,模型转空
2026-06-23,002285.SZSE,sell,2026-06-23 14:13:00,2026-06-23 14:16:00,36.5103,36.644,268,10.94,0.00366,模型转空
2026-06-23,600653.SSE,sell,2026-06-23 14:15:00,2026-06-23 14:16:00,151.2652,153.0116,65,88.82,0.01155,模型转空
2026-06-23,002495.SZSE,sell,2026-06-23 14:15:00,2026-06-23 14:16:00,22.063,22.153,451,15.43,0.00408,模型转空
2026-06-23,000753.SZSE,sell,2026-06-23 14:26:00,2026-06-23 14:27:00,58.321,58.4476,165,-3.75,0.00217,模型转空
2026-06-23,300196.SZSE,sell,2026-06-23 14:26:00,2026-06-23 14:29:00,99.5562,99.8442,83,1.32,0.00289,模型转空
2026-06-23,000635.SZSE,sell,2026-06-23 14:28:00,2026-06-23 14:29:00,25.6385,25.6933,366,-4.24,0.00214,模型转空
2026-06-23,600794.SSE,sell,2026-06-23 14:28:00,2026-06-23 14:30:00,81.6227,81.8789,119,5.81,0.00314,模型转空
2026-06-23,600653.SSE,sell,2026-06-23 14:29:00,2026-06-23 14:30:00,149.5189,151.2652,66,90.54,0.01168,模型转空
2026-06-23,600960.SSE,sell,2026-06-23 14:30:00,2026-06-23 14:31:00,17.6494,17.6905,561,-1.96,0.00233,模型转空
2026-06-23,000407.SZSE,sell,2026-06-23 14:30:00,2026-06-23 14:31:00,50.8947,51.0268,190,0.41,0.0026,模型转空
2026-06-23,600716.SSE,sell,2026-06-23 14:30:00,2026-06-23 14:32:00,17.7883,17.8286,558,-2.6,0.00227,模型转空
2026-06-23,000635.SZSE,sell,2026-06-23 14:30:00,2026-06-23 14:32:00,25.6385,25.6933,366,-4.24,0.00214,模型转空
2026-06-23,000570.SZSE,sell,2026-06-23 14:30:00,2026-06-23 14:32:00,25.6756,25.7296,374,-4.39,0.00211,模型转空
2026-06-23,600716.SSE,sell,2026-06-23 14:43:00,2026-06-23 14:44:00,17.7883,17.8286,558,-2.6,0.00227,模型转空
2026-06-24,600653.SSE,sell,2026-06-24 09:35:00,2026-06-24 09:42:00,146.0261,146.0261,68,-25.16,0.0,模型转空
2026-06-24,600653.SSE,sell,2026-06-24 10:18:00,2026-06-24 10:19:00,139.0406,140.787,71,99.41,0.01256,模型转空
2026-06-24,600653.SSE,sell,2026-06-24 10:22:00,2026-06-24 10:23:00,139.0406,140.787,71,99.41,0.01256,模型转空
2026-06-24,600653.SSE,sell,2026-06-24 10:31:00,2026-06-24 10:33:00,139.0406,140.787,71,99.41,0.01256,模型转空
2026-06-24,301068.SZSE,sell,2026-06-24 10:32:00,2026-06-24 10:35:00,44.562,44.7986,173,19.33,0.00531,模型转空
2026-06-24,600280.SSE,sell,2026-06-24 10:33:00,2026-06-24 10:35:00,37.1149,37.2351,267,7.06,0.00324,模型转空
2026-06-24,600743.SSE,sell,2026-06-24 10:34:00,2026-06-24 10:35:00,72.8265,73.1234,135,15.22,0.00408,模型转空
2026-06-24,600653.SSE,sell,2026-06-24 11:00:00,2026-06-24 11:02:00,139.0406,140.787,71,99.41,0.01256,模型转空
2026-06-24,600653.SSE,sell,2026-06-24 11:09:00,2026-06-24 11:10:00,139.0406,140.787,71,99.41,0.01256,模型转空
2026-06-24,002495.SZSE,sell,2026-06-24 11:14:00,2026-06-24 11:16:00,21.0734,21.1634,471,17.29,0.00427,模型转空
2026-06-24,600527.SSE,sell,2026-06-24 11:16:00,2026-06-24 11:17:00,61.3049,61.4944,161,5.5,0.00309,模型转空
2026-06-24,002239.SZSE,sell,2026-06-24 11:17:00,2026-06-24 11:19:00,22.1103,22.1985,447,14.41,0.00399,模型转空
2026-06-24,600653.SSE,sell,2026-06-24 11:18:00,2026-06-24 11:20:00,139.0406,140.787,71,99.41,0.01256,模型转空
2026-06-24,600743.SSE,sell,2026-06-24 11:19:00,2026-06-24 11:20:00,72.2328,72.5297,135,15.35,0.00411,模型转空
2026-06-24,600638.SSE,sell,2026-06-24 11:20:00,2026-06-24 11:21:00,86.6757,86.886,112,-1.19,0.00243,模型转空
2026-06-24,600794.SSE,sell,2026-06-24 11:21:00,2026-06-24 11:22:00,79.5737,79.8298,123,6.69,0.00322,模型转空
2026-06-24,600653.SSE,sell,2026-06-24 11:25:00,2026-06-24 11:27:00,139.0406,140.787,71,99.41,0.01256,模型转空
2026-06-24,600653.SSE,sell,2026-06-24 11:30:00,2026-06-24 13:01:00,139.0406,140.787,71,99.41,0.01256,模型转空
2026-06-24,600653.SSE,sell,2026-06-24 13:36:00,2026-06-24 13:37:00,139.0406,140.787,71,99.41,0.01256,模型转空
2026-06-24,605055.SSE,sell,2026-06-24 13:35:00,2026-06-24 13:38:00,10.88,10.95,883,37.16,0.00643,模型转空
2026-06-24,600653.SSE,sell,2026-06-24 13:38:00,2026-06-24 13:39:00,139.0406,140.787,71,99.41,0.01256,模型转空
2026-06-24,600675.SSE,sell,2026-06-24 13:46:00,2026-06-24 13:47:00,115.7011,116.0972,84,8.65,0.00342,模型转空
2026-06-24,600653.SSE,sell,2026-06-24 13:53:00,2026-06-24 13:54:00,139.0406,140.787,71,99.41,0.01256,模型转空
2026-06-24,600675.SSE,sell,2026-06-24 13:53:00,2026-06-24 13:54:00,115.7011,116.0972,84,8.65,0.00342,模型转空
2026-06-24,002321.SZSE,sell,2026-06-24 13:55:00,2026-06-24 13:56:00,4.0052,4.0259,2469,26.14,0.00518,模型转空
2026-06-24,600653.SSE,sell,2026-06-24 14:00:00,2026-06-24 14:01:00,139.0406,140.787,71,99.41,0.01256,模型转空
2026-06-24,600675.SSE,sell,2026-06-24 14:01:00,2026-06-24 14:02:00,115.7011,115.7011,84,-24.92,0.0,模型转空
2026-06-24,600653.SSE,sell,2026-06-24 14:02:00,2026-06-24 14:03:00,139.0406,140.787,71,99.41,0.01256,模型转空
2026-06-24,002785.SZSE,sell,2026-06-24 14:07:00,2026-06-24 14:10:00,43.496,43.616,199,0.74,0.00276,模型转空
2026-06-24,600653.SSE,sell,2026-06-24 14:14:00,2026-06-24 14:15:00,139.0406,140.787,71,99.41,0.01256,模型转空
2026-06-24,600653.SSE,sell,2026-06-24 14:16:00,2026-06-24 14:17:00,139.0406,140.787,71,99.41,0.01256,模型转空
2026-06-24,600794.SSE,sell,2026-06-24 14:21:00,2026-06-24 14:22:00,79.5737,80.0859,123,38.33,0.00644,模型转空
2026-06-24,603177.SSE,sell,2026-06-24 14:20:00,2026-06-24 14:23:00,9.75,9.78,977,4.81,0.00308,模型转空
2026-06-24,600653.SSE,sell,2026-06-24 14:23:00,2026-06-24 14:24:00,139.0406,139.0406,71,-25.08,0.0,模型转空
2026-06-24,603177.SSE,sell,2026-06-24 14:25:00,2026-06-24 14:27:00,9.63,9.94,977,278.49,0.03219,模型转空
2026-06-25,603177.SSE,sell,2026-06-25 09:35:00,2026-06-25 09:41:00,9.83,9.59,977,-259.04,-0.02442,止损
2026-06-25,600653.SSE,sell,2026-06-25 10:30:00,2026-06-25 10:31:00,137.2942,139.0406,72,101.17,0.01272,模型转空
2026-06-25,600653.SSE,sell,2026-06-25 10:34:00,2026-06-25 10:35:00,137.2942,139.0406,72,101.17,0.01272,模型转空
2026-06-25,002178.SZSE,sell,2026-06-25 11:26:00,2026-06-25 11:28:00,29.8615,29.9885,334,17.29,0.00425,模型转空
2026-06-25,002495.SZSE,sell,2026-06-25 13:28:00,2026-06-25 13:30:00,20.7136,20.8035,482,18.15,0.00434,模型转空
2026-06-25,600748.SSE,sell,2026-06-25 13:30:00,2026-06-25 13:31:00,29.9527,30.0193,331,-3.06,0.00222,模型转空
2026-06-25,002084.SZSE,sell,2026-06-25 13:32:00,2026-06-25 13:33:00,12.0657,12.0963,823,0.08,0.00254,模型转空
2026-06-25,600975.SSE,sell,2026-06-25 13:35:00,2026-06-25 13:37:00,30.0559,30.1191,332,-4.2,0.0021,模型转空
2026-06-25,600527.SSE,sell,2026-06-25 13:37:00,2026-06-25 13:38:00,60.5467,60.7362,164,6.05,0.00313,模型转空
2026-06-25,000525.SZSE,sell,2026-06-25 13:47:00,2026-06-25 13:49:00,75.1777,75.3441,130,-3.23,0.00221,模型转空
2026-06-25,600325.SSE,sell,2026-06-25 14:00:00,2026-06-25 14:01:00,34.9179,34.997,283,-2.65,0.00227,模型转空
2026-06-25,603848.SSE,sell,2026-06-25 14:06:00,2026-06-25 14:14:00,16.655,16.275,521,-220.99,-0.02282,止损
2026-06-25,603848.SSE,sell,2026-06-25 14:14:00,2026-06-25 14:16:00,16.275,16.445,607,78.2,0.01045,模型转空
2026-06-25,600675.SSE,sell,2026-06-25 14:21:00,2026-06-25 14:22:00,114.5128,114.9089,86,9.22,0.00346,模型转空
2026-06-25,603848.SSE,sell,2026-06-25 14:21:00,2026-06-25 14:27:00,16.275,16.165,607,-91.84,-0.00676,模型转空
2026-06-25,600626.SSE,sell,2026-06-25 14:30:00,2026-06-25 14:31:00,33.9392,34.0218,285,-1.16,0.00243,模型转空
2026-06-26,000635.SZSE,sell,2026-06-26 09:36:00,2026-06-26 09:40:00,23.1197,23.2293,415,20.82,0.00474,模型转空
2026-06-26,603177.SSE,sell,2026-06-26 09:35:00,2026-06-26 09:44:00,8.21,8.21,1173,-24.64,0.0,模型转空
2026-06-26,600653.SSE,sell,2026-06-26 10:00:00,2026-06-26 10:01:00,135.5478,137.2942,73,102.93,0.01288,模型转空
2026-06-26,300190.SZSE,sell,2026-06-26 10:30:00,2026-06-26 10:33:00,47.8859,47.7822,206,-46.37,-0.00217,模型转空
2026-06-26,600653.SSE,sell,2026-06-26 10:44:00,2026-06-26 10:51:00,135.5478,135.5478,73,-25.12,0.0,模型转空
2026-06-26,301053.SZSE,sell,2026-06-26 10:54:00,2026-06-26 10:57:00,59.1594,60.3634,140,146.04,0.02035,模型转空
2026-06-26,002297.SZSE,sell,2026-06-26 11:08:00,2026-06-26 11:10:00,92.516,93.176,99,41.78,0.00713,模型转空
2026-06-26,600653.SSE,sell,2026-06-26 11:13:00,2026-06-26 11:15:00,133.8014,135.5478,74,104.69,0.01305,模型转空
2026-06-26,600665.SSE,sell,2026-06-26 11:15:00,2026-06-26 11:18:00,14.6022,14.6022,681,-25.12,0.0,模型转空
2026-06-26,600231.SSE,sell,2026-06-26 11:20:00,2026-06-26 11:21:00,15.5552,15.6185,635,15.16,0.00407,模型转空
2026-06-26,600653.SSE,sell,2026-06-26 11:29:00,2026-06-26 13:01:00,133.8014,135.5478,74,104.69,0.01305,模型转空
2026-06-26,600231.SSE,sell,2026-06-26 11:29:00,2026-06-26 13:01:00,15.5552,15.6185,635,15.16,0.00407,模型转空
2026-06-26,600975.SSE,sell,2026-06-26 13:29:00,2026-06-26 13:30:00,30.435,30.4981,318,-4.64,0.00208,模型转空
2026-06-26,600665.SSE,sell,2026-06-26 13:29:00,2026-06-26 13:30:00,14.5016,14.5016,681,-25.01,0.0,模型转空
2026-06-26,000525.SZSE,sell,2026-06-26 13:31:00,2026-06-26 13:32:00,74.1797,74.1797,130,-24.71,0.0,模型转空
2026-06-26,301387.SZSE,sell,2026-06-26 13:29:00,2026-06-26 13:34:00,127.5215,128.8795,69,71.39,0.01065,模型转空
2026-06-26,002374.SZSE,sell,2026-06-26 13:32:00,2026-06-26 13:34:00,22.6971,22.7605,431,2.42,0.00279,模型转空
2026-06-26,600527.SSE,sell,2026-06-26 13:39:00,2026-06-26 13:40:00,60.1676,60.3572,164,6.14,0.00315,模型转空
2026-06-26,600653.SSE,sell,2026-06-26 13:42:00,2026-06-26 13:43:00,133.8014,135.5478,74,104.69,0.01305,模型转空
2026-06-26,600527.SSE,sell,2026-06-26 13:51:00,2026-06-26 13:54:00,60.1676,60.3572,164,6.14,0.00315,模型转空
2026-06-26,600675.SSE,sell,2026-06-26 14:01:00,2026-06-26 14:02:00,114.9089,115.305,86,9.17,0.00345,模型转空
2026-06-26,600653.SSE,sell,2026-06-26 14:08:00,2026-06-26 14:10:00,133.8014,135.5478,74,104.69,0.01305,模型转空
2026-06-26,600425.SSE,sell,2026-06-26 14:09:00,2026-06-26 14:11:00,20.4229,20.4756,489,0.55,0.00258,模型转空
2026-06-26,600231.SSE,sell,2026-06-26 14:10:00,2026-06-26 14:13:00,15.5552,15.6185,635,15.16,0.00407,模型转空
2026-06-26,002676.SZSE,sell,2026-06-26 14:14:00,2026-06-26 14:15:00,21.9525,21.9975,453,-4.74,0.00205,模型转空
2026-06-26,000635.SZSE,sell,2026-06-26 14:12:00,2026-06-26 14:16:00,23.6673,23.6673,415,-24.93,0.0,模型转空
2026-06-26,300190.SZSE,sell,2026-06-26 14:15:00,2026-06-26 14:16:00,46.8491,46.9527,206,-3.33,0.00221,模型转空
2026-06-26,600540.SSE,sell,2026-06-26 14:15:00,2026-06-26 14:17:00,9.5721,9.6069,1014,10.5,0.00364,模型转空
2026-06-26,600653.SSE,sell,2026-06-26 14:16:00,2026-06-26 14:17:00,133.8014,135.5478,74,104.69,0.01305,模型转空
2026-06-26,600231.SSE,sell,2026-06-26 14:18:00,2026-06-26 14:19:00,15.4918,15.5552,635,15.22,0.00409,模型转空
2026-06-26,600231.SSE,sell,2026-06-26 14:20:00,2026-06-26 14:21:00,15.4918,15.5552,635,15.22,0.00409,模型转空
2026-06-26,002285.SZSE,sell,2026-06-26 14:18:00,2026-06-26 14:22:00,33.9707,34.1044,293,14.02,0.00393,模型转空
2026-06-26,600425.SSE,sell,2026-06-26 14:21:00,2026-06-26 14:22:00,20.4229,20.5282,489,26.31,0.00516,模型转空
2026-06-26,600675.SSE,sell,2026-06-26 14:23:00,2026-06-26 14:26:00,114.5128,114.9089,86,9.22,0.00346,模型转空
2026-06-26,600653.SSE,sell,2026-06-26 14:26:00,2026-06-26 14:28:00,133.8014,135.5478,74,104.69,0.01305,模型转空
2026-06-26,001896.SZSE,sell,2026-06-26 14:25:00,2026-06-26 14:33:00,18.8,18.78,517,-35.13,-0.00106,模型转空
2026-06-29,600653.SSE,sell,2026-06-29 09:36:00,2026-06-29 09:37:00,128.5623,130.3087,77,110.02,0.01358,模型转空
2026-06-29,000635.SZSE,sell,2026-06-29 09:36:00,2026-06-29 09:41:00,23.065,23.065,415,-24.55,0.0,模型转空
2026-06-29,301053.SZSE,sell,2026-06-29 09:37:00,2026-06-29 09:42:00,55.7154,56.4854,140,85.98,0.01382,模型转空
2026-06-29,600653.SSE,sell,2026-06-29 09:38:00,2026-06-29 09:43:00,128.5623,128.5623,77,-25.14,0.0,模型转空
2026-06-29,600653.SSE,sell,2026-06-29 09:51:00,2026-06-29 09:53:00,123.3232,125.0695,80,115.4,0.01416,模型转空
2026-06-29,301055.SZSE,sell,2026-06-29 10:34:00,2026-06-29 10:38:00,43.13,43.01,190,-45.36,-0.00278,模型转空
2026-06-29,301387.SZSE,sell,2026-06-29 10:34:00,2026-06-29 10:40:00,118.5615,117.7635,69,-78.41,-0.00673,模型转空
2026-06-29,002297.SZSE,sell,2026-06-29 10:34:00,2026-06-29 10:40:00,84.986,84.536,99,-67.77,-0.00529,模型转空
2026-06-29,301548.SZSE,sell,2026-06-29 10:34:00,2026-06-29 10:41:00,127.73,126.5845,66,-99.4,-0.00897,模型转空
2026-06-29,600653.SSE,sell,2026-06-29 11:00:00,2026-06-29 11:01:00,126.8159,128.5623,78,111.81,0.01377,模型转空
2026-06-29,600794.SSE,sell,2026-06-29 11:29:00,2026-06-29 13:01:00,77.0124,77.2685,127,7.69,0.00333,模型转空
2026-06-29,600653.SSE,sell,2026-06-29 11:29:00,2026-06-29 13:02:00,128.5623,130.3087,77,110.02,0.01358,模型转空
2026-06-29,301237.SZSE,sell,2026-06-29 13:15:00,2026-06-29 13:16:00,76.9,77.78,68,42.59,0.01144,模型转空
2026-06-29,600280.SSE,sell,2026-06-29 13:54:00,2026-06-29 13:55:00,36.0329,36.1531,275,7.99,0.00334,模型转空
2026-06-29,002562.SZSE,sell,2026-06-29 14:00:00,2026-06-29 14:01:00,31.58,31.708,310,14.79,0.00405,模型转空
2026-06-29,600626.SSE,sell,2026-06-29 14:00:00,2026-06-29 14:01:00,33.3611,33.3611,295,-25.0,0.0,模型转空
2026-06-29,600716.SSE,sell,2026-06-29 14:06:00,2026-06-29 14:07:00,16.619,16.619,599,-25.16,0.0,模型转空
2026-06-29,300078.SZSE,sell,2026-06-29 14:03:00,2026-06-29 14:10:00,40.8288,40.9412,242,2.22,0.00276,模型转空
2026-06-29,600231.SSE,sell,2026-06-29 14:09:00,2026-06-29 14:10:00,15.4918,15.5552,635,15.22,0.00409,模型转空
2026-06-29,600526.SSE,sell,2026-06-29 14:15:00,2026-06-29 14:16:00,17.3808,17.4172,553,-4.49,0.00209,模型转空
2026-06-29,301053.SZSE,sell,2026-06-29 14:14:00,2026-06-29 14:17:00,53.7694,53.7554,140,-23.42,-0.00026,模型转空
2026-06-29,002178.SZSE,sell,2026-06-29 14:24:00,2026-06-29 14:26:00,29.036,29.0995,334,-3.54,0.00219,模型转空
2026-06-29,301228.SZSE,sell,2026-06-29 14:25:00,2026-06-29 14:29:00,72.88,72.9,99,-19.05,0.00027,模型转空
2026-06-29,002285.SZSE,sell,2026-06-29 14:44:00,2026-06-29 14:47:00,33.8371,33.9707,293,14.08,0.00395,模型转空
2026-06-30,605296.SSE,sell,2026-06-30 09:36:00,2026-06-30 09:41:00,37.849,38.278,224,73.23,0.01133,模型转空
2026-06-30,600653.SSE,sell,2026-06-30 10:13:00,2026-06-30 10:14:00,130.3087,132.0551,76,108.24,0.0134,模型转空
2026-06-30,600653.SSE,sell,2026-06-30 10:19:00,2026-06-30 10:20:00,130.3087,132.0551,76,108.24,0.0134,模型转空
2026-06-30,600653.SSE,sell,2026-06-30 10:23:00,2026-06-30 10:28:00,130.3087,132.0551,76,108.24,0.0134,模型转空
2026-06-30,600231.SSE,sell,2026-06-30 10:33:00,2026-06-30 10:34:00,15.112,15.1753,656,16.46,0.00419,模型转空
2026-06-30,600653.SSE,sell,2026-06-30 10:38:00,2026-06-30 10:44:00,128.5623,130.3087,77,110.02,0.01358,模型转空
2026-06-30,600653.SSE,sell,2026-06-30 10:54:00,2026-06-30 10:55:00,128.5623,130.3087,77,110.02,0.01358,模型转空
2026-06-30,600653.SSE,sell,2026-06-30 10:56:00,2026-06-30 10:57:00,128.5623,130.3087,77,110.02,0.01358,模型转空
2026-06-30,600653.SSE,sell,2026-06-30 11:11:00,2026-06-30 11:14:00,128.5623,130.3087,77,110.02,0.01358,模型转空
2026-06-30,002495.SZSE,sell,2026-06-30 11:13:00,2026-06-30 11:14:00,20.0838,20.1738,492,19.22,0.00448,模型转空
2026-06-30,600653.SSE,sell,2026-06-30 11:15:00,2026-06-30 11:16:00,128.5623,130.3087,77,110.02,0.01358,模型转空
2026-06-30,002495.SZSE,sell,2026-06-30 11:15:00,2026-06-30 11:18:00,20.0838,20.1738,492,19.22,0.00448,模型转空
2026-06-30,002285.SZSE,sell,2026-06-30 11:28:00,2026-06-30 11:29:00,33.4361,33.5698,293,14.25,0.004,模型转空
2026-06-30,000558.SZSE,sell,2026-06-30 11:29:00,2026-06-30 11:30:00,23.1215,23.1962,431,7.01,0.00323,模型转空
2026-06-30,600975.SSE,sell,2026-06-30 13:28:00,2026-06-30 13:30:00,30.3718,30.435,318,-4.61,0.00208,模型转空
2026-06-30,600708.SSE,sell,2026-06-30 13:29:00,2026-06-30 13:30:00,40.2376,40.3315,248,-1.88,0.00234,模型转空
2026-06-30,300078.SZSE,sell,2026-06-30 13:30:00,2026-06-30 13:31:00,40.8288,40.9412,242,2.22,0.00276,模型转空
2026-06-30,600665.SSE,sell,2026-06-30 13:30:00,2026-06-30 13:32:00,13.4291,13.4626,726,-0.5,0.0025,模型转空
2026-06-30,600653.SSE,sell,2026-06-30 13:30:00,2026-06-30 13:34:00,128.5623,130.3087,77,110.02,0.01358,模型转空
2026-06-30,002495.SZSE,sell,2026-06-30 13:34:00,2026-06-30 13:36:00,20.0838,20.1738,492,19.22,0.00448,模型转空
2026-06-30,600794.SSE,sell,2026-06-30 13:35:00,2026-06-30 13:36:00,75.9878,76.244,131,8.41,0.00337,模型转空
2026-06-30,000753.SZSE,sell,2026-06-30 13:34:00,2026-06-30 13:37:00,53.5736,53.7002,181,-1.81,0.00236,模型转空
2026-06-30,002285.SZSE,sell,2026-06-30 13:35:00,2026-06-30 13:37:00,33.4361,33.5698,293,14.25,0.004,模型转空
2026-06-30,301419.SZSE,sell,2026-06-30 13:35:00,2026-06-30 13:37:00,75.57,76.62,128,110.1,0.01389,模型转空
2026-06-30,600653.SSE,sell,2026-06-30 13:47:00,2026-06-30 13:50:00,128.5623,130.3087,77,110.02,0.01358,模型转空
2026-06-30,600653.SSE,sell,2026-06-30 13:53:00,2026-06-30 13:55:00,128.5623,130.3087,77,110.02,0.01358,模型转空
2026-06-30,002495.SZSE,sell,2026-06-30 13:54:00,2026-06-30 13:57:00,19.9939,20.0838,492,19.29,0.0045,模型转空
2026-06-30,600743.SSE,sell,2026-06-30 13:56:00,2026-06-30 13:57:00,68.0771,68.3739,145,18.03,0.00436,模型转空
2026-06-30,600653.SSE,sell,2026-06-30 13:57:00,2026-06-30 13:59:00,128.5623,130.3087,77,110.02,0.01358,模型转空
2026-06-30,002397.SZSE,sell,2026-06-30 14:00:00,2026-06-30 14:01:00,51.665,51.7705,190,-4.87,0.00204,模型转空
2026-06-30,600653.SSE,sell,2026-06-30 14:00:00,2026-06-30 14:03:00,128.5623,130.3087,77,110.02,0.01358,模型转空
2026-06-30,600325.SSE,sell,2026-06-30 14:02:00,2026-06-30 14:04:00,34.4434,34.4434,283,-24.83,0.0,模型转空
2026-06-30,600743.SSE,sell,2026-06-30 14:44:00,2026-06-30 14:46:00,68.3739,68.6708,145,17.97,0.00434,模型转空
2026-07-01,600653.SSE,sell,2026-07-01 11:24:00,2026-07-01 11:26:00,142.5333,144.2797,69,95.92,0.01225,模型转空
2026-07-01,600653.SSE,sell,2026-07-01 11:27:00,2026-07-01 11:29:00,142.5333,144.2797,69,95.92,0.01225,模型转空
2026-07-01,600653.SSE,sell,2026-07-01 13:15:00,2026-07-01 13:16:00,140.787,142.5333,70,97.66,0.0124,模型转空
2026-07-01,600653.SSE,sell,2026-07-01 13:19:00,2026-07-01 13:20:00,140.787,142.5333,70,97.66,0.0124,模型转空
2026-07-01,002495.SZSE,sell,2026-07-01 13:31:00,2026-07-01 13:34:00,20.9835,21.0734,471,17.36,0.00429,模型转空
2026-07-01,600653.SSE,sell,2026-07-01 13:41:00,2026-07-01 13:42:00,140.787,142.5333,70,97.66,0.0124,模型转空
2026-07-01,600653.SSE,sell,2026-07-01 13:47:00,2026-07-01 13:48:00,140.787,142.5333,70,97.66,0.0124,模型转空
2026-07-01,600231.SSE,sell,2026-07-01 13:47:00,2026-07-01 13:48:00,15.6185,15.6818,635,15.1,0.00405,模型转空
2026-07-01,600653.SSE,sell,2026-07-01 13:50:00,2026-07-01 13:55:00,140.787,142.5333,70,97.66,0.0124,模型转空
2026-07-01,600743.SSE,sell,2026-07-01 13:55:00,2026-07-01 13:57:00,69.2645,69.2645,142,-24.95,0.0,模型转空
2026-07-01,600653.SSE,sell,2026-07-01 14:23:00,2026-07-01 14:24:00,140.787,142.5333,70,97.66,0.0124,模型转空
2026-07-01,600653.SSE,sell,2026-07-01 14:25:00,2026-07-01 14:28:00,140.787,142.5333,70,97.66,0.0124,模型转空
2026-07-01,600527.SSE,sell,2026-07-01 14:27:00,2026-07-01 14:28:00,60.1676,60.3572,164,6.14,0.00315,模型转空
2026-07-01,600520.SSE,sell,2026-07-01 14:27:00,2026-07-01 14:29:00,83.2262,83.4796,86,0.96,0.00305,模型转空
2026-07-01,002374.SZSE,sell,2026-07-01 14:28:00,2026-07-01 14:29:00,22.6971,22.7605,431,2.42,0.00279,模型转空
2026-07-01,000407.SZSE,sell,2026-07-01 14:28:00,2026-07-01 14:30:00,48.5171,48.6492,205,1.99,0.00272,模型转空
2026-07-01,603067.SSE,sell,2026-07-01 14:28:00,2026-07-01 14:34:00,137.6777,136.3057,70,-122.13,-0.00997,模型转空
2026-07-02,301138.SZSE,sell,2026-07-02 09:37:00,2026-07-02 09:40:00,33.68,34.24,274,129.4,0.01663,模型转空
2026-07-02,301209.SZSE,sell,2026-07-02 09:38:00,2026-07-02 09:40:00,105.7144,105.6948,50,-19.13,-0.00019,模型转空
2026-07-02,301418.SZSE,sell,2026-07-02 09:39:00,2026-07-02 09:40:00,52.719,53.379,98,47.2,0.01252,模型转空
2026-07-02,301178.SZSE,sell,2026-07-02 09:38:00,2026-07-02 09:42:00,87.296,86.9628,100,-57.0,-0.00382,模型转空
2026-07-02,301073.SZSE,sell,2026-07-02 09:36:00,2026-07-02 09:44:00,42.5262,43.2463,214,130.43,0.01693,模型转空
2026-07-02,600653.SSE,sell,2026-07-02 10:14:00,2026-07-02 10:15:00,142.5333,144.2797,69,95.92,0.01225,模型转空
2026-07-02,600653.SSE,sell,2026-07-02 10:22:00,2026-07-02 10:26:00,140.787,142.5333,70,97.66,0.0124,模型转空
2026-07-02,600653.SSE,sell,2026-07-02 10:34:00,2026-07-02 10:35:00,140.787,142.5333,70,97.66,0.0124,模型转空
2026-07-02,600653.SSE,sell,2026-07-02 10:44:00,2026-07-02 10:49:00,139.0406,139.0406,71,-25.08,0.0,模型转空
2026-07-02,600653.SSE,sell,2026-07-02 10:50:00,2026-07-02 10:51:00,137.2942,139.0406,72,101.17,0.01272,模型转空
2026-07-02,600653.SSE,sell,2026-07-02 10:52:00,2026-07-02 10:55:00,137.2942,139.0406,72,101.17,0.01272,模型转空
2026-07-02,600231.SSE,sell,2026-07-02 10:57:00,2026-07-02 10:58:00,15.4918,15.5552,635,15.22,0.00409,模型转空
2026-07-02,600743.SSE,sell,2026-07-02 11:08:00,2026-07-02 11:09:00,68.3739,68.9676,145,61.02,0.00868,模型转空
2026-07-02,600665.SSE,sell,2026-07-02 11:16:00,2026-07-02 11:17:00,14.267,14.3005,681,-1.97,0.00235,模型转空
2026-07-02,600653.SSE,sell,2026-07-02 11:19:00,2026-07-02 11:20:00,137.2942,139.0406,72,101.17,0.01272,模型转空
2026-07-02,600231.SSE,sell,2026-07-02 11:20:00,2026-07-02 11:21:00,15.4285,15.4918,646,15.71,0.0041,模型转空
2026-07-02,600653.SSE,sell,2026-07-02 11:21:00,2026-07-02 11:22:00,137.2942,139.0406,72,101.17,0.01272,模型转空
2026-07-02,600231.SSE,sell,2026-07-02 11:24:00,2026-07-02 11:25:00,15.4285,15.4918,646,15.71,0.0041,模型转空
2026-07-02,600653.SSE,sell,2026-07-02 11:26:00,2026-07-02 11:27:00,137.2942,139.0406,72,101.17,0.01272,模型转空
2026-07-02,600653.SSE,sell,2026-07-02 11:29:00,2026-07-02 13:02:00,137.2942,139.0406,72,101.17,0.01272,模型转空
2026-07-02,600653.SSE,sell,2026-07-02 13:19:00,2026-07-02 13:24:00,137.2942,139.0406,72,101.17,0.01272,模型转空
2026-07-02,600653.SSE,sell,2026-07-02 13:33:00,2026-07-02 13:34:00,137.2942,139.0406,72,101.17,0.01272,模型转空
2026-07-02,600794.SSE,sell,2026-07-02 13:39:00,2026-07-02 13:40:00,80.0859,80.3421,123,6.59,0.0032,模型转空
2026-07-02,600794.SSE,sell,2026-07-02 13:44:00,2026-07-02 13:47:00,80.0859,80.3421,123,6.59,0.0032,模型转空
2026-07-02,002178.SZSE,sell,2026-07-02 13:47:00,2026-07-02 13:49:00,28.9725,29.036,334,-3.5,0.00219,模型转空
2026-07-02,600743.SSE,sell,2026-07-02 13:53:00,2026-07-02 13:54:00,68.3739,68.6708,145,17.97,0.00434,模型转空
2026-07-02,600794.SSE,sell,2026-07-02 13:53:00,2026-07-02 13:54:00,80.0859,80.3421,123,6.59,0.0032,模型转空
2026-07-02,600653.SSE,sell,2026-07-02 13:55:00,2026-07-02 13:56:00,137.2942,139.0406,72,101.17,0.01272,模型转空
2026-07-02,600794.SSE,sell,2026-07-02 13:55:00,2026-07-02 13:57:00,80.0859,80.3421,123,6.59,0.0032,模型转空
2026-07-02,600653.SSE,sell,2026-07-02 14:04:00,2026-07-02 14:06:00,137.2942,139.0406,72,101.17,0.01272,模型转空
2026-07-02,600653.SSE,sell,2026-07-02 14:15:00,2026-07-02 14:16:00,137.2942,139.0406,72,101.17,0.01272,模型转空
2026-07-02,600653.SSE,sell,2026-07-02 14:17:00,2026-07-02 14:19:00,137.2942,139.0406,72,101.17,0.01272,模型转空
2026-07-02,002285.SZSE,sell,2026-07-02 14:21:00,2026-07-02 14:22:00,34.1044,34.2381,287,13.45,0.00392,模型转空
2026-07-02,002285.SZSE,sell,2026-07-02 14:25:00,2026-07-02 14:28:00,34.1044,34.2381,287,13.45,0.00392,模型转空
2026-07-02,600708.SSE,sell,2026-07-02 14:30:00,2026-07-02 14:31:00,41.3651,41.4591,240,-2.55,0.00227,模型转空
2026-07-02,600708.SSE,sell,2026-07-02 14:36:00,2026-07-02 14:37:00,41.3651,41.4591,240,-2.55,0.00227,模型转空
2026-07-02,600246.SSE,sell,2026-07-02 14:42:00,2026-07-02 14:45:00,167.8644,167.8644,57,-24.64,0.0,模型转空
2026-07-02,301419.SZSE,sell,2026-07-02 14:43:00,2026-07-02 14:45:00,71.595,72.495,128,91.61,0.01257,模型转空
2026-07-02,600716.SSE,sell,2026-07-02 14:44:00,2026-07-02 14:47:00,16.861,16.9013,579,-1.51,0.00239,模型转空
2026-07-03,600653.SSE,sell,2026-07-03 10:13:00,2026-07-03 10:14:00,137.2942,139.0406,72,101.17,0.01272,模型转空
2026-07-03,600653.SSE,sell,2026-07-03 10:18:00,2026-07-03 10:19:00,137.2942,139.0406,72,101.17,0.01272,模型转空
2026-07-03,600653.SSE,sell,2026-07-03 10:20:00,2026-07-03 10:21:00,137.2942,139.0406,72,101.17,0.01272,模型转空
2026-07-03,600653.SSE,sell,2026-07-03 10:24:00,2026-07-03 10:25:00,137.2942,139.0406,72,101.17,0.01272,模型转空
2026-07-03,600653.SSE,sell,2026-07-03 10:29:00,2026-07-03 10:30:00,135.5478,137.2942,73,102.93,0.01288,模型转空
2026-07-03,600653.SSE,sell,2026-07-03 10:45:00,2026-07-03 10:46:00,135.5478,137.2942,73,102.93,0.01288,模型转空
2026-07-03,600653.SSE,sell,2026-07-03 11:11:00,2026-07-03 11:12:00,135.5478,137.2942,73,102.93,0.01288,模型转空
2026-07-03,600653.SSE,sell,2026-07-03 11:13:00,2026-07-03 11:14:00,135.5478,137.2942,73,102.93,0.01288,模型转空
2026-07-03,600653.SSE,sell,2026-07-03 11:19:00,2026-07-03 11:20:00,135.5478,137.2942,73,102.93,0.01288,模型转空
2026-07-03,600325.SSE,sell,2026-07-03 11:28:00,2026-07-03 11:29:00,34.6806,34.7597,283,-2.55,0.00228,模型转空
2026-07-03,600653.SSE,sell,2026-07-03 13:24:00,2026-07-03 13:25:00,137.2942,139.0406,72,101.17,0.01272,模型转空
2026-07-03,600665.SSE,sell,2026-07-03 13:30:00,2026-07-03 13:31:00,14.3341,14.3676,681,-2.03,0.00234,模型转空
2026-07-03,600325.SSE,sell,2026-07-03 13:31:00,2026-07-03 13:32:00,34.7597,34.8388,283,-2.58,0.00228,模型转空
2026-07-03,000551.SZSE,sell,2026-07-03 13:31:00,2026-07-03 13:38:00,181.1072,180.1965,44,-62.44,-0.00503,模型转空
2026-07-03,600653.SSE,sell,2026-07-03 13:35:00,2026-07-03 13:38:00,137.2942,139.0406,72,101.17,0.01272,模型转空
2026-07-03,002702.SZSE,sell,2026-07-03 13:45:00,2026-07-03 13:46:00,33.864,33.932,288,-5.25,0.00201,模型转空
2026-07-03,600653.SSE,sell,2026-07-03 14:10:00,2026-07-03 14:12:00,139.0406,140.787,71,99.41,0.01256,模型转空
2026-07-03,600716.SSE,sell,2026-07-03 14:24:00,2026-07-03 14:25:00,16.7803,16.8206,579,-1.44,0.0024,模型转空
2026-07-03,000507.SZSE,sell,2026-07-03 14:26:00,2026-07-03 14:27:00,23.3919,23.3919,408,-24.53,0.0,模型转空
2026-07-03,002495.SZSE,sell,2026-07-03 14:27:00,2026-07-03 14:28:00,21.3433,21.4333,461,16.51,0.00422,模型转空
2026-07-03,000823.SZSE,sell,2026-07-03 14:24:00,2026-07-03 14:29:00,71.2252,71.2555,121,-19.5,0.00043,模型转空
2026-07-03,002743.SZSE,sell,2026-07-03 14:29:00,2026-07-03 14:30:00,9.2097,9.2296,1046,-3.74,0.00217,模型转空
2026-07-03,600716.SSE,sell,2026-07-03 14:30:00,2026-07-03 14:31:00,16.74,16.7803,579,-1.41,0.00241,模型转空
2026-07-03,002178.SZSE,sell,2026-07-03 14:30:00,2026-07-03 14:31:00,29.544,29.6075,334,-3.79,0.00215,模型转空
2026-07-06,600653.SSE,sell,2026-07-06 10:14:00,2026-07-06 10:15:00,139.0406,140.787,71,99.41,0.01256,模型转空
2026-07-06,600653.SSE,sell,2026-07-06 10:17:00,2026-07-06 10:18:00,139.0406,140.787,71,99.41,0.01256,模型转空
2026-07-06,600653.SSE,sell,2026-07-06 10:21:00,2026-07-06 10:22:00,139.0406,140.787,71,99.41,0.01256,模型转空
2026-07-06,600653.SSE,sell,2026-07-06 10:30:00,2026-07-06 10:31:00,137.2942,139.0406,72,101.17,0.01272,模型转空
2026-07-06,600653.SSE,sell,2026-07-06 10:50:00,2026-07-06 10:51:00,137.2942,139.0406,72,101.17,0.01272,模型转空
2026-07-06,600231.SSE,sell,2026-07-06 11:20:00,2026-07-06 11:21:00,15.1753,15.2386,656,16.39,0.00417,模型转空
2026-07-06,600527.SSE,sell,2026-07-06 11:20:00,2026-07-06 11:22:00,59.599,59.7885,164,6.28,0.00318,模型转空
2026-07-06,600653.SSE,sell,2026-07-06 11:21:00,2026-07-06 11:22:00,137.2942,139.0406,72,101.17,0.01272,模型转空
2026-07-06,301520.SZSE,sell,2026-07-06 11:20:00,2026-07-06 11:25:00,55.778,54.42,140,-212.92,-0.02435,止损
2026-07-06,301520.SZSE,sell,2026-07-06 11:25:00,2026-07-06 11:28:00,54.42,56.044,140,206.75,0.02984,模型转空
2026-07-06,600653.SSE,sell,2026-07-06 11:27:00,2026-07-06 11:29:00,137.2942,139.0406,72,101.17,0.01272,模型转空
2026-07-06,600743.SSE,sell,2026-07-06 11:30:00,2026-07-06 13:01:00,67.1866,67.4834,148,18.84,0.00442,模型转空
2026-07-06,600307.SSE,sell,2026-07-06 13:25:00,2026-07-06 13:27:00,6.8894,6.9211,1450,20.71,0.0046,模型转空
2026-07-06,600675.SSE,sell,2026-07-06 13:27:00,2026-07-06 13:28:00,114.9089,115.305,86,9.17,0.00345,模型转空
2026-07-06,600307.SSE,sell,2026-07-06 13:28:00,2026-07-06 13:29:00,6.8894,6.9211,1450,20.71,0.0046,模型转空
2026-07-06,600675.SSE,sell,2026-07-06 13:29:00,2026-07-06 13:30:00,114.9089,115.305,86,9.17,0.00345,模型转空
2026-07-06,600743.SSE,sell,2026-07-06 13:30:00,2026-07-06 13:32:00,67.4834,67.7803,145,18.16,0.0044,模型转空
2026-07-06,000753.SZSE,sell,2026-07-06 13:31:00,2026-07-06 13:32:00,54.2066,54.3332,181,-1.99,0.00234,模型转空
2026-07-06,301520.SZSE,sell,2026-07-06 13:28:00,2026-07-06 13:34:00,54.644,55.358,140,78.72,0.01307,模型转空
2026-07-06,000753.SZSE,sell,2026-07-06 13:35:00,2026-07-06 13:36:00,54.2066,54.3332,181,-1.99,0.00234,模型转空
2026-07-06,600653.SSE,sell,2026-07-06 13:33:00,2026-07-06 13:37:00,137.2942,137.2942,72,-25.1,0.0,模型转空
2026-07-06,002702.SZSE,sell,2026-07-06 13:42:00,2026-07-06 13:43:00,33.796,33.864,288,-5.22,0.00201,模型转空
2026-07-06,300558.SZSE,sell,2026-07-06 13:54:00,2026-07-06 13:57:00,74.7789,74.6689,96,-31.57,-0.00147,模型转空
2026-07-06,600280.SSE,sell,2026-07-06 13:57:00,2026-07-06 13:58:00,36.9946,37.1149,267,7.11,0.00325,模型转空
2026-07-06,000558.SZSE,sell,2026-07-06 13:59:00,2026-07-06 14:00:00,24.4657,24.5403,404,5.12,0.00305,模型转空
2026-07-06,600307.SSE,sell,2026-07-06 13:59:00,2026-07-06 14:01:00,6.8894,6.9211,1450,20.71,0.0046,模型转空
2026-07-06,600794.SSE,sell,2026-07-06 13:59:00,2026-07-06 14:02:00,80.5982,80.8543,123,6.49,0.00318,模型转空
2026-07-06,300558.SZSE,sell,2026-07-06 13:59:00,2026-07-06 14:03:00,73.4189,73.3489,96,-27.52,-0.00095,模型转空
2026-07-06,600638.SSE,sell,2026-07-06 13:59:00,2026-07-06 14:03:00,83.1013,83.1013,117,-24.88,0.0,模型转空
2026-07-06,600626.SSE,sell,2026-07-06 14:00:00,2026-07-06 14:03:00,33.4437,33.5263,295,-0.64,0.00247,模型转空
2026-07-06,600743.SSE,sell,2026-07-06 14:01:00,2026-07-06 14:03:00,67.4834,67.7803,145,18.16,0.0044,模型转空
2026-07-06,002495.SZSE,sell,2026-07-06 14:04:00,2026-07-06 14:06:00,21.3433,21.4333,461,16.51,0.00422,模型转空
2026-07-06,002239.SZSE,sell,2026-07-06 14:12:00,2026-07-06 14:15:00,22.6395,22.6395,436,-25.04,0.0,模型转空
2026-07-06,600307.SSE,sell,2026-07-06 14:14:00,2026-07-06 14:16:00,6.8894,6.9211,1450,20.71,0.0046,模型转空
2026-07-06,600675.SSE,sell,2026-07-06 14:16:00,2026-07-06 14:17:00,114.9089,115.305,86,9.17,0.00345,模型转空
2026-07-06,300324.SZSE,sell,2026-07-06 14:19:00,2026-07-06 14:20:00,94.7774,95.0179,102,-0.15,0.00254,模型转空
2026-07-06,300510.SZSE,sell,2026-07-06 14:21:00,2026-07-06 14:22:00,19.8017,19.8633,492,5.5,0.00311,模型转空
2026-07-06,600280.SSE,sell,2026-07-06 14:19:00,2026-07-06 14:23:00,36.8744,36.8744,267,-25.02,0.0,模型转空
2026-07-06,600794.SSE,sell,2026-07-06 14:22:00,2026-07-06 14:23:00,80.8543,81.1105,123,6.45,0.00317,模型转空
2026-07-06,300510.SZSE,sell,2026-07-06 14:25:00,2026-07-06 14:26:00,19.8017,19.8633,492,5.5,0.00311,模型转空
2026-07-06,600748.SSE,sell,2026-07-06 14:28:00,2026-07-06 14:29:00,29.8862,29.9527,331,-3.02,0.00223,模型转空
2026-07-06,002971.SZSE,sell,2026-07-06 14:25:00,2026-07-06 14:30:00,85.225,85.004,75,-36.56,-0.00259,模型转空
2026-07-06,300510.SZSE,sell,2026-07-06 14:29:00,2026-07-06 14:30:00,19.8017,19.8633,492,5.5,0.00311,模型转空
2026-07-06,600708.SSE,sell,2026-07-06 14:30:00,2026-07-06 14:33:00,41.4591,41.553,240,-2.58,0.00227,模型转空
2026-07-07,301520.SZSE,sell,2026-07-07 09:36:00,2026-07-07 09:42:00,53.132,52.67,140,-86.34,-0.0087,模型转空
2026-07-07,301252.SZSE,sell,2026-07-07 10:32:00,2026-07-07 10:35:00,80.9234,81.428,93,25.62,0.00624,模型转空
2026-07-07,002495.SZSE,sell,2026-07-07 10:34:00,2026-07-07 10:35:00,20.6236,20.7136,482,18.22,0.00436,模型转空
2026-07-07,600743.SSE,sell,2026-07-07 10:34:00,2026-07-07 10:36:00,65.9992,66.2961,151,19.73,0.0045,模型转空
2026-07-07,600653.SSE,sell,2026-07-07 10:38:00,2026-07-07 10:41:00,139.0406,140.787,71,99.41,0.01256,模型转空
2026-07-07,600653.SSE,sell,2026-07-07 10:44:00,2026-07-07 10:46:00,139.0406,140.787,71,99.41,0.01256,模型转空
2026-07-07,002495.SZSE,sell,2026-07-07 10:58:00,2026-07-07 10:59:00,20.5336,20.6236,482,18.28,0.00438,模型转空
2026-07-07,600653.SSE,sell,2026-07-07 11:00:00,2026-07-07 11:01:00,137.2942,139.0406,72,101.17,0.01272,模型转空
2026-07-07,301418.SZSE,sell,2026-07-07 11:05:00,2026-07-07 11:12:00,48.439,47.099,197,-288.95,-0.02766,止损
2026-07-07,301418.SZSE,sell,2026-07-07 11:12:00,2026-07-07 11:17:00,47.099,47.499,197,54.79,0.00849,模型转空
2026-07-07,300324.SZSE,sell,2026-07-07 11:18:00,2026-07-07 11:19:00,93.334,93.5745,106,0.47,0.00258,模型转空
2026-07-07,600653.SSE,sell,2026-07-07 11:20:00,2026-07-07 11:21:00,137.2942,139.0406,72,101.17,0.01272,模型转空
2026-07-07,600743.SSE,sell,2026-07-07 11:22:00,2026-07-07 11:26:00,65.9992,66.2961,151,19.73,0.0045,模型转空
2026-07-07,600653.SSE,sell,2026-07-07 11:26:00,2026-07-07 11:27:00,137.2942,139.0406,72,101.17,0.01272,模型转空
2026-07-07,600653.SSE,sell,2026-07-07 11:28:00,2026-07-07 11:30:00,137.2942,139.0406,72,101.17,0.01272,模型转空
2026-07-07,600231.SSE,sell,2026-07-07 13:28:00,2026-07-07 13:29:00,14.8587,14.9854,667,59.37,0.00852,模型转空
2026-07-07,600653.SSE,sell,2026-07-07 13:28:00,2026-07-07 13:29:00,137.2942,139.0406,72,101.17,0.01272,模型转空
2026-07-07,000753.SZSE,sell,2026-07-07 13:30:00,2026-07-07 13:31:00,52.4343,52.5609,190,-1.11,0.00241,模型转空
2026-07-07,300324.SZSE,sell,2026-07-07 13:30:00,2026-07-07 13:31:00,92.6123,92.8529,106,0.58,0.0026,模型转空
2026-07-07,600743.SSE,sell,2026-07-07 13:30:00,2026-07-07 13:31:00,65.7024,65.9992,151,19.8,0.00452,模型转空
2026-07-07,300247.SZSE,sell,2026-07-07 13:30:00,2026-07-07 13:32:00,23.49,23.55,412,0.01,0.00255,模型转空
2026-07-07,002285.SZSE,sell,2026-07-07 13:31:00,2026-07-07 13:32:00,32.9015,33.0351,299,15.01,0.00406,模型转空
2026-07-07,002285.SZSE,sell,2026-07-07 13:35:00,2026-07-07 13:38:00,32.9015,33.0351,299,15.01,0.00406,模型转空
2026-07-07,600743.SSE,sell,2026-07-07 13:47:00,2026-07-07 13:48:00,65.7024,65.9992,151,19.8,0.00452,模型转空
2026-07-07,600743.SSE,sell,2026-07-07 13:52:00,2026-07-07 13:53:00,65.4055,65.7024,151,19.86,0.00454,模型转空
2026-07-07,600280.SSE,sell,2026-07-07 13:52:00,2026-07-07 13:53:00,35.4317,35.552,275,8.24,0.00339,模型转空
2026-07-07,600653.SSE,sell,2026-07-07 13:53:00,2026-07-07 13:55:00,137.2942,139.0406,72,101.17,0.01272,模型转空
2026-07-07,002285.SZSE,sell,2026-07-07 13:54:00,2026-07-07 13:55:00,32.7678,32.9015,299,15.08,0.00408,模型转空
2026-07-07,600743.SSE,sell,2026-07-07 13:54:00,2026-07-07 13:56:00,65.4055,65.9992,151,64.79,0.00908,模型转空
2026-07-07,600653.SSE,sell,2026-07-07 14:00:00,2026-07-07 14:03:00,137.2942,139.0406,72,101.17,0.01272,模型转空
2026-07-07,600653.SSE,sell,2026-07-07 14:09:00,2026-07-07 14:10:00,137.2942,139.0406,72,101.17,0.01272,模型转空
2026-07-07,600653.SSE,sell,2026-07-07 14:11:00,2026-07-07 14:12:00,137.2942,139.0406,72,101.17,0.01272,模型转空
2026-07-07,300078.SZSE,sell,2026-07-07 14:12:00,2026-07-07 14:13:00,39.2537,39.4787,250,31.28,0.00573,模型转空
2026-07-07,600307.SSE,sell,2026-07-07 14:13:00,2026-07-07 14:14:00,6.7944,6.8261,1471,21.36,0.00466,模型转空
2026-07-07,300510.SZSE,sell,2026-07-07 14:14:00,2026-07-07 14:16:00,19.247,19.3087,508,6.43,0.0032,模型转空
2026-07-07,600653.SSE,sell,2026-07-07 14:17:00,2026-07-07 14:18:00,137.2942,139.0406,72,101.17,0.01272,模型转空
2026-07-07,600307.SSE,sell,2026-07-07 14:17:00,2026-07-07 14:19:00,6.7944,6.8261,1471,21.36,0.00466,模型转空
2026-07-07,002702.SZSE,sell,2026-07-07 14:22:00,2026-07-07 14:23:00,32.64,32.708,302,-4.46,0.00208,模型转空
2026-07-07,600653.SSE,sell,2026-07-07 14:23:00,2026-07-07 14:24:00,137.2942,139.0406,72,101.17,0.01272,模型转空
2026-07-07,300179.SZSE,sell,2026-07-07 14:24:00,2026-07-07 14:27:00,335.4894,337.5091,16,14.39,0.00602,模型转空
2026-07-07,300808.SZSE,sell,2026-07-07 14:25:00,2026-07-07 14:28:00,20.5955,20.6955,390,16.81,0.00486,模型转空
2026-07-07,301418.SZSE,sell,2026-07-07 14:29:00,2026-07-07 14:33:00,46.249,46.069,197,-59.4,-0.00389,模型转空
2026-07-08,301539.SZSE,sell,2026-07-08 09:37:00,2026-07-08 09:46:00,14.65,14.35,681,-229.52,-0.02048,止损
2026-07-08,301138.SZSE,sell,2026-07-08 13:14:00,2026-07-08 13:19:00,36.58,36.68,182,-1.9,0.00273,模型转空
2026-07-08,600716.SSE,sell,2026-07-08 13:29:00,2026-07-08 13:30:00,16.3368,16.3771,599,-0.73,0.00247,模型转空
2026-07-08,600653.SSE,sell,2026-07-08 13:28:00,2026-07-08 13:31:00,142.5333,144.2797,69,95.92,0.01225,模型转空
2026-07-08,600675.SSE,sell,2026-07-08 13:29:00,2026-07-08 13:31:00,112.9284,113.3245,86,9.43,0.00351,模型转空
2026-07-08,002495.SZSE,sell,2026-07-08 13:31:00,2026-07-08 13:32:00,20.7136,20.8035,482,18.15,0.00434,模型转空
2026-07-08,002397.SZSE,sell,2026-07-08 13:31:00,2026-07-08 13:32:00,50.7151,50.7151,190,-24.71,0.0,模型转空
2026-07-08,000980.SZSE,sell,2026-07-08 13:32:00,2026-07-08 13:33:00,3.8712,3.8915,2546,26.53,0.00523,模型转空
2026-07-08,002552.SZSE,sell,2026-07-08 13:29:00,2026-07-08 13:34:00,176.495,176.645,32,-13.9,0.00085,模型转空
2026-07-08,002495.SZSE,sell,2026-07-08 13:33:00,2026-07-08 13:35:00,20.7136,20.8035,482,18.15,0.00434,模型转空
2026-07-08,600280.SSE,sell,2026-07-08 13:46:00,2026-07-08 13:47:00,35.4317,35.552,275,8.24,0.00339,模型转空
2026-07-08,600743.SSE,sell,2026-07-08 13:53:00,2026-07-08 13:54:00,65.4055,65.7024,151,19.86,0.00454,模型转空
2026-07-08,600653.SSE,sell,2026-07-08 14:09:00,2026-07-08 14:12:00,142.5333,144.2797,69,95.92,0.01225,模型转空
2026-07-08,301138.SZSE,sell,2026-07-08 14:09:00,2026-07-08 14:13:00,34.84,35.39,274,126.18,0.01579,模型转空
2026-07-08,603065.SSE,sell,2026-07-08 14:17:00,2026-07-08 14:18:00,21.8652,22.1552,382,88.17,0.01326,模型转空
2026-07-08,001896.SZSE,sell,2026-07-08 14:22:00,2026-07-08 14:25:00,15.9,16.15,603,126.19,0.01572,模型转空
2026-07-08,600527.SSE,sell,2026-07-08 14:30:00,2026-07-08 14:31:00,57.7036,57.8931,172,7.5,0.00328,模型转空
2026-07-08,300510.SZSE,sell,2026-07-08 14:42:00,2026-07-08 14:43:00,19.3703,19.4319,508,6.33,0.00318,模型转空
2026-07-08,600665.SSE,sell,2026-07-08 14:41:00,2026-07-08 14:44:00,14.0659,14.0659,703,-25.05,0.0,模型转空
2026-07-08,301138.SZSE,sell,2026-07-08 14:42:00,2026-07-08 14:45:00,33.98,34.88,274,222.43,0.02649,模型转空
2026-07-08,000525.SZSE,sell,2026-07-08 14:44:00,2026-07-08 14:45:00,73.1817,73.5144,135,20.06,0.00455,模型转空
2026-07-09,600653.SSE,sell,2026-07-09 09:38:00,2026-07-09 09:39:00,139.0406,140.787,71,99.41,0.01256,模型转空
2026-07-09,603616.SSE,sell,2026-07-09 09:37:00,2026-07-09 09:41:00,11.3754,11.3354,838,-58.02,-0.00352,模型转空
2026-07-09,301151.SZSE,sell,2026-07-09 09:35:00,2026-07-09 09:42:00,22.8,22.9,371,14.25,0.00439,模型转空
2026-07-09,600653.SSE,sell,2026-07-09 10:22:00,2026-07-09 10:23:00,142.5333,144.2797,69,95.92,0.01225,模型转空
2026-07-09,600653.SSE,sell,2026-07-09 10:26:00,2026-07-09 10:27:00,142.5333,144.2797,69,95.92,0.01225,模型转空
2026-07-09,600653.SSE,sell,2026-07-09 10:29:00,2026-07-09 10:32:00,142.5333,142.5333,69,-25.02,0.0,模型转空
2026-07-09,002495.SZSE,sell,2026-07-09 10:35:00,2026-07-09 10:36:00,20.5336,20.6236,482,18.28,0.00438,模型转空
2026-07-09,002785.SZSE,sell,2026-07-09 10:36:00,2026-07-09 10:38:00,34.796,35.396,199,99.19,0.01724,模型转空
2026-07-09,002285.SZSE,sell,2026-07-09 10:49:00,2026-07-09 10:51:00,32.5005,32.6341,305,15.72,0.00411,模型转空
2026-07-09,600653.SSE,sell,2026-07-09 10:49:00,2026-07-09 10:51:00,139.0406,140.787,71,99.41,0.01256,模型转空
2026-07-09,600653.SSE,sell,2026-07-09 10:52:00,2026-07-09 10:53:00,139.0406,140.787,71,99.41,0.01256,模型转空
2026-07-09,600794.SSE,sell,2026-07-09 10:59:00,2026-07-09 11:00:00,77.7808,78.0369,127,7.54,0.00329,模型转空
2026-07-09,600653.SSE,sell,2026-07-09 10:59:00,2026-07-09 11:03:00,139.0406,139.0406,71,-25.08,0.0,模型转空
2026-07-09,600653.SSE,sell,2026-07-09 11:08:00,2026-07-09 11:11:00,137.2942,139.0406,72,101.17,0.01272,模型转空
2026-07-09,600231.SSE,sell,2026-07-09 11:11:00,2026-07-09 11:12:00,14.9221,14.9221,667,-25.14,0.0,模型转空
2026-07-09,600794.SSE,sell,2026-07-09 11:26:00,2026-07-09 11:27:00,77.7808,78.0369,127,7.54,0.00329,模型转空
2026-07-09,603313.SSE,sell,2026-07-09 13:13:00,2026-07-09 13:20:00,14.3751,14.5103,692,68.36,0.00941,模型转空
2026-07-09,002285.SZSE,sell,2026-07-09 13:25:00,2026-07-09 13:26:00,32.2331,32.3668,305,15.85,0.00415,模型转空
2026-07-09,600653.SSE,sell,2026-07-09 13:30:00,2026-07-09 13:31:00,137.2942,139.0406,72,101.17,0.01272,模型转空
2026-07-09,600653.SSE,sell,2026-07-09 13:33:00,2026-07-09 13:34:00,137.2942,139.0406,72,101.17,0.01272,模型转空
2026-07-09,600675.SSE,sell,2026-07-09 13:37:00,2026-07-09 13:41:00,112.9284,112.9284,86,-24.89,0.0,模型转空
2026-07-09,301520.SZSE,sell,2026-07-09 13:45:00,2026-07-09 13:47:00,55.904,56.59,140,74.51,0.01227,模型转空
2026-07-09,600653.SSE,sell,2026-07-09 13:53:00,2026-07-09 13:54:00,137.2942,139.0406,72,101.17,0.01272,模型转空
2026-07-09,600300.SSE,sell,2026-07-09 13:57:00,2026-07-09 13:58:00,22.9214,22.9786,429,-0.43,0.0025,模型转空
2026-07-09,600675.SSE,sell,2026-07-09 13:57:00,2026-07-09 14:00:00,112.5323,112.9284,88,9.9,0.00352,模型转空
2026-07-09,600653.SSE,sell,2026-07-09 14:00:00,2026-07-09 14:01:00,137.2942,140.787,72,227.43,0.02544,模型转空
2026-07-09,600748.SSE,sell,2026-07-09 14:12:00,2026-07-09 14:13:00,28.2225,28.3556,344,20.99,0.00472,模型转空
2026-07-09,600743.SSE,sell,2026-07-09 14:13:00,2026-07-09 14:14:00,65.4055,65.7024,151,19.86,0.00454,模型转空
2026-07-09,600756.SSE,sell,2026-07-09 14:19:00,2026-07-09 14:21:00,75.8445,76.3668,123,40.17,0.00689,模型转空
2026-07-09,002887.SZSE,sell,2026-07-09 14:20:00,2026-07-09 14:21:00,49.308,49.542,188,19.96,0.00475,模型转空
2026-07-09,600743.SSE,sell,2026-07-09 14:29:00,2026-07-09 14:30:00,65.4055,65.9992,151,64.79,0.00908,模型转空
2026-07-09,002178.SZSE,sell,2026-07-09 14:29:00,2026-07-09 14:30:00,27.8929,28.0199,350,19.57,0.00455,模型转空
2026-07-10,600653.SSE,sell,2026-07-10 13:27:00,2026-07-10 13:29:00,151.2652,153.0116,65,88.82,0.01155,模型转空
2026-07-10,600653.SSE,sell,2026-07-10 13:31:00,2026-07-10 13:33:00,151.2652,153.0116,65,88.82,0.01155,模型转空
2026-07-10,600653.SSE,sell,2026-07-10 13:34:00,2026-07-10 13:37:00,151.2652,151.2652,65,-25.0,0.0,模型转空
2026-07-10,600653.SSE,sell,2026-07-10 13:45:00,2026-07-10 13:46:00,149.5189,151.2652,66,90.54,0.01168,模型转空
2026-07-10,600653.SSE,sell,2026-07-10 13:47:00,2026-07-10 13:49:00,149.5189,151.2652,66,90.54,0.01168,模型转空
2026-07-10,600653.SSE,sell,2026-07-10 13:57:00,2026-07-10 13:58:00,149.5189,151.2652,66,90.54,0.01168,模型转空
2026-07-10,600962.SSE,sell,2026-07-10 13:57:00,2026-07-10 14:01:00,44.7201,45.194,223,80.64,0.0106,模型转空
2026-07-10,600794.SSE,sell,2026-07-10 14:02:00,2026-07-10 14:04:00,80.8543,81.1105,123,6.45,0.00317,模型转空
2026-07-10,600653.SSE,sell,2026-07-10 14:10:00,2026-07-10 14:12:00,147.7725,149.5189,67,92.26,0.01182,模型转空
2026-07-10,002552.SZSE,sell,2026-07-10 14:06:00,2026-07-10 14:14:00,191.765,190.805,32,-51.14,-0.00501,模型转空
2026-07-10,600653.SSE,sell,2026-07-10 14:13:00,2026-07-10 14:14:00,147.7725,149.5189,67,92.26,0.01182,模型转空
2026-07-10,000635.SZSE,sell,2026-07-10 14:13:00,2026-07-10 14:14:00,22.4627,22.5174,439,-0.97,0.00244,模型转空
2026-07-10,600231.SSE,sell,2026-07-10 14:15:00,2026-07-10 14:16:00,15.5552,15.6185,635,15.16,0.00407,模型转空
2026-07-10,600794.SSE,sell,2026-07-10 14:15:00,2026-07-10 14:16:00,80.5982,80.8543,123,6.49,0.00318,模型转空
2026-07-10,600425.SSE,sell,2026-07-10 14:15:00,2026-07-10 14:17:00,20.7388,20.7915,473,-0.03,0.00254,模型转空
2026-07-10,600653.SSE,sell,2026-07-10 14:15:00,2026-07-10 14:18:00,147.7725,149.5189,67,92.26,0.01182,模型转空
2026-07-10,600857.SSE,sell,2026-07-10 14:10:00,2026-07-10 14:20:00,103.4764,103.1368,79,-49.72,-0.00328,模型转空
2026-07-10,600653.SSE,sell,2026-07-10 14:27:00,2026-07-10 14:30:00,147.7725,149.5189,67,92.26,0.01182,模型转空
2026-07-10,600794.SSE,sell,2026-07-10 14:30:00,2026-07-10 14:31:00,80.5982,80.8543,123,6.49,0.00318,模型转空
2026-07-10,600527.SSE,sell,2026-07-10 14:28:00,2026-07-10 14:32:00,58.6513,58.6513,168,-25.03,0.0,模型转空
2026-07-10,600433.SSE,sell,2026-07-10 14:39:00,2026-07-10 14:45:00,22.9594,22.9018,424,-49.23,-0.00251,模型转空
2026-07-10,600307.SSE,sell,2026-07-10 14:43:00,2026-07-10 14:45:00,6.9211,6.9528,1429,20.21,0.00458,模型转空
2026-07-10,300247.SZSE,sell,2026-07-10 14:43:00,2026-07-10 14:45:00,23.31,23.37,428,0.51,0.00257,模型转空
2026-07-13,000635.SZSE,sell,2026-07-13 09:39:00,2026-07-13 09:40:00,21.7508,21.9151,439,47.59,0.00755,模型转空
2026-07-13,601956.SSE,sell,2026-07-13 09:35:00,2026-07-13 09:42:00,5.29,5.22,1858,-154.9,-0.01323,模型转空
2026-07-13,600192.SSE,sell,2026-07-13 09:38:00,2026-07-13 09:42:00,10.973,10.8504,906,-136.15,-0.01117,模型转空
2026-07-13,600653.SSE,sell,2026-07-13 09:41:00,2026-07-13 09:43:00,142.5333,144.2797,69,95.92,0.01225,模型转空
2026-07-13,600283.SSE,sell,2026-07-13 09:35:00,2026-07-13 09:44:00,18.86,18.7655,506,-72.28,-0.00501,模型转空
2026-07-13,600653.SSE,sell,2026-07-13 10:15:00,2026-07-13 10:16:00,140.787,142.5333,70,97.66,0.0124,模型转空
2026-07-13,600653.SSE,sell,2026-07-13 10:22:00,2026-07-13 10:26:00,140.787,142.5333,70,97.66,0.0124,模型转空
2026-07-13,600708.SSE,sell,2026-07-13 10:34:00,2026-07-13 10:35:00,40.3315,40.3315,240,-24.74,0.0,模型转空
2026-07-13,600653.SSE,sell,2026-07-13 10:56:00,2026-07-13 10:58:00,140.787,142.5333,70,97.66,0.0124,模型转空
2026-07-13,600653.SSE,sell,2026-07-13 11:00:00,2026-07-13 11:01:00,140.787,142.5333,70,97.66,0.0124,模型转空
2026-07-13,002495.SZSE,sell,2026-07-13 10:59:00,2026-07-13 11:02:00,20.9835,21.0734,471,17.36,0.00429,模型转空
2026-07-13,002495.SZSE,sell,2026-07-13 11:15:00,2026-07-13 11:16:00,20.8935,21.0734,471,59.83,0.00861,模型转空
2026-07-13,002562.SZSE,sell,2026-07-13 11:27:00,2026-07-13 11:28:00,30.428,30.492,324,-4.26,0.0021,模型转空
2026-07-13,600527.SSE,sell,2026-07-13 11:29:00,2026-07-13 11:30:00,57.135,57.3245,172,7.65,0.00332,模型转空
2026-07-13,600231.SSE,sell,2026-07-13 11:28:00,2026-07-13 13:01:00,15.3019,15.3652,646,15.84,0.00414,模型转空
2026-07-13,600794.SSE,sell,2026-07-13 11:29:00,2026-07-13 13:01:00,79.3175,79.5737,123,6.73,0.00323,模型转空
2026-07-13,002285.SZSE,sell,2026-07-13 11:30:00,2026-07-13 13:01:00,33.3024,33.4361,299,14.83,0.00401,模型转空
2026-07-13,600653.SSE,sell,2026-07-13 13:15:00,2026-07-13 13:16:00,140.787,142.5333,70,97.66,0.0124,模型转空
2026-07-13,301228.SZSE,sell,2026-07-13 13:17:00,2026-07-13 13:20:00,66.6,66.71,99,-9.14,0.00165,模型转空
2026-07-13,600638.SSE,sell,2026-07-13 13:25:00,2026-07-13 13:26:00,80.3889,80.5991,123,0.82,0.00262,模型转空
2026-07-13,002495.SZSE,sell,2026-07-13 13:25:00,2026-07-13 13:26:00,20.8935,21.0734,471,59.83,0.00861,模型转空
2026-07-13,600638.SSE,sell,2026-07-13 13:27:00,2026-07-13 13:29:00,80.3889,80.5991,123,0.82,0.00262,模型转空
2026-07-13,600626.SSE,sell,2026-07-13 13:28:00,2026-07-13 13:30:00,32.3701,32.4527,305,0.17,0.00255,模型转空
2026-07-13,002263.SZSE,sell,2026-07-13 13:30:00,2026-07-13 13:31:00,12.3201,12.3637,796,9.75,0.00354,模型转空
2026-07-13,002374.SZSE,sell,2026-07-13 13:30:00,2026-07-13 13:31:00,19.2123,19.2757,520,7.74,0.0033,模型转空
2026-07-13,600794.SSE,sell,2026-07-13 13:30:00,2026-07-13 13:31:00,79.0614,79.3175,123,6.78,0.00324,模型转空
2026-07-13,600307.SSE,sell,2026-07-13 13:30:00,2026-07-13 13:31:00,6.7944,6.8261,1471,21.36,0.00466,模型转空
2026-07-13,600280.SSE,sell,2026-07-13 13:30:00,2026-07-13 13:31:00,35.3115,35.4317,282,8.79,0.0034,模型转空
2026-07-13,600231.SSE,sell,2026-07-13 13:33:00,2026-07-13 13:34:00,15.3019,15.3652,646,15.84,0.00414,模型转空
2026-07-13,301228.SZSE,sell,2026-07-13 13:34:00,2026-07-13 13:36:00,64.5,64.74,99,4.12,0.00372,模型转空
2026-07-13,300190.SZSE,sell,2026-07-13 13:49:00,2026-07-13 13:50:00,48.7153,48.819,197,-4.15,0.00213,模型转空
2026-07-13,600653.SSE,sell,2026-07-13 13:51:00,2026-07-13 13:52:00,140.787,142.5333,70,97.66,0.0124,模型转空
2026-07-13,000558.SZSE,sell,2026-07-13 13:52:00,2026-07-13 13:53:00,22.9722,23.1215,431,39.27,0.0065,模型转空
2026-07-13,603077.SSE,sell,2026-07-13 13:52:00,2026-07-13 13:53:00,29.344,29.608,333,63.16,0.009,模型转空
2026-07-13,600743.SSE,sell,2026-07-13 13:55:00,2026-07-13 13:56:00,64.515,64.8119,154,20.7,0.0046,模型转空
2026-07-13,301228.SZSE,sell,2026-07-13 13:58:00,2026-07-13 14:00:00,62.05,63.18,99,93.11,0.01821,模型转空
2026-07-13,600653.SSE,sell,2026-07-13 13:57:00,2026-07-13 14:01:00,140.787,142.5333,70,97.66,0.0124,模型转空
2026-07-13,600794.SSE,sell,2026-07-13 14:00:00,2026-07-13 14:01:00,79.0614,79.3175,123,6.78,0.00324,模型转空
2026-07-13,600743.SSE,sell,2026-07-13 14:06:00,2026-07-13 14:07:00,64.2182,64.515,154,20.77,0.00462,模型转空
2026-07-13,600653.SSE,sell,2026-07-13 14:08:00,2026-07-13 14:09:00,139.0406,140.787,71,99.41,0.01256,模型转空
2026-07-13,000720.SZSE,sell,2026-07-13 14:09:00,2026-07-13 14:11:00,22.0871,22.168,449,11.2,0.00366,模型转空
2026-07-13,000727.SZSE,sell,2026-07-13 14:13:00,2026-07-13 14:14:00,12.2448,12.3118,804,28.8,0.00547,模型转空
2026-07-13,600540.SSE,sell,2026-07-13 14:13:00,2026-07-13 14:14:00,9.2937,9.3285,1045,11.58,0.00374,模型转空
2026-07-13,000720.SZSE,sell,2026-07-13 14:12:00,2026-07-13 14:15:00,22.0871,22.168,449,11.2,0.00366,模型转空
2026-07-13,002495.SZSE,sell,2026-07-13 14:11:00,2026-07-13 14:16:00,20.8935,20.8935,471,-24.98,0.0,模型转空
2026-07-13,603313.SSE,sell,2026-07-13 14:14:00,2026-07-13 14:16:00,14.9835,15.1187,642,62.17,0.00902,模型转空
2026-07-13,300434.SZSE,sell,2026-07-13 14:14:00,2026-07-13 14:16:00,42.9396,43.1196,212,14.29,0.00419,模型转空
2026-07-13,600653.SSE,sell,2026-07-13 14:15:00,2026-07-13 14:16:00,139.0406,140.787,71,99.41,0.01256,模型转空
2026-07-13,603177.SSE,sell,2026-07-13 14:14:00,2026-07-13 14:18:00,9.15,9.17,1075,-3.47,0.00219,模型转空
2026-07-13,600794.SSE,sell,2026-07-13 14:17:00,2026-07-13 14:18:00,78.8053,78.8053,123,-24.81,0.0,模型转空
2026-07-13,300324.SZSE,sell,2026-07-13 14:18:00,2026-07-13 14:19:00,91.8906,92.3717,106,26.25,0.00524,模型转空
2026-07-13,603106.SSE,sell,2026-07-13 14:20:00,2026-07-13 14:21:00,11.9071,12.0372,792,78.7,0.01093,模型转空
2026-07-13,600203.SSE,sell,2026-07-13 14:17:00,2026-07-13 14:23:00,20.2469,20.0987,476,-95.22,-0.00732,模型转空
2026-07-13,600653.SSE,sell,2026-07-13 14:22:00,2026-07-13 14:23:00,139.0406,140.787,71,99.41,0.01256,模型转空
2026-07-13,300324.SZSE,sell,2026-07-13 14:22:00,2026-07-13 14:23:00,91.8906,92.1312,106,0.7,0.00262,模型转空
2026-07-13,301151.SZSE,sell,2026-07-13 14:22:00,2026-07-13 14:23:00,21.76,21.94,371,44.54,0.00827,模型转空
2026-07-13,603106.SSE,sell,2026-07-13 14:23:00,2026-07-13 14:24:00,11.7956,12.0,845,147.56,0.01734,模型转空
2026-07-13,603139.SSE,sell,2026-07-13 14:22:00,2026-07-13 14:26:00,39.043,39.043,197,-21.7,0.0,模型转空
2026-07-13,300259.SZSE,sell,2026-07-13 14:23:00,2026-07-13 14:26:00,86.9398,87.4784,111,35.42,0.00619,模型转空
2026-07-13,603106.SSE,sell,2026-07-13 14:25:00,2026-07-13 14:26:00,11.8327,11.9071,792,34.63,0.00628,模型转空
2026-07-13,600653.SSE,sell,2026-07-13 14:26:00,2026-07-13 14:27:00,139.0406,140.787,71,99.41,0.01256,模型转空
2026-07-13,301520.SZSE,sell,2026-07-13 14:26:00,2026-07-13 14:27:00,75.07,75.868,70,38.08,0.01063,模型转空
2026-07-13,001387.SZSE,sell,2026-07-13 14:26:00,2026-07-13 14:27:00,15.69,15.742,582,6.38,0.00331,模型转空
2026-07-13,300190.SZSE,sell,2026-07-13 14:26:00,2026-07-13 14:27:00,48.5079,48.6116,197,-4.09,0.00214,模型转空
2026-07-13,600675.SSE,sell,2026-07-13 14:28:00,2026-07-13 14:29:00,114.1167,114.9089,86,43.59,0.00694,模型转空
2026-07-13,300190.SZSE,sell,2026-07-13 14:28:00,2026-07-13 14:29:00,48.5079,48.6116,197,-4.09,0.00214,模型转空
2026-07-14,002982.SZSE,sell,2026-07-14 09:36:00,2026-07-14 09:40:00,24.05,24.2264,389,44.43,0.00733,模型转空
2026-07-14,002307.SZSE,sell,2026-07-14 09:38:00,2026-07-14 09:40:00,12.1124,12.1956,819,43.03,0.00687,模型转空
2026-07-14,603616.SSE,sell,2026-07-14 09:35:00,2026-07-14 09:43:00,9.9554,9.7554,986,-222.09,-0.02009,止损
2026-07-14,300813.SZSE,sell,2026-07-14 09:35:00,2026-07-14 09:43:00,45.4264,46.0088,182,83.64,0.01282,模型转空
2026-07-14,600653.SSE,sell,2026-07-14 10:31:00,2026-07-14 10:32:00,142.5333,144.2797,69,95.92,0.01225,模型转空
2026-07-14,300293.SZSE,sell,2026-07-14 10:36:00,2026-07-14 10:41:00,74.33,74.195,127,-41.51,-0.00182,模型转空
2026-07-14,001256.SZSE,sell,2026-07-14 10:49:00,2026-07-14 10:50:00,26.47,26.6,288,15.88,0.00491,模型转空
2026-07-14,300293.SZSE,sell,2026-07-14 10:43:00,2026-07-14 10:51:00,73.43,72.98,127,-81.35,-0.00613,模型转空
2026-07-14,600653.SSE,sell,2026-07-14 11:00:00,2026-07-14 11:01:00,142.5333,144.2797,69,95.92,0.01225,模型转空
2026-07-14,600653.SSE,sell,2026-07-14 11:08:00,2026-07-14 11:09:00,142.5333,144.2797,69,95.92,0.01225,模型转空
2026-07-14,300324.SZSE,sell,2026-07-14 11:17:00,2026-07-14 11:18:00,89.7255,90.2067,110,27.95,0.00536,模型转空
2026-07-14,600673.SSE,sell,2026-07-14 13:17:00,2026-07-14 13:19:00,574.895,562.8561,13,-178.13,-0.02094,止损
2026-07-14,600653.SSE,sell,2026-07-14 13:18:00,2026-07-14 13:21:00,144.2797,147.7725,68,213.33,0.02421,模型转空
2026-07-14,600653.SSE,sell,2026-07-14 13:25:00,2026-07-14 13:27:00,144.2797,146.0261,68,94.18,0.0121,模型转空
2026-07-14,301520.SZSE,sell,2026-07-14 13:33:00,2026-07-14 13:35:00,68.434,69.89,140,180.12,0.02128,模型转空
2026-07-14,600626.SSE,sell,2026-07-14 13:49:00,2026-07-14 13:51:00,32.7005,32.7831,305,0.02,0.00253,模型转空
2026-07-14,002285.SZSE,sell,2026-07-14 13:50:00,2026-07-14 13:51:00,33.3024,33.4361,299,14.83,0.00401,模型转空
2026-07-14,600743.SSE,sell,2026-07-14 13:58:00,2026-07-14 13:59:00,65.1087,65.1087,151,-24.99,0.0,模型转空
2026-07-14,002258.SZSE,sell,2026-07-14 14:01:00,2026-07-14 14:03:00,80.5064,81.2136,117,58.9,0.00878,模型转空
2026-07-14,002258.SZSE,sell,2026-07-14 14:14:00,2026-07-14 14:18:00,79.4185,77.0252,117,-306.29,-0.03014,止损
2026-07-14,002258.SZSE,sell,2026-07-14 14:18:00,2026-07-14 14:20:00,77.0252,78.7114,117,174.91,0.02189,模型转空
2026-07-14,600653.SSE,sell,2026-07-14 14:44:00,2026-07-14 14:45:00,146.0261,147.7725,68,94.0,0.01196,模型转空
2026-07-14,600794.SSE,sell,2026-07-14 14:44:00,2026-07-14 14:45:00,80.5982,80.8543,123,6.49,0.00318,模型转空
2026-07-15,002992.SZSE,sell,2026-07-15 09:36:00,2026-07-15 09:42:00,47.716,47.937,152,12.61,0.00463,模型转空
2026-07-15,603191.SSE,sell,2026-07-15 09:36:00,2026-07-15 09:42:00,13.65,13.87,681,125.63,0.01612,模型转空
2026-07-15,605001.SSE,sell,2026-07-15 09:38:00,2026-07-15 09:42:00,7.766,7.766,1254,-24.81,0.0,模型转空
2026-07-15,600653.SSE,sell,2026-07-15 10:59:00,2026-07-15 11:01:00,153.0116,154.758,65,88.65,0.01141,模型转空
2026-07-15,600231.SSE,sell,2026-07-15 11:02:00,2026-07-15 11:03:00,15.8717,15.935,624,14.43,0.00399,模型转空
2026-07-15,600675.SSE,sell,2026-07-15 13:30:00,2026-07-15 13:32:00,117.2854,117.6815,84,8.44,0.00338,模型转空
2026-07-15,300765.SZSE,sell,2026-07-15 13:27:00,2026-07-15 13:33:00,249.0508,248.8149,33,-30.6,-0.00095,模型转空
2026-07-15,600653.SSE,sell,2026-07-15 13:34:00,2026-07-15 13:35:00,151.2652,153.0116,65,88.82,0.01155,模型转空
2026-07-15,600743.SSE,sell,2026-07-15 13:34:00,2026-07-15 13:35:00,65.9992,66.2961,151,19.73,0.0045,模型转空
2026-07-15,300937.SZSE,sell,2026-07-15 13:31:00,2026-07-15 13:40:00,26.27,26.22,291,-36.22,-0.0019,模型转空
2026-07-15,301520.SZSE,sell,2026-07-15 13:30:00,2026-07-15 13:42:00,80.53,79.466,70,-93.43,-0.01321,模型转空
2026-07-15,300765.SZSE,sell,2026-07-15 13:44:00,2026-07-15 13:46:00,243.4489,244.1565,33,1.3,0.00291,模型转空
2026-07-15,600638.SSE,sell,2026-07-15 13:50:00,2026-07-15 13:51:00,83.7531,83.7531,117,-25.0,0.0,模型转空
2026-07-15,600743.SSE,sell,2026-07-15 13:57:00,2026-07-15 13:58:00,65.7024,65.9992,151,19.8,0.00452,模型转空
2026-07-15,600653.SSE,sell,2026-07-15 14:06:00,2026-07-15 14:07:00,149.5189,151.2652,66,90.54,0.01168,模型转空
2026-07-15,002178.SZSE,sell,2026-07-15 14:07:00,2026-07-15 14:09:00,27.9564,28.0199,350,-2.67,0.00227,模型转空
2026-07-15,600653.SSE,sell,2026-07-15 14:09:00,2026-07-15 14:11:00,149.5189,151.2652,66,90.54,0.01168,模型转空
2026-07-15,600653.SSE,sell,2026-07-15 14:15:00,2026-07-15 14:16:00,149.5189,151.2652,66,90.54,0.01168,模型转空
2026-07-15,300558.SZSE,sell,2026-07-15 14:15:00,2026-07-15 14:18:00,69.8989,70.0589,96,-4.83,0.00229,模型转空
2026-07-15,002285.SZSE,sell,2026-07-15 14:17:00,2026-07-15 14:18:00,33.5698,33.7034,293,14.2,0.00398,模型转空
2026-07-15,300558.SZSE,sell,2026-07-15 14:21:00,2026-07-15 14:24:00,69.4589,69.7889,96,11.62,0.00475,模型转空
2026-07-15,603313.SSE,sell,2026-07-15 14:21:00,2026-07-15 14:25:00,15.4567,15.5243,642,18.3,0.00437,模型转空
2026-07-15,002702.SZSE,sell,2026-07-15 14:23:00,2026-07-15 14:25:00,33.388,33.456,288,-5.04,0.00204,模型转空
2026-07-15,600743.SSE,sell,2026-07-15 14:24:00,2026-07-15 14:25:00,65.7024,65.9992,151,19.8,0.00452,模型转空
2026-07-16,603960.SSE,sell,2026-07-16 09:35:00,2026-07-16 09:37:00,47.9879,48.5108,186,73.76,0.0109,模型转空
2026-07-16,301252.SZSE,sell,2026-07-16 09:36:00,2026-07-16 09:40:00,71.6514,72.4714,93,56.38,0.01144,模型转空
2026-07-16,600653.SSE,sell,2026-07-16 11:14:00,2026-07-16 11:19:00,154.758,154.758,64,-25.11,0.0,模型转空
2026-07-16,600626.SSE,sell,2026-07-16 13:27:00,2026-07-16 13:28:00,34.5173,34.5998,285,-1.41,0.00239,模型转空
2026-07-16,600708.SSE,sell,2026-07-16 13:27:00,2026-07-16 13:29:00,41.741,41.741,232,-24.76,0.0,模型转空
2026-07-16,600653.SSE,sell,2026-07-16 13:30:00,2026-07-16 13:31:00,154.758,156.5044,64,86.93,0.01128,模型转空
2026-07-16,600748.SSE,sell,2026-07-16 13:30:00,2026-07-16 13:31:00,29.2873,29.3538,331,-2.72,0.00227,模型转空
2026-07-16,002397.SZSE,sell,2026-07-16 13:29:00,2026-07-16 13:32:00,50.3984,50.3984,198,-25.18,0.0,模型转空
2026-07-16,600802.SSE,sell,2026-07-16 13:31:00,2026-07-16 13:33:00,17.3729,17.3729,557,-24.72,0.0,模型转空
2026-07-16,600231.SSE,sell,2026-07-16 13:32:00,2026-07-16 13:33:00,15.7451,15.8084,624,14.55,0.00402,模型转空
2026-07-16,600653.SSE,sell,2026-07-16 13:34:00,2026-07-16 13:35:00,154.758,156.5044,64,86.93,0.01128,模型转空
2026-07-16,301237.SZSE,sell,2026-07-16 13:34:00,2026-07-16 13:35:00,61.37,61.62,137,11.59,0.00407,模型转空
2026-07-16,600794.SSE,sell,2026-07-16 13:36:00,2026-07-16 13:37:00,82.3911,82.6473,119,5.67,0.00311,模型转空
2026-07-16,600653.SSE,sell,2026-07-16 13:36:00,2026-07-16 13:39:00,154.758,156.5044,64,86.93,0.01128,模型转空
2026-07-16,600653.SSE,sell,2026-07-16 13:47:00,2026-07-16 13:48:00,154.758,156.5044,64,86.93,0.01128,模型转空
2026-07-16,600653.SSE,sell,2026-07-16 13:49:00,2026-07-16 13:50:00,154.758,156.5044,64,86.93,0.01128,模型转空
2026-07-16,600653.SSE,sell,2026-07-16 13:51:00,2026-07-16 13:52:00,154.758,156.5044,64,86.93,0.01128,模型转空
2026-07-16,002495.SZSE,sell,2026-07-16 14:13:00,2026-07-16 14:14:00,21.9731,22.063,451,15.49,0.00409,模型转空
2026-07-16,301157.SZSE,sell,2026-07-16 14:13:00,2026-07-16 14:14:00,60.35,60.78,98,23.41,0.00713,模型转空
2026-07-16,300937.SZSE,sell,2026-07-16 14:14:00,2026-07-16 14:15:00,26.21,26.37,291,25.0,0.0061,模型转空
2026-07-16,600748.SSE,sell,2026-07-16 14:20:00,2026-07-16 14:21:00,29.1542,29.1542,331,-24.68,0.0,模型转空
2026-07-16,301520.SZSE,sell,2026-07-16 14:21:00,2026-07-16 14:22:00,94.39,90.764,70,-275.07,-0.03842,止损
2026-07-16,002495.SZSE,sell,2026-07-16 14:22:00,2026-07-16 14:23:00,21.8831,21.9731,451,15.55,0.00411,模型转空
2026-07-16,300937.SZSE,sell,2026-07-16 14:21:00,2026-07-16 14:24:00,25.96,26.08,291,13.46,0.00462,模型转空
2026-07-16,300765.SZSE,sell,2026-07-16 14:23:00,2026-07-16 14:26:00,240.5594,241.5619,33,11.33,0.00417,模型转空
2026-07-16,002495.SZSE,sell,2026-07-16 14:25:00,2026-07-16 14:26:00,21.8831,22.063,451,56.11,0.00822,模型转空
2026-07-16,301230.SZSE,sell,2026-07-16 14:25:00,2026-07-16 14:28:00,82.9093,83.3825,81,18.33,0.00571,模型转空
2026-07-16,000635.SZSE,sell,2026-07-16 14:27:00,2026-07-16 14:29:00,22.5722,22.6269,439,-1.04,0.00243,模型转空
2026-07-16,000570.SZSE,sell,2026-07-16 14:28:00,2026-07-16 14:29:00,24.9188,24.9729,394,-3.64,0.00217,模型转空
2026-07-16,600675.SSE,sell,2026-07-16 14:28:00,2026-07-16 14:29:00,119.2659,119.662,82,7.78,0.00332,模型转空
2026-07-16,301520.SZSE,sell,2026-07-16 14:22:00,2026-07-16 14:30:00,90.764,93.97,70,205.73,0.03532,模型转空
2026-07-16,300204.SZSE,sell,2026-07-16 14:27:00,2026-07-16 14:30:00,209.0034,210.4142,39,33.08,0.00675,模型转空
2026-07-16,000570.SZSE,sell,2026-07-16 14:30:00,2026-07-16 14:31:00,24.9188,24.9729,394,-3.64,0.00217,模型转空
2026-07-16,600675.SSE,sell,2026-07-16 14:32:00,2026-07-16 14:33:00,119.2659,119.662,82,7.78,0.00332,模型转空
2026-07-16,603355.SSE,sell,2026-07-16 14:44:00,2026-07-16 14:47:00,42.974,42.806,225,-62.6,-0.00391,模型转空
2026-07-17,301178.SZSE,sell,2026-07-17 09:38:00,2026-07-17 09:40:00,60.5028,61.4632,151,121.35,0.01587,模型转空
2026-07-17,605303.SSE,sell,2026-07-17 09:37:00,2026-07-17 09:43:00,20.13,20.28,494,48.91,0.00745,模型转空
2026-07-17,600653.SSE,sell,2026-07-17 10:03:00,2026-07-17 10:04:00,151.2652,153.0116,65,88.82,0.01155,模型转空
2026-07-17,600653.SSE,sell,2026-07-17 10:15:00,2026-07-17 10:16:00,151.2652,153.0116,65,88.82,0.01155,模型转空
2026-07-17,600653.SSE,sell,2026-07-17 10:17:00,2026-07-17 10:18:00,151.2652,153.0116,65,88.82,0.01155,模型转空
2026-07-17,600653.SSE,sell,2026-07-17 10:19:00,2026-07-17 10:20:00,151.2652,153.0116,65,88.82,0.01155,模型转空
2026-07-17,600653.SSE,sell,2026-07-17 10:32:00,2026-07-17 10:33:00,149.5189,151.2652,66,90.54,0.01168,模型转空
2026-07-17,600794.SSE,sell,2026-07-17 10:33:00,2026-07-17 10:34:00,82.135,82.3911,119,5.71,0.00312,模型转空
2026-07-17,002495.SZSE,sell,2026-07-17 10:34:00,2026-07-17 10:36:00,21.3433,21.4333,461,16.51,0.00422,模型转空
2026-07-17,600794.SSE,sell,2026-07-17 10:35:00,2026-07-17 10:37:00,82.135,82.3911,119,5.71,0.00312,模型转空
2026-07-17,300005.SZSE,sell,2026-07-17 10:32:00,2026-07-17 10:38:00,175.1148,174.2164,50,-68.64,-0.00513,模型转空
2026-07-17,600653.SSE,sell,2026-07-17 10:34:00,2026-07-17 10:38:00,149.5189,151.2652,66,90.54,0.01168,模型转空
2026-07-17,600653.SSE,sell,2026-07-17 10:43:00,2026-07-17 10:44:00,149.5189,151.2652,66,90.54,0.01168,模型转空
2026-07-17,600653.SSE,sell,2026-07-17 10:59:00,2026-07-17 11:00:00,149.5189,151.2652,66,90.54,0.01168,模型转空
2026-07-17,600653.SSE,sell,2026-07-17 11:08:00,2026-07-17 11:10:00,149.5189,151.2652,66,90.54,0.01168,模型转空
2026-07-17,600743.SSE,sell,2026-07-17 11:12:00,2026-07-17 11:13:00,64.515,64.8119,154,20.7,0.0046,模型转空
2026-07-17,600653.SSE,sell,2026-07-17 11:12:00,2026-07-17 11:14:00,149.5189,151.2652,66,90.54,0.01168,模型转空
2026-07-17,600857.SSE,sell,2026-07-17 11:10:00,2026-07-17 11:15:00,98.3331,98.4301,99,-15.25,0.00099,模型转空
2026-07-17,600638.SSE,sell,2026-07-17 11:14:00,2026-07-17 11:15:00,83.9633,84.1736,117,-0.29,0.0025,模型转空
2026-07-17,600748.SSE,sell,2026-07-17 11:14:00,2026-07-17 11:16:00,28.289,28.3556,344,-1.92,0.00235,模型转空
2026-07-17,600653.SSE,sell,2026-07-17 11:15:00,2026-07-17 11:16:00,149.5189,151.2652,66,90.54,0.01168,模型转空
2026-07-17,300466.SZSE,sell,2026-07-17 11:19:00,2026-07-17 11:20:00,38.044,38.206,257,16.8,0.00426,模型转空
2026-07-17,600653.SSE,sell,2026-07-17 11:19:00,2026-07-17 11:21:00,149.5189,151.2652,66,90.54,0.01168,模型转空
2026-07-17,600743.SSE,sell,2026-07-17 11:19:00,2026-07-17 11:22:00,64.515,64.8119,154,20.7,0.0046,模型转空
2026-07-17,600653.SSE,sell,2026-07-17 11:24:00,2026-07-17 11:25:00,149.5189,151.2652,66,90.54,0.01168,模型转空
2026-07-17,600794.SSE,sell,2026-07-17 11:27:00,2026-07-17 11:28:00,82.135,82.6473,119,36.4,0.00624,模型转空
2026-07-17,002702.SZSE,sell,2026-07-17 11:27:00,2026-07-17 11:30:00,32.64,32.64,302,-25.01,0.0,模型转空
2026-07-17,600743.SSE,sell,2026-07-17 11:30:00,2026-07-17 13:02:00,64.515,64.515,154,-25.17,0.0,模型转空
2026-07-17,600653.SSE,sell,2026-07-17 13:02:00,2026-07-17 13:04:00,147.7725,149.5189,67,92.26,0.01182,模型转空
2026-07-17,600653.SSE,sell,2026-07-17 13:15:00,2026-07-17 13:16:00,147.7725,149.5189,67,92.26,0.01182,模型转空
2026-07-17,605100.SSE,sell,2026-07-17 13:13:00,2026-07-17 13:17:00,83.146,83.4204,105,5.53,0.0033,模型转空
2026-07-17,600653.SSE,sell,2026-07-17 13:23:00,2026-07-17 13:27:00,147.7725,147.7725,67,-25.11,0.0,模型转空
2026-07-17,600307.SSE,sell,2026-07-17 13:24:00,2026-07-17 13:27:00,6.9211,6.9211,1429,-25.04,0.0,模型转空
2026-07-17,000727.SZSE,sell,2026-07-17 13:25:00,2026-07-17 13:27:00,12.3787,12.4456,804,28.63,0.00541,模型转空
2026-07-17,600231.SSE,sell,2026-07-17 13:26:00,2026-07-17 13:27:00,15.4918,15.5552,635,15.22,0.00409,模型转空
2026-07-17,600638.SSE,sell,2026-07-17 13:27:00,2026-07-17 13:28:00,83.9633,84.3839,117,24.46,0.00501,模型转空
2026-07-17,000965.SZSE,sell,2026-07-17 13:27:00,2026-07-17 13:28:00,9.1361,9.1633,1089,4.5,0.00298,模型转空
2026-07-17,600743.SSE,sell,2026-07-17 13:28:00,2026-07-17 13:29:00,63.9213,64.2182,154,20.84,0.00464,模型转空
2026-07-17,002495.SZSE,sell,2026-07-17 13:27:00,2026-07-17 13:30:00,21.2534,21.3433,461,16.57,0.00423,模型转空
2026-07-17,600748.SSE,sell,2026-07-17 13:28:00,2026-07-17 13:30:00,27.8898,27.9563,356,-1.4,0.00239,模型转空
2026-07-17,600231.SSE,sell,2026-07-17 13:29:00,2026-07-17 13:30:00,15.4918,15.5552,635,15.22,0.00409,模型转空
2026-07-17,000727.SZSE,sell,2026-07-17 13:29:00,2026-07-17 13:30:00,12.3787,12.4456,804,28.63,0.00541,模型转空
2026-07-17,000753.SZSE,sell,2026-07-17 13:30:00,2026-07-17 13:31:00,52.5609,52.6874,190,-1.15,0.00241,模型转空
2026-07-17,600638.SSE,sell,2026-07-17 13:30:00,2026-07-17 13:31:00,83.7531,83.9633,117,-0.25,0.00251,模型转空
2026-07-17,600794.SSE,sell,2026-07-17 13:30:00,2026-07-17 13:31:00,81.6227,82.135,119,36.49,0.00628,模型转空
2026-07-17,002397.SZSE,sell,2026-07-17 13:30:00,2026-07-17 13:31:00,48.182,48.2876,205,-3.38,0.00219,模型转空
2026-07-17,600675.SSE,sell,2026-07-17 13:31:00,2026-07-17 13:32:00,117.6815,117.6815,84,-25.17,0.0,模型转空
2026-07-17,300078.SZSE,sell,2026-07-17 13:31:00,2026-07-17 13:32:00,38.5788,38.5788,257,-25.08,0.0,模型转空
2026-07-17,600540.SSE,sell,2026-07-17 13:32:00,2026-07-17 13:33:00,9.3981,9.4329,1045,11.42,0.0037,模型转空
2026-07-17,600743.SSE,sell,2026-07-17 13:32:00,2026-07-17 13:33:00,63.6245,63.9213,154,20.91,0.00467,模型转空
2026-07-17,002285.SZSE,sell,2026-07-17 13:30:00,2026-07-17 13:34:00,32.9015,32.9015,299,-24.98,0.0,模型转空
2026-07-17,600099.SSE,sell,2026-07-17 13:32:00,2026-07-17 13:34:00,23.7709,23.8311,406,-0.24,0.00253,模型转空
2026-07-17,000635.SZSE,sell,2026-07-17 13:33:00,2026-07-17 13:34:00,21.9699,22.0246,439,-0.64,0.00249,模型转空
2026-07-17,000720.SZSE,sell,2026-07-17 13:33:00,2026-07-17 13:35:00,21.8445,21.9253,449,11.37,0.0037,模型转空
2026-07-17,000570.SZSE,sell,2026-07-17 13:32:00,2026-07-17 13:36:00,24.108,24.1621,413,-2.82,0.00224,模型转空
2026-07-17,000753.SZSE,sell,2026-07-17 13:35:00,2026-07-17 13:36:00,52.4343,52.5609,190,-1.11,0.00241,模型转空
2026-07-17,600653.SSE,sell,2026-07-17 13:36:00,2026-07-17 13:37:00,146.0261,147.7725,68,94.0,0.01196,模型转空
2026-07-17,600108.SSE,sell,2026-07-17 13:34:00,2026-07-17 13:38:00,31.9927,31.8729,303,-61.16,-0.00375,模型转空
2026-07-17,600743.SSE,sell,2026-07-17 13:37:00,2026-07-17 13:38:00,63.3277,63.6245,157,21.61,0.00469,模型转空
2026-07-17,002887.SZSE,sell,2026-07-17 13:37:00,2026-07-17 13:38:00,44.199,44.199,209,-24.08,0.0,模型转空
2026-07-17,600748.SSE,sell,2026-07-17 13:34:00,2026-07-17 13:39:00,27.7567,27.8232,356,-1.33,0.0024,模型转空
2026-07-17,600756.SSE,sell,2026-07-17 13:34:00,2026-07-17 13:39:00,73.233,71.4921,123,-238.39,-0.02377,止损
2026-07-17,002495.SZSE,sell,2026-07-17 13:41:00,2026-07-17 13:42:00,20.9835,21.0734,471,17.36,0.00429,模型转空
2026-07-17,600653.SSE,sell,2026-07-17 13:40:00,2026-07-17 13:45:00,146.0261,146.0261,68,-25.16,0.0,模型转空
2026-07-17,300078.SZSE,sell,2026-07-17 13:44:00,2026-07-17 13:45:00,38.2412,38.3537,257,3.95,0.00294,模型转空
2026-07-17,600794.SSE,sell,2026-07-17 13:44:00,2026-07-17 13:45:00,81.1105,81.3666,119,5.9,0.00316,模型转空
2026-07-17,002495.SZSE,sell,2026-07-17 13:43:00,2026-07-17 13:46:00,20.9835,20.9835,471,-25.05,0.0,模型转空
2026-07-17,301269.SZSE,sell,2026-07-17 13:45:00,2026-07-17 13:46:00,98.48,99.05,99,31.71,0.00579,模型转空
2026-07-17,002374.SZSE,sell,2026-07-17 13:45:00,2026-07-17 13:48:00,18.1352,18.1986,550,9.65,0.00349,模型转空
2026-07-17,600478.SSE,sell,2026-07-17 13:45:00,2026-07-17 13:48:00,44.3645,44.3645,225,-25.19,0.0,模型转空
2026-07-17,600653.SSE,sell,2026-07-17 13:47:00,2026-07-17 13:48:00,144.2797,146.0261,68,94.18,0.0121,模型转空
2026-07-17,000565.SZSE,sell,2026-07-17 13:47:00,2026-07-17 13:48:00,55.4395,55.5422,176,-6.75,0.00185,模型转空
2026-07-17,600794.SSE,sell,2026-07-17 13:46:00,2026-07-17 13:49:00,81.1105,81.3666,119,5.9,0.00316,模型转空
2026-07-17,000868.SZSE,sell,2026-07-17 13:52:00,2026-07-17 13:53:00,14.1597,14.2506,685,37.44,0.00642,模型转空
2026-07-17,603679.SSE,sell,2026-07-17 13:53:00,2026-07-17 13:56:00,23.092,23.092,418,-24.71,0.0,模型转空
2026-07-17,301520.SZSE,sell,2026-07-17 14:05:00,2026-07-17 14:08:00,90.596,93.438,70,180.15,0.03137,模型转空
2026-07-17,603757.SSE,sell,2026-07-17 14:27:00,2026-07-17 14:31:00,161.118,160.7652,47,-38.22,-0.00219,模型转空
2026-07-17,600653.SSE,sell,2026-07-17 14:29:00,2026-07-17 14:31:00,147.7725,149.5189,67,92.26,0.01182,模型转空
2026-07-17,600794.SSE,sell,2026-07-17 14:30:00,2026-07-17 14:32:00,81.8789,82.3911,119,36.44,0.00626,模型转空
2026-07-17,600231.SSE,sell,2026-07-17 14:33:00,2026-07-17 14:35:00,15.4918,15.5552,635,15.22,0.00409,模型转空
2026-07-17,600857.SSE,sell,2026-07-17 14:40:00,2026-07-17 14:43:00,96.4892,96.8289,99,9.26,0.00352,模型转空
2026-07-17,301053.SZSE,sell,2026-07-17 14:44:00,2026-07-17 14:46:00,49.9474,51.1654,140,149.97,0.02439,模型转空
2026-07-20,600280.SSE,sell,2026-07-20 09:35:00,2026-07-20 09:40:00,37.5958,36.634,260,-275.15,-0.02558,止损
2026-07-20,600857.SSE,sell,2026-07-20 09:35:00,2026-07-20 09:43:00,90.424,92.656,99,199.21,0.02468,模型转空
2026-07-20,603139.SSE,sell,2026-07-20 09:35:00,2026-07-20 09:45:00,34.003,34.563,197,90.06,0.01647,模型转空
2026-07-20,600653.SSE,sell,2026-07-20 10:20:00,2026-07-20 10:21:00,147.7725,149.5189,67,92.26,0.01182,模型转空
2026-07-20,600653.SSE,sell,2026-07-20 10:24:00,2026-07-20 10:25:00,147.7725,149.5189,67,92.26,0.01182,模型转空
2026-07-20,002723.SZSE,sell,2026-07-20 10:24:00,2026-07-20 10:26:00,21.2252,21.4492,446,75.52,0.01055,模型转空
2026-07-20,002723.SZSE,sell,2026-07-20 10:28:00,2026-07-20 10:32:00,21.0292,21.0292,446,-24.27,0.0,模型转空
2026-07-20,603757.SSE,sell,2026-07-20 10:32:00,2026-07-20 10:37:00,151.4944,148.182,47,-177.24,-0.02186,止损
2026-07-20,300606.SZSE,sell,2026-07-20 10:31:00,2026-07-20 10:38:00,43.93,43.81,194,-46.33,-0.00273,模型转空
2026-07-20,300985.SZSE,sell,2026-07-20 10:32:00,2026-07-20 10:39:00,48.414,48.946,141,54.75,0.01099,模型转空
2026-07-20,300780.SZSE,sell,2026-07-20 10:31:00,2026-07-20 10:40:00,22.08,22.04,390,-38.7,-0.00181,模型转空
2026-07-20,002428.SZSE,sell,2026-07-20 10:31:00,2026-07-20 10:40:00,362.148,362.512,19,-13.58,0.00101,模型转空
2026-07-20,600300.SSE,sell,2026-07-20 11:28:00,2026-07-20 11:29:00,24.4086,24.4658,403,-1.92,0.00234,模型转空
2026-07-20,600626.SSE,sell,2026-07-20 11:27:00,2026-07-20 13:01:00,34.1869,34.1869,285,-24.86,0.0,模型转空
2026-07-20,000525.SZSE,sell,2026-07-20 11:30:00,2026-07-20 13:01:00,79.3361,79.3361,125,-25.08,0.0,模型转空
2026-07-20,002178.SZSE,sell,2026-07-20 11:30:00,2026-07-20 13:01:00,28.0834,28.2104,350,19.47,0.00452,模型转空
2026-07-20,600960.SSE,sell,2026-07-20 11:30:00,2026-07-20 13:01:00,16.1667,16.2079,606,0.05,0.00255,模型转空
2026-07-20,600653.SSE,sell,2026-07-20 11:29:00,2026-07-20 13:03:00,147.7725,147.7725,67,-25.11,0.0,模型转空
2026-07-20,301276.SZSE,sell,2026-07-20 13:07:00,2026-07-20 13:10:00,25.912,25.384,375,-223.0,-0.02038,止损
2026-07-20,300577.SZSE,sell,2026-07-20 13:18:00,2026-07-20 13:19:00,69.9744,70.4604,141,43.67,0.00695,模型转空
2026-07-20,301276.SZSE,sell,2026-07-20 13:15:00,2026-07-20 13:20:00,24.46,24.988,375,174.23,0.02159,模型转空
2026-07-20,600653.SSE,sell,2026-07-20 13:18:00,2026-07-20 13:20:00,146.0261,147.7725,68,94.0,0.01196,模型转空
2026-07-20,600673.SSE,sell,2026-07-20 13:14:00,2026-07-20 13:22:00,470.307,459.0205,19,-244.4,-0.024,止损
2026-07-20,600748.SSE,sell,2026-07-20 13:23:00,2026-07-20 13:25:00,27.8232,27.8898,356,-1.37,0.00239,模型转空
2026-07-20,002397.SZSE,sell,2026-07-20 13:25:00,2026-07-20 13:26:00,47.4432,47.5488,205,-3.15,0.00222,模型转空
2026-07-20,600743.SSE,sell,2026-07-20 13:25:00,2026-07-20 13:26:00,63.3277,63.6245,157,21.61,0.00469,模型转空
2026-07-20,301520.SZSE,sell,2026-07-20 13:26:00,2026-07-20 13:28:00,87.138,88.58,70,82.08,0.01655,模型转空
2026-07-20,600675.SSE,sell,2026-07-20 13:27:00,2026-07-20 13:30:00,117.2854,117.6815,84,8.44,0.00338,模型转空
2026-07-20,600708.SSE,sell,2026-07-20 13:30:00,2026-07-20 13:31:00,38.3583,38.4523,255,-0.9,0.00245,模型转空
2026-07-20,002702.SZSE,sell,2026-07-20 13:30:00,2026-07-20 13:31:00,31.96,32.028,302,-4.15,0.00213,模型转空
2026-07-20,600653.SSE,sell,2026-07-20 13:26:00,2026-07-20 13:32:00,146.0261,147.7725,68,94.0,0.01196,模型转空
2026-07-20,002374.SZSE,sell,2026-07-20 13:30:00,2026-07-20 13:34:00,18.1986,18.1986,535,-24.8,0.0,模型转空
2026-07-20,002331.SZSE,sell,2026-07-20 13:32:00,2026-07-20 13:35:00,35.582,35.4802,274,-52.72,-0.00286,模型转空
2026-07-20,300599.SZSE,sell,2026-07-20 13:30:00,2026-07-20 13:37:00,10.28,10.21,902,-87.23,-0.00681,模型转空
2026-07-20,002012.SZSE,sell,2026-07-20 13:31:00,2026-07-20 13:38:00,27.5797,27.3367,349,-109.6,-0.00881,模型转空
2026-07-20,600802.SSE,sell,2026-07-20 13:32:00,2026-07-20 13:38:00,16.1943,16.149,605,-52.35,-0.0028,模型转空
2026-07-20,603679.SSE,sell,2026-07-20 13:35:00,2026-07-20 13:38:00,21.258,21.314,418,-0.1,0.00263,模型转空
2026-07-20,301520.SZSE,sell,2026-07-20 13:37:00,2026-07-20 13:39:00,85.164,82.896,70,-178.59,-0.02663,止损
2026-07-20,600231.SSE,sell,2026-07-20 13:39:00,2026-07-20 13:41:00,15.3652,15.4285,646,15.77,0.00412,模型转空
2026-07-20,301067.SZSE,sell,2026-07-20 13:34:00,2026-07-20 13:42:00,43.032,42.852,216,-63.06,-0.00418,模型转空
2026-07-20,600653.SSE,sell,2026-07-20 13:38:00,2026-07-20 13:42:00,144.2797,146.0261,68,94.18,0.0121,模型转空
2026-07-20,600638.SSE,sell,2026-07-20 13:38:00,2026-07-20 13:42:00,82.2812,82.2812,117,-24.74,0.0,模型转空
2026-07-20,600794.SSE,sell,2026-07-20 13:39:00,2026-07-20 13:42:00,80.8543,81.1105,123,6.45,0.00317,模型转空
2026-07-20,301178.SZSE,sell,2026-07-20 13:44:00,2026-07-20 13:48:00,57.9548,58.6996,151,89.33,0.01285,模型转空
2026-07-20,300510.SZSE,sell,2026-07-20 13:45:00,2026-07-20 13:48:00,19.4319,19.4319,508,-25.02,0.0,模型转空
2026-07-20,300078.SZSE,sell,2026-07-20 13:45:00,2026-07-20 13:48:00,38.1287,38.2412,257,4.0,0.00295,模型转空
2026-07-20,301618.SZSE,sell,2026-07-20 13:45:00,2026-07-20 13:49:00,67.2696,68.23,101,76.61,0.01428,模型转空
2026-07-20,300577.SZSE,sell,2026-07-20 13:44:00,2026-07-20 13:50:00,67.9332,66.54,141,-221.62,-0.02051,止损
2026-07-20,600653.SSE,sell,2026-07-20 13:53:00,2026-07-20 13:54:00,142.5333,144.2797,69,95.92,0.01225,模型转空
2026-07-20,300577.SZSE,sell,2026-07-20 13:50:00,2026-07-20 13:56:00,66.54,66.9612,141,35.24,0.00633,模型转空
2026-07-20,600653.SSE,sell,2026-07-20 13:56:00,2026-07-20 13:57:00,142.5333,144.2797,69,95.92,0.01225,模型转空
2026-07-20,301678.SZSE,sell,2026-07-20 13:53:00,2026-07-20 13:58:00,40.84,40.88,195,-14.33,0.00098,模型转空
2026-07-20,600231.SSE,sell,2026-07-20 13:54:00,2026-07-20 13:58:00,15.3652,15.3652,646,-25.09,0.0,模型转空
2026-07-20,002285.SZSE,sell,2026-07-20 13:58:00,2026-07-20 14:00:00,32.6341,32.7678,305,15.66,0.0041,模型转空
2026-07-20,002495.SZSE,sell,2026-07-20 13:59:00,2026-07-20 14:01:00,20.5336,20.6236,482,18.28,0.00438,模型转空
2026-07-20,600653.SSE,sell,2026-07-20 14:00:00,2026-07-20 14:01:00,142.5333,144.2797,69,95.92,0.01225,模型转空
2026-07-20,600540.SSE,sell,2026-07-20 13:59:00,2026-07-20 14:02:00,9.0849,9.1197,1077,12.58,0.00383,模型转空
2026-07-20,600231.SSE,sell,2026-07-20 14:01:00,2026-07-20 14:02:00,15.3019,15.4285,646,56.7,0.00827,模型转空
2026-07-20,600638.SSE,sell,2026-07-20 14:01:00,2026-07-20 14:02:00,81.6505,81.8607,117,0.13,0.00258,模型转空
2026-07-20,300795.SZSE,sell,2026-07-20 13:53:00,2026-07-20 14:03:00,36.8412,37.163,248,56.08,0.00873,模型转空
2026-07-20,301067.SZSE,sell,2026-07-20 13:53:00,2026-07-20 14:03:00,42.006,41.88,216,-51.05,-0.003,模型转空
2026-07-20,600975.SSE,sell,2026-07-20 14:08:00,2026-07-20 14:09:00,34.5417,34.6048,289,-6.93,0.00183,模型转空
2026-07-20,300929.SZSE,sell,2026-07-20 14:10:00,2026-07-20 14:11:00,20.25,20.394,493,45.8,0.00711,模型转空
2026-07-20,301237.SZSE,sell,2026-07-20 14:10:00,2026-07-20 14:11:00,50.9,51.24,137,26.19,0.00668,模型转空
2026-07-20,600527.SSE,sell,2026-07-20 14:10:00,2026-07-20 14:12:00,57.3245,57.5141,172,7.6,0.00331,模型转空
2026-07-20,600716.SSE,sell,2026-07-20 14:13:00,2026-07-20 14:14:00,15.732,15.7723,620,0.16,0.00256,模型转空
2026-07-20,000407.SZSE,sell,2026-07-20 14:13:00,2026-07-20 14:14:00,50.0361,50.3003,198,27.26,0.00528,模型转空
2026-07-20,002887.SZSE,sell,2026-07-20 14:12:00,2026-07-20 14:15:00,46.071,45.135,209,-220.66,-0.02032,止损
2026-07-20,600802.SSE,sell,2026-07-20 14:12:00,2026-07-20 14:15:00,15.877,15.9676,605,30.25,0.00571,模型转空
2026-07-20,301520.SZSE,sell,2026-07-20 14:13:00,2026-07-20 14:15:00,85.22,87.39,70,133.47,0.02546,模型转空
2026-07-20,600653.SSE,sell,2026-07-20 14:14:00,2026-07-20 14:15:00,142.5333,144.2797,69,95.92,0.01225,模型转空
2026-07-20,600743.SSE,sell,2026-07-20 14:15:00,2026-07-20 14:16:00,62.734,63.0308,157,21.75,0.00473,模型转空
2026-07-20,002734.SZSE,sell,2026-07-20 14:14:00,2026-07-20 14:17:00,45.9243,46.4989,206,94.37,0.01251,模型转空
2026-07-20,002887.SZSE,sell,2026-07-20 14:15:00,2026-07-20 14:23:00,45.135,45.837,209,122.61,0.01555,模型转空
2026-07-20,000720.SZSE,sell,2026-07-20 14:20:00,2026-07-20 14:23:00,23.9471,23.4619,408,-222.75,-0.02026,止损
2026-07-20,600653.SSE,sell,2026-07-20 14:22:00,2026-07-20 14:24:00,142.5333,144.2797,69,95.92,0.01225,模型转空
2026-07-20,300190.SZSE,sell,2026-07-20 14:24:00,2026-07-20 14:26:00,46.0196,46.1233,214,-2.79,0.00225,模型转空
2026-07-20,600802.SSE,sell,2026-07-20 14:24:00,2026-07-20 14:27:00,15.8316,15.9223,630,31.9,0.00573,模型转空
2026-07-20,002626.SZSE,sell,2026-07-20 14:25:00,2026-07-20 14:27:00,121.112,121.752,72,22.93,0.00528,模型转空
2026-07-20,000720.SZSE,sell,2026-07-20 14:23:00,2026-07-20 14:28:00,23.4619,23.4619,421,-25.04,0.0,模型转空
2026-07-20,002522.SZSE,sell,2026-07-20 14:26:00,2026-07-20 14:29:00,41.0176,41.3504,240,54.92,0.00811,模型转空
2026-07-20,600527.SSE,sell,2026-07-20 14:28:00,2026-07-20 14:29:00,57.3245,57.5141,172,7.6,0.00331,模型转空
2026-07-20,603067.SSE,sell,2026-07-20 14:25:00,2026-07-20 14:30:00,85.7338,85.7064,106,-26.79,-0.00032,模型转空
2026-07-20,600653.SSE,sell,2026-07-20 14:29:00,2026-07-20 14:30:00,142.5333,144.2797,69,95.92,0.01225,模型转空
2026-07-20,600307.SSE,sell,2026-07-20 14:29:00,2026-07-20 14:31:00,6.8894,6.9211,1450,20.71,0.0046,模型转空
2026-07-20,301097.SZSE,sell,2026-07-20 14:30:00,2026-07-20 14:31:00,46.4192,46.9513,204,84.38,0.01146,模型转空
2026-07-20,002734.SZSE,sell,2026-07-20 14:29:00,2026-07-20 14:32:00,45.5221,45.4646,206,-36.2,-0.00126,模型转空
2026-07-20,301157.SZSE,sell,2026-07-20 14:29:00,2026-07-20 14:34:00,53.23,52.14,98,-125.68,-0.02048,止损
2026-07-20,600527.SSE,sell,2026-07-20 14:32:00,2026-07-20 14:35:00,57.3245,57.3245,172,-25.0,0.0,模型转空
2026-07-20,600653.SSE,sell,2026-07-20 14:36:00,2026-07-20 14:38:00,140.787,142.5333,70,97.66,0.0124,模型转空
2026-07-20,301520.SZSE,sell,2026-07-20 14:41:00,2026-07-20 14:43:00,83.204,80.04,70,-241.39,-0.03803,止损
2026-07-20,600653.SSE,sell,2026-07-20 14:43:00,2026-07-20 14:44:00,140.787,142.5333,70,97.66,0.0124,模型转空
2026-07-20,600231.SSE,sell,2026-07-20 14:44:00,2026-07-20 14:46:00,15.3019,15.3652,646,15.84,0.00414,模型转空
2026-07-20,301520.SZSE,sell,2026-07-20 14:43:00,2026-07-20 14:50:00,80.04,80.726,70,29.67,0.00857,尾盘平仓
2026-07-20,300440.SZSE,sell,2026-07-20 14:43:00,2026-07-20 14:50:00,68.6963,71.0163,145,311.45,0.03377,尾盘平仓
2026-07-21,002766.SZSE,sell,2026-07-21 09:37:00,2026-07-21 09:40:00,7.558,7.398,1310,-234.58,-0.02117,止损
2026-07-21,600653.SSE,sell,2026-07-21 09:37:00,2026-07-21 09:40:00,140.787,140.787,70,-25.05,0.0,模型转空
2026-07-21,600203.SSE,sell,2026-07-21 09:35:00,2026-07-21 09:42:00,15.7012,15.6024,595,-83.01,-0.00629,模型转空
2026-07-21,300577.SZSE,sell,2026-07-21 09:35:00,2026-07-21 09:45:00,64.272,65.8272,141,196.08,0.0242,模型转空
2026-07-21,600653.SSE,sell,2026-07-21 09:59:00,2026-07-21 10:02:00,137.2942,139.0406,72,101.17,0.01272,模型转空
2026-07-21,301353.SZSE,sell,2026-07-21 10:01:00,2026-07-21 10:04:00,26.7324,27.0366,339,79.45,0.01138,模型转空
2026-07-21,300405.SZSE,sell,2026-07-21 10:02:00,2026-07-21 10:06:00,16.9042,16.9422,570,-2.99,0.00225,模型转空
2026-07-21,301252.SZSE,sell,2026-07-21 10:01:00,2026-07-21 10:07:00,52.834,52.792,186,-32.86,-0.0008,模型转空
2026-07-21,300448.SZSE,sell,2026-07-21 10:02:00,2026-07-21 10:07:00,37.3042,37.5327,262,35.05,0.00613,模型转空
2026-07-21,301309.SZSE,sell,2026-07-21 09:59:00,2026-07-21 10:08:00,25.92,25.7,382,-109.11,-0.00849,模型转空
2026-07-21,600653.SSE,sell,2026-07-21 10:18:00,2026-07-21 10:19:00,135.5478,137.2942,73,102.93,0.01288,模型转空
2026-07-21,600794.SSE,sell,2026-07-21 10:28:00,2026-07-21 10:30:00,80.0859,80.3421,123,6.59,0.0032,模型转空
2026-07-21,301520.SZSE,sell,2026-07-21 10:34:00,2026-07-21 10:37:00,60.888,60.846,140,-28.94,-0.00069,模型转空
2026-07-21,300190.SZSE,sell,2026-07-21 10:32:00,2026-07-21 10:38:00,42.8055,42.7019,230,-48.95,-0.00242,模型转空
2026-07-21,600794.SSE,sell,2026-07-21 10:43:00,2026-07-21 10:46:00,79.8298,79.8298,123,-25.01,0.0,模型转空
2026-07-21,600653.SSE,sell,2026-07-21 10:42:00,2026-07-21 10:47:00,135.5478,137.2942,73,102.93,0.01288,模型转空
2026-07-21,600493.SSE,sell,2026-07-21 10:46:00,2026-07-21 10:50:00,12.1751,12.4151,798,166.74,0.01971,模型转空
2026-07-21,001206.SZSE,sell,2026-07-21 10:49:00,2026-07-21 10:50:00,52.18,51.0824,167,-207.12,-0.02103,止损
2026-07-21,001206.SZSE,sell,2026-07-21 10:51:00,2026-07-21 10:55:00,49.6908,48.9264,167,-150.69,-0.01538,模型转空
2026-07-21,600653.SSE,sell,2026-07-21 11:00:00,2026-07-21 11:01:00,135.5478,137.2942,73,102.93,0.01288,模型转空
2026-07-21,300795.SZSE,sell,2026-07-21 11:04:00,2026-07-21 11:08:00,39.7955,39.8832,248,-3.24,0.00221,模型转空
2026-07-21,600307.SSE,sell,2026-07-21 11:27:00,2026-07-21 11:29:00,6.8578,6.8894,1450,20.78,0.00462,模型转空
2026-07-21,600307.SSE,sell,2026-07-21 13:13:00,2026-07-21 13:16:00,6.8578,6.8894,1450,20.78,0.00462,模型转空
2026-07-21,600231.SSE,sell,2026-07-21 13:28:00,2026-07-21 13:29:00,15.3019,15.3652,646,15.84,0.00414,模型转空
2026-07-21,300247.SZSE,sell,2026-07-21 13:28:00,2026-07-21 13:29:00,22.59,22.65,428,0.98,0.00266,模型转空
2026-07-21,600231.SSE,sell,2026-07-21 13:30:00,2026-07-21 13:31:00,15.3019,15.3652,646,15.84,0.00414,模型转空
2026-07-21,300247.SZSE,sell,2026-07-21 13:30:00,2026-07-21 13:31:00,22.59,22.59,428,-24.72,0.0,模型转空
2026-07-21,600638.SSE,sell,2026-07-21 13:30:00,2026-07-21 13:32:00,81.0197,81.0197,123,-25.17,0.0,模型转空
2026-07-21,000635.SZSE,sell,2026-07-21 13:31:00,2026-07-21 13:32:00,20.9843,21.039,463,0.58,0.00261,模型转空
2026-07-21,600794.SSE,sell,2026-07-21 13:31:00,2026-07-21 13:33:00,80.5982,80.5982,123,-25.15,0.0,模型转空
2026-07-21,600325.SSE,sell,2026-07-21 13:31:00,2026-07-21 13:35:00,35.2343,35.1552,283,-47.56,-0.00224,模型转空
2026-07-21,600653.SSE,sell,2026-07-21 13:34:00,2026-07-21 13:35:00,137.2942,139.0406,72,101.17,0.01272,模型转空
2026-07-21,000868.SZSE,sell,2026-07-21 13:35:00,2026-07-21 13:36:00,14.1143,14.1597,685,6.4,0.00322,模型转空
2026-07-21,600653.SSE,sell,2026-07-21 13:40:00,2026-07-21 13:41:00,137.2942,139.0406,72,101.17,0.01272,模型转空
2026-07-21,000868.SZSE,sell,2026-07-21 13:52:00,2026-07-21 13:53:00,14.1143,14.1597,685,6.4,0.00322,模型转空
2026-07-21,002495.SZSE,sell,2026-07-21 13:54:00,2026-07-21 13:56:00,20.2638,20.3537,492,19.08,0.00444,模型转空
2026-07-21,600307.SSE,sell,2026-07-21 13:59:00,2026-07-21 14:00:00,6.8578,6.8894,1450,20.78,0.00462,模型转空
2026-07-21,600425.SSE,sell,2026-07-21 13:59:00,2026-07-21 14:00:00,20.9494,21.0021,473,-0.18,0.00251,模型转空
2026-07-21,301520.SZSE,sell,2026-07-21 14:00:00,2026-07-21 14:01:00,68.378,69.008,140,63.97,0.00921,模型转空
2026-07-21,600425.SSE,sell,2026-07-21 14:03:00,2026-07-21 14:04:00,20.8968,20.9494,473,-0.14,0.00252,模型转空
2026-07-21,600307.SSE,sell,2026-07-21 14:03:00,2026-07-21 14:05:00,6.8578,6.8894,1450,20.78,0.00462,模型转空
2026-07-21,002178.SZSE,sell,2026-07-21 14:14:00,2026-07-21 14:16:00,27.4484,27.5119,350,-2.4,0.00231,模型转空
2026-07-21,600325.SSE,sell,2026-07-21 14:20:00,2026-07-21 14:22:00,35.0761,35.1552,283,-2.72,0.00225,模型转空
2026-07-21,600425.SSE,sell,2026-07-21 14:24:00,2026-07-21 14:26:00,20.8968,20.9494,473,-0.14,0.00252,模型转空
2026-07-21,301520.SZSE,sell,2026-07-21 14:28:00,2026-07-21 14:30:00,66.292,67.496,140,145.14,0.01816,模型转空
2026-07-21,300324.SZSE,sell,2026-07-21 14:29:00,2026-07-21 14:31:00,89.0038,89.2444,110,1.58,0.0027,模型转空
2026-07-21,000753.SZSE,sell,2026-07-21 14:29:00,2026-07-21 14:33:00,51.9279,51.9279,190,-25.0,0.0,模型转空
2026-07-21,002178.SZSE,sell,2026-07-21 14:32:00,2026-07-21 14:34:00,27.3849,27.4484,350,-2.36,0.00232,模型转空
2026-07-22,600653.SSE,sell,2026-07-22 10:10:00,2026-07-22 10:11:00,139.0406,140.787,71,99.41,0.01256,模型转空
2026-07-22,600653.SSE,sell,2026-07-22 10:12:00,2026-07-22 10:13:00,139.0406,140.787,71,99.41,0.01256,模型转空
2026-07-22,600794.SSE,sell,2026-07-22 10:47:00,2026-07-22 10:49:00,80.0859,80.3421,123,6.59,0.0032,模型转空
2026-07-22,300795.SZSE,sell,2026-07-22 11:03:00,2026-07-22 11:06:00,44.9727,45.587,217,108.78,0.01366,模型转空
2026-07-22,600653.SSE,sell,2026-07-22 11:06:00,2026-07-22 11:11:00,137.2942,139.0406,72,101.17,0.01272,模型转空
2026-07-22,000558.SZSE,sell,2026-07-22 11:30:00,2026-07-22 13:01:00,23.0468,23.1215,431,7.06,0.00324,模型转空
2026-07-22,300968.SZSE,sell,2026-07-22 13:17:00,2026-07-22 13:18:00,13.01,13.19,763,112.19,0.01384,模型转空
2026-07-22,000753.SZSE,sell,2026-07-22 13:25:00,2026-07-22 13:26:00,51.5481,51.5481,190,-24.89,0.0,模型转空
2026-07-22,600527.SSE,sell,2026-07-22 13:27:00,2026-07-22 13:29:00,57.135,57.5141,172,40.26,0.00663,模型转空
2026-07-22,000809.SZSE,sell,2026-07-22 13:28:00,2026-07-22 13:31:00,8.312,8.3404,1198,8.8,0.00341,模型转空
2026-07-22,600293.SSE,sell,2026-07-22 13:31:00,2026-07-22 13:32:00,8.685,8.7172,1138,11.56,0.0037,模型转空
2026-07-22,000635.SZSE,sell,2026-07-22 13:31:00,2026-07-22 13:35:00,20.8747,20.9295,463,0.66,0.00262,模型转空
2026-07-22,002285.SZSE,sell,2026-07-22 13:34:00,2026-07-22 13:35:00,32.5005,32.7678,305,56.55,0.00823,模型转空
2026-07-22,002552.SZSE,sell,2026-07-22 13:28:00,2026-07-22 13:36:00,126.515,126.575,65,-18.71,0.00047,模型转空
2026-07-22,600960.SSE,sell,2026-07-22 13:32:00,2026-07-22 13:36:00,15.4254,15.4666,629,1.13,0.00267,模型转空
2026-07-22,600653.SSE,sell,2026-07-22 13:35:00,2026-07-22 13:36:00,139.0406,140.787,71,99.41,0.01256,模型转空
2026-07-22,600527.SSE,sell,2026-07-22 13:40:00,2026-07-22 13:41:00,57.135,57.3245,172,7.65,0.00332,模型转空
2026-07-22,301053.SZSE,sell,2026-07-22 13:45:00,2026-07-22 13:50:00,52.5094,52.6494,140,-1.58,0.00267,模型转空
2026-07-22,600653.SSE,sell,2026-07-22 13:49:00,2026-07-22 13:51:00,139.0406,140.787,71,99.41,0.01256,模型转空
2026-07-22,002397.SZSE,sell,2026-07-22 13:52:00,2026-07-22 13:55:00,45.649,45.649,212,-24.77,0.0,模型转空
2026-07-22,600293.SSE,sell,2026-07-22 13:55:00,2026-07-22 13:57:00,8.685,8.7172,1138,11.56,0.0037,模型转空
2026-07-22,600653.SSE,sell,2026-07-22 13:57:00,2026-07-22 13:58:00,139.0406,140.787,71,99.41,0.01256,模型转空
2026-07-22,000753.SZSE,sell,2026-07-22 13:58:00,2026-07-22 14:01:00,51.4215,51.5481,190,-0.82,0.00246,模型转空
2026-07-22,002285.SZSE,sell,2026-07-22 13:59:00,2026-07-22 14:01:00,32.5005,32.6341,305,15.72,0.00411,模型转空
2026-07-22,300510.SZSE,sell,2026-07-22 14:00:00,2026-07-22 14:01:00,19.1854,19.247,508,6.47,0.00321,模型转空
2026-07-22,300795.SZSE,sell,2026-07-22 13:59:00,2026-07-22 14:02:00,44.3,44.5925,217,38.98,0.0066,模型转空
2026-07-22,600300.SSE,sell,2026-07-22 14:01:00,2026-07-22 14:02:00,23.8938,23.951,416,-1.34,0.00239,模型转空
2026-07-22,600653.SSE,sell,2026-07-22 14:07:00,2026-07-22 14:08:00,139.0406,140.787,71,99.41,0.01256,模型转空
2026-07-22,600794.SSE,sell,2026-07-22 14:08:00,2026-07-22 14:09:00,79.8298,80.0859,123,6.64,0.00321,模型转空
2026-07-22,300795.SZSE,sell,2026-07-22 14:06:00,2026-07-22 14:10:00,44.0952,44.3292,217,26.32,0.00531,模型转空
2026-07-22,000695.SZSE,sell,2026-07-22 14:09:00,2026-07-22 14:10:00,36.6268,36.9036,241,43.37,0.00756,模型转空
2026-07-22,600653.SSE,sell,2026-07-22 14:09:00,2026-07-22 14:11:00,139.0406,140.787,71,99.41,0.01256,模型转空
2026-07-22,002397.SZSE,sell,2026-07-22 14:12:00,2026-07-22 14:13:00,45.4379,45.5434,212,-2.26,0.00232,模型转空
2026-07-22,002426.SZSE,sell,2026-07-22 14:12:00,2026-07-22 14:13:00,12.975,13.025,764,13.1,0.00385,模型转空
2026-07-22,002702.SZSE,sell,2026-07-22 14:14:00,2026-07-22 14:15:00,30.192,30.26,329,-2.73,0.00225,模型转空
2026-07-22,600794.SSE,sell,2026-07-22 14:15:00,2026-07-22 14:17:00,79.8298,80.0859,123,6.64,0.00321,模型转空
2026-07-22,600527.SSE,sell,2026-07-22 14:16:00,2026-07-22 14:17:00,57.135,57.3245,172,7.65,0.00332,模型转空
2026-07-22,002702.SZSE,sell,2026-07-22 14:16:00,2026-07-22 14:18:00,30.192,30.26,329,-2.73,0.00225,模型转空
2026-07-22,002562.SZSE,sell,2026-07-22 14:17:00,2026-07-22 14:18:00,30.428,30.492,324,-4.26,0.0021,模型转空
2026-07-22,600300.SSE,sell,2026-07-22 14:28:00,2026-07-22 14:29:00,23.8938,23.951,416,-1.34,0.00239,模型转空
2026-07-22,600653.SSE,sell,2026-07-22 14:28:00,2026-07-22 14:31:00,139.0406,140.787,71,99.41,0.01256,模型转空
2026-07-22,002374.SZSE,sell,2026-07-22 14:29:00,2026-07-22 14:31:00,18.1986,18.1986,535,-24.8,0.0,模型转空
2026-07-22,300795.SZSE,sell,2026-07-22 14:30:00,2026-07-22 14:31:00,43.9197,44.417,217,83.66,0.01132,模型转空
2026-07-22,002397.SZSE,sell,2026-07-22 14:30:00,2026-07-22 14:31:00,45.4379,45.649,212,20.18,0.00465,模型转空
2026-07-22,600743.SSE,sell,2026-07-22 14:30:00,2026-07-22 14:31:00,62.4371,62.734,157,21.82,0.00475,模型转空
2026-07-22,600653.SSE,sell,2026-07-22 14:39:00,2026-07-22 14:40:00,139.0406,140.787,71,99.41,0.01256,模型转空
2026-07-22,301520.SZSE,sell,2026-07-22 14:43:00,2026-07-22 14:50:00,73.32,73.88,70,21.53,0.00764,尾盘平仓
2026-07-23,600653.SSE,sell,2026-07-23 10:35:00,2026-07-23 10:36:00,142.5333,144.2797,69,95.92,0.01225,模型转空
2026-07-23,600653.SSE,sell,2026-07-23 10:44:00,2026-07-23 10:45:00,142.5333,144.2797,69,95.92,0.01225,模型转空
2026-07-23,600653.SSE,sell,2026-07-23 10:46:00,2026-07-23 10:49:00,142.5333,144.2797,69,95.92,0.01225,模型转空
2026-07-23,300968.SZSE,sell,2026-07-23 10:50:00,2026-07-23 10:54:00,12.11,12.29,763,113.23,0.01486,模型转空
2026-07-23,603229.SSE,sell,2026-07-23 10:56:00,2026-07-23 10:57:00,35.573,35.8035,267,37.16,0.00648,模型转空
2026-07-23,600653.SSE,sell,2026-07-23 11:07:00,2026-07-23 11:08:00,142.5333,144.2797,69,95.92,0.01225,模型转空
2026-07-23,600653.SSE,sell,2026-07-23 11:11:00,2026-07-23 11:14:00,142.5333,144.2797,69,95.92,0.01225,模型转空
2026-07-23,002676.SZSE,sell,2026-07-23 11:29:00,2026-07-23 13:01:00,21.1875,21.2775,453,16.18,0.00425,模型转空
2026-07-23,600280.SSE,sell,2026-07-23 11:30:00,2026-07-23 13:01:00,34.5902,34.7104,282,9.1,0.00348,模型转空
2026-07-23,600653.SSE,sell,2026-07-23 13:29:00,2026-07-23 13:30:00,146.0261,147.7725,68,94.0,0.01196,模型转空
2026-07-23,600743.SSE,sell,2026-07-23 14:03:00,2026-07-23 14:04:00,63.6245,63.9213,154,20.91,0.00467,模型转空
2026-07-23,000570.SZSE,sell,2026-07-23 14:09:00,2026-07-23 14:12:00,24.2702,24.3242,394,-3.25,0.00223,模型转空
2026-07-23,301520.SZSE,sell,2026-07-23 14:11:00,2026-07-23 14:20:00,74.09,75.826,70,104.15,0.02343,模型转空
2026-07-23,600231.SSE,sell,2026-07-23 14:19:00,2026-07-23 14:20:00,15.6818,15.7451,635,15.04,0.00404,模型转空
2026-07-23,300836.SZSE,sell,2026-07-23 14:19:00,2026-07-23 14:20:00,109.91,110.3058,52,1.95,0.0036,模型转空
2026-07-23,300324.SZSE,sell,2026-07-23 14:21:00,2026-07-23 14:22:00,88.2822,88.5227,110,1.7,0.00272,模型转空
2026-07-23,600638.SSE,sell,2026-07-23 14:26:00,2026-07-23 14:27:00,82.4915,82.7018,117,-0.02,0.00255,模型转空
2026-07-23,600675.SSE,sell,2026-07-23 14:42:00,2026-07-23 14:44:00,117.2854,117.6815,84,8.44,0.00338,模型转空
2026-07-24,301596.SZSE,sell,2026-07-24 09:35:00,2026-07-24 09:40:00,80.1724,80.192,100,-20.28,0.00024,模型转空
2026-07-24,603435.SSE,sell,2026-07-24 09:38:00,2026-07-24 09:40:00,45.77,45.4,200,-97.84,-0.00808,模型转空
2026-07-24,300968.SZSE,sell,2026-07-24 09:35:00,2026-07-24 09:43:00,12.01,11.87,763,-130.72,-0.01166,模型转空
2026-07-24,603286.SSE,sell,2026-07-24 09:36:00,2026-07-24 09:43:00,37.959,37.899,198,-33.34,-0.00158,模型转空
2026-07-24,600653.SSE,sell,2026-07-24 10:15:00,2026-07-24 10:16:00,144.2797,146.0261,68,94.18,0.0121,模型转空
2026-07-24,600653.SSE,sell,2026-07-24 10:17:00,2026-07-24 10:18:00,144.2797,146.0261,68,94.18,0.0121,模型转空
2026-07-24,600653.SSE,sell,2026-07-24 10:19:00,2026-07-24 10:20:00,144.2797,146.0261,68,94.18,0.0121,模型转空
2026-07-24,600653.SSE,sell,2026-07-24 10:27:00,2026-07-24 10:28:00,142.5333,144.2797,69,95.92,0.01225,模型转空
2026-07-24,600653.SSE,sell,2026-07-24 10:30:00,2026-07-24 10:31:00,142.5333,144.2797,69,95.92,0.01225,模型转空
2026-07-24,600653.SSE,sell,2026-07-24 10:39:00,2026-07-24 10:40:00,142.5333,144.2797,69,95.92,0.01225,模型转空
2026-07-24,600653.SSE,sell,2026-07-24 10:46:00,2026-07-24 10:47:00,142.5333,144.2797,69,95.92,0.01225,模型转空
2026-07-24,600653.SSE,sell,2026-07-24 11:02:00,2026-07-24 11:03:00,142.5333,144.2797,69,95.92,0.01225,模型转空
2026-07-24,600653.SSE,sell,2026-07-24 11:08:00,2026-07-24 11:09:00,142.5333,144.2797,69,95.92,0.01225,模型转空
2026-07-24,600527.SSE,sell,2026-07-24 11:17:00,2026-07-24 11:18:00,57.7036,57.8931,172,7.5,0.00328,模型转空
2026-07-24,600307.SSE,sell,2026-07-24 11:17:00,2026-07-24 11:19:00,6.9528,6.9845,1429,20.14,0.00456,模型转空
2026-07-24,600527.SSE,sell,2026-07-24 11:19:00,2026-07-24 11:21:00,57.7036,57.7036,172,-25.1,0.0,模型转空
2026-07-24,600231.SSE,sell,2026-07-24 11:20:00,2026-07-24 11:21:00,15.4285,15.4918,646,15.71,0.0041,模型转空
2026-07-24,300324.SZSE,sell,2026-07-24 11:19:00,2026-07-24 11:22:00,86.1171,86.3577,114,2.49,0.00279,模型转空
2026-07-24,002495.SZSE,sell,2026-07-24 11:21:00,2026-07-24 11:22:00,20.1738,20.2638,492,19.15,0.00446,模型转空
2026-07-24,600653.SSE,sell,2026-07-24 11:22:00,2026-07-24 11:24:00,142.5333,144.2797,69,95.92,0.01225,模型转空
2026-07-24,002239.SZSE,sell,2026-07-24 11:26:00,2026-07-24 11:27:00,22.1985,22.2867,447,14.35,0.00397,模型转空
2026-07-24,002495.SZSE,sell,2026-07-24 11:29:00,2026-07-24 11:30:00,20.1738,20.2638,492,19.15,0.00446,模型转空
2026-07-24,600794.SSE,sell,2026-07-24 11:29:00,2026-07-24 13:01:00,79.8298,80.0859,123,6.64,0.00321,模型转空
2026-07-24,600653.SSE,sell,2026-07-24 11:30:00,2026-07-24 13:01:00,142.5333,146.0261,69,216.85,0.0245,模型转空
2026-07-24,600527.SSE,sell,2026-07-24 13:25:00,2026-07-24 13:27:00,57.7036,57.8931,172,7.5,0.00328,模型转空
2026-07-24,600075.SSE,sell,2026-07-24 13:30:00,2026-07-24 13:33:00,51.811,51.811,189,-24.94,0.0,模型转空
2026-07-24,600743.SSE,sell,2026-07-24 13:31:00,2026-07-24 13:33:00,65.4055,65.7024,151,19.86,0.00454,模型转空
2026-07-24,000720.SZSE,sell,2026-07-24 13:55:00,2026-07-24 13:59:00,23.4619,23.5428,421,9.04,0.00345,模型转空
2026-07-24,600307.SSE,sell,2026-07-24 13:58:00,2026-07-24 14:00:00,6.9528,6.9845,1429,20.14,0.00456,模型转空
2026-07-24,600527.SSE,sell,2026-07-24 14:05:00,2026-07-24 14:06:00,57.5141,57.7036,172,7.55,0.0033,模型转空
2026-07-24,002285.SZSE,sell,2026-07-24 14:07:00,2026-07-24 14:08:00,32.6341,32.7678,305,15.66,0.0041,模型转空
2026-07-24,600675.SSE,sell,2026-07-24 14:08:00,2026-07-24 14:09:00,114.9089,115.305,86,9.17,0.00345,模型转空
2026-07-24,600653.SSE,sell,2026-07-24 14:09:00,2026-07-24 14:10:00,142.5333,144.2797,69,95.92,0.01225,模型转空
2026-07-24,002285.SZSE,sell,2026-07-24 14:11:00,2026-07-24 14:12:00,32.6341,32.7678,305,15.66,0.0041,模型转空
2026-07-24,600300.SSE,sell,2026-07-24 14:11:00,2026-07-24 14:13:00,23.665,23.7794,416,22.58,0.00483,模型转空
2026-07-24,002285.SZSE,sell,2026-07-24 14:15:00,2026-07-24 14:16:00,32.6341,32.7678,305,15.66,0.0041,模型转空
2026-07-24,600653.SSE,sell,2026-07-24 14:16:00,2026-07-24 14:17:00,142.5333,144.2797,69,95.92,0.01225,模型转空
2026-07-24,600527.SSE,sell,2026-07-24 14:17:00,2026-07-24 14:18:00,57.5141,57.7036,172,7.55,0.0033,模型转空
2026-07-24,600653.SSE,sell,2026-07-24 14:20:00,2026-07-24 14:21:00,142.5333,144.2797,69,95.92,0.01225,模型转空
2026-07-24,600325.SSE,sell,2026-07-24 14:22:00,2026-07-24 14:23:00,34.8388,34.9179,283,-2.62,0.00227,模型转空
2026-07-24,600653.SSE,sell,2026-07-24 14:30:00,2026-07-24 14:31:00,142.5333,144.2797,69,95.92,0.01225,模型转空
2026-07-24,600743.SSE,sell,2026-07-24 14:33:00,2026-07-24 14:34:00,65.4055,65.7024,151,19.86,0.00454,模型转空
2026-07-24,600653.SSE,sell,2026-07-24 14:41:00,2026-07-24 14:42:00,142.5333,144.2797,69,95.92,0.01225,模型转空
2026-07-24,600653.SSE,sell,2026-07-24 14:43:00,2026-07-24 14:44:00,142.5333,144.2797,69,95.92,0.01225,模型转空
2026-07-27,603400.SSE,sell,2026-07-27 09:35:00,2026-07-27 09:38:00,49.313,48.143,151,-198.11,-0.02373,止损
2026-07-27,300922.SZSE,sell,2026-07-27 09:35:00,2026-07-27 09:41:00,23.576,22.596,405,-421.06,-0.04157,止损
2026-07-27,605299.SSE,sell,2026-07-27 09:35:00,2026-07-27 09:42:00,12.87,12.73,720,-124.89,-0.01088,模型转空
2026-07-27,600653.SSE,sell,2026-07-27 10:54:00,2026-07-27 10:55:00,146.0261,147.7725,68,94.0,0.01196,模型转空
2026-07-27,600653.SSE,sell,2026-07-27 11:06:00,2026-07-27 11:07:00,146.0261,147.7725,68,94.0,0.01196,模型转空
2026-07-27,600653.SSE,sell,2026-07-27 11:16:00,2026-07-27 11:18:00,146.0261,147.7725,68,94.0,0.01196,模型转空
2026-07-27,600653.SSE,sell,2026-07-27 11:24:00,2026-07-27 11:25:00,146.0261,147.7725,68,94.0,0.01196,模型转空
2026-07-27,600653.SSE,sell,2026-07-27 11:28:00,2026-07-27 13:01:00,146.0261,147.7725,68,94.0,0.01196,模型转空
2026-07-27,002676.SZSE,sell,2026-07-27 11:30:00,2026-07-27 13:01:00,21.6375,21.6825,453,-4.53,0.00208,模型转空
2026-07-27,300779.SZSE,sell,2026-07-27 13:15:00,2026-07-27 13:19:00,156.4956,152.8304,50,-207.26,-0.02342,止损
2026-07-27,600653.SSE,sell,2026-07-27 13:22:00,2026-07-27 13:23:00,144.2797,146.0261,68,94.18,0.0121,模型转空
2026-07-27,600653.SSE,sell,2026-07-27 13:29:00,2026-07-27 13:30:00,144.2797,146.0261,68,94.18,0.0121,模型转空
2026-07-27,600708.SSE,sell,2026-07-27 13:30:00,2026-07-27 13:31:00,38.1704,38.3583,255,23.19,0.00492,模型转空
2026-07-27,600075.SSE,sell,2026-07-27 13:31:00,2026-07-27 13:33:00,51.5731,51.692,189,-2.33,0.00231,模型转空
2026-07-27,600653.SSE,sell,2026-07-27 13:32:00,2026-07-27 13:33:00,144.2797,146.0261,68,94.18,0.0121,模型转空
2026-07-27,002723.SZSE,sell,2026-07-27 13:31:00,2026-07-27 13:34:00,19.2092,19.2092,515,-25.04,0.0,模型转空
2026-07-27,600653.SSE,sell,2026-07-27 13:34:00,2026-07-27 13:37:00,144.2797,146.0261,68,94.18,0.0121,模型转空
2026-07-27,600653.SSE,sell,2026-07-27 13:58:00,2026-07-27 13:59:00,146.0261,147.7725,68,94.0,0.01196,模型转空
2026-07-27,600425.SSE,sell,2026-07-27 13:58:00,2026-07-27 14:00:00,20.7388,20.7915,473,-0.03,0.00254,模型转空
2026-07-27,600653.SSE,sell,2026-07-27 14:15:00,2026-07-27 14:16:00,146.0261,147.7725,68,94.0,0.01196,模型转空
2026-07-27,300922.SZSE,sell,2026-07-27 14:27:00,2026-07-27 14:29:00,23.758,24.024,405,83.01,0.0112,模型转空
2026-07-27,600231.SSE,sell,2026-07-27 14:29:00,2026-07-27 14:33:00,15.5552,15.6185,635,15.16,0.00407,模型转空
2026-07-28,603400.SSE,sell,2026-07-28 09:35:00,2026-07-28 09:42:00,50.015,52.173,151,304.55,0.04315,模型转空
2026-07-28,002702.SZSE,sell,2026-07-28 11:26:00,2026-07-28 11:27:00,31.756,31.824,302,-4.05,0.00214,模型转空
2026-07-28,002580.SZSE,sell,2026-07-28 11:16:00,2026-07-28 11:28:00,72.7979,72.7979,121,-23.5,0.0,模型转空
2026-07-28,600325.SSE,sell,2026-07-28 11:28:00,2026-07-28 11:30:00,35.2343,35.3134,283,-2.79,0.00224,模型转空
2026-07-28,600638.SSE,sell,2026-07-28 11:29:00,2026-07-28 11:30:00,83.7531,83.9633,117,-0.25,0.00251,模型转空
2026-07-28,301520.SZSE,sell,2026-07-28 11:27:00,2026-07-28 13:03:00,84.478,82.602,70,-150.96,-0.02221,止损
2026-07-28,301234.SZSE,sell,2026-07-28 13:17:00,2026-07-28 13:20:00,75.9,75.6,98,-50.97,-0.00395,模型转空
2026-07-28,301520.SZSE,sell,2026-07-28 13:23:00,2026-07-28 13:25:00,79.2,81.23,70,124.27,0.02563,模型转空
2026-07-28,600770.SSE,sell,2026-07-28 13:27:00,2026-07-28 13:29:00,102.1882,102.3933,95,-5.3,0.00201,模型转空
2026-07-28,600638.SSE,sell,2026-07-28 13:28:00,2026-07-28 13:30:00,83.3326,83.5428,117,-0.17,0.00252,模型转空
2026-07-28,600748.SSE,sell,2026-07-28 13:28:00,2026-07-28 13:31:00,28.0894,28.1559,344,-1.82,0.00237,模型转空
2026-07-28,002495.SZSE,sell,2026-07-28 13:29:00,2026-07-28 13:31:00,20.9835,21.0734,471,17.36,0.00429,模型转空
2026-07-28,300324.SZSE,sell,2026-07-28 13:32:00,2026-07-28 13:33:00,89.7255,89.9661,110,1.46,0.00268,模型转空
2026-07-28,600653.SSE,sell,2026-07-28 13:31:00,2026-07-28 13:34:00,153.0116,153.0116,65,-25.17,0.0,模型转空
2026-07-28,300324.SZSE,sell,2026-07-28 13:34:00,2026-07-28 13:35:00,89.7255,89.7255,110,-25.03,0.0,模型转空
2026-07-28,600653.SSE,sell,2026-07-28 13:35:00,2026-07-28 13:36:00,151.2652,153.0116,65,88.82,0.01155,模型转空
2026-07-28,600307.SSE,sell,2026-07-28 13:50:00,2026-07-28 13:51:00,6.9845,7.0162,1429,20.07,0.00454,模型转空
2026-07-28,600653.SSE,sell,2026-07-28 13:51:00,2026-07-28 13:53:00,153.0116,154.758,65,88.65,0.01141,模型转空
2026-07-28,002178.SZSE,sell,2026-07-28 13:58:00,2026-07-28 13:59:00,28.7185,28.782,334,-3.37,0.00221,模型转空
2026-07-28,600075.SSE,sell,2026-07-28 13:58:00,2026-07-28 13:59:00,51.692,51.692,189,-24.91,0.0,模型转空
2026-07-28,002562.SZSE,sell,2026-07-28 14:01:00,2026-07-28 14:02:00,31.068,31.132,310,-4.81,0.00206,模型转空
2026-07-28,002562.SZSE,sell,2026-07-28 14:08:00,2026-07-28 14:10:00,31.068,31.132,310,-4.81,0.00206,模型转空
2026-07-28,600743.SSE,sell,2026-07-28 14:10:00,2026-07-28 14:11:00,68.6708,68.9676,145,17.9,0.00432,模型转空
2026-07-28,002397.SZSE,sell,2026-07-28 14:10:00,2026-07-28 14:12:00,47.5488,47.6543,205,-3.19,0.00222,模型转空
2026-07-28,301520.SZSE,sell,2026-07-28 14:13:00,2026-07-28 14:15:00,79.312,80.334,70,53.38,0.01289,模型转空
2026-07-28,600665.SSE,sell,2026-07-28 14:15:00,2026-07-28 14:16:00,12.9934,13.0269,749,0.29,0.00258,模型转空
2026-07-28,600653.SSE,sell,2026-07-28 14:15:00,2026-07-28 14:17:00,151.2652,153.0116,65,88.82,0.01155,模型转空
2026-07-28,600626.SSE,sell,2026-07-28 14:16:00,2026-07-28 14:18:00,33.9392,34.0218,285,-1.16,0.00243,模型转空
2026-07-28,600527.SSE,sell,2026-07-28 14:28:00,2026-07-28 14:29:00,58.4618,58.6513,168,6.94,0.00324,模型转空
2026-07-28,600626.SSE,sell,2026-07-28 14:29:00,2026-07-28 14:30:00,33.9392,34.0218,285,-1.16,0.00243,模型转空
2026-07-28,600743.SSE,sell,2026-07-28 14:28:00,2026-07-28 14:31:00,68.6708,68.9676,145,17.9,0.00432,模型转空
2026-07-28,600794.SSE,sell,2026-07-28 14:30:00,2026-07-28 14:31:00,81.1105,81.3666,119,5.9,0.00316,模型转空
2026-07-28,600300.SSE,sell,2026-07-28 14:38:00,2026-07-28 14:39:00,24.1226,24.1798,403,-1.75,0.00237,模型转空
2026-07-28,300825.SZSE,sell,2026-07-28 14:38:00,2026-07-28 14:41:00,17.73,17.805,533,15.59,0.00423,模型转空
2026-07-28,600794.SSE,sell,2026-07-28 14:40:00,2026-07-28 14:41:00,81.1105,81.3666,119,5.9,0.00316,模型转空
2026-07-28,002397.SZSE,sell,2026-07-28 14:44:00,2026-07-28 14:46:00,47.5488,47.6543,205,-3.19,0.00222,模型转空
2026-07-29,301234.SZSE,sell,2026-07-29 10:32:00,2026-07-29 10:40:00,69.47,69.35,98,-32.26,-0.00173,模型转空
2026-07-29,600653.SSE,sell,2026-07-29 11:05:00,2026-07-29 11:06:00,156.5044,158.2508,63,85.23,0.01116,模型转空
2026-07-29,600653.SSE,sell,2026-07-29 11:08:00,2026-07-29 11:10:00,156.5044,158.2508,63,85.23,0.01116,模型转空
2026-07-29,300795.SZSE,sell,2026-07-29 11:28:00,2026-07-29 13:01:00,44.6802,45.2652,217,102.51,0.01309,模型转空
2026-07-29,002562.SZSE,sell,2026-07-29 11:30:00,2026-07-29 13:01:00,31.324,31.388,310,-4.93,0.00204,模型转空
2026-07-29,600653.SSE,sell,2026-07-29 11:30:00,2026-07-29 13:04:00,156.5044,158.2508,63,85.23,0.01116,模型转空
2026-07-29,300191.SZSE,sell,2026-07-29 13:13:00,2026-07-29 13:15:00,111.64,111.96,74,1.14,0.00287,模型转空
2026-07-29,300892.SZSE,sell,2026-07-29 13:30:00,2026-07-29 13:32:00,23.32,23.5,389,46.18,0.00772,模型转空
2026-07-29,600794.SSE,sell,2026-07-29 13:52:00,2026-07-29 13:53:00,82.3911,82.6473,119,5.67,0.00311,模型转空
2026-07-29,600794.SSE,sell,2026-07-29 13:54:00,2026-07-29 13:56:00,82.3911,82.6473,119,5.67,0.00311,模型转空
2026-07-29,600425.SSE,sell,2026-07-29 13:58:00,2026-07-29 13:59:00,21.2653,21.318,456,-0.74,0.00248,模型转空
2026-07-29,600626.SSE,sell,2026-07-29 14:00:00,2026-07-29 14:01:00,34.8476,34.9302,285,-1.56,0.00237,模型转空
2026-07-29,600708.SSE,sell,2026-07-29 14:00:00,2026-07-29 14:01:00,39.204,39.298,248,-1.5,0.0024,模型转空
2026-07-29,600425.SSE,sell,2026-07-29 14:00:00,2026-07-29 14:02:00,21.2653,21.318,456,-0.74,0.00248,模型转空
2026-07-29,300247.SZSE,sell,2026-07-29 14:02:00,2026-07-29 14:03:00,23.85,23.91,412,-0.22,0.00252,模型转空
2026-07-29,002285.SZSE,sell,2026-07-29 14:03:00,2026-07-29 14:05:00,34.1044,34.2381,287,13.45,0.00392,模型转空
2026-07-29,600748.SSE,sell,2026-07-29 14:03:00,2026-07-29 14:06:00,28.7549,28.6883,344,-47.92,-0.00231,模型转空
2026-07-29,600626.SSE,sell,2026-07-29 14:06:00,2026-07-29 14:09:00,34.8476,34.9302,285,-1.56,0.00237,模型转空
2026-07-29,600653.SSE,sell,2026-07-29 14:08:00,2026-07-29 14:11:00,156.5044,158.2508,63,85.23,0.01116,模型转空
2026-07-29,002397.SZSE,sell,2026-07-29 14:12:00,2026-07-29 14:14:00,47.8654,47.9709,205,-3.28,0.00221,模型转空
2026-07-29,600231.SSE,sell,2026-07-29 14:14:00,2026-07-29 14:15:00,15.8084,15.8717,624,14.49,0.004,模型转空
2026-07-29,002397.SZSE,sell,2026-07-29 14:17:00,2026-07-29 14:18:00,47.8654,47.9709,205,-3.28,0.00221,模型转空
2026-07-29,600653.SSE,sell,2026-07-29 14:18:00,2026-07-29 14:20:00,156.5044,158.2508,63,85.23,0.01116,模型转空
2026-07-29,600653.SSE,sell,2026-07-29 14:25:00,2026-07-29 14:26:00,156.5044,158.2508,63,85.23,0.01116,模型转空
2026-07-29,002495.SZSE,sell,2026-07-29 14:25:00,2026-07-29 14:26:00,21.2534,21.3433,461,16.57,0.00423,模型转空
2026-07-29,600638.SSE,sell,2026-07-29 14:27:00,2026-07-29 14:28:00,87.9584,88.3789,112,22.21,0.00478,模型转空
2026-07-29,600748.SSE,sell,2026-07-29 14:29:00,2026-07-29 14:31:00,28.6218,28.6883,344,-2.09,0.00233,模型转空
2026-07-29,600794.SSE,sell,2026-07-29 14:36:00,2026-07-29 14:38:00,82.135,82.3911,119,5.71,0.00312,模型转空
2026-07-29,000548.SZSE,sell,2026-07-29 14:39:00,2026-07-29 14:40:00,16.705,16.7405,584,-4.08,0.00213,模型转空
2026-07-29,600653.SSE,sell,2026-07-29 14:39:00,2026-07-29 14:41:00,156.5044,158.2508,63,85.23,0.01116,模型转空
2026-07-29,002495.SZSE,sell,2026-07-29 14:39:00,2026-07-29 14:41:00,21.2534,21.3433,461,16.57,0.00423,模型转空
2026-07-29,603327.SSE,sell,2026-07-29 14:44:00,2026-07-29 14:50:00,23.982,24.0787,404,14.31,0.00403,尾盘平仓
2026-07-30,001896.SZSE,sell,2026-07-30 10:32:00,2026-07-30 10:35:00,14.02,14.16,689,71.8,0.00999,模型转空
2026-07-30,600653.SSE,sell,2026-07-30 10:36:00,2026-07-30 10:37:00,158.2508,159.9971,62,83.53,0.01104,模型转空
2026-07-30,600743.SSE,sell,2026-07-30 10:35:00,2026-07-30 10:38:00,67.4834,67.7803,145,18.16,0.0044,模型转空
2026-07-30,600653.SSE,sell,2026-07-30 11:13:00,2026-07-30 11:14:00,158.2508,159.9971,62,83.53,0.01104,模型转空
2026-07-30,300968.SZSE,sell,2026-07-30 11:15:00,2026-07-30 11:17:00,10.42,10.47,954,22.55,0.0048,模型转空
2026-07-30,600527.SSE,sell,2026-07-30 11:17:00,2026-07-30 11:18:00,59.0304,59.2199,168,6.79,0.00321,模型转空
2026-07-30,600653.SSE,sell,2026-07-30 11:18:00,2026-07-30 11:20:00,158.2508,159.9971,62,83.53,0.01104,模型转空
2026-07-30,002285.SZSE,sell,2026-07-30 11:26:00,2026-07-30 13:01:00,33.9707,33.9707,293,-25.14,0.0,模型转空
2026-07-30,300836.SZSE,sell,2026-07-30 11:19:00,2026-07-30 13:03:00,97.0731,94.7734,52,-137.93,-0.02369,止损
2026-07-30,600653.SSE,sell,2026-07-30 13:05:00,2026-07-30 13:08:00,156.5044,158.2508,63,85.23,0.01116,模型转空
2026-07-30,301520.SZSE,sell,2026-07-30 13:13:00,2026-07-30 13:14:00,68.028,69.064,140,121.14,0.01523,模型转空
2026-07-30,301539.SZSE,sell,2026-07-30 13:17:00,2026-07-30 13:19:00,13.82,13.83,681,-17.51,0.00072,模型转空
2026-07-30,300496.SZSE,sell,2026-07-30 13:17:00,2026-07-30 13:20:00,230.7837,230.3537,24,-29.32,-0.00186,模型转空
2026-07-30,002307.SZSE,sell,2026-07-30 13:28:00,2026-07-30 13:30:00,12.6532,12.6948,772,7.25,0.00329,模型转空
2026-07-30,002580.SZSE,sell,2026-07-30 13:27:00,2026-07-30 13:32:00,76.2654,77.1928,121,88.87,0.01216,模型转空
2026-07-30,600653.SSE,sell,2026-07-30 13:31:00,2026-07-30 13:32:00,156.5044,158.2508,63,85.23,0.01116,模型转空
2026-07-30,300606.SZSE,sell,2026-07-30 13:33:00,2026-07-30 13:36:00,44.575,44.905,194,40.98,0.0074,模型转空
2026-07-30,600653.SSE,sell,2026-07-30 13:35:00,2026-07-30 13:36:00,156.5044,158.2508,63,85.23,0.01116,模型转空
2026-07-30,300836.SZSE,sell,2026-07-30 13:35:00,2026-07-30 13:42:00,94.3021,94.2079,104,-34.85,-0.001,模型转空
2026-07-30,000570.SZSE,sell,2026-07-30 14:00:00,2026-07-30 14:01:00,24.6486,24.7026,394,-3.48,0.00219,模型转空
2026-07-30,603327.SSE,sell,2026-07-30 13:59:00,2026-07-30 14:02:00,24.7312,24.9246,367,47.19,0.00782,模型转空
2026-07-30,300968.SZSE,sell,2026-07-30 14:00:00,2026-07-30 14:02:00,9.9,9.94,954,13.77,0.00404,模型转空
2026-07-30,600300.SSE,sell,2026-07-30 14:03:00,2026-07-30 14:05:00,24.6946,24.7518,403,-2.1,0.00232,模型转空
2026-07-30,603400.SSE,sell,2026-07-30 14:06:00,2026-07-30 14:09:00,60.675,62.56,151,260.85,0.03107,模型转空
2026-07-30,300795.SZSE,sell,2026-07-30 14:08:00,2026-07-30 14:10:00,44.4462,44.885,217,70.76,0.00987,模型转空
2026-07-30,600708.SSE,sell,2026-07-30 14:12:00,2026-07-30 14:14:00,38.0765,38.1704,255,-0.79,0.00247,模型转空
2026-07-30,300440.SZSE,sell,2026-07-30 14:12:00,2026-07-30 14:15:00,56.5763,56.8163,169,16.06,0.00424,模型转空
2026-07-30,002374.SZSE,sell,2026-07-30 14:14:00,2026-07-30 14:15:00,20.1627,20.2261,490,6.02,0.00314,模型转空
2026-07-30,605100.SSE,sell,2026-07-30 14:14:00,2026-07-30 14:16:00,80.155,80.9782,105,63.65,0.01027,模型转空
2026-07-30,300078.SZSE,sell,2026-07-30 14:16:00,2026-07-30 14:17:00,39.7038,39.8162,250,3.01,0.00283,模型转空
2026-07-30,002374.SZSE,sell,2026-07-30 14:21:00,2026-07-30 14:22:00,20.1627,20.2261,490,6.02,0.00314,模型转空
2026-07-30,603400.SSE,sell,2026-07-30 14:22:00,2026-07-30 14:26:00,60.922,60.844,151,-35.79,-0.00128,模型转空
2026-07-30,301520.SZSE,sell,2026-07-30 14:23:00,2026-07-30 14:26:00,65.578,67.762,140,283.12,0.0333,模型转空
2026-07-30,301073.SZSE,sell,2026-07-30 14:27:00,2026-07-30 14:28:00,40.5238,40.7262,214,20.18,0.005,模型转空
2026-07-30,300078.SZSE,sell,2026-07-30 14:28:00,2026-07-30 14:30:00,39.7038,39.8162,250,3.01,0.00283,模型转空
2026-07-30,600626.SSE,sell,2026-07-30 14:40:00,2026-07-30 14:41:00,35.0953,35.1779,276,-1.95,0.00235,模型转空
2026-07-30,600626.SSE,sell,2026-07-30 14:42:00,2026-07-30 14:43:00,35.0953,35.0953,276,-24.72,0.0,模型转空
2026-07-30,301068.SZSE,sell,2026-07-30 14:43:00,2026-07-30 14:44:00,40.1173,40.3708,231,34.58,0.00632,模型转空
2026-07-30,300078.SZSE,sell,2026-07-30 14:44:00,2026-07-30 14:46:00,39.4787,39.5913,250,3.1,0.00285,模型转空
2026-07-31,301158.SZSE,sell,2026-07-31 09:35:00,2026-07-31 09:42:00,20.1894,20.1894,434,-23.33,0.0,模型转空
2026-07-31,601086.SSE,sell,2026-07-31 09:36:00,2026-07-31 09:42:00,9.26,9.31,1066,28.27,0.0054,模型转空
2026-07-31,605068.SSE,sell,2026-07-31 10:48:00,2026-07-31 10:57:00,21.32,21.21,378,-63.89,-0.00516,模型转空
2026-07-31,002239.SZSE,sell,2026-07-31 13:23:00,2026-07-31 13:24:00,23.4333,23.5215,426,12.36,0.00376,模型转空
2026-07-31,600231.SSE,sell,2026-07-31 13:24:00,2026-07-31 13:25:00,15.9983,16.0616,624,14.31,0.00396,模型转空
2026-07-31,600527.SSE,sell,2026-07-31 13:27:00,2026-07-31 13:28:00,59.2199,59.4095,168,6.74,0.0032,模型转空
2026-07-31,600231.SSE,sell,2026-07-31 13:28:00,2026-07-31 13:29:00,15.9983,15.9983,624,-25.19,0.0,模型转空
2026-07-31,002239.SZSE,sell,2026-07-31 13:28:00,2026-07-31 13:29:00,23.4333,23.5215,426,12.36,0.00376,模型转空
2026-07-31,002285.SZSE,sell,2026-07-31 13:28:00,2026-07-31 13:29:00,34.2381,34.3717,287,13.39,0.0039,模型转空
2026-07-31,600665.SSE,sell,2026-07-31 13:30:00,2026-07-31 13:31:00,13.3621,13.3956,726,-0.43,0.00251,模型转空
2026-07-31,600307.SSE,sell,2026-07-31 13:31:00,2026-07-31 13:32:00,7.1112,7.1429,1388,18.93,0.00445,模型转空
2026-07-31,002285.SZSE,sell,2026-07-31 13:31:00,2026-07-31 13:33:00,34.2381,34.3717,287,13.39,0.0039,模型转空
2026-07-31,600527.SSE,sell,2026-07-31 13:34:00,2026-07-31 13:36:00,59.2199,59.4095,168,6.74,0.0032,模型转空
2026-07-31,600653.SSE,sell,2026-07-31 13:42:00,2026-07-31 13:43:00,156.5044,158.2508,63,85.23,0.01116,模型转空
2026-07-31,600653.SSE,sell,2026-07-31 13:44:00,2026-07-31 13:45:00,156.5044,158.2508,63,85.23,0.01116,模型转空
2026-07-31,600665.SSE,sell,2026-07-31 13:45:00,2026-07-31 13:47:00,13.3621,13.3956,726,-0.43,0.00251,模型转空
2026-07-31,002285.SZSE,sell,2026-07-31 13:45:00,2026-07-31 13:48:00,34.2381,34.3717,287,13.39,0.0039,模型转空
2026-07-31,301520.SZSE,sell,2026-07-31 13:49:00,2026-07-31 13:51:00,62.862,63.674,140,90.75,0.01292,模型转空
2026-07-31,002397.SZSE,sell,2026-07-31 13:57:00,2026-07-31 13:58:00,48.182,48.2876,205,-3.38,0.00219,模型转空
2026-07-31,600653.SSE,sell,2026-07-31 13:57:00,2026-07-31 13:58:00,156.5044,158.2508,63,85.23,0.01116,模型转空
2026-07-31,600653.SSE,sell,2026-07-31 14:07:00,2026-07-31 14:09:00,156.5044,158.2508,63,85.23,0.01116,模型转空
2026-07-31,002397.SZSE,sell,2026-07-31 14:15:00,2026-07-31 14:16:00,48.182,48.2876,205,-3.38,0.00219,模型转空
2026-07-31,600653.SSE,sell,2026-07-31 14:16:00,2026-07-31 14:18:00,156.5044,158.2508,63,85.23,0.01116,模型转空
2026-07-31,002397.SZSE,sell,2026-07-31 14:17:00,2026-07-31 14:18:00,48.182,48.2876,205,-3.38,0.00219,模型转空
2026-07-31,002397.SZSE,sell,2026-07-31 14:21:00,2026-07-31 14:23:00,48.182,48.2876,205,-3.38,0.00219,模型转空
2026-07-31,000570.SZSE,sell,2026-07-31 14:41:00,2026-07-31 14:44:00,24.9729,25.0269,394,-3.68,0.00216,模型转空
2026-07-31,301526.SZSE,sell,2026-07-31 14:41:00,2026-07-31 14:46:00,32.93,32.0,299,-303.18,-0.02824,止损
2026-08-03,600653.SSE,sell,2026-08-03 10:26:00,2026-08-03 10:27:00,158.2508,159.9971,62,83.53,0.01104,模型转空
2026-08-03,301520.SZSE,sell,2026-08-03 11:15:00,2026-08-03 11:23:00,59.334,59.726,140,32.43,0.00661,模型转空
2026-08-03,600626.SSE,sell,2026-08-03 11:30:00,2026-08-03 13:01:00,35.1779,35.3431,276,20.78,0.0047,模型转空
2026-08-03,600653.SSE,sell,2026-08-03 13:10:00,2026-08-03 13:11:00,158.2508,159.9971,62,83.53,0.01104,模型转空
2026-08-03,600653.SSE,sell,2026-08-03 13:19:00,2026-08-03 13:20:00,158.2508,159.9971,62,83.53,0.01104,模型转空
2026-08-03,600653.SSE,sell,2026-08-03 13:24:00,2026-08-03 13:26:00,158.2508,159.9971,62,83.53,0.01104,模型转空
2026-08-03,600300.SSE,sell,2026-08-03 13:29:00,2026-08-03 13:30:00,24.9234,24.9234,390,-24.78,0.0,模型转空
2026-08-03,600653.SSE,sell,2026-08-03 13:30:00,2026-08-03 13:31:00,158.2508,159.9971,62,83.53,0.01104,模型转空
2026-08-03,600748.SSE,sell,2026-08-03 13:45:00,2026-08-03 13:47:00,29.7531,29.8196,331,-2.96,0.00224,模型转空
2026-08-03,600748.SSE,sell,2026-08-03 14:26:00,2026-08-03 14:27:00,29.8196,29.8196,331,-25.02,0.0,模型转空
2026-08-03,600708.SSE,sell,2026-08-03 14:25:00,2026-08-03 14:30:00,39.4859,39.3919,248,-48.18,-0.00238,模型转空
2026-08-03,600675.SSE,sell,2026-08-03 14:41:00,2026-08-03 14:42:00,122.8307,123.2268,81,6.94,0.00322,模型转空
2026-08-03,600300.SSE,sell,2026-08-03 14:41:00,2026-08-03 14:43:00,24.9806,25.0378,390,-2.52,0.00229,模型转空
2026-08-03,600708.SSE,sell,2026-08-03 14:43:00,2026-08-03 14:45:00,39.11,39.11,248,-24.75,0.0,模型转空
2026-08-04,600653.SSE,sell,2026-08-04 09:55:00,2026-08-04 09:56:00,158.2508,159.9971,62,83.53,0.01104,模型转空
2026-08-04,600653.SSE,sell,2026-08-04 10:23:00,2026-08-04 10:24:00,158.2508,159.9971,62,83.53,0.01104,模型转空
2026-08-04,600653.SSE,sell,2026-08-04 10:30:00,2026-08-04 10:31:00,158.2508,161.7435,62,192.01,0.02207,模型转空
2026-08-04,600653.SSE,sell,2026-08-04 10:55:00,2026-08-04 10:56:00,158.2508,159.9971,62,83.53,0.01104,模型转空
2026-08-04,600743.SSE,sell,2026-08-04 11:16:00,2026-08-04 11:17:00,68.3739,68.6708,145,17.97,0.00434,模型转空
2026-08-04,600653.SSE,sell,2026-08-04 11:17:00,2026-08-04 11:18:00,159.9971,161.7435,62,83.36,0.01092,模型转空
2026-08-04,600653.SSE,sell,2026-08-04 11:23:00,2026-08-04 11:24:00,159.9971,161.7435,62,83.36,0.01092,模型转空
2026-08-04,600743.SSE,sell,2026-08-04 13:24:00,2026-08-04 13:25:00,68.3739,68.6708,145,17.97,0.00434,模型转空
2026-08-04,600653.SSE,sell,2026-08-04 13:27:00,2026-08-04 13:28:00,158.2508,159.9971,62,83.53,0.01104,模型转空
2026-08-04,600653.SSE,sell,2026-08-04 13:30:00,2026-08-04 13:31:00,158.2508,159.9971,62,83.53,0.01104,模型转空
2026-08-04,600653.SSE,sell,2026-08-04 13:35:00,2026-08-04 13:36:00,158.2508,159.9971,62,83.53,0.01104,模型转空
2026-08-04,600307.SSE,sell,2026-08-04 13:47:00,2026-08-04 13:48:00,7.1746,7.2062,1388,18.8,0.00442,模型转空
2026-08-04,600231.SSE,sell,2026-08-04 13:48:00,2026-08-04 13:49:00,15.9983,16.0616,624,14.31,0.00396,模型转空
2026-08-04,002397.SZSE,sell,2026-08-04 13:52:00,2026-08-04 13:53:00,49.343,49.4485,198,-3.97,0.00214,模型转空
2026-08-04,600425.SSE,sell,2026-08-04 13:52:00,2026-08-04 13:54:00,21.5812,21.6339,456,-0.95,0.00244,模型转空
2026-08-04,002285.SZSE,sell,2026-08-04 13:57:00,2026-08-04 13:58:00,34.9064,35.04,280,12.6,0.00383,模型转空
2026-08-04,600425.SSE,sell,2026-08-04 13:59:00,2026-08-04 14:00:00,21.5812,21.6339,456,-0.95,0.00244,模型转空
2026-08-04,600231.SSE,sell,2026-08-04 14:00:00,2026-08-04 14:01:00,15.9983,16.0616,624,14.31,0.00396,模型转空
2026-08-04,600748.SSE,sell,2026-08-04 14:01:00,2026-08-04 14:02:00,29.8862,30.0193,331,19.01,0.00445,模型转空
2026-08-04,600231.SSE,sell,2026-08-04 14:02:00,2026-08-04 14:03:00,15.9983,16.0616,624,14.31,0.00396,模型转空
2026-08-04,600425.SSE,sell,2026-08-04 14:05:00,2026-08-04 14:06:00,21.5812,21.6339,456,-0.95,0.00244,模型转空
2026-08-04,600675.SSE,sell,2026-08-04 14:12:00,2026-08-04 14:15:00,121.084,121.48,81,7.16,0.00327,模型转空
2026-08-04,002397.SZSE,sell,2026-08-04 14:14:00,2026-08-04 14:15:00,49.343,49.343,198,-24.86,0.0,模型转空
2026-08-04,600075.SSE,sell,2026-08-04 14:17:00,2026-08-04 14:19:00,53.3573,53.4762,181,-3.17,0.00223,模型转空
2026-08-04,002495.SZSE,sell,2026-08-04 14:18:00,2026-08-04 14:19:00,22.3329,22.4229,441,14.67,0.00403,模型转空
2026-08-04,600626.SSE,sell,2026-08-04 14:16:00,2026-08-04 14:20:00,35.4257,35.5082,276,-2.09,0.00233,模型转空
2026-08-04,300795.SZSE,sell,2026-08-04 14:21:00,2026-08-04 14:22:00,48.8922,49.214,186,36.14,0.00658,模型转空
2026-08-04,002495.SZSE,sell,2026-08-04 14:20:00,2026-08-04 14:23:00,22.3329,22.4229,441,14.67,0.00403,模型转空
2026-08-04,000727.SZSE,sell,2026-08-04 14:23:00,2026-08-04 14:24:00,12.7802,12.8471,768,26.45,0.00524,模型转空
2026-08-04,002397.SZSE,sell,2026-08-04 14:22:00,2026-08-04 14:25:00,49.1319,49.1319,198,-24.8,0.0,模型转空
2026-08-05,603106.SSE,sell,2026-08-05 13:17:00,2026-08-05 13:19:00,17.67,17.8559,528,73.94,0.01052,模型转空
2026-08-05,002397.SZSE,sell,2026-08-05 13:23:00,2026-08-05 13:24:00,48.8153,48.9208,198,-3.81,0.00216,模型转空
2026-08-05,002495.SZSE,sell,2026-08-05 13:28:00,2026-08-05 13:29:00,22.153,22.243,451,15.37,0.00406,模型转空
2026-08-05,002397.SZSE,sell,2026-08-05 13:30:00,2026-08-05 13:31:00,48.8153,48.8153,198,-24.7,0.0,模型转空
2026-08-05,600325.SSE,sell,2026-08-05 13:31:00,2026-08-05 13:32:00,36.4207,36.4998,269,-3.63,0.00217,模型转空
2026-08-05,002495.SZSE,sell,2026-08-05 13:32:00,2026-08-05 13:36:00,22.153,22.243,451,15.37,0.00406,模型转空
2026-08-05,600653.SSE,sell,2026-08-05 13:34:00,2026-08-05 13:36:00,156.5044,158.2508,63,85.23,0.01116,模型转空
2026-08-05,002374.SZSE,sell,2026-08-05 13:37:00,2026-08-05 13:39:00,20.733,20.7963,475,5.12,0.00306,模型转空
2026-08-05,600325.SSE,sell,2026-08-05 13:43:00,2026-08-05 13:44:00,36.4207,36.4998,269,-3.63,0.00217,模型转空
2026-08-05,600325.SSE,sell,2026-08-05 13:45:00,2026-08-05 13:47:00,36.4207,36.4998,269,-3.63,0.00217,模型转空
2026-08-05,600638.SSE,sell,2026-08-05 13:46:00,2026-08-05 13:47:00,92.3739,92.5841,107,-2.54,0.00228,模型转空
2026-08-05,002239.SZSE,sell,2026-08-05 14:00:00,2026-08-05 14:02:00,23.3451,23.4333,426,12.42,0.00378,模型转空
2026-08-05,301520.SZSE,sell,2026-08-05 14:02:00,2026-08-05 14:04:00,66.53,67.398,140,97.84,0.01305,模型转空
2026-08-05,002397.SZSE,sell,2026-08-05 14:04:00,2026-08-05 14:05:00,48.6042,48.6042,205,-25.18,0.0,模型转空
2026-08-05,002285.SZSE,sell,2026-08-05 14:07:00,2026-08-05 14:09:00,34.7727,34.9064,287,13.16,0.00384,模型转空
2026-08-05,002495.SZSE,sell,2026-08-05 14:05:00,2026-08-05 14:10:00,22.063,22.063,451,-25.14,0.0,模型转空
2026-08-05,600626.SSE,sell,2026-08-05 14:20:00,2026-08-05 14:21:00,35.2605,35.2605,276,-24.79,0.0,模型转空
2026-08-05,600748.SSE,sell,2026-08-05 14:24:00,2026-08-05 14:25:00,29.8196,29.8862,331,-2.99,0.00223,模型转空
2026-08-05,600626.SSE,sell,2026-08-05 14:28:00,2026-08-05 14:29:00,35.2605,35.2605,276,-24.79,0.0,模型转空
2026-08-06,301398.SZSE,sell,2026-08-06 09:37:00,2026-08-06 09:40:00,49.83,49.844,139,-18.61,0.00028,模型转空
2026-08-06,600192.SSE,sell,2026-08-06 09:35:00,2026-08-06 09:41:00,13.4049,13.2006,736,-175.36,-0.01525,模型转空
2026-08-06,600653.SSE,sell,2026-08-06 10:29:00,2026-08-06 10:33:00,154.758,156.5044,64,86.93,0.01128,模型转空
2026-08-06,600653.SSE,sell,2026-08-06 10:50:00,2026-08-06 10:51:00,153.0116,154.758,65,88.65,0.01141,模型转空
2026-08-06,600638.SSE,sell,2026-08-06 11:02:00,2026-08-06 11:03:00,91.7431,91.7431,107,-24.94,0.0,模型转空
2026-08-06,600231.SSE,sell,2026-08-06 11:28:00,2026-08-06 11:29:00,15.7451,15.8084,624,14.55,0.00402,模型转空
2026-08-06,600307.SSE,sell,2026-08-06 11:28:00,2026-08-06 13:01:00,7.0478,7.0795,1408,19.5,0.0045,模型转空
2026-08-06,002285.SZSE,sell,2026-08-06 11:30:00,2026-08-06 13:01:00,34.639,34.7727,287,13.22,0.00386,模型转空
2026-08-06,600231.SSE,sell,2026-08-06 11:30:00,2026-08-06 13:01:00,15.7451,15.8084,624,14.55,0.00402,模型转空
2026-08-06,002495.SZSE,sell,2026-08-06 13:14:00,2026-08-06 13:15:00,22.153,22.243,451,15.37,0.00406,模型转空
2026-08-06,600794.SSE,sell,2026-08-06 13:14:00,2026-08-06 13:15:00,83.1595,83.4156,119,5.53,0.00308,模型转空
2026-08-06,002239.SZSE,sell,2026-08-06 13:24:00,2026-08-06 13:28:00,22.9041,22.9041,426,-24.83,0.0,模型转空
2026-08-06,600307.SSE,sell,2026-08-06 13:26:00,2026-08-06 13:28:00,7.0478,7.0795,1408,19.5,0.0045,模型转空
2026-08-06,000558.SZSE,sell,2026-08-06 13:27:00,2026-08-06 13:28:00,25.2124,25.2124,390,-24.97,0.0,模型转空
2026-08-06,600280.SSE,sell,2026-08-06 13:29:00,2026-08-06 13:31:00,38.6778,38.798,253,5.51,0.00311,模型转空
2026-08-06,002285.SZSE,sell,2026-08-06 13:30:00,2026-08-06 13:31:00,34.5054,34.639,287,13.27,0.00387,模型转空
2026-08-06,002374.SZSE,sell,2026-08-06 13:31:00,2026-08-06 13:32:00,20.6696,20.733,475,5.17,0.00307,模型转空
2026-08-06,002178.SZSE,sell,2026-08-06 13:31:00,2026-08-06 13:32:00,29.7345,29.798,334,-3.89,0.00214,模型转空
2026-08-06,600307.SSE,sell,2026-08-06 13:30:00,2026-08-06 13:35:00,7.0478,7.0795,1408,19.5,0.0045,模型转空
2026-08-06,002495.SZSE,sell,2026-08-06 13:35:00,2026-08-06 13:36:00,22.063,22.153,451,15.43,0.00408,模型转空
2026-08-06,600280.SSE,sell,2026-08-06 13:33:00,2026-08-06 13:37:00,38.6778,38.798,253,5.51,0.00311,模型转空
2026-08-06,600231.SSE,sell,2026-08-06 13:39:00,2026-08-06 13:40:00,15.7451,15.8084,624,14.55,0.00402,模型转空
2026-08-06,600626.SSE,sell,2026-08-06 13:43:00,2026-08-06 13:44:00,35.0953,35.1779,276,-1.95,0.00235,模型转空
2026-08-06,600527.SSE,sell,2026-08-06 13:44:00,2026-08-06 13:47:00,59.4095,59.599,164,6.33,0.00319,模型转空
2026-08-06,001229.SZSE,sell,2026-08-06 13:59:00,2026-08-06 14:00:00,57.382,57.788,137,33.8,0.00708,模型转空
2026-08-06,301234.SZSE,sell,2026-08-06 14:24:00,2026-08-06 14:26:00,72.53,72.93,98,18.56,0.00551,模型转空
2026-08-06,600653.SSE,sell,2026-08-06 14:26:00,2026-08-06 14:27:00,156.5044,158.2508,63,85.23,0.01116,模型转空
2026-08-06,600675.SSE,sell,2026-08-06 14:40:00,2026-08-06 14:41:00,120.6879,121.084,81,7.21,0.00328,模型转空
2026-08-06,300795.SZSE,sell,2026-08-06 14:41:00,2026-08-06 14:43:00,49.0385,49.4772,186,57.92,0.00895,模型转空
2026-08-06,600743.SSE,sell,2026-08-06 14:43:00,2026-08-06 14:45:00,69.5613,69.8581,142,17.1,0.00427,模型转空
2026-08-06,301234.SZSE,sell,2026-08-06 14:44:00,2026-08-06 14:46:00,71.62,72.3,98,46.31,0.00949,模型转空
2026-08-07,600653.SSE,sell,2026-08-07 09:40:00,2026-08-07 09:46:00,154.758,154.758,64,-25.11,0.0,模型转空
2026-08-07,600653.SSE,sell,2026-08-07 10:31:00,2026-08-07 10:32:00,153.0116,154.758,65,88.65,0.01141,模型转空
2026-08-07,600653.SSE,sell,2026-08-07 10:47:00,2026-08-07 10:48:00,153.0116,154.758,65,88.65,0.01141,模型转空
2026-08-07,600653.SSE,sell,2026-08-07 10:58:00,2026-08-07 11:00:00,153.0116,154.758,65,88.65,0.01141,模型转空
2026-08-07,002397.SZSE,sell,2026-08-07 13:27:00,2026-08-07 13:28:00,48.2876,48.2876,205,-25.08,0.0,模型转空
2026-08-07,600743.SSE,sell,2026-08-07 13:27:00,2026-08-07 13:28:00,71.0455,71.3423,138,16.19,0.00418,模型转空
2026-08-07,600231.SSE,sell,2026-08-07 13:30:00,2026-08-07 13:31:00,15.6818,15.7451,635,15.04,0.00404,模型转空
2026-08-07,600425.SSE,sell,2026-08-07 13:30:00,2026-08-07 13:31:00,21.4759,21.5286,456,-0.88,0.00245,模型转空
2026-08-07,600665.SSE,sell,2026-08-07 13:31:00,2026-08-07 13:32:00,14.6692,14.7027,681,-2.38,0.00228,模型转空
2026-08-07,600962.SSE,sell,2026-08-07 13:34:00,2026-08-07 13:36:00,51.0031,51.1786,167,6.4,0.00344,模型转空
2026-08-07,600527.SSE,sell,2026-08-07 13:58:00,2026-08-07 13:59:00,59.599,59.7885,164,6.28,0.00318,模型转空
2026-08-07,600962.SSE,sell,2026-08-07 13:58:00,2026-08-07 14:01:00,49.8623,50.617,167,103.7,0.01513,模型转空
2026-08-07,600743.SSE,sell,2026-08-07 14:06:00,2026-08-07 14:08:00,71.0455,71.3423,138,16.19,0.00418,模型转空
2026-08-07,600743.SSE,sell,2026-08-07 14:14:00,2026-08-07 14:15:00,71.0455,71.3423,138,16.19,0.00418,模型转空
2026-08-07,600743.SSE,sell,2026-08-07 14:21:00,2026-08-07 14:24:00,71.0455,71.3423,138,16.19,0.00418,模型转空
2026-08-07,300400.SZSE,sell,2026-08-07 14:25:00,2026-08-07 14:30:00,97.5475,97.9375,94,12.73,0.004,模型转空
2026-08-10,600653.SSE,sell,2026-08-10 10:52:00,2026-08-10 10:53:00,161.7435,163.4899,61,81.67,0.0108,模型转空
2026-08-10,600653.SSE,sell,2026-08-10 11:14:00,2026-08-10 11:16:00,163.4899,165.2363,61,81.51,0.01068,模型转空
2026-08-10,000753.SZSE,sell,2026-08-10 11:22:00,2026-08-10 11:23:00,58.1311,58.2577,165,-3.7,0.00218,模型转空
2026-08-10,600653.SSE,sell,2026-08-10 11:23:00,2026-08-10 11:24:00,163.4899,165.2363,61,81.51,0.01068,模型转空
2026-08-10,002178.SZSE,sell,2026-08-10 11:28:00,2026-08-10 11:29:00,30.0521,30.1156,319,-4.32,0.00211,模型转空
2026-08-10,600743.SSE,sell,2026-08-10 11:30:00,2026-08-10 13:02:00,71.0455,71.0455,138,-25.0,0.0,模型转空
2026-08-10,600743.SSE,sell,2026-08-10 13:26:00,2026-08-10 13:27:00,70.7486,71.0455,138,16.25,0.0042,模型转空
2026-08-10,600653.SSE,sell,2026-08-10 13:29:00,2026-08-10 13:31:00,163.4899,165.2363,61,81.51,0.01068,模型转空
2026-08-10,600653.SSE,sell,2026-08-10 14:09:00,2026-08-10 14:10:00,165.2363,166.9827,60,79.82,0.01057,模型转空
2026-08-10,301234.SZSE,sell,2026-08-10 14:11:00,2026-08-10 14:13:00,93.6,91.7,98,-211.4,-0.0203,止损
2026-08-10,600653.SSE,sell,2026-08-10 14:15:00,2026-08-10 14:16:00,165.2363,166.9827,60,79.82,0.01057,模型转空
2026-08-10,600638.SSE,sell,2026-08-10 14:15:00,2026-08-10 14:16:00,94.056,94.2662,101,-3.17,0.00224,模型转空
2026-08-10,600653.SSE,sell,2026-08-10 14:17:00,2026-08-10 14:18:00,165.2363,166.9827,60,79.82,0.01057,模型转空
2026-08-10,301234.SZSE,sell,2026-08-10 14:13:00,2026-08-10 14:24:00,91.7,92.41,98,46.25,0.00774,模型转空
2026-08-10,600638.SSE,sell,2026-08-10 14:25:00,2026-08-10 14:26:00,93.8457,94.056,101,-3.14,0.00224,模型转空
2026-08-10,002397.SZSE,sell,2026-08-10 14:25:00,2026-08-10 14:27:00,50.1874,50.2929,198,-4.22,0.0021,模型转空
2026-08-10,600675.SSE,sell,2026-08-10 14:31:00,2026-08-10 14:32:00,120.6879,121.084,81,7.21,0.00328,模型转空
2026-08-10,600653.SSE,sell,2026-08-10 14:31:00,2026-08-10 14:34:00,165.2363,166.9827,60,79.82,0.01057,模型转空
2026-08-10,600653.SSE,sell,2026-08-10 14:41:00,2026-08-10 14:42:00,165.2363,166.9827,60,79.82,0.01057,模型转空
2026-08-11,603102.SSE,sell,2026-08-11 09:37:00,2026-08-11 09:42:00,40.73,40.54,184,-56.33,-0.00466,模型转空
2026-08-11,600653.SSE,sell,2026-08-11 10:53:00,2026-08-11 10:56:00,163.4899,165.2363,61,81.51,0.01068,模型转空
2026-08-11,002495.SZSE,sell,2026-08-11 10:55:00,2026-08-11 10:56:00,22.8727,23.0526,430,52.46,0.00787,模型转空
2026-08-11,600653.SSE,sell,2026-08-11 11:04:00,2026-08-11 11:05:00,163.4899,166.9827,61,188.21,0.02136,模型转空
2026-08-11,600653.SSE,sell,2026-08-11 13:26:00,2026-08-11 13:27:00,166.9827,168.729,59,78.14,0.01046,模型转空
2026-08-11,600307.SSE,sell,2026-08-11 13:26:00,2026-08-11 13:30:00,7.0795,7.1112,1408,19.43,0.00447,模型转空
2026-08-11,600653.SSE,sell,2026-08-11 13:30:00,2026-08-11 13:31:00,166.9827,168.729,59,78.14,0.01046,模型转空
2026-08-11,600231.SSE,sell,2026-08-11 13:30:00,2026-08-11 13:31:00,15.9983,16.0616,624,14.31,0.00396,模型转空
2026-08-11,600743.SSE,sell,2026-08-11 13:28:00,2026-08-11 13:32:00,71.936,72.2328,138,16.0,0.00413,模型转空
2026-08-11,600794.SSE,sell,2026-08-11 13:28:00,2026-08-11 13:32:00,83.9279,83.9279,116,-24.82,0.0,模型转空
2026-08-11,600653.SSE,sell,2026-08-11 13:32:00,2026-08-11 13:33:00,166.9827,168.729,59,78.14,0.01046,模型转空
2026-08-11,002397.SZSE,sell,2026-08-11 13:33:00,2026-08-11 13:34:00,50.0818,50.1874,198,-4.19,0.00211,模型转空
2026-08-11,301566.SZSE,sell,2026-08-11 13:26:00,2026-08-11 13:35:00,29.05,29.2,297,21.47,0.00516,模型转空
2026-08-11,600653.SSE,sell,2026-08-11 13:47:00,2026-08-11 13:48:00,166.9827,168.729,59,78.14,0.01046,模型转空
2026-08-11,600716.SSE,sell,2026-08-11 14:00:00,2026-08-11 14:01:00,17.4254,17.4254,558,-24.79,0.0,模型转空
2026-08-11,600653.SSE,sell,2026-08-11 13:59:00,2026-08-11 14:02:00,166.9827,168.729,59,78.14,0.01046,模型转空
2026-08-11,000753.SZSE,sell,2026-08-11 14:09:00,2026-08-11 14:10:00,58.1311,58.1311,165,-24.6,0.0,模型转空
2026-08-11,600653.SSE,sell,2026-08-11 14:13:00,2026-08-11 14:15:00,166.9827,168.729,59,78.14,0.01046,模型转空
2026-08-11,600300.SSE,sell,2026-08-11 14:16:00,2026-08-11 14:17:00,24.5802,24.6374,403,-2.03,0.00233,模型转空
2026-08-11,002178.SZSE,sell,2026-08-11 14:16:00,2026-08-11 14:17:00,30.4966,30.5601,319,-4.54,0.00208,模型转空
2026-08-11,300324.SZSE,sell,2026-08-11 14:17:00,2026-08-11 14:18:00,95.7396,95.9802,102,-0.3,0.00251,模型转空
2026-08-11,600638.SSE,sell,2026-08-11 14:20:00,2026-08-11 14:21:00,93.2149,93.4252,107,-2.68,0.00226,模型转空
2026-08-11,002580.SZSE,sell,2026-08-11 14:20:00,2026-08-11 14:22:00,88.6034,89.692,97,82.99,0.01229,模型转空
2026-08-11,002178.SZSE,sell,2026-08-11 14:21:00,2026-08-11 14:22:00,30.4331,30.4331,319,-24.79,0.0,模型转空
2026-08-11,600300.SSE,sell,2026-08-11 14:24:00,2026-08-11 14:25:00,24.5802,24.6374,403,-2.03,0.00233,模型转空
2026-08-11,600638.SSE,sell,2026-08-11 14:29:00,2026-08-11 14:30:00,93.0047,93.2149,107,-2.64,0.00226,模型转空
2026-08-11,600626.SSE,sell,2026-08-11 14:29:00,2026-08-11 14:31:00,36.1689,36.2515,276,-2.4,0.00228,模型转空
2026-08-11,600675.SSE,sell,2026-08-11 14:32:00,2026-08-11 14:34:00,121.48,121.48,81,-24.97,0.0,模型转空
2026-08-11,603102.SSE,sell,2026-08-11 14:39:00,2026-08-11 14:44:00,41.87,41.98,184,-1.49,0.00263,模型转空
2026-08-12,600653.SSE,sell,2026-08-12 10:30:00,2026-08-12 10:31:00,165.2363,166.9827,60,79.82,0.01057,模型转空
2026-08-12,600653.SSE,sell,2026-08-12 11:05:00,2026-08-12 11:06:00,165.2363,166.9827,60,79.82,0.01057,模型转空
2026-08-12,600653.SSE,sell,2026-08-12 11:10:00,2026-08-12 11:12:00,165.2363,166.9827,60,79.82,0.01057,模型转空
2026-08-12,600794.SSE,sell,2026-08-12 11:11:00,2026-08-12 11:12:00,83.6718,83.9279,116,4.95,0.00306,模型转空
2026-08-12,600794.SSE,sell,2026-08-12 11:13:00,2026-08-12 11:14:00,83.6718,83.9279,116,4.95,0.00306,模型转空
2026-08-12,600794.SSE,sell,2026-08-12 11:15:00,2026-08-12 11:16:00,83.6718,83.6718,116,-24.78,0.0,模型转空
2026-08-12,000570.SZSE,sell,2026-08-12 11:15:00,2026-08-12 11:16:00,25.4053,25.4594,374,-4.24,0.00213,模型转空
2026-08-12,600653.SSE,sell,2026-08-12 11:17:00,2026-08-12 11:18:00,165.2363,166.9827,60,79.82,0.01057,模型转空
2026-08-12,600653.SSE,sell,2026-08-12 11:24:00,2026-08-12 11:26:00,165.2363,166.9827,60,79.82,0.01057,模型转空
2026-08-12,600231.SSE,sell,2026-08-12 11:28:00,2026-08-12 13:01:00,15.8717,15.935,624,14.43,0.00399,模型转空
2026-08-12,600300.SSE,sell,2026-08-12 11:30:00,2026-08-12 13:01:00,24.4658,24.523,403,-1.96,0.00234,模型转空
2026-08-12,600653.SSE,sell,2026-08-12 13:24:00,2026-08-12 13:25:00,165.2363,166.9827,60,79.82,0.01057,模型转空
2026-08-12,600653.SSE,sell,2026-08-12 13:26:00,2026-08-12 13:27:00,165.2363,166.9827,60,79.82,0.01057,模型转空
2026-08-12,600653.SSE,sell,2026-08-12 13:28:00,2026-08-12 13:29:00,165.2363,168.729,60,184.75,0.02114,模型转空
2026-08-12,300902.SZSE,sell,2026-08-12 13:52:00,2026-08-12 13:56:00,26.046,26.088,342,-9.19,0.00161,模型转空
2026-08-12,002397.SZSE,sell,2026-08-12 13:56:00,2026-08-12 13:58:00,50.0818,50.1874,198,-4.19,0.00211,模型转空
2026-08-12,600280.SSE,sell,2026-08-12 14:24:00,2026-08-12 14:25:00,41.2025,41.3227,238,3.69,0.00292,模型转空
2026-08-12,000753.SZSE,sell,2026-08-12 14:33:00,2026-08-12 14:35:00,59.0172,59.1438,165,-3.92,0.00215,模型转空
2026-08-12,300190.SZSE,sell,2026-08-12 14:34:00,2026-08-12 14:35:00,46.6417,46.7454,206,-3.26,0.00222,模型转空
2026-08-12,600653.SSE,sell,2026-08-12 14:44:00,2026-08-12 14:46:00,168.729,170.4754,59,77.99,0.01035,模型转空
2026-08-12,000635.SZSE,sell,2026-08-12 14:44:00,2026-08-12 14:47:00,25.2005,25.2005,390,-24.96,0.0,模型转空
2026-08-13,600653.SSE,sell,2026-08-13 10:02:00,2026-08-13 10:03:00,165.2363,166.9827,60,79.82,0.01057,模型转空
2026-08-13,600653.SSE,sell,2026-08-13 10:20:00,2026-08-13 10:22:00,165.2363,166.9827,60,79.82,0.01057,模型转空
2026-08-13,600653.SSE,sell,2026-08-13 10:29:00,2026-08-13 10:30:00,165.2363,166.9827,60,79.82,0.01057,模型转空
2026-08-13,600653.SSE,sell,2026-08-13 10:33:00,2026-08-13 10:34:00,165.2363,166.9827,60,79.82,0.01057,模型转空
2026-08-13,300795.SZSE,sell,2026-08-13 10:34:00,2026-08-13 10:35:00,52.49,52.8117,186,35.12,0.00613,模型转空
2026-08-13,000716.SZSE,sell,2026-08-13 11:27:00,2026-08-13 13:01:00,20.7896,20.7896,469,-24.85,0.0,模型转空
2026-08-13,600307.SSE,sell,2026-08-13 11:28:00,2026-08-13 13:01:00,7.1112,7.1429,1388,18.93,0.00445,模型转空
2026-08-13,600300.SSE,sell,2026-08-13 13:23:00,2026-08-13 13:24:00,24.9806,24.9806,390,-24.81,0.0,模型转空
2026-08-13,600743.SSE,sell,2026-08-13 13:25:00,2026-08-13 13:26:00,73.1234,73.4202,135,15.16,0.00406,模型转空
2026-08-13,300190.SZSE,sell,2026-08-13 13:28:00,2026-08-13 13:29:00,46.227,46.3307,214,-2.85,0.00224,模型转空
2026-08-13,600527.SSE,sell,2026-08-13 13:29:00,2026-08-13 13:30:00,60.7362,60.9258,161,5.64,0.00312,模型转空
2026-08-13,600653.SSE,sell,2026-08-13 13:30:00,2026-08-13 13:31:00,166.9827,168.729,59,78.14,0.01046,模型转空
2026-08-13,600307.SSE,sell,2026-08-13 13:31:00,2026-08-13 13:32:00,7.1112,7.1429,1388,18.93,0.00445,模型转空
2026-08-13,600307.SSE,sell,2026-08-13 13:59:00,2026-08-13 14:00:00,7.1112,7.1429,1388,18.93,0.00445,模型转空
2026-08-13,600653.SSE,sell,2026-08-13 13:58:00,2026-08-13 14:01:00,168.729,168.729,59,-25.16,0.0,模型转空
2026-08-13,301234.SZSE,sell,2026-08-13 14:01:00,2026-08-13 14:02:00,92.55,93.01,98,21.47,0.00497,模型转空
2026-08-13,600300.SSE,sell,2026-08-13 14:04:00,2026-08-13 14:05:00,24.9806,25.0378,390,-2.52,0.00229,模型转空
2026-08-13,301209.SZSE,sell,2026-08-13 14:01:00,2026-08-13 14:08:00,116.906,114.162,50,-157.78,-0.02347,止损
2026-08-13,301209.SZSE,sell,2026-08-13 14:08:00,2026-08-13 14:13:00,114.162,114.4756,50,-2.92,0.00275,模型转空
2026-08-13,600527.SSE,sell,2026-08-13 14:17:00,2026-08-13 14:18:00,60.7362,60.9258,161,5.64,0.00312,模型转空
2026-08-13,301209.SZSE,sell,2026-08-13 14:14:00,2026-08-13 14:21:00,113.574,110.8692,50,-155.54,-0.02382,止损
2026-08-13,600743.SSE,sell,2026-08-13 14:23:00,2026-08-13 14:24:00,72.8265,73.1234,135,15.22,0.00408,模型转空
2026-08-13,301209.SZSE,sell,2026-08-13 14:21:00,2026-08-13 14:29:00,110.8692,110.8104,50,-21.51,-0.00053,模型转空
2026-08-13,600231.SSE,sell,2026-08-13 14:28:00,2026-08-13 14:29:00,15.8717,15.935,624,14.43,0.00399,模型转空
2026-08-13,301228.SZSE,sell,2026-08-13 14:25:00,2026-08-13 14:31:00,63.2,63.39,99,-0.66,0.00301,模型转空
2026-08-13,600540.SSE,sell,2026-08-13 14:41:00,2026-08-13 14:42:00,11.869,11.9038,823,3.78,0.00293,模型转空
2026-08-13,002580.SZSE,sell,2026-08-13 14:44:00,2026-08-13 14:45:00,90.4178,91.9499,97,125.96,0.01695,模型转空
2026-08-13,600540.SSE,sell,2026-08-13 14:44:00,2026-08-13 14:46:00,11.869,11.9038,823,3.78,0.00293,模型转空
2026-08-13,600653.SSE,sell,2026-08-13 14:43:00,2026-08-13 14:47:00,165.2363,166.9827,60,79.82,0.01057,模型转空
2026-08-14,600653.SSE,sell,2026-08-14 10:28:00,2026-08-14 10:30:00,159.9971,161.7435,62,83.36,0.01092,模型转空
2026-08-14,600653.SSE,sell,2026-08-14 10:33:00,2026-08-14 10:34:00,159.9971,161.7435,62,83.36,0.01092,模型转空
2026-08-14,600653.SSE,sell,2026-08-14 10:38:00,2026-08-14 10:39:00,159.9971,161.7435,62,83.36,0.01092,模型转空
2026-08-14,600653.SSE,sell,2026-08-14 10:40:00,2026-08-14 10:42:00,159.9971,161.7435,62,83.36,0.01092,模型转空
2026-08-14,600653.SSE,sell,2026-08-14 10:52:00,2026-08-14 10:53:00,159.9971,161.7435,62,83.36,0.01092,模型转空
2026-08-14,600653.SSE,sell,2026-08-14 10:59:00,2026-08-14 11:00:00,159.9971,161.7435,62,83.36,0.01092,模型转空
2026-08-14,002397.SZSE,sell,2026-08-14 10:59:00,2026-08-14 11:00:00,48.2876,48.3931,205,-3.42,0.00219,模型转空
2026-08-14,600653.SSE,sell,2026-08-14 11:05:00,2026-08-14 11:08:00,159.9971,161.7435,62,83.36,0.01092,模型转空
2026-08-14,000727.SZSE,sell,2026-08-14 11:17:00,2026-08-14 11:20:00,12.2448,12.3118,804,28.8,0.00547,模型转空
2026-08-14,600653.SSE,sell,2026-08-14 11:19:00,2026-08-14 11:20:00,159.9971,163.4899,62,191.85,0.02183,模型转空
2026-08-14,600638.SSE,sell,2026-08-14 14:01:00,2026-08-14 14:02:00,91.9533,91.9533,107,-24.97,0.0,模型转空
2026-08-14,300324.SZSE,sell,2026-08-14 14:01:00,2026-08-14 14:04:00,94.5368,94.5368,102,-24.71,0.0,模型转空
2026-08-14,000753.SZSE,sell,2026-08-14 14:06:00,2026-08-14 14:07:00,56.9917,57.1183,173,-3.09,0.00222,模型转空
2026-08-14,000407.SZSE,sell,2026-08-14 14:19:00,2026-08-14 14:22:00,53.6025,53.7346,183,-0.76,0.00246,模型转空
2026-08-14,000570.SZSE,sell,2026-08-14 14:28:00,2026-08-14 14:29:00,25.2972,25.3513,394,-3.87,0.00214,模型转空
2026-08-14,002397.SZSE,sell,2026-08-14 14:30:00,2026-08-14 14:31:00,49.1319,49.2375,198,-3.91,0.00215,模型转空
2026-08-14,000570.SZSE,sell,2026-08-14 14:30:00,2026-08-14 14:33:00,25.2972,25.3513,394,-3.87,0.00214,模型转空
2026-08-14,300779.SZSE,sell,2026-08-14 14:31:00,2026-08-14 14:36:00,151.8896,151.6348,50,-34.56,-0.00168,模型转空
2026-08-14,002397.SZSE,sell,2026-08-14 14:40:00,2026-08-14 14:44:00,49.0264,49.0264,198,-24.77,0.0,模型转空
2026-08-17,001260.SZSE,sell,2026-08-17 09:37:00,2026-08-17 09:38:00,22.696,21.866,379,-337.81,-0.03657,止损
2026-08-17,600653.SSE,sell,2026-08-17 13:26:00,2026-08-17 13:32:00,163.4899,163.4899,61,-25.2,0.0,模型转空
2026-08-17,600675.SSE,sell,2026-08-17 13:34:00,2026-08-17 13:35:00,119.4996,119.8957,82,7.75,0.00331,模型转空
2026-08-17,003023.SZSE,sell,2026-08-17 13:33:00,2026-08-17 13:36:00,37.616,38.175,213,96.97,0.01486,模型转空
2026-08-17,600325.SSE,sell,2026-08-17 13:59:00,2026-08-17 14:00:00,34.997,35.0761,283,-2.69,0.00226,模型转空
2026-08-17,600743.SSE,sell,2026-08-17 13:56:00,2026-08-17 14:01:00,71.936,72.2328,138,16.0,0.00413,模型转空
2026-08-17,600675.SSE,sell,2026-08-17 14:15:00,2026-08-17 14:17:00,119.4996,119.8957,82,7.75,0.00331,模型转空
2026-08-17,000753.SZSE,sell,2026-08-17 14:19:00,2026-08-17 14:20:00,57.8779,58.0045,165,-3.64,0.00219,模型转空
2026-08-17,000753.SZSE,sell,2026-08-17 14:23:00,2026-08-17 14:24:00,57.8779,58.0045,165,-3.64,0.00219,模型转空
2026-08-17,600300.SSE,sell,2026-08-17 14:24:00,2026-08-17 14:26:00,24.9806,25.0378,390,-2.52,0.00229,模型转空
2026-08-17,600794.SSE,sell,2026-08-17 14:26:00,2026-08-17 14:27:00,84.6963,84.9524,116,4.77,0.00302,模型转空
2026-08-17,600626.SSE,sell,2026-08-17 14:26:00,2026-08-17 14:27:00,36.0863,36.0863,276,-25.14,0.0,模型转空
2026-08-17,000635.SZSE,sell,2026-08-17 14:28:00,2026-08-17 14:33:00,24.7624,24.7077,390,-46.07,-0.00221,模型转空
2026-08-18,600653.SSE,sell,2026-08-18 10:24:00,2026-08-18 10:26:00,161.7435,163.4899,61,81.67,0.0108,模型转空
2026-08-18,600653.SSE,sell,2026-08-18 10:30:00,2026-08-18 10:31:00,161.7435,163.4899,61,81.67,0.0108,模型转空
2026-08-18,301520.SZSE,sell,2026-08-18 10:33:00,2026-08-18 10:37:00,111.05,111.736,70,26.36,0.00618,模型转空
2026-08-18,600653.SSE,sell,2026-08-18 10:37:00,2026-08-18 10:39:00,161.7435,163.4899,61,81.67,0.0108,模型转空
2026-08-18,600653.SSE,sell,2026-08-18 10:44:00,2026-08-18 10:45:00,161.7435,163.4899,61,81.67,0.0108,模型转空
2026-08-18,600653.SSE,sell,2026-08-18 10:50:00,2026-08-18 10:53:00,161.7435,163.4899,61,81.67,0.0108,模型转空
2026-08-18,600231.SSE,sell,2026-08-18 10:58:00,2026-08-18 10:59:00,15.8084,15.935,624,53.99,0.00801,模型转空
2026-08-18,600708.SSE,sell,2026-08-18 11:16:00,2026-08-18 11:17:00,40.2376,40.4255,248,21.41,0.00467,模型转空
2026-08-18,600743.SSE,sell,2026-08-18 11:19:00,2026-08-18 11:22:00,71.0455,71.3423,138,16.19,0.00418,模型转空
2026-08-18,600708.SSE,sell,2026-08-18 11:25:00,2026-08-18 11:26:00,40.2376,40.3315,248,-1.88,0.00234,模型转空
2026-08-18,600743.SSE,sell,2026-08-18 11:26:00,2026-08-18 11:27:00,71.0455,71.3423,138,16.19,0.00418,模型转空
2026-08-18,600708.SSE,sell,2026-08-18 11:28:00,2026-08-18 11:29:00,40.2376,40.3315,248,-1.88,0.00234,模型转空
2026-08-18,600300.SSE,sell,2026-08-18 11:29:00,2026-08-18 11:30:00,25.2666,25.3238,390,-2.69,0.00226,模型转空
2026-08-18,600075.SSE,sell,2026-08-18 11:29:00,2026-08-18 11:30:00,51.5731,51.692,189,-2.33,0.00231,模型转空
2026-08-18,000558.SZSE,sell,2026-08-18 11:29:00,2026-08-18 11:30:00,25.5111,25.6605,390,33.15,0.00585,模型转空
2026-08-18,600231.SSE,sell,2026-08-18 11:28:00,2026-08-18 13:01:00,15.8084,15.8717,624,14.49,0.004,模型转空
2026-08-18,600743.SSE,sell,2026-08-18 11:30:00,2026-08-18 13:01:00,71.0455,71.3423,138,16.19,0.00418,模型转空
2026-08-18,600794.SSE,sell,2026-08-18 11:30:00,2026-08-18 13:02:00,84.4402,84.6963,116,4.82,0.00303,模型转空
2026-08-18,600794.SSE,sell,2026-08-18 13:23:00,2026-08-18 13:24:00,84.4402,84.6963,116,4.82,0.00303,模型转空
2026-08-18,600794.SSE,sell,2026-08-18 13:27:00,2026-08-18 13:29:00,84.4402,84.6963,116,4.82,0.00303,模型转空
2026-08-18,002285.SZSE,sell,2026-08-18 13:31:00,2026-08-18 13:33:00,35.04,35.1737,280,12.54,0.00381,模型转空
2026-08-18,002495.SZSE,sell,2026-08-18 13:46:00,2026-08-18 13:47:00,23.5924,23.6824,420,12.72,0.00381,模型转空
2026-08-18,300180.SZSE,sell,2026-08-18 13:48:00,2026-08-18 13:50:00,29.415,29.55,330,19.75,0.00459,模型转空
2026-08-18,002495.SZSE,sell,2026-08-18 13:50:00,2026-08-18 13:51:00,23.5924,23.6824,420,12.72,0.00381,模型转空
2026-08-18,600626.SSE,sell,2026-08-18 13:50:00,2026-08-18 13:51:00,36.1689,36.2515,276,-2.4,0.00228,模型转空
2026-08-18,600527.SSE,sell,2026-08-18 13:52:00,2026-08-18 13:54:00,59.9781,60.1676,164,6.19,0.00316,模型转空
2026-08-18,600638.SSE,sell,2026-08-18 13:56:00,2026-08-18 13:57:00,91.3226,91.3226,107,-24.87,0.0,模型转空
2026-08-18,600743.SSE,sell,2026-08-18 13:57:00,2026-08-18 13:59:00,71.0455,71.0455,138,-25.0,0.0,模型转空
2026-08-18,600626.SSE,sell,2026-08-18 13:58:00,2026-08-18 13:59:00,36.1689,36.2515,276,-2.4,0.00228,模型转空
2026-08-18,002495.SZSE,sell,2026-08-18 13:57:00,2026-08-18 14:00:00,23.5924,23.6824,420,12.72,0.00381,模型转空
2026-08-18,002307.SZSE,sell,2026-08-18 13:59:00,2026-08-18 14:00:00,12.6116,12.6532,772,7.3,0.0033,模型转空
2026-08-18,000558.SZSE,sell,2026-08-18 14:00:00,2026-08-18 14:01:00,25.5111,25.5858,390,4.0,0.00293,模型转空
2026-08-18,301520.SZSE,sell,2026-08-18 13:57:00,2026-08-18 14:03:00,105.45,106.836,70,76.18,0.01314,模型转空
2026-08-18,000558.SZSE,sell,2026-08-18 14:02:00,2026-08-18 14:03:00,25.5111,25.5858,390,4.0,0.00293,模型转空
2026-08-18,600653.SSE,sell,2026-08-18 14:01:00,2026-08-18 14:04:00,161.7435,163.4899,61,81.67,0.0108,模型转空
2026-08-18,600626.SSE,sell,2026-08-18 14:04:00,2026-08-18 14:05:00,36.1689,36.2515,276,-2.4,0.00228,模型转空
2026-08-18,002580.SZSE,sell,2026-08-18 14:07:00,2026-08-18 14:09:00,82.2731,82.9586,97,44.62,0.00833,模型转空
2026-08-18,600626.SSE,sell,2026-08-18 14:08:00,2026-08-18 14:12:00,36.1689,36.1689,276,-25.18,0.0,模型转空
2026-08-18,600743.SSE,sell,2026-08-18 14:15:00,2026-08-18 14:16:00,71.0455,71.3423,138,16.19,0.00418,模型转空
2026-08-18,600653.SSE,sell,2026-08-18 14:17:00,2026-08-18 14:18:00,161.7435,163.4899,61,81.67,0.0108,模型转空
2026-08-18,000558.SZSE,sell,2026-08-18 14:17:00,2026-08-18 14:19:00,25.5111,25.5858,390,4.0,0.00293,模型转空
2026-08-18,600653.SSE,sell,2026-08-18 14:23:00,2026-08-18 14:24:00,161.7435,163.4899,61,81.67,0.0108,模型转空
2026-08-18,600307.SSE,sell,2026-08-18 14:25:00,2026-08-18 14:26:00,7.0162,7.0478,1408,19.56,0.00452,模型转空
2026-08-18,600794.SSE,sell,2026-08-18 14:29:00,2026-08-18 14:30:00,84.6963,84.9524,116,4.77,0.00302,模型转空
2026-08-18,600653.SSE,sell,2026-08-18 14:29:00,2026-08-18 14:31:00,161.7435,163.4899,61,81.67,0.0108,模型转空
2026-08-19,603709.SSE,sell,2026-08-19 09:38:00,2026-08-19 09:41:00,24.2214,24.3431,379,22.14,0.00502,模型转空
2026-08-19,600653.SSE,sell,2026-08-19 10:37:00,2026-08-19 10:38:00,156.5044,158.2508,63,85.23,0.01116,模型转空
2026-08-19,600653.SSE,sell,2026-08-19 10:44:00,2026-08-19 10:45:00,156.5044,158.2508,63,85.23,0.01116,模型转空
2026-08-19,600653.SSE,sell,2026-08-19 10:48:00,2026-08-19 10:49:00,156.5044,158.2508,63,85.23,0.01116,模型转空
2026-08-19,600653.SSE,sell,2026-08-19 10:52:00,2026-08-19 10:53:00,156.5044,158.2508,63,85.23,0.01116,模型转空
2026-08-19,600653.SSE,sell,2026-08-19 10:54:00,2026-08-19 10:58:00,156.5044,158.2508,63,85.23,0.01116,模型转空
2026-08-19,603958.SSE,sell,2026-08-19 10:55:00,2026-08-19 11:06:00,18.41,18.23,487,-111.21,-0.00978,模型转空
2026-08-19,600075.SSE,sell,2026-08-19 11:12:00,2026-08-19 11:13:00,52.5246,52.5246,189,-25.15,0.0,模型转空
2026-08-19,600231.SSE,sell,2026-08-19 11:15:00,2026-08-19 11:16:00,15.6185,15.6818,635,15.1,0.00405,模型转空
2026-08-19,002495.SZSE,sell,2026-08-19 11:23:00,2026-08-19 11:24:00,22.9627,23.0526,430,13.68,0.00392,模型转空
2026-08-19,002495.SZSE,sell,2026-08-19 11:29:00,2026-08-19 13:01:00,22.9627,23.0526,430,13.68,0.00392,模型转空
2026-08-19,600307.SSE,sell,2026-08-19 13:30:00,2026-08-19 13:31:00,6.9211,6.9528,1429,20.21,0.00458,模型转空
2026-08-19,300180.SZSE,sell,2026-08-19 13:30:00,2026-08-19 13:34:00,28.9425,28.9425,344,-25.15,0.0,模型转空
2026-08-19,600653.SSE,sell,2026-08-19 13:38:00,2026-08-19 13:39:00,154.758,156.5044,64,86.93,0.01128,模型转空
2026-08-19,600638.SSE,sell,2026-08-19 13:39:00,2026-08-19 13:40:00,88.7994,89.0097,112,-1.56,0.00237,模型转空
2026-08-19,600653.SSE,sell,2026-08-19 13:42:00,2026-08-19 13:45:00,154.758,156.5044,64,86.93,0.01128,模型转空
2026-08-19,600653.SSE,sell,2026-08-19 13:46:00,2026-08-19 13:47:00,154.758,156.5044,64,86.93,0.01128,模型转空
2026-08-19,600307.SSE,sell,2026-08-19 13:51:00,2026-08-19 13:52:00,6.9211,6.9528,1429,20.21,0.00458,模型转空
2026-08-19,002239.SZSE,sell,2026-08-19 13:52:00,2026-08-19 13:56:00,22.1985,22.1985,447,-25.11,0.0,模型转空
2026-08-19,002426.SZSE,sell,2026-08-19 13:55:00,2026-08-19 13:56:00,13.825,13.875,708,10.49,0.00362,模型转空
2026-08-19,600743.SSE,sell,2026-08-19 13:55:00,2026-08-19 13:56:00,70.155,70.4518,142,16.97,0.00423,模型转空
2026-08-19,603336.SSE,sell,2026-08-19 13:58:00,2026-08-19 14:03:00,37.7093,37.6264,258,-46.2,-0.0022,模型转空
2026-08-19,000753.SZSE,sell,2026-08-19 14:00:00,2026-08-19 14:03:00,55.5992,55.7257,173,-2.72,0.00228,模型转空
2026-08-19,600231.SSE,sell,2026-08-19 14:03:00,2026-08-19 14:04:00,15.5552,15.6185,635,15.16,0.00407,模型转空
2026-08-19,600231.SSE,sell,2026-08-19 14:07:00,2026-08-19 14:12:00,15.5552,15.6185,635,15.16,0.00407,模型转空
2026-08-19,600653.SSE,sell,2026-08-19 14:11:00,2026-08-19 14:12:00,153.0116,154.758,65,88.65,0.01141,模型转空
2026-08-19,600653.SSE,sell,2026-08-19 14:19:00,2026-08-19 14:20:00,153.0116,154.758,65,88.65,0.01141,模型转空
2026-08-19,600653.SSE,sell,2026-08-19 14:21:00,2026-08-19 14:22:00,153.0116,154.758,65,88.65,0.01141,模型转空
2026-08-19,600653.SSE,sell,2026-08-19 14:23:00,2026-08-19 14:24:00,153.0116,154.758,65,88.65,0.01141,模型转空
2026-08-19,000727.SZSE,sell,2026-08-19 14:25:00,2026-08-19 14:26:00,11.9102,11.9771,822,30.08,0.00562,模型转空
2026-08-19,002285.SZSE,sell,2026-08-19 14:26:00,2026-08-19 14:27:00,34.639,34.639,287,-25.11,0.0,模型转空
2026-08-19,002361.SZSE,sell,2026-08-19 14:25:00,2026-08-19 14:28:00,97.91,98.39,92,20.43,0.0049,模型转空
2026-08-19,301067.SZSE,sell,2026-08-19 14:43:00,2026-08-19 14:46:00,53.58,53.652,162,-11.54,0.00134,模型转空
2026-08-20,600653.SSE,sell,2026-08-20 10:02:00,2026-08-20 10:03:00,156.5044,158.2508,63,85.23,0.01116,模型转空
2026-08-20,600783.SSE,sell,2026-08-20 11:15:00,2026-08-20 11:18:00,130.884,131.3489,68,8.18,0.00355,模型转空
2026-08-20,600653.SSE,sell,2026-08-20 13:28:00,2026-08-20 13:29:00,158.2508,159.9971,62,83.53,0.01104,模型转空
2026-08-20,002495.SZSE,sell,2026-08-20 13:31:00,2026-08-20 13:32:00,23.2326,23.3225,420,12.95,0.00387,模型转空
2026-08-20,600280.SSE,sell,2026-08-20 13:30:00,2026-08-20 13:33:00,40.1205,40.2407,245,4.52,0.003,模型转空
2026-08-20,600653.SSE,sell,2026-08-20 13:42:00,2026-08-20 13:44:00,158.2508,159.9971,62,83.53,0.01104,模型转空
2026-08-20,600653.SSE,sell,2026-08-20 13:48:00,2026-08-20 13:49:00,158.2508,159.9971,62,83.53,0.01104,模型转空
2026-08-20,600653.SSE,sell,2026-08-20 13:52:00,2026-08-20 13:53:00,158.2508,159.9971,62,83.53,0.01104,模型转空
2026-08-20,301520.SZSE,sell,2026-08-20 13:53:00,2026-08-20 13:56:00,109.93,110.742,70,35.34,0.00739,模型转空
2026-08-20,600653.SSE,sell,2026-08-20 13:57:00,2026-08-20 14:00:00,158.2508,159.9971,62,83.53,0.01104,模型转空
2026-08-20,600708.SSE,sell,2026-08-20 14:17:00,2026-08-20 14:18:00,39.3919,39.4859,248,-1.57,0.00239,模型转空
2026-08-20,600708.SSE,sell,2026-08-20 14:25:00,2026-08-20 14:26:00,39.3919,39.5798,248,21.73,0.00477,模型转空
2026-08-20,600743.SSE,sell,2026-08-20 14:26:00,2026-08-20 14:30:00,71.0455,71.0455,138,-25.0,0.0,模型转空
2026-08-20,600653.SSE,sell,2026-08-20 14:29:00,2026-08-20 14:31:00,158.2508,159.9971,62,83.53,0.01104,模型转空
2026-08-20,600231.SSE,sell,2026-08-20 14:36:00,2026-08-20 14:40:00,15.8084,15.8717,624,14.49,0.004,模型转空
2026-08-20,002285.SZSE,sell,2026-08-20 14:41:00,2026-08-20 14:43:00,35.1737,35.3073,280,12.48,0.0038,模型转空
2026-08-20,600653.SSE,sell,2026-08-20 14:44:00,2026-08-20 14:45:00,158.2508,159.9971,62,83.53,0.01104,模型转空
2026-08-20,000716.SZSE,sell,2026-08-20 14:38:00,2026-08-20 14:46:00,21.2803,21.2357,469,-46.14,-0.0021,模型转空
2026-08-21,603177.SSE,sell,2026-08-21 09:35:00,2026-08-21 09:44:00,10.58,10.48,880,-112.06,-0.00945,模型转空
2026-08-21,600653.SSE,sell,2026-08-21 10:14:00,2026-08-21 10:18:00,154.758,156.5044,64,86.93,0.01128,模型转空
2026-08-21,600307.SSE,sell,2026-08-21 13:30:00,2026-08-21 13:32:00,6.9211,6.9528,1429,20.21,0.00458,模型转空
2026-08-21,000753.SZSE,sell,2026-08-21 14:02:00,2026-08-21 14:03:00,55.9789,56.1055,173,-2.82,0.00226,模型转空
2026-08-21,001277.SZSE,sell,2026-08-21 14:06:00,2026-08-21 14:08:00,36.156,36.526,194,51.15,0.01023,模型转空
2026-08-21,600626.SSE,sell,2026-08-21 14:15:00,2026-08-21 14:16:00,35.9212,36.0037,276,-2.3,0.0023,模型转空
2026-08-21,002495.SZSE,sell,2026-08-21 14:21:00,2026-08-21 14:22:00,23.1426,23.2326,430,13.56,0.00389,模型转空
2026-08-21,600748.SSE,sell,2026-08-21 14:32:00,2026-08-21 14:33:00,30.2855,30.2855,318,-24.67,0.0,模型转空
2026-08-21,300247.SZSE,sell,2026-08-21 14:40:00,2026-08-21 14:41:00,23.19,23.25,428,0.59,0.00259,模型转空
2026-08-24,603395.SSE,sell,2026-08-24 09:35:00,2026-08-24 09:38:00,34.8522,34.0202,229,-212.69,-0.02387,止损
2026-08-24,603395.SSE,sell,2026-08-24 09:38:00,2026-08-24 09:43:00,34.0202,34.3712,229,58.53,0.01032,模型转空
2026-08-24,600653.SSE,sell,2026-08-24 09:58:00,2026-08-24 10:00:00,158.2508,159.9971,62,83.53,0.01104,模型转空
2026-08-24,600653.SSE,sell,2026-08-24 10:45:00,2026-08-24 10:46:00,156.5044,158.2508,63,85.23,0.01116,模型转空
2026-08-24,600653.SSE,sell,2026-08-24 10:47:00,2026-08-24 10:50:00,156.5044,158.2508,63,85.23,0.01116,模型转空
2026-08-24,600653.SSE,sell,2026-08-24 11:05:00,2026-08-24 11:06:00,156.5044,158.2508,63,85.23,0.01116,模型转空
2026-08-24,603395.SSE,sell,2026-08-24 11:18:00,2026-08-24 11:19:00,34.1502,34.4752,229,52.53,0.00952,模型转空
2026-08-24,600433.SSE,sell,2026-08-24 11:27:00,2026-08-24 11:28:00,23.0171,23.0748,424,-0.41,0.0025,模型转空
2026-08-24,600653.SSE,sell,2026-08-24 11:28:00,2026-08-24 11:29:00,156.5044,158.2508,63,85.23,0.01116,模型转空
2026-08-24,600653.SSE,sell,2026-08-24 11:30:00,2026-08-24 13:01:00,156.5044,158.2508,63,85.23,0.01116,模型转空
2026-08-24,600433.SSE,sell,2026-08-24 13:23:00,2026-08-24 13:24:00,23.0171,23.0748,424,-0.41,0.0025,模型转空
2026-08-24,600433.SSE,sell,2026-08-24 13:27:00,2026-08-24 13:30:00,23.0171,23.0748,424,-0.41,0.0025,模型转空
2026-08-24,600300.SSE,sell,2026-08-24 13:30:00,2026-08-24 13:31:00,24.523,24.5802,403,-1.99,0.00233,模型转空
2026-08-24,600675.SSE,sell,2026-08-24 13:31:00,2026-08-24 13:32:00,117.9152,117.9152,82,-24.87,0.0,模型转空
2026-08-24,002285.SZSE,sell,2026-08-24 13:31:00,2026-08-24 13:33:00,33.8371,33.9707,293,14.08,0.00395,模型转空
2026-08-24,000727.SZSE,sell,2026-08-24 13:33:00,2026-08-24 13:35:00,11.9771,12.0441,822,29.99,0.00559,模型转空
2026-08-24,600675.SSE,sell,2026-08-24 13:34:00,2026-08-24 13:36:00,117.5191,117.9152,84,8.41,0.00337,模型转空
2026-08-24,600300.SSE,sell,2026-08-24 13:36:00,2026-08-24 13:37:00,24.523,24.5802,403,-1.99,0.00233,模型转空
2026-08-24,000980.SZSE,sell,2026-08-24 13:54:00,2026-08-24 13:55:00,3.5877,3.608,2769,30.93,0.00564,模型转空
2026-08-24,600478.SSE,sell,2026-08-24 14:01:00,2026-08-24 14:02:00,47.5401,47.6363,204,-5.11,0.00202,模型转空
2026-08-24,003023.SZSE,sell,2026-08-24 14:13:00,2026-08-24 14:14:00,37.46,37.85,213,60.99,0.01041,模型转空
2026-08-24,600300.SSE,sell,2026-08-24 14:23:00,2026-08-24 14:24:00,24.5802,24.6374,403,-2.03,0.00233,模型转空
2026-08-24,600300.SSE,sell,2026-08-24 14:26:00,2026-08-24 14:27:00,24.5802,24.6374,403,-2.03,0.00233,模型转空
2026-08-24,600653.SSE,sell,2026-08-24 14:30:00,2026-08-24 14:31:00,156.5044,158.2508,63,85.23,0.01116,模型转空
2026-08-24,002239.SZSE,sell,2026-08-24 14:40:00,2026-08-24 14:41:00,22.6395,22.7277,436,13.46,0.0039,模型转空
2026-08-24,600665.SSE,sell,2026-08-24 14:43:00,2026-08-24 14:46:00,15.2725,15.2725,635,-24.76,0.0,模型转空
2026-08-24,002178.SZSE,sell,2026-08-24 14:44:00,2026-08-24 14:46:00,29.29,29.3535,334,-3.66,0.00217,模型转空
2026-08-25,300443.SZSE,sell,2026-08-25 09:36:00,2026-08-25 09:41:00,81.2537,80.6537,113,-91.82,-0.00738,模型转空
2026-08-25,002483.SZSE,sell,2026-08-25 09:37:00,2026-08-25 09:41:00,18.3799,18.2359,543,-103.34,-0.00783,模型转空
2026-08-25,300644.SZSE,sell,2026-08-25 09:35:00,2026-08-25 09:42:00,36.038,36.191,272,16.7,0.00425,模型转空
2026-08-25,600653.SSE,sell,2026-08-25 13:24:00,2026-08-25 13:27:00,163.4899,165.2363,61,81.51,0.01068,模型转空
2026-08-25,600638.SSE,sell,2026-08-25 13:29:00,2026-08-25 13:30:00,94.056,94.2662,101,-3.17,0.00224,模型转空
2026-08-25,600626.SSE,sell,2026-08-25 13:29:00,2026-08-25 13:31:00,36.5818,36.6644,266,-2.84,0.00226,模型转空
2026-08-25,600708.SSE,sell,2026-08-25 13:30:00,2026-08-25 13:31:00,39.204,39.298,248,-1.5,0.0024,模型转空
2026-08-25,600675.SSE,sell,2026-08-25 13:31:00,2026-08-25 13:33:00,120.2918,120.6879,82,7.66,0.00329,模型转空
2026-08-25,600653.SSE,sell,2026-08-25 13:32:00,2026-08-25 13:33:00,163.4899,165.2363,61,81.51,0.01068,模型转空
2026-08-25,600626.SSE,sell,2026-08-25 13:36:00,2026-08-25 13:37:00,36.5818,36.6644,266,-2.84,0.00226,模型转空
2026-08-25,600653.SSE,sell,2026-08-25 13:59:00,2026-08-25 14:00:00,163.4899,165.2363,61,81.51,0.01068,模型转空
2026-08-25,600743.SSE,sell,2026-08-25 14:02:00,2026-08-25 14:03:00,71.0455,71.3423,138,16.19,0.00418,模型转空
2026-08-25,600653.SSE,sell,2026-08-25 14:06:00,2026-08-25 14:08:00,163.4899,165.2363,61,81.51,0.01068,模型转空
2026-08-25,600653.SSE,sell,2026-08-25 14:16:00,2026-08-25 14:17:00,163.4899,165.2363,61,81.51,0.01068,模型转空
2026-08-25,603958.SSE,sell,2026-08-25 14:15:00,2026-08-25 14:19:00,23.56,23.7,389,30.54,0.00594,模型转空
2026-08-25,600478.SSE,sell,2026-08-25 14:27:00,2026-08-25 14:28:00,48.0212,48.1174,204,-5.26,0.002,模型转空
2026-08-25,600653.SSE,sell,2026-08-25 14:40:00,2026-08-25 14:41:00,163.4899,165.2363,61,81.51,0.01068,模型转空
2026-08-25,600626.SSE,sell,2026-08-25 14:41:00,2026-08-25 14:42:00,36.747,36.8296,266,-2.91,0.00225,模型转空
2026-08-25,600626.SSE,sell,2026-08-25 14:43:00,2026-08-25 14:44:00,36.747,36.8296,266,-2.91,0.00225,模型转空
2026-08-25,603958.SSE,sell,2026-08-25 14:41:00,2026-08-25 14:47:00,22.74,22.85,389,19.35,0.00484,模型转空
2026-08-26,300036.SZSE,sell,2026-08-26 09:35:00,2026-08-26 09:42:00,58.0282,57.4138,164,-125.71,-0.01059,模型转空
2026-08-26,600626.SSE,sell,2026-08-26 11:30:00,2026-08-26 13:01:00,36.9947,36.9947,266,-24.97,0.0,模型转空
2026-08-26,300247.SZSE,sell,2026-08-26 11:28:00,2026-08-26 13:02:00,23.73,23.79,412,-0.14,0.00253,模型转空
2026-08-26,000753.SZSE,sell,2026-08-26 13:30:00,2026-08-26 13:31:00,58.0045,58.1311,165,-3.67,0.00218,模型转空
2026-08-26,600743.SSE,sell,2026-08-26 13:33:00,2026-08-26 13:34:00,72.2328,72.5297,135,15.35,0.00411,模型转空
2026-08-26,002495.SZSE,sell,2026-08-26 13:32:00,2026-08-26 13:35:00,23.5025,23.5025,420,-25.02,0.0,模型转空
2026-08-26,600638.SSE,sell,2026-08-26 13:34:00,2026-08-26 13:35:00,94.897,95.3176,101,18.07,0.00443,模型转空
2026-08-26,600231.SSE,sell,2026-08-26 13:45:00,2026-08-26 13:46:00,16.3782,16.4415,603,13.13,0.00387,模型转空
2026-08-26,600743.SSE,sell,2026-08-26 13:55:00,2026-08-26 13:56:00,72.2328,72.5297,135,15.35,0.00411,模型转空
2026-08-26,600638.SSE,sell,2026-08-26 13:58:00,2026-08-26 13:59:00,94.897,95.1073,101,-3.3,0.00222,模型转空
2026-08-26,002178.SZSE,sell,2026-08-26 13:59:00,2026-08-26 14:01:00,30.3696,30.3696,319,-24.75,0.0,模型转空
2026-08-26,000753.SZSE,sell,2026-08-26 14:03:00,2026-08-26 14:04:00,58.0045,58.2577,165,17.23,0.00436,模型转空
2026-08-26,600653.SSE,sell,2026-08-26 14:18:00,2026-08-26 14:19:00,168.729,170.4754,59,77.99,0.01035,模型转空
2026-08-26,600075.SSE,sell,2026-08-26 14:26:00,2026-08-26 14:27:00,54.3088,54.4278,181,-3.43,0.00219,模型转空
2026-08-26,600794.SSE,sell,2026-08-26 14:27:00,2026-08-26 14:30:00,86.4892,86.4892,112,-24.78,0.0,模型转空
2026-08-26,002285.SZSE,sell,2026-08-26 14:29:00,2026-08-26 14:30:00,36.1093,36.243,274,11.59,0.0037,模型转空
2026-08-26,000570.SZSE,sell,2026-08-26 14:28:00,2026-08-26 14:31:00,26.1621,26.2161,374,-4.67,0.00207,模型转空
2026-08-26,600231.SSE,sell,2026-08-26 14:29:00,2026-08-26 14:31:00,16.3782,16.4415,603,13.13,0.00387,模型转空
2026-08-26,600675.SSE,sell,2026-08-26 14:40:00,2026-08-26 14:44:00,121.8761,122.2722,81,7.06,0.00325,模型转空
2026-08-26,600638.SSE,sell,2026-08-26 14:44:00,2026-08-26 14:45:00,95.3176,95.7381,101,18.01,0.00441,模型转空
2026-08-26,600716.SSE,sell,2026-08-26 14:43:00,2026-08-26 14:46:00,17.6674,17.7077,558,-2.5,0.00228,模型转空
2026-08-27,300494.SZSE,sell,2026-08-27 09:36:00,2026-08-27 09:40:00,29.314,29.35,323,-12.78,0.00123,模型转空
2026-08-27,603013.SSE,sell,2026-08-27 09:35:00,2026-08-27 09:41:00,19.54,19.38,472,-99.54,-0.00819,模型转空
2026-08-27,600794.SSE,sell,2026-08-27 10:30:00,2026-08-27 10:31:00,85.7208,85.977,116,4.59,0.00299,模型转空
2026-08-27,300190.SZSE,sell,2026-08-27 13:27:00,2026-08-27 13:28:00,44.9828,44.9828,214,-24.66,0.0,模型转空
2026-08-27,600638.SSE,sell,2026-08-27 13:27:00,2026-08-27 13:28:00,94.2662,94.2662,101,-24.58,0.0,模型转空
2026-08-27,002397.SZSE,sell,2026-08-27 13:27:00,2026-08-27 13:29:00,50.1874,50.2929,198,-4.22,0.0021,模型转空
2026-08-27,002495.SZSE,sell,2026-08-27 13:29:00,2026-08-27 13:31:00,23.3225,23.4125,420,12.89,0.00386,模型转空
2026-08-27,600794.SSE,sell,2026-08-27 14:00:00,2026-08-27 14:01:00,85.7208,85.977,116,4.59,0.00299,模型转空
2026-08-27,600794.SSE,sell,2026-08-27 14:17:00,2026-08-27 14:18:00,85.7208,85.7208,116,-25.14,0.0,模型转空
2026-08-27,600653.SSE,sell,2026-08-27 14:16:00,2026-08-27 14:20:00,168.729,168.729,59,-25.16,0.0,模型转空
2026-08-28,301586.SZSE,sell,2026-08-28 09:35:00,2026-08-28 09:41:00,30.7,30.79,294,2.73,0.00293,模型转空
2026-08-28,600653.SSE,sell,2026-08-28 11:14:00,2026-08-28 11:15:00,170.4754,172.2218,58,76.31,0.01024,模型转空
2026-08-28,600653.SSE,sell,2026-08-28 11:16:00,2026-08-28 11:19:00,170.4754,173.9682,58,177.69,0.02049,模型转空
2026-08-28,600653.SSE,sell,2026-08-28 11:30:00,2026-08-28 13:01:00,170.4754,172.2218,58,76.31,0.01024,模型转空
2026-08-28,600716.SSE,sell,2026-08-28 13:26:00,2026-08-28 13:28:00,18.1109,18.1915,537,18.52,0.00445,模型转空
2026-08-28,002397.SZSE,sell,2026-08-28 13:31:00,2026-08-28 13:32:00,50.7151,50.8206,190,-4.59,0.00208,模型转空
2026-08-28,000753.SZSE,sell,2026-08-28 13:31:00,2026-08-28 13:32:00,59.397,59.397,165,-24.92,0.0,模型转空
2026-08-28,600653.SSE,sell,2026-08-28 13:31:00,2026-08-28 13:33:00,170.4754,172.2218,58,76.31,0.01024,模型转空
2026-08-28,301520.SZSE,sell,2026-08-28 13:35:00,2026-08-28 13:37:00,100.802,102.202,70,77.66,0.01389,模型转空
2026-08-28,002397.SZSE,sell,2026-08-28 13:37:00,2026-08-28 13:41:00,50.7151,50.7151,190,-24.71,0.0,模型转空
2026-08-28,600653.SSE,sell,2026-08-28 13:49:00,2026-08-28 13:50:00,170.4754,172.2218,58,76.31,0.01024,模型转空
2026-08-28,600653.SSE,sell,2026-08-28 13:56:00,2026-08-28 13:57:00,170.4754,172.2218,58,76.31,0.01024,模型转空
2026-08-28,002178.SZSE,sell,2026-08-28 14:10:00,2026-08-28 14:11:00,30.6236,30.6871,319,-4.6,0.00207,模型转空
2026-08-28,301234.SZSE,sell,2026-08-28 14:18:00,2026-08-28 14:21:00,99.92,100.94,98,75.59,0.01021,模型转空
2026-08-28,600794.SSE,sell,2026-08-28 14:20:00,2026-08-28 14:21:00,86.7454,87.0015,112,3.94,0.00295,模型转空
2026-08-28,000407.SZSE,sell,2026-08-28 14:25:00,2026-08-28 14:26:00,55.1875,55.1875,175,-24.72,0.0,模型转空
2026-08-28,002178.SZSE,sell,2026-08-28 14:27:00,2026-08-28 14:29:00,30.6236,30.6871,319,-4.6,0.00207,模型转空
2026-08-28,600425.SSE,sell,2026-08-28 14:26:00,2026-08-28 14:30:00,22.8975,22.8975,424,-24.77,0.0,模型转空
2026-08-28,002397.SZSE,sell,2026-08-28 14:41:00,2026-08-28 14:42:00,50.9262,51.0317,190,-4.65,0.00207,模型转空
2026-08-28,000407.SZSE,sell,2026-08-28 14:43:00,2026-08-28 14:46:00,55.1875,55.3196,175,-1.57,0.00239,模型转空
2026-08-28,002397.SZSE,sell,2026-08-28 14:43:00,2026-08-28 14:46:00,50.9262,50.9262,190,-24.77,0.0,模型转空
2026-08-31,300210.SZSE,sell,2026-08-31 09:35:00,2026-08-31 09:43:00,48.7793,48.1377,201,-154.03,-0.01315,模型转空
2026-08-31,600653.SSE,sell,2026-08-31 11:18:00,2026-08-31 11:20:00,170.4754,172.2218,58,76.31,0.01024,模型转空
2026-08-31,600743.SSE,sell,2026-08-31 13:26:00,2026-08-31 13:30:00,74.0139,74.0139,132,-24.91,0.0,模型转空
2026-08-31,603395.SSE,sell,2026-08-31 13:29:00,2026-08-31 13:32:00,38.5832,39.0902,229,92.67,0.01314,模型转空
2026-08-31,002495.SZSE,sell,2026-08-31 13:32:00,2026-08-31 13:33:00,23.6824,23.7723,420,12.66,0.0038,模型转空
2026-08-31,003023.SZSE,sell,2026-08-31 13:30:00,2026-08-31 13:34:00,36.212,35.315,213,-212.98,-0.02477,止损
2026-08-31,002285.SZSE,sell,2026-08-31 13:33:00,2026-08-31 13:35:00,38.6489,38.7825,255,9.13,0.00346,模型转空
2026-08-31,003023.SZSE,sell,2026-08-31 13:34:00,2026-08-31 13:39:00,35.315,35.328,213,-18.68,0.00037,模型转空
2026-08-31,600127.SSE,sell,2026-08-31 13:28:00,2026-08-31 13:40:00,47.1463,47.2629,205,-0.79,0.00248,模型转空
2026-08-31,300328.SZSE,sell,2026-08-31 13:49:00,2026-08-31 13:51:00,92.2002,94.1982,91,159.2,0.02167,模型转空
2026-08-31,600794.SSE,sell,2026-08-31 13:57:00,2026-08-31 13:59:00,86.4892,86.7454,112,3.99,0.00296,模型转空
2026-08-31,000753.SZSE,sell,2026-08-31 13:57:00,2026-08-31 14:00:00,58.8906,59.0172,165,-3.89,0.00215,模型转空
2026-08-31,600478.SSE,sell,2026-08-31 13:59:00,2026-08-31 14:00:00,47.6363,47.7325,204,-5.14,0.00202,模型转空
2026-08-31,000753.SZSE,sell,2026-08-31 14:03:00,2026-08-31 14:04:00,58.764,58.8906,165,-3.86,0.00215,模型转空
2026-08-31,600478.SSE,sell,2026-08-31 14:08:00,2026-08-31 14:10:00,47.6363,47.6363,204,-24.83,0.0,模型转空
2026-08-31,600653.SSE,sell,2026-08-31 14:17:00,2026-08-31 14:18:00,170.4754,172.2218,58,76.31,0.01024,模型转空
2026-08-31,600231.SSE,sell,2026-08-31 14:19:00,2026-08-31 14:21:00,16.2516,16.3149,613,13.66,0.0039,模型转空
2026-08-31,600653.SSE,sell,2026-08-31 14:19:00,2026-08-31 14:22:00,170.4754,172.2218,58,76.31,0.01024,模型转空
2026-08-31,603395.SSE,sell,2026-08-31 14:21:00,2026-08-31 14:23:00,38.0632,38.4142,229,57.12,0.00922,模型转空
2026-08-31,600960.SSE,sell,2026-08-31 14:29:00,2026-08-31 14:30:00,18.1436,18.1848,539,-2.68,0.00227,模型转空
2026-08-31,600626.SSE,sell,2026-08-31 14:29:00,2026-08-31 14:30:00,36.8296,36.9121,266,-2.94,0.00224,模型转空
2026-08-31,002495.SZSE,sell,2026-08-31 14:31:00,2026-08-31 14:33:00,23.7723,23.8623,420,12.6,0.00378,模型转空
2026-08-31,600653.SSE,sell,2026-08-31 14:32:00,2026-08-31 14:34:00,170.4754,172.2218,58,76.31,0.01024,模型转空
2026-08-31,300247.SZSE,sell,2026-08-31 14:39:00,2026-08-31 14:41:00,23.79,23.85,412,-0.18,0.00252,模型转空
2026-08-31,600960.SSE,sell,2026-08-31 14:42:00,2026-08-31 14:46:00,18.1436,18.1848,539,-2.68,0.00227,模型转空
2026-09-01,600653.SSE,sell,2026-09-01 13:27:00,2026-09-01 13:28:00,172.2218,173.9682,57,74.65,0.01014,模型转空
2026-09-01,600231.SSE,sell,2026-09-01 13:28:00,2026-09-01 13:29:00,16.3782,16.4415,603,13.13,0.00387,模型转空
2026-09-01,600653.SSE,sell,2026-09-01 13:30:00,2026-09-01 13:32:00,172.2218,173.9682,57,74.65,0.01014,模型转空
2026-09-01,000753.SZSE,sell,2026-09-01 13:35:00,2026-09-01 13:36:00,60.03,60.1566,165,-4.18,0.00211,模型转空
2026-09-01,000570.SZSE,sell,2026-09-01 13:55:00,2026-09-01 13:57:00,26.9729,27.0269,354,-5.39,0.002,模型转空
2026-09-01,600626.SSE,sell,2026-09-01 13:59:00,2026-09-01 14:01:00,37.325,37.4076,266,-3.14,0.00221,模型转空
2026-09-01,000407.SZSE,sell,2026-09-01 14:00:00,2026-09-01 14:01:00,56.2443,56.3763,175,-1.85,0.00235,模型转空
2026-09-01,600653.SSE,sell,2026-09-01 14:01:00,2026-09-01 14:02:00,173.9682,175.7146,57,74.5,0.01004,模型转空
2026-09-01,600425.SSE,sell,2026-09-01 14:01:00,2026-09-01 14:02:00,23.1607,23.2134,424,-2.62,0.00227,模型转空
2026-09-01,600748.SSE,sell,2026-09-01 14:01:00,2026-09-01 14:02:00,30.5517,30.6182,318,-3.61,0.00218,模型转空
2026-09-01,600478.SSE,sell,2026-09-01 14:00:00,2026-09-01 14:04:00,47.925,48.0212,204,-5.23,0.00201,模型转空
2026-09-01,600325.SSE,sell,2026-09-01 14:04:00,2026-09-01 14:05:00,35.6297,35.7088,276,-3.13,0.00222,模型转空
2026-09-01,600653.SSE,sell,2026-09-01 14:03:00,2026-09-01 14:07:00,173.9682,175.7146,57,74.5,0.01004,模型转空
2026-09-01,600794.SSE,sell,2026-09-01 14:06:00,2026-09-01 14:07:00,87.5137,87.7699,112,3.81,0.00293,模型转空
2026-09-01,600325.SSE,sell,2026-09-01 14:08:00,2026-09-01 14:09:00,35.6297,35.7088,276,-3.13,0.00222,模型转空
2026-09-01,600794.SSE,sell,2026-09-01 14:10:00,2026-09-01 14:11:00,87.5137,87.7699,112,3.81,0.00293,模型转空
2026-09-01,600748.SSE,sell,2026-09-01 14:14:00,2026-09-01 14:15:00,30.4851,30.4851,318,-24.76,0.0,模型转空
2026-09-01,600653.SSE,sell,2026-09-01 14:15:00,2026-09-01 14:16:00,173.9682,175.7146,57,74.5,0.01004,模型转空
2026-09-01,600231.SSE,sell,2026-09-01 14:14:00,2026-09-01 14:17:00,16.3782,16.4415,603,13.13,0.00387,模型转空
2026-09-01,000753.SZSE,sell,2026-09-01 14:19:00,2026-09-01 14:20:00,60.03,60.1566,165,-4.18,0.00211,模型转空
2026-09-01,000753.SZSE,sell,2026-09-01 14:21:00,2026-09-01 14:22:00,60.03,60.1566,165,-4.18,0.00211,模型转空
2026-09-01,600653.SSE,sell,2026-09-01 14:18:00,2026-09-01 14:23:00,173.9682,173.9682,57,-25.1,0.0,模型转空
2026-09-01,600794.SSE,sell,2026-09-01 14:22:00,2026-09-01 14:23:00,87.5137,87.5137,112,-24.95,0.0,模型转空
2026-09-01,600231.SSE,sell,2026-09-01 14:27:00,2026-09-01 14:28:00,16.3782,16.4415,603,13.13,0.00387,模型转空
2026-09-01,000868.SZSE,sell,2026-09-01 14:33:00,2026-09-01 14:34:00,15.4318,15.4772,637,3.99,0.00294,模型转空
2026-09-01,600653.SSE,sell,2026-09-01 14:34:00,2026-09-01 14:35:00,172.2218,173.9682,57,74.65,0.01014,模型转空
2026-09-01,600748.SSE,sell,2026-09-01 14:39:00,2026-09-01 14:40:00,30.4186,30.4851,318,-3.55,0.00219,模型转空
2026-09-01,600675.SSE,sell,2026-09-01 14:41:00,2026-09-01 14:42:00,122.2722,122.6683,81,7.01,0.00324,模型转空
2026-09-01,600638.SSE,sell,2026-09-01 14:42:00,2026-09-01 14:43:00,94.6868,94.897,101,-3.27,0.00222,模型转空
2026-09-01,002374.SZSE,sell,2026-09-01 14:43:00,2026-09-01 14:47:00,21.4299,21.5566,460,33.33,0.00591,模型转空
2026-09-02,600653.SSE,sell,2026-09-02 09:40:00,2026-09-02 09:41:00,168.729,170.4754,59,77.99,0.01035,模型转空
2026-09-02,600653.SSE,sell,2026-09-02 10:19:00,2026-09-02 10:20:00,166.9827,168.729,59,78.14,0.01046,模型转空
2026-09-02,600653.SSE,sell,2026-09-02 10:31:00,2026-09-02 10:37:00,166.9827,168.729,59,78.14,0.01046,模型转空
2026-09-02,600653.SSE,sell,2026-09-02 10:44:00,2026-09-02 10:45:00,166.9827,168.729,59,78.14,0.01046,模型转空
2026-09-02,600653.SSE,sell,2026-09-02 10:55:00,2026-09-02 10:56:00,166.9827,168.729,59,78.14,0.01046,模型转空
2026-09-02,600626.SSE,sell,2026-09-02 11:07:00,2026-09-02 11:08:00,36.5818,36.6644,266,-2.84,0.00226,模型转空
2026-09-02,600307.SSE,sell,2026-09-02 11:14:00,2026-09-02 11:15:00,7.1746,7.2062,1388,18.8,0.00442,模型转空
2026-09-02,600653.SSE,sell,2026-09-02 11:13:00,2026-09-02 11:16:00,166.9827,168.729,59,78.14,0.01046,模型转空
2026-09-02,600307.SSE,sell,2026-09-02 11:16:00,2026-09-02 11:19:00,7.1746,7.2062,1388,18.8,0.00442,模型转空
2026-09-02,002397.SZSE,sell,2026-09-02 11:29:00,2026-09-02 11:30:00,51.7705,51.7705,190,-25.01,0.0,模型转空
2026-09-02,600307.SSE,sell,2026-09-02 11:29:00,2026-09-02 11:30:00,7.1746,7.2062,1388,18.8,0.00442,模型转空
2026-09-02,603082.SSE,sell,2026-09-02 13:17:00,2026-09-02 13:18:00,46.93,47.44,192,74.27,0.01087,模型转空
2026-09-02,600794.SSE,sell,2026-09-02 14:02:00,2026-09-02 14:03:00,87.2576,87.5137,112,3.85,0.00294,模型转空
2026-09-02,600653.SSE,sell,2026-09-02 14:19:00,2026-09-02 14:20:00,170.4754,172.2218,58,76.31,0.01024,模型转空
2026-09-02,600748.SSE,sell,2026-09-02 14:22:00,2026-09-02 14:25:00,30.352,30.352,318,-24.7,0.0,模型转空
2026-09-02,600653.SSE,sell,2026-09-02 14:26:00,2026-09-02 14:27:00,170.4754,172.2218,58,76.31,0.01024,模型转空
2026-09-02,600638.SSE,sell,2026-09-02 14:30:00,2026-09-02 14:31:00,94.056,94.2662,101,-3.17,0.00224,模型转空
2026-09-03,300078.SZSE,sell,2026-09-03 09:35:00,2026-09-03 09:42:00,41.7287,40.8288,235,-236.9,-0.02157,止损
2026-09-03,600425.SSE,sell,2026-09-03 11:00:00,2026-09-03 11:01:00,22.8448,22.8975,424,-2.42,0.0023,模型转空
2026-09-03,002495.SZSE,sell,2026-09-03 11:00:00,2026-09-03 11:01:00,23.2326,23.3225,420,12.95,0.00387,模型转空
2026-09-03,600425.SSE,sell,2026-09-03 11:14:00,2026-09-03 11:15:00,22.8448,22.8975,424,-2.42,0.0023,模型转空
2026-09-03,600653.SSE,sell,2026-09-03 11:14:00,2026-09-03 11:17:00,168.729,170.4754,59,77.99,0.01035,模型转空
2026-09-03,600425.SSE,sell,2026-09-03 11:18:00,2026-09-03 11:20:00,22.8448,22.8975,424,-2.42,0.0023,模型转空
2026-09-03,600653.SSE,sell,2026-09-03 11:22:00,2026-09-03 11:24:00,168.729,170.4754,59,77.99,0.01035,模型转空
2026-09-03,600653.SSE,sell,2026-09-03 13:13:00,2026-09-03 13:14:00,166.9827,168.729,59,78.14,0.01046,模型转空
2026-09-03,002374.SZSE,sell,2026-09-03 13:23:00,2026-09-03 13:24:00,20.8597,20.923,475,5.03,0.00304,模型转空
2026-09-03,600626.SSE,sell,2026-09-03 13:29:00,2026-09-03 13:30:00,36.6644,36.6644,266,-24.83,0.0,模型转空
2026-09-03,300247.SZSE,sell,2026-09-03 13:30:00,2026-09-03 13:31:00,23.49,23.55,412,0.01,0.00255,模型转空
2026-09-03,600675.SSE,sell,2026-09-03 13:30:00,2026-09-03 13:32:00,121.8761,122.2722,81,7.06,0.00325,模型转空
2026-09-03,600527.SSE,sell,2026-09-03 13:30:00,2026-09-03 13:32:00,61.4944,61.6839,161,5.46,0.00308,模型转空
2026-09-03,000720.SZSE,sell,2026-09-03 13:30:00,2026-09-03 13:32:00,28.1524,28.2332,353,3.44,0.00287,模型转空
2026-09-03,002659.SZSE,sell,2026-09-03 13:31:00,2026-09-03 13:32:00,9.283,9.323,1076,17.82,0.00431,模型转空
2026-09-03,600653.SSE,sell,2026-09-03 13:33:00,2026-09-03 13:34:00,166.9827,168.729,59,78.14,0.01046,模型转空
2026-09-03,600307.SSE,sell,2026-09-03 13:44:00,2026-09-03 13:45:00,7.1746,7.2062,1388,18.8,0.00442,模型转空
2026-09-03,600653.SSE,sell,2026-09-03 13:44:00,2026-09-03 13:48:00,166.9827,166.9827,59,-25.01,0.0,模型转空
2026-09-03,600527.SSE,sell,2026-09-03 13:47:00,2026-09-03 13:49:00,61.4944,61.6839,161,5.46,0.00308,模型转空
2026-09-03,000407.SZSE,sell,2026-09-03 13:48:00,2026-09-03 13:49:00,55.0555,55.1875,175,-1.53,0.0024,模型转空
2026-09-03,600653.SSE,sell,2026-09-03 13:53:00,2026-09-03 13:54:00,165.2363,166.9827,60,79.82,0.01057,模型转空
2026-09-03,600653.SSE,sell,2026-09-03 13:55:00,2026-09-03 13:56:00,165.2363,166.9827,60,79.82,0.01057,模型转空
2026-09-03,002495.SZSE,sell,2026-09-03 13:59:00,2026-09-03 14:01:00,23.0526,23.1426,430,13.62,0.0039,模型转空
2026-09-03,600675.SSE,sell,2026-09-03 14:07:00,2026-09-03 14:08:00,121.48,121.8761,81,7.11,0.00326,模型转空
2026-09-03,600675.SSE,sell,2026-09-03 14:09:00,2026-09-03 14:10:00,121.48,121.8761,81,7.11,0.00326,模型转空
2026-09-03,600425.SSE,sell,2026-09-03 14:12:00,2026-09-03 14:13:00,22.7395,22.7922,424,-2.35,0.00232,模型转空
2026-09-03,600743.SSE,sell,2026-09-03 14:16:00,2026-09-03 14:17:00,67.7803,68.0771,145,18.1,0.00438,模型转空
2026-09-03,600675.SSE,sell,2026-09-03 14:18:00,2026-09-03 14:19:00,121.48,121.8761,81,7.11,0.00326,模型转空
2026-09-03,605299.SSE,sell,2026-09-03 14:14:00,2026-09-03 14:20:00,15.56,15.56,630,-24.91,0.0,模型转空
2026-09-03,600675.SSE,sell,2026-09-03 14:20:00,2026-09-03 14:21:00,121.48,121.8761,81,7.11,0.00326,模型转空
2026-09-03,600653.SSE,sell,2026-09-03 14:33:00,2026-09-03 14:34:00,165.2363,166.9827,60,79.82,0.01057,模型转空
2026-09-04,600653.SSE,sell,2026-09-04 10:14:00,2026-09-04 10:15:00,168.729,170.4754,59,77.99,0.01035,模型转空
2026-09-04,600653.SSE,sell,2026-09-04 10:58:00,2026-09-04 10:59:00,170.4754,172.2218,58,76.31,0.01024,模型转空
2026-09-04,600527.SSE,sell,2026-09-04 11:15:00,2026-09-04 11:16:00,61.8735,62.063,161,5.36,0.00306,模型转空
2026-09-04,600478.SSE,sell,2026-09-04 11:18:00,2026-09-04 11:19:00,47.3476,47.4438,204,-5.05,0.00203,模型转空
2026-09-04,600708.SSE,sell,2026-09-04 11:27:00,2026-09-04 11:29:00,39.5798,39.6738,248,-1.64,0.00237,模型转空
2026-09-04,600478.SSE,sell,2026-09-04 11:28:00,2026-09-04 11:29:00,47.2514,47.3476,204,-5.02,0.00204,模型转空
2026-09-04,600716.SSE,sell,2026-09-04 11:29:00,2026-09-04 13:01:00,17.9093,17.9899,537,18.69,0.0045,模型转空
2026-09-04,300324.SZSE,sell,2026-09-04 11:30:00,2026-09-04 13:01:00,92.3717,92.8529,106,26.17,0.00521,模型转空
2026-09-04,600743.SSE,sell,2026-09-04 13:28:00,2026-09-04 13:29:00,67.4834,67.7803,145,18.16,0.0044,模型转空
2026-09-04,600231.SSE,sell,2026-09-04 13:29:00,2026-09-04 13:30:00,16.3149,16.3782,603,13.18,0.00388,模型转空
2026-09-04,002426.SZSE,sell,2026-09-04 13:27:00,2026-09-04 13:31:00,14.525,14.525,670,-24.81,0.0,模型转空
2026-09-04,002374.SZSE,sell,2026-09-04 13:29:00,2026-09-04 13:31:00,21.0498,21.1131,460,4.42,0.00301,模型转空
2026-09-04,600653.SSE,sell,2026-09-04 13:30:00,2026-09-04 13:31:00,168.729,170.4754,59,77.99,0.01035,模型转空
2026-09-04,600716.SSE,sell,2026-09-04 13:28:00,2026-09-04 13:32:00,17.869,17.869,558,-25.17,0.0,模型转空
2026-09-04,002495.SZSE,sell,2026-09-04 13:29:00,2026-09-04 13:33:00,23.6824,23.7723,420,12.66,0.0038,模型转空
2026-09-04,600653.SSE,sell,2026-09-04 13:33:00,2026-09-04 13:34:00,168.729,170.4754,59,77.99,0.01035,模型转空
2026-09-04,000727.SZSE,sell,2026-09-04 13:33:00,2026-09-04 13:34:00,12.6464,12.7133,786,27.46,0.00529,模型转空
2026-09-04,600231.SSE,sell,2026-09-04 13:33:00,2026-09-04 13:35:00,16.3149,16.3782,603,13.18,0.00388,模型转空
2026-09-04,600653.SSE,sell,2026-09-04 13:35:00,2026-09-04 13:38:00,168.729,168.729,59,-25.16,0.0,模型转空
2026-09-04,600540.SSE,sell,2026-09-04 13:55:00,2026-09-04 13:56:00,19.1423,19.4207,507,116.26,0.01454,模型转空
2026-09-04,600653.SSE,sell,2026-09-04 14:12:00,2026-09-04 14:15:00,168.729,168.729,59,-25.16,0.0,模型转空
2026-09-04,002239.SZSE,sell,2026-09-04 14:19:00,2026-09-04 14:20:00,23.4333,23.5215,426,12.36,0.00376,模型转空
2026-09-04,600527.SSE,sell,2026-09-04 14:23:00,2026-09-04 14:24:00,61.4944,61.6839,161,5.46,0.00308,模型转空
2026-09-04,600743.SSE,sell,2026-09-04 14:23:00,2026-09-04 14:25:00,67.4834,67.7803,145,18.16,0.0044,模型转空
2026-09-04,002909.SZSE,sell,2026-09-04 14:20:00,2026-09-04 14:26:00,21.9735,21.9186,433,-48.21,-0.0025,模型转空
2026-09-04,600743.SSE,sell,2026-09-04 14:27:00,2026-09-04 14:29:00,67.4834,67.7803,145,18.16,0.0044,模型转空
2026-09-04,600638.SSE,sell,2026-09-04 14:29:00,2026-09-04 14:30:00,94.897,95.1073,101,-3.3,0.00222,模型转空
2026-09-04,600626.SSE,sell,2026-09-04 14:29:00,2026-09-04 14:31:00,36.4992,36.4992,266,-24.77,0.0,模型转空
2026-09-04,600794.SSE,sell,2026-09-04 14:31:00,2026-09-04 14:32:00,87.0015,87.2576,112,3.9,0.00294,模型转空
2026-09-04,600127.SSE,sell,2026-09-04 14:32:00,2026-09-04 14:36:00,48.3131,48.9355,205,102.48,0.01288,模型转空
2026-09-04,600540.SSE,sell,2026-09-04 14:42:00,2026-09-04 14:46:00,19.0031,19.0031,507,-24.64,0.0,模型转空
