datetime,symbol,prob_up,label
2026-05-26 14:41:00,,0.18626608639750403,0
2026-06-08 14:26:00,,0.1225144547331355,0
2026-06-12 10:36:00,,0.28122852050226715,1
2026-06-12 13:41:00,,0.26583641821306236,0
2026-06-29 13:02:00,,0.19869505934481235,0
2026-06-29 14:52:00,,0.11784431782027285,0
2026-07-03 11:07:00,,0.22742515692273588,0
2026-07-09 09:43:00,,0.3552243221526836,0
2026-07-09 10:06:00,,0.25024235657388594,0
2026-07-27 10:55:00,,0.18391095845663274,1
2026-07-28 13:28:00,,0.17608848602337493,0
2026-08-05 10:08:00,,0.24114969467159536,0
2026-08-05 13:40:00,,0.17773804126547818,0
2026-06-02 13:55:00,,0.1815776626320559,0
2026-06-02 13:57:00,,0.14664838143416248,0
2026-06-08 13:10:00,,0.2879405874598434,0
2026-07-01 14:03:00,,0.2421390488278889,0
2026-08-05 13:44:00,,0.18201520053693396,0
2026-08-13 11:26:00,,0.2531634650757384,0
2026-08-14 14:58:00,,0.1036772217567928,0
2026-08-25 14:31:00,,0.19253082903211408,0
2026-05-26 13:21:00,,0.2806605012937671,0
2026-06-05 10:50:00,,0.3016709091520977,0
2026-06-18 14:43:00,,0.15306391461241942,0
2026-06-29 14:10:00,,0.14482792940097683,0
2026-07-30 10:26:00,,0.35000678861584095,0
2026-08-07 13:12:00,,0.2585496080705867,0
2026-09-03 11:10:00,,0.20515562666568965,0
2026-05-21 13:40:00,,0.1671375566079931,0
2026-05-22 13:08:00,,0.17329217554248763,0
2026-06-09 10:55:00,,0.17952462568077313,0
2026-06-16 13:12:00,,0.1886845853190181,0
2026-07-09 10:16:00,,0.2148216544678382,0
2026-07-16 13:13:00,,0.20951878675528446,0
2026-07-27 09:32:00,,0.2749846907741529,0
2026-08-13 10:46:00,,0.24038452905250668,0
2026-08-14 09:54:00,,0.2749277240292159,0
2026-06-01 14:23:00,,0.24783769514875356,0
2026-06-02 10:18:00,,0.31741715875137877,0
2026-06-02 11:15:00,,0.23660744956327068,0
2026-06-05 13:12:00,,0.24202837330116078,0
2026-06-12 13:29:00,,0.22775831936307941,0
2026-06-16 13:43:00,,0.18704808118924973,0
2026-06-18 14:53:00,,0.2489029447929758,0
2026-07-29 10:26:00,,0.2733349473129545,0
2026-08-27 09:32:00,,0.2651632379121069,1
2026-08-31 13:31:00,,0.2092940378247329,0
2026-05-22 11:04:00,,0.2961920624106727,0
2026-06-02 13:51:00,,0.2126242768633035,0
2026-06-05 11:16:00,,0.19755051404441307,0
2026-06-22 11:07:00,,0.32772771619802127,0
2026-06-26 10:50:00,,0.2530021505451478,0
2026-07-23 13:17:00,,0.2207462570020153,0
2026-08-04 10:39:00,,0.14806764627726932,0
2026-08-10 14:59:00,,0.10738517131925134,0
2026-06-04 13:50:00,,0.1743886700409544,1
2026-06-05 10:06:00,,0.3253943197273455,0
2026-06-22 13:27:00,,0.3876589641694441,1
2026-06-26 10:12:00,,0.3441656393902316,0
2026-07-02 14:50:00,,0.25591895888173727,1
2026-07-06 14:18:00,,0.2579184468789374,0
2026-07-07 11:17:00,,0.2902676523584931,0
2026-07-16 11:00:00,,0.24326337737912607,0
2026-08-19 13:02:00,,0.12036843920193575,0
2026-08-24 11:10:00,,0.23447725665218136,0
2026-08-25 10:12:00,,0.2425254914126601,0
2026-05-26 10:39:00,,0.331816910302262,0
2026-05-27 13:30:00,,0.30870276051468737,0
2026-05-29 14:06:00,,0.3000258134677515,1
2026-06-12 11:09:00,,0.29919567378934353,0
2026-06-23 11:14:00,,0.2847628410039843,0
2026-07-03 14:54:00,,0.11443361858692072,0
2026-07-20 14:32:00,,0.22641966339898043,0
2026-08-05 10:48:00,,0.31679884916332557,0
2026-08-05 13:40:00,,0.2370941745079341,0
2026-08-10 13:02:00,,0.2902486366080404,0
2026-08-20 10:24:00,,0.24541178750292875,0
2026-08-25 09:47:00,,0.32507093744597665,0
2026-09-02 14:19:00,,0.24195743496630698,1
2026-09-03 13:50:00,,0.2151549760960243,1
2026-05-22 13:54:00,,0.16989647490508497,0
2026-05-29 10:15:00,,0.28239467693093295,0
2026-06-08 09:34:00,,0.27088061672790886,0
2026-07-09 14:23:00,,0.13708861247300358,0
2026-07-16 13:46:00,,0.15667765580107523,0
2026-07-22 14:22:00,,0.1471809164002188,0
2026-07-28 10:39:00,,0.20261102730913885,1
2026-07-28 14:50:00,,0.10600136648283397,0
2026-08-19 10:42:00,,0.22849946323437095,0
2026-08-27 10:07:00,,0.2157404148788178,0
2026-08-28 13:40:00,,0.17417976445273714,0
2026-09-02 13:31:00,,0.1468875408143413,0
2026-09-02 13:48:00,,0.16987392595108125,0
2026-05-22 09:53:00,,0.3182222616911715,1
2026-05-22 10:00:00,,0.32572416023816586,1
2026-07-08 10:18:00,,0.30591341079427153,0
2026-07-20 10:45:00,,0.25695625770801317,0
2026-07-27 09:42:00,,0.31778429216866716,0
2026-08-04 09:49:00,,0.30738365792820005,0
2026-08-31 10:09:00,,0.26494159913234583,1
2026-08-31 14:56:00,,0.09442989422304138,0
2026-06-08 13:23:00,,0.21470251269592722,1
2026-06-10 14:24:00,,0.17127460803143787,0
2026-06-10 14:56:00,,0.16022304844039376,0
2026-06-15 11:22:00,,0.1854851246261621,1
2026-06-25 09:39:00,,0.3812450574709552,0
2026-06-29 10:04:00,,0.335414888890237,0
2026-08-20 13:43:00,,0.20282710604266876,0
2026-06-02 13:32:00,,0.17277136006677885,0
2026-06-30 10:24:00,,0.20236623036676182,0
2026-07-02 11:09:00,,0.23650924756024036,0
2026-07-02 13:14:00,,0.2268217159848935,0
2026-07-07 14:46:00,,0.12967241856464076,0
2026-07-09 11:12:00,,0.21252244750347526,0
2026-05-21 14:40:00,,0.29344519732674074,0
2026-05-28 13:42:00,,0.21598826629550105,0
2026-06-03 14:07:00,,0.14564973279933122,0
2026-06-11 14:42:00,,0.13007086005866875,0
2026-06-12 10:31:00,,0.29331809210728527,0
2026-06-29 09:54:00,,0.32071173953493126,1
2026-07-21 14:31:00,,0.16039529983886078,0
2026-07-21 14:51:00,,0.11951553884589096,0
2026-07-31 13:35:00,,0.19258767033761576,1
2026-08-21 09:35:00,,0.34758321073862625,0
2026-08-21 10:21:00,,0.2508776663302071,0
2026-05-25 13:15:00,,0.18349062176332825,0
2026-05-27 13:31:00,,0.27126990076591534,0
2026-06-10 13:04:00,,0.23962643433629294,0
2026-06-11 11:07:00,,0.24635609980418924,1
2026-06-18 11:06:00,,0.32453946043088444,0
2026-06-29 11:16:00,,0.26167110121977855,0
2026-07-03 13:31:00,,0.25066286397053006,1
2026-07-27 10:37:00,,0.24532039953001353,0
2026-07-30 10:08:00,,0.2776377676429685,0
2026-08-17 11:19:00,,0.21218100884395216,0
2026-05-25 10:13:00,,0.14799820295843336,0
2026-06-09 10:43:00,,0.2402887849586202,0
2026-06-16 09:59:00,,0.217109813509146,0
2026-07-03 13:19:00,,0.21821710371116934,1
2026-07-23 13:32:00,,0.20914640647697286,0
2026-07-27 13:52:00,,0.1650750044895202,1
2026-08-10 10:53:00,,0.19813984350519162,0
2026-08-26 10:14:00,,0.29189791165476453,0
2026-09-01 10:18:00,,0.15748580514213234,0
2026-09-02 14:59:00,,0.07885362499859158,0
2026-05-25 13:08:00,,0.3660048425023955,1
2026-06-11 13:41:00,,0.2776899534120415,1
2026-06-17 14:12:00,,0.2947936509037979,0
2026-07-02 14:09:00,,0.29469088194729554,0
2026-06-16 09:50:00,,0.3414775244127468,0
2026-07-08 13:44:00,,0.2374412886100626,0
2026-07-09 13:58:00,,0.1931961480625653,0
2026-07-17 14:58:00,,0.2637524008119126,0
2026-08-03 13:08:00,,0.20969043753308528,1
2026-08-19 14:01:00,,0.23116361995392276,0
2026-08-24 10:38:00,,0.3221414970517288,0
2026-08-26 11:12:00,,0.25524248106137254,0
2026-08-26 14:38:00,,0.11678791052389158,0
2026-06-03 13:20:00,,0.21711148401679708,0
2026-07-10 14:42:00,,0.3258768280561284,1
2026-07-24 11:01:00,,0.3197893571263582,0
2026-08-03 10:15:00,,0.3436879230356493,1
2026-08-18 14:11:00,,0.2048633139400962,0
2026-08-26 09:43:00,,0.3675509520225335,1
2026-05-26 13:27:00,,0.13267603392456376,0
2026-06-18 11:14:00,,0.22328820087284196,0
2026-06-18 13:46:00,,0.12453212471623322,0
2026-06-25 13:12:00,,0.21244651773413906,0
2026-06-25 13:41:00,,0.17973494503650356,0
2026-06-26 13:49:00,,0.1220435573080448,0
2026-06-30 13:54:00,,0.22434543932367534,1
2026-07-08 13:03:00,,0.1616201166262598,1
2026-07-16 09:37:00,,0.31812608664557446,1
2026-07-20 09:45:00,,0.39147296043688457,1
2026-08-05 14:39:00,,0.09672008435353027,0
2026-06-01 14:22:00,,0.19722989367779778,1
2026-06-08 10:04:00,,0.2833218365601472,0
2026-06-09 13:42:00,,0.20641716445865932,0
2026-06-12 11:22:00,,0.3152985390108779,1
2026-06-26 14:52:00,,0.2083391204366396,0
2026-06-29 10:39:00,,0.3375829678317253,0
2026-07-16 11:26:00,,0.256801854056183,0
2026-07-20 14:58:00,,0.26249523834784455,1
2026-08-04 10:17:00,,0.34522011983643575,0
2026-08-17 13:10:00,,0.18223557721430633,0
2026-06-01 11:03:00,,0.3551129588785893,1
2026-06-03 10:49:00,,0.34999200493275084,0
2026-06-15 10:19:00,,0.34753909407691563,0
2026-07-03 13:25:00,,0.3943804358321551,0
2026-07-13 13:55:00,,0.27510798538600834,0
2026-07-17 13:49:00,,0.34365593659810906,0
2026-05-22 13:53:00,,0.30686131239176073,0
2026-06-22 11:18:00,,0.3584516731596619,1
2026-06-24 14:09:00,,0.3810601819324163,0
2026-09-01 09:40:00,,0.4197384721003222,1
2026-09-01 13:33:00,,0.3431636331319631,0
2026-06-03 10:31:00,,0.1188391492400334,0
2026-06-09 14:49:00,,0.09562313413276156,0
2026-06-22 13:03:00,,0.12296644392086599,1
2026-07-08 13:18:00,,0.09596492044951473,0
2026-07-10 14:12:00,,0.1077675913537219,0
2026-06-10 11:09:00,,0.30574416040507335,1
2026-07-08 09:38:00,,0.4172165267862429,1
2026-07-15 14:52:00,,0.1293693962616284,0
2026-07-21 10:01:00,,0.35862157784420845,0
2026-07-24 14:32:00,,0.20041671290773622,0
2026-08-18 09:41:00,,0.278116807096052,0
2026-08-25 09:53:00,,0.3840280822327104,1
2026-05-29 13:38:00,,0.1819767118871084,0
2026-06-18 14:32:00,,0.2080318702344739,0
2026-07-01 13:44:00,,0.27336027596748513,0
2026-08-10 10:54:00,,0.3311282142565023,1
2026-08-11 09:50:00,,0.3297061745614227,0
2026-08-14 10:53:00,,0.37669486481252484,1
2026-08-20 10:50:00,,0.2653906198043055,1
2026-09-02 11:10:00,,0.25521898372365615,1
2026-05-28 10:37:00,,0.3900188579427337,1
2026-06-08 10:21:00,,0.40772855455938106,0
2026-06-18 10:02:00,,0.417196666867741,0
2026-07-17 13:37:00,,0.34227842111988255,0
2026-08-18 13:49:00,,0.120411078934109,0
2026-06-03 10:48:00,,0.27777508360322634,0
2026-06-05 11:22:00,,0.23562969086983013,0
2026-06-09 11:11:00,,0.21708554985469236,0
2026-06-16 14:09:00,,0.12539044504634456,0
2026-06-26 13:26:00,,0.1957296478167074,0
2026-07-17 14:02:00,,0.2277131088292748,0
2026-08-07 10:49:00,,0.20157641767460593,0
2026-06-04 13:14:00,,0.30395327015697576,0
2026-06-08 14:15:00,,0.21082733506491866,0
2026-06-30 11:15:00,,0.28028560330600916,0
2026-07-07 14:38:00,,0.20975111387735873,0
2026-07-17 13:06:00,,0.35822579720732334,0
2026-07-22 14:18:00,,0.24873888523027338,0
2026-08-14 13:04:00,,0.2883471265422657,0
2026-08-17 13:23:00,,0.21078943707158487,0
2026-08-31 14:08:00,,0.5742546039277766,0
2026-06-03 11:19:00,,0.33216725508127076,0
2026-06-05 13:31:00,,0.29045265557737093,0
2026-07-13 13:12:00,,0.34715634516515104,0
2026-07-15 11:04:00,,0.36946294723051915,0
2026-07-27 10:23:00,,0.4037563276056807,0
2026-08-04 11:23:00,,0.29585737352254043,0
2026-08-05 14:27:00,,0.1929932382934909,0
2026-05-21 14:10:00,,0.25249188016518825,0
2026-06-04 11:18:00,,0.23233050737955582,0
2026-06-12 10:44:00,,0.31235686592904705,1
2026-06-12 14:02:00,,0.28370878018534273,1
2026-06-15 14:23:00,,0.1832013807671102,0
2026-06-24 15:00:00,,0.16485829749729644,0
2026-06-26 11:02:00,,0.25954866386268016,0
2026-07-17 14:25:00,,0.18915714962560962,0
2026-08-10 14:26:00,,0.1418081956410222,0
2026-05-25 13:23:00,,0.2713945569007107,0
2026-05-26 09:36:00,,0.3791087480376173,1
2026-05-26 14:09:00,,0.29882243616313,1
2026-05-27 11:18:00,,0.28357480857769674,0
2026-06-15 09:53:00,,0.36913445567320535,1
2026-06-23 11:01:00,,0.3063117728193262,0
2026-07-15 11:03:00,,0.3119489041624493,0
2026-07-16 13:28:00,,0.3147743953821394,0
2026-07-17 13:12:00,,0.34200950627713633,0
2026-07-21 11:30:00,,0.3321641378646309,1
2026-07-30 10:18:00,,0.33636243618148365,1
2026-08-04 11:11:00,,0.28896229003069557,1
2026-08-05 13:08:00,,0.3478125719448301,0
2026-08-14 11:16:00,,0.23459043912002747,1
2026-08-20 10:53:00,,0.30051441176107185,0
2026-06-02 13:57:00,,0.39273322507956004,0
2026-06-11 10:13:00,,0.3643158853137327,1
2026-06-17 13:40:00,,0.2880306716985856,0
2026-06-22 14:08:00,,0.35822710504211386,1
2026-07-10 09:36:00,,0.41620431672506086,1
2026-07-15 10:38:00,,0.38245798825915933,0
2026-07-24 13:19:00,,0.38561961611250223,0
2026-08-03 11:24:00,,0.376746465599987,1
2026-08-28 14:42:00,,0.17632595772945595,0
2026-05-29 10:16:00,,0.35619513661491836,0
2026-06-08 10:15:00,,0.4151822077877929,0
2026-07-03 13:17:00,,0.37780262408495313,0
2026-07-20 14:39:00,,0.5324147242230116,0
2026-07-29 13:11:00,,0.35018201445224123,0
2026-08-20 13:02:00,,0.3039535459019362,0
2026-08-21 13:31:00,,0.3217074328781939,1
2026-08-24 13:13:00,,0.31612143248223934,0
2026-08-27 11:25:00,,0.331946235196629,0
2026-05-28 14:34:00,,0.21034661217023187,0
2026-06-11 11:09:00,,0.34394332882793716,1
2026-06-22 14:22:00,,0.2771942602677691,0
2026-07-02 09:53:00,,0.360872332550987,0
2026-07-27 14:47:00,,0.22764062093583273,0
2026-09-02 14:10:00,,0.2745047195407231,0
2026-06-08 10:52:00,,0.4007780704849314,1
2026-06-09 14:46:00,,0.19325226743571441,0
2026-06-10 10:11:00,,0.37259819268954103,0
2026-06-25 13:08:00,,0.35251626908515893,0
2026-07-03 13:48:00,,0.3055215985617086,0
2026-07-15 10:37:00,,0.35114075518126436,0
2026-07-28 14:11:00,,0.3605878098505382,1
2026-07-31 10:15:00,,0.3659571126972745,0
2026-08-05 13:13:00,,0.30102763338371286,1
2026-08-13 11:09:00,,0.3285900517985927,0
2026-08-17 11:03:00,,0.3792939377291352,1
2026-09-03 10:53:00,,0.336064846215263,1
2026-06-09 11:25:00,,0.304049172721856,0
2026-06-15 10:16:00,,0.33402490619802,0
2026-06-16 09:56:00,,0.33622033762129533,0
2026-06-26 14:59:00,,0.2805840241286079,0
2026-06-29 13:05:00,,0.4179081747446399,1
2026-08-03 10:03:00,,0.3528122729078438,0
2026-08-06 09:33:00,,0.41513642041835674,0
2026-08-25 11:07:00,,0.30240898749593337,0
2026-08-31 14:21:00,,0.27655460739152277,0
2026-09-02 11:14:00,,0.3116723445177844,0
2026-05-22 09:43:00,,0.4516080261521843,1
2026-05-25 14:48:00,,0.18293323120621066,0
2026-06-11 10:14:00,,0.3833613762931021,0
2026-06-26 13:14:00,,0.31133053740865835,0
2026-07-03 13:58:00,,0.6380197259163585,1
2026-07-29 13:33:00,,0.22562138275581908,0
2026-07-31 09:50:00,,0.4120480717779251,0
2026-08-27 09:46:00,,0.41075761780567516,0
2026-09-02 10:19:00,,0.38607877752365344,0
2026-07-02 10:44:00,,0.27723601017933197,0
2026-07-13 10:27:00,,0.3141678118928549,1
2026-07-16 10:11:00,,0.31870612662724146,1
2026-08-10 14:55:00,,0.18042857787443753,0
2026-08-28 10:53:00,,0.3314026899613383,0
2026-05-27 14:48:00,,0.27790014384087286,0
2026-06-10 14:21:00,,0.26706192238656584,0
2026-06-11 13:42:00,,0.3229281347368337,1
2026-06-22 14:19:00,,0.2756161210727614,0
2026-06-26 13:54:00,,0.34781598378779005,0
2026-07-17 09:42:00,,0.4134075298067084,0
2026-08-14 13:30:00,,0.3094163221110923,1
2026-08-25 11:22:00,,0.2907856953038968,1
2026-08-27 13:41:00,,0.27564051955093427,0
2026-05-27 14:09:00,,0.2423594378548003,1
2026-05-29 11:09:00,,0.32980374382566624,0
2026-06-02 11:07:00,,0.2841739896310372,0
2026-06-12 13:54:00,,0.2822625947494595,0
2026-06-17 10:47:00,,0.3770010270117585,0
2026-07-14 13:31:00,,0.29084367040963416,0
2026-07-20 13:57:00,,0.052166007103894546,0
2026-07-21 10:07:00,,0.33181160317844216,1
2026-08-03 10:39:00,,0.32151278023837687,0
2026-08-03 14:12:00,,0.21900049581446449,0
2026-09-03 10:26:00,,0.33667561784417266,0
2026-06-22 10:06:00,,0.3407931927180863,0
2026-06-29 14:58:00,,0.14290073760085462,0
2026-07-17 09:51:00,,0.383399608407852,0
2026-07-20 09:56:00,,0.3530305964061164,0
2026-07-22 13:14:00,,0.2839563898003044,0
2026-07-31 14:25:00,,0.1617590417107468,0
2026-07-31 14:30:00,,0.2101593937248955,0
2026-08-06 11:14:00,,0.3049541410951024,0
2026-08-20 13:27:00,,0.3254651213103729,0
2026-08-20 14:48:00,,0.11952421112324271,0
2026-05-28 09:33:00,,0.22809519677851786,0
2026-06-10 10:39:00,,0.2498901417845324,1
2026-06-16 10:00:00,,0.24910198129654557,0
2026-06-22 11:05:00,,0.2561417950300256,1
2026-07-27 10:32:00,,0.2872135918079022,0
2026-08-03 10:55:00,,0.13600324370471154,0
2026-08-19 14:30:00,,0.2542305527975205,1
2026-06-03 14:30:00,,0.17521607057872576,0
2026-06-09 09:45:00,,0.3965762093848274,0
2026-06-11 14:07:00,,0.22657781781782796,0
2026-06-29 10:20:00,,0.36481661976344587,1
2026-07-14 13:52:00,,0.2510489915530926,0
2026-07-15 10:33:00,,0.32461411750464597,0
2026-07-20 10:17:00,,0.42401898718099656,0
2026-08-06 10:51:00,,0.27976144550975107,1
2026-08-17 09:43:00,,0.3924781968398616,1
2026-08-25 10:29:00,,0.3444912692996335,0
2026-08-27 09:43:00,,0.34181345842164684,0
2026-06-01 13:38:00,,0.2957832459883868,0
2026-06-11 14:19:00,,0.24192023005645197,0
2026-07-02 10:24:00,,0.35822310988225403,0
2026-07-02 11:04:00,,0.3395973789757391,0
2026-07-17 13:59:00,,0.2756181648567295,0
2026-07-22 10:40:00,,0.32949813651491744,0
2026-07-27 11:21:00,,0.32439551269227285,0
2026-07-27 14:04:00,,0.19550810087684026,1
2026-07-28 14:09:00,,0.14422389865816082,0
2026-08-04 13:02:00,,0.2787310865069649,0
2026-08-19 14:27:00,,0.23164689158051965,1
2026-06-11 13:30:00,,0.31881026457850886,0
2026-06-17 13:07:00,,0.30884070584215506,0
2026-06-22 10:41:00,,0.30648954355568364,1
2026-06-30 10:14:00,,0.39673632416198146,0
2026-07-10 14:36:00,,0.36879310739051874,0
2026-07-10 14:52:00,,0.15427993133040876,0
2026-07-24 13:20:00,,0.3261456632893975,0
2026-07-27 13:56:00,,0.2801900035670693,0
2026-08-13 11:11:00,,0.2999628965349315,0
2026-08-31 13:25:00,,0.33616018593985086,0
2026-05-26 13:15:00,,0.36357853981548643,1
2026-06-05 10:34:00,,0.41452134584317374,0
2026-06-26 14:45:00,,0.23778856241682586,1
2026-07-07 10:30:00,,0.3841367963251057,0
2026-07-07 13:14:00,,0.3712326801251147,0
2026-07-24 13:15:00,,0.36961091813664715,1
2026-08-20 10:30:00,,0.446966518752476,0
2026-08-28 10:36:00,,0.43619348791859447,0
2026-06-01 13:21:00,,0.31200625367213936,0
2026-06-30 13:50:00,,0.32212419488221966,0
2026-07-08 10:07:00,,0.28083055781522326,1
2026-08-13 10:10:00,,0.34272937969287287,0
2026-08-13 14:58:00,,0.34172760189716883,1
2026-08-19 13:33:00,,0.3044581596261626,0
2026-09-01 14:54:00,,0.21056613495357934,0
2026-06-09 11:12:00,,0.325413905773572,1
2026-06-09 13:20:00,,0.32049536134300843,0
2026-06-23 10:39:00,,0.4285128126814983,0
2026-07-06 11:06:00,,0.39078625259363536,1
2026-07-14 10:25:00,,0.46714517912652365,1
2026-08-07 11:22:00,,0.3801389862213615,0
2026-08-21 10:23:00,,0.37928057446714836,1
2026-05-29 09:40:00,,0.39077354538331344,0
2026-06-15 10:38:00,,0.3563481690068298,1
2026-06-16 10:23:00,,0.35399666959288895,0
2026-07-07 09:33:00,,0.41778688768003797,1
2026-07-08 13:06:00,,0.3293294570661444,0
2026-07-14 14:13:00,,0.3641599872740459,1
2026-07-17 13:25:00,,0.048556324565670696,0
2026-07-23 14:44:00,,0.19965366859932093,0
2026-07-30 14:20:00,,0.07981110069451924,1
2026-08-06 15:00:00,,0.3021491158239859,0
2026-08-11 10:05:00,,0.34020913623328664,1
2026-05-21 13:53:00,,0.18111016541559635,0
2026-06-18 10:21:00,,0.26656690045428744,0
2026-07-06 11:28:00,,0.31313224202356477,1
2026-07-21 10:32:00,,0.3583732795529433,0
2026-07-27 10:11:00,,0.3539143666098926,0
2026-07-30 10:02:00,,0.32661956902076267,0
2026-07-31 10:14:00,,0.31969426985660504,0
2026-08-27 13:53:00,,0.1720713123455151,0
2026-06-11 09:37:00,,0.3220316999086154,1
2026-06-30 13:49:00,,0.18895751819249798,0
2026-08-26 10:12:00,,0.24484790741731893,0
2026-09-03 10:09:00,,0.2616313248230851,1
2026-05-28 09:33:00,,0.25674954157806473,0
2026-06-02 11:27:00,,0.20687548924271124,0
2026-06-11 13:22:00,,0.2601466047412118,1
2026-08-12 13:45:00,,0.25080979618779364,0
2026-08-13 14:36:00,,0.16258367941834773,0
2026-08-13 14:40:00,,0.14838569432352042,0
2026-08-25 11:08:00,,0.22925412815409202,0
2026-09-01 11:03:00,,0.21486932464052086,0
2026-05-27 10:05:00,,0.3246670545122181,1
2026-07-16 14:40:00,,0.287676894264458,0
2026-08-06 09:39:00,,0.30922300964389,0
2026-08-13 09:34:00,,0.34115460312768137,0
2026-06-05 10:28:00,,0.3189075871339509,0
2026-06-12 11:19:00,,0.2864866552816758,0
2026-07-01 10:40:00,,0.335732420760074,0
2026-07-15 11:18:00,,0.28760249450302744,0
2026-08-11 13:19:00,,0.35198552142698897,0
2026-08-27 11:30:00,,0.29095502375261617,1
2026-09-01 10:00:00,,0.319918173562812,0
2026-09-02 11:07:00,,0.2835519925077501,0
2026-05-21 14:57:00,,0.5404995578315281,1
2026-06-02 10:11:00,,0.4997820212692468,0
2026-06-04 14:43:00,,0.04867155459168115,0
2026-06-11 10:29:00,,0.4134803259724819,0
2026-06-16 13:15:00,,0.27781983498558493,1
2026-07-13 13:47:00,,0.3353455143402236,1
2026-07-22 10:56:00,,0.3466000516970523,0
2026-07-23 10:22:00,,0.3235654914552893,0
2026-07-27 11:02:00,,0.31729514371174106,0
2026-08-03 13:30:00,,0.27463026994749107,0
2026-08-14 10:48:00,,0.37082533817423513,1
2026-08-18 11:27:00,,0.3056392382579666,0
2026-05-27 13:10:00,,0.3251304037644545,0
2026-06-04 09:53:00,,0.4171417392926682,1
2026-06-05 14:45:00,,0.27425960573792046,0
2026-08-03 14:50:00,,0.18682554055271633,1
2026-08-10 09:44:00,,0.3671039704235633,1
2026-08-21 14:04:00,,0.30757519141794454,0
2026-05-28 09:52:00,,0.3046480455775248,0
2026-06-25 14:47:00,,0.13068479320049814,0
2026-06-29 11:06:00,,0.35455831973068597,0
2026-06-30 13:06:00,,0.31171225716997963,0
2026-07-29 14:13:00,,0.18975631323547218,0
2026-08-06 09:42:00,,0.2804429288020705,0
2026-08-07 14:16:00,,0.12560259209952637,1
2026-08-26 10:48:00,,0.2799366991919892,1
2026-05-21 11:08:00,,0.3001719086906693,0
2026-05-26 10:28:00,,0.2659343455055083,0
2026-06-02 13:30:00,,0.2659908513192485,0
2026-06-26 11:10:00,,0.2944495890759014,0
2026-07-08 10:21:00,,0.3190344183798016,0
2026-07-15 10:26:00,,0.3072970618149118,0
2026-07-28 10:37:00,,0.26165471117137584,1
2026-08-04 14:01:00,,0.18462057279886646,0
2026-08-11 14:14:00,,0.1793222087158233,0
2026-08-19 10:41:00,,0.26246718919585266,0
2026-08-25 11:30:00,,0.18524998641705354,0
2026-08-31 10:30:00,,0.28917469236200216,1
2026-09-02 10:43:00,,0.20941319145192702,0
2026-09-02 14:06:00,,0.1566521721788772,0
2026-05-26 14:45:00,,0.1626147160036272,0
2026-06-05 11:25:00,,0.5563189962918942,0
2026-06-11 10:36:00,,0.34961652412467853,0
2026-06-29 14:47:00,,0.22056148646309298,1
2026-07-13 14:48:00,,0.2101752891697221,0
2026-07-21 14:39:00,,0.18360471315822435,0
2026-07-30 10:04:00,,0.37036010242979756,0
2026-08-07 13:19:00,,0.3682688479074385,1
2026-08-10 14:11:00,,0.25865921570140366,0
2026-08-21 10:40:00,,0.3097425315870523,0
2026-08-24 14:55:00,,0.14424687556314597,0
2026-05-25 11:19:00,,0.25624713421424944,0
2026-05-27 09:33:00,,0.35050083249476066,1
2026-06-04 10:25:00,,0.234254318214326,0
2026-06-16 11:10:00,,0.2555071075820572,0
2026-06-22 10:41:00,,0.2952695208307908,1
2026-06-26 14:01:00,,0.17426220714584675,0
2026-07-08 13:05:00,,0.23890790844186965,0
2026-07-23 10:26:00,,0.21976530325527413,0
2026-08-03 13:59:00,,0.17041404069096208,0
2026-08-24 09:50:00,,0.3266869829055477,0
2026-08-27 11:10:00,,0.2739065749930062,0
2026-09-01 09:46:00,,0.3337375155079096,0
2026-09-02 13:10:00,,0.2621147802804724,0
2026-05-22 10:21:00,,0.2635458516414621,1
2026-06-02 14:15:00,,0.2308900752505596,0
2026-06-04 13:20:00,,0.2790698772665528,0
2026-06-09 14:32:00,,0.17657998482075074,0
2026-07-21 10:56:00,,0.2814516816264062,0
2026-08-25 13:33:00,,0.2007318833652755,0
2026-05-21 14:04:00,,0.14678114830572742,0
2026-05-22 09:59:00,,0.2900067194496098,1
2026-06-02 11:10:00,,0.26162678696944613,0
2026-06-12 11:21:00,,0.36963345519353924,1
2026-07-07 13:42:00,,0.22464041363443132,0
2026-07-20 10:22:00,,0.34939117784648116,1
2026-08-03 13:34:00,,0.23909166847290925,0
2026-05-22 11:01:00,,0.22833791185184543,1
2026-06-01 14:53:00,,0.16622444209116308,0
2026-06-02 10:44:00,,0.2640021299665664,0
2026-06-04 13:40:00,,0.29119475248417576,1
2026-06-04 13:58:00,,0.2528272164888704,1
2026-06-26 10:37:00,,0.29748487865653767,0
2026-06-29 13:17:00,,0.27890381485086274,0
2026-07-03 11:06:00,,0.22577749389414747,0
2026-07-03 11:25:00,,0.2656557093716914,1
2026-07-06 10:21:00,,0.2696799933257707,0
2026-07-14 13:10:00,,0.2615255120379348,1
2026-07-14 14:33:00,,0.21217598985101427,0
2026-07-27 10:13:00,,0.3496950619147566,0
2026-07-27 13:29:00,,0.2218562232075842,0
2026-08-05 10:17:00,,0.3756394514140349,0
2026-08-17 13:28:00,,0.21337254079117882,0
2026-08-20 14:49:00,,0.13225683996657592,0
2026-08-24 10:21:00,,0.3131321721578391,0
2026-06-11 10:43:00,,0.5197820419324846,0
2026-06-16 14:57:00,,0.21398008254913287,0
2026-06-25 09:56:00,,0.3548188953538265,1
2026-07-08 11:24:00,,0.33662354990013027,0
2026-07-10 09:52:00,,0.3891074730516165,0
2026-07-22 10:57:00,,0.3033716254209962,0
2026-07-31 10:21:00,,0.2892806747413639,0
2026-05-26 13:38:00,,0.16666653787535127,1
2026-05-28 13:36:00,,0.2733117133303701,1
2026-06-03 10:30:00,,0.3037033577553389,0
2026-06-04 14:56:00,,0.09228063817911378,0
2026-06-10 11:23:00,,0.28593856054868333,0
2026-06-18 10:56:00,,0.28991336571503323,0
2026-06-23 14:19:00,,0.21764250113336836,0
2026-07-07 14:49:00,,0.128685475686045,0
2026-07-21 14:27:00,,0.15070887715717413,0
2026-08-20 13:39:00,,0.22963491408921377,0
2026-09-03 14:54:00,,0.13649547605984588,0
2026-05-22 14:07:00,,0.3607923624249024,1
2026-05-28 10:36:00,,0.3502202714610439,1
2026-07-13 11:22:00,,0.3504213501480109,0
2026-07-28 14:30:00,,0.2669188719888107,0
2026-08-06 13:54:00,,0.3206517353907503,1
2026-08-27 09:49:00,,0.38578008959690435,1
2026-09-01 10:27:00,,0.3610630670504654,0
2026-05-25 10:51:00,,0.13438660492390295,0
2026-06-18 13:48:00,,0.10534487157839043,0
2026-06-22 10:44:00,,0.1900257283560013,1
2026-07-01 13:16:00,,0.2053027065878793,0
2026-07-13 11:20:00,,0.20105850604008882,0
2026-07-20 13:12:00,,0.2221324773317296,0
2026-07-23 14:02:00,,0.1643739597404712,0
2026-08-25 10:57:00,,0.2077594940080937,0
2026-08-31 14:26:00,,0.10780206090379259,0
2026-05-25 10:14:00,,0.3037657211828307,0
2026-06-03 10:09:00,,0.34502164695432275,0
2026-06-24 14:34:00,,0.22416794942980112,0
2026-06-25 10:49:00,,0.39644951833532754,0
2026-07-01 10:23:00,,0.32237029200637046,1
2026-07-10 14:58:00,,0.31291682902751705,0
2026-07-17 11:26:00,,0.39150708602917667,0
2026-07-24 10:59:00,,0.33613122076897156,0
2026-05-27 10:22:00,,0.3318935121740757,0
2026-05-28 13:08:00,,0.3035518757463331,1
2026-06-16 10:55:00,,0.3465965895755628,0
2026-06-17 13:09:00,,0.3416833423594726,0
2026-06-23 10:39:00,,0.25980448842685516,0
2026-07-03 13:14:00,,0.3393505675721895,1
2026-07-09 14:07:00,,0.2691230268143974,1
2026-07-17 10:48:00,,0.35857804584707204,0
2026-07-21 13:51:00,,0.2765060883759108,0
2026-08-20 11:20:00,,0.25962276767065123,0
2026-05-25 13:58:00,,0.2454776551566807,1
2026-06-11 14:47:00,,0.2029627072639511,1
2026-06-15 10:14:00,,0.35367429080875695,1
2026-06-22 11:19:00,,0.3032248640091748,1
2026-07-01 13:56:00,,0.3161244367481917,0
2026-07-09 13:40:00,,0.295400196171517,1
2026-07-16 10:33:00,,0.38235385461908217,0
2026-08-21 11:02:00,,0.34978464684451427,1
2026-08-26 14:48:00,,0.21837175624394403,1
2026-08-28 09:44:00,,0.3504964754096344,0
2026-05-21 14:03:00,,0.19574473334966502,0
2026-06-11 13:13:00,,0.28195676567967637,1
2026-06-16 13:55:00,,0.2588248332573688,0
2026-06-23 14:47:00,,0.26849730806879735,1
2026-07-21 11:16:00,,0.3631683960906964,0
2026-08-11 10:55:00,,0.2526977850990503,0
2026-08-13 13:21:00,,0.2297570053229963,0
2026-05-22 14:06:00,,0.2538959489444398,1
2026-06-12 10:27:00,,0.3098133658086144,1
2026-06-29 13:48:00,,0.21367636382794866,1
2026-07-13 14:51:00,,0.18579256590402415,0
2026-07-15 10:22:00,,0.3342926241924951,0
2026-07-28 11:17:00,,0.26402455571115147,0
2026-08-03 11:12:00,,0.30021123404459293,0
2026-08-11 11:27:00,,0.29823703066160984,0
2026-08-25 14:17:00,,0.13622043662399405,0
2026-06-01 10:09:00,,0.27001885191746283,1
2026-06-17 13:44:00,,0.2253771945509068,0
2026-06-17 14:53:00,,0.09697797527539372,0
2026-06-22 13:06:00,,0.2801130298053864,1
2026-06-24 10:55:00,,0.26214321698555876,0
2026-06-24 13:43:00,,0.22691133862970117,0
2026-07-03 11:01:00,,0.25878967793819535,1
2026-07-09 13:57:00,,0.20399944730487848,0
2026-07-14 15:00:00,,0.1069670775189443,0
2026-07-21 09:50:00,,0.33206513586167696,0
2026-08-11 14:31:00,,0.13237136694572824,0
2026-08-21 10:57:00,,0.24616274073139968,0
2026-06-11 13:27:00,,0.2992881437486296,1
2026-06-23 13:37:00,,0.2636432322946707,0
2026-06-25 11:15:00,,0.33432671012445586,0
2026-07-13 13:55:00,,0.19608400802587567,0
2026-07-24 14:54:00,,0.260167806167649,0
2026-08-04 14:33:00,,0.14738688712805423,0
2026-05-25 10:12:00,,0.3411678521272283,0
2026-06-02 09:58:00,,0.34899740880950764,1
2026-06-02 10:04:00,,0.3712305570146626,1
2026-06-11 11:01:00,,0.33953128425504214,1
2026-07-01 09:30:00,,0.395421735569689,1
2026-07-07 10:39:00,,0.5119026972002026,1
2026-07-16 13:38:00,,0.3724333338612411,0
2026-08-06 11:23:00,,0.3429521224363519,1
2026-08-18 09:34:00,,0.44817142727460063,1
2026-08-18 14:31:00,,0.3286239885900982,0
2026-05-29 14:15:00,,0.2912993465946662,0
2026-06-09 10:03:00,,0.331841906542321,0
2026-06-15 13:51:00,,0.2363294571091091,0
2026-06-22 11:00:00,,0.30685553014615813,1
2026-07-27 09:52:00,,0.3179903775019898,0
2026-08-17 10:11:00,,0.2689463313707239,0
2026-08-18 13:45:00,,0.1564317582700636,0
2026-06-23 13:13:00,,0.2559228344361015,0
2026-06-29 13:58:00,,0.22957728322120313,0
2026-08-12 11:28:00,,0.22292329873347458,1
2026-08-20 10:04:00,,0.32219877975171113,0
2026-05-21 14:28:00,,0.16217753234056886,0
2026-06-15 14:43:00,,0.10573061923063393,0
2026-06-26 14:05:00,,0.1400936215440061,0
2026-07-02 14:43:00,,0.11581590148645901,0
2026-07-10 14:15:00,,0.11792829622703298,0
2026-07-22 09:49:00,,0.303872282256874,1
2026-07-27 11:29:00,,0.18940944134242899,0
2026-08-25 15:00:00,,0.10096230700990849,0
2026-09-01 10:44:00,,0.2194592841094678,0
2026-06-01 09:40:00,,0.3748533073756713,1
2026-06-02 14:41:00,,0.23140749007601608,1
2026-06-03 10:05:00,,0.36552073217657743,0
2026-06-18 14:10:00,,0.29992980499382416,0
2026-06-26 14:06:00,,0.29837865205172137,0
2026-07-06 09:41:00,,0.3570296616207981,0
2026-08-12 14:10:00,,0.25417113524989327,1
2026-08-18 14:33:00,,0.2206723493028076,0
2026-08-26 11:21:00,,0.3234278292228345,1
2026-08-31 09:49:00,,0.38432175534720286,0
2026-05-25 11:28:00,,0.2972413526332883,1
2026-05-29 09:47:00,,0.32781830691233044,0
2026-06-24 10:43:00,,0.2499425994611815,0
2026-07-03 10:51:00,,0.24055061317691578,1
2026-07-17 14:09:00,,0.17556006028337295,0
2026-07-27 14:06:00,,0.22875921913038036,0
2026-08-21 11:02:00,,0.26469161078538345,0
2026-09-01 10:12:00,,0.3075476307814485,0
2026-05-27 13:49:00,,0.3163034636141711,1
2026-06-01 13:33:00,,0.3136586718687719,0
2026-06-02 14:14:00,,0.3025011802555273,0
2026-06-29 13:15:00,,0.31742616711102734,0
2026-06-30 09:58:00,,0.36924496538660634,1
2026-07-07 09:36:00,,0.39348012139540206,0
2026-07-07 13:30:00,,0.3139449304310499,0
2026-07-09 14:42:00,,0.19486728067306394,0
2026-07-21 10:40:00,,0.3660922349979797,0
2026-07-28 10:13:00,,0.3191418414886061,0
2026-07-31 09:50:00,,0.34739944026900954,0
2026-08-06 09:37:00,,0.37259579247876856,0
2026-08-07 14:37:00,,0.20164440914055498,1
2026-08-18 11:26:00,,0.30307726711854166,1
2026-08-26 10:58:00,,0.3084512647623669,0
2026-08-28 14:19:00,,0.15062519619439999,0
2026-08-31 10:35:00,,0.32801833249273804,1
2026-09-01 09:40:00,,0.351578421181189,0
2026-05-28 14:28:00,,0.17162097272928561,0
2026-07-21 09:36:00,,0.30672507709109353,0
2026-08-03 14:54:00,,0.10894942194026581,0
2026-08-21 14:26:00,,0.10731956726701591,0
2026-09-02 13:39:00,,0.16635302656340265,0
2026-05-25 09:57:00,,0.3815556420619907,0
2026-05-28 10:59:00,,0.29240569852590387,0
2026-06-12 10:55:00,,0.6506607579989939,0
2026-07-07 10:18:00,,0.27151791636914135,0
2026-07-15 13:34:00,,0.578746942059872,0
2026-07-16 13:01:00,,0.30777639115209654,0
2026-08-10 11:03:00,,0.3447739374582966,1
2026-08-14 09:54:00,,0.36165052116563245,0
2026-08-21 14:39:00,,0.33403352899970373,0
2026-05-26 10:53:00,,0.20492314264855738,0
2026-06-01 09:58:00,,0.33607637009026287,0
2026-06-01 13:50:00,,0.22654321342468223,0
2026-06-04 14:13:00,,0.14863370214690322,0
2026-06-26 10:52:00,,0.1664289731996395,0
2026-06-29 11:15:00,,0.26913542824254916,0
2026-07-06 14:40:00,,0.10507891313655911,0
2026-07-08 13:42:00,,0.10742012693514379,0
2026-07-14 11:25:00,,0.25311867050269854,1
2026-07-27 11:03:00,,0.21585255387354024,0
2026-05-25 13:09:00,,0.44683003919908093,0
2026-05-28 14:52:00,,0.17480148808446663,1
2026-06-04 13:48:00,,0.5324280366310592,1
2026-06-17 10:49:00,,0.33805885104685446,0
2026-07-10 13:33:00,,0.31653437937655265,0
2026-07-15 14:42:00,,0.18762169798299203,0
2026-07-16 14:36:00,,0.37392774916761246,0
2026-07-17 14:04:00,,0.28374758069641837,0
2026-08-10 13:21:00,,0.2773464873003018,1
2026-09-03 13:39:00,,0.2500932169478413,1
2026-05-28 14:38:00,,0.1528400786283739,0
2026-06-03 11:21:00,,0.2575500457510248,1
2026-06-24 13:41:00,,0.2525393938143373,0
2026-07-01 10:01:00,,0.32602236703989934,0
2026-07-06 14:56:00,,0.11805359415094296,0
2026-07-14 13:44:00,,0.282543288428276,0
2026-07-23 13:30:00,,0.5629764177253593,0
2026-08-14 14:16:00,,0.1342141063169777,0
2026-08-20 10:37:00,,0.30900680179504453,0
2026-08-24 09:46:00,,0.3308124479538825,0
2026-08-28 09:42:00,,0.3245945225257528,1
2026-05-28 14:35:00,,0.21319871536977433,1
2026-06-03 14:55:00,,0.2116196081719324,0
2026-06-17 13:22:00,,0.23659706455531174,0
2026-06-24 13:29:00,,0.30569982370720783,0
2026-06-26 13:41:00,,0.25823178020901466,0
2026-07-10 10:54:00,,0.5721448778242159,0
2026-07-14 14:08:00,,0.2946613392700515,0
2026-07-22 13:47:00,,0.2812812733564662,0
2026-07-30 09:42:00,,0.3903136826629299,0
2026-07-30 14:28:00,,0.2169265686882288,1
2026-08-24 10:07:00,,0.2948738649877174,0
2026-09-03 14:31:00,,0.22137225290338688,1
2026-06-04 14:29:00,,0.28829398015286717,1
2026-06-12 14:31:00,,0.2500050829717268,0
2026-06-15 10:08:00,,0.3684602286328706,0
2026-06-15 13:45:00,,0.31805279213679755,0
2026-07-02 14:06:00,,0.27692123452275813,1
2026-07-10 13:51:00,,0.31828046598401344,0
2026-07-13 10:09:00,,0.3531046930916936,0
2026-07-20 09:51:00,,0.41209117852035826,0
2026-07-20 14:46:00,,0.15204628821562027,0
2026-07-24 13:05:00,,0.2577252215348461,0
2026-07-24 13:29:00,,0.29891084158634923,0
2026-07-30 13:03:00,,0.3043791176127585,0
2026-08-03 10:41:00,,0.37055811481775575,1
2026-08-20 11:27:00,,0.2947908239990402,0
2026-08-26 10:37:00,,0.3071755092219886,0
2026-08-26 11:08:00,,0.3539312162932526,0
2026-08-27 13:22:00,,0.3309448272947295,0
2026-05-22 13:04:00,,0.20619064755111405,0
2026-06-04 11:25:00,,0.2743821686375116,0
2026-08-04 13:08:00,,0.23306980423018653,0
2026-08-12 10:05:00,,0.3949402646427836,0
2026-06-15 14:06:00,,0.17132658991305094,0
2026-06-26 13:06:00,,0.28340800306070224,0
2026-08-10 10:38:00,,0.2973619745714417,0
2026-08-19 10:42:00,,0.31517533547563953,0
2026-09-01 10:20:00,,0.33080200641282986,0
2026-09-02 14:05:00,,0.20031468126470692,0
2026-05-25 14:43:00,,0.2724937216961275,0
2026-05-27 09:50:00,,0.41291753421164384,0
2026-05-27 13:11:00,,0.3331947934585135,0
2026-06-16 10:20:00,,0.32972532683666894,1
2026-07-01 11:12:00,,0.42344649922212035,0
2026-07-13 10:54:00,,0.31236044797984175,0
2026-07-14 09:34:00,,0.4249871420363268,1
2026-08-25 10:46:00,,0.4291978547425026,1
2026-05-22 10:23:00,,0.2749604113036923,1
2026-05-22 10:30:00,,0.3202297034483992,1
2026-05-22 13:03:00,,0.3041970954132038,1
2026-05-28 09:31:00,,0.3049781029734084,1
2026-05-29 14:42:00,,0.23830690696396647,0
2026-06-15 10:19:00,,0.33232015127896486,1
2026-06-25 10:47:00,,0.26504347388466365,0
2026-07-02 11:25:00,,0.26518247793638644,0
2026-07-09 11:28:00,,0.31567831905002564,1
2026-07-27 09:52:00,,0.3527178621577725,0
2026-08-03 10:44:00,,0.21746376771990814,0
2026-07-08 14:34:00,,0.16454048754874354,0
2026-07-13 10:23:00,,0.34860176699731704,0
2026-07-27 11:08:00,,0.2697985724024073,0
2026-08-06 14:18:00,,0.19278371791198828,0
2026-05-21 11:25:00,,0.38416504162940546,0
2026-05-26 10:11:00,,0.3419511760321048,0
2026-05-28 10:48:00,,0.3330851561443973,1
2026-05-29 14:00:00,,0.3796828742827219,0
2026-06-23 10:10:00,,0.46283342302047187,0
2026-07-02 14:05:00,,0.2867973283705013,0
2026-07-07 10:01:00,,0.4264409781433795,0
2026-07-27 14:19:00,,0.2994671676944692,0
2026-08-13 13:26:00,,0.30871374246766103,0
2026-09-03 13:34:00,,0.27764985990791313,0
2026-05-29 14:13:00,,0.35055835382221484,1
2026-05-29 14:15:00,,0.3817032533173324,1
2026-07-23 10:08:00,,0.3599319909634615,0
2026-07-23 13:44:00,,0.264900738264137,0
2026-07-27 11:09:00,,0.2933787902281137,0
2026-08-12 14:52:00,,0.09560493543345225,0
2026-08-18 13:37:00,,0.1844828842622357,0
2026-06-01 09:34:00,,0.1884886410875992,0
2026-06-16 10:43:00,,0.14371789170572555,0
2026-06-24 11:08:00,,0.18401852163905424,0
2026-06-25 09:48:00,,0.31981789617763906,0
2026-07-03 11:14:00,,0.18692102984317804,0
2026-07-07 10:02:00,,0.2549421851299074,0
2026-07-21 10:42:00,,0.2785728888372472,0
2026-08-10 13:58:00,,0.13889813467942308,0
2026-08-13 10:55:00,,0.1934935439158212,0
2026-08-17 11:13:00,,0.21137000877306528,0
2026-08-24 11:20:00,,0.22728336655044745,0
2026-08-27 09:42:00,,0.46934142260383327,0
2026-09-01 13:23:00,,0.3366949283240343,0
2026-05-27 13:43:00,,0.3213982714539015,0
2026-06-03 10:17:00,,0.3548752033984537,0
2026-06-03 13:04:00,,0.30362797488027166,0
2026-06-05 11:00:00,,0.33450567529012587,0
2026-07-15 10:54:00,,0.379510568885589,0
2026-07-17 13:20:00,,0.4159847179441905,0
2026-08-20 09:45:00,,0.3594528760254557,0
2026-05-21 10:31:00,,0.24808476015540773,0
2026-05-22 09:44:00,,0.3586536740407961,0
2026-05-25 13:24:00,,0.19054438124234566,0
2026-05-28 13:51:00,,0.3103902025265455,0
2026-05-29 09:44:00,,0.3698543666146367,1
2026-07-03 14:45:00,,0.14947883459450112,0
2026-07-21 10:28:00,,0.36008827259743975,0
2026-08-24 13:12:00,,0.26499704643582916,1
2026-05-25 11:03:00,,0.3762634588745727,1
2026-06-01 13:40:00,,0.34185081038190446,0
2026-07-06 11:26:00,,0.34212439883874973,0
2026-07-14 09:46:00,,0.3843084247657813,1
2026-07-15 13:03:00,,0.37373877757521573,0
2026-07-27 14:36:00,,0.33628221041619466,0
2026-08-03 11:04:00,,0.35249070022091417,1
2026-08-20 14:40:00,,0.2924584294374175,0
2026-08-31 11:10:00,,0.323759401833112,1
2026-05-21 10:38:00,,0.317986093395118,0
2026-05-25 14:03:00,,0.20009777647125876,0
2026-06-04 14:59:00,,0.20539950484436226,0
2026-06-11 10:34:00,,0.38379539164041326,1
2026-06-12 14:55:00,,0.2792216907887658,1
2026-06-29 09:55:00,,0.3523122297418311,0
2026-07-03 09:35:00,,0.44067662050626016,0
2026-07-10 14:41:00,,0.30283720702954264,0
2026-08-21 14:03:00,,0.33062053919994144,1
2026-08-24 13:06:00,,0.33354584643572543,1
2026-06-01 14:50:00,,0.12629382630735464,0
2026-06-04 10:26:00,,0.2549281786307536,1
2026-06-29 13:38:00,,0.2748119642754126,0
2026-07-27 10:22:00,,0.35469794488827094,0
2026-08-05 10:49:00,,0.35597481526126057,1
2026-05-21 11:01:00,,0.34743629398327286,0
2026-05-22 11:09:00,,0.38083827031992445,1
2026-07-06 10:38:00,,0.37176249977462855,1
2026-07-15 13:30:00,,0.41291359273090494,0
2026-07-22 13:16:00,,0.3131863729928218,0
2026-07-23 13:01:00,,0.3028502952300534,1
2026-08-10 14:12:00,,0.2987823762647888,0
2026-06-02 13:34:00,,0.347155216170792,0
2026-06-25 14:54:00,,0.14258517340738858,0
2026-07-07 14:02:00,,0.31404803350290494,0
2026-07-15 13:49:00,,0.3009949373436375,0
2026-07-29 14:48:00,,0.13465801375400144,0
2026-07-30 14:22:00,,0.22442353454360311,0
2026-08-03 13:09:00,,0.2809626989400587,1
2026-08-20 13:16:00,,0.34741563689329513,0
2026-08-24 14:52:00,,0.1713829824465929,0
2026-05-25 13:57:00,,0.16013698406614393,0
2026-05-26 11:19:00,,0.3584881325193513,0
2026-06-03 13:54:00,,0.15323010847630547,0
2026-06-11 10:15:00,,0.3282107020056449,0
2026-07-02 14:23:00,,0.10539263131174834,0
2026-07-08 10:23:00,,0.2052767574442497,0
2026-07-14 13:52:00,,0.1992002286831511,0
2026-07-14 14:32:00,,0.10193937581211027,0
2026-07-20 13:10:00,,0.2593088902314429,0
2026-08-03 13:08:00,,0.251411132934404,0
2026-08-14 13:23:00,,0.16583236808649726,0
2026-08-24 09:45:00,,0.2329294275844949,0
2026-06-16 14:02:00,,0.27676598275843584,0
2026-07-08 10:03:00,,0.359796728238743,0
2026-07-10 13:03:00,,0.2524514785052004,0
2026-07-16 10:29:00,,0.3197837743176875,0
2026-07-24 10:58:00,,0.2795047097609845,0
2026-07-27 10:39:00,,0.3477961354934205,0
2026-08-11 10:37:00,,0.29430854255890077,0
2026-05-21 13:05:00,,0.2739120384429908,0
2026-05-27 09:35:00,,0.31803845954974025,0
2026-06-24 14:27:00,,0.20828977121024422,0
2026-07-01 14:06:00,,0.24600674051661278,1
2026-07-23 13:53:00,,0.2030052655063522,0
2026-07-24 11:12:00,,0.2789327086735626,0
2026-08-11 10:34:00,,0.3548603637457809,0
2026-08-18 13:02:00,,0.2974867492707452,0
2026-05-21 11:08:00,,0.33542060747896363,0
2026-06-12 10:19:00,,0.3238825680100797,1
2026-07-01 13:19:00,,0.26784929238930605,0
2026-07-02 10:15:00,,0.2640644638520501,0
2026-07-16 13:08:00,,0.18926101720668345,0
2026-08-05 09:44:00,,0.31430943415479223,0
2026-08-19 13:04:00,,0.1801222730113827,0
2026-08-31 13:08:00,,0.21187255356343584,0
2026-09-02 10:24:00,,0.31530218159464035,0
2026-05-27 09:40:00,,0.32985760244657497,0
2026-05-27 14:46:00,,0.4021965802216256,0
2026-05-28 09:34:00,,0.4942432119677566,1
2026-07-01 10:58:00,,0.3502716993825861,0
2026-07-08 09:31:00,,0.4057522971155595,0
2026-07-31 13:31:00,,0.30155568742184663,0
2026-08-18 10:16:00,,0.33236534172294535,0
2026-08-20 11:24:00,,0.30240709579150704,0
2026-09-01 13:33:00,,0.2801550238745088,0
2026-05-27 11:25:00,,0.3134981554872004,0
2026-06-22 10:06:00,,0.39576493875554475,1
2026-06-24 10:49:00,,0.3424780158870435,0
2026-07-23 11:08:00,,0.30844001158172524,1
2026-05-27 11:13:00,,0.3225264619163616,0
2026-06-02 14:09:00,,0.4633087648997074,1
2026-06-09 11:00:00,,0.31988269273135106,1
2026-06-09 11:24:00,,0.25319255464132173,1
2026-06-22 11:23:00,,0.2445998199308859,1
2026-07-02 11:04:00,,0.33137707687784845,0
2026-07-08 13:39:00,,0.21913649996416024,0
2026-05-26 09:59:00,,0.2921685720554174,0
2026-06-10 14:39:00,,0.11363182642351059,0
2026-07-16 10:27:00,,0.2809512991504656,1
2026-08-18 09:47:00,,0.2663182043718992,0
2026-05-21 11:30:00,,0.29392881892448486,0
2026-05-26 11:23:00,,0.3412118497209923,1
2026-05-29 14:58:00,,0.20942862130501724,0
2026-06-03 13:52:00,,0.23274663551133615,0
2026-06-03 14:53:00,,0.21494037071709796,0
2026-06-12 11:08:00,,0.6438108910502709,1
2026-06-24 10:48:00,,0.3440143818530237,1
2026-06-26 09:53:00,,0.3873113383435111,0
2026-06-30 10:16:00,,0.37296725524909535,0
2026-07-01 14:14:00,,0.3756782883053449,0
2026-07-02 13:25:00,,0.34394458305909054,1
2026-07-17 10:30:00,,0.3271125654936472,0
2026-07-23 13:07:00,,0.3042444772498302,0
2026-07-27 09:47:00,,0.3390249628446699,0
2026-07-29 11:09:00,,0.2752702098425848,1
2026-08-05 14:02:00,,0.3028422854225726,1
2026-08-12 09:40:00,,0.4001325748442305,0
2026-08-25 10:15:00,,0.36079697473607447,1
2026-06-02 14:29:00,,0.1707237174581499,1
2026-06-22 09:54:00,,0.39890166672537325,0
2026-07-13 13:36:00,,0.4343234036954168,0
2026-07-28 10:23:00,,0.37917719641560405,0
2026-08-06 10:58:00,,0.3094010034034124,1
2026-08-14 14:51:00,,0.33130559790921305,1
2026-08-24 09:37:00,,0.40704142644802555,1
2026-08-25 09:43:00,,0.38296320753804297,0
2026-08-27 11:07:00,,0.6230544353868722,1
2026-06-04 11:27:00,,0.35637748551273224,0
2026-06-10 14:45:00,,0.17628262639144263,0
2026-06-15 14:59:00,,0.6434329839278636,1
2026-06-18 11:06:00,,0.3125048877926152,1
2026-06-25 13:30:00,,0.31859515312691955,1
2026-06-30 10:37:00,,0.37010598826253666,0
2026-07-01 14:15:00,,0.046463016157993295,0
2026-07-16 13:11:00,,0.3280525393925299,0
2026-08-17 11:21:00,,0.5564953452011842,0
2026-06-02 10:37:00,,0.3305175812181573,0
2026-06-23 10:02:00,,0.3418847065162544,0
2026-07-06 09:47:00,,0.34089453152718246,1
2026-07-08 10:00:00,,0.35685000664939187,0
2026-07-09 11:14:00,,0.276705392742894,0
2026-07-17 13:14:00,,0.21958421327144634,0
2026-07-27 14:28:00,,0.1665668633053966,0
2026-08-10 09:38:00,,0.35413527243094767,1
2026-08-24 13:55:00,,0.2341072739180113,0
2026-08-28 11:06:00,,0.28593906679566455,1
2026-05-27 13:52:00,,0.3544034652749409,0
2026-06-10 13:02:00,,0.3166582202923444,1
2026-07-31 10:19:00,,0.40247216732063856,1
2026-08-13 09:58:00,,0.3795133197567976,0
2026-08-14 13:51:00,,0.2624621282723748,0
2026-08-19 10:06:00,,0.36064448865862625,1
2026-08-20 11:20:00,,0.34727155277353117,0
2026-08-24 09:53:00,,0.4529034992706531,0
2026-08-31 09:57:00,,0.39466867706060693,1
2026-07-14 14:28:00,,0.24185829411800708,0
2026-07-17 13:55:00,,0.2719341002067093,0
2026-07-27 14:34:00,,0.18959226320060138,0
2026-08-03 14:55:00,,0.1372130316572379,0
2026-08-06 09:55:00,,0.2995291304362454,0
2026-08-20 10:48:00,,0.34869451211869906,0
2026-08-24 09:34:00,,0.42464122179920455,0
2026-05-25 10:12:00,,0.3404112723868331,0
2026-06-01 10:15:00,,0.31634266270423494,1
2026-06-03 11:06:00,,0.3768903832356131,0
2026-06-24 14:43:00,,0.2512555232357213,1
2026-06-29 11:27:00,,0.2564964405359639,1
2026-07-07 09:51:00,,0.38378238803881387,0
2026-07-08 14:57:00,,0.4912819518277787,0
2026-07-15 14:39:00,,0.19789328253236602,0
2026-07-30 14:52:00,,0.16518672919261088,0
2026-08-13 10:54:00,,0.31754684439691966,0
2026-08-14 09:51:00,,0.38114064483325727,0
2026-09-01 10:54:00,,0.36395024713772267,0
2026-06-04 11:19:00,,0.3133187241771926,0
2026-06-05 09:44:00,,0.3641220903742468,1
2026-07-09 14:03:00,,0.31007345610851883,0
2026-08-11 11:15:00,,0.2733936758359175,1
2026-09-03 13:20:00,,0.18154653528286482,1
2026-05-22 14:06:00,,0.07762540002632085,0
2026-05-25 09:43:00,,0.2220054905067609,0
2026-06-01 10:08:00,,0.2144558935607436,1
2026-06-17 14:21:00,,0.12322731099652666,0
2026-06-18 14:37:00,,0.12628229657596116,0
2026-06-25 11:07:00,,0.24664181520341513,1
2026-07-02 14:55:00,,0.18264791960644036,0
2026-07-24 13:32:00,,0.11147096585744586,0
2026-07-30 14:43:00,,0.10827836048739742,0
2026-07-31 14:16:00,,0.10075415869410803,0
2026-08-05 10:06:00,,0.14469967386258045,0
2026-08-24 11:26:00,,0.10458613966715516,0
2026-06-04 13:06:00,,0.2356461832858431,0
2026-06-10 10:43:00,,0.29801485838612773,1
2026-06-17 10:03:00,,0.3716319966403047,0
2026-06-22 11:06:00,,0.30360722252082134,1
2026-07-17 14:46:00,,0.17055262582333663,0
2026-07-27 13:02:00,,0.2774822475980936,0
2026-08-06 10:01:00,,0.33929853604137095,0
2026-08-17 13:09:00,,0.268151739862008,0
2026-08-18 14:02:00,,0.19510450950086533,0
2026-06-08 14:01:00,,0.1770005484457542,0
2026-06-09 14:46:00,,0.11788703454822648,0
2026-07-07 09:38:00,,0.323866504079249,0
2026-07-07 13:18:00,,0.2854634886276623,0
2026-07-16 11:26:00,,0.23446207384129608,1
2026-07-17 13:46:00,,0.2799452991414806,0
2026-07-17 14:43:00,,0.18981009918985184,0
2026-08-06 10:32:00,,0.22366598506242466,0
2026-08-27 09:47:00,,0.3307855187284897,0
2026-05-28 11:16:00,,0.29609292779664037,1
2026-05-28 13:14:00,,0.2700353605075624,1
2026-07-10 14:17:00,,0.26711298562028585,0
2026-07-17 14:05:00,,0.2584544215263626,1
2026-08-19 10:55:00,,0.3596305991183768,0
2026-08-24 09:45:00,,0.33819558460470184,0
2026-09-02 10:50:00,,0.3263250180728586,1
2026-09-02 14:04:00,,0.23749997585520116,0
2026-09-02 14:12:00,,0.23264108321808755,1
2026-05-29 14:57:00,,0.2781339989185026,0
2026-06-05 11:16:00,,0.28824462917395866,0
2026-06-08 09:42:00,,0.35948817930170385,0
2026-06-08 14:19:00,,0.14914894052575836,1
2026-06-16 09:37:00,,0.34959796785491004,0
2026-07-01 13:54:00,,0.2505411201357157,0
2026-07-02 09:30:00,,0.4032725362574822,0
2026-07-03 10:24:00,,0.28448081766978456,0
2026-07-28 13:46:00,,0.15243042254016376,0
2026-08-20 09:56:00,,0.3444606911609388,0
2026-05-22 09:49:00,,0.2762329816546609,0
2026-05-28 13:05:00,,0.28001122736161893,1
2026-06-11 14:06:00,,0.23967232235659247,0
2026-07-24 14:47:00,,0.40336825468306137,0
2026-06-23 09:30:00,,0.3729816462202606,0
2026-06-30 14:59:00,,0.11679526715796325,0
2026-07-03 13:59:00,,0.2986360941774272,1
2026-07-13 10:53:00,,0.27734954032264253,0
2026-07-14 11:11:00,,0.4419413908140358,1
2026-07-24 09:40:00,,0.3586220545159988,0
2026-08-17 14:20:00,,0.20614218612334362,0
2026-08-21 13:27:00,,0.2964838343531658,1
2026-05-21 15:00:00,,0.5132163854949892,1
2026-05-22 10:36:00,,0.28579868005011805,1
2026-06-17 11:23:00,,0.32071307716927827,0
2026-07-06 10:24:00,,0.34158577630053144,0
2026-07-10 14:07:00,,0.455214542529966,0
2026-07-16 09:57:00,,0.35840033119203346,0
2026-07-16 11:01:00,,0.31556807117466545,0
2026-07-29 09:47:00,,0.36229819657310036,1
2026-08-05 11:10:00,,0.3224904626354536,0
2026-08-19 13:52:00,,0.3561832628131638,0
2026-08-31 14:04:00,,0.4513974700496799,0
2026-06-16 09:36:00,,0.39846451359598356,0
2026-07-03 14:00:00,,0.2039060919494443,0
2026-07-13 10:04:00,,0.25273502635320705,0
2026-07-13 13:14:00,,0.23929113562345045,0
2026-07-21 09:44:00,,0.3253381205222315,0
2026-07-30 13:29:00,,0.37558827368134723,1
2026-08-19 14:39:00,,0.12456460611215062,0
2026-08-24 11:07:00,,0.21345370152181156,0
2026-08-26 09:51:00,,0.3653251093886219,0
2026-09-01 14:07:00,,0.23661098724655036,0
2026-05-28 14:10:00,,0.1250859089679292,0
2026-06-02 14:07:00,,0.10098833002970484,0
2026-06-04 11:17:00,,0.17876762374398603,0
2026-06-17 13:58:00,,0.10074601793775168,1
2026-06-23 10:04:00,,0.2702551955172832,0
2026-07-21 13:09:00,,0.2164514811247674,0
2026-07-24 13:05:00,,0.17666949745129956,0
2026-07-24 13:23:00,,0.19036740508083688,0
2026-07-29 10:46:00,,0.1961778982014376,0
2026-09-03 13:23:00,,0.17762431684221655,0
2026-06-02 14:26:00,,0.21652255533761117,0
2026-06-11 13:54:00,,0.5925240011459768,0
2026-06-16 13:33:00,,0.26787663868675377,0
2026-07-09 14:55:00,,0.21982920993382854,0
2026-08-12 14:23:00,,0.27162472532375653,0
2026-08-18 13:59:00,,0.3399717887731139,0
2026-06-01 11:28:00,,0.29748753404124273,0
2026-06-05 11:22:00,,0.30110025141200314,0
2026-06-12 13:21:00,,0.30395385281490717,0
2026-06-23 14:14:00,,0.28484717994423336,0
2026-06-26 09:41:00,,0.34077454071672597,0
2026-07-09 13:09:00,,0.270229945585099,1
2026-07-13 10:02:00,,0.34311720943398616,0
2026-07-14 09:37:00,,0.36382033359421356,1
2026-07-14 14:03:00,,0.2879382104213991,1
2026-07-28 14:38:00,,0.26922056133513084,0
2026-08-12 09:33:00,,0.3675998131344,1
2026-08-19 14:40:00,,0.38831825015656185,1
2026-08-10 13:02:00,,0.35016480754560164,1
2026-07-08 11:18:00,,0.1356850862285496,0
2026-07-09 14:21:00,,0.15587132108114665,0
2026-07-15 14:07:00,,0.1809188713838184,0
2026-07-15 14:11:00,,0.15580768841671216,0
2026-07-22 10:43:00,,0.2748485113184134,1
2026-05-21 09:30:00,,0.405671230920569,0
2026-06-01 13:49:00,,0.32512270677406274,0
2026-06-08 11:03:00,,0.2370837964860556,0
2026-06-09 13:44:00,,0.22367220069143867,0
2026-06-16 11:09:00,,0.22739402243605433,0
2026-06-16 13:02:00,,0.21449477157112923,0
2026-06-26 10:46:00,,0.3125582412679702,0
2026-07-03 10:24:00,,0.28133662895911,0
2026-07-03 14:02:00,,0.22739190948709082,0
2026-08-06 14:43:00,,0.268231209466603,0
2026-08-14 11:04:00,,0.22102085109116698,0
2026-08-24 10:22:00,,0.2881167351592116,0
2026-08-26 10:38:00,,0.23717430773482956,0
2026-06-03 11:17:00,,0.2966313131475527,0
2026-07-23 13:37:00,,0.2535156531639741,0
2026-08-27 10:30:00,,0.24081830016741934,1
2026-08-28 14:12:00,,0.1663716240399378,0
2026-05-27 13:10:00,,0.17686989726697588,0
2026-06-23 09:59:00,,0.30893579000260163,0
2026-07-01 14:10:00,,0.2026509183594775,0
2026-07-10 10:39:00,,0.261100372549284,0
2026-07-20 10:30:00,,0.22288817830697832,0
2026-08-07 14:57:00,,0.09339755093879923,0
2026-07-15 10:44:00,,0.22795387450807048,0
2026-07-15 10:50:00,,0.204618024105592,0
2026-07-16 14:30:00,,0.10107394106343887,0
2026-07-17 14:34:00,,0.14048405737238548,0
2026-07-23 10:33:00,,0.18368047421078965,0
2026-07-30 14:38:00,,0.10552286072733269,0
2026-08-17 14:54:00,,0.06969731500690582,0
2026-08-28 09:42:00,,0.2250632239459961,0
2026-08-28 10:27:00,,0.20075107392683422,0
2026-05-26 14:00:00,,0.18210532387495146,0
2026-07-13 10:52:00,,0.2760458998595414,0
2026-07-27 10:47:00,,0.25526657399230424,0
2026-08-11 10:26:00,,0.28685253103341596,0
2026-08-25 14:07:00,,0.18914542750161092,0
2026-06-01 10:38:00,,0.3353453385236869,0
2026-06-03 13:42:00,,0.3320662511148951,1
2026-06-05 13:29:00,,0.18261876715750874,0
2026-06-08 13:36:00,,0.2745194793013771,0
2026-06-17 14:02:00,,0.24135835603100417,0
2026-06-23 13:30:00,,0.22514525041494055,0
2026-07-03 09:40:00,,0.3615828460732876,0
2026-07-08 13:27:00,,0.2601203761874427,0
2026-07-20 13:26:00,,0.29853098444581455,0
2026-06-12 10:07:00,,0.3810328261474566,0
2026-07-07 14:06:00,,0.3632799450761017,0
2026-07-27 14:47:00,,0.2894674816760393,0
2026-08-05 14:06:00,,0.3976242458482895,0
2026-08-21 10:25:00,,0.39506834005056884,0
2026-06-03 10:14:00,,0.320990482432377,0
2026-06-03 11:07:00,,0.2934355986952744,0
2026-06-11 14:31:00,,0.3665736341495818,1
2026-06-12 14:07:00,,0.3177953747748819,0
2026-06-18 13:44:00,,0.2657223224347909,0
2026-06-22 13:16:00,,0.3351277361779261,1
2026-06-24 13:58:00,,0.24739689181896662,1
2026-07-03 09:40:00,,0.3925931306316559,0
2026-08-04 10:04:00,,0.33591877978587986,1
2026-08-07 14:59:00,,0.14266129628078042,0
2026-08-11 11:07:00,,0.2455323143145241,0
2026-08-11 14:13:00,,0.16265976000807916,0
2026-05-22 13:48:00,,0.3406972540071378,1
2026-05-28 14:10:00,,0.19114035540575058,1
2026-06-02 13:03:00,,0.30917232838493397,1
2026-06-24 13:21:00,,0.31546101573824237,0
2026-07-14 14:15:00,,0.29345579783529,1
2026-08-11 10:35:00,,0.3608116974546644,0
2026-08-27 11:01:00,,0.3211575159967382,0
2026-09-01 10:20:00,,0.3940580053995904,0
2026-06-17 14:05:00,,0.15953736470853272,0
2026-07-28 10:03:00,,0.2860930290928132,0
2026-08-10 10:51:00,,0.28827965991069865,0
2026-08-18 14:54:00,,0.11045101156360751,0
2026-08-19 13:33:00,,0.23141359329414884,1
2026-08-21 10:01:00,,0.3454450581551452,0
2026-05-25 14:43:00,,0.17490603132258956,0
2026-06-24 13:35:00,,0.3547296239621125,0
2026-06-24 14:17:00,,0.3990629717399216,0
2026-07-16 10:38:00,,0.4853001310649544,0
2026-09-01 14:14:00,,0.39623723464166166,0
2026-05-29 09:39:00,,0.2883886386659064,1
2026-05-29 10:25:00,,0.24847766506441707,1
2026-05-29 13:31:00,,0.2438729727855926,0
2026-06-08 14:06:00,,0.1717557804483947,1
2026-06-08 14:49:00,,0.09963248601823245,1
2026-06-25 11:03:00,,0.2851166387333375,1
2026-07-06 13:48:00,,0.22924162622481728,0
2026-07-31 11:02:00,,0.19157066406461387,0
2026-08-06 10:29:00,,0.26235626303669757,0
2026-06-03 10:20:00,,0.35181609904726197,1
2026-06-05 10:55:00,,0.30520820823998607,0
2026-06-12 13:56:00,,0.35254953537757266,0
2026-07-08 14:55:00,,0.1418256129019534,0
2026-07-23 14:17:00,,0.30014543876832933,1
2026-07-27 11:11:00,,0.4257774514952717,1
2026-07-31 11:30:00,,0.377434578653471,1
2026-08-03 10:25:00,,0.29313311112552004,1
2026-08-05 10:34:00,,0.3998146656957518,1
2026-08-06 13:41:00,,0.24012295627024308,1
2026-08-14 10:16:00,,0.3278206450438576,1
2026-08-19 10:20:00,,0.33780320460295377,0
2026-08-27 14:57:00,,0.15047236865293193,1
2026-08-28 14:03:00,,0.21411788048354033,0
2026-05-26 14:40:00,,0.591979349005767,1
2026-06-17 13:55:00,,0.29533262645323616,0
2026-07-15 09:30:00,,0.3971455576045033,0
2026-08-11 13:23:00,,0.2565813638932885,0
2026-08-26 10:49:00,,0.2976276373733931,1
2026-05-29 13:41:00,,0.2590801441594432,0
2026-06-11 13:16:00,,0.2004360181366182,1
2026-06-16 09:30:00,,0.32754183978941276,0
2026-06-18 13:43:00,,0.2163322610864859,0
2026-07-10 09:31:00,,0.41749664513647555,1
2026-07-10 13:39:00,,0.31811442902265324,0
2026-07-22 14:35:00,,0.13012406577041263,0
2026-07-31 13:02:00,,0.22334629538567874,0
2026-05-28 09:51:00,,0.3222101078531995,1
2026-06-05 13:55:00,,0.2293223383620461,0
2026-07-09 09:36:00,,0.3717284974550656,1
2026-07-10 14:56:00,,0.254802906281791,0
2026-07-16 14:20:00,,0.28810036747545087,0
2026-07-22 10:28:00,,0.22550796551815327,0
2026-07-27 14:04:00,,0.21029313176090628,0
2026-08-25 13:38:00,,0.2567637097078319,1
2026-06-10 10:58:00,,0.38007812239932726,1
2026-06-23 13:44:00,,0.28292202899805036,1
2026-06-24 09:53:00,,0.3869866339051342,0
2026-06-25 13:32:00,,0.3426683682524414,0
2026-07-10 10:18:00,,0.40666416640147474,0
2026-07-24 10:31:00,,0.3639556458784828,0
2026-08-12 10:46:00,,0.30879992101823983,1
2026-08-20 14:15:00,,0.22858483271997085,0
2026-08-31 10:19:00,,0.3796546454392218,0
2026-05-21 14:50:00,,0.19697781305242526,0
2026-06-01 13:47:00,,0.20736217186687486,1
2026-07-20 14:05:00,,0.22625040517893463,0
2026-07-30 14:18:00,,0.12974013310245158,0
2026-08-26 10:26:00,,0.25789255881489526,0
2026-08-27 11:16:00,,0.25516144531755436,1
2026-06-05 11:03:00,,0.2999273571494515,0
2026-06-30 10:39:00,,0.36522515237406106,1
2026-07-06 14:30:00,,0.1764211105493291,0
2026-07-08 13:46:00,,0.6291409956675575,1
2026-07-17 11:09:00,,0.3860347230803173,0
2026-07-23 11:23:00,,0.28808014920290026,0
2026-07-24 09:56:00,,0.3377100265420465,0
2026-07-30 09:50:00,,0.36042292187614366,0
2026-08-13 09:34:00,,0.389534145563232,0
2026-08-18 10:49:00,,0.29794397682430945,1
2026-08-28 14:05:00,,0.20954723478831844,0
2026-09-02 14:30:00,,0.2090341932494533,1
2026-06-24 13:31:00,,0.13428070917530116,0
2026-07-10 10:29:00,,0.3178681700379183,1
2026-07-23 14:37:00,,0.15556454721677535,1
2026-07-27 10:42:00,,0.25224114952501825,0
2026-07-30 10:51:00,,0.31594373768556533,0
2026-08-07 10:09:00,,0.19434306302005655,1
2026-08-13 10:12:00,,0.2663281266797626,0
2026-08-21 14:18:00,,0.17740312827619706,0
2026-08-25 13:14:00,,0.1783307316886695,0
2026-05-29 09:51:00,,0.35821936691803347,0
2026-07-07 10:02:00,,0.3816728583914557,1
2026-08-21 10:04:00,,0.2953675040516486,0
2026-06-16 13:13:00,,0.19361152858927896,0
2026-06-25 14:28:00,,0.1870907980192735,0
2026-06-25 14:29:00,,0.18209064737870026,0
2026-06-30 11:21:00,,0.2747917409405211,0
2026-07-03 09:40:00,,0.35962245627042116,1
2026-07-07 11:01:00,,0.2999012550612987,0
2026-06-05 10:47:00,,0.25426419019828916,0
2026-06-15 10:34:00,,0.2683966784184089,0
2026-06-15 10:44:00,,0.24736042497850091,0
2026-06-16 09:55:00,,0.31480653386759705,0
2026-06-23 10:36:00,,0.2865042799215706,0
2026-06-29 13:18:00,,0.24228523485411244,0
2026-07-29 09:43:00,,0.3289998813468395,1
2026-08-13 14:50:00,,0.1213156701282673,0
2026-05-22 10:09:00,,0.3407961055773002,0
2026-05-26 13:18:00,,0.3000582170470425,0
2026-06-01 14:50:00,,0.16046244697503376,1
2026-06-23 13:36:00,,0.2810975880373808,0
2026-07-27 14:57:00,,0.24380506747227526,0
2026-08-12 11:07:00,,0.22075549499518968,1
2026-05-26 13:30:00,,0.1921021583671183,0
2026-06-05 13:21:00,,0.24634909737894825,0
2026-06-17 11:13:00,,0.24672761514119035,0
2026-06-17 15:00:00,,0.13640639882666794,0
2026-06-22 13:25:00,,0.2988218702486277,1
2026-06-24 14:10:00,,0.21303098611927235,0
2026-07-17 14:37:00,,0.28080541473666043,0
2026-07-21 10:20:00,,0.36367788053152145,0
2026-07-21 11:07:00,,0.3314480856143714,1
2026-07-22 10:49:00,,0.2862561068891408,0
2026-08-11 10:30:00,,0.29996665836238035,0
2026-08-11 14:17:00,,0.23575658578564399,0
2026-08-25 14:10:00,,0.25402626930829914,0
2026-06-05 13:55:00,,0.24687200246138946,0
2026-06-10 11:22:00,,0.1489076978831034,0
2026-06-30 13:11:00,,0.2033140115558165,0
2026-07-03 11:07:00,,0.25789100754693944,1
2026-07-08 13:05:00,,0.15178248513789264,0
2026-07-23 11:11:00,,0.20082999585116423,1
2026-07-24 14:13:00,,0.13852789131576534,0
2026-06-01 11:23:00,,0.23780717472208024,0
2026-06-16 13:42:00,,0.16092437170485116,0
2026-07-03 14:47:00,,0.100618327940492,0
2026-07-24 10:17:00,,0.294039081177346,0
2026-07-28 10:30:00,,0.18830104844265488,0
2026-08-03 10:27:00,,0.1674087019942499,0
2026-08-11 14:20:00,,0.15773901601435367,0
2026-08-17 09:57:00,,0.21946787352221736,0
2026-08-18 13:31:00,,0.15631827914821544,1
2026-08-20 13:45:00,,0.11569142384351917,0
2026-05-28 10:24:00,,0.3133046403470103,1
2026-07-07 13:31:00,,0.25543758505902014,0
2026-07-20 13:46:00,,0.3807526596964305,1
2026-07-24 10:19:00,,0.3376804995397244,0
2026-07-24 10:39:00,,0.35076822937263175,0
2026-08-04 11:06:00,,0.3380419446502679,0
2026-08-06 14:57:00,,0.13992623831805173,0
2026-08-11 11:03:00,,0.3415094604264514,0
2026-08-24 14:51:00,,0.13789588467003883,0
2026-08-31 13:47:00,,0.25630205941116246,0
2026-06-10 14:20:00,,0.12680821817519616,0
2026-06-25 11:10:00,,0.29520553046595605,0
2026-06-29 14:51:00,,0.1495933160346011,0
2026-07-07 09:39:00,,0.3834929410750435,1
2026-07-14 10:55:00,,0.3201831996696693,1
2026-07-15 14:34:00,,0.20040337653189533,0
2026-08-14 14:50:00,,0.12336370745761627,1
2026-09-01 13:46:00,,0.2389050842286302,0
2026-05-22 14:54:00,,0.4094236308309813,1
2026-05-28 14:39:00,,0.3396595745847437,0
2026-06-05 13:20:00,,0.3330211970227951,0
2026-06-18 10:39:00,,0.36358634954774954,0
2026-06-23 09:57:00,,0.45243121074515724,0
2026-06-26 13:51:00,,0.3435965519845144,0
2026-06-29 10:12:00,,0.4341059880221396,1
2026-06-30 11:28:00,,0.34712260497764935,1
2026-07-02 10:55:00,,0.3838251643657672,1
2026-07-16 10:19:00,,0.3784988802003124,0
2026-07-31 11:17:00,,0.38172931224490764,1
2026-08-10 10:44:00,,0.4568549739689725,0
2026-08-11 10:17:00,,0.40205769168524996,0
2026-08-12 14:48:00,,0.1987280728065161,0
2026-08-13 10:53:00,,0.31874604864332606,0
2026-08-24 13:53:00,,0.2627752891968316,1
2026-08-26 13:42:00,,0.24396253299299395,0
2026-09-01 10:07:00,,0.3924749386454991,1
2026-09-02 14:05:00,,0.3223310479204118,0
2026-06-04 14:45:00,,0.1521048851799194,1
2026-06-05 11:21:00,,0.1914463727328731,0
2026-06-09 09:41:00,,0.34716910243774385,0
2026-06-12 10:51:00,,0.31212866362321995,0
2026-06-16 14:05:00,,0.22657637185942367,0
2026-06-17 14:19:00,,0.22511025158768835,1
2026-07-23 14:23:00,,0.18126376942301983,0
2026-08-19 11:24:00,,0.18549510483863105,0
2026-08-20 09:49:00,,0.3179757513264821,0
2026-05-25 11:24:00,,0.2853745780550296,0
2026-06-01 13:43:00,,0.24683883920662944,0
2026-06-04 09:40:00,,0.39750392587156397,0
2026-06-09 10:20:00,,0.3696192813054113,1
2026-07-02 10:49:00,,0.3006541558044114,0
2026-07-09 10:01:00,,0.3927809715032824,0
2026-07-16 14:06:00,,0.24088431430333487,0
2026-07-27 14:12:00,,0.22741460201666913,0
2026-07-27 14:28:00,,0.21090152314239038,0
2026-08-05 14:48:00,,0.13948385148942208,0
2026-08-06 13:15:00,,0.305103764463301,1
2026-09-03 14:28:00,,0.15742876031485,0
2026-06-11 14:47:00,,0.1574771840923034,0
2026-06-25 14:40:00,,0.26793535993944645,0
2026-07-13 11:11:00,,0.2702294757240616,0
2026-08-17 14:31:00,,0.21956505499782983,0
2026-08-20 10:11:00,,0.35599959673018583,0
2026-09-02 13:41:00,,0.31227895182610954,0
2026-05-25 14:49:00,,0.13686053437853304,0
2026-06-01 11:07:00,,0.5791309443441987,0
2026-06-01 13:10:00,,0.5796751242577964,0
2026-06-04 11:27:00,,0.3843463176995144,0
2026-07-23 11:07:00,,0.3442576984863404,1
2026-07-23 14:50:00,,0.2235583847981529,0
2026-07-30 11:27:00,,0.3513974412607536,1
2026-08-12 14:26:00,,0.15157189626416473,0
2026-08-14 09:46:00,,0.3146519884267325,0
2026-08-24 09:40:00,,0.34345471293107965,0
2026-08-27 13:13:00,,0.18416253458045906,0
2026-06-24 10:42:00,,0.3323440755042832,0
2026-07-02 14:57:00,,0.2456055904830144,0
2026-07-10 14:18:00,,0.28651207355524916,0
2026-07-20 10:15:00,,0.37973869216286515,0
2026-07-22 14:03:00,,0.3877975060966594,0
2026-07-24 14:40:00,,0.2666902459272779,0
2026-08-03 14:08:00,,0.3485398803480585,1
2026-08-05 09:47:00,,0.39709234769013796,0
2026-08-13 09:55:00,,0.37613086681696556,0
2026-08-18 14:40:00,,0.2502725684887776,0
2026-08-26 13:20:00,,0.3726769408668241,0
2026-08-26 14:27:00,,0.23933267177149617,0
2026-05-27 11:18:00,,0.35788431685249966,0
2026-06-12 13:36:00,,0.2621136457221977,0
2026-06-23 14:51:00,,0.1307791437872533,0
2026-07-02 14:07:00,,0.17536223543715068,0
2026-07-20 10:39:00,,0.30814624780810723,0
2026-08-07 14:55:00,,0.10093576457858089,0
2026-08-27 09:44:00,,0.3119930958513879,1
2026-05-22 13:03:00,,0.3252044940201595,0
2026-05-25 14:46:00,,0.18685842048447435,0
2026-06-12 11:22:00,,0.3962803440636072,1
2026-07-13 14:52:00,,0.28010300381045633,1
2026-07-14 14:27:00,,0.34624599690001573,0
2026-07-31 10:00:00,,0.38534315029090765,1
2026-08-06 14:27:00,,0.22297039461782645,1
2026-06-08 10:44:00,,0.23768840313965814,0
2026-06-12 10:51:00,,0.6295665775710808,0
2026-07-09 10:01:00,,0.3331558468124812,1
2026-07-09 14:06:00,,0.2784874644103224,0
2026-07-13 10:45:00,,0.3064672698380662,1
2026-06-23 14:38:00,,0.2544938011628602,0
2026-07-09 13:01:00,,0.29169237224873185,1
2026-08-06 11:15:00,,0.23071754741901226,0
2026-08-19 13:07:00,,0.282312931897617,0
2026-08-31 14:06:00,,0.10586432050834964,0
2026-06-08 13:36:00,,0.352754331736683,0
2026-06-17 14:43:00,,0.12781587336171843,0
2026-06-22 11:23:00,,0.3286289369778714,1
2026-06-24 13:57:00,,0.7162935838094621,1
2026-07-17 09:56:00,,0.35031568578073774,0
2026-07-21 09:35:00,,0.40683017655290893,0
2026-07-23 14:34:00,,0.43109604113260935,0
2026-08-14 13:30:00,,0.4756997898387232,0
2026-08-26 10:19:00,,0.29725803900843734,0
2026-08-28 14:38:00,,0.2893793593146553,0
2026-09-01 11:22:00,,0.28474845294480705,0
2026-05-22 10:04:00,,0.29352826352056344,0
2026-07-03 09:54:00,,0.3407646834786499,0
2026-07-07 14:07:00,,0.1673112458762885,1
2026-07-16 14:20:00,,0.1611457533428084,0
2026-08-06 14:15:00,,0.19203337043517807,0
2026-08-12 10:24:00,,0.27797472189754696,0
2026-06-01 10:01:00,,0.38327009551730745,0
2026-06-08 10:17:00,,0.3667758652183787,0
2026-06-10 14:20:00,,0.2555067605506138,0
2026-06-18 14:20:00,,0.24523511534166542,0
2026-06-26 13:12:00,,0.32278493776219835,0
2026-08-05 10:00:00,,0.36048418752245,0
2026-06-03 14:39:00,,0.3946348746022298,1
2026-06-22 14:53:00,,0.31394392725272097,0
2026-07-01 14:52:00,,0.16176777409330936,0
2026-07-17 14:10:00,,0.3224751059775365,0
2026-07-20 10:43:00,,0.3858026502865339,0
2026-07-24 14:24:00,,0.22157966398167508,0
2026-07-27 10:01:00,,0.3904740563279422,0
2026-08-05 10:24:00,,0.3799920352351262,0
2026-08-06 10:34:00,,0.34628823665699165,0
2026-08-19 09:57:00,,0.36457185075119597,0
2026-08-19 10:37:00,,0.34250304346220545,0
2026-08-26 14:52:00,,0.25619388247584846,0
2026-05-22 13:28:00,,0.2846187360833607,1
2026-06-01 14:11:00,,0.24462166309633232,0
2026-06-02 10:28:00,,0.33570748374681625,1
2026-06-03 13:53:00,,0.34296445548843457,0
2026-06-10 14:07:00,,0.2645736394147174,0
2026-06-29 11:27:00,,0.34453445962908347,1
2026-07-15 10:54:00,,0.35052071368813487,0
2026-07-16 13:11:00,,0.3000106178168383,0
2026-07-29 10:44:00,,0.3589391143362473,0
2026-08-03 14:37:00,,0.1961084934202132,1
2026-08-04 14:34:00,,0.3051018698948823,1
2026-08-24 10:15:00,,0.31053395177184345,0
2026-06-10 14:51:00,,0.11878061844837329,0
2026-08-06 10:56:00,,0.19363165502056492,0
2026-08-13 13:46:00,,0.18551582546404435,0
2026-05-26 13:23:00,,0.15619787731808202,0
2026-06-15 10:35:00,,0.23825014663629474,0
2026-07-10 13:57:00,,0.060173501533216586,0
2026-07-16 09:59:00,,0.2668319048110341,1
2026-07-22 09:43:00,,0.29062575497762944,1
2026-07-30 10:41:00,,0.2662313266301281,0
2026-07-31 14:04:00,,0.13122451561944914,0
2026-05-21 14:54:00,,0.39064871457021244,1
2026-05-27 13:40:00,,0.30676128468656344,0
2026-05-27 14:07:00,,0.2796121071647601,0
2026-06-25 10:48:00,,0.28408603349166905,0
2026-06-26 14:34:00,,0.31788277607299376,0
2026-07-15 10:46:00,,0.3076241698487942,0
2026-08-04 10:02:00,,0.3167467983498433,1
2026-08-04 10:20:00,,0.2907684504471278,1
2026-08-04 14:41:00,,0.26257688064420437,0
2026-08-06 14:01:00,,0.18390274758155337,0
2026-08-12 13:51:00,,0.2558396134263789,0
2026-08-26 13:45:00,,0.14824897104527057,0
2026-05-22 14:15:00,,0.12388606128251013,0
2026-06-09 13:17:00,,0.23348401872307256,1
2026-06-23 09:30:00,,0.3823163074623613,1
2026-07-02 14:33:00,,0.11622399645989802,0
2026-07-23 13:55:00,,0.10262894027946705,1
2026-07-30 09:34:00,,0.26019357287241335,0
2026-08-14 09:56:00,,0.27100206125901316,0
2026-08-24 14:19:00,,0.12106880703212489,0
2026-05-28 14:57:00,,0.14038404401000568,0
2026-06-03 13:25:00,,0.31411502177873263,0
2026-06-23 09:32:00,,0.45471272799124424,0
2026-08-04 11:03:00,,0.2730138977151596,0
2026-08-14 14:06:00,,0.15385003886486065,0
2026-08-17 10:55:00,,0.27610014682518363,1
2026-05-25 09:54:00,,0.21650999910900057,0
2026-05-29 10:23:00,,0.27340443034829154,0
2026-06-01 14:39:00,,0.14256130335628683,0
2026-06-30 13:44:00,,0.23458161991318222,0
2026-07-07 10:44:00,,0.243269669304575,0
2026-07-07 11:20:00,,0.26496417387940174,0
2026-07-17 14:15:00,,0.26068801893094523,0
2026-07-22 11:10:00,,0.2796500409459588,0
2026-08-31 14:00:00,,0.19122724521696374,0
2026-05-28 10:42:00,,0.24530142142069133,0
2026-06-01 11:14:00,,0.2889918008076582,1
2026-06-11 13:42:00,,0.26535388269114996,1
2026-06-25 13:46:00,,0.21970439219520194,0
2026-07-03 09:32:00,,0.37736934282767454,0
2026-07-24 10:20:00,,0.26360677361758567,0
2026-07-29 13:45:00,,0.2155411937335826,0
2026-05-29 13:32:00,,0.24263510818615988,0
2026-06-10 09:32:00,,0.33672421640451405,0
2026-06-12 14:33:00,,0.19870075094556852,0
2026-06-15 09:44:00,,0.30120835033280463,0
2026-06-30 13:10:00,,0.25884694526265206,0
2026-07-02 11:00:00,,0.2996152829561002,0
2026-08-05 13:17:00,,0.2834910097950072,0
2026-05-26 11:06:00,,0.3348712937912794,0
2026-06-01 14:27:00,,0.24643727298495025,0
2026-06-10 11:16:00,,0.28234948125812875,0
2026-06-12 11:27:00,,0.29188772235350935,0
2026-06-23 10:02:00,,0.33598760048238674,0
2026-07-01 14:40:00,,0.2923073927488676,1
2026-07-08 13:44:00,,0.3588515897684695,0
2026-07-22 14:13:00,,0.31043633921661046,0
2026-07-29 10:17:00,,0.36819366516104884,0
2026-08-11 13:18:00,,0.2908697198830118,0
2026-08-14 10:28:00,,0.29739705205145184,0
2026-08-14 13:42:00,,0.2655574348435842,0
2026-08-27 09:47:00,,0.4102987296259495,0
2026-09-02 13:06:00,,0.2695806566120739,1
2026-06-01 11:22:00,,0.34179542344610647,0
2026-06-02 09:57:00,,0.38694376842477624,1
2026-06-29 14:08:00,,0.2848893494935708,0
2026-07-03 13:55:00,,0.29821286834604577,0
2026-07-24 14:45:00,,0.3132412583882823,0
2026-07-27 11:05:00,,0.5305660878539101,1
2026-07-28 14:01:00,,0.20732744375992693,0
2026-07-29 09:34:00,,0.39769222516058644,1
2026-07-30 13:07:00,,0.38482217437816385,1
2026-08-19 11:14:00,,0.3334417466030514,0
2026-09-03 14:34:00,,0.22453819012688295,0
2026-05-25 10:06:00,,0.3487341494369736,0
2026-05-25 11:03:00,,0.2720177079006347,0
2026-05-27 10:51:00,,0.2999526534391101,0
2026-07-02 13:01:00,,0.291786180949408,0
2026-08-20 14:10:00,,0.24284069729763968,0
2026-09-02 11:20:00,,0.3182305879061662,0
2026-05-25 10:16:00,,0.24734785531471212,0
2026-07-14 13:38:00,,0.3091343651814719,1
2026-07-17 14:36:00,,0.24918943137832725,0
2026-08-04 09:48:00,,0.3221477835980529,0
2026-08-21 14:06:00,,0.14236588392044724,0
2026-05-28 14:02:00,,0.20505066033114025,0
2026-05-29 13:41:00,,0.17203057964149576,0
2026-07-01 09:36:00,,0.3387528667299266,0
2026-07-17 10:30:00,,0.23033663669823218,0
2026-08-28 11:14:00,,0.22640019311646065,1
2026-05-21 14:29:00,,0.33007161040538496,0
2026-06-16 11:19:00,,0.29042810576413436,0
2026-06-25 14:03:00,,0.19677610007512328,1
2026-06-30 13:58:00,,0.20947522775249877,0
2026-07-22 10:16:00,,0.2962388705656038,0
2026-07-28 13:46:00,,0.20594305722767114,0
2026-08-03 14:55:00,,0.10701772444731306,0
2026-08-14 13:12:00,,0.2507991479360764,0
2026-05-28 10:54:00,,0.35227432119247326,0
2026-06-30 11:21:00,,0.25484660867001563,1
2026-07-01 09:34:00,,0.3343849611089424,1
2026-07-13 10:35:00,,0.3385035623240585,0
2026-07-16 13:04:00,,0.312110905119385,0
2026-07-30 11:16:00,,0.34398136475849383,0
2026-08-13 14:32:00,,0.1426912448507514,0
2026-08-21 14:50:00,,0.24907789615079692,0
2026-06-17 09:45:00,,0.35075156729562973,1
2026-06-17 14:39:00,,0.3217437256814303,1
2026-06-22 10:47:00,,0.3910858003860151,1
2026-06-23 10:52:00,,0.39340205576194803,0
2026-07-01 14:16:00,,0.24239899593422184,0
2026-07-03 14:37:00,,0.34271669664657495,0
2026-07-13 10:21:00,,0.42613205876611226,0
2026-07-15 11:01:00,,0.4237259544641484,0
2026-07-17 09:54:00,,0.3741503653095577,0
2026-07-22 14:03:00,,0.3014809847559702,0
2026-07-29 14:02:00,,0.2160203485398121,0
2026-07-30 13:02:00,,0.3734551623411228,1
2026-08-04 11:29:00,,0.2841579442668723,1
2026-05-25 14:56:00,,0.10863187828497212,0
2026-06-16 10:23:00,,0.16166874042815813,1
2026-06-18 09:36:00,,0.24885268188154014,0
2026-06-26 13:08:00,,0.2265973483796284,0
2026-07-08 14:42:00,,0.15804389725914225,0
2026-07-21 10:27:00,,0.34348358235335114,0
2026-07-29 10:06:00,,0.3230453564632202,0
2026-08-07 14:25:00,,0.11204070528023241,0
2026-09-03 13:56:00,,0.15812377574783823,0
2026-05-28 11:19:00,,0.34824455833609497,0
2026-06-01 13:07:00,,0.2580837416307293,1
2026-07-13 09:55:00,,0.31075011785224393,0
2026-07-21 14:00:00,,0.21283316207145517,0
2026-08-07 09:40:00,,0.34023605497805726,1
2026-08-27 10:08:00,,0.3240873971769053,0
2026-08-28 10:14:00,,0.2784043993458049,0
2026-09-02 13:09:00,,0.16985509041620842,0
2026-05-21 10:47:00,,0.28067393105072447,0
2026-06-10 11:06:00,,0.23000332263828183,0
2026-06-10 13:42:00,,0.23514418084844524,0
2026-06-15 13:22:00,,0.31896589063992525,1
2026-07-07 10:17:00,,0.27996838408448643,0
2026-07-08 13:34:00,,0.21604911369717716,0
2026-07-13 14:06:00,,0.2910896085921983,0
2026-05-29 11:13:00,,0.23559065429163362,0
2026-06-26 10:56:00,,0.2709071179970902,0
2026-05-26 09:44:00,,0.35977983474521696,1
2026-06-03 13:11:00,,0.2837160166489688,0
2026-06-11 09:48:00,,0.33823001286649496,1
2026-06-25 14:45:00,,0.18881925934126254,0
2026-07-07 14:30:00,,0.23414646565575994,0
2026-08-05 14:59:00,,0.1981378609197197,1
2026-08-11 13:45:00,,0.2828568150670713,0
2026-08-13 09:44:00,,0.3198296231466763,0
2026-08-27 11:20:00,,0.3021940970704498,0
2026-05-27 11:20:00,,0.30552849640701757,0
2026-06-09 14:04:00,,0.30282917287962846,0
2026-06-30 14:45:00,,0.18146009892441442,0
2026-07-03 10:25:00,,0.6135733875109038,0
2026-07-21 10:06:00,,0.3561626188677759,1
2026-08-03 11:15:00,,0.3300096831928483,1
2026-08-10 14:52:00,,0.26952599246258363,1
2026-08-20 13:25:00,,0.28848839652906133,1
2026-05-28 14:54:00,,0.22564678926972842,0
2026-07-07 11:17:00,,0.2727586181370666,0
2026-07-21 13:56:00,,0.2440739005662647,0
2026-07-22 10:13:00,,0.3616286148092608,0
2026-07-24 10:51:00,,0.25944131368451867,0
2026-08-27 13:52:00,,0.23761997435863522,1
2026-08-28 14:50:00,,0.5273862869835373,1
2026-08-31 09:41:00,,0.7002709381963482,1
2026-05-26 13:11:00,,0.15480053147852538,1
2026-06-01 13:30:00,,0.20569649355925157,0
2026-06-08 14:57:00,,0.10698314364600031,0
2026-06-17 09:49:00,,0.32930640815605533,0
2026-06-30 13:31:00,,0.1773788784249261,0
2026-07-09 09:54:00,,0.2717472457283079,0
2026-08-10 09:30:00,,0.28160712597647997,1
2026-08-20 11:09:00,,0.21925816489312178,0
2026-08-20 11:26:00,,0.25543668576242745,0
2026-08-26 13:25:00,,0.15012937498350826,0
2026-05-25 14:32:00,,0.1878316132923884,0
2026-05-26 10:15:00,,0.3407184570387854,0
2026-05-29 10:20:00,,0.3266013735093942,0
2026-06-03 14:04:00,,0.17007686197895625,0
2026-06-05 10:29:00,,0.27552305414197426,0
2026-06-10 14:53:00,,0.14617583112179952,0
2026-06-23 11:06:00,,0.37235814656025995,0
2026-06-24 13:42:00,,0.2436595901226405,0
2026-07-21 13:57:00,,0.20569447593400608,0
2026-08-10 10:47:00,,0.2562376747644274,0
2026-08-12 10:22:00,,0.2926435999275943,0
2026-08-18 11:29:00,,0.310702628294267,0
2026-06-25 10:44:00,,0.34565514312261225,1
2026-06-26 14:21:00,,0.2974013571360334,0
2026-07-14 13:07:00,,0.340392832333261,1
2026-08-11 11:30:00,,0.3168977301131216,0
2026-08-12 11:08:00,,0.3337891896661642,0
2026-08-26 13:13:00,,0.26923046071340534,0
2026-09-01 09:45:00,,0.3606080240259523,0
2026-05-21 10:58:00,,0.21828658964722705,0
2026-05-26 14:46:00,,0.16400511347702004,0
2026-06-18 14:23:00,,0.20435171629488846,0
2026-06-24 14:13:00,,0.21503234350862963,0
2026-07-09 14:12:00,,0.13051188080517734,0
2026-07-22 11:29:00,,0.27276561030678614,0
2026-07-24 14:57:00,,0.19086755387122628,0
2026-08-10 14:13:00,,0.13649441158875752,0
2026-08-14 10:29:00,,0.19719396547838508,0
2026-08-18 10:38:00,,0.21929096021088534,0
2026-08-20 09:30:00,,0.3782234632936163,1
2026-05-22 10:00:00,,0.35598074933702273,0
2026-05-26 10:32:00,,0.3547435858202199,0
2026-07-08 10:19:00,,0.30258530597021793,1
2026-07-14 14:45:00,,0.27967289887571456,1
2026-07-27 10:47:00,,0.2832348287875086,0
2026-08-17 10:34:00,,0.2673099648405134,1
2026-06-01 09:52:00,,0.35196092384172506,0
2026-06-16 10:52:00,,0.21024457882332784,0
2026-06-22 13:03:00,,0.264897993008873,1
2026-06-24 13:59:00,,0.2321956410306635,0
2026-07-07 10:58:00,,0.2750944163520416,0
2026-07-10 09:33:00,,0.38064089703888304,1
2026-07-20 13:54:00,,0.3458396778112804,1
2026-07-31 11:10:00,,0.23312558454777887,0
2026-08-03 13:36:00,,0.14500146194716898,0
2026-08-07 14:30:00,,0.12389426729733617,0
2026-08-21 13:57:00,,0.1905134426163895,0
2026-06-03 09:40:00,,0.2988830459001699,0
2026-06-23 14:26:00,,0.19443507271039973,0
2026-07-22 11:08:00,,0.2769197230711073,1
2026-07-24 14:00:00,,0.24824315904004723,0
2026-07-27 09:33:00,,0.3162777593767554,0
2026-08-04 13:22:00,,0.21312602119517784,0
2026-08-26 14:10:00,,0.1530520690132608,0
2026-08-26 14:43:00,,0.15495443800492312,0
2026-06-01 14:35:00,,0.20808362562871718,1
2026-06-03 11:08:00,,0.2706630623564403,0
2026-06-11 14:44:00,,0.19933884451776998,1
2026-06-18 10:28:00,,0.3568631407827442,0
2026-07-06 09:45:00,,0.32912287896381404,0
2026-07-08 09:40:00,,0.33489137680869213,0
2026-08-20 14:54:00,,0.20939430594844835,1
2026-05-26 10:48:00,,0.18159732996841502,0
2026-05-28 13:10:00,,0.130479907678602,0
2026-06-08 13:37:00,,0.18903723729004393,0
2026-06-10 14:03:00,,0.17728253559183343,0
2026-06-15 14:33:00,,0.10983958667710439,0
2026-06-30 14:28:00,,0.1343017606955876,0
2026-07-09 11:23:00,,0.20225674391609777,0
2026-07-09 13:49:00,,0.15883470392424,0
2026-07-21 14:05:00,,0.1528770692819811,0
2026-07-21 14:50:00,,0.11487399187443607,0
2026-07-31 11:29:00,,0.23855039339377693,0
2026-08-19 09:42:00,,0.22767162418195794,0
2026-06-02 11:20:00,,0.26309540539900933,0
2026-06-03 13:35:00,,0.21125777271193158,0
2026-06-16 11:16:00,,0.2784158699808897,0
2026-06-18 13:48:00,,0.27109710906538353,0
2026-06-23 10:41:00,,0.2822606992509628,0
2026-06-26 10:21:00,,0.353101165031286,0
2026-07-14 14:24:00,,0.22353200326129075,0
2026-07-16 11:20:00,,0.30475251192756814,0
2026-08-12 14:07:00,,0.20950577455292463,0
2026-08-14 10:42:00,,0.2789166428613334,0
2026-08-18 10:14:00,,0.3171947020714985,0
2026-05-22 14:03:00,,0.14964889814752333,0
2026-05-26 11:29:00,,0.23288492224018906,0
2026-06-01 13:55:00,,0.2307568321400269,0
2026-06-02 10:46:00,,0.27686294589740185,0
2026-06-03 09:46:00,,0.2662365027345338,1
2026-06-18 09:42:00,,0.266870205075385,0
2026-06-23 13:08:00,,0.19305529888487905,0
2026-07-06 13:28:00,,0.24321857749614736,1
2026-08-13 14:11:00,,0.15501763593052226,0
2026-08-25 13:15:00,,0.18919816158428945,0
2026-06-12 09:54:00,,0.3387317112987568,1
2026-06-17 13:18:00,,0.28943704617895594,0
2026-07-15 11:16:00,,0.32931071749990387,0
2026-07-28 10:30:00,,0.3156866017243646,0
2026-07-31 11:26:00,,0.32411840211952714,0
2026-08-03 09:59:00,,0.34895356711957326,0
2026-09-01 10:16:00,,0.3453150496319573,0
2026-06-18 10:07:00,,0.31351514694909044,0
2026-06-22 14:47:00,,0.16990914841092375,0
2026-06-26 10:36:00,,0.2580277445075094,0
2026-07-01 09:58:00,,0.34636532497979405,1
2026-07-07 11:15:00,,0.26110087819627376,0
2026-07-17 09:57:00,,0.319977140935163,0
2026-07-22 11:08:00,,0.3073429940616941,1
2026-07-28 14:44:00,,0.10156283277821747,0
2026-07-30 14:08:00,,0.1945522468350594,0
2026-08-18 14:48:00,,0.16815037819775328,0
2026-08-21 13:29:00,,0.24652673439363812,0
2026-08-31 10:53:00,,0.2769446167446109,1
2026-08-31 11:16:00,,0.2970983137714124,1
2026-08-31 14:47:00,,0.13882966973471939,0
2026-05-22 14:35:00,,0.2099021039188975,0
2026-05-26 09:35:00,,0.32177253708990466,0
2026-05-27 14:09:00,,0.1695292210654205,0
2026-06-02 10:39:00,,0.25422314048833333,0
2026-06-03 14:09:00,,0.19914737345002329,0
2026-06-03 14:53:00,,0.15103269126804536,0
2026-06-17 09:53:00,,0.3061926213445766,0
2026-06-30 13:18:00,,0.2496213343008649,1
2026-07-02 13:49:00,,0.20754424983680653,0
2026-07-10 09:32:00,,0.30787993668910035,1
2026-07-21 10:58:00,,0.3216105964787676,0
2026-07-22 13:50:00,,0.245286574375342,0
2026-07-30 14:03:00,,0.19906745918208332,1
2026-08-25 14:40:00,,0.1515282921455873,0
2026-05-22 14:04:00,,0.12464145216907134,0
2026-06-01 10:23:00,,0.2224010149435358,0
2026-06-04 13:32:00,,0.15559838829987047,0
2026-06-30 09:43:00,,0.3368974806817325,0
2026-08-13 13:33:00,,0.12526754867582154,0
2026-05-22 13:43:00,,0.25455093468677675,0
2026-06-17 13:07:00,,0.2703583351778167,0
2026-07-20 14:24:00,,0.1877540560326919,1
2026-07-24 13:55:00,,0.20337789138395296,0
2026-08-19 10:21:00,,0.30127517154659206,0
2026-08-19 13:48:00,,0.22283083055171105,0
2026-08-25 14:40:00,,0.08773989786246751,0
2026-06-16 13:39:00,,0.15803302955538856,0
2026-07-01 10:42:00,,0.2076808980595103,0
2026-07-22 10:54:00,,0.20855502666735817,0
2026-08-05 14:21:00,,0.134064387059841,0
2026-08-06 14:01:00,,0.19944182458588386,0
2026-05-21 10:20:00,,0.2747003748883631,0
2026-06-10 14:47:00,,0.19368454214683783,0
2026-07-20 13:34:00,,0.21166951637752005,0
2026-07-28 13:55:00,,0.30642844636805566,0
2026-07-30 10:57:00,,0.300530242751921,1
2026-08-07 13:22:00,,0.2955583472597691,0
2026-08-20 11:10:00,,0.2901995172524148,0
2026-08-21 14:17:00,,0.1988148075736714,0
2026-08-27 09:55:00,,0.32110331807687087,1
2026-06-04 10:02:00,,0.3033728749530928,0
2026-06-18 13:54:00,,0.17252255771587263,0
2026-07-01 09:30:00,,0.31911439411565573,1
2026-07-13 11:12:00,,0.2052937667004167,0
2026-07-20 10:23:00,,0.267854879512305,0
2026-08-04 10:24:00,,0.21394198329611658,0
2026-08-04 14:40:00,,0.09527459762894983,0
2026-08-25 13:56:00,,0.11586039626078702,0
2026-05-26 09:34:00,,0.31984535111396567,0
2026-06-09 13:10:00,,0.1447565534662008,0
2026-06-15 13:54:00,,0.26422842546677244,0
2026-07-02 10:04:00,,0.3381963916295071,0
2026-07-07 10:14:00,,0.34669044885229106,0
2026-07-10 11:11:00,,0.2715614058466483,0
2026-08-12 10:52:00,,0.2789953011383417,0
2026-08-14 10:51:00,,0.3913810882924881,0
2026-08-20 11:11:00,,0.2853966619536314,0
2026-05-21 14:30:00,,0.2833596657814011,0
2026-08-05 10:25:00,,0.3091886938278294,0
2026-08-10 10:46:00,,0.28354202260414463,0
2026-08-11 13:52:00,,0.15720805599094934,0
2026-08-14 10:45:00,,0.3760758206912899,0
2026-08-17 11:09:00,,0.334076634014311,1
2026-08-17 14:03:00,,0.2465661014771948,1
2026-06-15 09:53:00,,0.33808989627080666,0
2026-08-11 10:21:00,,0.30619977076811644,0
2026-08-12 14:20:00,,0.264065523829364,0
2026-05-29 10:10:00,,0.3177627031105981,0
2026-06-12 11:14:00,,0.25810111165353206,0
2026-07-02 09:39:00,,0.37537537305186913,1
2026-07-06 14:18:00,,0.21448145139093674,1
2026-05-21 14:21:00,,0.2703828605388804,0
2026-05-25 14:55:00,,0.1791357624374404,1
2026-06-22 13:11:00,,0.3519028433173974,1
2026-06-24 10:04:00,,0.3764277753826565,0
2026-06-26 10:44:00,,0.34239959251113683,0
2026-07-08 10:44:00,,0.3377637522956467,0
2026-07-16 10:57:00,,0.3353438702080998,0
2026-07-16 11:16:00,,0.2995430733209778,0
2026-07-17 13:20:00,,0.31907305830450633,1
2026-08-07 14:21:00,,0.25125708232110533,1
2026-05-29 13:14:00,,0.2678197483008814,0
2026-06-18 14:44:00,,0.17416780904037474,0
2026-07-09 13:02:00,,0.2942410497951028,0
2026-07-17 13:05:00,,0.25508901370285475,0
2026-07-28 14:23:00,,0.1246731838619513,0
2026-07-29 10:30:00,,0.22240271220422136,0
2026-08-05 14:17:00,,0.13904795653420682,0
2026-05-25 13:12:00,,0.155541426718483,0
2026-06-25 10:16:00,,0.31768321052301907,1
2026-06-25 14:05:00,,0.23618134785354286,0
2026-07-02 09:44:00,,0.33389123241811425,0
2026-07-16 09:35:00,,0.34389410565876527,0
2026-07-20 10:32:00,,0.28067469807675843,1
2026-07-24 10:16:00,,0.2498069553573527,0
2026-08-10 11:18:00,,0.20723279748590742,0
2026-08-18 10:07:00,,0.21807650301745962,0
2026-08-19 10:07:00,,0.22355647277992954,0
2026-05-28 11:16:00,,0.24580202795136769,0
2026-06-16 13:42:00,,0.26904085462611466,0
2026-06-18 10:34:00,,0.30582892995095934,0
2026-06-22 13:11:00,,0.3149916523578259,1
2026-07-01 14:15:00,,0.2324868862999212,0
2026-07-06 14:27:00,,0.25604491464334656,0
2026-07-15 13:56:00,,0.17775675429352883,1
2026-07-24 14:31:00,,0.1550887233543896,0
2026-07-30 14:42:00,,0.166533377843431,0
2026-08-24 11:04:00,,0.32268474995745633,0
2026-09-03 11:15:00,,0.29370656954914254,0
2026-06-12 13:48:00,,0.16344824956461146,0
2026-06-17 13:17:00,,0.145914733510387,1
2026-06-26 11:15:00,,0.24868629300227035,0
2026-06-29 14:56:00,,0.10184078832206099,0
2026-07-03 13:57:00,,0.20278261636672168,0
2026-07-20 14:04:00,,0.21839792213767745,1
2026-08-05 10:25:00,,0.2463548397083385,0
2026-08-17 13:01:00,,0.26399019436445537,0
2026-08-18 10:02:00,,0.22135872380874658,0
2026-05-25 14:04:00,,0.2565936644271615,0
2026-05-29 09:34:00,,0.40673355605411154,0
2026-07-02 13:28:00,,0.5279322509248688,1
2026-07-07 14:34:00,,0.2250098474073124,0
2026-07-17 14:16:00,,0.24313758436298125,1
2026-07-28 14:07:00,,0.23844542028383142,0
2026-07-31 14:38:00,,0.293346652433896,0
2026-08-06 09:43:00,,0.396367031173144,1
2026-09-03 10:18:00,,0.3567658419461859,0
2026-05-27 11:26:00,,0.3168548677326121,0
2026-06-12 10:16:00,,0.36473184491516675,1
2026-06-16 14:16:00,,0.2866934277562352,0
2026-06-26 13:30:00,,0.35350010773070234,0
2026-08-03 10:15:00,,0.2965213256354941,0
2026-08-04 10:23:00,,0.30483461100685855,0
2026-08-06 09:58:00,,0.3241482565913167,0
2026-08-26 14:56:00,,0.18784144423595278,0
2026-06-04 10:14:00,,0.37347290122543647,0
2026-06-04 14:39:00,,0.2255729241712952,0
2026-06-15 14:09:00,,0.26843287771598223,0
2026-06-24 13:50:00,,0.2344821947986998,0
2026-07-28 10:56:00,,0.2092157127049765,1
2026-08-13 14:43:00,,0.2023177616489567,0
2026-08-18 10:18:00,,0.3184149687537099,1
2026-08-31 13:20:00,,0.33271585843023005,0
2026-06-05 14:34:00,,0.29104076596652234,0
2026-06-17 14:17:00,,0.2948319286124062,0
2026-06-22 14:06:00,,0.24069222454976863,1
2026-06-26 10:15:00,,0.3780677987484532,0
2026-07-07 10:13:00,,0.2509054813045902,1
2026-07-24 14:03:00,,0.16816802674665438,0
2026-07-29 11:18:00,,0.2522209966350923,0
2026-08-07 10:28:00,,0.24968597729533037,1
2026-08-11 14:53:00,,0.11491123677427675,0
2026-08-20 09:58:00,,0.19295712478711644,0
2026-06-01 14:31:00,,0.08831502767985325,0
2026-06-09 13:27:00,,0.2993576179889281,0
2026-06-17 14:03:00,,0.14749492538810682,0
2026-06-25 13:03:00,,0.2660381684704245,0
2026-07-08 10:59:00,,0.27098542232227857,0
2026-07-15 11:05:00,,0.2910747159820404,0
2026-06-16 10:47:00,,0.2522500320108586,0
2026-06-24 10:36:00,,0.2879950728646745,0
2026-07-02 14:11:00,,0.17680103836646416,0
2026-07-31 13:50:00,,0.18823984390750825,1
2026-08-17 09:45:00,,0.34205434497667314,0
2026-08-17 10:00:00,,0.31633377297631854,0
2026-08-26 09:37:00,,0.3749014265863254,0
2026-08-31 13:02:00,,0.2913227568419283,1
2026-05-27 09:56:00,,0.25808669829053155,0
2026-06-03 10:55:00,,0.29919832056470663,0
2026-06-15 09:59:00,,0.3199746395652989,0
2026-06-26 14:07:00,,0.2010771162198941,0
2026-07-08 10:59:00,,0.21604165253114194,0
2026-07-10 13:59:00,,0.2163071909468811,0
2026-07-24 10:55:00,,0.2505800276362748,0
2026-06-08 13:26:00,,0.2310659628710089,1
2026-06-10 11:03:00,,0.27808242334922056,0
2026-07-08 13:39:00,,0.1970383871622262,0
2026-07-22 13:18:00,,0.25865952823818533,1
2026-08-19 13:09:00,,0.2012313539877374,1
2026-07-08 09:36:00,,0.37608241942253146,1
2026-08-24 10:38:00,,0.3599287158552213,0
2026-08-24 14:53:00,,0.14121862987435974,0
2026-06-25 14:38:00,,0.23951570468369224,1
2026-07-07 11:11:00,,0.28366120645096304,0
2026-07-14 14:54:00,,0.26683431467753366,0
2026-08-10 13:38:00,,0.3365420960943773,1
2026-05-25 10:59:00,,0.2802240174496438,0
2026-05-28 11:22:00,,0.23542170431302803,0
2026-06-01 13:34:00,,0.2312943179561406,0
2026-06-03 11:13:00,,0.2709777779138424,0
2026-06-11 11:25:00,,0.24975048518879076,0
2026-06-17 10:31:00,,0.27172256891468743,0
2026-08-04 11:01:00,,0.21366778244041373,0
2026-08-12 14:34:00,,0.1815722739047963,0
2026-08-13 10:34:00,,0.2568665846016483,0
2026-08-14 14:59:00,,0.13123583979808884,0
2026-08-21 11:27:00,,0.21679238561290864,0
2026-05-22 10:37:00,,0.2732419640019124,0
2026-05-28 10:00:00,,0.2738456883343252,0
2026-06-10 11:05:00,,0.2670919548689379,0
2026-06-25 13:43:00,,0.19466114052359482,1
2026-07-09 11:20:00,,0.29604596748011475,0
2026-07-24 11:18:00,,0.28875278112352987,0
2026-08-10 10:25:00,,0.2641311440774828,0
2026-08-11 10:29:00,,0.26702942378226807,0
2026-08-20 11:16:00,,0.23977404094194732,1
2026-05-21 09:34:00,,0.3812694766361947,0
2026-05-27 11:03:00,,0.3298907955358605,0
2026-05-28 14:48:00,,0.1929909883143357,0
2026-06-23 11:27:00,,0.2748719449061575,0
2026-06-24 10:05:00,,0.3413253694944301,0
2026-06-29 14:14:00,,0.3029021210228835,0
2026-08-17 14:05:00,,0.24620020137436133,1
2026-06-16 13:53:00,,0.18518266635013358,0
2026-06-25 13:09:00,,0.26483700426129747,0
2026-07-01 14:47:00,,0.14778424649052746,0
2026-07-14 14:26:00,,0.14728259146197017,0
2026-08-06 09:50:00,,0.28788516828433985,0
2026-08-11 14:38:00,,0.16552284443212734,0
2026-08-14 11:04:00,,0.23260504525934375,1
2026-08-25 09:56:00,,0.24935876031304946,0
2026-09-01 14:38:00,,0.22458613237684666,0
2026-06-05 09:47:00,,0.3817367693850439,0
2026-06-25 14:48:00,,0.1207445653484816,0
2026-07-09 13:07:00,,0.31245892875635434,0
2026-08-21 14:07:00,,0.24700132429752814,0
2026-09-02 13:33:00,,0.2519120892350891,0
2026-06-08 14:51:00,,0.16571995845107032,0
2026-06-24 10:36:00,,0.2702119384249652,0
2026-06-25 10:00:00,,0.3719227793787321,0
2026-06-25 13:31:00,,0.3118684779763786,0
2026-07-20 13:15:00,,0.2478025108598256,0
2026-07-24 13:46:00,,0.30848074037797507,0
2026-07-28 10:30:00,,0.34400597332968114,0
2026-07-30 13:09:00,,0.33037072110620713,0
2026-08-05 14:21:00,,0.18463319414566678,0
2026-08-14 11:18:00,,0.30783999166448955,0
2026-09-01 13:27:00,,0.2514841453903625,0
2026-07-01 13:24:00,,0.2637495841644277,0
2026-07-03 14:05:00,,0.21738190076417996,0
2026-08-07 10:19:00,,0.32090812010230846,0
2026-08-10 11:06:00,,0.3227021107945269,0
2026-08-14 11:12:00,,0.24410574942713006,0
2026-08-26 13:28:00,,0.2569102187589064,1
2026-09-01 10:18:00,,0.37067369556745855,0
2026-06-02 10:19:00,,0.37308261510130647,0
2026-06-09 11:13:00,,0.40613262869364897,0
2026-06-15 13:08:00,,0.21594361687424196,0
2026-07-03 14:42:00,,0.2227940636646839,0
2026-07-14 10:23:00,,0.3948205125417392,0
2026-07-20 13:56:00,,0.3775091951430475,0
2026-07-21 13:21:00,,0.36327971557959043,0
2026-08-03 14:04:00,,0.1998319653733593,1
2026-08-13 11:12:00,,0.33039426158208796,0
2026-08-13 13:25:00,,0.2255820352112281,0
2026-08-13 14:18:00,,0.1790428264317044,0
2026-08-13 14:20:00,,0.18607467324305244,0
2026-08-14 13:01:00,,0.33531594162532696,0
2026-08-18 10:30:00,,0.29734227095002774,0
2026-08-18 11:03:00,,0.35244853026575995,0
2026-08-24 14:34:00,,0.21351499745547467,0
2026-08-25 13:10:00,,0.28004337852013345,1
2026-05-28 14:04:00,,0.49554583248686684,0
2026-06-08 10:20:00,,0.326425812993533,0
2026-06-17 11:30:00,,0.33615241082242464,0
2026-06-18 14:38:00,,0.26046907049569284,1
2026-06-29 14:09:00,,0.31754469873540675,0
2026-07-31 09:52:00,,0.3466216960888493,0
2026-08-03 10:41:00,,0.3267065495869923,0
2026-08-11 10:08:00,,0.3183928162666081,0
2026-08-12 14:58:00,,0.17146873368662763,1
2026-08-19 10:20:00,,0.2851568946158013,0
2026-06-01 14:11:00,,0.2164101381469827,1
2026-06-08 13:56:00,,0.2816691819929804,1
2026-06-08 14:35:00,,0.20629080247458922,0
2026-06-11 09:32:00,,0.37672773194918696,1
2026-06-11 10:21:00,,0.2907245967512763,1
2026-06-26 14:08:00,,0.2841263880250465,0
2026-07-10 11:29:00,,0.31930190649583595,0
2026-07-22 10:13:00,,0.3371625220993272,1
2026-07-22 14:58:00,,0.18369757230490663,1
2026-07-28 11:08:00,,0.2485622150412115,1
2026-08-05 09:41:00,,0.3013956555517583,1
2026-08-12 13:14:00,,0.2807889773097546,0
2026-08-14 13:10:00,,0.2554939361979476,0
2026-08-17 14:55:00,,0.1554855389723745,0
2026-09-02 13:54:00,,0.20836982995285278,0
2026-05-28 10:29:00,,0.3593514209181768,0
2026-06-04 09:58:00,,0.30041540987919235,0
2026-06-24 10:25:00,,0.3452863481213286,0
2026-07-09 10:54:00,,0.28299906738653263,1
2026-08-27 13:29:00,,0.2602284383610062,1
2026-08-31 14:56:00,,0.18663961305447418,0
2026-05-21 10:40:00,,0.22321078205170783,0
2026-05-22 09:37:00,,0.2782409385374665,0
2026-05-28 11:07:00,,0.27794083843553496,0
2026-05-29 09:33:00,,0.2986213385227403,1
2026-05-29 09:47:00,,0.29092139229799535,1
2026-06-04 11:07:00,,0.24163671837755782,0
2026-06-05 13:20:00,,0.21771322965838175,0
2026-06-18 13:38:00,,0.20165799401685294,0
2026-06-26 14:41:00,,0.12426112271528097,0
2026-07-09 09:44:00,,0.24096041874214105,1
2026-07-22 10:30:00,,0.2438160648355721,0
2026-07-28 13:45:00,,0.16716103681578295,0
2026-08-11 10:26:00,,0.17857039244418987,0
2026-08-11 10:59:00,,0.2229071009771646,0
2026-05-21 11:26:00,,0.2240666724757464,0
2026-05-26 11:04:00,,0.3321164273139004,0
2026-05-27 09:50:00,,0.342809002779106,1
2026-06-01 10:43:00,,0.3850471800409197,0
2026-06-10 14:29:00,,0.18758146008919277,0
2026-06-11 14:05:00,,0.3585997797922265,1
2026-08-10 13:53:00,,0.20208379941224994,0
2026-08-11 14:14:00,,0.24333253069634728,0
2026-09-02 14:10:00,,0.2428413600564185,1
2026-05-25 13:55:00,,0.28468236707925665,1
2026-06-01 09:31:00,,0.3871554869070287,1
2026-06-23 13:05:00,,0.3910456333451594,0
2026-06-25 10:09:00,,0.360486014896921,0
2026-07-13 14:21:00,,0.373022758299459,0
2026-07-28 09:37:00,,0.4242387616787161,0
2026-07-31 09:30:00,,0.4278788267303425,1
2026-07-31 14:52:00,,0.2373884708976292,0
2026-08-12 10:33:00,,0.295145777878143,0
2026-08-18 13:46:00,,0.23911367392405136,0
2026-08-20 09:48:00,,0.3648316677587014,0
2026-09-03 09:42:00,,0.3776008517864334,0
2026-05-22 13:48:00,,0.20954153434540193,0
2026-06-15 10:11:00,,0.3256671145585185,1
2026-08-05 13:29:00,,0.20338458023628972,0
2026-08-10 13:30:00,,0.1853040957089569,1
2026-08-11 13:40:00,,0.2593628720391443,0
2026-08-18 10:47:00,,0.3401055547654446,1
2026-09-03 11:24:00,,0.22665632139132919,0
2026-06-08 09:56:00,,0.38686725720938736,0
2026-06-16 09:54:00,,0.40681052839643056,1
2026-08-06 14:00:00,,0.28907073937908856,0
2026-08-12 11:25:00,,0.29520227826181034,0
2026-08-20 09:45:00,,0.391603903046413,0
2026-06-03 13:05:00,,0.3008683729450464,1
2026-06-10 11:29:00,,0.2902052408786766,1
2026-07-27 10:36:00,,0.2893946026853406,0
2026-07-29 09:53:00,,0.37364699113543215,0
2026-07-31 13:52:00,,0.2360675785504941,0
2026-08-06 11:22:00,,0.27395011299952,1
2026-08-10 10:00:00,,0.3609564087276885,0
2026-08-27 14:08:00,,0.15810259653195916,0
2026-06-17 11:28:00,,0.2072375520690974,0
2026-07-17 13:41:00,,0.36226656171502725,1
2026-07-21 09:55:00,,0.4222924044018575,0
2026-07-31 14:04:00,,0.12266989967979791,0
2026-08-12 09:40:00,,0.3546987617314662,0
2026-08-12 10:05:00,,0.2617419727263612,0
2026-08-19 14:47:00,,0.134778638922305,0
2026-05-26 09:49:00,,0.36895857941776533,0
2026-06-02 14:02:00,,0.2053259233911347,0
2026-06-03 11:22:00,,0.24212810688244893,0
2026-06-10 13:42:00,,0.3723061208694854,0
2026-06-11 13:16:00,,0.25037979512857655,1
2026-06-25 11:30:00,,0.49963872393338793,1
2026-07-07 13:42:00,,0.4016840202402513,0
2026-07-21 14:59:00,,0.1903932084581951,0
2026-07-31 13:03:00,,0.2869549612054798,0
2026-08-12 14:09:00,,0.15935266542627505,0
2026-08-31 10:11:00,,0.3613105796326533,0
2026-06-05 10:51:00,,0.30086178611315256,0
2026-06-16 14:07:00,,0.22117571114251816,0
2026-06-26 14:58:00,,0.2806915620505994,0
2026-07-17 13:22:00,,0.3021787210311326,0
2026-07-17 14:49:00,,0.33341752717826895,0
2026-07-21 11:11:00,,0.34165662038665345,0
2026-07-31 13:28:00,,0.20230611352390573,1
2026-06-17 09:30:00,,0.5192506391351762,0
2026-06-25 13:31:00,,0.42021590220067095,0
2026-06-30 13:49:00,,0.30607222473380874,0
2026-07-14 10:33:00,,0.37527413532305665,1
2026-07-14 14:49:00,,0.3423735640937914,0
2026-08-20 13:30:00,,0.34814344524437063,0
2026-09-02 10:03:00,,0.3778799776440495,1
2026-06-08 14:28:00,,0.2697585956903867,0
2026-06-10 14:04:00,,0.23984242097679837,0
2026-06-24 10:36:00,,0.3414266317197132,0
2026-08-07 10:34:00,,0.22805885958134642,0
2026-08-14 10:32:00,,0.2662830837800222,0
2026-08-17 13:11:00,,0.18359441814129465,0
2026-06-09 13:57:00,,0.303831768996169,0
2026-06-15 11:23:00,,0.5826990420259771,1
2026-06-23 13:51:00,,0.2694284052081386,0
2026-06-29 09:52:00,,0.35393549987872097,0
2026-07-02 13:24:00,,0.3562841859967631,0
2026-07-16 09:57:00,,0.2845616849003192,0
2026-07-17 14:11:00,,0.08357497081954665,0
2026-08-18 09:46:00,,0.3691586684626844,0
2026-08-18 11:15:00,,0.32321430199804146,0
2026-08-19 09:51:00,,0.3518999799182619,0
2026-08-19 10:46:00,,0.3691326423741107,0
2026-08-27 11:00:00,,0.34997814360834306,1
2026-09-02 11:05:00,,0.33380600623659257,0
2026-05-22 11:28:00,,0.3542733918975764,0
2026-06-02 11:22:00,,0.36034862586815714,0
2026-07-10 14:55:00,,0.3770730020336857,0
2026-07-14 09:52:00,,0.41406065466125996,1
2026-08-04 13:02:00,,0.4238878927838435,1
2026-08-31 14:40:00,,0.18139601353106705,1
2026-05-27 10:18:00,,0.32902126864257614,0
2026-06-11 13:06:00,,0.36432333789753446,1
2026-06-25 10:04:00,,0.388089948456363,0
2026-06-26 10:49:00,,0.3528151075897229,0
2026-06-26 11:28:00,,0.33380527366578017,0
2026-06-30 14:54:00,,0.18307994851632753,0
2026-07-09 13:27:00,,0.3487077053394557,1
2026-07-10 13:40:00,,0.30627509354313825,0
2026-07-31 09:49:00,,0.3704658586784041,0
2026-08-03 14:03:00,,0.30135804954261575,0
2026-08-19 14:48:00,,0.3108595175954292,1
2026-08-25 13:38:00,,0.320591761850762,0
2026-05-29 11:09:00,,0.2983180584995852,0
2026-06-02 14:14:00,,0.18030881052633282,0
2026-07-02 13:48:00,,0.28657016379613587,0
2026-07-03 11:07:00,,0.3317973540760188,0
2026-07-29 14:07:00,,0.2468963159930807,0
2026-08-06 10:06:00,,0.30200855980077856,0
2026-08-11 13:12:00,,0.21330037066070534,0
2026-08-31 14:07:00,,0.15050548948485548,0
2026-09-01 14:52:00,,0.1408978139598751,0
2026-06-11 11:16:00,,0.6155684300552696,1
2026-06-23 14:24:00,,0.24186502816757213,1
2026-07-15 09:57:00,,0.3543289466780512,0
2026-07-23 10:29:00,,0.30905218512836297,0
2026-08-03 10:09:00,,0.37712464268131785,1
2026-08-07 13:15:00,,0.3123417746348223,1
2026-08-21 13:09:00,,0.5476236260452326,1
2026-06-12 10:57:00,,0.3485911304123664,0
2026-06-15 14:18:00,,0.26948698646519437,0
2026-06-16 10:29:00,,0.35033692055474275,1
2026-06-24 09:45:00,,0.35017989933842064,1
2026-07-01 14:08:00,,0.31607129191988953,0
2026-07-03 13:36:00,,0.2910659104008542,1
2026-07-17 11:29:00,,0.34000321039193776,0
2026-05-22 09:32:00,,0.37803298700205096,0
2026-05-26 14:08:00,,0.32865147908550496,1
2026-06-12 11:23:00,,0.2894265418426085,1
2026-06-15 13:58:00,,0.28413259665518154,0
2026-06-22 13:21:00,,0.3921679028546598,1
2026-06-24 13:01:00,,0.3371280554838588,0
2026-06-29 09:53:00,,0.46337482853823303,1
2026-07-10 09:49:00,,0.4430768608461013,0
2026-07-14 09:33:00,,0.4104134286522483,0
2026-07-23 10:46:00,,0.37264778074238925,1
2026-08-03 09:44:00,,0.360791640260705,1
2026-08-12 14:43:00,,0.5621897692302686,0
2026-08-19 14:57:00,,0.4792468729466189,1
2026-08-20 10:52:00,,0.3119243906729624,0
2026-05-21 10:46:00,,0.3374065521289453,0
2026-05-21 13:55:00,,0.30976539411480686,0
2026-05-28 14:31:00,,0.1278846375332802,0
2026-06-16 10:40:00,,0.30397817672607685,0
2026-07-01 14:53:00,,0.17448844709193337,0
2026-07-16 13:09:00,,0.30209414259606626,0
2026-07-20 14:25:00,,0.16751319262892492,0
2026-08-18 10:34:00,,0.3215073931988722,0
2026-08-20 14:20:00,,0.1397092346922997,0
2026-09-02 09:41:00,,0.3406456013307199,0
2026-05-28 13:58:00,,0.25701785947995176,0
2026-06-04 09:57:00,,0.35827480961040153,1
2026-06-05 10:36:00,,0.3428233636356147,1
2026-06-10 13:21:00,,0.3122250500988896,0
2026-07-06 11:27:00,,0.36933148398693655,1
2026-07-07 13:56:00,,0.2826948045622349,0
2026-07-29 09:43:00,,0.3360271602639207,1
2026-08-20 13:19:00,,0.3256192408923507,0
2026-08-25 13:33:00,,0.30930226855735143,0
2026-08-25 13:47:00,,0.27776422460112377,1
2026-09-02 14:14:00,,0.2893991031547814,0
2026-05-27 13:07:00,,0.3000084799559014,0
2026-06-01 13:52:00,,0.1889580802689084,0
2026-06-16 09:47:00,,0.35237882998032566,1
2026-07-01 11:14:00,,0.23787058761204574,0
2026-07-01 14:58:00,,0.1231567652610569,0
2026-07-02 10:26:00,,0.3353111192908264,0
2026-07-07 13:58:00,,0.2575983237438682,0
2026-07-29 14:25:00,,0.21122202400720355,0
2026-07-30 14:27:00,,0.2025352593168147,1
2026-07-31 10:39:00,,0.2839438095460299,0
2026-08-04 10:08:00,,0.2219414733731904,0
2026-08-19 13:01:00,,0.3685544056632186,0
2026-08-27 14:30:00,,0.1696594831446625,1
2026-05-21 14:59:00,,0.3299160369326481,0
2026-06-02 10:11:00,,0.4436358368586527,1
2026-06-02 14:47:00,,0.2755692345963127,0
2026-06-08 09:56:00,,0.4575324279162889,0
2026-06-10 10:26:00,,0.3680273227468666,1
2026-06-11 09:54:00,,0.42778238549495134,1
2026-06-15 09:52:00,,0.4150746307353347,1
2026-06-22 14:28:00,,0.2307901778536096,1
2026-06-26 10:16:00,,0.39364677381653546,1
2026-07-29 13:59:00,,0.33338559796727696,0
2026-08-25 14:01:00,,0.33109330340834675,1
2026-08-25 14:36:00,,0.22013382797779876,1
2026-09-01 13:29:00,,0.3109438823272274,1
2026-09-03 11:13:00,,0.3844784588539379,0
2026-07-22 11:25:00,,0.33827840231196027,0
2026-07-27 09:35:00,,0.41950918064677345,1
2026-07-27 13:57:00,,0.2733149516430395,0
2026-08-04 10:29:00,,0.32059225290615095,0
2026-08-13 15:00:00,,0.2855913622391258,0
2026-08-21 10:15:00,,0.34182014509818015,0
2026-05-28 14:42:00,,0.3217765363290825,0
2026-06-02 10:24:00,,0.32270057179192085,0
2026-06-02 14:41:00,,0.2772801297736504,0
2026-06-08 10:16:00,,0.38071193048195434,0
2026-06-08 14:33:00,,0.21994141001818812,1
2026-06-09 11:11:00,,0.38654134198924456,0
2026-06-12 10:09:00,,0.43926362488236315,0
2026-06-17 09:39:00,,0.40025184310764583,0
2026-06-25 10:14:00,,0.4016575982761762,1
2026-07-08 14:51:00,,0.17368045729853285,0
2026-07-17 09:51:00,,0.37747430579362873,0
2026-07-31 10:13:00,,0.4214548951767883,1
2026-08-07 14:38:00,,0.5223828572541165,0
2026-08-14 11:01:00,,0.40124490566718746,1
2026-08-26 09:48:00,,0.3477782250888248,0
2026-08-26 10:17:00,,0.3686060788644047,0
2026-08-26 13:39:00,,0.29997450632367056,0
2026-05-25 10:40:00,,0.3527548539235234,0
2026-05-25 11:22:00,,0.26112996314871,0
2026-06-10 14:01:00,,0.3456129096837221,0
2026-06-12 14:16:00,,0.29921515551159517,1
2026-06-17 13:13:00,,0.31642815872135527,0
2026-07-13 10:49:00,,0.379115179437606,0
2026-07-17 14:12:00,,0.3276183799473655,0
2026-07-20 10:11:00,,0.4470656169569353,0
2026-07-21 09:43:00,,0.40498047653257535,0
2026-08-28 13:02:00,,0.2623985135323775,0
2026-06-22 10:13:00,,0.37344943908647305,1
2026-07-23 14:12:00,,0.2489168636285619,0
2026-08-04 09:51:00,,0.3846341720266961,0
2026-08-07 13:35:00,,0.26390618975391367,0
2026-08-27 11:10:00,,0.2660439660388872,0
2026-05-29 13:03:00,,0.2974237849900319,0
2026-06-29 09:47:00,,0.4201564263389785,0
2026-07-03 14:13:00,,0.22838689155967754,0
2026-07-16 14:38:00,,0.3162827615662963,0
2026-08-21 14:57:00,,0.14336091848132018,0
2026-09-01 14:38:00,,0.36305260688735663,0
2026-05-25 10:10:00,,0.24402193129411118,0
2026-06-05 13:44:00,,0.24400728638933777,0
2026-06-26 13:20:00,,0.3124579504692799,1
2026-07-08 11:28:00,,0.3472998971042378,0
2026-07-09 09:42:00,,0.3717898112705905,0
2026-07-14 10:59:00,,0.3140234462234537,0
2026-07-15 13:11:00,,0.33931349837553015,0
2026-07-22 13:47:00,,0.3090416321895775,0
2026-07-29 10:24:00,,0.38882087325453935,0
2026-08-03 13:03:00,,0.31781601312829705,1
2026-08-17 13:02:00,,0.2943649899604657,0
2026-08-17 14:52:00,,0.1466580104604989,0
2026-08-20 11:30:00,,0.3136478439973544,0
2026-05-21 13:13:00,,0.2613058631501758,0
2026-06-05 13:02:00,,0.3162052091795604,0
2026-07-02 10:23:00,,0.31850011362448405,0
2026-08-06 11:29:00,,0.29812927351665797,1
2026-08-17 09:37:00,,0.3747648536498843,1
2026-08-18 11:14:00,,0.2936183773204193,0
2026-08-27 09:34:00,,0.276212370504711,1
2026-05-22 10:58:00,,0.2935024815058374,0
2026-07-13 10:30:00,,0.35137433407241087,0
2026-07-14 14:57:00,,0.17156481890909925,0
2026-08-03 09:55:00,,0.3586526951668574,1
2026-08-04 10:36:00,,0.30020718560203197,0
2026-09-01 13:21:00,,0.2621461295212499,0
2026-05-27 13:48:00,,0.2897770296856712,0
2026-06-12 13:32:00,,0.26793948317660704,1
2026-06-26 11:23:00,,0.3421623311505355,0
2026-07-08 10:23:00,,0.4401906309274817,0
2026-07-13 10:11:00,,0.36072380976648677,0
2026-07-20 14:55:00,,0.15714445990844922,1
2026-08-14 14:03:00,,0.25599248276483644,1
2026-08-18 10:55:00,,0.323169455870943,0
2026-09-03 09:50:00,,0.34045578882826594,0
2026-06-03 13:30:00,,0.33456995520329014,0
2026-06-17 14:34:00,,0.5581785022296082,1
2026-07-03 10:10:00,,0.38547666597858127,0
2026-07-06 14:11:00,,0.2662865810452569,0
2026-07-08 11:26:00,,0.36108130733894017,0
2026-07-09 14:44:00,,0.20969020706605995,0
2026-07-10 13:59:00,,0.2918898901778789,0
2026-08-06 13:29:00,,0.3646527888982482,1
2026-08-21 10:40:00,,0.3466869116125958,1
2026-08-31 14:29:00,,0.5595997383051904,1
2026-06-09 11:24:00,,0.3305117633931568,1
2026-06-25 14:17:00,,0.24488274482177694,0
2026-07-03 14:51:00,,0.5799325044927014,0
2026-07-14 11:13:00,,0.33702241064674354,1
2026-07-14 13:15:00,,0.2529185637516658,0
2026-08-10 11:01:00,,0.22965087070813253,0
2026-08-31 10:09:00,,0.32597527729691517,0
2026-09-03 13:22:00,,0.18619780320607857,0
2026-05-22 10:20:00,,0.3285369006976619,1
2026-06-02 10:17:00,,0.3382215513495412,1
2026-07-02 14:12:00,,0.24131528063063637,0
2026-07-09 09:46:00,,0.36528488933075726,0
2026-07-09 13:26:00,,0.3116741928992412,1
2026-08-24 13:43:00,,0.24793464969990434,1
2026-09-02 14:36:00,,0.21441386367855064,0
2026-05-28 09:31:00,,0.36137460720312514,1
2026-06-01 14:35:00,,0.17637552913010945,0
2026-06-16 09:57:00,,0.6027859259332246,1
2026-07-31 14:37:00,,0.21945457107767108,1
2026-08-21 10:33:00,,0.3407568813363132,0
2026-08-24 11:27:00,,0.38445129009642587,0
2026-08-24 13:26:00,,0.31046091797329267,0
2026-08-27 13:08:00,,0.4331217468883883,1
2026-07-02 14:38:00,,0.1931588570442374,0
2026-07-15 14:59:00,,0.16844084916996568,1
2026-07-20 10:58:00,,0.4614901308098133,0
2026-08-14 09:58:00,,0.42443925762313667,1
2026-05-21 10:20:00,,0.354823720133546,0
2026-06-03 11:07:00,,0.3463097441953624,0
2026-06-29 13:27:00,,0.3013344040822608,1
2026-07-14 14:50:00,,0.16285973430655232,0
2026-07-24 13:35:00,,0.29120306021697423,0
2026-08-07 14:09:00,,0.25125932030917636,1
2026-08-18 11:20:00,,0.32120920973259137,0
2026-08-25 09:33:00,,0.39766388841213063,0
2026-08-31 13:35:00,,0.3313932487010192,1
2026-05-28 11:23:00,,0.3012596694226218,1
2026-06-29 10:17:00,,0.32433984333450694,1
2026-07-09 13:11:00,,0.35073802561167555,1
2026-07-31 09:31:00,,0.3972240667795439,1
2026-05-29 14:01:00,,0.30360178686245093,0
2026-06-01 14:20:00,,0.2535721713406935,0
2026-06-24 13:14:00,,0.34747499163058637,0
2026-06-25 14:05:00,,0.261977332259352,1
2026-06-29 10:26:00,,0.3475287087787497,0
2026-06-30 10:44:00,,0.3494148653766892,1
2026-07-03 11:27:00,,0.2578997222839711,0
2026-08-26 14:06:00,,0.2105201170148604,0
2026-05-22 13:29:00,,0.29827827072978425,1
2026-05-25 09:38:00,,0.37714698572155486,0
2026-05-29 13:39:00,,0.30788715839193803,0
2026-06-02 13:26:00,,0.4289195197183284,1
2026-06-09 13:38:00,,0.3254027704277032,0
2026-06-16 10:06:00,,0.42648199225694144,0
2026-06-18 13:29:00,,0.5488996590765578,1
2026-07-01 14:57:00,,0.1507907696686243,0
2026-07-10 10:03:00,,0.396370616420275,0
2026-07-22 10:18:00,,0.41378159664302755,1
2026-08-10 09:36:00,,0.39823119387603384,0
2026-08-28 10:51:00,,0.2239244258998915,1
2026-09-02 09:53:00,,0.34956222193055136,1
2026-05-29 09:42:00,,0.4019780682470668,0
2026-06-22 09:43:00,,0.4498671880386168,1
2026-06-23 09:35:00,,0.45169663826540923,1
2026-07-06 09:53:00,,0.44448112241829996,0
2026-07-15 10:52:00,,0.4084385784834425,0
2026-07-16 10:00:00,,0.4162514335237476,1
2026-07-16 14:58:00,,0.3156688634598986,1
2026-08-06 10:43:00,,0.30155854463632165,1
2026-08-07 13:35:00,,0.29363000600352107,1
2026-05-21 13:10:00,,0.22476031256734208,0
2026-06-23 10:00:00,,0.31249175047339844,0
2026-06-26 10:17:00,,0.2312502724191982,1
2026-07-07 09:56:00,,0.3272399961105301,0
2026-07-22 11:05:00,,0.22472970174442117,1
2026-06-22 13:16:00,,0.33058304365685176,1
2026-06-30 10:21:00,,0.35009411946382174,0
2026-07-13 10:43:00,,0.2730913005930724,0
2026-07-17 14:39:00,,0.2754975766882109,0
2026-07-24 13:01:00,,0.2777083368282103,0
2026-07-28 10:24:00,,0.2750815485324563,0
2026-08-11 11:21:00,,0.20674577966465416,0
2026-08-27 10:19:00,,0.2646117935739468,0
2026-09-02 10:54:00,,0.30035128085106777,0
2026-05-26 13:33:00,,0.2998166844353723,0
2026-05-29 10:52:00,,0.37742580427120664,1
2026-06-01 09:57:00,,0.35945229268843404,1
2026-08-11 10:48:00,,0.39959636547043165,0
2026-08-21 10:01:00,,0.39528781496911464,1
2026-05-25 09:57:00,,0.35270530570941283,0
2026-05-28 09:30:00,,0.5018334435809484,0
2026-06-10 10:14:00,,0.3506231985658918,0
2026-06-10 14:53:00,,0.22099555374553653,0
2026-06-26 11:13:00,,0.38333191368601577,0
2026-06-26 11:17:00,,0.37071662814865175,0
2026-07-30 13:08:00,,0.35412697041365176,0
2026-08-06 13:52:00,,0.2569349769423893,1
2026-08-21 09:45:00,,0.3826351555112475,0
2026-08-21 14:43:00,,0.3536226791972927,0
2026-05-27 09:44:00,,0.4688547993399262,0
2026-06-03 14:28:00,,0.19142039729319288,0
2026-06-25 10:04:00,,0.3207594734513168,1
2026-07-20 10:01:00,,0.35171095986693107,0
2026-08-03 14:04:00,,0.24464685182339677,0
2026-08-07 13:57:00,,0.21181360607938568,0
2026-08-26 13:10:00,,0.31535186659598263,0
2026-08-28 11:04:00,,0.3040343713576751,1
2026-06-03 13:48:00,,0.3158844835128879,0
2026-06-16 14:30:00,,0.19873138531452053,0
2026-06-24 13:59:00,,0.33429214686056946,0
2026-06-26 10:06:00,,0.4254007376657985,1
2026-07-07 13:07:00,,0.3409154375351475,0
2026-08-10 09:41:00,,0.31081522835996,1
2026-08-14 13:52:00,,0.2888684943264433,1
2026-08-14 13:53:00,,0.2780826450823204,1
2026-08-28 11:17:00,,0.3712179951784121,0
2026-05-27 13:30:00,,0.3575877139958869,0
2026-06-05 14:41:00,,0.3348879951992375,0
2026-06-08 10:54:00,,0.3793426604498175,1
2026-06-09 11:18:00,,0.3671241702282669,0
2026-07-10 14:17:00,,0.32857099697326664,0
2026-07-13 10:06:00,,0.41489495534316045,0
2026-06-02 14:46:00,,0.3979391382383894,1
2026-06-12 11:04:00,,0.30437396801195316,0
2026-06-22 10:18:00,,0.33962170076019216,1
2026-06-22 14:39:00,,0.2439901407930251,0
2026-07-01 14:51:00,,0.221251621337076,0
2026-07-14 10:30:00,,0.3336098036850223,1
2026-07-15 11:03:00,,0.34229190112953717,0
2026-07-28 13:30:00,,0.2479019050135969,0
2026-08-20 11:24:00,,0.29366298808916363,0
2026-08-27 10:06:00,,0.30992372595060363,1
2026-05-22 11:10:00,,0.3229072708981393,1
2026-05-25 11:08:00,,0.321878594218328,0
2026-06-01 09:32:00,,0.40173047282567104,1
2026-06-17 14:00:00,,0.2862257997569735,0
2026-08-24 09:43:00,,0.3901334027219851,0
2026-08-25 13:20:00,,0.3425474937061898,1
2026-05-29 14:43:00,,0.45296729643783074,0
2026-06-10 14:46:00,,0.2227894915003651,0
2026-06-18 14:24:00,,0.2165277213507904,0
2026-06-29 10:40:00,,0.38721730963357137,1
2026-07-13 10:03:00,,0.4619258641703137,0
2026-07-15 14:28:00,,0.24421625873667507,0
2026-07-21 11:19:00,,0.43146124313721096,1
2026-07-21 13:51:00,,0.37779911146845213,1
2026-07-24 14:42:00,,0.3632815386273438,0
2026-08-17 14:56:00,,0.1731911720192886,1
2026-05-26 11:00:00,,0.26810872623491616,0
2026-05-29 13:58:00,,0.2870358549748888,0
2026-06-03 11:21:00,,0.29677547344980587,0
2026-06-08 09:59:00,,0.4254509870231628,0
2026-07-22 13:39:00,,0.28463504576335985,1
2026-07-23 13:20:00,,0.39134982172080923,0
2026-08-17 13:22:00,,0.2751557341566317,0
2026-09-01 13:55:00,,0.2252734448931644,0
2026-05-25 10:29:00,,0.38594992400028805,0
2026-07-02 09:44:00,,0.4385611345989365,0
2026-07-07 09:32:00,,0.42046509669599236,0
2026-07-08 11:07:00,,0.3566173992839914,0
2026-08-06 14:09:00,,0.25024850733667114,0
2026-08-20 10:08:00,,0.3457045147200474,1
2026-09-01 09:39:00,,0.4202649058601143,1
2026-09-01 14:32:00,,0.27964377443303545,0
2026-09-03 10:26:00,,0.3429336186343435,0
2026-07-01 13:32:00,,0.2720211204240767,0
2026-07-08 09:33:00,,0.39541713429509423,0
2026-07-16 11:26:00,,0.35775773553015494,0
2026-07-27 14:36:00,,0.21465844165266987,0
2026-07-30 14:07:00,,0.23111304286762321,1
2026-08-12 10:26:00,,0.2904953058454332,0
2026-08-31 13:38:00,,0.28469611544335455,1
2026-05-25 10:47:00,,0.3085638237062572,0
2026-06-03 11:03:00,,0.33397154024127174,0
2026-06-12 09:39:00,,0.4480104330724222,1
2026-06-18 10:57:00,,0.4090282535630383,0
2026-06-22 14:22:00,,0.33844162523914145,1
2026-07-10 14:20:00,,0.2971138519030153,0
2026-07-28 13:30:00,,0.3028871348668595,0
2026-07-28 14:28:00,,0.21707923885743377,0
2026-08-04 11:12:00,,0.2711286119290608,0
2026-08-14 14:42:00,,0.2896644670421049,0
2026-08-18 10:26:00,,0.39288585129723824,1
2026-08-31 10:19:00,,0.32623385120374593,0
2026-06-03 10:44:00,,0.31969356092404877,0
2026-06-04 09:33:00,,0.4049940686377121,0
2026-07-23 09:47:00,,0.35738864063534814,0
2026-07-24 14:37:00,,0.2404892788724767,0
2026-08-13 09:37:00,,0.36950149121181675,0
2026-08-14 10:06:00,,0.36631790943083264,1
2026-08-27 13:01:00,,0.37555891449291234,0
2026-06-02 11:14:00,,0.35691568804242507,0
2026-06-03 10:46:00,,0.3641194598115606,0
2026-06-05 10:24:00,,0.3521632111506325,0
2026-06-08 09:50:00,,0.3672158040989737,0
2026-06-16 13:01:00,,0.38765857167834156,0
2026-08-11 11:27:00,,0.42519015849065656,1
2026-08-12 11:07:00,,0.33729531557211223,0
2026-08-19 10:28:00,,0.33575675733009125,0
2026-08-31 09:47:00,,0.4224144945475938,1
2026-08-31 09:50:00,,0.4023642832586821,1
2026-05-21 11:30:00,,0.37087325412070393,0
2026-05-26 10:20:00,,0.3683682205993706,0
2026-06-05 13:35:00,,0.32634530936239114,0
2026-06-30 13:15:00,,0.3743767509785375,0
2026-07-01 15:00:00,,0.18324743349081138,0
2026-07-06 13:47:00,,0.30676152660289113,0
2026-07-20 14:10:00,,0.7490321570846519,0
2026-07-22 11:10:00,,0.3787156554857652,1
2026-07-24 14:50:00,,0.30768974635252866,0
2026-07-28 14:34:00,,0.23892325366818631,0
2026-08-19 14:05:00,,0.3234904450608494,0
2026-08-20 10:01:00,,0.37436687109781314,0
2026-06-10 09:59:00,,0.37226097157654664,0
2026-07-23 13:05:00,,0.33430451953551793,0
2026-07-24 14:06:00,,0.27995642545850935,0
2026-08-03 11:02:00,,0.3049899730577942,0
2026-08-03 11:04:00,,0.30566852335151984,0
2026-08-25 13:43:00,,0.277760612619386,1
2026-05-27 14:55:00,,0.24632628620787442,0
2026-06-26 14:28:00,,0.14930580072040267,0
2026-07-03 13:41:00,,0.23280123992648322,0
2026-07-08 14:55:00,,0.1388565051741659,0
2026-07-20 13:25:00,,0.32989031521745266,0
2026-07-27 14:49:00,,0.13328156647647868,0
2026-08-12 14:50:00,,0.1320225138818847,0
2026-08-19 10:01:00,,0.32060150967614687,0
2026-08-28 11:01:00,,0.22960120202585754,0
2026-06-08 10:26:00,,0.29378791183750386,0
2026-06-12 14:56:00,,0.14527688262781618,1
2026-06-15 11:12:00,,0.340478908345959,0
2026-07-03 10:37:00,,0.3555523095687388,0
2026-07-06 11:12:00,,0.33468161904677457,0
2026-07-15 10:24:00,,0.31948513565928066,0
2026-07-21 13:17:00,,0.24527031885739628,0
2026-07-24 10:53:00,,0.3231106798203337,0
2026-08-18 11:28:00,,0.31478083008408264,0
2026-08-19 13:45:00,,0.3021707843200698,0
2026-05-28 10:20:00,,0.3084723583225052,1
2026-06-15 14:07:00,,0.20240614830303555,1
2026-08-12 10:45:00,,0.24391906755920842,0
2026-06-05 09:42:00,,0.31652803768570004,0
2026-06-05 14:29:00,,0.2997001922006302,0
2026-06-10 10:15:00,,0.3549195707036581,0
2026-07-06 09:48:00,,0.3663201176825872,0
2026-07-07 13:55:00,,0.3398259035620559,1
2026-07-29 11:18:00,,0.3695021201141868,1
2026-08-06 10:38:00,,0.36630697972505216,0
2026-08-10 09:42:00,,0.364059130890814,0
2026-05-27 13:30:00,,0.39141576075129153,0
2026-06-08 14:05:00,,0.3451722765709738,1
2026-06-22 11:17:00,,0.3617252271800816,1
2026-06-22 14:52:00,,0.22645330479220796,0
2026-06-25 10:01:00,,0.37946295083481185,0
2026-06-25 10:13:00,,0.3654925651127419,0
2026-07-20 14:03:00,,0.48662815348866034,0
2026-07-27 14:20:00,,0.21429895805500898,0
2026-07-28 14:32:00,,0.20540073943281775,0
2026-05-22 14:22:00,,0.18198404087715733,0
2026-06-02 11:30:00,,0.22839549425422762,0
2026-06-12 10:29:00,,0.39835700190131473,1
2026-06-16 10:47:00,,0.3127413133277849,1
2026-06-25 10:19:00,,0.5556630728595081,1
2026-07-02 13:27:00,,0.34070627069968795,0
2026-07-10 11:29:00,,0.36158438421412187,0
2026-08-03 13:16:00,,0.21929964730337612,1
2026-08-17 13:52:00,,0.30807456115138393,0
2026-08-21 09:54:00,,0.3855061078165374,0
2026-08-25 10:20:00,,0.3133489887997968,0
2026-09-02 10:07:00,,0.33249637976561136,1
2026-05-21 09:36:00,,0.36339882984718197,0
2026-05-29 14:47:00,,0.1525154070579134,0
2026-06-02 09:35:00,,0.3799316887577242,0
2026-06-15 10:54:00,,0.3405784154179033,0
2026-06-22 14:28:00,,0.21766264371370714,1
2026-06-22 14:44:00,,0.20506843627524884,1
2026-06-29 10:55:00,,0.33891302768622017,0
2026-06-30 10:14:00,,0.3063641017302657,0
2026-07-01 11:26:00,,0.3088723618660166,1
2026-07-08 10:26:00,,0.3478134125190576,0
2026-07-08 13:32:00,,0.2897594057067602,0
2026-07-10 14:59:00,,0.1837361863304567,0
2026-05-22 10:05:00,,0.3382133489551712,0
2026-06-04 10:41:00,,0.35745443882451344,0
2026-08-06 14:51:00,,0.194146034585768,1
2026-06-16 13:05:00,,0.3603510622009005,0
2026-07-27 14:19:00,,0.23947530103821615,1
2026-08-06 09:40:00,,0.37930791966276245,0
2026-08-21 10:32:00,,0.3572621916469893,1
2026-08-18 10:07:00,,0.36590114592097484,0
2026-08-28 13:11:00,,0.31639965120518077,0
2026-05-21 10:37:00,,0.27877699554258023,0
2026-05-27 14:17:00,,0.24669607604576255,0
2026-06-24 13:05:00,,0.314171684744348,1
2026-07-08 13:22:00,,0.2705006468891086,0
2026-07-17 13:55:00,,0.250491739401113,0
2026-07-22 10:56:00,,0.3286858842288059,0
2026-08-03 13:05:00,,0.24542741376894003,0
2026-08-04 14:22:00,,0.1660546982881896,0
2026-08-11 14:19:00,,0.20421374860505553,0
2026-05-21 14:07:00,,0.32355381811366535,0
2026-05-26 14:16:00,,0.2821175116941302,0
2026-05-27 14:30:00,,0.2837455342386528,0
2026-07-17 14:15:00,,0.33300881389732406,0
2026-07-22 11:24:00,,0.40093660454176083,0
2026-07-22 14:57:00,,0.15019293057832447,0
2026-07-31 14:40:00,,0.2232895675594168,1
2026-08-12 09:36:00,,0.4114312182097306,0
2026-08-31 10:12:00,,0.3120374388552287,1
2026-05-21 10:30:00,,0.3521401288953245,0
2026-05-26 14:07:00,,0.26708193292446747,0
2026-05-28 09:45:00,,0.40510331179944786,0
2026-06-23 14:00:00,,0.3341504913580596,0
2026-06-30 13:10:00,,0.32608923158924025,0
2026-07-07 09:46:00,,0.423434599946276,0
2026-07-13 14:51:00,,0.3163603797109141,0
2026-07-17 10:15:00,,0.3719257185917445,0
2026-07-23 13:11:00,,0.38943190021555674,0
2026-07-28 11:04:00,,0.34744695961075506,1
2026-08-03 13:48:00,,0.3319231856969339,0
2026-08-14 11:10:00,,0.2703766166738668,1
2026-08-28 14:34:00,,0.25788465390893334,0
2026-05-21 14:22:00,,0.3141233333019504,0
2026-06-02 11:25:00,,0.37245461029753146,0
2026-06-10 10:39:00,,0.32839222962268255,1
2026-06-15 14:54:00,,0.15624315875803033,0
2026-06-17 14:52:00,,0.16824333728590907,1
2026-06-23 13:55:00,,0.2995145217771927,0
2026-06-26 13:37:00,,0.33091699934085184,1
2026-07-03 11:11:00,,0.29799436607760377,1
2026-07-10 10:28:00,,0.36935182950191514,1
2026-08-21 14:42:00,,0.23039726909413727,1
2026-08-25 13:35:00,,0.26818714312860187,0
2026-05-26 09:42:00,,0.38081083718145325,1
2026-06-02 10:04:00,,0.3400523218945407,1
2026-07-29 11:04:00,,0.2733622902785712,1
2026-08-12 14:05:00,,0.1799182394635229,0
2026-09-03 13:16:00,,0.26900554702587554,1
2026-05-27 14:40:00,,0.17317758222920843,0
2026-06-01 09:46:00,,0.3395529450763457,0
2026-06-02 13:39:00,,0.23789646793577482,0
2026-06-03 13:03:00,,0.2495961370835596,0
2026-07-22 09:59:00,,0.2854534150676703,1
2026-06-04 13:26:00,,0.2509838889554755,0
2026-06-12 09:48:00,,0.4171115042193717,1
2026-06-16 13:01:00,,0.368605990460463,0
2026-07-03 10:18:00,,0.38866773263630133,0
2026-07-07 10:37:00,,0.426337256411039,0
2026-07-21 14:21:00,,0.25776723813422703,0
2026-08-13 14:41:00,,0.19258614906581997,0
2026-08-14 14:09:00,,0.2733008807400208,0
2026-08-18 09:46:00,,0.3498736492838965,0
2026-09-01 10:21:00,,0.35169657938519133,0
2026-05-27 13:25:00,,0.3255073910613981,1
2026-07-03 13:21:00,,0.24635901870243637,1
2026-07-07 13:16:00,,0.33183119356528906,1
2026-07-08 14:38:00,,0.27038115688130643,0
2026-07-29 14:02:00,,0.3335759719728372,0
2026-08-13 10:52:00,,0.29397116215459246,0
2026-06-02 14:16:00,,0.17889486472932023,0
2026-07-28 09:48:00,,0.4423502266547242,0
2026-07-29 14:40:00,,0.2100083699284203,0
2026-08-06 10:44:00,,0.273016644904724,0
2026-08-27 11:20:00,,0.27657056279765596,0
2026-05-28 14:37:00,,0.18843661102674145,0
2026-06-01 14:40:00,,0.17543781029616787,0
2026-06-05 14:00:00,,0.2451677641085522,0
2026-06-08 11:30:00,,0.3041254024426362,0
2026-06-08 13:30:00,,0.3297251546180492,0
2026-06-10 09:51:00,,0.3501235637782454,0
2026-06-11 11:13:00,,0.44976051435089953,0
2026-07-30 13:58:00,,0.5555609031400166,0
2026-08-11 13:45:00,,0.33598991963545294,0
2026-08-18 14:36:00,,0.21572461268099138,0
2026-05-26 14:23:00,,0.20177141239458143,0
2026-06-25 13:01:00,,0.3198165952853646,0
2026-07-15 10:48:00,,0.3223522262838278,0
2026-08-05 14:59:00,,0.08842816516894028,0
2026-08-10 13:30:00,,0.23955225190199667,0
2026-08-17 11:01:00,,0.2509718383428169,0
2026-08-17 13:40:00,,0.21695696756464333,0
2026-08-17 13:54:00,,0.15073110546572677,0
2026-08-20 13:39:00,,0.6095458988251027,0
2026-06-11 10:08:00,,0.3673707604387704,1
2026-06-18 13:28:00,,0.33593711762939404,0
2026-07-02 13:56:00,,0.2773497915784511,1
2026-07-10 13:14:00,,0.3497688338051537,0
2026-07-22 09:30:00,,0.4177696659735822,0
2026-08-03 10:26:00,,0.2996792675521013,0
2026-08-20 11:23:00,,0.3457312432057019,1
2026-08-26 14:37:00,,0.2302343744956298,0
2026-09-02 10:30:00,,0.30235386764123057,0
2026-05-27 13:02:00,,0.42181993142784757,0
2026-06-05 14:39:00,,0.3682892257738288,0
2026-06-10 13:48:00,,0.5614659358695773,1
2026-06-25 10:43:00,,0.3714567085539982,1
2026-08-04 11:04:00,,0.34656840163494435,1
2026-08-07 13:36:00,,0.23808486300152068,1
2026-08-14 10:04:00,,0.43270050036348184,0
2026-08-17 11:14:00,,0.20575976175411373,1
2026-08-21 14:48:00,,0.2703213436599211,0
2026-08-31 10:43:00,,0.36623753724496394,1
2026-06-03 14:32:00,,0.30460508897977157,0
2026-06-05 14:12:00,,0.3045922320472235,0
2026-07-06 10:41:00,,0.0727170643412293,0
2026-08-03 13:56:00,,0.28102690310212464,0
2026-08-17 11:23:00,,0.2544759936194577,1
2026-08-19 09:58:00,,0.33109718418371215,0
2026-08-21 13:39:00,,0.28356700771538895,1
2026-08-26 11:02:00,,0.31835723238572633,0
2026-09-03 09:56:00,,0.31605994796768855,1
2026-05-29 09:34:00,,0.37583806796717545,0
2026-06-04 11:07:00,,0.37316597012943137,0
2026-07-03 14:16:00,,0.28188520016504653,0
2026-08-03 14:34:00,,0.25094435592666375,1
2026-08-13 11:18:00,,0.27306057199880107,0
2026-08-19 13:28:00,,0.30022705312627457,0
2026-08-26 13:09:00,,0.28367212005578674,1
2026-08-27 13:44:00,,0.26040026859258514,0
2026-08-28 11:30:00,,0.2800642525825377,0
2026-09-03 10:08:00,,0.32728979114911894,0
2026-05-27 14:38:00,,0.15547845604448754,0
2026-06-24 09:47:00,,0.33166754345190147,0
2026-06-24 14:17:00,,0.18041910534977623,0
2026-06-30 14:47:00,,0.2015919205069528,0
2026-07-06 10:54:00,,0.35235686452507553,0
2026-07-08 10:41:00,,0.27961131809619055,0
2026-07-20 14:17:00,,0.2890652456587589,1
2026-07-23 14:12:00,,0.22919678617440978,0
2026-07-28 13:37:00,,0.27138202709581544,1
2026-08-14 11:28:00,,0.24765616726134665,0
2026-08-18 11:05:00,,0.22065335276520406,1
2026-08-28 13:07:00,,0.29996402527145344,1
2026-05-29 14:34:00,,0.5578064157458934,0
2026-06-22 13:42:00,,0.29256264115257574,0
2026-06-24 10:28:00,,0.3691585104204069,1
2026-07-03 13:09:00,,0.2966136816771578,0
2026-08-20 14:57:00,,0.2131155610843846,0
2026-06-24 10:01:00,,0.3928905622180215,0
2026-07-02 10:16:00,,0.368733704574084,0
2026-07-08 10:06:00,,0.40325019353978975,0
2026-07-08 13:51:00,,0.26041846621661224,1
2026-07-20 09:47:00,,0.3635820681692847,0
2026-07-22 14:59:00,,0.1444043689991598,0
2026-08-06 13:54:00,,0.30628435859643727,1
2026-08-06 14:52:00,,0.18886541316249547,0
2026-08-11 14:23:00,,0.2615816098427287,1
2026-08-12 11:13:00,,0.28942237311807745,0
2026-08-13 10:16:00,,0.3292398274275042,1
2026-05-28 10:20:00,,0.28236622673769446,1
2026-06-08 13:48:00,,0.28182195488642964,1
2026-06-15 13:28:00,,0.3061971067877741,1
2026-07-15 09:51:00,,0.3386840015042181,1
2026-08-21 14:49:00,,0.16178887202001369,0
2026-08-26 14:38:00,,0.15567207869214592,0
2026-08-31 14:40:00,,0.13594384229845688,0
2026-09-03 14:22:00,,0.19925087463477523,1
2026-06-01 13:35:00,,0.23853598935432058,0
2026-06-11 14:17:00,,0.22016875783737655,1
2026-06-26 10:10:00,,0.3645791304142515,0
2026-06-29 14:39:00,,0.3253315224027759,0
2026-07-14 14:15:00,,0.34792157799874657,1
2026-05-21 09:52:00,,0.3936295918743117,0
2026-05-29 14:24:00,,0.33863316412470956,0
2026-06-05 10:26:00,,0.34305641159232547,1
2026-06-11 11:28:00,,0.31930461141692235,1
2026-06-12 10:34:00,,0.436049794234711,0
2026-06-12 14:53:00,,0.16628796023845044,0
2026-06-23 09:42:00,,0.4099002136914815,0
2026-07-31 13:22:00,,0.3306388547920895,0
2026-08-10 13:41:00,,0.42450840469285456,0
2026-08-26 10:41:00,,0.32977898047182475,0
2026-08-26 14:13:00,,0.19560457716334753,0
2026-05-25 14:55:00,,0.17174688200682875,0
2026-05-27 14:42:00,,0.19491573307731616,0
2026-06-01 10:45:00,,0.4065592966780045,0
2026-06-11 14:16:00,,0.3501844380787927,1
2026-07-14 13:32:00,,0.33480977830795416,0
2026-07-22 09:40:00,,0.393388461605196,0
2026-07-24 13:18:00,,0.36531287881409324,0
2026-08-11 14:32:00,,0.27340132071946294,1
2026-08-13 14:02:00,,0.1685439975333454,0
2026-08-26 10:54:00,,0.2745119654863734,0
2026-07-10 14:21:00,,0.6442819339231144,1
2026-07-16 14:37:00,,0.2501899837043655,0
2026-07-29 13:07:00,,0.6617588822466767,1
2026-08-03 11:23:00,,0.31271831920142823,1
2026-08-12 11:18:00,,0.32415024599922404,1
2026-08-17 14:28:00,,0.2720627844723818,0
2026-05-29 11:03:00,,0.31829009915578,0
2026-06-23 13:54:00,,0.28684228574578824,0
2026-06-29 10:25:00,,0.347364263896235,1
2026-07-03 11:25:00,,0.2775649441037324,1
2026-08-27 13:27:00,,0.3029251768390293,1
2026-08-31 14:16:00,,0.2227007964475506,0
2026-06-26 10:02:00,,0.44427946703820365,0
2026-07-02 11:06:00,,0.41403085502056597,0
2026-07-31 13:12:00,,0.30256499835428613,1
2026-08-03 14:33:00,,0.1971360457242427,1
2026-08-11 11:22:00,,0.41382314618689875,0
2026-08-17 14:35:00,,0.2145313372019784,0
2026-08-18 11:09:00,,0.358505766122703,1
2026-08-24 14:01:00,,0.3635388066765509,0
2026-05-21 13:08:00,,0.26921937009346847,0
2026-06-16 14:01:00,,0.18570899328259202,0
2026-07-02 09:46:00,,0.41427150128290324,0
2026-07-03 14:02:00,,0.26627835249862,1
2026-07-10 11:05:00,,0.32905928409883367,0
2026-07-23 14:09:00,,0.18064057993066407,0
2026-08-05 10:32:00,,0.25100907162656266,0
2026-08-10 11:28:00,,0.22614284066779022,0
2026-08-13 09:44:00,,0.3049023812489738,0
2026-05-25 11:27:00,,0.2501535877225296,1
2026-05-28 13:50:00,,0.3242340685899254,0
2026-06-04 13:02:00,,0.313463415578145,0
2026-06-04 14:26:00,,0.29895324434325504,1
2026-06-16 13:24:00,,0.2845513099982626,0
2026-07-23 10:09:00,,0.3849668017654737,0
2026-08-25 14:55:00,,0.16134890632849155,0
2026-05-27 14:32:00,,0.24127177876339595,0
2026-06-01 11:02:00,,0.312464665956623,1
2026-06-16 14:16:00,,0.1370061957674723,0
2026-06-26 11:30:00,,0.3532944095822423,0
2026-07-09 10:30:00,,0.36054212756511417,0
2026-07-15 14:21:00,,0.26498455829008,0
2026-08-21 14:02:00,,0.19295128850512108,1
2026-08-26 09:48:00,,0.3928424517528259,0
2026-09-01 14:57:00,,0.17368953079648097,0
2026-06-04 11:14:00,,0.2623134580013991,1
2026-06-08 14:30:00,,0.24145889587969627,1
2026-06-25 10:16:00,,0.30718733437006973,0
2026-07-03 09:37:00,,0.37735737748185744,0
2026-07-06 11:30:00,,0.3326936945220545,0
2026-07-08 09:31:00,,0.38497105571132334,0
2026-07-16 09:54:00,,0.3703644038250264,1
2026-07-21 13:49:00,,0.22636291462333588,1
2026-08-11 14:18:00,,0.17200262988851392,0
2026-08-14 09:33:00,,0.30380489950502554,0
2026-09-03 10:12:00,,0.35631418120674196,1
2026-05-21 13:57:00,,0.19555681073931666,0
2026-06-15 10:36:00,,0.3508875957438711,0
2026-07-06 09:59:00,,0.3993926681328496,0
2026-07-24 10:42:00,,0.30363582445448856,0
2026-08-17 11:13:00,,0.23668028897658275,0
2026-08-28 14:18:00,,0.19052601555806462,0
2026-08-31 13:26:00,,0.28943675367444993,0
2026-09-03 14:42:00,,0.1495949660901241,0
2026-06-16 13:38:00,,0.36077492124734806,0
2026-06-24 14:44:00,,0.3384978792397895,0
2026-07-24 13:59:00,,0.26520461121240296,0
2026-08-06 11:14:00,,0.5781446175959917,0
2026-09-02 10:43:00,,0.35113664775015285,0
2026-09-02 14:13:00,,0.2574641688138309,0
2026-09-03 10:33:00,,0.2917692194649653,1
2026-05-28 10:39:00,,0.3326063812234212,1
2026-06-01 14:32:00,,0.2991057881966449,1
2026-06-09 10:00:00,,0.43726304882542966,0
2026-06-22 09:48:00,,0.37489364786831675,1
2026-06-24 09:30:00,,0.45031766385132926,1
2026-07-10 14:48:00,,0.1554384802354362,0
2026-09-02 10:41:00,,0.29769330088590396,1
2026-06-29 14:41:00,,0.298910610136074,0
2026-07-01 10:56:00,,0.33475068692164683,0
2026-07-14 09:37:00,,0.6507602035656623,1
2026-07-20 13:35:00,,0.6342807685155961,0
2026-07-29 14:01:00,,0.3041175438315539,1
2026-08-03 14:13:00,,0.2880700287943639,1
2026-08-14 09:44:00,,0.4049717746208116,1
2026-07-16 09:32:00,,0.4129419098507464,1
2026-07-20 13:53:00,,0.3888849026280559,0
2026-07-21 11:27:00,,0.3757782730879942,0
2026-08-14 10:15:00,,0.34631373999133175,0
2026-05-26 14:51:00,,0.16395274970097276,0
2026-05-28 10:07:00,,0.33175742832436816,1
2026-05-29 09:51:00,,0.37128149465833266,1
2026-06-15 13:18:00,,0.26071960138413847,0
2026-06-29 14:28:00,,0.16938695045252328,0
2026-07-01 10:06:00,,0.30289940222398287,0
2026-07-02 10:01:00,,0.3243569682581496,0
2026-07-13 14:49:00,,0.178275761676206,1
2026-08-04 10:19:00,,0.33581220583353555,0
2026-08-12 13:36:00,,0.28264774832863154,0
2026-08-19 14:51:00,,0.18386320813754356,0
2026-08-25 09:39:00,,0.37334313551656023,0
2026-09-02 09:59:00,,0.36515351727413464,0
2026-05-22 09:46:00,,0.36085811806907425,1
2026-05-29 14:30:00,,0.23702526633217946,0
2026-06-03 14:43:00,,0.1754999079912487,0
2026-06-12 09:42:00,,0.41062208933041455,0
2026-07-02 13:25:00,,0.29077290620557145,0
2026-07-03 14:34:00,,0.2798607025387257,0
2026-07-06 09:41:00,,0.4056156143679323,0
2026-07-14 13:56:00,,0.25569873229757545,1
2026-07-29 13:53:00,,0.2617973825904512,0
2026-08-19 09:36:00,,0.4105600618073703,0
2026-09-03 10:16:00,,0.3820002799782947,0
2026-06-09 11:21:00,,0.4449171994154593,0
2026-06-10 14:55:00,,0.1967862897805407,0
2026-06-24 14:10:00,,0.30073508726681475,0
2026-06-26 13:41:00,,0.3712026917066985,0
2026-07-07 13:17:00,,0.30117450485191116,0
2026-07-21 13:43:00,,0.34168681099724874,0
2026-07-28 11:05:00,,0.34582151934574534,0
2026-08-04 10:36:00,,0.34083252981875084,0
2026-08-14 10:35:00,,0.3236675091316714,0
2026-08-24 13:28:00,,0.33703726765914954,1
2026-06-17 13:52:00,,0.5550692258737551,0
2026-06-29 10:04:00,,0.06510956865994254,0
2026-06-29 14:23:00,,0.05429781846828669,0
2026-07-06 10:41:00,,0.3997806600913185,0
2026-07-08 14:33:00,,0.308391310948066,0
2026-07-28 14:15:00,,0.2714100590411134,0
2026-08-07 14:34:00,,0.17462064015799636,1
2026-08-12 14:54:00,,0.16297457025264392,1
2026-08-24 14:00:00,,0.27398597137872055,0
2026-08-27 11:09:00,,0.35541435950102984,1
2026-06-09 09:59:00,,0.39174732694136855,0
2026-06-09 10:48:00,,0.34066434824293995,0
2026-06-26 09:40:00,,0.4127908453324997,0
2026-08-14 13:15:00,,0.35620742388747023,1
2026-06-05 14:42:00,,0.2937687512951243,0
2026-07-03 13:48:00,,0.2966438788695513,0
2026-08-14 14:00:00,,0.23188586570244107,0
2026-05-26 11:18:00,,0.41993693287084055,0
2026-06-02 10:48:00,,0.3957209435627617,1
2026-06-17 13:34:00,,0.23289166898714567,0
2026-06-18 13:51:00,,0.28077462572359285,0
2026-07-13 13:17:00,,0.5457091722081473,0
2026-09-02 11:18:00,,0.374379593775268,0
2026-06-08 09:31:00,,0.4253872211667716,0
2026-06-10 13:45:00,,0.18722683078459013,0
2026-07-16 10:13:00,,0.3588147297918351,1
2026-08-07 11:11:00,,0.2849342337141891,0
2026-08-11 11:01:00,,0.28592884752132197,0
2026-05-27 10:24:00,,0.3493244781813029,0
2026-06-01 14:26:00,,0.20103711678130406,0
2026-06-04 13:15:00,,0.31429324387095825,0
2026-06-10 09:42:00,,0.3677704777946332,0
2026-06-12 13:48:00,,0.31690728275887825,1
2026-06-24 10:34:00,,0.3165567895875253,0
2026-06-25 14:06:00,,0.24640337535159706,0
2026-07-31 09:32:00,,0.40519581126335164,0
2026-08-17 11:30:00,,0.1805056423181998,1
2026-08-17 14:03:00,,0.20397580852585015,1
2026-08-21 13:03:00,,0.37471934540249763,0
2026-09-02 13:25:00,,0.20500794408942732,1
2026-06-01 13:50:00,,0.2667984199511313,0
2026-06-26 13:14:00,,0.2945397483836771,1
2026-08-14 14:56:00,,0.30473044857934783,1
2026-08-28 13:20:00,,0.2869161729429592,0
2026-09-03 11:25:00,,0.3133284633451063,0
2026-06-09 14:36:00,,0.3120577404855326,1
2026-06-29 10:29:00,,0.4121254348148965,0
2026-07-20 10:45:00,,0.40459586675619585,0
2026-07-20 13:20:00,,0.4621940584684761,0
2026-08-28 14:18:00,,0.27903685194048594,0
2026-09-01 10:07:00,,0.3667514094115454,0
2026-06-03 14:00:00,,0.2702794028248801,1
2026-06-10 09:31:00,,0.38216757784775723,0
2026-06-22 13:07:00,,0.3264057783748251,1
2026-07-17 14:34:00,,0.55494671993414,0
2026-07-29 13:13:00,,0.2954300201860657,0
2026-08-04 14:29:00,,0.22680024208201094,0
2026-05-28 14:49:00,,0.1816336646811353,0
2026-06-22 10:44:00,,0.3257965399015517,1
2026-06-25 13:02:00,,0.3424988484848159,1
2026-08-04 10:17:00,,0.34518655174658325,1
2026-08-04 14:42:00,,0.23885239025473448,0
2026-05-29 13:26:00,,0.3197729461410937,0
2026-06-18 14:10:00,,0.24729854624822417,0
2026-07-31 14:21:00,,0.24437530291616927,0
2026-05-21 11:02:00,,0.34979507541845595,0
2026-05-29 14:52:00,,0.2555427347581903,0
2026-06-16 11:20:00,,0.33755581962283093,0
2026-07-02 10:59:00,,0.33828008670223325,0
2026-07-30 13:08:00,,0.29269441415453873,1
2026-07-31 14:02:00,,0.28640758059071,0
2026-08-10 14:51:00,,0.20903159576840866,0
2026-08-20 10:46:00,,0.3113055763814246,0
2026-08-26 13:43:00,,0.24733019986652652,0
2026-07-17 11:14:00,,0.4448501759790131,0
2026-07-28 10:50:00,,0.39531822376236747,0
2026-08-05 09:46:00,,0.39773038124151133,0
2026-08-20 13:40:00,,0.3504331602717411,0
2026-08-24 11:28:00,,0.3114498201581379,0
2026-09-01 13:01:00,,0.24290329131689153,1
2026-05-21 13:34:00,,0.18294963424493796,0
2026-05-25 09:55:00,,0.35253144440267564,0
2026-05-26 10:51:00,,0.27248354101569555,0
2026-05-27 13:48:00,,0.3190007291328359,0
2026-06-09 09:30:00,,0.36393981475710335,0
2026-06-23 10:01:00,,0.3232548707189584,0
2026-07-16 10:10:00,,0.32620151147529686,1
2026-07-24 10:55:00,,0.30453188381558677,0
2026-08-04 11:18:00,,0.29165282231782574,0
2026-08-07 13:10:00,,0.2829158171371798,1
2026-08-07 14:08:00,,0.19388702835793012,0
2026-08-12 14:53:00,,0.20469456420777007,0
2026-08-24 14:54:00,,0.12344050221952062,0
2026-08-26 10:45:00,,0.2831152463977391,0
2026-09-01 14:12:00,,0.17169962275854309,0
2026-06-16 09:52:00,,0.4073898116951026,1
2026-06-18 11:03:00,,0.4489901552934699,1
2026-06-30 09:52:00,,0.4276140716532252,0
2026-07-14 09:55:00,,0.39396474273935506,1
2026-07-21 11:27:00,,0.4089137004370641,0
2026-07-31 10:36:00,,0.37676778165476665,1
2026-08-20 13:24:00,,0.34703002006847505,0
2026-08-21 14:31:00,,0.32227899553628114,0
2026-08-24 09:55:00,,0.3744203656428958,0
2026-08-31 13:03:00,,0.3625250986239885,0
2026-05-25 13:43:00,,0.28880006295881244,0
2026-06-30 10:12:00,,0.3507246208507063,0
2026-06-30 14:05:00,,0.3027118738599835,0
2026-07-02 09:37:00,,0.37691649937082633,0
2026-07-06 14:02:00,,0.3217196000278414,0
2026-07-20 13:55:00,,0.437105054582995,1
2026-08-11 09:44:00,,0.31021242984123765,0
2026-08-11 13:39:00,,0.2642550553817841,0
2026-09-02 14:14:00,,0.20735322199974118,0
2026-05-25 13:54:00,,0.35652898631172963,0
2026-06-09 09:59:00,,0.39165165121671747,0
2026-06-15 10:49:00,,0.6104488143378242,1
2026-06-24 11:03:00,,0.3850706781098882,1
2026-06-26 10:29:00,,0.4754349141254254,0
2026-07-08 09:30:00,,0.4258218522979678,0
2026-07-22 09:48:00,,0.40422482382545477,0
2026-07-22 13:09:00,,0.42253104761160803,0
2026-05-29 09:35:00,,0.35699990676425875,0
2026-06-12 14:47:00,,0.2517668901931771,0
2026-06-18 10:58:00,,0.3077424500899448,0
2026-06-22 10:27:00,,0.3382935818096454,0
2026-06-23 11:03:00,,0.3110541288288514,0
2026-07-03 14:26:00,,0.04418097387425347,0
2026-07-09 13:04:00,,0.3005563128104496,1
2026-07-28 13:57:00,,0.23728270812682564,0
2026-08-03 10:25:00,,0.33323744571759106,0
2026-08-06 13:11:00,,0.3090688736616961,0
2026-08-24 10:06:00,,0.3286937294187572,0
2026-08-25 14:59:00,,0.135316081767031,0
2026-06-03 13:50:00,,0.2897178595328114,0
2026-06-10 13:57:00,,0.3402099141004619,0
2026-06-22 14:33:00,,0.27301060740618605,0
2026-07-27 14:55:00,,0.1957036928456681,1
2026-08-03 10:50:00,,0.23048544598889598,0
2026-08-24 10:51:00,,0.3757821116440293,1
2026-06-05 13:08:00,,0.3225700183297486,0
2026-06-10 13:40:00,,0.08832292749140347,0
2026-06-10 14:36:00,,0.0584345381215842,0
2026-07-03 10:04:00,,0.3588509004913135,0
2026-07-03 10:36:00,,0.31817944658341324,0
2026-07-17 13:06:00,,0.32480788616418327,0
2026-08-05 14:31:00,,0.29378741496295757,0
2026-08-14 10:30:00,,0.368719912722645,1
2026-06-12 14:57:00,,0.1378683230868466,0
2026-07-15 09:38:00,,0.3666152162346155,0
2026-08-10 13:29:00,,0.35116641269817683,1
2026-08-24 14:43:00,,0.16224559064813515,0
2026-08-25 10:11:00,,0.3554766066246708,1
2026-08-26 11:11:00,,0.31748715493636137,1
2026-08-31 10:29:00,,0.3277804333958063,0
2026-06-09 10:36:00,,0.3837643336198266,1
2026-06-15 13:46:00,,0.3114361415867603,1
2026-06-24 13:34:00,,0.31304730877328474,0
2026-07-29 11:27:00,,0.37083042455911297,1
2026-07-31 09:32:00,,0.4049581304904889,1
2026-08-17 14:10:00,,0.25136451586739145,1
2026-06-04 13:44:00,,0.13962119454196048,0
2026-06-10 10:09:00,,0.3579711414596973,0
2026-06-22 10:32:00,,0.28209387147066156,1
2026-06-25 13:08:00,,0.2473143126746879,0
2026-06-29 10:14:00,,0.36790757080880226,0
2026-07-15 13:35:00,,0.26520298530098446,1
2026-08-03 10:35:00,,0.2601031180094388,0
2026-08-05 09:56:00,,0.2678883837652695,0
2026-08-24 14:35:00,,0.1340900136414009,0
2026-08-28 14:35:00,,0.11585385315176464,0
2026-09-03 14:54:00,,0.22531956062213826,1
2026-06-05 13:04:00,,0.2734645301579715,0
2026-07-07 10:54:00,,0.26313449120770993,0
2026-07-14 14:17:00,,0.21501772006688363,0
2026-07-21 11:02:00,,0.3350734739454645,0
2026-07-24 09:39:00,,0.40403659278061227,0
2026-07-29 14:01:00,,0.23739229753725877,0
2026-08-10 14:31:00,,0.1205438459697602,0
2026-08-11 10:51:00,,0.29957336530804934,0
2026-08-20 13:54:00,,0.21544450007001253,0
2026-08-21 10:02:00,,0.40422776876796046,0
2026-08-24 10:19:00,,0.2952705590043982,0
2026-08-25 14:41:00,,0.16408078032741305,0
2026-05-29 14:04:00,,0.5109133366630599,0
2026-07-03 11:08:00,,0.3210080998646376,0
2026-07-27 14:55:00,,0.20342933935798202,0
2026-07-28 13:41:00,,0.3586896869569575,0
2026-08-21 13:39:00,,0.25395292879594394,0
2026-06-01 13:46:00,,0.20569016334625434,0
2026-06-11 13:22:00,,0.3081300012100688,1
2026-06-30 14:42:00,,0.17040343323458665,0
2026-07-01 14:43:00,,0.19635194893185096,0
2026-07-09 09:59:00,,0.34437928662845085,0
2026-08-10 14:34:00,,0.14744761448395238,0
2026-09-02 10:31:00,,0.31608515681524463,0
2026-06-15 13:09:00,,0.2733606310135483,0
2026-06-16 14:57:00,,0.12869770454896948,0
2026-06-30 13:21:00,,0.3312705329803907,0
2026-07-10 14:21:00,,0.2977226193230789,0
2026-07-13 11:11:00,,0.412225205102825,0
2026-08-05 11:12:00,,0.2963457209055742,0
2026-08-06 09:56:00,,0.3392419642140494,0
2026-08-17 10:11:00,,0.3417495441910846,0
2026-08-27 13:46:00,,0.20889199907831402,0
2026-07-28 10:05:00,,0.3747997060209349,0
2026-08-06 13:39:00,,0.2947186172133587,0
2026-08-10 13:12:00,,0.3019733045919989,1
2026-05-21 14:39:00,,0.3228471735099635,0
2026-05-28 14:35:00,,0.1868321728856411,0
2026-06-01 13:04:00,,0.3342911288074995,0
2026-06-17 10:31:00,,0.2764560239409627,0
2026-06-17 11:05:00,,0.2652470060965098,0
2026-07-07 13:10:00,,0.3658901316707255,0
2026-08-13 11:20:00,,0.26478444925905326,0
2026-08-25 10:23:00,,0.3259950465349395,1
2026-08-31 09:56:00,,0.35673904284469987,0
2026-06-12 09:46:00,,0.4219568789062293,1
2026-06-12 10:20:00,,0.33086574801552354,1
2026-06-16 11:05:00,,0.2776348769735303,0
2026-06-22 11:27:00,,0.38821230842357407,1
2026-06-22 14:57:00,,0.20158819383839782,0
2026-06-24 14:36:00,,0.260117747667475,0
2026-07-27 14:00:00,,0.2664330695625923,0
2026-06-30 13:45:00,,0.3536416489203992,0
2026-07-06 13:55:00,,0.2732653832667368,0
2026-07-07 14:35:00,,0.3964395236797679,1
2026-06-04 09:45:00,,0.3251189649259494,1
2026-07-08 14:54:00,,0.2336118363209101,0
2026-08-04 13:13:00,,0.20897171516276528,0
2026-08-24 14:23:00,,0.20520942071011736,0
2026-05-27 10:10:00,,0.2945032686524262,0
2026-06-12 13:02:00,,0.38564269520933,0
2026-06-15 09:56:00,,0.3470947900620939,1
2026-06-23 14:04:00,,0.24083888870549486,0
2026-07-07 09:48:00,,0.3657879147755867,0
2026-09-03 11:16:00,,0.3309475808381582,0
2026-05-26 11:06:00,,0.2402456143168708,1
2026-06-05 09:49:00,,0.3899578483247438,0
2026-06-15 10:34:00,,0.24248138080379655,0
2026-07-06 13:18:00,,0.26972668294062324,1
2026-07-06 14:09:00,,0.1858017780658843,1
2026-07-22 10:48:00,,0.23354701883332574,0
2026-07-23 14:24:00,,0.23055716062833195,0
2026-07-28 14:00:00,,0.20284146594833682,0
2026-07-31 14:24:00,,0.13656573112601664,0
2026-08-07 10:54:00,,0.2953363787767946,0
2026-06-08 15:00:00,,0.1593213758914848,0
2026-06-15 14:34:00,,0.24048247984288254,0
2026-06-22 11:30:00,,0.40469963872240816,1
2026-06-23 09:33:00,,0.4307251696765096,1
2026-07-06 14:50:00,,0.4401267935511141,1
2026-07-17 09:36:00,,0.45369707689001093,0
2026-08-06 13:07:00,,0.3492890194137635,0
2026-08-10 11:16:00,,0.3560633072559798,0
2026-08-19 14:02:00,,0.5207254761862387,1
2026-07-01 11:09:00,,0.31868905727315994,0
2026-07-10 13:38:00,,0.26758150227802147,0
2026-07-21 11:16:00,,0.3039232976212458,0
2026-07-22 14:02:00,,0.2081433094786428,0
2026-07-22 14:11:00,,0.19843257265236497,1
2026-07-27 10:47:00,,0.39478543927756365,1
2026-07-28 09:53:00,,0.39260763613223953,0
2026-08-12 13:35:00,,0.2648458293487869,0
2026-08-14 13:26:00,,0.27903385412513115,0
2026-08-19 14:16:00,,0.21647764811094494,0
2026-08-28 13:08:00,,0.3032959566349163,0
2026-09-01 14:08:00,,0.24085422171475837,0
2026-06-09 10:49:00,,0.2645606637629823,0
2026-06-16 13:21:00,,0.14780453823313264,0
2026-06-24 14:37:00,,0.2374790164107901,0
2026-07-15 10:57:00,,0.2595439008907936,0
2026-07-21 13:54:00,,0.23800903607332283,0
2026-08-04 13:06:00,,0.19988134442825137,0
2026-08-25 13:08:00,,0.26643423290645296,0
2026-08-26 10:53:00,,0.23043027579554473,0
2026-08-28 10:21:00,,0.2350925809621909,1
2026-08-31 14:49:00,,0.15386173389264451,0
2026-09-02 10:43:00,,0.30537011080625176,0
2026-05-21 10:01:00,,0.3730389098511468,0
2026-05-28 13:34:00,,0.31767262243268546,1
2026-06-09 10:56:00,,0.3759531408073953,0
2026-06-17 11:28:00,,0.3373139809024323,0
2026-07-07 11:01:00,,0.34050455644648214,0
2026-07-23 10:03:00,,0.4142219926956705,1
2026-08-14 09:50:00,,0.3536697961482344,1
2026-09-01 14:21:00,,0.28783723925007726,0
2026-05-26 10:15:00,,0.32893378562369563,0
2026-06-02 09:31:00,,0.33441572636102934,0
2026-07-03 10:59:00,,0.3515415108619837,0
2026-08-20 11:21:00,,0.26729543744545375,0
2026-08-21 10:56:00,,0.36641235495275587,1
2026-09-03 09:56:00,,0.3430419118950633,1
2026-05-22 14:31:00,,0.1849050908048289,0
2026-06-11 10:26:00,,0.2566700828010006,0
2026-06-15 10:15:00,,0.3115558937272889,0
2026-08-04 10:21:00,,0.2839097368765568,0
2026-08-20 10:48:00,,0.24630013984193755,0
2026-08-24 11:30:00,,0.26192743677265695,0
2026-05-25 14:12:00,,0.5961136456358611,1
2026-06-22 14:05:00,,0.26476807472655717,0
2026-06-24 10:35:00,,0.33388604753372614,0
2026-07-14 09:51:00,,0.34535744539158814,1
2026-07-29 11:00:00,,0.38691795251552186,1
2026-08-11 13:05:00,,0.34482469876329325,0
2026-08-20 13:59:00,,0.29662020683090085,0
2026-08-24 09:55:00,,0.3355352760485552,0
2026-05-22 09:36:00,,0.37042475950813303,0
2026-05-25 13:32:00,,0.3194608282529522,0
2026-06-15 11:19:00,,0.3444310434804895,0
2026-06-16 13:53:00,,0.28225020695779074,0
2026-06-23 14:53:00,,0.614902838379859,1
2026-07-09 14:38:00,,0.22242217384840465,1
2026-07-30 15:00:00,,0.28419754149897225,1
2026-08-05 11:20:00,,0.338663671801487,0
2026-08-20 13:51:00,,0.2828835644912845,0
2026-08-25 13:04:00,,0.31811311600373837,1
2026-09-03 13:02:00,,0.3064201703180245,0
2026-05-22 10:08:00,,0.30963772250034816,1
2026-06-16 10:34:00,,0.35254334200464554,1
2026-06-16 11:18:00,,0.3512638302663294,1
2026-07-06 10:25:00,,0.35484805290120475,0
2026-07-10 14:11:00,,0.30548371319388967,0
2026-07-23 09:34:00,,0.39272497066985046,1
2026-07-28 13:16:00,,0.3509019280091301,0
2026-08-13 11:08:00,,0.5267624999889559,0
2026-08-17 11:24:00,,0.32166163831152333,0
2026-08-18 10:04:00,,0.35615363191562266,0
2026-08-19 10:31:00,,0.3567802392336648,0
2026-08-28 13:34:00,,0.28920984269721944,0
2026-08-31 15:00:00,,0.14536682110442517,0
2026-05-28 13:34:00,,0.3002419674764383,0
2026-05-29 13:47:00,,0.3631324883605192,0
2026-05-29 14:49:00,,0.2925437072618619,0
2026-06-12 11:08:00,,0.3127743061731245,0
2026-06-15 11:09:00,,0.37600234129152815,1
2026-07-16 11:24:00,,0.43422721465298303,0
2026-07-17 10:20:00,,0.40513480370440563,0
2026-07-28 14:11:00,,0.23754274426334632,1
2026-07-31 13:26:00,,0.4301541593574671,0
2026-08-12 13:37:00,,0.2548629492307616,0
2026-06-02 14:41:00,,0.1947427145006207,0
2026-06-11 11:13:00,,0.3654405777962476,1
2026-07-27 10:02:00,,0.41137263890934084,0
2026-08-04 14:43:00,,0.22213212705601246,0
2026-08-19 13:54:00,,0.4347811940129842,0
2026-05-26 09:59:00,,0.36245619073423807,1
2026-06-05 11:25:00,,0.3825119246183043,0
2026-06-12 14:05:00,,0.2376016898291595,1
2026-06-24 11:05:00,,0.3442824822632681,0
2026-08-04 09:58:00,,0.3558827378751903,1
2026-08-05 10:23:00,,0.3350285807993023,1
2026-08-10 09:41:00,,0.3637137732816042,0
2026-05-27 14:56:00,,0.3627318512202039,0
2026-06-02 13:17:00,,0.37549701984338124,0
2026-06-12 09:52:00,,0.3671599950805069,0
2026-06-15 14:36:00,,0.3242720449477192,1
2026-07-03 11:24:00,,0.3702335080847432,0
2026-07-06 14:31:00,,0.3558080363802763,0
2026-07-08 13:19:00,,0.37162763461966647,1
2026-07-15 09:48:00,,0.37710348124277915,0
2026-07-15 14:25:00,,0.33078196366234724,0
2026-07-27 14:10:00,,0.3069571964682281,0
2026-08-03 09:46:00,,0.35525570597084055,0
2026-08-05 10:28:00,,0.39040227515512704,0
2026-08-07 14:24:00,,0.3622655739029974,1
2026-08-10 10:04:00,,0.35802048513410606,0
2026-08-13 10:51:00,,0.35036500529649894,0
2026-08-14 14:11:00,,0.3166059822089745,1
2026-05-25 11:29:00,,0.24488219662731722,1
2026-05-28 10:57:00,,0.5165624250422045,1
2026-07-24 10:09:00,,0.33173877339759156,0
2026-08-03 14:01:00,,0.22037496613134164,1
2026-08-20 14:58:00,,0.6451255252406392,1
2026-09-02 09:45:00,,0.324321198132096,0
2026-06-01 10:42:00,,0.35266614985022776,0
2026-07-01 10:20:00,,0.33282673587082845,0
2026-07-27 11:16:00,,0.3736123301019945,1
2026-08-14 11:28:00,,0.32743578754605596,1
2026-08-19 11:01:00,,0.3566734556795489,1
2026-08-24 11:22:00,,0.34092507871230676,1
2026-08-25 13:10:00,,0.28691451250918415,1
2026-08-27 13:21:00,,0.29372630760723223,1
2026-09-03 10:50:00,,0.29862847131827164,1
2026-09-03 13:33:00,,0.275384419648259,1
2026-06-04 10:05:00,,0.3580069084716473,1
2026-06-09 10:32:00,,0.36613633555548775,1
2026-06-09 14:34:00,,0.25467345767007954,1
2026-07-02 13:26:00,,0.29262605734187613,0
2026-08-06 10:04:00,,0.37031302056660265,0
2026-08-24 11:29:00,,0.4138677448978701,1
2026-06-05 10:28:00,,0.3633410880547783,0
2026-06-09 13:11:00,,0.41579989060904876,0
2026-06-25 10:39:00,,0.32783326152303527,0
2026-07-03 10:56:00,,0.4046361474651665,1
2026-07-15 13:59:00,,0.3432734827623668,0
2026-07-20 14:12:00,,0.40140426444049876,1
2026-07-31 09:36:00,,0.4208459306244875,1
2026-07-31 13:14:00,,0.36575644249839323,0
2026-08-06 14:36:00,,0.22387845793447314,0
2026-08-18 15:00:00,,0.13165115275070022,0
2026-08-25 10:29:00,,0.3272662308377577,1
2026-08-25 14:45:00,,0.16556024728116772,0
2026-08-31 14:22:00,,0.2921957954907951,0
2026-06-08 13:51:00,,0.3300779973640234,1
2026-07-01 13:21:00,,0.4059006396517479,0
2026-07-06 10:25:00,,0.3826201715239538,0
2026-07-07 10:04:00,,0.4038200122658313,0
2026-07-07 10:19:00,,0.45142859839754584,0
2026-07-24 09:40:00,,0.4227909064213053,0
2026-07-24 13:20:00,,0.38796607225129526,0
2026-08-05 14:04:00,,0.3239395875848306,1
2026-09-01 14:10:00,,0.2203414262566626,0
2026-06-15 13:46:00,,0.2531704033129266,0
2026-07-06 15:00:00,,0.13337599990058224,0
2026-07-10 10:09:00,,0.40018851773234254,0
2026-08-12 13:41:00,,0.24383787662414613,0
2026-06-02 11:24:00,,0.306312556021723,0
2026-06-22 13:26:00,,0.33028939961067205,0
2026-07-07 10:27:00,,0.343225869034908,0
2026-07-08 13:30:00,,0.28799596737412736,0
2026-07-09 13:18:00,,0.343249381604977,1
2026-09-01 11:13:00,,0.26129731106782733,0
2026-06-05 14:10:00,,0.2843421135033595,0
2026-06-09 10:39:00,,0.36212583605414045,0
2026-07-08 10:24:00,,0.4210580145633459,0
2026-07-15 09:47:00,,0.4597486354205705,1
2026-07-22 14:44:00,,0.40418237615309555,0
2026-07-30 10:21:00,,0.3789290223351603,0
2026-06-08 14:11:00,,0.6105239354345636,1
2026-06-16 13:01:00,,0.36943476519328394,0
2026-06-29 11:08:00,,0.40408219354272756,0
2026-07-15 13:16:00,,0.34974512792662954,0
2026-07-20 14:16:00,,0.5963710699521948,0
2026-07-22 10:38:00,,0.3892549955303167,0
2026-08-06 13:09:00,,0.3355922802058761,1
2026-08-19 09:57:00,,0.41894872828984775,0
2026-05-28 14:42:00,,0.29337366057751096,0
2026-05-29 13:56:00,,0.5399297281567688,0
2026-06-01 13:35:00,,0.3253081963238383,0
2026-06-05 13:17:00,,0.34151136834687423,1
2026-06-15 09:38:00,,0.3983565514557789,0
2026-06-23 13:10:00,,0.5768386677226485,1
2026-07-02 13:10:00,,0.3379863808291958,0
2026-07-06 09:33:00,,0.44973040105753936,0
2026-07-10 10:29:00,,0.4232533063204742,0
2026-06-24 11:27:00,,0.4024848846618018,1
2026-07-01 14:24:00,,0.2621540365350797,0
2026-07-07 11:21:00,,0.3224142675104389,0
2026-07-14 10:04:00,,0.4341657042959557,1
2026-07-20 14:07:00,,0.32001496893814757,0
2026-07-21 13:24:00,,0.3180566312021328,0
2026-07-27 14:24:00,,0.2137760904573885,0
2026-07-29 11:11:00,,0.3062676548830646,1
2026-07-29 13:41:00,,0.28543626487820783,0
2026-08-11 09:43:00,,0.29855270553036395,0
2026-08-11 11:21:00,,0.2358943750117192,0
2026-05-21 09:46:00,,0.3464911381403097,0
2026-06-03 14:29:00,,0.2681571026842571,0
2026-06-16 11:26:00,,0.2785309318107986,1
2026-06-17 10:09:00,,0.36864565545357086,0
2026-06-26 14:53:00,,0.3111017819054191,0
2026-06-29 10:35:00,,0.3849190138118879,1
2026-06-30 09:52:00,,0.35373943949990166,1
2026-07-03 10:25:00,,0.35293440411851545,0
2026-07-07 10:40:00,,0.3161511519821267,0
2026-07-15 14:54:00,,0.18719182127719725,0
2026-07-27 10:45:00,,0.35959533244973646,1
2026-08-06 14:35:00,,0.27984821181328984,1
2026-06-09 10:19:00,,0.3547989478994664,1
2026-06-26 10:57:00,,0.3440150854811125,1
2026-07-03 14:27:00,,0.23627738600401993,1
2026-07-31 10:00:00,,0.4017594549608839,0
2026-08-05 14:23:00,,0.2294250589759755,0
2026-08-14 13:36:00,,0.28855840450336095,1
2026-08-17 13:04:00,,0.32821306871565953,1
2026-08-20 14:08:00,,0.25031896431708045,0
2026-09-01 10:56:00,,0.3151566743364699,0
2026-07-06 11:18:00,,0.3236128851958102,0
2026-07-20 11:01:00,,0.3669625335363497,0
2026-07-21 09:51:00,,0.34406463453993785,1
2026-07-28 13:10:00,,0.3486976804382049,0
2026-08-13 13:05:00,,0.2738222485458844,0
2026-09-02 13:27:00,,0.2959882520879528,0
2026-06-02 11:22:00,,0.3219132505706754,0
2026-06-22 10:05:00,,0.3791219372052994,1
2026-06-26 14:39:00,,0.24068701895062197,0
2026-07-13 10:00:00,,0.3806718193318544,0
2026-07-14 14:29:00,,0.24761740350495262,0
2026-07-27 09:38:00,,0.4038396514080202,1
2026-08-03 11:02:00,,0.35338114115210717,0
2026-08-14 09:39:00,,0.3361360452843746,1
2026-06-17 11:23:00,,0.40612024306838557,1
2026-06-26 13:17:00,,0.42388459036162157,0
2026-07-13 10:09:00,,0.3866954944136992,0
2026-07-13 14:45:00,,0.23093371052063272,0
2026-07-21 13:43:00,,0.2775298502305375,0
2026-08-10 11:29:00,,0.39793741495833024,0
2026-08-10 13:58:00,,0.33104761914127295,0
2026-08-20 10:05:00,,0.4087968081719413,0
2026-08-25 09:39:00,,0.45397812778696855,1
2026-08-26 13:40:00,,0.27143326438522813,0
2026-06-22 13:09:00,,0.3071410367032421,0
2026-07-03 09:45:00,,0.4380036073189089,0
2026-07-03 14:49:00,,0.15251656966050461,0
2026-07-14 13:58:00,,0.2575961072134156,1
2026-08-20 13:16:00,,0.23654909801044646,0
2026-08-27 14:42:00,,0.13560023653307468,0
2026-05-21 09:59:00,,0.34625464047240295,0
2026-06-05 11:20:00,,0.29724088846620716,0
2026-06-09 14:25:00,,0.16789814406023018,0
2026-06-17 09:42:00,,0.3683867429906988,0
2026-08-17 11:01:00,,0.28803013223892354,1
2026-08-21 09:59:00,,0.3990756714541,1
2026-08-31 10:56:00,,0.30445978619740016,0
2026-05-28 14:44:00,,0.2284173288051114,0
2026-06-18 09:33:00,,0.32846937698865764,0
2026-06-18 09:53:00,,0.356583907928571,0
2026-07-15 13:55:00,,0.2974152937629704,0
2026-07-24 10:27:00,,0.3903258702955112,1
2026-07-30 14:56:00,,0.3607683731931475,1
2026-09-03 11:12:00,,0.33547198728334016,1
2026-05-25 11:04:00,,0.31147440441371455,0
2026-07-06 14:43:00,,0.15847094143155527,0
2026-07-14 13:11:00,,0.33700700480129586,0
2026-08-07 14:02:00,,0.241358610151201,0
2026-05-25 14:39:00,,0.16756807640335258,1
2026-05-29 14:56:00,,0.28209082081162656,1
2026-06-03 14:26:00,,0.2607079558845182,0
2026-06-17 11:29:00,,0.3166181390268429,0
2026-07-10 14:41:00,,0.3304698388518865,0
2026-07-16 09:59:00,,0.4152824643219754,0
2026-08-07 13:32:00,,0.2910652453905472,1
2026-08-25 09:46:00,,0.3904450125598351,1
2026-05-21 10:46:00,,0.357088907754713,0
2026-05-29 14:00:00,,0.2937812481563801,0
2026-06-29 11:21:00,,0.3225949016729066,0
2026-06-30 10:17:00,,0.3869152365285181,0
2026-07-02 11:15:00,,0.34368479689298825,0
2026-07-10 09:49:00,,0.42181472290369926,0
2026-08-20 14:29:00,,0.24044467141216844,1
2026-08-31 11:19:00,,0.3658691168672644,0
2026-06-02 13:37:00,,0.04624767698817434,0
2026-06-04 10:41:00,,0.288009854593089,1
2026-06-10 09:45:00,,0.35450420796002874,0
2026-06-29 14:12:00,,0.1461455674493301,0
2026-07-01 14:55:00,,0.1234615328551961,0
2026-07-09 13:33:00,,0.30786774112463483,1
2026-07-16 14:55:00,,0.21865671222466895,0
2026-08-03 09:31:00,,0.32528484903943383,1
2026-08-12 14:03:00,,0.16224377000668613,0
2026-08-25 14:04:00,,0.22532728320545106,0
2026-08-27 13:50:00,,0.18756230893899462,0
2026-09-01 11:07:00,,0.2698504859264122,0
2026-05-25 10:12:00,,0.5533993396261214,0
2026-05-26 13:56:00,,0.0475065111835695,0
2026-07-03 10:41:00,,0.3636750170956147,1
2026-07-31 14:02:00,,0.36113956202242814,0
2026-08-03 09:39:00,,0.424580537455679,1
2026-09-01 10:55:00,,0.32292887636803275,0
2026-05-28 10:54:00,,0.2732842622580722,0
2026-06-22 10:51:00,,0.27475718501804336,1
2026-07-10 13:58:00,,0.2717881488812511,0
2026-08-04 11:25:00,,0.21428683862500977,0
2026-08-11 14:55:00,,0.14507199099733623,0
2026-08-19 11:20:00,,0.2471860812644103,0
2026-08-25 13:50:00,,0.2592007988449635,0
2026-08-28 13:26:00,,0.29539236811397473,0
2026-05-29 14:10:00,,0.3272859797632699,0
2026-06-01 13:29:00,,0.3262897667986151,0
2026-06-03 14:32:00,,0.1922325676928014,0
2026-06-10 10:17:00,,0.3288547762926118,0
2026-07-01 10:13:00,,0.39783444806931134,1
2026-07-07 13:48:00,,0.24357280490400304,1
2026-07-10 13:25:00,,0.2932165066498972,0
2026-07-21 13:58:00,,0.3307793091466263,1
2026-07-22 13:16:00,,0.30315600462491,0
2026-07-24 13:55:00,,0.24349611326477563,0
2026-07-31 09:38:00,,0.3928921030757023,0
2026-06-30 13:23:00,,0.306724227077688,1
2026-07-16 14:23:00,,0.2234720108859274,0
2026-07-27 13:04:00,,0.3607882369404686,0
2026-06-16 10:32:00,,0.34741901289477056,1
2026-06-17 11:23:00,,0.292380762492175,0
2026-06-24 13:42:00,,0.6113650827383054,1
2026-06-26 10:17:00,,0.4931880627512264,0
2026-07-08 09:52:00,,0.3477287819126248,0
2026-08-10 13:35:00,,0.3439311855886013,1
2026-08-12 14:33:00,,0.22422523497055183,1
2026-08-12 14:42:00,,0.21340858810234567,1
2026-08-27 11:14:00,,0.3471446900339339,0
2026-05-25 10:35:00,,0.3275886892800255,0
2026-05-29 14:43:00,,0.1936463213438593,0
2026-06-22 09:34:00,,0.43865666530763714,0
2026-08-18 13:18:00,,0.26426059196957424,1
2026-08-19 14:00:00,,0.22327752007333054,0
2026-05-27 13:34:00,,0.4199908498019831,0
2026-06-09 13:37:00,,0.2760152160245616,1
2026-06-26 13:51:00,,0.3502619244007126,0
2026-07-16 09:41:00,,0.4236619126798262,1
2026-07-22 13:53:00,,0.2757032650257497,0
2026-08-28 13:02:00,,0.3750595384519261,0
2026-06-08 11:30:00,,0.37534684279320213,1
2026-06-08 13:46:00,,0.2989070340514445,1
2026-06-25 10:54:00,,0.36298653409214493,0
2026-07-17 10:12:00,,0.46970967192002633,0
2026-07-27 13:01:00,,0.3254365643593305,0
2026-07-29 10:38:00,,0.3836893949499976,0
2026-08-27 11:05:00,,0.31702640456386344,0
2026-05-29 13:29:00,,0.31896986878251743,0
2026-06-02 10:50:00,,0.35790288624993016,0
2026-06-05 10:17:00,,0.2753273205145071,0
2026-06-24 10:28:00,,0.3133302370645308,0
2026-07-03 14:54:00,,0.2122603223736121,0
2026-07-07 14:10:00,,0.16050915463165313,0
2026-07-24 13:19:00,,0.27115059818365034,0
2026-07-29 13:50:00,,0.3058340575114815,0
2026-08-18 09:39:00,,0.32907127699581656,0
2026-06-04 14:38:00,,0.6899687572884944,1
2026-07-21 13:37:00,,0.4922726514904505,0
2026-08-04 10:56:00,,0.3904942951461135,0
2026-08-18 14:53:00,,0.15053204616543234,0
2026-05-29 14:35:00,,0.10622107844805166,0
2026-06-18 09:52:00,,0.19711154541189507,0
2026-06-26 09:35:00,,0.16167560379489496,0
2026-07-06 14:06:00,,0.10253777672622728,0
2026-07-10 11:01:00,,0.16765054219626613,0
2026-07-14 13:23:00,,0.08222997340917358,0
2026-08-11 13:10:00,,0.07754930998935244,0
2026-08-18 10:55:00,,0.08232790452793266,0
2026-05-22 11:12:00,,0.28728315099876983,1
2026-05-26 11:24:00,,0.27283575704926427,0
2026-05-29 13:52:00,,0.23369073132307594,0
2026-06-05 13:42:00,,0.20567058234881613,0
2026-06-12 13:53:00,,0.3026018627010744,0
2026-07-08 11:09:00,,0.34775938578746907,0
2026-07-23 14:26:00,,0.5729494227447441,1
2026-07-24 14:09:00,,0.6113865412692513,1
2026-07-31 10:53:00,,0.31541835724238326,1
2026-08-10 14:34:00,,0.1470173849769438,0
2026-08-13 10:02:00,,0.35804024960578557,1
2026-08-21 10:58:00,,0.3513946289466903,1
2026-08-27 14:11:00,,0.22304761695066752,0
2026-05-21 13:48:00,,0.7346807269683452,0
2026-06-03 10:57:00,,0.23057822050313512,0
2026-06-16 09:37:00,,0.33441493652207205,1
2026-06-26 09:56:00,,0.3483819481587573,0
2026-06-29 10:54:00,,0.2888632913278733,0
2026-07-03 13:33:00,,0.22915231821629672,0
2026-07-10 11:27:00,,0.1856993476593322,0
2026-07-30 10:27:00,,0.18091307525283248,0
2026-08-14 13:25:00,,0.11944321211917944,0
2026-08-21 09:32:00,,0.2534143817350409,0
2026-08-21 09:55:00,,0.28171954987437015,0
2026-08-28 11:05:00,,0.11692085085470931,0
2026-05-21 10:37:00,,0.26748895310155635,0
2026-07-02 11:06:00,,0.2013624270371572,0
2026-07-14 11:04:00,,0.2686671248510276,0
2026-08-11 10:12:00,,0.23872474487830542,0
2026-09-03 13:18:00,,0.26749604660290294,0
2026-06-10 10:12:00,,0.36665953474970747,1
2026-06-15 10:01:00,,0.33849098229569274,1
2026-07-02 14:48:00,,0.3046633675864904,0
2026-08-11 09:31:00,,0.3683878328400943,0
2026-08-21 13:18:00,,0.24852226004946185,1
2026-05-22 10:27:00,,0.3384902083872046,1
2026-06-05 14:31:00,,0.25023893607464703,0
2026-06-15 10:05:00,,0.35043672409348314,1
2026-06-24 14:33:00,,0.04468489322076143,0
2026-07-01 13:27:00,,0.3364778009411743,0
2026-07-10 13:05:00,,0.32230779007953303,0
2026-07-17 13:19:00,,0.3229957513140537,0
2026-05-27 13:14:00,,0.2929996494108266,0
2026-06-02 09:50:00,,0.33061449298547707,0
2026-06-25 10:10:00,,0.3285193713862588,0
2026-07-06 13:23:00,,0.24915397287367372,0
2026-07-21 10:08:00,,0.21261705098821362,1
2026-07-22 09:54:00,,0.3241085202905274,1
2026-08-03 13:36:00,,0.19939911439610064,1
2026-08-10 14:40:00,,0.09626005908142103,0
2026-08-12 14:03:00,,0.20101292849856817,0
2026-08-21 14:18:00,,0.160649338661606,0
2026-08-27 10:50:00,,0.3441847653719921,1
2026-09-03 14:03:00,,0.18225096325738996,0
2026-05-27 11:19:00,,0.29269132086567323,0
2026-05-29 14:27:00,,0.5543395422758819,1
2026-06-10 10:46:00,,0.2811715079781138,0
2026-07-08 13:31:00,,0.29361040374141895,0
2026-07-17 10:22:00,,0.5566534785642105,0
2026-08-25 11:11:00,,0.2583000128875797,1
2026-09-02 14:11:00,,0.17561571829412906,0
2026-06-03 13:43:00,,0.2692787325111875,0
2026-06-23 13:41:00,,0.3210592992327551,0
2026-06-25 10:54:00,,0.3471290145084555,0
2026-07-15 09:48:00,,0.4565239682587184,0
2026-05-21 14:53:00,,0.6546763319637445,1
2026-06-01 14:21:00,,0.2695629345200755,0
2026-06-08 13:03:00,,0.3623236013785967,0
2026-06-09 14:56:00,,0.33630894453687,0
2026-06-15 11:06:00,,0.43602527955993464,0
2026-07-20 14:24:00,,0.35759418451400765,1
2026-07-24 10:07:00,,0.3873280937464022,0
2026-08-10 11:04:00,,0.44259014259637414,0
2026-08-12 14:42:00,,0.30294872188078986,0
2026-08-20 11:12:00,,0.48328997632210613,1
2026-07-28 14:22:00,,0.1439916280764216,0
2026-07-31 13:29:00,,0.28413282090468317,0
2026-08-19 14:14:00,,0.5570486615989788,0
2026-06-15 14:48:00,,0.09166304201685682,0
2026-06-26 10:21:00,,0.3227469642898996,0
2026-07-06 13:54:00,,0.1251752820487531,0
2026-07-21 10:36:00,,0.32931873142533347,0
2026-08-11 10:00:00,,0.26916057901775675,0
2026-08-11 11:17:00,,0.23418533401026134,0
2026-08-11 14:49:00,,0.09432291273090354,0
2026-08-21 09:36:00,,0.36277018710919584,0
2026-08-25 11:04:00,,0.254398281778671,0
2026-08-28 13:23:00,,0.20572170626842115,1
2026-06-03 13:02:00,,0.3462763198685745,0
2026-06-09 13:42:00,,0.3153061986293571,0
2026-06-10 13:39:00,,0.3046232932082554,0
2026-07-14 14:32:00,,0.23091139983218523,1
2026-07-30 14:06:00,,0.240188254607918,1
2026-08-18 14:23:00,,0.21397528844592406,0
2026-08-24 13:06:00,,0.2458909853489252,0
2026-08-10 14:41:00,,0.15534734165343672,0
2026-08-13 14:12:00,,0.14957059540290094,0
2026-08-31 09:30:00,,0.4135482014501497,0
2026-06-03 11:19:00,,0.3620571576740234,0
2026-06-05 11:10:00,,0.35530927784389327,0
2026-06-11 10:14:00,,0.36308330738094563,1
2026-06-18 13:11:00,,0.3600769482564099,0
2026-06-26 14:51:00,,0.39208991208637894,0
2026-07-15 09:38:00,,0.3752625076466373,0
2026-07-16 14:00:00,,0.2885899121547286,0
2026-08-05 09:59:00,,0.3899675806778346,0
2026-08-05 10:09:00,,0.36285312122273267,1
2026-08-21 10:37:00,,0.31305499099770706,1
2026-08-24 14:13:00,,0.22447502881026407,0
2026-05-21 09:35:00,,0.28351835976024736,0
2026-05-22 11:10:00,,0.2158952752988652,0
2026-06-08 13:41:00,,0.22205137059881672,1
2026-06-11 13:26:00,,0.1916252945515767,0
2026-06-23 13:13:00,,0.2193814310012011,0
2026-07-23 13:27:00,,0.2178786311991739,0
2026-06-03 13:18:00,,0.21735668438467662,0
2026-06-03 13:54:00,,0.16616863244314545,0
2026-06-03 14:32:00,,0.11314662378530956,0
2026-06-05 14:47:00,,0.1038409280509225,0
2026-06-10 14:24:00,,0.1397041833597973,0
2026-07-06 13:41:00,,0.2433392995329947,0
2026-07-06 13:42:00,,0.24341573103194059,0
2026-07-10 14:24:00,,0.13462275041942628,0
2026-07-27 11:25:00,,0.198909521336087,0
2026-08-14 11:01:00,,0.19978363477788671,0
2026-08-17 10:31:00,,0.21717421772375609,0
2026-05-26 11:09:00,,0.2107312292537645,0
2026-06-08 10:15:00,,0.34082327502769755,0
2026-06-16 14:02:00,,0.15360769485884343,0
2026-06-22 14:14:00,,0.21681984820184713,0
2026-06-26 13:27:00,,0.23448898372588792,0
2026-07-01 09:56:00,,0.3038602501494599,1
2026-07-09 10:53:00,,0.2201143245608901,1
2026-07-22 11:05:00,,0.29863219920652695,0
2026-07-22 14:46:00,,0.1212134074868639,0
2026-07-27 13:12:00,,0.1803319132578299,0
2026-08-18 11:01:00,,0.17424502745056072,0
2026-05-28 13:54:00,,0.2946977635978779,0
2026-06-12 14:09:00,,0.2548855589249309,1
2026-06-15 11:16:00,,0.23741207345784743,0
2026-07-07 14:22:00,,0.23207273587384536,0
2026-07-16 10:01:00,,0.34705379472505343,0
2026-08-05 14:06:00,,0.297570689877411,0
2026-08-19 09:47:00,,0.3210017622598317,0
2026-06-01 13:16:00,,0.3188695738478786,1
2026-06-18 09:43:00,,0.35402881998495606,0
2026-06-18 10:02:00,,0.36479868329351683,0
2026-06-29 13:33:00,,0.2802415173632922,0
2026-07-10 13:45:00,,0.2825266757533003,1
2026-07-27 14:12:00,,0.24820099516334457,0
2026-08-05 14:31:00,,0.23671507152006882,0
2026-08-07 14:53:00,,0.14155409490572113,0
2026-08-13 09:59:00,,0.31656895756317166,0
2026-08-21 14:32:00,,0.1502861870237855,0
2026-06-26 11:29:00,,0.2648555721692639,1
2026-07-27 13:53:00,,0.14056503103804235,0
2026-08-11 14:16:00,,0.11646797393370739,0
2026-08-21 11:04:00,,0.1789525643630933,0
2026-08-25 10:06:00,,0.30355091148284286,0
2026-05-21 11:10:00,,0.31641413789420736,0
2026-06-04 13:22:00,,0.37654407390583317,1
2026-07-27 13:20:00,,0.36800384820353976,0
2026-08-24 10:29:00,,0.3767194497653678,0
2026-05-21 14:00:00,,0.1613614519701874,0
2026-05-27 13:13:00,,0.21629288737052726,0
2026-06-03 13:49:00,,0.17749877097740518,0
2026-07-10 10:28:00,,0.30957856543202494,0
2026-07-30 14:48:00,,0.15533310312287282,0
2026-08-10 11:17:00,,0.31830116914410017,0
2026-08-17 11:18:00,,0.2532957305444674,0
2026-08-21 14:06:00,,0.12357223170916773,0
2026-08-25 11:00:00,,0.22920096938653015,0
2026-08-28 14:04:00,,0.14761333997625722,0
2026-06-01 13:02:00,,0.20807805304082042,0
2026-06-08 14:43:00,,0.23234843594575608,0
2026-07-09 10:56:00,,0.3685063761837803,0
2026-07-23 13:39:00,,0.2525565874110011,0
2026-07-30 11:17:00,,0.28429124058894056,0
2026-07-30 13:22:00,,0.2942104646257181,0
2026-07-31 10:26:00,,0.25258230682024085,1
2026-08-05 14:49:00,,0.10464394823689478,0
2026-08-13 09:31:00,,0.34938836706392884,1
2026-08-14 14:27:00,,0.2559570752001445,0
2026-08-18 10:12:00,,0.3819107901394076,0
2026-09-01 10:37:00,,0.306949843417254,0
2026-09-01 11:29:00,,0.22574155350384004,0
2026-09-03 14:17:00,,0.09827250192631513,0
2026-06-04 10:53:00,,0.2713530834771339,0
2026-06-09 10:25:00,,0.38442348255481334,0
2026-06-30 13:46:00,,0.2583615026851209,0
2026-07-01 14:43:00,,0.29654764858063976,0
2026-07-07 10:06:00,,0.36071521795442657,1
2026-07-22 14:41:00,,0.1604528129939804,1
2026-08-04 10:35:00,,0.30827145690358315,0
2026-08-13 14:31:00,,0.14047417869024714,0
2026-08-26 10:34:00,,0.3427929852187523,0
2026-06-02 11:01:00,,0.28779585563360205,1
2026-06-03 09:42:00,,0.374061482759864,0
2026-06-30 14:24:00,,0.23059536040200734,0
2026-07-03 14:42:00,,0.2772163969930567,0
2026-07-21 09:54:00,,0.3804130630276925,1
2026-05-28 10:57:00,,0.3243635029057025,1
2026-05-29 11:02:00,,0.29860431222783407,0
2026-06-03 11:10:00,,0.2923110303945733,0
2026-06-11 14:53:00,,0.14481950740060998,1
2026-06-24 13:55:00,,0.354998100436371,0
2026-07-01 14:01:00,,0.29203918103708654,0
2026-07-01 14:30:00,,0.20756625696561598,0
2026-07-21 10:04:00,,0.35674343334156683,0
2026-07-24 14:55:00,,0.215545540117203,0
2026-08-17 13:37:00,,0.26650179606979063,1
2026-08-27 10:12:00,,0.3282568427932954,1
2026-05-25 13:25:00,,0.3140906916633203,0
2026-06-12 09:39:00,,0.36727047451703426,1
2026-06-16 14:23:00,,0.20719649464545686,0
2026-06-17 13:26:00,,0.24271787484051707,1
2026-06-18 11:24:00,,0.2820905052853457,0
2026-07-14 10:39:00,,0.3449259292783711,0
2026-07-15 13:39:00,,0.3930754138577692,0
2026-08-28 10:15:00,,0.33471400347695435,0
2026-08-06 10:07:00,,0.3881822340533602,0
2026-08-12 13:27:00,,0.376048285584789,1
2026-08-18 14:23:00,,0.26391236761374975,0
2026-07-21 10:46:00,,0.30189870569079735,1
2026-07-27 09:32:00,,0.41203788269893876,1
2026-07-28 13:25:00,,0.231122940926501,1
2026-08-26 14:36:00,,0.11577464661621566,0
2026-09-03 10:46:00,,0.27526735158022353,0
2026-05-27 11:00:00,,0.5793995713055915,1
2026-05-29 13:34:00,,0.17686712990178405,0
2026-06-09 13:58:00,,0.6045191315019796,1
2026-06-17 10:49:00,,0.36654735746578804,0
2026-06-22 13:09:00,,0.36292678451486327,1
2026-07-08 11:00:00,,0.44769479446510596,0
2026-07-09 13:21:00,,0.2612104617818811,1
2026-07-28 13:13:00,,0.43560632940587063,0
2026-08-07 14:38:00,,0.19180054858764128,0
2026-05-22 13:19:00,,0.6454456902234125,0
2026-06-02 13:09:00,,0.28913376311280486,0
2026-06-12 13:20:00,,0.33674068785380484,0
2026-06-12 14:02:00,,0.19162273736456079,0
2026-07-20 14:35:00,,0.5993940376276938,1
2026-08-24 09:37:00,,0.3757703907413527,0
2026-05-29 14:19:00,,0.2498698673971231,0
2026-06-08 09:31:00,,0.4810486127552011,1
2026-06-09 14:38:00,,0.2274587544759004,0
2026-06-11 11:18:00,,0.38439849085899536,0
2026-06-18 14:40:00,,0.17740956849715617,0
2026-07-31 11:28:00,,0.2282749196735195,1
2026-08-05 14:08:00,,0.23727887179349716,0
2026-08-17 13:33:00,,0.276215181905266,0
2026-06-05 11:28:00,,0.4425846648072477,0
2026-06-16 10:51:00,,0.3378349357161473,0
2026-07-06 14:44:00,,0.2236291558937757,0
2026-07-17 13:15:00,,0.34691895080723056,0
2026-07-23 14:35:00,,0.16882180302799013,0
2026-08-04 13:48:00,,0.1907581846457767,0
2026-08-17 10:15:00,,0.3457752376701858,1
2026-05-27 14:32:00,,0.15415882508602544,1
2026-07-08 10:32:00,,0.3582234868047979,0
2026-07-13 14:14:00,,0.3238244594929473,0
2026-07-21 10:12:00,,0.41077059269406124,1
2026-07-21 14:59:00,,0.14462279907312348,0
2026-07-28 14:11:00,,0.5254491672499885,0
2026-08-14 14:50:00,,0.20685073430476822,1
2026-08-25 09:51:00,,0.33707294694341716,1
2026-08-25 11:29:00,,0.31115120880086483,1
2026-09-03 15:00:00,,0.2338307337325487,0
2026-05-22 11:29:00,,0.28128036205136503,1
2026-06-15 10:56:00,,0.3510940089716999,1
2026-06-15 14:08:00,,0.1686140595783934,0
2026-06-16 14:59:00,,0.3221740376894773,0
2026-07-09 13:50:00,,0.28145326755300865,1
2026-07-10 10:03:00,,0.3599391028346334,0
2026-07-30 10:30:00,,0.3605790153454859,1
2026-07-31 14:56:00,,0.3310904392256333,0
2026-08-17 14:18:00,,0.2711804398953969,0
2026-09-01 10:46:00,,0.2514943204281321,0
2026-06-15 11:29:00,,0.2021754993372177,1
2026-06-22 13:05:00,,0.1880452654098843,1
2026-06-26 11:10:00,,0.25574819551994105,0
2026-07-03 10:33:00,,0.13854604286628106,0
2026-07-07 14:57:00,,0.09174030338746862,0
2026-07-14 13:41:00,,0.20366448804282467,0
2026-07-29 11:02:00,,0.1966961566604488,0
2026-08-07 13:12:00,,0.15632498343451598,0
2026-07-10 10:40:00,,0.3782112807678509,1
2026-08-12 09:59:00,,0.3685743095926765,1
2026-08-17 13:55:00,,0.14963976156142772,1
2026-08-26 14:14:00,,0.18203892076116765,0
2026-05-21 10:29:00,,0.40900494598144077,0
2026-06-23 10:18:00,,0.4994638228498498,0
2026-07-02 09:51:00,,0.42960637141405267,0
2026-07-02 14:02:00,,0.21348318951704365,0
2026-07-15 14:32:00,,0.2207373555117527,0
2026-07-16 13:26:00,,0.36977918355602163,0
2026-07-23 14:02:00,,0.33193596181164103,0
2026-08-13 10:09:00,,0.3970304583821507,0
2026-08-28 13:18:00,,0.3426585650286437,0
2026-08-31 14:02:00,,0.20272834072333962,0
2026-09-01 09:58:00,,0.45290142317475024,0
2026-09-03 09:47:00,,0.29984187114997923,0
2026-05-28 14:10:00,,0.2036663980871749,0
2026-06-11 14:01:00,,0.19054951360199754,1
2026-06-18 09:30:00,,0.36586682486059846,1
2026-07-07 10:51:00,,0.33556441262973,0
2026-07-21 09:46:00,,0.3583218433369003,1
2026-08-06 10:36:00,,0.3203647024084791,0
2026-08-06 13:34:00,,0.2503252993596334,1
2026-08-11 10:31:00,,0.2650879288534609,0
2026-05-26 10:15:00,,0.3205655652937409,0
2026-06-02 09:37:00,,0.36983557014427365,0
2026-06-09 10:54:00,,0.35393572087691094,0
2026-07-10 14:51:00,,0.16562894590656954,1
2026-07-20 13:39:00,,0.31853286313748064,0
2026-07-21 10:15:00,,0.4178019931603503,1
2026-07-31 09:55:00,,0.46632511405432736,0
2026-08-21 13:18:00,,0.31924014589976535,0
2026-08-31 10:29:00,,0.3251078362433612,1
2026-05-21 10:41:00,,0.3955666238685531,0
2026-06-10 14:37:00,,0.5902646293241791,0
2026-06-23 10:18:00,,0.3829954603171675,0
2026-06-25 14:42:00,,0.1564770147117526,0
2026-07-16 14:07:00,,0.2983619009047547,0
2026-07-20 13:22:00,,0.352529694075207,0
2026-08-03 14:52:00,,0.11674186251343309,0
2026-08-11 14:45:00,,0.11201867473865346,0
2026-08-19 10:34:00,,0.28568647866564584,0
2026-05-28 13:46:00,,0.27145759402326586,1
2026-06-09 14:24:00,,0.19414566097381175,0
2026-06-15 10:26:00,,0.34757830777318494,0
2026-06-18 14:47:00,,0.12547623904539681,0
2026-07-20 10:21:00,,0.45103743618260744,0
2026-07-28 13:28:00,,0.3170236847854438,1
2026-07-30 10:09:00,,0.36594246152973026,0
2026-08-03 10:33:00,,0.3257367812208689,1
2026-08-03 11:05:00,,0.3749051360993736,1
2026-08-04 11:12:00,,0.31622065919281206,0
2026-09-03 11:20:00,,0.2781131612338173,0
2026-05-25 13:17:00,,0.2772917532802635,0
2026-05-29 11:08:00,,0.29217922900504983,0
2026-06-24 14:45:00,,0.2778063634459934,1
2026-07-17 13:07:00,,0.2630772843960799,0
2026-07-27 09:43:00,,0.32240643614824355,1
2026-08-04 13:36:00,,0.27208256125589597,0
2026-08-06 13:42:00,,0.18694139416846503,0
2026-08-10 11:25:00,,0.3472214063477335,0
2026-08-20 10:35:00,,0.23948265064716595,0
2026-08-27 13:53:00,,0.25028761455518533,1
2026-06-11 10:23:00,,0.383952831079948,1
2026-06-25 14:59:00,,0.17538916403935328,0
2026-07-01 09:42:00,,0.39995048803414823,1
2026-07-06 10:04:00,,0.3875396827052284,0
2026-07-09 10:28:00,,0.3937345736990326,0
2026-08-11 14:54:00,,0.2288024024548704,0
2026-08-14 09:49:00,,0.36623952882948857,0
2026-08-28 09:31:00,,0.40057724595969507,0
2026-06-24 10:21:00,,0.3144192520254497,0
2026-06-26 10:22:00,,0.3907511507165671,0
2026-06-29 13:17:00,,0.3018655982725726,1
2026-07-17 09:51:00,,0.36702854016363334,0
2026-07-21 11:03:00,,0.3214210624507837,1
2026-08-04 13:37:00,,0.2516471738059613,1
2026-08-17 10:56:00,,0.2706949241411271,1
2026-08-17 11:08:00,,0.23811356510250772,1
2026-08-28 14:42:00,,0.19949107059306515,0
2026-09-02 09:32:00,,0.3856618800682609,0
2026-05-29 11:09:00,,0.24145802536868707,0
2026-06-02 10:11:00,,0.2505363624269521,0
2026-06-15 13:20:00,,0.26508598168407876,1
2026-06-18 14:16:00,,0.16404163909054265,0
2026-06-26 14:11:00,,0.3029561996982331,0
2026-07-13 14:21:00,,0.10307544361823373,0
2026-07-24 13:17:00,,0.2408346467342557,0
2026-07-30 14:07:00,,0.18638208995791605,0
2026-08-05 14:32:00,,0.11246130284034178,0
2026-08-18 09:34:00,,0.29054255088452263,0
2026-08-20 11:12:00,,0.21675793421274686,0
2026-08-21 10:51:00,,0.3323730764818054,0
2026-09-01 10:45:00,,0.29748809311621843,0
2026-09-01 11:08:00,,0.2494618812582299,0
2026-06-02 09:52:00,,0.3673975396826609,0
2026-06-18 14:01:00,,0.23201954443326117,0
2026-07-06 13:22:00,,0.22455988309671396,0
2026-08-20 11:23:00,,0.23799462154376336,0
2026-05-21 10:06:00,,0.32444171175528885,0
2026-05-25 10:18:00,,0.318613863306594,0
2026-06-23 13:08:00,,0.28434224636151806,0
2026-07-21 09:32:00,,0.3918554215976302,1
2026-07-28 11:19:00,,0.30502491496262285,0
2026-07-29 11:17:00,,0.34489491634827857,0
2026-08-05 10:17:00,,0.3617528442481648,0
2026-08-31 14:20:00,,0.1977439299261596,1
2026-09-01 13:02:00,,0.29220220845987577,0
2026-05-25 14:30:00,,0.11274052931122583,0
2026-05-26 10:37:00,,0.21829711850840802,1
2026-06-05 13:55:00,,0.09981437072046566,0
2026-06-08 14:48:00,,0.1337709899835543,0
2026-06-09 10:20:00,,0.2047386227189956,0
2026-06-16 09:41:00,,0.2603270690491451,0
2026-06-30 14:27:00,,0.09082141613806245,0
2026-07-13 10:13:00,,0.25328680548831817,0
2026-06-03 15:00:00,,0.13688694046754168,0
2026-06-11 14:43:00,,0.2131624182205011,1
2026-06-12 14:34:00,,0.32333145856623013,0
2026-07-08 11:30:00,,0.3317992253078109,0
2026-07-08 13:16:00,,0.2743125185533335,0
2026-07-17 14:33:00,,0.19557755513470726,0
2026-08-06 10:29:00,,0.29490413709764934,0
2026-08-10 10:43:00,,0.26724839037969517,1
2026-06-02 09:56:00,,0.34692219200751784,1
2026-06-03 10:49:00,,0.26825341251576906,0
2026-06-17 13:34:00,,0.2636548361658583,1
2026-08-11 13:19:00,,0.2388884301426752,0
2026-08-17 11:21:00,,0.28654410088902227,1
2026-09-02 13:23:00,,0.2658828573024522,1
2026-05-21 14:43:00,,0.5799741965904747,0
2026-05-22 10:02:00,,0.27274769511961133,1
2026-05-28 10:36:00,,0.25082904978634296,1
2026-05-29 10:09:00,,0.36307033912834663,1
2026-07-01 14:53:00,,0.1403106840596502,0
2026-07-10 14:40:00,,0.3319214099439061,1
2026-07-16 13:49:00,,0.20250710319695625,0
2026-07-17 09:30:00,,0.35650679608371594,0
2026-08-03 11:23:00,,0.27850811272398496,1
2026-08-04 13:56:00,,0.1352791340755403,1
2026-08-12 14:12:00,,0.21614855362035412,0
2026-08-14 13:19:00,,0.21467777298698812,1
2026-08-14 14:28:00,,0.1241333300637841,0
2026-08-18 14:02:00,,0.1723875973856053,0
2026-08-25 14:34:00,,0.17739787143271835,0
2026-05-27 10:46:00,,0.3099494362184811,0
2026-06-24 13:31:00,,0.2751113237228287,0
2026-06-29 13:23:00,,0.4226423048142591,1
2026-07-02 14:12:00,,0.129754720434093,0
2026-07-03 09:34:00,,0.3952052602049509,0
2026-07-07 14:08:00,,0.16595985973344482,0
2026-07-21 09:48:00,,0.33195094707345696,0
2026-07-24 13:09:00,,0.30247737402971087,0
2026-08-27 11:14:00,,0.27858037003249236,0
2026-06-01 13:35:00,,0.39985495096075246,0
2026-06-16 13:42:00,,0.33389649662496135,0
2026-07-08 14:22:00,,0.2312532814036955,0
2026-07-30 09:55:00,,0.4257613695783016,0
2026-07-30 10:52:00,,0.3979038465672824,0
2026-08-18 09:31:00,,0.4463256979151971,0
2026-09-01 14:46:00,,0.6216194920368859,1
2026-05-28 10:56:00,,0.16409310861891274,0
2026-06-04 13:30:00,,0.16927272866221657,0
2026-06-08 09:37:00,,0.25695707091102804,0
2026-06-08 14:43:00,,0.09826242308740955,0
2026-06-15 14:53:00,,0.08580935065347534,0
2026-07-17 13:53:00,,0.23033946519341772,0
2026-07-23 09:58:00,,0.28675442128020684,1
2026-08-14 13:31:00,,0.18496540488250277,0
2026-08-31 14:36:00,,0.12220805308266207,0
2026-06-10 10:52:00,,0.3396577588543327,1
2026-06-11 10:30:00,,0.3102306168567347,1
2026-06-24 09:38:00,,0.41711794813596975,0
2026-06-24 10:56:00,,0.3060547992308357,0
2026-07-03 10:53:00,,0.3726371439404417,0
2026-08-10 14:45:00,,0.15790177013253398,0
2026-08-14 13:07:00,,0.3383271223916989,1
2026-06-12 13:35:00,,0.32281315687614565,0
2026-06-16 13:12:00,,0.30331141711240905,0
2026-06-26 13:24:00,,0.3242364235053655,0
2026-07-07 11:10:00,,0.3174846756509,0
2026-07-22 10:18:00,,0.370885565159419,0
2026-08-06 10:54:00,,0.3410155677018275,0
2026-08-31 10:48:00,,0.3055713278359726,1
2026-08-31 14:00:00,,0.27219264070036076,1
2026-09-02 13:35:00,,0.2698052087972936,0
2026-05-21 13:25:00,,0.2447952202346927,0
2026-05-28 10:31:00,,0.3000772963614969,0
2026-06-22 14:02:00,,0.2541538227804691,0
2026-07-20 14:26:00,,0.3091712044709823,1
2026-07-23 14:16:00,,0.1671286395478639,0
2026-08-25 09:33:00,,0.30111487637862483,1
2026-09-01 09:42:00,,0.29938802233014183,0
2026-09-03 14:00:00,,0.17519613964213251,0
2026-06-05 10:23:00,,0.3696594813847324,0
2026-06-15 14:46:00,,0.12567751145148984,1
2026-06-22 10:46:00,,0.4381133803445584,1
2026-06-23 11:10:00,,0.3858702097195531,0
2026-07-02 09:49:00,,0.4076057143639924,0
2026-07-02 10:26:00,,0.34331434842747194,0
2026-07-06 13:13:00,,0.35229034603910464,0
2026-07-08 14:22:00,,0.301895706802519,1
2026-08-14 11:05:00,,0.30156731777689255,1
2026-06-08 10:10:00,,0.33347251214497164,0
2026-06-15 10:27:00,,0.33636097567460926,0
2026-06-15 13:23:00,,0.3180695821092248,0
2026-07-08 13:07:00,,0.24614139367489138,0
2026-07-28 14:24:00,,0.21383387330279485,0
2026-07-30 13:31:00,,0.3061695080389799,0
2026-08-13 10:19:00,,0.3736677829324662,0
2026-08-18 09:52:00,,0.3547365143219043,1
2026-05-27 10:45:00,,0.2971773875684992,0
2026-06-17 14:39:00,,0.2685230780981835,0
2026-07-02 14:18:00,,0.24462307699975033,0
2026-08-07 13:34:00,,0.26316044125629695,1
2026-08-11 10:40:00,,0.36324154696738586,0
2026-05-25 11:20:00,,0.24371188590255322,0
2026-05-25 13:52:00,,0.2833897299953814,1
2026-06-03 14:55:00,,0.16251155729497477,0
2026-06-04 14:13:00,,0.21519598953088673,0
2026-06-24 09:32:00,,0.40533415728405575,0
2026-07-09 10:51:00,,0.32395367297904126,0
2026-07-09 14:27:00,,0.21238589125587523,1
2026-07-23 10:04:00,,0.4378262498010757,1
2026-07-28 09:43:00,,0.3930277211137698,1
2026-07-28 13:31:00,,0.24813887727530728,1
2026-08-05 13:37:00,,0.2605470935809011,0
2026-05-25 13:31:00,,0.3448747122625787,1
2026-06-12 10:40:00,,0.32889227582054986,0
2026-06-16 10:20:00,,0.3267150536601032,1
2026-06-16 10:35:00,,0.3578888612572908,1
2026-06-24 10:28:00,,0.4210122075811284,0
2026-07-16 10:41:00,,0.37923932477036365,0
2026-08-04 13:22:00,,0.2228493312348458,0
2026-08-07 14:15:00,,0.17121417387081972,0
2026-08-18 14:25:00,,0.5377569470319141,0
2026-09-01 10:04:00,,0.36494738100928514,0
2026-06-26 11:09:00,,0.3462115143166467,0
2026-07-28 13:14:00,,0.35678806351808756,0
2026-07-30 10:00:00,,0.32216847330201054,0
2026-07-31 09:32:00,,0.40462783565730226,1
2026-07-31 10:49:00,,0.28706744167269205,0
2026-08-07 14:40:00,,0.19332437179193093,0
2026-08-13 13:55:00,,0.21075445319234534,0
2026-08-21 13:40:00,,0.3312452562339968,0
2026-06-08 14:28:00,,0.17893900959465878,1
2026-07-08 10:15:00,,0.39145231017175763,1
2026-07-09 10:41:00,,0.3170785601214155,0
2026-07-29 11:08:00,,0.31114000568187855,1
2026-09-01 09:39:00,,0.3254818781620402,1
2026-05-25 10:27:00,,0.35459630806448783,0
2026-05-25 13:57:00,,0.2683511785451494,0
2026-06-09 10:13:00,,0.3318800118874258,0
2026-06-12 09:53:00,,0.34766080601479576,0
2026-06-15 13:40:00,,0.22174494666188363,0
2026-07-01 10:02:00,,0.37304347701831314,1
2026-08-10 13:26:00,,0.2869591455304896,0
2026-08-25 14:51:00,,0.17537266207302274,0
2026-06-29 14:17:00,,0.27641559217730344,0
2026-06-30 13:01:00,,0.2040242486469029,0
2026-07-06 13:12:00,,0.25297121134017436,0
2026-07-08 13:59:00,,0.22038581831669798,0
2026-07-09 14:38:00,,0.1796175533603923,0
2026-07-10 14:12:00,,0.1517474885948593,0
2026-07-13 10:23:00,,0.32414201055459385,0
2026-08-04 13:12:00,,0.15995604104053812,0
2026-08-17 14:36:00,,0.14338321331861847,0
2026-08-27 14:10:00,,0.15313807739382806,1
2026-08-31 10:22:00,,0.3303322384158152,1
2026-05-27 13:58:00,,0.25592657125103335,0
2026-06-09 10:01:00,,0.3427316206404443,0
2026-06-12 11:03:00,,0.3331622840561442,0
2026-06-12 14:52:00,,0.13084920000446731,1
2026-06-23 11:20:00,,0.3372544520635795,0
2026-07-02 14:47:00,,0.29517880023494936,0
2026-07-03 09:56:00,,0.3929380488849164,1
2026-07-08 13:15:00,,0.2623555917327991,0
2026-07-08 14:50:00,,0.15345519879490271,0
2026-07-24 13:34:00,,0.29451424879402577,0
2026-08-03 13:35:00,,0.3031439032881725,1
2026-08-17 13:27:00,,0.19360014935935727,1
2026-08-19 10:39:00,,0.2864783299376194,0
2026-08-20 13:07:00,,0.26766043605437423,0
2026-08-20 13:40:00,,0.2880398559194658,1
2026-08-26 14:32:00,,0.23751887414764286,0
2026-06-17 10:43:00,,0.3242511284451159,0
2026-06-23 14:23:00,,0.3518488875129161,0
2026-06-24 13:21:00,,0.2823373835346702,0
2026-07-09 14:16:00,,0.22142091322220545,0
2026-07-15 14:29:00,,0.16808078695195308,0
2026-08-18 13:08:00,,0.24241475548577907,0
2026-08-24 13:36:00,,0.2899284126097017,1
2026-09-01 11:23:00,,0.2901312699206623,0
2026-09-02 10:36:00,,0.29858427306441937,1
2026-06-22 09:56:00,,0.38928716459351576,1
2026-08-13 10:02:00,,0.3286106798893776,0
2026-06-25 14:44:00,,0.1282047830724951,0
2026-07-08 13:29:00,,0.1519203189059541,0
2026-07-28 14:23:00,,0.13627286925368018,0
2026-08-17 13:55:00,,0.1625468255685513,0
2026-08-17 14:08:00,,0.1782763463334647,0
2026-05-21 13:41:00,,0.22013794020139282,0
2026-06-09 10:26:00,,0.2699765857155403,0
2026-07-21 14:54:00,,0.2988187822790978,0
2026-07-28 14:27:00,,0.14382494473889568,0
2026-07-30 14:39:00,,0.14615284589133065,0
2026-07-31 14:19:00,,0.16356199584936382,0
2026-08-03 09:50:00,,0.33977641816733284,0
2026-08-04 11:15:00,,0.220004103304541,0
2026-08-05 10:14:00,,0.26282263568567654,0
2026-08-19 13:15:00,,0.28172275898772353,0
2026-08-25 13:15:00,,0.209560938195547,0
2026-06-26 10:45:00,,0.32449773703074786,0
2026-06-30 13:26:00,,0.5603315362936865,0
2026-07-06 09:38:00,,0.34155646482854624,0
2026-07-16 10:25:00,,0.2958252466544481,0
2026-07-16 14:39:00,,0.3305962160735792,0
2026-07-17 15:00:00,,0.27433766226745987,0
2026-07-21 13:59:00,,0.23649935911644865,0
2026-08-03 10:39:00,,0.3483286714436051,0
2026-08-07 09:38:00,,0.32856458382389625,0
2026-08-17 14:27:00,,0.1640586352892833,0
2026-08-18 10:52:00,,0.29792188328387165,0
2026-05-21 10:58:00,,0.3368835603429285,0
2026-05-21 13:33:00,,0.26820801221024465,0
2026-05-29 11:04:00,,0.36828450778879085,0
2026-06-29 11:19:00,,0.3899946310610044,0
2026-07-09 10:00:00,,0.3847188897643888,1
2026-07-16 11:16:00,,0.28603100298436185,0
2026-08-03 13:13:00,,0.3019764890807786,1
2026-08-20 13:53:00,,0.27415011259082595,1
2026-06-05 10:29:00,,0.34257859329328955,0
2026-06-16 15:00:00,,0.16208899917318875,1
2026-06-23 09:46:00,,0.4724761496165567,0
2026-06-25 10:45:00,,0.3293012524576373,0
2026-08-03 11:28:00,,0.3483355839255822,1
2026-08-04 10:47:00,,0.37635175347585353,0
2026-08-04 14:04:00,,0.2698574804141195,0
2026-08-14 09:48:00,,0.39396202930046137,0
2026-08-14 10:36:00,,0.3064073644665984,0
2026-08-18 09:39:00,,0.4178577731051392,0
2026-08-31 13:34:00,,0.36537449581550385,1
2026-05-28 14:07:00,,0.37991445626646697,0
2026-06-04 14:08:00,,0.27852492151412844,0
2026-06-16 14:40:00,,0.27118067521780237,1
2026-06-17 14:07:00,,0.566836123054281,1
2026-08-11 09:38:00,,0.39655511350105177,1
2026-08-11 14:01:00,,0.22670705192729942,0
2026-08-19 11:10:00,,0.32192589449916653,0
2026-08-21 13:45:00,,0.34936976248352175,1
2026-08-24 14:50:00,,0.23263680993709696,0
2026-05-22 10:36:00,,0.30156980329498856,1
2026-06-29 10:49:00,,0.38407548374638834,1
2026-07-03 14:13:00,,0.22601193034490002,0
2026-07-14 11:08:00,,0.30001695190070216,1
2026-08-19 09:59:00,,0.3627351445647306,0
2026-05-22 10:09:00,,0.4262648086931259,1
2026-06-22 10:49:00,,0.36950414770928625,1
2026-06-23 13:25:00,,0.3513077405418653,0
2026-07-10 10:08:00,,0.369623823527028,1
2026-07-13 11:28:00,,0.2698173544013559,1
2026-08-03 10:49:00,,0.5577387273327252,0
2026-08-17 09:30:00,,0.4832694686489728,0
2026-05-26 13:05:00,,0.29336673465075525,0
2026-06-10 10:31:00,,0.3438987785627208,1
2026-07-13 09:37:00,,0.36691304295918836,0
2026-07-15 14:59:00,,0.12794047426138394,0
2026-07-16 13:29:00,,0.25526996195253837,0
2026-07-20 14:45:00,,0.21922015342044432,1
2026-07-21 09:50:00,,0.4130473437672609,0
2026-07-23 10:45:00,,0.40929372498617,1
2026-07-28 14:55:00,,0.12343743532830692,0
2026-07-29 13:04:00,,0.30651210112146415,0
2026-08-07 09:43:00,,0.3820484885472257,0
2026-08-10 14:19:00,,0.283261150170964,0
2026-08-11 14:09:00,,0.26053359571275897,0
2026-09-02 13:29:00,,0.3083188404820245,0
2026-05-21 13:06:00,,0.29293409681896604,0
2026-05-26 10:17:00,,0.3464077362046179,1
2026-05-29 13:25:00,,0.3015751773178123,0
2026-06-02 13:10:00,,0.32438727887920554,0
2026-07-08 14:54:00,,0.3949818336648761,1
2026-08-03 09:42:00,,0.36388535554867635,1
2026-09-03 11:22:00,,0.32070517776109214,0
2026-06-04 10:55:00,,0.1987835690325261,0
2026-06-08 14:39:00,,0.14798674074056498,0
2026-06-11 10:03:00,,0.2580510601123617,0
2026-07-01 14:18:00,,0.17521681285941135,0
2026-08-17 14:59:00,,0.07780399022111062,0
2026-08-25 11:06:00,,0.22068939471561563,0
2026-05-22 13:19:00,,0.28463095689426143,0
2026-05-28 11:10:00,,0.3013756676233655,1
2026-06-12 14:34:00,,0.1549867389124605,0
2026-08-05 13:30:00,,0.25628121480603056,0
2026-09-02 10:33:00,,0.26940503561236306,1
2026-09-03 11:27:00,,0.22946575625073365,0
2026-06-05 13:12:00,,0.29915681743441536,0
2026-06-08 14:33:00,,0.21263458221487913,1
2026-06-09 13:36:00,,0.30333682651094146,0
2026-06-16 14:52:00,,0.1677174046154491,0
2026-07-21 09:54:00,,0.36296734481526344,0
2026-07-23 13:31:00,,0.26971282880826475,0
2026-07-24 14:24:00,,0.16506816147594083,0
2026-08-06 09:54:00,,0.35384239706064036,0
2026-08-31 13:15:00,,0.25476204005912134,1
2026-05-21 14:16:00,,0.19873760933106477,0
2026-06-12 13:36:00,,0.3602312220691466,1
2026-06-18 14:53:00,,0.16061750354680623,0
2026-06-23 14:28:00,,0.3106770382551884,1
2026-07-01 13:37:00,,0.22929311898247534,0
2026-07-27 11:20:00,,0.28428945248111803,1
2026-09-01 13:25:00,,0.2853578086150468,0
2026-05-28 13:12:00,,0.33902276084110095,1
2026-06-12 14:37:00,,0.20211119532665817,0
2026-07-07 13:17:00,,0.2994176081618029,0
2026-08-06 09:31:00,,0.37118697482783136,0
2026-08-10 14:08:00,,0.20951661568631938,0
2026-08-20 14:31:00,,0.19517005805065907,0
2026-05-29 11:05:00,,0.38248320201046127,0
2026-08-05 11:02:00,,0.32018155756493244,0
2026-08-12 14:15:00,,0.2630147111448978,1
2026-09-01 14:31:00,,0.18911347374490478,0
2026-06-10 10:13:00,,0.30113030775037497,0
2026-07-07 14:06:00,,0.2279598336429147,0
2026-07-10 13:50:00,,0.20561800817089923,0
2026-07-16 09:50:00,,0.30713500766839824,1
2026-07-20 11:09:00,,0.3249206628867866,0
2026-08-03 14:36:00,,0.14426143979209896,0
2026-08-21 13:45:00,,0.25368415712878495,0
2026-08-27 14:05:00,,0.14915586391731686,0
2026-08-31 10:18:00,,0.28392668177330066,0
2026-05-21 14:32:00,,0.36942121587072985,0
2026-06-02 14:56:00,,0.2887624118873933,0
2026-06-12 10:54:00,,0.3112736742976818,0
2026-06-25 14:51:00,,0.35339942071551883,1
2026-07-08 14:33:00,,0.17898856723382767,0
2026-07-13 13:45:00,,0.42885171922621385,0
2026-08-06 13:40:00,,0.32794471755454985,1
2026-05-28 11:14:00,,0.3290402678378462,1
2026-06-08 14:33:00,,0.23408781110053992,1
2026-06-18 13:33:00,,0.3694765147185455,0
2026-07-06 11:05:00,,0.29554001905237615,0
2026-07-15 10:34:00,,0.3722382389173752,0
2026-07-16 09:45:00,,0.4036772111319989,1
2026-07-24 11:29:00,,0.3659950295581788,0
2026-07-31 13:04:00,,0.29550255069330805,0
2026-08-06 14:00:00,,0.26835955402922584,1
2026-08-25 14:37:00,,0.19233483807024693,0
2026-05-22 13:11:00,,0.2440860665883059,0
2026-05-25 13:39:00,,0.26410348357142355,1
2026-06-03 13:20:00,,0.13815897483855652,0
2026-06-26 10:16:00,,0.2717715476842167,0
2026-06-26 13:34:00,,0.1973438799813081,0
2026-07-17 10:43:00,,0.3062110787040961,0
2026-08-07 14:59:00,,0.1882900315773685,0
2026-08-12 09:41:00,,0.22370435723578677,0
2026-05-22 13:13:00,,0.33199158032338194,1
2026-05-28 10:59:00,,0.30230138161612824,1
2026-06-03 14:37:00,,0.32711837624711504,0
2026-06-15 10:02:00,,0.37506209960978015,1
2026-06-16 13:25:00,,0.26740508283877074,0
2026-06-29 09:33:00,,0.3966471405025006,0
2026-07-01 14:50:00,,0.14125095286830086,0
2026-07-20 13:24:00,,0.28691300196858827,0
2026-07-23 13:17:00,,0.30458940786822425,0
2026-07-29 09:39:00,,0.3318110226984956,1
2026-08-11 10:47:00,,0.2816635660796374,0
2026-08-24 14:10:00,,0.24502087054903782,0
2026-08-28 10:11:00,,0.3218147915421179,1
2026-05-25 13:38:00,,0.22119138587196507,1
2026-05-27 14:34:00,,0.20469402526604683,0
2026-06-11 13:22:00,,0.27449483376255923,1
2026-06-24 11:11:00,,0.26838855768368863,0
2026-07-24 09:48:00,,0.3450321191761191,0
2026-08-18 10:30:00,,0.21545238477459508,0
2026-09-02 13:48:00,,0.1256804085275347,0
2026-05-26 09:55:00,,0.3036338675424756,0
2026-05-28 14:29:00,,0.14379680661078376,0
2026-06-12 10:41:00,,0.28466979399363096,1
2026-07-08 14:23:00,,0.1757899550821875,0
2026-07-20 14:40:00,,0.1424269822084527,0
2026-07-28 09:38:00,,0.33341788402208855,0
2026-08-28 10:50:00,,0.2405988022701243,0
2026-09-02 10:23:00,,0.2693042130977986,0
2026-05-27 10:32:00,,0.2475146690639283,0
2026-06-03 13:45:00,,0.18483107457853049,0
2026-06-17 14:29:00,,0.1552454894451143,0
2026-06-18 10:52:00,,0.2808451908811364,0
2026-07-06 09:54:00,,0.3679962411106261,1
2026-07-10 14:19:00,,0.1680783529951436,0
2026-07-16 10:09:00,,0.32675744492319636,0
2026-07-20 10:54:00,,0.2451338058190498,0
2026-07-31 14:35:00,,0.1741586300100125,0
2026-08-03 11:15:00,,0.21540787976485387,0
2026-08-06 13:14:00,,0.17275224443655626,0
2026-08-10 10:54:00,,0.26928251904632244,0
2026-08-10 11:03:00,,0.2183484460716503,0
2026-08-20 09:30:00,,0.2611390697443844,1
2026-05-28 10:18:00,,0.1621890717644805,0
2026-06-08 13:54:00,,0.1005679140654402,0
2026-06-08 14:11:00,,0.09645032111217489,0
2026-06-23 09:57:00,,0.2953900310137466,0
2026-07-13 10:03:00,,0.23136405225997997,0
2026-07-28 10:49:00,,0.13008009845902008,0
2026-07-28 14:11:00,,0.1803915188824327,0
2026-08-14 14:16:00,,0.07117587107296279,0
2026-05-27 11:18:00,,0.37253966587564546,0
2026-05-28 13:41:00,,0.2931416380614964,0
2026-06-05 09:32:00,,0.38492023419174015,0
2026-07-06 10:15:00,,0.3438401730834273,0
2026-07-20 09:51:00,,0.33291130773008587,0
2026-08-07 11:16:00,,0.308253775578973,0
2026-08-25 14:39:00,,0.2252040480781639,0
2026-06-26 14:01:00,,0.16731463825054366,0
2026-07-07 11:28:00,,0.2501767466981716,0
2026-07-16 14:24:00,,0.15701479817591268,0
2026-07-20 09:38:00,,0.37693536805696554,0
2026-07-22 14:04:00,,0.22899431320387462,0
2026-07-31 11:26:00,,0.26779029277561645,0
2026-08-03 13:28:00,,0.27044084755670866,0
2026-08-13 10:14:00,,0.21434569544471355,0
2026-08-14 14:14:00,,0.13220600104882702,0
2026-08-20 10:29:00,,0.23789584607810313,1
2026-05-25 09:54:00,,0.3578246074040025,0
2026-06-12 13:31:00,,0.3097898021813989,0
2026-07-16 11:00:00,,0.40110016446261604,0
2026-08-13 13:24:00,,0.27214871350601216,0
2026-08-25 10:47:00,,0.3166519411618706,0
2026-09-03 10:35:00,,0.2580356504986319,0
2026-05-26 11:27:00,,0.23008521406863566,1
2026-05-28 14:21:00,,0.1778501432018304,0
2026-05-28 14:28:00,,0.12909534684196422,0
2026-06-24 13:32:00,,0.23824401880797744,0
2026-06-25 14:30:00,,0.13998507434061774,0
2026-07-02 09:50:00,,0.31104445567526673,0
2026-07-15 13:59:00,,0.25698183663271695,0
2026-07-20 13:41:00,,0.29312648043567174,0
2026-05-25 11:18:00,,0.23654860534991523,0
2026-06-10 10:09:00,,0.27700213813518787,0
2026-07-14 13:44:00,,0.24948853063471316,0
2026-07-15 09:57:00,,0.32011585707429885,0
2026-07-20 13:46:00,,0.27154483649640965,1
2026-07-22 13:56:00,,0.19336572682500258,0
2026-07-31 13:27:00,,0.1450270717361659,0
2026-08-13 14:29:00,,0.1832412155973428,0
2026-08-20 14:53:00,,0.13088285727946905,0
2026-09-01 13:38:00,,0.23980985948628553,0
2026-05-27 10:30:00,,0.2890905778047111,0
2026-06-01 13:46:00,,0.2668744736429647,1
2026-06-09 10:24:00,,0.28612476058531905,1
2026-06-15 09:47:00,,0.358109653431576,0
2026-06-24 14:45:00,,0.15207239329928368,0
2026-07-14 10:22:00,,0.30673625033090074,1
2026-07-17 10:30:00,,0.3059684359504359,0
2026-08-03 09:32:00,,0.3639222304264305,1
2026-08-04 13:35:00,,0.2011406706913326,0
2026-08-07 09:48:00,,0.31314692353785,1
2026-08-07 10:41:00,,0.33804506044503246,0
2026-08-26 09:52:00,,0.3558402671386518,0
2026-08-26 09:57:00,,0.35490828017924986,0
2026-06-02 13:32:00,,0.24227084715434216,0
2026-06-02 13:42:00,,0.2215232018709865,0
2026-06-29 10:02:00,,0.3430358080709844,1
2026-06-29 10:42:00,,0.4052731113421277,0
2026-07-21 10:24:00,,0.3209605674191334,0
2026-07-22 09:37:00,,0.3466599070202073,0
2026-08-11 14:55:00,,0.14112060286499511,0
2026-08-12 14:20:00,,0.15242323367206273,0
2026-08-26 13:34:00,,0.24605379021610885,0
2026-06-25 14:32:00,,0.36023748759560237,0
2026-07-06 13:32:00,,0.3560445881850005,0
2026-07-10 10:36:00,,0.392703417487415,0
2026-08-12 13:04:00,,0.32915613826486356,1
2026-08-13 11:18:00,,0.3556060478478164,0
2026-08-18 14:15:00,,0.1938712664654627,0
2026-08-19 14:20:00,,0.36993860247081073,0
2026-08-25 10:19:00,,0.43407017072667065,1
2026-08-27 11:28:00,,0.309643774584406,1
2026-09-01 14:41:00,,0.18420308308560274,0
2026-05-21 10:01:00,,0.34013065320556085,0
2026-06-03 10:00:00,,0.3752910643338464,0
2026-06-09 10:46:00,,0.27889792845170364,0
2026-07-01 14:06:00,,0.254164492643009,1
2026-07-09 10:59:00,,0.34950905473963384,1
2026-07-10 09:50:00,,0.38815975242089773,1
2026-07-31 13:40:00,,0.2939371757675714,0
2026-05-29 10:22:00,,0.33297140539703435,0
2026-06-01 13:41:00,,0.2848818840891885,0
2026-06-08 14:59:00,,0.18671751758985294,1
2026-06-09 14:06:00,,0.19288686399343485,0
2026-06-15 13:06:00,,0.29819430228662325,0
2026-07-01 11:22:00,,0.4144975542040127,0
2026-07-02 10:45:00,,0.4074886229282413,1
2026-07-20 10:25:00,,0.39888262964590404,0
2026-07-22 10:14:00,,0.38973788038643586,0
2026-07-31 14:25:00,,0.31628621387340444,0
2026-08-05 10:11:00,,0.3013558566569674,0
2026-08-07 10:28:00,,0.3525807871295068,1
2026-08-11 13:36:00,,0.302515007798684,0
2026-08-14 09:45:00,,0.42058987090180167,0
2026-09-01 10:30:00,,0.33517688995612466,1
2026-05-25 14:38:00,,0.1621471349874759,0
2026-06-11 13:07:00,,0.2787403373679223,0
2026-07-06 14:24:00,,0.1807683807291205,0
2026-07-17 14:09:00,,0.270042234215572,0
2026-07-22 13:59:00,,0.20991967218838137,0
2026-08-06 14:14:00,,0.22590513395725234,0
2026-08-06 15:00:00,,0.145779352530848,0
2026-08-17 09:31:00,,0.36299772623510246,1
2026-09-02 14:50:00,,0.2053305881123364,0
2026-05-21 10:19:00,,0.22604345687944122,0
2026-05-21 14:33:00,,0.2902110015905526,0
2026-06-10 13:32:00,,0.2209154070090845,0
2026-06-18 10:37:00,,0.3196222470798911,0
2026-06-23 14:49:00,,0.23159783982359647,0
2026-07-14 11:17:00,,0.242455190637874,1
2026-07-27 11:27:00,,0.2661967260578111,0
2026-08-07 13:53:00,,0.18949142749565093,0
2026-08-11 13:56:00,,0.20933538714325298,0
2026-05-25 14:25:00,,0.25081084748200866,0
2026-06-09 09:54:00,,0.36036560014776076,0
2026-06-09 10:26:00,,0.33753619204396634,0
2026-06-17 13:03:00,,0.34630894770419834,1
2026-07-02 11:04:00,,0.3429206016897566,0
2026-07-10 11:24:00,,0.34582131504809427,0
2026-07-28 11:16:00,,0.26691245718071516,0
2026-08-11 13:19:00,,0.32418507421077175,0
2026-08-21 13:44:00,,0.2930632056150638,1
2026-05-22 14:56:00,,0.12747312565682048,0
2026-05-29 13:20:00,,0.3136511720483794,0
2026-06-11 11:16:00,,0.3038517899678404,1
2026-06-22 09:48:00,,0.3792109082032205,1
2026-07-07 14:37:00,,0.2251936059109717,0
2026-08-11 14:35:00,,0.2676570236977464,0
2026-08-19 13:07:00,,0.2930990496260914,0
2026-08-26 14:11:00,,0.22078872758978424,0
2026-09-02 11:19:00,,0.3292556840596906,1
2026-09-03 10:36:00,,0.3340547957699467,0
2026-06-05 13:47:00,,0.21564346311816443,0
2026-06-22 13:09:00,,0.2951536780918788,1
2026-07-01 13:32:00,,0.16471245559900066,0
2026-07-13 10:14:00,,0.3395010230661103,0
2026-07-13 10:44:00,,0.3646526936691971,0
2026-07-24 10:28:00,,0.3353303466823656,0
2026-08-11 10:23:00,,0.3094054134167965,0
2026-09-01 13:04:00,,0.3022300499727566,0
2026-05-27 14:28:00,,0.2260548250244349,1
2026-05-29 11:05:00,,0.3496925533731845,0
2026-06-26 14:20:00,,0.040420795326360726,0
2026-07-17 13:30:00,,0.31335950432909415,1
2026-07-21 13:50:00,,0.241718703146343,0
2026-07-22 13:05:00,,0.293577180537367,0
2026-08-06 13:17:00,,0.3377117081060718,1
2026-08-13 10:04:00,,0.3534851891716495,0
2026-08-25 13:20:00,,0.2982633621002061,0
2026-05-27 13:32:00,,0.36835632827043274,0
2026-06-24 09:42:00,,0.3910053449473603,1
2026-06-25 11:11:00,,0.35332649969502217,1
2026-06-25 14:42:00,,0.31222280332919805,0
2026-06-30 14:57:00,,0.29106019785149934,0
2026-07-01 13:50:00,,0.3088951125074739,0
2026-07-03 13:02:00,,0.37032737567263846,0
2026-07-30 11:08:00,,0.37220586562389035,1
2026-08-19 10:36:00,,0.3335762791527348,0
2026-06-03 14:39:00,,0.3298879997036483,0
2026-06-04 14:11:00,,0.19709794059369629,0
2026-06-09 14:52:00,,0.18697600227438693,0
2026-06-11 13:32:00,,0.2026426833562259,1
2026-06-17 10:13:00,,0.3269553549767599,0
2026-06-29 13:07:00,,0.3518940550673483,1
2026-07-16 14:48:00,,0.2633179371605273,1
2026-07-23 10:04:00,,0.3363588692972255,1
2026-06-10 14:22:00,,0.2535041682237729,0
2026-06-15 10:40:00,,0.28165659886258926,0
2026-06-16 14:34:00,,0.16571216346316495,0
2026-07-21 10:23:00,,0.40127864333627333,0
2026-07-22 10:48:00,,0.3208097117053251,0
2026-07-24 11:21:00,,0.3686808762120877,0
2026-07-27 14:58:00,,0.16588106259356758,0
2026-08-05 10:58:00,,0.2226792547265465,0
2026-08-13 10:54:00,,0.3350836378103113,0
2026-09-03 13:28:00,,0.21477270866432668,0
2026-05-29 10:18:00,,0.35012378448992565,0
2026-05-29 14:20:00,,0.2850112293164664,0
2026-06-04 11:01:00,,0.29917534496539133,1
2026-06-26 10:39:00,,0.4390823115233127,0
2026-07-20 14:38:00,,0.3633189180628549,0
2026-07-28 09:42:00,,0.38485212905956717,1
2026-08-12 13:04:00,,0.2240579821522318,1
2026-08-19 14:53:00,,0.18588601260707976,0
2026-09-03 11:12:00,,0.33940294892889805,0
2026-06-18 14:45:00,,0.10813616834340613,0
2026-07-01 11:10:00,,0.3000332663877305,0
2026-07-20 13:51:00,,0.2691002156193881,0
2026-07-22 14:24:00,,0.1869355862675186,0
2026-07-24 14:32:00,,0.19193716089124743,0
2026-07-28 14:19:00,,0.12716957110767702,1
2026-08-21 13:54:00,,0.2171136306582728,0
2026-06-05 10:36:00,,0.3010508427215407,0
2026-06-25 11:12:00,,0.36155272341036265,1
2026-07-08 13:24:00,,0.34556964189870126,0
2026-07-10 14:16:00,,0.29691326637524573,1
2026-08-04 09:31:00,,0.33592140925176595,1
2026-08-13 13:25:00,,0.2043688368283292,0
2026-05-21 13:18:00,,0.3083325263085726,0
2026-05-29 14:27:00,,0.30852312310347035,0
2026-06-25 13:32:00,,0.33341938267920884,0
2026-07-07 14:50:00,,0.18239221745445858,1
2026-07-13 13:35:00,,0.3188191363957467,0
2026-07-21 14:43:00,,0.13311357265599694,0
2026-08-19 13:09:00,,0.17454544976695993,0
2026-08-26 13:59:00,,0.17822963416558432,0
2026-06-05 10:08:00,,0.3770046488928008,0
2026-06-10 10:23:00,,0.3540324397122288,0
2026-07-02 10:48:00,,0.33066175883490206,0
2026-07-03 14:42:00,,0.1835462567709248,0
2026-07-09 13:47:00,,0.35871776937371874,0
2026-08-03 11:15:00,,0.35091981332898003,1
2026-08-04 14:40:00,,0.2200195755670374,0
2026-08-06 11:20:00,,0.3330375381765888,1
2026-08-06 14:02:00,,0.22558332850757754,1
2026-08-13 14:55:00,,0.4291858678206405,0
2026-08-19 13:43:00,,0.3867000478394693,0
2026-09-01 10:52:00,,0.32972262765698984,0
2026-09-03 14:12:00,,0.24441328881684923,0
2026-05-25 11:03:00,,0.3149784223476876,0
2026-06-01 13:22:00,,0.2944743633551593,0
2026-06-12 09:46:00,,0.2442882922683243,1
2026-06-16 14:14:00,,0.22493077100496242,0
2026-06-17 13:50:00,,0.2956285457894612,0
2026-07-10 13:55:00,,0.31437293089852625,0
2026-07-16 14:45:00,,0.1959257241271266,0
2026-07-28 15:00:00,,0.17627203102051564,0
2026-07-30 10:01:00,,0.3626353931823188,0
2026-07-31 10:14:00,,0.30690884711886635,1
2026-08-21 13:57:00,,0.2353965313641426,0
2026-08-31 09:37:00,,0.41285810023316816,0
2026-05-28 09:37:00,,0.4053473389136778,1
2026-06-03 14:44:00,,0.27166144918742663,0
2026-06-09 10:10:00,,0.4097091032566981,0
2026-06-26 14:10:00,,0.3564850513074375,0
2026-06-26 14:50:00,,0.28897709561643037,0
2026-07-09 10:48:00,,0.3466187984176965,1
2026-08-07 10:29:00,,0.291366150297976,1
2026-08-24 09:43:00,,0.35007556840930437,0
2026-05-29 13:19:00,,0.3182133695179003,0
2026-06-11 13:31:00,,0.34982677854915784,1
2026-06-26 14:03:00,,0.26488024998535825,0
2026-06-29 14:21:00,,0.2997371768493304,0
2026-07-01 10:56:00,,0.3905304247646489,1
2026-07-08 11:15:00,,0.36470181873695506,0
2026-07-24 14:38:00,,0.24674259521933298,0
2026-08-05 11:22:00,,0.220692319215171,0
2026-08-27 11:29:00,,0.2265945230539879,0
2026-08-27 14:44:00,,0.1445631467742873,0
2026-06-02 13:14:00,,0.3479547564674888,0
2026-06-04 09:58:00,,0.4011655613298168,0
2026-06-22 14:57:00,,0.24883846976197824,0
2026-06-25 13:09:00,,0.3117193559850358,0
2026-06-29 13:34:00,,0.3649578358665802,0
2026-07-14 14:28:00,,0.22428626785888214,0
2026-07-24 13:04:00,,0.3473881542177092,0
2026-08-03 09:52:00,,0.4049641671741383,0
2026-08-17 10:54:00,,0.3428191034991238,0
2026-08-19 10:03:00,,0.37364713177579373,0
2026-08-21 14:38:00,,0.24652249803335888,1
2026-05-22 13:20:00,,0.2506579623168457,1
2026-05-29 13:31:00,,0.35178568261587795,1
2026-06-15 13:52:00,,0.2924267553700377,0
2026-08-13 14:34:00,,0.3242621443055357,0
2026-08-24 11:19:00,,0.35693798831310614,1
2026-08-28 10:58:00,,0.353567321861334,0
2026-06-08 13:37:00,,0.3401667956899634,1
2026-06-10 10:19:00,,0.30402349914252613,0
2026-06-12 11:13:00,,0.40051409709148805,1
2026-06-18 10:15:00,,0.30991460643541713,0
2026-06-18 14:31:00,,0.18222347240683717,1
2026-07-02 13:21:00,,0.35798277908309073,0
2026-07-06 13:14:00,,0.3376288030244647,0
2026-08-11 13:27:00,,0.3243268525073539,0
2026-05-22 14:27:00,,0.23988415936985716,0
2026-06-08 14:41:00,,0.19763313474812563,1
2026-06-10 14:59:00,,0.13359275058063044,0
2026-06-17 10:06:00,,0.3104505428632231,0
2026-07-10 11:23:00,,0.3119029317880553,0
2026-07-31 13:36:00,,0.2582450312576681,0
2026-08-06 13:15:00,,0.2976189796294862,0
2026-08-11 10:00:00,,0.3585130411362433,1
2026-08-17 10:26:00,,0.2791658979620828,1
2026-06-04 11:08:00,,0.2875878507942782,0
2026-06-25 09:34:00,,0.4209571281976467,0
2026-07-03 11:07:00,,0.3390864154882003,1
2026-07-23 14:41:00,,0.18810687627134803,0
2026-08-06 10:42:00,,0.39170149155684847,1
2026-08-07 10:16:00,,0.3381389821926166,1
2026-08-27 10:32:00,,0.34209179458824013,0
2026-08-27 13:56:00,,0.26902809062036176,0
2026-05-22 13:19:00,,0.3456386195886671,0
2026-06-26 14:20:00,,0.2895698311671645,0
2026-06-29 13:11:00,,0.37376098502646143,1
2026-06-30 14:01:00,,0.35738175153562907,1
2026-07-06 10:47:00,,0.3734727757727383,0
2026-07-09 14:11:00,,0.302758011849495,1
2026-09-02 10:32:00,,0.3889754906864428,1
2026-05-27 09:42:00,,0.4261323020852285,0
2026-05-28 13:08:00,,0.4034870187055984,1
2026-06-16 10:55:00,,0.35449832335973014,0
2026-06-17 14:30:00,,0.18493148660797315,1
2026-06-18 10:06:00,,0.3848457581588538,0
2026-06-22 14:48:00,,0.15544503348096442,0
2026-07-10 11:14:00,,0.4147900038917698,0
2026-08-26 14:07:00,,0.2540026192514405,0
2026-08-28 09:38:00,,0.37059584053465394,0
2026-09-03 14:19:00,,0.24004522531801217,0
2026-05-27 14:44:00,,0.6074415533339832,0
2026-06-29 09:31:00,,0.4010399332290786,0
2026-07-14 14:05:00,,0.25877291790711554,1
2026-07-16 11:23:00,,0.3617529600119414,0
2026-08-12 13:18:00,,0.2637635387497212,0
2026-08-12 14:26:00,,0.13686836778390515,0
2026-08-14 11:06:00,,0.2949385808436605,1
2026-08-20 14:18:00,,0.22056397829736185,0
2026-08-21 09:54:00,,0.33305049679584336,1
2026-06-01 13:44:00,,0.3750430730948812,1
2026-06-09 13:48:00,,0.2645689762326207,0
2026-06-22 10:54:00,,0.4627365374842441,1
2026-07-02 14:38:00,,0.22572324038871125,1
2026-07-16 14:42:00,,0.297928047321219,1
2026-08-04 10:56:00,,0.3907601541588728,0
2026-08-04 13:05:00,,0.36621790283143685,0
2026-08-11 13:41:00,,0.35171250543426824,0
2026-08-24 13:41:00,,0.28986831849823624,0
2026-09-01 10:40:00,,0.30953737893749034,0
2026-06-02 09:43:00,,0.3519433818947997,1
2026-06-25 14:06:00,,0.2745877774841996,0
2026-07-06 11:10:00,,0.3559058669804454,0
2026-07-15 14:50:00,,0.306624797129038,0
2026-07-21 10:16:00,,0.32982539087700874,1
2026-07-22 13:57:00,,0.3552941177743721,1
2026-08-18 11:00:00,,0.37376272379865955,0
2026-08-18 13:27:00,,0.31261272093553183,0
2026-09-01 13:39:00,,0.30589334951434216,0
2026-06-12 11:21:00,,0.36329271976523886,0
2026-06-18 14:26:00,,0.05924486439104483,0
2026-07-09 10:16:00,,0.40531969513525634,0
2026-07-13 13:04:00,,0.385422736433797,0
2026-07-17 14:15:00,,0.2945081355658946,0
2026-07-22 11:16:00,,0.3602675954144589,0
2026-08-10 09:51:00,,0.4049351948169338,1
2026-08-21 13:14:00,,0.34313360723652797,1
2026-08-26 10:39:00,,0.3288121608065411,0
2026-08-31 10:27:00,,0.32749372064810095,1
2026-06-22 13:01:00,,0.4245102751267769,1
2026-07-10 09:35:00,,0.4221944906315516,1
2026-08-06 13:35:00,,0.3076227114460905,1
2026-08-13 10:51:00,,0.37155905999561356,0
2026-08-13 10:54:00,,0.37800307385683557,0
2026-06-23 10:38:00,,0.34403737694048575,0
2026-06-29 10:46:00,,0.4085821368740175,0
2026-07-14 10:24:00,,0.4603237982323531,0
2026-07-14 10:48:00,,0.4122061365955517,1
2026-07-15 09:37:00,,0.4326600027331435,1
2026-07-15 09:44:00,,0.3832924109623891,1
2026-08-10 10:39:00,,0.36249019577138386,0
2026-08-18 13:33:00,,0.25897838566348025,0
2026-08-20 13:47:00,,0.3194496607124618,0
2026-08-20 14:31:00,,0.23034565278524596,0
2026-05-27 09:34:00,,0.38432727592082183,0
2026-06-16 13:40:00,,0.28310651933876013,0
2026-06-29 14:47:00,,0.17984363517333732,1
2026-07-10 11:30:00,,0.323267067691311,1
2026-07-16 09:54:00,,0.382015465449291,0
2026-08-06 10:04:00,,0.366216557359407,1
2026-08-10 09:35:00,,0.40017332928171034,1
2026-08-26 14:03:00,,0.2965376736801428,0
2026-05-28 13:51:00,,0.3152427648774491,0
2026-06-29 09:42:00,,0.35412066140681203,1
2026-07-01 13:29:00,,0.35110805485530383,0
2026-07-03 14:09:00,,0.2203793106536776,0
2026-07-21 09:50:00,,0.37325619668397797,0
2026-07-22 11:04:00,,0.3507170799507146,0
2026-07-31 13:27:00,,0.2904763753178163,0
2026-08-07 14:52:00,,0.1303148337766576,1
2026-06-22 11:12:00,,0.4393181263838674,1
2026-07-27 13:40:00,,0.36556247562090577,1
2026-08-07 09:37:00,,0.40460802419850084,1
2026-06-12 13:01:00,,0.2220524907769649,0
2026-07-31 14:53:00,,0.16768988627076473,0
2026-08-06 13:55:00,,0.2469551510885835,0
2026-08-28 13:03:00,,0.23303027103565124,0
2026-05-25 10:44:00,,0.33841928481304656,1
2026-05-28 13:54:00,,0.2841289264159945,0
2026-06-16 09:52:00,,0.35128966457108396,1
2026-06-18 13:24:00,,0.30445686114426274,0
2026-06-29 10:59:00,,0.41089319719376516,0
2026-08-04 13:57:00,,0.26160691778685613,0
2026-08-20 13:48:00,,0.3454957440193154,0
2026-08-26 13:21:00,,0.31832392181828195,1
2026-05-28 11:29:00,,0.39236699710771633,1
2026-07-15 14:19:00,,0.24260133957160185,1
2026-07-30 10:30:00,,0.33516177185383345,0
2026-07-31 10:12:00,,0.3586278116736196,1
2026-08-06 10:05:00,,0.4279586042977232,0
2026-08-13 09:35:00,,0.36674365355547034,0
2026-08-19 09:47:00,,0.4167762737015308,0
2026-08-21 10:20:00,,0.3796629593449685,0
2026-08-28 14:03:00,,0.2799113760279615,0
2026-05-28 14:58:00,,0.15253487040098362,0
2026-06-04 13:18:00,,0.30847090363565766,0
2026-06-05 09:51:00,,0.3458083548558743,0
2026-06-12 11:11:00,,0.28703702503440975,0
2026-06-25 09:43:00,,0.3708737207952085,0
2026-07-07 14:08:00,,0.2883204953112442,0
2026-08-19 09:31:00,,0.34736138708940206,0
2026-08-31 09:51:00,,0.4016662108253411,0
2026-06-25 14:51:00,,0.25358706470491194,0
2026-07-21 13:58:00,,0.29469790333259543,0
2026-07-23 13:21:00,,0.3489101851901102,0
2026-07-23 13:41:00,,0.3901161783696037,0
2026-08-31 09:35:00,,0.35570685169844596,0
2026-05-22 09:43:00,,0.3703669762080531,0
2026-05-25 14:25:00,,0.1883749304397529,0
2026-05-27 09:51:00,,0.37933026472991466,0
2026-06-04 11:13:00,,0.3610485372362941,0
2026-06-09 10:34:00,,0.3214933670017211,1
2026-06-25 09:51:00,,0.3765376662087283,0
2026-07-06 13:38:00,,0.2904604129808539,0
2026-07-09 14:14:00,,0.3158811755808919,1
2026-07-27 13:23:00,,0.4076986771015845,0
2026-08-24 09:41:00,,0.32762363668831174,0
2026-06-16 11:27:00,,0.6019938265010832,0
2026-07-08 13:35:00,,0.4123372733478755,0
2026-07-13 10:48:00,,0.3893660376987937,0
2026-07-13 13:02:00,,0.3722310791222862,0
2026-05-28 13:20:00,,0.31833523017995574,0
2026-06-02 10:55:00,,0.3075394639924663,0
2026-06-09 14:16:00,,0.17133963635982702,0
2026-06-23 14:52:00,,0.16355173838846485,0
2026-06-26 10:35:00,,0.35204494210899295,0
2026-07-01 11:24:00,,0.3307309343661131,0
2026-07-28 11:28:00,,0.25541168797779124,0
2026-09-01 11:06:00,,0.31366476949429983,0
2026-06-01 13:31:00,,0.29325286335616535,0
2026-06-12 10:20:00,,0.3825847717016664,0
2026-06-15 10:01:00,,0.37456833150713026,1
2026-06-17 13:20:00,,0.35568478646291557,0
2026-06-22 11:18:00,,0.334047975575769,0
2026-06-25 10:55:00,,0.32562352224746854,0
2026-07-30 09:38:00,,0.3561626128451924,0
2026-08-07 10:10:00,,0.30856718048694953,1
2026-08-11 10:26:00,,0.3196300321355615,0
2026-08-25 13:01:00,,0.24381463511091384,0
2026-08-26 11:24:00,,0.2448391163287566,0
2026-09-02 10:31:00,,0.262109734438216,1
2026-06-05 13:01:00,,0.20764719093135062,0
2026-06-23 11:27:00,,0.18642176738459074,0
2026-06-30 11:12:00,,0.2697282674060563,0
2026-07-08 13:32:00,,0.19483020942013335,0
2026-08-03 14:11:00,,0.18558391025179075,0
2026-08-04 14:19:00,,0.17041606452649605,0
2026-08-18 11:27:00,,0.2248647118907385,0
2026-09-02 10:04:00,,0.2764252888711215,1
2026-05-29 14:38:00,,0.15665372697191252,0
2026-06-01 10:29:00,,0.22314889058994808,0
2026-06-05 13:38:00,,0.1404447491629418,0
2026-06-12 11:00:00,,0.25106306783951005,1
2026-06-15 10:45:00,,0.20184906443301537,0
2026-06-29 10:05:00,,0.2892425571741869,1
2026-06-30 14:39:00,,0.13691362635364845,0
2026-07-08 14:13:00,,0.1453101235291976,0
2026-07-16 10:12:00,,0.29069372434862123,1
2026-07-31 10:15:00,,0.22655342903517767,0
2026-08-14 10:03:00,,0.2714919880936244,0
2026-08-28 10:39:00,,0.18056952360796594,0
2026-05-29 13:34:00,,0.3480807778135916,0
2026-06-10 13:20:00,,0.30553590490876464,1
2026-07-06 13:49:00,,0.35845431522332843,0
2026-07-10 10:48:00,,0.34363082123032357,0
2026-07-17 13:46:00,,0.39418498195576757,1
2026-07-27 10:36:00,,0.3680099816917848,0
2026-07-27 14:20:00,,0.28045410613409405,0
2026-08-07 09:30:00,,0.3357587385705575,1
2026-08-21 11:25:00,,0.31847388205905813,1
2026-08-26 13:51:00,,0.28128119177500643,1
2026-08-27 14:39:00,,0.28176236280698835,0
2026-08-28 13:35:00,,0.2684096418187853,0
2026-08-31 13:15:00,,0.3490906177982875,1
2026-06-01 14:38:00,,0.1394574530945069,0
2026-06-16 10:18:00,,0.2700352906595476,0
2026-06-23 14:49:00,,0.19392155220439186,0
2026-06-24 14:52:00,,0.1552721869438998,0
2026-06-26 11:06:00,,0.2530308414868727,0
2026-07-07 10:43:00,,0.2705690960860873,0
2026-07-14 14:31:00,,0.15743951687948457,0
2026-08-17 10:34:00,,0.23802982577386594,0
2026-05-28 13:19:00,,0.03363083020238692,0
2026-06-08 10:46:00,,0.3291249742780449,0
2026-06-12 10:30:00,,0.3589388212593456,0
2026-06-12 11:00:00,,0.32686298549038245,0
2026-08-10 13:01:00,,0.25896273002482456,0
2026-05-22 14:10:00,,0.10540956892164063,1
2026-06-12 14:38:00,,0.09288784022548567,0
2026-06-24 10:35:00,,0.29238463037950446,0
2026-06-26 13:42:00,,0.18293126708599097,0
2026-06-26 13:47:00,,0.15811324762363768,0
2026-06-30 13:42:00,,0.2727037350423155,0
2026-07-03 09:42:00,,0.33191211005604765,0
2026-07-10 13:12:00,,0.27406175782296793,0
2026-07-16 13:22:00,,0.2003050506431628,0
2026-08-11 11:15:00,,0.1591472619306088,0
2026-08-25 14:13:00,,0.1686244876675695,0
2026-06-08 14:46:00,,0.11052354444704852,0
2026-06-23 14:20:00,,0.1651335025479023,1
2026-07-09 11:13:00,,0.2625488983515278,0
2026-07-09 11:22:00,,0.32357837637538356,0
2026-07-14 13:36:00,,0.2591680713762575,0
2026-07-23 14:38:00,,0.12285631561973379,0
2026-07-30 13:24:00,,0.28907893447855076,0
2026-08-05 10:29:00,,0.2187029106022001,0
2026-08-05 13:28:00,,0.20275933289519307,0
2026-08-26 14:33:00,,0.11364194135746095,0
2026-05-27 13:15:00,,0.27215531747959804,1
2026-06-18 13:18:00,,0.20601736391823527,0
2026-07-07 10:52:00,,0.35633121691602726,0
2026-07-07 13:58:00,,0.23532567403884802,0
2026-07-09 10:37:00,,0.3440660032146485,0
2026-07-22 14:20:00,,0.15996680629703747,0
2026-08-03 14:09:00,,0.10121803440129534,0
2026-08-06 09:48:00,,0.3282995817545006,0
2026-08-06 10:00:00,,0.27927368154085386,0
2026-08-07 14:18:00,,0.20218262776145945,1
2026-06-12 14:33:00,,0.17984487370010485,0
2026-06-22 13:50:00,,0.32788344250386103,1
2026-06-23 11:08:00,,0.3468006274678445,0
2026-07-01 10:06:00,,0.3576514282643005,0
2026-08-18 14:25:00,,0.2538803893026154,0
2026-08-20 09:51:00,,0.37762626894827866,0
2026-05-22 09:51:00,,0.34472144330881294,1
2026-05-22 14:52:00,,0.17333313631605035,0
2026-05-25 13:31:00,,0.23566751638843034,0
2026-06-05 10:04:00,,0.35784074480336003,0
2026-06-05 14:45:00,,0.24116793835759592,0
2026-07-07 10:02:00,,0.3504846841563245,0
2026-07-22 09:56:00,,0.40062252375205043,0
2026-07-27 13:31:00,,0.2714651360547503,1
2026-08-17 10:15:00,,0.2963575160887871,0
2026-08-21 09:45:00,,0.4204311854753358,1
2026-08-26 10:55:00,,0.29683148432244527,0
2026-09-03 09:47:00,,0.34028765091406205,1
2026-05-22 10:06:00,,0.3454637292522788,0
2026-05-26 13:11:00,,0.28345019754755874,0
2026-05-27 13:56:00,,0.3108481173915241,0
2026-06-01 14:45:00,,0.16323856295575728,0
2026-06-24 10:22:00,,0.3019675396313802,0
2026-07-10 13:58:00,,0.2852149237608876,0
2026-08-05 09:31:00,,0.41385792752865624,1
2026-08-13 14:22:00,,0.22819819003757824,0
2026-09-01 09:56:00,,0.35173694960118274,0
2026-05-21 10:25:00,,0.31607641698716293,0
2026-05-28 13:50:00,,0.272452994913838,1
2026-06-10 09:55:00,,0.3678067950645038,0
2026-07-24 10:53:00,,0.27054029926193573,1
2026-07-28 10:08:00,,0.2756693637639155,0
2026-08-18 10:18:00,,0.23838462407511268,0
2026-05-25 14:07:00,,0.18580511216348103,0
2026-07-02 10:13:00,,0.32951681592048926,0
2026-07-27 13:32:00,,0.2739076251969923,0
2026-08-04 13:16:00,,0.24879076745940093,0
2026-08-21 13:36:00,,0.30107634716656595,0
2026-05-25 14:11:00,,0.2477719594610314,0
2026-05-27 11:22:00,,0.2688216464300776,0
2026-05-29 09:30:00,,0.3041983368257614,0
2026-06-25 09:52:00,,0.35304305016492027,0
2026-06-26 13:19:00,,0.30643310188918416,0
2026-07-03 10:45:00,,0.3218656280036458,1
2026-07-15 13:20:00,,0.2857291446025512,0
2026-07-17 09:52:00,,0.35913362285481243,0
2026-07-22 14:18:00,,0.17701856645356087,0
2026-08-10 09:33:00,,0.29702861060697455,1
2026-08-28 11:04:00,,0.18063945073342766,1
2026-09-03 10:20:00,,0.2859243297674126,0
2026-05-22 10:06:00,,0.27148727151651947,0
2026-05-22 14:14:00,,0.1684428134303437,0
2026-06-25 10:44:00,,0.28198730200610844,0
2026-06-30 10:09:00,,0.33764542131412645,0
2026-07-29 09:32:00,,0.30543845351810894,0
2026-07-29 11:10:00,,0.23358975434560483,0
2026-08-07 13:37:00,,0.19444202926306253,0
2026-08-25 09:31:00,,0.24204367542770477,1
2026-08-27 10:54:00,,0.19866252661593944,1
2026-06-12 13:12:00,,0.28119239397386064,0
2026-06-16 11:10:00,,0.3420743247282342,1
2026-06-25 14:32:00,,0.6186084210186772,0
2026-07-29 14:32:00,,0.1761511145278438,0
2026-08-04 10:35:00,,0.2442490722227551,1
2026-08-05 14:24:00,,0.2894334168275221,1
2026-05-26 14:47:00,,0.15437634402295994,0
2026-06-02 10:02:00,,0.3418887814624601,1
2026-06-03 14:47:00,,0.30046050792221396,0
2026-06-08 10:17:00,,0.35568052856568044,0
2026-06-16 10:53:00,,0.34982374358689666,0
2026-06-23 13:21:00,,0.2808718178529844,0
2026-07-03 10:04:00,,0.35351254230612206,1
2026-07-06 09:30:00,,0.3938185425656046,0
2026-06-18 14:06:00,,0.23629357544746338,1
2026-06-26 11:26:00,,0.3834997393016492,1
2026-07-08 13:31:00,,0.35757246134540677,1
2026-07-22 09:41:00,,0.40438965895846335,0
2026-08-11 11:11:00,,0.37427753925518753,0
2026-05-25 14:08:00,,0.2998807731331442,1
2026-06-03 14:41:00,,0.3597333818954988,0
2026-06-12 09:30:00,,0.4863839383210833,1
2026-06-16 10:06:00,,0.4062478717815889,1
2026-06-17 09:44:00,,0.3937494197367507,0
2026-07-16 14:05:00,,0.3007725604443032,1
2026-07-20 11:09:00,,0.3535128335492254,0
2026-07-28 09:43:00,,0.4226635311739273,0
2026-08-06 11:08:00,,0.2619272135076461,0
2026-08-13 09:59:00,,0.40988993591071454,0
2026-05-29 10:57:00,,0.3281829925087984,0
2026-06-17 13:05:00,,0.21288204165202704,0
2026-06-26 11:23:00,,0.3241686755469623,0
2026-07-10 10:42:00,,0.31715178852452514,0
2026-08-05 11:25:00,,0.20969699679086307,0
2026-08-06 10:51:00,,0.3095015134301031,0
2026-08-19 13:38:00,,0.2861109149531893,0
2026-08-27 13:45:00,,0.23917991052649382,0
2026-08-31 10:10:00,,0.273655927598445,0
2026-09-03 10:53:00,,0.28437529223874153,0
2026-06-10 14:03:00,,0.16197590410247334,0
2026-07-03 09:50:00,,0.2557349871796228,0
2026-07-31 11:12:00,,0.21316063312164174,1
2026-08-06 10:37:00,,0.21499651865516137,0
2026-08-06 15:00:00,,0.11202568960689444,0
2026-08-14 13:06:00,,0.2602359949881091,0
2026-06-01 10:34:00,,0.2815311076639789,0
2026-06-04 09:50:00,,0.34671363342489286,0
2026-07-15 11:13:00,,0.3209303939926272,0
2026-07-29 10:43:00,,0.24602327939619956,0
2026-08-05 14:55:00,,0.11748925266317695,0
2026-08-26 14:05:00,,0.1419193072581538,0
2026-08-31 13:53:00,,0.12011805158780738,0
2026-05-21 13:52:00,,0.23801606940499367,0
2026-05-22 10:22:00,,0.3230833371988552,1
2026-06-01 14:59:00,,0.16430239514744177,0
2026-06-08 13:51:00,,0.27540496533081077,1
2026-06-11 10:58:00,,0.3457894433230859,1
2026-06-16 14:00:00,,0.19392774832538387,0
2026-06-22 09:54:00,,0.3332296674926556,1
2026-07-01 14:54:00,,0.5873694167072482,0
2026-07-02 13:23:00,,0.31059948364222795,0
2026-07-23 14:17:00,,0.2148320686653278,0
2026-08-12 09:53:00,,0.3163199137123176,1
2026-08-17 13:42:00,,0.20198645647738106,0
2026-08-27 10:51:00,,0.2464080004578471,1
2026-05-22 13:27:00,,0.32947116345883787,1
2026-05-25 10:27:00,,0.366726122574511,1
2026-06-16 13:34:00,,0.33405765556193284,1
2026-07-17 13:18:00,,0.32165771404975274,0
2026-08-10 10:43:00,,0.34161533056682036,0
2026-08-10 11:05:00,,0.3084883286268436,0
2026-09-01 11:01:00,,0.33765997146767196,0
2026-05-22 09:53:00,,0.38395009970868393,1
2026-06-01 13:09:00,,0.27931312987078766,0
2026-06-03 10:54:00,,0.31257530208208156,0
2026-06-10 10:17:00,,0.38392769930828946,0
2026-06-15 11:06:00,,0.34248915903327215,1
2026-06-23 10:27:00,,0.3775389958049055,0
2026-07-29 10:12:00,,0.348103355757461,1
2026-08-19 14:15:00,,0.26372205289595807,0
2026-08-28 10:59:00,,0.398726450506253,0
2026-07-15 11:24:00,,0.27735041287282847,0
2026-07-21 11:20:00,,0.35950224289465094,0
2026-08-06 09:54:00,,0.29406781540776605,0
2026-08-11 10:29:00,,0.23760476340206413,0
2026-08-20 13:12:00,,0.2422123138082131,0
2026-05-26 11:24:00,,0.3460101226911441,0
2026-06-15 14:58:00,,0.20436122335447116,1
2026-08-10 09:32:00,,0.4123390943359735,0
2026-06-05 13:33:00,,0.23242578376672884,0
2026-06-24 11:13:00,,0.2651977340225414,0
2026-06-29 14:11:00,,0.18636657721776245,0
2026-07-29 14:56:00,,0.22759880850818615,0
2026-07-31 14:48:00,,0.14008617733331846,0
2026-08-17 11:15:00,,0.30965794614377173,1
2026-08-19 10:32:00,,0.28698119544329775,0
2026-08-21 10:23:00,,0.29211698038655215,0
2026-08-25 10:22:00,,0.20859323410568054,1
2026-08-25 14:21:00,,0.17781194735438144,0
2026-05-26 09:40:00,,0.37573141823358597,0
2026-06-03 13:39:00,,0.2062203014623128,0
2026-07-01 14:22:00,,0.21397764553420623,1
2026-07-06 10:54:00,,0.323417198683669,0
2026-07-10 09:32:00,,0.3768210365362822,1
2026-08-12 11:14:00,,0.2478251183534269,1
2026-08-13 14:29:00,,0.19323677362665748,0
2026-08-20 14:19:00,,0.1923975295776536,0
2026-09-01 14:43:00,,0.14532669691810773,0
2026-05-22 14:55:00,,0.2700869243099402,0
2026-05-26 11:19:00,,0.348964531286353,0
2026-06-09 13:47:00,,0.2821537000568384,0
2026-06-30 10:53:00,,0.3738388150572636,0
2026-07-29 09:45:00,,0.3489585780333491,1
2026-08-03 14:19:00,,0.2124060016668437,1
2026-08-10 09:42:00,,0.33273504328793807,0
2026-08-14 13:29:00,,0.2825152642399955,1
2026-05-26 13:33:00,,0.26107088520672866,0
2026-06-17 10:07:00,,0.3195215086610357,0
2026-07-07 14:11:00,,0.3275298618370099,0
2026-07-08 10:56:00,,0.28810368949651427,0
2026-07-24 09:31:00,,0.38669217072973255,0
2026-07-28 09:58:00,,0.34980304204219365,1
2026-06-01 09:46:00,,0.32889775667989885,1
2026-06-03 13:56:00,,0.18890052127585785,0
2026-06-29 14:02:00,,0.2474399764864285,0
2026-07-01 14:46:00,,0.14895079511868045,0
2026-07-10 14:17:00,,0.23608030090422527,0
2026-07-23 14:42:00,,0.15523650122191524,0
2026-08-12 11:25:00,,0.21470636127430204,0
2026-08-12 13:18:00,,0.222019769174958,0
2026-08-26 10:30:00,,0.2749597512001118,0
2026-06-02 13:41:00,,0.24706251664197773,0
2026-06-18 13:26:00,,0.262126533269702,0
2026-06-26 11:03:00,,0.36981494340623133,0
2026-07-07 14:38:00,,0.18087988453268194,0
2026-07-14 10:23:00,,0.36415810609980714,1
2026-08-04 10:49:00,,0.31497552014667796,1
2026-08-05 10:51:00,,0.31556021530510786,0
2026-09-02 09:48:00,,0.3429574003049046,1
2026-05-21 10:44:00,,0.2922849712858693,0
2026-05-26 10:41:00,,0.33935873756864693,0
2026-05-27 11:03:00,,0.36414278621950513,0
2026-06-01 14:30:00,,0.19231948499630744,0
2026-06-08 14:54:00,,0.19225334708557254,1
2026-06-10 13:31:00,,0.3042107463686416,0
2026-06-11 10:09:00,,0.3258373150282295,1
2026-06-16 09:39:00,,0.411399805109884,0
2026-07-21 11:29:00,,0.331967383780663,0
2026-07-22 14:47:00,,0.10918111953963602,0
2026-07-27 13:32:00,,0.24687334862595756,1
2026-08-06 09:35:00,,0.3858304128644158,0
2026-08-27 13:55:00,,0.20524190033905973,0
2026-05-22 10:52:00,,0.3048206439316462,0
2026-06-11 10:22:00,,0.059985581043638034,0
2026-06-16 13:42:00,,0.3074190882148983,0
2026-06-25 13:19:00,,0.2928561052485439,0
2026-06-25 14:05:00,,0.2306047610428227,0
2026-06-29 14:34:00,,0.16990843050586651,0
2026-07-10 13:01:00,,0.30481762200988144,0
2026-08-10 14:56:00,,0.15349025967239702,0
2026-08-12 09:48:00,,0.3419453727368949,1
2026-08-21 10:16:00,,0.28739579913831237,0
2026-08-24 14:56:00,,0.13896260065966504,0
2026-09-02 10:05:00,,0.34004785333375387,1
2026-05-22 09:30:00,,0.4780666707773289,1
2026-05-27 14:01:00,,0.3421637623885528,0
2026-06-10 09:50:00,,0.3707371095538233,0
2026-06-29 13:15:00,,0.3004607773605023,1
2026-07-06 10:32:00,,0.3841278390180602,0
2026-07-07 10:27:00,,0.3687451241601834,1
2026-07-09 10:26:00,,0.5395517742332484,1
2026-07-14 10:16:00,,0.3728291699000593,0
2026-07-23 10:58:00,,0.37651824519354626,0
2026-08-03 09:47:00,,0.37084578269196844,0
2026-08-10 11:03:00,,0.3605101688421234,0
2026-08-13 13:33:00,,0.3065134877940228,0
2026-05-27 13:30:00,,0.282070542636765,1
2026-06-05 14:49:00,,0.20276132371526595,0
2026-06-12 14:21:00,,0.17037715209977888,0
2026-07-24 14:59:00,,0.23997588133933734,0
2026-07-29 13:02:00,,0.25974033487325277,0
2026-08-06 13:58:00,,0.2514553934406098,0
2026-05-28 11:12:00,,0.1976614353802578,1
2026-06-03 10:35:00,,0.32355335488998815,0
2026-06-05 09:52:00,,0.2702079387535225,0
2026-06-16 14:54:00,,0.12460992438352021,0
2026-06-29 13:17:00,,0.2641947972418264,1
2026-07-13 14:29:00,,0.10987122206558808,0
2026-07-15 13:43:00,,0.10282251516266071,0
2026-06-01 11:25:00,,0.2852433570300472,0
2026-06-10 13:20:00,,0.2690019870171599,0
2026-06-12 10:28:00,,0.3250209690041713,0
2026-06-12 14:14:00,,0.2483422782706755,1
2026-07-07 13:16:00,,0.3253152618552268,0
2026-07-23 11:30:00,,0.29168681967623555,0
2026-07-28 13:30:00,,0.25526205119212353,1
2026-08-19 11:29:00,,0.27585372769162675,0
2026-08-21 13:08:00,,0.2892011158438205,0
2026-08-27 10:59:00,,0.23799974492497436,0
2026-05-25 10:52:00,,0.3203107408762822,0
2026-05-26 10:25:00,,0.31677310127816444,0
2026-05-28 10:44:00,,0.2918980216884852,0
2026-06-03 10:44:00,,0.3284968214403519,0
2026-06-12 09:52:00,,0.3932039621004255,0
2026-06-15 14:48:00,,0.14634969397671602,1
2026-06-26 10:19:00,,0.3640328597047958,0
2026-07-21 09:45:00,,0.48749360090413935,1
2026-07-31 11:05:00,,0.3633213985501084,1
2026-08-07 14:27:00,,0.18113969835534094,1
2026-08-13 14:23:00,,0.21037741525840697,0
2026-08-18 11:01:00,,0.3315006790429268,0
2026-05-21 10:29:00,,0.30250677858828234,0
2026-06-04 09:43:00,,0.36508679697814184,0
2026-06-29 10:02:00,,0.3643112904832117,1
2026-08-14 10:16:00,,0.31376438515094474,0
2026-08-18 13:12:00,,0.26206311357821704,0
2026-06-12 11:08:00,,0.28290146281151013,1
2026-06-15 10:17:00,,0.26206439644330826,0
2026-06-17 09:36:00,,0.3105346840212589,0
2026-06-25 13:33:00,,0.2181023955939424,0
2026-06-26 13:03:00,,0.30987860841568815,0
2026-07-15 11:02:00,,0.28045404650012473,0
2026-07-16 09:36:00,,0.3695414759872929,0
2026-07-22 11:15:00,,0.3088388780076406,1
2026-07-24 11:28:00,,0.2536376118016121,0
2026-08-05 13:33:00,,0.20832271285151455,1
2026-08-06 14:06:00,,0.212049471988768,0
2026-08-20 14:14:00,,0.18661506022846763,0
2026-08-24 14:46:00,,0.10106887637987884,0
2026-05-27 13:30:00,,0.27584322847379206,0
2026-06-05 14:15:00,,0.1697433176611778,0
2026-06-29 14:54:00,,0.15463505086050014,0
2026-07-15 14:15:00,,0.22551206431141982,1
2026-07-24 10:31:00,,0.22329802826303882,0
2026-08-03 09:42:00,,0.3303484677447355,0
2026-08-06 09:35:00,,0.26095413479330454,0
2026-08-10 10:00:00,,0.339403143084992,0
2026-05-27 15:00:00,,0.29352677815119066,0
2026-05-29 14:47:00,,0.24825066705534599,0
2026-07-03 11:10:00,,0.3530473124828765,1
2026-07-29 14:21:00,,0.17970876993527135,0
2026-08-03 13:13:00,,0.291744956584711,0
2026-08-07 10:02:00,,0.3882763629374029,1
2026-08-10 09:38:00,,0.3500093298726,1
2026-05-25 14:51:00,,0.10891057030997903,0
2026-07-27 13:25:00,,0.18378373079583848,0
2026-08-07 09:56:00,,0.2541715376814397,1
2026-08-12 13:33:00,,0.1717108877893072,0
2026-08-13 10:17:00,,0.19353305655104483,0
2026-05-21 14:12:00,,0.12152544746903618,0
2026-05-22 09:44:00,,0.33794117552230724,0
2026-06-26 14:59:00,,0.12659970795028605,0
2026-07-01 13:50:00,,0.2640869117514047,0
2026-07-09 14:30:00,,0.11678139491315893,0
2026-07-10 10:40:00,,0.31496336613988696,0
2026-07-20 13:37:00,,0.34255992590384876,0
2026-07-29 11:11:00,,0.2742777821525508,0
2026-07-30 14:06:00,,0.257489724613682,0
2026-08-10 09:33:00,,0.3999430395431906,1
2026-08-19 10:05:00,,0.3151959351031879,0
2026-08-24 13:11:00,,0.16572400812290694,0
2026-09-01 09:47:00,,0.3374588109270237,0
2026-05-22 09:49:00,,0.3848120364001276,1
2026-06-08 14:18:00,,0.29574033614529366,1
2026-06-25 13:35:00,,0.2964599897213928,0
2026-07-20 09:32:00,,0.4006495396217713,0
2026-08-20 11:25:00,,0.31200977096663374,0
2026-05-21 14:52:00,,0.25931945720694355,0
2026-06-11 09:58:00,,0.20666831474879635,0
2026-07-24 13:51:00,,0.11629416144501255,0
2026-07-30 09:38:00,,0.27788284110453615,0
2026-08-03 13:28:00,,0.13494517320096214,0
2026-08-26 10:49:00,,0.20204047680864878,0
2026-08-28 10:43:00,,0.156717209673182,0
2026-06-01 13:39:00,,0.2940028849689905,0
2026-06-11 11:04:00,,0.30675451937490034,1
2026-06-12 10:48:00,,0.3201313716701616,1
2026-06-18 13:12:00,,0.28545796831488196,0
2026-06-29 14:13:00,,0.18515615188888004,0
2026-07-15 10:13:00,,0.3472695940977488,1
2026-07-17 09:57:00,,0.3474276267882782,0
2026-07-21 09:56:00,,0.3496087148653669,0
2026-07-22 10:39:00,,0.3476433067981438,0
2026-07-23 14:43:00,,0.1234474548689729,0
2026-08-05 09:51:00,,0.35095015772793947,1
2026-08-21 13:22:00,,0.2596817938132211,0
2026-08-26 10:54:00,,0.3001628122162352,0
2026-08-27 10:37:00,,0.26268913802596877,0
2026-08-27 14:05:00,,0.13970116148842715,0
2026-08-28 13:04:00,,0.3237163294317641,0
2026-05-21 10:26:00,,0.22191897974331842,0
2026-06-17 11:16:00,,0.28873893603087897,0
2026-07-14 13:02:00,,0.28027535751019256,0
2026-08-05 13:31:00,,0.17337152518038804,0
2026-08-14 10:42:00,,0.2967951597901983,0
2026-08-21 13:14:00,,0.202113928475712,0
2026-08-31 13:38:00,,0.2217424699357231,0
2026-05-29 14:06:00,,0.3648872979270351,0
2026-05-29 14:10:00,,0.28003449379085343,0
2026-06-22 13:40:00,,0.06026026227310705,0
2026-07-13 13:09:00,,0.3694840580589699,1
2026-07-14 14:44:00,,0.17235425657343434,1
2026-07-29 14:01:00,,0.3266567594717445,0
2026-07-30 10:35:00,,0.4364348273898887,0
2026-09-03 11:11:00,,0.3071110560382533,0
2026-05-29 14:38:00,,0.2950008806355542,0
2026-06-22 10:13:00,,0.3159199000135177,1
2026-07-14 09:36:00,,0.41661857257230517,1
2026-08-11 11:02:00,,0.2658764841602432,0
2026-08-25 10:37:00,,0.24031324153546402,1
2026-08-25 10:50:00,,0.2832852320674352,1
2026-08-26 14:02:00,,0.22090234632706174,0
2026-07-03 11:04:00,,0.2571610139097597,1
2026-07-21 14:48:00,,0.1013702182071123,0
2026-07-22 10:57:00,,0.3633954283603863,0
2026-07-27 10:14:00,,0.332343340873395,0
2026-07-31 14:44:00,,0.20690415282630323,0
2026-08-17 10:03:00,,0.34396819002686013,1
2026-05-21 13:49:00,,0.2514762910997284,0
2026-06-01 13:20:00,,0.26466837283526856,0
2026-06-22 10:34:00,,0.34788967652972513,1
2026-07-01 14:04:00,,0.2715774010944972,0
2026-07-22 13:05:00,,0.3002183949161418,0
2026-07-23 14:12:00,,0.25242047856810745,0
2026-08-03 14:31:00,,0.1948384969473991,1
2026-08-11 09:54:00,,0.36136267627246604,0
2026-08-11 13:33:00,,0.2677452500755638,0
2026-05-21 10:36:00,,0.26717042257563867,0
2026-05-21 13:11:00,,0.27917592212141823,0
2026-07-16 10:21:00,,0.32596976009337114,0
2026-07-22 13:24:00,,0.2964026653397512,0
2026-07-29 13:34:00,,0.2566276587517069,0
2026-08-06 10:46:00,,0.37499185925830264,1
2026-08-12 10:45:00,,0.2718559735714285,0
2026-09-01 09:33:00,,0.3323498388790604,0
2026-05-29 10:00:00,,0.31583024480479355,0
2026-06-24 11:13:00,,0.32171864765884833,1
2026-07-14 09:36:00,,0.3724862502095385,1
2026-07-14 10:04:00,,0.3215598472590533,1
2026-07-16 13:37:00,,0.291222155087457,0
2026-07-21 10:45:00,,0.34603446601636323,1
2026-08-12 10:32:00,,0.24740640246712736,0
2026-08-21 10:43:00,,0.24376410254098776,0
2026-06-22 14:46:00,,0.19178036997963946,0
2026-07-03 13:21:00,,0.3090864495566369,0
2026-07-15 10:42:00,,0.3299968711047414,0
2026-07-15 14:48:00,,0.15960654010830957,0
2026-07-16 14:15:00,,0.2250503078157538,0
2026-08-03 10:29:00,,0.30348954256200733,1
2026-08-05 09:50:00,,0.29573713472816426,0
2026-09-01 14:46:00,,0.1303872630875683,0
2026-05-25 14:04:00,,0.24835215341850506,0
2026-05-26 10:03:00,,0.33147356917093035,1
2026-07-20 10:41:00,,0.36209524351861244,0
2026-07-20 11:23:00,,0.3103057875609776,0
2026-07-23 13:53:00,,0.27473487076364544,0
2026-08-11 14:48:00,,0.2942953847808172,0
2026-08-27 10:52:00,,0.3084485837544586,1
2026-06-09 10:00:00,,0.34613021944600286,1
2026-07-02 13:40:00,,0.37163412252091116,1
2026-07-30 13:43:00,,0.22413520336736908,0
2026-08-11 10:31:00,,0.3111764976230976,0
2026-09-01 13:45:00,,0.29386826241451364,0
2026-05-27 09:32:00,,0.36017409125872296,0
2026-06-02 10:15:00,,0.28294034482555874,0
2026-06-23 10:53:00,,0.326185953847102,0
2026-06-25 10:15:00,,0.3015977849324492,1
2026-07-13 10:33:00,,0.31126970046029584,0
2026-07-30 14:23:00,,0.19132674495058583,0
2026-07-31 10:14:00,,0.3274665406938795,0
2026-08-05 10:59:00,,0.26880251672870636,0
2026-08-25 14:19:00,,0.22521743543795977,0
2026-05-27 13:55:00,,0.5947062921276227,0
2026-05-28 09:58:00,,0.38319972815884545,0
2026-06-09 11:11:00,,0.32417669149135236,1
2026-06-11 14:38:00,,0.3310537431679526,1
2026-07-08 14:00:00,,0.32645524844236107,0
2026-07-10 13:49:00,,0.3343564784285127,0
2026-08-05 11:03:00,,0.34962664810511446,0
2026-05-22 09:55:00,,0.3277021199816241,0
2026-05-26 13:29:00,,0.27271167168625376,1
2026-05-29 11:10:00,,0.23532808147503842,0
2026-06-04 13:38:00,,0.1930124365098076,0
2026-06-22 13:47:00,,0.24988618944038274,0
2026-07-01 14:06:00,,0.18329974283113415,0
2026-07-01 14:50:00,,0.1233715887012316,0
2026-07-15 10:33:00,,0.31185036836362684,0
2026-07-16 10:41:00,,0.27574678646419387,0
2026-07-20 09:31:00,,0.35108511879729937,0
2026-08-20 11:07:00,,0.25126387518384796,0
2026-05-26 11:28:00,,0.1309291778112329,0
2026-06-02 10:34:00,,0.13905595169933627,0
2026-06-09 13:22:00,,0.08817829028165122,0
2026-06-30 10:29:00,,0.13670310845379466,0
2026-07-01 09:35:00,,0.20739372573745518,1
2026-07-14 10:26:00,,0.19240789012361748,0
2026-07-30 11:03:00,,0.17554707694610117,0
2026-08-12 09:46:00,,0.29937743433162667,0
2026-08-12 14:25:00,,0.07612345216728675,0
2026-08-14 14:17:00,,0.06401013075488739,0
2026-08-25 13:25:00,,0.08176591680081485,0
2026-05-28 10:38:00,,0.373832798082019,0
2026-06-03 13:42:00,,0.298448483944169,0
2026-06-25 13:19:00,,0.3559901153682095,0
2026-07-13 10:57:00,,0.36977672466235534,0
2026-07-16 13:42:00,,0.2542961054850918,0
2026-07-23 13:55:00,,0.29591229772214506,0
2026-08-06 10:31:00,,0.3263970419082538,0
2026-08-31 09:47:00,,0.37556796572290135,0
2026-05-22 10:14:00,,0.3094797329768206,1
2026-05-27 10:12:00,,0.2702897708274585,0
2026-06-01 10:35:00,,0.3549149333091112,0
2026-06-10 14:15:00,,0.2242160428200321,0
2026-07-16 09:55:00,,0.35797658346717826,0
2026-07-20 11:27:00,,0.30034702577366795,0
2026-07-22 13:23:00,,0.2870289023974055,0
2026-08-10 13:32:00,,0.28563658594424846,0
2026-08-11 14:46:00,,0.15691427679509568,0
2026-08-14 13:52:00,,0.109545673496279,0
2026-08-18 14:57:00,,0.16839069887339583,0
2026-08-20 09:46:00,,0.3293775016696852,1
2026-05-29 13:30:00,,0.20985045706966426,0
2026-06-05 14:58:00,,0.11935852545841077,0
2026-06-08 10:54:00,,0.274910676709773,0
2026-06-08 13:30:00,,0.2764299917254732,1
2026-06-18 14:18:00,,0.16176993649733987,1
2026-07-22 10:00:00,,0.3500762145285161,0
2026-08-25 10:02:00,,0.34055481772555823,0
2026-09-03 14:54:00,,0.16973110601505226,0
2026-05-22 09:48:00,,0.41497367817008785,0
2026-05-28 10:28:00,,0.3300640912160734,0
2026-06-05 10:49:00,,0.38261116016964397,0
2026-06-05 14:29:00,,0.33934185306714726,0
2026-06-18 10:34:00,,0.3351881446716227,0
2026-06-25 13:10:00,,0.20787378976495294,0
2026-06-29 13:18:00,,0.4275987670391818,1
2026-07-01 14:13:00,,0.3438039278373478,0
2026-08-07 09:33:00,,0.43925322269171035,0
2026-08-20 10:46:00,,0.35472946956137447,0
2026-08-24 15:00:00,,0.21029911865138368,0
2026-09-03 13:16:00,,0.24465163000164883,0
2026-06-08 11:30:00,,0.2844769205394871,0
2026-06-10 10:57:00,,0.3550502527830505,0
2026-06-29 10:31:00,,0.3342758859237613,0
2026-07-27 09:41:00,,0.3491483731097192,1
2026-08-28 14:46:00,,0.30131606291474294,0
2026-09-02 13:29:00,,0.23798193851338886,0
2026-06-16 09:57:00,,0.3363215773092024,1
2026-06-25 14:20:00,,0.22341014058268138,0
2026-07-02 13:09:00,,0.32117449338652143,0
2026-07-06 13:18:00,,0.2711947630344568,0
2026-07-21 09:37:00,,0.366075131026693,1
2026-08-10 10:45:00,,0.3098355824637414,0
2026-08-17 14:13:00,,0.14086125198254956,0
2026-08-24 11:12:00,,0.2896507284652778,0
2026-06-08 10:11:00,,0.3997784434306798,0
2026-08-31 09:52:00,,0.39332371568202146,0
2026-06-04 13:15:00,,0.3099111894120382,0
2026-06-24 14:11:00,,0.31728279864814257,0
2026-06-29 10:41:00,,0.37364637215783153,1
2026-07-13 14:45:00,,0.2453158058585139,1
2026-07-14 09:48:00,,0.43516100133018,1
2026-07-23 13:21:00,,0.32425374980179394,1
2026-07-28 09:34:00,,0.3777965027946903,0
2026-08-05 13:30:00,,0.3086435125256109,0
2026-08-25 13:51:00,,0.27666213727179717,1
2026-08-31 09:35:00,,0.4130120750930587,0
2026-08-31 13:06:00,,0.33282740777043845,0
2026-05-26 09:56:00,,0.20292379792644794,0
2026-06-11 10:40:00,,0.28194854660002516,0
2026-06-30 11:05:00,,0.26071498102172763,0
2026-06-30 13:59:00,,0.17650760801037774,0
2026-07-06 14:20:00,,0.13547433675145337,0
2026-07-15 11:30:00,,0.174254007370848,0
2026-08-04 13:30:00,,0.19878658158225085,0
2026-08-06 10:59:00,,0.20074124074887637,0
2026-08-13 10:02:00,,0.287134571288303,0
2026-08-18 13:49:00,,0.17919058703463592,0
2026-08-24 13:18:00,,0.2014659982886991,0
2026-09-01 13:11:00,,0.2956772402045547,0
2026-05-27 09:51:00,,0.37485537844030614,0
2026-06-05 10:28:00,,0.3175902646350898,0
2026-06-25 09:54:00,,0.37589691916326123,1
2026-07-06 11:11:00,,0.31944055328670456,0
2026-08-17 10:14:00,,0.3155565981209579,1
2026-08-17 11:13:00,,0.2904008523700464,1
2026-08-24 13:56:00,,0.26410982040435943,0
2026-06-10 14:32:00,,0.22787027548439034,0
2026-06-30 14:53:00,,0.20205094471309418,1
2026-07-24 14:05:00,,0.30008711900437685,0
2026-08-05 11:09:00,,0.2821932564681378,0
2026-08-28 13:55:00,,0.22178515382680547,0
2026-06-01 14:31:00,,0.1213339148386345,0
2026-06-15 13:02:00,,0.19629817413904255,0
2026-06-26 10:24:00,,0.35343504606694526,0
2026-07-10 14:44:00,,0.15199426759476567,1
2026-07-15 14:46:00,,0.13434961569058687,0
2026-07-20 10:04:00,,0.3400305508079684,0
2026-07-21 10:36:00,,0.3447175602631917,0
2026-07-21 13:02:00,,0.30190159316629767,0
2026-08-03 10:35:00,,0.20255631589059322,0
2026-08-05 10:47:00,,0.2563869940138274,0
2026-08-11 09:53:00,,0.29023084581790265,0
2026-08-26 13:16:00,,0.18145901886263754,0
2026-08-31 14:34:00,,0.19270087516605602,0
2026-05-25 10:00:00,,0.36745183071784815,0
2026-06-01 09:30:00,,0.3979966239352088,1
2026-06-02 13:25:00,,0.3238361845118759,1
2026-06-10 10:16:00,,0.36952908632711107,0
2026-06-10 14:39:00,,0.25892919537602266,0
2026-06-16 10:22:00,,0.3468003617669367,1
2026-06-18 13:56:00,,0.26400001454233624,1
2026-07-03 14:22:00,,0.19748198471376416,0
2026-07-06 14:16:00,,0.23135169917464235,0
2026-07-08 14:11:00,,0.2432015034799769,0
2026-07-10 10:40:00,,0.29843758908077905,0
2026-08-06 13:09:00,,0.2666673250652116,1
2026-08-17 13:55:00,,0.3044965276843616,0
2026-08-20 10:25:00,,0.3530852569413902,0
2026-08-21 10:57:00,,0.27672602258291185,1
2026-05-29 11:29:00,,0.3086776758845989,0
2026-06-10 13:22:00,,0.31794763342812427,0
2026-06-11 11:19:00,,0.09769500413455151,0
2026-06-30 10:11:00,,0.37163155894266886,0
2026-07-30 10:11:00,,0.3470890698176992,0
2026-08-06 14:10:00,,0.31625046588645944,0
2026-08-10 14:52:00,,0.26113971544138326,0
2026-08-21 09:58:00,,0.3792341840709011,0
2026-08-27 09:36:00,,0.36725141539374845,1
2026-09-02 10:30:00,,0.37169479346291273,0
2026-07-08 14:37:00,,0.2512273605177751,0
2026-07-14 14:13:00,,0.29427239186925486,0
2026-07-15 13:19:00,,0.34748026562131334,0
2026-07-16 09:35:00,,0.38780517427177724,1
2026-07-20 14:26:00,,0.0595982380782452,0
2026-07-27 10:42:00,,0.35566464407190085,1
2026-08-12 09:59:00,,0.368096266596691,1
2026-08-12 10:05:00,,0.36159604287291286,1
2026-08-19 13:12:00,,0.3616132434767651,0
2026-06-10 14:50:00,,0.14544746126168898,0
2026-07-03 10:15:00,,0.2596816314694806,0
2026-07-07 13:16:00,,0.3003362847127495,1
2026-07-27 14:47:00,,0.1456773532277731,0
2026-07-30 13:01:00,,0.3198166703134608,0
2026-07-31 11:28:00,,0.35039721980439953,1
2026-08-05 10:09:00,,0.359475946856382,0
2026-08-10 11:08:00,,0.24880861380947553,0
2026-08-18 09:39:00,,0.351304696498413,0
2026-05-29 10:39:00,,0.2827367371281245,0
2026-06-17 13:19:00,,0.2392584021825175,1
2026-06-26 13:36:00,,0.3872680988279106,0
2026-07-17 14:31:00,,0.2816525617972751,0
2026-08-03 13:25:00,,0.27509697443380443,1
2026-08-07 14:14:00,,0.2544300735292183,1
2026-08-11 10:22:00,,0.3068601536223137,0
2026-08-20 11:28:00,,0.3110232230805988,0
2026-08-28 10:25:00,,0.3544627722585568,0
2026-05-26 11:08:00,,0.27960127480937,1
2026-05-26 13:53:00,,0.2767026460198714,1
2026-05-27 14:03:00,,0.2392200941535035,0
2026-06-30 14:51:00,,0.23627490341751772,0
2026-07-20 13:03:00,,0.31740403423108837,1
2026-07-29 11:14:00,,0.2706733063689332,0
2026-07-30 10:59:00,,0.2503364282231511,0
2026-08-17 13:30:00,,0.24393686129579578,0
2026-08-20 14:24:00,,0.16305504536293536,0
2026-05-27 11:15:00,,0.36042755636522655,0
2026-06-10 13:52:00,,0.20433620124919283,0
2026-06-11 09:32:00,,0.4632537432043978,0
2026-06-12 13:52:00,,0.15018732554067662,1
2026-06-22 10:08:00,,0.3938647492113165,1
2026-07-09 14:26:00,,0.29780603777549114,1
2026-07-23 14:09:00,,0.26499656822895995,1
2026-08-13 13:29:00,,0.2436763646555276,0
2026-08-20 10:16:00,,0.3669483283416487,0
2026-05-25 13:28:00,,0.292422650179237,0
2026-06-01 11:19:00,,0.33835146053979137,0
2026-06-15 10:29:00,,0.34825812371410614,0
2026-07-01 14:20:00,,0.20878073996879654,0
2026-07-17 11:19:00,,0.3801992983287198,0
2026-07-17 13:06:00,,0.330529161535503,0
2026-07-17 13:35:00,,0.3432491612416409,0
2026-08-04 10:04:00,,0.3260659680939344,1
2026-08-13 09:51:00,,0.36490571358401935,0
2026-08-20 11:00:00,,0.3361037492373023,0
2026-08-27 13:50:00,,0.17505293961225904,0
2026-05-26 14:03:00,,0.20079136560445143,0
2026-06-08 10:36:00,,0.35337315887882753,0
2026-08-04 14:40:00,,0.17911777744418383,0
2026-08-21 13:41:00,,0.14211225901321856,1
2026-08-25 14:22:00,,0.09056383428182044,0
2026-05-21 09:49:00,,0.33838296222220726,0
2026-05-22 11:29:00,,0.2772679777976448,1
2026-05-25 09:55:00,,0.3541124970043631,0
2026-06-15 14:16:00,,0.21345130500668053,1
2026-06-22 14:46:00,,0.1946464469986439,1
2026-07-01 13:11:00,,0.25651321877849004,0
2026-07-09 10:50:00,,0.3310873772803512,1
2026-08-27 14:07:00,,0.21382627422904718,0
2026-05-27 10:06:00,,0.2735285497672805,0
2026-06-01 13:33:00,,0.2593461719142834,0
2026-07-30 10:21:00,,0.3476681717350493,0
2026-05-22 09:31:00,,0.42370103709848944,1
2026-05-22 13:30:00,,0.21914138527966645,1
2026-06-11 14:13:00,,0.32033424757574025,1
2026-06-22 10:10:00,,0.34576928697654274,0
2026-07-07 14:07:00,,0.21406395130632666,0
2026-07-27 11:10:00,,0.26121050892149394,0
2026-07-29 09:43:00,,0.40126242047549565,0
2026-08-20 10:10:00,,0.38034042978004895,0
2026-09-02 11:21:00,,0.26130387580718917,0
2026-09-03 09:50:00,,0.38631638990181133,0
2026-05-22 10:15:00,,0.35687079468993627,1
2026-06-05 13:28:00,,0.34340335497377933,0
2026-06-16 14:04:00,,0.372134587639203,0
2026-07-10 10:04:00,,0.3562328120391132,1
2026-07-14 10:53:00,,0.3909197015352233,0
2026-07-28 10:14:00,,0.405351243026772,0
2026-08-05 13:42:00,,0.2973356042439585,1
2026-08-10 13:42:00,,0.20312547979055567,0
2026-09-03 10:50:00,,0.555087083729039,1
2026-06-09 09:42:00,,0.36077264232925454,0
2026-06-15 11:05:00,,0.2901032231693907,0
2026-06-16 13:44:00,,0.2586162421424442,1
2026-06-29 10:24:00,,0.3546229913026448,0
2026-07-01 13:28:00,,0.24954340721693927,0
2026-07-16 10:34:00,,0.36883072698444724,0
2026-08-04 10:00:00,,0.3073002325049516,1
2026-08-28 13:36:00,,0.18151305820170147,0
2026-06-12 09:42:00,,0.39070385954695547,0
2026-07-02 09:32:00,,0.34047416265313446,0
2026-07-06 10:44:00,,0.26417410527523544,0
2026-07-23 09:44:00,,0.29587310232350167,1
2026-07-23 09:51:00,,0.2926320136918074,0
2026-07-31 14:12:00,,0.18708039472985494,0
2026-08-04 14:03:00,,0.1932462722593739,0
2026-08-07 14:40:00,,0.12362573074405475,0
2026-08-14 10:15:00,,0.28178391261859437,0
2026-08-21 14:26:00,,0.1512181219782554,0
2026-09-01 11:19:00,,0.3074413556964298,0
2026-05-27 11:16:00,,0.2735113649846315,0
2026-06-04 11:07:00,,0.22962764369732802,0
2026-06-08 11:29:00,,0.292714438811574,1
2026-06-11 14:22:00,,0.2657806951498979,0
2026-06-12 14:50:00,,0.12845811266072976,1
2026-06-16 09:59:00,,0.3017592854863426,1
2026-07-31 14:25:00,,0.15105061642696166,0
2026-08-24 13:54:00,,0.1644891348838925,0
2026-05-28 14:15:00,,0.2646485102155689,1
2026-06-23 13:20:00,,0.19630801704731393,0
2026-07-16 10:12:00,,0.3146063734310827,0
2026-07-22 11:17:00,,0.28245061224427875,0
2026-07-22 14:21:00,,0.15786131072179524,0
2026-07-31 13:36:00,,0.2643534557064109,0
2026-08-06 09:43:00,,0.32985190185601176,0
2026-08-12 13:48:00,,0.14239886432847865,0
2026-08-13 10:51:00,,0.24454489906963428,0
2026-08-13 14:03:00,,0.18861549081953807,0
2026-08-14 09:31:00,,0.29583448365852566,0
2026-08-26 13:15:00,,0.25230279981284787,0
2026-08-31 13:47:00,,0.17658591829782147,0
2026-06-29 13:29:00,,0.3068684185777876,1
2026-07-15 14:01:00,,0.30729905846808736,0
2026-08-20 14:57:00,,0.15203484056647218,0
2026-05-25 14:01:00,,0.22401327274035562,0
2026-05-26 14:27:00,,0.20251774794091235,0
2026-06-02 10:03:00,,0.30164701829659885,0
2026-06-11 14:40:00,,0.20761649821246927,1
2026-07-01 14:55:00,,0.12420965557782108,0
2026-07-09 10:03:00,,0.3146291246631099,0
2026-07-13 09:39:00,,0.3467521124214081,1
2026-07-22 10:25:00,,0.2991736093118828,0
2026-07-27 13:15:00,,0.2589767940569802,0
2026-08-24 14:18:00,,0.1984911348616944,0
2026-08-28 13:41:00,,0.16082424010563326,0
2026-06-03 13:45:00,,0.322332671538612,0
2026-06-11 10:49:00,,0.4088333012613548,1
2026-06-26 10:33:00,,0.3765709578417013,0
2026-07-10 13:05:00,,0.32306627487561096,0
2026-07-15 13:38:00,,0.2797813639342568,0
2026-07-30 10:00:00,,0.4173782884259783,1
2026-08-03 14:12:00,,0.25961050841599015,1
2026-08-21 11:17:00,,0.30587418654833737,1
2026-08-26 10:46:00,,0.338217505129774,0
2026-08-28 13:08:00,,0.3310923283631722,0
2026-06-08 10:04:00,,0.4972336356829655,1
2026-07-08 14:22:00,,0.21235766592027297,0
2026-07-09 09:33:00,,0.38583060432753796,0
2026-07-13 14:14:00,,0.3481518812315201,0
2026-07-30 11:15:00,,0.3427819616803491,0
2026-08-19 11:11:00,,0.2667119125060796,0
2026-09-03 09:55:00,,0.33611127260261436,0
2026-06-12 11:06:00,,0.3310184542125474,0
2026-07-13 10:55:00,,0.38087812543201766,0
2026-08-13 09:58:00,,0.36683798900662035,0
2026-08-17 14:47:00,,0.24384597346482462,0
2026-08-24 09:39:00,,0.3700336536563019,0
2026-05-21 14:56:00,,0.39204237349821,1
2026-06-25 13:14:00,,0.2558986494652671,0
2026-07-21 10:24:00,,0.30241287121253974,1
2026-09-02 14:11:00,,0.25806605647115566,1
2026-06-09 10:40:00,,0.382910264529959,1
2026-06-23 09:53:00,,0.3396830464051487,0
2026-06-26 14:02:00,,0.3125542462553277,0
2026-07-28 10:47:00,,0.3779201820586164,0
2026-08-27 13:25:00,,0.38436266798563073,1
2026-08-28 09:35:00,,0.39909573033714785,0
2026-05-25 11:17:00,,0.2651627490722431,0
2026-05-29 14:28:00,,0.23649049187321686,0
2026-06-09 14:56:00,,0.20066609782580166,0
2026-06-11 09:37:00,,0.3788481502970155,0
2026-06-18 13:18:00,,0.20214565877501248,1
2026-07-07 11:18:00,,0.31881816613676706,0
2026-07-09 13:56:00,,0.29621947985949554,1
2026-08-20 11:18:00,,0.21311252729909666,0
2026-08-25 13:15:00,,0.27241500443212074,1
2026-09-03 11:15:00,,0.28947469079516436,0
2026-09-03 11:23:00,,0.291197529374239,0
2026-06-03 15:00:00,,0.10717789303372449,0
2026-07-03 14:21:00,,0.20567154492820763,0
2026-07-27 13:53:00,,0.29067208908563225,1
2026-06-02 13:04:00,,0.2870929070143058,0
2026-06-29 14:33:00,,0.18002091186022695,0
2026-07-09 13:58:00,,0.320178729954201,1
2026-08-12 10:33:00,,0.21530455198061055,0
2026-05-21 09:46:00,,0.3288416555023631,0
2026-06-02 11:17:00,,0.30463960155861114,0
2026-06-08 13:01:00,,0.33493190909488835,0
2026-06-25 14:26:00,,0.1547467919968243,0
2026-06-30 11:30:00,,0.2555003492378495,1
2026-07-02 14:32:00,,0.1668148296081965,0
2026-07-07 10:09:00,,0.302490503461846,0
2026-07-09 10:36:00,,0.3292255911642111,0
2026-07-14 14:52:00,,0.15599728697617649,1
2026-07-17 10:06:00,,0.34748816545080435,0
2026-07-17 14:40:00,,0.21977502344130775,0
2026-08-28 11:17:00,,0.23282551142850633,0
2026-05-26 09:30:00,,0.4181156067319682,0
2026-07-03 11:23:00,,0.32322689011939126,0
2026-07-24 13:40:00,,0.3687613553905567,0
2026-07-30 14:11:00,,0.26046434719294026,1
2026-08-05 11:24:00,,0.25442462788940035,0
2026-08-18 11:04:00,,0.27587803167448,1
2026-08-24 13:18:00,,0.3309123167415629,0
2026-05-27 14:26:00,,0.25504421277596906,0
2026-06-10 13:22:00,,0.3865726616134198,1
2026-06-22 14:20:00,,0.2681517166759595,0
2026-07-14 10:28:00,,0.42124272053922845,1
2026-08-17 13:04:00,,0.2768549437961234,1
2026-08-25 09:55:00,,0.36043720703385923,1
2026-05-21 14:06:00,,0.27083428217984096,0
2026-07-06 11:03:00,,0.3169666650122977,0
2026-07-16 14:24:00,,0.1853446267000057,0
2026-07-22 13:02:00,,0.271661954452636,0
2026-07-24 09:42:00,,0.3468179788716989,0
2026-08-05 09:43:00,,0.31300995455587266,1
2026-08-18 13:24:00,,0.2323280295723059,0
2026-09-01 10:23:00,,0.28794212156236215,0
2026-07-02 10:51:00,,0.3387199267560627,0
2026-07-02 11:24:00,,0.24443760316002186,0
2026-07-14 14:04:00,,0.0824369467056052,0
2026-07-22 14:46:00,,0.18316883207944182,0
2026-08-26 14:37:00,,0.10631501128288948,0
2026-08-27 14:58:00,,0.1016651115399545,0
2026-05-25 10:53:00,,0.3133270115626268,0
2026-06-02 13:06:00,,0.26368081758416645,0
2026-06-09 11:18:00,,0.33340274101046286,0
2026-07-01 09:56:00,,0.3479811505058866,1
2026-08-07 10:08:00,,0.3330557212632861,0
2026-08-14 09:46:00,,0.3362007376825513,1
2026-08-17 11:18:00,,0.22387914114894136,0
2026-06-16 09:31:00,,0.41251711453346696,1
2026-06-18 13:23:00,,0.33262953342749385,0
2026-07-16 10:26:00,,0.3817626608020647,0
2026-08-04 09:52:00,,0.3967690225258168,1
2026-08-07 10:08:00,,0.39567971333225177,1
2026-08-12 14:07:00,,0.15203542926990538,0
2026-08-17 13:19:00,,0.2735326838942948,1
2026-05-27 11:04:00,,0.29995880292407134,0
2026-05-27 11:11:00,,0.3110704025956989,0
2026-05-27 14:05:00,,0.1957912657216473,0
2026-06-01 14:33:00,,0.20500682224259517,0
2026-06-05 10:39:00,,0.6279016629218844,0
2026-06-22 14:23:00,,0.20089160758402363,0
2026-07-06 10:37:00,,0.32652452113610414,0
2026-07-13 09:47:00,,0.34977758717741647,0
2026-07-14 10:44:00,,0.33485877241739265,1
2026-07-21 14:28:00,,0.21532584132991148,0
2026-07-22 13:19:00,,0.2665870435594156,0
2026-08-10 14:15:00,,0.23250267279452388,0
2026-08-19 13:13:00,,0.2584466675462484,0
2026-06-01 09:41:00,,0.3823981811256871,0
2026-06-02 15:00:00,,0.1751041783393203,0
2026-06-16 10:26:00,,0.3167914260139911,0
2026-07-01 14:56:00,,0.23283008752133305,1
2026-07-13 09:45:00,,0.3965167177174523,0
2026-07-14 14:23:00,,0.25394130091663886,1
2026-07-31 11:24:00,,0.3591125453003036,1
2026-08-13 11:12:00,,0.26824892190722877,0
2026-08-26 13:22:00,,0.2334663769773744,0
2026-07-03 09:51:00,,0.3673611052034776,0
2026-07-07 10:15:00,,0.3714963412487531,0
2026-07-29 11:13:00,,0.31205850270186125,1
2026-08-03 14:53:00,,0.11424432683947684,0
2026-08-13 13:12:00,,0.32365178957782065,0
2026-08-18 13:28:00,,0.29077277987423766,1
2026-08-25 11:25:00,,0.19865394893229493,0
2026-05-29 11:07:00,,0.3056932800459312,0
2026-07-10 11:24:00,,0.29233228208732215,0
2026-07-30 10:45:00,,0.3247384590305338,1
2026-08-11 14:02:00,,0.17630507673899234,0
2026-08-17 14:36:00,,0.3145689892186026,0
2026-08-24 10:20:00,,0.33635462353546575,0
2026-06-01 11:05:00,,0.3725825260700512,1
2026-06-05 13:02:00,,0.2608774241335673,0
2026-06-08 11:28:00,,0.358634644132763,0
2026-06-12 14:28:00,,0.17064579420234474,1
2026-06-18 14:16:00,,0.16662115529664728,0
2026-06-23 14:44:00,,0.19389283025487825,0
2026-06-30 10:04:00,,0.31534133720063906,0
2026-07-03 10:07:00,,0.3554026531791123,1
2026-07-28 13:39:00,,0.19265815829126773,0
2026-08-14 10:22:00,,0.3198036763592264,1
2026-08-21 09:30:00,,0.29200339844676365,0
2026-05-21 14:49:00,,0.35085178206702833,0
2026-06-05 11:21:00,,0.33136731591584845,0
2026-07-06 10:11:00,,0.35386656784568676,0
2026-07-07 09:39:00,,0.38753456255155627,0
2026-07-15 14:07:00,,0.29688161811658753,0
2026-07-28 14:20:00,,0.22562558395044083,0
2026-08-17 09:47:00,,0.377064790072327,0
2026-05-25 10:42:00,,0.28966639749210926,0
2026-05-26 14:58:00,,0.1439563700518259,0
2026-06-18 10:46:00,,0.24758032728077775,0
2026-07-14 13:09:00,,0.3163722488272709,1
2026-07-15 13:52:00,,0.3440350835563161,1
2026-07-21 14:03:00,,0.32316848131552367,0
2026-08-24 10:22:00,,0.3528572001437749,0
2026-08-27 14:21:00,,0.13991565880090057,0
2026-05-21 10:21:00,,0.1688945778762386,0
2026-06-11 14:37:00,,0.15462369821041363,0
2026-06-22 09:34:00,,0.32083381057454236,0
2026-06-24 10:57:00,,0.28933859106053605,0
2026-07-03 14:21:00,,0.13592368155736342,0
2026-07-03 14:38:00,,0.10812258610563996,0
2026-07-13 14:27:00,,0.17052606140917895,0
2026-08-04 09:37:00,,0.28701876749746197,0
2026-08-13 11:21:00,,0.18865063312199554,0
2026-08-20 13:40:00,,0.08578535290460619,0
2026-08-28 14:54:00,,0.08098049270410355,0
2026-08-31 10:25:00,,0.16518792110605982,0
2026-05-22 10:14:00,,0.2448486699370525,0
2026-05-28 10:50:00,,0.1653360305469677,0
2026-06-02 14:56:00,,0.11760268731361496,0
2026-07-03 11:15:00,,0.2400568491462231,1
2026-07-21 13:13:00,,0.2160098488993076,0
2026-09-02 11:22:00,,0.1332475828953847,0
2026-05-22 10:50:00,,0.30462983834124197,0
2026-05-25 09:36:00,,0.4365180882798293,0
2026-05-29 10:09:00,,0.30437081757820067,0
2026-06-01 13:49:00,,0.21839780320272148,0
2026-06-02 09:38:00,,0.3410913876409079,0
2026-06-02 14:46:00,,0.14105858376497754,0
2026-06-12 13:53:00,,0.21866077680066534,0
2026-06-25 10:30:00,,0.2994789516652574,0
2026-07-10 11:17:00,,0.28208739495798824,0
2026-07-20 11:27:00,,0.33328273414543935,0
2026-07-21 10:36:00,,0.4121529493095241,1
2026-07-21 13:09:00,,0.34565167327748103,0
2026-08-13 11:01:00,,0.24232138139404463,0
2026-08-20 10:12:00,,0.3445031194565701,0
2026-08-26 13:13:00,,0.2163227004608785,0
2026-05-26 13:49:00,,0.26703201195186466,1
2026-06-12 14:46:00,,0.15309838039855558,1
2026-06-18 11:06:00,,0.22413632732773192,0
2026-07-06 14:16:00,,0.13501416447393322,0
2026-07-15 13:28:00,,0.3332604909535335,0
2026-07-24 10:31:00,,0.2418153778176403,0
2026-07-27 10:14:00,,0.3289868714014144,0
2026-07-29 13:53:00,,0.18716676392940385,0
2026-08-19 13:51:00,,0.18144050490631503,1
2026-08-21 13:41:00,,0.22158713756799356,1
2026-08-24 13:46:00,,0.18222495219249213,1
2026-06-01 13:55:00,,0.14582859649239682,1
2026-06-25 13:16:00,,0.33135036384223904,0
2026-06-30 09:44:00,,0.34757030597009975,0
2026-07-30 09:43:00,,0.32854069784801004,0
2026-08-25 14:41:00,,0.26879408283377637,0
2026-06-08 11:11:00,,0.32989230941812897,1
2026-06-23 11:00:00,,0.2921415640654302,0
2026-07-28 13:49:00,,0.23292534556764125,1
2026-08-14 10:44:00,,0.2982275893434676,1
2026-08-26 14:45:00,,0.16240222905200435,1
2026-05-26 10:49:00,,0.3564784022445181,0
2026-05-26 13:13:00,,0.2997161203054104,0
2026-06-02 09:39:00,,0.34092896646381743,1
2026-06-15 10:33:00,,0.32708928562621375,1
2026-06-29 11:23:00,,0.3204028786277996,0
2026-07-24 09:33:00,,0.408750432249118,0
2026-08-17 09:48:00,,0.3281958997355182,1
2026-08-21 10:57:00,,0.29713805412201927,1
2026-08-27 13:18:00,,0.18018605638542062,0
2026-08-27 14:02:00,,0.18244134754959362,0
2026-09-03 14:32:00,,0.17585744369682757,0
2026-05-27 09:43:00,,0.3760497233893382,0
2026-06-10 14:45:00,,0.1671909354930768,0
2026-07-16 11:29:00,,0.3018731345884717,0
2026-07-21 10:31:00,,0.3166346408934299,1
2026-07-29 10:52:00,,0.44987988966007664,0
2026-08-06 09:30:00,,0.3912550601990441,0
2026-08-06 13:25:00,,0.22630001846516404,1
2026-08-13 13:40:00,,0.1833127413075487,0
2026-08-26 13:48:00,,0.2631490548845574,0
2026-05-27 13:17:00,,0.31893430125531613,0
2026-06-01 11:28:00,,0.5739727260302727,0
2026-06-22 13:52:00,,0.2665682609791443,0
2026-07-06 11:02:00,,0.300086523406499,0
2026-07-16 11:27:00,,0.31410676464436144,0
2026-08-14 09:36:00,,0.35724774743455506,0
2026-08-14 14:25:00,,0.22328836485794504,0
2026-08-27 10:14:00,,0.24293247153666403,0
2026-05-21 13:37:00,,0.2890295903619489,0
2026-06-30 13:20:00,,0.302489469730175,0
2026-07-01 13:33:00,,0.27069948852984416,0
2026-07-16 11:07:00,,0.3410550446287528,0
2026-07-27 14:09:00,,0.255207843037773,0
2026-07-30 10:48:00,,0.34825429417881626,1
2026-08-03 13:53:00,,0.26737903725414147,1
2026-08-13 13:02:00,,0.21767809172537164,0
2026-08-14 09:45:00,,0.3585042455366121,0
2026-08-20 13:32:00,,0.29550715723971216,0
2026-08-25 10:24:00,,0.35948813496523413,1
2026-05-29 13:34:00,,0.1957225449566987,0
2026-06-01 10:18:00,,0.3351125968541355,0
2026-06-04 11:25:00,,0.22068834183705396,0
2026-07-16 11:09:00,,0.2820595987184217,0
2026-07-17 10:48:00,,0.2977075777625807,0
2026-07-20 14:29:00,,0.17447052318379144,1
2026-07-23 14:59:00,,0.1710169034565852,0
2026-08-03 09:55:00,,0.3378628078561336,0
2026-08-10 14:53:00,,0.12014033602658199,1
2026-08-12 10:55:00,,0.22316368637053563,1
2026-08-12 14:12:00,,0.16366514399606058,0
2026-08-27 10:38:00,,0.32957002076252134,0
2026-05-26 10:08:00,,0.3628161593618133,1
2026-06-18 10:03:00,,0.3390634380634018,0
2026-06-18 10:14:00,,0.31980952540804725,0
2026-07-01 14:53:00,,0.17627729384671761,0
2026-07-30 14:04:00,,0.2625635707798773,0
2026-08-03 14:22:00,,0.14365806672411593,0
2026-08-04 13:47:00,,0.17543620317838074,0
2026-08-05 10:07:00,,0.3231601491183224,1
2026-08-12 10:49:00,,0.2844960638255389,0
2026-08-18 10:52:00,,0.33837694810651453,0
2026-08-18 13:22:00,,0.2240307979299006,0
2026-08-21 15:00:00,,0.12182085315670108,0
2026-08-27 10:02:00,,0.27229916330540027,1
2026-06-01 13:33:00,,0.2846144747469747,0
2026-07-30 13:56:00,,0.34025361994445663,1
2026-08-04 14:41:00,,0.6067636259897097,1
2026-08-14 13:35:00,,0.2529268280018855,1
2026-05-28 14:56:00,,0.16003754889921493,0
2026-06-25 11:16:00,,0.34894869508665577,0
2026-06-26 10:27:00,,0.36939326503308173,0
2026-06-30 13:41:00,,0.22768920962333378,0
2026-07-13 10:05:00,,0.3585371410275649,0
2026-08-05 13:23:00,,0.21307457753766035,0
2026-08-05 14:23:00,,0.18493399435569324,1
2026-09-03 09:51:00,,0.3102657167473788,0
2026-05-26 13:56:00,,0.2236541235042025,0
2026-05-28 11:26:00,,0.25952532050746385,0
2026-06-15 14:33:00,,0.20113086778740044,0
2026-06-23 10:45:00,,0.3736302752995981,0
2026-07-09 14:52:00,,0.10769005339701955,1
2026-07-17 13:46:00,,0.26107898961480935,0
2026-08-05 11:13:00,,0.2799984943579636,0
2026-08-07 11:29:00,,0.34425440962632287,0
2026-08-13 13:28:00,,0.2597876734323444,0
2026-09-02 10:53:00,,0.28946132882488057,0
2026-06-04 11:18:00,,0.27626319011070266,1
2026-06-09 10:19:00,,0.3278423421864932,0
2026-06-10 14:13:00,,0.20516517807382884,0
2026-06-25 13:32:00,,0.32604607201374786,0
2026-07-16 14:01:00,,0.24694395809257352,0
2026-06-04 09:44:00,,0.45832625280956535,0
2026-06-09 14:18:00,,0.2808693366542357,0
2026-06-12 10:26:00,,0.3336777386422695,0
2026-07-14 13:55:00,,0.27413174489212433,1
2026-07-23 14:11:00,,0.2589534911156481,0
2026-08-06 14:34:00,,0.19615163565320232,0
2026-08-07 13:33:00,,0.2884073423409203,0
2026-08-21 13:11:00,,0.3932973551492992,1
2026-09-02 13:24:00,,0.3045593953741289,0
2026-09-02 14:15:00,,0.21209901965246677,0
2026-05-21 10:45:00,,0.32781745164449827,1
2026-07-08 13:41:00,,0.2659612837897133,1
2026-08-06 13:14:00,,0.29987860698241575,0
2026-08-06 13:18:00,,0.3130526295535612,0
2026-08-07 14:31:00,,0.2679590780385183,1
2026-08-10 14:13:00,,0.5386179748765878,1
2026-08-12 14:32:00,,0.22039960464919275,0
2026-08-21 14:16:00,,0.24136022479466648,0
2026-08-27 13:14:00,,0.29339135846135617,0
2026-06-08 10:51:00,,0.3161450653996684,1
2026-06-11 10:43:00,,0.35841779700233356,1
2026-06-16 09:36:00,,0.3666709155764644,0
2026-07-03 14:31:00,,0.16938074551561866,0
2026-07-06 09:36:00,,0.3311764686169123,0
2026-07-09 10:57:00,,0.295381902847699,1
2026-07-23 10:30:00,,0.3029161449080741,1
2026-07-29 15:00:00,,0.14556018379389568,0
2026-08-04 11:25:00,,0.3607914029073532,0
2026-08-10 10:45:00,,0.25132856885281574,1
2026-08-24 09:50:00,,0.344457811995405,0
2026-05-25 13:18:00,,0.30618671342358894,0
2026-06-02 09:32:00,,0.3314218768380809,0
2026-06-05 13:14:00,,0.32635445675583563,0
2026-06-16 14:10:00,,0.23031838330944213,0
2026-08-13 14:06:00,,0.2251128594003938,0
2026-08-28 13:38:00,,0.24216131734404153,0
2026-09-03 13:24:00,,0.2322915766773676,1
2026-05-22 09:47:00,,0.3497365912495712,0
2026-05-25 09:31:00,,0.3396793085673159,1
2026-07-08 13:14:00,,0.2692589704312354,0
2026-07-16 14:26:00,,0.15617642628043232,0
2026-07-27 11:10:00,,0.25129091582112906,0
2026-07-29 13:12:00,,0.31703947027430224,1
2026-05-21 14:05:00,,0.11459140464450027,0
2026-05-27 13:13:00,,0.20029412543751446,0
2026-05-29 14:31:00,,0.20650437444038652,0
2026-06-11 14:27:00,,0.1566408745003937,1
2026-06-24 14:59:00,,0.19827083449922092,0
2026-07-15 14:54:00,,0.10633435971127828,0
2026-07-31 14:26:00,,0.1447798694028808,0
2026-08-26 11:24:00,,0.18599230594262967,0
2026-09-01 09:32:00,,0.29377914893750556,0
2026-05-26 13:49:00,,0.3254292852700635,1
2026-05-29 11:17:00,,0.3241530180331206,1
2026-06-09 13:32:00,,0.305457417625169,0
2026-06-15 13:16:00,,0.3739615852694936,1
2026-06-17 13:52:00,,0.28961353476876084,0
2026-06-18 11:18:00,,0.3580293738193889,0
2026-06-24 11:23:00,,0.39869054498643136,0
2026-07-14 13:50:00,,0.2944910202850881,1
2026-07-23 11:13:00,,0.3534334499429849,1
2026-05-29 10:59:00,,0.23615849069252437,0
2026-06-12 13:39:00,,0.17716059510383458,0
2026-06-24 14:59:00,,0.10569143234228318,0
2026-07-01 09:42:00,,0.3616377586606682,1
2026-07-02 09:47:00,,0.33245447600454753,0
2026-07-21 14:40:00,,0.15075150493778466,0
2026-07-29 14:10:00,,0.1679149007416688,0
2026-08-12 13:37:00,,0.18934943950073044,0
2026-08-19 14:19:00,,0.1567859239035768,1
2026-08-26 13:34:00,,0.17245110935431407,0
2026-07-16 14:45:00,,0.17254699969458448,0
2026-08-14 10:12:00,,0.40569860003973596,1
2026-08-19 13:23:00,,0.29191525828644255,0
2026-05-26 14:59:00,,0.24621122280658056,1
2026-06-05 13:42:00,,0.27984634643478407,0
2026-06-08 10:34:00,,0.39329250165632906,1
2026-06-18 13:32:00,,0.37911364082363924,0
2026-06-30 14:01:00,,0.56225172674907,1
2026-07-14 13:05:00,,0.3123203115671308,1
2026-07-28 10:49:00,,0.34627712470452987,0
2026-08-13 13:33:00,,0.21324215971293004,0
2026-08-25 10:01:00,,0.3411821197987704,1
2026-08-25 13:26:00,,0.2833498087049467,0
2026-08-25 13:29:00,,0.28615293491878413,0
2026-09-03 10:42:00,,0.2343838049358734,0
2026-06-01 14:16:00,,0.27946837312819345,0
2026-07-10 10:02:00,,0.3497196643513231,0
2026-07-16 14:23:00,,0.15061612776038769,0
2026-07-31 11:13:00,,0.28859591514162874,0
2026-07-31 13:54:00,,0.15927406247784517,0
2026-08-05 10:45:00,,0.25979898066251583,0
2026-08-24 11:01:00,,0.2848860884329567,0
2026-05-26 11:15:00,,0.3578699794128256,0
2026-06-22 10:35:00,,0.34855917626159905,0
2026-07-01 11:20:00,,0.33003034961258315,0
2026-07-13 13:22:00,,0.041029358781669814,0
2026-07-28 14:28:00,,0.16171759783684914,0
2026-09-03 09:54:00,,0.3309738839915979,0
2026-05-21 11:00:00,,0.2540733819786962,0
2026-06-11 10:19:00,,0.36838217588655275,1
2026-06-30 14:54:00,,0.35479311260411545,1
2026-07-10 10:06:00,,0.4556086102653006,0
2026-09-02 14:06:00,,0.27198974351897875,0
2026-05-29 13:47:00,,0.17875320283832336,0
2026-06-04 13:45:00,,0.15791236664190808,0
2026-06-12 10:03:00,,0.27881514252714745,1
2026-06-25 09:46:00,,0.33732169852184235,0
2026-06-25 14:32:00,,0.14268561981494518,0
2026-07-29 14:52:00,,0.1641208841746127,0
2026-08-06 11:13:00,,0.22347566508680589,0
2026-08-07 14:18:00,,0.25406461631510097,1
2026-08-10 14:53:00,,0.6395244014126014,0
2026-08-14 11:13:00,,0.24230692850738758,0
2026-09-02 13:31:00,,0.18632924289211264,0
2026-06-02 10:04:00,,0.40668243198410625,1
2026-06-30 09:54:00,,0.40678051775247903,0
2026-07-02 13:15:00,,0.36462003412582916,0
2026-07-09 13:27:00,,0.2840834103869041,0
2026-07-15 13:59:00,,0.20153694250101192,0
2026-07-23 14:51:00,,0.17109201585489653,0
2026-07-29 14:30:00,,0.27467271174065966,0
2026-08-06 11:18:00,,0.2665243403247147,1
2026-09-03 14:17:00,,0.18961191998965932,0
2026-05-29 10:25:00,,0.3443998305454684,0
2026-06-01 14:31:00,,0.2572880458528522,0
2026-06-11 09:44:00,,0.35360866495593307,1
2026-06-18 14:28:00,,0.19101626106221167,0
2026-06-24 10:17:00,,0.36907130868072097,1
2026-08-10 10:08:00,,0.3032099538052633,1
2026-08-19 10:00:00,,0.36472570580182395,0
2026-05-28 11:02:00,,0.30727197326425265,1
2026-05-28 13:07:00,,0.25176333558669783,1
2026-07-07 09:35:00,,0.4056845259926542,0
2026-07-16 10:10:00,,0.3767843279968395,0
2026-07-31 13:42:00,,0.24899127880459276,0
2026-08-10 10:23:00,,0.3215989950086405,1
2026-08-10 14:40:00,,0.16380084304658882,1
2026-08-11 09:33:00,,0.3701407472937281,0
2026-08-20 14:24:00,,0.20110828886960022,0
2026-08-28 11:17:00,,0.23186836216647494,0
2026-06-12 09:30:00,,0.39343793335567795,0
2026-06-22 10:46:00,,0.371621571509973,0
2026-06-30 11:11:00,,0.32576413988236597,0
2026-07-03 13:21:00,,0.3221193708252711,0
2026-07-10 10:53:00,,0.3890693029795059,0
2026-08-07 14:33:00,,0.26312720115161553,1
2026-08-26 13:39:00,,0.2610252635623977,0
2026-06-16 13:26:00,,0.34908135711067434,0
2026-06-30 11:15:00,,0.25624312374905794,0
2026-07-15 10:19:00,,0.3236450582107669,0
2026-07-16 13:53:00,,0.23566573922461162,0
2026-07-17 10:23:00,,0.37858809966284573,1
2026-07-24 10:14:00,,0.322527012363196,0
2026-08-21 13:49:00,,0.19091883057417494,0
2026-05-22 13:34:00,,0.2940752364147691,0
2026-05-29 14:51:00,,0.1892146514072685,0
2026-06-02 13:34:00,,0.33971205161855805,0
2026-06-11 14:52:00,,0.20228191056638642,1
2026-06-15 10:30:00,,0.3306932636536054,0
2026-06-18 13:32:00,,0.2491376379962131,0
2026-07-17 11:03:00,,0.34965403434560033,0
2026-08-03 11:07:00,,0.3061716636705249,1
2026-08-11 10:19:00,,0.33975649766095084,0
2026-09-02 10:57:00,,0.23450755063554196,0
2026-05-22 14:20:00,,0.19209003336749614,0
2026-05-26 10:13:00,,0.2589006602974006,0
2026-06-01 14:28:00,,0.2047168014144994,0
2026-06-15 13:16:00,,0.2639714651005844,1
2026-06-26 13:50:00,,0.21254296998575878,0
2026-07-16 14:32:00,,0.27536720706483764,0
2026-07-17 11:11:00,,0.32318758931773367,0
2026-07-29 14:38:00,,0.17722903757471398,0
2026-08-19 14:52:00,,0.23721511936634032,0
2026-05-25 13:07:00,,0.29746757620600817,0
2026-06-12 14:00:00,,0.31687666455403196,1
2026-08-20 14:37:00,,0.16822706300624707,0
2026-08-24 13:47:00,,0.33417402053231926,0
2026-08-26 14:39:00,,0.19352315559834338,0
2026-05-25 14:51:00,,0.17384764218221027,1
2026-05-26 11:21:00,,0.2925182275268574,1
2026-06-05 14:42:00,,0.16523813482823446,0
2026-06-08 09:58:00,,0.34762170249812235,1
2026-07-16 10:14:00,,0.34093294856236256,0
2026-07-31 10:24:00,,0.37868529790009303,1
2026-08-04 13:21:00,,0.3070852908885753,0
2026-08-06 11:14:00,,0.39887474532376627,0
2026-08-25 11:18:00,,0.39313710816274544,0
2026-08-26 10:15:00,,0.3697022236667334,1
2026-08-31 14:03:00,,0.23084629474679894,1
2026-05-26 14:19:00,,0.22719975696994396,1
2026-06-04 09:32:00,,0.3283224744738595,1
2026-07-10 10:42:00,,0.2278437075487174,0
2026-07-14 14:26:00,,0.1796411620634738,0
2026-07-27 13:49:00,,0.1823467967938156,0
2026-08-04 14:58:00,,0.09153786970779602,0
2026-08-19 10:20:00,,0.3198904596043672,0
2026-08-26 13:55:00,,0.17328012872034423,0
2026-05-27 13:01:00,,0.2959989328860182,0
2026-05-28 13:13:00,,0.38895008622345384,1
2026-06-23 14:50:00,,0.1299670702171046,0
2026-06-24 11:11:00,,0.4638236133530386,1
2026-06-26 14:50:00,,0.30112981848810066,0
2026-06-30 09:39:00,,0.4032547310484247,0
2026-07-01 10:20:00,,0.40926061070368525,0
2026-07-02 13:25:00,,0.3188839184400903,1
2026-07-14 11:27:00,,0.3496534285677172,1
2026-07-15 14:20:00,,0.2450904453314351,1
2026-07-17 10:22:00,,0.4378218014170516,0
2026-07-17 13:59:00,,0.4032227842087562,0
2026-07-28 13:54:00,,0.3402286589764907,1
2026-08-12 14:42:00,,0.20035654108408957,0
2026-08-14 10:17:00,,0.31041743490291435,1
2026-08-24 14:57:00,,0.14855019672837186,0
2026-07-01 11:21:00,,0.336591591723983,0
2026-07-02 14:01:00,,0.2697187960788342,0
2026-07-15 10:37:00,,0.3669051522435644,0
2026-07-16 14:59:00,,0.1285770613100437,0
2026-07-20 10:06:00,,0.41221103000196546,0
2026-08-13 14:48:00,,0.28998156601385056,0
2026-05-29 14:59:00,,0.06424694678726323,0
2026-06-03 13:30:00,,0.2830703177428945,0
2026-06-25 10:14:00,,0.35473877354696004,0
2026-06-26 13:12:00,,0.3260724994977852,1
2026-07-13 14:52:00,,0.2521597755157243,0
2026-07-14 14:19:00,,0.2334706996137287,0
2026-07-24 13:20:00,,0.3418800097017722,0
2026-08-10 13:40:00,,0.2966085094673428,0
2026-08-12 10:18:00,,0.32725300047081,0
2026-06-16 11:02:00,,0.27642561699401674,0
2026-07-03 09:55:00,,0.3342530139961959,1
2026-07-20 14:51:00,,0.1599276672328666,0
2026-07-22 10:04:00,,0.300082958645669,0
2026-08-10 13:03:00,,0.20408578592050733,0
2026-08-31 14:44:00,,0.17537918320690465,0
2026-05-27 10:14:00,,0.3406558087706247,0
2026-06-15 14:29:00,,0.2897847595081751,0
2026-07-13 09:34:00,,0.42869818462515485,0
2026-07-16 14:25:00,,0.40369799638992987,0
2026-07-31 09:55:00,,0.37318475798640677,0
2026-05-26 13:04:00,,0.3129046423290399,0
2026-06-30 10:49:00,,0.35311585459009476,0
2026-07-24 10:40:00,,0.34947177067830687,0
2026-07-30 13:16:00,,0.42245748274342726,0
2026-08-21 13:39:00,,0.3249961189161385,0
2026-08-26 10:20:00,,0.3338383089274103,1
2026-05-26 14:55:00,,0.15791645749114425,0
2026-06-17 13:15:00,,0.3082115222644675,0
2026-06-23 10:02:00,,0.3694832743242345,0
2026-07-07 10:12:00,,0.33909167354315695,0
2026-07-24 11:20:00,,0.3818937767388358,0
2026-07-29 13:12:00,,0.3324539185558764,1
2026-09-02 09:55:00,,0.3041684583423699,0
2026-06-11 14:20:00,,0.14792374669995478,1
2026-06-11 14:58:00,,0.11566381631288276,0
2026-06-18 10:14:00,,0.34249324124612607,0
2026-06-23 10:23:00,,0.34814232550453267,0
2026-07-13 13:23:00,,0.30821618266562056,0
2026-07-27 11:28:00,,0.2832907335478561,0
2026-08-03 14:52:00,,0.1532503444962153,0
2026-08-06 14:11:00,,0.1711881308591009,1
2026-08-13 14:38:00,,0.30165082096666834,0
2026-05-22 13:04:00,,0.19804848428845762,1
2026-06-22 11:30:00,,0.3308133318528594,1
2026-07-23 09:31:00,,0.3357516836865206,1
2026-08-11 09:32:00,,0.3396011232604528,0
2026-08-28 14:49:00,,0.10190871089647904,0
2026-06-09 10:32:00,,0.30540356751472586,0
2026-06-12 10:54:00,,0.3192332789053717,0
2026-06-12 13:45:00,,0.33927252445085304,0
2026-06-16 10:27:00,,0.3463932193787329,1
2026-06-22 11:28:00,,0.32847672747172624,1
2026-06-29 13:22:00,,0.30904126435948964,1
2026-07-03 10:06:00,,0.35831245058899364,1
2026-07-08 09:59:00,,0.3595446878767005,0
2026-07-08 13:55:00,,0.29157578111194593,0
2026-07-21 10:24:00,,0.40165377955569714,1
2026-08-11 14:41:00,,0.29992009670216935,0
2026-08-24 14:29:00,,0.24305462170040043,0
2026-06-09 14:47:00,,0.2379785370310008,0
2026-06-23 11:30:00,,0.33181352254689617,0
2026-08-06 14:41:00,,0.23528709675439866,1
2026-08-11 09:44:00,,0.372399339211926,0
2026-08-12 13:14:00,,0.30439608932151635,0
2026-08-18 14:10:00,,0.21869692977946778,0
2026-05-22 10:25:00,,0.257755869473227,1
2026-06-05 14:11:00,,0.20014377134423347,0
2026-06-17 09:36:00,,0.39625552854900525,0
2026-07-03 14:02:00,,0.2750493838426038,0
2026-07-03 14:34:00,,0.27742903118376283,0
2026-07-21 14:32:00,,0.24311764900975447,0
2026-08-03 14:33:00,,0.17166673219330306,1
2026-08-12 14:22:00,,0.18948587393977515,1
2026-08-20 13:45:00,,0.24059528079024084,0
2026-08-21 10:38:00,,0.3298066286120536,1
2026-08-27 10:55:00,,0.27655475051290673,0
2026-07-06 10:52:00,,0.35711824354738086,0
2026-07-23 09:50:00,,0.42544039349703616,1
2026-08-31 10:45:00,,0.44207627876439887,1
2026-08-31 13:39:00,,0.3798040292709926,1
2026-05-21 13:17:00,,0.29292365275935894,0
2026-05-28 10:55:00,,0.35715151462346384,1
2026-06-05 14:50:00,,0.14094013496682659,0
2026-07-13 13:33:00,,0.2774040029443272,0
2026-07-14 09:44:00,,0.4061141920088123,1
2026-07-17 09:51:00,,0.38041821734620296,0
2026-08-07 13:17:00,,0.2962804722095227,0
2026-06-11 13:44:00,,0.2218125645919003,1
2026-06-18 13:25:00,,0.2776282415424778,0
2026-07-01 09:40:00,,0.41685166880857566,1
2026-08-04 11:11:00,,0.3023485336975543,0
2026-08-31 10:12:00,,0.3382521468370514,1
2026-06-16 13:35:00,,0.20308197735851277,0
2026-06-17 10:17:00,,0.23073753483572162,0
2026-07-24 13:50:00,,0.276554412433372,0
2026-08-04 13:50:00,,0.1470042202080771,0
2026-08-07 10:08:00,,0.32972645958436775,1
2026-05-28 14:25:00,,0.14587867755030898,0
2026-06-09 10:53:00,,0.30199948475589883,0
2026-06-15 10:07:00,,0.2828535508506279,0
2026-06-30 10:33:00,,0.3401907891333506,1
2026-07-07 14:43:00,,0.17713266132355923,0
2026-07-08 14:41:00,,0.1866231920860591,0
2026-08-12 14:28:00,,0.11391503653938478,0
2026-08-17 11:07:00,,0.2290357498225628,0
2026-06-17 14:22:00,,0.29603088089635404,0
2026-06-22 13:37:00,,0.2955718260656943,1
2026-06-29 13:51:00,,0.3227779455208954,1
2026-07-07 13:14:00,,0.3669377794791853,1
2026-07-08 13:24:00,,0.31387307570137424,0
2026-08-24 10:48:00,,0.4250168442777279,0
2026-08-27 11:24:00,,0.3291560682984237,0
2026-05-21 10:21:00,,0.17142110770969216,0
2026-06-24 10:24:00,,0.33039440833662304,0
2026-07-24 13:15:00,,0.33950623267445795,0
2026-07-29 10:45:00,,0.29331357034111183,0
2026-08-24 10:31:00,,0.3847389986418339,0
2026-09-02 10:56:00,,0.2884003959350552,0
2026-06-01 14:20:00,,0.3574340976311255,0
2026-06-02 13:47:00,,0.3874967174879101,0
2026-06-12 15:00:00,,0.15249508773751713,0
2026-07-14 11:09:00,,0.2881313982354205,1
2026-07-24 14:02:00,,0.26284503728356784,0
2026-08-06 14:30:00,,0.21932337774651306,0
2026-05-21 09:43:00,,0.32278319969813374,0
2026-05-27 13:29:00,,0.28245794364537835,0
2026-06-01 09:42:00,,0.3596625929691408,1
2026-06-02 09:48:00,,0.3349988463255236,0
2026-06-02 13:19:00,,0.2261454156843144,0
2026-06-05 13:16:00,,0.2763380911661003,0
2026-06-24 14:00:00,,0.14673295458890068,0
2026-07-15 10:37:00,,0.3447716858911091,0
2026-08-03 11:10:00,,0.210986812808322,0
2026-08-19 10:25:00,,0.289281991358489,0
2026-08-24 10:14:00,,0.2700396459467255,1
2026-08-25 10:12:00,,0.30556993586311737,0
2026-09-01 09:35:00,,0.36456331963435246,1
2026-06-18 13:16:00,,0.23570642979956075,0
2026-07-02 13:20:00,,0.2173764115276279,0
2026-07-22 13:33:00,,0.24257240327986507,0
2026-07-29 11:03:00,,0.29761259652036665,0
2026-08-10 14:47:00,,0.1476218731450516,0
2026-08-31 13:32:00,,0.19890562483634408,0
2026-05-25 10:46:00,,0.3378051920926089,0
2026-05-27 13:11:00,,0.29770818361849355,0
2026-05-29 09:47:00,,0.32655341224780227,0
2026-06-04 13:13:00,,0.29361501960160546,0
2026-06-10 13:10:00,,0.24877074894067622,1
2026-06-24 09:42:00,,0.3576254917796952,0
2026-06-30 10:31:00,,0.4057688098237118,0
2026-07-06 10:54:00,,0.34891172951464733,1
2026-07-07 09:48:00,,0.37269734497258983,0
2026-08-04 11:14:00,,0.32439801861133055,0
2026-08-04 14:03:00,,0.24041279937259108,0
2026-08-10 14:21:00,,0.24002074712530447,0
2026-08-11 09:43:00,,0.3805577309122669,0
2026-08-14 10:29:00,,0.3199699367376599,1
2026-05-27 10:39:00,,0.349267862284897,1
2026-06-26 14:36:00,,0.303976984377444,0
2026-07-07 10:19:00,,0.3658715667891846,0
2026-08-17 10:09:00,,0.36598665549278975,0
2026-08-20 13:25:00,,0.3373027742377272,0
2026-09-02 11:12:00,,0.2462898798227545,0
2026-05-26 14:19:00,,0.20714865500965865,0
2026-06-23 09:37:00,,0.3104090906133118,0
2026-06-23 13:32:00,,0.20443798647117772,0
2026-06-30 11:17:00,,0.2820224105867763,1
2026-07-09 14:12:00,,0.18175088466635353,0
2026-07-14 10:05:00,,0.3440134840974902,0
2026-07-17 13:59:00,,0.2517587240556461,0
2026-07-28 10:34:00,,0.35659563318197723,1
2026-07-30 10:53:00,,0.31755475466034633,0
2026-08-07 13:15:00,,0.22764849525852432,1
2026-08-13 13:21:00,,0.2901899000670952,0
2026-08-25 10:18:00,,0.31022080175686184,1
2026-08-27 14:15:00,,0.16011384707549556,0
2026-07-08 09:41:00,,0.38487024117920776,0
2026-07-10 14:58:00,,0.13610916152209665,0
2026-07-16 10:29:00,,0.4035379473986827,0
2026-07-17 14:44:00,,0.6911270083378125,0
2026-07-20 13:07:00,,0.3667121261618955,0
2026-07-22 13:22:00,,0.24959418144412146,0
2026-08-17 13:20:00,,0.3074634731476233,0
2026-08-24 14:42:00,,0.23224275740744202,0
2026-08-25 10:38:00,,0.4091623232485803,1
2026-09-03 10:50:00,,0.28913395150805304,0
2026-06-01 10:07:00,,0.4627279361384345,0
2026-06-12 11:28:00,,0.3365422243661814,0
2026-06-30 10:31:00,,0.47176283613293424,1
2026-06-30 11:06:00,,0.43987141312519396,1
2026-07-03 10:12:00,,0.4406011138391625,0
2026-07-13 14:28:00,,0.4488751376004715,0
2026-07-21 10:14:00,,0.4237663009579356,1
2026-08-21 11:13:00,,0.27722696264768965,1
2026-05-22 11:14:00,,0.2546604210250044,0
2026-06-04 14:02:00,,0.22765366048665583,1
2026-06-16 11:16:00,,0.33071527227516984,0
2026-06-17 14:14:00,,0.33229559787505153,0
2026-07-10 14:24:00,,0.33076127701766234,0
2026-07-20 11:06:00,,0.32646711564964714,0
2026-08-03 11:03:00,,0.28771420756834704,1
2026-08-06 10:08:00,,0.2888597308109341,1
2026-06-12 09:38:00,,0.3985227948598672,0
2026-06-12 14:37:00,,0.29569658402318477,0
2026-06-16 09:57:00,,0.3736288097684486,1
2026-06-17 10:55:00,,0.3474100312735619,0
2026-06-26 11:26:00,,0.33204242563603714,0
2026-07-02 14:57:00,,0.3249069256572283,1
2026-07-20 09:54:00,,0.40732164932992765,0
2026-07-21 09:48:00,,0.4078237489929287,1
2026-08-03 14:36:00,,0.12559405253215536,1
2026-08-04 14:32:00,,0.23291293384748063,0
2026-09-01 09:46:00,,0.34842670956441646,0
2026-06-26 14:42:00,,0.23281841925576335,0
2026-07-06 10:45:00,,0.35734770224656764,0
2026-07-15 13:50:00,,0.3033667154609514,0
2026-07-17 14:43:00,,0.3265182641747694,0
2026-07-21 10:55:00,,0.3228789800068619,1
2026-07-21 14:55:00,,0.1476096592122841,0
2026-08-10 13:29:00,,0.27747617799108226,0
2026-08-25 10:38:00,,0.3338216927069453,0
2026-05-28 09:43:00,,0.3322087674234838,1
2026-06-05 10:17:00,,0.34911886943987247,0
2026-06-08 14:22:00,,0.28119485244458514,1
2026-06-09 13:47:00,,0.2725772099811237,1
2026-06-16 10:31:00,,0.3396899249746814,1
2026-06-30 13:09:00,,0.29301854619685125,1
2026-07-22 10:37:00,,0.3451460053884696,0
2026-08-12 10:24:00,,0.26836830350054564,1
2026-08-20 09:44:00,,0.38215175683860075,0
2026-08-21 13:10:00,,0.3128705355175979,1
2026-08-26 13:10:00,,0.36511915460767297,0
2026-08-28 14:59:00,,0.13348805368485295,0
2026-05-26 14:56:00,,0.1170241857642116,0
2026-06-29 10:10:00,,0.39769497572476425,1
2026-07-20 09:49:00,,0.39214103868212596,0
2026-08-04 09:34:00,,0.35853587155094374,0
2026-08-14 14:22:00,,0.23657460745009823,0
2026-08-18 09:56:00,,0.3287198369327792,0
2026-08-19 14:48:00,,0.25608974889961106,1
2026-06-12 13:19:00,,0.4709036769315457,0
2026-06-22 14:19:00,,0.36980818894702044,0
2026-06-23 10:42:00,,0.40811664565086353,0
2026-07-09 14:49:00,,0.15828792505564407,0
2026-08-24 14:11:00,,0.23391025380579536,0
2026-08-27 11:21:00,,0.3770308062947975,0
2026-05-22 14:31:00,,0.2961816645976483,0
2026-06-15 09:42:00,,0.42226515548343957,0
2026-06-30 13:39:00,,0.2974288896947761,0
2026-07-06 13:03:00,,0.3725311724377559,0
2026-07-15 10:20:00,,0.44034071658786605,1
2026-07-21 14:38:00,,0.2642954590234616,0
2026-08-04 10:37:00,,0.37845672990387363,0
2026-08-04 13:03:00,,0.3576012490933897,0
2026-08-05 10:23:00,,0.36155529492159877,1
2026-08-18 14:02:00,,0.2619957433925594,0
2026-05-26 13:48:00,,0.2585086769889469,0
2026-06-15 11:15:00,,0.2998008884979072,0
2026-06-22 10:32:00,,0.3961768280708437,1
2026-06-24 10:40:00,,0.2896503421687137,0
2026-07-06 09:37:00,,0.42737692385630743,0
2026-07-10 09:49:00,,0.38381630023228736,1
2026-08-03 13:10:00,,0.34572404949310115,1
2026-08-10 11:10:00,,0.2647460286991446,0
2026-08-20 13:37:00,,0.2542037768797147,1
2026-08-24 14:48:00,,0.1359681713499668,0
2026-08-25 14:06:00,,0.26011469562405387,0
2026-08-27 14:29:00,,0.13825870109662752,1
2026-06-02 09:49:00,,0.35063293606570917,1
2026-06-24 09:55:00,,0.3547356755418523,1
2026-07-17 10:28:00,,0.35745289080867904,0
2026-05-21 10:06:00,,0.3403986557136998,0
2026-05-21 10:22:00,,0.35834937214651913,0
2026-06-04 10:40:00,,0.3551647919903803,0
2026-08-06 14:24:00,,0.2243258928706775,1
2026-08-10 09:31:00,,0.3602332893940024,0
2026-08-19 14:31:00,,0.30542350156271614,1
2026-08-20 09:52:00,,0.36080539881997475,0
2026-08-21 13:41:00,,0.3085519341907844,1
2026-08-25 13:04:00,,0.3087672161112524,0
2026-06-01 11:01:00,,0.22670857808343564,1
2026-06-09 11:06:00,,0.3200849679630882,0
2026-06-11 14:51:00,,0.12922120284990687,0
2026-06-26 10:22:00,,0.2739798756220825,0
2026-07-09 14:53:00,,0.13860551612077526,0
2026-08-06 11:00:00,,0.2540411223331055,1
2026-05-22 14:34:00,,0.2763076972595739,0
2026-05-27 14:06:00,,0.36634150203323784,0
2026-06-04 14:06:00,,0.23394555647051238,0
2026-06-11 13:22:00,,0.473466495464503,1
2026-06-12 10:22:00,,0.33101684880973925,0
2026-07-20 14:48:00,,0.5009670777602528,0
2026-07-21 14:02:00,,0.34899821965577327,0
2026-07-27 13:04:00,,0.3933134469570866,0
2026-08-17 14:49:00,,0.19217836355566792,0
2026-08-19 10:10:00,,0.2942367836118743,1
2026-08-25 10:51:00,,0.3017100217954411,0
2026-08-28 13:51:00,,0.28206212917037893,0
2026-06-05 14:13:00,,0.2995505423145396,0
2026-06-17 10:10:00,,0.3174606788689344,0
2026-06-25 10:45:00,,0.32554357874276885,0
2026-07-03 13:11:00,,0.27959272813940406,0
2026-07-06 14:12:00,,0.28428742114364686,0
2026-07-07 13:19:00,,0.27815700189464154,0
2026-07-07 13:46:00,,0.2865471474411012,0
2026-07-15 11:01:00,,0.37913064547399533,0
2026-08-17 09:51:00,,0.37592857200306273,1
2026-08-25 13:49:00,,0.3384304509813262,0
2026-06-10 11:20:00,,0.3850585027765714,1
2026-08-05 14:08:00,,0.23224097508644972,0
2026-05-22 10:13:00,,0.2527896431817047,1
2026-06-08 11:08:00,,0.2178994432776568,0
2026-07-10 10:42:00,,0.19764626434633337,0
2026-07-14 09:46:00,,0.34842093883137143,1
2026-07-23 14:33:00,,0.09998294928499779,0
2026-05-25 10:09:00,,0.3991132558208337,0
2026-06-16 13:11:00,,0.37318252012783204,0
2026-07-07 11:12:00,,0.325249866871049,0
2026-07-30 09:43:00,,0.4132901608570199,0
2026-07-31 14:47:00,,0.2666353003010877,0
2026-08-04 14:47:00,,0.18728424403618582,0
2026-08-12 14:12:00,,0.22927735316188896,1
2026-08-18 13:39:00,,0.2805208436560682,1
2026-08-26 10:44:00,,0.40814480606597087,0
2026-06-02 13:57:00,,0.28979338241084474,0
2026-06-03 09:32:00,,0.4001181584793519,1
2026-06-29 13:48:00,,0.32750848921671566,0
2026-06-30 13:54:00,,0.25856201638680715,0
2026-07-02 14:10:00,,0.28175216420014476,0
2026-07-20 09:47:00,,0.40119988862853845,0
2026-07-21 13:51:00,,0.2959060037863911,0
2026-08-04 10:25:00,,0.26344809115873075,0
2026-07-06 10:09:00,,0.3496669042047981,0
2026-07-06 10:15:00,,0.35826219164833634,0
2026-08-10 14:47:00,,0.16296415823874658,0
2026-08-19 13:31:00,,0.3418140154934871,1
2026-09-01 14:43:00,,0.1525385952524408,0
2026-05-28 10:49:00,,0.2785846075406393,1
2026-06-11 10:14:00,,0.3583129085912285,1
2026-06-17 09:42:00,,0.38570034484438137,1
2026-06-24 11:04:00,,0.3176964678718476,1
2026-06-29 14:01:00,,0.2677179600252047,1
2026-07-20 14:48:00,,0.16512340845725867,1
2026-07-28 15:00:00,,0.22020024963119994,0
2026-08-12 14:13:00,,0.3089588571230517,1
2026-06-04 09:48:00,,0.4016492836490008,0
2026-06-12 09:48:00,,0.3978121115464344,0
2026-06-30 09:40:00,,0.4010701476913994,1
2026-07-03 10:14:00,,0.3952087351419732,0
2026-07-29 14:43:00,,0.25124934703513885,0
2026-08-07 13:41:00,,0.3652042108879061,1
2026-08-18 13:27:00,,0.30662183969883827,0
2026-05-26 09:40:00,,0.37688087477717325,1
2026-05-26 14:29:00,,0.28292434494737845,0
2026-06-02 11:01:00,,0.31686959394585984,1
2026-06-29 13:25:00,,0.24959690720183758,1
2026-06-29 14:36:00,,0.2340970398759967,0
2026-06-30 11:17:00,,0.3485567967463126,0
2026-07-06 13:50:00,,0.30379257926392256,0
2026-07-07 11:16:00,,0.3553469480301759,0
2026-07-16 10:32:00,,0.36862625394236076,0
2026-07-21 10:19:00,,0.3151721857982696,1
2026-07-28 14:47:00,,0.2917398436855498,1
2026-08-12 13:57:00,,0.28756556616403267,1
2026-08-18 14:31:00,,0.19775255710850542,0
2026-06-17 10:37:00,,0.3178091146377496,0
2026-06-24 10:34:00,,0.37187333184689025,1
2026-06-30 14:30:00,,0.2519488509549991,0
2026-07-20 10:10:00,,0.43046122797566433,0
2026-07-20 10:21:00,,0.3475184249237518,0
2026-08-07 14:04:00,,0.2914356606304016,0
2026-06-05 14:07:00,,0.3211714393472835,0
2026-06-17 14:23:00,,0.22368514500625958,1
2026-06-24 13:42:00,,0.3089073390558251,0
2026-08-10 10:31:00,,0.4238331273721248,1
2026-06-01 11:28:00,,0.320348273003011,0
2026-06-04 11:03:00,,0.4135985549505542,0
2026-06-08 09:45:00,,0.3961945656329236,0
2026-06-26 14:24:00,,0.23847574199681457,0
2026-07-24 14:38:00,,0.20945600281754057,0
2026-08-03 13:46:00,,0.3204725788141923,1
2026-08-04 13:16:00,,0.3422868065145871,1
2026-06-12 13:57:00,,0.2719838420819627,1
2026-07-02 11:11:00,,0.3392854233603651,0
2026-07-10 14:57:00,,0.40931287579172887,0
2026-07-22 14:11:00,,0.3412630286475614,1
2026-09-03 09:51:00,,0.3428214222480221,1
2026-05-21 14:09:00,,0.23418950581663628,0
2026-05-29 10:16:00,,0.3777047889690312,0
2026-06-11 10:08:00,,0.35091398021559916,0
2026-06-18 14:27:00,,0.2584703445929699,0
2026-06-30 14:58:00,,0.14063350547933315,0
2026-07-02 10:46:00,,0.38349490464402824,1
2026-07-21 14:07:00,,0.18398664406814344,1
2026-07-24 09:55:00,,0.39830873163353575,0
2026-07-28 13:39:00,,0.26063961416443426,0
2026-08-19 14:23:00,,0.251174196211215,1
2026-08-20 10:50:00,,0.350753626145552,0
2026-08-25 10:21:00,,0.3857893123154829,1
2026-06-03 14:09:00,,0.17924234955176613,0
2026-06-16 14:16:00,,0.23647462355020193,0
2026-06-23 09:39:00,,0.37349258849297423,0
2026-07-01 11:27:00,,0.33409599669228396,0
2026-07-24 09:32:00,,0.4353542343070277,0
2026-08-10 13:08:00,,0.21592587294924476,1
2026-07-02 09:46:00,,0.3910100421696768,0
2026-07-07 10:09:00,,0.4013943699372886,0
2026-07-15 11:10:00,,0.42394575914570265,0
2026-07-17 10:22:00,,0.39641072709306485,0
2026-07-17 10:26:00,,0.38284483579689965,0
2026-07-22 13:08:00,,0.2984039080613881,0
2026-08-06 10:50:00,,0.3615734009489789,1
2026-08-14 13:55:00,,0.2514747053344916,1
2026-08-21 13:55:00,,0.32664286219585176,1
2026-05-26 11:03:00,,0.36673200490557634,1
2026-05-29 10:47:00,,0.25855318162392465,0
2026-07-07 13:24:00,,0.28968373774925116,0
2026-07-27 14:34:00,,0.27290025492735936,0
2026-08-13 10:35:00,,0.2593291774010938,0
2026-08-14 13:45:00,,0.28937739895164677,0
2026-08-20 09:55:00,,0.4114821526907693,0
2026-08-21 13:04:00,,0.3088075664646119,0
2026-09-03 14:42:00,,0.15029176520494192,1
2026-05-25 13:58:00,,0.22266585149101595,0
2026-05-26 09:41:00,,0.36076639781447317,1
2026-05-26 10:37:00,,0.31894608306139066,0
2026-05-29 09:57:00,,0.35175143317641305,0
2026-06-04 13:02:00,,0.31498983320146184,0
2026-06-09 13:05:00,,0.367155602641068,1
2026-06-25 13:32:00,,0.2565126326289012,0
2026-07-07 09:52:00,,0.41932268376650567,0
2026-07-09 10:24:00,,0.3415996412261322,0
2026-07-10 11:19:00,,0.23278738061210383,0
2026-07-13 14:35:00,,0.2791520895302582,0
2026-07-14 10:59:00,,0.33642309477421706,1
2026-08-24 13:31:00,,0.30414430653583324,0
2026-08-25 14:15:00,,0.1847249685654878,0
2026-08-27 10:03:00,,0.2748403008048547,0
2026-09-02 11:06:00,,0.2745846575267439,1
2026-06-17 13:34:00,,0.2589737578638601,0
2026-07-13 13:01:00,,0.3347583575798948,0
2026-07-14 13:46:00,,0.32636971284409455,1
2026-08-07 09:55:00,,0.3655809335826833,1
2026-08-20 14:06:00,,0.6446308966833717,1
2026-09-03 13:28:00,,0.2852101592235207,1
2026-07-29 10:13:00,,0.3693642627094142,1
2026-08-24 13:53:00,,0.3131281613514737,1
2026-06-10 09:45:00,,0.4314100416981456,0
2026-06-12 10:15:00,,0.4269530042013757,0
2026-07-02 14:19:00,,0.23310701779544682,0
2026-07-07 13:55:00,,0.31418605519608567,0
2026-07-14 14:17:00,,0.28049663649857326,1
2026-09-03 14:56:00,,0.34414499069566973,1
2026-05-26 14:04:00,,0.25612960073341823,0
2026-05-27 13:12:00,,0.39539474388785323,1
2026-05-28 14:58:00,,0.17583958282323817,0
2026-06-09 13:17:00,,0.33154771215794254,0
2026-06-16 13:04:00,,0.3626775536204242,0
2026-06-17 09:50:00,,0.4015475606545576,0
2026-07-14 14:56:00,,0.43823073761198994,1
2026-07-23 11:02:00,,0.3384640485451886,0
2026-08-05 09:47:00,,0.39772727986796974,0
2026-08-13 11:23:00,,0.27272100367674346,0
2026-08-18 13:54:00,,0.35024627408729553,0
2026-08-25 14:02:00,,0.3096375339544324,0
2026-06-02 13:16:00,,0.3478508095903028,0
2026-06-23 13:52:00,,0.2824597280696193,0
2026-07-07 11:13:00,,0.3328432606494218,0
2026-07-09 10:48:00,,0.3457971928302163,1
2026-07-13 09:58:00,,0.4454988081260468,0
2026-08-10 11:22:00,,0.3418170039577876,1
2026-08-17 09:55:00,,0.37830676922772793,0
2026-08-20 13:49:00,,0.3140707596807738,0
2026-08-25 10:26:00,,0.403412402379913,1
2026-05-21 13:24:00,,0.5532940485570108,0
2026-05-28 11:09:00,,0.2905502599309516,1
2026-06-25 10:39:00,,0.2747557729206038,0
2026-06-30 13:56:00,,0.18643897370628015,0
2026-07-15 14:19:00,,0.2433946728583863,0
2026-07-20 10:34:00,,0.3551865627667512,1
2026-07-24 10:10:00,,0.35462930788511315,0
2026-07-29 09:47:00,,0.35824517388009713,0
2026-08-03 09:59:00,,0.3502240533096208,0
2026-08-18 14:07:00,,0.18129493171847433,0
2026-08-19 10:18:00,,0.25408912390010485,0
2026-05-28 14:47:00,,0.2310009250040605,0
2026-06-17 09:52:00,,0.3524149160558785,0
2026-06-17 10:07:00,,0.32314527921847647,0
2026-07-28 14:16:00,,0.2293872530615692,0
2026-08-06 11:16:00,,0.35232681792988607,0
2026-08-19 14:46:00,,0.34215878551636675,1
2026-08-28 11:20:00,,0.30542011390574964,0
2026-05-26 11:18:00,,0.29581316381351824,1
2026-05-29 09:38:00,,0.35230052700730863,0
2026-07-13 11:13:00,,0.33424235986413764,0
2026-07-20 10:23:00,,0.3605914043246705,0
2026-07-29 10:20:00,,0.340102705493183,1
2026-08-11 13:03:00,,0.29002930826990786,0
2026-08-12 10:40:00,,0.26242868314147483,0
2026-08-21 11:01:00,,0.2850647494011906,1
2026-05-22 14:19:00,,0.28787256473820094,1
2026-05-27 13:13:00,,0.3118247254932626,0
2026-05-29 09:50:00,,0.4289245225437508,0
2026-06-05 13:58:00,,0.279447639106447,0
2026-06-09 13:31:00,,0.2504546140801906,0
2026-06-11 10:52:00,,0.3423258956350941,1
2026-07-01 14:08:00,,0.5942566492819927,0
2026-08-03 13:55:00,,0.16732147143298542,1
2026-08-18 10:29:00,,0.29481894714785395,0
2026-05-28 11:00:00,,0.2878377182105394,0
2026-06-05 11:08:00,,0.3437593575300099,0
2026-07-07 13:10:00,,0.2856257083872339,0
2026-07-14 10:39:00,,0.26306136743671193,0
2026-07-22 14:30:00,,0.431769688651808,0
2026-08-04 13:27:00,,0.2833174020877468,0
2026-08-13 09:56:00,,0.34126919321371413,0
2026-08-14 10:59:00,,0.332842713256716,1
2026-05-22 14:20:00,,0.1646212944398678,0
2026-05-25 13:05:00,,0.1613601768620212,0
2026-06-01 09:46:00,,0.31343482728056,1
2026-06-04 09:56:00,,0.3769550469763519,0
2026-07-09 14:35:00,,0.1283506863975288,0
2026-07-13 13:11:00,,0.22254371202918014,0
2026-07-17 11:00:00,,0.3827409586814048,0
2026-07-20 14:20:00,,0.14932108855284873,0
2026-08-19 10:52:00,,0.2587751463342973,0
2026-08-21 09:48:00,,0.33470506912006615,0
2026-05-25 10:34:00,,0.2506278155395912,0
2026-05-28 13:26:00,,0.29550177260504407,1
2026-06-03 09:35:00,,0.3234653292412164,0
2026-06-08 14:36:00,,0.2082062736312535,1
2026-08-11 14:59:00,,0.11572310274343395,0
2026-06-05 10:08:00,,0.3177591415476061,0
2026-06-30 09:44:00,,0.3626963797183066,0
2026-07-01 11:16:00,,0.3136858496877407,0
2026-07-03 13:02:00,,0.305339140570864,1
2026-07-24 09:56:00,,0.27070258427478944,0
2026-07-27 09:52:00,,0.3525372190764432,1
2026-07-31 13:25:00,,0.2735534258801774,1
2026-08-21 10:00:00,,0.32767179503887645,1
2026-05-22 10:37:00,,0.30037632142256837,0
2026-06-17 09:52:00,,0.27857463951728506,0
2026-06-18 14:25:00,,0.1778897690659536,0
2026-06-25 13:28:00,,0.35152354576147116,0
2026-06-26 10:59:00,,0.2958820182706046,1
2026-06-29 10:35:00,,0.32303999338345835,0
2026-07-13 14:13:00,,0.24229377622846532,0
2026-07-27 13:15:00,,0.3081738649746387,0
2026-08-05 09:46:00,,0.2899347519954061,1
2026-08-13 11:25:00,,0.3150327000820883,1
2026-08-18 11:08:00,,0.25865761972095785,0
2026-05-26 13:29:00,,0.3491787865200313,1
2026-06-22 10:44:00,,0.33789143403403255,1
2026-06-23 14:54:00,,0.17644117285444075,0
2026-06-26 10:31:00,,0.4226300075499581,0
2026-07-07 14:11:00,,0.37155563440656786,0
2026-07-13 11:19:00,,0.31917618579989004,0
2026-07-22 10:35:00,,0.35908467728615834,0
2026-07-27 15:00:00,,0.2604528415895556,0
2026-08-17 09:46:00,,0.4226739649910757,1
2026-08-31 11:20:00,,0.3508282928678465,0
2026-06-01 11:24:00,,0.3544276016557443,0
2026-06-05 14:39:00,,0.3144349474809086,0
2026-06-16 09:36:00,,0.36344898827460903,0
2026-06-22 10:16:00,,0.3417486973815521,1
2026-06-22 14:59:00,,0.14385797426885047,0
2026-07-03 11:22:00,,0.28813904102451565,0
2026-07-27 11:12:00,,0.2621771864397002,0
2026-08-03 14:34:00,,0.2053740929637962,0
2026-08-14 09:36:00,,0.372536287288422,0
2026-08-18 09:32:00,,0.295065168860742,0
2026-08-21 10:18:00,,0.34124892427450737,0
2026-06-03 10:38:00,,0.3792451182834135,0
2026-06-03 14:08:00,,0.30202155325608143,0
2026-06-12 14:08:00,,0.37832510348748793,1
2026-06-23 14:06:00,,0.25637741711104317,0
2026-06-29 10:31:00,,0.3764554470531994,1
2026-07-01 11:24:00,,0.3611799621124746,0
2026-07-06 11:00:00,,0.3321257498402315,0
2026-07-30 10:43:00,,0.39886064623345624,0
2026-07-31 14:34:00,,0.19468826864575023,0
2026-08-20 10:22:00,,0.3690505170277692,0
2026-08-25 11:22:00,,0.3097648237192386,1
2026-08-28 14:20:00,,0.23055165939245545,1
2026-09-01 09:44:00,,0.3588756423001348,0
2026-09-02 13:41:00,,0.33333677556662816,1
2026-05-28 14:44:00,,0.2421490076241704,1
2026-06-04 11:28:00,,0.4945436407885839,1
2026-06-22 14:59:00,,0.1620767540760086,0
2026-06-24 10:47:00,,0.323186165972969,0
2026-07-21 11:29:00,,0.3200920931332797,0
2026-07-22 13:11:00,,0.2937611413440093,0
2026-07-27 11:11:00,,0.32634010078792425,0
2026-09-03 10:44:00,,0.27522059919064307,1
2026-06-05 11:29:00,,0.23865490623352564,0
2026-07-27 14:54:00,,0.11379599229159831,0
2026-07-31 09:57:00,,0.2916560730206765,0
2026-08-17 13:48:00,,0.14742285874419836,0
2026-08-18 13:10:00,,0.22228596019561944,0
2026-09-02 10:58:00,,0.2534671783537016,0
2026-06-23 13:04:00,,0.3402443120173559,0
2026-07-01 10:00:00,,0.36387760542301567,0
2026-07-06 14:19:00,,0.282453112908605,0
2026-07-15 10:37:00,,0.6138959871962073,0
2026-07-28 14:56:00,,0.064173339714082,0
2026-08-10 14:48:00,,0.18288081906778356,0
2026-08-11 11:02:00,,0.3385538627813341,0
2026-08-27 13:32:00,,0.5824381296489249,1
2026-09-01 10:21:00,,0.3555064642847374,0
2026-05-25 10:29:00,,0.29762846089733885,0
2026-05-28 11:09:00,,0.33372655965870207,1
2026-06-01 10:12:00,,0.33347061075968915,1
2026-06-26 11:13:00,,0.36346351574718605,0
2026-07-07 11:26:00,,0.3828380479491057,1
2026-07-09 10:54:00,,0.3980141568215039,1
2026-07-28 14:14:00,,0.18895320107276192,0
2026-08-18 11:01:00,,0.292408611934343,1
2026-08-18 11:03:00,,0.2856991176266267,0
2026-08-25 09:45:00,,0.4155098986133317,1
2026-08-25 10:32:00,,0.369259652043636,1
2026-09-01 13:33:00,,0.23335898393249951,0
2026-05-26 10:36:00,,0.32445004363375074,0
2026-06-25 13:48:00,,0.33922191965278214,0
2026-06-30 09:38:00,,0.4081828559119588,0
2026-06-30 14:19:00,,0.21087984911280835,1
2026-07-08 11:22:00,,0.3750850808595679,0
2026-07-20 13:42:00,,0.34164434467459276,0
2026-08-04 10:46:00,,0.30516088200411684,0
2026-08-26 14:20:00,,0.17786012907131826,0
2026-09-03 10:19:00,,0.3521332431940655,0
2026-06-23 10:51:00,,0.2775340367817387,0
2026-07-31 14:01:00,,0.1954436133377021,1
2026-08-05 14:05:00,,0.1476929547519318,0
2026-08-07 10:12:00,,0.2658480170357718,1
2026-08-28 14:58:00,,0.12149162402874046,0
2026-09-03 14:55:00,,0.13302410084697627,0
2026-05-27 09:54:00,,0.34850944793258765,0
2026-06-04 11:25:00,,0.2367156297114137,0
2026-06-05 14:08:00,,0.5665051914672692,0
2026-06-16 14:52:00,,0.12715600355511147,0
2026-06-24 13:26:00,,0.2950264343172372,0
2026-06-30 13:42:00,,0.24076358086233524,0
2026-07-06 13:21:00,,0.25517964475908894,0
2026-07-10 13:46:00,,0.29084325386089643,0
2026-07-27 10:07:00,,0.29899242278118604,0
2026-08-18 10:12:00,,0.2590019326508951,0
2026-08-20 14:36:00,,0.17496441336878085,1
2026-08-31 10:23:00,,0.26857303043430913,1
2026-05-26 13:33:00,,0.31116717639146574,1
2026-06-04 13:31:00,,0.30975990785095364,1
2026-06-29 14:58:00,,0.22136356007957037,0
2026-08-04 13:04:00,,0.5491765988135067,0
2026-08-17 14:58:00,,0.15179112433774936,0
2026-08-19 10:06:00,,0.3848881104480713,0
2026-09-03 09:37:00,,0.37700095430257985,1
2026-07-16 11:15:00,,0.37216713603756973,0
2026-07-27 10:32:00,,0.3808229270813852,0
2026-08-13 11:07:00,,0.26996497158124433,0
2026-05-27 13:52:00,,0.23692505440055375,1
2026-07-21 13:49:00,,0.34144021016968623,0
2026-07-31 11:14:00,,0.37930658906047793,0
2026-08-05 09:42:00,,0.3597103069575582,0
2026-08-05 10:11:00,,0.323397859633905,0
2026-08-07 13:46:00,,0.18229504439793354,0
2026-08-20 14:24:00,,0.19963587340168948,0
2026-08-27 10:25:00,,0.30896616214973815,1
2026-05-21 10:29:00,,0.3735596300365789,0
2026-05-22 09:32:00,,0.45253787530715517,1
2026-06-09 10:08:00,,0.36037078733185685,0
2026-06-10 09:45:00,,0.38231526015773687,0
2026-07-03 11:23:00,,0.3280490420138009,0
2026-08-06 09:54:00,,0.3286492771931825,0
2026-08-11 11:05:00,,0.27214291628724546,0
2026-08-11 14:01:00,,0.23647228235741347,0
2026-08-13 14:39:00,,0.1426153543717514,0
2026-08-20 14:19:00,,0.1647313339637621,0
2026-06-22 13:48:00,,0.321630051752601,1
2026-07-01 14:19:00,,0.25275564688945007,0
2026-07-06 13:05:00,,0.33693076701910907,0
2026-07-20 10:48:00,,0.2882088708179979,0
2026-07-27 10:00:00,,0.33988614223375646,0
2026-07-30 10:05:00,,0.3243576312833983,0
2026-07-30 14:26:00,,0.19163055538345727,0
2026-08-03 11:10:00,,0.29018375934706153,0
2026-08-04 10:38:00,,0.25005840022721654,0
2026-08-04 13:30:00,,0.19804765669264293,0
2026-08-28 14:11:00,,0.23364019509163525,0
2026-05-25 13:19:00,,0.39047725379798925,1
2026-07-06 14:25:00,,0.19303271846338238,0
2026-07-06 14:29:00,,0.2074651352260046,0
2026-07-20 10:46:00,,0.3599521842009732,0
2026-07-23 11:18:00,,0.37756672348408005,1
2026-08-25 11:08:00,,0.40100645916123057,1
2026-09-02 14:16:00,,0.27052701631897624,0
2026-06-10 09:55:00,,0.38344045596399534,0
2026-06-15 09:50:00,,0.3535960604715861,0
2026-06-17 14:58:00,,0.13351207696511105,0
2026-06-18 10:44:00,,0.34781296184070876,0
2026-06-26 09:43:00,,0.41333796962191743,0
2026-06-29 13:54:00,,0.307119766750714,0
2026-07-24 14:15:00,,0.2549545235484225,0
2026-07-31 13:06:00,,0.3432862483961917,0
2026-08-12 13:49:00,,0.18537730523496027,1
2026-08-27 14:57:00,,0.16015683461949187,0
2026-05-21 10:41:00,,0.36405743838190074,0
2026-05-22 13:06:00,,0.2914519722291493,1
2026-07-03 14:27:00,,0.39022317320082067,0
2026-07-15 11:04:00,,0.4541684287620535,0
2026-07-20 13:46:00,,0.6128398671715174,0
2026-07-29 14:18:00,,0.24030017899783396,0
2026-08-03 13:03:00,,0.41809932479618883,1
2026-08-07 10:04:00,,0.43773614311446385,1
2026-08-20 13:19:00,,0.34988240384249025,0
2026-08-25 14:51:00,,0.2751132855459092,0
2026-05-22 15:00:00,,0.17953928546501804,0
2026-06-16 13:25:00,,0.31952307311512446,0
2026-06-29 11:21:00,,0.40118827317999894,1
2026-07-31 09:53:00,,0.3423784458388634,0
2026-08-07 10:20:00,,0.2762835764228413,0
2026-08-12 13:28:00,,0.3157284124497635,1
2026-09-01 11:05:00,,0.333499637051848,0
2026-09-02 10:05:00,,0.3762483501603545,0
2026-06-03 15:00:00,,0.1312019317500441,0
2026-07-27 13:37:00,,0.43143441265134286,1
2026-08-24 13:52:00,,0.3073497462342423,0
2026-08-28 14:10:00,,0.17616428140948262,0
2026-05-22 13:24:00,,0.34859127040403975,1
2026-06-03 10:46:00,,0.38334353491175754,0
2026-06-03 14:07:00,,0.3575705061180087,0
2026-06-10 09:54:00,,0.4168167085899346,1
2026-06-25 13:40:00,,0.37128817730831054,0
2026-06-26 10:15:00,,0.4322377180972328,0
2026-07-20 14:45:00,,0.6529784741192274,1
2026-08-04 10:40:00,,0.3797394604888549,1
2026-08-12 14:19:00,,0.21246923221083852,0
2026-08-19 09:52:00,,0.3917106872725288,0
2026-08-24 11:25:00,,0.41299885892327554,0
2026-06-29 14:08:00,,0.4013303725417508,1
2026-07-22 11:04:00,,0.3969611012674801,0
2026-08-04 10:16:00,,0.6170605044394357,1
2026-08-21 10:15:00,,0.2808670816733759,0
2026-08-27 09:30:00,,0.3844789216080839,1
2026-08-31 10:41:00,,0.3059297565519032,1
2026-06-16 10:13:00,,0.31968998263254017,1
2026-06-24 11:14:00,,0.28856169853868985,0
2026-06-30 14:26:00,,0.22906832474483496,0
2026-07-16 14:11:00,,0.18958268175444548,0
2026-08-06 14:07:00,,0.2754047575938719,0
2026-05-21 14:08:00,,0.3070463968149935,0
2026-05-26 13:54:00,,0.2634901207621218,1
2026-07-02 10:27:00,,0.39376096693792073,0
2026-07-02 13:09:00,,0.36991879035239517,0
2026-07-06 13:23:00,,0.323251167264689,0
2026-08-24 13:59:00,,0.4008186149679706,1
2026-06-09 11:22:00,,0.3185614296559276,0
2026-06-22 14:42:00,,0.15931150452418702,0
2026-06-30 13:11:00,,0.2836599792558668,1
2026-07-01 14:43:00,,0.26359154344044655,0
2026-07-13 13:18:00,,0.3349290087352034,0
2026-07-17 10:51:00,,0.3539485085985822,1
2026-07-17 11:04:00,,0.31806151457355614,1
2026-08-05 13:29:00,,0.2560924900834102,0
2026-08-14 09:36:00,,0.38699666002811867,1
2026-05-25 11:25:00,,0.21838894881396828,0
2026-05-28 09:48:00,,0.3135154002555385,0
2026-06-02 14:34:00,,0.14940202876435618,0
2026-06-04 11:16:00,,0.22601117741935703,0
2026-07-02 10:37:00,,0.3478285776665215,1
2026-07-17 11:14:00,,0.3292080582842633,0
2026-08-06 14:11:00,,0.14715073165248602,0
2026-08-19 11:14:00,,0.26656508529756007,1
2026-09-02 14:39:00,,0.11325950259011591,0
2026-06-15 13:57:00,,0.2362180944807441,0
2026-06-23 09:34:00,,0.4298660910077304,0
2026-06-26 10:30:00,,0.39563094253791886,0
2026-07-03 10:08:00,,0.37306853082593533,0
2026-08-11 14:53:00,,0.25270700990425815,0
2026-08-17 10:41:00,,0.3155878177068886,1
2026-08-24 11:12:00,,0.3459776448243208,0
2026-06-29 10:08:00,,0.35473556385257965,0
2026-07-15 10:06:00,,0.3584206354687025,0
2026-08-05 09:43:00,,0.3723313550636815,0
2026-08-07 10:42:00,,0.35877731501405163,1
2026-08-10 13:52:00,,0.2581165434434036,0
2026-08-13 09:50:00,,0.3694524078650128,0
2026-08-17 10:36:00,,0.32212778123336083,1
2026-08-19 13:16:00,,0.3202162071831534,1
2026-08-31 10:24:00,,0.3559857121867116,1
2026-09-01 14:15:00,,0.21955056410174947,0
2026-09-02 14:56:00,,0.25077758109794307,1
2026-06-03 14:38:00,,0.32698405939477465,0
2026-06-05 13:02:00,,0.31236345899281065,0
2026-06-17 10:11:00,,0.30963936840296863,1
2026-06-30 14:51:00,,0.1277954404257949,0
2026-07-01 14:06:00,,0.3446220882382233,0
2026-07-10 14:05:00,,0.31200893857983897,0
2026-07-24 09:32:00,,0.41534087101049355,0
2026-08-04 14:54:00,,0.10390308483185387,0
2026-08-27 10:35:00,,0.22105660805047253,0
2026-06-10 13:04:00,,0.24443770535113846,0
2026-06-15 13:15:00,,0.21503169908404446,0
2026-06-25 13:28:00,,0.28870760878197166,0
2026-07-02 13:36:00,,0.19637824512163193,0
2026-07-03 13:34:00,,0.2294077306525477,0
2026-07-27 14:48:00,,0.16809056323576507,0
2026-08-03 10:30:00,,0.27079628610931067,0
2026-08-04 14:23:00,,0.1693463083765202,0
2026-08-05 11:22:00,,0.19810594269970142,0
2026-08-12 10:32:00,,0.2784206680994773,0
2026-08-20 13:08:00,,0.18986714858616177,0
2026-08-24 09:49:00,,0.29849900725506656,0
2026-08-24 10:57:00,,0.2182091470786214,0
2026-08-25 09:48:00,,0.25467432855114275,1
2026-06-02 14:07:00,,0.3441209890478025,0
2026-06-15 10:01:00,,0.42557278178930186,0
2026-06-17 11:22:00,,0.37437502316372223,0
2026-06-22 09:30:00,,0.5170761678078782,1
2026-07-09 10:47:00,,0.3315315564048812,1
2026-07-16 14:22:00,,0.46741408640606114,0
2026-08-06 10:51:00,,0.30101726739694307,1
2026-08-10 09:50:00,,0.39021649222661053,0
2026-08-18 14:29:00,,0.2650914487743332,0
2026-08-31 09:41:00,,0.4203391021723902,0
2026-09-02 10:37:00,,0.36316278836922566,1
2026-06-22 10:05:00,,0.3585891136285485,1
2026-06-22 10:27:00,,0.3863779999111673,1
2026-06-25 14:19:00,,0.2248854549016381,0
2026-07-08 10:23:00,,0.35486624579040965,0
2026-08-05 13:17:00,,0.24689402024531634,0
2026-08-14 11:30:00,,0.2603538078912433,0
2026-08-18 14:38:00,,0.2214626909743817,0
2026-08-24 14:24:00,,0.20149680929337008,0
2026-05-28 14:47:00,,0.3513183414960832,0
2026-06-01 10:19:00,,0.36362657517691394,0
2026-06-02 11:12:00,,0.4048816557125807,0
2026-06-08 13:03:00,,0.37250932705227074,0
2026-06-23 13:14:00,,0.28694202302390404,1
2026-06-26 10:15:00,,0.3677239404301709,0
2026-07-08 09:58:00,,0.3167261727851321,1
2026-07-08 13:12:00,,0.29551028156345877,0
2026-07-15 13:29:00,,0.3093886582775239,0
2026-07-30 11:08:00,,0.37311549725028936,1
2026-07-02 14:03:00,,0.23765571314678322,1
2026-07-13 11:16:00,,0.35775429254298413,0
2026-07-23 14:27:00,,0.17448660066341914,0
2026-07-27 14:57:00,,0.15443311066810866,0
2026-08-06 14:49:00,,0.17236615620640058,0
2026-08-25 14:43:00,,0.16733147959717024,0
2026-08-26 10:47:00,,0.33295451154855304,0
2026-08-26 13:21:00,,0.3057364452549353,0
2026-05-27 09:38:00,,0.39555360753921076,0
2026-05-28 14:18:00,,0.17874670050595104,0
2026-06-04 13:09:00,,0.3087372854832231,0
2026-06-08 10:35:00,,0.33337050488363795,0
2026-06-09 10:02:00,,0.36139606715239,1
2026-06-09 13:30:00,,0.26278940137469914,1
2026-07-01 10:29:00,,0.3560881571763338,1
2026-07-16 10:13:00,,0.39679989631884216,0
2026-07-23 14:20:00,,0.23115132861747892,0
2026-07-29 11:04:00,,0.3841235265733636,1
2026-08-18 09:34:00,,0.3775976729298597,0
2026-08-26 09:32:00,,0.3787421171631009,1
2026-06-02 14:58:00,,0.1852935865335949,0
2026-06-29 14:05:00,,0.24345637296372302,1
2026-07-29 09:32:00,,0.3757436054756041,1
2026-07-29 10:31:00,,0.3332022273528294,0
2026-08-25 10:19:00,,0.30435949112069544,1
2026-06-12 09:54:00,,0.35375572591958354,1
2026-07-30 11:21:00,,0.3381628853038058,1
2026-07-31 09:54:00,,0.38658679697843723,0
2026-08-07 10:00:00,,0.3690533978657402,1
2026-08-12 10:41:00,,0.27867176411394023,1
2026-09-02 14:12:00,,0.21279813205406442,0
2026-09-03 10:26:00,,0.2750623645531513,1
2026-06-01 13:12:00,,0.28706639246982346,0
2026-06-22 10:32:00,,0.3475509607012412,1
2026-07-01 10:00:00,,0.35115329879139856,1
2026-07-17 09:47:00,,0.37301683851017214,0
2026-08-06 10:20:00,,0.29964368774454714,0
2026-05-28 14:42:00,,0.10473857757919454,1
2026-06-16 13:14:00,,0.263684719027388,0
2026-06-22 11:26:00,,0.284381852821125,1
2026-06-29 13:12:00,,0.31980718815209613,1
2026-07-07 14:23:00,,0.22168642176294637,0
2026-07-13 13:20:00,,0.25840199479538495,0
2026-07-13 13:43:00,,0.2868369430824114,0
2026-08-24 10:03:00,,0.30150746785126337,0
2026-06-30 09:47:00,,0.44647657228245324,1
2026-07-22 10:51:00,,0.33955642637902833,0
2026-08-28 13:31:00,,0.29623008795102984,1
2026-09-03 10:59:00,,0.36790959327910816,1
2026-06-04 14:20:00,,0.18889885456125136,1
2026-06-12 14:11:00,,0.3282550685959596,1
2026-06-12 14:43:00,,0.1448244450009467,0
2026-06-16 11:15:00,,0.310132334763465,0
2026-07-02 10:03:00,,0.31691983786094696,0
2026-07-14 10:21:00,,0.3675583719779621,1
2026-08-03 10:53:00,,0.31605818677739766,1
2026-08-14 10:15:00,,0.3794793434898912,0
2026-08-21 11:23:00,,0.3430678191774451,1
2026-06-10 13:35:00,,0.37854491432401494,1
2026-06-26 14:32:00,,0.3537340168898833,0
2026-07-10 13:43:00,,0.3525280668439406,0
2026-07-13 13:56:00,,0.3109409627862033,0
2026-07-31 10:30:00,,0.36561915326350386,0
2026-08-07 09:35:00,,0.37138849446391026,1
2026-08-28 14:02:00,,0.2760083923498033,0
2026-08-28 14:50:00,,0.321811270365463,0
2026-09-01 09:42:00,,0.3733507972716628,0
2026-05-25 14:21:00,,0.1851787869134182,0
2026-05-28 13:27:00,,0.26179304275834414,1
2026-06-09 13:46:00,,0.3012585918709478,0
2026-06-12 10:02:00,,0.33995150330675605,1
2026-07-15 11:08:00,,0.3385009693171437,0
2026-07-28 11:28:00,,0.34841555153907255,0
2026-08-26 14:05:00,,0.13399697082288697,0
2026-09-01 11:12:00,,0.24700014717264204,0
2026-06-25 11:11:00,,0.26001065522916766,0
2026-06-30 14:26:00,,0.2185172463665432,0
2026-07-06 09:52:00,,0.36028184266696883,0
2026-07-30 13:15:00,,0.28697918432280944,0
2026-08-04 10:26:00,,0.21715335898280375,0
2026-08-11 10:47:00,,0.23623126891421212,1
2026-05-22 10:31:00,,0.33058970090963646,0
2026-06-23 14:37:00,,0.22436375728018956,0
2026-07-08 11:23:00,,0.23289093039567463,0
2026-07-30 14:44:00,,0.18001614385847592,0
2026-08-06 09:42:00,,0.3120593357558298,0
2026-08-13 10:44:00,,0.3386706374085401,0
2026-08-17 13:01:00,,0.25446177840145123,0
2026-06-15 13:53:00,,0.2344027310517098,1
2026-06-18 10:49:00,,0.3506900682500361,1
2026-07-03 10:45:00,,0.40436842649036175,1
2026-07-08 11:29:00,,0.347059527620971,0
2026-07-09 14:46:00,,0.24110062934413873,0
2026-08-14 09:54:00,,0.3130763154085916,0
2026-06-12 09:35:00,,0.4513089476824528,1
2026-06-17 14:57:00,,0.1390748655702064,0
2026-07-07 10:15:00,,0.2616503002064657,0
2026-07-20 13:15:00,,0.4140140205719982,0
2026-07-21 11:14:00,,0.3904876082978934,0
2026-08-14 09:43:00,,0.36255788986553406,0
2026-08-20 11:30:00,,0.2688603043435535,0
2026-08-24 14:19:00,,0.2425968078945478,0
2026-09-01 14:32:00,,0.14411401056703993,0
2026-05-28 10:45:00,,0.34405114169760076,0
2026-06-04 13:02:00,,0.3009529535129384,0
2026-06-04 14:48:00,,0.19723349300461268,0
2026-07-22 11:24:00,,0.32665770383658943,0
2026-08-03 11:24:00,,0.23079640264482815,0
2026-08-05 10:49:00,,0.3445502971406107,0
2026-08-21 13:23:00,,0.24512550191643356,0
2026-08-21 14:29:00,,0.17175375701623627,0
2026-05-29 11:01:00,,0.24721506782375685,0
2026-07-14 14:44:00,,0.1870094012765918,0
2026-08-06 13:50:00,,0.2917875717272454,1
2026-08-12 13:08:00,,0.23384981623183612,1
2026-08-14 11:08:00,,0.27125529631399,0
2026-05-22 09:34:00,,0.392952850726659,1
2026-06-05 10:50:00,,0.3864647726515928,0
2026-07-01 14:15:00,,0.2441227007976712,0
2026-07-08 14:02:00,,0.25796249223898043,0
2026-07-14 09:53:00,,0.3581594121683394,1
2026-07-14 14:38:00,,0.1993725911688138,0
2026-07-28 10:07:00,,0.3459947325212821,0
2026-07-30 14:22:00,,0.24950694628008582,1
2026-08-06 10:02:00,,0.3745056918344383,1
2026-08-20 10:27:00,,0.32016119333053117,0
2026-08-24 14:18:00,,0.2051007204746961,0
2026-08-28 14:52:00,,0.26326228003537244,0
2026-05-26 10:45:00,,0.26735266813133435,0
2026-06-29 10:10:00,,0.36131777180229663,1
2026-07-17 13:54:00,,0.28031047192613506,1
2026-07-21 09:54:00,,0.4164365124624489,0
2026-07-23 09:41:00,,0.41707612254391524,0
2026-07-08 13:08:00,,0.16561404026672666,0
2026-07-24 10:11:00,,0.2588591104638007,0
2026-07-29 10:20:00,,0.27295803131134405,0
2026-08-07 14:42:00,,0.0796145078060112,0
2026-08-13 14:58:00,,0.11082301625566708,0
2026-08-26 14:50:00,,0.0784262900912857,0
2026-09-03 13:28:00,,0.10553180100983317,1
2026-06-11 10:01:00,,0.39285076444549394,0
2026-06-11 14:45:00,,0.11976840037592452,1
2026-06-23 13:59:00,,0.25595674572779253,0
2026-06-24 14:32:00,,0.2743549181321163,0
2026-06-30 14:30:00,,0.2735439864178962,0
2026-07-02 11:14:00,,0.3111456630644087,0
2026-08-07 10:59:00,,0.3022822838760009,1
2026-08-13 13:17:00,,0.24136031908311278,0
2026-08-27 09:49:00,,0.47982726013448995,0
2026-06-03 14:03:00,,0.28929463629489854,0
2026-06-10 13:12:00,,0.350504250038265,0
2026-06-30 13:29:00,,0.29850000006712735,1
2026-08-04 15:00:00,,0.1251326666264176,1
2026-08-06 09:30:00,,0.4471747900281008,1
2026-08-14 09:56:00,,0.379646356642569,1
2026-08-24 09:55:00,,0.3732652732373903,0
2026-05-21 11:05:00,,0.3304466613139368,0
2026-07-01 13:31:00,,0.19961623681225935,0
2026-07-10 09:45:00,,0.4916402481296079,1
2026-07-30 09:39:00,,0.3872329635739963,0
2026-08-21 10:04:00,,0.3734374904334678,0
2026-08-31 10:29:00,,0.3428375006978203,1
2026-09-03 14:25:00,,0.21630285293454626,0
2026-05-21 11:21:00,,0.36815662841589286,0
2026-05-29 14:55:00,,0.2607344248215463,1
2026-06-01 14:20:00,,0.25436638627738634,0
2026-06-03 13:36:00,,0.2893416520633515,0
2026-06-23 09:35:00,,0.423006180500917,0
2026-06-24 10:07:00,,0.3810164331090615,1
2026-07-03 11:21:00,,0.3647660856002029,0
2026-07-10 13:23:00,,0.28306605427657383,0
2026-07-17 14:45:00,,0.3149284146165419,1
2026-07-31 11:02:00,,0.367278188311704,0
2026-08-21 09:53:00,,0.35947774557486895,0
2026-05-26 10:12:00,,0.339142623258846,1
2026-06-03 10:20:00,,0.3112003138422889,0
2026-07-16 11:17:00,,0.28673038760455943,0
2026-07-28 14:52:00,,0.1020680190915039,0
2026-07-29 10:39:00,,0.3240143461242065,0
2026-08-10 09:58:00,,0.3243067966024032,0
2026-08-11 10:28:00,,0.32887281459942674,0
2026-08-17 14:31:00,,0.14160707404009656,0
2026-08-20 14:17:00,,0.18619617640701325,1
2026-08-21 13:24:00,,0.32852768199993737,0
2026-08-27 14:34:00,,0.17262237918474446,0
2026-08-31 09:49:00,,0.3530180136558726,1
2026-06-02 14:59:00,,0.18419846929967584,0
2026-06-04 09:35:00,,0.421085295302974,1
2026-06-16 14:35:00,,0.1510129098827821,0
2026-07-06 09:52:00,,0.3196807890623072,0
2026-07-13 11:04:00,,0.29628763468421027,0
2026-07-13 14:00:00,,0.200866368413735,0
2026-07-22 10:34:00,,0.2983342906696984,0
2026-08-05 14:15:00,,0.3286972629859322,0
2026-08-10 10:04:00,,0.320448214652194,0
2026-08-14 13:58:00,,0.23231942894803478,1
2026-09-01 11:14:00,,0.32835601436581363,0
2026-09-02 13:37:00,,0.2641392595323036,0
2026-06-03 14:56:00,,0.2114291241151287,0
2026-06-08 14:05:00,,0.2755899868597091,0
2026-06-16 11:28:00,,0.3014617280048923,0
2026-07-02 14:33:00,,0.2015641985757019,0
2026-08-12 10:52:00,,0.29570232939876673,0
2026-08-18 14:58:00,,0.1849714716234802,0
2026-08-24 14:38:00,,0.22765498229556744,1
2026-09-01 09:33:00,,0.394694357674782,0
2026-05-21 14:48:00,,0.3555902105695216,0
2026-06-01 14:50:00,,0.13719766786085769,0
2026-06-16 09:48:00,,0.33872297397342693,1
2026-06-18 09:49:00,,0.36350692930633394,1
2026-06-22 09:57:00,,0.35555708644276857,1
2026-06-25 14:08:00,,0.2537359926838649,1
2026-07-01 10:14:00,,0.3288742894245627,1
2026-07-31 11:07:00,,0.3045252620970611,1
2026-08-06 13:32:00,,0.27081960594066723,1
2026-08-11 09:32:00,,0.3926941002902001,0
2026-09-01 13:02:00,,0.5568493398954163,0
2026-05-29 11:23:00,,0.3527203087121034,0
2026-06-01 13:16:00,,0.2994315598624165,0
2026-06-05 10:55:00,,0.34099752670265787,0
2026-06-22 13:05:00,,0.29600444633650785,1
2026-06-25 14:23:00,,0.17748996883741516,0
2026-07-09 11:11:00,,0.22844536112108205,1
2026-07-13 13:07:00,,0.350867511642219,0
2026-07-15 14:07:00,,0.17092099729930163,0
2026-07-30 14:48:00,,0.1228361940239819,1
2026-08-05 09:32:00,,0.27126295083775304,1
2026-08-13 10:34:00,,0.29849513667348576,0
2026-08-24 13:24:00,,0.25751836995472327,0
2026-05-21 11:10:00,,0.23847840837627876,0
2026-05-27 10:59:00,,0.32440346757429217,1
2026-05-28 09:52:00,,0.34435143318406247,1
2026-07-27 11:26:00,,0.3502186432743485,0
2026-05-25 10:54:00,,0.22110869512939274,0
2026-06-05 11:24:00,,0.3372643106398102,0
2026-06-22 13:25:00,,0.3118553144370394,0
2026-07-06 15:00:00,,0.30275577990233943,0
2026-07-13 14:39:00,,0.5568742923671078,0
2026-07-15 13:47:00,,0.37475629611995265,0
2026-08-07 10:49:00,,0.286226142113321,1
2026-08-07 11:26:00,,0.37374224162688685,0
2026-06-05 09:42:00,,0.3640099365395055,0
2026-08-04 09:49:00,,0.2523970059771312,0
2026-08-27 14:35:00,,0.1158733674766606,0
2026-06-12 10:56:00,,0.31550427674838705,0
2026-07-17 09:40:00,,0.36807997770643647,0
2026-09-02 09:30:00,,0.4700530554813793,0
2026-05-28 10:55:00,,0.38399843083138613,0
2026-06-16 10:58:00,,0.3433661934286725,0
2026-08-28 10:50:00,,0.40781006263921193,0
2026-09-01 10:15:00,,0.29802815644591596,0
2026-09-02 13:40:00,,0.24951870595809283,1
2026-05-21 10:26:00,,0.3441021426530377,0
2026-05-21 14:11:00,,0.30722718169893554,1
2026-05-22 09:35:00,,0.40930908812932826,1
2026-06-04 13:22:00,,0.28298722553052635,1
2026-06-05 13:28:00,,0.2913410978154678,0
2026-07-07 11:23:00,,0.3261045767304978,0
2026-07-29 13:27:00,,0.3091097351548983,0
2026-08-06 10:44:00,,0.3700853574281166,0
2026-06-04 13:09:00,,0.33117435554199404,1
2026-06-29 13:14:00,,0.5859999742662056,1
2026-07-15 11:04:00,,0.32776898771119906,0
2026-07-21 14:15:00,,0.3084922819939881,0
2026-08-05 14:21:00,,0.23915787531189178,1
2026-08-07 10:56:00,,0.30884082161782545,1
2026-08-07 14:51:00,,0.18236173113563814,0
2026-08-14 09:48:00,,0.41578279765067944,0
2026-08-25 10:32:00,,0.35917174192919943,1
2026-08-27 15:00:00,,0.18372579977766543,0
2026-06-08 10:29:00,,0.35313972777009534,0
2026-06-11 13:47:00,,0.24997706315727092,1
2026-06-15 10:58:00,,0.26250519483791407,0
2026-07-01 11:28:00,,0.3089277482284293,1
2026-07-08 13:28:00,,0.36357927182794403,0
2026-08-14 10:38:00,,0.24554518138858103,1
2026-08-26 11:13:00,,0.2802028990888056,0
2026-08-28 11:29:00,,0.27734109965171716,0
2026-06-10 14:38:00,,0.20407800730798534,0
2026-06-30 10:48:00,,0.34113922438719463,1
2026-07-01 10:04:00,,0.3469148093591699,0
2026-07-02 11:13:00,,0.33554489942709326,0
2026-07-09 10:21:00,,0.3647336030981599,1
2026-07-14 14:50:00,,0.20635319825808035,1
2026-08-07 14:34:00,,0.2517158935736704,1
2026-08-14 13:51:00,,0.26360541771387563,1
2026-09-01 10:34:00,,0.2849046358451948,0
2026-05-25 10:00:00,,0.34708464251447624,1
2026-06-04 10:45:00,,0.3424841038068975,0
2026-06-08 14:54:00,,0.17534399089016658,1
2026-08-07 10:00:00,,0.3070598750758476,1
2026-08-13 13:44:00,,0.26576699933763753,0
2026-08-14 10:57:00,,0.2897314555654855,1
2026-08-17 10:57:00,,0.24264868652193808,1
2026-06-01 13:19:00,,0.24448932521195027,0
2026-06-02 10:02:00,,0.3148656440409062,1
2026-06-04 13:53:00,,0.24936237461456556,0
2026-06-05 13:52:00,,0.31807276308124427,0
2026-06-08 14:53:00,,0.20002351334308938,1
2026-06-10 11:12:00,,0.39620141844048784,0
2026-06-12 10:56:00,,0.319198167193566,0
2026-07-02 10:14:00,,0.36818809388529977,0
2026-07-03 14:54:00,,0.27697944835460836,0
2026-07-06 14:41:00,,0.28118843865073684,0
2026-07-15 11:24:00,,0.22646634752657704,0
2026-07-17 14:18:00,,0.21892610114426342,0
2026-07-28 13:20:00,,0.2552781472661489,0
2026-07-29 14:43:00,,0.19205568817869692,0
2026-08-05 10:12:00,,0.33225637703665495,0
2026-08-25 10:57:00,,0.30352474776373245,1
2026-09-02 14:03:00,,0.18661927909321419,0
2026-05-28 14:12:00,,0.29415619108982793,0
2026-05-28 14:30:00,,0.2405884225345542,1
2026-06-01 14:35:00,,0.29363894316723455,0
2026-06-02 11:04:00,,0.32103037074160573,0
2026-06-10 10:38:00,,0.32538099430785344,0
2026-06-18 14:23:00,,0.2373472678279012,0
2026-07-15 13:05:00,,0.31604130001565484,0
2026-08-11 13:58:00,,0.23492898176274246,0
2026-05-26 14:10:00,,0.17249339180614845,1
2026-06-12 09:51:00,,0.33621040141206543,1
2026-06-25 14:06:00,,0.17566469616920094,0
2026-06-30 13:34:00,,0.2783487748099293,0
2026-07-30 13:21:00,,0.2651757125834707,1
2026-08-05 11:29:00,,0.17232110093630612,0
2026-08-06 14:11:00,,0.16143816421082452,0
2026-05-27 11:11:00,,0.3383145523068224,0
2026-06-03 11:15:00,,0.321761117992084,0
2026-06-08 14:03:00,,0.25218423958270314,1
2026-06-12 14:35:00,,0.2644317562267683,0
2026-06-26 10:24:00,,0.3583379564702624,0
2026-07-10 10:14:00,,0.34244573585232047,0
2026-08-13 13:07:00,,0.2664385173507179,0
2026-08-20 09:55:00,,0.37185530792603744,0
2026-09-02 14:09:00,,0.21722811696800992,0
2026-06-05 14:16:00,,0.3194086218958468,0
2026-06-26 13:50:00,,0.2538702533474482,0
2026-07-01 10:22:00,,0.47773511160757315,1
2026-07-13 10:58:00,,0.26611344671538967,0
2026-08-20 14:08:00,,0.3194688063783675,0
2026-08-21 14:49:00,,0.1086794485056795,0
2026-08-26 09:42:00,,0.37011589206420265,0
2026-06-08 13:30:00,,0.31669416500227693,1
2026-06-10 10:13:00,,0.3355546096295498,0
2026-06-10 10:50:00,,0.4007142314125273,0
2026-06-12 10:47:00,,0.3342228772219729,0
2026-06-17 11:17:00,,0.3449184823674277,0
2026-06-23 09:55:00,,0.36150603511288354,0
2026-07-09 14:19:00,,0.2852688435002015,1
2026-07-24 10:07:00,,0.38752814481473596,0
2026-08-07 14:57:00,,0.14314318582749103,0
2026-08-10 13:04:00,,0.2716834633972102,1
2026-08-17 14:39:00,,0.17009811869825034,0
2026-05-28 11:21:00,,0.31560920090652694,1
2026-06-15 13:09:00,,0.29810043691446786,0
2026-06-01 11:07:00,,0.3683508287732699,0
2026-06-03 09:50:00,,0.3612867586517802,0
2026-06-10 11:20:00,,0.3589371781695029,0
2026-06-22 13:01:00,,0.4101707933083382,1
2026-06-29 13:50:00,,0.2874549035946917,0
2026-07-10 14:12:00,,0.240992174264952,0
2026-07-17 10:01:00,,0.359118009916332,0
2026-07-17 13:21:00,,0.39252740375179873,1
2026-07-31 10:37:00,,0.34408700323216845,0
2026-08-10 10:40:00,,0.29564175200613935,1
2026-09-02 14:02:00,,0.19480492364695418,0
2026-06-10 13:09:00,,0.32508825136687564,0
2026-08-20 14:35:00,,0.20774711462377266,0
2026-08-27 14:57:00,,0.23154430509921392,0
2026-05-25 14:19:00,,0.2845147297922269,0
2026-06-26 13:11:00,,0.3474536393342979,0
2026-07-16 14:06:00,,0.293082549097494,0
2026-07-21 11:14:00,,0.3636737088416737,1
2026-07-28 13:30:00,,0.3472437596895469,0
2026-08-21 13:30:00,,0.2885882120081683,1
2026-05-22 10:40:00,,0.2929877636664509,1
2026-05-22 11:26:00,,0.26987515318033634,1
2026-07-01 14:49:00,,0.10719978439150459,0
2026-07-07 13:16:00,,0.277756376943272,1
2026-07-28 10:08:00,,0.36817328124782994,0
2026-07-30 10:12:00,,0.29961877681199883,0
2026-08-17 09:39:00,,0.3905229397258365,1
2026-06-10 10:17:00,,0.38404130464005404,0
2026-06-16 09:58:00,,0.3943382182148446,1
2026-08-21 10:43:00,,0.32519748098761403,1
2026-09-01 14:32:00,,0.10848013353435308,0
2026-06-02 11:09:00,,0.31080796288388574,0
2026-06-05 14:36:00,,0.31230684526104,0
2026-06-24 14:07:00,,0.2452298861401704,0
2026-06-26 14:32:00,,0.3379377138888268,0
2026-07-06 09:35:00,,0.3869881842030281,0
2026-07-13 14:49:00,,0.18247135237235415,0
2026-07-14 14:44:00,,0.21453481222064788,1
2026-07-23 14:11:00,,0.297791046564939,0
2026-08-04 14:39:00,,0.28811912892308805,1
2026-08-21 10:19:00,,0.36908341384574683,0
2026-06-02 10:36:00,,0.3241514049865671,0
2026-06-10 11:12:00,,0.41775055114710186,0
2026-06-11 10:39:00,,0.402219892089488,0
2026-06-17 13:24:00,,0.2709845132675328,0
2026-07-13 10:46:00,,0.3152573629304199,0
2026-07-16 11:23:00,,0.41510232164742744,0
2026-07-17 13:06:00,,0.3222788951504034,0
2026-07-23 13:36:00,,0.3236139770631102,1
2026-07-23 14:42:00,,0.11860437836097526,1
2026-08-05 09:35:00,,0.29567012988270636,0
2026-08-27 14:14:00,,0.14553980730547164,0
2026-09-03 13:36:00,,0.24641309326835498,0
2026-06-15 13:49:00,,0.25110821589935245,0
2026-06-18 09:37:00,,0.35268964185267226,0
2026-06-18 10:12:00,,0.37346888312229176,0
2026-07-13 10:18:00,,0.4044074171615906,0
2026-07-16 13:20:00,,0.31585232582731326,0
2026-07-28 09:43:00,,0.3856742806136547,1
2026-08-18 10:21:00,,0.35510806588332483,0
2026-08-18 14:24:00,,0.20938998014477317,0
2026-08-21 13:10:00,,0.2643315086295274,0
2026-08-24 10:33:00,,0.3194414305314051,0
2026-06-08 13:57:00,,0.4496493941124462,1
2026-07-07 10:09:00,,0.4064296638670331,1
2026-07-20 14:46:00,,0.2408847476683268,0
2026-08-18 13:28:00,,0.26681580235317454,0
2026-08-24 10:19:00,,0.33264676073391547,0
2026-08-31 10:59:00,,0.2800429298369897,1
2026-06-03 13:25:00,,0.2830172792188333,0
2026-06-09 13:25:00,,0.22695045911011497,0
2026-06-11 14:16:00,,0.27089821837227324,1
2026-07-21 14:53:00,,0.15021383124369855,0
2026-07-21 14:59:00,,0.16017788622669019,0
2026-07-24 09:42:00,,0.31617966415225357,0
2026-07-24 09:56:00,,0.31610399159978275,0
2026-07-28 14:32:00,,0.13667769238057678,0
2026-07-30 09:33:00,,0.34907943751175013,1
2026-08-06 14:12:00,,0.15136252898825206,0
2026-08-12 09:42:00,,0.24636759609190806,1
2026-08-17 13:56:00,,0.16255598898602852,0
2026-08-25 13:06:00,,0.2879601150313626,0
2026-08-26 10:27:00,,0.3346262686801123,0
2026-06-09 11:17:00,,0.3901448244925038,0
2026-06-22 11:27:00,,0.3868361625411363,1
2026-07-08 14:56:00,,0.14954591268752396,0
2026-07-24 13:13:00,,0.37957384026670243,0
2026-08-11 14:49:00,,0.18129001189677385,0
2026-08-12 11:03:00,,0.3120698453278773,0
2026-08-31 09:39:00,,0.3647534885971859,1
2026-06-01 11:17:00,,0.4362034673100086,0
2026-06-03 10:00:00,,0.36136424393564076,0
2026-06-04 09:41:00,,0.45315071582030075,0
2026-08-07 11:29:00,,0.41100678302135096,0
2026-08-31 10:23:00,,0.36039290004555447,0
2026-06-02 10:37:00,,0.29754706653280383,0
2026-06-22 10:01:00,,0.381607715498943,1
2026-07-16 11:11:00,,0.32585266773915184,0
2026-07-20 10:23:00,,0.3427902904930457,0
2026-07-23 14:16:00,,0.1935159350724456,0
2026-08-04 09:51:00,,0.337485007505092,1
2026-08-05 13:41:00,,0.29087219533047187,0
2026-05-26 09:59:00,,0.32465040219259284,0
2026-06-23 11:11:00,,0.33035995473274204,0
2026-06-23 14:10:00,,0.28852539777777436,0
2026-06-23 14:51:00,,0.23745769864217547,0
2026-07-01 14:47:00,,0.16414475367963846,0
2026-08-03 11:24:00,,0.3225222799167292,1
2026-05-21 14:38:00,,0.37028392240080427,1
2026-06-01 14:36:00,,0.3033452985998642,1
2026-06-04 13:28:00,,0.3001428661578159,1
2026-06-11 11:10:00,,0.3730798157708466,1
2026-07-02 09:33:00,,0.3812389670775702,0
2026-07-02 10:15:00,,0.40693258441288216,0
2026-08-12 10:19:00,,0.3393246259491878,1
2026-08-13 13:15:00,,0.34067043442146794,0
2026-08-17 14:24:00,,0.250175367120784,1
2026-08-20 14:12:00,,0.24768933306313948,0
2026-05-21 10:34:00,,0.23928722392926594,0
2026-05-22 09:31:00,,0.4009939994230205,1
2026-05-22 10:39:00,,0.28121319832246,1
2026-05-22 14:54:00,,0.181773713728275,0
2026-06-05 14:14:00,,0.26455674653313843,0
2026-06-16 13:54:00,,0.3131867282758526,1
2026-06-18 09:48:00,,0.38177571316570935,1
2026-07-24 14:38:00,,0.11158962371921928,0
2026-08-05 10:23:00,,0.2664454281292569,0
2026-08-28 13:01:00,,0.2655581727253632,0
2026-05-25 11:19:00,,0.34680779440710463,1
2026-05-29 09:36:00,,0.405638717573068,0
2026-06-26 14:14:00,,0.29600124870032263,0
2026-06-26 14:56:00,,0.242947376314124,0
2026-07-03 10:54:00,,0.32590004792275684,1
2026-07-24 10:48:00,,0.3604668827512905,0
2026-08-06 09:52:00,,0.3483503875698661,1
2026-06-05 09:43:00,,0.364165380163817,0
2026-06-11 14:22:00,,0.42018427541205905,1
2026-06-12 09:32:00,,0.4103815822599491,0
2026-06-12 13:20:00,,0.3358491830876919,1
2026-06-24 13:50:00,,0.30178764057930746,1
2026-08-05 13:05:00,,0.2140482194857676,0
2026-08-13 09:30:00,,0.3337836456869493,0
2026-08-18 10:52:00,,0.3748782697418893,0
2026-08-24 14:10:00,,0.25364048664682487,0
2026-08-25 09:59:00,,0.3978264661576057,1
2026-08-31 11:06:00,,0.24942083257394948,1
2026-09-02 11:12:00,,0.2536865109651665,1
2026-06-02 14:52:00,,0.35515192127252404,0
2026-07-10 13:31:00,,0.29199958712680796,0
2026-07-28 14:05:00,,0.2738894628731125,0
2026-08-20 10:35:00,,0.3196587356026964,1
2026-06-08 10:28:00,,0.36108869815351985,0
2026-06-15 09:59:00,,0.3335946475860493,0
2026-07-27 14:45:00,,0.22004668699906435,0
2026-07-29 14:27:00,,0.19142756847129844,0
2026-08-03 13:11:00,,0.28504687031888204,1
2026-08-11 11:23:00,,0.3711269855410533,0
2026-08-18 10:47:00,,0.3291842004860401,0
2026-08-21 10:58:00,,0.28915174076740013,0
2026-08-25 14:24:00,,0.24447231424809834,0
2026-08-26 10:10:00,,0.32918292260306836,1
2026-08-28 14:24:00,,0.13483268793439365,0
2026-05-26 10:10:00,,0.3397432037267199,0
2026-06-11 14:52:00,,0.24246055894779336,1
2026-07-06 09:49:00,,0.3490013727125555,0
2026-07-06 10:30:00,,0.3407462854752865,0
2026-08-20 10:42:00,,0.34586586480288434,0
2026-09-01 10:50:00,,0.2791314959911348,0
2026-05-27 14:16:00,,0.14935209021274534,0
2026-05-28 10:53:00,,0.30602159024851655,1
2026-06-25 10:29:00,,0.3223880029141093,0
2026-07-08 11:15:00,,0.35009499210036277,0
2026-07-10 14:18:00,,0.2713241243349475,0
2026-07-21 09:48:00,,0.40085335749425166,1
2026-07-28 10:47:00,,0.3517057165004827,1
2026-07-30 10:45:00,,0.368407612127809,1
2026-07-31 13:47:00,,0.19587097575429935,0
2026-08-04 14:48:00,,0.12683755295343674,0
2026-08-11 14:07:00,,0.1571743895432427,0
2026-08-28 14:39:00,,0.16207529034559445,0
2026-06-03 10:57:00,,0.382953650669135,0
2026-06-30 11:17:00,,0.3988143171046986,0
2026-06-30 14:03:00,,0.3655060209243388,0
2026-07-20 14:18:00,,0.3412572183605525,1
2026-07-22 10:32:00,,0.3895792269651313,0
2026-08-10 10:23:00,,0.37773101147374183,1
2026-08-17 14:41:00,,0.3004634660081746,0
2026-06-01 13:28:00,,0.24775312446292208,1
2026-06-08 10:09:00,,0.35172626139132135,0
2026-06-10 11:10:00,,0.320082376972206,0
2026-06-16 10:39:00,,0.2865375401085262,1
2026-07-28 13:01:00,,0.30658546686615085,1
2026-08-12 10:37:00,,0.3281013052955753,0
2026-08-24 14:34:00,,0.3255312336431013,1
2026-06-05 14:11:00,,0.21781275782916343,0
2026-06-29 14:17:00,,0.20482750183228518,0
2026-07-03 09:49:00,,0.33219373330331514,0
2026-07-03 14:18:00,,0.11962114438298542,0
2026-07-15 13:29:00,,0.28560184143003453,0
2026-07-27 14:53:00,,0.19674323742795946,0
2026-07-30 10:57:00,,0.3397619687228959,0
2026-08-13 13:22:00,,0.2540644789686867,0
2026-09-02 11:09:00,,0.2996037855503022,0
2026-06-17 09:42:00,,0.33146628162789626,0
2026-06-24 10:22:00,,0.33726373724763026,0
2026-07-01 10:22:00,,0.3499343781892385,1
2026-07-08 14:50:00,,0.1972994372689771,0
2026-07-15 10:13:00,,0.36556653473330575,0
2026-08-05 13:52:00,,0.17455064949068855,0
2026-08-06 14:04:00,,0.22016016695178467,0
2026-08-11 10:30:00,,0.3630740971326304,0
2026-08-11 13:24:00,,0.2668472489049293,0
2026-05-29 14:12:00,,0.24776110103369192,0
2026-06-25 14:02:00,,0.302959239962878,0
2026-06-26 13:38:00,,0.2639757961435484,0
2026-07-15 10:50:00,,0.36636228282161637,0
2026-07-29 14:05:00,,0.29291011713737686,0
2026-08-13 14:01:00,,0.30123600630815606,0
2026-08-28 11:13:00,,0.3041053962905698,0
2026-06-10 14:31:00,,0.18146321792846734,0
2026-06-26 13:36:00,,0.3602747359533908,0
2026-07-15 13:37:00,,0.3545119751282057,0
2026-07-23 13:55:00,,0.3832833242760668,0
2026-08-05 10:24:00,,0.33859575223898813,0
2026-08-17 10:29:00,,0.2831757386879526,0
2026-09-03 09:51:00,,0.3626313571094884,0
2026-05-26 10:11:00,,0.38997059698167835,1
2026-05-27 14:29:00,,0.31853308960339327,0
2026-06-03 14:11:00,,0.3296527295138767,0
2026-06-24 09:45:00,,0.35919240071412456,0
2026-07-20 09:39:00,,0.4096996805986614,0
2026-07-21 10:14:00,,0.33904733616067884,1
2026-08-05 11:00:00,,0.36700413268352,1
2026-08-11 10:59:00,,0.3725382738675091,0
2026-08-14 14:43:00,,0.20044163580793867,0
2026-08-27 10:10:00,,0.38519421968639717,1
2026-08-27 10:51:00,,0.38248857680498355,0
2026-05-29 09:57:00,,0.32959941623630074,0
2026-06-01 09:41:00,,0.3990315325743453,0
2026-06-02 13:12:00,,0.2671925789115906,0
2026-06-02 14:51:00,,0.1748320801342883,0
2026-06-08 13:09:00,,0.28460103906691503,0
2026-06-11 11:02:00,,0.3249155438700444,1
2026-06-17 09:51:00,,0.3429749042183101,0
2026-06-25 10:13:00,,0.38442459905026233,1
2026-07-03 14:25:00,,0.18509605268970572,0
2026-07-07 14:18:00,,0.4358259986207149,0
2026-07-16 14:23:00,,0.2631241305332397,0
2026-08-14 13:58:00,,0.21023845258978513,0
2026-05-21 14:48:00,,0.38455486734533684,0
2026-05-22 10:49:00,,0.2774353386061341,1
2026-05-26 09:34:00,,0.3925906948669886,0
2026-05-27 10:34:00,,0.3405196636471343,1
2026-06-22 11:15:00,,0.3526407235258627,1
2026-07-14 10:22:00,,0.3462614765050454,1
2026-08-21 10:05:00,,0.3448936849478471,1
2026-08-26 14:59:00,,0.17548178152067828,0
2026-08-28 13:29:00,,0.2492776897518357,0
2026-06-03 14:18:00,,0.30676110542274954,0
2026-06-04 13:52:00,,0.2884927003901658,0
2026-06-15 10:15:00,,0.3361627113733892,0
2026-08-03 13:19:00,,0.21160161728966426,1
2026-08-11 14:18:00,,0.1609843734328507,0
2026-05-22 10:55:00,,0.3293818838514407,1
2026-05-28 10:38:00,,0.341350465974548,1
2026-07-13 10:26:00,,0.36571202710899753,0
2026-07-24 10:26:00,,0.3670134476263501,0
2026-08-17 14:12:00,,0.2703445782384681,1
2026-08-25 10:30:00,,0.38441733666925815,1
2026-08-25 14:12:00,,0.26883916985640804,0
2026-05-25 11:28:00,,0.249921425600969,0
2026-06-01 09:31:00,,0.4235934423298748,1
2026-07-15 09:35:00,,0.40031438802673847,1
2026-08-31 09:49:00,,0.3790895200945064,1
2026-06-08 14:28:00,,0.4141012533442326,1
2026-06-11 11:10:00,,0.32083144213036235,1
2026-06-23 14:13:00,,0.3490525182109774,0
2026-06-25 13:02:00,,0.409884281604031,0
2026-07-22 14:59:00,,0.19636347475690552,0
2026-08-14 13:11:00,,0.2482239503981681,1
2026-08-26 13:24:00,,0.28750342716001104,0
2026-05-21 10:02:00,,0.37381501867197714,1
2026-06-22 10:12:00,,0.3277782322031002,0
2026-07-08 13:33:00,,0.3439537686410171,0
2026-07-10 11:22:00,,0.33604531180126535,0
2026-08-04 11:19:00,,0.3815689333185074,0
2026-06-03 14:54:00,,0.22966461716088463,1
2026-06-23 13:59:00,,0.3504637912506968,0
2026-06-26 13:06:00,,0.2720844858099078,0
2026-07-16 11:00:00,,0.498946799559018,0
2026-07-22 13:16:00,,0.37805419889020686,0
2026-07-23 13:47:00,,0.4218781026220754,1
2026-08-25 13:11:00,,0.4065477603627322,1
2026-06-02 13:47:00,,0.2852006899918298,0
2026-06-10 09:37:00,,0.3862982199816991,0
2026-06-16 11:30:00,,0.2657851090116365,0
2026-06-30 14:28:00,,0.2543229157911479,0
2026-07-29 11:27:00,,0.3486939152522803,1
2026-08-14 09:58:00,,0.341418140804414,1
2026-05-22 10:42:00,,0.3870738731356999,1
2026-06-15 09:57:00,,0.3829644565106082,1
2026-07-21 13:38:00,,0.35010046288464697,1
2026-08-24 13:34:00,,0.35621036842591364,1
2026-05-21 14:25:00,,0.2812111788657799,0
2026-06-03 11:10:00,,0.27338968870856534,0
2026-06-17 14:52:00,,0.1876214017855192,0
2026-06-18 13:39:00,,0.29548686861453943,0
2026-06-23 13:21:00,,0.340482681262789,1
2026-06-29 11:10:00,,0.3187330077236719,1
2026-07-06 10:27:00,,0.34797005525429925,0
2026-07-23 09:32:00,,0.3898126380407499,0
2026-08-04 14:11:00,,0.2578458275234986,0
2026-09-02 10:54:00,,0.3002301468262271,0
2026-06-04 14:42:00,,0.30784803589399296,0
2026-06-12 13:57:00,,0.3454716154686951,1
2026-06-18 14:31:00,,0.26265557157806246,1
2026-06-23 14:15:00,,0.3126951912408143,0
2026-06-26 14:32:00,,0.273083285855695,0
2026-07-14 10:35:00,,0.36524211040728477,1
2026-07-14 13:06:00,,0.3034727651358283,1
2026-07-22 11:29:00,,0.2962980328405901,0
2026-07-28 14:02:00,,0.23791132340131732,0
2026-08-14 14:45:00,,0.351651685473701,1
2026-06-02 14:01:00,,0.2607468219554093,0
2026-06-24 13:46:00,,0.31473665245216076,1
2026-07-06 10:17:00,,0.3787811743180251,1
2026-08-21 10:27:00,,0.34305107319813855,1
2026-08-24 10:41:00,,0.33399676612407087,1
2026-08-26 11:25:00,,0.37091025254917886,0
2026-05-21 14:38:00,,0.2750393407610945,0
2026-05-22 13:08:00,,0.28860189253828705,1
2026-07-03 09:45:00,,0.3734986593377743,1
2026-07-09 09:39:00,,0.3794567119936611,0
2026-07-09 13:53:00,,0.2519153735466717,1
2026-07-21 11:20:00,,0.35312693561532743,0
2026-07-28 14:36:00,,0.14099130151671305,0
2026-08-19 13:52:00,,0.29652125399122253,0
2026-08-26 13:13:00,,0.2636839080475455,0
2026-08-27 10:18:00,,0.27451459887869306,1
2026-05-27 10:22:00,,0.39700561607123996,0
2026-06-01 14:12:00,,0.30109834213989656,0
2026-06-04 11:23:00,,0.3465942549095819,1
2026-06-15 11:02:00,,0.3296793820186017,1
2026-06-22 13:51:00,,0.28735924092307513,1
2026-07-17 13:54:00,,0.7377465249343005,1
2026-07-30 14:14:00,,0.7265527649305193,1
2026-08-14 09:53:00,,0.4130894506711146,0
2026-08-26 10:12:00,,0.3626786233203408,0
2026-05-29 10:21:00,,0.3796769958272,0
2026-06-15 13:36:00,,0.2777942575695268,1
2026-07-20 14:27:00,,0.28431270271096654,0
2026-07-24 13:51:00,,0.259805579197419,0
2026-07-24 14:57:00,,0.2753016209360278,0
2026-08-12 13:01:00,,0.2621498498601105,0
2026-06-01 14:12:00,,0.2913887908178995,0
2026-06-04 13:05:00,,0.3139106018305975,1
2026-06-05 13:22:00,,0.25241785426466495,0
2026-06-23 14:58:00,,0.31784407842191587,0
2026-06-24 10:00:00,,0.3589391480340159,0
2026-06-26 10:15:00,,0.3671936521212754,0
2026-07-15 14:12:00,,0.2534884794805207,0
2026-07-22 09:38:00,,0.4096048622058124,0
2026-07-22 11:14:00,,0.3769387925999423,0
2026-08-03 09:37:00,,0.3930095775733101,1
2026-08-17 14:10:00,,0.18277642454732165,0
2026-08-28 14:18:00,,0.18438559685851635,0
2026-09-01 10:30:00,,0.3014738572315896,1
2026-09-03 10:15:00,,0.3668086423772453,0
2026-06-03 13:56:00,,0.18880989045241223,0
2026-06-23 13:47:00,,0.27106201019771303,0
2026-07-15 10:24:00,,0.2743897320861769,0
2026-07-20 10:12:00,,0.35361586058684474,0
2026-07-28 10:54:00,,0.231175412264424,0
2026-07-29 13:11:00,,0.24945057906980672,0
2026-08-06 14:01:00,,0.20488344745954745,0
2026-08-10 11:19:00,,0.22927676738146704,0
2026-08-11 10:40:00,,0.2913434122624723,0
2026-07-23 14:56:00,,0.1907035008274356,0
2026-07-30 13:56:00,,0.3120116450354535,1
2026-08-11 09:58:00,,0.37122095932040333,1
2026-08-11 14:55:00,,0.24645583758210254,0
2026-09-01 10:04:00,,0.36669779957715787,0
2026-06-01 09:40:00,,0.3810649061278929,0
2026-06-05 10:02:00,,0.36755032283483097,0
2026-06-12 13:02:00,,0.3120253730636858,0
2026-06-12 13:30:00,,0.2825464184901297,0
2026-07-21 10:01:00,,0.35536599629935073,1
2026-07-30 11:19:00,,0.3160059111001225,0
2026-08-25 13:24:00,,0.31952661397037263,1
2026-08-26 13:44:00,,0.21747647701839384,1
2026-05-29 13:22:00,,0.35938555576730735,0
2026-06-05 10:27:00,,0.359849514315256,0
2026-06-12 14:47:00,,0.29716736094090895,1
2026-07-08 11:12:00,,0.3552418447862406,0
2026-07-10 13:38:00,,0.39351428304672,0
2026-07-13 09:38:00,,0.44137251354472135,0
2026-07-27 10:49:00,,0.3482864248082866,0
2026-08-03 13:05:00,,0.3513817228947428,1
2026-08-19 10:41:00,,0.34424247203671676,0
2026-08-20 13:35:00,,0.347086590569037,0
2026-08-25 09:44:00,,0.39645424933005413,1
2026-09-01 13:32:00,,0.2693571424554352,0
2026-06-10 09:41:00,,0.3642655456778189,1
2026-06-15 10:48:00,,0.34911335017525674,1
2026-06-22 09:33:00,,0.4376013892432693,0
2026-06-24 10:12:00,,0.3733925278179014,1
2026-06-26 09:54:00,,0.3409416924809375,0
2026-07-07 14:02:00,,0.24104194251639782,0
2026-07-23 13:19:00,,0.5553028996168435,0
2026-07-27 13:18:00,,0.3047044904628869,0
2026-07-28 10:05:00,,0.369507594507997,0
2026-08-04 10:04:00,,0.351608987105599,1
2026-08-26 09:47:00,,0.3871965091862195,0
2026-09-03 13:11:00,,0.299460568994532,1
2026-06-17 10:36:00,,0.2903696876936642,0
2026-06-17 13:40:00,,0.26899213877838674,0
2026-06-18 13:48:00,,0.34762464402210036,0
2026-07-15 10:51:00,,0.34625737351021113,0
2026-08-11 10:22:00,,0.27060157057508033,0
2026-08-19 14:31:00,,0.228945583689295,1
2026-09-01 10:10:00,,0.30917019228075315,0
2026-05-28 11:07:00,,0.3217213961161666,1
2026-06-04 13:27:00,,0.2611688125439714,0
2026-06-30 10:15:00,,0.33617957093928524,1
2026-07-06 13:14:00,,0.2986179913080235,0
2026-07-09 10:45:00,,0.3522065534243565,1
2026-07-22 13:02:00,,0.3178117577824684,0
2026-07-29 11:20:00,,0.38250303967604016,1
2026-08-03 13:32:00,,0.1355528097765036,1
2026-08-04 14:22:00,,0.2342862899691654,0
2026-08-05 09:35:00,,0.32317211151049524,1
2026-08-19 14:03:00,,0.2363596824943659,1
2026-08-26 14:05:00,,0.24023238043754563,0
2026-08-26 14:12:00,,0.21126883731543183,0
2026-05-27 10:46:00,,0.24688370765111126,0
2026-06-02 14:38:00,,0.14279927472105414,0
2026-06-08 10:30:00,,0.342299763285442,0
2026-06-09 14:37:00,,0.23024791796632882,0
2026-06-22 13:46:00,,0.2779820607617266,1
2026-06-25 10:13:00,,0.3485389847462703,0
2026-07-08 14:46:00,,0.1646187693195246,0
2026-07-23 14:33:00,,0.1304180288530414,0
2026-05-29 11:12:00,,0.37085763019799284,1
2026-07-06 13:51:00,,0.2815458893090928,0
2026-07-07 10:51:00,,0.3197922152087449,0
2026-07-09 10:28:00,,0.3443259161547448,1
2026-08-03 10:34:00,,0.31702493761385814,1
2026-08-13 09:42:00,,0.35114579154870385,0
2026-06-01 11:30:00,,0.32141851281592904,0
2026-06-08 10:58:00,,0.338363886437486,0
2026-06-24 10:31:00,,0.34646707064667487,0
2026-06-29 11:06:00,,0.3407028844510883,1
2026-08-14 13:27:00,,0.2717273211515059,1
2026-08-25 13:16:00,,0.3107273996666433,0
2026-08-31 14:46:00,,0.20771596193653416,0
2026-09-01 14:45:00,,0.13602910061754248,0
2026-05-25 14:03:00,,0.236659540188486,1
2026-06-01 10:24:00,,0.32704946910023586,0
2026-06-12 10:38:00,,0.3396124482333041,0
2026-06-15 10:36:00,,0.3175233281103883,1
2026-07-07 14:49:00,,0.17890878091590173,0
2026-07-31 14:49:00,,0.21491469527015414,0
2026-08-06 14:37:00,,0.22832938741590078,0
2026-09-03 09:59:00,,0.354611454364015,0
2026-06-12 09:48:00,,0.3576649447047632,0
2026-07-07 13:27:00,,0.30217187989735034,0
2026-07-14 13:51:00,,0.3138947508899198,1
2026-07-16 11:15:00,,0.36949702658604106,0
2026-07-22 11:06:00,,0.343831167862866,0
2026-07-23 09:38:00,,0.37883370969742414,0
2026-07-27 10:09:00,,0.37677356740739676,0
2026-08-03 10:03:00,,0.378460801354049,0
2026-08-20 13:18:00,,0.26535185619859164,0
2026-05-22 09:47:00,,0.3383160569504643,0
2026-05-27 14:13:00,,0.26768019631894274,0
2026-05-28 14:31:00,,0.2250300214967982,0
2026-06-04 10:07:00,,0.3965344400485467,0
2026-06-29 14:29:00,,0.3173307037648462,0
2026-08-04 13:43:00,,0.31092115605560516,0
2026-08-10 09:34:00,,0.4135164405007822,1
2026-08-17 13:36:00,,0.256010736775533,0
2026-08-24 10:15:00,,0.43567821705632803,0
2026-06-29 11:10:00,,0.39587172891723743,0
2026-07-17 11:25:00,,0.4302181480936449,0
2026-07-28 14:05:00,,0.2914080037933343,0
2026-08-10 09:51:00,,0.3654429697414028,1
2026-08-20 13:01:00,,0.321248977327998,0
2026-08-31 11:16:00,,0.2820309839992014,1
2026-09-02 13:38:00,,0.26413490508813037,1
2026-06-23 11:10:00,,0.43283017841774474,0
2026-06-26 14:33:00,,0.19270004198546564,0
2026-06-30 13:05:00,,0.32822073742585145,0
2026-08-03 10:20:00,,0.355278874111748,1
2026-08-06 14:01:00,,0.2955373647531348,1
2026-08-17 14:54:00,,0.18762695027489612,1
2026-08-18 13:36:00,,0.27451758168374024,0
2026-08-18 13:48:00,,0.2637947070000224,0
2026-08-20 13:34:00,,0.39970855469533983,0
2026-08-20 14:15:00,,0.5096773809469946,0
2026-08-21 11:17:00,,0.34698340961621604,1
2026-08-24 13:27:00,,0.2818071151614821,1
2026-09-02 14:54:00,,0.17494261160199015,0
2026-05-27 09:42:00,,0.4017256474230589,0
2026-06-11 13:38:00,,0.2551779386299956,1
2026-06-17 10:02:00,,0.37262889101971064,0
2026-07-03 10:04:00,,0.40567993453050283,0
2026-07-22 14:13:00,,0.30692497915441025,1
2026-07-31 10:17:00,,0.3379726788462378,1
2026-07-31 13:59:00,,0.2506141009995857,0
2026-08-21 10:46:00,,0.4226458397161582,0
2026-09-03 09:55:00,,0.33980262783420584,0
2026-06-05 14:45:00,,0.3417608926291401,0
2026-06-17 09:33:00,,0.407765545106223,0
2026-07-01 10:32:00,,0.3487804040064635,0
2026-07-10 10:42:00,,0.33910842310917083,0
2026-08-04 10:47:00,,0.34369271109463045,0
2026-08-13 14:10:00,,0.25935615646432725,0
2026-06-05 14:12:00,,0.2200951344782942,0
2026-06-16 09:52:00,,0.35706211779260943,0
2026-06-25 10:52:00,,0.222802497539674,0
2026-07-20 10:12:00,,0.35201371518975877,0
2026-07-28 10:25:00,,0.32600459037454815,0
2026-07-29 14:49:00,,0.16521441885491853,0
2026-08-12 13:31:00,,0.21426407423895066,1
2026-08-18 13:05:00,,0.30119281573718165,0
2026-09-03 11:29:00,,0.24608956430934906,0
2026-05-25 14:53:00,,0.14365217133162841,0
2026-06-26 14:02:00,,0.24490285920326668,1
2026-07-23 10:37:00,,0.34600260731105764,0
2026-07-31 14:50:00,,0.24069464901805307,0
2026-08-11 11:03:00,,0.36703727132528013,0
2026-08-14 11:06:00,,0.2923790080861086,1
2026-08-18 14:26:00,,0.20822108421369737,0
2026-05-25 13:20:00,,0.46911633418478504,0
2026-07-20 13:18:00,,0.42020545864234626,0
2026-07-27 14:58:00,,0.20709840584477296,0
2026-07-28 10:01:00,,0.48182622242609835,0
2026-08-07 14:57:00,,0.24215265719625592,0
2026-08-14 11:19:00,,0.3273107944616849,1
2026-08-17 09:57:00,,0.41591721314565955,0
2026-08-18 13:26:00,,0.33853539148012146,0
2026-06-17 14:23:00,,0.19673073828460466,0
2026-07-01 09:30:00,,0.392594430307311,1
2026-07-06 11:07:00,,0.38439633835528597,1
2026-07-09 10:11:00,,0.370877001249946,0
2026-08-18 11:30:00,,0.3785870811281902,1
2026-08-25 14:43:00,,0.17984738749871035,0
2026-09-03 09:45:00,,0.5061083123355722,0
2026-06-02 10:35:00,,0.3583122927973855,1
2026-06-02 14:04:00,,0.34974203064508336,1
2026-06-25 13:43:00,,0.31962382359686026,0
2026-07-02 09:43:00,,0.36389738298718044,0
2026-07-06 13:48:00,,0.33170166235158066,0
2026-07-08 09:41:00,,0.39441136665046456,1
2026-07-08 13:02:00,,0.3333409640297688,1
2026-07-09 10:02:00,,0.36501339106745,1
2026-07-20 11:01:00,,0.287477394045362,0
2026-08-19 09:34:00,,0.41326890157221413,0
2026-05-27 10:55:00,,0.2988400142411349,0
2026-06-01 14:33:00,,0.18559683667905436,0
2026-06-23 13:56:00,,0.3297631706809594,0
2026-07-07 13:19:00,,0.3329007266476963,0
2026-07-14 13:16:00,,0.39097988907727327,0
2026-07-16 13:04:00,,0.3834956542868022,0
2026-07-31 10:15:00,,0.375990994088619,0
2026-07-31 13:29:00,,0.3600748836001154,0
2026-08-14 11:15:00,,0.39303757874529077,1
2026-08-18 14:21:00,,0.2492404179794566,0
2026-08-26 10:53:00,,0.3820384500345312,0
2026-06-04 10:51:00,,0.3135305032833935,1
2026-06-08 14:14:00,,0.24781425998694004,1
2026-06-23 13:48:00,,0.30467108058830944,0
2026-06-25 13:26:00,,0.3308735900192048,0
2026-06-29 11:20:00,,0.3291536485654621,0
2026-07-06 14:01:00,,0.32994327014326097,0
2026-07-17 09:36:00,,0.37895451254895773,0
2026-07-23 09:59:00,,0.36471995950933334,0
2026-07-29 14:40:00,,0.19444919694992663,0
2026-08-05 11:10:00,,0.3109636948714235,1
2026-08-11 10:48:00,,0.32311129501383956,0
2026-08-26 11:06:00,,0.23821911995142953,0
2026-08-28 10:13:00,,0.3014142223382365,0
2026-05-28 13:32:00,,0.2690997091606697,1
2026-06-03 11:25:00,,0.2787011871121362,1
2026-06-08 14:29:00,,0.22379222782364858,0
2026-06-22 10:38:00,,0.32564956055763006,0
2026-07-02 13:14:00,,0.24532943781950298,1
2026-08-18 10:54:00,,0.3632590718563953,0
2026-06-03 10:09:00,,0.34522257028388637,0
2026-06-18 09:37:00,,0.35456026074897573,1
2026-06-22 10:12:00,,0.3237470359221409,0
2026-06-30 11:15:00,,0.3357639370627858,1
2026-07-10 14:09:00,,0.37542383108260424,0
2026-07-16 10:26:00,,0.35894197320499005,0
2026-08-07 09:31:00,,0.32391731794670486,0
2026-08-10 13:13:00,,0.33232826726910797,0
2026-08-18 10:21:00,,0.3021320071959806,0
2026-08-18 13:51:00,,0.33554459523034263,0
2026-08-25 11:28:00,,0.4070221458696569,1
2026-05-21 14:46:00,,0.6110967543658171,0
2026-05-27 13:48:00,,0.37548869025152626,0
2026-06-01 14:17:00,,0.2900690015140785,1
2026-06-22 11:26:00,,0.3653983241899802,1
2026-07-03 13:12:00,,0.3968174329792932,0
2026-08-07 10:10:00,,0.4223266431206295,1
2026-08-18 13:16:00,,0.28337918418874386,0
2026-08-18 14:24:00,,0.1859668896941508,0
2026-08-21 13:27:00,,0.34720159951630253,1
2026-05-29 09:54:00,,0.3644691033099942,0
2026-05-29 13:03:00,,0.32394621834138804,0
2026-06-03 14:48:00,,0.2558262800074785,0
2026-07-01 10:57:00,,0.36129695570399123,0
2026-07-01 14:05:00,,0.27337897288204044,0
2026-08-27 14:54:00,,0.22673674798471957,0
2026-05-29 14:33:00,,0.33766613671732143,0
2026-06-25 13:59:00,,0.29312325830790065,0
2026-07-08 10:46:00,,0.3833917029789681,0
2026-07-09 13:56:00,,0.269430493843016,0
2026-07-28 10:28:00,,0.3498893664046411,1
2026-08-11 13:16:00,,0.23200589051843304,0
2026-08-20 13:31:00,,0.33553522851144235,0
2026-08-25 13:40:00,,0.3314758836672614,1
2026-05-25 10:40:00,,0.36701177274004804,0
2026-05-25 13:06:00,,0.31335941608284207,0
2026-05-29 13:22:00,,0.32970603909205376,0
2026-06-09 10:09:00,,0.401704044492522,1
2026-07-17 10:32:00,,0.481972075526397,0
2026-07-23 13:52:00,,0.2774328163723329,0
2026-08-05 14:33:00,,0.2457101546788146,1
2026-05-29 11:25:00,,0.38510801747297974,0
2026-06-05 13:55:00,,0.3936047379913596,0
2026-06-26 10:50:00,,0.4238233736459032,0
2026-07-06 11:06:00,,0.45024579880574983,0
2026-07-07 13:36:00,,0.3114682773804549,0
2026-07-08 09:50:00,,0.40871058227589185,0
2026-07-10 14:36:00,,0.28983934839102915,1
2026-08-31 10:35:00,,0.4284369857071419,1
2026-05-27 13:56:00,,0.2837591214993237,0
2026-06-08 09:33:00,,0.4194932007752664,0
2026-06-12 10:04:00,,0.40003637032800604,0
2026-06-15 14:03:00,,0.20830652766825977,1
2026-07-06 13:13:00,,0.33458779422324386,0
2026-07-20 13:51:00,,0.32474397157341395,0
2026-08-07 13:56:00,,0.29110911823716507,1
2026-08-18 13:14:00,,0.30553803480802727,0
2026-08-19 13:47:00,,0.3411188309088494,1
2026-08-25 13:56:00,,0.2714688427479296,0
2026-06-10 10:33:00,,0.39502111606418094,0
2026-07-20 10:32:00,,0.3940055994214699,0
2026-09-03 14:11:00,,0.2953376046530902,0
2026-06-04 14:31:00,,0.18598461468513108,0
2026-06-10 14:52:00,,0.13077941534956344,0
2026-06-16 11:16:00,,0.27414074873934063,0
2026-07-02 09:32:00,,0.42933927663000765,0
2026-07-23 14:23:00,,0.275090688628118,0
2026-07-30 09:59:00,,0.334726789479715,0
2026-08-07 14:00:00,,0.1727283258802255,1
2026-08-10 11:20:00,,0.3401161837952526,0
2026-08-31 10:41:00,,0.3096244845659146,1
2026-08-31 13:57:00,,0.2040293871226803,0
2026-06-04 09:56:00,,0.36557918660689415,0
2026-06-11 14:32:00,,0.259319586826614,1
2026-06-16 10:35:00,,0.3467585704240204,0
2026-06-30 13:48:00,,0.2823938777942561,1
2026-07-20 09:36:00,,0.41632666288221704,0
2026-07-23 11:17:00,,0.40391659059962626,0
2026-08-24 13:46:00,,0.3146551243958681,0
2026-08-25 11:18:00,,0.35688123395262594,1
2026-09-01 10:31:00,,0.3568459115785252,1
2026-06-03 14:13:00,,0.3813625810678622,0
2026-06-15 10:14:00,,0.36331831330202513,1
2026-06-16 14:39:00,,0.3358417793148742,0
2026-06-24 10:06:00,,0.36749962360673283,1
2026-06-24 14:36:00,,0.321293060904623,0
2026-07-06 09:48:00,,0.40114932509190304,0
2026-07-07 09:55:00,,0.39182477167127494,0
2026-07-08 09:32:00,,0.4100811845957069,0
2026-07-08 10:19:00,,0.36941649990339837,0
2026-08-13 14:17:00,,0.30339254117903713,1
2026-08-31 10:15:00,,0.4054651625868045,1
2026-05-21 13:58:00,,0.2848903078671125,0
2026-05-26 14:57:00,,0.16155403268663365,0
2026-05-27 14:17:00,,0.24777884506981893,0
2026-06-01 14:49:00,,0.16059218846493756,0
2026-07-02 13:34:00,,0.2754322951675499,0
2026-07-30 14:16:00,,0.36084889187606534,1
2026-08-13 10:28:00,,0.5469277794440892,0
2026-08-18 09:31:00,,0.3905241096592,0
2026-08-21 14:14:00,,0.26440138603111263,1
2026-08-24 10:49:00,,0.30078552853291146,0
2026-08-25 13:10:00,,0.31965669075019204,1
2026-06-09 09:42:00,,0.3673525218628836,1
2026-07-07 11:30:00,,0.35620966290556266,0
2026-08-14 14:03:00,,0.28792765156465505,1
2026-09-03 10:19:00,,0.3600633595409384,1
2026-05-29 10:09:00,,0.41567531082807946,0
2026-06-11 14:53:00,,0.15085053362154918,0
2026-06-22 10:46:00,,0.413210360109094,1
2026-06-29 09:43:00,,0.40401782818692683,1
2026-07-13 14:41:00,,0.2525413843469499,0
2026-07-23 10:54:00,,0.3265266657284353,1
2026-07-29 14:39:00,,0.23300735279073845,0
2026-08-31 13:44:00,,0.18872382773041163,0
2026-06-09 10:34:00,,0.36561397756018393,1
2026-06-23 11:22:00,,0.3087635437475148,0
2026-07-08 14:42:00,,0.24168524713367895,1
2026-07-23 09:48:00,,0.3860882523520464,1
2026-08-12 09:37:00,,0.3699666670411489,1
2026-08-26 09:51:00,,0.3579152134191011,0
2026-05-26 13:53:00,,0.28179487785477747,0
2026-06-02 10:17:00,,0.39209950816461636,1
2026-06-04 10:05:00,,0.3590007841159812,0
2026-07-27 14:50:00,,0.25392311050796745,0
2026-07-31 09:33:00,,0.4028370419863481,0
2026-08-04 11:07:00,,0.33008210861059906,1
2026-08-11 10:06:00,,0.39548654629292723,0
2026-08-12 13:54:00,,0.3140690830883074,1
2026-08-18 11:16:00,,0.35222457857768774,0
2026-08-20 10:15:00,,0.3693756801608073,1
2026-08-24 11:27:00,,0.34179710821577397,0
2026-09-03 14:01:00,,0.32427897293397867,1
2026-05-25 10:05:00,,0.39851969986676217,0
2026-06-25 11:03:00,,0.359901460270056,0
2026-06-29 14:36:00,,0.25509719148696275,1
2026-07-13 10:35:00,,0.35279612719458275,0
2026-07-16 14:37:00,,0.3330704033575615,0
2026-07-30 13:03:00,,0.29886340800659217,1
2026-08-05 14:15:00,,0.31719377642990976,0
2026-08-14 09:34:00,,0.37311358890059176,0
2026-09-01 13:26:00,,0.3022457373991829,0
2026-06-18 10:24:00,,0.35956150292918904,0
2026-06-23 10:30:00,,0.2506068187076639,0
2026-07-03 13:34:00,,0.29050523125194566,1
2026-07-08 10:01:00,,0.3214948597389822,0
2026-07-30 14:22:00,,0.1657050360494615,0
2026-08-12 10:59:00,,0.22246561714350524,0
2026-08-12 13:11:00,,0.2039521748809395,0
2026-08-19 14:05:00,,0.28459677174600756,0
2026-08-27 14:30:00,,0.09271356993169916,0
2026-05-25 13:21:00,,0.29317719824507443,0
2026-05-26 13:22:00,,0.29699850949606316,0
2026-06-18 10:14:00,,0.33482725108524386,0
2026-07-02 14:29:00,,0.24821369699015938,1
2026-07-03 14:06:00,,0.2654716631600125,0
2026-07-08 10:04:00,,0.3769143662681153,0
2026-07-10 09:30:00,,0.41128682040465087,1
2026-08-18 14:34:00,,0.2154068591419674,0
2026-08-25 09:58:00,,0.40086384477096987,1
2026-06-01 13:44:00,,0.35830785871687815,1
2026-06-08 13:56:00,,0.29341092635287275,1
2026-07-01 13:40:00,,0.34371622363770216,0
2026-07-10 14:39:00,,0.29635159655922705,0
2026-07-15 14:13:00,,0.23063321855070812,1
2026-07-24 09:33:00,,0.4327349724265227,0
2026-07-24 13:06:00,,0.35225024233044633,0
2026-08-03 09:41:00,,0.3823084530886295,1
2026-08-14 09:54:00,,0.41752815511171865,0
2026-09-02 14:25:00,,0.17521114034472346,0
2026-05-25 10:17:00,,0.3099063423217235,0
2026-05-26 13:32:00,,0.20096350915651964,0
2026-05-29 14:17:00,,0.2971564450293842,0
2026-06-05 14:31:00,,0.29421503106166697,0
2026-06-30 13:25:00,,0.26920935606658364,0
2026-07-07 13:11:00,,0.26382123620943426,0
2026-07-23 10:51:00,,0.31555732730810987,1
2026-07-27 09:40:00,,0.4178335966849132,1
2026-07-31 09:59:00,,0.3592370635600433,0
2026-08-04 10:50:00,,0.22807654100305316,0
2026-08-06 09:56:00,,0.3372192043355058,0
2026-08-28 14:24:00,,0.09456954724762363,0
2026-06-05 11:07:00,,0.3153458509445555,0
2026-07-09 10:22:00,,0.40693930657541266,0
2026-08-03 13:01:00,,0.33391367335730676,1
2026-08-07 11:11:00,,0.32449196139823344,1
2026-08-12 10:53:00,,0.2925832526142296,0
2026-08-12 14:15:00,,0.2316102915507519,0
2026-08-17 10:39:00,,0.30128253663238586,1
2026-08-28 10:39:00,,0.417242554881747,0
2026-07-02 13:02:00,,0.36564112867947485,0
2026-08-14 11:25:00,,0.3182327869730269,1
2026-08-17 11:21:00,,0.40604815875488015,1
2026-08-19 10:06:00,,0.3580370134973507,0
2026-05-25 14:46:00,,0.19091594302590847,0
2026-06-04 13:36:00,,0.31857470405197874,0
2026-06-09 11:20:00,,0.3705265345655482,0
2026-06-15 13:12:00,,0.39790419276273675,1
2026-06-17 13:06:00,,0.32650275143522967,1
2026-07-03 11:14:00,,0.3983104034689158,1
2026-07-07 11:07:00,,0.3705432674679195,0
2026-07-07 13:32:00,,0.33746973112683515,0
2026-07-08 09:45:00,,0.37238394426864674,1
2026-07-21 13:15:00,,0.3563494694886847,0
2026-08-05 14:38:00,,0.1797949239263627,0
2026-08-18 10:18:00,,0.34090616275352936,0
2026-05-26 13:15:00,,0.3263281664554217,0
2026-05-29 11:29:00,,0.32953653369793334,0
2026-06-04 13:24:00,,0.30772492132469437,0
2026-06-15 13:26:00,,0.2901297643179035,1
2026-06-23 13:02:00,,0.30881533757035246,0
2026-07-27 13:43:00,,0.2994957426099373,1
2026-07-30 14:59:00,,0.2294862896660888,0
2026-08-17 14:02:00,,0.23549710194536697,0
2026-06-05 13:19:00,,0.34352481472952867,0
2026-06-09 11:11:00,,0.31944157028210546,1
2026-06-30 11:28:00,,0.36461905574638864,1
2026-07-01 09:33:00,,0.4275552534881538,0
2026-07-01 11:01:00,,0.31118045755491897,0
2026-07-24 09:31:00,,0.4162630466408079,1
2026-07-24 10:54:00,,0.3339279617149603,1
2026-08-13 11:01:00,,0.3037082035399118,0
2026-08-20 09:51:00,,0.3434119360887945,0
2026-09-01 13:30:00,,0.24315349167856493,0
2026-06-15 13:42:00,,0.37527361793062447,1
2026-06-24 10:46:00,,0.3710013880954025,1
2026-06-24 14:08:00,,0.3326523454667025,1
2026-06-24 14:52:00,,0.2359641119835459,1
2026-07-14 13:52:00,,0.3118753617350556,1
2026-07-30 14:10:00,,0.23169821955698305,1
2026-08-04 09:30:00,,0.4440045122791618,1
2026-08-14 11:07:00,,0.34038465920894606,1
2026-08-18 14:59:00,,0.22198867013142107,0
2026-05-26 09:39:00,,0.45235660124443294,1
2026-06-11 13:37:00,,0.3409527557455556,1
2026-06-15 09:55:00,,0.40233416648111686,0
2026-06-25 10:00:00,,0.44084772414938184,0
2026-07-02 11:18:00,,0.3975805327717907,0
2026-07-16 14:26:00,,0.28658617519823765,1
2026-07-20 13:28:00,,0.39940643246250146,0
2026-07-21 13:28:00,,0.37180767632747797,0
2026-07-30 10:14:00,,0.4049667404698608,0
2026-08-26 10:38:00,,0.35629268586342455,0
2026-05-21 10:15:00,,0.37357424714877835,0
2026-06-30 13:23:00,,0.36227954609063984,1
2026-07-08 09:56:00,,0.3605714477472863,1
2026-07-31 09:46:00,,0.34313703416468666,0
2026-08-19 14:05:00,,0.243382151379548,0
2026-05-22 14:16:00,,0.33032568574844035,1
2026-05-27 13:24:00,,0.33450883020247474,0
2026-06-01 09:30:00,,0.4773283840066499,1
2026-06-24 11:07:00,,0.36044490305804083,0
2026-07-24 13:50:00,,0.2633170341237133,0
2026-07-28 13:42:00,,0.3565472250822137,0
2026-07-31 10:44:00,,0.4291340701156421,0
2026-08-05 14:55:00,,0.16579926156697067,1
2026-08-31 11:23:00,,0.39900668224352415,0
2026-09-01 10:46:00,,0.3265429044518049,0
2026-06-23 11:08:00,,0.2654540249477253,0
2026-07-21 09:53:00,,0.3408471805102291,0
2026-07-24 14:08:00,,0.254329089171872,0
2026-08-05 14:15:00,,0.2333500938606411,0
2026-08-14 14:47:00,,0.20071669333206874,0
2026-08-20 13:48:00,,0.23996890244896452,0
2026-09-02 14:53:00,,0.1450246851732528,0
2026-09-03 14:55:00,,0.25016723988843964,1
2026-05-22 14:50:00,,0.22400578462342938,1
2026-06-02 13:11:00,,0.30115735982158764,0
2026-06-02 13:55:00,,0.30174278926265397,0
2026-06-09 10:21:00,,0.3486451127902697,0
2026-06-11 11:18:00,,0.36538828156798814,1
2026-06-22 14:34:00,,0.2113511231934902,0
2026-07-07 14:26:00,,0.28063437976411154,0
2026-07-07 14:56:00,,0.1922994048234105,0
2026-07-20 11:14:00,,0.34399260224879324,0
2026-07-21 09:35:00,,0.4038835116049276,1
2026-07-27 13:32:00,,0.3424914867156295,1
2026-08-03 14:35:00,,0.17562925981620953,1
2026-08-04 10:08:00,,0.29048116954730707,1
2026-08-11 11:17:00,,0.24985651564245592,0
2026-08-28 14:16:00,,0.19826783942653528,0
2026-08-31 14:40:00,,0.13728840724699864,1
2026-06-09 13:51:00,,0.2500530141978791,0
2026-07-08 13:23:00,,0.3342625649419849,0
2026-07-08 13:53:00,,0.35019761376512887,0
2026-08-06 14:33:00,,0.24943413874962733,0
2026-08-06 14:45:00,,0.19018095107736638,1
2026-08-07 13:36:00,,0.32214208707765557,1
2026-08-10 11:12:00,,0.3073193163643638,1
2026-08-13 09:53:00,,0.3752693326531102,0
2026-09-01 09:30:00,,0.3549609326137567,0
2026-05-22 14:03:00,,0.2815029603245789,0
2026-05-29 11:30:00,,0.36007414761351697,0
2026-07-07 09:44:00,,0.3731362510680694,0
2026-07-07 14:50:00,,0.17368956320364515,0
2026-07-14 11:12:00,,0.4028677464422153,1
2026-07-30 14:47:00,,0.39549172752748973,1
2026-08-04 13:55:00,,0.33359320912343704,0
2026-05-27 13:48:00,,0.34928032324004077,0
2026-05-28 10:55:00,,0.3814524722105543,1
2026-06-01 10:03:00,,0.38223054089309394,0
2026-06-15 11:30:00,,0.23852941157746582,0
2026-07-13 13:46:00,,0.4347836819185813,0
2026-07-14 14:13:00,,0.346852584913109,1
2026-07-22 14:34:00,,0.3064557759192137,0
2026-08-10 10:32:00,,0.33617538143395476,0
2026-08-13 13:37:00,,0.216531338472877,0
2026-08-24 14:34:00,,0.27115685091235153,0
2026-08-26 10:25:00,,0.31784486234569276,0
2026-08-26 10:57:00,,0.34596029048808574,0
2026-08-28 10:00:00,,0.36305023611567355,0
2026-05-22 09:33:00,,0.4343493276083867,1
2026-05-26 14:52:00,,0.18323669247487956,0
2026-05-27 11:01:00,,0.37741827521699983,0
2026-06-04 11:19:00,,0.3855289715870296,0
2026-08-14 10:17:00,,0.36208302523337493,1
2026-08-20 09:31:00,,0.43499852761165025,0
2026-08-28 14:13:00,,0.21094282745927473,0
2026-06-30 14:12:00,,0.28966125399072945,1
2026-07-06 09:32:00,,0.44337419579054044,0
2026-08-06 11:15:00,,0.3548452271881987,1
2026-08-07 14:41:00,,0.1815125126430005,0
2026-08-14 10:24:00,,0.3497292738566673,1
2026-08-20 13:14:00,,0.38588395253164653,0
2026-08-31 14:02:00,,0.23904540989267845,0
2026-06-09 10:53:00,,0.31498249100283604,1
2026-06-22 14:15:00,,0.2593248474477394,0
2026-07-13 11:08:00,,0.3081604148034391,0
2026-08-10 13:29:00,,0.19826256983300994,1
2026-08-10 13:50:00,,0.22853221481578595,0
2026-08-11 13:49:00,,0.1759794913959814,0
2026-08-12 10:07:00,,0.2930221893350027,1
2026-08-17 14:39:00,,0.18062533209623047,1
2026-08-27 11:02:00,,0.3101417745432077,0
2026-09-02 11:10:00,,0.2560337111737609,0
2026-05-28 11:28:00,,0.3299507084644043,1
2026-06-08 11:00:00,,0.33673976370373276,0
2026-06-23 14:04:00,,0.25110159980640845,0
2026-06-25 14:51:00,,0.3449737836273143,1
2026-07-03 11:00:00,,0.3333701595292891,0
2026-07-27 10:31:00,,0.3437239549753987,0
2026-08-12 11:22:00,,0.30055430030887037,1
2026-08-25 14:31:00,,0.17435427189828273,0
2026-05-29 14:55:00,,0.21469240828030348,1
2026-06-02 10:06:00,,0.34699245735107354,1
2026-06-09 09:40:00,,0.3702209955746615,1
2026-07-06 14:58:00,,0.22605906909479784,0
2026-07-13 10:52:00,,0.3983150433040988,0
2026-07-22 13:28:00,,0.3668864314560849,0
2026-08-19 10:02:00,,0.4050333336331329,0
2026-08-28 11:21:00,,0.38295193075196576,0
2026-09-01 09:57:00,,0.3384957922248352,0
2026-09-03 10:07:00,,0.3488756855165148,1
2026-06-22 14:45:00,,0.26490924192641435,1
2026-07-06 13:52:00,,0.343487459398539,0
2026-07-21 14:27:00,,0.2648239352437206,0
2026-08-03 10:53:00,,0.38277220450737953,1
2026-08-25 10:04:00,,0.39161136006781055,1
2026-05-25 13:05:00,,0.520369717827266,1
2026-06-01 09:53:00,,0.3565728210032312,0
2026-06-08 13:15:00,,0.2993069548418469,0
2026-06-24 14:31:00,,0.16726355080911012,0
2026-06-25 14:31:00,,0.1819741782083944,0
2026-06-29 14:30:00,,0.22527058267089597,0
2026-07-13 10:26:00,,0.35996411069779866,0
2026-07-16 14:17:00,,0.2410863277956557,0
2026-07-20 14:47:00,,0.19509423745953214,1
2026-07-27 10:23:00,,0.32279821405268655,0
2026-07-30 14:47:00,,0.2941033023774103,1
2026-08-25 10:25:00,,0.35133585641910126,1
2026-06-15 14:05:00,,0.230264007995806,1
2026-07-03 14:46:00,,0.3191685735498808,0
2026-07-10 09:38:00,,0.36707755879150267,0
2026-07-16 10:21:00,,0.40264563726385727,0
2026-07-20 14:50:00,,0.24172577448330193,1
2026-07-30 13:14:00,,0.32746085599479635,1
2026-08-04 13:50:00,,0.2672659112004838,0
2026-08-10 09:32:00,,0.3547415795730054,0
2026-08-24 10:18:00,,0.3801884740846833,0
2026-06-17 10:53:00,,0.23280458762386427,0
2026-07-01 14:10:00,,0.2541517322158728,0
2026-07-07 13:45:00,,0.19933589520920905,0
2026-07-20 10:34:00,,0.35564015127695925,0
2026-08-06 13:14:00,,0.16906321274970224,0
2026-08-31 14:39:00,,0.1427143262897157,0
2026-09-03 10:23:00,,0.2668892133580627,0
2026-05-26 14:43:00,,0.234940278116324,0
2026-05-29 10:09:00,,0.34209470101881595,0
2026-08-07 11:20:00,,0.38644006188878594,0
2026-08-13 14:32:00,,0.24135849102087015,0
2026-09-03 14:02:00,,0.3009775177344258,0
2026-07-01 10:36:00,,0.37288901314905715,0
2026-07-01 14:27:00,,0.2977587640043081,0
2026-07-02 13:03:00,,0.3247921860648281,0
2026-07-14 10:42:00,,0.4098999970521135,1
2026-08-05 13:18:00,,0.305781198814689,1
2026-08-20 09:43:00,,0.37803223886602244,0
2026-08-21 13:58:00,,0.27217064836266386,1
2026-08-24 10:17:00,,0.40269429791835304,0
2026-06-09 10:23:00,,0.35929510433391204,1
2026-06-10 10:31:00,,0.35709944159124896,1
2026-07-23 10:01:00,,0.36363143579418705,0
2026-08-03 10:02:00,,0.36845749387437826,0
2026-08-11 13:26:00,,0.3334018580999104,0
2026-08-17 09:46:00,,0.34773968463573884,1
2026-08-25 10:48:00,,0.3373610228221322,1
2026-06-23 14:56:00,,0.18611143404384534,0
2026-06-30 11:13:00,,0.32104395731103014,0
2026-07-02 13:37:00,,0.2785656884819403,1
2026-07-08 13:48:00,,0.26079026879007094,0
2026-07-16 14:07:00,,0.23763552937339685,0
2026-07-22 14:16:00,,0.2337126317425187,0
2026-08-26 13:14:00,,0.29950154095915216,1
2026-05-22 14:34:00,,0.26810040167426985,1
2026-06-24 14:05:00,,0.3191679542299832,0
2026-07-06 14:43:00,,0.3960500145132032,1
2026-07-16 10:04:00,,0.3520771398452212,0
2026-07-24 11:09:00,,0.36196098915144737,1
2026-07-27 11:04:00,,0.38795099612792056,0
2026-08-03 10:56:00,,0.34597232408681533,1
2026-08-18 09:53:00,,0.33709007471058766,1
2026-08-24 13:36:00,,0.30455712100624077,0
2026-06-08 11:27:00,,0.3118794125792721,0
2026-06-09 11:13:00,,0.35013160874951926,1
2026-06-10 14:35:00,,0.22656796972598528,0
2026-06-24 10:28:00,,0.3438249757881636,0
2026-07-02 14:22:00,,0.23477845986242266,1
2026-07-06 10:23:00,,0.3315727604598907,0
2026-07-17 14:14:00,,0.26537913425196136,0
2026-08-12 09:51:00,,0.38146763302641656,0
2026-08-18 11:27:00,,0.3092821236247211,0
2026-05-29 10:57:00,,0.3533955195445958,0
2026-06-23 10:16:00,,0.32164141339498953,0
2026-07-17 10:05:00,,0.3390112080641876,0
2026-07-20 10:55:00,,0.3309968479916924,1
2026-08-13 14:26:00,,0.24539442351565813,0
2026-08-14 14:23:00,,0.23393896641643352,1
2026-08-18 13:36:00,,0.2587932443798609,0
2026-08-18 15:00:00,,0.21244799838211342,0
2026-08-19 09:37:00,,0.36959782091356974,0
2026-05-29 10:36:00,,0.3326068375260362,0
2026-06-05 14:46:00,,0.289167582405879,0
2026-06-11 14:59:00,,0.22598137523010514,1
2026-06-12 13:10:00,,0.3659866556159557,0
2026-07-16 14:47:00,,0.1856166880975556,0
2026-07-17 14:28:00,,0.2344486775887845,0
2026-07-27 10:09:00,,0.3401066120546785,0
2026-08-05 09:36:00,,0.38439347898411247,0
2026-09-02 13:15:00,,0.2959592144259175,0
2026-05-26 09:45:00,,0.4183277643478626,0
2026-05-28 14:31:00,,0.23042087453897506,0
2026-06-11 13:05:00,,0.40553390804150546,1
2026-06-12 13:47:00,,0.25746843160155064,1
2026-06-26 13:32:00,,0.2955401907273037,0
2026-07-28 13:28:00,,0.3327896856789634,0
2026-07-30 14:00:00,,0.29699170727906904,1
2026-07-31 10:29:00,,0.3718512432244938,0
2026-08-06 11:27:00,,0.3651082920192086,0
2026-08-07 14:33:00,,0.1678157101208724,0
2026-08-17 09:44:00,,0.3879836160382904,0
2026-08-18 11:13:00,,0.2633243785624734,0
2026-08-21 09:36:00,,0.4256100290420919,1
2026-05-22 13:39:00,,0.30781310250063765,1
2026-05-29 14:38:00,,0.3645437862387126,1
2026-06-02 14:05:00,,0.30470137877799097,0
2026-06-05 14:07:00,,0.32445581318891564,0
2026-06-24 14:48:00,,0.2516616299097946,0
2026-08-03 13:17:00,,0.34681589080599623,1
2026-08-17 11:24:00,,0.3345574026077419,0
2026-08-18 10:06:00,,0.38805166640323524,0
2026-08-28 11:12:00,,0.3307199708050907,0
2026-06-15 10:15:00,,0.35707467233914475,0
2026-06-30 10:02:00,,0.35128597400386996,1
2026-07-02 11:18:00,,0.3858272818379334,0
2026-07-03 10:43:00,,0.5276943386701171,1
2026-07-03 13:28:00,,0.5288856503593151,1
2026-07-08 11:25:00,,0.33169239224224817,0
2026-07-27 11:18:00,,0.337355570631023,0
2026-07-31 11:22:00,,0.33274320333378593,1
2026-08-04 10:07:00,,0.3636957598622552,0
2026-08-05 09:55:00,,0.34895741908477707,1
2026-08-17 13:40:00,,0.33976195114174707,1
2026-09-03 11:17:00,,0.31332737813441325,1
2026-06-18 14:16:00,,0.20235342187168795,0
2026-06-26 14:51:00,,0.2781793688201201,0
2026-07-02 10:59:00,,0.3405924213907566,0
2026-07-14 14:38:00,,0.2145836680947513,1
2026-07-31 09:59:00,,0.3521252532401055,0
2026-08-07 14:17:00,,0.30441229787391283,1
2026-06-11 11:23:00,,0.3379099749163776,1
2026-06-18 13:05:00,,0.37239216978674355,0
2026-06-30 13:10:00,,0.3607637335880049,1
2026-07-03 10:29:00,,0.3179055943748055,0
2026-07-15 14:55:00,,0.17222028308243092,0
2026-07-29 11:19:00,,0.3750601824510073,1
2026-08-03 11:15:00,,0.3616503682840138,0
2026-08-14 13:45:00,,0.30285898783280935,1
2026-08-31 14:33:00,,0.24329869133505927,0
2026-09-03 13:20:00,,0.3303313108610411,1
2026-06-01 10:57:00,,0.33563346003100214,0
2026-06-02 09:46:00,,0.34798992466776624,0
2026-06-12 14:14:00,,0.19068179505885227,0
2026-06-15 14:34:00,,0.1272629714137967,0
2026-06-24 13:02:00,,0.28696381634950757,0
2026-07-13 11:19:00,,0.35113376250947925,0
2026-07-16 11:03:00,,0.2976246866039249,0
2026-07-21 13:11:00,,0.31347883756542155,0
2026-08-20 14:30:00,,0.18766509359077876,0
2026-08-21 10:51:00,,0.2772012768685941,0
2026-08-27 10:51:00,,0.2676715852469672,0
2026-05-25 10:14:00,,0.3394032352331359,0
2026-06-12 09:58:00,,0.364360736466976,0
2026-06-17 10:09:00,,0.33271532547474336,0
2026-06-26 09:39:00,,0.4281959562186476,0
2026-07-24 13:31:00,,0.2785711975491891,0
2026-08-03 14:43:00,,0.180684819943929,1
2026-05-22 09:50:00,,0.3848431020936047,1
2026-05-25 13:33:00,,0.29616959638463625,1
2026-05-28 13:35:00,,0.3217218928284935,1
2026-06-02 14:48:00,,0.21051291360729232,0
2026-07-22 13:40:00,,0.40062581803007785,0
2026-07-24 14:31:00,,0.34581805801388554,0
2026-08-06 13:07:00,,0.3322134434268218,0
2026-08-11 10:21:00,,0.351699627151493,0
2026-08-21 11:10:00,,0.3803238420097255,0
2026-06-23 13:51:00,,0.2785572919557144,0
2026-06-30 10:05:00,,0.3981751094600051,0
2026-07-16 14:16:00,,0.29211710647380573,0
2026-07-21 14:11:00,,0.26766891021956124,0
2026-07-29 10:15:00,,0.42530577504401984,1
2026-08-06 10:50:00,,0.4088335010497229,0
2026-08-12 14:06:00,,0.19120324205491782,0
2026-09-02 14:34:00,,0.15585795343626113,0
2026-05-29 11:12:00,,0.3398574372982833,0
2026-07-06 13:40:00,,0.23691050731329527,0
2026-07-13 11:18:00,,0.4237084423739603,0
2026-07-17 14:37:00,,0.446898111283404,0
2026-07-17 14:47:00,,0.5903311107655453,0
2026-07-30 13:39:00,,0.2869418341690639,0
2026-08-10 11:26:00,,0.265022707316284,1
2026-09-01 10:05:00,,0.35510634043561506,0
2026-05-21 13:54:00,,0.311917949286071,0
2026-05-21 14:32:00,,0.5045020107950975,1
2026-06-01 13:08:00,,0.4564137089651532,0
2026-06-15 10:07:00,,0.41359977675455895,0
2026-06-23 13:12:00,,0.3532022397120807,0
2026-07-01 10:13:00,,0.39147578034097535,1
2026-07-08 09:34:00,,0.43711708503199637,0
2026-07-13 10:43:00,,0.34681372752016604,0
2026-07-28 11:14:00,,0.3644857399001476,0
2026-07-31 14:10:00,,0.1850397144820188,0
2026-08-04 10:41:00,,0.3388732058448924,0
2026-08-21 10:15:00,,0.312732786839762,0
2026-08-27 14:29:00,,0.18260082189045287,0
2026-08-31 10:09:00,,0.3367075284518873,1
2026-06-01 13:49:00,,0.26195980623786635,0
2026-06-26 13:38:00,,0.28369750881255856,1
2026-07-27 13:45:00,,0.29960678500062954,0
2026-08-05 10:37:00,,0.35165427050812015,0
2026-08-10 14:04:00,,0.16492043922170735,0
2026-08-17 11:27:00,,0.23596981753741703,1
2026-08-21 09:30:00,,0.42750042532302,0
2026-08-24 14:19:00,,0.2441286487076023,0
2026-08-27 14:34:00,,0.15681790762697695,0
2026-06-24 14:16:00,,0.3135217720262301,1
2026-07-08 13:09:00,,0.3527922883868885,0
2026-07-16 11:28:00,,0.3677957094384536,0
2026-07-24 10:57:00,,0.33112666663605533,0
2026-08-13 14:38:00,,0.34961497235842465,0
2026-08-18 14:23:00,,0.2739725453782826,0
2026-08-20 10:38:00,,0.31850773111273456,0
2026-08-26 11:24:00,,0.3609854471904823,0
2026-06-04 10:14:00,,0.4304806160966914,0
2026-06-23 14:55:00,,0.23910949167598228,0
2026-07-20 13:57:00,,0.7813128000984705,0
2026-07-22 10:15:00,,0.410643947796911,0
2026-07-22 13:50:00,,0.27141783394653446,0
2026-07-27 13:33:00,,0.43259198976895236,1
2026-08-28 10:17:00,,0.41810864479183646,0
2026-06-10 11:12:00,,0.3684404878021284,0
2026-06-22 13:41:00,,0.2737915856579149,0
2026-07-20 14:42:00,,0.2665507128645153,1
2026-08-07 13:54:00,,0.30002075866431305,1
2026-08-07 14:24:00,,0.27382897215533153,1
2026-08-17 10:29:00,,0.3247382756543933,1
2026-08-18 13:23:00,,0.29657349218186513,0
2026-08-27 13:16:00,,0.3123577142035675,1
2026-05-28 14:21:00,,0.2837251649212813,1
2026-06-01 15:00:00,,0.31036053941728187,1
2026-06-15 14:55:00,,0.22552645693695828,0
2026-06-26 14:30:00,,0.28352934115591033,0
2026-07-16 13:42:00,,0.3168583367484972,0
2026-08-17 11:28:00,,0.2762266307566845,1
2026-09-03 13:15:00,,0.34169970330056565,1
2026-05-25 14:15:00,,0.2496956984428788,0
2026-06-08 13:11:00,,0.41599074291694754,0
2026-06-12 10:53:00,,0.4021506981211586,1
2026-06-15 15:00:00,,0.17040784016770125,1
2026-07-16 14:35:00,,0.39006359069929525,0
2026-08-28 09:43:00,,0.3484660699602415,0
2026-06-01 09:41:00,,0.3852347421498609,0
2026-06-24 11:19:00,,0.37344325683740415,0
2026-07-03 10:49:00,,0.41066834159833604,0
2026-07-09 14:29:00,,0.25241543619507956,1
2026-08-21 13:21:00,,0.34538530300981507,1
2026-08-24 13:10:00,,0.5313348183098772,0
2026-09-01 10:59:00,,0.3429330043458751,0
2026-05-27 14:42:00,,0.21510833766634166,0
2026-05-28 14:06:00,,0.3045340596951805,0
2026-06-03 14:59:00,,0.1589611499067807,0
2026-07-06 10:16:00,,0.4138312653153881,0
2026-07-17 13:59:00,,0.3222190614234639,0
2026-07-31 10:04:00,,0.39654590543221496,0
2026-08-13 10:41:00,,0.36058962684308,0
2026-06-10 14:24:00,,0.24488658228339397,0
2026-06-15 10:38:00,,0.3533785026107051,0
2026-06-18 14:55:00,,0.33319843766160195,0
2026-06-30 13:36:00,,0.3346275279592806,0
2026-07-31 11:05:00,,0.3567582754380612,0
2026-08-03 11:19:00,,0.3846083749648057,0
2026-08-03 13:19:00,,0.33004235161636125,0
2026-08-18 13:14:00,,0.32039038216074955,1
2026-08-28 13:47:00,,0.22068661490055644,0
2026-07-03 13:23:00,,0.25090112354768734,0
2026-07-22 11:10:00,,0.32702003784348305,0
2026-07-22 11:21:00,,0.26068077061251976,0
2026-08-20 10:00:00,,0.3054642430176706,0
2026-08-31 11:16:00,,0.2520335253749079,0
2026-09-03 11:20:00,,0.25204833749673033,1
2026-06-03 10:34:00,,0.34536443036439285,0
2026-06-26 09:30:00,,0.3551990027946078,0
2026-07-10 10:33:00,,0.4062976087177557,0
2026-07-14 13:45:00,,0.35560089382153176,1
2026-08-04 14:02:00,,0.16825042360010684,0
2026-08-06 10:06:00,,0.3579747791864842,1
2026-08-14 14:16:00,,0.2471112579832017,0
2026-08-19 13:29:00,,0.34481299888265554,0
2026-08-20 10:34:00,,0.3245389916079149,0
2026-08-24 10:39:00,,0.4132510154915629,0
2026-08-25 13:51:00,,0.3126140539042374,1
2026-08-27 14:09:00,,0.1997200258931263,0
2026-05-22 10:49:00,,0.33199699956189005,1
2026-05-27 09:41:00,,0.34840921427126065,1
2026-05-27 10:58:00,,0.3388800188124402,0
2026-06-01 13:17:00,,0.3091562440621336,0
2026-06-04 13:36:00,,0.2741939090139514,0
2026-06-11 10:55:00,,0.3631961014152275,1
2026-06-16 10:22:00,,0.3390202393350215,1
2026-06-16 14:42:00,,0.2194430548466763,0
2026-06-18 14:14:00,,0.3177003138949631,0
2026-06-23 14:07:00,,0.5323592779013141,1
2026-08-21 11:01:00,,0.38409931440148315,1
2026-08-24 10:05:00,,0.33103474678227107,0
2026-05-26 14:14:00,,0.26191228502050296,1
2026-05-29 14:46:00,,0.33407702481461443,0
2026-06-03 10:55:00,,0.38732824643057684,0
2026-06-03 13:38:00,,0.3289727708491946,0
2026-06-05 11:04:00,,0.4962609021603936,0
2026-07-20 14:23:00,,0.4471759043506928,0
2026-07-27 13:38:00,,0.3767918881934448,1
2026-08-13 13:10:00,,0.36052429703695266,0
2026-08-25 13:01:00,,0.34804246066977396,1
2026-08-25 13:38:00,,0.3680827117831076,1
2026-08-27 14:48:00,,0.20733337041012623,0
2026-08-31 13:22:00,,0.3701849071555664,0
2026-05-22 14:29:00,,0.26003694491306634,1
2026-06-16 09:33:00,,0.41788522122245303,1
2026-06-23 10:18:00,,0.35375061009842446,0
2026-06-26 13:06:00,,0.35091303013328434,0
2026-08-06 14:59:00,,0.1662160109677234,0
2026-08-07 14:44:00,,0.2422013586693211,0
2026-08-11 11:01:00,,0.31264314329833304,0
2026-08-25 14:33:00,,0.18561903306536237,0
2026-08-31 09:46:00,,0.38557932409785267,1
2026-09-01 14:59:00,,0.1756855754362279,0
2026-09-02 13:20:00,,0.31819481810047445,0
2026-06-02 14:29:00,,0.17052088481206804,0
2026-06-08 13:53:00,,0.314675321023725,0
2026-06-25 11:17:00,,0.3403042564998589,0
2026-07-01 13:12:00,,0.3986364177392855,0
2026-07-21 13:41:00,,0.3452744321183029,0
2026-08-03 10:22:00,,0.26554025657726643,0
2026-08-05 10:34:00,,0.3023844051609048,1
2026-08-18 09:53:00,,0.27151002087407544,0
2026-08-24 09:42:00,,0.3445951307944497,0
2026-08-24 11:29:00,,0.30928998441667344,0
2026-06-09 14:24:00,,0.23641043618311497,0
2026-06-11 14:52:00,,0.21246467994491075,0
2026-07-01 14:45:00,,0.19901658393775193,0
2026-07-10 10:41:00,,0.34103637314179397,0
2026-07-23 13:20:00,,0.3265946189475461,0
2026-07-29 09:36:00,,0.3791316927126836,0
2026-08-14 13:32:00,,0.2427453051574893,0
2026-05-22 10:14:00,,0.3383222838012154,1
2026-05-27 13:57:00,,0.3109536036338341,0
2026-06-10 11:18:00,,0.3980238409691609,0
2026-06-18 14:38:00,,0.26200327054371614,1
2026-07-09 09:53:00,,0.3630600456980555,1
2026-07-16 10:49:00,,0.36589916856750654,0
2026-07-28 14:06:00,,0.41836085650455407,0
2026-08-12 10:52:00,,0.3403269443226699,0
2026-08-24 10:07:00,,0.34945071783061965,0
2026-08-27 14:32:00,,0.2550067377476373,0
2026-08-28 11:25:00,,0.3924417509618436,0
2026-05-22 13:46:00,,0.21594625651353205,0
2026-05-27 09:46:00,,0.37981400297737966,1
2026-05-29 10:12:00,,0.36041265333105954,0
2026-06-03 14:39:00,,0.27950781911467787,0
2026-06-18 10:27:00,,0.33800369474472675,0
2026-07-17 14:49:00,,0.38627494205232277,0
2026-08-10 13:06:00,,0.26175195128470347,0
2026-08-28 10:54:00,,0.2547282035082867,0
2026-06-04 10:06:00,,0.41202428633321314,0
2026-06-04 10:45:00,,0.3107259772067653,0
2026-06-11 10:35:00,,0.4043936712971553,1
2026-06-17 09:57:00,,0.39170700065581504,1
2026-07-09 13:04:00,,0.3795516096206758,0
2026-07-10 10:34:00,,0.4112621638047146,0
2026-08-13 10:43:00,,0.3637146079979372,0
2026-05-25 14:13:00,,0.318958347990388,0
2026-05-28 10:50:00,,0.36461012973166296,0
2026-06-22 10:11:00,,0.40522721847042553,1
2026-06-30 10:12:00,,0.40299904643482676,0
2026-07-14 09:59:00,,0.4105337113975976,1
2026-07-21 11:26:00,,0.3543946245832523,0
2026-08-05 13:23:00,,0.2548842769695723,0
2026-08-07 14:53:00,,0.11905249215906509,1
2026-05-29 11:17:00,,0.28771614656109207,0
2026-06-10 10:14:00,,0.3359709792505036,0
2026-06-17 13:10:00,,0.31467880928865494,1
2026-06-18 13:19:00,,0.3262354135683934,0
2026-07-02 14:13:00,,0.2773012665169138,0
2026-07-08 10:03:00,,0.44407832232383876,0
2026-08-05 14:48:00,,0.12869381702806187,0
2026-08-17 14:37:00,,0.22019261984291832,0
2026-08-18 11:00:00,,0.313761286132282,0
2026-08-28 14:26:00,,0.20775992953117345,0
2026-05-27 10:05:00,,0.5005368650094368,1
2026-06-03 13:34:00,,0.34118671530212497,1
2026-06-09 10:55:00,,0.3901617480620236,0
2026-06-10 14:38:00,,0.35328260006103007,0
2026-06-12 10:29:00,,0.4508911384139075,0
2026-06-17 11:30:00,,0.33190101579255027,0
2026-07-13 11:08:00,,0.47262301771235854,0
2026-07-13 13:38:00,,0.45075986341639773,0
2026-08-12 11:15:00,,0.40353548157952535,0
2026-09-02 10:50:00,,0.35339376108088966,0
2026-05-28 09:40:00,,0.3542695839248122,1
2026-06-09 13:21:00,,0.2204333937993891,1
2026-06-24 09:51:00,,0.3788725656593605,0
2026-07-01 13:07:00,,0.3267987581054888,0
2026-07-13 10:10:00,,0.3445802540355472,0
2026-07-16 13:56:00,,0.2646059673737188,0
2026-07-31 10:27:00,,0.3045464802587881,1
2026-08-19 11:11:00,,0.2925217239076933,1
2026-05-22 14:20:00,,0.36375174905625673,0
2026-07-10 13:26:00,,0.43830801170120576,0
2026-07-31 13:03:00,,0.3343079822175643,0
2026-08-06 10:40:00,,0.346585606492845,0
2026-08-17 14:46:00,,0.18856307041573842,1
2026-08-27 10:48:00,,0.35380946122471224,0
2026-06-01 14:07:00,,0.25536072847618096,0
2026-06-11 09:30:00,,0.4858576967420728,1
2026-06-12 14:19:00,,0.27333248138644395,0
2026-06-15 10:48:00,,0.26743227883460874,0
2026-06-18 13:50:00,,0.30068653857980643,0
2026-07-15 14:33:00,,0.1990149962613616,0
2026-08-11 13:14:00,,0.3107630238384269,0
2026-08-13 10:01:00,,0.36903401331403257,0
2026-08-17 11:27:00,,0.2950414379390204,0
2026-08-17 14:01:00,,0.2348963734128805,0
2026-06-08 10:28:00,,0.3820860026193309,0
2026-06-12 10:18:00,,0.3754828814395839,1
2026-06-18 13:47:00,,0.3163082831576863,0
2026-08-10 13:38:00,,0.3214103260498223,1
2026-08-12 09:38:00,,0.3796595402035621,0
2026-08-14 14:06:00,,0.3187203913438381,1
2026-08-14 14:17:00,,0.3232827834368835,0
2026-08-18 09:34:00,,0.40371373286844975,0
2026-08-24 14:15:00,,0.4165976090383132,0
2026-08-27 11:23:00,,0.4919110136061099,1
2026-08-27 14:08:00,,0.2780870817485836,1
2026-05-29 10:51:00,,0.3845912985373622,0
2026-06-22 11:14:00,,0.3529705716529804,1
2026-07-06 09:44:00,,0.37083618630692283,1
2026-07-07 11:11:00,,0.33433218720362906,0
2026-07-13 11:21:00,,0.2722350885060106,0
2026-07-28 13:25:00,,0.34265401142124624,1
2026-08-25 14:23:00,,0.17449738503098353,0
2026-09-01 14:16:00,,0.22576710064308378,0
2026-05-28 10:02:00,,0.37703307395323366,0
2026-07-10 11:06:00,,0.3897146268383538,1
2026-07-23 13:13:00,,0.4015151375762437,1
2026-07-31 13:24:00,,0.29685370752960855,0
2026-08-10 14:58:00,,0.2037784873778882,0
2026-08-17 10:01:00,,0.34401865311204743,1
2026-05-25 13:25:00,,0.35648858311503595,0
2026-05-29 09:52:00,,0.39325832679040595,0
2026-06-08 13:13:00,,0.3712077365217962,0
2026-06-23 14:42:00,,0.33470509146639676,0
2026-07-27 13:45:00,,0.3043114258212128,1
2026-07-30 14:32:00,,0.3872450827266034,1
2026-08-05 10:56:00,,0.32163888904855725,0
2026-08-14 13:20:00,,0.28997268033906926,1
2026-08-26 13:10:00,,0.32173867383405313,0
2026-08-28 14:22:00,,0.21708796077070375,0
2026-07-10 13:16:00,,0.29992235817969853,0
2026-07-24 11:22:00,,0.3002643105172361,1
2026-07-24 13:55:00,,0.2923408053315034,0
2026-08-03 14:11:00,,0.18076934091011856,0
2026-09-01 10:52:00,,0.3236712404727808,0
2026-05-28 10:29:00,,0.32742358864676036,1
2026-06-02 14:40:00,,0.3159114048072046,0
2026-06-03 11:08:00,,0.3393095996085531,0
2026-06-24 09:51:00,,0.40412618391210087,0
2026-07-14 11:03:00,,0.4115638000237835,1
2026-07-23 13:01:00,,0.334342565987145,1
2026-07-30 13:47:00,,0.3525436477402885,1
2026-08-10 09:32:00,,0.4137971860698687,1
2026-08-11 13:59:00,,0.19359486970071826,0
2026-08-12 13:10:00,,0.35632362311092497,0
2026-09-01 09:35:00,,0.41226453539882624,0
2026-05-26 14:45:00,,0.16838548450449783,0
2026-07-02 14:00:00,,0.24269243394508624,1
2026-07-07 13:42:00,,0.3106990555200926,0
2026-07-10 13:33:00,,0.28118825180698614,0
2026-07-14 10:02:00,,0.40531581926615773,1
2026-07-20 10:36:00,,0.3798759143214872,0
2026-07-23 14:45:00,,0.17481473314885873,0
2026-08-11 13:07:00,,0.3368753845293521,1
2026-08-20 13:23:00,,0.22251954825337,0
2026-06-03 09:48:00,,0.41525566924674195,0
2026-06-24 13:50:00,,0.37162178751507036,0
2026-06-29 14:46:00,,0.2822701433029706,0
2026-07-01 14:08:00,,0.30759029430535,1
2026-07-01 14:50:00,,0.2167687743159509,1
2026-07-06 14:26:00,,0.2851238166571374,0
2026-07-15 11:05:00,,0.3899480540838677,1
2026-07-15 13:59:00,,0.30459330753601555,1
2026-07-16 10:32:00,,0.3940192352605644,0
2026-08-05 11:20:00,,0.3822562189168402,0
2026-08-05 11:28:00,,0.34688521402969996,0
2026-08-07 10:28:00,,0.42695174638288713,1
2026-08-14 13:02:00,,0.3486061150041235,1
2026-09-01 13:22:00,,0.2614107287091403,0
2026-09-03 13:18:00,,0.39506012165976834,0
2026-05-22 11:07:00,,0.3697492585179735,1
2026-05-27 09:37:00,,0.42629290723425983,0
2026-05-28 10:13:00,,0.38071367496734104,1
2026-06-15 14:42:00,,0.32478468868344523,0
2026-06-16 10:17:00,,0.3627474221264463,1
2026-07-21 11:16:00,,0.35957006464500846,0
2026-07-23 09:38:00,,0.43750529031529845,0
2026-06-02 09:32:00,,0.4088178058374925,0
2026-06-09 13:56:00,,0.3490027765723765,0
2026-06-12 14:17:00,,0.3882438025522703,0
2026-07-06 11:21:00,,0.449925956352592,0
2026-07-16 09:33:00,,0.45620073695398977,1
2026-07-17 13:18:00,,0.5832456548932426,0
2026-07-21 13:13:00,,0.3651384084762413,0
2026-07-24 14:34:00,,0.34489518796481633,0
2026-07-31 11:17:00,,0.39952076089314126,0
2026-08-04 10:36:00,,0.38944203438733377,1
2026-08-19 10:52:00,,0.3703007643721755,0
2026-05-28 10:20:00,,0.382333035203931,1
2026-06-15 11:13:00,,0.33827710624619955,0
2026-07-07 10:55:00,,0.3512825703637424,0
2026-07-21 14:33:00,,0.2126117512221544,1
2026-08-24 14:10:00,,0.23706243499591376,0
2026-08-25 13:15:00,,0.30484729195564947,1
2026-08-27 09:52:00,,0.409414318071487,0
2026-08-27 10:44:00,,0.3195321134259907,0
2026-07-28 13:10:00,,0.32556677353448144,0
2026-08-07 14:03:00,,0.21246225595316473,0
2026-08-25 14:43:00,,0.16661155099625213,0
2026-06-24 11:06:00,,0.3607564630031761,0
2026-07-27 10:34:00,,0.4056396742979125,0
2026-08-18 10:31:00,,0.3439343978072615,0
2026-08-25 10:52:00,,0.402074756217772,1
2026-06-04 13:08:00,,0.24544849285392753,0
2026-06-17 10:13:00,,0.2907382804255884,0
2026-06-18 14:06:00,,0.24968329248233498,0
2026-07-08 11:29:00,,0.2877854360724196,0
2026-07-09 10:06:00,,0.3104214984525232,0
2026-07-27 10:48:00,,0.31401645616358737,1
2026-07-28 10:33:00,,0.29049811372400114,0
2026-08-04 10:47:00,,0.25112610121800855,0
2026-08-17 09:39:00,,0.3380819662883449,1
2026-08-20 10:30:00,,0.30329394457342146,0
2026-05-21 10:33:00,,0.27478517085635934,0
2026-06-04 14:08:00,,0.2648468851170139,0
2026-06-08 10:00:00,,0.3260783651912402,0
2026-06-25 11:08:00,,0.344983047583564,0
2026-06-29 14:33:00,,0.2564578485102221,0
2026-07-09 10:44:00,,0.3621904117618767,1
2026-07-10 14:49:00,,0.29213877795564247,0
2026-07-27 10:11:00,,0.37525179274058407,0
2026-08-24 13:05:00,,0.3480229157392409,1
2026-08-25 14:37:00,,0.23391963219999168,0
2026-08-27 09:37:00,,0.4003662097338674,0
2026-09-01 14:43:00,,0.1414737360663552,0
2026-05-25 14:40:00,,0.1728639283165164,0
2026-06-04 14:49:00,,0.2198178845919557,0
2026-06-24 14:11:00,,0.3001491131235964,0
2026-07-08 14:25:00,,0.2500107659495874,0
2026-07-14 09:52:00,,0.4004352482352251,1
2026-07-15 11:19:00,,0.35902990581088456,1
2026-07-15 14:15:00,,0.1658841891366165,1
2026-07-27 14:50:00,,0.1845693424920161,0
2026-05-25 10:53:00,,0.2692776159101094,0
2026-06-22 14:17:00,,0.24298061510184532,1
2026-06-26 09:57:00,,0.3758936575361246,0
2026-07-10 14:42:00,,0.3175562825807387,0
2026-07-21 13:22:00,,0.44532297600692716,0
2026-07-28 09:45:00,,0.40973894857800847,0
2026-07-30 10:04:00,,0.4038519648684819,0
2026-08-04 14:59:00,,0.10899129012584675,0
2026-08-11 10:47:00,,0.2817042531131826,0
2026-05-22 14:08:00,,0.2487111852232752,0
2026-05-26 13:26:00,,0.39836859747968467,1
2026-05-26 15:00:00,,0.23804242229076483,0
2026-05-27 14:04:00,,0.28347692933620805,0
2026-07-03 14:40:00,,0.25010642687627177,0
2026-07-07 14:30:00,,0.20151998653537748,1
2026-07-27 11:04:00,,0.2737046178008258,1
2026-08-14 14:09:00,,0.17969700277779338,0
2026-08-17 09:49:00,,0.37629181706634585,0
2026-08-20 10:38:00,,0.34109214036540286,0
2026-08-27 10:04:00,,0.29742436849632753,1
2026-09-02 14:32:00,,0.1358936007682404,0
2026-05-27 11:08:00,,0.36006593054863917,0
2026-06-01 14:40:00,,0.24329350578303496,1
2026-06-24 13:08:00,,0.3389874963381576,0
2026-07-03 14:28:00,,0.30193634300747907,0
2026-07-23 11:21:00,,0.4015804669310425,0
2026-07-28 11:09:00,,0.38311676300436087,0
2026-08-03 09:54:00,,0.40085117222356864,1
2026-08-04 09:44:00,,0.40606272826065093,1
2026-08-11 10:04:00,,0.398804111094253,1
2026-05-21 10:16:00,,0.305916213540433,0
2026-05-28 10:44:00,,0.33299779746380803,0
2026-06-10 09:42:00,,0.39155105300362186,0
2026-06-12 10:43:00,,0.3568651944058698,0
2026-06-15 11:22:00,,0.4225208579638369,0
2026-07-03 14:23:00,,0.3032098845352428,0
2026-07-10 14:28:00,,0.2390472791694952,0
2026-09-02 13:25:00,,0.3055713539629522,1
2026-07-02 09:50:00,,0.43553080275072104,0
2026-07-22 09:57:00,,0.41117904331431526,1
2026-08-25 14:32:00,,0.3620299180295928,1
2026-05-26 09:55:00,,0.382132931709668,0
2026-06-02 14:36:00,,0.2393838379347582,0
2026-06-17 14:57:00,,0.15638960856709294,0
2026-06-26 11:00:00,,0.32370960479553784,1
2026-07-08 10:44:00,,0.4076391857451632,0
2026-07-09 09:53:00,,0.3301393331492463,1
2026-07-14 13:18:00,,0.33561150018816954,1
2026-07-17 09:44:00,,0.39024153550952784,0
2026-07-22 10:33:00,,0.41613536114859145,1
2026-07-23 13:15:00,,0.36661518899300827,0
2026-07-31 14:45:00,,0.42407450114639783,0
2026-08-12 10:47:00,,0.38752221245154256,0
2026-08-12 14:53:00,,0.1887220235460972,0
2026-08-26 10:18:00,,0.39494371730733235,0
2026-09-02 10:51:00,,0.38652930994940177,0
2026-05-28 14:23:00,,0.2883622341554256,0
2026-06-03 11:03:00,,0.32933745016381727,0
2026-06-09 11:12:00,,0.3822042158494337,0
2026-07-14 10:07:00,,0.45916399870110913,1
2026-07-22 13:11:00,,0.3740759741485737,0
2026-07-30 13:15:00,,0.4515089204015303,0
2026-08-06 13:01:00,,0.34691587158550896,1
2026-08-19 11:13:00,,0.3140199768078709,0
2026-08-24 09:40:00,,0.41566675269019443,0
2026-06-03 14:46:00,,0.2748417862441959,0
2026-06-08 10:28:00,,0.3637662658580951,0
2026-07-10 14:14:00,,0.3404472709719548,0
2026-07-15 14:57:00,,0.1823275525784672,0
2026-07-22 11:13:00,,0.3434159609530596,0
2026-07-27 14:30:00,,0.27840320171499444,0
2026-08-05 14:59:00,,0.18136354272513497,0
2026-08-06 10:30:00,,0.41186428673839826,1
2026-08-06 13:56:00,,0.3468467275837633,1
2026-06-24 10:44:00,,0.43149475337851795,0
2026-07-22 13:03:00,,0.3307955715850227,0
2026-08-11 13:32:00,,0.29824708122488697,0
2026-06-08 11:06:00,,0.39463927280713035,0
2026-06-15 14:12:00,,0.22865129251090388,0
2026-06-25 11:05:00,,0.34828429560476176,0
2026-08-04 10:03:00,,0.3707870511974012,0
2026-08-13 09:41:00,,0.3569810369522771,0
2026-08-26 11:07:00,,0.3066617471491343,0
2026-09-01 13:29:00,,0.27323284596621594,0
2026-09-01 14:48:00,,0.12194435727887384,0
2026-06-05 09:37:00,,0.4601848111573265,0
2026-06-15 09:51:00,,0.37293708276579446,1
2026-05-26 10:08:00,,0.3448653027868283,1
2026-06-02 10:08:00,,0.35118364150065823,1
2026-06-02 10:32:00,,0.34753412123461325,1
2026-06-04 14:11:00,,0.20795229900212034,1
2026-06-17 09:53:00,,0.38723474569514493,0
2026-07-30 14:01:00,,0.4225738083262327,1
2026-09-01 13:27:00,,0.28831152799183435,0
2026-09-01 13:38:00,,0.2762348624840985,0
2026-05-25 14:08:00,,0.36942309528594425,1
2026-05-28 09:42:00,,0.39660538639203374,0
2026-06-18 10:28:00,,0.42017413794836983,0
2026-07-01 14:43:00,,0.26327172838994983,1
2026-07-09 10:15:00,,0.3877002236619183,0
2026-07-09 13:36:00,,0.3036814917713537,1
2026-08-17 14:19:00,,0.21643003084567683,0
2026-08-20 13:39:00,,0.3594239744124456,0
2026-05-25 13:42:00,,0.3156320725608193,1
2026-06-02 11:02:00,,0.3794902327880229,1
2026-06-03 10:16:00,,0.39727251535184005,0
2026-06-08 09:38:00,,0.48661765987153704,0
2026-06-08 13:12:00,,0.32907814299447896,0
2026-06-11 13:10:00,,0.3810974335262846,1
2026-07-09 09:31:00,,0.38197755086848534,0
2026-07-30 13:03:00,,0.3965631848752255,1
2026-08-25 09:42:00,,0.3821309632985987,0
2026-08-27 11:02:00,,0.33223559567315586,1
2026-05-22 10:34:00,,0.36454948342923454,1
2026-05-27 13:59:00,,0.32825972511928225,0
2026-07-01 13:40:00,,0.26295876699878556,0
2026-07-22 09:59:00,,0.3258749604049167,1
2026-07-27 10:49:00,,0.3123579989185869,1
2026-08-19 14:43:00,,0.343816920951137,1
2026-09-03 10:33:00,,0.2856857294414944,1
2026-09-03 13:59:00,,0.2129137405158624,1
2026-05-26 13:51:00,,0.3803549394320528,0
2026-05-28 13:09:00,,0.3713472277089283,1
2026-06-03 13:39:00,,0.309499649709303,0
2026-06-04 14:09:00,,0.2569032214386571,0
2026-06-17 14:22:00,,0.29179536173544834,1
2026-07-03 11:08:00,,0.379333758767922,1
2026-07-14 10:48:00,,0.3651377879553787,0
2026-07-22 10:26:00,,0.36377015533661433,1
2026-08-18 10:00:00,,0.3594681831803883,0
2026-08-28 11:28:00,,0.2776846947933741,0
2026-06-30 09:38:00,,0.38229487246896304,1
2026-07-28 13:56:00,,0.35439695553595973,0
2026-08-10 14:20:00,,0.25328232728210776,1
2026-08-28 13:34:00,,0.28113886932249993,0
2026-08-31 13:14:00,,0.31882390735329447,1
2026-06-01 11:05:00,,0.3835299034712848,0
2026-06-12 14:30:00,,0.24991622591620613,0
2026-06-23 11:00:00,,0.3869499200485797,1
2026-08-05 10:45:00,,0.38482059164232085,0
2026-08-18 11:06:00,,0.29801683285688235,0
2026-08-20 09:54:00,,0.3997689393041113,0
2026-08-20 13:16:00,,0.3873762400553539,0
2026-08-21 11:14:00,,0.3493839446704018,1
2026-08-21 14:57:00,,0.2182223249570982,1
2026-09-01 09:43:00,,0.38263156897902456,0
2026-09-03 13:58:00,,0.30463935488530686,1
2026-05-26 10:23:00,,0.34331355664449864,1
2026-05-29 14:01:00,,0.31281513224556684,0
2026-06-11 10:21:00,,0.3453689933562192,1
2026-06-15 14:20:00,,0.2819419605990063,0
2026-06-18 13:55:00,,0.19489036344960894,0
2026-06-24 09:37:00,,0.40593052350735137,0
2026-07-06 09:39:00,,0.3625673817240145,0
2026-07-09 10:52:00,,0.39531607532326807,1
2026-07-20 10:24:00,,0.39314524778749343,0
2026-08-24 14:45:00,,0.17876383598148626,0
2026-06-01 09:45:00,,0.3871759246407157,1
2026-06-23 09:52:00,,0.4009981730020249,0
2026-06-26 13:01:00,,0.4252642689413701,0
2026-07-07 14:28:00,,0.31164628399147065,0
2026-07-08 14:59:00,,0.18303260470177832,0
2026-07-14 14:40:00,,0.22508803640571215,0
2026-07-31 10:46:00,,0.36183742999937857,0
2026-08-06 14:33:00,,0.2016560256612282,0
2026-08-24 10:43:00,,0.36087712242853953,0
2026-05-26 10:52:00,,0.38866580750339463,0
2026-06-17 13:43:00,,0.3099495086712011,0
2026-06-18 10:42:00,,0.38984709420884817,0
2026-06-24 09:46:00,,0.451274910402159,0
2026-06-30 10:29:00,,0.37441399688498517,1
2026-06-30 13:04:00,,0.375080533357145,1
2026-07-14 10:58:00,,0.45538451799483987,1
2026-07-17 13:08:00,,0.4072224183138685,0
2026-07-27 09:58:00,,0.4051946289816419,1
2026-08-04 10:01:00,,0.3891610092919475,1
2026-08-18 14:28:00,,0.1590053627283087,0
2026-08-28 10:54:00,,0.4027044876981663,0
2026-06-16 09:45:00,,0.3605019289341223,0
2026-06-30 14:20:00,,0.2697279814422442,0
2026-07-01 10:10:00,,0.37582711100689686,0
2026-07-31 14:12:00,,0.3682330566582898,0
2026-08-05 13:16:00,,0.3634595086225359,0
2026-08-13 11:13:00,,0.3948623727519317,0
2026-06-05 13:44:00,,0.3252258990960145,0
2026-07-03 13:52:00,,0.3364930636936986,0
2026-07-06 10:30:00,,0.34648453243626265,0
2026-07-14 13:23:00,,0.44421862836507503,0
2026-07-16 11:18:00,,0.47433728160600225,0
2026-07-22 14:27:00,,0.5178830924520861,0
2026-08-10 13:59:00,,0.304852691881767,1
2026-05-25 09:35:00,,0.35208903390931134,0
2026-06-02 14:00:00,,0.31439925906268007,0
2026-06-02 14:22:00,,0.32606423951001134,0
2026-06-04 10:50:00,,0.30659904579081226,0
2026-06-08 10:53:00,,0.38936511366480436,0
2026-06-12 14:33:00,,0.23204421390413504,0
2026-06-22 11:20:00,,0.34608573119701574,1
2026-07-14 11:18:00,,0.40133445037958154,1
2026-08-20 14:05:00,,0.31606592230437996,0
2026-08-24 10:38:00,,0.34058294536416167,0
2026-08-31 10:36:00,,0.3615186556974452,1
2026-06-02 13:14:00,,0.3178252958373405,0
2026-06-17 09:45:00,,0.39517264175684036,0
2026-06-30 11:28:00,,0.4061564128956852,1
2026-06-30 13:48:00,,0.3381106437478658,1
2026-07-02 14:05:00,,0.20911288889231713,1
2026-07-14 13:17:00,,0.3314407523586317,1
2026-07-20 14:04:00,,0.31173081414458437,1
2026-07-21 14:51:00,,0.24613339493713002,0
2026-08-10 10:18:00,,0.39820095779690123,1
2026-08-21 11:04:00,,0.3223987198115316,0
2026-07-16 13:15:00,,0.3678524209521279,0
2026-08-17 14:18:00,,0.3159877003933987,0
2026-09-01 10:54:00,,0.2868946932393764,0
2026-06-10 11:09:00,,0.3899660557379285,1
2026-06-15 13:32:00,,0.2753009959986253,0
2026-06-26 09:47:00,,0.38674417667375427,0
2026-07-01 09:57:00,,0.43003775222119245,1
2026-08-10 13:06:00,,0.2865066962591792,1
2026-08-24 14:28:00,,0.3093648721460608,0
2026-09-03 13:07:00,,0.31503002205242625,0
2026-06-22 13:22:00,,0.2944698152642066,1
2026-06-25 11:03:00,,0.34705929327868723,0
2026-07-01 13:29:00,,0.2975016346141261,0
2026-07-02 14:30:00,,0.21000719982244537,1
2026-07-13 14:46:00,,0.29534538936145144,1
2026-07-15 11:02:00,,0.36354847269691754,0
2026-07-28 11:09:00,,0.3879909900907039,1
2026-08-10 13:50:00,,0.3150534145472237,1
2026-08-11 13:38:00,,0.3257499312804924,0
2026-08-27 14:15:00,,0.17931497656598733,0
2026-05-27 10:30:00,,0.3466302516967955,0
2026-07-28 11:20:00,,0.3981670321725124,0
2026-08-25 14:48:00,,0.19400006811195383,0
2026-06-12 11:00:00,,0.339576185101318,1
2026-06-16 14:13:00,,0.35193269163503893,0
2026-06-18 11:21:00,,0.383773905877638,0
2026-07-06 14:10:00,,0.38314318972054523,1
2026-07-15 10:35:00,,0.38046425788095095,0
2026-07-29 10:47:00,,0.4397128104649024,1
2026-08-12 09:58:00,,0.3794602504228857,1
2026-08-13 13:35:00,,0.3206588350537241,0
2026-08-14 10:40:00,,0.3444131319563929,1
2026-08-21 09:50:00,,0.38841020525347975,0
2026-06-23 09:42:00,,0.3449413610408728,0
2026-06-23 13:52:00,,0.20886355050846772,0
2026-06-26 14:23:00,,0.2751007222089815,0
2026-07-23 09:55:00,,0.3648638675814743,1
2026-08-04 09:43:00,,0.3363709293469689,0
2026-08-26 14:19:00,,0.18433617281735773,1
2026-08-27 11:18:00,,0.262151099538438,0
2026-08-31 14:05:00,,0.24492873622181935,0
2026-06-17 10:27:00,,0.31717362868496146,0
2026-06-17 11:02:00,,0.38092904919019344,0
2026-06-23 11:02:00,,0.3751610145464374,0
2026-07-09 13:59:00,,0.2950470760902304,0
2026-08-07 13:52:00,,0.29328380613222504,0
2026-08-19 09:57:00,,0.3565415894444585,0
2026-08-27 13:54:00,,0.19158486977198988,1
2026-06-23 11:05:00,,0.27038300728603104,0
2026-06-25 14:19:00,,0.21498580265926803,0
2026-07-13 14:13:00,,0.5207305505947967,0
2026-08-27 14:17:00,,0.16842468462862456,0
2026-05-29 13:04:00,,0.3654803028720111,1
2026-06-11 09:40:00,,0.3815934724025704,0
2026-07-02 13:05:00,,0.28378746188398146,0
2026-07-03 14:30:00,,0.2537647731302306,0
2026-07-14 09:30:00,,0.3580269510946205,0
2026-08-25 14:53:00,,0.24294092962665137,1
2026-05-26 10:38:00,,0.4315179290253345,0
2026-06-02 14:33:00,,0.33284801010766885,0
2026-06-04 13:02:00,,0.3464660672743283,0
2026-06-25 09:44:00,,0.44131675822191085,0
2026-06-26 10:53:00,,0.3526160006537285,1
2026-07-06 10:39:00,,0.3755260219166307,0
2026-07-20 13:18:00,,0.5918320117822408,0
2026-08-13 10:10:00,,0.3866803173013384,0
2026-08-17 13:36:00,,0.27316942104571795,0
2026-08-26 09:55:00,,0.37727082032020504,0
2026-05-25 09:53:00,,0.36420747876610193,0
2026-06-02 11:15:00,,0.4124202236939671,0
2026-06-10 13:44:00,,0.2966295760606962,0
2026-06-10 14:20:00,,0.26386838058127804,0
2026-06-15 10:05:00,,0.3670550934582514,0
2026-07-02 10:25:00,,0.34385959216181655,0
2026-08-17 10:39:00,,0.3109796117949458,1
2026-08-24 14:14:00,,0.3539293936814188,0
2026-08-25 11:04:00,,0.34874960483261597,1
2026-06-04 11:29:00,,0.32173870058472986,1
2026-06-16 11:17:00,,0.3498021054922364,1
2026-07-09 09:45:00,,0.3681413311675957,1
2026-07-10 14:13:00,,0.3270120994694391,0
2026-07-16 13:50:00,,0.3484859732239545,1
2026-07-27 14:54:00,,0.16109589273639996,0
2026-08-14 13:30:00,,0.28594279939029266,1
2026-08-14 13:38:00,,0.3105482286086782,1
2026-08-20 14:37:00,,0.17975389880617987,0
2026-05-28 10:23:00,,0.3394486876560373,1
2026-06-12 09:51:00,,0.37794485526744737,0
2026-06-15 10:50:00,,0.30115042628632893,1
2026-06-25 11:03:00,,0.4176179618779357,0
2026-06-30 14:24:00,,0.1662938700393731,0
2026-07-03 10:39:00,,0.36341189178895483,0
2026-07-16 13:15:00,,0.37401311009936794,0
2026-07-29 09:54:00,,0.33535224184344614,1
2026-07-29 13:37:00,,0.24736663055422128,0
2026-08-03 13:48:00,,0.329540668219907,1
2026-08-10 09:33:00,,0.3963048294045295,1
2026-06-24 11:12:00,,0.33115709596225074,0
2026-06-30 11:21:00,,0.25263568847832063,1
2026-07-10 09:53:00,,0.31614868451437794,0
2026-07-14 13:14:00,,0.32143704927151656,1
2026-07-24 09:35:00,,0.4092536742671721,0
2026-08-04 10:16:00,,0.36294713892073965,1
2026-08-18 11:19:00,,0.31619085567676614,0
2026-08-19 09:37:00,,0.37599938416405854,1
2026-09-01 14:48:00,,0.24693154245978152,0
2026-06-12 14:42:00,,0.2172976253047578,0
2026-06-26 10:56:00,,0.4795110110248009,0
2026-07-22 09:31:00,,0.4811373348171194,0
2026-08-06 10:43:00,,0.3709959221892327,0
2026-08-13 10:15:00,,0.4470652420579226,1
2026-08-18 13:45:00,,0.2799831620009332,1
2026-09-02 13:35:00,,0.38467936802184605,0
2026-06-17 14:50:00,,0.22362514189596247,0
2026-06-23 11:11:00,,0.35144308732157853,0
2026-06-26 10:53:00,,0.39012869464210803,0
2026-06-29 13:07:00,,0.3864664775209718,0
2026-07-06 13:32:00,,0.282651799833157,0
2026-07-16 10:20:00,,0.3280552213984916,1
2026-08-10 14:28:00,,0.27601901010043556,0
2026-08-13 13:46:00,,0.2982637708326818,0
2026-08-17 11:12:00,,0.3856099424490571,0
2026-05-26 11:26:00,,0.21946934237176025,0
2026-05-26 13:37:00,,0.21887385286184174,0
2026-06-01 14:25:00,,0.2047982735611268,1
2026-06-04 09:44:00,,0.28877420394259584,0
2026-06-08 13:31:00,,0.26898858686654364,1
2026-06-12 14:37:00,,0.14244319225888527,0
2026-07-14 11:26:00,,0.28081667055236653,1
2026-07-15 13:23:00,,0.29852968168383165,0
2026-07-15 14:07:00,,0.19759452144846135,0
2026-07-16 14:58:00,,0.14627496820709113,0
2026-08-10 14:35:00,,0.19812809259365075,0
2026-08-10 14:48:00,,0.22771055540948035,0
2026-08-24 11:13:00,,0.2742177440013702,0
2026-08-26 13:57:00,,0.1975696432750746,0
2026-05-25 10:57:00,,0.3091920772858694,1
2026-06-03 14:29:00,,0.3333617678864897,1
2026-06-08 14:50:00,,0.2904882069059552,1
2026-06-23 11:12:00,,0.336048015667031,0
2026-06-29 15:00:00,,0.21163996412296884,0
2026-07-29 13:15:00,,0.28801846612768794,0
2026-07-30 14:24:00,,0.3816297741928447,0
2026-08-21 09:55:00,,0.4385461899372415,0
2026-06-03 13:13:00,,0.35580946842801037,0
2026-06-16 14:44:00,,0.23639150408346923,0
2026-07-08 13:23:00,,0.36822353977652017,0
2026-07-10 13:32:00,,0.3971113409669074,0
2026-07-22 09:51:00,,0.36435057366002505,0
2026-07-29 13:51:00,,0.39065010365485103,0
2026-08-14 09:36:00,,0.42204742591306565,0
2026-08-19 11:25:00,,0.3816472801153001,1
2026-08-20 11:30:00,,0.3571102167062629,0
2026-08-24 14:40:00,,0.33302053948457416,0
2026-05-27 13:29:00,,0.38000512114778373,0
2026-05-28 10:15:00,,0.37811066586229414,1
2026-06-08 13:46:00,,0.36699300611684904,1
2026-06-16 10:53:00,,0.32363229521761455,0
2026-06-17 09:31:00,,0.4543920953746832,0
2026-06-22 09:43:00,,0.4185816421312218,1
2026-06-22 14:31:00,,0.2971361180910998,0
2026-06-25 10:34:00,,0.4127581122583102,0
2026-07-03 11:30:00,,0.368771480498389,0
2026-07-10 09:31:00,,0.3578713530689776,1
2026-07-20 14:49:00,,0.3995572324588719,1
2026-07-30 10:42:00,,0.375492122776192,0
2026-08-10 10:10:00,,0.3762359681409697,1
2026-08-24 11:05:00,,0.43662773554161133,0
2026-09-01 10:16:00,,0.4007812541573897,0
2026-06-01 11:28:00,,0.4131008144882868,0
2026-06-16 10:47:00,,0.37976765443014243,0
2026-07-14 14:10:00,,0.3760963114421797,0
2026-07-20 14:58:00,,0.44552504498809037,0
2026-08-13 13:28:00,,0.20559194608777237,0
2026-08-17 13:08:00,,0.2708112814887723,0
2026-08-28 13:55:00,,0.29352316369832143,1
2026-06-10 10:06:00,,0.37882793948382154,1
2026-07-28 09:54:00,,0.4405764255911679,0
2026-07-31 13:25:00,,0.41609330942511635,0
2026-08-06 14:28:00,,0.28172629123382553,1
2026-08-21 13:31:00,,0.4015860349567176,0
2026-08-28 14:28:00,,0.18560174128959783,1
2026-05-28 11:10:00,,0.33257890447168936,1
2026-06-15 13:48:00,,0.2640463631308374,0
2026-07-23 13:48:00,,0.5120840209758092,1
2026-08-26 13:24:00,,0.31780867126377327,0
2026-06-22 09:52:00,,0.3836171940100798,1
2026-07-13 14:58:00,,0.3244785057705499,0
2026-07-29 11:13:00,,0.42168089726538327,0
2026-07-31 13:04:00,,0.4237954822747436,0
2026-09-02 09:45:00,,0.4115707152222081,1
2026-06-03 14:38:00,,0.32855128444158316,0
2026-06-05 10:30:00,,0.40021900073201216,1
2026-06-24 14:37:00,,0.40947707953306306,0
2026-08-05 11:28:00,,0.2935178446875555,0
2026-08-14 09:44:00,,0.40272994821471025,1
2026-08-20 10:40:00,,0.39662610617953753,0
2026-05-27 13:53:00,,0.2961871577896017,1
2026-06-03 09:49:00,,0.3805191627061794,0
2026-06-22 11:07:00,,0.3632486385109177,0
2026-06-24 14:06:00,,0.253397953542835,0
2026-06-29 10:28:00,,0.34352317956894807,0
2026-07-20 13:23:00,,0.29920380722853107,0
2026-07-21 11:22:00,,0.32824606035292364,0
2026-07-24 10:38:00,,0.3154843665533496,0
2026-08-14 10:40:00,,0.3350893744296262,1
2026-08-28 09:31:00,,0.3712276639758477,0
2026-05-29 10:07:00,,0.362436171545775,0
2026-06-25 14:50:00,,0.15117316925441268,0
2026-06-29 10:29:00,,0.35652304344722463,1
2026-06-30 13:16:00,,0.3164821758282702,1
2026-07-16 11:04:00,,0.33503514436379817,0
2026-07-27 10:11:00,,0.34928578581822656,0
2026-08-03 11:27:00,,0.36265653637810064,1
2026-05-29 09:46:00,,0.3589876577376799,0
2026-06-05 09:48:00,,0.4036442183553926,0
2026-07-01 11:27:00,,0.3592695508282092,0
2026-07-06 14:52:00,,0.30997182248186,0
2026-07-27 13:37:00,,0.38119512842366104,1
2026-08-12 14:12:00,,0.24193935405608394,1
2026-08-26 10:06:00,,0.45481506768198693,1
2026-05-22 09:54:00,,0.4202176233291738,0
2026-05-25 14:59:00,,0.1602248617680498,0
2026-06-16 13:27:00,,0.4039964886073182,1
2026-07-08 10:02:00,,0.4131847239635933,0
2026-07-20 09:50:00,,0.40823204098953175,0
2026-08-05 13:57:00,,0.27488936918037643,1
2026-08-12 10:38:00,,0.3285674706496872,0
2026-08-19 09:43:00,,0.3511656522454437,0
2026-06-26 14:10:00,,0.2578603246832065,0
2026-07-06 13:27:00,,0.2689686341960973,0
2026-07-31 14:18:00,,0.3102577971613536,0
2026-08-05 14:09:00,,0.3019713678541038,0
2026-08-10 10:02:00,,0.35746994431374174,0
2026-08-12 10:28:00,,0.3420900634305787,1
2026-08-20 11:19:00,,0.35016547318013547,0
2026-09-02 10:20:00,,0.37429802318046407,1
2026-06-09 13:52:00,,0.2591698439992317,0
2026-06-18 14:56:00,,0.18341215626508128,0
2026-06-29 10:09:00,,0.40188044153712216,0
2026-07-08 13:04:00,,0.40589195657642657,1
2026-07-14 09:51:00,,0.41255285483273835,0
2026-07-16 13:13:00,,0.45259677459361347,0
2026-07-17 09:53:00,,0.4116578675603804,0
2026-07-31 13:47:00,,0.3192787765105718,0
2026-06-17 09:56:00,,0.374724740278853,1
2026-06-23 13:40:00,,0.30536043919519346,0
2026-06-23 13:59:00,,0.28859073547668024,0
2026-07-01 10:04:00,,0.36550034815239213,0
2026-07-07 13:12:00,,0.3282556061775737,1
2026-08-03 13:44:00,,0.30838753865024676,1
2026-08-04 10:59:00,,0.34085674549428413,1
2026-08-07 11:14:00,,0.38098705529998933,1
2026-08-21 14:35:00,,0.20041035017335393,0
2026-09-01 09:44:00,,0.3627171684134288,0
2026-09-01 13:15:00,,0.30934965969429085,0
2026-09-03 10:07:00,,0.35290835886859645,1
2026-06-26 13:16:00,,0.294292831619222,0
2026-07-20 11:13:00,,0.36010865536762593,0
2026-07-30 13:02:00,,0.30387938071998205,1
2026-08-07 14:16:00,,0.29174566186776724,0
2026-08-13 13:11:00,,0.257698216673761,0
2026-08-13 13:19:00,,0.31909380444079083,0
2026-09-02 09:32:00,,0.3524340973990399,1
2026-06-01 14:30:00,,0.25833768940933677,0
2026-06-25 10:44:00,,0.4292963246284018,0
2026-06-26 11:13:00,,0.47477601912389605,0
2026-06-30 10:16:00,,0.43029689055605863,1
2026-07-08 13:46:00,,0.5481712234871559,0
2026-07-16 13:28:00,,0.4417837971543165,0
2026-08-06 09:40:00,,0.37623909631234975,0
2026-08-10 14:06:00,,0.27183482669266185,1
2026-08-18 10:37:00,,0.3747661707285895,0
2026-08-21 11:09:00,,0.4289327586591983,1
2026-09-01 10:17:00,,0.3006466749794021,0
2026-09-03 10:16:00,,0.40379570116277863,1
2026-05-22 14:15:00,,0.26501637649117393,0
2026-06-15 14:42:00,,0.1751546806167508,0
2026-06-25 13:31:00,,0.36148842676512866,0
2026-07-31 10:42:00,,0.2375034886537628,1
2026-08-13 10:56:00,,0.3131386372893933,1
2026-08-14 10:18:00,,0.3311727773145725,0
2026-08-21 14:50:00,,0.1852371124705386,0
2026-08-26 13:12:00,,0.270885951699618,0
2026-07-27 10:14:00,,0.42688025384943734,0
2026-07-27 14:43:00,,0.18232478012948658,0
2026-08-05 13:38:00,,0.2884827537982659,0
2026-05-21 10:20:00,,0.32809945052004497,0
2026-06-03 10:00:00,,0.4349087432200866,0
2026-06-09 14:53:00,,0.2597761804046003,0
2026-07-01 14:47:00,,0.16191183284779082,0
2026-07-14 14:22:00,,0.35245781384292796,1
2026-07-29 09:47:00,,0.41834389672152095,1
2026-07-30 11:21:00,,0.502254573622964,1
2026-07-30 14:07:00,,0.38837248573535005,0
2026-08-10 11:24:00,,0.402728034591129,1
2026-08-21 13:15:00,,0.27346417320559374,1
2026-06-16 10:36:00,,0.30901495219152814,0
2026-06-29 14:20:00,,0.23112632977162254,0
2026-07-06 10:24:00,,0.34234868715417394,0
2026-07-10 09:42:00,,0.3356992332768273,0
2026-07-13 11:27:00,,0.3519000148530738,0
2026-08-31 10:24:00,,0.2705846754577739,1
2026-09-03 11:22:00,,0.23524060932335733,0
2026-05-28 09:45:00,,0.36295534911271954,0
2026-06-09 10:34:00,,0.40657112314732763,1
2026-07-02 09:50:00,,0.3890001770036315,1
2026-07-03 13:09:00,,0.29168052867514177,0
2026-07-09 14:34:00,,0.2232083160627202,1
2026-07-16 09:43:00,,0.3736676328633845,1
2026-07-22 10:08:00,,0.40773948054416687,0
2026-08-12 11:01:00,,0.3360165300847305,0
2026-08-31 14:24:00,,0.2975302909916077,1
2026-05-22 14:20:00,,0.2892011155822345,1
2026-05-25 09:58:00,,0.34282207085570154,1
2026-05-27 10:15:00,,0.3957215268391637,0
2026-06-01 11:08:00,,0.3550207535234655,1
2026-06-29 14:47:00,,0.46863292826899255,0
2026-07-20 11:01:00,,0.28659525130348057,1
2026-07-22 14:12:00,,0.3195218105930692,1
2026-07-23 13:20:00,,0.3467635618819816,1
2026-07-23 14:08:00,,0.3275971763044562,1
2026-07-29 14:17:00,,0.26516224296654717,1
2026-08-11 13:59:00,,0.30759106776064105,0
2026-08-14 13:51:00,,0.6817662705917974,0
2026-08-31 09:34:00,,0.38050754974610906,1
2026-05-25 14:53:00,,0.2708729730591744,0
2026-05-26 13:58:00,,0.4632192950014871,1
2026-05-28 10:25:00,,0.36140176534428947,1
2026-05-28 10:48:00,,0.35894538330584486,1
2026-06-04 14:02:00,,0.2753671261450809,0
2026-06-10 10:15:00,,0.33504548168574905,0
2026-06-25 13:04:00,,0.451680370401309,0
2026-06-26 10:59:00,,0.41548203850958804,0
2026-07-01 10:35:00,,0.3986013652456631,1
2026-07-07 10:05:00,,0.38763490042568943,0
2026-07-21 13:51:00,,0.3500615525931425,0
2026-08-31 11:06:00,,0.37628001693191365,0
2026-05-21 14:02:00,,0.266772663518583,0
2026-05-22 09:45:00,,0.3866657494339341,1
2026-05-28 10:36:00,,0.3091476413601527,1
2026-06-29 14:54:00,,0.193517813669458,0
2026-08-10 14:21:00,,0.2562170220529574,0
2026-05-25 11:23:00,,0.4530553167405266,1
2026-07-23 13:59:00,,0.5726580177681767,1
2026-08-27 11:22:00,,0.27679126979517316,1
2026-05-21 11:12:00,,0.33951021710811163,0
2026-05-26 13:14:00,,0.37540765013560556,1
2026-06-03 09:54:00,,0.38776012384660963,0
2026-08-05 10:47:00,,0.4093710329606503,0
2026-08-11 13:32:00,,0.34503256545225,0
2026-08-11 14:21:00,,0.2969499308446681,0
2026-08-19 11:02:00,,0.37971520345806753,0
2026-08-19 11:19:00,,0.4288978180628611,0
2026-08-31 09:40:00,,0.4144493433016362,1
2026-08-31 13:03:00,,0.4532914203306572,1
2026-09-03 10:48:00,,0.40083927150055465,1
2026-05-22 14:11:00,,0.24637776932201258,0
2026-05-28 14:56:00,,0.2177462088397247,0
2026-06-15 10:49:00,,0.3222417963733867,0
2026-06-23 10:26:00,,0.3537620439545977,0
2026-08-13 14:01:00,,0.29413939088053187,0
2026-05-29 10:17:00,,0.41916723326995914,0
2026-06-05 13:28:00,,0.33013832453865777,0
2026-06-17 10:51:00,,0.36974835819583146,1
2026-06-29 14:00:00,,0.3592430355675289,0
2026-06-29 14:43:00,,0.30917382552644734,0
2026-06-30 09:51:00,,0.3884891188013047,1
2026-07-07 10:17:00,,0.34870574586432374,0
2026-07-15 10:06:00,,0.44797110996360784,0
2026-07-21 13:26:00,,0.37404836310092937,1
2026-08-18 13:19:00,,0.35932924835370006,0
2026-08-26 10:58:00,,0.3792732995035461,1
2026-05-26 14:36:00,,0.22622070032570546,0
2026-06-04 10:18:00,,0.27268808277814793,1
2026-06-23 11:00:00,,0.3604799208121352,0
2026-07-01 09:34:00,,0.37968113359145395,0
2026-07-10 09:36:00,,0.38113355151147404,0
2026-07-10 14:55:00,,0.3010471705240647,0
2026-07-14 11:15:00,,0.41129003148616733,1
2026-07-16 14:42:00,,0.27383384752077433,1
2026-07-21 10:07:00,,0.4223657004448688,1
2026-08-13 09:50:00,,0.3609110699052753,0
2026-09-01 13:20:00,,0.3437765645477357,0
2026-06-01 14:49:00,,0.1406170722800979,0
2026-06-10 13:35:00,,0.302883955296817,1
2026-07-02 10:47:00,,0.33365643970613856,1
2026-07-03 10:42:00,,0.37357774505977337,1
2026-07-23 14:36:00,,0.1648653727211895,0
2026-07-24 11:15:00,,0.287155861727505,0
2026-08-18 14:01:00,,0.2547134936828478,0
2026-06-30 13:47:00,,0.3137020650999586,0
2026-07-20 13:09:00,,0.342030376741726,0
2026-07-24 10:25:00,,0.3386832760987169,0
2026-06-01 14:02:00,,0.25863535828420064,1
2026-07-03 11:19:00,,0.3802741032024961,1
2026-07-10 10:15:00,,0.37698479390275097,1
2026-08-13 13:01:00,,0.2793949016237022,0
2026-06-02 14:11:00,,0.2781231474393525,0
2026-07-20 13:31:00,,0.320879291163682,1
2026-07-30 13:59:00,,0.30254166318596803,0
2026-08-05 13:39:00,,0.2492038242512822,1
2026-08-07 11:09:00,,0.28982197015581335,1
2026-08-18 14:02:00,,0.19158288975196133,0
2026-08-18 14:06:00,,0.15908791657559132,0
2026-08-20 11:24:00,,0.3645304204325357,0
2026-05-21 14:29:00,,0.4080048685344918,0
2026-05-25 14:43:00,,0.2839582017467004,1
2026-06-11 13:43:00,,0.34246205842065114,1
2026-07-07 13:28:00,,0.3261539916374039,0
2026-07-20 14:42:00,,0.7197652236376546,0
2026-08-04 14:54:00,,0.1901485318749652,0
2026-08-24 10:00:00,,0.41507829374693156,1
2026-08-28 10:09:00,,0.39315799663050544,0
2026-07-07 10:23:00,,0.40386881414610765,0
2026-07-21 09:44:00,,0.4482016659728208,1
2026-07-28 13:25:00,,0.38496240313491464,0
2026-09-01 13:18:00,,0.39052589731264925,0
2026-07-03 10:52:00,,0.3693683153658302,1
2026-08-05 11:02:00,,0.38517564205289556,0
2026-08-06 10:59:00,,0.32613789148965244,1
2026-09-01 11:20:00,,0.33801292471800054,0
2026-09-03 09:38:00,,0.39888548345003894,0
2026-06-04 13:51:00,,0.266800029913366,0
2026-06-22 11:23:00,,0.32515793128601633,1
2026-07-03 14:11:00,,0.1965334754692434,0
2026-07-09 14:50:00,,0.1603791926267387,0
2026-07-22 10:15:00,,0.3826510966524149,0
2026-07-28 10:37:00,,0.331046929809876,0
2026-07-30 14:32:00,,0.20771045013124054,1
2026-06-03 14:41:00,,0.32848772979728724,1
2026-06-09 11:28:00,,0.32365510901167954,0
2026-06-11 14:41:00,,0.2951590638374791,1
2026-06-15 14:34:00,,0.23796081571547045,0
2026-07-13 11:27:00,,0.3290748796680219,0
2026-08-05 11:02:00,,0.18465954534865678,0
2026-08-21 13:10:00,,0.3139485551396287,1
2026-09-03 11:21:00,,0.2855546340335146,0
2026-05-28 14:38:00,,0.1888280693641364,0
2026-06-10 14:32:00,,0.22356895109423963,0
2026-06-29 11:03:00,,0.35737867631493403,0
2026-07-09 14:53:00,,0.34360815530395544,1
2026-07-10 13:34:00,,0.3325464379939175,0
2026-07-10 14:25:00,,0.24934054477906212,0
2026-08-07 14:21:00,,0.2567931368481433,1
2026-06-01 13:15:00,,0.41447222212698365,0
2026-09-01 09:54:00,,0.37245365420129695,0
2026-09-02 13:35:00,,0.3060375264203895,0
2026-05-26 10:21:00,,0.3488556005562408,1
2026-06-05 14:28:00,,0.3019287792903064,0
2026-07-06 14:45:00,,0.3098682163781717,0
2026-07-13 10:29:00,,0.3492667241815652,0
2026-07-14 09:58:00,,0.41775659554323863,1
2026-07-15 14:41:00,,0.30576829494979274,0
2026-07-17 09:53:00,,0.3604241622889937,0
2026-07-21 14:53:00,,0.22630551976334556,0
2026-07-22 10:17:00,,0.3437002734139186,0
2026-08-18 10:32:00,,0.34246365439413423,0
2026-08-19 10:57:00,,0.322437231981977,0
2026-08-21 09:47:00,,0.3800800867097458,1
2026-05-21 14:51:00,,0.27928733162311864,0
2026-05-26 10:19:00,,0.3734274033360005,1
2026-06-12 14:43:00,,0.2111921049444562,1
2026-06-18 10:35:00,,0.318224913971584,1
2026-07-03 13:17:00,,0.291940372702496,0
2026-07-20 09:48:00,,0.346152069670711,0
2026-07-22 10:50:00,,0.3530832408424036,0
2026-08-05 13:45:00,,0.30744960735554167,0
2026-08-10 14:12:00,,0.26788625919899867,0
2026-08-11 14:21:00,,0.29418402327524595,0
2026-08-13 11:24:00,,0.3464899539948222,0
2026-08-27 13:01:00,,0.34711771980286193,0
2026-05-21 14:16:00,,0.2518632941689443,0
2026-06-08 10:43:00,,0.40080551061495545,0
2026-06-18 13:21:00,,0.3271885489711117,0
2026-07-02 14:59:00,,0.3500042885045388,0
2026-07-08 13:25:00,,0.3139283747605155,0
2026-08-12 09:41:00,,0.39153625418345406,0
2026-08-17 14:52:00,,0.1466266543153301,0
2026-08-18 11:04:00,,0.27862504029877944,0
2026-09-02 09:41:00,,0.3737129555799323,1
2026-06-09 11:13:00,,0.40910939270176827,0
2026-06-09 13:09:00,,0.4086853121407511,0
2026-06-17 10:46:00,,0.40058377488888675,1
2026-07-02 14:20:00,,0.28678343103547355,0
2026-07-24 10:32:00,,0.42080768549351677,0
2026-08-26 14:53:00,,0.2543878724276671,0
2026-06-09 10:51:00,,0.3724253176716452,0
2026-06-22 14:10:00,,0.2503462291655144,1
2026-06-26 11:12:00,,0.31736339860625645,0
2026-06-26 14:09:00,,0.26450239781356943,0
2026-07-01 10:16:00,,0.38642440476907475,0
2026-07-29 14:10:00,,0.29128347861353876,0
2026-08-28 09:57:00,,0.3211062522819125,0
2026-05-25 14:09:00,,0.38780318989291906,1
2026-06-04 10:03:00,,0.42276937351846133,0
2026-06-08 14:19:00,,0.26885524412218387,1
2026-06-26 13:53:00,,0.3426615803457789,0
2026-06-30 13:05:00,,0.3238048773580306,0
2026-07-03 14:58:00,,0.36770160264369844,0
2026-07-15 10:34:00,,0.37285638459207493,0
2026-08-04 10:34:00,,0.3650853733386297,0
2026-08-14 11:13:00,,0.31998105154637413,0
2026-06-01 13:18:00,,0.29228382071192155,1
2026-06-05 14:32:00,,0.33132749657490435,0
2026-07-01 13:55:00,,0.3617203610234472,0
2026-07-03 11:26:00,,0.3759373106941657,1
2026-07-14 10:14:00,,0.3304726845945035,1
2026-07-28 10:58:00,,0.3894216057851327,0
2026-08-27 13:41:00,,0.2630972487938577,0
2026-05-21 10:14:00,,0.3616166990903044,0
2026-05-26 13:58:00,,0.26358348730827513,1
2026-06-08 10:46:00,,0.3387787772487279,0
2026-06-18 13:18:00,,0.3160440807568098,0
2026-06-30 13:33:00,,0.29633341747683417,0
2026-07-13 13:59:00,,0.38661025867781756,0
2026-07-27 09:50:00,,0.40184738034803374,1
2026-08-10 10:31:00,,0.34951827869494106,0
2026-08-11 14:23:00,,0.29578549280632166,0
2026-08-12 10:52:00,,0.3244280055751283,1
2026-08-18 09:58:00,,0.3410066757858013,0
2026-08-18 14:02:00,,0.23443201303402283,0
2026-08-19 13:14:00,,0.32176194663878227,1
2026-05-21 14:22:00,,0.26473821085523747,0
2026-05-26 14:18:00,,0.30592288739091467,1
2026-06-02 14:11:00,,0.38545749008428626,0
2026-06-24 14:25:00,,0.3812709072894355,1
2026-06-25 10:06:00,,0.4168886884547791,1
2026-06-26 14:40:00,,0.21138465239011767,0
2026-06-30 09:55:00,,0.3956845749909688,1
2026-07-21 09:32:00,,0.43909227657984257,0
2026-07-22 13:56:00,,0.2605657280017855,0
2026-07-23 13:48:00,,0.2900138129157542,0
2026-08-11 09:43:00,,0.40666075524442047,1
2026-08-14 10:40:00,,0.3049745035346625,0
2026-08-18 10:05:00,,0.375718369659342,1
2026-08-20 13:30:00,,0.28761953462700085,0
2026-09-03 11:24:00,,0.32272388466489516,0
2026-05-28 13:37:00,,0.30544992765490997,1
2026-06-10 13:59:00,,0.2946716063189925,0
2026-06-11 10:03:00,,0.3720283013005574,1
2026-06-24 14:53:00,,0.30958321658181526,0
2026-06-30 11:26:00,,0.33740497699169814,1
2026-07-24 11:24:00,,0.4038626628279173,1
2026-07-29 13:16:00,,0.3398813379197015,0
2026-08-06 09:53:00,,0.35567001882156113,1
2026-09-01 14:50:00,,0.22450421696763767,0
2026-09-03 13:47:00,,0.2616536088982293,1
2026-05-21 14:42:00,,0.3890411136101381,0
2026-07-20 13:37:00,,0.32557516302464024,1
2026-07-29 13:22:00,,0.2951614241480236,0
2026-08-14 13:55:00,,0.30457572832997787,1
2026-08-21 13:06:00,,0.2915486998677319,0
2026-09-01 09:52:00,,0.3388622769410459,0
2026-05-28 11:22:00,,0.3527548950761526,1
2026-06-15 14:52:00,,0.5148873174551911,1
2026-07-01 13:07:00,,0.4130266193684735,0
2026-07-07 14:10:00,,0.3588597113032765,1
2026-07-14 11:28:00,,0.3967612981880887,1
2026-07-24 09:47:00,,0.37028842708037013,0
2026-07-31 10:19:00,,0.38369107103393774,0
2026-08-05 13:21:00,,0.36474553311235397,0
2026-08-18 10:49:00,,0.43905014137743126,0
2026-08-18 13:35:00,,0.3354180044203004,0
2026-08-26 11:15:00,,0.41471971206774033,0
2026-08-26 11:29:00,,0.411206626587186,0
2026-05-27 13:22:00,,0.34534393176052197,0
2026-06-02 10:44:00,,0.3342137978070951,0
2026-06-15 10:23:00,,0.36981757500637663,0
2026-07-21 13:13:00,,0.31471384152855914,1
2026-07-24 14:47:00,,0.21076084282208377,1
2026-08-07 10:55:00,,0.3457066903386504,1
2026-08-17 10:10:00,,0.3515443956406003,1
2026-06-01 09:45:00,,0.37726788899293723,0
2026-07-01 09:31:00,,0.42238736575989017,0
2026-08-04 14:48:00,,0.29268288951565463,0
2026-08-10 10:35:00,,0.3487438548967712,1
2026-09-01 13:11:00,,0.26024396733455857,0
2026-06-08 13:52:00,,0.6419751366522112,1
2026-07-17 14:57:00,,0.8447553051117798,0
2026-08-03 09:59:00,,0.42959528868810276,0
2026-08-03 11:13:00,,0.362518871805993,1
2026-08-04 09:46:00,,0.4013283468490307,1
2026-08-07 10:08:00,,0.3924158410717253,1
2026-06-03 14:54:00,,0.16611653992797623,0
2026-06-11 14:32:00,,0.18498559164938475,1
2026-06-15 14:14:00,,0.18937848955142358,0
2026-06-23 10:29:00,,0.3386069805084514,0
2026-06-24 14:29:00,,0.18887480358350361,1
2026-06-29 14:36:00,,0.2986847669167846,0
2026-06-30 10:43:00,,0.2923802438970295,1
2026-07-01 10:55:00,,0.3119431379650191,1
2026-07-06 13:21:00,,0.30686385405066796,0
2026-07-21 10:16:00,,0.32010353873656183,1
2026-08-18 09:41:00,,0.3613896535035519,0
2026-08-25 11:04:00,,0.34308854905324854,1
2026-06-10 10:15:00,,0.37185403821526664,1
2026-06-15 11:14:00,,0.35669352867780246,1
2026-06-17 10:31:00,,0.37313619614788746,1
2026-06-18 13:37:00,,0.21315601978898996,0
2026-07-01 14:57:00,,0.1758316159320182,0
2026-07-09 14:36:00,,0.25081347959561656,0
2026-07-16 11:13:00,,0.3140965851036244,0
2026-08-28 14:08:00,,0.26077390156658803,0
2026-05-27 11:16:00,,0.3475295229059644,0
2026-07-03 10:23:00,,0.4516115325108771,0
2026-07-21 13:22:00,,0.39017670684113664,1
2026-07-27 11:16:00,,0.34851608206566154,0
2026-07-30 10:10:00,,0.43254090294971603,1
2026-08-04 14:21:00,,0.33255503402546216,0
2026-08-07 13:35:00,,0.32958755056510053,0
2026-08-17 13:35:00,,0.2594974113488079,1
2026-08-04 13:27:00,,0.2717226398878622,0
2026-09-02 10:58:00,,0.33111852018178156,0
2026-05-28 11:27:00,,0.31955442691594804,1
2026-06-25 10:15:00,,0.3528974062125216,0
2026-07-03 10:28:00,,0.3456733937691779,1
2026-07-31 14:09:00,,0.23666405336485424,0
2026-08-03 10:01:00,,0.34806916052680104,1
2026-08-03 13:55:00,,0.2685074515254959,0
2026-08-21 10:59:00,,0.3183672198573248,0
2026-08-25 13:05:00,,0.321176382678415,0
2026-06-02 09:37:00,,0.3676275717749694,1
2026-06-17 10:01:00,,0.3621139410582666,1
2026-06-24 10:55:00,,0.3596034953054059,1
2026-07-17 13:44:00,,0.34170408312681777,1
2026-08-18 11:06:00,,0.35475066301551633,0
2026-08-31 09:34:00,,0.4216232745523538,1
2026-09-01 13:53:00,,0.27697821042331056,0
2026-09-02 11:19:00,,0.3204947698138815,1
2026-05-22 11:15:00,,0.30771335570625935,1
2026-06-15 13:58:00,,0.32323571592973216,1
2026-06-22 10:14:00,,0.40976080698382716,1
2026-07-02 13:08:00,,0.3528946862234644,0
2026-07-24 10:06:00,,0.3645456319619362,0
2026-07-30 13:18:00,,0.43984911946298527,1
2026-08-03 13:20:00,,0.3058252289986494,1
2026-08-19 10:04:00,,0.364350912765737,0
2026-08-25 11:12:00,,0.28370787948958787,0
2026-08-26 14:24:00,,0.13781311384803277,0
2026-09-01 10:45:00,,0.27826993602230615,0
2026-06-10 13:34:00,,0.3441093711469234,1
2026-06-11 10:35:00,,0.40149970352748765,1
2026-06-15 14:58:00,,0.13060642574899142,0
2026-07-20 10:07:00,,0.420217681377386,0
2026-08-10 10:35:00,,0.40794290173554754,1
2026-08-17 09:59:00,,0.37509106236493656,0
2026-08-24 13:21:00,,0.25785298869201867,0
2026-05-28 11:04:00,,0.3376706779829968,1
2026-05-29 14:41:00,,0.27512241526085657,0
2026-06-04 14:47:00,,0.16257769343867196,0
2026-06-17 14:34:00,,0.19415460386455086,0
2026-08-06 09:46:00,,0.3428594226587601,0
2026-08-13 14:25:00,,0.24079155005670763,0
2026-08-18 11:17:00,,0.30701076885709433,0
2026-08-26 13:21:00,,0.26658432762338774,0
2026-08-27 09:34:00,,0.40949760714565536,1
2026-09-02 11:11:00,,0.25367497680781304,0
2026-05-28 14:26:00,,0.29364301662596604,0
2026-06-02 13:59:00,,0.31894852840186294,0
2026-06-09 14:53:00,,0.1705214326859986,0
2026-06-17 10:16:00,,0.3955995130569558,0
2026-06-25 13:36:00,,0.22274977527740028,0
2026-06-29 14:24:00,,0.27664525206794555,0
2026-07-01 14:25:00,,0.24810915091546112,0
2026-07-02 11:13:00,,0.44634448200587196,0
2026-07-03 13:54:00,,0.36775778707145423,0
2026-07-23 13:53:00,,0.3730127946260293,0
2026-07-28 14:02:00,,0.30868453492157,0
2026-08-17 14:31:00,,0.23191480632594139,0
2026-08-24 13:51:00,,0.35801791440473957,1
2026-08-26 13:52:00,,0.23937043972749236,0
2026-06-09 10:51:00,,0.37206573611042815,0
2026-07-06 10:57:00,,0.4097216615812208,1
2026-07-13 11:06:00,,0.3584411812712273,0
2026-07-30 09:58:00,,0.4504960593113482,1
2026-07-31 14:43:00,,0.17440516086750388,0
2026-08-07 13:58:00,,0.20809066492941397,1
2026-08-25 11:29:00,,0.4352276064714735,1
2026-06-08 13:15:00,,0.4005631000649502,1
2026-06-10 10:10:00,,0.37129712368673023,1
2026-06-16 11:11:00,,0.3721201504534175,0
2026-06-29 14:40:00,,0.7347007506720696,1
2026-07-08 13:41:00,,0.29893924293438334,0
2026-07-15 14:00:00,,0.27034318421487175,0
2026-07-21 09:35:00,,0.43445470582778317,0
2026-06-30 13:47:00,,0.3219532145131898,1
2026-07-13 10:13:00,,0.3630298567996045,0
2026-07-31 13:09:00,,0.3395836200551818,0
2026-08-07 10:03:00,,0.3639766402664324,1
2026-08-19 13:14:00,,0.3231589535496711,0
2026-09-01 13:19:00,,0.2597347756969142,0
2026-05-25 13:27:00,,0.3260062215681033,0
2026-05-29 10:31:00,,0.4028400868121587,0
2026-05-29 14:30:00,,0.36074456464558613,0
2026-06-16 11:07:00,,0.4006730694757013,1
2026-06-16 14:52:00,,0.1432518085403173,1
2026-06-18 13:50:00,,0.3015970962728156,0
2026-06-24 13:22:00,,0.35913895508903315,0
2026-05-21 10:36:00,,0.3322720420959036,0
2026-06-17 14:58:00,,0.15357966166549195,0
2026-06-24 10:55:00,,0.39676905265288454,0
2026-07-01 09:48:00,,0.38415607990434025,1
2026-07-02 14:23:00,,0.306835169977547,1
2026-07-07 10:28:00,,0.35425240845994904,0
2026-07-20 09:39:00,,0.44097796533189304,0
2026-07-21 14:13:00,,0.3391237732351003,0
2026-08-28 14:47:00,,0.1622521672607758,0
2026-09-01 13:50:00,,0.28447528433008423,0
2026-06-12 10:21:00,,0.4207434285809694,0
2026-06-29 10:39:00,,0.364667387301195,1
2026-08-05 11:16:00,,0.3170366247782703,0
2026-08-14 13:29:00,,0.33316442484208086,1
2026-08-25 09:38:00,,0.40688188277414,1
2026-08-26 10:42:00,,0.38050505433886633,0
2026-08-26 14:39:00,,0.256797466173139,0
2026-09-02 11:16:00,,0.2874260152264953,0
2026-05-21 10:43:00,,0.3787368308210642,0
2026-06-09 14:56:00,,0.17201766836645688,0
2026-06-23 10:53:00,,0.33837636791423564,0
2026-07-10 11:07:00,,0.3576774856597282,0
2026-09-02 13:17:00,,0.3462297553964817,1
2026-06-09 11:20:00,,0.3457641602364908,1
2026-06-12 14:30:00,,0.27978675677612247,0
2026-06-16 11:00:00,,0.3864158886995513,0
2026-07-07 14:12:00,,0.46402248345587566,0
2026-07-16 11:09:00,,0.3104907357666054,0
2026-07-17 13:09:00,,0.4075660088543516,0
2026-07-22 13:57:00,,0.43592280403624734,0
2026-08-06 14:29:00,,0.19895167999640856,0
2026-05-21 14:39:00,,0.33327418142154214,0
2026-06-15 14:16:00,,0.26736643737196525,0
2026-07-28 09:55:00,,0.420159499556806,0
2026-08-07 11:04:00,,0.38867178726786783,1
2026-05-27 09:35:00,,0.4280700956498781,0
2026-05-27 09:55:00,,0.38055779721034705,0
2026-07-01 10:09:00,,0.42147388987292667,1
2026-07-09 10:46:00,,0.41516220624546596,1
2026-07-20 13:21:00,,0.41085401168571256,0
2026-07-23 13:18:00,,0.41387605114661624,1
2026-08-07 13:43:00,,0.28206936001483335,1
2026-08-14 13:38:00,,0.284126713480667,1
2026-09-02 14:02:00,,0.32916334406061903,0
2026-05-22 14:59:00,,0.2968384012282265,1
2026-06-10 10:00:00,,0.3649041751190071,0
2026-06-11 14:36:00,,0.26210599064307893,1
2026-08-13 10:18:00,,0.3662523467908193,0
2026-09-02 09:51:00,,0.370042232857069,1
2026-05-27 13:36:00,,0.28917450232745395,0
2026-05-27 14:42:00,,0.21173862171957705,0
2026-05-29 13:28:00,,0.3446090294433832,0
2026-06-02 14:24:00,,0.2528844518206574,0
2026-06-23 13:45:00,,0.30135790913911437,0
2026-07-09 14:05:00,,0.2675380882230293,1
2026-07-10 09:57:00,,0.3547016940536407,0
2026-07-16 11:08:00,,0.3250208387655111,0
2026-07-29 13:59:00,,0.32551936693055517,0
2026-08-11 14:48:00,,0.3423044333075793,0
2026-08-28 10:18:00,,0.3475336577535447,0
2026-06-01 10:59:00,,0.40799465690547493,1
2026-07-07 13:48:00,,0.3803317601125596,0
2026-07-20 13:09:00,,0.41380683976372207,0
2026-07-23 13:38:00,,0.3509883906313382,0
2026-05-28 10:42:00,,0.39881996865982117,1
2026-06-09 10:38:00,,0.42361060846851245,0
2026-07-24 14:17:00,,0.21299744984174954,0
2026-08-25 09:30:00,,0.49060780561719386,1
2026-08-25 10:04:00,,0.39920081462403595,1
2026-08-26 09:38:00,,0.46879621720879333,0
2026-09-01 13:14:00,,0.36194048906953774,0
2026-06-12 14:14:00,,0.24493033901411973,1
2026-07-22 10:26:00,,0.3396190762994249,0
2026-08-04 10:21:00,,0.30933131062157976,0
2026-08-24 13:49:00,,0.32800475886685093,0
2026-06-05 13:27:00,,0.3093342540542982,0
2026-06-18 14:51:00,,0.23436152529090132,0
2026-07-07 13:22:00,,0.4192542393347258,0
2026-07-14 14:23:00,,0.3981306381056414,1
2026-07-31 14:09:00,,0.3403914923936384,1
2026-08-11 13:05:00,,0.3231082659138697,1
2026-08-18 11:03:00,,0.35810568179050695,0
2026-09-03 13:39:00,,0.34586724194386725,1
2026-05-21 14:48:00,,0.34604519504235115,1
2026-06-04 14:50:00,,0.20879349299346125,0
2026-06-11 14:56:00,,0.16548171080995552,0
2026-07-23 11:09:00,,0.41109629249479795,0
2026-08-18 10:48:00,,0.3142548211883999,0
2026-08-24 14:29:00,,0.26022549621944824,0
2026-08-26 14:18:00,,0.22453262622636644,0
2026-09-02 14:57:00,,0.2093359167479987,0
2026-06-10 10:08:00,,0.40688532755931756,0
2026-06-11 14:35:00,,0.2084559867007171,1
2026-06-22 14:58:00,,0.21643222379393198,0
2026-07-20 10:43:00,,0.4488826820061948,0
2026-07-22 11:09:00,,0.44535106965389815,0
2026-07-22 14:26:00,,0.3200427983557425,0
2026-08-04 09:53:00,,0.4057093885910798,0
2026-08-14 14:49:00,,0.16689327040220106,1
2026-08-17 09:41:00,,0.4034008627185356,1
2026-05-25 11:16:00,,0.36629784125687703,0
2026-06-01 14:23:00,,0.33086111503313104,0
2026-06-02 13:11:00,,0.30644554677802976,0
2026-06-02 13:28:00,,0.3136426458672706,0
2026-06-04 13:08:00,,0.31763262079763205,0
2026-06-16 09:58:00,,0.3650345588346321,0
2026-07-03 10:22:00,,0.34402839672130986,0
2026-07-07 14:38:00,,0.25741788762141193,0
2026-07-09 13:29:00,,0.3152770677718721,1
2026-07-13 10:17:00,,0.37106699626260586,0
2026-07-14 14:10:00,,0.6213491096451886,1
2026-07-20 13:54:00,,0.5697683840655067,1
2026-07-23 10:44:00,,0.4231269360110921,0
2026-05-22 14:15:00,,0.27900453857221,1
2026-06-29 14:28:00,,0.18507920718560297,1
2026-07-07 14:43:00,,0.19765128649714928,0
2026-08-19 10:09:00,,0.26353466262582426,0
2026-05-28 09:59:00,,0.37010565647023413,1
2026-06-08 10:18:00,,0.42952811846782385,0
2026-06-16 14:06:00,,0.21492263421384067,0
2026-06-17 10:46:00,,0.28796220421771085,0
2026-07-01 10:07:00,,0.3866771853111545,1
2026-07-20 10:22:00,,0.45265999022176684,0
2026-07-28 10:49:00,,0.3877754057383223,0
2026-08-06 14:48:00,,0.2104311358843407,1
2026-08-10 13:59:00,,0.2279772889539769,0
2026-08-21 14:05:00,,0.31655034324609266,0
2026-09-03 10:43:00,,0.2996852625269917,0
2026-05-22 14:13:00,,0.2510414730610473,0
2026-05-26 09:30:00,,0.41887861757278727,0
2026-06-09 11:07:00,,0.31838146961353364,1
2026-06-16 09:37:00,,0.3813100162770742,0
2026-07-10 10:16:00,,0.33662192714676126,0
2026-08-06 09:36:00,,0.3890340208633974,1
2026-08-17 10:13:00,,0.37604642578494774,1
2026-08-27 14:43:00,,0.15216799971030165,0
2026-08-31 14:45:00,,0.2192840095118603,0
2026-05-25 11:24:00,,0.24892628888208063,0
2026-05-27 14:59:00,,0.20610547201214352,0
2026-06-29 11:13:00,,0.32814576095769943,0
2026-08-06 13:10:00,,0.21327143656826433,1
2026-08-12 11:27:00,,0.2073166355308581,0
2026-08-19 10:51:00,,0.24920991212391652,0
