,equity,returns,drawdown
2016-01-04,1000000.0,0.0,0.0
2016-01-05,1000000.0,0.0,0.0
2016-01-06,1000000.0,0.0,0.0
2016-01-07,1000000.0,0.0,0.0
2016-01-08,1000000.0,0.0,0.0
2016-01-11,1000000.0,0.0,0.0
2016-01-12,1000000.0,0.0,0.0
2016-01-13,1000000.0,0.0,0.0
2016-01-14,1000000.0,0.0,0.0
2016-01-15,1000000.0,0.0,0.0
2016-01-18,1000000.0,0.0,0.0
2016-01-19,1000000.0,0.0,0.0
2016-01-20,1000000.0,0.0,0.0
2016-01-21,1000000.0,0.0,0.0
2016-01-22,1000000.0,0.0,0.0
2016-01-25,1000000.0,0.0,0.0
2016-01-26,1000000.0,0.0,0.0
2016-01-27,1000000.0,0.0,0.0
2016-01-28,1000000.0,0.0,0.0
2016-01-29,1000000.0,0.0,0.0
2016-02-01,1000000.0,0.0,0.0
2016-02-02,1000000.0,0.0,0.0
2016-02-03,1001506.09148,0.001506091480000027,0.0
2016-02-04,1002981.7794338481,0.0014734687750799225,0.0
2016-02-05,998380.6930898464,-0.004587407706049151,-0.004587407706049151
2016-02-15,1009767.2040316465,0.011404979103272206,0.0
2016-02-16,1012431.5753618465,0.0026385995896500702,0.0
2016-02-17,1006157.2066773559,-0.006197326157323824,-0.006197326157323824
2016-02-18,1001257.2789340348,-0.004869942500836721,-0.011037088036115472
2016-02-19,1004632.8798459317,0.003371362169262593,-0.0077029358879167065
2016-02-22,1011781.7140779742,0.007115867273962628,-0.00064188168335233
2016-02-23,1021515.17939715,0.009620123771505229,0.0
2016-02-24,1029119.1249526436,0.00744379105553894,0.0
2016-02-25,975798.2068458538,-0.05181219240216084,-0.05181219240216084
2016-02-26,998581.33101922,0.023348192293783487,-0.029673721139745535
2016-02-29,1001873.445644876,0.00329679168175101,-0.026474757535014604
2016-03-01,1008679.9866288558,0.006793813144332361,-0.01986080894641651
2016-03-02,1033825.938154936,0.024929563250403408,0.0
2016-03-03,1015989.149360782,-0.017253183670345118,-0.017253183670345118
2016-03-04,1013331.6609607817,-0.0026156661236709233,-0.019823721225964097
2016-03-07,1029521.1552607819,0.01597650100525838,-0.004163933922800234
2016-03-08,1009085.1803077818,-0.019849980593962258,-0.023931260509200247
2016-03-09,971042.3055619019,-0.037700360176012526,-0.06072940354454992
2016-03-10,967594.3084427019,-0.0035508207000360947,-0.06406458502137924
2016-03-11,971215.6890254179,0.0037426642045306213,-0.06056169304598635
2016-03-14,986095.904174018,0.015321226084734851,-0.046168346352483236
2016-03-15,989539.1285740179,0.0034917743653788413,-0.042837781435389855
2016-03-16,986287.2031860177,-0.0032863029809507838,-0.045983306487512254
2016-03-17,985300.7145503914,-0.0010002042330464755,-0.04693751802276047
2016-03-18,1001721.9979124414,0.016666265556849025,-0.031053525605858057
2016-03-21,1002188.5873168415,0.00046578731960811304,-0.030602202624706365
2016-03-22,986129.8570282166,-0.01602366110715636,-0.04613550440787195
2016-03-23,986855.9271282163,0.0007362824427481485,-0.04543319072700658
2016-03-24,982618.8076282165,-0.004293554290472734,-0.04953167514650347
2016-03-25,1013812.0964282164,0.03174505572032804,-0.019359005213622438
2016-03-28,1010494.0021282164,-0.0032728888436920345,-0.022568534185125944
2016-03-29,1006537.2163953364,-0.003915694427227279,-0.02639585712881376
2016-03-30,1032726.2113953367,0.02601890379551941,-0.0010637446005291595
2016-03-31,1024527.4677815635,-0.007938932432726475,-0.008994232036746319
2016-04-01,1017747.0755815634,-0.006618067756330559,-0.015552775356041493
2016-04-05,1025682.8142815635,0.007797358391293363,-0.007876687528178494
2016-04-06,1020039.1229935634,-0.005502374817455857,-0.013335721858534377
2016-04-07,1010059.4357935636,-0.009783631799054837,-0.02298888186515058
2016-04-08,1007433.1030935636,-0.002600176392527409,-0.02552928310976177
2016-04-11,1031645.8337354832,0.024034082826510872,-0.0021087731880122806
2016-04-12,1039023.0527254832,0.0071509220982242105,0.0
2016-04-13,1041820.0295016144,0.002691929470471699,0.0
2016-04-14,1046450.5428498446,0.004444638437643977,0.0
2016-04-15,1035180.1130178445,-0.010770150494935793,-0.010770150494935793
2016-04-18,1045390.6666738444,0.00986355275531059,-0.0010128296872145004
2016-04-19,1049276.9977138443,0.0037175872751620265,0.0
2016-04-20,1035802.0848522442,-0.01284209307071349,-0.01284209307071349
2016-04-21,1055664.1636364462,0.019175553973745263,0.0
2016-04-22,1094519.4018524461,0.03680643859516386,0.0
2016-04-25,1053396.194028896,-0.03757193134626036,-0.03757193134626036
2016-04-26,1052351.768518896,-0.0009914840360353283,-0.03852616341216286
2016-04-27,1033131.7183970506,-0.01826390252462462,-0.05608642784357998
2016-04-28,1033663.9609820505,0.0005151739855839832,-0.05560014812656533
2016-04-29,1027081.5029341921,-0.006368083145323777,-0.0616141649057268
2016-05-03,1041951.3681647086,0.014477785052146253,-0.048028416489253156
2016-05-04,1042487.655353434,0.000514695028108747,-0.047538441448319424
2016-05-05,1045525.8842514341,0.0029144027580547682,-0.04476258485513529
2016-05-06,1028822.0682257356,-0.015976472966671706,-0.06002390959495052
2016-05-09,1012869.7598522492,-0.015505410377711915,-0.07459862462191813
2016-05-10,1017607.6050615343,0.004677645040934264,-0.0702699254675071
2016-05-11,1031011.8038393898,0.013172266707897728,-0.058023272959411565
2016-05-12,1039791.7973613127,0.008515900098550855,-0.050001493256774054
2016-05-13,1027992.8700692476,-0.011347394086015483,-0.060781500693915635
2016-05-16,1038833.4899903024,0.010545423257969144,-0.05087704408701832
2016-05-17,1033691.0465528322,-0.004950209525415028,-0.05557540158416874
2016-05-18,1024220.6168120728,-0.00916176044316297,-0.064227993511485
2016-05-19,1025905.1070348853,0.0016446556485609776,-0.06268897079524849
2016-05-20,1029730.5515030472,0.0037288482549993063,-0.0591938801996067
2016-05-23,1036171.3802649924,0.006254868084222487,-0.05330926202742614
2016-05-24,1037423.6175916044,0.0012085233682981311,-0.05216516414803485
2016-05-25,1024804.926338824,-0.01216348947412138,-0.06369414319712574
2016-05-26,1026109.5039753043,0.0012730009418875365,-0.06250222495952085
2016-05-27,1053013.1086874641,0.026219038619105683,-0.037921934590408934
2016-05-30,1057413.0253748398,0.004178406376023069,-0.03390198146766954
2016-05-31,1081897.5006702254,0.023155072528737053,-0.0115319117786844
2016-06-01,1087420.968568645,0.005105352304629385,-0.006485433946430974
2016-06-02,1093718.1436521919,0.005790926665535823,-0.0007320639532731876
2016-06-03,1079144.109083157,-0.01332521971370848,-0.01404752875395976
2016-06-06,1078470.386932708,-0.0006243115676379807,-0.014663070286899949
2016-06-07,1080847.9422148676,0.0022045624163324895,-0.01249083352422986
2016-06-08,1071813.5001171413,-0.008358661514600185,-0.02074508838936584
2016-06-13,1049585.7777131223,-0.02073842361715883,-0.041053291575530615
2016-06-14,1041404.5730820162,-0.0077946984465925295,-0.04852799199405189
2016-06-15,1054574.5392567182,0.012646349473697693,-0.03649534446636782
2016-06-16,1057988.1346942908,0.0032369408804222566,-0.03337653685839381
2016-06-17,1058710.5406079749,0.0006828109786816139,-0.0327165157455096
2016-06-20,1058756.477335379,4.3389317138320393e-05,-0.03267454597564856
2016-06-21,1056432.243692831,-0.0021952485697160906,-0.03479806579504552
2016-06-22,1054695.1881846108,-0.0016442658945623467,-0.03638511441682435
2016-06-23,1051863.724211291,-0.0026846277531553664,-0.0389720616820145
2016-06-24,1042669.437399695,-0.008740948660901804,-0.04737235755254443
2016-06-27,1047458.8617499447,0.004593425469719303,-0.04299653347656751
2016-06-28,1053836.9165497082,0.006089074265988703,-0.03716926829609768
2016-06-29,1050228.2558871484,-0.003424306556250367,-0.040466295883230696
2016-06-30,1050323.4449500684,9.063654723284742e-05,-0.04037932706133596
2016-07-01,1042684.7250133451,-0.0072727310558000635,-0.0473583901312048
2016-07-04,1046802.3691179251,0.0039490787635036995,-0.04359633338044189
2016-07-05,1046349.127399345,-0.00043297735269931525,-0.044010434508126695
2016-07-06,1061112.1641588248,0.014109092627785369,-0.030522289177405515
2016-07-07,1061163.7630570452,4.8627185667227124e-05,-0.030475146204761105
2016-07-08,1063746.3069548993,0.002433690244391995,-0.02811562302638415
2016-07-11,1059851.0175913195,-0.0036618593532236066,-0.03167452692245676
2016-07-12,1073565.2927918395,0.012939814155849882,-0.01914457525845814
2016-07-13,1071272.6153177791,-0.00213557339218573,-0.02123926400511711
2016-07-14,1073776.826654019,0.0023376041732356967,-0.018951308824056268
2016-07-15,1077181.595948379,0.003170835139895356,-0.015840565160127218
2016-07-18,1073336.9845651658,-0.0035691395004091575,-0.019353167473714628
2016-07-19,1072169.8829222335,-0.0010873580801886717,-0.02041948173087349
2016-07-20,1074988.8705813535,0.0026292360045003793,-0.017843933362933218
2016-07-21,1077854.5467479934,0.002665772869899774,-0.015225728366484725
2016-07-22,1083717.5004575937,0.005439466509919555,-0.009869081696103787
2016-07-25,1099666.0861271187,0.014716552665054117,0.0
2016-07-26,1099509.236218178,-0.00014263412404857956,-0.00014263412404857956
2016-07-27,1074688.9155074295,-0.022573999283643342,-0.022713413585077946
2016-07-28,1059294.2782204566,-0.01432473813103785,-0.03671278801444755
2016-07-29,1056945.3129181494,-0.0022174813464047594,-0.03884885943825578
2016-08-01,1043098.6781532513,-0.013100616082651007,-0.05144053152815731
2016-08-02,1051026.3147081404,0.007600083022753612,-0.044231400815752386
2016-08-03,1049215.0098364528,-0.0017233677657163549,-0.04587854161107041
2016-08-04,1050272.17862762,0.0010075806972413837,-0.04491718724677385
2016-08-05,1047206.9347237912,-0.0029185233753731277,-0.04770461876121124
2016-08-08,1057653.854377434,0.009975984026880269,-0.03820453524910128
2016-08-09,1065599.1876664967,0.007512224586691207,-0.030979311711431534
2016-08-10,1072724.699705773,0.0066868594887727895,-0.024499606527132012
2016-08-11,1049358.054477104,-0.021782518138230622,-0.045748461541805896
2016-08-12,1060082.4957630872,0.01022000187660188,-0.03599600902801303
2016-08-15,1083435.8317853329,0.022029734587245553,-0.014759256965854672
2016-08-16,1090279.6525676455,0.00631677537472175,-0.00853571250208407
2016-08-17,1085553.9780878718,-0.004334369139738281,-0.012833084712967624
2016-08-18,1085609.4885996482,5.113565322112379e-05,-0.012782605287916082
2016-08-19,1077934.7084693473,-0.007069558815482324,-0.019761796723500313
2016-08-22,1060709.5987040559,-0.015979733865097323,-0.03542574233625995
2016-08-23,1067377.3603915414,0.006286133071325084,-0.029362300195411084
2016-08-24,1063173.935692024,-0.0039380868055656215,-0.03318475571399615
2016-08-25,1049728.4741224241,-0.01264653046714137,-0.04541161415695594
2016-08-26,1056495.458161437,0.006446413721100663,-0.039257942488454045
2016-08-29,1072119.9250813012,0.014788957963960181,-0.02504956858570717
2016-08-30,1062909.4032862762,-0.00859094358714263,-0.033425312742247804
2016-08-31,1063308.6629295393,0.00037562904423338317,-0.03306223921629292
2016-09-01,1047592.8335850858,-0.01478011972662252,-0.04735369508886844
2016-09-02,1046498.6438280971,-0.0010444799944308025,-0.04834871509611649
2016-09-05,1046448.7055660151,-4.7719375822041776e-05,-0.04839412730143233
2016-09-06,1063932.688278113,0.0167079213907968,-0.032494771185364146
2016-09-07,1069475.2671150973,0.005209520205601059,-0.027454533146829663
2016-09-08,1070395.8128969944,0.0008607452740634347,-0.02661741923242389
2016-09-09,1069839.3154321443,-0.000519898768422844,-0.027123479637369163
2016-09-12,1059779.6753534887,-0.009402944847462624,-0.03627138390173035
2016-09-13,1060256.5193686003,0.0004499463673452997,-0.0358377577118103
2016-09-14,1052018.1903439204,-0.007770128147465694,-0.043329421889337305
2016-09-19,1056555.0819334192,0.004312560021434209,-0.03920372260049487
2016-09-20,1060127.6057534872,0.003381294436188398,-0.035954987493413415
2016-09-21,1057698.2045793438,-0.0022916120294940168,-0.038164204641047306
2016-09-22,1056416.4884727867,-0.001211797562866046,-0.03932975491374058
2016-09-23,1050823.456968711,-0.0052943432491869835,-0.04441587294050786
2016-09-26,1031655.1848162869,-0.018241191729501782,-0.06184686621586866
2016-09-27,1029264.636347808,-0.002317197163996809,-0.06402075199686796
2016-09-28,1034187.8620725079,0.004783245776488698,-0.05954373321197581
2016-09-29,1041362.5873134779,0.006937545395854894,-0.053019275168317836
2016-09-30,1047525.2437474779,0.005917877700886587,-0.047415159053667
2016-10-10,1072869.176211228,0.024194101874894347,-0.024368224367331326
2016-10-11,1073561.7442112279,0.0006455288448548036,-0.02373842591420361
2016-10-12,1061398.0107829438,-0.011330259758111083,-0.034799723140458094
2016-10-13,1068942.793182944,0.0071083442058033075,-0.02793874734500379
2016-10-14,1065004.9899829437,-0.0036838296914606383,-0.03151965544945268
2016-10-17,1066936.475247264,0.0018135926896933885,-0.029763226576463908
2016-10-18,1068189.6528472637,0.0011745569010652712,-0.028623628278572122
2016-10-19,1060717.8784472637,-0.006994801325854394,-0.03541821301139281
2016-10-20,1064168.1472472637,0.003252767649255306,-0.03228065257961543
2016-10-21,1064042.3440472637,-0.00011821740795892044,-0.03239505385249908
2016-10-24,1079770.9984472636,0.014781981645742848,-0.018091935298216733
2016-10-25,1079326.796245264,-0.0004113855647526199,-0.018495878101949192
2016-10-26,1075067.2938452635,-0.003946443667310229,-0.02236932882825271
2016-10-27,1070322.4334612638,-0.004413547329701117,-0.026684148066436597
2016-10-28,1058033.1084383829,-0.011481890539413508,-0.03785965413861381
2016-10-31,1056757.866678383,-0.001205294758575226,-0.039019316854494335
2016-11-01,1058707.692691123,0.0018451019615959297,-0.0372462095109668
2016-11-02,1049212.560715123,-0.008968605821560116,-0.04588076876107583
2016-11-03,1048967.960175123,-0.00023312772755346156,-0.04610320040926952
2016-11-04,1050705.086375123,0.0016560336120370334,-0.044523515246732814
2016-11-07,1052072.407701754,0.0013013369254244456,-0.04328011841574875
2016-11-08,1062217.724693754,0.009643173718586917,-0.034054302397605984
2016-11-09,1059354.939973754,-0.00269510162883535,-0.03665762422058061
2016-11-10,1074450.1309481119,0.014249417645356699,-0.02293055637262953
2016-11-11,1080914.064023712,0.006016038240784782,-0.01705246923586501
2016-11-14,1075634.9528557118,-0.004883932352909404,-0.021853118482576317
2016-11-15,1079408.789463712,0.0035084733886536767,-0.018421316178577785
2016-11-16,1088123.1819117118,0.00807330136002471,-0.010496735655511125
2016-11-17,1083816.1423597117,-0.003958227913528289,-0.014413415096966808
2016-11-18,1080691.4715757119,-0.0028830266148248684,-0.017254887452456513
2016-11-21,1091044.369659011,0.009579883209593687,-0.00784030404945213
2016-11-22,1092253.722619011,0.0011084360944715321,-0.006740558430980648
2016-11-23,1075469.191419011,-0.015366879372820108,-0.022003856455486415
2016-11-24,1069786.332757011,-0.0052840738789567965,-0.027171660331310465
2016-11-25,1068159.2917330111,-0.0015209027954271592,-0.028651237672583263
2016-11-28,1079028.5271030029,0.01017566897944322,-0.018767114203547597
2016-11-29,1070479.5986830029,-0.007922801117179357,-0.02654122720734875
2016-11-30,1067737.3341762843,-0.002561715804852649,-0.029034951930984154
2016-12-01,1071107.9037762843,0.0031567404193095783,-0.02596986731800799
2016-12-02,1059092.7143702842,-0.011217534072561208,-0.03689608351906948
2016-12-05,1070867.0888536843,0.01111741618428641,-0.026188856450834797
2016-12-06,1068600.1103231758,-0.0021169560201305115,-0.02825037181364143
2016-12-07,1072567.8950662767,0.003713067877094689,-0.024642199484643856
2016-12-08,1067858.0283223598,-0.004391206156348582,-0.02892519666290949
2016-12-09,1070064.2897623598,0.0020660625115738185,-0.026918895415800725
2016-12-12,1062361.84368236,-0.007198115247552539,-0.03392324535181357
2016-12-13,1073853.8707983599,0.01081743210596331,-0.023472775649257427
2016-12-14,1068876.7035816761,-0.004634864530481675,-0.027998847044450326
2016-12-15,1069080.0735616763,0.00019026514407016748,-0.027813909105046886
2016-12-16,1099349.1165021856,0.0283131672632031,-0.00028824170257846227
2016-12-19,1073280.6289495071,-0.023712656117486075,-0.023994062843692543
2016-12-20,1063670.7814932484,-0.008953713685920683,-0.032732940560748824
2016-12-21,1075011.089431258,0.010661482984508863,-0.02242043926506132
2016-12-22,1075218.9190829522,0.00019332791423032347,-0.02223144584759018
2016-12-23,1073713.415082952,-0.0014001836958785763,-0.023600501435457222
2016-12-26,1073555.678860472,-0.0001469071916808673,-0.023743941543749925
2016-12-27,1069285.231010312,-0.0039778540920141214,-0.027627345700733663
2016-12-28,1065539.231010312,-0.0035032747964363065,-0.031033834313284214
2016-12-29,1052748.5331769406,-0.012003967062989895,-0.04266527225133909
2016-12-30,1052901.0197917125,0.00014484619067745008,-0.04252660596282154
2017-01-03,1054367.6456989408,0.0013929380631794164,-0.04119290482778559
2017-01-04,1055274.3525772404,0.0008599532449600211,-0.04036837555500161
2017-01-05,1063053.7960862499,0.007371963025548878,-0.033294006701445666
2017-01-06,1056520.1961925055,-0.0061460670361166425,-0.039235446540474284
2017-01-09,1062336.3625723107,0.005505021485405992,-0.033946417031263
2017-01-10,1056440.9569868592,-0.005549471705154296,-0.0393075040556109
2017-01-11,1052137.8598947285,-0.004073201690706685,-0.04322059835434078
2017-01-12,1046747.1704925201,-0.005123558050413424,-0.048122713160112185
2017-01-13,1043953.4577792491,-0.0026689469931469034,-0.05066322318266836
2017-01-16,1042280.3964215033,-0.0016026206391468456,-0.052184649894696955
2017-01-17,1045278.126859539,0.0028761266625831894,-0.04945861289505349
2017-01-18,1043369.1991332893,-0.0018262390431769138,-0.05119452868834007
2017-01-19,1037907.8036758106,-0.005234384398174141,-0.056160941244276064
2017-01-20,1041362.8759072388,0.0033288816397678556,-0.05301901273068832
2017-01-23,1043293.1399072388,0.0018535940205457457,-0.05126369443511536
2017-01-24,1039377.7647815318,-0.0037529002884607587,-0.054824207189943075
2017-01-25,1040863.5387815317,0.001429484110921253,-0.05347309341209372
2017-01-26,1045163.9359499245,0.004131566731049974,-0.04956245433479145
2017-02-03,1041725.1306446566,-0.0032902066240378947,-0.052689590243273354
2017-02-06,1038478.1164024242,-0.003116958731928743,-0.055642317696811605
2017-02-07,1037231.6821408104,-0.00120025086896558,-0.056775783825610326
2017-02-08,1037590.4486007729,0.00034588845109517763,-0.0564495334624423
2017-02-09,1040331.3284228948,0.0026415815853144675,-0.053957067925221924
2017-02-10,1039268.5837125495,-0.0010215444650276684,-0.05492349284616138
2017-02-13,1043787.6580129536,0.004348321859456883,-0.050813996011245255
2017-02-14,1044652.2833699423,0.0008283536889435172,-0.050027734283347614
2017-02-15,1046026.3391389109,0.0013153235682747955,-0.04877821337304311
2017-02-16,1047068.8825042623,0.0009966702809889316,-0.04783015888768283
2017-02-17,1042747.8653223374,-0.004126774517059784,-0.05175954912389802
2017-02-20,1065207.6059187308,0.021538994557855684,-0.03133540321293904
2017-02-21,1085033.3305341462,0.018612075716748055,-0.013306544393405062
2017-02-22,1093376.8356150154,0.007689630213259635,-0.005719236585946974
2017-02-23,1076099.5154777411,-0.01580179822225325,-0.02143066058568377
2017-02-24,1073766.530755511,-0.0021680009038889114,-0.023552199798051898
2017-02-27,1073051.3600232434,-0.0006660393221276095,-0.024202552428991386
2017-02-28,1069663.6391526042,-0.0031570910739685543,-0.027283233840719068
2017-03-01,1072307.6733439509,0.002471837028546142,-0.02487883651983902
2017-03-02,1059786.9922731053,-0.011676388579595187,-0.0362647301368203
2017-03-03,1056506.3511253765,-0.0030955665352074835,-0.039248036787007945
2017-03-06,1055640.716521066,-0.0008193368675810664,-0.04003521629106921
2017-03-07,1053203.807907316,-0.0023084640215290664,-0.042251260456196205
2017-03-08,1052850.1828275612,-0.00033576130004442373,-0.04257283541810142
2017-03-09,1052950.3171361869,9.510784179833642e-05,-0.04248177658679886
2017-03-10,1053394.3341981573,0.0004216885210481802,-0.04207800214329105
2017-03-13,1057425.4827352338,0.0038268181308807048,-0.03841220887392349
2017-03-14,1059615.1997683225,0.002070800324789346,-0.03642095256374611
2017-03-15,1056672.3461246425,-0.002777285229886739,-0.03909708642001908
2017-03-16,1060958.6311281924,0.004056399336340943,-0.03519928047908516
2017-03-17,1052555.3226143126,-0.007920486499029655,-0.042840971552304596
2017-03-20,1054382.7924921927,0.0017362221620247364,-0.04117913083453162
2017-03-21,1060193.1404885177,0.005510662766594843,-0.03589539237098738
2017-03-22,1064144.715324379,0.0037272216589143703,-0.03230196079597336
2017-03-23,1063677.984494827,-0.00043859714081251333,-0.03272639038913816
2017-03-24,1066275.9926987372,0.0024424762397843303,-0.030363847580293313
2017-03-27,1063286.3725964872,-0.0028037957552465853,-0.033082509308581254
2017-03-28,1059990.136535667,-0.0031000454306311376,-0.03607999745739643
2017-03-29,1049875.9078431271,-0.009541813969699775,-0.04527754280333052
2017-03-30,1043151.3869708471,-0.006405062562198305,-0.05139259987121092
2017-03-31,1045882.8011154856,0.0026184254545928987,-0.04890874210829832
2017-04-05,1061558.2302872655,0.014987749253607907,-0.034654024817719065
2017-04-06,1077353.5411507057,0.01487936357402253,-0.020290291078262634
2017-04-07,1066750.1065630855,-0.00984211234530763,-0.029932704099258967
2017-04-10,1072712.2027751256,0.005589027997615181,-0.02451097082289877
2017-04-11,1068602.6663411155,-0.003830977612987563,-0.028248047455391223
2017-04-12,1046567.9782799194,-0.02062009459198022,-0.04828566463680262
2017-04-13,1060842.5250408296,0.013639388035138422,-0.035304863518180074
2017-04-14,1045748.5721281696,-0.014228269094019419,-0.049030805513735176
2017-04-17,1038552.3567693266,-0.0068814010849646,-0.05557480596044084
2017-04-18,1043084.4017066284,0.004363809785574713,-0.05145351405694765
2017-04-19,1048848.7261750803,0.005526230148797717,-0.04621162786879296
2017-04-20,1049003.842833506,0.0001478923075888261,-0.04607056990548697
2017-04-21,1037512.4370849412,-0.010954588800671017,-0.0565204745570308
2017-04-24,1033584.9262550562,-0.0037855072281542945,-0.06009202312021078
2017-04-25,1045817.5568699816,0.011835148040758803,-0.0489680730691483
2017-04-26,1052021.4657712616,0.0059321139337606965,-0.043326443323950525
2017-04-27,1038151.5205296617,-0.0131840895769475,-0.05593931319106449
2017-04-28,1037382.9371306215,-0.0007403383647196504,-0.05663823753613273
2017-05-02,1035437.2293459816,-0.0018755926235124454,-0.058407599899113705
2017-05-03,1030433.2212945421,-0.004832748823026423,-0.0629580794624719
2017-05-04,1027760.1918073997,-0.0025940831796786856,-0.06538884414719215
2017-05-05,1023405.8642633996,-0.0042367155088413044,-0.06934852572592987
2017-05-08,1015319.0184409996,-0.007901895137390702,-0.07670243608510152
2017-05-09,1022760.3991289996,0.007329105978361339,-0.06993549038960634
2017-05-10,1020975.6691266536,-0.0017450128142093568,-0.07155846487691786
2017-05-11,1023654.0863746535,0.0026233898896836916,-0.06912280074051347
2017-05-12,1031979.3248843716,0.008132863064321372,-0.06155210394923705
2017-05-15,1035119.9241716994,0.003043277332789307,-0.05869614673918189
2017-05-16,1048817.5927260998,0.013232929088251355,-0.046239939598483715
2017-05-17,1040898.1845944196,-0.007550796426951556,-0.053441587654732614
2017-05-18,1040990.8087704196,8.898485689656788e-05,-0.053357358289865764
2017-05-19,1041792.1578144196,0.000769794543091562,-0.052628637950019486
2017-05-22,1044859.8193104195,0.002944600295739841,-0.04983900795715157
2017-05-23,1047049.0251315396,0.0020952148610373644,-0.04784821652624538
2017-05-24,1053460.0405870394,0.0061229372279816285,-0.042018250924524714
2017-05-25,1051401.606016105,-0.0019539749887307334,-0.04389012330187869
2017-05-26,1048340.5312181052,-0.0029114229809850123,-0.04667376356924435
2017-05-31,1050004.7089241052,0.0015874400125179822,-0.04516041535655102
2017-06-01,1060047.344830105,0.009564372255330245,-0.03602797412489611
2017-06-02,1053806.1983581053,-0.005887611060428677,-0.041703466486382235
2017-06-05,1054557.056368105,0.0007125200166497869,-0.04102066102436763
2017-06-06,1058907.8437836436,0.004125701297303497,-0.0370641987214686
2017-06-07,1068477.0799751438,0.009036892348731618,-0.0283622515465749
2017-06-08,1071576.5079658881,0.002900790338728143,-0.025543734153117725
2017-06-09,1081859.3171133883,0.00959596358361714,-0.01619288731222357
2017-06-12,1071818.6111028756,-0.009280971981924013,-0.025323573560696366
2017-06-13,1069282.492448232,-0.0023661826995465818,-0.027629836058592927
2017-06-14,1077144.4081322318,0.007352515111324065,-0.020480469734412976
2017-06-15,1077923.4164866316,0.0007232162637789141,-0.019772065279435758
2017-06-16,1078306.7335042318,0.00035560691208424977,-0.019423489450431042
2017-06-19,1095097.2258362318,0.015571165244823382,-0.004154770569471444
2017-06-20,1091770.691083832,-0.003037661564579075,-0.007179811347182041
2017-06-21,1112438.670499832,0.018930696331005414,0.0
2017-06-22,1093152.7086974317,-0.017336651730863295,-0.017336651730863295
2017-06-23,1114849.029233432,0.01984747452334723,0.0
2017-06-26,1147727.131101432,0.02949107996318312,0.0
2017-06-27,1145681.559902332,-0.0017822800765692204,-0.0017822800765692204
2017-06-28,1144584.317498332,-0.0009577202273323149,-0.0027382933782214014
2017-06-29,1152114.7495183318,0.006579185041132529,0.0
2017-06-30,1157025.9612263318,0.0042627799965699875,0.0
2017-07-03,1149105.1685343317,-0.006845821059714874,-0.006845821059714874
2017-07-04,1139150.74642452,-0.0086627598433906,-0.01544927719933431
2017-07-05,1156448.8374535772,0.015185076324052194,-0.000498799328705557
2017-07-06,1163771.1959063653,0.006331761696359628,0.0
2017-07-07,1192735.629927565,0.024888426628089766,0.0
2017-07-10,1214322.8063275653,0.018098877788459422,0.0
2017-07-11,1207921.7149868733,-0.0052713259664871615,-0.0052713259664871615
2017-07-12,1244123.8880689207,0.029970628587003167,0.0
2017-07-13,1234372.9482187822,-0.007837595551093757,-0.007837595551093757
2017-07-14,1239892.5076520704,0.004471549251993112,-0.0034010924936246356
2017-07-17,1224639.2890520704,-0.012302049174314655,-0.015661301260836313
2017-07-18,1262781.5307977505,0.031145694970479143,0.0
2017-07-19,1306708.4264450707,0.0347858236567411,0.0
2017-07-20,1323608.0967950707,0.012933007860044254,0.0
2017-07-21,1311310.5976654706,-0.009290891434841408,-0.009290891434841408
2017-07-24,1343397.1602654706,0.024469078994041382,0.0
2017-07-25,1354997.9650654704,0.00863542453648436,0.0
2017-07-26,1382500.0467915903,0.020296769762891076,0.0
2017-07-27,1370896.7842997,-0.008392956310430688,-0.008392956310430688
2017-07-28,1415924.463514521,0.03284541894802295,0.0
2017-07-31,1163395.8785311105,-0.17834891019299115,-0.17834891019299115
2017-08-01,1164180.2131446167,0.0006741768885210053,-0.17779497201781524
2017-08-02,1475196.1637885184,0.2671544724195263,0.0
2017-08-03,1486356.6420999286,0.007565419830504849,0.0
2017-08-04,1446901.972832027,-0.026544550715742132,-0.026544550715742132
2017-08-07,1490380.2268814025,0.030049205036520643,0.0
2017-08-08,1493268.8634776403,0.0019381876813289178,0.0
2017-08-09,1504085.9457644715,0.00724389462031616,0.0
2017-08-10,1485753.628283745,-0.012188344377760285,-0.012188344377760285
2017-08-11,1437426.3092912373,-0.032527141830595796,-0.04431903420210048
2017-08-14,1457629.7509538063,0.014055288630782758,-0.030886662388865838
2017-08-15,1451754.3541765385,-0.004030788184326783,-0.03479295297938234
2017-08-16,1451762.0512743273,5.301928502232656e-06,-0.03478783552062903
2017-08-17,1440758.896203689,-0.007579172537937606,-0.04210334505093438
2017-08-18,1430569.5500424278,-0.00707220770117023,-0.04887778915099028
2017-08-21,1418625.8808725327,-0.00834889095014002,-0.05681860476962475
2017-08-22,1407949.1085098723,-0.007526136740219069,-0.06391711692095914
2017-08-23,1403319.0801549037,-0.0032884912721518056,-0.06699541731197534
2017-08-24,1395448.933481085,-0.005608237488618606,-0.07222792858965932
2017-08-25,1421953.4312563825,0.01899352755903383,-0.054606264182825104
2017-08-28,1429959.9300818793,0.005630633640668847,-0.049283098410255244
2017-08-29,1425228.5023936392,-0.0033087834062379695,-0.052428814718265326
2017-08-30,1428169.1713188118,0.0020632964610474147,-0.050473694445083095
2017-08-31,1445176.3643442807,0.011908388282715787,-0.0391663665138825
2017-09-01,1459951.2909001915,0.01022361486143919,-0.029343173499203234
2017-09-04,1459345.2360085086,-0.00041511993959009175,-0.029746112502382904
2017-09-05,1456157.1907648572,-0.0021845723444927634,-0.03186570231214669
2017-09-06,1464010.751833385,0.00539334703583938,-0.026644218067417458
2017-09-07,1457167.9396841745,-0.004674017687808174,-0.031193700208700714
2017-09-08,1463294.845501259,0.004204666909163768,-0.02712019241857877
2017-09-11,1459959.4788485505,-0.0022793537904973737,-0.02933772969568782
2017-09-12,1455772.1180063558,-0.002868134974196135,-0.03212172010128023
2017-09-13,1451268.0007532844,-0.0030939713691175985,-0.03511630778807773
2017-09-14,1444651.9339317274,-0.004558818094330563,-0.03951503702305792
2017-09-15,1450715.4962038763,0.004197247883541477,-0.03548364354502953
2017-09-18,1457710.647915148,0.00482186323202316,-0.030832877589154428
2017-09-19,1456662.1328327563,-0.0007192888958390542,-0.03152998873851687
2017-09-20,1455751.2920301242,-0.0006252931150620977,-0.03213556636870285
2017-09-21,1442613.2868001787,-0.009024896836343443,-0.04087044303379128
2017-09-22,1440298.1180561138,-0.0016048436301319136,-0.042409695993759655
2017-09-25,1416347.8369088287,-0.016628697105852908,-0.058333175110581004
2017-09-26,1415284.2113034711,-0.0007509635540369208,-0.05904033257611874
2017-09-27,1419586.0895481927,0.0030395861201331087,-0.056180204631412045
2017-09-28,1418433.9130740713,-0.0008116284617075697,-0.056946235640056075
2017-09-29,1410945.4409358636,-0.005279394456932041,-0.061924988456206864
2017-10-09,1440445.7172579677,0.02090816233300763,-0.04231156383431123
2017-10-10,1439380.806253623,-0.0007392927005759331,-0.0430195759045946
2017-10-11,1434943.9206790235,-0.003082495997808743,-0.04596946423184989
2017-10-12,1434231.7217385846,-0.0004963252780652017,-0.04644297370279771
2017-10-13,1442902.749455482,0.006045764840834966,-0.04067799215947887
2017-10-16,1430000.5785422276,-0.0089418160150595,-0.04925607305278623
2017-10-17,1432284.9499246269,0.0015974618588812106,-0.04773729589192521
2017-10-18,1436058.3702294556,0.0026345458039109815,-0.04522851618059631
2017-10-19,1419487.768834684,-0.011538946980354181,-0.05624557371074257
2017-10-20,1421411.555100579,0.0013552679411068524,-0.05496653359251502
2017-10-23,1427622.0380451463,0.004369236286479783,-0.050837459079149605
2017-10-24,1429501.1707580404,0.0013162676554554498,-0.049588107126765646
2017-10-25,1426851.6591183224,-0.0018534518851166526,-0.05134964984124879
2017-10-26,1409405.949877063,-0.012226715461114868,-0.06294852774472681
2017-10-27,1416454.5747262996,0.005001131753311627,-0.05826220987234354
2017-10-30,1418877.429184634,0.0017105062891287215,-0.05665136145962002
2017-10-31,1397727.88711907,-0.014905827403088545,-0.07071275344664141
2017-11-01,1393210.1202520016,-0.0032322220288386605,-0.07371641615607005
2017-11-02,1388857.1504593408,-0.0031244172931168546,-0.07661051260376228
2017-11-03,1387068.009791695,-0.001288210718470184,-0.07780003283874881
2017-11-06,1398319.555335648,0.00811174755997901,-0.07031937950531575
2017-11-07,1393699.4045029702,-0.0033040736754688105,-0.0733911127700857
2017-11-08,1379703.6522429702,-0.010042159890992552,-0.08269626737206326
2017-11-09,1408845.56818377,0.021121866201792017,-0.06332110066509156
2017-11-10,1415229.3773388201,0.004531234153137165,-0.05907678924590232
2017-11-13,1432761.87117877,0.012388446792220842,-0.047420212113909566
2017-11-14,1416326.4423387703,-0.011471151745877983,-0.05834739941080713
2017-11-15,1397222.52233877,-0.013488359342111789,-0.07104874806298833
2017-11-16,1382825.26598829,-0.010304197162797624,-0.08062084491757493
2017-11-17,1367016.08482109,-0.011432522644790777,-0.0911316679272034
2017-11-20,1370835.4390123768,0.002793935077791465,-0.08859234881313138
2017-11-21,1385472.0942834364,0.010677178933748976,-0.07886108623982124
2017-11-22,1374884.3215081524,-0.007641996413330854,-0.085900426514956
2017-11-23,1343421.2690989687,-0.022884145172788695,-0.106818813856972
2017-11-24,1329870.0115193767,-0.010087124486782062,-0.11582844367084844
2017-11-27,1319611.9546895206,-0.007713578576101665,-0.1226485704453475
2017-11-28,1317174.3249370086,-0.0018472322441831501,-0.12426924229550107
2017-11-29,1311039.5189759461,-0.004657550519257092,-0.12834800254077705
2017-11-30,1299344.129448494,-0.008920699458844328,-0.13612374804281202
2017-12-01,1304225.022648494,0.00375642840828605,-0.1328786587487164
2017-12-04,1292208.298970854,-0.009213688948581655,-0.14086804506768258
2017-12-05,1284999.5526046315,-0.005578625653436586,-0.14566082063115515
2017-12-06,1292813.094290222,0.006080579304290623,-0.14046594349824026
2017-12-07,1276856.6868885001,-0.01234239309007179,-0.15107465069788895
2017-12-08,1282930.182900892,0.004756599604919032,-0.14703665271679278
2017-12-11,1280818.37772517,-0.00164607957928542,-0.14844069826463469
2017-12-12,1282610.8519643513,0.001399475733916855,-0.14724896168586477
2017-12-13,1295843.217568892,0.01031674227944901,-0.1384513489950452
2017-12-14,1307836.395717104,0.009255115113934842,-0.13047761705373906
2017-12-15,1310001.4638568745,0.0016554579356107268,-0.12903815932469942
2017-12-18,1303296.0341165806,-0.005118642936895568,-0.1334963019987776
2017-12-19,1295927.18879499,-0.0056540073235052946,-0.13839552025312096
2017-12-20,1286214.9358802992,-0.007494443359678082,-0.14485276622502885
2017-12-21,1288925.750609564,0.002107590771684986,-0.14305046580669278
2017-12-22,1262295.3132562838,-0.020660955327090003,-0.16075586185023127
2017-12-25,1267627.661263733,0.004224326868245809,-0.15721062028842747
2017-12-26,1268593.083229173,0.0007615974271795167,-0.1565687540651849
2017-12-27,1263612.3279223952,-0.003926204054415461,-0.1598802372425948
2017-12-28,1264684.7912745553,0.0008487281490228149,-0.15916720395139217
2017-12-29,1270306.5757747015,0.004445206061567841,-0.1554295289096319
2018-01-02,1276512.4157969416,0.004885308901479535,-0.15130354126928747
2018-01-03,1279745.3962628937,0.002532666683021434,-0.1491540760242619
2018-01-04,1281132.4682628936,0.0010838655908045336,-0.1482318734041883
2018-01-05,1275552.3082628935,-0.004355646381803413,-0.1519418741629308
2018-01-08,1271662.5749412938,-0.0030494502627625986,-0.15452798523760258
2018-01-09,1268306.3947971237,-0.0026392065083185035,-0.15675936048156458
2018-01-10,1261831.7363801338,-0.005104963945266272,-0.1610640735434895
2018-01-11,1263142.6841804036,0.0010389244163651057,-0.16019248252572782
2018-01-12,1250056.4753854345,-0.010360040048413177,-0.16889292203971973
2018-01-15,1250414.6253854344,0.000286507055522911,-0.16865480399798916
2018-01-16,1262905.4403854343,0.009989338533328285,-0.16035021539706895
2018-01-17,1252327.388909617,-0.008375964769451794,-0.1673830924115809
2018-01-18,1256194.969576917,0.0030883143669542257,-0.1648117096537065
2018-01-19,1256434.1350569169,0.0001903888216336913,-0.16465269913926517
2018-01-22,1259713.4395205171,0.0026100090502967355,-0.16247243512387777
2018-01-23,1264038.6833405169,0.0034335140709826906,-0.15959677244503967
2018-01-24,1270821.348120517,0.005365868046123046,-0.15508727962044389
2018-01-25,1257306.548592517,-0.010634696645589026,-0.16407267009367987
2018-01-26,1263192.6348304062,0.004681504478345699,-0.16015927255515183
2018-01-29,1254272.927883896,-0.007061240463698271,-0.16608958988284728
2018-01-30,1253872.335574396,-0.0003193820902887001,-0.16635592593274395
2018-01-31,1236616.4873428964,-0.013762045578264326,-0.1778285736761075
2018-02-01,1217371.819133896,-0.01556235777702697,-0.1906234995666085
2018-02-02,1215360.3988840473,-0.0016522645080445653,-0.19196080363191992
2018-02-05,1220476.4834255374,0.004209520522626686,-0.18855934605172175
2018-02-06,1204091.9952455373,-0.013424665204538333,-0.19945266516432902
2018-02-07,1195457.5043484578,-0.007170956148843666,-0.20519335499750935
2018-02-08,1192803.0560694127,-0.002220445536030846,-0.20695817986441267
2018-02-09,1180803.1094294125,-0.010060291662517207,-0.21493641187555024
2018-02-12,1181910.87640598,0.0009381470693303751,-0.21419990677111334
2018-02-13,1181883.4022169118,-2.3245567509877496e-05,-0.21421817314022973
2018-02-14,1184747.4022169118,0.00242325088467088,-0.21231402663313348
2018-02-22,1184126.913660568,-0.0005237306747267745,-0.21272656193943773
2018-02-23,1183664.913660568,-0.00039016088112697744,-0.21303372523771924
2018-02-26,1197118.335440568,0.011365904002674565,-0.20408914210542883
2018-02-27,1194419.0487925678,-0.002254820236302524,-0.2058837780141024
2018-02-28,1195699.4487925677,0.00107198558269328,-0.20503249687315062
2018-03-01,1197676.648792568,0.0016535928004288714,-0.20371794433340518
2018-03-02,1194238.2487925678,-0.0028708917414951296,-0.20600398391091912
2018-03-05,1198167.8487925678,0.0032904657039523055,-0.20339136725090323
2018-03-06,1207398.8487925678,0.007704262812011198,-0.19725408498588726
2018-03-07,1199763.9461025677,-0.006323430486649295,-0.20233019297792065
2018-03-08,1193804.946102568,-0.004966810362453056,-0.20629206764125385
2018-03-09,1206678.3461025679,0.010783503655289683,-0.1977331152514309
2018-03-12,1216727.3461025679,0.008327819946763126,-0.1910519810859943
2018-03-13,1219988.9461025677,0.0026806334306921364,-0.1888834879828013
2018-03-14,1210516.7461025678,-0.007764168708462749,-0.19518113342432264
2018-03-15,1212435.146102568,0.001584777745683219,-0.1939056743952675
2018-03-16,1210654.8805789356,-0.0014683387638134704,-0.19508929394084307
2018-03-19,1203354.1128410157,-0.006030428535032772,-0.19994325043081562
2018-03-20,1213388.9482805836,0.008339054425032577,-0.19327153365304361
2018-03-21,1205572.5192012556,-0.006441816608272366,-0.1984683304859235
2018-03-22,1198737.5011544079,-0.005669520446083376,-0.20301263067441688
2018-03-23,1178868.925800374,-0.01657458395595368,-0.21622236473913847
2018-03-26,1176800.6163636623,-0.0017544863482659157,-0.21759749190027977
2018-03-27,1178969.0670788847,0.0018426661960144752,-0.21615578524692747
2018-03-28,1168514.2138362285,-0.00886779266275417,-0.22310675322325701
2018-03-29,1169236.9279233327,0.0006184897697834035,-0.2226262526979118
2018-03-30,1179968.4354105166,0.009178214638023707,-0.2154913495912083
2018-04-02,1177729.9572145166,-0.0018970661661988908,-0.21697961440898927
2018-04-03,1176994.6289121807,-0.000624360701561022,-0.2174685015662735
2018-04-04,1180867.2525172527,0.0032902644667556213,-0.21489376598285992
2018-04-09,1171599.8926221805,-0.007847926915846792,-0.22105522232860209
2018-04-10,1186742.6974758361,0.012924894367960515,-0.21098744335872477
2018-04-11,1183027.3418371372,-0.003130717085178869,-0.21345761845022226
2018-04-12,1183385.978310766,0.0003031514665348123,-0.2132191769737637
2018-04-13,1170799.431110766,-0.01063604557658071,-0.22158741366625045
2018-04-16,1187784.256710766,0.014507032672441689,-0.21029495684366684
2018-04-17,1176570.650310766,-0.009440777091163866,-0.21775038612387376
2018-04-18,1180267.3399107659,0.0031419189311101547,-0.21529262125318283
2018-04-19,1185515.151110766,0.004446290278943721,-0.21180358446324543
2018-04-20,1179724.320710766,-0.004884653219804358,-0.2156536506222353
2018-04-23,1163311.026310766,-0.013912821929542796,-0.22656612171221513
2018-04-24,1174243.407790766,0.00939764279091393,-0.21929766640167536
2018-04-25,1189759.748590766,0.013213904968129686,-0.20898153995711
2018-04-26,1181099.476590766,-0.007279009069064313,-0.21473937050155956
2018-04-27,1182699.0311519788,0.0013542928372380914,-0.21367589765566464
2018-05-02,1190543.485551979,0.006632671705463,-0.20846046803072182
2018-05-03,1184073.247440502,-0.005434692802066765,-0.2127622422276666
2018-05-04,1197444.385920502,0.011292492680586408,-0.20387236561014133
2018-05-07,1204100.1516405018,0.005558308843615523,-0.19944724233926536
2018-05-08,1197798.261354654,-0.005233692793130018,-0.20363708953755477
2018-05-09,1197139.787704654,-0.0005497366887603494,-0.20407487944700398
2018-05-10,1201775.342534654,0.003872191767085198,-0.20099290474798237
2018-05-11,1181352.226694654,-0.016994121211478586,-0.21457132817352664
2018-05-14,1182549.7553146542,0.0010136931161934815,-0.21377514453563506
2018-05-15,1184375.396274654,0.0015438174603603638,-0.21256135687599986
2018-05-16,1181935.662514654,-0.0020599328284545138,-0.21418342758736464
2018-05-17,1182717.898354654,0.0006618260746407145,-0.21366335368985712
2018-05-18,1184299.368380822,0.001337148975565583,-0.21261190444879385
2018-05-21,1188960.791900822,0.003936017905990408,-0.20951273080574062
2018-05-22,1203210.005234419,0.011984594808056137,-0.20003906118352066
2018-05-23,1198253.0708344188,-0.00411975829525657,-0.203334706897091
2018-05-24,1193807.639794419,-0.0037099266826030597,-0.20629027672507738
2018-05-25,1184063.3789944188,-0.00816233744464756,-0.21276880331954506
2018-05-28,1189695.024274419,0.004756202564750511,-0.209024572282842
2018-05-29,1173148.451114459,-0.013908247762952186,-0.22002565450593936
2018-05-30,1167865.745994459,-0.004503015040408287,-0.22353789071483166
2018-05-31,1176608.2896854493,0.007485914987211073,-0.21772536137393228
2018-06-01,1167068.1274274974,-0.008108188886296497,-0.2240681919048717
2018-06-04,1175118.3265187421,0.0068977970540498035,-0.2187159717648497
2018-06-05,1191060.348504406,0.013566312111642054,-0.20811682878997062
2018-06-06,1191274.2337044058,0.00017957545162894384,-0.20797462601186334
2018-06-07,1189893.794504406,-0.0011587921243854105,-0.20889241877755416
2018-06-08,1189207.825704406,-0.0005764958210288107,-0.2093484889921131
2018-06-11,1184868.709704406,-0.0036487449091833213,-0.2122333746678412
2018-06-12,1203246.7573044063,0.01551061940405618,-0.20001462636309641
2018-06-13,1206813.8737044062,0.0029645759511467418,-0.19764300896314335
2018-06-14,1178305.901704406,-0.02362250933732879,-0.21659669447578256
2018-06-15,1173845.4466219102,-0.0037854814068601916,-0.21956225312291733
2018-06-19,1169412.8610219099,-0.0037761236905219375,-0.2225092825878774
2018-06-20,1168626.3458892382,-0.0006725726720538949,-0.2230322015971844
2018-06-21,1168761.0381211594,0.00011525688462787897,-0.22294265070928432
2018-06-22,1170115.3581211595,0.001158765526764416,-0.22204222344060742
2018-06-25,1161514.336686867,-0.007350575628802147,-0.2277606609132219
2018-06-26,1158120.3092692671,-0.0029220710501784986,-0.23001719912977636
2018-06-27,1151081.917364152,-0.006077427231680477,-0.23469671357171062
2018-06-28,1147123.321223592,-0.003439022089431032,-0.23732860847885173
2018-06-29,1153603.497223592,0.005649066565125649,-0.2330202270208318
2018-07-02,1151082.179223592,-0.0021856019040060737,-0.23469653947298919
2018-07-03,1151289.533223592,0.0001801383113584354,-0.2345586789999332
2018-07-04,1146795.677223592,-0.0039033239426898847,-0.2375464444349169
2018-07-05,1134192.101223592,-0.010990254192894677,-0.24592600282085353
2018-07-06,1136878.737843592,0.0023687668227467817,-0.24413977735443948
2018-07-09,1168508.963928312,0.02782198754522902,-0.22311024365406062
2018-07-10,1168452.2847283122,-4.850557569480163e-05,-0.2231479271389436
2018-07-11,1169896.6128083123,0.0012361036037822348,-0.22218765749207448
2018-07-12,1174250.627248312,0.0037217087324905584,-0.2192928665047238
2018-07-13,1181609.4272483122,0.006266805253699825,-0.21440032693893463
2018-07-16,1172922.8436803124,-0.0073514846510904786,-0.2201756508773447
2018-07-17,1183432.451262741,0.008960186630394329,-0.21318827917027994
2018-07-18,1181577.5270851753,-0.0015674102696663361,-0.21442153594180224
2018-07-19,1181602.3966351754,2.1047751357805566e-05,-0.21440500128161866
2018-07-20,1181478.0172951752,-0.00010526327667781388,-0.21448769558532543
2018-07-23,1175702.9394951754,-0.004888011216003019,-0.2183272885396128
2018-07-24,1178556.091222025,0.0024267624337783733,-0.21643035456793114
2018-07-25,1178199.7011724648,-0.0003023954924289418,-0.21666730249671395
2018-07-26,1176674.4870342612,-0.0012945293880873843,-0.21768134969428166
2018-07-27,1172391.3034116854,-0.0036400752032716976,-0.22052904841431653
2018-07-30,1180093.705907854,0.006569822271586645,-0.21540806279653402
2018-07-31,1197121.0136580924,0.014428776007358701,-0.20408736147744555
2018-08-01,1212497.6106425356,0.0128446471233985,-0.19386414449457035
2018-08-02,1209603.7123456397,-0.0023867249481525077,-0.1957881690525054
2018-08-03,1204998.113258592,-0.0038075272422209983,-0.19885022750735437
2018-08-06,1178470.168436384,-0.0220149264387397,-0.21648748081519298
2018-08-07,1194063.089601376,0.013231494171533464,-0.20612043948427572
2018-08-08,1190503.3522329282,-0.002981197056879381,-0.20848715089360192
2018-08-09,1203435.776232928,0.010862988311409305,-0.1998889560654289
2018-08-10,1202296.928232928,-0.0009463305167517477,-0.20064612556309425
2018-08-13,1200467.216232928,-0.001521847022173839,-0.20186261987656917
2018-08-14,1196132.5561529282,-0.003610810875454007,-0.20474454300882516
2018-08-15,1188841.6244307866,-0.006095421184413752,-0.20959195996838986
2018-08-16,1180634.1305907865,-0.006903773952169456,-0.21504875840674542
2018-08-17,1175951.8239735384,-0.003965925171843909,-0.2181618162944503
2018-08-20,1177314.0962935383,0.0011584422866890431,-0.21725610188109767
2018-08-21,1178352.1260135383,0.0008816931040476206,-0.216565961983891
2018-08-22,1179351.8345335387,0.0008483953972082681,-0.2159013001520219
2018-08-23,1177781.4926935385,-0.0013315295690545792,-0.2169453507559267
2018-08-24,1177753.3529735385,-2.3892139734416062e-05,-0.21696405960702614
2018-08-27,1177984.0282999384,0.00019586047096997738,-0.21681069381895424
2018-08-28,1179592.1593399385,0.0013651552154920754,-0.2157415188529035
2018-08-29,1177234.6449863384,-0.0019985842860461567,-0.21730892552952263
2018-08-30,1177864.4989063386,0.0005350283587750582,-0.21689016360852076
2018-08-31,1170392.6291303386,-0.00634357329127222,-0.2218578782507864
2018-09-03,1173811.0135303386,0.002920715933199425,-0.2195851461574999
2018-09-04,1176700.0051623387,0.0024612067860150244,-0.21766438382331577
2018-09-05,1172640.1029623386,-0.003450244057269347,-0.22036363263381953
2018-09-06,1172803.451966909,0.0001393002031551127,-0.22025502912945827
2018-09-07,1175314.451966909,0.0021410237118493214,-0.21858557665762912
2018-09-10,1166449.651966909,-0.0075424921263961275,-0.22447938879314144
2018-09-11,1172453.717102909,0.005147299007613126,-0.22048755232069273
2018-09-12,1173015.568675325,0.0004792100227242191,-0.22011400214292653
2018-09-13,1182845.1782753249,0.00837977761122155,-0.21357873091877855
2018-09-14,1175410.393919434,-0.006285509289331803,-0.2185217891109168
2018-09-17,1177606.7757554112,0.0018686084854613316,-0.21706151229484627
2018-09-18,1189996.3315993538,0.010520961749727498,-0.20882424641331088
2018-09-19,1189907.3006129535,-7.481618559335157e-05,-0.20888343916532814
2018-09-20,1183758.9857397738,-0.005167053660409038,-0.21297118088679923
2018-09-21,1184363.1902797737,0.0005104117876006953,-0.21256947210034238
2018-09-25,1178363.3524715984,-0.00506587663093272,-0.2165584980101123
2018-09-26,1190740.1377515984,0.01050336914674066,-0.20832972270983563
2018-09-27,1178214.9907715986,-0.010518791281908246,-0.2166571371207412
2018-09-28,1186501.8286015987,0.007033383461343634,-0.21114758638440467
2018-10-08,1171289.1471143267,-0.012821456419668253,-0.22126182322712717
2018-10-09,1154482.0866124264,-0.014349198524811202,-0.23243609192449066
2018-10-10,1152748.3480615756,-0.0015017457359933761,-0.23358877775054543
2018-10-11,1147942.4345615755,-0.0041690916391955435,-0.23678401636941127
2018-10-12,1147547.6101807174,-0.000343940923317243,-0.23704651757951156
2018-10-15,1146582.0402607175,-0.000841420357145628,-0.23768848217117533
2018-10-16,1143745.0402607175,-0.002474310516284439,-0.23957467757642403
2018-10-17,1142750.9751793575,-0.0008691317088758144,-0.2402355873363745
2018-10-18,1136583.9431793573,-0.0053966543314760695,-0.24433577324487699
2018-10-19,1135908.8636593574,-0.0005939548275787354,-0.2447846036603868
2018-10-22,1137631.2965327175,0.0015163477709041473,-0.24363943447759473
2018-10-23,1135378.9201763584,-0.0019798825535337627,-0.24513693956545346
2018-10-24,1135132.3663295584,-0.00021715556138890424,-0.24530086227711378
2018-10-25,1137329.2312105582,0.0019353380681967902,-0.2438402643058435
2018-10-26,1134780.1855409583,-0.0022412557416524592,-0.24553501165507452
2018-10-29,1133862.4676357582,-0.0008087186548491054,-0.24614516156557953
2018-10-30,1134710.7868724447,0.0007481676666265535,-0.24558115175013295
2018-10-31,1136912.7787483847,0.0019405754324492985,-0.24411714506744242
2018-11-01,1138191.647461381,0.001124860883703116,-0.2432668820112669
2018-11-02,1144401.1626465602,0.005455597217769892,-0.23913845091817332
2018-11-05,1142992.4830159864,-0.001230931666755808,-0.24007501949295496
2018-11-06,1143021.4662196916,2.5357300363682e-05,-0.24005574984697042
2018-11-07,1144217.8082382176,0.0010466487759697163,-0.23926035512774257
2018-11-08,1138790.3585098246,-0.0047433711390576505,-0.2428688256035666
2018-11-09,1133523.6223740212,-0.004624851357799775,-0.24637044474350644
2018-11-12,1149500.0070159864,0.01409444349161837,-0.23574845556333035
2018-11-13,1151486.1289124906,0.0017278137315197561,-0.2344279712505175
2018-11-14,1150116.469236952,-0.0011894712764208837,-0.23533859718874628
2018-11-15,1151364.661988784,0.001085275087539861,-0.23450872921787203
2018-11-16,1148857.3101202375,-0.002177721751695505,-0.23617575620898734
2018-11-19,1149960.479389335,0.0009602317532209081,-0.23544230791621923
2018-11-20,1137075.5897350465,-0.011204636929028067,-0.24400889926731362
2018-11-21,1135952.720705584,-0.0009875060546539194,-0.24475544505655167
2018-11-22,1141423.3584156185,0.004815902643057646,-0.2411182608082445
2018-11-23,1131023.2695574346,-0.009111508697894566,-0.24803281837556357
2018-11-26,1121743.0540542207,-0.008205149931924227,-0.2542028218446786
2018-11-27,1124232.7541195406,0.0022194922948901574,-0.252547530754212
2018-11-28,1128457.9562272192,0.003758298352539713,-0.2497383813704439
2018-11-29,1118579.7556432192,-0.008753716103899745,-0.2563059585835793
2018-11-30,1124962.728899219,0.005706319306958418,-0.2520622029165748
2018-12-03,1133356.540631219,0.007461413179628895,-0.24648152997987383
2018-12-04,1137236.5655312191,0.0034234812796325453,-0.24390187360390259
2018-12-05,1141402.3315738912,0.0036630602364831066,-0.2411322406222216
2018-12-06,1131744.7887538911,-0.008461120634547181,-0.24755311227998555
2018-12-07,1134358.3325138912,0.002309304876833229,-0.2458154830126157
2018-12-10,1129200.0402738913,-0.004547321681472871,-0.24924500261854354
2018-12-11,1146779.365313891,0.015567945813866446,-0.23755728949981958
2018-12-12,1138605.4125138912,-0.007127746667958679,-0.2429917879890966
2018-12-13,1146106.8722738912,0.0065882874589870966,-0.23800440027955494
2018-12-14,1132377.8913138912,-0.011978796473632203,-0.24713219048240942
2018-12-17,1130886.059321731,-0.001317432990880052,-0.24812404337243954
2018-12-18,1127530.345488377,-0.0029673315058520444,-0.25035510858703314
2018-12-19,1126055.3105083893,-0.0013081998066746259,-0.25133579388905414
2018-12-20,1124597.2422549857,-0.0012948460344680557,-0.25230519876748514
2018-12-21,1119885.9505749857,-0.004189314630145491,-0.2554375275371722
2018-12-24,1131275.6867669856,0.010170442968904014,-0.24786499737420276
2018-12-25,1128829.266904221,-0.002162531990549721,-0.2494915133785932
2018-12-26,1129627.2701042208,0.0007069299347530755,-0.24896095646311434
2018-12-27,1128727.8451042208,-0.0007962139581820793,-0.24955894423271807
2018-12-28,1127027.651504221,-0.0015062918907993161,-0.2506893275095432
2019-01-02,1140701.460043116,0.012132629151241359,-0.2415982190011493
2019-01-03,1140444.9697108308,-0.00022485316383791254,-0.24176874804106718
2019-01-04,1141764.9848123188,0.0011574562004712519,-0.24089112857709627
2019-01-07,1143579.2728123188,0.0015890205288597858,-0.23968488899676577
2019-01-08,1142108.8790323187,-0.001285782118439438,-0.24066248857087302
2019-01-09,1141245.4230323187,-0.0007560189889528335,-0.24123656214853761
2019-01-10,1142239.5910323188,0.0008711255089712822,-0.24057558396255052
2019-01-11,1143656.4230323187,0.001240398258932185,-0.239633595239107
2019-01-14,1140586.4230323187,-0.0026843726299023984,-0.2416747020047444
2019-01-15,1143963.8630323187,0.0029611434362166733,-0.23942919202606872
2019-01-16,1143332.5539473188,-0.0005518610380982336,-0.23984892142170444
2019-01-17,1143763.2659473186,0.00037671629178470667,-0.23956256012618626
2019-01-18,1142316.1139473186,-0.0012652548329582514,-0.24052470727214903
2019-01-21,1143232.8579473188,0.0008025309183745666,-0.23991520486799334
2019-01-22,1140280.2074623187,-0.002582720103323166,-0.24187829114861104
2019-01-23,1145281.073622319,0.00438564672724584,-0.23855343715733301
2019-01-24,1145401.6503162389,0.0001052813118953555,-0.23847327106425864
2019-01-25,1144905.093516239,-0.0004335219875603036,-0.23880340964536717
2019-01-28,1148234.7543162387,0.002908241756330865,-0.2365896659365212
2019-01-29,1144071.3345882387,-0.003625930770993935,-0.23935773895769674
2019-01-30,1141716.8177882389,-0.0020580157275309485,-0.24092315269394649
2019-01-31,1140451.3777882387,-0.0011083659102539833,-0.24176448759476354
2019-02-01,1146259.4113882387,0.0050927498647630465,-0.2379029837915032
2019-02-11,1153162.6263682388,0.0060223845592155545,-0.2333133424884648
2019-02-12,1154868.133568239,0.0014789823750804842,-0.23217942643479594
2019-02-13,1156237.7255682389,0.0011859293370302115,-0.23126884549102955
2019-02-14,1156322.4903682389,7.331087554529603e-05,-0.23121248913703352
2019-02-15,1151059.437568239,-0.004551544092447735,-0.23471165939044936
2019-02-18,1157932.559168239,0.005971126577547059,-0.23014202584034893
2019-02-19,1152660.1699274709,-0.004553278339936573,-0.23364740347891744
2019-02-20,1152498.3459274708,-0.00014039176872937542,-0.23375499307541348
2019-02-21,1151262.7957496508,-0.001072062430445997,-0.23457645555985418
2019-02-22,1152667.8997496509,0.001220489366274613,-0.2336422642631687
2019-02-25,1161822.0550998307,0.007941711009882502,-0.22755607259575894
2019-02-26,1160805.387312831,-0.0008750632530490909,-0.22823200989167125
2019-02-27,1157300.4673128307,-0.003019386400431645,-0.23056227566529286
2019-02-28,1157315.8686428308,1.3307978727228331e-05,-0.23055203600442553
2019-03-01,1161768.7718028307,0.0038476126359709983,-0.2275914982954339
2019-03-04,1163227.3061777349,0.001255442916270555,-0.22662178351350182
2019-03-05,1164853.4965777348,0.001397998818772228,-0.22554060168038959
2019-03-06,1165922.4053777347,0.0009176336793770279,-0.22482993165318144
2019-03-07,1162421.3717777347,-0.0030028015448126943,-0.22715761353190578
2019-03-08,1149991.5140177347,-0.010693074010666659,-0.23542167436898942
2019-03-11,1154155.3732607746,0.0036207738859677097,-0.2326533091337677
2019-03-12,1154805.4148607748,0.0005632184496646708,-0.2322211253201827
2019-03-13,1152514.5274122562,-0.0019837865488314677,-0.23374423472424943
2019-03-14,1154695.2797322562,0.0018921690513493683,-0.23229434927977666
2019-03-15,1160973.2102477148,0.005436872069758847,-0.22812043186957986
2019-03-18,1167567.9652477147,0.005680367937682895,-0.22373587191901934
2019-03-19,1171856.6237776848,0.0036731553602193934,-0.22088453317601264
2019-03-20,1165089.8461776846,-0.005774407434064988,-0.2253834633196361
2019-03-21,1169151.6937776846,0.00348629559628022,-0.22268292109900156
2019-03-22,1171156.5833776847,0.0017148241846376422,-0.22134995897297016
2019-03-25,1172670.6985776846,0.0012928375432370576,-0.22034329096688743
2019-03-26,1178113.3249776848,0.004641223155487317,-0.2167247301955919
2019-03-27,1185951.0420080768,0.0066527700385194954,-0.2115137799487239
2019-03-28,1179393.7678480768,-0.00552912719642884,-0.21587342055201886
2019-03-29,1191629.8829768768,0.010374919269860117,-0.20773817059289446
2019-04-01,1208369.3615115169,0.014047548465990323,-0.19660883414654395
2019-04-02,1207499.6026315168,-0.00071977899117881,-0.19718709822942393
2019-04-03,1209952.242631517,0.002031172511075763,-0.1955564467318105
2019-04-04,1224062.242631517,0.011661617295995352,-0.1861753338773663
2019-04-08,1222923.8426315167,-0.0009300180663630586,-0.18693220551971212
2019-04-09,1215825.4133515167,-0.005804473698644563,-0.19165163614798797
2019-04-10,1218694.5733515169,0.002359845392679416,-0.18974405898587177
2019-04-11,1210342.3733515167,-0.006853398860250048,-0.19529706612852882
2019-04-12,1210709.7130821566,0.00030350067776496736,-0.19505283824269937
2019-04-15,1210042.0130821567,-0.0005514947082568833,-0.19549676234283486
2019-04-16,1215149.3890821568,0.004220825347205137,-0.19210109468542302
2019-04-17,1220006.0010821568,0.003996720110000851,-0.18887214888370452
2019-04-18,1219427.4010821567,-0.00047425996223537936,-0.18925683434774299
2019-04-19,1229577.0370821566,0.008323280246936182,-0.18250879177173096
2019-04-22,1225670.9370821568,-0.00317678346471828,-0.18510578432458302
2019-04-23,1225462.4546420767,-0.0001700965844685376,-0.18524439504737256
2019-04-24,1235576.025542077,0.008252860674506701,-0.1785203305559251
2019-04-25,1225572.8395420767,-0.008095969647526569,-0.18517100502580452
2019-04-26,1218607.7604516768,-0.005683121284739245,-0.189801777030565
2019-04-29,1223838.9862896765,0.004292788875774667,-0.1863237671118294
2019-04-30,1215291.3831646766,-0.006984254645224008,-0.19200668912108698
2019-05-06,1197786.1138246767,-0.01440417465514754,-0.20364516589117776
2019-05-07,1199038.8138246767,0.001045846153617358,-0.20281230125101035
2019-05-08,1192677.8120664367,-0.005305084109787694,-0.20704144904416188
2019-05-09,1189202.9280664367,-0.0029135144167555804,-0.20935174521426125
2019-05-10,1197244.1985654365,0.006761899343852518,-0.20400546129900754
2019-05-13,1196558.9825352868,-0.0005723277097277046,-0.204461031030298
2019-05-14,1194170.9580352865,-0.0019957432394519525,-0.2060487225493398
2019-05-15,1201873.2193938466,0.00644988165784266,-0.20092783076769016
2019-05-16,1200698.834626831,-0.0009771286588844408,-0.201708627084764
2019-05-17,1192338.2944908312,-0.006963061756113276,-0.20726717921374527
2019-05-20,1184922.3871401912,-0.006219633626551313,-0.2121976869227784
2019-05-21,1190624.9547217912,0.00481260852481924,-0.20840630279499062
2019-05-22,1193833.047412191,0.002694461154771899,-0.20627338432750952
2019-05-23,1188605.820129311,-0.004378524530051275,-0.20974873578438613
2019-05-24,1185879.267031391,-0.0022939085874772447,-0.211561499945635
2019-05-27,1190138.092792511,0.0035912810684186613,-0.2087299956867773
2019-05-28,1193980.141106991,0.003228237410219492,-0.20617558825726878
2019-05-29,1194740.040740031,0.0006364424389297962,-0.20567036471257727
2019-05-30,1198419.665740031,0.003079854089196532,-0.20322394533716726
2019-05-31,1198454.357343391,2.89477921229242e-05,-0.2032008804295683
2019-06-03,1193869.9757805911,-0.0038252450205630284,-0.20624883229409408
2019-06-04,1189381.2729002712,-0.0037597920806954344,-0.20923317164847755
2019-06-05,1189515.937845871,0.00011322268869373708,-0.20914363890204168
2019-06-06,1183060.420631231,-0.005427011954400984,-0.2134356258279343
2019-06-10,1186925.333643331,0.003266877113544009,-0.21086601667562255
2019-06-11,1194827.2209504836,0.006657442623536625,-0.20561240245935752
2019-06-12,1191525.9008901687,-0.0027630104189362292,-0.20780730366803613
2019-06-13,1193201.4626233755,0.0014062319014256364,-0.20669329702637762
2019-06-14,1185452.704056974,-0.006494090737506286,-0.21184510273816037
2019-06-17,1185700.201222663,0.00020877860824142225,-0.21168055285563137
2019-06-18,1183997.562761863,-0.0014359772048990749,-0.2128125616119093
2019-06-19,1190439.9944499223,0.005441254180482691,-0.2085292746719567
2019-06-20,1201956.5985120235,0.00967424155421015,-0.2008723956920473
2019-06-21,1215990.609811632,0.011675971758865478,-0.19154180435241774
2019-06-24,1212098.7698396319,-0.0032005510080402866,-0.19412931604545602
2019-06-25,1211979.991072912,-9.799429689671957e-05,-0.1942082867765198
2019-06-26,1214105.096481712,0.001753416248166717,-0.1927953984939158
2019-06-27,1225733.9850536063,0.009578156459101317,-0.1850638665261839
2019-06-28,1229050.7651255745,0.002705954238368502,-0.1828586866418107
2019-07-01,1242445.3223688547,0.010898294540267806,-0.17395323992781186
2019-07-02,1241327.9377031745,-0.0008993431304885613,-0.17469613940694506
2019-07-03,1232758.8842788546,-0.006903134267786881,-0.18039332276834175
2019-07-04,1226893.6769821346,-0.0047577895170888285,-0.1842928388254106
2019-07-05,1252442.3420743172,0.02082386238636924,-0.16730666515353498
2019-07-08,1241949.2366516965,-0.008378114560740446,-0.17428306530684357
2019-07-09,1246441.4858089765,0.0036170956305678903,-0.17129636819027916
2019-07-10,1248364.1228475366,0.0015425008397504936,-0.17001809214230834
2019-07-11,1249631.9189172965,0.0010155659286874563,-0.169175190795261
2019-07-12,1267458.1083123419,0.014265152102140854,-0.15732334852172325
2019-07-15,1272525.5711669016,0.003998130448119586,-0.15395421734352843
2019-07-16,1266688.5873663418,-0.004586928493081066,-0.15783496885044646
2019-07-17,1313017.7758779419,0.036575042179803674,-0.12703274731379577
2019-07-18,1307690.232663552,-0.004057479885089643,-0.130574794381912
2019-07-19,1309329.2901149944,0.0012533988635090587,-0.12948505781728414
2019-07-22,1307660.749019675,-0.0012743479489203402,-0.13059439674835926
2019-07-23,1312423.0662962229,0.0036418599243863703,-0.12742814332384012
2019-07-24,1318265.827515665,0.004451888548355765,-0.12354355066748601
2019-07-25,1318012.6193279037,-0.00019207672874177462,-0.12371189755515843
2019-07-26,1322076.8981597156,0.0030836418196695803,-0.12100973891638056
2019-07-29,1321892.8766803476,-0.00013919120712579947,-0.12113208663187258
2019-07-30,1319785.0356213518,-0.0015945626882332142,-0.12253349661441482
2019-07-31,1326953.3205272628,0.005431403381942479,-0.11776762208038505
2019-08-01,1325251.3378580364,-0.0012826243718581098,-0.11889919482994715
2019-08-02,1325151.8679383078,-7.505739997160088e-05,-0.11896532796549608
2019-08-05,1316141.6255529746,-0.006799403602963272,-0.12495583828886303
2019-08-06,1314123.6222815411,-0.0015332721283590756,-0.12629751911309806
2019-08-07,1313719.4434629052,-0.0003075652943017593,-0.12656623967376412
2019-08-08,1315408.1263611452,0.0012854212569075596,-0.1254435093517401
2019-08-09,1312161.0708526652,-0.0024684776104145767,-0.12760233246794817
2019-08-12,1320744.157433766,0.0065411836791677835,-0.12189581908334346
2019-08-13,1318467.1761677267,-0.0017240138850687092,-0.12340968288378074
2019-08-14,1320584.2790918574,0.0016057304742953526,-0.12200211509811498
2019-08-15,1325981.5297594224,0.004087017203685539,-0.11841372263772143
2019-08-16,1327512.6910805202,0.0011547380462950674,-0.1173957214221596
2019-08-19,1336870.9190342962,0.007049445189227566,-0.11117385093654741
2019-08-20,1328439.96531281,-0.006306482998056695,-0.11677921793384438
2019-08-21,1329501.4483136502,0.0007990447657078015,-0.11607348499097003
2019-08-22,1336436.4134920503,0.005216214835415567,-0.11146273438996279
2019-08-23,1337313.44968141,0.0006562498451148091,-0.11087963194702755
2019-08-26,1334574.2459238903,-0.0020482884982367944,-0.11270080697045859
2019-08-27,1335381.6649556903,0.000605001208637157,-0.11216398988625287
2019-08-28,1336448.55108529,0.0007989372309040732,-0.11145466464283571
2019-08-29,1339112.64951141,0.001993416375031032,-0.1096834238213773
2019-08-30,1333681.01204525,-0.004056146783574688,-0.1132946785382074
2019-09-02,1337401.43829557,0.0027895922763527814,-0.11082113222205658
2019-09-03,1342040.0821137698,0.003468400500683977,-0.10773710379185797
2019-09-04,1344103.53332417,0.0015375481238608657,-0.10636520664980242
2019-09-05,1344520.30678185,0.00031007541260552607,-0.10608811247253569
2019-09-06,1341576.5627298502,-0.002189438149168499,-0.10804527726108348
2019-09-09,1350097.2617282902,0.006351258090780965,-0.10238024261167766
2019-09-10,1348238.92961865,-0.0013764431365939078,-0.1036157651660059
2019-09-11,1343203.30896585,-0.0037349616170959665,-0.10696372587728087
2019-09-12,1343404.75816409,0.00014997669890748355,-0.10682979124488334
2019-09-16,1343865.70192389,0.00034311606907655445,-0.10652333019383908
2019-09-17,1341804.63992305,-0.0015336815262785297,-0.10789363885648162
2019-09-18,1343682.47444445,0.001399484295648179,-0.10664515001401353
2019-09-19,1346924.61572805,0.0024128775549747683,-0.10448959414785453
2019-09-20,1349678.4157363304,0.0020445093779744017,-0.1026587147250162
2019-09-23,1351833.6441528902,0.0015968458793080842,-0.1012257989912918
2019-09-24,1353197.04052877,0.0010085533688091175,-0.10031933724306574
2019-09-25,1348435.8448372106,-0.003518479237657024,-0.10348484497549759
2019-09-26,1336832.4655279305,-0.008605065901879039,-0.1111994169665167
2019-09-27,1339758.6527049597,0.002188895955540504,-0.10925392496503272
2019-09-30,1332569.9835842939,-0.00536564485413249,-0.11403335205888276
2019-10-08,1330890.4321253786,-0.0012603851802196475,-0.11515001129211666
2019-10-09,1328773.2224963002,-0.001590821887341498,-0.11655765002116703
2019-10-10,1333562.3669997947,0.0036041849898942324,-0.11337356036393653
2019-10-11,1335457.6318503548,0.0014212045101602566,-0.11211348286909839
2019-10-14,1335913.0590503546,0.00034102706752947576,-0.1118106895338622
2019-10-15,1332292.4460046426,-0.002710216073706029,-0.11421787447958143
2019-10-16,1337657.4572046427,0.004026902063498872,-0.11065091661051285
2019-10-17,1340360.8299706427,0.0020209753636399874,-0.10885356402330681
2019-10-18,1337061.2459706427,-0.002461713238868901,-0.11104731100252141
2019-10-21,1334774.7875706428,-0.0017100625770811728,-0.11256747572877168
2019-10-22,1344025.9150240826,0.006930852709824853,-0.10641681161313976
2019-10-23,1340763.1937218986,-0.0024275732080103474,-0.10858605022039614
2019-10-24,1344311.1715258986,0.0026462374717723947,-0.10622715722362874
2019-10-25,1343827.2161258985,-0.00036000251299761477,-0.10654891769307728
2019-10-28,1340706.9691658986,-0.0023219108249610265,-0.10862343143265885
2019-10-29,1339471.7979658986,-0.0009212834932665892,-0.10944464195156456
2019-10-30,1338835.1484458987,-0.0004752989357198478,-0.10986792196544459
2019-10-31,1333780.0183994586,-0.003775767354410986,-0.11322885360680146
2019-11-01,1337037.824141676,0.0024425360233892857,-0.11106288313723389
2019-11-04,1339369.7433399032,0.0017440936644586014,-0.10951249354361137
2019-11-05,1339307.549096164,-4.6435455219429045e-05,-0.10955384373634092
2019-11-06,1342282.3938961641,0.002221181238026837,-0.107576001440575
2019-11-07,1345110.2121111644,0.0021067237623464408,-0.10569591059672168
2019-11-08,1342972.2393111642,-0.0015894406129327576,-0.10711735383673116
2019-11-11,1338068.2449111324,-0.0036515977445276127,-0.11037780209358883
2019-11-12,1336124.697844732,-0.0014525021976957708,-0.11166998029116681
2019-11-13,1336810.3995424034,0.0005132018731315302,-0.1112140876610932
2019-11-14,1336730.0113824033,-6.013430178852808e-05,-0.11126753418137114
2019-11-15,1339039.7125024032,0.0017278740660660041,-0.10973191640201219
2019-11-18,1339387.2246324036,0.00025952339333601415,-0.109500871007978
2019-11-19,1252426.8063924033,-0.06492552462852308,-0.16731699413902779
2019-11-20,1248242.4628324034,-0.0033409885021966623,-0.17009897848758393
2019-11-21,1246039.2175524035,-0.0017650779761173574,-0.17156381850301272
2019-11-22,1237931.9613034034,-0.006506421414989805,-0.1769539734152571
2019-11-25,1232236.579672899,-0.004600722663713808,-0.18074057992304515
2019-11-26,1233885.3402282014,0.0013380227324042426,-0.17964439219524597
2019-11-27,1235061.9447338015,0.0009535768577837445,-0.17886212007249025
2019-11-28,1233711.2425827775,-0.0010936310982483377,-0.17976014199392876
2019-11-29,1234562.4901091775,0.0006899892754628212,-0.17919418528859743
2019-12-02,1232910.2935395774,-0.0013382850870951035,-0.1802926574698267
2019-12-03,1235230.8946467775,0.001882214074584443,-0.17874979277267622
2019-12-04,1233929.413120328,-0.0010536342088672823,-0.17961509008505028
2019-12-05,1234855.911735011,0.0007508522001595797,-0.1789991022704629
2019-12-06,1234922.466871011,5.3897086589316245e-05,-0.17895485271398803
2019-12-09,1235831.3788790111,0.0007360073465203509,-0.17835055745376072
2019-12-10,1327398.174015011,0.07409327575017355,-0.11747185873720578
2019-12-11,1328920.322303011,0.0011467156711508775,-0.11645984988738811
2019-12-12,1328649.6188790111,-0.00020370177162376546,-0.11663982858126676
2019-12-13,1332772.767167011,0.0031032623119093827,-0.1138985302534612
2019-12-16,1336906.096224011,0.0031013006559144074,-0.11115046318412958
2019-12-17,1338851.229376011,0.0014549512172126189,-0.10985723046862039
2019-12-18,1334353.8605440112,-0.0033591251464853977,-0.11284733142971548
2019-12-19,1333074.343424011,-0.0009589038993588206,-0.11369802558293407
2019-12-20,1331199.21032235,-0.001406623052128242,-0.11494471837129594
2019-12-23,1329585.0903223502,-0.0012125307673590546,-0.11601787513108441
2019-12-24,1333736.2274653688,0.003122129732977319,-0.11325796825561074
2019-12-25,1338613.5119562906,0.003656858373106253,-0.11001527823204105
2019-12-26,1339489.6030529179,0.0006544765078211334,-0.10943280413932421
2019-12-27,1334519.8770629778,-0.003710163915131015,-0.11273695441340592
2019-12-30,1340130.8770629778,0.004204508375213356,-0.10900644950721983
2019-12-31,1341452.745208269,0.0009863724266903073,-0.10812759803665484
2020-01-02,1345317.745208269,0.0028812047340511793,-0.10555793104994848
2020-01-03,1348527.60929356,0.002385952386879442,-0.10342383486061157
2020-01-06,1357328.60929356,0.006526377316524057,-0.09757244051390968
2020-01-07,1353198.60929356,-0.00304274143469907,-0.10031829424097238
2020-01-08,1346707.60929356,-0.004796782937420141,-0.10463387209626629
2020-01-09,1347009.60929356,0.00022425060786468443,-0.1044330856978225
2020-01-10,1347264.60929356,0.0001893082263413337,-0.10426354751370603
2020-01-13,1359914.39970356,0.00938923974009298,-0.09585326321737186
2020-01-14,1360600.39970356,0.000504443515084052,-0.09539717225931743
2020-01-15,1360255.39970356,-0.0002535645293615385,-0.09562654744959265
2020-01-16,1359297.39970356,-0.0007042795053111561,-0.09626347913737132
2020-01-17,1359981.39970356,0.0005032011391687963,-0.09580871789056478
2020-01-20,1367113.46775556,0.005244239409123441,-0.0910669223355407
2020-01-21,1362736.50275556,-0.0032016106221131047,-0.09397697213178124
2020-01-22,1370760.50275556,0.005888152246435574,-0.08864217060491653
2020-01-23,1371692.44255556,0.0006798706251942566,-0.08802256518767004
2020-02-03,1353231.44255556,-0.013458556325939841,-0.10029646486207788
2020-02-04,1362552.5595212658,0.006888043443701752,-0.09409926782559597
2020-02-05,1365915.1959900078,0.002467894867793863,-0.09186360005793193
2020-02-06,1370333.4520220081,0.003234648860318101,-0.0889260976868459
2020-02-07,1363224.909662008,-0.005187454447317941,-0.09365225205323557
2020-02-10,1347526.309662008,-0.011515781356938648,-0.10408955455194424
2020-02-11,1348245.4562919678,0.0005336791013306197,-0.10361142587054473
2020-02-12,1349891.356291968,0.0012207717758803138,-0.1025171399990259
2020-02-13,1351809.2642619677,0.0014207869107838444,-0.10124200809888373
2020-02-14,1352947.6052359678,0.0008420869749117266,-0.1004851757003059
2020-02-17,1357739.8498959676,0.0035420770482563757,-0.09729902488658759
2020-02-18,1362590.249895968,0.0035724074831948727,-0.09407420916800502
2020-02-19,1367535.0498959678,0.003628970631763595,-0.09078663107851859
2020-02-20,1375761.914275968,0.006015834388029662,-0.08531695402770434
2020-02-21,1375818.974655968,4.147547581290212e-05,-0.08527901711315455
2020-02-24,1379879.774655968,0.00295155109415135,-0.08257917139527171
2020-02-25,1378444.8649019278,-0.0010398802710170907,-0.0835331792151578
2020-02-26,1361626.6619755598,-0.012200852826684927,-0.09471485601609353
2020-02-27,1357034.42197556,-0.0033726131605978926,-0.09776803260678746
2020-02-28,1348958.7731170799,-0.005950953585041496,-0.10313717316768511
2020-03-02,1351822.17311708,0.002122674211446407,-0.10123342557396309
2020-03-03,1354836.65386412,0.002229938824045874,-0.09922923109589576
2020-03-04,1354127.29400252,-0.0005235759304096366,-0.09970085298931053
2020-03-05,1358063.6540025198,0.002906934981248943,-0.09708374190527658
2020-03-06,1352194.01949252,-0.0043220614090515586,-0.10098620141999293
2020-03-09,1335997.25949252,-0.011978133142519498,-0.11175470839634649
2020-03-10,1340784.9484784822,0.0035836068913650543,-0.10857158644813314
2020-03-11,1337152.602542482,-0.0027091189680508165,-0.11098657207194595
2020-03-12,1331631.9036274203,-0.004128697730210185,-0.1146570397939588
2020-03-13,1332184.7725634573,0.0004151815036355089,-0.11428946177250743
2020-03-16,1315010.0521962317,-0.012892145835128543,-0.12570817119904643
2020-03-17,1317850.1998512316,0.00215979159266233,-0.12381988305766867
2020-03-18,1316056.746315049,-0.0013608933218548502,-0.1250122707275575
2020-03-19,1317750.2210485428,0.00128677941755595,-0.12388635452691577
2020-03-20,1316711.8409567426,-0.0007879946253955827,-0.1245767273707844
2020-03-23,1310642.9453945428,-0.004609129631423459,-0.12861166671669733
2020-03-24,1313813.8503135764,0.0024193506936238673,-0.12650347274815255
2020-03-25,1322143.5956632209,0.006340125998562485,-0.12096539470606915
2020-03-26,1325649.9217910839,0.002652000992451997,-0.11863419406042996
2020-03-27,1326015.0783085763,0.0002754547120547013,-0.11839141769614003
2020-03-30,1319496.601234378,-0.004915839330057237,-0.12272526383874527
2020-03-31,1321887.6247063996,0.0018120724750521067,-0.12113557843628886
2020-04-01,1314263.8843046618,-0.005767313544092767,-0.1262042651181946
2020-04-02,1318794.378571039,0.0034471724594138387,-0.12319214052575667
2020-04-03,1318818.5981891854,1.836496920204489e-05,-0.1231760379764214
2020-04-07,1323550.1287306298,0.0035877038342810863,-0.1200302532858799
2020-04-08,1320855.8032843997,-0.0020356806952330775,-0.12182159071165488
2020-04-09,1322371.0975507766,0.0011472064267794568,-0.12081413879666036
2020-04-10,1316240.5485095466,-0.00463602770249949,-0.12489006880484488
2020-04-13,1314158.7761078083,-0.0015816048245098635,-0.12627414689399963
2020-04-14,1316918.8900204205,0.002100289525735155,-0.12443906963635698
2020-04-15,1314679.9813523055,-0.0017001112863377355,-0.12592762065594465
2020-04-16,1315485.7737540435,0.0006129190473480595,-0.12539188504588383
2020-04-17,1316953.5376186825,0.0011157580674174827,-0.12441603398579493
2020-04-20,1317189.6640160754,0.00017929743961953015,-0.12425904402251664
2020-04-21,1312936.9601514365,-0.003228619219249329,-0.12708647810406937
2020-04-22,1315439.6525531746,0.0019061786496203936,-0.12542254898566652
2020-04-23,1318064.589733389,0.0019954827841166534,-0.12367734473879066
2020-04-24,1313673.0287945517,-0.0033318252937252213,-0.12659709872705438
2020-04-27,1311239.0814583215,-0.0018527801689462997,-0.12821532230203314
2020-04-28,1315235.2063828004,0.0030475944326144866,-0.12555847617184224
2020-04-29,1308205.7585310524,-0.005344631756840301,-0.1302320441095941
2020-04-30,1314141.8965025924,0.004537617980068687,-0.1262853693944581
2020-05-06,1322574.8765985924,0.006417100100410078,-0.12067865515066944
2020-05-07,1321573.8285985924,-0.0007568932524821825,-0.12134420754334951
2020-05-08,1323683.5565985925,0.0015963754383947482,-0.1199415430174684
2020-05-11,1322181.1205985926,-0.0011350416740544267,-0.12094044604174758
2020-05-12,1322959.9925985925,0.0005890811688851194,-0.12042260861218235
2020-05-13,1330345.2365985925,0.005582363821519332,-0.11551248760427257
2020-05-14,1324586.5645985925,-0.0043287049418268,-0.11934117307016401
2020-05-15,1325954.7013665924,0.0010328783369584205,-0.11843155964557706
2020-05-18,1324282.4573665925,-0.0012611622390089616,-0.11954336047365399
2020-05-19,1324484.8373665924,0.00015282238232039447,-0.1194088069924718
2020-05-20,1323544.3453665923,-0.0007100813640645853,-0.12003409838798584
2020-05-21,1318404.0213665923,-0.00388375653448636,-0.12345167170849669
2020-05-22,1313450.6213665924,-0.003757118394455028,-0.12674496755634945
2020-05-25,1313516.8352565924,5.041216542345239e-05,-0.12670094487919703
2020-05-26,1320518.4941785927,0.005330467592090438,-0.12204585256767242
2020-05-27,1316578.2130627455,-0.0029838893837668135,-0.12466557062762973
2020-05-28,1321035.1520627453,0.003385244382581476,-0.12170234966771676
2020-05-29,1327837.9662451486,0.00514960875324233,-0.11717946039961347
2020-06-01,1333435.4022451483,0.004215451088379618,-0.11345797359511112
2020-06-02,1327061.5222451484,-0.004780044079576662,-0.11769568355972382
2020-06-03,1328756.1142451484,0.0012769505946739201,-0.11656902453816187
2020-06-04,1333407.7142451485,0.0035007176637849025,-0.113476382117628
2020-06-05,1334484.6662451485,0.0008076689436355977,-0.11276036452366489
2020-06-08,1329213.3262451484,-0.0039500940949978025,-0.11626504456860798
2020-06-09,1331687.9342451484,0.0018617086897483315,-0.1146197875226469
2020-06-10,1331516.7262451483,-0.00012856465512478543,-0.11473361612431832
2020-06-11,1323513.3742451484,-0.006010703314684784,-0.12005468971225897
2020-06-12,1325016.0542451486,0.0011353719797937423,-0.11905562446320739
2020-06-15,1323157.1250075486,-0.0014029484636387535,-0.12029154402141795
2020-06-16,1330718.5690075485,0.005714698471624757,-0.11526427545256179
2020-06-17,1328701.0250075487,-0.001516131244418184,-0.11660565092760111
2020-06-18,1329262.9290075486,0.0004228972428139688,-0.1162320658930609
2020-06-19,1338229.0650075485,0.0067451937493616665,-0.11027087994803653
2020-06-22,1338640.9010075487,0.00030774701489377776,-0.10999706846727653
2020-06-23,1346093.7850075485,0.005567500585399898,-0.1050419766249604
2020-06-24,1348943.1250075486,0.002116747014015985,-0.10314757690131171
2020-06-29,1349236.8067195483,0.00021771244951351854,-0.10295232096342677
2020-06-30,1389508.8208715487,0.029847995512303882,-0.07617724586522046
2020-07-01,1362513.3775918486,-0.01942804743244997,-0.09412531815172753
2020-07-02,1355083.2755918484,-0.005453232329456048,-0.0990652632532183
2020-07-03,1357214.6426518483,0.001572867954605206,-0.09764821187659856
2020-07-06,1363317.7186518484,0.004496765513872791,-0.09359054747438378
2020-07-07,1371649.7546518485,0.006111587846330702,-0.0880509464805288
2020-07-08,1372839.9926518484,0.0008677419260736396,-0.08725961005234695
2020-07-09,1381630.4006518484,0.006403082695034312,-0.08141525785641424
2020-07-10,1378074.0750275485,-0.0025740064945170005,-0.08377970094845599
2020-07-13,1384174.9950275484,0.004427135021662698,-0.0797234699749666
2020-07-14,1387036.0693781483,0.0020669889001592168,-0.07782126860232785
2020-07-15,1385055.3571937485,-0.0014280177914103298,-0.07913815623762388
2020-07-16,1361508.0211232426,-0.017001007178669703,-0.09479373505399113
2020-07-17,1381379.1547386064,0.014594944214115113,-0.08158230011483669
2020-07-20,1381078.1271719493,-0.0002179181332109259,-0.08178243998550361
2020-07-21,1383055.173115949,0.0014315236083335403,-0.08046798987075643
2020-07-22,1387831.723655949,0.0034536225545065413,-0.07729227338098332
2020-07-23,1391188.387747949,0.0024186391150919917,-0.07506057638158492
2020-07-24,1378875.050579949,-0.008850948783387103,-0.08324716784776709
2020-07-27,1377219.005415949,-0.0012010117691979572,-0.08434819878862754
2020-07-28,1381244.655847949,0.002923028520641191,-0.08167172245871024
2020-07-29,1386205.634827949,0.003591672886476882,-0.0783733876833802
2020-07-30,1385949.3762993903,-0.0001848632858792998,-0.0785437626072869
2020-07-31,1385813.3997602854,-9.811075457033525e-05,-0.07863416737404094
2020-08-03,1387167.854162441,0.000977371414066175,-0.07773365074733496
2020-08-04,1384726.4834085614,-0.0017599677980958406,-0.07935680982328708
2020-08-05,1385569.1074656213,0.0006085129931117095,-0.07879658648004484
2020-08-06,1380625.7672306013,-0.003567732716025951,-0.08208319403657482
2020-08-07,1374832.893636201,-0.004195831869790556,-0.08593461862485252
2020-08-10,1376828.447354971,0.0014514881975888905,-0.08460786351196192
2020-08-11,1372346.0310687418,-0.003255609872704457,-0.08758802318890835
2020-08-12,1374517.5332688096,0.001582328473217931,-0.08614428773869509
2020-08-13,1374900.168292299,0.0002783776956116757,-0.08588989069139419
2020-08-14,1375878.0206778888,0.0007112170091625458,-0.0852397600334065
2020-08-17,1379404.7878567686,0.0025632847722518726,-0.08289496904003857
2020-08-18,1377011.6179220288,-0.0017349294099944235,-0.08448608153030479
2020-08-19,1373648.327066029,-0.0024424564122960124,-0.08672218437101742
2020-08-20,1369805.8536215886,-0.0027972759611970544,-0.08927687445057098
2020-08-21,1371147.8738259918,0.000979715629667588,-0.0883846247701705
2020-08-24,1368905.7929848048,-0.0016351852954639146,-0.08987528482686513
2020-08-25,1366613.2212715247,-0.0016747476159636454,-0.09139951402383095
2020-08-26,1361532.762817359,-0.0037175540051036515,-0.0947772853995108
2020-08-27,1363030.6967795016,0.0011001820911329396,-0.09378137558042055
2020-08-28,1363587.4806835013,0.0004084896292617657,-0.09341119467050141
2020-08-31,1360972.1994573015,-0.0019179416526242665,-0.09514997910204559
2020-09-01,1361424.6895373014,0.0003324756230731474,-0.09484913852755972
2020-09-02,1360641.2987059,-0.0005754198799403643,-0.09536998032759614
2020-09-03,1359982.8606959002,-0.00048391740764164304,-0.09580774654159085
2020-09-04,1359714.4036106602,-0.00019739740330448896,-0.09598623174451149
2020-09-07,1354800.5241224202,-0.0036139055931093678,-0.09925325215785796
2020-09-08,1354548.1888344202,-0.00018625272393035797,-0.09942101869321496
2020-09-09,1351001.9174162182,-0.0026180474400497866,-0.10177877718978778
2020-09-10,1346744.915725899,-0.0031509960388959035,-0.10460906870491493
2020-09-11,1349701.0849296218,0.0021950476064203084,-0.10264364298436524
2020-09-14,1349209.536241302,-0.00036419077809768385,-0.10297045189425769
2020-09-15,1349932.401009302,0.0005357690918890157,-0.10248985118787146
2020-09-16,1352171.2619895972,0.0016584985875007785,-0.101001331873799
2020-09-17,1353681.8989591468,0.0011171935183171833,-0.09999697638879268
2020-09-18,1354429.2960191632,0.0005521216325572453,-0.09950006525009003
2020-09-21,1352552.2312511634,-0.0013858713581555993,-0.10074804231768097
2020-09-22,1345792.3491519631,-0.0049978713893711335,-0.10524238794881735
2020-09-23,1346445.2744093032,0.00048516047646685045,-0.10480828691943223
2020-09-24,1343058.0039633831,-0.002515713419846244,-0.1070603327253642
2020-09-25,1343615.192240287,0.0004148653857538598,-0.10668988296584547
2020-09-28,1341483.538279487,-0.0015865062951884168,-0.1081071250900757
2020-09-29,1340908.589290087,-0.0004285919081328249,-0.10848938315918333
2020-09-30,1340145.412148933,-0.000569149267332425,-0.10899678577357741
2020-10-09,1345917.2121489327,0.004306846068849124,-0.10515937208305437
2020-10-12,1350193.421656933,0.0031771712772530325,-0.10231631014231757
2020-10-13,1349955.437420933,-0.0001762593656454703,-0.10247453530004202
2020-10-14,1350389.814460933,0.0003217713918244325,-0.1021857372820677
2020-10-15,1347235.2981529331,-0.0023360042220542665,-0.10428303519039728
2020-10-16,1346664.698152933,-0.00042353403357409114,-0.10466240180944386
2020-10-19,1340527.0981529332,-0.0045576304245726895,-0.108743019687221
2020-10-20,1342488.7465698787,0.0014633411138411656,-0.10743880670493133
2020-10-21,1342718.7686367498,0.00017134003354501992,-0.10728587524013111
2020-10-22,1344526.893453346,0.0013466146886678132,-0.1060837332869482
2020-10-23,1343361.2428424715,-0.0008669596841464067,-0.10685872265119112
2020-10-26,1342194.4053790055,-0.0008685954501687077,-0.1076345011010541
2020-10-27,1340954.5103131984,-0.0009237820250465045,-0.10845885230870855
2020-10-28,1344503.9659054608,0.0026469619699727165,-0.10609897679610403
2020-10-29,1346186.4994907575,0.001251415858906535,-0.10498033487937397
2020-10-30,1347966.6173370006,0.0013223411814904384,-0.10379681351794112
2020-11-02,1352929.3874692128,0.003681671391845276,-0.10049728788498946
2020-11-03,1349851.496703127,-0.0022749825634605925,-0.10254364087083656
2020-11-04,1355042.9039822214,0.0038459099328880253,-0.09909210454492812
2020-11-05,1369374.5615722884,0.010576534180540609,-0.08956362139512863
2020-11-06,1369891.2097396639,0.0003772876916761092,-0.08922012495542697
2020-11-09,1375247.6406442788,0.003910114078060856,-0.08565887174400055
2020-11-10,1369903.4266689627,-0.0038860011952556173,-0.08921200246127481
2020-11-11,1360628.1081067456,-0.006770782802383968,-0.09537875017162767
2020-11-12,1364622.0443778995,0.002935362166456512,-0.09272335917990893
2020-11-13,1369105.2758392799,0.0032853283294453917,-0.08974265752917865
2020-11-16,1376085.785073194,0.005098592019985304,-0.08510162670672372
2020-11-17,1374613.3110131035,-0.001070045251584495,-0.08608060936674855
2020-11-18,1377156.0622091629,0.0018497938116031065,-0.08439004693365104
2020-11-19,1375240.0182667216,-0.0013913048746033718,-0.08566393952458762
2020-11-20,1381369.8694748436,0.00445729554601515,-0.08158847347466958
2020-11-23,1383520.7714512465,0.001557078972064474,-0.08015843419901525
2020-11-24,1379881.901168234,-0.002630152259438412,-0.0825777575716321
2020-11-25,1374653.7825526986,-0.003788815992954997,-0.08605370163603732
2020-11-26,1368439.1208896446,-0.004520892272608101,-0.09018555439388976
2020-11-27,1375967.903837801,0.0055017302803077595,-0.0851800007090372
2020-11-30,1374017.3810042234,-0.0014175641947296036,-0.08647681678465458
2020-12-01,1376269.3810042234,0.001638989456126172,-0.0849795619194379
2020-12-02,1374813.5415842233,-0.0010578157445730874,-0.08594748494544557
2020-12-03,1375008.7655842232,0.00014200034702516184,-0.08581768917110866
2020-12-04,1371747.0054709588,-0.0023721740507439693,-0.08798628872650605
2020-12-07,1369619.9455470224,-0.0015506211535020187,-0.08940047647949068
2020-12-08,1370493.4329429185,0.0006377589627954983,-0.08881973347184813
2020-12-09,1367147.3359814417,-0.0024415271763044144,-0.09104440485508891
2020-12-10,1368401.6201986414,0.0009174462650722859,-0.09021048693920664
2020-12-11,1365255.9271210816,-0.002298808355037707,-0.09230191867315651
2020-12-14,1365097.5949410815,-0.00011597252709538708,-0.09240718671348758
2020-12-15,1363429.2237049215,-0.001222162607525501,-0.09351641271274513
2020-12-16,1362138.9721564215,-0.0009463282186323863,-0.09437424371112224
2020-12-17,1369312.2521564215,0.005266188066437749,-0.08960504816069503
2020-12-18,1376825.2192944214,0.0054866719597141955,-0.08461000970617294
2020-12-21,1383137.0991524216,0.004584372634628853,-0.0804135208846567
2020-12-22,1373488.4720504216,-0.006975900731686413,-0.08682846487716633
2020-12-23,1373504.8320504217,1.1911275801024246e-05,-0.08681758783915783
2020-12-24,1373742.5739204218,0.00017309139687915476,-0.08665952381983133
2020-12-25,1384230.3931404217,0.007634486561823195,-0.07968663822806454
2020-12-28,1385149.7931404216,0.0006641957903510409,-0.07907536996737186
2020-12-29,1373950.3531404217,-0.008085363803584378,-0.08652138063686698
2020-12-30,1379399.2797204216,0.0039658831685915885,-0.08289863115546647
2020-12-31,1384747.0727809977,0.0038768999949456706,-0.07934312086322848
2021-01-04,1394763.0673709977,0.007233085945352435,-0.07268393053025235
2021-01-05,1398626.1587609977,0.0027697115591693855,-0.07011553249363855
2021-01-06,1393729.4906829016,-0.0035010556948498195,-0.07337110980415407
2021-01-07,1399687.1050829017,0.004274584443987761,-0.06941015636477332
2021-01-08,1399913.2298829015,0.00016155382097804427,-0.0692598160197706
2021-01-11,1392733.0202213756,-0.005129039077748088,-0.07403361879463566
2021-01-12,1400275.8644655857,0.005415857981891703,-0.06901871637802126
2021-01-13,1399614.9194665216,-0.000472010562944547,-0.06945814937779449
2021-01-14,1396975.6171365217,-0.0018857346354994586,-0.0712129043752946
2021-01-15,1395533.2235365217,-0.0010325116503869802,-0.07217188787225626
2021-01-18,1398996.7109393214,0.0024818380131592654,-0.0698691687938997
2021-01-19,1391263.2228993217,-0.005527881502171095,-0.07501082181032293
2021-01-20,1392032.8147009218,0.000553160458016233,-0.07449915437285548
2021-01-21,1393751.8923009217,0.0012349404280165288,-0.07335621596242703
2021-01-22,1392043.3043009217,-0.0012258910710278847,-0.07449218030330218
2021-01-25,1391516.3330287216,-0.0003785595394711905,-0.07484254011730351
2021-01-26,1389715.0093914417,-0.0012945041279962544,-0.07604016026816829
2021-01-27,1388801.718991442,-0.000657178193966379,-0.07664736652694071
2021-01-28,1381924.7949914418,-0.004951696059963262,-0.08121952812406597
2021-01-29,1381470.9563894558,-0.00032841049211274065,-0.08152126527097825
2021-02-01,1382524.762639456,0.0007628146253282342,-0.08082063625907399
2021-02-02,1376554.452959456,-0.004318410665282935,-0.08479003022676068
2021-02-03,1376559.8929278234,3.95187299395694e-06,-0.08478641343319737
2021-02-04,1374552.069767172,-0.001458580313843716,-0.08612132595352606
2021-02-05,1372773.2350953969,-0.0012941195251165993,-0.08730399418919721
2021-02-08,1373928.1214925428,0.0008412798032630953,-0.0865361614729897
2021-02-09,1375828.179839374,0.001382938682969126,-0.08527289699519713
2021-02-10,1376793.6267596192,0.00070172055958162,-0.08463101418061203
2021-02-18,1380339.1976786319,0.0025752377481274014,-0.08227372141486489
2021-02-19,1386029.4768653766,0.004122377453537718,-0.07849050729550644
2021-02-22,1391634.8666249113,0.004044206745308143,-0.0747637323892455
2021-02-23,1396291.2894089401,0.0033460089968295748,-0.07166788351362685
2021-02-24,1392486.4205317588,-0.002724982176743329,-0.07419757198515065
2021-02-25,1389188.6200481039,-0.0023682819703158,-0.07639013318349275
2021-02-26,1382146.9084202403,-0.0050689384625247635,-0.08107185476176637
2021-03-01,1384938.3045205942,0.0020196088298198855,-0.07921597936567315
2021-03-02,1381118.9638781375,-0.0027577695194002105,-0.08175528947172928
2021-03-03,1383413.0137431058,0.001661008157129773,-0.08023007751730049
2021-03-04,1380431.965598584,-0.002154850442281142,-0.08221204414155925
2021-03-05,1382764.1540735837,0.0016894628153503177,-0.08066147551776004
2021-03-08,1378685.2511385838,-0.0029498182484580804,-0.08337335707378823
2021-03-09,1373693.097097084,-0.0036209526702175587,-0.08669241876408451
2021-03-10,1371210.2207490527,-0.0018074461852345403,-0.0883431730677352
2021-03-11,1372647.3547120527,0.0010480770499325942,-0.08738768647001316
2021-03-12,1370616.4802803674,-0.0014795310861990263,-0.08873792475752873
2021-03-15,1367743.458200836,-0.0020961531696624958,-0.09064806964494143
2021-03-16,1371127.2049841848,0.0024739630542995883,-0.08839836656588707
2021-03-17,1366934.979902369,-0.0030575026639225733,-0.09118559098854806
2021-03-18,1367328.9792404738,0.00028823561025048683,-0.09092363831276218
2021-03-19,1367723.216369764,0.0002883264636934779,-0.09066152754016954
2021-03-22,1372497.9019293329,0.003490973540861475,-0.08748705099312482
2021-03-23,1368336.57357334,-0.0030319378631786797,-0.09025373355385968
2021-03-24,1365437.3294146108,-0.002118809227731111,-0.09218131233809967
2021-03-25,1360685.3577983372,-0.0034801828790712586,-0.09534068739220158
2021-03-26,1361637.3484809143,0.0006996405723931343,-0.09470775103290785
2021-03-29,1361971.4339280778,0.0002453556723720496,-0.09448563244446928
2021-03-30,1365299.3471964574,0.00244345306037852,-0.09227305059184898
2021-03-31,1369066.815123279,0.002759444611584838,-0.08976822835251419
2021-04-01,1367882.7038855576,-0.0008649039072756715,-0.09055549136833851
2021-04-02,1364960.0640689782,-0.0021366158138248492,-0.09249862488727711
2021-04-06,1365087.527935672,9.338285423088344e-05,-0.09241387981865068
2021-04-07,1364192.2505553833,-0.0006558388103088397,-0.09300911001996326
2021-04-08,1366348.144785468,0.0015803448738307413,-0.09157575161637221
2021-04-09,1365099.7239403878,-0.0009136916164775855,-0.09240577123632532
2021-04-12,1360289.257806228,-0.0035238935660131254,-0.09560403669961626
2021-04-13,1361610.299929388,0.0009711479492902075,-0.09472573441451071
2021-04-14,1363260.563702208,0.0012119941901920228,-0.09362854726409087
2021-04-15,1362066.073095168,-0.0008762012478349401,-0.09442271106197997
2021-04-16,1360414.9473763278,-0.0012122214563997646,-0.09552047128205898
2021-04-19,1366094.226577568,0.0041746668633664274,-0.09174457056492691
2021-04-20,1370328.517200548,0.003099559708694466,-0.0889293786306471
2021-04-21,1369214.702575268,-0.0008128084698663107,-0.08966990454834245
2021-04-22,1369963.6561469126,0.0005469949820404718,-0.08917195855413007
2021-04-23,1371802.3621313926,0.0013421567617724062,-0.08794948453949158
2021-04-26,1367292.616046853,-0.0032874605038095694,-0.09094781458654722
2021-04-27,1365928.345568852,-0.0009977896918256235,-0.09185485748648436
2021-04-28,1374097.3034170924,0.00598051711478198,-0.08642367991897604
2021-04-29,1377110.075033012,0.002192546050725497,-0.08442062176634613
2021-04-30,1382117.1215824923,0.003635908733991444,-0.08109165870836388
2021-05-06,1387275.5780921523,0.0037322860914663636,-0.07766202988682858
2021-05-07,1389152.2156639923,0.0013527503846213484,-0.07641433684300714
2021-05-10,1393286.3487470122,0.0029760115820307576,-0.07366573521245423
2021-05-11,1376805.0948745923,-0.011829049991942897,-0.08462338953987569
2021-05-12,1401144.0222294123,0.01767783068600348,-0.06844151680623389
2021-05-13,1400343.0589706125,-0.0005716494850582787,-0.06897404173345323
2021-05-14,1402986.6215523921,0.001887796397350705,-0.06721645428359768
2021-05-17,1400701.0991300524,-0.0016290407814515406,-0.06873599671983666
2021-05-18,1406013.8545441322,0.0037929258550446487,-0.06520378140392291
2021-05-19,1415073.1574513724,0.006443252943746591,-0.059180652916650534
2021-05-20,1420936.4276909125,0.004143439657989356,-0.05528242472294176
2021-05-21,1422968.1787292126,0.0014298676553754497,-0.053931603618588286
2021-05-24,1414562.8823873922,-0.005906875830018032,-0.05951991216271757
2021-05-25,1427509.7158857323,0.009152533025954535,-0.05091213709853415
2021-05-26,1421080.9468921525,-0.00450348528072253,-0.055186340319223315
2021-05-27,1422734.0505503323,0.0011632719879857145,-0.05408726505505046
2021-05-28,1426082.5656780726,0.002353577695314968,-0.0518609859403697
2021-05-31,1432646.5828824125,0.0046028311139325595,-0.0474968621861227
2021-06-01,1427662.4204493861,-0.0034789895097494528,-0.050810610610580564
2021-06-02,1416048.1705373863,-0.008135151381475692,-0.05853240998295406
2021-06-03,1416368.7411603665,0.00022638398159746664,-0.05831927680138094
2021-06-04,1417169.995108074,0.0005657099909244234,-0.05778655860800652
2021-06-07,1420220.1825231197,0.00215230877422945,-0.05575862435090162
2021-06-08,1418820.8325456907,-0.0009853049510555323,-0.056688990053320176
2021-06-09,1418998.7175456905,0.00012537523831013253,-0.05657072221064763
2021-06-10,1421134.8375456906,0.0015053713393728962,-0.05515051081513822
2021-06-11,1418544.8288248908,-0.001822493300686956,-0.05687249267933514
2021-06-15,1414067.8233328906,-0.003156054994545965,-0.059849054959308146
2021-06-16,1411186.4338883348,-0.0020376600025906466,-0.06176476293641542
2021-06-17,1416771.4200680787,0.003957652968896053,-0.05805155346492785
2021-06-18,1417995.8567132528,0.0008642443148065837,-0.05723747987516914
2021-06-21,1421886.3660145965,0.0027436676087062573,-0.05465085288600047
2021-06-22,1418274.446019887,-0.002540231119054437,-0.057052258207871076
2021-06-23,1422349.8000097813,0.0028734593655910246,-0.05434273618795549
2021-06-24,1416599.8647597816,-0.004042560592310007,-0.058165612976473824
2021-06-25,1416039.8588857814,-0.0003953169048870331,-0.05853793603126822
2021-06-28,1417404.0653745313,0.0009633955429921848,-0.05763093567494448
2021-06-29,1415345.0691045315,-0.0014526530015671613,-0.058999870924820286
2021-06-30,1419064.5053545316,0.002627935993272157,-0.05652698281594981
2021-07-01,1408936.0782365315,-0.007137397264030398,-0.06326092454748578
2021-07-02,1407912.8018519604,-0.0007262759470619828,-0.06394125560666009
2021-07-05,1410417.13991539,0.0017787593522378131,-0.06227623236082647
2021-07-06,1409993.533960597,-0.0003003409011453906,-0.06255786916222461
2021-07-07,1420353.4338360287,0.007347480414560126,-0.0556700314661106
2021-07-08,1423686.666033549,0.0023467625156634586,-0.05345391329353755
2021-07-09,1423900.5533982841,0.00015023485844056772,-0.05331170907619387
2021-07-12,1422689.06905787,-0.0008508208930201322,-0.0541171712532893
2021-07-13,1419568.429448731,-0.002193479711772528,-0.056191946047859265
2021-07-14,1417484.3446637504,-0.0014681115342850548,-0.05757756153801752
2021-07-15,1422360.9082952254,0.0034402945258853457,-0.05433535078190521
2021-07-16,1425604.4193050957,0.0022803713114962765,-0.052178884245531965
2021-07-19,1427346.145022405,0.0012217454531731065,-0.05102088810693761
2021-07-20,1433084.9809696504,0.004020633654463257,-0.0472053907522777
2021-07-21,1436582.8276223673,0.0024407810417148568,-0.04487982773337784
2021-07-22,1433789.5930032695,-0.001944360300979442,-0.04673692547899777
2021-07-23,1441307.5724181468,0.005243432824149519,-0.04173855458400477
2021-07-26,1442724.038113425,0.0009827643470310399,-0.0407968094003156
2021-07-27,1428397.628177608,-0.009930111065835634,-0.05032180361767424
2021-07-28,1421462.5932659488,-0.004855115112804453,-0.05493260058123095
2021-07-29,1434754.5092739186,0.009350872876246585,-0.04609539546978103
2021-07-30,1436670.0481061144,0.0013350986665761067,-0.04482183870423184
2021-08-02,1440748.1906235144,0.0028386076001070126,-0.04211046271612151
2021-08-03,1439244.8067440141,-0.001043474417864454,-0.043109995943417356
2021-08-04,1439520.6351176144,0.0001916479894927825,-0.042926609897974255
2021-08-05,1434964.9530028622,-0.0031647216466473838,-0.04595548077306033
2021-08-06,1438239.8738028621,0.0022822305124223785,-0.04377813126107122
2021-08-09,1436787.2114028619,-0.0010100279003941726,-0.04474394202746457
2021-08-10,1435974.5115791135,-0.0005656368718335303,-0.04528427007589608
2021-08-11,1435756.7988191138,-0.00015161324817691835,-0.04542901762879559
2021-08-12,1434537.6088191138,-0.0008491619200429179,-0.046239602957003134
2021-08-13,1432493.4088191136,-0.0014249887820528828,-0.04759870082355566
2021-08-16,1432907.5488191138,0.00028910429706030527,-0.047323357515438036
2021-08-17,1434071.0088191137,0.0008119574783165273,-0.04654982459115509
2021-08-18,1439279.3214815136,0.003631837356985912,-0.04308704862608048
2021-08-19,1438545.3278945137,-0.0005099729955435617,-0.04357504839036708
2021-08-20,1440338.2623545136,0.0012463524264640924,-0.042383005831197584
2021-08-23,1442671.4992218136,0.001619922853042688,-0.04083174017788138
2021-08-24,1440430.3992218138,-0.0015534374950976204,-0.042321748116796565
2021-08-25,1441106.3792218138,0.00046929029015574386,-0.04187231901209443
2021-08-26,1437387.6392218138,-0.0025804757050676974,-0.0443447442152366
2021-08-27,1439497.5592218137,0.0014678851705878238,-0.04294195203707585
2021-08-30,1435918.9229160137,-0.002486031520424814,-0.045321228511187917
2021-08-31,1439365.9229160137,0.002400553363416824,-0.043029471175307754
2021-09-01,1440838.6312760136,0.0010231646703267039,-0.042050332739670515
2021-09-02,1446604.1058360136,0.004001471389543543,-0.038217124553505566
2021-09-03,1446065.1058360136,-0.0003725967580386902,-0.03857548173483405
2021-09-06,1450984.1058360136,0.0034016449053004827,-0.035305056920446276
2021-09-07,1459331.3824860137,0.005752838102379254,-0.029755323094725616
2021-09-08,1465464.4874240137,0.004202681455086621,-0.025677693784199263
2021-09-09,1469720.3806540135,0.0029041258021071936,-0.02284813923514939
2021-09-10,1469302.6240030136,-0.0002842422657389765,-0.0231258870940243
2021-09-13,1471938.6240030136,0.0017940483852254552,-0.021373327669196862
2021-09-14,1465457.5570350136,-0.004403082344815679,-0.02568230149230244
2021-09-15,1460292.5484018137,-0.003524502370201632,-0.029116286530022184
2021-09-16,1458173.5392386136,-0.0014510853770494103,-0.030525121689453982
2021-09-17,1455228.2414002137,-0.0020198541251391644,-0.03248331952162831
2021-09-22,1462597.8367056916,0.005064219547022297,-0.02758360263627957
2021-09-23,1461640.3011825038,-0.0006546813479121338,-0.028220225514037467
2021-09-24,1456502.6371825037,-0.003514998865208896,-0.03163603031858864
2021-09-27,1458053.9731825038,0.001065110326886165,-0.030604615854296413
2021-09-28,1459557.6371825037,0.0010312814392718916,-0.029604896387311008
2021-09-29,1456878.0948465136,-0.0018358592135920837,-0.03138640517910296
2021-09-30,1458856.855805243,0.0013582199950215035,-0.030070814827167558
2021-10-08,1458513.177401867,-0.00023558062054429563,-0.03029931134649466
2021-10-11,1459709.803086627,0.000820442148415701,-0.029503728030175647
2021-10-12,1459230.428566627,-0.00032840398755040745,-0.029822442875793387
2021-10-13,1456706.488566627,-0.0017296377258793072,-0.03150049857939685
2021-10-14,1454083.670493987,-0.0018005123840842963,-0.033244293925684065
2021-10-15,1455029.250493987,0.0006502927026743599,-0.03261561974475524
2021-10-18,1458287.460493987,0.0022392745705241968,-0.03044938050212742
2021-10-19,1458168.670493987,-8.14585623329922e-05,-0.030528358701700786
2021-10-20,1454619.430493987,-0.0024340394028611323,-0.03288809087657729
2021-10-21,1456804.504599787,0.0015021620500821342,-0.03143533206850957
2021-10-22,1454599.470025643,-0.0015136104859517774,-0.03290136170621316
2021-10-25,1456150.175625643,0.0010660705107865542,-0.03187036636690632
2021-10-26,1454938.287625643,-0.0008322548184148681,-0.0326760969193477
2021-10-27,1452355.399625643,-0.0017752560517292348,-0.03439334453227394
2021-10-28,1450180.4395143585,-0.0014975398665126871,-0.03583937899420686
2021-10-29,1448805.2934277484,-0.0009482586091635881,-0.03675365260369212
2021-11-01,1449642.9580037484,0.0005781760874286057,-0.0361967265993246
2021-11-02,1449003.3202677483,-0.00044123812175167476,-0.03662199334541805
2021-11-03,1450251.7084301354,0.0008615495526651529,-0.03579199545473721
2021-11-04,1450677.0152321353,0.0002932641275494863,-0.03550922783550803
2021-11-05,1451006.782360135,0.00022731946845322426,-0.03528998030585162
2021-11-08,1449669.5497001354,-0.000921589530976985,-0.036179046960430394
2021-11-09,1451358.343880135,0.001164951129965397,-0.0350562426521025
2021-11-10,1449259.3503751883,-0.0014462269182504706,-0.036451770288576824
2021-11-11,1447897.5293551881,-0.0009396668854664281,-0.03735718465258642
2021-11-12,1446941.0871551882,-0.0006605731280071581,-0.037993080628274
2021-11-15,1446580.1468151882,-0.00024945061219427966,-0.03823305384324649
2021-11-16,1445907.4176628282,-0.0004650479642217542,-0.038680321603612455
2021-11-17,1447070.2907828283,0.0008042514380899313,-0.037907178869798
2021-11-18,1443528.8429228282,-0.002447322623204684,-0.04026173039657277
2021-11-19,1444253.8957965001,0.0005022780647763181,-0.03977967491582468
2021-11-22,1447552.869020376,0.0022842058681491473,-0.03758633401455125
2021-11-23,1446709.7707033048,-0.000582430068783335,-0.03814687267222916
2021-11-24,1444940.8567363047,-0.0012227151587841378,-0.039322945071536886
2021-11-25,1443867.8018383044,-0.0007426289408302145,-0.04003637165531826
2021-11-26,1446945.467696305,0.002131542689768562,-0.03799016820087653
2021-11-29,1448281.3906953046,0.0009232711451985232,-0.03710197228177914
2021-11-30,1449492.318385905,0.0008361135469805436,-0.03629688019644295
2021-12-01,1445196.643895905,-0.002963571752338301,-0.03915288353993318
2021-12-02,1442169.436713281,-0.0020946680131108675,-0.04116553926027189
2021-12-03,1439280.312836696,-0.002003317920236558,-0.043086389518012136
2021-12-06,1438397.1305526008,-0.0006136277111679078,-0.043673578226597565
2021-12-07,1441776.6084373347,0.0023494748515213715,-0.04142671334879555
2021-12-08,1444075.1359009533,0.0015942327335369821,-0.03989852443772213
2021-12-09,1444655.9199832296,0.0004021841162120676,-0.039512386874299144
2021-12-10,1441752.1798485664,-0.002009987357194931,-0.041442954833424195
2021-12-13,1443169.7123438078,0.0009832012151980152,-0.04050050038177988
2021-12-14,1444232.348534355,0.0007363210171735801,-0.03979400073424344
2021-12-15,1443565.096979493,-0.00046201122384426085,-0.04023762668310682
2021-12-16,1444895.724468021,0.0009217647969683718,-0.03935295151392848
2021-12-17,1443703.1165187594,-0.0008253937838321734,-0.040145863616205646
2021-12-20,1444846.7869119572,0.00079217837802803,-0.039385487923301654
2021-12-21,1451042.3386129255,0.004288033691246973,-0.03526634053121602
2021-12-22,1449391.2821659155,-0.0011378416763416777,-0.03636405469552928
2021-12-23,1450301.0165913175,0.0006276665498101686,-0.035759212646466976
2021-12-24,1448845.3900059154,-0.0010036720437687219,-0.03672699416819525
2021-12-27,1452140.0011696806,0.0022739563424030163,-0.034536553407118475
2021-12-28,1475029.1730944281,0.015762372709456685,-0.01931855872456467
2021-12-29,1448823.0459640364,-0.01776651445843247,-0.036741849730101084
2021-12-30,1455733.3173545839,0.004769575835915418,-0.03214751693282514
2021-12-31,1458314.606100378,0.0017731879287374852,-0.030431332593051752
2022-01-04,1456933.42711679,-0.0009471063224699705,-0.03134961720802165
2022-01-05,1451452.3630649308,-0.0037620552523844886,-0.03499373346832857
2022-01-06,1456622.9185514133,0.003562332197774909,-0.03155606057400828
2022-01-07,1455123.4162993424,-0.0010294374974973985,-0.032553013079477555
2022-01-10,1458229.6453716387,0.0021346842731704285,-0.030487819211372114
2022-01-11,1458197.5804862226,-2.198891341831377e-05,-0.03050913773077346
2022-01-12,1456693.7130917152,-0.0010313193593463055,-0.03150899242574101
2022-01-13,1453883.066878635,-0.0019294695843197207,-0.0333776663675428
2022-01-14,1451806.8291360515,-0.0014280637761612258,-0.0347580647074317
2022-01-17,1451612.8533976597,-0.00013360988149313524,-0.03488703056801834
2022-01-18,1460487.696530559,0.006113781034748245,-0.02898654119911548
2022-01-19,1464013.5806128355,0.0024141826669628053,-0.026642337337490885
2022-01-20,1464277.470728861,0.00018025113941555482,-0.026466888509736997
2022-01-21,1458617.680789058,-0.003865244158257508,-0.03022983168179505
2022-01-24,1460648.9401983444,0.0013925920657889002,-0.028879337439756236
2022-01-25,1451612.7402510631,-0.006186428304979397,-0.034887105794169315
2022-01-26,1453544.2473456818,0.0013305939256806898,-0.03360293243954304
2022-01-27,1452554.2076956818,-0.0006811210954243974,-0.03426116586881478
2022-01-28,1445900.807695682,-0.004580483099873245,-0.038684716277443965
2022-02-07,1457073.1877400817,0.007726933953515758,-0.03125669657161445
2022-02-08,1465089.1683842817,0.00550142622323091,-0.02592722675855419
2022-02-09,1464329.272171082,-0.0005186689176316372,-0.026432448029545808
2022-02-10,1471143.3521710818,0.004653379625401355,-0.021902068619254478
2022-02-11,1466134.8361313818,-0.0034045057759385378,-0.02523200867607378
2022-02-14,1461729.3561313816,-0.003004825948767942,-0.02816101683043226
2022-02-15,1460973.5939199817,-0.0005170329296799725,-0.02866348958707765
2022-02-16,1468283.0391941245,0.005003133050837993,-0.023803763788345034
2022-02-17,1465188.3572912042,-0.0021076875645303916,-0.02586128045594971
2022-02-18,1468930.3759647105,0.002553950592689924,-0.02337337829580799
2022-02-21,1470038.7755568721,0.0007545623742948315,-0.022636452593335354
2022-02-22,1461828.8942168723,-0.005584805976896701,-0.028094838374493003
2022-02-23,1462997.0059488723,0.0007990755529743154,-0.027318212720028656
2022-02-24,1454351.1604374123,-0.005909680933251393,-0.03306645173243794
2022-02-25,1455248.5951805478,0.0006170688122293377,-0.03246978719630378
2022-02-28,1455745.3861766772,0.00034137878419859824,-0.032139492908581535
2022-03-01,1453665.4414881172,-0.0014287832943250534,-0.03352235583235064
2022-03-02,1454799.1515015569,0.0007798974792156965,-0.032768602353945964
2022-03-03,1454657.0926207353,-9.764844904880388e-05,-0.03286305099979736
2022-03-04,1453071.552408575,-0.0010899752389779138,-0.0339172063269082
2022-03-07,1447819.7569538553,-0.003614271744577624,-0.0374088920710034
2022-03-08,1444914.3871539673,-0.0020067206473275423,-0.039340543522218385
2022-03-09,1443149.670852837,-0.0012213293166845052,-0.040513825079764976
2022-03-10,1441851.1734541971,-0.0008997662715555244,-0.04137713837798196
2022-03-11,1440964.6674645972,-0.0006148387613932327,-0.041966536870864934
2022-03-14,1437010.535610397,-0.0027440866132806274,-0.04459546367211242
2022-03-15,1431282.4556103973,-0.003986108562222035,-0.04840380987475479
2022-03-16,1435136.7924623971,0.0026929253809346854,-0.04584123234196569
2022-03-17,1434001.544361397,-0.0007910382529127125,-0.04659600842653533
2022-03-18,1432915.864361397,-0.0007570982083450195,-0.047317828880384494
2022-03-21,1433059.9843613969,0.00010057813133657056,-0.04722200988785574
2022-03-22,1429538.024361397,-0.0024576500903201737,-0.049563604801309835
2022-03-23,1428976.839227397,-0.00039256397831777257,-0.049936711893747154
2022-03-24,1428182.6486901313,-0.0005557756539252834,-0.05046473393896478
2022-03-25,1428204.3556088833,1.519897946655746e-05,-0.050450301971953104
2022-03-28,1429831.3680572847,0.0011392014329123512,-0.04936857359533797
2022-03-29,1424693.4001360668,-0.003593408310938684,-0.05278458046362
2022-03-30,1427137.008053347,0.001715181608230143,-0.05115993399699925
2022-03-31,1428988.268239449,0.0012971846260416697,-0.04992911325080773
2022-04-01,1428793.987905119,-0.00013595656356879537,-0.05005828162371684
2022-04-06,1430679.7930673608,0.0013198579908686447,-0.048804493455858466
2022-04-07,1425534.623836383,-0.0035963108278384004,-0.05222528815543437
2022-04-08,1428675.096915783,0.0022030142424378507,-0.05013732696661832
2022-04-11,1422260.9762853386,-0.004489558643732905,-0.054401791140694655
2022-04-12,1419503.899556983,-0.0019385167520777902,-0.0562348491093031
2022-04-13,1418200.1263607386,-0.0009184710212146729,-0.05710167005122857
2022-04-14,1419202.2259902358,0.0007065995911794687,-0.05643541847676292
2022-04-15,1417203.7415545692,-0.0014081745357129583,-0.05776412209326465
2022-04-18,1414006.2310351694,-0.0022562108930733737,-0.05989000494484231
2022-04-19,1415861.025740125,0.001311730220310059,-0.05865683425391299
2022-04-20,1414928.9482655802,-0.0006583114144678159,-0.059276531204854876
2022-04-21,1413398.1382655802,-0.0010818988486146486,-0.06029429884260906
2022-04-22,1416111.0798431798,0.0019194461236016203,-0.05849058437719623
2022-04-25,1406351.92135018,-0.006891520468917278,-0.06497901578663912
2022-04-26,1401521.9870201799,-0.003434371053699703,-0.06819022478942327
2022-04-27,1399814.1726369802,-0.0012185426978785774,-0.06932567478681806
2022-04-28,1397499.5422189801,-0.001653526920391002,-0.07086456983767475
2022-04-29,1402765.44221898,0.003768087101938322,-0.06736350660732626
2022-05-05,1401967.62982398,-0.0005687425502428622,-0.06789393666502785
2022-05-06,1400062.32982398,-0.0013590185389936726,-0.0691606860854086
2022-05-09,1398570.781786271,-0.0010653440250025792,-0.07015235018672494
2022-05-10,1398825.5728462706,0.00018217959599753364,-0.06998295091754281
2022-05-11,1400027.578870568,0.0008592965753775328,-0.06918379045222345
2022-05-12,1399541.787875068,-0.0003469867328556031,-0.06950677132766347
2022-05-13,1399504.1635550677,-2.68833130430135e-05,-0.06953178606841426
2022-05-16,1398710.3865144658,-0.0005671844795270831,-0.07005953319804958
2022-05-17,1396749.9552092976,-0.0014015991616774803,-0.07136293697672913
2022-05-18,1397908.5009692977,0.0008294582403094442,-0.07059267131254776
2022-05-19,1399714.1406492977,0.0012916722938218772,-0.06939218161640726
2022-05-20,1401866.410089298,0.001537649279589104,-0.06796123317488967
2022-05-23,1401811.943960536,-3.885258136571146e-05,-0.06799744528691365
2022-05-24,1394354.036120536,-0.005320191393810791,-0.07295587725750796
2022-05-25,1398565.9006005356,0.0030206564264827485,-0.07015559547051287
2022-05-26,1398732.630840536,0.00011921514740831363,-0.07004474393276006
2022-05-27,1397543.583160536,-0.000850089326425163,-0.07083528896999569
2022-05-30,1398771.024920536,0.0008782851388606794,-0.0700192174127442
2022-05-31,1401481.543480536,0.0019377857502831386,-0.06821711390420948
2022-06-01,1404396.2474805356,0.002079730563387283,-0.06627925655755484
2022-06-02,1403032.476855006,-0.0009710725359570738,-0.06718596712776526
2022-06-06,1406337.1664550058,0.00235539066594348,-0.06498882566167696
2022-06-07,1405695.906519006,-0.00045597880173797734,-0.06541517093656335
2022-06-08,1406355.459159006,0.0004692000858372847,-0.06497666365454458
2022-06-09,1403535.5281190062,-0.0020051339237421306,-0.06685151066574146
2022-06-10,1407088.1191149235,0.0025311728308570203,-0.06448955056238337
2022-06-13,1405197.1647149236,-0.0013438777389360723,-0.0657467622299246
2022-06-14,1409714.5567149234,0.0032147744910346887,-0.06274334875297483
2022-06-15,1409130.4775149236,-0.00041432444406397373,-0.06313167709394796
2022-06-16,1407816.2175149233,-0.0009326744549007504,-0.06400547024632819
2022-06-17,1407914.3479149232,6.970398463890248e-05,-0.06394022769800423
2022-06-20,1411172.0127149236,0.002313823141887106,-0.061774350934662325
2022-06-21,1409819.6719149235,-0.000958310388680661,-0.06267346232108828
2022-06-22,1406432.4428309235,-0.002402597404105755,-0.06492548062731507
2022-06-23,1409603.9588309235,0.0022550077084515507,-0.06281688037815303
2022-06-24,1414641.2900309234,0.003573579066972643,-0.05946778239995232
2022-06-27,1412118.3436309234,-0.001783453104175159,-0.06114517750300785
2022-06-28,1416761.2828309236,0.0032879249964714585,-0.0580582932640622
2022-06-29,1411535.6356309233,-0.0036884457976988916,-0.06153259419394963
2022-06-30,1411354.7492309236,-0.00012814865982391233,-0.06165285753429206
2022-07-01,1414513.8820309234,0.0022383690576173176,-0.059552490325293195
2022-07-04,1420687.0260309237,0.0043641452221996335,-0.05544824081921673
2022-07-05,1421707.9120484234,0.0007185861479652722,-0.05476949900903327
2022-07-06,1423558.3736484232,0.0013015764942418961,-0.05353920920730304
2022-07-07,1426552.6792484233,0.002103395024347421,-0.0515484282892098
2022-07-08,1426447.6960484234,-7.359223499214806e-05,-0.051618226960153835
2022-07-11,1426381.0872484236,-4.669557824255044e-05,-0.05166251219544071
2022-07-12,1424713.852811178,-0.0011688562419611692,-0.05277098238754674
2022-07-13,1425645.304811178,0.0006537818090013303,-0.05215170128687363
2022-07-14,1424141.0544016778,-0.0010551365086559628,-0.05315181063151331
2022-07-15,1425831.0664016777,0.0011866886322646764,-0.05202819664870928
2022-07-18,1431280.4302276778,0.0038218860245151642,-0.04840515646184662
2022-07-19,1433978.4524016778,0.0018850409165245274,-0.046611361245823435
2022-07-20,1434967.2490156777,0.0006895477490220792,-0.04595395425602711
2022-07-21,1432162.593015678,-0.0019545087192224253,-0.04781864557097337
2022-07-22,1429658.8249496778,-0.0017482428868136335,-0.04948328985081052
2022-07-25,1423909.2529496779,-0.004021639218855122,-0.05330592513052357
2022-07-26,1425709.1845856782,0.001264077491084148,-0.05210923045953819
2022-07-27,1427777.6085856778,0.0014508035876901193,-0.05073402713035058
2022-07-28,1444428.467625678,0.01166208164343896,-0.03966360985340622
2022-07-29,1442733.4336792226,-0.0011734980197681821,-0.04079056270555448
2022-08-01,1442920.4002009763,0.00012959186873273687,-0.04066625696206949
2022-08-02,1437095.5773429014,-0.004036828959701144,-0.04453892319798347
2022-08-03,1435079.8685429015,-0.0014026268202194103,-0.04587907852998174
2022-08-04,1435697.1501429013,0.00043013745334374853,-0.04546867538663868
2022-08-05,1438028.9262827411,0.0016241420689646624,-0.0439183809061896
2022-08-08,1439507.4022827414,0.0010281267455600762,-0.04293540782266092
2022-08-09,1438710.7702827414,-0.0005534059767505761,-0.04346505308810822
2022-08-10,1437293.4462827414,-0.0009851347673733857,-0.044407368920518664
2022-08-11,1440864.018282741,0.002484233132235003,-0.04203345404547154
2022-08-12,1439653.058282741,-0.0008404401696721076,-0.04283856761189375
2022-08-15,1440963.9382827415,0.0009105527143908887,-0.04196702167152255
2022-08-16,1443707.6062827413,0.001904050425626691,-0.04014287857137189
2022-08-17,1444775.6782827415,0.0007398118534196474,-0.03943276489534964
2022-08-18,1444694.6902827413,-5.605576091671782e-05,-0.03948661022262512
2022-08-19,1442208.9371647416,-0.0017206079144053144,-0.04113927716296839
2022-08-22,1441851.8580447414,-0.0002475918092021967,-0.04137668322410848
2022-08-23,1442524.2977944985,0.000466372287836192,-0.04092960787469069
2022-08-24,1436310.5624227168,-0.0043075429518116826,-0.04506084478258121
2022-08-25,1436398.5077027164,6.122998904301014e-05,-0.04500237386857042
2022-08-26,1435609.9630214004,-0.0005489734757363474,-0.045526642234707815
2022-08-29,1433706.1991157928,-0.0013261010682880103,-0.046792370374092784
2022-08-30,1432210.7336734105,-0.0010430766382293344,-0.047786638983937535
2022-08-31,1428410.211400308,-0.0026536054951598054,-0.05031343759129425
2022-09-01,1427694.4227557844,-0.0005011086022843614,-0.050789333697191186
2022-09-02,1427735.0462257217,2.8453896919300448e-05,-0.05076232495473754
2022-09-05,1428226.6400182904,0.0003443172414014928,-0.05043548605703163
2022-09-06,1429054.5443357446,0.0005796729274309964,-0.049885049215449784
2022-09-07,1429525.3160552613,0.0003294287970900811,-0.04957205399011544
2022-09-08,1430922.470693551,0.0009773556456804666,-0.04864314787127022
2022-09-09,1431555.2946935513,0.0004422489778175276,-0.048222411275876675
2022-09-13,1429983.114693551,-0.0010982321156771668,-0.049267683990795286
2022-09-14,1428394.524693551,-0.0011109152154852309,-0.050323866986503485
2022-09-15,1426845.0186935512,-0.0010847885323085338,-0.05135406476500359
2022-09-16,1420580.2742083913,-0.004390627155075322,-0.055519215368798225
2022-09-19,1421607.7199169912,0.0007232577611091529,-0.0548361123110952
2022-09-20,1421651.7221779267,3.095246341100477e-05,-0.05480685716044409
2022-09-21,1422285.2856779268,0.00044565310203381614,-0.05438562890431664
2022-09-22,1422276.462042727,-6.203843412211363e-06,-0.0543914953478033
2022-09-23,1420916.8265427267,-0.000955957253238604,-0.05529545665654967
2022-09-26,1419872.5570427268,-0.00073492654917795,-0.055989745106581834
2022-09-27,1423059.1140427266,0.0022442556440676054,-0.053871144763979584
2022-09-28,1422650.452886721,-0.00028717089260243966,-0.05414284543185466
2022-09-29,1419144.810886721,-0.002464162572673123,-0.05647359123123663
2022-09-30,1419002.421386721,-0.00010033472194481696,-0.056568259691108014
2022-10-10,1417722.9905619612,-0.0009016410440720879,-0.05741889647045084
2022-10-11,1417262.0615137503,-0.00032511925903677685,-0.05772534774041238
2022-10-12,1420506.5913571503,0.0022892942184133958,-0.05556820382683714
2022-10-13,1418466.5013571503,-0.0014361707382511968,-0.056924569136775016
2022-10-14,1420980.7266203004,0.0017724953396818233,-0.05525297233060156
2022-10-17,1421226.6050816595,0.0001730343394197309,-0.055089498652750035
2022-10-18,1423740.7250128929,0.0017689789385055832,-0.05341797187709385
2022-10-19,1422656.520348184,-0.000761518333823763,-0.05413881144597754
2022-10-20,1422417.151169432,-0.00016825507445283883,-0.05429795739067966
2022-10-21,1423042.238840933,0.00043945453764182574,-0.05388236433679794
2022-10-24,1420688.4456911858,-0.0016540571217790179,-0.055447296950107416
2022-10-25,1417822.2809928402,-0.002017447743056122,-0.0573528826690729
2022-10-26,1421447.10588464,0.0025566144222683995,-0.05494289745379488
2022-10-27,1422595.513274459,0.0008079142622083868,-0.05417937234204662
2022-10-28,1418154.0719514592,-0.003122068979942605,-0.05713228958424743
2022-10-31,1422266.1822074594,0.0028996216541843367,-0.05439832995409466
2022-11-01,1423292.9878970992,0.0007219504354987194,-0.05371565241659659
2022-11-02,1421666.6668290994,-0.00114264672265596,-0.0547969211250634
2022-11-03,1423317.8348290995,0.0011614311839236446,-0.05369913279411742
2022-11-04,1423017.2348290994,-0.00021119667908620077,-0.053898988394687763
2022-11-07,1421732.9948290992,-0.0009024767715862803,-0.054752822581235816
2022-11-08,1421952.2988290992,0.00015425118555856265,-0.05460701708347315
2022-11-09,1423212.8580195792,0.0008864989293368986,-0.0537689272163151
2022-11-10,1422373.3196282194,-0.0005898895492892908,-0.05432709903736299
2022-11-11,1422679.5056282193,0.0002152641615071893,-0.05412352955327715
2022-11-14,1426265.9298674993,0.002520894006761143,-0.05173907522779175
2022-11-15,1430305.8718674993,0.0028325306770633496,-0.04905309706851391
2022-11-16,1424297.2458674994,-0.004200937798119142,-0.05304796585704319
2022-11-17,1428766.803867499,0.00313807950760836,-0.050076355084011204
2022-11-18,1426376.5678674993,-0.00167293640468813,-0.05166551693126509
2022-11-21,1426871.1978674992,0.00034677378410630233,-0.05133665939397292
2022-11-22,1423612.927409299,-0.0022835070629149135,-0.053502938832575286
2022-11-23,1422218.6894092993,-0.000979365930974585,-0.05442990580805018
2022-11-24,1425481.2877799994,0.0022940201777654767,-0.052260748932482226
2022-11-25,1426227.3037218987,0.0005233432022535567,-0.051764756037927184
2022-11-28,1428460.0236360815,0.001565472704355253,-0.05028031964619695
2022-11-29,1433805.2260908433,0.0037419335272370624,-0.046726531732804055
2022-11-30,1433665.5664654167,-9.740487960652189e-05,-0.046819385220212784
2022-12-01,1428361.2731866967,-0.003699812147820003,-0.05034597443784161
2022-12-02,1431041.7188135767,0.001876588001367363,-0.04856386508802135
2022-12-05,1433632.6806810966,0.00181054251141477,-0.046841249518867145
2022-12-06,1432455.8444506968,-0.0008208770951292355,-0.04762367570515913
2022-12-07,1432170.1805038166,-0.00019942251482785167,-0.04781360098681253
2022-12-08,1428615.817104215,-0.002481802405878253,-0.05017673948272805
2022-12-09,1428078.6854791672,-0.000375980455079028,-0.0505338544644619
2022-12-12,1429940.0526200628,0.00130340656983563,-0.04929631405253443
2022-12-13,1428858.855601649,-0.0007561135282788678,-0.05001515397086387
2022-12-14,1424500.790885889,-0.003050031637957029,-0.05291263780683253
2022-12-15,1423424.9000883955,-0.0007552756757855938,-0.05362794985434094
2022-12-16,1422933.001338897,-0.00034557407943891505,-0.05395499150437677
2022-12-19,1420726.6809029179,-0.001550544146423749,-0.055421876054552954
2022-12-20,1419106.7222264735,-0.0011402324586561319,-0.056498914691212154
2022-12-21,1418278.5591379716,-0.0005835805549582185,-0.05704952357818038
2022-12-22,1418494.2864939135,0.00015210506747909136,-0.05690609603233476
2022-12-23,1418615.0849606884,8.515964281641253e-05,-0.05682578249233061
2022-12-26,1419971.301843129,0.0009560147053409018,-0.055924094070694874
2022-12-27,1421174.62147328,0.0008474253166870227,-0.05512406024713623
2022-12-28,1419129.4468815175,-0.0014390733980615966,-0.05648380607650294
2022-12-29,1417974.2026161365,-0.0008140513664343096,-0.05725187672341925
2022-12-30,1418885.7395656216,0.0006428445227024682,-0.05664583625608299
2023-01-03,1420224.6785717465,0.0009436552703212531,-0.05575563512768644
2023-01-04,1419877.248045265,-0.0002446306783169261,-0.05598662626716211
2023-01-05,1422554.7824054712,0.0018857505913925099,-0.054206452489362955
2023-01-06,1421889.8780272189,-0.0004674015977985668,-0.05464851790465697
2023-01-09,1421504.6223649147,-0.00027094620213385934,-0.05490465729841243
2023-01-10,1421020.421741651,-0.00034062543001678325,-0.055226580805926906
2023-01-11,1419344.9869540348,-0.0011790363896126976,-0.05634050304709548
2023-01-12,1419420.2131118728,5.300061544555312e-05,-0.056290488512986014
2023-01-13,1421423.6019118726,0.0014114134640985654,-0.054958524202275316
2023-01-16,1424351.451964886,0.0020598012085033535,-0.05301192662834142
2023-01-17,1422540.651411819,-0.0012713158333000907,-0.054215847559965114
2023-01-18,1424816.617011819,0.001599930095313118,-0.052702659030806176
2023-01-19,1426407.6179462988,0.0011166355834735242,-0.051644873111750034
2023-01-20,1424222.7057963389,-0.0015317586098605451,-0.05309752424256653
2023-01-30,1421180.6073963388,-0.0021359710020204536,-0.05512008047252581
2023-01-31,1419325.591722379,-0.0013052638519732707,-0.05635339807594042
2023-02-01,1422165.648820379,0.002000990551120463,-0.05446517014189334
2023-02-02,1421949.277512651,-0.0001521421276822199,-0.05460902582270566
2023-02-03,1422163.7916446507,0.0001508592010925902,-0.054466404895621046
2023-02-06,1421903.9132446507,-0.00018273450746453257,-0.05463918651141353
2023-02-07,1425175.4316446509,0.0023008013196439414,-0.05246409910419936
2023-02-08,1427164.273244651,0.0013955065150856871,-0.051141806581221694
2023-02-09,1433551.9734193038,0.004475798823165844,-0.046894908195766694
2023-02-10,1431612.9082082366,-0.0013526298641562962,-0.048184106606620536
2023-02-13,1433883.5610082361,0.0015860801386888834,-0.04667445032242101
2023-02-14,1437239.9250082362,0.0023407507354642476,-0.044442952840876404
2023-02-15,1443392.9115651643,0.004281113020773386,-0.04035210512419163
2023-02-16,1438291.0073702235,-0.0035346606970714234,-0.04374413482123651
2023-02-17,1430902.7833702238,-0.005136807476470495,-0.04865623709890554
2023-02-20,1437578.4369451357,0.004665343902112262,-0.0442178912758423
2023-02-21,1442578.3033451359,0.00347797815514328,-0.04089370198062292
2023-02-22,1440438.6449451353,-0.0014832182038500008,-0.042316265901272465
2023-02-23,1437592.8871604155,-0.0019756188815860387,-0.044208283968945716
2023-02-24,1439184.3965778954,0.0011070654506530886,-0.04315015998210736
2023-02-27,1432941.8487334945,-0.004337559425494408,-0.04730055302445968
2023-02-28,1433507.1438466322,0.0003944996886211527,-0.04692471338927828
2023-03-01,1436774.7797935922,0.002279469593846395,-0.04475220725280271
2023-03-02,1437443.679793592,0.0004655566129132538,-0.04430748532591844
2023-03-03,1438452.203758232,0.0007016093769911524,-0.043636962496102716
2023-03-06,1435843.759749392,-0.0018133685652015341,-0.045371201165232966
2023-03-07,1432831.6481991522,-0.002097798963005215,-0.04737382046948346
2023-03-08,1435604.324234512,0.0019351024517393345,-0.045530391213883026
2023-03-09,1434489.9523405922,-0.0007762388808030263,-0.04627128763476762
2023-03-10,1432407.416393632,-0.0014517605672749179,-0.04765587337125732
2023-03-13,1435980.397076892,0.0024943885673640587,-0.04528035706959821
2023-03-14,1438299.140864732,0.0016147461292368437,-0.043738727221669826
2023-03-15,1434954.6674624123,-0.002325297504042867,-0.045962319172474175
2023-03-16,1438515.519533132,0.002481508406824373,-0.04359486664707346
2023-03-17,1445285.663541972,0.0047063406107965555,-0.039093698327600235
2023-03-20,1447714.213269852,0.0016803250659309654,-0.0374790633828892
2023-03-21,1450055.925694172,0.0016175239580129563,-0.03592216270782189
2023-03-22,1455276.9628950388,0.003600576438710368,-0.03245092676178485
2023-03-23,1456843.6868596787,0.0010765813000455093,-0.031409281522660204
2023-03-24,1463332.2707359185,0.004453864154929654,-0.02709531004083643
2023-03-27,1469190.1062408788,0.004003079561700762,-0.023200695160978002
2023-03-28,1462806.6166529434,-0.004344903740380102,-0.027444794114173665
2023-03-29,1461549.6166529437,-0.0008593070236966316,-0.028280517633524127
2023-03-30,1461757.4166529432,0.00014217786220327433,-0.028142360634860086
2023-03-31,1466400.3166529434,0.0031762452149080023,-0.02505550245825472
2023-04-03,1478608.2166529435,0.008325080035351151,-0.016939011486194477
2023-04-04,1482409.6596429432,0.002570960276823575,-0.01441160073503056
2023-04-06,1477081.5596429433,-0.0035942156510793133,-0.017954017985190918
2023-04-07,1474961.1099759433,-0.0014355670837246093,-0.01936381087167538
2023-04-10,1462675.4099759436,-0.008329507752377396,-0.027532027611281484
2023-04-11,1459817.8456266632,-0.001953655834911028,-0.029431895339802838
2023-04-12,1463611.2513966633,0.002598547333398038,-0.026909828179556894
2023-04-13,1460762.7995230635,-0.0019461806342918608,-0.028803637427373574
2023-04-14,1463749.9995230637,0.0020449589768958276,-0.026817580707402033
2023-04-17,1464655.7376862634,0.0006187792748042487,-0.02621539559573982
2023-04-18,1461704.7752326634,-0.002014782298440765,-0.028177359579187766
2023-04-19,1461783.8752326635,5.411489470397157e-05,-0.028124769499330404
2023-04-20,1464489.2752326636,0.0018507523894868427,-0.026326069094198212
2023-04-21,1458654.7123176635,-0.003984025703481664,-0.030205211061736903
2023-04-24,1461184.6123176634,0.0017344063530841947,-0.028523192818614485
2023-04-25,1455486.2849848636,-0.003899799713714014,-0.03231175779314033
2023-04-26,1453575.0245799376,-0.0013131421605568905,-0.03358247002225734
2023-04-27,1452225.4381199377,-0.0009284601325548758,-0.03447975017024385
2023-04-28,1457645.5242027396,0.003732262182253754,-0.03087617545560406
2023-05-04,1366262.1891817227,-0.06269242659047647,-0.09163289968293542
2023-05-05,1466421.5736627397,0.0733090509816452,-0.025041369615742548
2023-05-08,1465668.9544627396,-0.0005132352207013469,-0.0255417527235825
2023-05-09,1465413.2160627395,-0.00017448578631718004,-0.025711781837091885
2023-05-10,1464170.1739486207,-0.0008482536532996576,-0.02653822537751538
2023-05-11,1463673.4452194534,-0.0003392561452250087,-0.026868478266697693
2023-05-12,1460277.2856525506,-0.002320298682738975,-0.029126434054707273
2023-05-15,1458601.1023752454,-0.0011478527357604573,-0.030240853933455103
2023-05-16,1454220.0539222446,-0.0030035960111826077,-0.03315361863638844
2023-05-17,1453652.1489698836,-0.0003905220195727921,-0.03353119343785527
2023-05-18,1453498.340794966,-0.0001058081020459678,-0.03363345366796422
2023-05-19,1402900.8157659997,-0.034810858470807005,-0.06727350274325128
2023-05-22,1403177.737686,0.00019739237221072514,-0.06708938964733402
2023-05-23,1402411.962022748,-0.0005457438802548564,-0.06759851990375876
2023-05-24,1403162.3245607484,0.0005350514387498784,-0.06709963715034073
2023-05-25,1404459.5644070322,0.0009245116003879783,-0.06623715994288004
2023-05-26,1404765.3523878937,0.000217726439842858,-0.0660338550840569
2023-05-29,1403496.615482298,-0.0009031664280721996,-0.06687738195110104
2023-05-30,1402957.6709895828,-0.0003840012770747192,-0.06723570222809905
2023-05-31,1402134.5652348686,-0.0005866932208536957,-0.06778294871825619
2023-06-01,1401905.7183548687,-0.00016321320768630798,-0.06793509885345572
2023-06-02,1401461.6732028686,-0.0003167439480318279,-0.06823032477006685
2023-06-05,1401580.4280508687,8.473642217321498e-05,-0.06815136994149829
2023-06-06,1399460.7535468687,-0.001512345964296724,-0.0695606474565027
2023-06-07,1397994.7594949007,-0.0010475420966629123,-0.07053532184668387
2023-06-08,1397946.5361669003,-3.449464146620951e-05,-0.07056738339751223
2023-06-09,1402608.8522949005,0.003335117622440764,-0.0674676162990101
2023-06-12,1401350.1883334126,-0.0008973734619087681,-0.06830444611251396
2023-06-13,1402363.5702534125,0.0007231468111514872,-0.06763069344375616
2023-06-14,1400811.9377414125,-0.001106440972164946,-0.06866230504571902
2023-06-15,1402131.4197444445,0.0009419408612119096,-0.06778504001525476
2023-06-16,1402564.8106244446,0.0003090943358783349,-0.0674968976513024
2023-06-19,1403176.338112445,0.00043600658120612756,-0.06709032016168315
2023-06-20,1404992.154112445,0.0012940754135311039,-0.06588306468195926
2023-06-21,1403563.8529924448,-0.001016590103951498,-0.06683267871433707
2023-06-26,1400782.836192445,-0.001981396709576533,-0.06868165337421694
2023-06-27,1405317.017952445,0.0032368912888200985,-0.06566707713090558
2023-06-28,1404879.5718724448,-0.0003112792874575554,-0.06595791561738429
2023-06-29,1407095.9750724449,0.0015776464007131175,-0.06448432748484345
2023-06-30,1408734.6030724447,0.0011645460075424552,-0.06339487644342245
2023-07-03,1408017.339392445,-0.0005091545834362554,-0.0638717532349512
2023-07-04,1408640.7458471777,0.00044275481365985137,-0.0634572779474929
2023-07-05,1410120.5711271777,0.0010505342006914553,-0.06247340778756805
2023-07-06,1407879.8082471774,-0.0015890576493109432,-0.06396319159035568
2023-07-07,1407684.6066471776,-0.00013864933558693782,-0.06409297247192658
2023-07-10,1407494.4680871777,-0.00013507184713257292,-0.06421938716287912
2023-07-11,1411294.1352871773,0.002699596542758309,-0.06169315705568379
2023-07-12,1409241.4885536437,-0.001454442899045949,-0.06305787078053038
2023-07-13,1410246.1561061929,0.0007129136920176471,-0.06238991190798171
2023-07-14,1408272.838078193,-0.0013992720486815102,-0.06370188349681061
2023-07-17,1409366.0584237012,0.0007762844783687495,-0.06297504980184343
2023-07-18,1412524.2190477012,0.002240837719287958,-0.06087532894952552
2023-07-19,1409704.3396077014,-0.0019963405950667035,-0.06275014165417214
2023-07-20,1407902.3856020856,-0.0012782495981513708,-0.06394818090897014
2023-07-21,1438625.9329340854,0.021822214129469497,-0.043521457676486186
2023-07-24,1407121.0319701857,-0.021899300049211035,-0.0644676682654608
2023-07-25,1412339.9284843854,0.0037089179932818794,-0.06099785556699355
2023-07-26,1417716.9617033852,0.0038071806302113487,-0.05742290479098133
2023-07-27,1415056.8797273855,-0.0018763138537918334,-0.059191475252988845
2023-07-28,1437803.2806692852,0.016074548852256676,-0.0440684026613235
2023-07-31,1448906.9606589852,0.007722669810943383,-0.03668605857322926
2023-08-01,1453717.1110766854,0.003319847684017274,-0.033488003015802126
2023-08-02,1456630.3474246853,0.0020039912344722577,-0.03155112144583361
2023-08-03,1462769.7937726853,0.004214827982167657,-0.02746927601320459
2023-08-04,1468091.4589606852,0.0036380742962121015,-0.02393113698399174
2023-08-07,1466848.9549406853,-0.0008463396557591985,-0.024757222769514087
2023-08-08,1456472.1965086854,-0.007074183334997541,-0.03165626897177465
2023-08-09,1456303.0345268927,-0.00011614501272194655,-0.031768737266734126
2023-08-10,1466703.1736792428,0.0071414663746331986,-0.024854146261055865
2023-08-11,1461967.1011792426,-0.0032290599659096086,-0.028002950698287066
2023-08-14,1459145.616179243,-0.0019299237292849103,-0.02987883086852927
2023-08-15,1464061.9746146426,0.0033693405105605923,-0.02661016231322222
2023-08-16,1463903.5317041927,-0.00010822145045563669,-0.02671550397331557
2023-08-17,1460855.5280451574,-0.002082106910068715,-0.02874198634795544
2023-08-18,1455131.1579531573,-0.003918505274549733,-0.03254786599739967
2023-08-21,1454444.7812998774,-0.00047169401158675406,-0.03300420737550558
2023-08-22,1456476.4527998772,0.001396870837670372,-0.03165343915263852
2023-08-23,1454211.5343400484,-0.00155506699437169,-0.033159282928525546
2023-08-24,1450653.440934848,-0.0024467509170288393,-0.035524901339641035
2023-08-25,1449063.8809798204,-0.0010957544442891098,-0.03658172921540426
2023-08-28,1452851.1763684605,0.002613615202443187,-0.03406372457657014
2023-08-29,1453260.9270302027,0.00028203209551458386,-0.033791299544678854
2023-08-30,1453160.5645444428,-6.906019689456588e-05,-0.03385802610777355
2023-08-31,1451162.4875955477,-0.0013749870438587442,-0.03518645880440352
2023-09-01,1452796.4964650676,0.0011259999369384044,-0.034100078817859925
2023-09-04,1454761.2618389076,0.0013524023348217007,-0.03279379350924927
2023-09-05,1453737.8665890677,-0.0007034798607066239,-0.033474203596665975
2023-09-06,1453144.3193746675,-0.00040829039955658786,-0.033868826800261265
2023-09-07,1452625.9555383476,-0.00035671875766818406,-0.034213463912109554
2023-09-08,1452896.3817137915,0.0001861636675379863,-0.03403366954849263
2023-09-11,1452548.2016091517,-0.00023964551706645576,-0.03426515904922256
2023-09-12,1451888.0680542719,-0.00045446585121822203,-0.03470405255576625
2023-09-13,1452670.0202001117,0.0005385760535161488,-0.03418416727391671
2023-09-14,1455888.4602985915,0.0022155341913343563,-0.03204436927397991
2023-09-15,1454821.9104850027,-0.0007325765968156928,-0.03275347091580583
2023-09-18,1454957.192063526,9.298841153571047e-05,-0.032663528197502845
2023-09-19,1455764.4620543262,0.000554841060069533,-0.032126810204044065
2023-09-20,1455945.7513359261,0.00012453201484530219,-0.03200627900560393
2023-09-21,1453158.6098975262,-0.001914316818358408,-0.03385932566576899
2023-09-22,1451420.6993045534,-0.0011959538216514964,-0.03501478529749191
2023-09-25,1451134.476668522,-0.00019720170462544928,-0.03520508202676964
2023-09-26,1449540.6454520721,-0.0010983346079055378,-0.03626474967471094
2023-09-27,1448484.6147153534,-0.00072852785469113,-0.036966857649120666
2023-09-28,1449044.5971596676,0.00038659882101987897,-0.03659455017168478
2023-10-09,1450389.1893698242,0.0009279163752393682,-0.03570059047879426
2023-10-10,1449917.0655846666,-0.0003255152400596373,-0.03601448463257395
2023-10-11,1450218.5955713799,0.0002079636096921078,-0.03581401072510715
2023-10-12,1453485.1067041156,0.002252426732570534,-0.033642252427694475
2023-10-13,1456754.1290819054,0.0022490924487024166,-0.03146882451488442
2023-10-16,1451195.8015670255,-0.00381555638245068,-0.03516430982310914
2023-10-17,1451027.4585261296,-0.00011600298230884931,-0.035276233640607724
2023-10-18,1449199.9700027453,-0.0012594444802861426,-0.03649124966314987
2023-10-19,1445711.6114499136,-0.0024070926200924214,-0.03881050446548018
2023-10-20,1444466.1360224895,-0.0008614964544518822,-0.03963856580793956
2023-10-23,1443308.8441871216,-0.0008011900082023349,-0.040407997793277195
2023-10-24,1445534.5032787016,0.00154205324837009,-0.03892825582916437
2023-10-25,1442379.6218913016,-0.002182501614623633,-0.04102579646258642
2023-10-26,1442393.4218913016,9.567522856412936e-06,-0.04101662145497531
2023-10-27,1441818.7287175108,-0.00039843025146169,-0.04139870944363655
2023-10-30,1439868.0402678107,-0.0013529359903898808,-0.04269563563006451
2023-10-31,1439062.7648237108,-0.0005592703092084372,-0.04323102753793229
2023-11-01,1438361.6893796108,-0.00048717502894035647,-0.043697141489780655
2023-11-02,1437221.433368812,-0.0007927463719438199,-0.04445524711134419
2023-11-03,1437467.9122032763,0.00017149677060301904,-0.044291374272057094
2023-11-06,1443983.473757324,0.004532665737255304,-0.03995946652942073
2023-11-07,1444904.0089170001,0.0006374970187719153,-0.03934744355143305
2023-11-08,1444718.0877514642,-0.0001286737142318639,-0.039471054283957696
2023-11-09,1444030.2665859284,-0.0004760936900889412,-0.039928356054160896
2023-11-10,1443935.3858089042,-6.570553209284125e-05,-0.0399914380723736
2023-11-13,1443980.7903739633,3.1445011671182854e-05,-0.039961250591939446
2023-11-14,1448925.6272884274,0.003424447850987944,-0.03667364795966377
2023-11-15,1450572.606769521,0.001136690144804664,-0.03557864438906888
2023-11-16,1447881.452575473,-0.0018552357748167214,-0.037367873389995476
2023-11-17,1447261.954518033,-0.0004278651793889754,-0.0377797501575331
2023-11-20,1444721.4307465449,-0.0017554000943348358,-0.03946883167487736
2023-11-21,1444097.030541009,-0.00043219418792250774,-0.03988396766314595
2023-11-22,1441461.849558449,-0.0018247949596384982,-0.04163598255962242
2023-11-23,1441475.5197524969,9.48356285124241e-06,-0.041626893854228575
2023-11-24,1439560.689843969,-0.0013283818436657935,-0.042899979287890244
2023-11-27,1438719.6157639688,-0.0005842574654434385,-0.043459172120167255
2023-11-28,1439544.7197387656,0.0005734988011258935,-0.04291059710215028
2023-11-29,1438363.7951853354,-0.0008203458616030668,-0.0436957414330017
2023-11-30,1437522.0933472076,-0.0005851800781869754,-0.044255351633800344
2023-12-01,1437779.500371786,0.0001790630041580421,-0.044084213125855864
2023-12-04,1438348.063107931,0.00039544501503741003,-0.04370620099314093
2023-12-05,1436534.7803272242,-0.0012606703670798858,-0.0449117722477711
2023-12-06,1435608.7774312242,-0.0006446087548183099,-0.04552743048100416
2023-12-07,1434786.270697456,-0.0005729323661839425,-0.046074278708716276
2023-12-08,1435029.554172656,0.00016956077721719254,-0.045912530322006706
2023-12-11,1435119.4346379964,6.263318067500911e-05,-0.045852772789138796
2023-12-12,1434901.6259979967,-0.00015177039258384983,-0.04599758408839527
2023-12-13,1435332.6584486386,0.00030039163858508466,-0.045711009739465513
2023-12-14,1435605.9238886388,0.0001903847434889805,-0.0455293276748403
2023-12-15,1434391.5917286389,-0.0008458673371245506,-0.04633668324080353
2023-12-18,1436701.7867686388,0.0016105748620680593,-0.044800737075954666
2023-12-19,1435669.8949032812,-0.0007182366409373975,-0.04548679618598317
2023-12-20,1435752.3603432812,5.744039092325792e-05,-0.04543196857441478
2023-12-21,1435782.798583281,2.1200201957283227e-05,-0.04541173153936662
2023-12-22,1435879.3109032812,6.72193037103419e-05,-0.04534756478063051
2023-12-25,1432848.8899432807,-0.002110498380322845,-0.04736235719893234
2023-12-26,1432881.3848687813,2.267854323556584e-05,-0.04734075276496219
2023-12-27,1433884.0226946953,0.0006997353978506204,-0.04667414336758213
2023-12-28,1385135.039749044,-0.03399785629387053,-0.07908517884260213
2023-12-29,1387184.927749044,0.0014799192433767594,-0.07772229927726038
2024-01-02,1390682.2780370442,0.0025211853286750685,-0.07539706626923393
2024-01-03,1391573.3584902843,0.0006407505634555832,-0.07480462641847319
2024-01-04,1393070.718254284,0.0010760192805243651,-0.07380909835824745
2024-01-05,1391018.022254284,-0.0014735045199804064,-0.07517384483818124
2024-01-08,1389292.1542542842,-0.0012407229614486148,-0.0763212978842388
2024-01-09,1389459.8822542839,0.00012072910617533239,-0.07620978298013914
2024-01-10,1389772.842254284,0.00022523860098244697,-0.07600170976405629
2024-01-11,1387529.1862542839,-0.0016144048378157194,-0.07749341707394664
2024-01-12,1386690.1707842841,-0.0006046831146411247,-0.07805124122778728
2024-01-15,1385936.670784284,-0.0005433802127363663,-0.07855220994046108
2024-01-16,1386135.5653502839,0.00014350913010141575,-0.07841997376967569
2024-01-17,1384271.523084735,-0.001344776306261064,-0.07965929275327366
2024-01-18,1383975.5470847348,-0.00021381354384919504,-0.07985607406143869
2024-01-19,1382389.4649975346,-0.0011460333172368387,-0.08091058965721742
2024-01-22,1377721.7652005232,-0.003376544682377025,-0.0840139361183394
2024-01-23,1379505.138827323,0.0012944367083729258,-0.08282825013289297
2024-01-24,1379999.2786937167,0.000358200815992582,-0.08249971846368531
2024-01-25,1382711.2355594828,0.0019651871617882843,-0.08069665868947296
2024-01-26,1380272.3078088965,-0.001763873531843707,-0.08231819352094616
2024-01-29,1377230.3466555567,-0.0022038847958695262,-0.08434065850169137
2024-01-30,1378343.8925771685,0.0008085400705233337,-0.08360031123314093
2024-01-31,1379104.9896364266,0.0005521822698650869,-0.08309429157289394
2024-02-01,1372099.446957277,-0.005079774732014042,-0.08775196602220148
2024-02-02,1369646.4107457115,-0.0017877976825988462,-0.08938288094330227
2024-02-05,1367106.4869196569,-0.0018544376169845611,-0.09107156358355106
2024-02-06,1369571.2257346963,0.0018028872210187341,-0.08943286812071527
2024-02-07,1370674.1197146967,0.0008052841351195994,-0.08869960285545153
2024-02-08,1369899.2853714966,-0.0005652943555696233,-0.08921475582618577
2024-02-19,1371447.1173714965,0.0011298874424774397,-0.08818567101600006
2024-02-20,1374469.3378519963,0.002203672633249054,-0.08617633073261377
2024-02-21,1373398.2271069963,-0.0007792903890266878,-0.08688846473533895
2024-02-22,1373510.1871069965,8.152041978104485e-05,-0.08681402749967737
2024-02-23,1372115.6231069965,-0.0010153284723263267,-0.08774121121808587
2024-02-26,1367659.3364184964,-0.0032477486688835544,-0.09070399848502975
2024-02-27,1368348.1604184965,0.0005036517366991955,-0.09024602997469311
2024-02-28,1368184.5444184965,-0.00011957190774447568,-0.09035481099246712
2024-02-29,1371020.5364184966,0.0020728139428043413,-0.08846928576168744
2024-03-01,1367776.8764184967,-0.0023658726575119804,-0.09062585135498624
2024-03-04,1370012.2856632285,0.001634337649123907,-0.08913962694671573
2024-03-05,1371924.9770762287,0.0013961125991466261,-0.08786796330383251
2024-03-06,1370707.9610762286,-0.0008870864080291474,-0.08867710323591371
2024-03-07,1371086.3770762286,0.00027607339473156856,-0.08842551123010733
2024-03-08,1373256.1755382286,0.0015825395819533128,-0.08698290851973023
2024-03-11,1371648.425824341,-0.0011707573157335727,-0.08805182995897054
2024-03-12,1366750.8898243408,-0.003570547603739427,-0.09130798431224507
2024-03-13,1366650.577824341,-7.339450132926029e-05,-0.09137467730959836
2024-03-14,1367787.0618243406,0.0008315834482057749,-0.09061907953062831
2024-03-15,1371588.4898243407,0.0027792542465856496,-0.08809167874564994
2024-03-18,1372361.7053203403,0.0005637372300337784,-0.08757760207458132
2024-03-19,1371046.1413203406,-0.0009586131665577646,-0.08845226219869484
2024-03-20,1371419.9333203405,0.0002726326917341648,-0.08820374448529389
2024-03-21,1372293.1693203407,0.000636738593908337,-0.0876231686196266
2024-03-22,1370806.0013203407,-0.0010837101234982827,-0.08861192062823886
2024-03-25,1370528.4173203404,-0.0002024969249717623,-0.08879647391176759
2024-03-26,1373244.5493203406,0.0019818137046081485,-0.08699063827607878
2024-03-27,1370823.1853203406,-0.0017632431173300045,-0.08860049574919626
2024-03-28,1372793.7933203403,0.0014375362345067089,-0.08729032593772446
2024-03-29,1375647.0413203405,0.0020784243153511017,-0.08539332795829713
2024-04-01,1376312.1294439808,0.0004834729430318596,-0.08495114037884854
2024-04-02,1379844.7589617968,0.0025667357296657034,-0.08260245177646919
2024-04-03,1382328.6573617968,0.001800128879620555,-0.08095101795581894
2024-04-08,1382917.316561797,0.0004258460510566664,-0.08055964457608777
2024-04-09,1382231.2421617967,-0.0004961065942148402,-0.08101578499940087
2024-04-10,1382912.9261617966,0.0004931765244531316,-0.08056256355821956
2024-04-11,1384070.9501617965,0.0008373802703645072,-0.07979264478910864
2024-04-12,1382476.0853617967,-0.001152299887381858,-0.0808529996208861
2024-04-15,1386213.4565617966,0.0027033894036740946,-0.07836818735964235
2024-04-16,1382274.2773617967,-0.002841682989984995,-0.0809871728046514
2024-04-17,1386258.8757617965,0.002882639477025384,-0.07833799014908549
2024-04-18,1386090.5429617967,-0.00012142955615501716,-0.0784499071578666
2024-04-19,1386771.4645617967,0.0004912533336711711,-0.07799719260261295
2024-04-22,1385098.4477617966,-0.0012064113249754538,-0.07910950723111632
2024-04-23,1377757.7469617967,-0.00529976826691414,-0.08399001344199575
2024-04-24,1379593.2300384126,0.001332224827378825,-0.0827696821957763
2024-04-25,1378126.9863017837,-0.0010628087357228422,-0.08374452259020848
2024-04-26,1377843.4733995334,-0.00020572335138080433,-0.0839330177377422
2024-04-29,1379307.3757482732,0.0010624591087462498,-0.08295973402821599
2024-04-30,1382478.4861073233,0.002299059959227634,-0.08085140347172093
2024-05-06,1297435.2261073226,-0.061515069387776844,-0.13739289316483572
2024-05-07,1300682.0628647786,0.0025025039340094146,-0.1352342154864763
2024-05-08,1297124.8978647783,-0.0027348458947497045,-0.137599216642173
2024-05-09,1299346.4878647784,0.0017127032282373555,-0.1361221800364817
2024-05-10,1298457.8728647782,-0.0006838937945339296,-0.13671298071679028
2024-05-13,1296866.2478647784,-0.0012257810078105669,-0.137771181549317
2024-05-14,1297797.4178647783,0.0007180154480332934,-0.13715208793792988
2024-05-15,1293101.8878647785,-0.0036180762385281673,-0.14027393746602534
2024-05-16,1292871.5278647784,-0.0001781452816378426,-0.14042709360756678
2024-05-17,1296227.3178647782,0.0025956097939150435,-0.1381959777531505
2024-05-20,1297808.1828647784,0.001219589325276882,-0.13714493076713763
2024-05-21,1297224.5428647783,-0.000449712066625918,-0.13753296710352092
2024-05-22,1296791.1428647782,-0.0003340979033923386,-0.13782111553095666
2024-05-23,1292882.5278647782,-0.0030140666995652765,-0.14041978019570311
2024-05-24,1291795.2678647784,-0.0008409580735810884,-0.1411426511214381
2024-05-27,1292433.3967549023,0.0004939860874229041,-0.1407183875400112
2024-05-28,1292190.744853622,-0.0001877480896806949,-0.14087971602124838
2024-05-29,1291938.143220022,-0.00019548324007578888,-0.1410476596379754
2024-05-30,1289863.6932200224,-0.0016056883302705272,-0.1424268693871532
2024-05-31,1289796.2432200222,-5.2292347133109374e-05,-0.14247171389899116
2024-06-03,1288793.2629990943,-0.0007776268741672698,-0.1431385509396219
2024-06-04,1291067.9667981982,0.0017649873446812236,-0.1416262013258851
2024-06-05,1291391.2951981982,0.00025043484023679063,-0.14141123462075067
2024-06-06,1294123.9431981985,0.002116049573944956,-0.13959441822957608
2024-06-07,1291628.8167981983,-0.001928042837870625,-0.14125331704917243
2024-06-11,1291870.3255981982,0.00018698003393780027,-0.14109274856525034
2024-06-12,1291681.9551981983,-0.00014581215797537794,-0.14121798768508276
2024-06-13,1290338.5155782944,-0.0010400699758151832,-0.14211118107186171
2024-06-14,1286642.3907116263,-0.002864461396792195,-0.1445685704764209
2024-06-17,1288236.0086909712,0.0012385865651942662,-0.14350904460036806
2024-06-18,1288345.407846971,8.492167216389568e-05,-0.14343630995624235
2024-06-19,1286098.133994971,-0.001744310057157361,-0.14493042261538147
2024-06-20,1284029.834102971,-0.001608197568544134,-0.14630554343066748
2024-06-21,1284250.7841779229,0.00017207549940323474,-0.14615864353071562
2024-06-24,1283973.9705949228,-0.0002155448035621177,-0.14634268459816901
2024-06-25,1283207.593136923,-0.00059687927913743,-0.14685221496121637
2024-06-26,1284532.2727049228,0.0010323189911631836,-0.1459714943004521
2024-06-27,1283377.484738923,-0.0008989949030772104,-0.14673926157415873
2024-06-28,1285280.7064669228,0.0014829788979717762,-0.1454738939046054
2024-07-01,1288773.4286809228,0.0027174781325405295,-0.14315173789760616
2024-07-02,1289381.4364481228,0.0004717724261449341,-0.14274750051415597
2024-07-03,1290585.755962123,0.0009340288916501738,-0.14194680191219677
2024-07-04,1290185.7980901226,-0.00030990414248155407,-0.14221271615275366
2024-07-05,1289897.2382521227,-0.00022365758360320953,-0.14240456678390456
2024-07-08,1291959.2583601228,0.001598592544313382,-0.14103362111832818
2024-07-09,1387482.537118123,0.07393675778851372,-0.07752443201447734
2024-07-10,1384727.693230123,-0.0019854980616346163,-0.07935600546661792
2024-07-11,1380796.3862318357,-0.0028390469963931464,-0.08196975703404519
2024-07-12,1379322.2228708896,-0.0010676182061636341,-0.08294986283524453
2024-07-15,1379322.0316708898,-1.386188061003324e-07,-0.08294998995563974
2024-07-16,1379523.1892936453,0.0001458380408176918,-0.082816249178843
2024-07-17,1373716.4620936455,-0.004209227684656036,-0.0866768844147161
2024-07-18,1370540.7750846453,-0.002311748527902391,-0.08878825778266963
2024-07-19,1369814.157874518,-0.0005301682542661057,-0.08927135332130776
2024-07-22,1369611.0070255182,-0.00014830540904542389,-0.08940641930578286
2024-07-23,1368180.092243718,-0.0010447599898513182,-0.09035777104590759
2024-07-24,1368515.6677060535,0.00024527141144492504,-0.09013466181250218
2024-07-25,1368818.0928080534,0.0002209876796710475,-0.08993359278260293
2024-07-26,1368285.3965305095,-0.00038916513475584225,-0.09028775889860452
2024-07-29,1369494.5567103527,0.0008837046590639552,-0.08948384195273562
2024-07-30,1372139.057422242,0.0019310049090239811,-0.08772563078180073
2024-07-31,1370670.9991851605,-0.00106990485340408,-0.08870167755706349
2024-08-01,1378672.9733056282,0.005837997685239404,-0.08338152006007915
2024-08-02,1378153.709741723,-0.0003766401271072528,-0.0837267553608726
2024-08-05,1376599.728784693,-0.0011275817392831788,-0.08475992833972135
2024-08-06,1372829.540780944,-0.002738768521389545,-0.0872665590374988
2024-08-07,1373440.2155554467,0.00044482927877220746,-0.08686054847924429
2024-08-08,1379061.9055856029,0.004093145057560976,-0.08312293624638822
2024-08-09,1377963.5039357585,-0.0007964846577195317,-0.08385321476068286
2024-08-12,1379188.7055856027,0.0008891394048859969,-0.08303863255326693
2024-08-13,1379968.600877399,0.0005654739548242027,-0.08252011478239574
2024-08-14,1381143.5208773992,0.0008514106764843099,-0.08173896261266189
2024-08-15,1291675.400877399,-0.06477829323860851,-0.14122234536212763
2024-08-16,1290674.8632792432,-0.0007746045155586634,-0.1418875584112711
2024-08-19,1293612.6291546326,0.002276147121921479,-0.13993436824706396
2024-08-20,1291874.1646877583,-0.0013438833447462217,-0.14109019612496532
2024-08-21,1292150.6157540092,0.0002139922554436069,-0.1409063960788114
2024-08-22,1292865.7526956499,0.0005534470462820185,-0.14043093326124145
2024-08-23,1293234.2835205721,0.00028504956849073615,-0.14018591346967957
2024-08-26,1292836.7938154137,-0.00030736094010463955,-0.1404501867356308
2024-08-27,1293879.723704137,0.0008066987988835095,-0.13975678893368992
2024-08-28,1295367.8166053367,0.0011501014150987476,-0.13876742199931336
2024-08-29,1288209.288516537,-0.0055262513064122665,-0.14352680965861453
2024-08-30,1287383.8949666633,-0.0006407293886416809,-0.14407557720224995
2024-09-02,1287802.785250639,0.0003253810193009077,-0.14379707564111555
2024-09-03,1283310.785250639,-0.0034881117290996855,-0.14678360710406113
2024-09-04,1282908.1590567892,-0.00031374020890129195,-0.14705129539340633
2024-09-05,1284693.3352002255,0.0013915073583667947,-0.14586441099463698
2024-09-06,1237242.4002242256,-0.036935612317630984,-0.17741243197683043
2024-09-09,1236581.6883842256,-0.00053401971988698,-0.17785170995948862
2024-09-10,1235541.8002242255,-0.0008409376992787321,-0.1785430854509813
2024-09-11,1234601.8557186255,-0.0007607549217917287,-0.1791680128417643
2024-09-12,1235030.1300601044,0.0003468926759628843,-0.1788832722372231
2024-09-13,1233134.0083289025,-0.0015352837838130684,-0.180143919433975
2024-09-18,1234638.9113257055,0.0012203888520132544,-0.17914337621299692
2024-09-19,1237308.46380367,0.0021622131405998335,-0.1773685092344962
2024-09-20,1237814.4013589413,0.000408901716970389,-0.1770321338054882
2024-09-23,1236184.461993364,-0.0013167881742108811,-0.17811580815944872
2024-09-24,1240925.8191283972,0.0038354770512061265,-0.17496349020289514
2024-09-25,1239990.2589306124,-0.0007539211315966687,-0.17558550266196993
2024-09-26,1244079.5969254405,0.003297879128788317,-0.17286668329772836
2024-09-27,1250432.4962763165,0.005106505537568751,-0.16864292243568058
2024-09-30,1274969.075422763,0.019622473999607593,-0.15232963979678504
2024-10-08,1298078.3495648964,0.018125360518623346,-0.13696530891715042
2024-10-09,1275055.9608704762,-0.017735746615092363,-0.15227187351823024
2024-10-10,1319624.7816580865,0.03495440369313929,-0.12264004236315784
2024-10-11,1312016.5979007315,-0.005765414429240612,-0.12769838612255513
2024-10-14,1315751.7768176228,0.002846899134407055,-0.12521503141306556
2024-10-15,1311056.4831221702,-0.003568525445436954,-0.12833672383275385
2024-10-16,1309804.1039362613,-0.0009552442644777948,-0.12916937517786853
2024-10-17,1308467.9488509507,-0.0010201182614217874,-0.13005772540085492
2024-10-18,1315958.8557813168,0.0057249449151155485,-0.1250773537994444
2024-10-21,1314863.2442064085,-0.0008325576214598396,-0.12580577731672649
2024-10-22,1315264.367475697,0.0003050684328245179,-0.1255390882552283
2024-10-23,1317060.0781178118,0.001365284946904799,-0.12434519993576654
2024-10-24,1316937.1402367107,-9.334265242999518e-05,-0.1244269358774176
2024-10-25,1325235.5961976247,0.0063013303424812594,-0.11890966076140275
2024-10-28,1332196.5666632047,0.0052526286537672995,-0.1142816203989605
2024-10-29,1331693.0492530116,-0.000377960297146096,-0.11461638678090236
2024-10-30,1333590.7326442348,0.0014250156162396443,-0.11335470130570258
2024-10-31,1341393.5319635393,0.005850969962750918,-0.10816696629542777
2024-11-01,1333671.6637367415,-0.005756601655514504,-0.11330089381369413
2024-11-04,1343302.5688075745,0.00722134640234362,-0.10689773241327427
2024-11-05,1356354.7769391227,0.009716506492751353,-0.09821989843157697
2024-11-06,1353442.1033290718,-0.0021474275459285597,-0.10015640586205532
2024-11-07,1354113.687951558,0.0004962049139998204,-0.09970989904881278
2024-11-08,1356045.113983092,0.0014263396409910367,-0.09842577958943421
2024-11-11,1357974.403281031,0.0014227323840814154,-0.09714308074940325
2024-11-12,1353275.0868754822,-0.0034605338614590586,-0.10026744769052254
2024-11-13,1353236.7402773793,-2.8336144273111152e-05,-0.100292942641932
2024-11-14,1345202.68532069,-0.005936917552979315,-0.10563442926330047
2024-11-15,1337024.8818765,-0.006079235146813855,-0.1110714878750233
2024-11-18,1333567.8701374577,-0.0025856001529234174,-0.11336990157191162
2024-11-19,1332119.923135537,-0.0010857692618010395,-0.11433257727937252
2024-11-20,1331681.81589223,-0.00032887973199569043,-0.11462385534399422
2024-11-21,1331721.9673792138,3.0150961366715023e-05,-0.11459716040206169
2024-11-22,1329172.1182917138,-0.001914700778359979,-0.11629244190820198
2024-11-25,1331919.5338362139,0.002067012621383535,-0.11446580723201416
2024-11-26,1329153.654931214,-0.0020766111125599673,-0.11630471737726789
2024-11-27,1335154.7454662137,0.004514971247105537,-0.11231485858502344
2024-11-28,1336766.0442256553,0.0012068254746597784,-0.11124357754288683
2024-11-29,1336904.6461097554,0.0001036844739576992,-0.11115142730074778
2024-12-02,1336719.7035622553,-0.00013833637876736748,-0.11127438739356754
2024-12-03,1336056.0485847553,-0.0004964802835862869,-0.11171562213774477
2024-12-04,1332949.3816072552,-0.0023252519838451446,-0.11378110714958778
2024-12-05,1337831.6915572553,0.0036627872126044903,-0.11053507592128675
2024-12-06,1343293.4771953553,0.004082565596680077,-0.1069037770227893
2024-12-09,1345668.0883234087,0.0017677530400961317,-0.10532500345952289
2024-12-10,1347065.080608409,0.001038140308982749,-0.10439620528217541
2024-12-11,1350178.8610359088,0.002311529318311356,-0.10232599085309413
2024-12-12,1348149.6526784087,-0.001502918180738888,-0.10367512144181779
2024-12-13,1346036.5474266289,-0.001567411486982584,-0.10508003135253818
2024-12-16,1340843.462551629,-0.003858056369218321,-0.10853268303751917
2024-12-17,1337198.647894989,-0.0027182999048254164,-0.11095595856037332
2024-12-18,1339109.843202844,0.0014292530962871641,-0.10968528961141
2024-12-19,1337704.4032894245,-0.0010495329569515377,-0.1106197042420215
2024-12-20,1337308.2907299723,-0.0002961136694161759,-0.11088306190490482
2024-12-23,1338664.324970991,0.0010140027175622457,-0.10998149491344589
2024-12-24,1339530.603970991,0.0006471218989263505,-0.10940554444835471
2024-12-25,1339624.0916303308,6.979135755669219e-05,-0.10934338865226934
2024-12-26,1338872.8042182443,-0.0005608195737747401,-0.10984288631342509
2024-12-27,1339290.7179548445,0.00031213849088840284,-0.10956503401530537
2024-12-30,1341050.2515061442,0.0013137801432585583,-0.10839519823813148
2024-12-31,1338564.0038012334,-0.0018539556605865481,-0.11004819400736399
2025-01-02,1334520.8800156333,-0.003020493434844007,-0.11273628759469234
2025-01-03,1332249.8678594334,-0.0017017434423156619,-0.11424618279888266
2025-01-06,1331810.8007781333,-0.00032956811773265926,-0.11453809901719225
2025-01-07,1330617.8339514232,-0.000895747974121508,-0.11533124972115938
2025-01-08,1331833.073563492,0.0009132897373393956,-0.11452329083058466
2025-01-09,1333284.0723209942,0.0010894749396934689,-0.11355858614626246
2025-01-10,1332314.7104009944,-0.0007270483013513962,-0.11420307187045231
2025-01-13,1327778.7036469947,-0.0034046060728658567,-0.11721886147128802
2025-01-14,1321093.936152122,-0.005034549414380307,-0.12166326673529382
2025-01-15,1319133.8470121222,-0.0014836864255912685,-0.12296644302353688
2025-01-16,1319722.1435678338,0.00044597184511951937,-0.12257531074990025
2025-01-17,1319745.2452727943,1.750497638686177e-05,-0.12255995145143361
2025-01-20,1318611.4236286737,-0.0008591215980371381,-0.12331377914812447
2025-01-21,1318875.0754725134,0.00019994657949662376,-0.1231384887369732
2025-01-22,1318470.875341954,-0.00030647340151956914,-0.12340722346699162
2025-01-23,1316980.3863729937,-0.0011304678751995478,-0.12439818344049414
2025-01-24,1319646.2378949136,0.00202421505248207,-0.1226257770634337
2025-01-27,1322474.7964190734,0.0021434218072502453,-0.12074519402087225
2025-02-05,1323108.7466840337,0.00047936661377345757,-0.1203237086218859
2025-02-06,1272089.731322114,-0.03855995623170305,-0.15424398791549276
2025-02-07,1274619.8572280337,0.0019889523856859714,-0.152561819477549
2025-02-10,1272857.9349952259,-0.0013823119283890017,-0.1537332433830575
2025-02-11,1275863.396534426,0.002361191658997841,-0.15173504537604632
2025-02-12,1277095.87375376,0.0009659946532534214,-0.15091562596533725
2025-02-13,1276228.5308980802,-0.0006791525002194376,-0.1514922837408602
2025-02-14,1277225.9977703043,0.0007815738702552366,-0.15082911228112206
2025-02-17,1277622.1527620803,0.00031016828068608504,-0.15056572640686972
2025-02-18,1273462.0567428803,-0.0032561238940687076,-0.15333158964155713
2025-02-19,1277286.2599620803,0.0030029973794281073,-0.15078904662400616
2025-02-20,1279158.9696990403,0.0014661629077694638,-0.1495439650232947
2025-02-21,1282918.066264952,0.0029387250959089783,-0.14704470853034135
2025-02-24,1284643.7827846324,0.001345149440996396,-0.1458973561968261
2025-02-25,1280232.1644486322,-0.003434117998405317,-0.1488304454583962
2025-02-26,1279963.688273272,-0.00020970897530592225,-0.14900894335349069
2025-02-27,1280658.5791033523,0.0005428988622464548,-0.14854694127705537
2025-02-28,1279514.572371832,-0.0008932956450588003,-0.1493075405863845
2025-03-03,1287784.4524889924,0.006463294983683143,-0.14380926428079954
2025-03-04,1287448.818056992,-0.00026062935559723055,-0.14403241272051837
2025-03-05,1286082.291851552,-0.0010614217717038743,-0.14494095535352958
2025-03-06,1280941.186076192,-0.003997493634686822,-0.14835904844178527
2025-03-07,1279824.2043618113,-0.0008720007807714314,-0.14910168001648094
2025-03-10,1279964.0680606423,0.00010928352374839356,-0.14900869084972157
2025-03-11,1280199.1168510423,0.0001836370225267725,-0.14885241733951304
2025-03-12,1282225.9309771224,0.0015832022529944645,-0.14750487856901418
2025-03-13,1279111.8872676822,-0.002428623251338524,-0.14957526804257404
2025-03-14,1279613.7439763225,0.00039234777945207355,-0.14924160578739942
2025-03-17,1284723.181088642,0.003992952667452698,-0.14584456778787036
2025-03-18,1285925.9188064022,0.000936184335633472,-0.14504492085203724
2025-03-19,1284854.2268064022,-0.0008334010414805526,-0.14575744130541812
2025-03-20,1284807.0174009623,-3.674300512457318e-05,-0.1457888287441299
2025-03-21,1283742.8301415623,-0.0008282856841432817,-0.14649635962851637
2025-03-24,1280670.3980667596,-0.002393339228592972,-0.14853908337276434
2025-03-25,1281986.7624699397,0.0010278713439204612,-0.1476638910960949
2025-03-26,1278622.7362067997,-0.002624072542417366,-0.14990048287638058
2025-03-27,1277164.4762068,-0.0011404927807915355,-0.15087001523861443
2025-03-28,1276708.527962632,-0.00035700041197683774,-0.1511731549929961
2025-03-31,1275547.2667581006,-0.0009095742521471051,-0.15194522603574567
2025-04-01,1276890.371422142,0.001052963460503431,-0.15105225534625577
2025-04-02,1277486.6706660623,0.0004669932965788437,-0.1506558024403567
2025-04-03,1276957.8970660623,-0.0004139171172128364,-0.15100736054213204
2025-04-07,1260864.2917133323,-0.012603082207883864,-0.16170728457110783
2025-04-08,1260920.3540929381,4.4463452549381444e-05,-0.16167001118273283
2025-04-09,1257946.121003046,-0.0023587795059678562,-0.1636474467795933
2025-04-10,1256105.9764095913,-0.001462816699961178,-0.1648708772614993
2025-04-11,1254852.2591577168,-0.0009980983097127583,-0.16570441822729653
2025-04-14,1255206.6568048168,0.00028242181062654304,-0.16546879495849454
2025-04-15,1255774.8327283692,0.0004526552822772256,-0.16509104000030728
2025-04-16,1256571.0334466293,0.0006340314342263564,-0.1645616814749502
2025-04-17,1255597.3064533162,-0.0007749080373452566,-0.16520906934268154
2025-04-18,1253508.5807734816,-0.0016635315073545431,-0.1665977703578838
2025-04-21,1255615.919200223,0.0016811519753945348,-0.16519669455322272
2025-04-22,1254882.8681274229,-0.000583817918832219,-0.165684067681643
2025-04-23,1251564.354946063,-0.002644480425740392,-0.16789039983354226
2025-04-24,1252131.0655973977,0.00045280184682083835,-0.16751361906982942
2025-04-25,1251396.6677051175,-0.0005865183864995904,-0.16800188763875545
2025-04-28,1250020.4026929855,-0.0010997831843806427,-0.16891690517216684
2025-04-29,1251759.7209723857,0.0013914319123538021,-0.16776050963220568
2025-04-30,1250111.2796123046,-0.0013168991879691783,-0.16885648514126694
2025-05-06,1252335.2452009048,0.0017790140964810686,-0.16737786911213448
2025-05-07,1253723.4616382981,0.0011085022502665964,-0.16645490560642362
2025-05-08,1254892.2758722503,0.0009322743569182279,-0.16567781288958539
2025-05-09,1256897.4526574695,0.0015978875826814232,-0.16434465982684598
2025-05-12,1254666.6361598505,-0.0017748595900981545,-0.16582783072136908
2025-05-13,1256547.4928766505,0.0014990888117951684,-0.1645773325552925
2025-05-14,1256460.2033014505,-6.946778828087474e-05,-0.16463536752027963
2025-05-15,1260185.7187510505,0.002965088301094543,-0.16215843762136573
2025-05-16,1256776.9686585786,-0.0027049585166306622,-0.16442476429110897
2025-05-19,1255580.6619171542,-0.0009518846790304014,-0.16522013555615744
2025-05-20,1260454.1907623303,0.003881494031402699,-0.16197994249478354
2025-05-21,1261313.7009023305,0.0006819050992090681,-0.1614084923443313
2025-05-22,1258988.3410847303,-0.0018436014894126496,-0.16295452089685414
2025-05-23,1257275.1550967307,-0.001360763981756663,-0.16409354223591
2025-05-26,1255769.7519447044,-0.0011973537740912477,-0.16509441798790103
2025-05-27,1257602.1554063784,0.0014591874496390211,-0.16387613424099545
2025-05-28,1257395.4064455784,-0.0001643993371919228,-0.16401359245033664
2025-05-29,1255025.4159656523,-0.0018848410514125113,-0.165589293949709
2025-05-30,1255647.7962680524,0.0004959105166177924,-0.16517550090540012
2025-06-03,1258323.6299024522,0.0021310383710724246,-0.16339645786471824
2025-06-04,1258149.7133600526,-0.00013821288758053552,-0.16351208725603683
2025-06-05,1257920.2959616526,-0.00018234507067305117,-0.16366461670360333
2025-06-06,1257795.2495604174,-9.940725309598442e-05,-0.16374775450672374
2025-06-09,1257268.423508334,-0.0004188488168225257,-0.16409801777031385
2025-06-10,1259203.468400334,0.0015390865274420573,-0.16281149229120195
2025-06-11,1256992.6757339342,-0.0017557072561182885,-0.1642813502289252
2025-06-12,1258034.5797443339,0.0008288863018166559,-0.16358863448795724
2025-06-13,1254925.017387534,-0.0024717622288504826,-0.16565604450901117
2025-06-16,1256664.2426028454,0.0013859196296301945,-0.1644997108432329
2025-06-17,1256760.599298454,7.667656350984764e-05,-0.16443564755224893
2025-06-18,1264316.489208761,0.006012195094694084,-0.15941207165116134
2025-06-19,1263187.0026721088,-0.000893357435651998,-0.160163017127271
2025-06-20,1264872.7771713089,0.0013345407256677433,-0.1590422204707055
2025-06-23,1268029.1995168903,0.002495446500667242,-0.15694365532257015
2025-06-24,1269952.1593768902,0.0015164949361832214,-0.15566516464494973
2025-06-25,1271672.47703289,0.00135463186018292,-0.15452140177631557
2025-06-26,1272155.7794016812,0.0003800525508885766,-0.15420007547833903
2025-06-27,1271814.5507768814,-0.0002682286480357732,-0.15442694324860218
2025-06-30,1274493.0400080811,0.002106037574081565,-0.15264613461945276
2025-07-01,1276271.9244000812,0.0013957584201391704,-0.1514634333270104
2025-07-02,1272524.611045472,-0.0029361402401534287,-0.15395485568566059
2025-07-03,1272762.4427173224,0.00018689750263845006,-0.1537967319610688
2025-07-04,1274537.3405733225,0.001394524065473579,-0.15261668113950622
2025-07-07,1275426.4734913094,0.0006976122940320906,-0.15202553611851144
2025-07-08,1273739.6665101096,-0.0013225434913409773,-0.15314701922654128
2025-07-09,1274624.3238538567,0.0006945354431575623,-0.15255884981625034
2025-07-10,1272225.1648581927,-0.0018822479304412276,-0.1541539441673545
2025-07-11,1267797.504319958,-0.0034802491418476356,-0.15709769917730132
2025-07-14,1270031.1099687074,0.001761800004447478,-0.15561267389996303
2025-07-15,1268216.3153643426,-0.0014289371261224648,-0.15681925029905464
2025-07-16,1267692.3525992995,-0.0004131493647380191,-0.15716760989015288
2025-07-17,1267782.2552089682,7.091831822148009e-05,-0.15710783763450353
2025-07-18,1267568.2616195283,-0.00016879364619648562,-0.15725011247593967
2025-07-21,1268308.1952323285,0.0005837426158452619,-0.15675816345209304
2025-07-22,1266852.969692328,-0.0011473753346945559,-0.15772567833653062
2025-07-23,1265658.5892150283,-0.0009427932884664703,-0.15851976891404262
2025-07-24,1266413.9388550282,0.0005968036296963852,-0.15801757045781273
2025-07-25,1269059.5711987622,0.0020890739295920113,-0.15625860691508164
2025-07-28,1269552.7731016444,0.00038863573789238437,-0.15593069885618982
2025-07-29,1270073.7687362551,0.00041037729635928777,-0.15558431197844658
2025-07-30,1267663.510149759,-0.0018977311757996107,-0.1571867859549394
2025-07-31,1265420.6410097592,-0.0017692937613507098,-0.15867797011653317
2025-08-01,1263937.1457389544,-0.0011723337068542117,-0.15966428029048452
2025-08-04,1262805.8628720178,-0.0008950467756647651,-0.1604164200668865
2025-08-05,1263715.471108465,0.0007203072643158226,-0.15981166191526053
2025-08-06,1263047.0137439917,-0.0005289619220115727,-0.16025608955342552
2025-08-07,1262991.187686406,-4.419950878964407e-05,-0.1602932058217763
2025-08-08,1263359.1488499257,0.00029134103793215793,-0.16004856477280172
2025-08-11,1266032.4558499258,0.0021160309025614055,-0.15827120157921026
2025-08-12,1268019.246849926,0.0015693049501377399,-0.15695027240917514
2025-08-13,1261449.0262078615,-0.005181483371318296,-0.1613185205538814
2025-08-14,1262198.2834869332,0.0005939655614337624,-0.16082037263807802
2025-08-15,1268178.0439891415,0.004737576164094204,-0.15684469523809474
2025-08-18,1275932.6199120532,0.0061147375635988155,-0.15168902182411947
2025-08-19,1277218.6995969617,0.0010079526652411186,-0.1508339645127138
2025-08-20,1277718.1653941774,0.0003910573791108263,-0.1505018918684462
2025-08-21,1276230.608052746,-0.0011642296256878515,-0.15149090273289878
2025-08-22,1277235.807385098,0.0007876314249237737,-0.15082259030355738
2025-08-25,1283166.310005898,0.004643232351073445,-0.14687966228305416
2025-08-26,1280959.9519714979,-0.0017194638116627692,-0.14834657183075195
2025-08-27,1276150.0616376738,-0.0037549107811070126,-0.15154445446995146
2025-08-28,1280766.6530809698,0.003617592932112945,-0.14847508768522977
2025-08-29,1278993.867735882,-0.001384159511666816,-0.14965373399203163
2025-09-01,1281540.3245635575,0.0019909843916479097,-0.1479607078489137
2025-09-02,1276754.1636875393,-0.003734693933761468,-0.1511428138246368
2025-09-03,1275191.1808325741,-0.0012241846546643398,-0.15218197176595427
2025-09-04,1268444.1364952305,-0.0052910061163836675,-0.15666778213892096
2025-09-05,1270140.3536449906,0.0013372422962565356,-0.15554004262740118
2025-09-08,1269793.8937381103,-0.00027277293087024646,-0.15577038844497626
2025-09-09,1268516.7123545904,-0.0010058178652599947,-0.15661952967065984
2025-09-10,1268690.8117939185,0.00013724646875545865,-0.15650377867928977
2025-09-11,1271486.2550889878,0.0022034078508983423,-0.15464521248302865
2025-09-12,1272276.3538041557,0.0006213977634486056,-0.154119910908745
2025-09-15,1272898.9003482838,0.000489317075073048,-0.15370600733768836
2025-09-16,1271806.9062688116,-0.0008578796628494478,-0.15443202574278503
2025-09-17,1272479.9227060599,0.0005291813041201632,-0.1539845669794453
2025-09-18,1267244.4507667318,-0.00411438471122938,-0.15746539994252917
2025-09-19,1268819.0516508918,0.0012425391827182164,-0.15641851768916193
2025-09-22,1268808.1503860916,-8.591662291057567e-06,-0.15642576545637288
2025-09-23,1266661.7050038858,-0.0016917020761196833,-0.15785284174031144
2025-09-24,1266986.608217646,0.0002565035419295203,-0.1576368280113919
2025-09-25,1268184.054670062,0.0009451137404683507,-0.15684069900308084
2025-09-26,1265902.1630258379,-0.0017993379082642535,-0.15835782749607008
2025-09-29,1269505.610910159,0.0028465453251995676,-0.15596205490443826
2025-09-30,1270579.0309101592,0.0008455417532424736,-0.155248385580539
2025-10-09,1270841.155439159,0.0002063032071384363,-0.15507411061324883
2025-10-10,1270206.7271616391,-0.0004992191784193301,-0.15549591382157368
2025-10-13,1267651.227161639,-0.0020118772364799975,-0.15719495236867043
2025-10-14,1266473.880151639,-0.0009287625687359746,-0.1579777181496521
2025-10-15,1268998.614770157,0.001993514953672504,-0.15629913413945784
2025-10-16,1267433.2140016772,-0.0012335716920883755,-0.15733989964417383
2025-10-17,1267620.5471689568,0.0001478051586545348,-0.15721535013434895
2025-10-20,1266801.6797889427,-0.0006459877775277789,-0.1577597787172501
2025-10-21,1268373.7797889428,0.0012409993016917475,-0.15671455919078148
2025-10-22,1267842.2256041425,-0.00041908323340511533,-0.15706796597999928
2025-10-23,1270900.2512993426,0.0024119923074363836,-0.15503482039825145
2025-10-24,1273229.6512993425,0.001832873978597771,-0.15348610570773813
2025-10-27,1274479.3512993427,0.0009815197114870777,-0.1526552356344426
2025-10-28,1272244.5512993424,-0.0017535003589677078,-0.15414105498292696
2025-10-29,1277088.1661645425,0.0038071413709364066,-0.1509207503993759
2025-10-30,1275809.4661645426,-0.001001262116334778,-0.15177090128576687
2025-10-31,1274529.6661645425,-0.0010031278446674952,-0.15262178351334432
2025-11-03,1277332.0572645427,0.002198764904730144,-0.15075859802990066
2025-11-04,1275381.5572645427,-0.0015270109200712367,-0.1520553989244856
2025-11-05,1274568.7474645425,-0.0006373071614297343,-0.15259580009124674
2025-11-06,1279715.1474645424,0.0040377578771153555,-0.1491741871079646
2025-11-07,1277958.3474645424,-0.0013728055055695076,-0.15034220546818344
2025-11-10,1281532.6474645424,0.0027968830182074633,-0.14796581201136982
2025-11-11,1281935.4474645425,0.00031431114985402964,-0.14769800816602818
2025-11-12,1284704.7474645425,0.0021602491806254065,-0.1458568234865233
2025-11-13,1287135.7474645425,0.0018922635763569673,-0.14424055946461312
2025-11-14,1283091.5132565426,-0.003142041712357435,-0.14692939132251892
2025-11-17,1277426.3929957424,-0.004415211387706841,-0.15069587838846965
2025-11-18,1272108.2929957425,-0.0041631361534093525,-0.15423164708239012
2025-11-19,1273128.1472416823,0.0008017039520573643,-0.15355359125133095
2025-11-20,1271647.1686469307,-0.0011632596435482423,-0.1545382281990546
2025-11-21,1266224.9106181306,-0.004263964220963534,-0.15814324694420634
2025-11-24,1267888.6757080844,0.001313957004006161,-0.15703708336715883
2025-11-25,1269501.2697034203,0.0012718734903405249,-0.15596494118015336
2025-11-26,1265399.6226674204,-0.0032309121179202593,-0.15869194427964395
2025-11-27,1265970.1203791124,0.0004508439084953686,-0.15831264566755432
2025-11-28,1269570.7893627752,0.002844197446448815,-0.15591872064365375
2025-12-01,1268814.1094290516,-0.0005960124004612544,-0.15642180355314728
2025-12-02,1268350.4772210517,-0.00036540593657852227,-0.15673005203409718
2025-12-03,1266152.8895250515,-0.0017326344220054413,-0.15819113057298562
2025-12-04,1263815.8177237317,-0.0018458053688890086,-0.15974494590375243
2025-12-05,1263594.3726498417,-0.00017521941946330166,-0.15989217490653218
2025-12-08,1264093.8796338418,0.00039530643283303135,-0.15956007487899937
2025-12-09,1262033.7672707257,-0.0016297146883685887,-0.16092975216966054
2025-12-10,1265033.4170947256,0.002376838006868054,-0.1589354181141851
2025-12-11,1262121.8934186902,-0.0023015389448937107,-0.1608711610045661
2025-12-12,1260854.3934186902,-0.001004261162578124,-0.1617138655079685
2025-12-15,1258861.5962762455,-0.0015805133033969243,-0.16303878789558635
2025-12-16,1258147.4828482454,-0.0005672692137980162,-0.1635135702243562
2025-12-17,1262347.3638343457,0.00333814679388178,-0.16072125573067497
2025-12-18,1260502.9566343455,-0.0014610932401347698,-0.16194752023051573
2025-12-19,1260065.0104903453,-0.0003474376174170679,-0.16223869118735723
2025-12-22,1264536.2136903454,0.0035483908868005898,-0.15926598659385238
2025-12-23,1258548.1610853688,-0.004735374550880911,-0.1632471770449958
2025-12-24,1262950.218721405,0.003497726803112444,-0.16032044426856618
2025-12-25,1263521.3305412247,0.00045220453771954716,-0.1599407373632341
2025-12-26,1269623.6458132968,0.004829610014939867,-0.1558835787352605
2025-12-29,1274629.2318224967,0.003942574656439657,-0.1525555867256977
2025-12-30,1279253.389458533,0.003627845274993824,-0.14948118951518063
2025-12-31,1286884.408799565,0.005965213306381667,-0.14440766338954858
2026-01-05,1296228.6405771475,0.007261127505848952,-0.1381950983403929
2026-01-06,1307166.8793014714,0.008438510292021917,-0.13092274880802335
2026-01-07,1307140.1647806072,-2.043696278353213e-05,-0.130940510107462
2026-01-08,1307397.3918724991,0.0001967861586864572,-0.130769491228776
2026-01-09,1319267.4975205716,0.009079187186591842,-0.12287758473134558
2026-01-12,1333360.9498766074,0.010682786002477185,-0.11350747367105474
2026-01-13,1319727.0590707713,-0.010225206315737534,-0.12257204265012756
2026-01-14,1308771.806714735,-0.008301150060339046,-0.12985570379122557
2026-01-15,1304360.7695104512,-0.0033703638645428136,-0.13278840668410563
2026-01-16,1302317.8264253794,-0.001566240822957754,-0.1341466688836992
2026-01-19,1300470.6044649754,-0.0014184110229638058,-0.1353748047928245
2026-01-20,1303662.4771308391,0.002454398165483207,-0.13325267029987742
2026-01-21,1308203.226092799,0.0034830709954569716,-0.1302337278154092
2026-01-22,1315264.3061478983,0.00539754062233011,-0.12553912902936015
2026-01-23,1319370.73712661,0.0031221336726900972,-0.12280894529865283
2026-01-26,1322145.3704541782,0.0021029974740920387,-0.1209642147263198
2026-01-27,1324570.9405222975,0.0018345713885350445,-0.1193515608251583
2026-01-28,1328898.6778822977,0.0032672748794364548,-0.1164742403022273
2026-01-29,1333906.2403622975,0.0037682048777261112,-0.11314493422493754
2026-01-30,1325413.9843762976,-0.006366456448763103,-0.11879105837755943
2026-02-02,1316021.2937857974,-0.007086608939711803,-0.125035841541015
2026-02-03,1312132.0982707937,-0.0029552679226152456,-0.1276215950519468
2026-02-04,1313466.6253529417,0.0010170676290190972,-0.12673432721601896
2026-02-05,1311518.8316768534,-0.0014829411257898384,-0.12802932879593087
2026-02-06,1310681.6712431854,-0.000638313696645576,-0.12858591961843369
2026-02-09,1319085.8713511853,0.0064120833398306765,-0.1229983399115252
2026-02-10,1317519.1060288171,-0.001187765979756339,-0.12404001264756803
2026-02-11,1317470.8857156173,-3.65993274625831e-05,-0.1240720721939893
2026-02-12,1314003.905907317,-0.0026315418776158284,-0.1263771132177841
2026-02-13,1310842.4864581171,-0.0024059437228362013,-0.12847900071836382
2026-02-24,1315686.5672775365,0.0036953950375135936,-0.1252583863425295
2026-02-25,1320681.8585484363,0.0037967183029286034,-0.12193723884762298
2026-02-26,1317231.9805629367,-0.002612194574468818,-0.12423090962834826
2026-02-27,1322424.7222696366,0.003942161884409101,-0.1207784861007416
2026-03-02,1321780.7333997365,-0.0004869758248279288,-0.12120664572267914
2026-03-03,1315017.8305978284,-0.0051165088361617705,-0.1257029996849992
2026-03-04,1312481.896693508,-0.0019284406989125147,-0.12738902960334386
2026-03-05,1310231.909242308,-0.0017142997986244746,-0.12888494641417225
2026-03-06,1310288.8790594279,4.348071262660902e-05,-0.12884706971086268
2026-03-09,1311129.278306888,0.0006413847059920652,-0.12828832554479508
2026-03-10,1310914.423490888,-0.00016387004664975002,-0.12843117297755324
2026-03-11,1311936.5354946002,0.000779693918532276,-0.12775161606354146
2026-03-12,1311476.92571804,-0.00035032927594091934,-0.1280571902083265
2026-03-13,1309948.6332869765,-0.001165321631737215,-0.12907328402621443
2026-03-16,1308526.8022469764,-0.0010854097663604012,-0.13001859638951652
2026-03-17,1308951.7463109763,0.00032474998851395043,-0.1297360699386867
2026-03-18,1309643.2889138686,0.0005283178733221927,-0.1292762939499278
2026-03-19,1305802.1597938687,-0.002932958273840769,-0.13183009024781656
2026-03-20,1301890.4093938689,-0.002995668502047244,-0.1344308395008864
2026-03-23,1293322.5913138688,-0.006581059371955189,-0.14012720153666458
2026-03-24,1298223.5253335487,0.0037894134476543773,-0.1368687879908954
2026-03-25,1301535.9719195266,0.002551522539330664,-0.13466648924905433
2026-03-26,1299156.9351949373,-0.0018278685921224724,-0.13624820519506708
2026-03-27,1299014.3373261373,-0.00010976185011746242,-0.13634301219010714
2026-03-30,1297161.7752566973,-0.0014261290396943016,-0.13757469850075776
2026-03-31,1295990.6399405184,-0.0009028444551160142,-0.13835333440216802
2026-04-01,1296960.010375478,0.0007479764167155345,-0.13770884301675923
2026-04-02,1297172.2221297182,0.00016362243441769841,-0.13756775283847678
2026-04-03,1295283.520910896,-0.0014560142335775517,-0.1388234664658402
2026-04-07,1295694.484191536,0.0003172766996610843,-0.1385502352174548
2026-04-08,1299608.853530416,0.0030210588889882928,-0.13594774474814164
2026-04-09,1296233.81523338,-0.002596964685080083,-0.13819165794109456
2026-04-10,1295304.1038583398,-0.0007172404886481853,-0.13880978177747383
2026-04-13,1296021.8342399,0.0005541018355630367,-0.13833259469678783
2026-04-14,1296910.39448982,0.0006856059261077796,-0.13774183041737798
2026-04-15,1294395.2496802204,-0.001939335840229095,-0.1394140385891799
2026-04-16,1295248.1387672154,0.0006589093147597591,-0.13884699048305482
2026-04-17,1294793.0293272154,-0.0003513685342433348,-0.13914957255376803
2026-04-20,1298869.2581229978,0.0031481701734989986,-0.13643946891423786
2026-04-21,1302606.3950541173,0.002877223329251777,-0.1339548124079769
2026-04-22,1312129.634357119,0.007310910908437496,-0.12762323319881053
2026-04-23,1312913.9943798343,0.0005977763188769192,-0.12710174702647836
2026-04-24,1317692.7977571662,0.0036398449538876942,-0.12392453272513526
2026-04-27,1312276.967688312,-0.004110085505568795,-0.12752527780496614
2026-04-28,1306384.7492604475,-0.004490072273572121,-0.13144275236448666
2026-04-29,1306605.0124548743,0.00016860514833139106,-0.13129630914091472
2026-04-30,1313565.3058893015,0.005327006530726486,-0.12666871890644216
2026-05-06,1319244.7994614367,0.004323723797112766,-0.12289267566361506
2026-05-07,1329412.9152019317,0.007707527628417532,-0.11613234672820505
2026-05-08,1329401.1368185924,-8.859838207198045e-06,-0.11614017765260964
2026-05-11,1332452.319288206,0.002295155604361332,-0.11411158182787917
2026-05-12,1333252.5891105165,0.0006005992189934695,-0.11357951793580967
2026-05-13,1343899.9362889528,0.00798599400098654,-0.10650056928369345
2026-05-14,1334989.0494328018,-0.006630617812779738,-0.11242502252470954
2026-05-15,1325027.4535896515,-0.007461930753201784,-0.11904804554490478
2026-05-18,1317131.9498568515,-0.005958747278337673,-0.12429741560586038
2026-05-19,1313041.6305803927,-0.0031054741910280237,-0.12701688738071282
2026-05-20,1298623.8702159927,-0.010980428973929035,-0.1366026164442684
2026-05-21,1289845.980418393,-0.00675937813782812,-0.1424386458429331
2026-05-22,1297683.89956353,0.006076631833666468,-0.1372275612189402
2026-05-25,1304133.5549612902,0.004970128241499783,-0.13293947155496677
2026-05-26,1302158.3317557296,-0.0015145865989310003,-0.1342527098118117
2026-05-27,1291600.29843957,-0.008108102569926334,-0.14127227764029326
2026-05-28,1290805.97187957,-0.0006149940976009072,-0.14180039012099077
2026-05-29,1291133.8428225697,0.0002540048234531689,-0.1415824032805959
2026-06-01,1295520.8799385699,0.003397817461286312,-0.13866565698138733
2026-06-02,1294016.9000065697,-0.0011609075201254315,-0.1396655864975399
2026-06-03,1292071.72411029,-0.001503207490002545,-0.14095884763182376
2026-06-04,1288949.12619029,-0.0024167372923125097,-0.14303492442038301
2026-06-05,1286207.75275029,-0.002126828269865544,-0.14485754196941314
2026-06-08,1281119.2324302902,-0.0039562195991426075,-0.1482406733219328
2026-06-09,1283102.9543956367,0.001548428838729743,-0.14692178461684735
2026-06-10,1280805.139611426,-0.0017908265087682729,-0.14844949969900822
2026-06-11,1278921.815325657,-0.0014704221801767892,-0.14970163844219153
2026-06-12,1286684.2705148447,0.006069530675111068,-0.14454072645371974
2026-06-15,1289522.2878203392,0.0022056827541374613,-0.14265385468719183
2026-06-16,1290706.7228686109,0.0009185068450996425,-0.14186637638410204
2026-06-17,1289121.765469971,-0.0012279764028169105,-0.14292014422436616
2026-06-18,1285866.245559652,-0.002525378127590683,-0.14508459494574055
2026-06-22,1295163.16905246,0.00723008596338226,-0.1389034830757785
2026-06-23,1291535.3416141884,-0.0028010582179585075,-0.14131546455096455
2026-06-24,1288510.713175548,-0.0023418859253669932,-0.14332640577886302
2026-06-25,1291745.1790062347,0.002510235885206935,-0.14117595298073993
2026-06-26,1286054.0254142347,-0.004405786593589922,-0.14495974845335002
2026-06-29,1286314.8764542348,0.00020283054587544314,-0.14478632017238335
2026-06-30,1286423.7464842347,8.46371537737145e-05,-0.1447139373206543
2026-07-01,1299046.031924235,0.009811918875484604,-0.13632193985831198
2026-07-02,1293386.8136842349,-0.00435644165096849,-0.14008450293254093
2026-07-03,1293740.464724235,0.0002734302192186622,-0.1398493760496683
2026-07-06,1294268.239502915,0.00040794486457707,-0.13949848201986492
2026-07-07,1286085.7171029148,-0.006322122532453345,-0.14493867805589744
2026-07-08,1283833.243662915,-0.001751417817681622,-0.14643624769036068
2026-07-09,1290901.0435401066,0.0055052320167583435,-0.14173718119280132
2026-07-10,1284811.8232201068,-0.004717031061731158,-0.14578563356824392
2026-07-13,1280147.7702801067,-0.0036301447851799784,-0.14888655539597195
2026-07-14,1281904.8682001068,0.0013725742924315387,-0.1477183389619655
2026-07-15,1284423.1416401067,0.0019644776320537627,-0.1460440507026467
2026-07-16,1283912.3171601067,-0.0003977073157898081,-0.14638367523104445
2026-07-17,1279042.7968401066,-0.0037927203087910755,-0.1496212032019113
2026-07-20,1282927.1213201066,0.0030368995389336018,-0.1470386882259963
2026-07-21,1283294.1947601067,0.00028612181775566903,-0.14679463738499632
2026-07-22,1284568.9702801066,0.0009933618691684298,-0.14594709571120457
2026-07-23,1286124.7887096105,0.001211159903048653,-0.14491270107844767
2026-07-24,1280906.9432696106,-0.004057028902486937,-0.1483818149643219
2026-07-27,1282610.7929762956,0.001330190077927007,-0.1472490009044053
2026-07-28,1281959.0359762958,-0.0005081486944978897,-0.1476823252113274
2026-07-29,1284378.2366562956,0.00188711231178873,-0.14607390603367854
2026-07-30,1284228.4269443012,-0.00011663987112109364,-0.1461735078632257
2026-07-31,1283996.501016306,-0.0001805955413610727,-0.14632770512080162
2026-08-03,1285401.6682163063,0.0010943699604228918,-0.14539347180524054
2026-08-04,1283273.2106163062,-0.0016558696418634833,-0.14680858881101666
2026-08-05,1285699.3895283062,0.001890617595636357,-0.14519553011657693
2026-08-06,1284152.8425240717,-0.0012028838287011512,-0.14622376059010112
2026-08-07,1287212.180444072,0.0023823783421192957,-0.14418974256831485
2026-08-10,1288383.9043361037,0.0009102803017506655,-0.14341071534893868
2026-08-11,1286351.6824161038,-0.0015773419034189606,-0.1447618495216385
2026-08-12,1288701.7024161038,0.0018268876483187313,-0.14319942550815856
2026-08-13,1285550.24186464,-0.0024454538591477393,-0.14529469177956977
2026-08-14,1284501.08618464,-0.0008161141010547546,-0.14599222883385476
2026-08-17,1285138.23226464,0.00049602611228039,-0.14556861867926596
2026-08-18,1284338.2092246402,-0.0006225190566387928,-0.14610051849672834
2026-08-19,1281269.7784406398,-0.0023891143017950034,-0.14814058196028312
2026-08-20,1282196.376391872,0.0007231872372419623,-0.1475245281012324
2026-08-21,1285190.5144357486,0.002335163395409179,-0.14553385858377033
2026-08-24,1285161.7116780896,-2.241127469859716e-05,-0.14555300825918616
2026-08-25,1284826.6322683422,-0.00026072937491250503,-0.1457757876892387
2026-08-26,1287611.2661083424,0.002167322633314317,-0.14392440821997243
2026-08-27,1290089.5763483425,0.0019247348211626214,-0.14227668971892604
