datetime,symbol,direction,price,volume,commission,amount,strategy
2016-02-03,300168.SZSE,买入,229.01,200,11.91,45802.0,BreakoutStrategy
2016-02-04,002032.SZSE,买入,144.09753600000005,900,33.72,129687.78,BreakoutStrategy
2016-02-04,600521.SSE,买入,181.93783800000003,600,28.38,109162.7,BreakoutStrategy
2016-02-05,300144.SZSE,买入,214.81988849400003,200,11.17,42963.98,BreakoutStrategy
2016-02-15,300347.SZSE,买入,217.61000000000004,200,11.32,43522.0,BreakoutStrategy
2016-02-16,300168.SZSE,买入,249.00999999999996,100,6.47,24901.0,BreakoutStrategy
2016-02-16,600998.SSE,买入,19.200000000000006,3000,14.98,57600.0,BreakoutStrategy
2016-02-17,000703.SZSE,买入,52.48660600000001,900,12.28,47237.95,BreakoutStrategy
2016-02-17,002008.SZSE,买入,259.72387499999996,200,13.51,51944.77,BreakoutStrategy
2016-02-17,002032.SZSE,买入,147.61104600000007,500,19.19,73805.52,BreakoutStrategy
2016-02-17,002299.SZSE,买入,43.5,1200,13.57,52200.0,BreakoutStrategy
2016-02-17,300017.SZSE,买入,442.68899581965906,100,11.51,44268.9,BreakoutStrategy
2016-02-22,002299.SZSE,买入,46.16,700,8.4,32312.0,BreakoutStrategy
2016-02-24,000703.SZSE,买入,54.58172499999999,400,5.68,21832.69,BreakoutStrategy
2016-02-24,002299.SZSE,买入,47.879999999999995,700,8.71,33516.0,BreakoutStrategy
2016-02-24,600521.SSE,买入,188.34428999999997,200,9.79,37668.86,BreakoutStrategy
2016-02-25,600521.SSE,买入,197.598054,200,10.28,39519.61,BreakoutStrategy
2016-02-26,002008.SZSE,卖出,237.28712500000006,200,59.8,47457.43,BreakoutStrategy
2016-02-26,300017.SZSE,卖出,390.94879728495147,100,49.26,39094.88,BreakoutStrategy
2016-02-26,300144.SZSE,卖出,189.53683228000003,200,47.76,37907.37,BreakoutStrategy
2016-02-26,600998.SSE,卖出,16.720000000000002,3000,63.2,50160.0,BreakoutStrategy
2016-02-29,300168.SZSE,卖出,220.02999999999997,300,83.17,66009.0,BreakoutStrategy
2016-02-29,600521.SSE,卖出,188.18192440000004,1000,237.11,188181.92,BreakoutStrategy
2016-02-29,601699.SSE,买入,46.7716,600,7.3,28062.96,BreakoutStrategy
2016-02-29,603899.SSE,买入,36.06,900,8.44,32454.0,BreakoutStrategy
2016-03-01,000629.SZSE,买入,13.943699999999996,4000,14.5,55774.8,BreakoutStrategy
2016-03-01,000703.SZSE,买入,59.03942500000001,600,9.21,35423.66,BreakoutStrategy
2016-03-01,000937.SZSE,买入,36.243999999999986,1600,15.08,57990.4,BreakoutStrategy
2016-03-01,002032.SZSE,买入,151.92764400000002,500,19.75,75963.82,BreakoutStrategy
2016-03-01,002085.SZSE,买入,72.84000000000003,600,11.36,43704.0,BreakoutStrategy
2016-03-01,002299.SZSE,买入,49.12,900,11.49,44208.0,BreakoutStrategy
2016-03-02,000629.SZSE,买入,14.470199999999998,1600,6.02,23152.32,BreakoutStrategy
2016-03-02,600376.SSE,买入,68.48536000000001,200,5.14,13697.07,BreakoutStrategy
2016-03-03,000703.SZSE,买入,61.31285200000001,200,5.12,12262.57,BreakoutStrategy
2016-03-03,000937.SZSE,买入,37.54399999999999,500,5.19,18772.0,BreakoutStrategy
2016-03-03,002032.SZSE,买入,155.29057500000005,300,12.11,46587.17,BreakoutStrategy
2016-03-03,002085.SZSE,买入,77.68000000000002,200,5.16,15536.0,BreakoutStrategy
2016-03-03,600376.SSE,买入,75.23860000000002,200,5.15,15047.72,BreakoutStrategy
2016-03-03,601699.SSE,买入,49.67319999999999,200,5.1,9934.64,BreakoutStrategy
2016-03-08,002085.SZSE,买入,79.25300000000001,100,5.08,7925.3,BreakoutStrategy
2016-03-09,600376.SSE,卖出,68.70872,400,34.63,27483.49,BreakoutStrategy
2016-03-09,000629.SZSE,买入,14.470199999999998,500,5.07,7235.1,BreakoutStrategy
2016-03-10,002299.SZSE,卖出,47.379999999999995,3500,208.95,165830.0,BreakoutStrategy
2016-03-10,601699.SSE,卖出,43.522400000000005,800,43.87,34817.92,BreakoutStrategy
2016-03-10,601969.SSE,买入,13.54,100,5.01,1354.0,BreakoutStrategy
2016-03-11,000703.SZSE,卖出,53.53645399999999,2100,141.66,112426.55,BreakoutStrategy
2016-03-11,603899.SSE,卖出,33.04,900,37.47,29736.0,BreakoutStrategy
2016-03-14,000629.SZSE,卖出,13.993899999999995,6100,107.56,85362.79,BreakoutStrategy
2016-03-14,000937.SZSE,卖出,34.976,2100,92.55,73449.6,BreakoutStrategy
2016-03-14,601969.SSE,卖出,11.91,100,6.2,1191.0,BreakoutStrategy
2016-03-14,002085.SZSE,买入,82.64100000000005,500,10.74,41320.5,BreakoutStrategy
2016-03-16,601158.SSE,买入,8.658000000000003,6100,13.73,52813.8,BreakoutStrategy
2016-03-17,600177.SSE,买入,199.62816250000006,300,15.57,59888.45,BreakoutStrategy
2016-03-17,600535.SSE,买入,249.40792050000013,200,12.97,49881.58,BreakoutStrategy
2016-03-17,600732.SSE,买入,38.42953553000002,1200,11.99,46115.44,BreakoutStrategy
2016-03-18,300136.SZSE,买入,240.57,100,6.25,24057.0,BreakoutStrategy
2016-03-18,600177.SSE,买入,198.98173750000007,200,10.35,39796.35,BreakoutStrategy
2016-03-18,600377.SSE,买入,15.382799999999996,3500,14.0,53839.8,BreakoutStrategy
2016-03-18,600498.SSE,买入,78.39720000000001,300,6.11,23519.16,BreakoutStrategy
2016-03-21,600377.SSE,买入,15.937199999999999,2300,9.53,36655.56,BreakoutStrategy
2016-03-22,600177.SSE,买入,204.79956250000006,100,5.32,20479.96,BreakoutStrategy
2016-03-22,601158.SSE,买入,8.888000000000003,2500,5.78,22220.0,BreakoutStrategy
2016-03-29,600377.SSE,卖出,15.4816,5800,113.14,89793.28,BreakoutStrategy
2016-03-29,601933.SSE,买入,37.25004,200,5.07,7450.01,BreakoutStrategy
2016-03-31,600535.SSE,买入,258.81976050000014,100,6.73,25881.98,BreakoutStrategy
2016-04-06,601158.SSE,买入,9.058000000000002,3600,8.48,32608.8,BreakoutStrategy
2016-04-11,601933.SSE,卖出,36.27004000000001,200,12.33,7254.01,BreakoutStrategy
2016-04-11,603939.SSE,买入,66.81,100,5.07,6681.0,BreakoutStrategy
2016-04-12,603939.SSE,买入,74.01,100,5.07,7401.0,BreakoutStrategy
2016-04-13,600177.SSE,卖出,201.43970000000007,600,152.29,120863.82,BreakoutStrategy
2016-04-13,600535.SSE,卖出,250.7501605000001,300,94.78,75225.05,BreakoutStrategy
2016-04-13,600998.SSE,买入,18.510000000000005,500,5.09,9255.0,BreakoutStrategy
2016-04-14,000539.SZSE,买入,74.76056262768,600,11.66,44856.34,BreakoutStrategy
2016-04-14,300347.SZSE,买入,237.69000000000003,100,6.18,23769.0,BreakoutStrategy
2016-04-19,603939.SSE,卖出,66.25,200,18.38,13250.0,BreakoutStrategy
2016-04-19,300136.SZSE,买入,247.21,100,6.43,24721.0,BreakoutStrategy
2016-04-20,600498.SSE,卖出,79.26520000000001,300,29.96,23779.56,BreakoutStrategy
2016-04-20,002459.SZSE,买入,24.720000000000006,1200,7.71,29664.0,BreakoutStrategy
2016-04-21,000539.SZSE,卖出,70.94437126768,600,53.63,42566.62,BreakoutStrategy
2016-04-21,002085.SZSE,卖出,85.646,1400,151.08,119904.4,BreakoutStrategy
2016-04-21,002459.SZSE,卖出,23.659999999999997,1200,35.77,28392.0,BreakoutStrategy
2016-04-21,600998.SSE,卖出,17.200000000000003,500,13.69,8600.0,BreakoutStrategy
2016-04-21,601158.SSE,卖出,8.378000000000002,12200,128.79,102211.6,BreakoutStrategy
2016-04-21,300136.SZSE,买入,248.97,100,6.47,24897.0,BreakoutStrategy
2016-04-21,600060.SSE,买入,137.97111999999996,100,5.14,13797.11,BreakoutStrategy
2016-04-22,300136.SZSE,买入,263.13,200,13.68,52626.0,BreakoutStrategy
2016-04-22,601118.SSE,买入,6.842,7200,12.81,49262.4,BreakoutStrategy
2016-04-25,601118.SSE,卖出,6.422,7200,58.26,46238.4,BreakoutStrategy
2016-04-25,000540.SZSE,买入,27.033285926574237,2200,15.46,59473.23,BreakoutStrategy
2016-04-25,002508.SZSE,买入,159.3,200,8.28,31860.0,BreakoutStrategy
2016-04-26,300347.SZSE,买入,241.61000000000004,100,6.28,24161.0,BreakoutStrategy
2016-04-26,601799.SSE,买入,41.48499999999999,500,5.39,20742.5,BreakoutStrategy
2016-04-27,000413.SZSE,买入,0.8693,56200,12.7,48854.66,BreakoutStrategy
2016-04-27,000503.SZSE,买入,216.3388556,100,5.62,21633.89,BreakoutStrategy
2016-04-27,300347.SZSE,买入,246.01000000000002,100,6.4,24601.0,BreakoutStrategy
2016-04-28,601799.SSE,买入,44.40499999999999,300,5.13,13321.5,BreakoutStrategy
2016-04-29,002032.SZSE,卖出,178.71070600000004,2200,495.39,393163.55,BreakoutStrategy
2016-04-29,600060.SSE,卖出,134.83891999999994,100,18.62,13483.89,BreakoutStrategy
2016-04-29,002603.SZSE,买入,40.01997660000001,400,5.16,16007.99,BreakoutStrategy
2016-05-03,002007.SZSE,买入,546.9575955199999,100,14.22,54695.76,BreakoutStrategy
2016-05-04,000503.SZSE,买入,226.72992200000002,200,11.79,45345.98,BreakoutStrategy
2016-05-04,002007.SZSE,买入,584.2956665599997,100,15.19,58429.57,BreakoutStrategy
2016-05-05,601799.SSE,买入,47.20499999999999,700,8.59,33043.5,BreakoutStrategy
2016-05-06,000503.SZSE,买入,237.12098840000004,100,6.17,23712.1,BreakoutStrategy
2016-05-09,002007.SZSE,卖出,551.3369452799999,200,138.94,110267.39,BreakoutStrategy
2016-05-09,300136.SZSE,卖出,240.63000000000005,500,151.6,120315.0,BreakoutStrategy
2016-05-09,000503.SZSE,买入,241.52012599999998,100,6.28,24152.01,BreakoutStrategy
2016-05-10,002603.SZSE,卖出,37.425976600000006,400,20.12,14970.39,BreakoutStrategy
2016-05-10,600132.SSE,买入,74.1352818065,1000,19.28,74135.28,BreakoutStrategy
2016-05-10,600839.SSE,买入,106.39475616659205,500,13.83,53197.38,BreakoutStrategy
2016-05-11,000402.SZSE,买入,271.7367462528,200,14.13,54347.35,BreakoutStrategy
2016-05-11,600132.SSE,买入,77.55960702087502,800,16.13,62047.69,BreakoutStrategy
2016-05-12,000402.SZSE,买入,279.39701967359997,200,14.53,55879.4,BreakoutStrategy
2016-05-13,300347.SZSE,卖出,240.15000000000003,500,151.29,120075.0,BreakoutStrategy
2016-05-13,600132.SSE,买入,78.70104875900002,500,10.23,39350.52,BreakoutStrategy
2016-05-13,600377.SSE,买入,15.818399999999997,2800,11.52,44291.52,BreakoutStrategy
2016-05-16,000402.SZSE,卖出,267.538415296,400,134.84,107015.37,BreakoutStrategy
2016-05-17,000876.SZSE,买入,165.81625059760012,300,12.93,49744.88,BreakoutStrategy
2016-05-19,601799.SSE,卖出,42.165,1500,79.69,63247.5,BreakoutStrategy
2016-05-20,300496.SZSE,买入,250.36999999999998,100,6.51,25037.0,BreakoutStrategy
2016-05-23,002508.SZSE,卖出,150.79000000000002,200,38.0,30158.0,BreakoutStrategy
2016-05-23,600521.SSE,买入,227.5660128,200,11.83,45513.2,BreakoutStrategy
2016-05-25,300496.SZSE,买入,265.01,100,6.89,26501.0,BreakoutStrategy
2016-05-25,600839.SSE,买入,112.31568935926,200,5.84,22463.14,BreakoutStrategy
2016-05-27,000876.SZSE,卖出,155.71302829559016,300,58.86,46713.91,BreakoutStrategy
2016-05-27,600839.SSE,买入,116.05522611252402,200,6.03,23211.05,BreakoutStrategy
2016-05-30,300223.SZSE,买入,71.8708,300,5.61,21561.24,BreakoutStrategy
2016-05-30,600839.SSE,买入,123.53429961905199,200,6.42,24706.86,BreakoutStrategy
2016-05-31,300223.SZSE,买入,76.8212,300,5.99,23046.36,BreakoutStrategy
2016-06-01,300223.SZSE,买入,82.52040000000001,200,5.17,16504.08,BreakoutStrategy
2016-06-01,600132.SSE,买入,83.22115804197503,600,12.98,49932.69,BreakoutStrategy
2016-06-01,600521.SSE,买入,232.61999160000002,100,6.05,23262.0,BreakoutStrategy
2016-06-02,300223.SZSE,买入,90.59080000000002,200,5.18,18118.16,BreakoutStrategy
2016-06-03,600377.SSE,买入,15.976799999999999,2300,9.55,36746.64,BreakoutStrategy
2016-06-07,600521.SSE,买入,236.4211531200001,100,6.15,23642.12,BreakoutStrategy
2016-06-14,600839.SSE,卖出,112.91894548480401,1100,156.51,124210.84,BreakoutStrategy
2016-06-15,300496.SZSE,卖出,269.99,200,68.04,53998.0,BreakoutStrategy
2016-06-15,002508.SZSE,买入,169.32000000000005,200,8.8,33864.0,BreakoutStrategy
2016-06-15,600737.SSE,买入,143.3081498127039,100,5.14,14330.81,BreakoutStrategy
2016-06-16,600132.SSE,卖出,80.05077884475003,2900,292.51,232147.26,BreakoutStrategy
2016-06-16,600166.SSE,买入,86.84525234387904,400,9.03,34738.1,BreakoutStrategy
2016-06-21,600377.SSE,买入,16.2012,6000,25.27,97207.2,BreakoutStrategy
2016-06-27,600166.SSE,卖出,82.789217821359,400,41.73,33115.69,BreakoutStrategy
2016-06-27,600377.SSE,卖出,15.811599999999999,11100,221.14,175508.76,BreakoutStrategy
2016-06-27,600737.SSE,卖出,136.43802712966402,100,18.78,13643.8,BreakoutStrategy
2016-06-28,000712.SZSE,买入,253.76260000000002,200,13.2,50752.52,BreakoutStrategy
2016-06-28,000783.SZSE,买入,66.93427600000001,900,15.66,60240.85,BreakoutStrategy
2016-06-28,000839.SZSE,买入,196.83298716240017,200,10.24,39366.6,BreakoutStrategy
2016-06-29,000783.SZSE,买入,68.97850000000004,700,12.55,48284.95,BreakoutStrategy
2016-07-01,000839.SZSE,买入,205.59819166500014,100,5.35,20559.82,BreakoutStrategy
2016-07-08,600521.SSE,买入,246.50775588000008,200,12.82,49301.55,BreakoutStrategy
2016-07-11,002508.SZSE,买入,175.71,300,13.71,52713.0,BreakoutStrategy
2016-07-13,000712.SZSE,买入,263.46628000000004,100,6.85,26346.63,BreakoutStrategy
2016-07-13,002508.SZSE,买入,187.99500000000006,200,9.78,37599.0,BreakoutStrategy
2016-07-18,000839.SZSE,买入,225.82558667100008,100,5.87,22582.56,BreakoutStrategy
2016-07-19,000783.SZSE,卖出,64.47256399999999,1600,129.98,103156.1,BreakoutStrategy
2016-07-19,000917.SZSE,买入,135.04990822400003,100,5.14,13504.99,BreakoutStrategy
2016-07-25,002508.SZSE,卖出,178.66000000000003,700,157.58,125062.0,BreakoutStrategy
2016-07-25,600521.SSE,卖出,230.29366888000004,600,174.1,138176.2,BreakoutStrategy
2016-07-25,000917.SZSE,买入,137.12865689600002,200,7.13,27425.73,BreakoutStrategy
2016-07-25,002607.SZSE,买入,51.84559999999999,700,9.44,36291.92,BreakoutStrategy
2016-07-25,600718.SSE,买入,279.2579328270136,100,7.26,27925.79,BreakoutStrategy
2016-07-26,000917.SZSE,买入,145.592133632,400,15.14,58236.85,BreakoutStrategy
2016-07-26,600718.SSE,买入,284.82717544309355,200,14.81,56965.44,BreakoutStrategy
2016-07-28,000712.SZSE,卖出,242.21948000000003,300,91.56,72665.84,BreakoutStrategy
2016-07-28,000839.SZSE,卖出,246.99619096300006,400,124.49,98798.48,BreakoutStrategy
2016-07-28,000917.SZSE,卖出,139.11316454400003,700,122.7,97379.22,BreakoutStrategy
2016-07-28,002607.SZSE,卖出,48.1752,700,42.49,33722.64,BreakoutStrategy
2016-07-28,600718.SSE,卖出,269.2132961180696,300,101.76,80763.99,BreakoutStrategy
2016-07-28,600100.SSE,买入,349.92481403770716,100,9.1,34992.48,BreakoutStrategy
2016-07-28,600170.SSE,买入,46.686984019200004,1100,13.35,51355.68,BreakoutStrategy
2016-07-28,600177.SSE,买入,211.37155000000007,200,10.99,42274.31,BreakoutStrategy
2016-07-28,600820.SSE,买入,237.15518944239875,200,12.33,47431.04,BreakoutStrategy
2016-07-29,600100.SSE,买入,360.1864908285999,200,18.73,72037.3,BreakoutStrategy
2016-07-29,600177.SSE,买入,216.86616250000012,400,22.55,86746.47,BreakoutStrategy
2016-07-29,600820.SSE,买入,247.62732103534134,400,25.75,99050.93,BreakoutStrategy
2016-08-01,000503.SZSE,卖出,336.30912600000005,500,211.87,168154.56,BreakoutStrategy
2016-08-01,002032.SZSE,买入,222.44880900000004,100,5.78,22244.88,BreakoutStrategy
2016-08-01,600170.SSE,买入,47.5009356096,1100,13.59,52251.03,BreakoutStrategy
2016-08-02,600100.SSE,卖出,332.0584196187631,300,125.52,99617.53,BreakoutStrategy
2016-08-02,600170.SSE,卖出,46.76872796800001,2200,129.64,102891.2,BreakoutStrategy
2016-08-03,600170.SSE,买入,48.92535089280001,2100,26.71,102743.24,BreakoutStrategy
2016-08-03,600820.SSE,买入,249.04247395330657,400,25.9,99616.99,BreakoutStrategy
2016-08-04,000598.SZSE,买入,222.8395332676116,200,11.59,44567.91,BreakoutStrategy
2016-08-04,600170.SSE,买入,49.53581458560001,1600,20.61,79257.3,BreakoutStrategy
2016-08-08,002032.SZSE,卖出,206.91917200000003,100,26.07,20691.92,BreakoutStrategy
2016-08-08,002424.SZSE,买入,206.07799999999995,100,5.36,20607.8,BreakoutStrategy
2016-08-08,600170.SSE,买入,51.0619738176,1400,18.59,71486.76,BreakoutStrategy
2016-08-10,000598.SZSE,买入,230.63811203273158,100,6.0,23063.81,BreakoutStrategy
2016-08-10,600170.SSE,买入,51.4689496128,1200,16.06,61762.74,BreakoutStrategy
2016-08-16,600177.SSE,买入,224.73100000000002,100,5.84,22473.1,BreakoutStrategy
2016-08-26,600170.SSE,卖出,50.12627827840001,6300,397.9,315795.55,BreakoutStrategy
2016-08-29,000598.SZSE,买入,236.60173108841155,300,18.45,70980.52,BreakoutStrategy
2016-08-29,000703.SZSE,买入,54.626301999999995,1100,15.62,60088.93,BreakoutStrategy
2016-08-29,002424.SZSE,买入,237.566,100,6.18,23756.6,BreakoutStrategy
2016-08-30,000598.SZSE,买入,243.02409007145158,200,12.64,48604.82,BreakoutStrategy
2016-08-30,002424.SZSE,买入,243.806,100,6.34,24380.6,BreakoutStrategy
2016-09-02,600177.SSE,卖出,214.58367500000006,700,189.26,150208.57,BreakoutStrategy
2016-09-02,600637.SSE,买入,90.24318192540007,200,5.18,18048.64,BreakoutStrategy
2016-09-07,600820.SSE,卖出,253.55096329079532,1000,319.47,253550.96,BreakoutStrategy
2016-09-07,600637.SSE,买入,92.87395001040007,500,12.07,46436.98,BreakoutStrategy
2016-09-07,601216.SSE,买入,58.4036,400,6.07,23361.44,BreakoutStrategy
2016-09-08,000703.SZSE,买入,56.632266999999985,1500,22.09,84948.4,BreakoutStrategy
2016-09-08,600079.SSE,买入,433.8810552600002,100,11.28,43388.11,BreakoutStrategy
2016-09-09,600637.SSE,买入,93.57548816640005,700,17.03,65502.84,BreakoutStrategy
2016-09-12,600637.SSE,买入,93.96133415220008,700,17.1,65772.93,BreakoutStrategy
2016-09-13,002424.SZSE,卖出,225.354,300,85.18,67606.2,BreakoutStrategy
2016-09-13,300144.SZSE,买入,197.02452814200004,100,5.2,19702.45,BreakoutStrategy
2016-09-14,300144.SZSE,买入,197.58063315300004,200,10.27,39516.13,BreakoutStrategy
2016-09-19,600637.SSE,卖出,90.81948935800006,2100,240.31,190720.93,BreakoutStrategy
2016-09-19,601216.SSE,买入,64.97000000000001,200,5.13,12994.0,BreakoutStrategy
2016-09-20,601231.SSE,买入,25.409000000000002,1700,11.23,43195.3,BreakoutStrategy
2016-09-21,300144.SZSE,买入,201.870586095,300,15.75,60561.18,BreakoutStrategy
2016-09-22,300144.SZSE,买入,206.160539037,300,16.08,61848.16,BreakoutStrategy
2016-09-27,000598.SZSE,卖出,234.28803145161163,800,236.16,187430.43,BreakoutStrategy
2016-09-27,000703.SZSE,卖出,54.873763999999994,2600,179.77,142671.79,BreakoutStrategy
2016-09-27,300144.SZSE,卖出,197.00452814200005,900,223.4,177304.08,BreakoutStrategy
2016-09-27,600079.SSE,卖出,407.5629652600002,100,51.35,40756.3,BreakoutStrategy
2016-09-27,601231.SSE,卖出,23.028999999999996,1700,49.33,39149.3,BreakoutStrategy
2016-09-28,601216.SSE,卖出,57.92280000000001,600,43.79,34753.68,BreakoutStrategy
2016-09-28,002010.SZSE,买入,145.09322499999996,1000,37.72,145093.22,BreakoutStrategy
2016-09-28,002756.SZSE,买入,46.416000000000004,2500,30.17,116040.0,BreakoutStrategy
2016-09-29,002010.SZSE,买入,146.416495,900,34.26,131774.85,BreakoutStrategy
2016-09-29,002085.SZSE,买入,95.03140000000003,800,19.77,76025.12,BreakoutStrategy
2016-09-29,002426.SZSE,买入,52.68500000000001,1600,21.92,84296.0,BreakoutStrategy
2016-09-29,002756.SZSE,买入,47.532000000000004,1900,23.48,90310.8,BreakoutStrategy
2016-09-30,002085.SZSE,买入,99.09700000000004,300,7.73,29729.1,BreakoutStrategy
2016-10-10,002010.SZSE,买入,149.504125,500,19.44,74752.06,BreakoutStrategy
2016-10-12,000656.SZSE,买入,30.027200000000008,200,5.06,6005.44,BreakoutStrategy
2016-10-12,002085.SZSE,买入,100.83940000000003,100,5.1,10083.94,BreakoutStrategy
2016-10-12,600339.SSE,买入,26.267242000000003,200,5.05,5253.45,BreakoutStrategy
2016-10-17,000656.SZSE,卖出,28.528800000000007,200,10.76,5705.76,BreakoutStrategy
2016-10-17,002010.SZSE,卖出,158.89404499999998,2400,480.5,381345.71,BreakoutStrategy
2016-10-17,601118.SSE,买入,6.491999999999999,800,5.05,5193.6,BreakoutStrategy
2016-10-17,601158.SSE,买入,9.838000000000001,500,5.05,4919.0,BreakoutStrategy
2016-10-25,002085.SZSE,买入,109.26100000000002,500,14.2,54630.5,BreakoutStrategy
2016-10-25,002426.SZSE,买入,54.335000000000015,1800,25.43,97803.0,BreakoutStrategy
2016-10-25,601118.SSE,买入,6.621999999999999,11100,19.11,73504.2,BreakoutStrategy
2016-10-27,601118.SSE,买入,6.831999999999999,6200,11.01,42358.4,BreakoutStrategy
2016-10-28,002426.SZSE,卖出,51.66500000000001,3400,221.33,175661.0,BreakoutStrategy
2016-10-28,600038.SSE,买入,125.13005539999999,200,6.51,25026.01,BreakoutStrategy
2016-10-31,002756.SZSE,卖出,45.910000000000004,4400,254.53,202004.0,BreakoutStrategy
2016-10-31,601158.SSE,卖出,9.328000000000003,500,9.71,4664.0,BreakoutStrategy
2016-10-31,002812.SZSE,买入,75.86,300,5.92,22758.0,BreakoutStrategy
2016-11-01,600339.SSE,卖出,24.625621999999993,200,9.97,4925.12,BreakoutStrategy
2016-11-01,000400.SZSE,买入,132.34240319999998,500,17.2,66171.2,BreakoutStrategy
2016-11-01,600633.SSE,买入,126.04560000000001,700,22.94,88231.92,BreakoutStrategy
2016-11-02,600633.SSE,买入,126.99600000000001,600,19.81,76197.6,BreakoutStrategy
2016-11-03,002812.SZSE,买入,78.43,300,6.12,23529.0,BreakoutStrategy
2016-11-07,600038.SSE,卖出,119.44412239999998,200,30.1,23888.82,BreakoutStrategy
2016-11-07,600252.SSE,买入,172.37851008000007,200,8.96,34475.7,BreakoutStrategy
2016-11-09,601118.SSE,买入,6.951999999999999,6900,12.47,47968.8,BreakoutStrategy
2016-11-10,002812.SZSE,买入,84.31000000000002,200,5.17,16862.0,BreakoutStrategy
2016-11-10,600252.SSE,买入,177.75549312000007,200,9.24,35551.1,BreakoutStrategy
2016-11-11,002812.SZSE,买入,87.11,100,5.09,8711.0,BreakoutStrategy
2016-11-11,600633.SSE,买入,128.81759999999994,400,13.4,51527.04,BreakoutStrategy
2016-11-21,000400.SZSE,买入,135.9007008,100,5.14,13590.07,BreakoutStrategy
2016-11-24,002085.SZSE,卖出,101.01300000000002,1700,216.37,171722.1,BreakoutStrategy
2016-11-24,601808.SSE,买入,15.468,400,5.06,6187.2,BreakoutStrategy
2016-11-28,000400.SZSE,卖出,127.05908800000006,600,96.06,76235.45,BreakoutStrategy
2016-11-28,600252.SSE,卖出,171.40963072000008,400,86.39,68563.85,BreakoutStrategy
2016-11-28,000709.SZSE,买入,30.429160800000002,1300,10.29,39557.91,BreakoutStrategy
2016-11-28,600315.SSE,买入,119.73340060000004,300,9.34,35920.02,BreakoutStrategy
2016-11-30,600315.SSE,卖出,115.34436320000003,300,43.6,34603.31,BreakoutStrategy
2016-11-30,600637.SSE,买入,88.34902890420007,600,13.78,53009.42,BreakoutStrategy
2016-12-02,601808.SSE,买入,15.918000000000001,2900,12.0,46162.2,BreakoutStrategy
2016-12-05,002812.SZSE,卖出,73.49000000000001,900,83.34,66141.0,BreakoutStrategy
2016-12-05,300296.SZSE,买入,208.28999999999996,100,5.42,20829.0,BreakoutStrategy
2016-12-06,600637.SSE,卖出,85.83856845040005,600,64.89,51503.14,BreakoutStrategy
2016-12-06,601158.SSE,买入,9.838000000000001,5000,12.79,49190.0,BreakoutStrategy
2016-12-07,601118.SSE,卖出,7.292,25000,229.7,182300.0,BreakoutStrategy
2016-12-07,000709.SZSE,买入,30.965634400000003,1800,14.49,55738.14,BreakoutStrategy
2016-12-07,300296.SZSE,买入,213.27,100,5.55,21327.0,BreakoutStrategy
2016-12-08,000709.SZSE,买入,31.703285600000005,2800,23.08,88769.2,BreakoutStrategy
2016-12-08,000898.SZSE,买入,8.444799999999997,4000,8.78,33779.2,BreakoutStrategy
2016-12-12,601158.SSE,卖出,9.408000000000003,5000,59.27,47040.0,BreakoutStrategy
2016-12-13,601808.SSE,卖出,14.838000000000001,3300,61.7,48965.4,BreakoutStrategy
2016-12-14,000709.SZSE,卖出,31.280930400000006,5900,232.54,184557.49,BreakoutStrategy
2016-12-14,000703.SZSE,买入,71.69929300000001,500,9.32,35849.65,BreakoutStrategy
2016-12-14,002470.SZSE,买入,33.15,1900,16.38,62985.0,BreakoutStrategy
2016-12-14,600021.SSE,买入,23.605280000000004,2500,15.34,59013.2,BreakoutStrategy
2016-12-15,002470.SZSE,买入,34.23,2400,21.36,82152.0,BreakoutStrategy
2016-12-16,000898.SZSE,卖出,7.6013,4000,38.31,30405.2,BreakoutStrategy
2016-12-16,600021.SSE,卖出,22.539839999999998,2500,71.0,56349.6,BreakoutStrategy
2016-12-16,600745.SSE,买入,65.60453640000001,500,8.53,32802.27,BreakoutStrategy
2016-12-16,600827.SSE,买入,107.58620004632597,500,13.99,53793.1,BreakoutStrategy
2016-12-20,600745.SSE,卖出,62.81665180000002,500,39.57,31408.33,BreakoutStrategy
2016-12-20,600959.SSE,买入,14.925,3500,13.58,52237.5,BreakoutStrategy
2016-12-21,000703.SZSE,卖出,65.705975,500,41.39,32852.99,BreakoutStrategy
2016-12-21,002252.SZSE,买入,482.64707999999996,100,12.55,48264.71,BreakoutStrategy
2016-12-22,600827.SSE,卖出,103.70506688880143,500,65.33,51852.53,BreakoutStrategy
2016-12-22,002252.SZSE,买入,493.0021199999999,100,12.82,49300.21,BreakoutStrategy
2016-12-22,601333.SSE,买入,6.03,5600,8.78,33768.0,BreakoutStrategy
2016-12-26,002252.SZSE,买入,509.08547999999996,100,13.24,50908.55,BreakoutStrategy
2016-12-27,600959.SSE,卖出,14.788,3500,65.22,51758.0,BreakoutStrategy
2016-12-27,002252.SZSE,买入,519.8811599999999,100,13.52,51988.12,BreakoutStrategy
2016-12-27,601718.SSE,买入,9.77,1800,5.18,17586.0,BreakoutStrategy
2016-12-29,002470.SZSE,卖出,33.21,4300,179.93,142803.0,BreakoutStrategy
2016-12-29,600132.SSE,买入,93.35716067652506,200,5.19,18671.43,BreakoutStrategy
2016-12-30,600633.SSE,卖出,143.76639999999998,1700,307.95,244402.88,BreakoutStrategy
2016-12-30,600827.SSE,买入,112.7811792037226,300,8.8,33834.35,BreakoutStrategy
2017-01-04,300296.SZSE,卖出,203.53,200,51.29,40706.0,BreakoutStrategy
2017-01-04,600038.SSE,买入,141.9045664,500,18.45,70952.28,BreakoutStrategy
2017-01-05,601333.SSE,买入,6.16,10500,16.82,64680.0,BreakoutStrategy
2017-01-06,600038.SSE,买入,148.10080839999998,400,15.4,59240.32,BreakoutStrategy
2017-01-06,601333.SSE,买入,6.459999999999999,9200,15.45,59432.0,BreakoutStrategy
2017-01-09,600827.SSE,买入,115.51907362451267,400,12.01,46207.63,BreakoutStrategy
2017-01-12,601718.SSE,卖出,9.2,1800,21.73,16560.0,BreakoutStrategy
2017-01-13,600038.SSE,卖出,140.4890164,900,159.31,126440.11,BreakoutStrategy
2017-01-13,000825.SZSE,买入,34.99424559999999,1000,9.1,34994.25,BreakoutStrategy
2017-01-13,601991.SSE,买入,10.100750000000001,4500,11.82,45453.38,BreakoutStrategy
2017-01-16,000825.SZSE,卖出,33.99593839999999,1000,42.83,33995.94,BreakoutStrategy
2017-01-16,600132.SSE,卖出,89.13665508022504,200,23.01,17827.33,BreakoutStrategy
2017-01-16,601991.SSE,卖出,9.920750000000004,4500,56.25,44643.38,BreakoutStrategy
2017-01-16,002399.SZSE,买入,66.42600000000002,800,13.82,53140.8,BreakoutStrategy
2017-01-16,600377.SSE,买入,16.65,3200,13.85,53280.0,BreakoutStrategy
2017-01-17,002252.SZSE,卖出,498.26980000000003,400,251.13,199307.92,BreakoutStrategy
2017-01-17,002399.SZSE,卖出,63.91000000000001,800,64.42,51128.0,BreakoutStrategy
2017-01-17,600299.SSE,买入,38.80737500000001,1300,13.12,50449.59,BreakoutStrategy
2017-01-17,600377.SSE,买入,16.8612,3700,16.22,62386.44,BreakoutStrategy
2017-01-17,600578.SSE,买入,18.47728,2800,13.45,51736.38,BreakoutStrategy
2017-01-17,600642.SSE,买入,44.06551999999999,1100,12.6,48472.07,BreakoutStrategy
2017-01-19,600299.SSE,买入,38.908775,1700,17.2,66144.92,BreakoutStrategy
2017-01-24,600299.SSE,买入,39.39042499999999,1700,17.41,66963.72,BreakoutStrategy
2017-02-07,601333.SSE,卖出,6.0600000000000005,25300,193.18,153318.0,BreakoutStrategy
2017-02-07,600827.SSE,买入,118.53777772948635,400,12.33,47415.11,BreakoutStrategy
2017-02-08,000402.SZSE,买入,294.25330751999996,100,7.65,29425.33,BreakoutStrategy
2017-02-10,000402.SZSE,买入,299.82441546239994,100,7.8,29982.44,BreakoutStrategy
2017-02-14,600642.SSE,买入,44.86741999999998,1100,12.83,49354.16,BreakoutStrategy
2017-02-16,600578.SSE,买入,18.73456,2300,11.2,43089.49,BreakoutStrategy
2017-02-16,600642.SSE,买入,45.027799999999985,1100,12.88,49530.58,BreakoutStrategy
2017-02-16,600827.SSE,买入,124.99640046570917,400,13.0,49998.56,BreakoutStrategy
2017-03-03,600827.SSE,卖出,134.0325127806303,1500,253.32,201048.77,BreakoutStrategy
2017-03-06,600299.SSE,卖出,38.077575,4700,225.5,178964.6,BreakoutStrategy
2017-03-06,600642.SSE,卖出,44.79395999999999,3300,186.25,147820.07,BreakoutStrategy
2017-03-06,002081.SZSE,买入,296.9573046875,100,7.72,29695.73,BreakoutStrategy
2017-03-06,600516.SSE,买入,53.5779008,800,11.14,42862.32,BreakoutStrategy
2017-03-06,600816.SSE,买入,353.6726312500001,100,9.2,35367.26,BreakoutStrategy
2017-03-08,600816.SSE,卖出,321.49500575000013,100,40.51,32149.5,BreakoutStrategy
2017-03-08,603658.SSE,买入,48.25,1800,22.58,86850.0,BreakoutStrategy
2017-03-09,000402.SZSE,买入,302.8420989312,200,15.75,60568.42,BreakoutStrategy
2017-03-10,600578.SSE,卖出,18.489439999999995,5100,118.81,94296.14,BreakoutStrategy
2017-03-10,600703.SSE,买入,322.4111648,200,16.77,64482.23,BreakoutStrategy
2017-03-13,600703.SSE,买入,327.47679680000005,200,17.03,65495.36,BreakoutStrategy
2017-03-14,000402.SZSE,买入,308.181077376,200,16.03,61636.22,BreakoutStrategy
2017-03-14,002081.SZSE,买入,303.877109375,200,15.8,60775.42,BreakoutStrategy
2017-03-15,603658.SSE,买入,49.37,900,11.55,44433.0,BreakoutStrategy
2017-03-21,600516.SSE,卖出,51.5427456,800,51.96,41234.2,BreakoutStrategy
2017-03-21,600633.SSE,买入,162.71519999999998,100,5.16,16271.52,BreakoutStrategy
2017-03-22,600703.SSE,买入,332.5424288,100,8.65,33254.24,BreakoutStrategy
2017-03-23,600703.SSE,买入,341.25531584000004,100,8.87,34125.53,BreakoutStrategy
2017-03-23,603658.SSE,买入,51.51,700,9.37,36057.0,BreakoutStrategy
2017-03-30,603658.SSE,卖出,46.6,3400,199.63,158440.0,BreakoutStrategy
2017-03-31,600256.SSE,买入,174.3693858,200,9.07,34873.88,BreakoutStrategy
2017-04-10,600633.SSE,买入,168.1008,100,5.17,16810.08,BreakoutStrategy
2017-04-12,600256.SSE,卖出,170.45054800000005,200,42.95,34090.11,BreakoutStrategy
2017-04-12,600376.SSE,买入,92.51716000000002,200,5.19,18503.43,BreakoutStrategy
2017-04-13,600376.SSE,卖出,87.56912000000001,200,22.69,17513.82,BreakoutStrategy
2017-04-13,600008.SSE,买入,45.16900000000001,500,5.87,22584.5,BreakoutStrategy
2017-04-13,600642.SSE,买入,45.45547999999999,700,8.27,31818.84,BreakoutStrategy
2017-04-17,002081.SZSE,卖出,290.53007812500005,300,109.82,87159.02,BreakoutStrategy
2017-04-17,600633.SSE,卖出,153.508,200,38.68,30701.6,BreakoutStrategy
2017-04-17,600157.SSE,买入,200.95421629715202,100,5.22,20095.42,BreakoutStrategy
2017-04-17,600863.SSE,买入,95.44551055000002,100,5.1,9544.55,BreakoutStrategy
2017-04-18,600157.SSE,卖出,200.464360738928,100,25.26,20046.44,BreakoutStrategy
2017-04-18,601992.SSE,买入,17.721000000000004,1300,5.99,23037.3,BreakoutStrategy
2017-04-19,600642.SSE,卖出,44.36627999999999,700,39.13,31056.4,BreakoutStrategy
2017-04-19,601992.SSE,卖出,17.941,1300,29.39,23323.3,BreakoutStrategy
2017-04-19,600663.SSE,买入,214.01474569599998,100,5.56,21401.47,BreakoutStrategy
2017-04-20,600008.SSE,卖出,43.58900000000001,500,27.46,21794.5,BreakoutStrategy
2017-04-20,600863.SSE,卖出,91.10115545000001,100,14.2,9110.12,BreakoutStrategy
2017-04-20,002032.SZSE,买入,230.47968899999998,100,5.99,23047.97,BreakoutStrategy
2017-04-21,000581.SZSE,买入,97.13518851571001,500,12.63,48567.59,BreakoutStrategy
2017-04-21,002032.SZSE,买入,235.09744500000002,100,6.11,23509.74,BreakoutStrategy
2017-04-21,002294.SZSE,买入,294.08456000000007,100,7.65,29408.46,BreakoutStrategy
2017-04-25,000581.SZSE,卖出,94.19486669051,500,59.34,47097.43,BreakoutStrategy
2017-04-25,002032.SZSE,买入,245.63797499999995,100,6.39,24563.8,BreakoutStrategy
2017-04-25,600021.SSE,买入,23.019199999999998,1200,7.18,27623.04,BreakoutStrategy
2017-04-25,600663.SSE,买入,218.17552777599994,100,5.67,21817.55,BreakoutStrategy
2017-05-03,000402.SZSE,卖出,310.9466313472,600,235.08,186567.98,BreakoutStrategy
2017-05-03,600663.SSE,卖出,205.58649857599994,200,51.81,41117.3,BreakoutStrategy
2017-05-03,603338.SSE,买入,150.17249999999999,100,5.15,15017.25,BreakoutStrategy
2017-05-04,600021.SSE,卖出,21.60528,1200,32.67,25926.34,BreakoutStrategy
2017-05-04,000656.SZSE,买入,35.67680000000001,1400,12.99,49947.52,BreakoutStrategy
2017-05-04,600516.SSE,买入,53.9491136,900,12.62,48554.2,BreakoutStrategy
2017-05-08,600377.SSE,卖出,17.461599999999997,6900,151.81,120485.04,BreakoutStrategy
2017-05-09,300003.SZSE,买入,77.94000000000001,900,18.24,70146.0,BreakoutStrategy
2017-05-10,002032.SZSE,卖出,239.29365700000002,300,90.45,71788.1,BreakoutStrategy
2017-05-12,002032.SZSE,买入,259.390857,100,6.74,25939.09,BreakoutStrategy
2017-05-15,600516.SSE,买入,55.85820800000001,900,13.07,50272.39,BreakoutStrategy
2017-05-16,002294.SZSE,买入,297.6788,200,15.48,59535.76,BreakoutStrategy
2017-05-17,002294.SZSE,买入,306.3418400000001,200,15.93,61268.37,BreakoutStrategy
2017-05-17,300003.SZSE,买入,82.14000000000001,700,14.95,57498.0,BreakoutStrategy
2017-05-23,002294.SZSE,买入,310.39688,100,8.07,31039.69,BreakoutStrategy
2017-05-24,603338.SSE,卖出,139.40250000000003,100,19.08,13940.25,BreakoutStrategy
2017-05-25,300003.SZSE,买入,84.34,500,10.96,42170.0,BreakoutStrategy
2017-05-25,600516.SSE,买入,57.9263936,400,6.02,23170.56,BreakoutStrategy
2017-05-25,600959.SSE,买入,14.015,1600,5.83,22424.0,BreakoutStrategy
2017-06-01,600959.SSE,买入,14.158,700,5.1,9910.6,BreakoutStrategy
2017-06-02,600959.SSE,买入,14.340000000000002,700,5.1,10038.0,BreakoutStrategy
2017-06-06,300003.SZSE,卖出,79.24,2100,209.67,166404.0,BreakoutStrategy
2017-06-06,600516.SSE,买入,59.368820480000004,300,5.18,17810.65,BreakoutStrategy
2017-06-07,002608.SZSE,买入,32.9725,500,5.16,16486.25,BreakoutStrategy
2017-06-08,600732.SSE,卖出,33.33771306000001,1200,50.41,40005.26,BreakoutStrategy
2017-06-08,600848.SSE,买入,43.056212375000015,500,5.6,21528.11,BreakoutStrategy
2017-06-12,002032.SZSE,买入,279.55338510000007,100,7.27,27955.34,BreakoutStrategy
2017-06-13,600848.SSE,卖出,40.594825625000006,500,25.57,20297.41,BreakoutStrategy
2017-06-13,601098.SSE,买入,19.13,1300,6.47,24869.0,BreakoutStrategy
2017-06-14,601098.SSE,买入,19.43,1500,7.58,29145.0,BreakoutStrategy
2017-06-15,600959.SSE,卖出,13.93,3000,52.66,41790.0,BreakoutStrategy
2017-06-15,000413.SZSE,买入,1.1696000000000002,28100,8.55,32865.76,BreakoutStrategy
2017-06-16,000898.SZSE,买入,7.5298,2800,5.48,21083.44,BreakoutStrategy
2017-06-20,000898.SZSE,买入,7.57555,2800,5.52,21211.54,BreakoutStrategy
2017-06-22,000898.SZSE,买入,7.6823,2800,5.59,21510.44,BreakoutStrategy
2017-06-27,000898.SZSE,买入,7.78905,2700,5.47,21030.43,BreakoutStrategy
2017-06-27,601098.SSE,买入,19.79,900,5.18,17811.0,BreakoutStrategy
2017-07-04,600703.SSE,卖出,393.9178886400001,600,297.8,236350.73,BreakoutStrategy
2017-07-04,601118.SSE,买入,6.042,100,5.01,604.2,BreakoutStrategy
2017-07-05,002032.SZSE,卖出,268.5712339000001,200,67.68,53714.25,BreakoutStrategy
2017-07-05,002299.SZSE,买入,34.49999999999999,1100,9.87,37950.0,BreakoutStrategy
2017-07-06,000656.SZSE,卖出,33.8616,1400,59.73,47406.24,BreakoutStrategy
2017-07-06,000831.SZSE,买入,52.055918,900,12.18,46850.33,BreakoutStrategy
2017-07-07,000831.SZSE,买入,54.07838,1000,14.06,54078.38,BreakoutStrategy
2017-07-11,000831.SZSE,买入,62.96780600000002,700,11.46,44077.46,BreakoutStrategy
2017-07-13,002299.SZSE,卖出,32.66,1100,45.27,35926.0,BreakoutStrategy
2017-07-13,601098.SSE,卖出,19.319999999999997,3700,90.07,71484.0,BreakoutStrategy
2017-07-13,000540.SZSE,买入,37.14060941841397,1200,11.59,44568.73,BreakoutStrategy
2017-07-13,600390.SSE,买入,61.0075,400,6.34,24403.0,BreakoutStrategy
2017-07-14,000046.SZSE,买入,19.988191724300073,1900,9.87,37977.56,BreakoutStrategy
2017-07-18,002608.SZSE,卖出,29.764999999999997,500,20.03,14882.5,BreakoutStrategy
2017-07-18,600390.SSE,卖出,57.252500000000005,400,28.86,22901.0,BreakoutStrategy
2017-07-18,600352.SSE,买入,156.93,100,5.16,15693.0,BreakoutStrategy
2017-07-18,601106.SSE,买入,3.49038,8900,8.08,31064.38,BreakoutStrategy
2017-07-19,600352.SSE,买入,161.00680000000003,200,8.37,32201.36,BreakoutStrategy
2017-07-19,601106.SSE,买入,3.75038,9100,8.87,34128.46,BreakoutStrategy
2017-07-20,601118.SSE,买入,6.401999999999999,2500,5.16,16005.0,BreakoutStrategy
2017-07-21,600352.SSE,买入,165.08360000000002,100,5.17,16508.36,BreakoutStrategy
2017-07-21,601118.SSE,买入,6.401999999999999,2300,5.15,14724.6,BreakoutStrategy
2017-07-26,002294.SZSE,卖出,329.9148000000001,600,249.42,197948.88,BreakoutStrategy
2017-07-26,601106.SSE,卖出,3.72038,18000,84.38,66966.84,BreakoutStrategy
2017-07-26,600754.SSE,买入,69.06668,100,5.07,6906.67,BreakoutStrategy
2017-07-27,000686.SZSE,买入,147.13784755523332,200,7.65,29427.57,BreakoutStrategy
2017-07-27,600352.SSE,买入,171.78120000000004,400,17.87,68712.48,BreakoutStrategy
2017-08-01,600754.SSE,买入,71.43725600000002,500,9.29,35718.63,BreakoutStrategy
2017-08-03,601118.SSE,买入,6.571999999999999,4300,7.35,28259.6,BreakoutStrategy
2017-08-08,600516.SSE,卖出,176.17479167999997,2500,554.95,440436.98,BreakoutStrategy
2017-08-08,600578.SSE,买入,19.249119999999998,1300,6.51,25023.86,BreakoutStrategy
2017-08-09,000686.SZSE,买入,150.1482961045679,600,23.42,90088.98,BreakoutStrategy
2017-08-10,600754.SSE,买入,71.70292400000001,1100,20.51,78873.22,BreakoutStrategy
2017-08-14,000686.SZSE,卖出,142.99828638245978,800,144.14,114398.63,BreakoutStrategy
2017-08-14,000898.SZSE,卖出,9.990974999999999,11100,139.73,110899.82,BreakoutStrategy
2017-08-14,600578.SSE,卖出,18.425119999999996,1300,30.18,23952.66,BreakoutStrategy
2017-08-14,000786.SZSE,买入,208.32672679999993,200,10.83,41665.35,BreakoutStrategy
2017-08-14,600867.SSE,买入,628.7848974541868,100,16.35,62878.49,BreakoutStrategy
2017-08-15,000831.SZSE,卖出,75.22368000000003,2600,246.43,195581.57,BreakoutStrategy
2017-08-15,000786.SZSE,买入,222.80664679999992,300,17.38,66841.99,BreakoutStrategy
2017-08-15,002081.SZSE,买入,307.97773437500007,300,24.02,92393.32,BreakoutStrategy
2017-08-15,600682.SSE,买入,485.50279916999983,200,25.25,97100.56,BreakoutStrategy
2017-08-17,600867.SSE,买入,634.523367872251,100,16.5,63452.34,BreakoutStrategy
2017-08-22,600867.SSE,买入,647.3505370420421,100,16.83,64735.05,BreakoutStrategy
2017-08-24,600352.SSE,卖出,168.12120000000007,800,169.47,134496.96,BreakoutStrategy
2017-08-24,601198.SSE,买入,19.05,3400,16.84,64770.0,BreakoutStrategy
2017-08-25,600682.SSE,卖出,469.1285508699999,200,118.22,93825.71,BreakoutStrategy
2017-08-28,000723.SZSE,买入,58.16076000000001,1300,19.66,75608.99,BreakoutStrategy
2017-08-29,601198.SSE,买入,19.950000000000003,4700,24.38,93765.0,BreakoutStrategy
2017-09-01,000723.SZSE,买入,63.40956000000001,800,13.19,50727.65,BreakoutStrategy
2017-09-04,000723.SZSE,买入,65.22914400000002,700,11.87,45660.4,BreakoutStrategy
2017-09-08,600867.SSE,买入,655.1143499605998,100,17.03,65511.43,BreakoutStrategy
2017-09-12,000786.SZSE,卖出,201.00592679999994,500,126.63,100502.96,BreakoutStrategy
2017-09-12,002812.SZSE,买入,133.72587399999998,100,5.13,13372.59,BreakoutStrategy
2017-09-12,600754.SSE,买入,74.727452,700,13.6,52309.22,BreakoutStrategy
2017-09-13,002812.SZSE,卖出,123.85587399999999,100,17.51,12385.59,BreakoutStrategy
2017-09-13,600143.SSE,买入,83.21408479999998,400,8.65,33285.63,BreakoutStrategy
2017-09-19,002081.SZSE,买入,311.82207031250005,100,8.11,31182.21,BreakoutStrategy
2017-09-20,000723.SZSE,卖出,60.380247999999995,2800,213.02,169064.69,BreakoutStrategy
2017-09-20,002120.SZSE,买入,129.8657934879,100,5.13,12986.58,BreakoutStrategy
2017-09-22,601198.SSE,卖出,18.909999999999997,8100,193.0,153171.0,BreakoutStrategy
2017-09-25,002085.SZSE,买入,119.30884000000003,700,21.71,83516.19,BreakoutStrategy
2017-09-25,600143.SSE,买入,84.0294448,1100,24.03,92432.39,BreakoutStrategy
2017-09-26,002081.SZSE,卖出,294.63070312499997,400,148.49,117852.28,BreakoutStrategy
2017-09-26,002120.SZSE,卖出,119.7696463419,100,17.1,11976.96,BreakoutStrategy
2017-09-26,600754.SSE,卖出,71.621616,2400,216.58,171891.88,BreakoutStrategy
2017-09-26,600867.SSE,卖出,636.1911532893287,400,320.64,254476.46,BreakoutStrategy
2017-09-26,601118.SSE,卖出,6.571999999999999,9200,76.18,60462.4,BreakoutStrategy
2017-09-26,002271.SZSE,买入,482.76000000000005,100,12.55,48276.0,BreakoutStrategy
2017-09-26,300296.SZSE,买入,242.07000000000002,200,12.59,48414.0,BreakoutStrategy
2017-09-27,002271.SZSE,卖出,470.98000000000013,100,59.34,47098.0,BreakoutStrategy
2017-09-27,000800.SZSE,买入,33.20006940000002,3600,31.08,119520.25,BreakoutStrategy
2017-09-27,002085.SZSE,买入,122.79364000000002,1300,41.5,159631.73,BreakoutStrategy
2017-09-27,603899.SSE,买入,41.27,3800,40.77,156826.0,BreakoutStrategy
2017-09-28,000061.SZSE,买入,251.74051727380493,300,19.64,75522.16,BreakoutStrategy
2017-09-28,002085.SZSE,买入,124.82644000000003,900,29.21,112343.8,BreakoutStrategy
2017-09-28,600487.SSE,买入,230.63862499999993,200,11.99,46127.72,BreakoutStrategy
2017-09-29,000800.SZSE,买入,34.386163400000015,1300,11.62,44702.01,BreakoutStrategy
2017-10-09,000061.SZSE,卖出,241.40792064615212,300,91.25,72422.38,BreakoutStrategy
2017-10-09,002085.SZSE,卖出,117.37220000000002,2900,428.88,340379.38,BreakoutStrategy
2017-10-09,000800.SZSE,买入,36.588909400000006,1100,10.46,40247.8,BreakoutStrategy
2017-10-09,002424.SZSE,买入,175.74199999999996,100,5.18,17574.2,BreakoutStrategy
2017-10-09,603899.SSE,买入,43.57,1200,13.59,52284.0,BreakoutStrategy
2017-10-10,000423.SZSE,买入,653.984565957714,100,17.0,65398.46,BreakoutStrategy
2017-10-10,000800.SZSE,买入,38.88847940000002,2200,22.24,85554.65,BreakoutStrategy
2017-10-10,002424.SZSE,买入,179.29399999999995,500,23.31,89647.0,BreakoutStrategy
2017-10-10,300296.SZSE,买入,253.71,300,19.79,76113.0,BreakoutStrategy
2017-10-10,600143.SSE,买入,85.42720479999998,1300,28.87,111055.37,BreakoutStrategy
2017-10-12,000800.SZSE,卖出,37.367707400000015,8200,386.08,306415.2,BreakoutStrategy
2017-10-12,603899.SSE,买入,45.71,700,8.32,31997.0,BreakoutStrategy
2017-10-13,000423.SZSE,买入,660.4971165339929,100,17.17,66049.71,BreakoutStrategy
2017-10-13,000738.SZSE,买入,42.51546258465,1200,13.26,51018.56,BreakoutStrategy
2017-10-13,300296.SZSE,买入,259.95,200,13.52,51990.0,BreakoutStrategy
2017-10-16,300296.SZSE,买入,264.27000000000004,100,6.87,26427.0,BreakoutStrategy
2017-10-17,002424.SZSE,卖出,174.28199999999995,600,131.76,104569.2,BreakoutStrategy
2017-10-17,002470.SZSE,买入,35.91,400,5.14,14364.0,BreakoutStrategy
2017-10-18,000738.SZSE,买入,44.37306374565,1000,11.54,44373.06,BreakoutStrategy
2017-10-20,000738.SZSE,卖出,42.56026262515,2200,117.98,93632.58,BreakoutStrategy
2017-10-20,600143.SSE,卖出,84.82480479999998,2800,299.26,237509.45,BreakoutStrategy
2017-10-20,600487.SSE,卖出,217.43812499999996,200,54.79,43487.62,BreakoutStrategy
2017-10-20,002470.SZSE,买入,37.15,700,6.76,26005.0,BreakoutStrategy
2017-10-20,300558.SZSE,买入,65.80000000000001,200,5.13,13160.0,BreakoutStrategy
2017-10-20,600332.SSE,买入,42.07640000000002,600,6.56,25245.84,BreakoutStrategy
2017-10-20,600998.SSE,买入,21.940000000000005,1100,6.27,24134.0,BreakoutStrategy
2017-10-23,603899.SSE,卖出,43.83,5700,314.79,249831.0,BreakoutStrategy
2017-10-23,000423.SZSE,买入,667.0096671102714,100,17.34,66700.97,BreakoutStrategy
2017-10-24,000423.SZSE,买入,676.5491778135528,200,35.18,135309.84,BreakoutStrategy
2017-10-24,000623.SZSE,买入,521.5239919572401,200,27.12,104304.8,BreakoutStrategy
2017-10-24,300558.SZSE,买入,69.88000000000002,1200,21.8,83856.0,BreakoutStrategy
2017-10-24,600332.SSE,买入,43.9744,2800,32.01,123128.32,BreakoutStrategy
2017-10-24,600998.SSE,买入,22.350000000000005,5500,31.96,122925.0,BreakoutStrategy
2017-10-30,600998.SSE,卖出,21.52,6600,178.96,142032.0,BreakoutStrategy
2017-10-30,601231.SSE,买入,30.765,100,5.03,3076.5,BreakoutStrategy
2017-10-31,000623.SZSE,买入,525.6266112115841,100,13.67,52562.66,BreakoutStrategy
2017-10-31,601231.SSE,买入,30.945000000000004,900,7.24,27850.5,BreakoutStrategy
2017-11-01,000423.SZSE,卖出,640.0222041606106,500,403.21,320011.1,BreakoutStrategy
2017-11-01,300144.SZSE,买入,163.57878390900004,100,5.16,16357.88,BreakoutStrategy
2017-11-01,601231.SSE,买入,31.485000000000003,600,5.19,18891.0,BreakoutStrategy
2017-11-03,300296.SZSE,卖出,252.61000000000004,800,254.63,202088.0,BreakoutStrategy
2017-11-03,300676.SZSE,买入,204.51,200,10.63,40902.0,BreakoutStrategy
2017-11-06,000623.SZSE,卖出,509.62798885256007,300,192.64,152888.4,BreakoutStrategy
2017-11-06,002008.SZSE,买入,564.2636250000003,100,14.67,56426.36,BreakoutStrategy
2017-11-07,300144.SZSE,卖出,159.26883096700004,100,21.09,15926.88,BreakoutStrategy
2017-11-07,002008.SZSE,买入,589.8515250000003,100,15.34,58985.15,BreakoutStrategy
2017-11-07,300223.SZSE,买入,70.29000000000002,900,16.45,63261.0,BreakoutStrategy
2017-11-07,300558.SZSE,买入,74.49000000000001,1100,21.3,81939.0,BreakoutStrategy
2017-11-07,601231.SSE,买入,32.345,3200,26.91,103504.0,BreakoutStrategy
2017-11-08,300676.SZSE,买入,212.01,100,5.51,21201.0,BreakoutStrategy
2017-11-09,300558.SZSE,卖出,67.35,2500,212.15,168375.0,BreakoutStrategy
2017-11-09,600498.SSE,买入,110.27640000000008,300,8.6,33082.92,BreakoutStrategy
2017-11-10,002008.SZSE,买入,621.6723750000003,100,16.16,62167.24,BreakoutStrategy
2017-11-10,300223.SZSE,买入,73.16040000000001,800,15.22,58528.32,BreakoutStrategy
2017-11-13,002008.SZSE,买入,642.7769250000002,100,16.71,64277.69,BreakoutStrategy
2017-11-13,300676.SZSE,买入,221.60999999999999,100,5.76,22161.0,BreakoutStrategy
2017-11-13,600498.SSE,买入,114.45000000000009,300,8.93,34335.0,BreakoutStrategy
2017-11-14,300676.SZSE,买入,240.34,100,6.25,24034.0,BreakoutStrategy
2017-11-16,300223.SZSE,卖出,66.3804,2700,225.83,179227.08,BreakoutStrategy
2017-11-16,600037.SSE,买入,69.432536,500,9.03,34716.27,BreakoutStrategy
2017-11-17,600037.SSE,买入,70.77372,1000,18.4,70773.72,BreakoutStrategy
2017-11-20,600498.SSE,卖出,103.86280000000005,600,78.52,62317.68,BreakoutStrategy
2017-11-20,600037.SSE,买入,72.028376,1000,18.73,72028.38,BreakoutStrategy
2017-11-20,600816.SSE,买入,415.2626597500002,100,10.8,41526.27,BreakoutStrategy
2017-11-21,600816.SSE,卖出,384.99269000000015,100,48.51,38499.27,BreakoutStrategy
2017-11-22,000069.SZSE,买入,382.2207552332023,100,9.94,38222.08,BreakoutStrategy
2017-11-23,600037.SSE,买入,72.461016,1000,18.84,72461.02,BreakoutStrategy
2017-11-24,002008.SZSE,卖出,577.9123750000002,400,291.27,231164.95,BreakoutStrategy
2017-11-24,601231.SSE,卖出,29.825,4800,180.38,143160.0,BreakoutStrategy
2017-11-27,300676.SZSE,卖出,193.99,500,122.21,96995.0,BreakoutStrategy
2017-11-27,000793.SZSE,买入,181.99736,500,23.66,90998.68,BreakoutStrategy
2017-11-27,603160.SSE,买入,124.11000000000001,300,9.68,37233.0,BreakoutStrategy
2017-11-28,002038.SZSE,买入,502.83696000000015,100,13.07,50283.7,BreakoutStrategy
2017-11-29,000069.SZSE,卖出,362.9137471000824,100,45.73,36291.37,BreakoutStrategy
2017-11-29,603160.SSE,卖出,117.39,300,44.37,35217.0,BreakoutStrategy
2017-11-29,000703.SZSE,买入,85.74104800000003,600,13.38,51444.63,BreakoutStrategy
2017-11-30,600037.SSE,卖出,69.32600799999999,3500,305.73,242641.03,BreakoutStrategy
2017-11-30,000553.SZSE,买入,84.42614800000001,600,13.17,50655.69,BreakoutStrategy
2017-11-30,000703.SZSE,买入,85.78562500000002,600,13.38,51471.38,BreakoutStrategy
2017-11-30,002038.SZSE,买入,520.9278240000002,100,13.54,52092.78,BreakoutStrategy
2017-11-30,600383.SSE,买入,154.84454000000005,400,16.1,61937.82,BreakoutStrategy
2017-12-04,000793.SZSE,卖出,172.66207999999992,500,108.78,86331.04,BreakoutStrategy
2017-12-04,002038.SZSE,买入,527.8562400000002,100,13.72,52785.62,BreakoutStrategy
2017-12-04,002129.SZSE,买入,44.78750000000001,1100,12.81,49266.25,BreakoutStrategy
2017-12-05,002038.SZSE,卖出,491.3979040000002,300,185.75,147419.37,BreakoutStrategy
2017-12-05,600383.SSE,卖出,149.2436400000001,400,75.22,59697.46,BreakoutStrategy
2017-12-05,600256.SSE,买入,180.04042260000008,400,18.72,72016.17,BreakoutStrategy
2017-12-06,000553.SZSE,卖出,76.88470160000001,600,58.12,46130.82,BreakoutStrategy
2017-12-07,002064.SZSE,买入,57.75200000000002,1600,24.02,92403.2,BreakoutStrategy
2017-12-07,002129.SZSE,买入,46.35500000000001,1400,16.87,64897.0,BreakoutStrategy
2017-12-07,600256.SSE,买入,185.71145940000002,500,24.14,92855.73,BreakoutStrategy
2017-12-08,000703.SZSE,卖出,78.63330500000002,1200,118.89,94359.97,BreakoutStrategy
2017-12-08,300017.SZSE,买入,230.7545185384875,100,6.0,23075.45,BreakoutStrategy
2017-12-08,300027.SZSE,买入,131.767878176,500,17.13,65883.94,BreakoutStrategy
2017-12-13,002129.SZSE,买入,48.5,800,10.09,38800.0,BreakoutStrategy
2017-12-14,600256.SSE,卖出,177.18490420000006,900,200.93,159466.41,BreakoutStrategy
2017-12-14,002129.SZSE,买入,54.605000000000004,800,11.36,43684.0,BreakoutStrategy
2017-12-14,603899.SSE,买入,51.31,900,12.01,46179.0,BreakoutStrategy
2017-12-15,300027.SZSE,买入,134.93455712000002,600,21.05,80960.73,BreakoutStrategy
2017-12-21,300017.SZSE,卖出,217.97322234588736,100,27.46,21797.32,BreakoutStrategy
2017-12-21,300072.SZSE,买入,574.4652377760001,100,14.94,57446.52,BreakoutStrategy
2017-12-22,002064.SZSE,卖出,54.50800000000002,1600,109.89,87212.8,BreakoutStrategy
2017-12-22,002294.SZSE,买入,430.84999999999997,100,11.2,43085.0,BreakoutStrategy
2017-12-25,002129.SZSE,卖出,49.09875000000001,4100,253.64,201304.88,BreakoutStrategy
2017-12-25,300027.SZSE,卖出,130.30847865600003,1100,180.61,143339.33,BreakoutStrategy
2017-12-25,002271.SZSE,买入,471.2400000000001,100,12.25,47124.0,BreakoutStrategy
2017-12-25,600143.SSE,买入,87.64032479999997,700,15.95,61348.23,BreakoutStrategy
2017-12-26,002271.SZSE,买入,488.76000000000005,200,25.42,97752.0,BreakoutStrategy
2017-12-27,603899.SSE,卖出,49.910000000000004,900,56.6,44919.0,BreakoutStrategy
2017-12-27,600143.SSE,买入,88.92160479999998,1200,27.74,106705.93,BreakoutStrategy
2017-12-28,000656.SZSE,买入,28.126399999999997,3000,21.94,84379.2,BreakoutStrategy
2017-12-29,300072.SZSE,卖出,543.2038515376,100,68.44,54320.39,BreakoutStrategy
2017-12-29,300146.SZSE,买入,392.04999999999995,100,10.19,39205.0,BreakoutStrategy
2018-01-02,002294.SZSE,买入,443.38375999999994,100,11.53,44338.38,BreakoutStrategy
2018-01-03,000656.SZSE,买入,28.654400000000006,2700,20.12,77366.88,BreakoutStrategy
2018-01-03,002271.SZSE,买入,508.68000000000006,100,13.23,50868.0,BreakoutStrategy
2018-01-03,600143.SSE,买入,90.08640479999998,1000,23.42,90086.4,BreakoutStrategy
2018-01-08,000656.SZSE,买入,29.604800000000004,1700,13.09,50328.16,BreakoutStrategy
2018-01-09,002294.SZSE,卖出,412.6744800000001,200,103.99,82534.9,BreakoutStrategy
2018-01-09,600332.SSE,卖出,40.87340000000002,3400,175.1,138969.56,BreakoutStrategy
2018-01-09,000656.SZSE,买入,29.604800000000004,1700,13.09,50328.16,BreakoutStrategy
2018-01-09,600299.SSE,买入,30.842405000000003,200,5.06,6168.48,BreakoutStrategy
2018-01-09,600377.SSE,买入,18.8808,400,5.08,7552.32,BreakoutStrategy
2018-01-10,002271.SZSE,买入,522.36,100,13.58,52236.0,BreakoutStrategy
2018-01-10,300146.SZSE,买入,405.72999999999996,100,10.55,40573.0,BreakoutStrategy
2018-01-10,600299.SSE,买入,31.526855,1300,10.66,40984.91,BreakoutStrategy
2018-01-11,600299.SSE,买入,33.199954999999996,600,5.2,19919.97,BreakoutStrategy
2018-01-12,600143.SSE,卖出,87.03792479999998,2900,318.04,252409.98,BreakoutStrategy
2018-01-12,600566.SSE,买入,77.21774999999998,100,5.08,7721.77,BreakoutStrategy
2018-01-17,002271.SZSE,卖出,491.38000000000005,500,309.57,245690.0,BreakoutStrategy
2018-01-17,002385.SZSE,买入,63.74739143,800,13.26,50997.91,BreakoutStrategy
2018-01-17,600377.SSE,买入,19.052400000000002,3100,15.36,59062.44,BreakoutStrategy
2018-01-18,600377.SSE,卖出,18.834399999999995,3500,83.06,65920.4,BreakoutStrategy
2018-01-18,600566.SSE,卖出,74.89869999999998,100,12.56,7489.87,BreakoutStrategy
2018-01-18,300146.SZSE,买入,413.4100000000001,100,10.75,41341.0,BreakoutStrategy
2018-01-18,601099.SSE,买入,10.447625000000002,8000,21.73,83581.0,BreakoutStrategy
2018-01-18,601108.SSE,买入,21.11,2200,12.07,46442.0,BreakoutStrategy
2018-01-19,601108.SSE,买入,21.020000000000003,2000,10.93,42040.0,BreakoutStrategy
2018-01-22,601099.SSE,买入,10.80155,6800,19.1,73450.54,BreakoutStrategy
2018-01-23,300146.SZSE,买入,434.05000000000007,100,11.29,43405.0,BreakoutStrategy
2018-01-26,002385.SZSE,买入,65.00674316,500,8.45,32503.37,BreakoutStrategy
2018-01-29,600299.SSE,买入,34.239304999999995,700,6.23,23967.51,BreakoutStrategy
2018-01-30,601108.SSE,卖出,20.24,4200,107.11,85008.0,BreakoutStrategy
2018-01-30,601118.SSE,买入,6.661999999999999,2600,5.17,17321.2,BreakoutStrategy
2018-02-01,601099.SSE,卖出,10.105875000000001,14800,188.45,149566.95,BreakoutStrategy
2018-02-01,601118.SSE,卖出,6.071999999999999,2600,20.95,15787.2,BreakoutStrategy
2018-02-01,601997.SSE,买入,17.540000000000003,1600,7.3,28064.0,BreakoutStrategy
2018-02-02,000656.SZSE,卖出,28.687200000000004,9100,328.93,261053.52,BreakoutStrategy
2018-02-02,002385.SZSE,卖出,59.859382544999995,1300,98.05,77817.2,BreakoutStrategy
2018-02-02,600299.SSE,卖出,31.304054999999998,2800,110.44,87651.35,BreakoutStrategy
2018-02-02,300677.SZSE,买入,63.99,600,9.98,38394.0,BreakoutStrategy
2018-02-05,000825.SZSE,买入,44.59388499999998,2100,24.35,93647.16,BreakoutStrategy
2018-02-05,000898.SZSE,买入,11.230975,7800,22.78,87601.61,BreakoutStrategy
2018-02-07,300677.SZSE,卖出,56.58,600,42.77,33948.0,BreakoutStrategy
2018-02-07,600398.SSE,买入,103.32593505280003,700,18.81,72328.15,BreakoutStrategy
2018-02-08,000898.SZSE,卖出,10.570475000000002,7800,103.89,82449.71,BreakoutStrategy
2018-02-08,600398.SSE,卖出,91.56640771560002,700,80.76,64096.49,BreakoutStrategy
2018-02-08,601997.SSE,卖出,16.610000000000003,1600,33.49,26576.0,BreakoutStrategy
2018-02-08,002399.SZSE,买入,61.690000000000005,1500,24.06,92535.0,BreakoutStrategy
2018-02-12,000825.SZSE,卖出,40.23264679999999,2100,106.46,84488.56,BreakoutStrategy
2018-02-13,002456.SZSE,买入,411.5700000000001,100,10.7,41157.0,BreakoutStrategy
2018-02-13,002812.SZSE,买入,97.65587400000001,700,17.77,68359.11,BreakoutStrategy
2018-02-22,002812.SZSE,买入,105.695874,600,16.49,63417.52,BreakoutStrategy
2018-02-26,002399.SZSE,买入,62.77800000000002,1500,24.48,94167.0,BreakoutStrategy
2018-02-26,300677.SZSE,买入,69.96000000000001,500,9.09,34980.0,BreakoutStrategy
2018-02-27,002399.SZSE,买入,63.64200000000002,1400,23.17,89098.8,BreakoutStrategy
2018-02-27,300677.SZSE,买入,74.24000000000001,400,7.72,29696.0,BreakoutStrategy
2018-03-07,002925.SZSE,买入,102.69000000000001,100,5.1,10269.0,BreakoutStrategy
2018-03-16,300677.SZSE,卖出,67.98,900,77.09,61182.0,BreakoutStrategy
2018-03-16,600737.SSE,买入,98.24508784878401,400,10.22,39298.04,BreakoutStrategy
2018-03-20,002399.SZSE,卖出,61.094000000000015,4400,338.71,268813.6,BreakoutStrategy
2018-03-20,002773.SZSE,买入,85.48500000000001,300,6.67,25645.5,BreakoutStrategy
2018-03-21,002456.SZSE,买入,435.57000000000005,100,11.32,43557.0,BreakoutStrategy
2018-03-21,002773.SZSE,买入,89.52000000000001,700,16.29,62664.0,BreakoutStrategy
2018-03-23,002773.SZSE,卖出,79.38999999999999,1000,100.03,79390.0,BreakoutStrategy
2018-03-23,600037.SSE,买入,64.889816,1100,18.56,71378.8,BreakoutStrategy
2018-03-23,600737.SSE,买入,99.99119755230399,500,13.0,49995.6,BreakoutStrategy
2018-03-26,002456.SZSE,卖出,389.55000000000007,200,98.17,77910.0,BreakoutStrategy
2018-03-26,002812.SZSE,卖出,116.705874,1300,191.16,151717.64,BreakoutStrategy
2018-03-26,002925.SZSE,卖出,78.11999999999999,100,12.89,7812.0,BreakoutStrategy
2018-03-26,600037.SSE,卖出,61.10584800000001,1100,84.69,67216.43,BreakoutStrategy
2018-03-26,600873.SSE,买入,33.41507539199999,1900,16.51,63488.64,BreakoutStrategy
2018-03-27,002568.SZSE,买入,63.910000000000004,1100,18.28,70301.0,BreakoutStrategy
2018-03-27,300347.SZSE,买入,420.01000000000005,100,10.92,42001.0,BreakoutStrategy
2018-03-27,300529.SZSE,买入,36.5,1800,17.08,65700.0,BreakoutStrategy
2018-03-27,600873.SSE,买入,34.6352954112,3700,33.32,128150.59,BreakoutStrategy
2018-03-28,002568.SZSE,买入,63.07,600,9.84,37842.0,BreakoutStrategy
2018-03-28,300529.SZSE,买入,37.199999999999996,900,8.7,33480.0,BreakoutStrategy
2018-04-02,300529.SZSE,买入,39.17,800,8.15,31336.0,BreakoutStrategy
2018-04-09,300529.SZSE,买入,40.06,800,8.33,32048.0,BreakoutStrategy
2018-04-10,600737.SSE,卖出,95.538765227984,900,108.34,85984.89,BreakoutStrategy
2018-04-10,601118.SSE,买入,6.621999999999999,2200,5.15,14568.4,BreakoutStrategy
2018-04-11,600873.SSE,卖出,33.511286822399995,5600,236.46,187663.21,BreakoutStrategy
2018-04-11,601118.SSE,卖出,5.981999999999999,2200,18.29,13160.4,BreakoutStrategy
2018-04-12,000729.SZSE,买入,74.88476140000002,800,15.58,59907.81,BreakoutStrategy
2018-04-12,002038.SZSE,买入,536.1960000000001,100,13.94,53619.6,BreakoutStrategy
2018-04-24,002568.SZSE,卖出,55.57000000000001,1700,119.03,94469.0,BreakoutStrategy
2018-04-24,603160.SSE,买入,103.41000000000001,300,8.07,31023.0,BreakoutStrategy
2018-04-27,000729.SZSE,卖出,68.44567339999999,800,68.99,54756.54,BreakoutStrategy
2018-04-27,002414.SZSE,买入,37.129999999999995,1000,9.65,37130.0,BreakoutStrategy
2018-05-03,000553.SZSE,买入,75.37072240000002,700,13.72,52759.51,BreakoutStrategy
2018-05-04,002414.SZSE,卖出,35.11,1000,44.24,35110.0,BreakoutStrategy
2018-05-04,300168.SZSE,买入,159.32999999999998,200,8.29,31866.0,BreakoutStrategy
2018-05-07,300168.SZSE,买入,165.80999999999997,200,8.62,33162.0,BreakoutStrategy
2018-05-08,000553.SZSE,买入,78.48816400000003,700,14.28,54941.71,BreakoutStrategy
2018-05-09,300168.SZSE,买入,173.80999999999997,100,5.17,17381.0,BreakoutStrategy
2018-05-10,300168.SZSE,买入,179.24999999999997,100,5.18,17925.0,BreakoutStrategy
2018-05-14,300347.SZSE,卖出,424.4700000000001,100,53.48,42447.0,BreakoutStrategy
2018-05-15,002299.SZSE,买入,35.239999999999995,800,7.33,28192.0,BreakoutStrategy
2018-05-18,000553.SZSE,买入,80.220076,700,14.6,56154.05,BreakoutStrategy
2018-05-22,000553.SZSE,买入,82.24888720000003,600,12.83,49349.33,BreakoutStrategy
2018-05-29,300529.SZSE,卖出,43.290000000000006,4300,234.55,186147.0,BreakoutStrategy
2018-05-29,600754.SSE,买入,87.96997999999999,200,5.18,17594.0,BreakoutStrategy
2018-05-31,000553.SZSE,卖出,79.40834480000001,2700,270.15,214402.53,BreakoutStrategy
2018-06-01,002038.SZSE,买入,629.4730080000002,100,16.37,62947.3,BreakoutStrategy
2018-06-01,600754.SSE,买入,90.034016,900,21.07,81030.61,BreakoutStrategy
2018-06-04,002299.SZSE,卖出,32.78,800,33.04,26224.0,BreakoutStrategy
2018-06-04,600297.SSE,买入,2.00474639136,34900,18.19,69965.65,BreakoutStrategy
2018-06-05,002607.SZSE,买入,66.50398400000002,400,6.92,26601.59,BreakoutStrategy
2018-06-15,600754.SSE,卖出,88.37913599999999,1100,122.49,97217.05,BreakoutStrategy
2018-06-20,002038.SZSE,卖出,588.6523360000002,200,148.34,117730.47,BreakoutStrategy
2018-06-20,300168.SZSE,卖出,172.57399999999998,600,130.47,103544.4,BreakoutStrategy
2018-06-21,002607.SZSE,卖出,90.72263999999998,400,45.72,36289.06,BreakoutStrategy
2018-06-21,000959.SZSE,买入,8.492998759999999,13900,30.69,118052.68,BreakoutStrategy
2018-06-21,300347.SZSE,买入,509.61000000000007,100,13.25,50961.0,BreakoutStrategy
2018-06-25,000959.SZSE,买入,8.71619876,11500,26.06,100236.29,BreakoutStrategy
2018-06-26,300595.SZSE,买入,138.9888,200,7.23,27797.76,BreakoutStrategy
2018-06-27,000959.SZSE,卖出,8.386198760000001,25400,268.39,213009.45,BreakoutStrategy
2018-06-28,000831.SZSE,买入,52.385156,1000,13.62,52385.16,BreakoutStrategy
2018-07-02,000555.SZSE,买入,40.48423999999999,1000,10.53,40484.24,BreakoutStrategy
2018-07-02,300595.SZSE,买入,143.7192,300,11.21,43115.76,BreakoutStrategy
2018-07-06,300347.SZSE,卖出,452.6300000000001,100,57.03,45263.0,BreakoutStrategy
2018-07-09,000831.SZSE,卖出,48.03802800000002,1000,60.53,48038.03,BreakoutStrategy
2018-07-10,000413.SZSE,买入,1.4699000000000002,86000,32.87,126411.4,BreakoutStrategy
2018-07-10,600763.SSE,买入,128.36200000000002,300,10.01,38508.6,BreakoutStrategy
2018-07-11,002414.SZSE,买入,31.720000000000006,1100,9.07,34892.0,BreakoutStrategy
2018-07-12,002414.SZSE,买入,32.46,1000,8.44,32460.0,BreakoutStrategy
2018-07-12,600763.SSE,买入,129.73,200,6.75,25946.0,BreakoutStrategy
2018-07-16,300595.SZSE,买入,149.77799999999996,200,7.79,29955.6,BreakoutStrategy
2018-07-16,600763.SSE,买入,139.906,200,7.28,27981.2,BreakoutStrategy
2018-07-18,300595.SZSE,卖出,140.81560000000002,700,124.2,98570.92,BreakoutStrategy
2018-07-18,000046.SZSE,买入,25.387395715052076,1800,11.88,45697.31,BreakoutStrategy
2018-07-18,600648.SSE,买入,64.03551670000002,500,8.32,32017.76,BreakoutStrategy
2018-07-20,002414.SZSE,买入,34.36,900,8.04,30924.0,BreakoutStrategy
2018-07-24,600763.SSE,卖出,123.734,700,109.13,86613.8,BreakoutStrategy
2018-07-24,600820.SSE,买入,160.73693187227676,200,8.36,32147.39,BreakoutStrategy
2018-07-25,600648.SSE,买入,65.53332730000002,800,13.63,52426.66,BreakoutStrategy
2018-07-25,600820.SSE,买入,170.35997171444023,300,13.29,51107.99,BreakoutStrategy
2018-08-01,000555.SZSE,卖出,36.86064,1000,46.44,36860.64,BreakoutStrategy
2018-08-01,600376.SSE,买入,57.65584000000002,400,6.0,23062.34,BreakoutStrategy
2018-08-02,002414.SZSE,卖出,32.9,3000,124.36,98700.0,BreakoutStrategy
2018-08-02,600837.SSE,买入,41.066117440000006,600,6.41,24639.67,BreakoutStrategy
2018-08-03,600376.SSE,卖出,55.019720000000014,400,27.73,22007.89,BreakoutStrategy
2018-08-03,600648.SSE,卖出,63.29917250000003,1300,103.68,82288.92,BreakoutStrategy
2018-08-03,600820.SSE,卖出,165.5284517933585,500,104.28,82764.23,BreakoutStrategy
2018-08-06,002157.SZSE,买入,66.04614400000001,700,12.02,46232.3,BreakoutStrategy
2018-08-06,002183.SZSE,买入,93.14550000000003,800,19.37,74516.4,BreakoutStrategy
2018-08-06,601231.SSE,买入,21.715000000000003,2400,13.55,52116.0,BreakoutStrategy
2018-08-07,002157.SZSE,卖出,61.994143999999984,700,54.68,43395.9,BreakoutStrategy
2018-08-08,000983.SZSE,买入,44.95310399999999,1200,14.03,53943.72,BreakoutStrategy
2018-08-14,601231.SSE,卖出,20.295,2400,61.37,48708.0,BreakoutStrategy
2018-08-15,000703.SZSE,买入,112.9954258,200,5.88,22599.09,BreakoutStrategy
2018-08-17,000983.SZSE,卖出,42.73662399999999,1200,64.62,51283.95,BreakoutStrategy
2018-08-17,002183.SZSE,卖出,89.75050000000002,800,90.47,71800.4,BreakoutStrategy
2018-08-17,601989.SSE,买入,0.4835690000000001,104000,13.08,50291.18,BreakoutStrategy
2018-08-17,603806.SSE,买入,34.584,800,7.19,27667.2,BreakoutStrategy
2018-08-21,300146.SZSE,卖出,487.79,400,245.85,195116.0,BreakoutStrategy
2018-08-27,000629.SZSE,买入,15.207299999999996,3200,12.65,48663.36,BreakoutStrategy
2018-08-29,000629.SZSE,卖出,14.485299999999997,3200,58.4,46352.96,BreakoutStrategy
2018-08-29,002064.SZSE,买入,47.50800000000001,1800,22.23,85514.4,BreakoutStrategy
2018-08-31,002064.SZSE,买入,48.96400000000002,1900,24.19,93031.6,BreakoutStrategy
2018-09-04,002064.SZSE,卖出,47.90400000000002,3700,223.33,177244.8,BreakoutStrategy
2018-09-04,002414.SZSE,买入,33.12,1500,12.92,49680.0,BreakoutStrategy
2018-09-05,002414.SZSE,买入,33.559999999999995,2300,20.07,77188.0,BreakoutStrategy
2018-09-06,000703.SZSE,卖出,105.48648980000002,200,26.58,21097.3,BreakoutStrategy
2018-09-06,002299.SZSE,买入,37.94,1300,12.82,49322.0,BreakoutStrategy
2018-09-11,603806.SSE,卖出,31.482999999999997,800,31.73,25186.4,BreakoutStrategy
2018-09-12,000400.SZSE,买入,65.32779840000002,1000,16.99,65327.8,BreakoutStrategy
2018-09-14,000400.SZSE,买入,70.14632640000004,800,14.59,56117.06,BreakoutStrategy
2018-09-14,002414.SZSE,买入,34.559999999999995,1700,15.28,58752.0,BreakoutStrategy
2018-09-17,002299.SZSE,卖出,34.99999999999999,1300,57.33,45500.0,BreakoutStrategy
2018-09-17,600177.SSE,买入,173.25402250000008,100,5.17,17325.4,BreakoutStrategy
2018-09-18,000400.SZSE,买入,70.96176960000003,600,11.07,42577.06,BreakoutStrategy
2018-09-19,000400.SZSE,买入,74.07528000000002,500,9.63,37037.64,BreakoutStrategy
2018-09-20,600177.SSE,买入,174.91318000000007,100,5.17,17491.32,BreakoutStrategy
2018-09-25,600177.SSE,买入,175.81817500000005,100,5.18,17581.82,BreakoutStrategy
2018-09-27,002414.SZSE,买入,35.779999999999994,1100,10.23,39358.0,BreakoutStrategy
2018-10-08,600754.SSE,买入,64.40727200000002,100,5.06,6440.73,BreakoutStrategy
2018-10-09,600754.SSE,卖出,61.79190000000002,100,11.24,6179.19,BreakoutStrategy
2018-10-10,000400.SZSE,卖出,71.01590080000001,2900,259.49,205946.11,BreakoutStrategy
2018-10-10,002414.SZSE,卖出,31.240000000000002,6600,259.79,206184.0,BreakoutStrategy
2018-10-10,000937.SZSE,买入,30.913999999999998,200,5.06,6182.8,BreakoutStrategy
2018-10-10,000983.SZSE,买入,43.35566399999999,200,5.09,8671.13,BreakoutStrategy
2018-10-10,300677.SZSE,买入,35.44,100,5.04,3544.0,BreakoutStrategy
2018-10-12,000937.SZSE,卖出,29.801999999999992,200,11.02,5960.4,BreakoutStrategy
2018-10-12,000983.SZSE,卖出,41.23902399999999,200,13.33,8247.8,BreakoutStrategy
2018-10-12,300677.SZSE,卖出,35.78,100,8.61,3578.0,BreakoutStrategy
2018-10-12,600177.SSE,卖出,169.16154500000013,300,63.94,50748.46,BreakoutStrategy
2018-10-15,300677.SZSE,买入,37.28,1400,13.57,52192.0,BreakoutStrategy
2018-10-17,002085.SZSE,买入,50.251720000000006,1300,16.99,65327.24,BreakoutStrategy
2018-10-19,300677.SZSE,卖出,30.679999999999996,1400,54.12,42952.0,BreakoutStrategy
2018-10-22,002085.SZSE,卖出,49.186280000000004,1300,80.57,63942.16,BreakoutStrategy
2018-10-23,300133.SZSE,买入,257.91136,200,13.41,51582.27,BreakoutStrategy
2018-10-23,300144.SZSE,买入,183.91633859700002,200,9.56,36783.27,BreakoutStrategy
2018-10-23,300595.SZSE,买入,119.646,300,9.33,35893.8,BreakoutStrategy
2018-10-23,600161.SSE,买入,172.18234400000003,300,13.43,51654.7,BreakoutStrategy
2018-10-26,300595.SZSE,买入,127.42200000000001,200,6.63,25484.4,BreakoutStrategy
2018-10-30,300144.SZSE,卖出,165.30654251500007,200,41.66,33061.31,BreakoutStrategy
2018-10-31,000686.SZSE,买入,83.60153869822476,200,5.17,16720.31,BreakoutStrategy
2018-11-01,600161.SSE,买入,177.56059999999997,200,9.23,35512.12,BreakoutStrategy
2018-11-05,300133.SZSE,买入,270.15136,100,7.02,27015.14,BreakoutStrategy
2018-11-05,300595.SZSE,买入,130.176,200,6.77,26035.2,BreakoutStrategy
2018-11-13,300595.SZSE,买入,133.41599999999997,200,6.94,26683.2,BreakoutStrategy
2018-11-13,600161.SSE,买入,180.32882,200,9.38,36065.76,BreakoutStrategy
2018-11-14,000686.SZSE,买入,90.09776977836775,100,5.09,9009.78,BreakoutStrategy
2018-11-19,000686.SZSE,买入,97.70311348194986,100,5.1,9770.31,BreakoutStrategy
2018-11-21,300133.SZSE,卖出,234.88016,300,88.78,70464.05,BreakoutStrategy
2018-11-21,601212.SSE,买入,3.5220000000000002,6400,5.86,22540.8,BreakoutStrategy
2018-11-22,601212.SSE,卖出,3.4320000000000004,6400,27.68,21964.8,BreakoutStrategy
2018-11-23,000503.SZSE,买入,139.88487800000001,100,5.14,13988.49,BreakoutStrategy
2018-11-27,000686.SZSE,卖出,89.9193251178765,400,45.32,35967.73,BreakoutStrategy
2018-11-27,002399.SZSE,买入,70.15400000000001,500,9.12,35077.0,BreakoutStrategy
2018-11-28,000503.SZSE,买入,144.1323212,100,5.14,14413.23,BreakoutStrategy
2018-11-29,002399.SZSE,买入,72.07400000000001,600,11.24,43244.4,BreakoutStrategy
2018-11-30,300595.SZSE,卖出,123.67599999999999,900,140.25,111308.4,BreakoutStrategy
2018-12-03,603659.SSE,买入,51.573,600,8.05,30943.8,BreakoutStrategy
2018-12-04,002399.SZSE,买入,74.41000000000001,700,13.54,52087.0,BreakoutStrategy
2018-12-05,600161.SSE,买入,184.83706400000003,200,9.61,36967.41,BreakoutStrategy
2018-12-05,603659.SSE,买入,51.183,500,6.65,25591.5,BreakoutStrategy
2018-12-06,002399.SZSE,买入,75.97800000000001,500,9.88,37989.0,BreakoutStrategy
2018-12-17,600161.SSE,卖出,171.21324,900,194.16,154091.92,BreakoutStrategy
2018-12-17,603659.SSE,卖出,48.25300000000001,1100,66.88,53078.3,BreakoutStrategy
2018-12-18,000061.SZSE,买入,148.8932698250512,200,7.74,29778.65,BreakoutStrategy
2018-12-18,601098.SSE,买入,14.689999999999998,3300,12.6,48477.0,BreakoutStrategy
2018-12-20,000061.SZSE,卖出,140.23298616404483,200,35.34,28046.6,BreakoutStrategy
2018-12-20,600377.SSE,买入,19.2636,2000,10.02,38527.2,BreakoutStrategy
2018-12-24,600377.SSE,卖出,19.098399999999998,2000,48.13,38196.8,BreakoutStrategy
2018-12-25,000503.SZSE,卖出,127.1225484,200,32.03,25424.51,BreakoutStrategy
2018-12-25,002129.SZSE,买入,32.0825,900,7.51,28874.25,BreakoutStrategy
2018-12-25,600098.SSE,买入,31.17581200000001,1400,11.35,43646.14,BreakoutStrategy
2019-01-02,002129.SZSE,卖出,30.742500000000007,900,34.86,27668.25,BreakoutStrategy
2019-01-02,600021.SSE,买入,15.827839999999998,2200,9.05,34821.25,BreakoutStrategy
2019-01-03,002399.SZSE,卖出,74.87,2300,216.97,172201.0,BreakoutStrategy
2019-01-03,000540.SZSE,买入,39.66915970556918,1500,15.47,59503.74,BreakoutStrategy
2019-01-03,002465.SZSE,买入,53.61000000000001,500,6.97,26805.0,BreakoutStrategy
2019-01-04,600098.SSE,卖出,30.347108000000006,1400,53.53,42485.95,BreakoutStrategy
2019-01-04,601098.SSE,买入,14.969999999999997,3000,11.68,44910.0,BreakoutStrategy
2019-01-08,002465.SZSE,买入,54.75,700,9.96,38325.0,BreakoutStrategy
2019-01-08,600021.SSE,买入,16.208,3500,14.75,56728.0,BreakoutStrategy
2019-01-16,601799.SSE,买入,57.694999999999986,300,5.17,17308.5,BreakoutStrategy
2019-01-22,601799.SSE,买入,59.49499999999999,300,5.18,17848.5,BreakoutStrategy
2019-01-23,002465.SZSE,卖出,52.57,1200,79.49,63084.0,BreakoutStrategy
2019-01-24,000723.SZSE,买入,32.96652,400,5.13,13186.61,BreakoutStrategy
2019-01-24,601098.SSE,买入,15.389999999999999,3600,14.41,55404.0,BreakoutStrategy
2019-01-29,600021.SSE,买入,16.493119999999998,2500,10.72,41232.8,BreakoutStrategy
2019-02-11,601098.SSE,买入,15.629999999999997,2900,11.79,45327.0,BreakoutStrategy
2019-02-19,000723.SZSE,买入,36.25576800000001,100,5.04,3625.58,BreakoutStrategy
2019-02-19,601799.SSE,买入,60.184999999999995,100,5.06,6018.5,BreakoutStrategy
2019-02-21,601098.SSE,卖出,15.099999999999998,12800,243.53,193280.0,BreakoutStrategy
2019-02-21,601228.SSE,买入,4.76826,700,5.03,3337.78,BreakoutStrategy
2019-02-25,601228.SSE,卖出,4.83826,700,8.42,3386.78,BreakoutStrategy
2019-02-26,000723.SZSE,买入,37.8654,500,5.19,18932.7,BreakoutStrategy
2019-02-26,601799.SSE,买入,61.78499999999999,600,9.64,37071.0,BreakoutStrategy
2019-02-28,601375.SSE,买入,6.089,3000,5.18,18267.0,BreakoutStrategy
2019-03-01,601375.SSE,卖出,5.899000000000001,3000,22.87,17697.0,BreakoutStrategy
2019-03-01,603517.SSE,买入,42.29,300,5.13,12687.0,BreakoutStrategy
2019-03-04,000723.SZSE,买入,39.475032000000006,300,5.12,11842.51,BreakoutStrategy
2019-03-08,603517.SSE,买入,44.32,300,5.13,13296.0,BreakoutStrategy
2019-03-11,600021.SSE,卖出,16.457279999999997,8200,170.04,134949.7,BreakoutStrategy
2019-03-11,603517.SSE,卖出,43.39999999999999,600,32.81,26040.0,BreakoutStrategy
2019-03-11,601108.SSE,买入,14.290000000000001,600,5.09,8574.0,BreakoutStrategy
2019-03-13,000400.SZSE,买入,95.86985280000002,300,7.48,28760.96,BreakoutStrategy
2019-03-15,000400.SZSE,卖出,86.7317152,300,32.78,26019.51,BreakoutStrategy
2019-03-15,000831.SZSE,买入,60.098732000000005,300,5.18,18029.62,BreakoutStrategy
2019-03-19,601108.SSE,卖出,12.92,600,12.83,7752.0,BreakoutStrategy
2019-03-19,000831.SZSE,买入,63.25001000000004,300,5.19,18975.0,BreakoutStrategy
2019-03-19,601155.SSE,买入,58.8,500,7.64,29400.0,BreakoutStrategy
2019-03-27,000831.SZSE,卖出,59.09101800000003,600,44.67,35454.61,BreakoutStrategy
2019-03-27,601155.SSE,卖出,55.425999999999995,500,34.92,27713.0,BreakoutStrategy
2019-03-27,603156.SSE,买入,80.30999999999999,300,6.26,24093.0,BreakoutStrategy
2019-03-28,603156.SSE,买入,83.39,400,8.67,33356.0,BreakoutStrategy
2019-03-29,600352.SSE,买入,259.14119999999997,100,6.74,25914.12,BreakoutStrategy
2019-04-01,000723.SZSE,卖出,71.43772,1300,117.01,92869.04,BreakoutStrategy
2019-04-01,002791.SZSE,买入,22.49,1200,7.02,26988.0,BreakoutStrategy
2019-04-02,002791.SZSE,买入,23.555,1600,9.8,37688.0,BreakoutStrategy
2019-04-09,603156.SSE,买入,86.82,400,9.03,34728.0,BreakoutStrategy
2019-04-12,600352.SSE,卖出,334.9788,100,42.21,33497.88,BreakoutStrategy
2019-04-12,600376.SSE,买入,77.55052000000002,300,6.05,23265.16,BreakoutStrategy
2019-04-23,600376.SSE,卖出,70.59476,300,26.68,21178.43,BreakoutStrategy
2019-04-23,600498.SSE,买入,104.8004000000001,200,5.45,20960.08,BreakoutStrategy
2019-04-24,002791.SZSE,买入,25.025000000000002,1400,9.11,35035.0,BreakoutStrategy
2019-04-25,002791.SZSE,买入,26.750000000000004,1200,8.35,32100.0,BreakoutStrategy
2019-04-26,600498.SSE,卖出,97.02520000000004,200,24.6,19405.04,BreakoutStrategy
2019-04-29,002791.SZSE,卖出,24.75,5400,168.4,133650.0,BreakoutStrategy
2019-04-29,600763.SSE,买入,175.16199999999995,100,5.18,17516.2,BreakoutStrategy
2019-04-30,600332.SSE,买入,60.88870000000001,500,7.92,30444.35,BreakoutStrategy
2019-04-30,600763.SSE,买入,187.59399999999997,100,5.19,18759.4,BreakoutStrategy
2019-05-06,603156.SSE,卖出,71.18999999999998,1100,98.67,78309.0,BreakoutStrategy
2019-05-08,600642.SSE,买入,45.40201999999999,1200,14.17,54482.42,BreakoutStrategy
2019-05-08,600763.SSE,买入,188.31399999999996,200,9.79,37662.8,BreakoutStrategy
2019-05-10,600332.SSE,卖出,57.462700000000005,500,36.2,28731.35,BreakoutStrategy
2019-05-13,000733.SZSE,买入,39.00603000000002,500,5.2,19503.02,BreakoutStrategy
2019-05-15,600642.SSE,卖出,44.580119999999994,1200,67.41,53496.14,BreakoutStrategy
2019-05-16,002410.SZSE,买入,336.0905405997374,100,8.74,33609.05,BreakoutStrategy
2019-05-28,000733.SZSE,买入,40.51976,500,5.27,20259.88,BreakoutStrategy
2019-06-10,000733.SZSE,卖出,35.690005,1000,44.97,35690.0,BreakoutStrategy
2019-06-11,000883.SZSE,买入,21.439120222840007,2200,12.26,47166.06,BreakoutStrategy
2019-06-12,000883.SZSE,买入,21.82148990284001,2200,12.48,48007.28,BreakoutStrategy
2019-06-12,002410.SZSE,买入,348.5846711733373,100,9.06,34858.47,BreakoutStrategy
2019-06-12,600763.SSE,买入,199.66599999999997,200,10.38,39933.2,BreakoutStrategy
2019-06-13,000883.SZSE,买入,21.991431982840005,1500,8.58,32987.15,BreakoutStrategy
2019-06-14,000883.SZSE,买入,22.416287182840005,1500,8.74,33624.43,BreakoutStrategy
2019-06-17,000883.SZSE,卖出,21.886460942840003,7400,204.07,161959.81,BreakoutStrategy
2019-06-18,000629.SZSE,买入,15.523199999999996,1900,7.67,29494.08,BreakoutStrategy
2019-06-19,000629.SZSE,卖出,15.152199999999999,1900,36.27,28789.18,BreakoutStrategy
2019-06-19,000826.SZSE,买入,89.59649034000005,200,5.18,17919.3,BreakoutStrategy
2019-06-20,000826.SZSE,买入,93.15918948000008,200,5.19,18631.84,BreakoutStrategy
2019-06-21,000826.SZSE,买入,103.3905306,200,5.38,20678.11,BreakoutStrategy
2019-06-27,000826.SZSE,卖出,102.73107178000004,600,77.66,61638.64,BreakoutStrategy
2019-06-27,002568.SZSE,买入,73.47,100,5.07,7347.0,BreakoutStrategy
2019-06-28,002410.SZSE,买入,370.6981766133373,100,9.64,37069.82,BreakoutStrategy
2019-06-28,002568.SZSE,买入,75.27000000000001,200,5.15,15054.0,BreakoutStrategy
2019-07-02,002568.SZSE,买入,77.91000000000001,200,5.16,15582.0,BreakoutStrategy
2019-07-08,000046.SZSE,买入,30.78659970580409,1300,10.41,40022.58,BreakoutStrategy
2019-07-12,600297.SSE,买入,2.0744376753599996,12400,6.69,25723.03,BreakoutStrategy
2019-07-16,002568.SZSE,卖出,74.61,500,47.0,37305.0,BreakoutStrategy
2019-07-16,603885.SSE,买入,39.880399999999995,100,5.04,3988.04,BreakoutStrategy
2019-07-17,600763.SSE,卖出,202.454,600,153.06,121472.4,BreakoutStrategy
2019-07-17,601163.SSE,买入,13.67,900,5.12,12303.0,BreakoutStrategy
2019-07-18,000413.SZSE,买入,1.7702000000000002,53700,24.72,95059.74,BreakoutStrategy
2019-07-18,002410.SZSE,买入,385.1825226765373,100,10.01,38518.25,BreakoutStrategy
2019-07-18,601163.SSE,买入,13.770000000000001,2600,9.31,35802.0,BreakoutStrategy
2019-07-19,601799.SSE,卖出,82.635,1300,135.36,107425.5,BreakoutStrategy
2019-07-19,601989.SSE,买入,0.49796900000000005,22200,5.11,11054.91,BreakoutStrategy
2019-07-22,002120.SZSE,买入,155.34465735539598,100,5.16,15534.47,BreakoutStrategy
2019-07-29,600837.SSE,买入,43.850155840000006,500,5.7,21925.08,BreakoutStrategy
2019-07-31,603885.SSE,卖出,38.572399999999995,100,8.9,3857.24,BreakoutStrategy
2019-08-01,300601.SZSE,买入,95.80201945,100,5.1,9580.2,BreakoutStrategy
2019-08-02,601163.SSE,卖出,13.29,3500,58.61,46515.0,BreakoutStrategy
2019-08-05,002129.SZSE,买入,47.50999999999999,300,5.14,14253.0,BreakoutStrategy
2019-08-06,002120.SZSE,卖出,149.85755204339,100,20.14,14985.76,BreakoutStrategy
2019-08-06,600498.SSE,买入,92.04280000000003,100,5.09,9204.28,BreakoutStrategy
2019-08-07,300601.SZSE,卖出,93.98507105,100,14.49,9398.51,BreakoutStrategy
2019-08-07,002129.SZSE,买入,48.252500000000005,300,5.14,14475.75,BreakoutStrategy
2019-08-07,600498.SSE,买入,95.80200000000005,200,5.19,19160.4,BreakoutStrategy
2019-08-07,603882.SSE,买入,46.190999999999995,200,5.09,9238.2,BreakoutStrategy
2019-08-08,002129.SZSE,卖出,45.34500000000001,600,34.28,27207.0,BreakoutStrategy
2019-08-08,002299.SZSE,买入,62.26,100,5.06,6226.0,BreakoutStrategy
2019-08-09,002299.SZSE,买入,64.14000000000001,200,5.13,12828.0,BreakoutStrategy
2019-08-12,600498.SSE,卖出,93.0588,300,35.18,27917.64,BreakoutStrategy
2019-08-12,600666.SSE,买入,26.01694727385601,200,5.05,5203.39,BreakoutStrategy
2019-08-13,002299.SZSE,卖出,61.08,300,23.51,18324.0,BreakoutStrategy
2019-08-13,600004.SSE,买入,36.49197,400,5.15,14596.79,BreakoutStrategy
2019-08-13,600666.SSE,买入,28.333721235072005,200,5.06,5666.74,BreakoutStrategy
2019-08-13,603882.SSE,买入,48.590999999999994,200,5.1,9718.2,BreakoutStrategy
2019-08-14,600004.SSE,买入,37.958645000000004,400,5.15,15183.46,BreakoutStrategy
2019-08-14,600666.SSE,买入,29.696529447552013,200,5.06,5939.31,BreakoutStrategy
2019-08-15,600666.SSE,买入,28.878844520064007,200,5.06,5775.77,BreakoutStrategy
2019-08-16,600004.SSE,卖出,36.040595,800,36.33,28832.48,BreakoutStrategy
2019-08-19,002399.SZSE,买入,80.58600000000001,100,5.08,8058.6,BreakoutStrategy
2019-08-20,600666.SSE,卖出,26.4057897376,800,26.62,21124.63,BreakoutStrategy
2019-08-20,600863.SSE,买入,87.97398590500002,100,5.09,8797.4,BreakoutStrategy
2019-08-21,603882.SSE,买入,52.650999999999996,100,5.05,5265.1,BreakoutStrategy
2019-08-28,002399.SZSE,买入,80.97000000000001,100,5.08,8097.0,BreakoutStrategy
2019-08-29,002399.SZSE,卖出,77.174,200,20.59,15434.8,BreakoutStrategy
2019-08-29,002414.SZSE,买入,61.22,100,5.06,6122.0,BreakoutStrategy
2019-09-02,002414.SZSE,买入,62.510000000000005,200,5.13,12502.0,BreakoutStrategy
2019-09-03,002414.SZSE,买入,65.12000000000003,100,5.07,6512.0,BreakoutStrategy
2019-09-06,002414.SZSE,买入,68.78000000000003,100,5.07,6878.0,BreakoutStrategy
2019-09-20,603882.SSE,买入,57.770999999999994,100,5.06,5777.1,BreakoutStrategy
2019-09-25,600863.SSE,买入,89.65567955500003,100,5.09,8965.57,BreakoutStrategy
2019-09-27,002410.SZSE,卖出,407.2760281165374,400,205.27,162910.41,BreakoutStrategy
2019-09-27,002414.SZSE,卖出,67.02000000000002,500,42.22,33510.0,BreakoutStrategy
2019-09-27,601155.SSE,买入,39.37799999999999,200,5.08,7875.6,BreakoutStrategy
2019-09-30,600863.SSE,卖出,85.071082505,200,22.18,17014.22,BreakoutStrategy
2019-09-30,002756.SZSE,买入,34.032000000000004,1100,9.73,37435.2,BreakoutStrategy
2019-10-08,002756.SZSE,卖出,32.752,1100,45.39,36027.2,BreakoutStrategy
2019-10-08,002152.SZSE,买入,136.7933152,100,5.14,13679.33,BreakoutStrategy
2019-10-08,300595.SZSE,买入,291.3336000000001,100,7.57,29133.36,BreakoutStrategy
2019-10-08,601155.SSE,买入,40.46999999999999,1000,10.52,40470.0,BreakoutStrategy
2019-10-09,002152.SZSE,买入,147.54907839999996,100,5.15,14754.91,BreakoutStrategy
2019-10-10,002152.SZSE,卖出,139.32073279999997,200,35.11,27864.15,BreakoutStrategy
2019-10-10,002607.SZSE,买入,129.07184,100,5.13,12907.18,BreakoutStrategy
2019-10-11,300595.SZSE,买入,306.61344,100,7.97,30661.34,BreakoutStrategy
2019-10-15,002607.SZSE,买入,137.02971200000002,100,5.14,13702.97,BreakoutStrategy
2019-10-15,601155.SSE,买入,41.62699999999999,800,8.66,33301.6,BreakoutStrategy
2019-10-17,601155.SSE,买入,43.187,700,7.86,30230.9,BreakoutStrategy
2019-10-22,300595.SZSE,卖出,292.71328000000005,200,73.76,58542.66,BreakoutStrategy
2019-10-23,002607.SZSE,买入,142.79734400000004,100,5.14,14279.73,BreakoutStrategy
2019-10-23,600060.SSE,买入,82.85241999999998,200,5.17,16570.48,BreakoutStrategy
2019-10-24,603882.SSE,卖出,53.041,600,40.1,31824.6,BreakoutStrategy
2019-10-25,002299.SZSE,买入,62.199999999999996,300,5.19,18660.0,BreakoutStrategy
2019-10-28,002299.SZSE,买入,61.48,200,5.12,12296.0,BreakoutStrategy
2019-10-30,002299.SZSE,买入,64.36000000000001,200,5.13,12872.0,BreakoutStrategy
2019-10-31,600060.SSE,卖出,78.90121999999997,200,20.94,15780.24,BreakoutStrategy
2019-11-01,002607.SZSE,买入,151.631312,100,5.15,15163.13,BreakoutStrategy
2019-11-01,600208.SSE,买入,28.816617600000015,400,5.12,11526.65,BreakoutStrategy
2019-11-04,002299.SZSE,卖出,57.68,700,50.87,40376.0,BreakoutStrategy
2019-11-04,002791.SZSE,买入,45.47,100,5.05,4547.0,BreakoutStrategy
2019-11-04,600208.SSE,买入,30.337257600000015,300,5.09,9101.18,BreakoutStrategy
2019-11-05,002791.SZSE,买入,46.714999999999996,100,5.05,4671.5,BreakoutStrategy
2019-11-05,600208.SSE,买入,31.73624640000002,300,5.1,9520.87,BreakoutStrategy
2019-11-07,002791.SZSE,买入,45.785000000000004,100,5.05,4578.5,BreakoutStrategy
2019-11-11,600208.SSE,卖出,28.85744320000001,1000,36.36,28857.44,BreakoutStrategy
2019-11-11,603156.SSE,买入,66.02159999999999,100,5.07,6602.16,BreakoutStrategy
2019-11-12,603156.SSE,卖出,62.82639999999999,100,11.35,6282.64,BreakoutStrategy
2019-11-13,000553.SZSE,买入,49.19410960000003,300,5.15,14758.23,BreakoutStrategy
2019-11-18,002791.SZSE,卖出,43.20000000000001,300,18.09,12960.0,BreakoutStrategy
2019-11-18,300558.SZSE,买入,71.55000000000001,100,5.07,7155.0,BreakoutStrategy
2019-11-20,300558.SZSE,买入,74.76000000000002,100,5.07,7476.0,BreakoutStrategy
2019-11-22,601155.SSE,卖出,44.883,2700,152.69,121184.1,BreakoutStrategy
2019-11-22,603659.SSE,买入,69.24300000000001,100,5.07,6924.3,BreakoutStrategy
2019-11-25,002607.SZSE,卖出,140.80612800000003,400,70.97,56322.45,BreakoutStrategy
2019-11-25,300558.SZSE,卖出,67.82000000000001,200,18.7,13564.0,BreakoutStrategy
2019-11-25,600583.SSE,买入,128.56809216,200,6.69,25713.62,BreakoutStrategy
2019-11-25,601808.SSE,买入,18.888000000000005,1300,6.38,24554.4,BreakoutStrategy
2019-11-25,603659.SSE,买入,70.74300000000001,200,5.14,14148.6,BreakoutStrategy
2019-11-26,000553.SZSE,买入,50.08480720000002,800,10.42,40067.85,BreakoutStrategy
2019-11-27,601808.SSE,买入,19.168000000000003,1300,6.48,24918.4,BreakoutStrategy
2019-11-28,600583.SSE,买入,134.507712,200,6.99,26901.54,BreakoutStrategy
2019-11-28,603659.SSE,买入,70.64300000000001,200,5.14,14128.6,BreakoutStrategy
2019-12-04,600583.SSE,买入,136.374449664,100,5.14,13637.44,BreakoutStrategy
2019-12-05,000553.SZSE,卖出,48.23392880000003,1100,66.85,53057.32,BreakoutStrategy
2019-12-05,002064.SZSE,买入,66.02000000000002,200,5.13,13204.0,BreakoutStrategy
2019-12-09,002064.SZSE,买入,67.26800000000001,300,5.25,20180.4,BreakoutStrategy
2019-12-16,601808.SSE,买入,19.708000000000006,1200,6.15,23649.6,BreakoutStrategy
2019-12-16,603659.SSE,买入,77.183,100,5.08,7718.3,BreakoutStrategy
2019-12-17,601808.SSE,买入,20.108000000000004,1200,6.27,24129.6,BreakoutStrategy
2019-12-20,600583.SSE,卖出,128.54809216,500,80.99,64274.05,BreakoutStrategy
2019-12-20,600633.SSE,买入,79.51560000000002,100,5.08,7951.56,BreakoutStrategy
2019-12-24,002064.SZSE,卖出,64.336,500,40.53,32168.0,BreakoutStrategy
2019-12-24,600633.SSE,卖出,74.66440000000001,100,12.54,7466.44,BreakoutStrategy
2019-12-24,002601.SZSE,买入,124.504709,100,5.12,12450.47,BreakoutStrategy
2019-12-24,600666.SSE,买入,26.016947273856005,500,5.13,13008.47,BreakoutStrategy
2019-12-25,600666.SSE,买入,27.24347466508801,600,5.16,16346.08,BreakoutStrategy
2019-12-27,600666.SSE,卖出,25.72438563136,1100,35.65,28296.82,BreakoutStrategy
2019-12-27,002601.SZSE,买入,127.02470900000003,100,5.13,12702.47,BreakoutStrategy
2019-12-27,601108.SSE,买入,11.559999999999999,1100,5.13,12716.0,BreakoutStrategy
2019-12-31,002601.SZSE,买入,131.85470899999999,100,5.13,13185.47,BreakoutStrategy
2020-01-03,002601.SZSE,买入,135.914709,100,5.14,13591.47,BreakoutStrategy
2020-01-13,601808.SSE,卖出,20.488,5000,129.07,102440.0,BreakoutStrategy
2020-01-13,601828.SSE,买入,12.290000000000001,1100,5.14,13519.0,BreakoutStrategy
2020-01-20,603659.SSE,卖出,82.623,600,62.46,49573.8,BreakoutStrategy
2020-01-20,601828.SSE,买入,12.459999999999999,2800,9.07,34888.0,BreakoutStrategy
2020-01-20,603833.SSE,买入,123.04,200,6.4,24608.0,BreakoutStrategy
2020-01-21,601828.SSE,买入,12.92,3100,10.41,40052.0,BreakoutStrategy
2020-01-21,603833.SSE,买入,125.99000000000001,200,6.55,25198.0,BreakoutStrategy
2020-01-23,601828.SSE,卖出,12.55,7000,110.69,87850.0,BreakoutStrategy
2020-01-23,603833.SSE,卖出,119.47999999999999,400,60.22,47792.0,BreakoutStrategy
2020-01-23,603185.SSE,买入,45.809999999999995,100,5.05,4581.0,BreakoutStrategy
2020-01-23,603899.SSE,买入,105.47,100,5.11,10547.0,BreakoutStrategy
2020-02-04,002601.SZSE,卖出,125.04470900000001,400,63.02,50017.88,BreakoutStrategy
2020-02-04,603185.SSE,卖出,37.24999999999999,100,8.76,3725.0,BreakoutStrategy
2020-02-04,603899.SSE,卖出,91.85,100,14.28,9185.0,BreakoutStrategy
2020-02-04,002603.SZSE,买入,48.339976600000014,500,6.28,24169.99,BreakoutStrategy
2020-02-04,601718.SSE,买入,4.498000000000001,7300,8.54,32835.4,BreakoutStrategy
2020-02-05,002603.SZSE,卖出,48.00797660000002,500,30.25,24003.99,BreakoutStrategy
2020-02-05,002414.SZSE,买入,107.69000000000003,100,5.11,10769.0,BreakoutStrategy
2020-02-05,002424.SZSE,买入,105.66199999999999,200,5.49,21132.4,BreakoutStrategy
2020-02-05,300676.SZSE,买入,87.61,200,5.18,17522.0,BreakoutStrategy
2020-02-05,601718.SSE,买入,4.538000000000001,6900,8.14,31312.2,BreakoutStrategy
2020-02-06,002424.SZSE,买入,106.81400000000002,200,5.55,21362.8,BreakoutStrategy
2020-02-06,601718.SSE,买入,4.748000000000001,5500,6.79,26114.0,BreakoutStrategy
2020-02-07,601718.SSE,买入,4.908000000000001,4500,5.74,22086.0,BreakoutStrategy
2020-02-11,002414.SZSE,卖出,117.24000000000001,100,16.84,11724.0,BreakoutStrategy
2020-02-11,002424.SZSE,卖出,99.01799999999999,400,49.91,39607.2,BreakoutStrategy
2020-02-11,300676.SZSE,卖出,81.53999999999999,200,21.47,16308.0,BreakoutStrategy
2020-02-11,601718.SSE,卖出,4.528000000000002,24200,138.07,109577.6,BreakoutStrategy
2020-02-11,002459.SZSE,买入,22.094,300,5.07,6628.2,BreakoutStrategy
2020-02-11,002925.SZSE,买入,62.47,100,5.06,6247.0,BreakoutStrategy
2020-02-11,300763.SZSE,买入,58.32,100,5.06,5832.0,BreakoutStrategy
2020-02-11,601933.SSE,买入,81.13004,100,5.08,8113.0,BreakoutStrategy
2020-02-13,300763.SZSE,买入,64.01,300,5.19,19203.0,BreakoutStrategy
2020-02-14,002459.SZSE,买入,22.718,700,5.16,15902.6,BreakoutStrategy
2020-02-17,002459.SZSE,买入,25.890000000000004,600,5.16,15534.0,BreakoutStrategy
2020-02-20,002925.SZSE,买入,67.81,200,5.14,13562.0,BreakoutStrategy
2020-02-21,002925.SZSE,买入,69.81,200,5.14,13962.0,BreakoutStrategy
2020-02-25,601933.SSE,卖出,73.75003999999998,100,12.45,7375.0,BreakoutStrategy
2020-02-25,603185.SSE,买入,60.99999999999999,100,5.06,6100.0,BreakoutStrategy
2020-02-26,002459.SZSE,卖出,22.269000000000002,1600,44.89,35630.4,BreakoutStrategy
2020-02-26,002463.SZSE,买入,75.911184,200,5.15,15182.24,BreakoutStrategy
2020-02-28,002463.SZSE,卖出,65.44023999999999,200,18.22,13088.05,BreakoutStrategy
2020-02-28,300763.SZSE,卖出,68.99,400,34.77,27596.0,BreakoutStrategy
2020-02-28,002791.SZSE,买入,84.71000000000002,100,5.08,8471.0,BreakoutStrategy
2020-02-28,600585.SSE,买入,182.25999999999996,100,5.18,18226.0,BreakoutStrategy
2020-03-03,002791.SZSE,卖出,85.38000000000001,100,13.62,8538.0,BreakoutStrategy
2020-03-03,600039.SSE,买入,29.83536,1100,8.53,32818.9,BreakoutStrategy
2020-03-03,600585.SSE,买入,205.95999999999995,100,5.35,20596.0,BreakoutStrategy
2020-03-04,600039.SSE,买入,29.282400000000003,900,6.85,26354.16,BreakoutStrategy
2020-03-04,603185.SSE,买入,69.89,200,5.14,13978.0,BreakoutStrategy
2020-03-06,002925.SZSE,买入,74.51,100,5.07,7451.0,BreakoutStrategy
2020-03-10,600039.SSE,卖出,27.60351999999999,2000,69.56,55207.04,BreakoutStrategy
2020-03-10,600585.SSE,卖出,186.64999999999998,200,47.04,37330.0,BreakoutStrategy
2020-03-10,600252.SSE,买入,141.22363776,100,5.14,14122.36,BreakoutStrategy
2020-03-11,002925.SZSE,卖出,67.69,600,51.17,40614.0,BreakoutStrategy
2020-03-11,603185.SSE,卖出,65.58599999999998,300,24.87,19675.8,BreakoutStrategy
2020-03-11,002945.SZSE,买入,16.739000000000004,900,5.15,15065.1,BreakoutStrategy
2020-03-11,600688.SSE,买入,14.922499999999998,1500,5.82,22383.75,BreakoutStrategy
2020-03-12,000917.SZSE,买入,56.78502072320001,300,5.17,17035.51,BreakoutStrategy
2020-03-13,600252.SSE,卖出,125.70527488000002,100,17.7,12570.53,BreakoutStrategy
2020-03-13,600688.SSE,卖出,12.854999999999997,1500,24.48,19282.5,BreakoutStrategy
2020-03-13,002945.SZSE,买入,16.039,1000,5.16,16039.0,BreakoutStrategy
2020-03-13,601872.SSE,买入,7.873799999999998,2100,5.17,16534.98,BreakoutStrategy
2020-03-16,000738.SZSE,买入,32.482256313899995,400,5.13,12992.9,BreakoutStrategy
2020-03-16,002945.SZSE,买入,17.349,900,5.16,15614.1,BreakoutStrategy
2020-03-18,000917.SZSE,卖出,55.05747717120001,300,21.68,16517.24,BreakoutStrategy
2020-03-18,002945.SZSE,卖出,16.109,2800,56.83,45105.2,BreakoutStrategy
2020-03-19,002603.SZSE,买入,48.26197660000001,400,5.19,19304.79,BreakoutStrategy
2020-03-19,601179.SSE,买入,5.756999999999998,3000,5.17,17271.0,BreakoutStrategy
2020-03-23,601872.SSE,卖出,7.0508,2100,19.95,14806.68,BreakoutStrategy
2020-03-24,601179.SSE,卖出,5.416999999999999,3000,21.41,16251.0,BreakoutStrategy
2020-03-24,002426.SZSE,买入,13.984999999999996,1200,5.17,16782.0,BreakoutStrategy
2020-03-24,002603.SZSE,买入,50.705976600000014,400,5.27,20282.39,BreakoutStrategy
2020-03-25,000738.SZSE,卖出,27.213453033399997,400,15.99,10885.38,BreakoutStrategy
2020-03-25,002603.SZSE,买入,52.23997660000001,300,5.16,15671.99,BreakoutStrategy
2020-03-25,300442.SZSE,买入,19.104000000000003,1100,5.46,21014.4,BreakoutStrategy
2020-03-26,002426.SZSE,卖出,12.614999999999997,1200,20.29,15138.0,BreakoutStrategy
2020-03-26,002603.SZSE,买入,58.73997660000001,300,5.18,17621.99,BreakoutStrategy
2020-03-26,002773.SZSE,买入,74.82900000000001,200,5.15,14965.8,BreakoutStrategy
2020-03-26,600655.SSE,买入,193.54869890613438,100,5.19,19354.87,BreakoutStrategy
2020-03-27,002773.SZSE,买入,78.41700000000002,100,5.08,7841.7,BreakoutStrategy
2020-03-31,300442.SZSE,卖出,17.174,1100,24.08,18891.4,BreakoutStrategy
2020-03-31,600600.SSE,买入,60.906119999999994,200,5.12,12181.22,BreakoutStrategy
2020-04-03,002603.SZSE,卖出,54.71597660000002,1400,96.52,76602.37,BreakoutStrategy
2020-04-03,300529.SZSE,买入,100.6,100,5.1,10060.0,BreakoutStrategy
2020-04-08,300529.SZSE,买入,104.11,100,5.1,10411.0,BreakoutStrategy
2020-04-10,002773.SZSE,买入,83.27250000000002,200,5.17,16654.5,BreakoutStrategy
2020-04-10,300529.SZSE,买入,109.16000000000001,100,5.11,10916.0,BreakoutStrategy
2020-04-14,300529.SZSE,买入,114.45,100,5.11,11445.0,BreakoutStrategy
2020-04-14,600600.SSE,买入,62.969370000000005,300,5.19,18890.81,BreakoutStrategy
2020-04-23,002773.SZSE,卖出,78.4555,500,49.43,39227.75,BreakoutStrategy
2020-04-23,002791.SZSE,买入,98.06,100,5.1,9806.0,BreakoutStrategy
2020-04-28,600600.SSE,买入,65.00903999999998,400,6.76,26003.62,BreakoutStrategy
2020-04-29,600655.SSE,卖出,186.17506681054053,100,23.8,18617.51,BreakoutStrategy
2020-04-29,002791.SZSE,买入,99.40999999999998,100,5.1,9941.0,BreakoutStrategy
2020-04-29,601058.SSE,买入,19.975999999999996,1000,5.2,19976.0,BreakoutStrategy
2020-04-30,600600.SSE,买入,68.62857,300,5.35,20588.57,BreakoutStrategy
2020-04-30,601058.SSE,买入,20.9,1000,5.43,20900.0,BreakoutStrategy
2020-05-06,601058.SSE,买入,20.988,800,5.17,16790.4,BreakoutStrategy
2020-05-15,601058.SSE,卖出,19.559999999999995,2800,69.01,54768.0,BreakoutStrategy
2020-05-15,603156.SSE,买入,63.552,100,5.06,6355.2,BreakoutStrategy
2020-05-25,002791.SZSE,买入,114.11,100,5.11,11411.0,BreakoutStrategy
2020-05-26,603156.SSE,卖出,61.278,100,11.19,6127.8,BreakoutStrategy
2020-05-27,000800.SZSE,买入,29.56916940000001,500,5.15,14784.58,BreakoutStrategy
2020-05-27,002791.SZSE,买入,119.27,100,5.12,11927.0,BreakoutStrategy
2020-05-29,000800.SZSE,卖出,27.4916594,500,18.88,13745.83,BreakoutStrategy
2020-05-29,002756.SZSE,买入,37.2648,200,5.07,7452.96,BreakoutStrategy
2020-06-15,002756.SZSE,卖出,34.5088,200,11.97,6901.76,BreakoutStrategy
2020-06-15,601865.SSE,买入,15.692,500,5.08,7846.0,BreakoutStrategy
2020-06-29,601865.SSE,买入,17.572000000000006,400,5.07,7028.8,BreakoutStrategy
2020-06-30,601865.SSE,买入,18.462000000000007,400,5.07,7384.8,BreakoutStrategy
2020-07-01,601865.SSE,卖出,19.162000000000003,1300,31.39,24910.6,BreakoutStrategy
2020-07-01,603858.SSE,买入,53.92369999999999,100,5.05,5392.37,BreakoutStrategy
2020-07-03,002791.SZSE,卖出,123.16499999999999,400,62.08,49266.0,BreakoutStrategy
2020-07-03,002797.SZSE,买入,12.377999999999998,1000,5.12,12378.0,BreakoutStrategy
2020-07-10,603858.SSE,买入,55.2081,300,5.17,16562.43,BreakoutStrategy
2020-07-14,603858.SSE,买入,58.82469999999999,200,5.12,11764.94,BreakoutStrategy
2020-07-15,603858.SSE,买入,60.092199999999984,200,5.12,12018.44,BreakoutStrategy
2020-07-16,002797.SZSE,卖出,16.981999999999996,1000,22.15,16982.0,BreakoutStrategy
2020-07-16,600685.SSE,买入,54.250506,100,5.05,5425.05,BreakoutStrategy
2020-07-17,603858.SSE,卖出,55.8641,800,56.31,44691.28,BreakoutStrategy
2020-07-17,600685.SSE,买入,57.007676000000004,100,5.06,5700.77,BreakoutStrategy
2020-07-20,000046.SZSE,买入,34.38606903297208,1600,14.3,55017.71,BreakoutStrategy
2020-07-20,002831.SZSE,买入,74.43793964,100,5.07,7443.79,BreakoutStrategy
2020-07-27,300529.SZSE,卖出,133.045,400,67.05,53218.0,BreakoutStrategy
2020-07-27,601633.SSE,买入,45.85999999999999,100,5.05,4586.0,BreakoutStrategy
2020-07-28,601633.SSE,买入,49.72999999999999,200,5.1,9946.0,BreakoutStrategy
2020-07-30,601633.SSE,卖出,46.97999999999999,300,19.23,14094.0,BreakoutStrategy
2020-07-30,002831.SZSE,买入,76.65255856000002,100,5.08,7665.26,BreakoutStrategy
2020-07-31,000408.SZSE,买入,57.51216503460002,100,5.06,5751.22,BreakoutStrategy
2020-08-03,600685.SSE,卖出,64.74737600000002,200,18.08,12949.48,BreakoutStrategy
2020-08-03,002831.SZSE,买入,80.75289260000001,100,5.08,8075.29,BreakoutStrategy
2020-08-03,600873.SSE,买入,44.74568985599999,200,5.09,8949.14,BreakoutStrategy
2020-08-10,600600.SSE,卖出,99.79312000000002,1200,150.89,119751.74,BreakoutStrategy
2020-08-10,000408.SZSE,买入,60.48875047500001,100,5.06,6048.88,BreakoutStrategy
2020-08-10,600989.SSE,买入,12.29,800,5.1,9832.0,BreakoutStrategy
2020-08-11,000408.SZSE,买入,61.74204960780003,300,5.19,18522.61,BreakoutStrategy
2020-08-11,600989.SSE,买入,12.989999999999998,1700,5.74,22083.0,BreakoutStrategy
2020-08-12,002831.SZSE,卖出,69.68172492,300,26.34,20904.52,BreakoutStrategy
2020-08-12,300027.SZSE,买入,88.58589257599999,100,5.09,8858.59,BreakoutStrategy
2020-08-13,300027.SZSE,买入,93.19197103999998,100,5.09,9319.2,BreakoutStrategy
2020-08-14,300027.SZSE,买入,96.358649984,100,5.1,9635.86,BreakoutStrategy
2020-08-18,600989.SSE,买入,14.18,1300,5.18,18434.0,BreakoutStrategy
2020-08-21,000408.SZSE,卖出,57.335502643000005,500,36.12,28667.75,BreakoutStrategy
2020-08-21,000539.SZSE,买入,61.95945222768001,400,6.44,24783.78,BreakoutStrategy
2020-08-24,300027.SZSE,买入,104.851107152,100,5.1,10485.11,BreakoutStrategy
2020-08-26,000539.SZSE,卖出,60.88004998768,400,30.68,24352.02,BreakoutStrategy
2020-08-26,002027.SZSE,买入,98.92945200000001,100,5.1,9892.95,BreakoutStrategy
2020-08-27,600873.SSE,卖出,44.0284212736,200,13.89,8805.68,BreakoutStrategy
2020-08-27,603882.SSE,买入,105.26700000000001,100,5.11,10526.7,BreakoutStrategy
2020-08-31,603882.SSE,买入,108.88700000000001,100,5.11,10888.7,BreakoutStrategy
2020-09-02,300027.SZSE,卖出,89.141652384,400,44.93,35656.66,BreakoutStrategy
2020-09-02,300296.SZSE,买入,135.74999999999997,100,5.14,13575.0,BreakoutStrategy
2020-09-02,603882.SSE,买入,111.727,100,5.11,11172.7,BreakoutStrategy
2020-09-03,300296.SZSE,买入,153.21000000000004,100,5.15,15321.0,BreakoutStrategy
2020-09-04,600989.SSE,卖出,12.7,3800,60.81,48260.0,BreakoutStrategy
2020-09-04,601021.SSE,买入,95.48411999999999,200,5.19,19096.82,BreakoutStrategy
2020-09-04,603882.SSE,买入,109.71700000000001,100,5.11,10971.7,BreakoutStrategy
2020-09-07,601021.SSE,买入,98.14412,200,5.2,19628.82,BreakoutStrategy
2020-09-08,603882.SSE,卖出,105.697,400,53.27,42278.8,BreakoutStrategy
2020-09-09,000625.SZSE,买入,87.50430088319999,200,5.18,17500.86,BreakoutStrategy
2020-09-10,002027.SZSE,卖出,90.064252,100,14.1,9006.43,BreakoutStrategy
2020-09-10,002195.SZSE,买入,92.89621625000002,300,7.25,27868.86,BreakoutStrategy
2020-09-11,002195.SZSE,卖出,87.83410124999999,300,33.2,26350.23,BreakoutStrategy
2020-09-11,300296.SZSE,卖出,148.32999999999998,200,37.38,29666.0,BreakoutStrategy
2020-09-11,000625.SZSE,买入,93.8846021952,200,5.19,18776.92,BreakoutStrategy
2020-09-14,600376.SSE,买入,63.19228000000002,400,6.57,25276.91,BreakoutStrategy
2020-09-16,600376.SSE,卖出,60.617000000000026,400,30.55,24246.8,BreakoutStrategy
2020-09-16,600208.SSE,买入,25.227907200000008,900,5.9,22705.12,BreakoutStrategy
2020-09-16,601021.SSE,买入,100.16412000000001,200,5.21,20032.82,BreakoutStrategy
2020-09-16,601111.SSE,买入,8.928070000000002,2900,6.73,25891.4,BreakoutStrategy
2020-09-17,000625.SZSE,买入,96.2987702592,100,5.1,9629.88,BreakoutStrategy
2020-09-17,601111.SSE,买入,9.048070000000003,2400,5.65,21715.37,BreakoutStrategy
2020-09-18,000625.SZSE,买入,100.32238369920002,100,5.1,10032.24,BreakoutStrategy
2020-09-23,601111.SSE,卖出,8.598070000000002,5300,57.42,45569.77,BreakoutStrategy
2020-09-23,601155.SSE,买入,54.796,100,5.05,5479.6,BreakoutStrategy
2020-09-24,601021.SSE,卖出,94.58411999999998,600,71.51,56750.47,BreakoutStrategy
2020-09-25,600208.SSE,卖出,23.869744000000004,900,27.07,21482.77,BreakoutStrategy
2020-09-25,300442.SZSE,买入,29.671000000000006,500,5.15,14835.5,BreakoutStrategy
2020-09-28,601155.SSE,卖出,51.5,100,10.2,5150.0,BreakoutStrategy
2020-09-29,002459.SZSE,买入,44.376,200,5.09,8875.2,BreakoutStrategy
2020-09-29,601231.SSE,买入,53.133,300,5.16,15939.9,BreakoutStrategy
2020-09-30,000625.SZSE,卖出,91.79531528320001,600,69.4,55077.19,BreakoutStrategy
2020-09-30,002459.SZSE,买入,45.766999999999996,200,5.09,9153.4,BreakoutStrategy
2020-09-30,601058.SSE,买入,21.603999999999996,1000,5.62,21604.0,BreakoutStrategy
2020-10-12,002459.SZSE,买入,52.41,200,5.1,10482.0,BreakoutStrategy
2020-10-12,601231.SSE,买入,56.593,400,5.89,22637.2,BreakoutStrategy
2020-10-13,002459.SZSE,买入,52.41,200,5.1,10482.0,BreakoutStrategy
2020-10-13,601058.SSE,买入,21.955999999999996,1100,6.28,24151.6,BreakoutStrategy
2020-10-14,601058.SSE,买入,22.395999999999994,1000,5.82,22396.0,BreakoutStrategy
2020-10-15,601231.SSE,卖出,52.59300000000001,700,46.39,36815.1,BreakoutStrategy
2020-10-15,601058.SSE,买入,24.023999999999997,900,5.62,21621.6,BreakoutStrategy
2020-10-15,601611.SSE,买入,8.282,1300,5.11,10766.6,BreakoutStrategy
2020-10-20,002459.SZSE,卖出,47.697,800,48.08,38157.6,BreakoutStrategy
2020-10-20,600019.SSE,买入,12.091550400000001,1100,5.13,13300.71,BreakoutStrategy
2020-10-21,600019.SSE,卖出,11.9007504,1100,18.22,13090.83,BreakoutStrategy
2020-10-21,600104.SSE,买入,182.88183259225445,100,5.18,18288.18,BreakoutStrategy
2020-10-22,300442.SZSE,卖出,27.711000000000002,500,18.99,13855.5,BreakoutStrategy
2020-10-22,600104.SSE,买入,184.70800552498397,100,5.18,18470.8,BreakoutStrategy
2020-10-22,601238.SSE,买入,18.533999999999995,700,5.13,12973.8,BreakoutStrategy
2020-10-26,601238.SSE,买入,19.205999999999996,600,5.12,11523.6,BreakoutStrategy
2020-10-29,601611.SSE,卖出,7.532000000000001,1300,14.89,9791.6,BreakoutStrategy
2020-10-29,601899.SSE,买入,11.979999999999995,900,5.11,10782.0,BreakoutStrategy
2020-10-30,600104.SSE,买入,193.55353066789303,100,5.19,19355.35,BreakoutStrategy
2020-10-30,601238.SSE,买入,20.689999999999994,500,5.1,10345.0,BreakoutStrategy
2020-11-02,601238.SSE,买入,21.711999999999993,300,5.07,6513.6,BreakoutStrategy
2020-11-04,601899.SSE,买入,13.029999999999996,400,5.05,5212.0,BreakoutStrategy
2020-11-09,601899.SSE,买入,13.584999999999997,400,5.05,5434.0,BreakoutStrategy
2020-11-10,601899.SSE,买入,13.179999999999998,400,5.05,5272.0,BreakoutStrategy
2020-11-12,601899.SSE,卖出,12.739999999999995,2100,33.71,26754.0,BreakoutStrategy
2020-11-18,600004.SSE,买入,31.582922500000002,100,5.03,3158.29,BreakoutStrategy
2020-11-19,600004.SSE,买入,31.807237500000006,100,5.03,3180.72,BreakoutStrategy
2020-11-24,600004.SSE,卖出,30.8037025,200,11.22,6160.74,BreakoutStrategy
2020-11-24,600010.SSE,买入,9.647111999999996,500,5.05,4823.56,BreakoutStrategy
2020-11-25,600010.SSE,买入,9.906951999999995,600,5.06,5944.17,BreakoutStrategy
2020-11-27,600104.SSE,卖出,211.50992047444998,300,79.95,63452.98,BreakoutStrategy
2020-11-27,600578.SSE,买入,16.06528,200,5.03,3213.06,BreakoutStrategy
2020-11-30,601058.SSE,卖出,27.91999999999999,4000,140.72,111680.0,BreakoutStrategy
2020-11-30,600837.SSE,买入,49.04702752000001,500,6.38,24523.51,BreakoutStrategy
2020-11-30,601077.SSE,买入,4.880000000000001,3400,5.17,16592.0,BreakoutStrategy
2020-12-02,601077.SSE,买入,5.01,6700,8.73,33567.0,BreakoutStrategy
2020-12-04,600010.SSE,卖出,9.497191999999997,1100,15.55,10446.91,BreakoutStrategy
2020-12-04,601238.SSE,卖出,21.08999999999999,2100,55.8,44289.0,BreakoutStrategy
2020-12-04,600637.SSE,买入,50.13975323766003,400,5.21,20055.9,BreakoutStrategy
2020-12-04,601375.SSE,买入,5.939,3900,6.02,23162.1,BreakoutStrategy
2020-12-07,600578.SSE,卖出,15.82016,200,8.2,3164.03,BreakoutStrategy
2020-12-07,600871.SSE,买入,5.391000000000002,2900,5.16,15633.9,BreakoutStrategy
2020-12-08,601077.SSE,卖出,4.86,10100,61.85,49086.0,BreakoutStrategy
2020-12-08,601727.SSE,买入,6.12789,3800,6.05,23285.98,BreakoutStrategy
2020-12-09,600637.SSE,卖出,48.47815395262002,400,24.59,19391.26,BreakoutStrategy
2020-12-09,601727.SSE,买入,6.36789,5200,8.61,33113.03,BreakoutStrategy
2020-12-09,688005.SSE,买入,38.1,400,5.15,15240.0,BreakoutStrategy
2020-12-10,601375.SSE,卖出,5.619,3900,27.61,21914.1,BreakoutStrategy
2020-12-10,603799.SSE,买入,104.01679999999999,100,5.1,10401.68,BreakoutStrategy
2020-12-11,601727.SSE,买入,6.40789,5400,9.0,34602.61,BreakoutStrategy
2020-12-11,688005.SSE,买入,38.800000000000004,300,5.12,11640.0,BreakoutStrategy
2020-12-14,688005.SSE,买入,41.089999999999996,200,5.08,8218.0,BreakoutStrategy
2020-12-15,601727.SSE,卖出,6.13789,14400,111.37,88385.62,BreakoutStrategy
2020-12-15,603893.SSE,买入,85.36,100,5.09,8536.0,BreakoutStrategy
2020-12-16,600871.SSE,卖出,5.078500000000002,2900,19.87,14727.65,BreakoutStrategy
2020-12-16,603893.SSE,卖出,79.28999999999999,100,13.01,7929.0,BreakoutStrategy
2020-12-16,601615.SSE,买入,18.646,900,5.17,16781.4,BreakoutStrategy
2020-12-16,603799.SSE,买入,107.948,100,5.11,10794.8,BreakoutStrategy
2020-12-16,603899.SSE,买入,172.57,100,5.17,17257.0,BreakoutStrategy
2020-12-18,603799.SSE,买入,112.86199999999998,100,5.11,11286.2,BreakoutStrategy
2020-12-21,603799.SSE,买入,120.14199999999998,100,5.12,12014.2,BreakoutStrategy
2020-12-22,601615.SSE,买入,18.896,700,5.13,13227.2,BreakoutStrategy
2020-12-22,603899.SSE,买入,174.83,100,5.17,17483.0,BreakoutStrategy
2020-12-24,601615.SSE,买入,19.626,500,5.1,9813.0,BreakoutStrategy
2020-12-25,601615.SSE,买入,20.156,500,5.1,10078.0,BreakoutStrategy
2020-12-30,688005.SSE,卖出,49.13000000000001,900,55.71,44217.0,BreakoutStrategy
2020-12-31,000725.SZSE,买入,28.134855999999996,400,5.11,11253.94,BreakoutStrategy
2021-01-04,603899.SSE,买入,179.81,100,5.18,17981.0,BreakoutStrategy
2021-01-05,603899.SSE,买入,185.41000000000003,100,5.19,18541.0,BreakoutStrategy
2021-01-06,000725.SZSE,买入,29.239047999999997,200,5.06,5847.81,BreakoutStrategy
2021-01-11,601615.SSE,卖出,18.775999999999996,2600,61.51,48817.6,BreakoutStrategy
2021-01-11,000725.SZSE,买入,31.079367999999995,200,5.06,6215.87,BreakoutStrategy
2021-01-11,601727.SSE,买入,6.447889999999999,1100,5.07,7092.68,BreakoutStrategy
2021-01-12,601727.SSE,卖出,6.0978900000000005,1100,11.77,6707.68,BreakoutStrategy
2021-01-12,601919.SSE,买入,16.450000000000003,400,5.07,6580.0,BreakoutStrategy
2021-01-13,603799.SSE,卖出,167.26,400,84.3,66904.0,BreakoutStrategy
2021-01-13,000725.SZSE,买入,32.919687999999994,300,5.1,9875.91,BreakoutStrategy
2021-01-14,000100.SZSE,买入,25.560000000000002,700,5.18,17892.0,BreakoutStrategy
2021-01-14,601919.SSE,买入,17.63,700,5.12,12341.0,BreakoutStrategy
2021-01-18,601919.SSE,卖出,15.23,1100,21.92,16753.0,BreakoutStrategy
2021-01-18,601998.SSE,买入,7.873599999999999,2700,5.53,21258.72,BreakoutStrategy
2021-01-19,000100.SZSE,买入,26.610000000000003,400,5.11,10644.0,BreakoutStrategy
2021-01-20,000100.SZSE,卖出,24.039999999999996,1100,33.32,26444.0,BreakoutStrategy
2021-01-20,000656.SZSE,买入,47.9792,200,5.1,9595.84,BreakoutStrategy
2021-01-25,601998.SSE,卖出,7.781599999999998,2700,26.47,21010.32,BreakoutStrategy
2021-01-25,603260.SSE,买入,67.869,100,5.07,6786.9,BreakoutStrategy
2021-01-26,000656.SZSE,卖出,45.37200000000001,200,14.17,9074.4,BreakoutStrategy
2021-01-26,000999.SZSE,买入,51.37782000000001,400,5.34,20551.13,BreakoutStrategy
2021-01-29,000725.SZSE,卖出,30.32324,1100,42.03,33355.56,BreakoutStrategy
2021-01-29,000999.SZSE,卖出,48.97492000000002,400,24.79,19589.97,BreakoutStrategy
2021-01-29,600900.SSE,买入,40.091105121000005,500,5.21,20045.55,BreakoutStrategy
2021-01-29,601127.SSE,买入,20.369999999999997,400,5.08,8148.0,BreakoutStrategy
2021-02-02,601127.SSE,卖出,16.919999999999995,400,11.84,6768.0,BreakoutStrategy
2021-02-03,603899.SSE,卖出,185.39000000000001,400,93.44,74156.0,BreakoutStrategy
2021-02-03,000009.SZSE,买入,78.4400857193084,200,5.16,15688.02,BreakoutStrategy
2021-02-03,688005.SSE,买入,75.40000000000002,100,5.08,7540.0,BreakoutStrategy
2021-02-05,603260.SSE,买入,76.56299999999999,200,5.15,15312.6,BreakoutStrategy
2021-02-08,000009.SZSE,买入,79.4008988575115,200,5.16,15880.18,BreakoutStrategy
2021-02-10,600900.SSE,卖出,39.273898621,500,24.83,19636.95,BreakoutStrategy
2021-02-10,601021.SSE,买入,130.66411999999997,100,5.13,13066.41,BreakoutStrategy
2021-02-19,688005.SSE,卖出,64.22,100,11.49,6422.0,BreakoutStrategy
2021-02-19,000009.SZSE,买入,82.6676635274021,200,5.17,16533.53,BreakoutStrategy
2021-02-22,000009.SZSE,买入,92.37187622325337,200,5.18,18474.38,BreakoutStrategy
2021-02-22,000060.SZSE,买入,259.4730967167999,100,6.75,25947.31,BreakoutStrategy
2021-03-01,603260.SSE,卖出,68.77299999999998,300,26.0,20631.9,BreakoutStrategy
2021-03-02,601021.SSE,卖出,124.44412,100,17.57,12444.41,BreakoutStrategy
2021-03-02,002310.SZSE,买入,204.39921602473004,100,5.31,20439.92,BreakoutStrategy
2021-03-02,601231.SSE,买入,43.473000000000006,300,5.13,13041.9,BreakoutStrategy
2021-03-03,000009.SZSE,卖出,93.50485198909708,800,94.25,74803.88,BreakoutStrategy
2021-03-03,000060.SZSE,卖出,240.08498635520007,100,30.25,24008.5,BreakoutStrategy
2021-03-03,000400.SZSE,买入,115.42566336000003,100,5.12,11542.57,BreakoutStrategy
2021-03-03,002773.SZSE,买入,85.82700000000001,100,5.09,8582.7,BreakoutStrategy
2021-03-04,000400.SZSE,买入,117.50133696000003,200,6.11,23500.27,BreakoutStrategy
2021-03-09,002773.SZSE,卖出,75.9205,100,12.67,7592.05,BreakoutStrategy
2021-03-09,003816.SZSE,买入,2.926,11600,8.82,33941.6,BreakoutStrategy
2021-03-10,000400.SZSE,卖出,109.40103616,300,41.35,32820.31,BreakoutStrategy
2021-03-10,002310.SZSE,卖出,196.30235772473003,100,24.83,19630.24,BreakoutStrategy
2021-03-10,000778.SZSE,买入,63.064684928000005,400,6.56,25225.87,BreakoutStrategy
2021-03-10,601018.SSE,买入,5.099999999999999,4800,6.36,24480.0,BreakoutStrategy
2021-03-11,601018.SSE,卖出,4.869999999999999,4800,29.45,23376.0,BreakoutStrategy
2021-03-11,601231.SSE,卖出,39.473000000000006,300,16.96,11841.9,BreakoutStrategy
2021-03-12,000778.SZSE,卖出,61.83167069700002,400,31.16,24732.67,BreakoutStrategy
2021-03-12,000027.SZSE,买入,123.91495417407006,100,5.12,12391.5,BreakoutStrategy
2021-03-12,000402.SZSE,买入,230.6498251776,100,6.0,23064.98,BreakoutStrategy
2021-03-12,000825.SZSE,买入,36.35776125999999,500,5.18,18178.88,BreakoutStrategy
2021-03-15,000402.SZSE,买入,237.38158060799995,100,6.17,23738.16,BreakoutStrategy
2021-03-15,003816.SZSE,买入,3.026,12400,9.76,37522.4,BreakoutStrategy
2021-03-19,000825.SZSE,买入,37.21378006,200,5.07,7442.76,BreakoutStrategy
2021-03-22,000402.SZSE,卖出,236.20093312,200,59.52,47240.19,BreakoutStrategy
2021-03-22,000539.SZSE,买入,61.959452227679996,200,5.12,12391.89,BreakoutStrategy
2021-03-22,000825.SZSE,买入,39.47611545999999,200,5.08,7895.22,BreakoutStrategy
2021-03-23,000539.SZSE,买入,63.72512262768001,300,5.19,19117.54,BreakoutStrategy
2021-03-23,003816.SZSE,买入,3.0759999999999996,10300,8.24,31682.8,BreakoutStrategy
2021-03-25,000825.SZSE,卖出,34.19771425999999,900,38.78,30777.94,BreakoutStrategy
2021-03-25,002174.SZSE,买入,40.60492599999999,100,5.04,4060.49,BreakoutStrategy
2021-03-26,000539.SZSE,卖出,61.85116870768001,500,38.97,30925.58,BreakoutStrategy
2021-03-26,003816.SZSE,卖出,2.866,34300,123.86,98303.8,BreakoutStrategy
2021-03-26,000883.SZSE,买入,25.85761430284001,300,5.08,7757.28,BreakoutStrategy
2021-03-26,600398.SSE,买入,74.47215701920004,200,5.15,14894.43,BreakoutStrategy
2021-03-29,000883.SZSE,买入,25.475244622840002,700,5.18,17832.67,BreakoutStrategy
2021-03-29,600398.SSE,买入,72.63343587000003,400,7.55,29053.37,BreakoutStrategy
2021-03-30,000883.SZSE,买入,26.19749846284001,600,5.16,15718.5,BreakoutStrategy
2021-03-31,600398.SSE,卖出,69.00671361580001,600,52.17,41404.03,BreakoutStrategy
2021-04-01,600578.SSE,买入,19.60288,1200,6.12,23523.46,BreakoutStrategy
2021-04-02,000027.SZSE,卖出,146.71796818263405,100,19.82,14671.8,BreakoutStrategy
2021-04-02,002174.SZSE,卖出,36.894926000000005,100,8.73,3689.49,BreakoutStrategy
2021-04-02,600578.SSE,卖出,18.875359999999993,1200,28.54,22650.43,BreakoutStrategy
2021-04-02,300442.SZSE,买入,59.041000000000004,300,5.18,17712.3,BreakoutStrategy
2021-04-06,300442.SZSE,卖出,58.761,300,22.8,17628.3,BreakoutStrategy
2021-04-06,000408.SZSE,买入,73.10007299880002,200,5.15,14620.01,BreakoutStrategy
2021-04-06,300529.SZSE,买入,161.56499999999997,100,5.16,16156.5,BreakoutStrategy
2021-04-07,000883.SZSE,卖出,28.81160070284,1600,58.08,46098.56,BreakoutStrategy
2021-04-07,000408.SZSE,买入,77.87827594260001,200,5.16,15575.66,BreakoutStrategy
2021-04-07,002920.SZSE,买入,93.91000000000001,200,5.19,18782.0,BreakoutStrategy
2021-04-08,002920.SZSE,卖出,88.6,200,22.9,17720.0,BreakoutStrategy
2021-04-08,000408.SZSE,买入,79.83655583760002,300,6.23,23950.97,BreakoutStrategy
2021-04-08,300133.SZSE,买入,165.86655999999996,200,8.63,33173.31,BreakoutStrategy
2021-04-09,300529.SZSE,买入,167.77799999999996,100,5.17,16777.8,BreakoutStrategy
2021-04-13,300133.SZSE,买入,168.06975999999995,100,5.17,16806.98,BreakoutStrategy
2021-04-13,601127.SSE,买入,28.369999999999997,200,5.06,5674.0,BreakoutStrategy
2021-04-14,300133.SZSE,买入,169.04896,100,5.17,16904.9,BreakoutStrategy
2021-04-14,601127.SSE,买入,30.53,200,5.06,6106.0,BreakoutStrategy
2021-04-21,601127.SSE,买入,36.669999999999995,100,5.04,3667.0,BreakoutStrategy
2021-04-22,300133.SZSE,卖出,167.56016,400,84.45,67024.06,BreakoutStrategy
2021-04-22,600648.SSE,买入,51.629737600000006,200,5.1,10325.95,BreakoutStrategy
2021-04-23,601127.SSE,卖出,35.36,500,22.86,17680.0,BreakoutStrategy
2021-04-23,300529.SZSE,买入,175.91,100,5.18,17591.0,BreakoutStrategy
2021-04-23,603260.SSE,买入,72.461,200,5.14,14492.2,BreakoutStrategy
2021-04-26,603260.SSE,买入,76.619,200,5.15,15323.8,BreakoutStrategy
2021-04-27,600648.SSE,卖出,50.502660200000015,200,15.2,10100.53,BreakoutStrategy
2021-04-27,601127.SSE,买入,43.669999999999995,100,5.04,4367.0,BreakoutStrategy
2021-04-28,300529.SZSE,买入,180.39399999999998,100,5.18,18039.4,BreakoutStrategy
2021-04-28,603260.SSE,买入,80.95899999999999,100,5.08,8095.9,BreakoutStrategy
2021-04-29,601127.SSE,买入,47.169999999999995,100,5.05,4717.0,BreakoutStrategy
2021-05-06,603260.SSE,买入,85.55099999999999,100,5.09,8555.1,BreakoutStrategy
2021-05-14,601127.SSE,卖出,60.65,200,17.25,12130.0,BreakoutStrategy
2021-05-17,000166.SZSE,买入,6.883,1900,5.13,13077.7,BreakoutStrategy
2021-05-18,000166.SZSE,卖出,6.7955000000000005,1900,18.04,12911.45,BreakoutStrategy
2021-05-18,000301.SZSE,买入,32.434000000000005,200,5.06,6486.8,BreakoutStrategy
2021-06-01,300529.SZSE,卖出,169.90499999999997,400,85.63,67962.0,BreakoutStrategy
2021-06-01,302132.SZSE,买入,83.27234611749999,100,5.08,8327.23,BreakoutStrategy
2021-06-04,000408.SZSE,卖出,135.58836724720004,700,119.59,94911.86,BreakoutStrategy
2021-06-04,000555.SZSE,买入,46.96455999999999,400,5.19,18785.82,BreakoutStrategy
2021-06-07,302132.SZSE,买入,87.83762761749999,300,6.85,26351.29,BreakoutStrategy
2021-06-08,302132.SZSE,买入,88.23689011750002,300,6.88,26471.07,BreakoutStrategy
2021-06-11,000555.SZSE,买入,49.49016000000001,500,6.43,24745.08,BreakoutStrategy
2021-06-16,000555.SZSE,卖出,46.45172612,900,52.68,41806.55,BreakoutStrategy
2021-06-16,000988.SZSE,买入,224.96873600000004,100,5.85,22496.87,BreakoutStrategy
2021-06-17,000301.SZSE,卖出,28.861000000000008,200,10.83,5772.2,BreakoutStrategy
2021-06-17,600339.SSE,买入,13.3050928,2000,6.92,26610.19,BreakoutStrategy
2021-06-18,000988.SZSE,卖出,222.96532600000003,100,28.09,22296.53,BreakoutStrategy
2021-06-18,002129.SZSE,买入,129.47375,100,5.13,12947.38,BreakoutStrategy
2021-06-21,600339.SSE,卖出,13.104912800000001,2000,33.02,26209.83,BreakoutStrategy
2021-06-21,600372.SSE,买入,48.17168000000001,500,6.26,24085.84,BreakoutStrategy
2021-06-22,002129.SZSE,买入,137.39375000000007,100,5.14,13739.38,BreakoutStrategy
2021-06-22,600372.SSE,买入,50.44616000000001,600,7.87,30267.7,BreakoutStrategy
2021-06-23,302132.SZSE,买入,90.00505261750001,200,5.18,18001.01,BreakoutStrategy
2021-06-25,603260.SSE,卖出,85.97899999999998,600,65.0,51587.4,BreakoutStrategy
2021-06-28,002129.SZSE,买入,150.51125000000005,100,5.15,15051.13,BreakoutStrategy
2021-06-29,600372.SSE,卖出,47.421600000000005,1100,65.73,52163.76,BreakoutStrategy
2021-06-29,600498.SSE,买入,64.81080000000001,300,5.19,19443.24,BreakoutStrategy
2021-07-01,000301.SZSE,买入,37.72100000000001,300,5.11,11316.3,BreakoutStrategy
2021-07-01,002129.SZSE,买入,160.2050000000001,100,5.16,16020.5,BreakoutStrategy
2021-07-02,600498.SSE,卖出,62.067599999999985,300,23.81,18620.28,BreakoutStrategy
2021-07-02,601009.SSE,买入,53.300590325,300,5.16,15990.18,BreakoutStrategy
2021-07-05,000301.SZSE,卖出,33.58700000000001,300,15.18,10076.1,BreakoutStrategy
2021-07-05,000657.SZSE,买入,50.4006248685034,200,5.1,10080.12,BreakoutStrategy
2021-07-07,000657.SZSE,买入,54.33808700941569,100,5.05,5433.81,BreakoutStrategy
2021-07-08,000657.SZSE,买入,56.7926088634909,100,5.06,5679.26,BreakoutStrategy
2021-07-13,601009.SSE,卖出,49.431290325,300,19.98,14829.39,BreakoutStrategy
2021-07-13,601360.SSE,买入,26.683660000000007,500,5.13,13341.83,BreakoutStrategy
2021-07-20,601360.SSE,卖出,25.223660000000006,500,17.74,12611.83,BreakoutStrategy
2021-07-20,000657.SZSE,买入,58.786907869926985,100,5.06,5878.69,BreakoutStrategy
2021-07-20,601898.SSE,买入,9.675559999999999,1600,5.15,15480.9,BreakoutStrategy
2021-07-27,601898.SSE,卖出,9.23556,1600,19.92,14776.9,BreakoutStrategy
2021-07-27,688008.SSE,买入,67.92,100,5.07,6792.0,BreakoutStrategy
2021-07-29,000657.SZSE,卖出,68.07363656662879,500,42.89,34036.82,BreakoutStrategy
2021-07-29,002129.SZSE,卖出,193.55625000000006,400,97.55,77422.5,BreakoutStrategy
2021-07-29,302132.SZSE,卖出,88.04577761750001,900,99.84,79241.2,BreakoutStrategy
2021-07-29,600487.SSE,买入,123.09357500000003,100,5.12,12309.36,BreakoutStrategy
2021-07-29,601658.SSE,买入,5.358700000000001,3800,5.29,20363.06,BreakoutStrategy
2021-07-30,600487.SSE,买入,121.99737500000005,300,9.52,36599.21,BreakoutStrategy
2021-07-30,600837.SSE,买入,53.68709152000002,1200,16.75,64424.51,BreakoutStrategy
2021-08-02,601658.SSE,卖出,5.1187000000000005,3800,24.65,19451.06,BreakoutStrategy
2021-08-02,601669.SSE,买入,5.903200000000001,3500,5.37,20661.2,BreakoutStrategy
2021-08-03,600487.SSE,买入,129.305375,200,6.72,25861.08,BreakoutStrategy
2021-08-04,688008.SSE,卖出,62.61,100,11.32,6261.0,BreakoutStrategy
2021-08-04,601669.SSE,买入,6.5932,2700,5.18,17801.64,BreakoutStrategy
2021-08-05,000800.SZSE,买入,32.6191254,600,5.2,19571.48,BreakoutStrategy
2021-08-10,000800.SZSE,卖出,31.897151400000006,600,24.33,19138.29,BreakoutStrategy
2021-08-10,600958.SSE,买入,14.75,500,5.07,7375.0,BreakoutStrategy
2021-08-11,600958.SSE,买入,15.46,600,5.09,9276.0,BreakoutStrategy
2021-08-18,600487.SSE,卖出,119.14552500000002,600,90.07,71487.32,BreakoutStrategy
2021-08-18,600875.SSE,买入,41.10689999999999,300,5.12,12332.07,BreakoutStrategy
2021-08-19,600875.SSE,买入,45.678899999999985,500,5.94,22839.45,BreakoutStrategy
2021-08-19,601669.SSE,买入,7.013200000000001,2500,5.18,17533.0,BreakoutStrategy
2021-08-20,600958.SSE,买入,17.59,600,5.11,10554.0,BreakoutStrategy
2021-08-23,600875.SSE,买入,47.71089999999999,300,5.14,14313.27,BreakoutStrategy
2021-08-30,600875.SSE,卖出,43.5253,1100,60.33,47877.83,BreakoutStrategy
2021-08-30,601006.SSE,买入,11.890000000000004,1600,5.19,19024.0,BreakoutStrategy
2021-09-01,600958.SSE,卖出,16.199999999999996,1700,34.7,27540.0,BreakoutStrategy
2021-09-01,601006.SSE,买入,11.940000000000005,2400,7.45,28656.0,BreakoutStrategy
2021-09-01,601088.SSE,买入,33.74,700,6.14,23618.0,BreakoutStrategy
2021-09-02,601006.SSE,买入,12.060000000000004,2400,7.53,28944.0,BreakoutStrategy
2021-09-07,601006.SSE,买入,12.100000000000003,2400,7.55,29040.0,BreakoutStrategy
2021-09-07,601088.SSE,买入,34.589999999999996,500,5.17,17295.0,BreakoutStrategy
2021-09-08,600871.SSE,买入,5.886000000000001,700,5.04,4120.2,BreakoutStrategy
2021-09-08,601088.SSE,买入,34.62,300,5.1,10386.0,BreakoutStrategy
2021-09-09,601088.SSE,买入,35.589999999999996,300,5.11,10677.0,BreakoutStrategy
2021-09-10,600871.SSE,买入,6.651000000000002,100,5.01,665.1,BreakoutStrategy
2021-09-14,600871.SSE,卖出,6.271000000000002,800,10.07,5016.8,BreakoutStrategy
2021-09-15,601857.SSE,买入,8.6332,100,5.01,863.32,BreakoutStrategy
2021-09-16,601857.SSE,买入,9.1632,100,5.01,916.32,BreakoutStrategy
2021-09-17,601669.SSE,卖出,8.883199999999999,8700,97.38,77283.84,BreakoutStrategy
2021-09-22,002085.SZSE,买入,44.231507296000004,300,5.13,13269.45,BreakoutStrategy
2021-09-23,601857.SSE,买入,9.293598999999999,1200,5.11,11152.32,BreakoutStrategy
2021-09-29,601857.SSE,买入,9.433599,1000,5.09,9433.6,BreakoutStrategy
2021-09-30,002085.SZSE,卖出,42.41102729599999,300,17.85,12723.31,BreakoutStrategy
2021-09-30,002299.SZSE,买入,52.49999999999999,100,5.05,5250.0,BreakoutStrategy
2021-10-08,601857.SSE,卖出,9.483599,2400,28.68,22760.64,BreakoutStrategy
2021-10-11,000999.SZSE,买入,57.157619999999994,200,5.11,11431.52,BreakoutStrategy
2021-10-12,002299.SZSE,买入,54.519999999999996,100,5.05,5452.0,BreakoutStrategy
2021-10-14,000999.SZSE,卖出,55.12652000000001,200,16.14,11025.3,BreakoutStrategy
2021-10-14,600566.SSE,买入,41.25780000000002,200,5.08,8251.56,BreakoutStrategy
2021-10-21,600566.SSE,卖出,39.23710000000002,200,12.93,7847.42,BreakoutStrategy
2021-10-22,002468.SZSE,买入,20.243536,400,5.08,8097.41,BreakoutStrategy
2021-10-28,002468.SZSE,卖出,18.440239999999992,400,12.45,7376.1,BreakoutStrategy
2021-10-28,002831.SZSE,买入,73.12232444,100,5.07,7312.23,BreakoutStrategy
2021-10-29,601088.SSE,卖出,33.53,1800,76.05,60354.0,BreakoutStrategy
2021-10-29,002831.SZSE,买入,75.35887028,100,5.08,7535.89,BreakoutStrategy
2021-10-29,601615.SSE,买入,31.25174,100,5.03,3125.17,BreakoutStrategy
2021-11-03,601006.SSE,卖出,12.090000000000005,8800,134.05,106392.0,BreakoutStrategy
2021-11-03,002831.SZSE,买入,77.902393,100,5.08,7790.24,BreakoutStrategy
2021-11-03,601615.SSE,买入,32.27174,300,5.1,9681.52,BreakoutStrategy
2021-11-03,601966.SSE,买入,42.157999999999994,200,5.08,8431.6,BreakoutStrategy
2021-11-04,601966.SSE,买入,44.937999999999995,300,5.13,13481.4,BreakoutStrategy
2021-11-05,002299.SZSE,买入,56.58,400,5.88,22632.0,BreakoutStrategy
2021-11-10,002831.SZSE,买入,79.67847352000001,200,5.16,15935.69,BreakoutStrategy
2021-11-16,601615.SSE,卖出,30.921739999999996,400,17.49,12368.7,BreakoutStrategy
2021-11-16,601689.SSE,买入,84.7894,100,5.08,8478.94,BreakoutStrategy
2021-11-19,002831.SZSE,卖出,70.88770552,500,44.66,35443.85,BreakoutStrategy
2021-11-19,601966.SSE,卖出,39.467999999999996,500,24.93,19734.0,BreakoutStrategy
2021-11-19,600682.SSE,买入,150.78585063000006,100,5.15,15078.59,BreakoutStrategy
2021-11-19,688187.SSE,买入,72.31,100,5.07,7231.0,BreakoutStrategy
2021-11-22,600682.SSE,买入,156.11612415000005,100,5.16,15611.61,BreakoutStrategy
2021-11-23,600682.SSE,买入,166.77667119000006,100,5.17,16677.67,BreakoutStrategy
2021-11-23,601689.SSE,买入,88.58840000000001,100,5.09,8858.84,BreakoutStrategy
2021-11-23,688187.SSE,买入,87.86000000000001,100,5.09,8786.0,BreakoutStrategy
2021-11-24,002299.SZSE,卖出,53.1,600,40.14,31860.0,BreakoutStrategy
2021-11-24,002426.SZSE,买入,15.434999999999995,1100,5.17,16978.5,BreakoutStrategy
2021-11-29,002426.SZSE,卖出,14.364999999999993,1100,20.96,15801.5,BreakoutStrategy
2021-11-29,300085.SZSE,买入,148.71800000000005,100,5.15,14871.8,BreakoutStrategy
2021-11-30,601689.SSE,买入,98.30340000000001,100,5.1,9830.34,BreakoutStrategy
2021-12-02,600682.SSE,卖出,152.2195615900001,300,57.54,45665.87,BreakoutStrategy
2021-12-02,600718.SSE,买入,174.41694057930764,100,5.17,17441.69,BreakoutStrategy
2021-12-06,601689.SSE,卖出,85.85689999999998,300,32.45,25757.07,BreakoutStrategy
2021-12-06,601800.SSE,买入,9.734559999999998,3300,8.35,32124.05,BreakoutStrategy
2021-12-07,688187.SSE,卖出,78.68,200,20.89,15736.0,BreakoutStrategy
2021-12-08,000539.SZSE,买入,71.75892294768002,400,7.46,28703.57,BreakoutStrategy
2021-12-08,600718.SSE,买入,184.1631151574477,100,5.18,18416.31,BreakoutStrategy
2021-12-08,601800.SSE,买入,9.954559999999999,4000,10.35,39818.24,BreakoutStrategy
2021-12-15,000539.SZSE,买入,72.73004166768003,200,5.15,14546.01,BreakoutStrategy
2021-12-20,601800.SSE,买入,10.054559999999999,2200,5.75,22120.03,BreakoutStrategy
2021-12-21,601800.SSE,买入,10.384559999999999,2100,5.67,21807.58,BreakoutStrategy
2021-12-27,300085.SZSE,卖出,151.71400000000006,100,20.32,15171.4,BreakoutStrategy
2021-12-27,000539.SZSE,买入,78.29190342767998,100,5.08,7829.19,BreakoutStrategy
2021-12-27,600332.SSE,买入,47.539,100,5.05,4753.9,BreakoutStrategy
2021-12-28,000539.SZSE,买入,80.05757382767999,100,5.08,8005.76,BreakoutStrategy
2021-12-28,600332.SSE,买入,47.942,100,5.05,4794.2,BreakoutStrategy
2021-12-31,600332.SSE,卖出,46.894999999999996,200,14.47,9379.0,BreakoutStrategy
2021-12-31,600977.SSE,买入,13.978,200,5.03,2795.6,BreakoutStrategy
2022-01-07,000539.SZSE,卖出,74.12257798768,800,74.72,59298.06,BreakoutStrategy
2022-01-07,000656.SZSE,买入,35.729600000000005,100,5.04,3572.96,BreakoutStrategy
2022-01-10,000656.SZSE,买入,36.41600000000001,400,5.15,14566.4,BreakoutStrategy
2022-01-11,600977.SSE,卖出,13.598,200,7.75,2719.6,BreakoutStrategy
2022-01-11,601155.SSE,买入,52.2349987,100,5.05,5223.5,BreakoutStrategy
2022-01-21,000656.SZSE,买入,37.73600000000001,300,5.11,11320.8,BreakoutStrategy
2022-01-21,601155.SSE,买入,54.600998700000005,100,5.05,5460.1,BreakoutStrategy
2022-01-26,600718.SSE,卖出,212.12855930324974,200,53.46,42425.71,BreakoutStrategy
2022-01-27,601456.SSE,买入,15.93,500,5.08,7965.0,BreakoutStrategy
2022-02-07,000656.SZSE,卖出,33.49200000000002,800,33.76,26793.6,BreakoutStrategy
2022-02-07,600377.SSE,买入,20.0028,700,5.14,14001.96,BreakoutStrategy
2022-02-08,601456.SSE,卖出,14.41,500,12.28,7205.0,BreakoutStrategy
2022-02-08,600377.SSE,买入,20.1612,1000,5.24,20161.2,BreakoutStrategy
2022-02-08,601816.SSE,买入,5.3057,3400,5.18,18039.38,BreakoutStrategy
2022-02-09,600377.SSE,买入,20.570400000000003,900,5.19,18513.36,BreakoutStrategy
2022-02-09,601816.SSE,买入,5.395700000000001,2800,5.15,15107.96,BreakoutStrategy
2022-02-11,601816.SSE,买入,5.5257000000000005,2100,5.12,11603.97,BreakoutStrategy
2022-02-15,600377.SSE,卖出,20.180799999999998,2600,66.11,52470.08,BreakoutStrategy
2022-02-15,601816.SSE,卖出,5.3557,8300,56.01,44452.31,BreakoutStrategy
2022-02-16,601155.SSE,卖出,50.78499870000001,200,15.26,10157.0,BreakoutStrategy
2022-02-16,000793.SZSE,买入,48.15612000000001,100,5.05,4815.61,BreakoutStrategy
2022-02-17,000793.SZSE,买入,51.67132,100,5.05,5167.13,BreakoutStrategy
2022-02-17,002841.SZSE,买入,142.23159999999996,100,5.14,14223.16,BreakoutStrategy
2022-02-18,000826.SZSE,买入,36.97816458,300,5.11,11093.45,BreakoutStrategy
2022-02-21,000826.SZSE,买入,39.26194608,300,5.12,11778.58,BreakoutStrategy
2022-02-24,000793.SZSE,卖出,43.917880000000004,200,13.87,8783.58,BreakoutStrategy
2022-02-24,600026.SSE,买入,11.981300000000001,900,5.11,10783.17,BreakoutStrategy
2022-02-25,000826.SZSE,卖出,37.506272140000014,600,28.35,22503.76,BreakoutStrategy
2022-02-25,601800.SSE,卖出,11.97456,11600,175.02,138904.9,BreakoutStrategy
2022-02-25,000975.SZSE,买入,85.81624679359999,100,5.09,8581.62,BreakoutStrategy
2022-02-28,000975.SZSE,卖出,86.63441492159997,100,13.75,8663.44,BreakoutStrategy
2022-02-28,600010.SSE,买入,18.936391999999994,1900,9.35,35979.14,BreakoutStrategy
2022-02-28,600873.SSE,买入,59.3883300864,700,10.81,41571.83,BreakoutStrategy
2022-03-01,002841.SZSE,买入,142.6796,100,5.14,14267.96,BreakoutStrategy
2022-03-03,600873.SSE,买入,60.43423296,600,9.43,36260.54,BreakoutStrategy
2022-03-04,600026.SSE,买入,12.278000000000002,1200,5.15,14733.6,BreakoutStrategy
2022-03-08,002841.SZSE,卖出,133.9236,200,33.75,26784.72,BreakoutStrategy
2022-03-08,600010.SSE,卖出,17.877031999999993,1900,42.8,33966.36,BreakoutStrategy
2022-03-09,600026.SSE,卖出,11.5485,2100,30.56,24251.85,BreakoutStrategy
2022-03-09,600873.SSE,卖出,58.14811006720001,1300,95.25,75592.54,BreakoutStrategy
2022-03-09,601106.SSE,买入,3.44038,7800,6.98,26834.96,BreakoutStrategy
2022-03-09,601618.SSE,买入,4.8679999999999986,4300,5.44,20932.4,BreakoutStrategy
2022-03-10,601106.SSE,卖出,3.3103800000000003,7800,32.53,25820.96,BreakoutStrategy
2022-03-10,601618.SSE,卖出,4.757999999999999,4300,25.78,20459.4,BreakoutStrategy
2022-03-10,001289.SZSE,买入,30.69,600,5.18,18414.0,BreakoutStrategy
2022-03-11,600025.SSE,买入,6.91744,6500,11.69,44963.36,BreakoutStrategy
2022-03-11,601865.SSE,买入,51.497,400,5.36,20598.8,BreakoutStrategy
2022-03-11,601985.SSE,买入,8.793999999999999,3700,8.46,32537.8,BreakoutStrategy
2022-03-14,600025.SSE,卖出,6.70744,6500,54.93,43598.36,BreakoutStrategy
2022-03-14,600233.SSE,买入,77.92060000000001,100,5.08,7792.06,BreakoutStrategy
2022-03-16,001289.SZSE,卖出,26.66,600,21.16,15996.0,BreakoutStrategy
2022-03-16,601985.SSE,卖出,8.174,3700,38.11,30243.8,BreakoutStrategy
2022-03-17,002945.SZSE,买入,18.69000000000001,900,5.17,16821.0,BreakoutStrategy
2022-03-17,601865.SSE,买入,53.297,300,5.16,15989.1,BreakoutStrategy
2022-03-23,601865.SSE,卖出,46.287,700,40.83,32400.9,BreakoutStrategy
2022-03-24,600233.SSE,卖出,72.27739999999997,100,12.3,7227.74,BreakoutStrategy
2022-03-24,002146.SZSE,买入,57.863600000000005,600,9.03,34718.16,BreakoutStrategy
2022-03-24,600340.SSE,买入,141.56582849368,200,7.36,28313.17,BreakoutStrategy
2022-03-28,600188.SSE,买入,89.11500000000001,100,5.09,8911.5,BreakoutStrategy
2022-03-28,600340.SSE,买入,150.09901059111996,200,7.81,30019.8,BreakoutStrategy
2022-03-29,002424.SZSE,买入,89.53399999999999,100,5.09,8953.4,BreakoutStrategy
2022-03-29,600188.SSE,买入,93.05499999999999,100,5.09,9305.5,BreakoutStrategy
2022-03-29,600340.SSE,买入,154.18009768119995,100,5.15,15418.01,BreakoutStrategy
2022-03-31,600340.SSE,卖出,146.18342745968002,500,92.1,73091.71,BreakoutStrategy
2022-03-31,002146.SZSE,买入,59.444399999999995,200,5.12,11888.88,BreakoutStrategy
2022-03-31,002424.SZSE,买入,105.854,100,5.11,10585.4,BreakoutStrategy
2022-03-31,600606.SSE,买入,88.65080452741213,100,5.09,8865.08,BreakoutStrategy
2022-04-06,002424.SZSE,卖出,97.09799999999998,200,24.61,19419.6,BreakoutStrategy
2022-04-06,002146.SZSE,买入,62.6892,300,5.19,18806.76,BreakoutStrategy
2022-04-06,002558.SZSE,买入,44.5528,400,5.18,17821.12,BreakoutStrategy
2022-04-06,600606.SSE,买入,91.03758422889284,100,5.09,9103.76,BreakoutStrategy
2022-04-07,600188.SSE,卖出,87.03499999999998,200,22.58,17407.0,BreakoutStrategy
2022-04-07,002146.SZSE,买入,63.85399999999999,300,5.19,19156.2,BreakoutStrategy
2022-04-07,600208.SSE,买入,22.283948160000005,700,5.16,15598.76,BreakoutStrategy
2022-04-13,002146.SZSE,卖出,59.590799999999994,1400,105.12,83427.12,BreakoutStrategy
2022-04-13,300529.SZSE,买入,94.514,100,5.09,9451.4,BreakoutStrategy
2022-04-14,002558.SZSE,卖出,41.8004,400,21.89,16720.16,BreakoutStrategy
2022-04-14,600208.SSE,卖出,20.98661056,700,19.84,14690.63,BreakoutStrategy
2022-04-14,601696.SSE,买入,14.846,800,5.12,11876.8,BreakoutStrategy
2022-04-14,601872.SSE,买入,7.752799999999998,2300,5.18,17831.44,BreakoutStrategy
2022-04-15,300529.SZSE,卖出,88.31899999999999,100,13.92,8831.9,BreakoutStrategy
2022-04-15,600026.SSE,买入,13.181000000000001,1300,5.17,17135.3,BreakoutStrategy
2022-04-15,601872.SSE,买入,8.043199999999997,2400,5.19,19303.68,BreakoutStrategy
2022-04-19,601696.SSE,卖出,13.296,800,15.74,10636.8,BreakoutStrategy
2022-04-19,603882.SSE,买入,78.736,100,5.08,7873.6,BreakoutStrategy
2022-04-20,600606.SSE,卖出,83.85724512445074,200,21.94,16771.45,BreakoutStrategy
2022-04-20,601611.SSE,买入,9.177,2100,5.19,19271.7,BreakoutStrategy
2022-04-22,603882.SSE,卖出,71.526,100,12.22,7152.6,BreakoutStrategy
2022-04-22,600026.SSE,买入,13.5422,1200,5.16,16250.64,BreakoutStrategy
2022-04-22,688363.SSE,买入,121.79,100,5.12,12179.0,BreakoutStrategy
2022-04-25,601611.SSE,卖出,8.366999999999999,2100,22.75,17570.7,BreakoutStrategy
2022-04-25,600026.SSE,买入,13.825999999999999,1100,5.15,15208.6,BreakoutStrategy
2022-04-26,300832.SZSE,买入,74.33,100,5.07,7433.0,BreakoutStrategy
2022-04-27,600026.SSE,卖出,12.387000000000002,3600,56.19,44593.2,BreakoutStrategy
2022-04-27,601872.SSE,卖出,7.059599999999997,4700,41.81,33180.12,BreakoutStrategy
2022-04-28,300832.SZSE,买入,76.344,200,5.15,15268.8,BreakoutStrategy
2022-04-28,600027.SSE,买入,7.032500000000001,3800,6.95,26723.5,BreakoutStrategy
2022-04-28,688363.SSE,买入,129.62,100,5.13,12962.0,BreakoutStrategy
2022-05-05,300832.SZSE,买入,78.60499999999999,100,5.08,7860.5,BreakoutStrategy
2022-05-05,688363.SSE,买入,133.79,100,5.13,13379.0,BreakoutStrategy
2022-05-09,002085.SZSE,买入,34.009427296,400,5.14,13603.77,BreakoutStrategy
2022-05-10,688363.SSE,卖出,121.23,300,45.82,36369.0,BreakoutStrategy
2022-05-11,000553.SZSE,买入,52.64803696000002,200,5.11,10529.61,BreakoutStrategy
2022-05-11,002085.SZSE,买入,35.80990729599999,400,5.14,14323.96,BreakoutStrategy
2022-05-12,600027.SSE,买入,7.448500000000001,2300,5.17,17131.55,BreakoutStrategy
2022-05-16,002085.SZSE,买入,36.506867295999996,300,5.11,10952.06,BreakoutStrategy
2022-05-17,000553.SZSE,买入,59.62516816000002,100,5.06,5962.52,BreakoutStrategy
2022-05-23,002085.SZSE,买入,37.029587296,300,5.11,11108.88,BreakoutStrategy
2022-06-02,000553.SZSE,买入,61.50552976000002,100,5.06,6150.55,BreakoutStrategy
2022-06-10,000553.SZSE,买入,61.64408272000001,100,5.06,6164.41,BreakoutStrategy
2022-06-22,600027.SSE,买入,7.578500000000001,2400,5.18,18188.4,BreakoutStrategy
2022-07-05,600027.SSE,买入,7.877500000000001,2300,5.18,18118.25,BreakoutStrategy
2022-07-12,000553.SZSE,卖出,58.01180912,500,36.55,29005.9,BreakoutStrategy
2022-07-12,600023.SSE,买入,7.132500000000001,300,5.02,2139.75,BreakoutStrategy
2022-07-14,300832.SZSE,卖出,85.729,400,43.21,34291.6,BreakoutStrategy
2022-07-14,600023.SSE,买入,7.1194999999999995,1100,5.08,7831.45,BreakoutStrategy
2022-07-14,600905.SSE,买入,6.8679,1000,5.07,6867.9,BreakoutStrategy
2022-07-18,600023.SSE,卖出,6.8915,1400,14.74,9648.1,BreakoutStrategy
2022-07-18,600905.SSE,卖出,6.4779,1000,11.54,6477.9,BreakoutStrategy
2022-07-18,601877.SSE,买入,60.914000000000016,100,5.06,6091.4,BreakoutStrategy
2022-07-19,601231.SSE,买入,34.913000000000004,200,5.07,6982.6,BreakoutStrategy
2022-07-20,601231.SSE,买入,35.69300000000001,200,5.07,7138.6,BreakoutStrategy
2022-07-22,601231.SSE,买入,36.03300000000001,200,5.07,7206.6,BreakoutStrategy
2022-07-26,600027.SSE,卖出,8.195500000000001,10800,111.52,88511.4,BreakoutStrategy
2022-07-29,600666.SSE,买入,21.247118530176007,600,5.13,12748.27,BreakoutStrategy
2022-08-02,600666.SSE,卖出,20.000591138944003,600,17.12,12000.35,BreakoutStrategy
2022-08-02,601877.SSE,卖出,55.47300000000001,100,10.6,5547.3,BreakoutStrategy
2022-08-02,601058.SSE,买入,58.78400000000001,200,5.12,11756.8,BreakoutStrategy
2022-08-02,603233.SSE,买入,80.86609599999998,100,5.08,8086.61,BreakoutStrategy
2022-08-05,603233.SSE,卖出,75.81415999999999,100,12.66,7581.42,BreakoutStrategy
2022-08-05,688183.SSE,买入,13.31,1300,5.17,17303.0,BreakoutStrategy
2022-08-19,601058.SSE,卖出,56.124000000000024,200,16.34,11224.8,BreakoutStrategy
2022-08-19,688036.SSE,买入,84.07000000000001,100,5.08,8407.0,BreakoutStrategy
2022-08-22,688183.SSE,卖出,12.24,1300,21.07,15912.0,BreakoutStrategy
2022-08-23,000807.SZSE,买入,57.256747679999975,300,5.17,17177.02,BreakoutStrategy
2022-08-24,601989.SSE,买入,0.502769,70300,9.19,35344.66,BreakoutStrategy
2022-08-26,688036.SSE,卖出,76.08000000000001,100,12.68,7608.0,BreakoutStrategy
2022-08-26,000807.SZSE,买入,59.34065807999997,200,5.12,11868.13,BreakoutStrategy
2022-08-29,000553.SZSE,买入,58.62560752000001,100,5.06,5862.56,BreakoutStrategy
2022-08-30,601231.SSE,卖出,38.45300000000002,600,29.07,23071.8,BreakoutStrategy
2022-08-30,000553.SZSE,买入,59.31837232000001,100,5.06,5931.84,BreakoutStrategy
2022-08-30,601669.SSE,买入,8.982769999999999,1300,5.12,11677.6,BreakoutStrategy
2022-08-31,000807.SZSE,卖出,55.247560479999976,500,34.81,27623.78,BreakoutStrategy
2022-08-31,001965.SZSE,买入,8.905999999999999,1500,5.13,13359.0,BreakoutStrategy
2022-09-01,000553.SZSE,卖出,56.081964320000026,200,16.33,11216.39,BreakoutStrategy
2022-09-01,002085.SZSE,卖出,42.817587296,1400,75.53,59944.62,BreakoutStrategy
2022-09-01,600036.SSE,买入,144.80401587938456,100,5.14,14480.4,BreakoutStrategy
2022-09-01,600919.SSE,买入,9.9388,1700,5.17,16895.96,BreakoutStrategy
2022-09-05,600919.SSE,买入,10.120800000000001,2800,7.37,28338.24,BreakoutStrategy
2022-09-06,001965.SZSE,买入,9.085999999999997,2400,5.67,21806.4,BreakoutStrategy
2022-09-07,001965.SZSE,买入,9.165999999999997,2400,5.72,21998.4,BreakoutStrategy
2022-09-07,600919.SSE,买入,10.211800000000002,2300,6.11,23487.14,BreakoutStrategy
2022-09-08,600036.SSE,卖出,139.76134755753466,100,19.12,13976.13,BreakoutStrategy
2022-09-08,001965.SZSE,买入,9.295999999999998,1800,5.17,16732.8,BreakoutStrategy
2022-09-08,600642.SSE,买入,52.93987999999998,100,5.05,5293.99,BreakoutStrategy
2022-09-08,601669.SSE,买入,9.182769999999998,700,5.06,6427.94,BreakoutStrategy
2022-09-16,600642.SSE,卖出,51.20915999999999,100,10.17,5120.92,BreakoutStrategy
2022-09-16,601006.SSE,买入,13.180000000000005,200,5.03,2636.0,BreakoutStrategy
2022-09-19,001965.SZSE,卖出,9.025999999999998,8100,92.12,73110.6,BreakoutStrategy
2022-09-19,601006.SSE,卖出,12.970000000000006,200,7.62,2594.0,BreakoutStrategy
2022-09-19,601669.SSE,卖出,8.472770000000002,2000,22.11,16945.54,BreakoutStrategy
2022-09-20,600004.SSE,买入,29.671586150000007,700,5.4,20770.11,BreakoutStrategy
2022-09-20,600009.SSE,买入,153.51038499999996,100,5.15,15351.04,BreakoutStrategy
2022-09-22,600026.SSE,买入,28.067600000000013,200,5.06,5613.52,BreakoutStrategy
2022-09-28,600004.SSE,买入,30.931201150000007,500,5.15,15465.6,BreakoutStrategy
2022-10-10,600009.SSE,卖出,145.94876,100,19.74,14594.88,BreakoutStrategy
2022-10-11,600004.SSE,卖出,29.53080115,1200,44.65,35436.96,BreakoutStrategy
2022-10-11,001979.SZSE,买入,20.919824000000002,300,5.06,6275.95,BreakoutStrategy
2022-10-11,600566.SSE,买入,53.85869999999999,200,5.11,10771.74,BreakoutStrategy
2022-10-12,600026.SSE,卖出,25.24830000000001,200,10.1,5049.66,BreakoutStrategy
2022-10-14,600566.SSE,买入,56.57894999999999,300,5.17,16973.68,BreakoutStrategy
2022-10-17,600566.SSE,买入,60.0714,300,5.18,18021.42,BreakoutStrategy
2022-10-17,600666.SSE,买入,28.333721235072005,200,5.06,5666.74,BreakoutStrategy
2022-10-18,001979.SZSE,卖出,19.669824,300,10.96,5900.95,BreakoutStrategy
2022-10-18,600350.SSE,买入,12.125479999999998,800,5.1,9700.38,BreakoutStrategy
2022-10-18,600566.SSE,买入,60.45749999999999,200,5.12,12091.5,BreakoutStrategy
2022-10-19,600350.SSE,买入,12.310279999999999,700,5.09,8617.2,BreakoutStrategy
2022-10-25,600919.SSE,卖出,9.7238,6800,83.31,66121.84,BreakoutStrategy
2022-10-25,601162.SSE,买入,2.781099999999999,1200,5.03,3337.32,BreakoutStrategy
2022-10-26,601162.SSE,卖出,2.6441,1200,8.2,3172.92,BreakoutStrategy
2022-10-26,601231.SSE,买入,40.153000000000006,300,5.12,12045.9,BreakoutStrategy
2022-10-27,600666.SSE,卖出,26.950913022592008,200,10.44,5390.18,BreakoutStrategy
2022-10-27,603087.SSE,买入,54.69,100,5.05,5469.0,BreakoutStrategy
2022-10-28,601231.SSE,卖出,36.09300000000001,300,15.94,10827.9,BreakoutStrategy
2022-10-28,601718.SSE,买入,3.6079999999999988,4300,5.16,15514.4,BreakoutStrategy
2022-10-31,601718.SSE,卖出,3.4279999999999986,4300,19.89,14740.4,BreakoutStrategy
2022-10-31,601808.SSE,买入,20.388,500,5.1,10194.0,BreakoutStrategy
2022-11-01,600350.SSE,卖出,11.933879999999998,1500,23.08,17900.82,BreakoutStrategy
2022-11-01,600376.SSE,买入,52.24108000000003,200,5.1,10448.22,BreakoutStrategy
2022-11-02,601808.SSE,买入,21.178,600,5.13,12706.8,BreakoutStrategy
2022-11-09,600376.SSE,买入,55.40476000000002,200,5.11,11080.95,BreakoutStrategy
2022-11-10,600376.SSE,买入,56.195680000000024,200,5.11,11239.14,BreakoutStrategy
2022-11-14,600376.SSE,买入,60.88036000000002,200,5.12,12176.07,BreakoutStrategy
2022-11-22,601808.SSE,卖出,19.788,1100,27.43,21766.8,BreakoutStrategy
2022-11-22,603858.SSE,买入,50.29019999999999,100,5.05,5029.02,BreakoutStrategy
2022-11-24,603087.SSE,卖出,49.83999999999999,100,10.03,4984.0,BreakoutStrategy
2022-11-24,603858.SSE,卖出,45.8593,100,9.63,4585.93,BreakoutStrategy
2022-11-25,000539.SZSE,买入,76.17309894768002,100,5.08,7617.31,BreakoutStrategy
2022-11-25,000617.SZSE,买入,42.15210079872001,200,5.08,8430.42,BreakoutStrategy
2022-11-28,000617.SZSE,买入,42.79618860671999,200,5.09,8559.24,BreakoutStrategy
2022-11-29,000539.SZSE,买入,78.82160454768,100,5.08,7882.16,BreakoutStrategy
2022-11-29,000617.SZSE,买入,45.179313496319985,100,5.05,4517.93,BreakoutStrategy
2022-11-30,000617.SZSE,买入,46.59630667391999,100,5.05,4659.63,BreakoutStrategy
2022-12-08,000539.SZSE,卖出,75.97653190768,200,20.35,15195.31,BreakoutStrategy
2022-12-08,600376.SSE,卖出,58.913480000000035,800,59.38,47130.78,BreakoutStrategy
2022-12-08,002468.SZSE,买入,26.091087999999996,100,5.03,2609.11,BreakoutStrategy
2022-12-08,600515.SSE,买入,16.82701239392,100,5.02,1682.7,BreakoutStrategy
2022-12-13,000617.SZSE,卖出,53.46804621952,600,40.42,32080.83,BreakoutStrategy
2022-12-13,000938.SZSE,买入,136.96871999999996,100,5.14,13696.87,BreakoutStrategy
2022-12-15,600566.SSE,卖出,61.85904999999999,1000,77.94,61859.05,BreakoutStrategy
2022-12-15,600515.SSE,买入,17.5457806472,500,5.09,8772.89,BreakoutStrategy
2022-12-15,600827.SSE,买入,106.46296130959159,100,5.11,10646.3,BreakoutStrategy
2022-12-20,000938.SZSE,卖出,133.12907199999998,100,18.45,13312.91,BreakoutStrategy
2022-12-20,002468.SZSE,卖出,25.01355199999999,100,7.53,2501.36,BreakoutStrategy
2022-12-20,600663.SSE,买入,152.60680317279994,100,5.15,15260.68,BreakoutStrategy
2022-12-20,600682.SSE,买入,120.13677789000005,200,6.25,24027.36,BreakoutStrategy
2022-12-21,600663.SSE,卖出,146.6576887087999,100,19.81,14665.77,BreakoutStrategy
2022-12-21,600682.SSE,卖出,115.27107469000005,200,29.05,23054.21,BreakoutStrategy
2022-12-23,300413.SZSE,买入,51.276999999999994,300,5.15,15383.1,BreakoutStrategy
2022-12-23,300498.SZSE,买入,40.20066672,700,7.32,28140.47,BreakoutStrategy
2022-12-27,300413.SZSE,买入,53.01099999999999,300,5.16,15903.3,BreakoutStrategy
2023-01-04,300413.SZSE,买入,54.439,200,5.11,10887.8,BreakoutStrategy
2023-01-06,300413.SZSE,买入,56.989000000000004,200,5.11,11397.8,BreakoutStrategy
2023-01-09,600827.SSE,卖出,98.15907562617537,100,14.91,9815.91,BreakoutStrategy
2023-01-09,600905.SSE,买入,6.03912,2400,5.14,14493.89,BreakoutStrategy
2023-01-12,600515.SSE,卖出,15.4021471716,600,14.33,9241.29,BreakoutStrategy
2023-01-12,600584.SSE,买入,126.17043200000002,100,5.13,12617.04,BreakoutStrategy
2023-01-16,300498.SZSE,买入,41.686746719999995,400,5.17,16674.7,BreakoutStrategy
2023-01-17,300498.SZSE,买入,43.13826672,400,5.17,17255.31,BreakoutStrategy
2023-01-19,600905.SSE,卖出,5.809119999999999,2400,19.08,13941.89,BreakoutStrategy
2023-01-19,601360.SSE,买入,14.83966,400,5.06,5935.86,BreakoutStrategy
2023-01-20,601360.SSE,买入,15.09166,600,5.09,9055.0,BreakoutStrategy
2023-01-31,601360.SSE,买入,15.145660000000001,600,5.09,9087.4,BreakoutStrategy
2023-02-01,300413.SZSE,卖出,52.702,1000,66.4,52702.0,BreakoutStrategy
2023-02-01,601958.SSE,买入,19.981999999999992,100,5.02,1998.2,BreakoutStrategy
2023-02-02,600584.SSE,买入,134.71980800000003,100,5.13,13471.98,BreakoutStrategy
2023-02-02,601360.SSE,买入,15.361659999999999,1200,5.18,18433.99,BreakoutStrategy
2023-02-02,601958.SSE,买入,19.86199999999999,400,5.08,7944.8,BreakoutStrategy
2023-02-03,601958.SSE,买入,20.533999999999995,200,5.04,4106.8,BreakoutStrategy
2023-02-09,300498.SZSE,卖出,41.04466672000001,1500,77.57,61567.0,BreakoutStrategy
2023-02-09,600037.SSE,买入,48.605246399999984,100,5.05,4860.52,BreakoutStrategy
2023-02-10,600037.SSE,买入,48.95135839999999,300,5.15,14685.41,BreakoutStrategy
2023-02-10,600584.SSE,买入,135.156992,100,5.14,13515.7,BreakoutStrategy
2023-02-15,600584.SSE,买入,139.04307200000002,100,5.14,13904.31,BreakoutStrategy
2023-02-16,600037.SSE,买入,49.29747039999997,200,5.1,9859.49,BreakoutStrategy
2023-02-20,600584.SSE,卖出,130.52227200000004,400,65.78,52208.91,BreakoutStrategy
2023-02-23,601958.SSE,卖出,19.07399999999999,700,18.49,13351.8,BreakoutStrategy
2023-02-23,000581.SZSE,买入,121.44686771049999,100,5.12,12144.69,BreakoutStrategy
2023-02-23,601966.SSE,买入,25.548000000000002,500,5.13,12774.0,BreakoutStrategy
2023-02-27,000581.SZSE,卖出,116.60833669891998,100,16.78,11660.83,BreakoutStrategy
2023-02-27,600398.SSE,买入,67.15970444892004,200,5.13,13431.94,BreakoutStrategy
2023-02-28,600037.SSE,卖出,48.19587039999998,600,36.44,28917.52,BreakoutStrategy
2023-03-07,601966.SSE,卖出,23.328,500,16.78,11664.0,BreakoutStrategy
2023-03-07,601991.SSE,买入,9.172750000000002,2200,5.25,20180.05,BreakoutStrategy
2023-03-13,601991.SSE,卖出,8.812750000000001,2200,24.58,19388.05,BreakoutStrategy
2023-03-13,688126.SSE,买入,21.930000000000003,700,5.15,15351.0,BreakoutStrategy
2023-03-15,688126.SSE,买入,23.060000000000002,700,5.16,16142.0,BreakoutStrategy
2023-03-20,600959.SSE,买入,4.798,3300,5.16,15833.4,BreakoutStrategy
2023-03-22,600398.SSE,买入,70.55426657052003,200,5.14,14110.85,BreakoutStrategy
2023-03-22,600959.SSE,买入,4.889,3300,5.16,16133.7,BreakoutStrategy
2023-03-28,600398.SSE,卖出,66.92754431632001,400,33.73,26771.02,BreakoutStrategy
2023-03-28,600959.SSE,买入,4.901999999999999,2700,5.13,13235.4,BreakoutStrategy
2023-03-28,601098.SSE,买入,16.459999999999997,400,5.07,6584.0,BreakoutStrategy
2023-04-04,601098.SSE,买入,16.69,500,5.08,8345.0,BreakoutStrategy
2023-04-04,688126.SSE,买入,24.52,300,5.07,7356.0,BreakoutStrategy
2023-04-07,601098.SSE,卖出,16.059999999999995,900,19.6,14454.0,BreakoutStrategy
2023-04-07,601118.SSE,买入,5.112699999999999,1000,5.05,5112.7,BreakoutStrategy
2023-04-11,601360.SSE,卖出,31.379660000000005,2800,110.71,87863.05,BreakoutStrategy
2023-04-11,601600.SSE,买入,6.3232,900,5.06,5690.88,BreakoutStrategy
2023-04-12,600959.SSE,买入,4.967,6500,8.39,32285.5,BreakoutStrategy
2023-04-13,601600.SSE,买入,6.6032,2300,5.15,15187.36,BreakoutStrategy
2023-04-17,601600.SSE,买入,6.7432,2400,5.16,16183.68,BreakoutStrategy
2023-04-18,601600.SSE,买入,7.063199999999999,2300,5.16,16245.36,BreakoutStrategy
2023-04-21,601118.SSE,卖出,4.9227,1000,9.97,4922.7,BreakoutStrategy
2023-04-21,601186.SSE,买入,13.656000000000004,300,5.04,4096.8,BreakoutStrategy
2023-04-21,688126.SSE,买入,25.01,200,5.05,5002.0,BreakoutStrategy
2023-04-25,601600.SSE,卖出,6.623200000000001,7900,65.93,52323.28,BreakoutStrategy
2023-04-26,002174.SZSE,买入,60.40492600000001,100,5.06,6040.49,BreakoutStrategy
2023-04-27,688126.SSE,卖出,21.59,1900,51.69,41021.0,BreakoutStrategy
2023-04-28,002038.SZSE,买入,217.74547199999995,100,5.66,21774.55,BreakoutStrategy
2023-04-28,002174.SZSE,买入,61.334925999999996,100,5.06,6133.49,BreakoutStrategy
2023-05-04,601186.SSE,买入,13.946000000000003,800,5.11,11156.8,BreakoutStrategy
2023-05-05,601186.SSE,买入,14.596000000000004,700,5.1,10217.2,BreakoutStrategy
2023-05-10,002174.SZSE,卖出,64.764926,200,18.08,12952.99,BreakoutStrategy
2023-05-10,002375.SZSE,买入,32.25419375874833,400,5.13,12901.68,BreakoutStrategy
2023-05-12,002375.SZSE,买入,34.18413025223728,400,5.14,13673.65,BreakoutStrategy
2023-05-15,601186.SSE,卖出,13.296000000000005,1800,30.16,23932.8,BreakoutStrategy
2023-05-16,000539.SZSE,买入,86.41398726767999,100,5.09,8641.4,BreakoutStrategy
2023-05-17,600959.SSE,卖出,5.246,15800,104.44,82886.8,BreakoutStrategy
2023-05-18,002375.SZSE,卖出,31.766330366387365,800,32.02,25413.06,BreakoutStrategy
2023-05-18,600150.SSE,买入,95.91034432000005,100,5.1,9591.03,BreakoutStrategy
2023-05-18,600482.SSE,买入,58.4954,200,5.12,11699.08,BreakoutStrategy
2023-05-23,600482.SSE,卖出,52.33079999999998,200,15.57,10466.16,BreakoutStrategy
2023-05-23,600732.SSE,买入,154.98665192,100,5.15,15498.67,BreakoutStrategy
2023-05-25,600732.SSE,买入,169.44371597000003,100,5.17,16944.37,BreakoutStrategy
2023-05-26,600732.SSE,买入,174.46813823000002,100,5.17,17446.81,BreakoutStrategy
2023-05-29,000539.SZSE,买入,90.65159622767999,100,5.09,9065.16,BreakoutStrategy
2023-05-30,000539.SZSE,买入,91.62271494767998,100,5.09,9162.27,BreakoutStrategy
2023-05-31,600732.SSE,卖出,163.49868972000004,300,61.8,49049.61,BreakoutStrategy
2023-05-31,601058.SSE,买入,49.10400000000002,300,5.15,14731.2,BreakoutStrategy
2023-06-06,601058.SSE,买入,49.94000000000002,500,6.49,24970.0,BreakoutStrategy
2023-06-07,002038.SZSE,买入,220.82476799999998,100,5.74,22082.48,BreakoutStrategy
2023-06-12,002038.SZSE,买入,229.48528799999985,100,5.97,22948.53,BreakoutStrategy
2023-06-13,601058.SSE,买入,51.04000000000001,300,5.15,15312.0,BreakoutStrategy
2023-06-15,000539.SZSE,卖出,85.33458502767998,300,32.26,25600.38,BreakoutStrategy
2023-06-15,002085.SZSE,买入,48.81982729599999,100,5.05,4881.98,BreakoutStrategy
2023-06-19,601058.SSE,买入,52.00800000000002,400,5.41,20803.2,BreakoutStrategy
2023-07-04,002085.SZSE,买入,49.865267296,100,5.05,4986.53,BreakoutStrategy
2023-07-12,002085.SZSE,卖出,49.032147296,200,14.9,9806.43,BreakoutStrategy
2023-07-12,002831.SZSE,买入,60.179780109255994,100,5.06,6017.98,BreakoutStrategy
2023-07-13,600150.SSE,卖出,98.42727872000003,100,14.94,9842.73,BreakoutStrategy
2023-07-13,600875.SSE,买入,55.86429999999999,100,5.06,5586.43,BreakoutStrategy
2023-07-17,002831.SZSE,买入,61.16649150925599,100,5.06,6116.65,BreakoutStrategy
2023-07-20,002038.SZSE,卖出,222.53687199999993,300,84.12,66761.06,BreakoutStrategy
2023-07-20,002146.SZSE,买入,39.72599999999999,200,5.08,7945.2,BreakoutStrategy
2023-07-21,002146.SZSE,买入,40.8076,500,5.3,20403.8,BreakoutStrategy
2023-07-24,600875.SSE,卖出,53.38049999999999,100,10.39,5338.05,BreakoutStrategy
2023-07-24,002146.SZSE,买入,44.0524,500,5.73,22026.2,BreakoutStrategy
2023-07-24,601099.SSE,买入,6.972724999999998,2400,5.17,16734.54,BreakoutStrategy
2023-07-25,601058.SSE,卖出,52.60400000000003,1500,99.42,78906.0,BreakoutStrategy
2023-07-25,601077.SSE,买入,4.735900000000001,2200,5.1,10418.98,BreakoutStrategy
2023-07-26,601077.SSE,买入,4.765900000000001,5500,6.82,26212.45,BreakoutStrategy
2023-07-27,601099.SSE,买入,8.677999999999999,2400,5.42,20827.2,BreakoutStrategy
2023-07-28,601099.SSE,买入,9.064100000000002,2100,5.19,19034.61,BreakoutStrategy
2023-07-31,601077.SSE,买入,4.885900000000001,3700,5.18,18077.83,BreakoutStrategy
2023-08-01,601077.SSE,买入,4.905900000000001,3700,5.18,18151.83,BreakoutStrategy
2023-08-09,002831.SZSE,卖出,58.427553429256,200,16.8,11685.51,BreakoutStrategy
2023-08-10,000555.SZSE,买入,38.34765015999999,100,5.04,3834.77,BreakoutStrategy
2023-08-15,002146.SZSE,卖出,42.8676,1200,64.82,51441.12,BreakoutStrategy
2023-08-15,601077.SSE,卖出,4.755900000000001,15100,90.49,71814.09,BreakoutStrategy
2023-08-16,601099.SSE,卖出,13.838175000000003,6900,120.31,95483.41,BreakoutStrategy
2023-08-16,001965.SZSE,买入,11.179999999999998,2600,7.56,29068.0,BreakoutStrategy
2023-08-16,002945.SZSE,买入,18.246000000000002,700,5.13,12772.2,BreakoutStrategy
2023-08-16,601136.SSE,买入,25.305000000000003,300,5.08,7591.5,BreakoutStrategy
2023-08-17,000555.SZSE,卖出,37.06485016,100,8.74,3706.49,BreakoutStrategy
2023-08-17,000895.SZSE,买入,376.8448141999999,100,9.8,37684.48,BreakoutStrategy
2023-08-17,002945.SZSE,买入,19.496000000000002,900,5.18,17546.4,BreakoutStrategy
2023-08-17,601136.SSE,买入,28.195,400,5.11,11278.0,BreakoutStrategy
2023-08-18,001965.SZSE,卖出,11.049999999999997,2600,36.2,28730.0,BreakoutStrategy
2023-08-18,601059.SSE,买入,22.064000000000004,300,5.07,6619.2,BreakoutStrategy
2023-08-21,002945.SZSE,卖出,16.996000000000002,2500,53.54,42490.0,BreakoutStrategy
2023-08-21,603156.SSE,买入,85.12375999999999,300,6.64,25537.13,BreakoutStrategy
2023-08-23,000895.SZSE,卖出,373.23525420000004,100,47.03,37323.53,BreakoutStrategy
2023-08-23,600633.SSE,买入,138.20279999999985,100,5.14,13820.28,BreakoutStrategy
2023-08-23,601136.SSE,买入,28.905,300,5.09,8671.5,BreakoutStrategy
2023-08-24,603156.SSE,卖出,83.26919999999998,300,31.48,24980.76,BreakoutStrategy
2023-08-24,600633.SSE,买入,145.6475999999999,100,5.15,14564.76,BreakoutStrategy
2023-08-25,000975.SZSE,买入,133.25656283839996,200,6.93,26651.31,BreakoutStrategy
2023-08-28,601136.SSE,卖出,27.974999999999998,1000,35.25,27975.0,BreakoutStrategy
2023-08-29,600633.SSE,卖出,130.97559999999996,200,33.01,26195.12,BreakoutStrategy
2023-08-29,000703.SZSE,买入,76.28091706000004,500,9.92,38140.46,BreakoutStrategy
2023-08-29,601225.SSE,买入,22.678,1700,10.02,38552.6,BreakoutStrategy
2023-08-31,000975.SZSE,买入,137.53122029119996,200,7.15,27506.24,BreakoutStrategy
2023-09-04,601059.SSE,卖出,18.433999999999997,300,10.59,5530.2,BreakoutStrategy
2023-09-04,601118.SSE,买入,5.082699999999999,4600,6.08,23380.42,BreakoutStrategy
2023-09-04,601225.SSE,买入,23.408,1300,7.91,30430.4,BreakoutStrategy
2023-09-05,601118.SSE,买入,5.152699999999999,3600,5.19,18549.72,BreakoutStrategy
2023-09-05,601225.SSE,买入,23.808000000000003,1100,6.81,26188.8,BreakoutStrategy
2023-09-08,601118.SSE,卖出,4.9127,8200,50.76,40284.14,BreakoutStrategy
2023-09-08,601857.SSE,买入,11.872398999999998,400,5.05,4748.96,BreakoutStrategy
2023-09-15,601225.SSE,买入,24.398000000000003,1300,8.25,31717.4,BreakoutStrategy
2023-09-15,601857.SSE,买入,12.082398999999999,1100,5.13,13290.64,BreakoutStrategy
2023-09-18,000975.SZSE,买入,139.20755654719994,100,5.14,13920.76,BreakoutStrategy
2023-09-22,000703.SZSE,卖出,73.34023201999999,500,46.2,36670.12,BreakoutStrategy
2023-09-25,000975.SZSE,卖出,131.3925929568,500,82.78,65696.3,BreakoutStrategy
2023-09-25,002375.SZSE,买入,34.909318510396766,100,5.03,3490.93,BreakoutStrategy
2023-09-25,300529.SZSE,买入,50.016000000000005,100,5.05,5001.6,BreakoutStrategy
2023-10-10,002375.SZSE,卖出,31.380343067689573,100,8.17,3138.03,BreakoutStrategy
2023-10-10,601857.SSE,卖出,11.772399,1500,22.84,17658.6,BreakoutStrategy
2023-10-10,002424.SZSE,买入,88.862,200,5.18,17772.4,BreakoutStrategy
2023-10-11,000625.SZSE,买入,171.87901487846398,100,5.17,17187.9,BreakoutStrategy
2023-10-12,601225.SSE,卖出,23.958,5400,163.01,129373.2,BreakoutStrategy
2023-10-12,603160.SSE,买入,74.88000000000001,200,5.15,14976.0,BreakoutStrategy
2023-10-13,000625.SZSE,买入,177.42355419878396,100,5.18,17742.36,BreakoutStrategy
2023-10-13,603160.SSE,买入,77.18,400,8.03,30872.0,BreakoutStrategy
2023-10-16,002424.SZSE,买入,91.74199999999999,300,7.16,27522.6,BreakoutStrategy
2023-10-16,603160.SSE,买入,81.33000000000001,300,6.34,24399.0,BreakoutStrategy
2023-10-17,603160.SSE,卖出,77.52999999999999,1200,117.23,93036.0,BreakoutStrategy
2023-10-18,300529.SZSE,卖出,48.533,100,9.9,4853.3,BreakoutStrategy
2023-10-18,001289.SZSE,买入,20.8541,1800,9.76,37537.38,BreakoutStrategy
2023-10-18,600025.SSE,买入,8.54244,4400,9.77,37586.74,BreakoutStrategy
2023-10-20,002424.SZSE,卖出,85.002,500,53.55,42501.0,BreakoutStrategy
2023-10-23,000625.SZSE,卖出,168.09291269862402,200,42.36,33618.58,BreakoutStrategy
2023-10-23,000712.SZSE,买入,195.66181599999993,100,5.2,19566.18,BreakoutStrategy
2023-10-24,000712.SZSE,卖出,198.55292000000003,100,25.05,19855.29,BreakoutStrategy
2023-10-24,001289.SZSE,卖出,20.144099999999998,1800,45.69,36259.38,BreakoutStrategy
2023-10-24,600025.SSE,卖出,8.34244,4400,46.25,36706.74,BreakoutStrategy
2023-10-24,601881.SSE,买入,13.220329999999999,2300,7.91,30406.76,BreakoutStrategy
2023-10-25,002736.SZSE,买入,12.179999999999996,3900,12.35,47502.0,BreakoutStrategy
2023-10-25,601136.SSE,买入,24.865000000000002,900,5.82,22378.5,BreakoutStrategy
2023-10-25,601881.SSE,买入,13.990329999999998,3000,10.91,41970.99,BreakoutStrategy
2023-10-27,000778.SZSE,买入,67.80646783100006,300,5.29,20341.94,BreakoutStrategy
2023-10-30,601136.SSE,卖出,22.375,900,25.37,20137.5,BreakoutStrategy
2023-10-30,601238.SSE,买入,17.945999999999998,1100,5.2,19740.6,BreakoutStrategy
2023-11-02,000778.SZSE,卖出,65.13989132700003,300,24.74,19541.97,BreakoutStrategy
2023-11-02,300072.SZSE,买入,78.53483924330259,200,5.16,15706.97,BreakoutStrategy
2023-11-07,002736.SZSE,买入,12.249999999999996,2500,7.96,30625.0,BreakoutStrategy
2023-11-07,601881.SSE,买入,14.080329999999998,1700,6.22,23936.56,BreakoutStrategy
2023-11-13,601238.SSE,卖出,17.267999999999994,1100,24.18,18994.8,BreakoutStrategy
2023-11-13,603233.SSE,买入,73.74950079999998,100,5.07,7374.95,BreakoutStrategy
2023-11-15,601881.SSE,买入,14.82033,1700,6.55,25194.56,BreakoutStrategy
2023-11-15,603233.SSE,买入,75.55560639999999,100,5.08,7555.56,BreakoutStrategy
2023-11-24,601881.SSE,卖出,13.95033,8700,152.92,121367.87,BreakoutStrategy
2023-11-24,601919.SSE,买入,18.8999987,300,5.06,5670.0,BreakoutStrategy
2023-11-28,002736.SZSE,卖出,11.999999999999998,6400,96.77,76800.0,BreakoutStrategy
2023-11-28,600015.SSE,买入,27.320705919999998,1000,7.1,27320.71,BreakoutStrategy
2023-11-29,300072.SZSE,买入,81.67407032426257,500,10.62,40837.04,BreakoutStrategy
2023-12-01,600015.SSE,买入,27.52512832,1300,9.3,35782.67,BreakoutStrategy
2023-12-01,601919.SSE,买入,19.1209987,1700,8.45,32505.7,BreakoutStrategy
2023-12-04,300072.SZSE,卖出,79.10344507098254,700,69.77,55372.41,BreakoutStrategy
2023-12-04,300601.SZSE,买入,83.23835521999999,200,5.17,16647.67,BreakoutStrategy
2023-12-05,600015.SSE,买入,27.78795711999999,1300,9.39,36124.34,BreakoutStrategy
2023-12-07,600015.SSE,卖出,27.329909119999993,3600,123.97,98387.67,BreakoutStrategy
2023-12-07,603087.SSE,买入,84.08999999999999,100,5.08,8409.0,BreakoutStrategy
2023-12-11,300601.SZSE,卖出,80.055726036,200,21.17,16011.15,BreakoutStrategy
2023-12-11,603087.SSE,卖出,80.42999999999998,100,13.12,8043.0,BreakoutStrategy
2023-12-11,300677.SZSE,买入,141.30500000000004,200,7.35,28261.0,BreakoutStrategy
2023-12-11,603658.SSE,买入,80.626,300,6.29,24187.8,BreakoutStrategy
2023-12-13,601919.SSE,买入,19.2249987,1900,9.5,36527.5,BreakoutStrategy
2023-12-19,601919.SSE,买入,19.9789987,1900,9.87,37960.1,BreakoutStrategy
2023-12-26,601919.SSE,卖出,19.6339987,5800,143.49,113877.19,BreakoutStrategy
2023-12-26,601985.SSE,买入,8.434,1800,5.15,15181.2,BreakoutStrategy
2023-12-27,603233.SSE,卖出,71.5190432,200,19.45,14303.81,BreakoutStrategy
2023-12-27,603939.SSE,买入,204.58335999999989,100,5.32,20458.34,BreakoutStrategy
2023-12-28,603939.SSE,买入,211.92159999999993,100,5.51,21192.16,BreakoutStrategy
2024-01-02,601985.SSE,买入,8.524,3800,8.42,32391.2,BreakoutStrategy
2024-01-03,300677.SZSE,买入,143.465,100,5.14,14346.5,BreakoutStrategy
2024-01-03,601985.SSE,买入,8.703999999999999,3800,8.6,33075.2,BreakoutStrategy
2024-01-03,603939.SSE,买入,220.63575999999995,100,5.74,22063.58,BreakoutStrategy
2024-01-04,601985.SSE,买入,8.934,2900,6.74,25908.6,BreakoutStrategy
2024-01-12,603939.SSE,卖出,207.56999999999996,300,78.46,62271.0,BreakoutStrategy
2024-01-12,688472.SSE,买入,14.010000000000002,100,5.01,1401.0,BreakoutStrategy
2024-01-16,603658.SSE,卖出,74.353,300,28.11,22305.9,BreakoutStrategy
2024-01-17,002085.SZSE,买入,41.96638729599999,400,5.17,16786.55,BreakoutStrategy
2024-01-17,688472.SSE,买入,14.299999999999999,800,5.11,11440.0,BreakoutStrategy
2024-01-19,300677.SZSE,卖出,137.55900000000003,300,52.0,41267.7,BreakoutStrategy
2024-01-19,603885.SSE,买入,38.92839999999999,300,5.12,11678.52,BreakoutStrategy
2024-01-22,002085.SZSE,卖出,39.042387296,400,20.77,15616.95,BreakoutStrategy
2024-01-22,002463.SZSE,买入,64.456272,200,5.13,12891.25,BreakoutStrategy
2024-01-23,603885.SSE,卖出,36.7244,300,16.13,11017.32,BreakoutStrategy
2024-01-24,601985.SSE,卖出,8.774,12300,135.98,107920.2,BreakoutStrategy
2024-01-24,600518.SSE,买入,104.64690589375003,200,5.44,20929.38,BreakoutStrategy
2024-01-25,000617.SZSE,买入,43.54977134207999,900,10.19,39194.79,BreakoutStrategy
2024-01-26,000617.SZSE,买入,45.03117330048,800,9.37,36024.94,BreakoutStrategy
2024-01-26,002463.SZSE,买入,63.81760319999999,300,5.19,19145.28,BreakoutStrategy
2024-01-30,002463.SZSE,卖出,55.0691296,500,34.69,27534.56,BreakoutStrategy
2024-01-30,688472.SSE,卖出,12.73,900,16.57,11457.0,BreakoutStrategy
2024-01-30,003816.SZSE,买入,3.927,5600,5.72,21991.2,BreakoutStrategy
2024-01-31,000617.SZSE,买入,45.99730501247999,600,7.18,27598.38,BreakoutStrategy
2024-02-01,003816.SZSE,买入,4.106999999999999,5200,5.55,21356.4,BreakoutStrategy
2024-02-01,600027.SSE,买入,10.646499999999998,1800,5.19,19163.7,BreakoutStrategy
2024-02-02,600518.SSE,卖出,100.88835224375,200,25.42,20177.67,BreakoutStrategy
2024-02-02,603156.SSE,买入,77.4092,100,5.08,7740.92,BreakoutStrategy
2024-02-05,000617.SZSE,卖出,42.62804841087999,2300,123.54,98044.51,BreakoutStrategy
2024-02-05,300979.SZSE,买入,61.0,100,5.06,6100.0,BreakoutStrategy
2024-02-06,300979.SZSE,买入,60.760000000000005,300,5.18,18228.0,BreakoutStrategy
2024-02-06,603156.SSE,买入,79.22024,400,8.24,31688.1,BreakoutStrategy
2024-02-07,300979.SZSE,买入,63.01,200,5.13,12602.0,BreakoutStrategy
2024-02-08,603156.SSE,买入,83.17159999999998,200,5.17,16634.32,BreakoutStrategy
2024-02-20,003816.SZSE,买入,4.217,4100,5.17,17289.7,BreakoutStrategy
2024-02-20,600027.SSE,买入,10.841499999999996,1500,5.16,16262.25,BreakoutStrategy
2024-02-21,003816.SZSE,买入,4.3069999999999995,3500,5.15,15074.5,BreakoutStrategy
2024-02-26,600027.SSE,买入,11.153499999999996,1100,5.12,12268.85,BreakoutStrategy
2024-03-04,300979.SZSE,卖出,58.870000000000005,600,44.51,35322.0,BreakoutStrategy
2024-03-04,600098.SSE,买入,34.63526800000001,100,5.03,3463.53,BreakoutStrategy
2024-03-05,600027.SSE,卖出,10.795499999999997,4400,59.85,47500.2,BreakoutStrategy
2024-03-05,600219.SSE,买入,22.706999999999997,500,5.11,11353.5,BreakoutStrategy
2024-03-08,600219.SSE,买入,23.356999999999996,900,5.47,21021.3,BreakoutStrategy
2024-03-11,600098.SSE,买入,35.44397200000001,400,5.14,14177.59,BreakoutStrategy
2024-03-11,600219.SSE,买入,23.35699999999999,900,5.47,21021.3,BreakoutStrategy
2024-03-18,600219.SSE,买入,24.071999999999992,700,5.17,16850.4,BreakoutStrategy
2024-04-01,600098.SSE,买入,35.93818000000001,200,5.07,7187.64,BreakoutStrategy
2024-04-02,600098.SSE,买入,37.241092,200,5.07,7448.22,BreakoutStrategy
2024-04-24,600098.SSE,卖出,37.355876,900,42.36,33620.29,BreakoutStrategy
2024-04-24,600219.SSE,卖出,24.311999999999987,3000,91.9,72936.0,BreakoutStrategy
2024-04-25,603156.SSE,卖出,83.10455999999998,700,73.3,58173.19,BreakoutStrategy
2024-04-25,002601.SZSE,买入,197.51470899999998,100,5.2,19751.47,BreakoutStrategy
2024-04-26,002008.SZSE,买入,249.33562499999982,100,6.48,24933.56,BreakoutStrategy
2024-04-26,002773.SZSE,买入,41.79600000000001,600,6.52,25077.6,BreakoutStrategy
2024-04-29,003816.SZSE,卖出,4.356999999999999,18400,101.01,80168.8,BreakoutStrategy
2024-04-29,002773.SZSE,买入,42.82950000000002,500,5.57,21414.75,BreakoutStrategy
2024-04-29,300207.SZSE,买入,102.12826049999998,100,5.1,10212.83,BreakoutStrategy
2024-04-30,002008.SZSE,买入,262.1295749999999,100,6.82,26212.96,BreakoutStrategy
2024-04-30,002773.SZSE,买入,43.43400000000001,800,9.03,34747.2,BreakoutStrategy
2024-05-07,002008.SZSE,买入,268.58122499999985,100,6.98,26858.12,BreakoutStrategy
2024-05-07,002601.SZSE,买入,205.77470899999997,100,5.35,20577.47,BreakoutStrategy
2024-05-07,300207.SZSE,买入,104.9882605,100,5.1,10498.83,BreakoutStrategy
2024-05-27,002008.SZSE,卖出,255.98597499999994,300,96.76,76795.79,BreakoutStrategy
2024-05-27,300207.SZSE,卖出,100.22326049999998,200,25.26,20044.65,BreakoutStrategy
2024-05-27,600021.SSE,买入,19.716559999999998,300,5.06,5914.97,BreakoutStrategy
2024-05-28,600021.SSE,买入,19.82744,1200,6.19,23792.93,BreakoutStrategy
2024-05-28,600023.SSE,买入,11.149500000000002,2000,5.8,22299.0,BreakoutStrategy
2024-05-29,600021.SSE,买入,20.42936,1000,5.31,20429.36,BreakoutStrategy
2024-06-03,600021.SSE,卖出,19.66488,2500,61.94,49162.2,BreakoutStrategy
2024-06-03,600039.SSE,买入,91.44892800000002,100,5.09,9144.89,BreakoutStrategy
2024-06-04,600039.SSE,买入,92.90044800000004,200,5.19,18580.09,BreakoutStrategy
2024-06-13,600039.SSE,买入,95.609952,200,5.19,19121.99,BreakoutStrategy
2024-06-14,002601.SZSE,卖出,194.484709,200,49.01,38896.94,BreakoutStrategy
2024-06-14,002736.SZSE,买入,12.079999999999998,900,5.11,10872.0,BreakoutStrategy
2024-06-17,600039.SSE,卖出,92.10630400000002,500,58.03,46053.15,BreakoutStrategy
2024-06-17,600803.SSE,买入,155.42713514530007,100,5.16,15542.71,BreakoutStrategy
2024-06-18,002736.SZSE,卖出,11.799999999999997,900,15.73,10620.0,BreakoutStrategy
2024-06-18,002938.SZSE,买入,41.71,300,5.13,12513.0,BreakoutStrategy
2024-06-19,002938.SZSE,买入,41.41,300,5.12,12423.0,BreakoutStrategy
2024-06-21,002773.SZSE,卖出,45.71500000000001,1900,109.44,86858.5,BreakoutStrategy
2024-06-21,600377.SSE,买入,25.573200000000003,700,5.18,17901.24,BreakoutStrategy
2024-06-21,600803.SSE,买入,159.17564837530006,100,5.16,15917.56,BreakoutStrategy
2024-06-24,600023.SSE,买入,11.305499999999997,3100,9.11,35047.05,BreakoutStrategy
2024-06-25,600377.SSE,买入,25.758,1000,6.7,25758.0,BreakoutStrategy
2024-06-27,002938.SZSE,买入,43.2,200,5.09,8640.0,BreakoutStrategy
2024-07-02,600023.SSE,买入,11.8385,2400,7.39,28412.4,BreakoutStrategy
2024-07-02,600377.SSE,买入,26.431199999999997,900,6.18,23788.08,BreakoutStrategy
2024-07-04,600023.SSE,买入,12.1115,2000,6.3,24223.0,BreakoutStrategy
2024-07-11,600803.SSE,卖出,153.4181281253001,200,38.66,30683.63,BreakoutStrategy
2024-07-11,002938.SZSE,买入,46.71,100,5.05,4671.0,BreakoutStrategy
2024-07-12,000725.SZSE,买入,22.480472799999998,200,5.04,4496.09,BreakoutStrategy
2024-07-16,000725.SZSE,卖出,21.034224799999993,200,9.25,4206.84,BreakoutStrategy
2024-07-16,000800.SZSE,买入,26.131917400000003,200,5.05,5226.38,BreakoutStrategy
2024-07-18,600023.SSE,卖出,11.519499999999997,9500,137.89,109435.25,BreakoutStrategy
2024-07-18,600332.SSE,买入,46.7824,100,5.05,4678.24,BreakoutStrategy
2024-07-19,002938.SZSE,卖出,40.18000000000001,900,45.56,36162.0,BreakoutStrategy
2024-07-19,600000.SSE,买入,119.09958705930005,200,6.19,23819.92,BreakoutStrategy
2024-07-19,600332.SSE,买入,47.3284,500,6.15,23664.2,BreakoutStrategy
2024-07-23,600332.SSE,买入,47.926399999999994,600,7.48,28755.84,BreakoutStrategy
2024-07-24,600332.SSE,卖出,46.45040000000001,1200,70.23,55740.48,BreakoutStrategy
2024-07-24,600732.SSE,买入,67.58066468000004,100,5.07,6758.07,BreakoutStrategy
2024-07-26,000800.SZSE,卖出,26.305565399999995,200,10.31,5261.11,BreakoutStrategy
2024-07-26,600000.SSE,卖出,116.42075788630001,200,29.34,23284.15,BreakoutStrategy
2024-07-26,001965.SZSE,买入,14.139999999999997,1900,6.99,26866.0,BreakoutStrategy
2024-07-26,600170.SSE,买入,43.92972300672,600,6.85,26357.83,BreakoutStrategy
2024-07-30,600732.SSE,卖出,63.18088527600003,100,11.38,6318.09,BreakoutStrategy
2024-07-30,001965.SZSE,买入,14.411,1900,7.12,27380.9,BreakoutStrategy
2024-07-30,600170.SSE,买入,44.050798305792,600,6.87,26430.48,BreakoutStrategy
2024-07-30,600820.SSE,买入,218.7582015088508,100,5.69,21875.82,BreakoutStrategy
2024-07-31,001965.SZSE,买入,14.591,1300,5.19,18968.3,BreakoutStrategy
2024-07-31,600170.SSE,买入,44.898325399296,400,5.18,17959.33,BreakoutStrategy
2024-08-07,600170.SSE,卖出,43.78864770764801,1600,88.28,70061.84,BreakoutStrategy
2024-08-07,600959.SSE,买入,4.239,500,5.02,2119.5,BreakoutStrategy
2024-08-16,600959.SSE,买入,4.303999999999999,3700,5.16,15924.8,BreakoutStrategy
2024-08-26,600820.SSE,卖出,217.32304859088572,100,27.38,21732.3,BreakoutStrategy
2024-08-26,601166.SSE,买入,83.94267675999998,100,5.08,8394.27,BreakoutStrategy
2024-08-27,600959.SSE,卖出,4.1813,4200,22.74,17561.46,BreakoutStrategy
2024-08-27,601118.SSE,买入,4.9536,3000,5.15,14860.8,BreakoutStrategy
2024-08-27,601166.SSE,买入,84.42867675999999,100,5.08,8442.87,BreakoutStrategy
2024-08-28,601118.SSE,买入,5.063599999999999,3300,5.17,16709.88,BreakoutStrategy
2024-08-29,601118.SSE,买入,5.0935999999999995,3300,5.17,16808.88,BreakoutStrategy
2024-08-30,001965.SZSE,卖出,14.360999999999999,5100,92.28,73241.1,BreakoutStrategy
2024-08-30,601166.SSE,卖出,81.84907675999999,200,21.53,16369.82,BreakoutStrategy
2024-08-30,002600.SZSE,买入,33.25200800000001,100,5.03,3325.2,BreakoutStrategy
2024-08-30,688472.SSE,买入,10.749590000000001,400,5.04,4299.84,BreakoutStrategy
2024-09-02,002600.SZSE,买入,36.572008,300,5.11,10971.6,BreakoutStrategy
2024-09-04,688472.SSE,买入,11.079590000000001,1500,5.17,16619.39,BreakoutStrategy
2024-09-05,002600.SZSE,卖出,31.59200800000001,400,17.76,12636.8,BreakoutStrategy
2024-09-05,600208.SSE,买入,14.607757439999995,1100,5.16,16068.53,BreakoutStrategy
2024-09-11,601118.SSE,卖出,5.013599999999999,9600,60.64,48130.56,BreakoutStrategy
2024-09-12,000559.SZSE,买入,252.8570816171061,100,6.57,25285.71,BreakoutStrategy
2024-09-19,600208.SSE,卖出,14.101152639999995,1100,20.67,15511.27,BreakoutStrategy
2024-09-19,000559.SZSE,买入,253.92485580112037,100,6.6,25392.49,BreakoutStrategy
2024-09-19,601118.SSE,买入,5.313599999999999,3800,5.25,20191.68,BreakoutStrategy
2024-09-20,600377.SSE,卖出,27.757599999999996,2600,90.93,72169.76,BreakoutStrategy
2024-09-20,600718.SSE,买入,141.14071594822963,100,5.14,14114.07,BreakoutStrategy
2024-09-23,600718.SSE,买入,143.6468751254656,200,7.47,28729.38,BreakoutStrategy
2024-09-23,688472.SSE,买入,11.309590000000002,1700,5.19,19226.3,BreakoutStrategy
2024-09-25,000559.SZSE,买入,258.55187726518255,100,6.72,25855.19,BreakoutStrategy
2024-09-25,600718.SSE,买入,145.45687897569164,100,5.15,14545.69,BreakoutStrategy
2024-09-25,688472.SSE,买入,11.70959,1300,5.15,15222.47,BreakoutStrategy
2024-09-27,600718.SSE,买入,148.24150028373163,100,5.15,14824.15,BreakoutStrategy
2024-09-27,601118.SSE,买入,5.7136,1600,5.09,9141.76,BreakoutStrategy
2024-10-10,688472.SSE,卖出,14.18959,4900,87.61,69528.99,BreakoutStrategy
2024-10-11,000559.SZSE,买入,277.05996312143077,100,7.2,27706.0,BreakoutStrategy
2024-10-11,600666.SSE,买入,43.59869083807344,100,5.04,4359.87,BreakoutStrategy
2024-10-14,600666.SSE,卖出,38.821805501672294,100,8.92,3882.18,BreakoutStrategy
2024-10-15,601211.SSE,买入,22.255,400,5.09,8902.0,BreakoutStrategy
2024-10-16,601211.SSE,卖出,21.934999999999995,400,13.86,8774.0,BreakoutStrategy
2024-10-17,601077.SSE,买入,7.324400000000002,700,5.05,5127.08,BreakoutStrategy
2024-11-01,601077.SSE,卖出,6.844400000000001,700,9.84,4791.08,BreakoutStrategy
2024-11-01,601162.SSE,买入,7.2661,300,5.02,2179.83,BreakoutStrategy
2024-11-18,000559.SZSE,卖出,311.92058646589885,400,157.21,124768.23,BreakoutStrategy
2024-11-18,601118.SSE,卖出,5.8236,5400,39.62,31447.44,BreakoutStrategy
2024-11-18,601162.SSE,卖出,5.621100000000001,300,6.7,1686.33,BreakoutStrategy
2024-11-18,600050.SSE,买入,10.869452400000004,700,5.08,7608.62,BreakoutStrategy
2024-11-18,601360.SSE,买入,25.999660000000006,100,5.03,2599.97,BreakoutStrategy
2024-11-19,600718.SSE,卖出,163.95461067415766,500,103.29,81977.31,BreakoutStrategy
2024-11-19,002958.SZSE,买入,3.9199999999999995,7900,8.05,30968.0,BreakoutStrategy
2024-11-19,601186.SSE,买入,12.816000000000004,2800,9.33,35884.8,BreakoutStrategy
2024-11-20,600050.SSE,卖出,10.183852400000005,700,12.2,7128.7,BreakoutStrategy
2024-11-20,601186.SSE,卖出,12.406000000000004,2800,43.77,34736.8,BreakoutStrategy
2024-11-20,601360.SSE,卖出,22.325660000000003,100,7.25,2232.57,BreakoutStrategy
2024-11-21,002131.SZSE,买入,110.638,100,5.11,11063.8,BreakoutStrategy
2024-11-21,300168.SZSE,买入,75.754,200,5.15,15150.8,BreakoutStrategy
2024-11-21,300182.SZSE,买入,189.27451638548,100,5.19,18927.45,BreakoutStrategy
2024-11-25,002958.SZSE,卖出,3.67,7900,36.53,28993.0,BreakoutStrategy
2024-11-25,002131.SZSE,买入,120.71799999999999,100,5.12,12071.8,BreakoutStrategy
2024-11-25,600029.SSE,买入,10.824999999999998,3800,10.7,41135.0,BreakoutStrategy
2024-11-28,002131.SZSE,卖出,142.53799999999998,200,35.92,28507.6,BreakoutStrategy
2024-11-28,300168.SZSE,卖出,74.854,200,20.12,14970.8,BreakoutStrategy
2024-11-28,300315.SZSE,买入,80.31155840000004,100,5.08,8031.16,BreakoutStrategy
2024-11-28,600029.SSE,买入,11.139999999999999,3400,9.85,37876.0,BreakoutStrategy
2024-11-29,002292.SZSE,买入,73.1684,100,5.07,7316.84,BreakoutStrategy
2024-12-06,002292.SZSE,卖出,74.76119999999999,100,12.55,7476.12,BreakoutStrategy
2024-12-06,600642.SSE,买入,67.96213999999998,500,8.84,33981.07,BreakoutStrategy
2024-12-09,300315.SZSE,买入,84.16384640000003,100,5.08,8416.38,BreakoutStrategy
2024-12-09,600029.SSE,买入,11.424999999999999,3000,8.91,34275.0,BreakoutStrategy
2024-12-09,600642.SSE,买入,68.65711999999999,500,8.93,34328.56,BreakoutStrategy
2024-12-10,600029.SSE,买入,11.949999999999998,2400,7.46,28680.0,BreakoutStrategy
2024-12-13,600642.SSE,买入,69.13825999999997,300,5.39,20741.48,BreakoutStrategy
2024-12-17,600642.SSE,买入,70.31437999999999,300,5.48,21094.31,BreakoutStrategy
2024-12-18,300315.SZSE,卖出,75.59658240000002,200,20.27,15119.32,BreakoutStrategy
2024-12-19,600919.SSE,买入,13.956710000000005,200,5.03,2791.34,BreakoutStrategy
2024-12-20,300182.SZSE,卖出,200.36695993548003,100,25.25,20036.7,BreakoutStrategy
2024-12-20,600029.SSE,卖出,11.209999999999999,12600,177.97,141246.0,BreakoutStrategy
2024-12-23,002180.SZSE,买入,141.79228124999997,100,5.14,14179.23,BreakoutStrategy
2024-12-23,300442.SZSE,买入,106.71670000000003,100,5.11,10671.67,BreakoutStrategy
2024-12-25,600919.SSE,买入,14.268710000000002,2100,7.79,29964.29,BreakoutStrategy
2024-12-26,002180.SZSE,卖出,136.112125,100,18.75,13611.21,BreakoutStrategy
2024-12-26,600000.SSE,买入,132.47950160730002,100,5.13,13247.95,BreakoutStrategy
2024-12-26,600919.SSE,买入,14.437710000000001,2100,7.88,30319.19,BreakoutStrategy
2024-12-31,600000.SSE,买入,133.16565107129998,100,5.13,13316.57,BreakoutStrategy
2024-12-31,600919.SSE,买入,14.671710000000003,2100,8.01,30810.59,BreakoutStrategy
2025-01-06,300442.SZSE,卖出,90.64070000000002,100,14.15,9064.07,BreakoutStrategy
2025-01-07,600000.SSE,卖出,130.4010532153,200,32.86,26080.21,BreakoutStrategy
2025-01-07,600919.SSE,卖出,14.300710000000004,6500,117.12,92954.62,BreakoutStrategy
2025-01-08,600642.SSE,卖出,69.33209999999998,1600,139.77,110931.36,BreakoutStrategy
2025-01-08,002463.SZSE,买入,115.44333119999999,100,5.12,11544.33,BreakoutStrategy
2025-01-08,300866.SZSE,买入,135.967,100,5.14,13596.7,BreakoutStrategy
2025-01-08,605499.SSE,买入,346.16400000000004,100,9.0,34616.4,BreakoutStrategy
2025-01-09,000333.SZSE,买入,351.03040375,100,9.13,35103.04,BreakoutStrategy
2025-01-09,300866.SZSE,买入,140.296,200,7.3,28059.2,BreakoutStrategy
2025-01-09,605499.SSE,买入,358.41,100,9.32,35841.0,BreakoutStrategy
2025-01-13,605499.SSE,买入,368.589,100,9.58,36858.9,BreakoutStrategy
2025-01-14,000333.SZSE,卖出,338.26040375,100,42.62,33826.04,BreakoutStrategy
2025-01-14,002532.SZSE,买入,65.502,200,5.13,13100.4,BreakoutStrategy
2025-01-15,605499.SSE,卖出,325.89000000000004,300,123.19,97767.0,BreakoutStrategy
2025-01-16,002463.SZSE,卖出,108.05202879999997,100,15.91,10805.2,BreakoutStrategy
2025-01-16,002468.SZSE,买入,25.178703999999993,1400,9.17,35250.19,BreakoutStrategy
2025-01-16,002532.SZSE,买入,67.22999999999999,600,10.49,40338.0,BreakoutStrategy
2025-01-16,002648.SZSE,买入,236.2824493568,100,6.14,23628.24,BreakoutStrategy
2025-01-17,002532.SZSE,买入,68.06199999999998,400,7.08,27224.8,BreakoutStrategy
2025-01-20,300866.SZSE,买入,148.551,100,5.15,14855.1,BreakoutStrategy
2025-02-05,002532.SZSE,买入,69.726,400,7.25,27890.4,BreakoutStrategy
2025-02-10,002532.SZSE,卖出,68.55399999999999,1600,138.2,109686.4,BreakoutStrategy
2025-02-10,002600.SZSE,买入,42.972007999999995,100,5.04,4297.2,BreakoutStrategy
2025-02-12,002648.SZSE,买入,244.72916406399997,100,6.36,24472.92,BreakoutStrategy
2025-02-12,300866.SZSE,买入,148.616,100,5.15,14861.6,BreakoutStrategy
2025-02-14,002468.SZSE,买入,25.531215999999997,1100,7.3,28084.34,BreakoutStrategy
2025-02-17,002468.SZSE,买入,26.11182399999999,1100,7.47,28723.01,BreakoutStrategy
2025-02-21,002600.SZSE,买入,44.572008,100,5.04,4457.2,BreakoutStrategy
2025-03-03,002600.SZSE,卖出,41.55200800000001,200,13.39,8310.4,BreakoutStrategy
2025-03-03,002468.SZSE,买入,26.422863999999997,1100,7.56,29065.15,BreakoutStrategy
2025-03-03,600011.SSE,买入,29.17100000000001,300,5.09,8751.3,BreakoutStrategy
2025-03-07,300866.SZSE,卖出,145.73600000000002,500,91.81,72868.0,BreakoutStrategy
2025-03-07,600019.SSE,买入,16.544550400000002,200,5.03,3308.91,BreakoutStrategy
2025-03-10,002648.SZSE,买入,254.60194748799998,100,6.62,25460.19,BreakoutStrategy
2025-03-10,600019.SSE,买入,16.7397504,1100,5.18,18413.73,BreakoutStrategy
2025-03-14,600011.SSE,买入,29.37900000000001,400,5.12,11751.6,BreakoutStrategy
2025-03-21,600011.SSE,买入,29.63900000000001,300,5.09,8891.7,BreakoutStrategy
2025-03-24,002648.SZSE,卖出,245.36734962559999,300,92.75,73610.2,BreakoutStrategy
2025-03-24,600098.SSE,买入,38.094724,100,5.04,3809.47,BreakoutStrategy
2025-03-25,600098.SSE,买入,38.319364,500,5.19,19159.68,BreakoutStrategy
2025-03-26,600011.SSE,买入,30.00300000000001,700,5.46,21002.1,BreakoutStrategy
2025-03-26,600098.SSE,买入,38.903428000000005,500,5.19,19451.71,BreakoutStrategy
2025-03-28,600098.SSE,卖出,37.98486800000001,1100,52.65,41783.35,BreakoutStrategy
2025-03-28,600350.SSE,买入,19.504280000000005,400,5.08,7801.71,BreakoutStrategy
2025-03-31,600011.SSE,卖出,29.281000000000002,1700,62.72,49777.7,BreakoutStrategy
2025-03-31,600208.SSE,买入,23.305818240000004,500,5.12,11652.91,BreakoutStrategy
2025-03-31,600350.SSE,买入,19.596680000000006,800,5.16,15677.34,BreakoutStrategy
2025-04-01,600019.SSE,卖出,16.390350399999996,1300,26.85,21307.46,BreakoutStrategy
2025-04-01,600208.SSE,卖出,21.70435264,500,15.96,10852.18,BreakoutStrategy
2025-04-01,600025.SSE,买入,10.212439999999999,1800,5.18,18382.39,BreakoutStrategy
2025-04-01,601077.SSE,买入,7.528800000000001,2500,5.19,18822.0,BreakoutStrategy
2025-04-02,600350.SSE,买入,19.966280000000005,1100,5.71,21962.91,BreakoutStrategy
2025-04-07,600350.SSE,卖出,19.43148,2300,56.31,44692.4,BreakoutStrategy
2025-04-07,600025.SSE,买入,10.242439999999998,1600,5.16,16387.9,BreakoutStrategy
2025-04-07,600600.SSE,买入,106.26225000000001,100,5.11,10626.23,BreakoutStrategy
2025-04-07,601077.SSE,买入,7.468800000000001,2300,5.17,17178.24,BreakoutStrategy
2025-04-08,002468.SZSE,卖出,24.909871999999993,4700,147.52,117076.4,BreakoutStrategy
2025-04-08,600025.SSE,卖出,10.162439999999998,3400,43.54,34552.3,BreakoutStrategy
2025-04-08,600600.SSE,卖出,106.47804999999998,100,15.75,10647.8,BreakoutStrategy
2025-04-08,601077.SSE,卖出,7.2288000000000014,4800,43.72,34698.24,BreakoutStrategy
2025-04-09,000876.SZSE,买入,221.40782134231011,200,11.51,44281.56,BreakoutStrategy
2025-04-09,002299.SZSE,买入,45.099999999999994,1100,12.9,49610.0,BreakoutStrategy
2025-04-09,002385.SZSE,买入,52.49637905565799,1000,13.65,52496.38,BreakoutStrategy
2025-04-10,002385.SZSE,卖出,48.698323865658,1000,61.36,48698.32,BreakoutStrategy
2025-04-10,002791.SZSE,买入,40.83500000000001,200,5.08,8167.0,BreakoutStrategy
2025-04-11,000876.SZSE,卖出,212.46461576531013,200,53.54,42492.92,BreakoutStrategy
2025-04-11,002299.SZSE,卖出,44.519999999999996,1100,61.7,48972.0,BreakoutStrategy
2025-04-11,300144.SZSE,买入,151.34447366700005,100,5.15,15134.45,BreakoutStrategy
2025-04-15,000975.SZSE,买入,189.41382741440006,100,5.19,18941.38,BreakoutStrategy
2025-04-17,000975.SZSE,买入,209.27841204800012,100,5.44,20927.84,BreakoutStrategy
2025-04-18,300144.SZSE,买入,154.91943445200008,100,5.15,15491.94,BreakoutStrategy
2025-04-21,600000.SSE,买入,136.16755497629998,200,7.08,27233.51,BreakoutStrategy
2025-04-24,000975.SZSE,卖出,189.47764422720005,200,47.75,37895.53,BreakoutStrategy
2025-04-24,002555.SZSE,买入,222.00600000000009,100,5.77,22200.6,BreakoutStrategy
2025-04-28,300144.SZSE,卖出,147.46351601920009,200,37.16,29492.7,BreakoutStrategy
2025-04-28,600315.SSE,买入,102.62259798460005,200,5.34,20524.52,BreakoutStrategy
2025-04-29,002791.SZSE,卖出,36.55500000000001,200,12.38,7311.0,BreakoutStrategy
2025-04-29,301165.SZSE,买入,74.66,200,5.15,14932.0,BreakoutStrategy
2025-04-30,600315.SSE,买入,106.95492078460003,200,5.56,21390.98,BreakoutStrategy
2025-05-07,600000.SSE,买入,141.1421385903,200,7.34,28228.43,BreakoutStrategy
2025-05-08,002555.SZSE,卖出,209.6740000000001,100,26.42,20967.4,BreakoutStrategy
2025-05-08,600000.SSE,买入,141.05636990730002,200,7.33,28211.27,BreakoutStrategy
2025-05-08,600039.SSE,买入,106.87374720000003,200,5.56,21374.75,BreakoutStrategy
2025-05-08,600315.SSE,买入,111.32395818460004,100,5.11,11132.4,BreakoutStrategy
2025-05-09,600000.SSE,买入,143.62943039729996,200,7.47,28725.89,BreakoutStrategy
2025-05-12,600039.SSE,买入,109.68001920000003,100,5.11,10968.0,BreakoutStrategy
2025-05-16,301165.SZSE,卖出,69.35,200,19.01,13870.0,BreakoutStrategy
2025-05-16,600004.SSE,买入,21.500826,300,5.06,6450.25,BreakoutStrategy
2025-05-16,600315.SSE,买入,112.16839398460004,100,5.11,11216.84,BreakoutStrategy
2025-05-19,600004.SSE,买入,21.604356000000003,400,5.09,8641.74,BreakoutStrategy
2025-05-20,600004.SSE,买入,21.776906000000004,400,5.09,8710.76,BreakoutStrategy
2025-05-26,600004.SSE,卖出,21.360040999999995,1100,29.61,23496.05,BreakoutStrategy
2025-05-27,002174.SZSE,买入,39.827926,100,5.04,3982.79,BreakoutStrategy
2025-05-29,002174.SZSE,买入,41.987925999999995,100,5.04,4198.79,BreakoutStrategy
2025-06-06,600039.SSE,买入,110.84123520000003,100,5.11,11084.12,BreakoutStrategy
2025-06-09,600039.SSE,买入,111.90568320000001,100,5.11,11190.57,BreakoutStrategy
2025-06-16,600315.SSE,卖出,101.86830598460004,600,77.01,61120.98,BreakoutStrategy
2025-06-16,600339.SSE,买入,15.578964399999998,100,5.02,1557.9,BreakoutStrategy
2025-06-17,600339.SSE,买入,15.146532399999998,900,5.14,13631.88,BreakoutStrategy
2025-06-18,600339.SSE,卖出,15.522928400000001,1000,20.68,15522.93,BreakoutStrategy
2025-06-18,600482.SSE,买入,62.64560914,100,5.06,6264.56,BreakoutStrategy
2025-06-19,002174.SZSE,卖出,39.177926,200,12.91,7835.59,BreakoutStrategy
2025-06-19,002426.SZSE,买入,16.134999999999998,600,5.1,9681.0,BreakoutStrategy
2025-06-23,600482.SSE,买入,63.55000913999999,200,5.13,12710.0,BreakoutStrategy
2025-06-24,002426.SZSE,买入,17.035000000000004,400,5.07,6814.0,BreakoutStrategy
2025-06-25,002426.SZSE,买入,17.635000000000005,400,5.07,7054.0,BreakoutStrategy
2025-06-26,600482.SSE,买入,64.77360914,100,5.06,6477.36,BreakoutStrategy
2025-07-02,600482.SSE,买入,67.24740913999999,100,5.07,6724.74,BreakoutStrategy
2025-07-03,600039.SSE,卖出,110.43416320000003,500,69.57,55217.08,BreakoutStrategy
2025-07-03,600170.SSE,买入,45.38262659558401,100,5.05,4538.26,BreakoutStrategy
2025-07-07,002426.SZSE,卖出,16.565,1400,29.22,23191.0,BreakoutStrategy
2025-07-07,002602.SZSE,买入,111.84472000000001,100,5.11,11184.47,BreakoutStrategy
2025-07-08,002602.SZSE,买入,113.96440000000001,100,5.11,11396.44,BreakoutStrategy
2025-07-09,002602.SZSE,买入,120.50776000000002,100,5.12,12050.78,BreakoutStrategy
2025-07-10,002602.SZSE,买入,125.48440000000001,100,5.13,12548.44,BreakoutStrategy
2025-07-11,600482.SSE,卖出,63.55660914,500,40.04,31778.3,BreakoutStrategy
2025-07-11,600170.SSE,买入,46.10907839001601,200,5.09,9221.82,BreakoutStrategy
2025-07-11,600498.SSE,买入,73.80032,100,5.07,7380.03,BreakoutStrategy
2025-07-14,002602.SZSE,卖出,115.60328000000001,400,58.26,46241.31,BreakoutStrategy
2025-07-14,002673.SZSE,买入,19.966088379999995,600,5.12,11979.65,BreakoutStrategy
2025-07-17,600170.SSE,卖出,45.604777193728005,300,18.82,13681.43,BreakoutStrategy
2025-07-17,600566.SSE,买入,67.28444824499998,300,5.25,20185.33,BreakoutStrategy
2025-07-18,600498.SSE,买入,75.96112,200,5.15,15192.22,BreakoutStrategy
2025-07-23,600000.SSE,卖出,160.42009226530007,800,161.7,128336.07,BreakoutStrategy
2025-07-23,600008.SSE,买入,29.158200000000008,500,5.15,14579.1,BreakoutStrategy
2025-07-23,600566.SSE,买入,68.19704824499998,200,5.14,13639.41,BreakoutStrategy
2025-07-25,600566.SSE,卖出,67.17669824499995,500,42.32,33588.35,BreakoutStrategy
2025-07-25,002673.SZSE,买入,20.467140379999993,1900,10.11,38887.57,BreakoutStrategy
2025-07-25,600584.SSE,买入,170.13171200000002,200,8.85,34026.34,BreakoutStrategy
2025-07-28,002673.SZSE,买入,21.093455379999995,1800,9.87,37968.22,BreakoutStrategy
2025-07-29,600008.SSE,卖出,28.732600000000005,500,19.51,14366.3,BreakoutStrategy
2025-07-29,600208.SSE,买入,28.05021504000001,300,5.08,8415.06,BreakoutStrategy
2025-07-29,600584.SSE,买入,170.47174400000003,100,5.17,17047.17,BreakoutStrategy
2025-07-30,600584.SSE,买入,175.42649600000004,100,5.18,17542.65,BreakoutStrategy
2025-08-01,002673.SZSE,卖出,20.447140379999997,4300,110.78,87922.7,BreakoutStrategy
2025-08-01,600498.SSE,买入,76.99712,200,5.15,15399.42,BreakoutStrategy
2025-08-01,600666.SSE,买入,81.43755146853715,100,5.08,8143.76,BreakoutStrategy
2025-08-04,600584.SSE,卖出,168.02294400000002,400,84.68,67209.18,BreakoutStrategy
2025-08-04,600666.SSE,买入,85.54577062270177,100,5.09,8554.58,BreakoutStrategy
2025-08-04,600733.SSE,买入,122.62375000000004,100,5.12,12262.38,BreakoutStrategy
2025-08-07,600666.SSE,卖出,77.95799849660904,200,20.75,15591.6,BreakoutStrategy
2025-08-07,600685.SSE,买入,53.94837300000002,600,8.42,32369.02,BreakoutStrategy
2025-08-07,600733.SSE,买入,127.585,200,6.63,25517.0,BreakoutStrategy
2025-08-08,600498.SSE,买入,78.18112,400,8.13,31272.45,BreakoutStrategy
2025-08-13,600685.SSE,卖出,51.55093300000002,600,38.97,30930.56,BreakoutStrategy
2025-08-13,600737.SSE,买入,170.84295667590393,100,5.17,17084.3,BreakoutStrategy
2025-08-14,600737.SSE,买入,182.39414394534398,100,5.18,18239.41,BreakoutStrategy
2025-08-19,600208.SSE,卖出,34.90350784,300,15.58,10471.05,BreakoutStrategy
2025-08-19,600233.SSE,买入,80.2174,100,5.08,8021.74,BreakoutStrategy
2025-08-19,600733.SSE,买入,132.68800000000002,100,5.13,13268.8,BreakoutStrategy
2025-08-21,600233.SSE,买入,83.7814,100,5.08,8378.14,BreakoutStrategy
2025-08-28,600733.SSE,卖出,123.02899999999998,400,62.01,49211.6,BreakoutStrategy
2025-08-29,000061.SZSE,买入,240.59176416282898,100,6.26,24059.18,BreakoutStrategy
2025-09-01,600233.SSE,卖出,78.09859999999999,200,20.78,15619.72,BreakoutStrategy
2025-09-01,600315.SSE,买入,119.14416798460006,100,5.12,11914.42,BreakoutStrategy
2025-09-03,000061.SZSE,卖出,229.1442922240785,100,28.87,22914.43,BreakoutStrategy
2025-09-03,002532.SZSE,买入,80.41399999999999,200,5.16,16082.8,BreakoutStrategy
2025-09-05,600498.SSE,卖出,82.39392,900,93.43,74154.53,BreakoutStrategy
2025-09-05,601288.SSE,买入,10.1188,2400,6.31,24285.12,BreakoutStrategy
2025-09-08,002532.SZSE,买入,81.63,300,6.37,24489.0,BreakoutStrategy
2025-09-11,600315.SSE,买入,122.11805058460006,100,5.12,12211.81,BreakoutStrategy
2025-09-12,002532.SZSE,买入,84.83,200,5.17,16966.0,BreakoutStrategy
2025-09-15,002532.SZSE,买入,85.78999999999999,200,5.17,17158.0,BreakoutStrategy
2025-09-16,601288.SSE,卖出,9.7788,2400,29.57,23469.12,BreakoutStrategy
2025-09-16,601872.SSE,买入,13.44728,900,5.12,12102.55,BreakoutStrategy
2025-09-23,600315.SSE,卖出,114.64498678460004,200,28.89,22929.0,BreakoutStrategy
2025-09-29,600737.SSE,卖出,241.876189996064,200,60.95,48375.24,BreakoutStrategy
2025-09-29,601127.SSE,买入,159.971,100,5.16,15997.1,BreakoutStrategy
2025-10-09,601127.SSE,买入,175.471,100,5.18,17547.1,BreakoutStrategy
2025-10-10,601872.SSE,卖出,13.097279999999998,900,16.91,11787.55,BreakoutStrategy
2025-10-10,601877.SSE,买入,52.945,500,6.88,26472.5,BreakoutStrategy
2025-10-14,601877.SSE,卖出,51.027000000000015,500,32.15,25513.5,BreakoutStrategy
2025-10-15,000617.SZSE,买入,82.34962089599998,200,5.16,16469.92,BreakoutStrategy
2025-10-16,601127.SSE,卖出,162.501,200,40.95,32500.2,BreakoutStrategy
2025-10-16,601163.SSE,买入,17.59,1600,7.32,28144.0,BreakoutStrategy
2025-10-17,601212.SSE,买入,6.0796,1900,5.12,11551.24,BreakoutStrategy
2025-10-20,000617.SZSE,卖出,76.85487452799998,200,20.52,15370.97,BreakoutStrategy
2025-10-20,001965.SZSE,买入,12.947999999999997,2100,7.07,27190.8,BreakoutStrategy
2025-10-20,601212.SSE,买入,6.0496,1800,5.11,10889.28,BreakoutStrategy
2025-10-22,601288.SSE,买入,10.538800000000002,2100,5.75,22131.48,BreakoutStrategy
2025-10-23,601288.SSE,买入,10.758800000000003,2100,5.87,22593.48,BreakoutStrategy
2025-10-29,001965.SZSE,买入,13.077999999999998,1500,5.2,19617.0,BreakoutStrategy
2025-10-29,601288.SSE,买入,10.968800000000002,2100,5.99,23034.48,BreakoutStrategy
2025-11-03,601163.SSE,买入,18.150000000000002,600,5.11,10890.0,BreakoutStrategy
2025-11-05,601163.SSE,买入,18.3,600,5.11,10980.0,BreakoutStrategy
2025-11-14,001965.SZSE,卖出,12.727999999999998,3600,57.73,45820.8,BreakoutStrategy
2025-11-17,000656.SZSE,买入,26.753600000000006,300,5.08,8026.08,BreakoutStrategy
2025-11-19,601288.SSE,卖出,10.848800000000002,6300,86.12,68347.44,BreakoutStrategy
2025-11-19,601360.SSE,买入,27.979660000000006,100,5.03,2797.97,BreakoutStrategy
2025-11-20,000656.SZSE,卖出,25.8888,300,12.84,7766.64,BreakoutStrategy
2025-11-20,601163.SSE,卖出,18.27,2800,64.46,51156.0,BreakoutStrategy
2025-11-20,600028.SSE,买入,18.651631999999992,1100,5.33,20516.8,BreakoutStrategy
2025-11-20,601818.SSE,买入,6.050599999999999,3600,5.66,21782.16,BreakoutStrategy
2025-11-21,601818.SSE,买入,6.110599999999999,4800,7.63,29330.88,BreakoutStrategy
2025-11-24,002532.SZSE,卖出,94.72999999999998,900,107.42,85257.0,BreakoutStrategy
2025-11-24,600685.SSE,买入,52.54502300000001,200,5.11,10509.0,BreakoutStrategy
2025-11-25,600028.SSE,卖出,18.38203199999999,1100,25.48,20220.24,BreakoutStrategy
2025-11-25,600685.SSE,买入,56.63950299999999,400,5.89,22655.8,BreakoutStrategy
2025-11-26,601238.SSE,买入,15.565999999999997,2100,8.5,32688.6,BreakoutStrategy
2025-11-27,600685.SSE,卖出,52.64059300000002,600,39.8,31584.36,BreakoutStrategy
2025-11-28,002831.SZSE,买入,74.87415817186401,300,5.84,22462.25,BreakoutStrategy
2025-12-01,002831.SZSE,买入,76.14591953186401,300,5.94,22843.78,BreakoutStrategy
2025-12-01,601238.SSE,买入,16.587999999999997,1900,8.19,31517.2,BreakoutStrategy
2025-12-04,601360.SSE,卖出,25.259660000000004,100,7.55,2525.97,BreakoutStrategy
2025-12-04,601818.SSE,卖出,5.9906,8400,63.4,50321.04,BreakoutStrategy
2025-12-04,688396.SSE,买入,54.23263,200,5.11,10846.53,BreakoutStrategy
2025-12-05,002925.SZSE,买入,42.382999999999996,400,5.17,16953.2,BreakoutStrategy
2025-12-05,688396.SSE,买入,54.41263000000001,300,5.16,16323.79,BreakoutStrategy
2025-12-08,601238.SSE,卖出,15.825999999999999,4000,79.76,63304.0,BreakoutStrategy
2025-12-09,002831.SZSE,卖出,72.44219697186398,600,54.77,43465.32,BreakoutStrategy
2025-12-09,601377.SSE,买入,20.8478006,900,5.19,18763.02,BreakoutStrategy
2025-12-10,002925.SZSE,买入,42.06,500,5.47,21030.0,BreakoutStrategy
2025-12-10,301165.SZSE,买入,122.37599999999999,100,5.12,12237.6,BreakoutStrategy
2025-12-11,601377.SSE,卖出,19.7462006,900,22.95,17771.58,BreakoutStrategy
2025-12-11,601698.SSE,买入,23.4177,900,5.48,21075.93,BreakoutStrategy
2025-12-11,688396.SSE,买入,58.212630000000004,300,5.17,17463.79,BreakoutStrategy
2025-12-15,301165.SZSE,卖出,116.81199999999997,100,16.8,11681.2,BreakoutStrategy
2025-12-15,600039.SSE,买入,120.79866240000001,200,6.28,24159.73,BreakoutStrategy
2025-12-16,002925.SZSE,卖出,38.742000000000004,900,43.93,34867.8,BreakoutStrategy
2025-12-16,601179.SSE,买入,10.400000000000004,1900,5.2,19760.0,BreakoutStrategy
2025-12-17,601698.SSE,买入,24.0877,700,5.17,16861.39,BreakoutStrategy
2025-12-19,601179.SSE,卖出,9.960000000000004,1900,24.11,18924.0,BreakoutStrategy
2025-12-19,601198.SSE,买入,15.542000000000002,1200,5.19,18650.4,BreakoutStrategy
2025-12-23,600039.SSE,卖出,118.16592639999999,200,29.78,23633.19,BreakoutStrategy
2025-12-23,600166.SSE,买入,91.5904757896418,200,5.18,18318.1,BreakoutStrategy
2025-12-23,601698.SSE,买入,25.9877,500,5.13,12993.85,BreakoutStrategy
2025-12-29,601698.SSE,买入,28.4977,400,5.11,11399.08,BreakoutStrategy
2025-12-31,688396.SSE,卖出,54.16263000000001,800,54.6,43330.1,BreakoutStrategy
2026-01-05,000708.SZSE,买入,67.66998339999999,400,7.04,27067.99,BreakoutStrategy
2026-01-07,000708.SZSE,卖出,65.14078339999999,400,32.83,26056.31,BreakoutStrategy
2026-01-07,000709.SZSE,买入,28.368585820160003,800,5.9,22694.87,BreakoutStrategy
2026-01-09,601198.SSE,卖出,15.602000000000002,1200,23.91,18722.4,BreakoutStrategy
2026-01-13,601608.SSE,买入,11.946899999999998,1700,5.28,20309.73,BreakoutStrategy
2026-01-15,601608.SSE,卖出,11.011899999999997,1700,23.91,18720.23,BreakoutStrategy
2026-01-15,601698.SSE,卖出,42.3877,2500,133.52,105969.25,BreakoutStrategy
2026-01-15,601808.SSE,买入,18.818600000000004,1200,5.87,22582.32,BreakoutStrategy
2026-01-15,601992.SSE,买入,6.031000000000001,3500,5.49,21108.5,BreakoutStrategy
2026-01-16,601992.SSE,卖出,5.5310000000000015,3500,24.55,19358.5,BreakoutStrategy
2026-01-16,603000.SSE,买入,117.04400000000003,200,6.09,23408.8,BreakoutStrategy
2026-01-19,601808.SSE,卖出,18.128600000000002,1200,27.41,21754.32,BreakoutStrategy
2026-01-19,601868.SSE,买入,2.5824,14900,10.0,38477.76,BreakoutStrategy
2026-01-19,603160.SSE,买入,86.83400000000002,400,9.03,34733.6,BreakoutStrategy
2026-01-20,600166.SSE,买入,94.76164577162179,300,7.39,28428.49,BreakoutStrategy
2026-01-21,601868.SSE,买入,2.6423999999999994,11600,7.97,30651.84,BreakoutStrategy
2026-01-22,000709.SZSE,买入,28.636822620160007,700,5.21,20045.78,BreakoutStrategy
2026-01-22,600166.SSE,买入,96.7796630328818,200,5.19,19355.93,BreakoutStrategy
2026-01-22,603160.SSE,买入,88.31400000000002,200,5.18,17662.8,BreakoutStrategy
2026-01-23,000709.SZSE,买入,28.97211862016,400,5.12,11588.85,BreakoutStrategy
2026-01-23,600166.SSE,买入,101.10398573558182,100,5.1,10110.4,BreakoutStrategy
2026-01-27,600166.SSE,卖出,98.77768029414182,800,99.57,79022.14,BreakoutStrategy
2026-01-27,600871.SSE,买入,6.606000000000001,100,5.01,660.6,BreakoutStrategy
2026-01-30,601868.SSE,卖出,2.5423999999999998,26500,84.89,67373.6,BreakoutStrategy
2026-01-30,601899.SSE,买入,65.41000000000001,100,5.07,6541.0,BreakoutStrategy
2026-02-02,601899.SSE,卖出,58.89500000000004,100,10.95,5889.5,BreakoutStrategy
2026-02-02,603160.SSE,卖出,83.86400000000002,600,63.4,50318.4,BreakoutStrategy
2026-02-02,600871.SSE,买入,7.438500000000002,1900,5.14,14133.15,BreakoutStrategy
2026-02-03,000709.SZSE,卖出,28.214467420159995,1900,67.55,53607.49,BreakoutStrategy
2026-02-04,002938.SZSE,买入,66.67,300,5.2,20001.0,BreakoutStrategy
2026-02-04,300957.SZSE,买入,47.100478,900,11.02,42390.43,BreakoutStrategy
2026-02-04,601231.SSE,买入,75.57300000000002,200,5.15,15114.6,BreakoutStrategy
2026-02-05,000738.SZSE,买入,57.907632204750016,200,5.12,11581.53,BreakoutStrategy
2026-02-05,300957.SZSE,买入,48.260478000000006,800,10.04,38608.38,BreakoutStrategy
2026-02-06,300957.SZSE,买入,50.00047800000001,600,7.8,30000.29,BreakoutStrategy
2026-02-10,300957.SZSE,买入,51.83047800000001,600,8.09,31098.29,BreakoutStrategy
2026-02-24,002938.SZSE,卖出,59.800000000000004,300,23.12,17940.0,BreakoutStrategy
2026-02-24,600015.SSE,买入,32.86639359999998,300,5.1,9859.92,BreakoutStrategy
2026-03-02,601231.SSE,卖出,97.513,200,24.7,19502.6,BreakoutStrategy
2026-03-03,300957.SZSE,卖出,48.89047800000001,2900,178.65,141782.39,BreakoutStrategy
2026-03-03,000738.SZSE,买入,60.45643379775001,100,5.06,6045.64,BreakoutStrategy
2026-03-03,600010.SSE,买入,23.100327999999998,400,5.09,9240.13,BreakoutStrategy
2026-03-04,000738.SZSE,卖出,53.87002969375001,300,21.32,16161.01,BreakoutStrategy
2026-03-04,600010.SSE,卖出,21.066567999999993,400,13.51,8426.63,BreakoutStrategy
2026-03-04,000937.SZSE,买入,60.501999999999995,600,9.44,36301.2,BreakoutStrategy
2026-03-04,600015.SSE,买入,32.95400319999999,1300,11.14,42840.2,BreakoutStrategy
2026-03-04,600018.SSE,买入,17.657919999999997,2300,10.56,40613.22,BreakoutStrategy
2026-03-04,601872.SSE,买入,26.805680000000013,700,5.19,18763.98,BreakoutStrategy
2026-03-05,600018.SSE,卖出,17.437919999999995,2300,50.54,40107.22,BreakoutStrategy
2026-03-05,600025.SSE,买入,11.152439999999997,1600,5.18,17843.9,BreakoutStrategy
2026-03-06,601872.SSE,卖出,24.409680000000012,700,22.26,17086.78,BreakoutStrategy
2026-03-06,600025.SSE,买入,11.342439999999998,2300,6.78,26087.61,BreakoutStrategy
2026-03-09,000539.SZSE,买入,72.55347462768,200,5.15,14510.69,BreakoutStrategy
2026-03-09,600015.SSE,买入,33.15842559999999,900,7.76,29842.58,BreakoutStrategy
2026-03-09,600025.SSE,买入,11.552439999999999,2500,7.51,28881.1,BreakoutStrategy
2026-03-11,600015.SSE,买入,33.362847999999985,600,5.2,20017.71,BreakoutStrategy
2026-03-12,000937.SZSE,卖出,60.43,600,45.69,36258.0,BreakoutStrategy
2026-03-12,001289.SZSE,买入,19.0744,100,5.02,1907.44,BreakoutStrategy
2026-03-12,600025.SSE,买入,11.832439999999998,1400,5.17,16565.42,BreakoutStrategy
2026-03-13,000539.SZSE,买入,75.29026374768002,100,5.08,7529.03,BreakoutStrategy
2026-03-13,001289.SZSE,买入,19.514400000000002,200,5.04,3902.88,BreakoutStrategy
2026-03-18,000539.SZSE,卖出,77.03593414767997,300,29.12,23110.78,BreakoutStrategy
2026-03-18,002470.SZSE,买入,15.83,100,5.02,1583.0,BreakoutStrategy
2026-03-24,002470.SZSE,卖出,13.050000000000002,1200,20.82,15660.0,BreakoutStrategy
2026-03-24,600025.SSE,卖出,11.432439999999998,7800,112.36,89173.03,BreakoutStrategy
2026-03-25,000617.SZSE,买入,76.391808672,100,5.08,7639.18,BreakoutStrategy
2026-03-25,000883.SZSE,买入,27.85443374284,1000,7.24,27854.43,BreakoutStrategy
2026-03-25,001289.SZSE,买入,20.1144,1100,5.75,22125.84,BreakoutStrategy
2026-03-26,000883.SZSE,买入,28.661658622840005,700,5.22,20063.16,BreakoutStrategy
2026-03-31,001289.SZSE,卖出,18.524399999999996,1400,32.68,25934.16,BreakoutStrategy
2026-03-31,601328.SSE,买入,14.263610999999997,900,5.13,12837.25,BreakoutStrategy
2026-04-01,000883.SZSE,卖出,26.98472334284001,1700,57.8,45874.03,BreakoutStrategy
2026-04-01,600350.SSE,买入,20.467880000000005,700,5.14,14327.52,BreakoutStrategy
2026-04-03,601328.SSE,买入,14.390110999999996,1700,6.36,24463.19,BreakoutStrategy
2026-04-09,601328.SSE,卖出,14.129760999999998,2600,46.29,36737.38,BreakoutStrategy
2026-04-10,002938.SZSE,买入,60.220000000000006,200,5.12,12044.0,BreakoutStrategy
2026-04-13,600350.SSE,卖出,19.563480000000002,700,18.83,13694.44,BreakoutStrategy
2026-04-13,601077.SSE,买入,9.042359999999999,2400,5.64,21701.66,BreakoutStrategy
2026-04-14,002938.SZSE,买入,63.26,200,5.13,12652.0,BreakoutStrategy
2026-04-15,002938.SZSE,买入,64.76,200,5.13,12952.0,BreakoutStrategy
2026-04-16,000617.SZSE,卖出,72.2496467008,100,12.3,7224.96,BreakoutStrategy
2026-04-16,002157.SZSE,买入,64.894144,200,5.13,12978.83,BreakoutStrategy
2026-04-20,600015.SSE,卖出,33.98531839999999,3100,132.75,105354.49,BreakoutStrategy
2026-04-20,002938.SZSE,买入,66.21000000000001,100,5.07,6621.0,BreakoutStrategy
2026-04-20,600208.SSE,买入,24.948109440000007,500,5.12,12474.05,BreakoutStrategy
2026-04-21,600208.SSE,买入,25.73884224,1100,7.36,28312.73,BreakoutStrategy
2026-04-22,600208.SSE,买入,26.71205184000001,1000,6.95,26712.05,BreakoutStrategy
2026-04-22,601077.SSE,买入,9.202359999999999,3200,7.66,29447.55,BreakoutStrategy
2026-04-23,600208.SSE,买入,28.111040640000006,700,5.2,19677.73,BreakoutStrategy
2026-04-24,002157.SZSE,卖出,61.562144,200,17.44,12312.43,BreakoutStrategy
2026-04-24,002375.SZSE,买入,28.47619686543358,300,5.09,8542.86,BreakoutStrategy
2026-05-08,002375.SZSE,买入,29.177991953975017,400,5.12,11671.2,BreakoutStrategy
2026-05-11,601077.SSE,卖出,8.862359999999999,5600,62.53,49629.22,BreakoutStrategy
2026-05-11,601111.SSE,买入,8.198070000000001,1000,5.08,8198.07,BreakoutStrategy
2026-05-12,002375.SZSE,买入,29.704338270381093,500,5.15,14852.17,BreakoutStrategy
2026-05-14,002375.SZSE,买入,33.2133137130883,500,5.17,16606.66,BreakoutStrategy
2026-05-18,002375.SZSE,卖出,30.09371873869693,1700,64.46,51159.32,BreakoutStrategy
2026-05-18,601111.SSE,卖出,7.648069999999999,1000,12.72,7648.07,BreakoutStrategy
2026-05-18,002600.SZSE,买入,71.41200799999997,100,5.07,7141.2,BreakoutStrategy
2026-05-18,601728.SSE,买入,7.540199999999999,1400,5.11,10556.28,BreakoutStrategy
2026-05-19,600339.SSE,买入,18.490673199999996,900,5.17,16641.61,BreakoutStrategy
2026-05-19,601728.SSE,买入,7.8001999999999985,2700,5.48,21060.54,BreakoutStrategy
2026-05-20,601728.SSE,买入,7.980199999999998,2200,5.18,17556.44,BreakoutStrategy
2026-05-21,601728.SSE,卖出,7.6301999999999985,6300,60.57,48070.26,BreakoutStrategy
2026-05-21,603517.SSE,买入,24.529999999999998,300,5.07,7359.0,BreakoutStrategy
2026-05-22,002600.SZSE,卖出,65.23200799999996,100,11.59,6523.2,BreakoutStrategy
2026-05-22,600339.SSE,卖出,17.353557199999994,900,20.77,15618.2,BreakoutStrategy
2026-05-22,600350.SSE,买入,22.13108,700,5.15,15491.76,BreakoutStrategy
2026-05-22,600909.SSE,买入,9.250999999999998,1100,5.1,10176.1,BreakoutStrategy
2026-05-25,600350.SSE,买入,22.40828000000001,800,5.18,17926.62,BreakoutStrategy
2026-05-25,600909.SSE,买入,9.497999999999998,1200,5.11,11397.6,BreakoutStrategy
2026-05-26,600350.SSE,买入,22.329080000000005,700,5.16,15630.36,BreakoutStrategy
2026-05-26,603517.SSE,买入,25.874,300,5.08,7762.2,BreakoutStrategy
2026-05-27,600350.SSE,卖出,21.860279999999996,2200,60.6,48092.62,BreakoutStrategy
2026-05-27,600909.SSE,买入,9.719000000000001,500,5.05,4859.5,BreakoutStrategy
2026-05-27,601066.SSE,买入,25.625,100,5.03,2562.5,BreakoutStrategy
2026-05-29,002938.SZSE,卖出,112.17999999999999,700,98.94,78526.0,BreakoutStrategy
2026-05-29,603517.SSE,卖出,23.823999999999998,600,19.44,14294.4,BreakoutStrategy
2026-05-29,600011.SSE,买入,33.330999999999996,300,5.1,9999.3,BreakoutStrategy
2026-06-01,600011.SSE,买入,35.723000000000006,800,7.43,28578.4,BreakoutStrategy
2026-06-01,601066.SSE,买入,26.365,1000,6.85,26365.0,BreakoutStrategy
2026-06-02,600011.SSE,买入,36.737,600,5.73,22042.2,BreakoutStrategy
2026-06-03,600011.SSE,卖出,35.261,1700,75.53,59943.7,BreakoutStrategy
2026-06-03,600025.SSE,买入,11.36244,1200,5.14,13634.93,BreakoutStrategy
2026-06-03,601066.SSE,买入,27.825,500,5.14,13912.5,BreakoutStrategy
2026-06-09,600025.SSE,卖出,10.91244,1200,18.23,13094.93,BreakoutStrategy
2026-06-09,600909.SSE,卖出,9.061999999999998,2800,31.97,25373.6,BreakoutStrategy
2026-06-09,600516.SSE,买入,83.80985305088,100,5.08,8380.99,BreakoutStrategy
2026-06-09,601088.SSE,买入,73.67999999999998,200,5.15,14736.0,BreakoutStrategy
2026-06-10,600340.SSE,买入,103.53751697248003,200,5.38,20707.5,BreakoutStrategy
2026-06-11,601088.SSE,卖出,72.05999999999997,200,19.56,14412.0,BreakoutStrategy
2026-06-11,601166.SSE,买入,94.32687675999998,200,5.19,18865.38,BreakoutStrategy
2026-06-12,600516.SSE,卖出,80.91369627648,100,13.17,8091.37,BreakoutStrategy
2026-06-12,601211.SSE,买入,22.044999999999998,800,5.18,17636.0,BreakoutStrategy
2026-06-15,601166.SSE,买入,94.97811676,200,5.19,18995.62,BreakoutStrategy
2026-06-15,601211.SSE,买入,22.584999999999997,900,5.28,20326.5,BreakoutStrategy
2026-06-18,601166.SSE,卖出,92.43091675999997,400,46.59,36972.37,BreakoutStrategy
2026-06-22,002600.SZSE,买入,69.97200799999999,100,5.07,6997.2,BreakoutStrategy
2026-06-23,601211.SSE,买入,23.014999999999997,900,5.39,20713.5,BreakoutStrategy
2026-06-25,600340.SSE,卖出,100.73495759288001,200,25.39,20146.99,BreakoutStrategy
2026-06-26,600909.SSE,买入,15.477999999999998,400,5.06,6191.2,BreakoutStrategy
2026-06-30,601211.SSE,买入,23.205,900,5.43,20884.5,BreakoutStrategy
2026-07-06,600909.SSE,卖出,14.209999999999997,400,10.74,5684.0,BreakoutStrategy
2026-07-06,601881.SSE,买入,15.49533,400,5.06,6198.13,BreakoutStrategy
2026-07-09,002600.SZSE,卖出,63.032008,100,11.37,6303.2,BreakoutStrategy
2026-07-09,002791.SZSE,买入,25.025000000000002,200,5.05,5005.0,BreakoutStrategy
2026-07-13,601066.SSE,卖出,29.194999999999997,1600,58.86,46712.0,BreakoutStrategy
2026-07-13,688561.SSE,买入,25.51,200,5.05,5102.0,BreakoutStrategy
2026-07-23,002791.SZSE,卖出,23.609999999999996,200,9.77,4722.0,BreakoutStrategy
2026-07-23,600048.SSE,买入,170.36049600000004,100,5.17,17036.05,BreakoutStrategy
2026-07-23,688561.SSE,买入,26.21,300,5.08,7863.0,BreakoutStrategy
2026-07-27,601881.SSE,卖出,14.57033,400,10.89,5828.13,BreakoutStrategy
2026-07-27,688561.SSE,卖出,23.959999999999997,500,17.1,11980.0,BreakoutStrategy
2026-07-27,601919.SSE,买入,30.339998700000006,400,5.12,12136.0,BreakoutStrategy
2026-07-28,300979.SZSE,买入,43.86,200,5.09,8772.0,BreakoutStrategy
2026-07-29,300979.SZSE,买入,44.86000000000001,200,5.09,8972.0,BreakoutStrategy
2026-07-30,601919.SSE,买入,30.547998700000008,400,5.12,12219.2,BreakoutStrategy
2026-07-31,300979.SZSE,买入,44.720000000000006,200,5.09,8944.0,BreakoutStrategy
2026-07-31,601919.SSE,买入,30.521998700000008,400,5.12,12208.8,BreakoutStrategy
2026-08-05,601211.SSE,卖出,23.064999999999994,3500,101.72,80727.5,BreakoutStrategy
2026-08-05,601611.SSE,买入,12.459,200,5.02,2491.8,BreakoutStrategy
2026-08-06,300979.SZSE,卖出,43.16000000000001,600,32.63,25896.0,BreakoutStrategy
2026-08-06,601919.SSE,卖出,30.2809987,1200,45.78,36337.2,BreakoutStrategy
2026-08-06,600026.SSE,买入,27.91280000000001,400,5.11,11165.12,BreakoutStrategy
2026-08-06,601611.SSE,买入,13.018999999999998,900,5.12,11717.1,BreakoutStrategy
2026-08-06,603000.SSE,买入,75.85600000000004,200,5.15,15171.2,BreakoutStrategy
2026-08-10,601611.SSE,卖出,12.238999999999999,1100,18.6,13462.9,BreakoutStrategy
2026-08-10,600048.SSE,买入,173.20780799999997,100,5.17,17320.78,BreakoutStrategy
2026-08-10,601699.SSE,买入,117.05116,100,5.12,11705.12,BreakoutStrategy
2026-08-13,600048.SSE,买入,174.631464,100,5.17,17463.15,BreakoutStrategy
2026-08-19,603000.SSE,卖出,71.55600000000001,400,36.06,28622.4,BreakoutStrategy
2026-08-20,000723.SZSE,买入,28.137624000000002,700,5.2,19696.34,BreakoutStrategy
2026-08-20,600026.SSE,买入,29.06090000000001,600,5.17,17436.54,BreakoutStrategy
2026-08-21,000723.SZSE,卖出,27.207831999999996,700,24.24,19045.48,BreakoutStrategy
2026-08-21,000983.SZSE,买入,77.80944959999998,200,5.16,15561.89,BreakoutStrategy
2026-08-24,600048.SSE,卖出,170.656864,300,64.51,51197.06,BreakoutStrategy
2026-08-24,000983.SZSE,买入,81.3138336,200,5.16,16262.77,BreakoutStrategy
2026-08-24,600026.SSE,买入,30.441200000000013,500,5.15,15220.6,BreakoutStrategy
2026-08-24,601699.SSE,买入,120.42076000000002,100,5.12,12042.08,BreakoutStrategy
2026-08-24,601872.SSE,买入,28.402880000000017,300,5.09,8520.86,BreakoutStrategy
2026-08-25,000983.SZSE,买入,80.6648736,200,5.16,16132.97,BreakoutStrategy
