datetime,symbol,prob_up,label
2026-05-27 14:57:00,,0.23452355305899358,0
2026-06-12 09:32:00,,0.34334568240146085,0
2026-06-18 10:34:00,,0.09370443309393581,0
2026-06-18 13:23:00,,0.04505914771863241,0
2026-07-07 11:24:00,,0.08411345543906869,0
2026-07-08 09:36:00,,0.21376787794685137,0
2026-07-13 14:42:00,,0.026748757437374704,0
2026-07-20 10:56:00,,0.050627643352687136,0
2026-07-20 14:05:00,,0.05521821815945449,0
2026-08-12 09:37:00,,0.09346545669694752,0
2026-08-13 11:16:00,,0.026367958339273915,0
2026-08-24 09:44:00,,0.10490660419592066,0
2026-08-24 13:18:00,,0.03330855244511326,0
2026-06-25 10:28:00,,0.3559055406485803,0
2026-06-25 10:29:00,,0.2070243098609409,0
2026-07-01 14:41:00,,0.12473539180032328,0
2026-07-29 13:51:00,,0.2649532641900359,0
2026-06-04 14:18:00,,0.14912020350690303,0
2026-06-15 13:32:00,,0.0849042283484348,0
2026-06-17 10:53:00,,0.09179513956517972,1
2026-06-30 14:23:00,,0.0627009696560541,0
2026-07-07 14:35:00,,0.06244461629249478,1
2026-07-21 13:17:00,,0.15642324037883276,0
2026-08-06 10:22:00,,0.09670082560302896,0
2026-08-14 14:57:00,,0.22838151702684423,0
2026-06-16 14:12:00,,0.08580110958981017,0
2026-06-29 14:36:00,,0.058643848699690235,0
2026-08-03 09:54:00,,0.25462621781287953,0
2026-08-05 09:31:00,,0.3426680438930773,0
2026-08-06 09:56:00,,0.2818693575758214,0
2026-08-25 14:23:00,,0.04955779340314327,0
2026-09-02 14:05:00,,0.11557937965163495,0
2026-06-12 13:16:00,,0.11363235015562409,1
2026-06-24 10:38:00,,0.11026184240345387,0
2026-07-07 10:35:00,,0.11817835787099158,0
2026-07-31 11:09:00,,0.06807133356450022,0
2026-08-03 11:29:00,,0.1925931972326186,0
2026-05-26 10:39:00,,0.0853279035688182,0
2026-05-26 13:53:00,,0.11110581302897594,0
2026-05-27 09:55:00,,0.0974483348207639,0
2026-06-02 10:48:00,,0.090931187424004,0
2026-06-10 13:31:00,,0.08077966246737865,0
2026-06-12 14:31:00,,0.05680066876524054,0
2026-06-17 13:48:00,,0.12479260685595422,0
2026-07-30 14:36:00,,0.06137563319544863,0
2026-09-03 14:28:00,,0.031979208279070095,0
2026-05-22 14:09:00,,0.052986953032948265,0
2026-06-01 14:36:00,,0.13607800309393972,0
2026-06-15 11:01:00,,0.18057577597652516,0
2026-06-18 10:49:00,,0.18877642554476606,0
2026-07-07 14:08:00,,0.13765200555010645,0
2026-07-14 10:57:00,,0.11956774880280613,0
2026-08-14 13:12:00,,0.10584701856711894,0
2026-05-21 14:55:00,,0.1644608236689854,0
2026-05-29 14:17:00,,0.16850513340499426,0
2026-07-09 14:00:00,,0.08556127013000303,0
2026-07-10 10:33:00,,0.11215619157913145,0
2026-07-30 10:31:00,,0.08198442800238824,0
2026-08-06 10:06:00,,0.08974191224533855,0
2026-08-13 14:13:00,,0.0449446595916165,0
2026-08-18 10:28:00,,0.08578110614144104,0
2026-08-18 14:16:00,,0.041624999772724526,0
2026-05-25 10:21:00,,0.06874745392594059,0
2026-07-06 13:54:00,,0.04687878870143845,0
2026-07-10 14:14:00,,0.07169990013927335,0
2026-07-13 13:59:00,,0.1657118461303611,0
2026-07-21 13:31:00,,0.0802209238836225,0
2026-07-23 11:16:00,,0.06656784845846123,0
2026-07-27 14:06:00,,0.11114867089400286,0
2026-08-12 09:51:00,,0.0870873091876021,0
2026-08-21 11:18:00,,0.021166239455221208,0
2026-05-29 10:42:00,,0.24826422193797795,0
2026-06-17 10:00:00,,0.3287138026881977,0
2026-07-07 14:48:00,,0.11279569659216424,0
2026-07-08 10:49:00,,0.21140977344026995,0
2026-07-13 13:36:00,,0.15837597641812923,0
2026-07-24 14:29:00,,0.4949081412802744,0
2026-07-30 14:22:00,,0.23167183331495833,0
2026-08-11 14:24:00,,0.13671540430769857,0
2026-08-13 09:47:00,,0.255560776252732,1
2026-08-17 13:01:00,,0.18231382009510771,0
2026-08-24 14:21:00,,0.11141347748405447,0
2026-09-02 13:50:00,,0.09903118855657216,0
2026-06-26 11:29:00,,0.15250225487099756,0
2026-07-06 13:53:00,,0.04032710663887189,0
2026-07-13 10:40:00,,0.04564105661556123,0
2026-07-17 14:11:00,,0.04088629831510679,0
2026-07-20 13:46:00,,0.17308920056235397,1
2026-08-14 11:02:00,,0.06505460083554543,0
2026-08-25 10:24:00,,0.06420801323433949,0
2026-08-27 10:39:00,,0.09612645421603572,0
2026-09-01 14:36:00,,0.0187557416773934,0
2026-09-02 10:07:00,,0.09320787287037725,0
2026-09-04 13:31:00,,0.14683506769911103,0
2026-09-04 13:50:00,,0.05039074670796704,0
2026-07-15 14:46:00,,0.1204691092562151,0
2026-07-30 13:19:00,,0.1954029126764946,0
2026-08-06 09:38:00,,0.27175977661859996,0
2026-08-17 14:45:00,,0.04304735122903024,0
2026-06-03 09:54:00,,0.15659635663192184,0
2026-06-04 09:52:00,,0.21089678695026384,0
2026-07-02 11:19:00,,0.0448971339678876,0
2026-07-06 14:12:00,,0.03703617730736342,0
2026-07-06 14:54:00,,0.07613652362704354,0
2026-07-10 11:10:00,,0.12064855239984162,0
2026-07-23 09:31:00,,0.31994932496269435,0
2026-07-27 13:09:00,,0.10506456297688452,0
2026-06-12 10:50:00,,0.07282738575432543,0
2026-07-16 14:56:00,,0.1887962799491267,1
2026-08-19 10:53:00,,0.037942062027063954,0
2026-08-21 11:28:00,,0.09415060103065588,0
2026-08-21 13:55:00,,0.030073029834232,0
2026-05-21 13:56:00,,0.06013107750131854,0
2026-05-25 10:03:00,,0.09688911166959976,0
2026-07-21 11:28:00,,0.15635501352152698,0
2026-07-29 10:02:00,,0.15407659449065064,0
2026-08-04 14:35:00,,0.03338101489874893,0
2026-08-14 14:32:00,,0.022445793859237482,0
2026-08-17 10:47:00,,0.04937298410855216,0
2026-05-26 11:29:00,,0.12412174479853232,0
2026-06-24 10:26:00,,0.19063819627403472,0
2026-06-24 10:56:00,,0.09993381511299296,0
2026-07-07 10:18:00,,0.09955154060936863,0
2026-07-31 09:34:00,,0.24952754285191375,0
2026-07-31 11:09:00,,0.06256542898188447,0
2026-08-11 10:45:00,,0.07691663570280304,0
2026-08-14 09:59:00,,0.22292064763156524,0
2026-05-27 14:50:00,,0.06977833215649909,0
2026-05-29 09:32:00,,0.17033646357318336,1
2026-06-08 10:28:00,,0.2156819362150708,0
2026-06-17 10:45:00,,0.15799189002959785,0
2026-06-25 09:44:00,,0.287772741885907,0
2026-07-21 13:12:00,,0.06750075879420012,0
2026-07-27 10:03:00,,0.1789477424186397,0
2026-08-17 13:44:00,,0.04644036579157365,0
2026-05-26 14:39:00,,0.021228476330816398,0
2026-06-15 14:10:00,,0.018786515343488637,0
2026-06-24 14:21:00,,0.027492883266300124,0
2026-07-15 14:47:00,,0.03000645041370349,0
2026-08-10 13:24:00,,0.052196323075982626,0
2026-08-12 13:20:00,,0.09708828248843475,0
2026-08-28 11:29:00,,0.02282996070542621,0
2026-06-02 10:59:00,,0.27519361808049253,0
2026-06-09 11:11:00,,0.30706031092942093,0
2026-06-12 09:53:00,,0.38195766726142105,0
2026-06-18 13:54:00,,0.19774187729952594,0
2026-07-15 09:30:00,,0.34912507699877054,0
2026-07-22 10:27:00,,0.21546227518846572,0
2026-08-07 14:04:00,,0.08183240743151797,0
2026-08-10 13:04:00,,0.3097508418749563,0
2026-09-04 13:15:00,,0.35670499689651564,0
2026-05-22 09:45:00,,0.2023278533774995,0
2026-06-02 10:30:00,,0.11408235401309083,0
2026-06-22 13:40:00,,0.08567233165542118,0
2026-07-10 14:54:00,,0.15950593748341482,0
2026-07-16 14:25:00,,0.04545292733174819,1
2026-07-21 10:48:00,,0.1972815371479637,0
2026-07-22 09:50:00,,0.27608926606950523,1
2026-08-18 11:09:00,,0.07139717321194203,0
2026-06-16 10:49:00,,0.15912687150726457,0
2026-07-03 09:41:00,,0.45732604063179866,0
2026-07-14 11:27:00,,0.13193548338522232,1
2026-08-03 14:01:00,,0.5424441696196272,0
2026-08-12 10:20:00,,0.40050835718763167,0
2026-08-31 09:30:00,,0.2925654770872452,0
2026-06-12 10:00:00,,0.22639281355583088,0
2026-06-12 13:02:00,,0.19491339727947143,0
2026-06-22 09:50:00,,0.20717317241475158,0
2026-06-22 10:16:00,,0.12591152344624582,0
2026-06-23 13:24:00,,0.05559384750683246,0
2026-06-25 14:49:00,,0.055394390957533235,0
2026-07-06 13:31:00,,0.03799691154744276,0
2026-07-16 10:15:00,,0.1580623537077199,0
2026-07-20 14:11:00,,0.1763705164359557,0
2026-08-13 11:03:00,,0.05581646246645829,0
2026-06-16 13:29:00,,0.29758815262519756,0
2026-06-25 10:38:00,,0.21480334670071194,0
2026-06-26 13:54:00,,0.2020033938175804,0
2026-07-01 14:55:00,,0.18596600039570166,1
2026-07-17 10:06:00,,0.43329151865181237,0
2026-07-17 13:20:00,,0.314081162384118,0
2026-08-10 10:58:00,,0.36816035636596023,0
2026-08-13 13:24:00,,0.4732791929533629,0
2026-08-31 14:28:00,,0.14060092777703426,0
2026-06-01 14:17:00,,0.10377981587457916,0
2026-06-24 09:41:00,,0.3078291529230669,0
2026-06-26 10:15:00,,0.22817159159014958,1
2026-07-09 11:16:00,,0.16875050687452975,0
2026-07-31 13:21:00,,0.056750277335061515,0
2026-08-11 10:59:00,,0.09497637870609701,0
2026-08-17 13:16:00,,0.045266628495093254,0
2026-07-03 11:29:00,,0.17631008860483585,0
2026-08-05 14:26:00,,0.14221194916902713,0
2026-08-10 13:41:00,,0.10466443511685497,0
2026-07-17 11:23:00,,0.315724727471136,0
2026-07-20 09:42:00,,0.45707968909255353,1
2026-08-07 13:10:00,,0.10612180625393547,1
2026-08-17 10:28:00,,0.04919536009263084,0
2026-08-31 09:42:00,,0.15212124642499575,0
2026-06-03 13:43:00,,0.01823996493301096,0
2026-06-08 11:11:00,,0.029318600300853707,0
2026-05-25 14:21:00,,0.10903076561668308,0
2026-06-26 11:10:00,,0.17546515533149598,0
2026-07-07 10:21:00,,0.0882819243153942,0
2026-07-13 14:34:00,,0.05171406410328933,1
2026-07-20 10:43:00,,0.1812221379669838,0
2026-08-18 10:23:00,,0.17664462924622332,0
2026-08-25 14:24:00,,0.05793647607624918,0
2026-06-03 13:29:00,,0.19600237040082102,0
2026-06-30 14:16:00,,0.21817076151726258,0
2026-07-14 10:18:00,,0.39719919970491857,1
2026-09-01 13:09:00,,0.27732369599724815,0
2026-09-02 10:48:00,,0.3353783089427009,0
2026-05-21 13:07:00,,0.078270564431005,0
2026-05-28 10:23:00,,0.16342504939300043,1
2026-06-12 09:50:00,,0.25284456297345514,1
2026-06-26 10:00:00,,0.3731230827036266,0
2026-07-08 11:07:00,,0.08212640877475628,0
2026-07-21 14:40:00,,0.07688040976944757,0
2026-08-25 13:45:00,,0.09268506515920015,0
2026-06-16 10:30:00,,0.4044487977571734,1
2026-07-13 14:13:00,,0.23275854693133796,0
2026-07-16 14:14:00,,0.1510061287339866,0
2026-07-21 13:32:00,,0.4624637770882533,0
2026-07-29 14:47:00,,0.07245135515519319,0
2026-08-12 11:13:00,,0.20290806141549486,0
2026-05-22 10:31:00,,0.084250708099499,0
2026-06-18 10:28:00,,0.09580986963142007,0
2026-08-12 14:17:00,,0.06811844129842849,0
2026-08-18 09:50:00,,0.002369209718240939,0
2026-05-28 13:42:00,,0.23830700731662757,0
2026-06-08 14:49:00,,0.17017788897178837,0
2026-06-23 13:36:00,,0.08597420425409762,0
2026-06-29 11:09:00,,0.14358567875238953,1
2026-07-27 13:57:00,,0.1053266067337587,1
2026-07-29 13:12:00,,0.15211194246141285,0
2026-08-14 13:14:00,,0.09700328476351269,0
2026-05-21 10:36:00,,0.17643193188781048,0
2026-05-25 14:19:00,,0.1055681342580458,0
2026-07-07 09:48:00,,0.3998931251534981,0
2026-07-08 14:46:00,,0.1484060573973041,0
2026-07-21 10:41:00,,0.30595287075057437,0
2026-07-30 14:51:00,,0.11831913241391519,0
2026-08-03 13:16:00,,0.11926618389734987,0
2026-05-26 09:31:00,,0.36624622391573236,0
2026-06-11 09:54:00,,0.28560963930220795,0
2026-06-22 13:49:00,,0.18419359543757668,1
2026-06-23 10:11:00,,0.15080355610662885,0
2026-06-24 10:49:00,,0.19489399859868908,0
2026-07-06 09:35:00,,0.31859116773129137,0
2026-07-07 10:46:00,,0.17954526827805498,0
2026-08-04 10:49:00,,0.06513793394893116,0
2026-08-31 13:01:00,,0.18617763307592178,0
2026-06-23 13:31:00,,0.16244936034897534,0
2026-06-24 09:40:00,,0.47036750950319706,0
2026-06-25 10:24:00,,0.33699955986955427,1
2026-06-25 14:27:00,,0.4753180347354091,1
2026-07-17 14:07:00,,0.2543512652566596,1
2026-07-28 10:48:00,,0.24604423389771174,0
2026-08-24 09:42:00,,0.2749998193593585,1
2026-08-25 13:22:00,,0.4376196701164525,0
2026-08-26 13:49:00,,0.05123617985648877,0
2026-08-31 09:39:00,,0.2520429481000369,0
2026-05-26 11:04:00,,0.23855545385721819,0
2026-06-01 13:21:00,,0.0010686426597447398,0
2026-06-03 09:37:00,,0.40340764646779526,1
2026-06-12 13:41:00,,0.20188169529157077,0
2026-06-22 10:59:00,,0.2133753232347029,1
2026-07-27 09:43:00,,0.2997361070420632,1
2026-08-05 14:19:00,,0.22248090931531464,0
2026-08-13 14:14:00,,0.10590152089710697,0
2026-08-18 13:05:00,,0.2383352633487573,1
2026-05-26 10:55:00,,0.20177640606492178,0
2026-06-01 13:18:00,,0.0008380445577659093,0
2026-06-12 11:15:00,,0.20149707325570987,1
2026-06-24 09:37:00,,0.40907896139982314,0
2026-07-27 10:00:00,,0.28103851151910814,1
2026-08-12 10:13:00,,0.24828192354044948,0
2026-08-21 11:27:00,,0.1820038439728483,0
2026-06-09 13:49:00,,0.1369812750504147,0
2026-07-01 10:27:00,,0.31797672984292086,1
2026-07-13 13:58:00,,0.5059518122121018,1
2026-08-10 10:32:00,,0.36176307071992375,0
2026-08-11 13:09:00,,0.15020968346395194,0
2026-08-12 13:16:00,,0.30517645630950063,0
2026-08-18 11:08:00,,0.4165142060652765,0
2026-09-03 14:53:00,,0.15871888345993262,0
2026-06-04 14:53:00,,0.25847156147825434,0
2026-06-16 10:06:00,,0.22783693254327728,0
2026-06-29 11:23:00,,0.07024788524900515,0
2026-07-29 10:46:00,,0.3070833348970891,0
2026-05-29 10:42:00,,0.18777203946747775,0
2026-06-24 14:25:00,,0.33716831899694333,0
2026-06-26 14:39:00,,0.12617781646708487,0
2026-06-29 10:16:00,,0.44826701543288616,1
2026-07-16 10:28:00,,0.12365449495623523,0
2026-07-28 09:59:00,,0.39776851424677284,0
2026-08-11 09:51:00,,0.1674257716501559,1
2026-08-27 14:37:00,,0.018865194277579822,0
2026-09-01 11:25:00,,0.11017487052929102,0
2026-05-21 10:46:00,,0.11342630141447842,0
2026-05-29 13:55:00,,0.10921356800582455,0
2026-06-03 10:48:00,,0.16354863775940834,0
2026-06-26 14:35:00,,0.049020990899321465,1
2026-07-22 14:42:00,,0.05816514938736573,0
2026-07-29 11:15:00,,0.17562894923935132,1
2026-07-30 11:10:00,,0.0639613815937342,0
2026-08-13 10:57:00,,0.11928462381262811,0
2026-08-14 09:55:00,,0.27269603921560615,0
2026-06-10 10:41:00,,0.15595780116834201,1
2026-06-15 13:13:00,,0.28009834456901145,0
2026-07-08 11:27:00,,0.22711765450864246,0
2026-07-15 10:01:00,,0.3058359474247652,0
2026-07-16 13:24:00,,0.18224527569915555,0
2026-07-21 13:41:00,,0.20557284197821132,1
2026-07-23 13:47:00,,0.18830296203240893,0
2026-08-13 13:35:00,,0.21815016969024714,0
2026-09-02 09:43:00,,0.27769443151187917,1
2026-05-27 10:34:00,,0.27432390188991296,0
2026-06-26 14:33:00,,0.10869114814475438,1
2026-06-30 14:14:00,,0.16959273637067612,0
2026-07-31 09:32:00,,0.36901909586945,0
2026-08-07 10:15:00,,0.22066335616727129,0
2026-06-16 10:59:00,,0.23880070622826338,1
2026-06-30 10:27:00,,0.33991698450517366,1
2026-07-03 13:25:00,,0.1562894372575786,0
2026-08-05 10:00:00,,0.16536088753392428,0
2026-08-27 10:28:00,,0.08881508753559579,0
2026-05-27 13:15:00,,0.2963046697321067,0
2026-06-15 09:33:00,,0.38934630166484424,1
2026-06-16 09:57:00,,0.35214101717316715,1
2026-06-26 10:17:00,,0.2733093694882465,1
2026-07-03 09:40:00,,0.3801540576451758,0
2026-07-27 14:26:00,,0.16380342561374464,0
2026-08-31 14:22:00,,0.5275408654613584,1
2026-05-27 10:32:00,,0.14481915632828693,0
2026-06-01 10:06:00,,0.09502534537774829,0
2026-06-17 13:26:00,,0.06645782370201214,0
2026-06-22 13:24:00,,0.1722812116371967,1
2026-06-25 10:09:00,,0.15607187027346534,0
2026-07-09 10:10:00,,0.31841147624392857,0
2026-07-13 14:51:00,,0.08988119799650876,0
2026-08-14 10:24:00,,0.19961741275298997,0
2026-08-21 10:54:00,,0.15211019995443845,0
2026-08-21 14:08:00,,0.15452296629607656,0
2026-05-21 11:27:00,,0.3602473029878698,1
2026-05-22 10:40:00,,0.14482884537141522,0
2026-07-01 14:23:00,,0.0648229761012015,0
2026-08-06 13:12:00,,0.05427742828923044,0
2026-08-17 14:54:00,,0.04048559286807823,0
2026-06-01 13:40:00,,0.05432680572569296,0
2026-06-02 14:01:00,,0.10367688037933231,0
2026-06-05 14:12:00,,0.12029436814753411,0
2026-06-18 14:48:00,,0.09861541412790373,0
2026-06-18 14:51:00,,0.15994240263516912,0
2026-06-26 10:05:00,,0.23785943413670035,0
2026-07-13 14:46:00,,0.05630306705406524,0
2026-07-14 10:47:00,,0.15345110407260773,0
2026-08-10 09:58:00,,0.1501995493388817,1
2026-08-25 13:58:00,,0.1516806576426446,0
2026-09-01 13:19:00,,0.11856490720664278,0
2026-05-21 14:45:00,,0.2008150004591899,0
2026-07-03 09:44:00,,0.2933550630342836,0
2026-07-13 13:16:00,,0.27643909422048685,0
2026-08-04 13:37:00,,0.09334760032175445,0
2026-05-22 14:48:00,,0.15791670209201403,0
2026-05-28 14:35:00,,0.05920090652388241,0
2026-06-03 13:07:00,,0.36500961106366137,0
2026-06-23 11:06:00,,0.13816738542309845,0
2026-07-14 10:44:00,,0.46624995052046286,0
2026-07-15 09:51:00,,0.35203034246811904,1
2026-07-20 14:39:00,,0.12023785421951229,0
2026-08-11 14:17:00,,0.14535681877204235,0
2026-08-20 13:57:00,,0.5394624293831216,0
2026-09-01 09:30:00,,0.29622060776702985,1
2026-09-03 09:51:00,,0.26569208581716397,0
2026-06-11 09:51:00,,0.33895098985318084,0
2026-06-25 14:50:00,,0.1503052392716955,0
2026-07-20 13:17:00,,0.3453388824255846,1
2026-07-20 14:08:00,,0.06197026615236318,0
2026-08-10 10:52:00,,0.1529167435855996,0
2026-08-13 11:16:00,,0.228260941303384,0
2026-08-19 11:24:00,,0.174680066918658,0
2026-08-19 14:24:00,,0.16260306060479493,0
2026-08-20 14:46:00,,0.11439822763550583,0
2026-08-31 09:58:00,,0.2438068936359537,0
2026-06-02 15:00:00,,0.3140856492107079,1
2026-07-21 10:48:00,,0.2465306302469938,1
2026-07-28 09:31:00,,0.42083392358158134,1
2026-07-29 13:25:00,,0.31623930231407515,1
2026-08-10 13:29:00,,0.14020384628404828,1
2026-08-25 11:01:00,,0.1553455538269636,1
2026-08-25 13:09:00,,0.15549853496184873,0
2026-05-26 11:20:00,,0.14470689749424367,0
2026-05-27 14:05:00,,0.2977510440446272,1
2026-06-17 14:50:00,,0.23044299526519602,0
2026-07-10 13:31:00,,0.16130601718236923,0
2026-07-23 13:27:00,,0.18259366901573643,1
2026-08-05 14:48:00,,0.06207765694154902,0
2026-08-28 14:22:00,,0.057623514582702845,0
2026-05-25 14:56:00,,0.2690845367918587,0
2026-05-26 10:52:00,,0.3358702371377149,0
2026-06-15 14:00:00,,0.2450505441601117,0
2026-07-21 10:30:00,,0.012062267611551474,0
2026-07-31 14:55:00,,0.22183093694208456,0
2026-08-20 13:45:00,,0.216201227509373,1
2026-06-09 11:29:00,,0.5247361504869976,1
2026-06-18 13:50:00,,0.47604033036160975,1
2026-08-04 10:03:00,,0.32193792614740896,0
2026-08-04 14:45:00,,0.17883535168360407,0
2026-08-12 09:41:00,,0.2718081927613791,0
2026-08-27 10:42:00,,0.2878930964921443,0
2026-06-05 13:46:00,,0.0723911655407685,0
2026-06-05 14:57:00,,0.26113256458301826,0
2026-06-23 10:14:00,,0.2160913316116121,0
2026-07-08 14:07:00,,0.08079008325175484,0
2026-07-17 13:26:00,,0.13264935162190436,0
2026-08-19 09:41:00,,0.2636152305198072,1
2026-09-03 13:32:00,,0.08640711183460685,0
2026-06-16 11:09:00,,0.11897432223679631,0
2026-07-06 13:55:00,,0.10693897872857262,1
2026-07-07 13:39:00,,0.09222566549080495,0
2026-07-30 14:47:00,,0.05990647624586148,0
2026-08-04 09:37:00,,0.32665859287898324,0
2026-08-10 14:58:00,,0.27815555506402007,0
2026-08-14 11:09:00,,0.09216830617099933,0
2026-08-24 09:43:00,,0.13468850239067603,0
2026-09-01 10:42:00,,0.06924760540332987,0
2026-05-25 10:52:00,,0.09185301801477071,0
2026-05-28 10:48:00,,0.07842379170736181,0
2026-07-02 11:13:00,,0.10446326835569912,0
2026-08-06 14:17:00,,0.0720046048900442,0
2026-08-26 10:48:00,,0.07898875510470035,0
2026-05-27 13:14:00,,0.1566246201874026,0
2026-06-02 14:46:00,,0.0749449423098855,0
2026-06-08 14:10:00,,0.11909237075201169,0
2026-06-10 10:32:00,,0.18977818793750542,0
2026-07-15 11:07:00,,0.13015531207367198,0
2026-08-18 14:21:00,,0.0468774532776508,0
2026-05-26 13:06:00,,0.10265583070714936,0
2026-08-05 14:42:00,,0.10378036456350462,0
2026-08-17 10:18:00,,0.13760122140544814,0
2026-08-25 14:08:00,,0.04487952234295537,0
2026-08-31 13:32:00,,0.08015998591314571,0
2026-05-27 10:31:00,,0.20183250217218368,0
2026-08-12 09:34:00,,0.27060386860932295,0
2026-08-13 13:01:00,,0.07513048151794949,0
2026-08-13 13:14:00,,0.4167460306478232,0
2026-08-26 09:55:00,,0.3900485216666844,1
2026-09-03 10:54:00,,0.19984959465933436,1
2026-05-29 13:01:00,,0.17630510919238926,0
2026-07-30 10:38:00,,0.4039232187626091,0
2026-08-24 13:08:00,,0.3521497578450318,1
2026-09-01 11:19:00,,0.08369085054303309,0
2026-06-18 13:18:00,,0.0407729032898721,1
2026-06-30 10:05:00,,0.12172821332515357,0
2026-07-22 09:48:00,,0.3020523626042444,1
2026-08-06 11:21:00,,0.04742361277481416,0
2026-05-22 14:48:00,,0.046338161205140754,0
2026-06-12 14:13:00,,0.0008165664522230461,0
2026-06-17 14:54:00,,0.12281535861266937,1
2026-06-22 11:11:00,,0.12014147294417185,1
2026-06-26 10:34:00,,0.21231243565405222,0
2026-07-09 13:13:00,,0.19778695964356727,0
2026-07-15 09:44:00,,0.3549989105774818,0
2026-07-22 13:39:00,,0.14420537598055128,1
2026-07-28 14:09:00,,0.218631882026915,0
2026-08-27 14:13:00,,0.02818708536893904,0
2026-05-22 13:41:00,,0.3593635010503114,0
2026-05-25 13:34:00,,0.32604570706298114,0
2026-05-27 14:59:00,,0.2891522117906329,1
2026-06-05 14:56:00,,0.5592078571965101,0
2026-06-22 13:21:00,,0.36348261921342717,1
2026-06-24 13:41:00,,0.36035250565697063,0
2026-07-23 13:28:00,,0.1013281740350435,1
2026-08-03 10:58:00,,0.3130355082029993,1
2026-08-05 14:12:00,,0.16576618273120858,0
2026-06-30 09:31:00,,0.3109898386468587,1
2026-07-06 13:44:00,,0.1361813587908335,0
2026-07-23 14:57:00,,0.2936230379557584,0
2026-08-18 14:35:00,,0.048111049648985035,0
2026-06-05 10:47:00,,0.2520233507922218,0
2026-06-09 10:55:00,,0.2764654954722172,0
2026-06-11 10:07:00,,0.3194388873765698,0
2026-07-21 11:19:00,,0.1406668528757437,0
2026-07-30 11:22:00,,0.08019319561087927,0
2026-08-04 09:48:00,,0.2398537337446814,0
2026-08-25 13:07:00,,0.2796493904048963,0
2026-09-04 13:28:00,,0.17712471719015144,0
2026-05-26 09:48:00,,0.39005202708587344,0
2026-06-04 14:24:00,,0.36436511230076946,0
2026-07-07 11:17:00,,0.1841323505816019,0
2026-07-20 10:49:00,,0.36111188799364646,0
2026-07-28 14:25:00,,0.12810226395769703,0
2026-08-12 13:17:00,,0.4449686138325275,0
2026-08-21 13:39:00,,0.1334869332619001,0
2026-08-31 14:29:00,,0.08908188646596293,0
2026-05-25 11:05:00,,0.023496203522286787,0
2026-06-01 13:10:00,,0.28459921083447737,0
2026-06-05 14:37:00,,0.11057303929368302,0
2026-06-10 13:03:00,,0.1965275484031532,1
2026-06-11 11:11:00,,0.23334531417701607,1
2026-06-22 13:29:00,,0.2104669909868685,0
2026-07-06 11:16:00,,0.07164193521292049,0
2026-07-10 14:40:00,,0.08687237234477284,0
2026-07-30 14:54:00,,0.1402619357091622,0
2026-08-18 13:15:00,,0.0683947931641325,0
2026-08-27 14:15:00,,0.08242166760796568,0
2026-05-25 10:30:00,,0.17338663865154688,0
2026-06-03 10:53:00,,0.10778203680691388,0
2026-06-05 09:53:00,,0.2710826702906366,1
2026-06-22 10:59:00,,0.23740990994689815,1
2026-06-24 13:36:00,,0.17069853080717096,0
2026-07-13 11:09:00,,0.09715213150095836,0
2026-07-14 14:57:00,,0.3246174583456757,0
2026-07-24 11:20:00,,0.1385763692814057,0
2026-08-07 13:26:00,,0.07538673830501198,0
2026-08-12 14:28:00,,0.019013949345434322,0
2026-08-20 10:50:00,,0.16640269274460887,0
2026-09-02 13:48:00,,0.08671882195950267,0
2026-06-04 10:24:00,,0.061888034011770586,0
2026-06-17 10:55:00,,0.07698606413393788,0
2026-07-14 10:12:00,,0.2188350430853853,0
2026-07-17 11:21:00,,0.10029173569054216,0
2026-07-22 14:34:00,,0.0667599668892272,0
2026-07-24 13:08:00,,0.10623439672861859,0
2026-07-29 14:10:00,,0.12696030629936111,0
2026-08-11 14:07:00,,0.055431669555430406,0
2026-08-14 10:49:00,,0.08779151105525776,0
2026-08-20 14:00:00,,0.09070763160013019,0
2026-06-23 14:56:00,,0.5577827327923162,0
2026-08-05 13:01:00,,0.4195748577185264,0
2026-08-19 10:18:00,,0.2081887433057895,1
2026-08-19 13:28:00,,0.18530091192136675,1
2026-09-01 09:41:00,,0.41155283464919307,1
2026-05-29 14:02:00,,0.32673540759997016,0
2026-06-30 11:20:00,,0.11983856218255487,0
2026-07-15 14:18:00,,0.18903641704444157,0
2026-08-03 14:43:00,,0.3067915948536891,0
2026-09-02 13:24:00,,0.3201186090039143,1
2026-05-26 14:15:00,,0.09348329391780916,0
2026-05-27 10:27:00,,0.24940166978271677,1
2026-05-29 14:33:00,,0.17459695233775088,1
2026-06-01 09:37:00,,0.3114722412822558,1
2026-06-25 14:15:00,,0.12749815488517705,0
2026-06-29 14:05:00,,0.16481841386048815,0
2026-07-06 10:01:00,,0.23051809832559425,1
2026-07-06 10:53:00,,0.14891970839000934,1
2026-07-07 13:11:00,,0.15500489621853913,0
2026-07-17 10:42:00,,0.08521716779920363,0
2026-07-17 13:39:00,,0.18189520804008785,0
2026-08-03 11:19:00,,0.1676866839331922,0
2026-08-03 14:11:00,,0.0890734914543242,0
2026-08-13 13:53:00,,0.08851300906978057,0
2026-08-27 11:15:00,,0.15477378700907635,0
2026-09-02 14:46:00,,0.09893832203726485,0
2026-09-04 11:10:00,,0.04525917731495421,0
2026-07-02 09:45:00,,0.44091725637999485,1
2026-07-08 13:37:00,,0.25217337480677743,0
2026-07-16 13:35:00,,0.2857608896471119,0
2026-07-31 13:50:00,,0.22783537923874514,0
2026-08-04 14:00:00,,0.001076662327545048,0
2026-08-18 13:04:00,,0.3651250872220795,0
2026-08-28 13:43:00,,0.1885977174785343,1
2026-07-03 14:49:00,,0.14699008437114972,0
2026-07-08 13:01:00,,0.22076468922856998,0
2026-07-15 11:12:00,,0.20515252410764093,0
2026-07-17 10:04:00,,0.2760970711054853,1
2026-07-23 10:47:00,,0.29577355083525797,0
2026-08-03 13:58:00,,0.16172814416689382,0
2026-08-06 11:18:00,,0.4209094109217993,1
2026-08-25 13:57:00,,0.1554884447653254,0
2026-05-27 10:47:00,,0.08127655826088985,0
2026-07-06 13:19:00,,0.08402306592537966,0
2026-07-22 14:13:00,,0.054982329227040286,0
2026-07-27 09:41:00,,0.261931197386941,0
2026-07-31 10:26:00,,0.10605599724975538,0
2026-06-09 10:09:00,,0.27849668362942687,0
2026-07-01 13:29:00,,0.19212813819062874,0
2026-07-13 10:47:00,,0.13930999304741296,0
2026-08-06 13:02:00,,0.08091642546579929,0
2026-08-12 10:17:00,,0.09328042106110608,0
2026-08-20 13:45:00,,0.12723225102952415,1
2026-06-04 10:14:00,,0.27718076555917914,0
2026-06-04 14:36:00,,0.14662233131460375,0
2026-06-16 13:54:00,,0.14124463907413312,0
2026-07-01 10:39:00,,0.28663045197276515,0
2026-07-09 14:27:00,,0.22999399434456133,0
2026-07-15 10:44:00,,0.3883822920559793,0
2026-08-21 14:31:00,,0.17369136055434767,0
2026-08-31 10:35:00,,0.1840420974873626,0
2026-05-25 11:23:00,,0.1797546291807934,0
2026-06-05 13:06:00,,0.23232158225658892,0
2026-07-02 09:42:00,,0.3620225857387894,0
2026-07-02 13:12:00,,0.2716745945527466,0
2026-07-09 11:23:00,,0.21655387045106136,1
2026-07-23 09:53:00,,0.3294441796864806,0
2026-07-29 14:30:00,,0.2575097176991071,0
2026-08-06 14:53:00,,0.20723970217568075,0
2026-06-18 13:59:00,,0.20017669393121462,0
2026-06-24 09:45:00,,0.3550307971160151,1
2026-07-16 13:57:00,,0.09476187887163735,0
2026-07-17 14:59:00,,0.5044845571547512,1
2026-07-23 10:10:00,,0.2600451644054855,1
2026-08-06 14:29:00,,0.08146529247493878,0
2026-08-13 14:48:00,,0.08863831356632404,0
2026-08-25 09:47:00,,0.2885806764473323,1
2026-05-21 14:50:00,,0.06243075243766092,0
2026-06-29 14:24:00,,0.04086335277475652,0
2026-07-22 10:40:00,,0.21677415465057479,0
2026-08-12 09:37:00,,0.26183474945864815,0
2026-08-13 11:23:00,,0.07326864128033266,0
2026-08-21 11:24:00,,0.06819258395094406,0
2026-09-04 11:17:00,,0.044162606392244445,0
2026-05-29 11:16:00,,0.06797762864136508,1
2026-06-08 14:11:00,,0.11809020444008009,0
2026-07-22 09:52:00,,0.2825821060380285,0
2026-07-28 13:31:00,,0.0624034640446621,0
2026-07-30 10:01:00,,0.12957921630846767,0
2026-08-10 14:20:00,,0.07625955397776446,0
2026-09-03 14:56:00,,0.40638335733361897,1
2026-05-26 09:47:00,,0.1792311234265438,0
2026-06-01 13:55:00,,0.10645577436078062,0
2026-07-06 10:30:00,,0.16032956711550903,0
2026-07-30 10:46:00,,0.19961356408228198,0
2026-08-03 14:58:00,,0.2513224127317841,0
2026-08-20 11:22:00,,0.09383294665371571,0
2026-06-01 10:20:00,,0.11750337999947301,0
2026-06-17 09:36:00,,0.4438827954139176,0
2026-07-06 10:45:00,,0.1597488859920724,0
2026-07-08 09:52:00,,0.38502601584066026,1
2026-07-23 14:37:00,,0.07601545051856877,1
2026-07-31 11:15:00,,0.18589980237839052,1
2026-08-11 14:26:00,,0.08033562079687895,1
2026-08-27 13:23:00,,0.10313444802341859,0
2026-06-04 14:47:00,,0.11957832691543288,0
2026-06-30 13:38:00,,0.17488072736365057,1
2026-06-30 15:00:00,,0.5366798280277991,1
2026-07-02 13:29:00,,0.4134719524964168,1
2026-07-06 13:07:00,,0.22901691670705088,0
2026-07-06 14:59:00,,0.3241550867001261,0
2026-07-17 11:00:00,,0.47895406882424674,1
2026-07-24 14:46:00,,0.14769428874549098,0
2026-07-30 14:23:00,,0.12495683076073016,0
2026-08-06 10:42:00,,0.3449526988942551,0
2026-09-02 14:16:00,,0.21484151712516497,0
2026-05-29 13:58:00,,0.11627986966510906,0
2026-07-16 14:35:00,,0.09701356732557456,0
2026-07-29 13:30:00,,0.09270506572622163,1
2026-07-31 10:28:00,,0.14730894152321497,0
2026-08-21 14:23:00,,0.08989551528821635,0
2026-05-22 10:52:00,,0.12143274806422659,0
2026-06-03 11:03:00,,0.11977454108082052,0
2026-07-16 09:31:00,,0.4142948150301612,1
2026-07-27 13:12:00,,0.1371996480823854,0
2026-07-27 13:28:00,,0.23919758994969792,0
2026-08-10 13:12:00,,0.14524100940525111,0
2026-05-26 14:55:00,,0.06276951978372479,0
2026-06-03 11:23:00,,0.07853574752506536,0
2026-06-16 11:29:00,,0.08080476898510291,0
2026-07-13 10:34:00,,0.14157467389835343,0
2026-07-24 10:15:00,,0.07441732099146141,0
2026-07-27 10:09:00,,0.06711092973541802,0
2026-08-27 14:31:00,,0.04902133360725122,0
2026-05-22 11:15:00,,0.08451670134197668,0
2026-06-01 10:06:00,,0.22403268233417512,0
2026-06-05 14:09:00,,0.11560303422810629,0
2026-07-17 13:31:00,,0.1679047535388963,0
2026-08-12 11:06:00,,0.06785525385759038,0
2026-08-14 09:41:00,,0.2948673129744513,0
2026-06-29 14:29:00,,0.031105372293464637,0
2026-07-07 10:23:00,,0.058214178922030894,0
2026-09-01 11:26:00,,0.05226919931659624,0
2026-05-25 14:40:00,,0.15345409070814167,0
2026-06-15 11:14:00,,0.29957784854568953,0
2026-07-15 13:35:00,,0.3548710194141402,0
2026-07-29 14:33:00,,0.23670524673538768,0
2026-08-05 13:55:00,,0.22305219715913108,0
2026-08-17 09:50:00,,0.3475073389231905,0
2026-08-27 13:42:00,,0.0007699789464992967,0
2026-09-03 09:33:00,,0.4108799897023578,0
2026-06-25 10:30:00,,0.236978260230858,0
2026-07-02 13:13:00,,0.07957753515919153,0
2026-07-21 10:09:00,,0.24754270936572428,0
2026-07-23 11:03:00,,0.10518264110369896,0
2026-07-23 13:11:00,,0.08499521229159451,1
2026-08-13 10:35:00,,0.11973305677789595,0
2026-08-21 10:18:00,,0.0471181594285935,1
2026-08-31 10:03:00,,0.16315827010003411,0
2026-07-02 11:02:00,,0.2965298664849514,0
2026-07-09 14:31:00,,0.23225442977945462,0
2026-07-20 13:01:00,,0.2722660283531896,0
2026-07-23 14:07:00,,0.19328043733191613,0
2026-08-04 10:01:00,,0.27726430148322334,1
2026-08-10 10:46:00,,0.1748379920624841,0
2026-05-22 13:34:00,,0.07453229305804389,0
2026-06-03 13:48:00,,0.06241150689058044,0
2026-06-24 10:09:00,,0.0656314715968356,0
2026-07-03 14:21:00,,0.03293246704758668,0
2026-08-04 14:07:00,,0.06374754804401458,0
2026-08-13 14:45:00,,0.0329416068200736,0
2026-08-26 14:30:00,,0.0573987459875267,0
2026-09-01 13:43:00,,0.04202840718170451,0
2026-09-02 14:55:00,,0.043983717948550424,0
2026-06-22 10:31:00,,0.2920816229191132,0
2026-06-22 14:17:00,,0.15646671500641637,0
2026-06-30 11:28:00,,0.19766402181201637,0
2026-07-01 10:26:00,,0.24855489721692736,1
2026-07-06 09:58:00,,0.3046084748404958,1
2026-07-17 10:20:00,,0.26432288455426267,0
2026-07-28 09:39:00,,0.3921199531764428,0
2026-07-31 14:25:00,,0.07767602229095691,0
2026-08-07 11:05:00,,0.27522258667150934,0
2026-08-11 14:40:00,,0.32588833637045667,0
2026-08-24 09:46:00,,0.38969821016117934,1
2026-09-03 10:01:00,,0.3285313544919761,1
2026-05-22 11:17:00,,0.05739676824585297,0
2026-05-25 09:30:00,,0.24560431478871392,0
2026-05-26 10:05:00,,0.357459142940416,0
2026-06-09 13:49:00,,0.1623731554305789,0
2026-08-06 14:53:00,,0.4896762289240264,1
2026-08-25 09:59:00,,0.36035224086419027,1
2026-06-02 10:24:00,,0.23136592385908245,1
2026-06-16 09:44:00,,0.28921960566849664,1
2026-06-23 11:26:00,,0.3249629702263024,1
2026-06-29 11:26:00,,0.23617524079011998,1
2026-07-17 09:49:00,,0.278852831728657,0
2026-08-14 11:21:00,,0.09284171634644572,0
2026-08-25 13:33:00,,0.15349473436241187,0
2026-08-26 13:20:00,,0.24500801255651117,0
2026-06-10 13:11:00,,0.2487688402933005,0
2026-06-17 10:04:00,,0.22874787796480955,1
2026-06-29 09:38:00,,0.32803319739510933,1
2026-07-17 13:30:00,,0.2917653760416801,0
2026-07-24 10:55:00,,0.14871073860608233,0
2026-07-24 14:48:00,,0.22866254153465881,0
2026-07-30 13:45:00,,0.19737791886481124,0
2026-08-24 13:44:00,,0.18906925808619263,0
2026-08-26 10:19:00,,0.19013627931180063,1
2026-09-03 11:23:00,,0.16095766645120674,1
2026-05-21 13:16:00,,0.1381529865118919,0
2026-05-27 14:18:00,,0.0829380371105913,0
2026-06-11 13:44:00,,0.12402623186681895,0
2026-07-24 14:16:00,,0.08021803292463857,0
2026-07-30 14:02:00,,0.3790269700524241,0
2026-08-07 14:07:00,,0.1441097264133791,0
2026-08-24 13:20:00,,0.16618596179555967,0
2026-06-03 10:43:00,,0.09613216140178919,0
2026-06-09 11:26:00,,0.12299806246195395,1
2026-06-11 10:29:00,,0.1453693766886918,0
2026-06-12 10:46:00,,0.310687249362925,0
2026-07-14 09:30:00,,0.5547772295539831,1
2026-08-13 10:54:00,,0.09243419394274148,0
2026-08-24 11:16:00,,0.16529868311323406,0
2026-08-28 13:19:00,,0.050548301650399564,0
2026-06-08 14:24:00,,0.15893877722688843,0
2026-06-16 09:57:00,,0.33548478225237965,1
2026-06-23 14:05:00,,0.4627499606553553,0
2026-07-02 14:12:00,,0.28196015310419803,1
2026-07-15 10:34:00,,0.23165729328993298,1
2026-08-11 13:17:00,,0.3160486297441271,0
2026-08-18 13:59:00,,0.1567888517878475,0
2026-08-20 13:56:00,,0.11546536196745134,0
2026-08-27 14:06:00,,0.31697027283127227,0
2026-06-01 10:07:00,,0.2419431441030912,0
2026-06-08 10:02:00,,0.30021466157732846,0
2026-06-25 13:32:00,,0.17613088062741242,0
2026-07-01 14:18:00,,0.09393842356026566,0
2026-07-06 10:47:00,,0.38468447369202735,0
2026-07-22 10:34:00,,0.24625278865518224,0
2026-07-27 11:21:00,,0.1195901234681807,0
2026-08-05 09:34:00,,0.35850329505258877,0
2026-08-13 14:59:00,,0.49300070926388917,0
2026-08-14 14:34:00,,0.06426898430527832,0
2026-05-27 13:07:00,,0.16790254420140094,0
2026-06-11 10:15:00,,0.1670239647349858,0
2026-07-02 13:02:00,,0.13405418241135456,1
2026-07-14 14:10:00,,0.20476021402993042,1
2026-07-15 10:24:00,,0.18585315474198535,1
2026-07-15 14:36:00,,0.05253736994750173,0
2026-08-05 13:45:00,,0.10167082028398544,0
2026-08-17 13:53:00,,0.04424508210242736,0
2026-08-18 11:10:00,,0.07434601412472325,0
2026-08-26 13:44:00,,0.04701894506191117,0
2026-08-27 14:03:00,,0.04945925323406798,0
2026-09-02 14:36:00,,0.02772396824570221,0
2026-09-03 09:42:00,,0.14698131285966856,0
2026-05-25 14:28:00,,0.07343726356315666,0
2026-05-27 14:24:00,,0.15288672777473747,0
2026-06-18 13:58:00,,0.21307066732489388,0
2026-06-26 13:56:00,,0.18526754891607375,0
2026-06-26 14:29:00,,0.12903564554050354,0
2026-06-30 10:08:00,,0.29911645743102566,0
2026-07-13 10:07:00,,0.32216446436334717,0
2026-07-28 11:13:00,,0.166872037899657,0
2026-06-24 09:38:00,,0.4222099713958447,1
2026-07-03 13:27:00,,0.2762266687500242,0
2026-08-28 15:00:00,,0.37103392519928796,1
2026-05-27 14:37:00,,0.11212000381843558,0
2026-07-17 14:55:00,,0.46593180032479914,0
2026-07-30 10:48:00,,0.38841650025199503,0
2026-08-14 14:22:00,,0.0893610355543362,0
2026-08-19 09:31:00,,0.3717122500207246,0
2026-08-26 09:44:00,,0.16279756067731138,0
2026-08-27 10:21:00,,0.08653111252410306,0
2026-08-27 14:52:00,,0.6593603645033306,0
2026-06-03 13:30:00,,0.15675409268774332,0
2026-06-22 14:28:00,,0.13654678815946708,0
2026-07-06 10:12:00,,0.22907337490060048,0
2026-07-06 14:52:00,,0.06952057541884318,0
2026-08-26 14:51:00,,0.08298753231918946,0
2026-05-26 11:11:00,,0.021389300360562555,0
2026-05-26 11:22:00,,0.02992434259691136,0
2026-05-26 14:58:00,,0.2635593371181741,0
2026-06-01 13:24:00,,0.04294679625202711,0
2026-06-03 14:40:00,,0.021333011221126394,0
2026-06-23 13:10:00,,0.03466297935570532,0
2026-07-06 11:17:00,,0.03155944994475265,0
2026-07-14 10:26:00,,0.0695786863393425,0
2026-07-22 10:17:00,,0.16247585286536279,0
2026-08-11 13:55:00,,0.020197697681229247,0
2026-08-19 14:37:00,,0.02402586218685727,0
2026-08-11 13:25:00,,0.1972224097648464,0
2026-08-14 10:54:00,,0.13053950605166986,0
2026-09-02 13:18:00,,0.093785745873704,0
2026-06-01 13:33:00,,0.1484827124146127,0
2026-07-08 14:31:00,,0.08282419804519497,0
2026-07-14 10:17:00,,0.2335268949827444,0
2026-07-16 14:35:00,,0.1037816902673615,0
2026-07-20 13:05:00,,0.29725132762332906,0
2026-08-17 14:05:00,,0.04416234202853388,0
2026-08-31 13:29:00,,0.24593578693210247,0
2026-09-03 09:37:00,,0.2519508674751486,1
2026-06-11 13:23:00,,0.2603030464561574,0
2026-07-03 14:55:00,,0.1593275025385386,0
2026-07-29 13:35:00,,0.1984986711163521,0
2026-08-11 09:32:00,,0.4065805259365991,0
2026-08-11 09:45:00,,0.3097054018738509,1
2026-07-09 10:23:00,,0.22508794364271115,0
2026-07-10 09:51:00,,0.258719496874693,0
2026-07-14 10:23:00,,0.23389843905109595,0
2026-08-04 13:59:00,,0.11766211639550146,0
2026-08-11 11:17:00,,0.17746665441215714,0
2026-06-01 10:16:00,,0.2142895770939133,0
2026-06-22 14:24:00,,0.15258642356817947,0
2026-07-01 10:39:00,,0.23179114451771954,0
2026-07-02 10:33:00,,0.23902604287468676,0
2026-07-14 10:29:00,,0.47156848219649844,1
2026-07-16 14:43:00,,0.13269266509622904,0
2026-08-03 13:50:00,,0.1704302112195354,1
2026-08-27 10:24:00,,0.18354984797823656,0
2026-08-31 14:32:00,,0.1409468258519772,0
2026-09-03 13:17:00,,0.12879817969862273,0
2026-05-27 13:49:00,,0.2645668551270404,0
2026-06-01 14:26:00,,0.058895413750131125,1
2026-06-08 10:11:00,,0.27525964323125424,1
2026-06-22 10:44:00,,0.18867924802455602,0
2026-06-30 10:40:00,,0.21085816739852012,0
2026-06-30 13:31:00,,0.1679423628503148,0
2026-07-03 09:49:00,,0.3793308831334156,0
2026-08-19 13:06:00,,0.2401552335909816,1
2026-08-24 09:53:00,,0.23666498349672518,0
2026-06-16 11:04:00,,0.04862993317636662,0
2026-07-07 10:27:00,,0.04034604792642639,0
2026-07-08 13:19:00,,0.0241552471913434,0
2026-07-10 11:08:00,,0.050929442243510516,0
2026-07-16 10:01:00,,0.1787992796466432,0
2026-07-16 14:09:00,,0.024176541314533208,0
2026-08-28 11:16:00,,0.03975101052422223,0
2026-06-03 13:13:00,,0.2634634417734929,0
2026-07-14 11:11:00,,0.27182714420782095,0
2026-07-31 11:23:00,,0.1367000713345715,1
2026-08-11 10:28:00,,0.11331424424684255,0
2026-06-04 13:25:00,,0.1021207585410977,1
2026-06-15 11:18:00,,0.04120225166086147,0
2026-06-17 14:12:00,,0.07336550809632801,0
2026-07-02 14:53:00,,0.2437862207847032,0
2026-07-10 10:53:00,,0.1749308220714354,0
2026-08-04 13:09:00,,0.11428956073228794,0
2026-08-14 09:50:00,,0.34284520574780436,1
2026-08-21 10:54:00,,0.2641068319517764,0
2026-08-26 10:04:00,,0.27051336621021904,0
2026-05-25 10:36:00,,0.17402324611498887,0
2026-06-01 13:19:00,,0.16307624224937223,0
2026-06-03 10:57:00,,0.09019325168026558,0
2026-06-22 10:07:00,,0.34170280386193036,0
2026-06-26 13:15:00,,0.3600347448574549,0
2026-07-07 14:58:00,,0.34984677952881177,0
2026-05-22 11:08:00,,0.0793016722925693,0
2026-05-25 11:12:00,,0.037132085026112295,0
2026-06-09 13:15:00,,0.11019266588052758,0
2026-06-12 11:01:00,,0.08716661958090567,0
2026-07-14 11:11:00,,0.1256449612333021,0
2026-08-17 10:13:00,,0.049225016389238326,0
2026-08-27 10:57:00,,0.13404039680737212,0
2026-06-17 13:03:00,,0.20280639822641996,0
2026-06-18 14:36:00,,0.13545201407829344,0
2026-08-12 13:54:00,,0.15440818012447818,0
2026-08-26 09:43:00,,0.28574319657663166,0
2026-09-02 14:51:00,,0.08746061198786453,1
2026-09-04 09:53:00,,0.34413340708109197,0
2026-06-09 13:21:00,,0.10006922286759169,0
2026-07-24 13:38:00,,0.23497556063210875,0
2026-08-24 14:43:00,,0.031169661195492495,0
2026-05-21 11:06:00,,0.3862478851139073,0
2026-06-01 14:45:00,,0.4995040402613458,1
2026-06-22 09:39:00,,0.39033579482288255,0
2026-06-23 10:21:00,,0.41025752864550935,0
2026-06-25 14:10:00,,0.34722050701291435,1
2026-07-20 09:50:00,,0.27862832337159216,0
2026-07-22 14:01:00,,0.3909229040357626,0
2026-08-11 14:05:00,,0.24914544626025836,0
2026-08-12 14:05:00,,0.1364629450117636,0
2026-08-24 14:03:00,,0.32474775641844694,0
2026-09-02 10:01:00,,0.4458849650750152,0
2026-06-10 13:50:00,,0.078115048156687,0
2026-06-16 10:44:00,,0.08443389167781695,0
2026-06-25 10:01:00,,0.18276675367953094,0
2026-06-25 10:25:00,,0.19977635557739556,0
2026-07-01 10:31:00,,0.10869372490101026,1
2026-07-20 10:20:00,,0.09503379544385854,0
2026-08-04 10:44:00,,0.05533137899376742,0
2026-08-12 10:40:00,,0.027825198997615347,0
2026-06-11 13:52:00,,0.31403715474991745,0
2026-07-09 13:05:00,,0.2639525429235993,1
2026-07-14 10:11:00,,0.2892686861000768,1
2026-07-20 14:58:00,,0.2975822035333473,1
2026-07-30 14:22:00,,0.13378382701782113,0
2026-08-03 10:45:00,,0.10256638297217378,0
2026-08-20 10:46:00,,0.1603269868600829,0
2026-06-04 09:41:00,,0.3610937020819108,0
2026-06-10 11:07:00,,0.2139298359102964,1
2026-07-16 14:25:00,,0.07204236591086147,0
2026-07-24 14:59:00,,0.4093640342039781,1
2026-08-20 14:04:00,,0.3253959277570672,0
2026-08-21 13:35:00,,0.2726639720096717,0
2026-05-27 13:03:00,,0.2448438013768797,0
2026-06-04 11:05:00,,0.2570120597522377,0
2026-06-16 11:06:00,,0.0007794455987115824,0
2026-07-15 10:44:00,,0.20010481067454458,0
2026-08-05 13:22:00,,0.12215530068040867,0
2026-08-06 13:04:00,,0.1827629414290609,0
2026-08-24 13:01:00,,0.35252668970361467,1
2026-06-01 09:54:00,,0.34496802399696685,1
2026-06-18 10:00:00,,0.21600362694934716,0
2026-07-03 11:21:00,,0.1215946119094722,1
2026-07-07 10:51:00,,0.19509628522331615,1
2026-07-16 10:30:00,,0.21778856681568146,1
2026-07-17 10:30:00,,0.2293773698692543,0
2026-07-17 11:04:00,,0.13695390990842954,1
2026-08-27 10:39:00,,0.0830986129411624,1
2026-09-03 10:08:00,,0.23238710113557798,0
2026-06-17 10:08:00,,0.20127089252347627,0
2026-07-09 14:34:00,,0.1154506511079774,0
2026-07-14 13:55:00,,0.11241585753765622,0
2026-07-28 13:18:00,,0.17848257475563553,0
2026-08-07 11:18:00,,0.16639389228016788,1
2026-05-21 11:05:00,,0.22817921397073812,0
2026-05-25 14:43:00,,0.27104552597803244,0
2026-07-02 14:09:00,,0.0353896458356409,0
2026-08-31 13:44:00,,0.12312452886839635,0
2026-05-22 10:37:00,,0.10139697517925715,0
2026-06-01 10:12:00,,0.1333885133024656,0
2026-06-01 13:17:00,,0.13351406662814597,0
2026-06-12 09:48:00,,0.3892557250469719,1
2026-06-29 10:39:00,,0.4434948614194604,0
2026-07-06 13:22:00,,0.33260430727664675,0
2026-06-02 10:51:00,,0.13651053705579425,1
2026-06-23 11:06:00,,0.12030545200782634,0
2026-08-03 11:25:00,,0.17988684545406688,0
2026-05-27 11:09:00,,0.19172597565116728,1
2026-06-23 10:31:00,,0.20681410011874443,0
2026-06-26 14:04:00,,0.1475044363035515,0
2026-07-03 13:09:00,,0.0009129316927269049,0
2026-07-08 10:32:00,,0.30078505367994707,0
2026-07-08 11:15:00,,0.23583506576240315,0
2026-07-20 10:29:00,,0.33103056043796614,0
2026-07-30 11:28:00,,0.20249855649112775,0
2026-08-04 09:45:00,,0.2946261113957672,1
2026-08-06 10:28:00,,0.1885918697866204,0
2026-08-10 13:14:00,,0.09840963097188984,0
2026-08-11 13:36:00,,0.26910663369238963,0
2026-08-28 09:33:00,,0.22335697313459255,0
2026-09-03 14:25:00,,0.08107044067643125,0
2026-05-21 13:40:00,,0.014846826667100422,0
2026-05-26 13:10:00,,0.021063909650696225,0
2026-06-04 14:12:00,,0.019049311540324,0
2026-06-11 14:51:00,,0.02600005647668634,0
2026-06-29 11:28:00,,0.0410602811436314,0
2026-07-27 11:26:00,,0.027444355258651087,0
2026-08-17 10:28:00,,0.02570987779670058,0
2026-06-05 10:46:00,,0.15576624576778586,1
2026-06-25 13:46:00,,0.20005489888076705,0
2026-07-08 10:05:00,,0.3556246337215788,0
2026-07-20 14:02:00,,0.2655836026158696,1
2026-07-29 14:42:00,,0.0913936777678587,0
2026-07-31 10:43:00,,0.23505763595106652,0
2026-08-04 13:33:00,,0.10652067846431452,1
2026-08-28 14:47:00,,0.12240479104688692,0
2026-05-22 09:37:00,,0.17992077378474336,0
2026-05-27 10:49:00,,0.03525916012921611,0
2026-06-01 10:00:00,,0.1448481204294597,0
2026-06-08 14:51:00,,0.05369182139959753,0
2026-06-12 10:12:00,,0.1258332858471535,0
2026-06-16 10:08:00,,0.09609390369648774,0
2026-07-07 10:15:00,,0.1585318262441906,0
2026-08-12 14:36:00,,0.030865431494588265,0
2026-06-02 10:35:00,,0.03671477887135408,0
2026-06-26 13:53:00,,0.03327094685775348,0
2026-07-10 14:25:00,,0.05295615462290843,0
2026-07-15 14:04:00,,0.029585224869357368,0
2026-07-17 09:34:00,,0.2753843960234376,0
2026-07-28 13:55:00,,0.05425365783879755,0
2026-08-07 14:26:00,,0.016098477656524075,0
2026-08-24 14:49:00,,0.015832462375964182,0
2026-06-04 10:40:00,,0.16525341525158987,0
2026-06-11 09:59:00,,0.27078008007391685,0
2026-06-29 13:15:00,,0.08533762899231472,1
2026-07-16 10:23:00,,0.1888352718380607,1
2026-06-03 09:38:00,,0.3408065337424697,0
2026-06-16 14:40:00,,0.13084198900811048,0
2026-06-18 14:46:00,,0.10505360651838712,0
2026-06-24 11:26:00,,0.12037632106620941,0
2026-06-25 14:08:00,,0.0531013193644797,0
2026-06-30 09:33:00,,0.37924894917764146,0
2026-07-08 10:42:00,,0.22139670554535198,0
2026-06-01 13:15:00,,0.10313895612757153,0
2026-06-04 13:49:00,,0.11027278588240585,0
2026-06-16 10:27:00,,0.20669915534237987,0
2026-06-25 10:06:00,,0.29396124970677856,0
2026-06-29 13:18:00,,0.135069583367177,0
2026-07-16 09:59:00,,0.17060861753451587,0
2026-07-20 10:26:00,,0.21673716214877406,0
2026-08-05 13:24:00,,0.07002638657561144,0
2026-08-13 11:06:00,,0.07066069845070021,0
2026-08-18 11:21:00,,0.12100310638708797,0
2026-05-28 13:19:00,,0.1651781197343317,0
2026-06-02 13:55:00,,0.07723707886071868,0
2026-06-11 13:32:00,,0.08569346368376707,0
2026-06-15 14:11:00,,0.04241815206243165,0
2026-06-25 11:01:00,,0.14349258283514066,1
2026-07-16 10:37:00,,0.1305722077413742,0
2026-08-03 13:42:00,,0.08694411029957953,0
2026-08-04 13:40:00,,0.06850450511653539,0
2026-08-25 14:56:00,,0.23129989685331603,0
2026-06-01 10:19:00,,0.21156075410980965,0
2026-06-02 09:39:00,,0.43780841418942207,0
2026-07-13 09:33:00,,0.4400833260092646,0
2026-08-20 11:07:00,,0.10118293989132544,0
2026-06-03 10:08:00,,0.2921467075709799,0
2026-06-05 14:30:00,,0.49108093899763566,0
2026-06-08 10:52:00,,0.14966368769891303,1
2026-06-16 14:25:00,,0.10276783733859196,0
2026-07-10 09:46:00,,0.30319250151734645,1
2026-07-13 10:23:00,,0.36930625154754154,0
2026-07-16 14:57:00,,0.2814658777093725,1
2026-07-27 10:45:00,,0.08340125279697409,0
2026-08-21 09:51:00,,0.26732888572760943,0
2026-08-28 11:27:00,,0.117048017128227,0
2026-08-31 13:26:00,,0.195241626476931,0
2026-09-03 10:16:00,,0.15318806477653202,1
2026-06-10 09:46:00,,0.30269734860751657,1
2026-07-02 13:56:00,,0.1382138742217063,0
2026-07-08 14:13:00,,0.09286817477538532,0
2026-07-16 13:22:00,,0.17707055336455646,0
2026-07-21 10:28:00,,0.5636552820204346,1
2026-08-24 14:08:00,,0.0730731503826604,0
2026-09-03 10:26:00,,0.13945579664511773,1
2026-06-01 14:26:00,,0.3477451650740019,0
2026-06-12 14:59:00,,0.4706327299650263,1
2026-06-16 11:23:00,,0.40247533377568917,0
2026-07-28 13:38:00,,0.1976280851110531,0
2026-07-30 09:47:00,,0.410160847036843,0
2026-09-01 13:56:00,,0.048360758440757115,0
2026-09-02 11:19:00,,0.11651864201732565,0
2026-05-28 14:01:00,,0.08423236183028161,0
2026-06-01 14:11:00,,0.06579120735695608,0
2026-06-02 10:19:00,,0.1148929717462661,0
2026-06-25 09:48:00,,0.21199877009273566,0
2026-07-22 11:10:00,,0.12635477165508682,0
2026-08-11 09:43:00,,0.2554686222620689,0
2026-08-11 10:26:00,,0.08754711234339112,0
2026-06-16 14:13:00,,0.46031578207480595,0
2026-06-26 11:11:00,,0.449778319086297,0
2026-08-05 11:16:00,,0.0419480176112437,0
2026-08-10 14:17:00,,0.3255057168924312,0
2026-08-21 14:59:00,,0.3092252161703723,0
2026-08-24 10:59:00,,0.3447489586212384,0
2026-08-24 11:00:00,,0.4174800527775333,1
2026-05-25 13:40:00,,0.36401714291866666,0
2026-06-02 13:14:00,,0.2561574155174152,0
2026-06-03 11:12:00,,0.001060816442545244,0
2026-06-04 10:46:00,,0.3353370038344491,1
2026-06-12 11:30:00,,0.3746820996213253,0
2026-07-01 14:44:00,,0.30835211877965885,1
2026-07-02 10:47:00,,0.38960838700104744,1
2026-07-06 09:44:00,,0.34468566977981036,0
2026-08-04 13:53:00,,0.0007763491861804294,0
2026-09-02 09:55:00,,0.3289037538036704,0
2026-06-05 14:05:00,,0.2733241383635823,1
2026-06-15 13:42:00,,0.19082097630752323,0
2026-07-01 13:52:00,,0.004701373749257236,0
2026-08-20 14:35:00,,0.17428459741642574,0
2026-08-04 13:10:00,,0.08486157526743907,1
2026-08-13 13:17:00,,0.044646089548069146,0
2026-08-19 13:47:00,,0.039886350503202744,0
2026-05-22 10:53:00,,0.044498908716015306,0
2026-05-25 14:41:00,,0.3707004594822358,1
2026-06-08 11:15:00,,0.5455102275543299,1
2026-07-07 14:39:00,,0.19419571888777504,0
2026-07-14 13:01:00,,0.1306374051860406,0
2026-07-30 14:34:00,,0.3769233947483807,0
2026-07-31 11:03:00,,0.03695468251270332,0
2026-09-01 13:43:00,,0.10880184864729742,0
2026-06-05 14:35:00,,0.19957736899155212,0
2026-06-16 09:49:00,,0.3391768120755902,0
2026-06-22 14:09:00,,0.14181279384610704,0
2026-06-23 09:52:00,,0.3233431828050133,1
2026-07-08 14:12:00,,0.14258056363825333,0
2026-07-20 09:36:00,,0.34963168441263737,1
2026-08-06 09:49:00,,0.268641379788347,0
2026-08-19 14:36:00,,0.12704754437066207,0
2026-06-09 14:56:00,,0.2716936191688296,0
2026-07-03 13:13:00,,0.2806025902312097,0
2026-07-13 14:47:00,,0.1899058143176643,0
2026-07-14 11:18:00,,0.20541323289229263,0
2026-07-23 10:23:00,,0.21342360857629575,0
2026-08-05 13:37:00,,0.09863928704091843,0
2026-08-28 11:28:00,,0.14163128109206094,0
2026-09-02 13:46:00,,0.07287685935592599,0
2026-09-04 13:14:00,,0.21340697140910056,0
2026-05-28 13:49:00,,0.17223127895021642,0
2026-06-11 14:29:00,,0.09306027966704827,0
2026-06-17 13:53:00,,0.1059893763160664,0
2026-06-22 10:53:00,,0.16632279610555514,0
2026-07-07 13:36:00,,0.10411054273377375,0
2026-07-10 14:28:00,,0.12514441922636904,0
2026-08-14 13:38:00,,0.13693545021171027,0
2026-08-20 13:57:00,,0.07008541291139128,0
2026-08-20 14:13:00,,0.04059180205186368,0
2026-08-26 09:42:00,,0.33391701096353005,0
2026-06-25 10:00:00,,0.059492496356302264,0
2026-07-10 09:42:00,,0.16288648293579122,1
2026-07-22 09:42:00,,0.19257807142799505,0
2026-07-28 10:05:00,,0.08058744697955511,0
2026-08-26 09:39:00,,0.11898156780090181,0
2026-06-22 11:24:00,,0.07804623943170597,0
2026-06-26 14:40:00,,0.15892736128716944,0
2026-08-03 10:13:00,,0.1396029878995861,0
2026-08-10 10:03:00,,0.21824475285185643,0
2026-08-18 13:26:00,,0.054234445547339284,0
2026-08-27 14:48:00,,0.05826580389771818,0
2026-09-01 14:27:00,,0.04014402893299383,0
2026-06-02 11:08:00,,0.10578254454966839,1
2026-06-04 09:37:00,,0.42085492760711407,0
2026-06-04 14:56:00,,0.38164071855719917,1
2026-06-08 10:09:00,,0.19191772148594258,0
2026-06-24 14:16:00,,0.04164804559263542,0
2026-07-14 11:26:00,,0.16902906694867556,1
2026-07-24 09:42:00,,0.24605052299540892,0
2026-07-30 09:50:00,,0.27539992160980914,1
2026-07-13 14:52:00,,0.3994860176028388,0
2026-07-15 11:13:00,,0.18314250950211222,0
2026-07-22 14:03:00,,0.10974979969766561,0
2026-07-22 14:17:00,,0.17894112719445782,1
2026-07-29 15:00:00,,0.29251940232362356,1
2026-05-22 14:53:00,,0.07198648882407585,0
2026-06-05 13:39:00,,0.1509774148731817,0
2026-06-15 10:34:00,,0.3124429881227874,0
2026-06-17 10:27:00,,0.21566817588200865,0
2026-06-25 14:57:00,,0.2755286273084508,1
2026-06-26 09:40:00,,0.3754527164607254,1
2026-07-08 11:21:00,,0.17453800605275419,1
2026-07-17 10:11:00,,0.30449170171217477,0
2026-07-17 14:46:00,,0.2759048007965864,0
2026-08-28 14:51:00,,0.0663568630812689,0
2026-05-22 13:17:00,,0.0845778832951874,0
2026-06-02 10:52:00,,0.08686022782597241,0
2026-06-04 14:48:00,,0.16651223366416784,0
2026-07-03 10:46:00,,0.041962529295950346,0
2026-09-03 09:54:00,,0.13836035728626653,0
2026-07-01 13:08:00,,0.482063972786937,0
2026-07-03 14:01:00,,0.4650486699328807,1
2026-07-17 14:46:00,,0.42950345594717165,0
2026-08-18 13:34:00,,0.10907740507424765,0
2026-08-28 14:33:00,,0.05532251711030293,0
2026-05-25 14:14:00,,0.08857937200973827,0
2026-06-03 09:46:00,,0.14324778544135763,0
2026-07-13 10:14:00,,0.2159743274861779,0
2026-06-22 09:32:00,,0.45778926929932173,0
2026-06-22 10:00:00,,0.42824195384581315,1
2026-06-23 14:23:00,,0.5784316823103715,0
2026-06-25 10:29:00,,0.15571423024400327,0
2026-07-02 09:41:00,,0.3709187995598025,1
2026-07-10 14:47:00,,0.586619807201705,1
2026-08-03 10:02:00,,0.44098177597277655,0
2026-08-17 10:44:00,,0.0806722926193147,0
2026-08-17 13:30:00,,0.33149488232106344,0
2026-09-01 13:43:00,,0.3778933931620585,0
2026-07-13 13:02:00,,0.2913403208652819,0
2026-07-30 09:48:00,,0.3765814248330429,0
2026-08-19 09:47:00,,0.36000399773804614,0
2026-09-04 14:44:00,,0.08078418073692725,0
2026-06-16 13:42:00,,0.10198211932323996,0
2026-06-22 11:08:00,,0.0497641724660225,0
2026-06-24 13:01:00,,0.1408103032457422,0
2026-06-26 10:22:00,,0.1320498883935588,0
2026-07-09 09:39:00,,0.20880369600074145,1
2026-07-14 13:45:00,,0.099872355193299,0
2026-07-28 13:26:00,,0.05271003493715578,0
2026-08-03 14:59:00,,0.36061356631645225,1
2026-08-18 13:57:00,,0.11407297989716747,0
2026-07-29 10:14:00,,0.09558374203745154,0
2026-08-25 10:49:00,,0.04184399197252222,0
2026-06-02 13:19:00,,0.4117710692491284,1
2026-06-15 10:25:00,,0.16390324122577252,0
2026-07-03 14:59:00,,0.25828833416054825,0
2026-08-06 14:04:00,,0.1466108935376321,1
2026-08-07 09:35:00,,0.286871224832077,1
2026-08-19 09:50:00,,0.3603744582048148,0
2026-08-20 11:15:00,,0.4659506550864929,1
2026-08-27 10:39:00,,0.09874337557990773,0
2026-08-28 10:33:00,,0.34587537990052813,0
2026-09-02 10:03:00,,0.43869822367888656,0
2026-05-28 11:12:00,,0.10349215343367292,1
2026-07-07 14:54:00,,0.2809072101483266,0
2026-07-14 09:33:00,,0.4310763634269138,1
2026-07-16 10:01:00,,0.3807591600256514,1
2026-07-16 13:24:00,,0.16739561356336144,0
2026-08-17 14:06:00,,0.064851690266217,0
2026-08-24 11:19:00,,0.18600869553418173,0
2026-08-28 10:13:00,,0.20219106420790486,0
2026-06-05 13:50:00,,0.03799176590702586,0
2026-06-30 14:51:00,,0.056745347596338015,0
2026-08-04 10:40:00,,0.1272210443907328,0
2026-08-24 13:34:00,,0.04003993835943,0
2026-08-28 15:00:00,,0.2491887821781758,0
2026-06-24 10:38:00,,0.19371286841673233,0
2026-08-07 14:31:00,,0.1150895413589507,0
2026-08-25 13:11:00,,0.1051969572899527,0
2026-05-21 10:11:00,,0.05306823181926731,0
2026-05-21 14:57:00,,0.27273832310358875,0
2026-05-25 13:48:00,,0.047913426405098894,0
2026-06-16 14:50:00,,0.036223262514844874,0
2026-07-22 14:21:00,,0.03509013182130204,0
2026-07-23 10:39:00,,0.18234676167768496,0
2026-08-18 13:26:00,,0.022229653172725867,0
2026-07-10 13:08:00,,0.05716263740713428,0
2026-07-24 10:30:00,,0.1336809248737078,0
2026-07-24 11:27:00,,0.12031351544132857,0
2026-07-24 14:44:00,,0.03628666713559383,0
2026-08-05 10:24:00,,0.10889968356487735,0
2026-08-05 10:59:00,,0.024700734555757668,0
2026-08-10 10:01:00,,0.16682020673071465,0
2026-08-20 14:38:00,,0.015762425113990803,0
2026-06-04 14:43:00,,0.1418515161367305,0
2026-06-10 14:35:00,,0.11659896651282703,0
2026-07-31 10:55:00,,0.07544211713510998,0
2026-08-04 13:49:00,,0.203265975497184,0
2026-08-13 09:41:00,,0.24919243433181393,1
2026-05-26 10:18:00,,0.1057303608656865,0
2026-06-15 13:26:00,,0.05584741039954667,0
2026-06-17 14:30:00,,0.07476072464732016,0
2026-06-26 11:10:00,,0.13769309263105123,0
2026-06-29 10:49:00,,0.22999371153622436,0
2026-07-01 14:54:00,,0.06901839279209336,0
2026-07-03 13:50:00,,0.09603405827717733,0
2026-07-14 10:52:00,,0.1850449606740696,0
2026-07-17 14:04:00,,0.18551883348530515,0
2026-07-29 13:47:00,,0.1266148397331348,0
2026-07-30 13:12:00,,0.278355574385701,0
2026-08-12 14:04:00,,0.17757205164827225,0
2026-05-25 11:30:00,,0.5036178440520406,0
2026-06-24 14:27:00,,0.467456918693947,0
2026-07-29 10:30:00,,0.16892308040522366,1
2026-08-14 14:34:00,,0.34406833412331095,0
2026-09-04 14:05:00,,0.5673724677360067,1
2026-06-04 13:33:00,,0.19505694892944822,0
2026-06-09 11:26:00,,0.15077166106441273,1
2026-06-12 14:31:00,,0.26210749028222874,0
2026-07-10 10:03:00,,0.2841587688453066,0
2026-07-13 09:42:00,,0.40179516969748985,0
2026-07-24 11:30:00,,0.17602665485537955,0
2026-08-06 10:09:00,,0.2914394713722238,0
2026-06-10 10:27:00,,0.18246009047225387,0
2026-06-23 11:26:00,,0.2408491216521546,1
2026-07-31 10:35:00,,0.1235846169725507,0
2026-08-04 13:53:00,,0.06887962555868568,0
2026-08-10 14:55:00,,0.1101262204465596,0
2026-08-14 14:36:00,,0.07806018446060162,0
2026-08-21 10:36:00,,0.2463777149306618,0
2026-06-11 13:48:00,,0.34083824248863664,0
2026-07-20 11:29:00,,0.3542747169395437,0
2026-08-03 10:25:00,,0.2846859846866035,0
2026-08-03 13:28:00,,0.21674204802071687,0
2026-08-05 14:08:00,,0.25567288942294614,1
2026-08-24 11:03:00,,0.24230496221364425,0
2026-05-25 13:58:00,,0.17693290443415718,0
2026-06-16 14:50:00,,0.2313576022616317,0
2026-06-30 11:29:00,,0.377820818937425,0
2026-07-10 11:29:00,,0.1389849727070067,0
2026-07-17 14:36:00,,0.4502486772712377,0
2026-07-30 11:01:00,,0.07531373900808597,0
2026-06-09 10:24:00,,0.22383093477389848,1
2026-06-24 11:20:00,,0.33845906429562916,1
2026-07-27 11:21:00,,0.08580523205842662,0
2026-07-28 14:47:00,,0.12641081171592947,1
2026-08-26 13:19:00,,0.06421391540569206,0
2026-06-05 13:51:00,,0.13984166474815385,0
2026-06-12 14:16:00,,0.06840357966231504,0
2026-06-17 09:43:00,,0.2531966922892148,1
2026-07-01 09:39:00,,0.39919511578724604,0
2026-07-08 09:36:00,,0.27277881339782506,0
2026-07-09 09:38:00,,0.3719306882658946,1
2026-07-15 14:11:00,,0.05776001724985229,0
2026-07-31 10:54:00,,0.2056478107497833,1
2026-08-06 14:23:00,,0.20470079327183263,0
2026-08-20 14:23:00,,0.06398637727061285,0
2026-08-27 09:43:00,,0.2298887453650388,0
2026-06-23 13:26:00,,0.4060952768125586,1
2026-07-10 14:29:00,,0.09423961462018472,0
2026-07-29 13:59:00,,0.4932084759641119,0
2026-07-31 10:32:00,,0.16941061226192297,1
2026-08-06 14:23:00,,0.13280558632078887,0
2026-08-17 14:56:00,,0.18831704332206464,0
2026-08-24 10:20:00,,0.230070987789464,0
2026-09-02 11:02:00,,0.33945148443074574,0
2026-09-04 09:33:00,,0.28851722168866883,0
2026-05-28 13:42:00,,0.17544565295860198,0
2026-07-13 13:01:00,,0.23658270309238186,0
2026-05-22 10:11:00,,0.3545149548695797,1
2026-07-13 10:24:00,,0.36158014233795316,0
2026-07-23 10:21:00,,0.34336097722164305,0
2026-07-23 10:22:00,,0.20996017507355028,0
2026-07-28 13:15:00,,0.3308691311259088,1
2026-07-31 13:28:00,,0.15905976049289142,0
2026-08-05 11:28:00,,0.2400802132516447,0
2026-07-27 13:21:00,,0.035862672708263724,0
2026-08-05 13:33:00,,0.0692777738823786,0
2026-08-05 13:42:00,,0.04839588090829353,0
2026-08-06 14:14:00,,0.0813375376466172,0
2026-08-13 13:14:00,,0.04248119935259493,0
2026-08-21 10:39:00,,0.04530023351566816,0
2026-06-12 09:43:00,,0.2575334600456078,0
2026-07-03 15:00:00,,0.6161098482836593,0
2026-07-31 13:08:00,,0.21780569821227555,0
2026-08-05 15:00:00,,0.3010164508158503,0
2026-08-12 14:09:00,,0.1006063650811348,0
2026-09-04 14:57:00,,0.3711816380282559,1
2026-06-30 14:23:00,,0.13261560287707533,0
2026-07-21 09:49:00,,0.32678781050724653,1
2026-08-25 09:34:00,,0.3180692905175436,0
2026-05-21 13:58:00,,0.24987688888389853,0
2026-06-04 13:43:00,,0.20287867030148699,0
2026-06-05 11:07:00,,0.1732251396816095,0
2026-06-09 13:11:00,,0.25697292682752837,1
2026-06-12 10:33:00,,0.2108691220524161,0
2026-07-14 09:39:00,,0.45656584777041703,0
2026-07-15 13:40:00,,0.38018696121992873,0
2026-07-15 14:14:00,,0.19871316008521608,1
2026-07-16 14:37:00,,0.19020477008380257,0
2026-08-11 09:30:00,,0.3648697076861561,0
2026-08-11 13:58:00,,0.2403675211680033,0
2026-08-27 09:49:00,,0.3338851056175397,0
2026-06-11 11:13:00,,0.10864084004904366,0
2026-06-16 13:57:00,,0.07265166635382904,0
2026-07-09 11:23:00,,0.13358205051688649,0
2026-07-15 09:38:00,,0.3402811639491425,1
2026-07-21 10:41:00,,0.2630562736443951,0
2026-08-10 11:19:00,,0.05117512401826241,0
2026-08-12 13:32:00,,0.08537165122744561,0
2026-06-29 11:28:00,,0.508905379404932,0
2026-07-17 11:18:00,,0.13049318499212062,0
2026-08-07 10:12:00,,0.4195591323140611,0
2026-09-01 10:22:00,,0.10895242457970129,0
2026-09-03 14:40:00,,0.2768002826397066,1
2026-05-26 09:43:00,,0.30883066304117196,0
2026-06-05 11:09:00,,0.112926983783017,0
2026-06-11 11:15:00,,0.10293558635506192,0
2026-06-15 13:06:00,,0.1528720030624351,0
2026-06-18 10:04:00,,0.27331605842945994,0
2026-07-06 13:04:00,,0.2089644499415156,0
2026-08-21 14:26:00,,0.22196789181798637,0
2026-05-25 09:55:00,,0.2522301042752529,0
2026-05-29 13:13:00,,0.08699438718929468,0
2026-05-29 13:38:00,,0.05356286762774199,0
2026-06-12 09:31:00,,0.4108829525573964,1
2026-06-16 14:31:00,,0.16449341335784226,0
2026-06-23 10:45:00,,0.13329917897165383,0
2026-07-09 13:27:00,,0.29148688114314786,1
2026-07-17 13:02:00,,0.12868659442947836,0
2026-08-17 14:35:00,,0.03505918096066238,0
2026-09-03 13:37:00,,0.17031211067771007,1
2026-05-22 11:04:00,,0.15128497675841282,0
2026-06-01 09:38:00,,0.5085742078664955,0
2026-06-09 13:43:00,,0.26000705429667076,0
2026-06-11 11:15:00,,0.15585660303934912,0
2026-07-21 14:43:00,,0.12945988904397174,0
2026-08-12 10:00:00,,0.26159889536195713,0
2026-08-19 09:31:00,,0.34208578363192416,0
2026-08-25 13:19:00,,0.11195211451344372,0
2026-09-03 10:50:00,,0.07395474930927003,0
2026-06-01 14:00:00,,0.11571076434952877,0
2026-06-04 09:32:00,,0.2068088378128375,0
2026-06-09 14:51:00,,0.09882442893884003,0
2026-06-10 13:11:00,,0.4021000105146317,1
2026-06-12 09:31:00,,0.3122122586340674,0
2026-06-16 13:10:00,,0.2785183523258187,1
2026-07-03 14:39:00,,0.06064406619068103,0
2026-07-23 14:40:00,,0.059229104936242005,0
2026-08-04 10:17:00,,0.08224000649108346,0
2026-08-04 14:42:00,,0.06552893527992197,0
2026-08-06 14:25:00,,0.06612971870771552,0
2026-08-07 11:07:00,,0.1350719067537687,1
2026-08-19 13:30:00,,0.032237246198240845,0
2026-08-21 13:16:00,,0.1146865073696338,0
2026-08-28 09:55:00,,0.20934095970753097,0
2026-09-01 10:45:00,,0.3196608322934898,0
2026-06-08 13:15:00,,0.28517262566894913,0
2026-06-09 10:48:00,,0.34980100976651257,0
2026-06-11 11:01:00,,0.1279525152208728,0
2026-06-17 14:14:00,,0.3599266089996633,1
2026-06-24 13:03:00,,0.34989652386021425,0
2026-06-25 13:46:00,,0.06811329996381434,0
2026-08-06 13:49:00,,0.19940367405699141,1
2026-09-04 13:09:00,,0.3877375723386977,0
2026-05-21 11:16:00,,0.030449794360456164,0
2026-06-02 11:25:00,,0.09533297342976678,0
2026-06-11 11:13:00,,0.12236149516224976,0
2026-06-15 14:42:00,,0.06142642397842695,0
2026-06-23 10:22:00,,0.10339594496257397,0
2026-07-21 10:10:00,,0.21579159313931912,0
2026-07-29 13:23:00,,0.15055635959162197,0
2026-08-06 14:38:00,,0.039561027700612234,0
2026-08-19 13:15:00,,0.03916330541732522,0
2026-08-19 13:30:00,,0.06080871204303742,0
2026-09-01 09:52:00,,0.19230885010256452,1
2026-09-01 14:30:00,,0.028848465639993836,0
2026-06-24 10:01:00,,0.29934125036178166,0
2026-07-22 10:48:00,,0.16542324937723957,0
2026-08-06 10:56:00,,0.09851726838092821,0
2026-08-25 13:29:00,,0.15665858410345437,0
2026-07-07 09:37:00,,0.3478602812191066,1
2026-07-10 09:59:00,,0.20967956528347442,1
2026-07-27 14:02:00,,0.2692960557416444,0
2026-08-04 13:21:00,,0.06531791984611979,0
2026-08-12 11:26:00,,0.09006428005421314,0
2026-08-12 14:07:00,,0.0747305375546074,0
2026-08-18 13:06:00,,0.1365315363374813,0
2026-07-02 09:53:00,,0.29140752559536415,0
2026-07-02 13:54:00,,0.18236773243766194,0
2026-07-10 10:45:00,,0.26366016779800633,1
2026-07-27 11:00:00,,0.20623325034019113,0
2026-07-28 13:14:00,,0.19791837900477252,0
2026-08-07 11:23:00,,0.11963880203512549,0
2026-08-14 10:17:00,,0.19687692203122198,0
2026-06-22 13:11:00,,0.2815141557115539,0
2026-07-02 10:05:00,,0.1976672662822073,0
2026-07-10 10:10:00,,0.2570663098616091,0
2026-07-21 09:41:00,,0.3488301093829017,0
2026-07-24 14:14:00,,0.19700285614045177,0
2026-07-29 13:02:00,,0.26854256436505025,1
2026-08-10 10:11:00,,0.17758130437673827,0
2026-08-11 13:46:00,,0.1635104095894136,0
2026-08-20 14:59:00,,0.28493088038864683,0
2026-08-27 14:37:00,,0.057693458608682316,0
2026-05-21 13:39:00,,0.03048878411793889,0
2026-05-22 09:31:00,,0.24818354010380977,0
2026-06-09 14:27:00,,0.06065067741984822,0
2026-07-02 10:29:00,,0.035106331753175735,0
2026-07-13 14:50:00,,0.05992744486665052,0
2026-07-23 10:34:00,,0.0514964224038196,0
2026-08-12 14:05:00,,0.02130753554409823,0
2026-05-22 09:35:00,,0.3288962569923695,0
2026-06-16 13:15:00,,0.11442915418498531,0
2026-07-01 14:18:00,,0.15850299818571104,1
2026-07-03 13:09:00,,0.10922070680463036,0
2026-07-27 14:51:00,,0.10100541674196349,0
2026-09-01 13:26:00,,0.07789235189371545,0
2026-09-02 13:30:00,,0.08515682334674732,0
2026-06-08 09:55:00,,0.39263021097245115,1
2026-06-15 13:28:00,,0.18974595034617397,0
2026-08-12 14:14:00,,0.3213498370235047,1
2026-08-19 14:51:00,,0.0844543172027311,0
2026-06-15 09:34:00,,0.40485992173603447,1
2026-06-15 14:03:00,,0.22771502321921927,0
2026-06-17 13:14:00,,0.22103481630965996,0
2026-06-17 14:14:00,,0.07979288334188823,0
2026-07-13 09:51:00,,0.2852388144473576,0
2026-08-13 14:10:00,,0.08054820201962712,0
2026-08-31 11:14:00,,0.2646789659434518,1
2026-05-29 14:34:00,,0.08754444385643002,0
2026-06-26 13:48:00,,0.16309314294493044,0
2026-07-09 14:40:00,,0.13051439319497035,0
2026-07-13 14:19:00,,0.10914953044415092,0
2026-07-16 11:00:00,,0.1274058688226102,0
2026-08-13 10:05:00,,0.16407750951123592,0
2026-08-17 13:25:00,,0.08437313505657637,0
2026-08-20 14:02:00,,0.11096855722802837,0
2026-06-12 13:02:00,,0.09357437862050286,1
2026-06-26 14:41:00,,0.04761120406169288,0
2026-07-01 14:51:00,,0.04775431153378653,0
2026-07-06 09:59:00,,0.15985309917788768,1
2026-07-10 13:56:00,,0.05971124471503144,0
2026-05-26 14:30:00,,0.4039641137568275,1
2026-06-01 10:38:00,,0.09647729507335072,0
2026-06-11 13:03:00,,0.20326510784563703,0
2026-07-10 10:58:00,,0.2935855142438215,1
2026-07-16 13:31:00,,0.28409162234582813,0
2026-08-26 10:48:00,,0.08923915819820646,0
2026-09-03 13:30:00,,0.40186041411869744,0
2026-05-22 14:05:00,,0.04216210601852289,0
2026-06-02 14:48:00,,0.05308550953000097,0
2026-06-10 13:56:00,,0.08731192823132987,0
2026-07-29 14:16:00,,0.16380728385293375,0
2026-06-03 10:11:00,,0.3345522933841498,0
2026-06-24 11:20:00,,0.4327652141372365,1
2026-07-03 14:33:00,,0.1384215605536609,0
2026-07-24 13:27:00,,0.17163192280269396,0
2026-07-27 11:23:00,,0.10785116660919564,1
2026-08-03 14:20:00,,0.3746618373821346,0
2026-08-04 09:41:00,,0.2770164948503224,1
2026-08-17 14:31:00,,0.33000386199968396,1
2026-08-19 13:45:00,,0.22604824589668368,0
2026-09-03 10:29:00,,0.16630100703063364,0
2026-09-03 11:30:00,,0.19448681344754426,0
2026-05-28 14:10:00,,0.15932664578952024,0
2026-06-11 10:47:00,,0.1537079986564337,1
2026-06-24 13:02:00,,0.31338115230475533,1
2026-06-25 09:52:00,,0.370828167658138,0
2026-06-26 14:52:00,,0.0033794669231023886,0
2026-07-07 10:54:00,,0.19450627360086223,0
2026-07-28 10:13:00,,0.2863211066046053,0
2026-08-18 10:03:00,,0.22358792917936243,1
2026-08-19 14:46:00,,0.21556751307449554,0
2026-09-03 13:51:00,,0.10312465822318737,1
2026-05-26 11:25:00,,0.16988940588985088,0
2026-05-27 13:38:00,,0.13515002314389776,0
2026-06-18 10:16:00,,0.1755071477983282,0
2026-07-31 11:12:00,,0.1004763030450853,0
2026-06-25 13:14:00,,0.13224704792063494,0
2026-07-03 13:26:00,,0.16880216422377178,0
2026-08-04 14:32:00,,0.03525287408400413,0
2026-08-28 11:01:00,,0.058975254381898067,0
2026-06-15 14:30:00,,0.06343360000819534,0
2026-06-23 11:00:00,,0.13751355880453445,0
2026-06-29 14:52:00,,0.11485107007634524,0
2026-07-10 09:32:00,,0.3975776991384771,1
2026-07-13 14:56:00,,0.32198134670541045,0
2026-08-12 14:42:00,,0.0881644124480316,0
2026-08-19 11:06:00,,0.13975034909841205,0
2026-08-19 13:54:00,,0.1528091055440961,0
2026-06-04 14:46:00,,0.04824644308588154,1
2026-06-08 13:44:00,,0.1262072319385332,0
2026-07-02 13:29:00,,0.08292585480965431,1
2026-07-27 13:11:00,,0.09051873607843351,0
2026-07-27 13:26:00,,0.046768841712069825,0
2026-07-28 13:23:00,,0.04986524503880221,0
2026-07-31 09:32:00,,0.25033978833858284,0
2026-08-06 13:17:00,,0.07056652101146714,0
2026-08-26 13:34:00,,0.04987338854286034,0
2026-05-26 11:04:00,,0.13239441952151781,0
2026-06-16 15:00:00,,0.4000262669674611,1
2026-07-02 14:50:00,,0.29557266170783464,0
2026-07-16 09:55:00,,0.2611915950646543,1
2026-08-13 09:45:00,,0.19166323189318926,0
2026-08-21 09:40:00,,0.2949673485660141,1
2026-05-26 10:30:00,,0.05375158350604386,0
2026-06-05 13:41:00,,0.07263056108150019,1
2026-07-02 11:10:00,,0.12904800872200306,0
2026-07-08 09:53:00,,0.24230968456513158,1
2026-07-29 14:20:00,,0.1411953080104181,0
2026-06-04 14:58:00,,0.25753256195051816,0
2026-06-22 14:22:00,,0.46580936556487085,1
2026-06-23 11:29:00,,0.16292126709724214,0
2026-07-20 13:04:00,,0.48190431972526315,0
2026-07-27 14:37:00,,0.5062516136304007,0
2026-07-29 14:18:00,,0.1221842075600101,0
2026-09-03 14:06:00,,0.1295398274090427,0
2026-05-27 13:08:00,,0.1890712807784287,0
2026-05-27 13:29:00,,0.26516027249264174,0
2026-06-10 13:38:00,,0.17396178886718572,0
2026-06-15 13:18:00,,0.10649445481272608,0
2026-08-03 10:22:00,,0.24633232314841194,0
2026-08-17 10:07:00,,0.08395386374174744,0
2026-08-20 09:42:00,,0.09890092485044363,0
2026-09-03 13:10:00,,0.10991767087471596,0
2026-06-03 09:59:00,,0.28918177468208617,0
2026-06-12 10:36:00,,0.4032840583690372,0
2026-07-09 14:58:00,,0.35319145013849607,0
2026-07-16 10:57:00,,0.4079312408888887,0
2026-05-26 14:34:00,,0.045363907640135294,0
2026-06-10 09:52:00,,0.09800062174249546,0
2026-06-16 09:42:00,,0.1994137037751384,0
2026-06-16 10:15:00,,0.09610118840345475,0
2026-07-03 10:58:00,,0.04288042556396868,0
2026-07-07 11:12:00,,0.1179769461099762,0
2026-08-18 11:09:00,,0.07476018943680737,0
2026-06-03 10:13:00,,0.07899099656946677,0
2026-06-10 10:55:00,,0.08662036621198294,0
2026-06-22 13:44:00,,0.15328207005767777,0
2026-06-25 11:29:00,,0.1533061531803862,0
2026-07-06 14:55:00,,0.06269777873329137,0
2026-07-16 13:41:00,,0.09011359076270697,1
2026-07-27 10:38:00,,0.21805995463176875,0
2026-08-13 13:14:00,,0.1683875371208429,0
2026-08-21 14:38:00,,0.03889103336432288,0
2026-05-25 11:21:00,,0.10069846404479864,0
2026-05-28 13:40:00,,0.10261338998331035,1
2026-05-29 09:49:00,,0.2731201540373671,1
2026-06-12 14:47:00,,0.24964601355272809,0
2026-06-23 13:39:00,,0.0007921502062136087,0
2026-07-08 14:36:00,,0.4993000592333612,1
2026-07-09 13:23:00,,0.5000849217927504,1
2026-08-10 13:35:00,,0.2726076883687306,0
2026-08-17 14:38:00,,0.28690031348459283,1
2026-05-28 10:50:00,,0.19619918690642565,0
2026-05-28 14:20:00,,0.13630384891962083,0
2026-06-01 13:44:00,,0.0738044020664334,0
2026-06-02 09:40:00,,0.32278667717752957,1
2026-06-03 10:28:00,,0.10690893100294922,0
2026-06-29 09:54:00,,0.26280216537240586,1
2026-07-16 10:37:00,,0.20802087614240364,0
2026-07-20 14:37:00,,0.09849009197686191,0
2026-07-21 09:34:00,,0.3345368566617058,0
2026-07-23 13:34:00,,0.08889065687294566,0
2026-06-02 09:33:00,,0.34025986741743536,1
2026-08-03 14:13:00,,0.0707743989130449,0
2026-08-18 13:01:00,,0.1955102338132185,0
2026-08-24 13:48:00,,0.08100549309814559,0
2026-07-20 10:48:00,,0.15461270276002556,0
2026-07-24 13:48:00,,0.09361033230686645,0
2026-08-14 10:16:00,,0.1304136592337591,0
2026-06-01 13:05:00,,0.1472359693400642,0
2026-06-29 10:38:00,,0.35365678707411397,0
2026-06-30 13:49:00,,0.10915547870921744,1
2026-08-07 10:10:00,,0.2862751281489891,0
2026-08-28 14:42:00,,0.044466504042785154,0
2026-07-03 13:26:00,,0.0013957231055720274,0
2026-07-14 09:31:00,,0.47270344217520377,1
2026-08-11 14:29:00,,0.4070903676847771,0
2026-08-21 11:21:00,,0.22449551969702075,0
2026-08-27 11:09:00,,0.24608210075901213,0
2026-06-09 11:01:00,,0.14718074795206626,0
2026-06-17 09:53:00,,0.23180870389810662,0
2026-06-24 10:50:00,,0.2190738516689117,0
2026-07-08 14:53:00,,0.20663177664170174,0
2026-08-10 11:30:00,,0.1470503932749376,0
2026-06-01 14:12:00,,0.038373647220776574,0
2026-06-02 13:06:00,,0.08580135257657379,0
2026-06-16 10:31:00,,0.08062060680418479,0
2026-06-23 13:34:00,,0.045379811852770166,0
2026-07-10 14:14:00,,0.0509638305673861,0
2026-07-29 13:07:00,,0.04861332002898044,0
2026-08-10 13:52:00,,0.07670127074801086,0
2026-06-15 13:41:00,,0.21596132340213323,0
2026-06-16 14:20:00,,0.267775129301041,0
2026-06-18 13:06:00,,0.14749253545318414,0
2026-06-22 13:58:00,,0.3251234416508662,1
2026-07-03 09:54:00,,0.24081070871660162,0
2026-07-07 10:04:00,,0.2525900621131904,0
2026-07-16 09:59:00,,0.25346312834120766,0
2026-07-20 14:15:00,,0.10720938598138118,0
2026-07-22 13:36:00,,0.16067584557893483,0
2026-07-30 13:22:00,,0.18388446233191552,0
2026-08-10 09:35:00,,0.23392548889273926,0
2026-08-10 14:35:00,,0.12642888857159035,0
2026-08-14 10:46:00,,0.37398575530986233,1
2026-05-26 13:48:00,,0.16825878356423732,0
2026-06-24 10:59:00,,0.1417866477328185,1
2026-06-26 10:26:00,,0.41585165740770824,0
2026-07-06 14:22:00,,0.20653149922570674,0
2026-07-21 13:30:00,,0.23644627132705365,0
2026-08-05 10:44:00,,0.2722648077039221,0
2026-08-14 13:03:00,,0.19353515370240001,1
2026-08-26 13:44:00,,0.11211329512520402,0
2026-06-09 14:11:00,,0.12569804149038422,1
2026-06-22 09:36:00,,0.3401987237934983,0
2026-06-24 13:39:00,,0.24405712296267484,1
2026-08-13 13:48:00,,0.08779057789655009,0
2026-08-25 13:34:00,,0.13928679089293583,0
2026-06-09 10:41:00,,0.13237787819501892,0
2026-07-03 09:30:00,,0.37910230023530006,1
2026-07-06 10:17:00,,0.23540228143459452,0
2026-07-09 14:30:00,,0.081956560047869,1
2026-07-13 14:27:00,,0.01205724409428867,0
2026-08-06 13:28:00,,0.11725699319604344,0
2026-08-06 14:57:00,,0.3392138933149933,0
2026-08-12 13:01:00,,0.10152261029310883,0
2026-06-01 14:30:00,,0.044542269999812825,1
2026-06-03 13:43:00,,0.14089634250860408,0
2026-06-09 13:22:00,,0.09478263467156976,0
2026-08-13 11:27:00,,0.12101154624941553,0
2026-05-28 14:15:00,,0.042588174273725604,0
2026-08-17 14:12:00,,0.04108726548902071,0
2026-08-28 10:27:00,,0.048083469975249316,0
2026-05-22 11:22:00,,0.22804665806866584,0
2026-06-10 10:59:00,,0.3167058764859541,1
2026-06-25 10:45:00,,0.2973808515745515,0
2026-07-31 09:54:00,,0.3561800629583443,0
2026-08-06 14:37:00,,0.10413578889373366,0
2026-08-10 13:05:00,,0.13507075825355858,0
2026-08-27 10:08:00,,0.2906734488826868,0
2026-05-28 13:41:00,,0.15249426619126308,1
2026-06-12 10:55:00,,0.040648545452523395,1
2026-07-09 13:58:00,,0.049613346370359634,0
2026-07-14 11:26:00,,0.13900847332531524,1
2026-08-04 14:41:00,,0.04890945123726069,0
2026-08-20 10:02:00,,0.17374749448681762,0
2026-08-28 14:47:00,,0.022976356533945645,0
2026-05-27 13:24:00,,0.20714795488553636,0
2026-06-29 10:28:00,,0.31749113067523893,1
2026-08-12 13:57:00,,0.1787714760830471,0
2026-08-31 14:38:00,,0.07270253716897915,0
2026-09-01 13:18:00,,0.14699133372305243,0
2026-09-04 11:27:00,,0.20083074513855848,1
2026-07-02 09:47:00,,0.2304268905543948,0
2026-07-03 10:14:00,,0.1207112786319024,0
2026-07-03 10:51:00,,0.054355981875642806,0
2026-07-17 10:36:00,,0.1260982406994146,0
2026-07-24 13:25:00,,0.09043691561194636,0
2026-08-04 09:42:00,,0.10458372455976271,0
2026-08-13 11:10:00,,0.06478789025506271,0
2026-05-22 09:42:00,,0.22277801271364844,1
2026-06-02 14:35:00,,0.1150819519442268,1
2026-07-13 11:28:00,,0.12784585580226493,0
2026-07-24 14:50:00,,0.261833162786154,0
2026-07-27 09:46:00,,0.23605627201735213,1
2026-07-31 14:46:00,,0.06398727757473865,0
2026-08-17 13:44:00,,0.06244402613516759,0
2026-08-18 10:00:00,,0.17667183854216142,0
2026-08-24 10:23:00,,0.16862587389887296,0
2026-08-28 11:13:00,,0.043587776038602435,0
2026-09-01 10:29:00,,0.090289786728473,0
2026-05-21 14:53:00,,0.15724799512021806,0
2026-06-04 09:44:00,,0.1755078566545943,0
2026-06-05 14:12:00,,0.032570652738281546,0
2026-07-10 13:47:00,,0.11700529477404362,0
2026-08-04 09:47:00,,0.18790305038030486,0
2026-08-06 11:22:00,,0.06494216547195196,0
2026-08-13 14:34:00,,0.021740278284291117,0
2026-07-10 10:57:00,,0.1525769690720818,0
2026-07-14 09:35:00,,0.34567398342603134,0
2026-08-03 10:58:00,,0.09225250898003597,0
2026-09-04 10:42:00,,0.10572672683447792,1
2026-05-21 10:25:00,,0.12856570111436724,0
2026-06-08 10:02:00,,0.2838761635048824,0
2026-06-12 14:01:00,,0.16285859385583504,0
2026-06-18 13:03:00,,0.10804521752329235,0
2026-06-26 10:40:00,,0.1749727555278372,0
2026-07-27 09:53:00,,0.3219154660252098,0
2026-07-30 10:45:00,,0.12675836374609173,0
2026-08-18 14:18:00,,0.10433432051207846,0
2026-05-28 10:08:00,,0.12327116761673836,0
2026-06-03 09:33:00,,0.28896698693076067,0
2026-06-23 14:36:00,,0.038984450913139845,0
2026-06-30 09:40:00,,0.22895324690309826,1
2026-07-02 10:41:00,,0.11428063963227593,0
2026-07-03 14:50:00,,0.04969828448474189,0
2026-07-14 10:06:00,,0.17268283495518374,1
2026-07-16 13:10:00,,0.07309246523700197,0
2026-05-28 11:29:00,,0.14858136081005027,0
2026-06-04 13:56:00,,0.08331134696349825,0
2026-06-22 09:48:00,,0.3229437684349429,1
2026-07-17 11:12:00,,0.10497406560210812,0
2026-08-10 10:12:00,,0.10940673546086055,0
2026-08-28 14:05:00,,0.057001000219139016,0
2026-09-03 13:50:00,,0.1301004473180579,0
2026-05-22 10:52:00,,0.048567930623166895,0
2026-06-04 14:19:00,,0.04819295543339537,0
2026-06-10 10:47:00,,0.07988541517357299,0
2026-06-22 14:20:00,,0.08580138074929505,0
2026-07-07 09:46:00,,0.13772485871565537,0
2026-07-08 14:12:00,,0.04854712691860882,0
2026-07-15 11:28:00,,0.05865371408901919,0
2026-07-31 09:58:00,,0.11506912334564784,0
2026-09-01 11:20:00,,0.23583756538386913,0
2026-06-09 09:40:00,,0.1558081447811597,1
2026-07-15 10:18:00,,0.13531295742096427,0
2026-07-20 09:42:00,,0.2656595470115829,1
2026-07-20 10:49:00,,0.16593042026327318,0
2026-07-30 09:54:00,,0.0991835773419681,0
2026-08-26 14:26:00,,0.041496957198852345,0
2026-05-21 09:30:00,,0.3551099908943604,1
2026-06-12 11:10:00,,0.2628954019606143,0
2026-06-16 11:07:00,,0.20377424379810208,0
2026-06-29 10:26:00,,0.28516437482868456,1
2026-07-07 11:11:00,,0.3517849386739324,0
2026-07-24 09:41:00,,0.3537523027060014,1
2026-07-27 13:29:00,,0.4311786346124957,0
2026-06-15 09:52:00,,0.13208069264177416,0
2026-07-06 14:52:00,,0.049119467226373066,0
2026-07-09 10:53:00,,0.0904192958168671,0
2026-07-21 11:30:00,,0.29661104479844713,1
2026-07-24 09:59:00,,0.13705120172881283,0
2026-07-30 13:47:00,,0.10631527120000796,0
2026-08-17 13:06:00,,0.04737719093945186,0
2026-05-21 10:41:00,,0.2606515169379293,0
2026-05-21 13:38:00,,0.23596528151836052,0
2026-06-05 10:09:00,,0.2776494203668472,1
2026-06-05 10:54:00,,0.2700569293764132,0
2026-06-17 10:06:00,,0.297546554396254,0
2026-07-09 13:36:00,,0.1730880550975726,1
2026-07-31 10:41:00,,0.35683136219894523,1
2026-08-03 13:27:00,,0.37393022260399417,0
2026-08-18 10:44:00,,0.1927336760328815,0
2026-08-21 09:49:00,,0.15894323892530485,0
2026-08-24 14:18:00,,0.06694355235291699,1
2026-08-28 10:37:00,,0.28275673863114875,0
2026-06-04 09:54:00,,0.2268852371464939,0
2026-06-08 09:52:00,,0.28906685332017784,0
2026-07-09 10:42:00,,0.11156522166738325,0
2026-07-10 14:54:00,,0.04619650472362531,0
2026-07-15 13:53:00,,0.06832286644691156,0
2026-08-11 14:19:00,,0.031616481626363296,0
2026-08-13 13:34:00,,0.0392027800482027,0
2026-08-20 13:18:00,,0.0839372657401935,0
2026-08-21 11:04:00,,0.03768644575358642,0
2026-08-24 10:41:00,,0.06269286348244912,0
2026-05-26 14:33:00,,0.04011620989171201,0
2026-06-01 13:33:00,,0.08777212435415811,0
2026-06-16 09:30:00,,0.2948908068482959,0
2026-07-31 14:32:00,,0.0685872685246477,0
2026-08-14 13:43:00,,0.16392472100832084,0
2026-05-27 09:34:00,,0.2938457730554074,0
2026-06-02 11:12:00,,0.10951507017567076,0
2026-07-06 10:06:00,,0.2919189080467196,0
2026-07-20 14:24:00,,0.22921850861336276,0
2026-07-27 10:23:00,,0.18218631020567605,0
2026-07-28 09:51:00,,0.2287424876864253,0
2026-09-03 10:22:00,,0.3495375355418306,0
2026-06-29 13:06:00,,0.12201422026332737,0
2026-07-01 14:53:00,,0.08403449189915428,0
2026-07-07 13:32:00,,0.1975700129184848,0
2026-07-13 10:09:00,,0.25974289304379067,0
2026-07-20 13:10:00,,0.15680911105099443,0
2026-07-31 14:39:00,,0.13182708467977103,0
2026-08-06 14:06:00,,0.06032186686205913,0
2026-08-14 10:31:00,,0.2104648846826692,0
2026-08-18 13:55:00,,0.09487777159718302,0
2026-05-25 09:56:00,,0.24218039408967226,0
2026-05-28 09:41:00,,0.29457333942344793,0
2026-06-08 13:14:00,,0.16887969002629405,0
2026-06-08 14:03:00,,0.0752173123911607,0
2026-06-09 13:44:00,,0.1250137663232823,0
2026-06-18 09:31:00,,0.37340403384002346,0
2026-06-22 10:26:00,,0.16757558757624377,0
2026-06-24 10:45:00,,0.13434226392082504,0
2026-06-30 10:58:00,,0.11860997723147164,0
2026-07-02 09:30:00,,0.3580770716298362,1
2026-07-02 10:44:00,,0.10969616875532161,0
2026-07-17 13:03:00,,0.10755553341594207,0
2026-07-31 10:09:00,,0.20099854933319736,0
2026-08-05 09:51:00,,0.28704023170481924,0
2026-08-13 13:59:00,,0.057768907570633625,0
2026-08-26 10:03:00,,0.2508374457427333,1
2026-08-27 10:03:00,,0.1710010893131308,0
2026-09-04 13:54:00,,0.11725232411158434,0
2026-06-23 10:59:00,,0.17278253027841953,0
2026-07-07 14:29:00,,0.09893946879791986,1
2026-07-16 11:23:00,,0.21958186261841844,0
2026-07-22 10:37:00,,0.22543051511404413,0
2026-08-18 13:22:00,,0.09751631042451671,0
2026-07-08 10:36:00,,0.22022053775492098,0
2026-07-24 13:18:00,,0.1917135318137451,0
2026-08-24 13:35:00,,0.13355147258363667,0
2026-06-16 11:29:00,,0.15365108017843662,0
2026-06-24 13:01:00,,0.36100153361652204,0
2026-07-24 14:20:00,,0.11242029994791414,0
2026-07-27 10:56:00,,0.19116131504215675,0
2026-08-03 10:04:00,,0.3526169501307082,0
2026-05-28 11:00:00,,0.0413919008591671,0
2026-06-15 09:57:00,,0.3362010676342111,0
2026-07-10 13:17:00,,0.13368543210853925,0
2026-07-29 13:28:00,,0.1339926630140846,0
2026-07-30 13:53:00,,0.1738113510348243,0
2026-08-20 14:19:00,,0.041682012482243895,0
2026-06-09 13:52:00,,0.15203796535264277,0
2026-07-27 10:14:00,,0.14559983365144236,0
2026-08-05 14:00:00,,0.1621600373431577,0
2026-08-07 13:45:00,,0.09266857510698225,0
2026-08-18 13:20:00,,0.137252574745359,0
2026-09-01 14:55:00,,0.1250762788217015,0
2026-09-03 13:19:00,,0.0818185835079325,0
2026-05-26 09:51:00,,0.09404824838448445,0
2026-06-23 14:25:00,,0.1145094428915652,0
2026-07-09 14:46:00,,0.09272921824464914,0
2026-07-23 10:13:00,,0.12584994768346636,0
2026-08-06 13:21:00,,0.08084998674747684,0
2026-08-14 10:52:00,,0.07649377837517293,0
2026-05-28 10:48:00,,0.12543226675897673,0
2026-05-29 10:42:00,,0.20724263562233639,1
2026-06-25 13:18:00,,0.16507632576483625,0
2026-07-14 09:59:00,,0.2662299866878483,0
2026-07-30 13:07:00,,0.3520948374825162,0
2026-08-06 14:44:00,,0.0013674066606519971,0
2026-08-27 13:35:00,,0.18171678675840813,0
2026-09-02 13:20:00,,0.20903961761476542,0
2026-05-22 14:30:00,,0.05115232252770378,0
2026-07-02 09:49:00,,0.2030813442484981,0
2026-07-06 14:30:00,,0.10913879326132432,0
2026-07-14 13:34:00,,0.11105067383576725,0
2026-08-04 11:00:00,,0.06848656705526202,0
2026-07-16 14:19:00,,0.12387477763653047,0
2026-07-22 14:30:00,,0.07762784579826902,0
2026-07-24 14:28:00,,0.1294906835191701,0
2026-07-29 13:33:00,,0.2695432272414507,1
2026-07-31 10:05:00,,0.1709835253788761,1
2026-07-31 13:17:00,,0.10204202462820584,0
2026-06-08 10:09:00,,0.2893817422747605,0
2026-08-13 13:54:00,,0.09240858099184598,0
2026-08-17 13:51:00,,0.06251246684586845,0
2026-06-08 10:20:00,,0.15585953301406824,0
2026-06-25 10:24:00,,0.18585968665373173,0
2026-07-16 14:55:00,,0.0569458657572219,0
2026-07-21 13:55:00,,0.09775990354070392,0
2026-07-02 13:39:00,,0.1681731283229475,1
2026-07-07 09:31:00,,0.326925717593072,1
2026-08-06 14:34:00,,0.08561394713152558,0
2026-08-11 11:09:00,,0.13497534837329914,0
2026-08-14 10:10:00,,0.20179860094602445,1
2026-05-21 13:40:00,,0.0412528005025528,0
2026-06-01 14:48:00,,0.07994214527876578,0
2026-06-02 09:36:00,,0.2843389733732647,0
2026-06-03 11:12:00,,0.10984377421811092,0
2026-07-02 10:12:00,,0.38992122288399245,1
2026-08-04 13:51:00,,0.05655576699488813,0
2026-05-21 13:58:00,,0.08221515532295184,0
2026-06-12 09:40:00,,0.2925519521939656,1
2026-06-24 14:12:00,,0.05803690713354186,0
2026-07-07 13:06:00,,0.11079208364094172,0
2026-07-07 14:39:00,,0.08909365168729652,0
2026-07-16 14:19:00,,0.0688153316557432,0
2026-08-14 09:31:00,,0.34486802876559286,0
2026-06-12 13:10:00,,0.17007986674407904,0
2026-06-15 10:57:00,,0.14865411967631018,1
2026-06-23 10:53:00,,0.11101569619686749,0
2026-07-09 14:20:00,,0.16808668786820025,0
2026-07-14 13:39:00,,0.14580927463015045,0
2026-07-21 13:54:00,,0.08749663361689909,0
2026-08-07 14:55:00,,0.00271982000399388,0
2026-08-18 10:20:00,,0.2552185100553257,0
2026-08-19 10:34:00,,0.11851974261727868,0
2026-05-21 10:35:00,,0.2657090565881805,0
2026-06-12 10:23:00,,0.2683257887985604,0
2026-06-16 09:35:00,,0.32655756654330087,0
2026-06-17 13:52:00,,0.2871131115368839,1
2026-07-01 13:36:00,,0.20780643593141077,0
2026-07-06 14:36:00,,0.3393697624236727,0
2026-07-17 09:55:00,,0.3739175443176494,1
2026-07-29 13:22:00,,0.04478741377921498,0
2026-08-06 09:46:00,,0.36099300481945007,0
2026-05-28 10:08:00,,0.16564042113927838,0
2026-06-11 13:08:00,,0.11171050977660946,1
2026-07-13 14:01:00,,0.175574428777482,0
2026-07-16 13:05:00,,0.0869041386856839,0
2026-07-27 14:33:00,,0.027008249058048134,0
2026-07-29 11:00:00,,0.12742534898010524,0
2026-08-04 14:22:00,,0.029781070183957682,0
2026-08-21 13:10:00,,0.10705624697846461,0
2026-06-04 10:46:00,,0.11726384510447088,0
2026-06-18 11:02:00,,0.2474502963134654,0
2026-06-22 09:47:00,,0.3509913752998857,1
2026-07-06 10:40:00,,0.10145409145769224,1
2026-07-10 13:33:00,,0.12109254137149872,0
2026-08-20 10:20:00,,0.2703862497706448,0
2026-08-26 10:17:00,,0.33153604702862954,0
2026-05-25 10:05:00,,0.23255288632171922,1
2026-06-05 10:23:00,,0.11315288843793028,0
2026-06-10 13:53:00,,0.13402407361757215,1
2026-06-17 09:34:00,,0.35524163743185816,1
2026-07-21 13:58:00,,0.31270982223611743,0
2026-07-29 10:54:00,,0.15053208984550587,1
2026-08-17 11:04:00,,0.10189301879181326,1
2026-08-20 13:07:00,,0.1771685656091247,0
2026-05-26 11:27:00,,0.18110874458082435,0
2026-07-09 11:20:00,,0.09689286730516705,0
2026-07-10 10:54:00,,0.10761703296653209,0
2026-07-15 09:55:00,,0.14634335218082714,0
2026-08-10 13:29:00,,0.10970669509313329,0
2026-06-01 14:20:00,,0.3125656297796881,0
2026-06-02 14:35:00,,0.13866948518262953,0
2026-06-12 10:48:00,,0.3218854972435009,0
2026-06-24 14:24:00,,0.12316210471600894,0
2026-07-31 11:23:00,,0.1692731659700891,0
2026-08-24 14:07:00,,0.08798700317573119,0
2026-05-21 11:29:00,,0.2061749207854174,0
2026-06-05 09:58:00,,0.3914455230400791,1
2026-07-01 14:21:00,,0.21388302250796942,0
2026-07-15 14:46:00,,0.1934872784384518,0
2026-07-20 10:16:00,,0.26814225716949985,0
2026-07-24 10:52:00,,0.09104109846254003,0
2026-08-06 10:24:00,,0.31119744346665684,1
2026-08-27 14:07:00,,0.09577864628700047,0
2026-09-01 14:03:00,,0.23445993593675096,0
2026-05-27 13:17:00,,0.10795839545175025,0
2026-06-02 10:01:00,,0.22143250172314355,0
2026-06-10 09:55:00,,0.23409130772647527,1
2026-07-01 14:53:00,,0.08707071790586841,0
2026-07-10 13:38:00,,0.12729984603347028,0
2026-07-23 09:58:00,,0.1510347689636582,1
2026-07-31 11:07:00,,0.14953340559902067,0
2026-08-17 11:16:00,,0.14113531193361517,0
2026-08-25 11:00:00,,0.08222302862703344,0
2026-07-31 13:16:00,,0.3487845517415537,0
2026-08-10 13:03:00,,0.16778774745117445,1
2026-08-19 10:11:00,,0.19449952351695282,0
2026-06-09 10:03:00,,0.2441334652108178,0
2026-06-29 10:49:00,,0.11101265134481966,0
2026-06-29 10:56:00,,0.12462498844797452,0
2026-07-09 14:26:00,,0.12863619204490143,0
2026-07-15 14:44:00,,0.0677089796672112,0
2026-07-28 13:03:00,,0.3021645744813897,0
2026-08-05 13:51:00,,0.12077901126037636,0
2026-08-19 14:19:00,,0.05531430184056419,0
2026-09-04 09:38:00,,0.32207133239871555,1
2026-06-02 13:05:00,,0.08457230085174806,0
2026-06-05 10:08:00,,0.14191548886426916,0
2026-06-24 13:54:00,,0.17398882294072576,1
2026-08-25 09:35:00,,0.40151810005396504,1
2026-08-27 09:54:00,,0.25798285289714973,0
2026-06-15 13:39:00,,0.06533487236423938,0
2026-07-02 13:39:00,,0.07341777078966817,0
2026-08-05 11:22:00,,0.04268162560249814,0
2026-06-23 10:37:00,,0.33031370074340966,0
2026-08-19 11:10:00,,0.16364326984234306,0
2026-08-19 14:40:00,,0.12540382000481276,0
2026-07-01 09:30:00,,0.3762331005025577,1
2026-07-13 14:45:00,,0.15784570058463956,0
2026-07-23 13:02:00,,0.24411789388032912,0
2026-08-25 09:52:00,,0.3024893792200188,0
2026-06-01 10:27:00,,0.3325080227909019,1
2026-06-05 09:43:00,,0.379182738440242,0
2026-06-09 13:51:00,,0.32760838910430146,0
2026-06-11 14:25:00,,0.18563250637577397,0
2026-06-23 14:06:00,,0.24355759400610236,0
2026-06-30 14:02:00,,0.21563150765788808,0
2026-08-27 13:32:00,,0.19116618172180005,1
2026-05-22 13:31:00,,0.051605962687865235,0
2026-05-25 10:13:00,,0.13059906846247943,0
2026-05-27 11:20:00,,0.060170912602024146,0
2026-06-03 11:18:00,,0.11329614487482038,0
2026-06-09 14:30:00,,0.07475021510381775,0
2026-06-16 13:58:00,,0.09524431056531225,0
2026-07-03 11:28:00,,0.08877107596329536,0
2026-07-20 10:36:00,,0.09944787811839916,0
2026-08-05 09:41:00,,0.07667028553227054,0
2026-08-25 13:33:00,,0.04571327867072342,0
2026-06-08 11:20:00,,0.10832642527595174,0
2026-06-09 13:22:00,,0.15533269973207436,0
2026-06-23 14:17:00,,0.13739556291128843,0
2026-07-08 09:48:00,,0.27601226840875964,0
2026-07-15 10:20:00,,0.15853996271076237,0
2026-07-17 09:48:00,,0.2337880907475545,0
2026-08-14 09:33:00,,0.27787832863086726,0
2026-08-14 14:22:00,,0.17767588269009013,0
2026-08-21 10:27:00,,0.18954396765683737,0
2026-07-09 14:05:00,,0.1311620304023086,0
2026-09-04 11:06:00,,0.06681726390681945,0
2026-05-29 11:10:00,,0.0007889318871744925,0
2026-06-05 10:46:00,,0.3665924815164742,1
2026-06-22 13:40:00,,0.26548962402754245,1
2026-07-21 10:12:00,,0.2286375298148358,0
2026-07-28 13:24:00,,0.3735291748920717,0
2026-07-31 13:53:00,,0.14459442654445517,0
2026-08-12 13:34:00,,0.2528657271624077,1
2026-08-24 11:27:00,,0.29302618142251247,0
2026-05-29 14:14:00,,0.12040800691728097,0
2026-06-26 10:11:00,,0.1761248331787803,0
2026-07-13 11:23:00,,0.14587648961989017,0
2026-09-02 14:21:00,,0.033328595316636164,0
2026-06-01 13:01:00,,0.1999323129646107,0
2026-06-26 14:25:00,,0.11204609024954094,0
2026-07-15 14:04:00,,0.14948757301913465,0
2026-07-16 13:09:00,,0.1699756959046736,0
2026-07-17 10:16:00,,0.24819146353285157,1
2026-08-18 09:38:00,,0.20121041708992357,0
2026-08-25 09:51:00,,0.21630637893675936,0
2026-08-26 13:26:00,,0.05217402973408942,0
2026-08-28 14:50:00,,0.038035399608655096,0
2026-05-21 09:46:00,,0.31047657299558895,0
2026-06-02 09:31:00,,0.3070255826067194,0
2026-06-24 13:16:00,,0.2263675053645748,1
2026-08-18 09:58:00,,0.2379411900048379,0
2026-08-20 13:17:00,,0.18759042271850065,0
2026-06-17 13:22:00,,0.17748141442842924,0
2026-06-22 09:59:00,,0.3843763587230309,0
2026-06-26 14:12:00,,0.1738093326668847,0
2026-07-14 09:31:00,,0.3507515126288002,0
2026-07-20 10:55:00,,0.28337364860315495,1
2026-08-06 14:15:00,,0.10986748843752829,1
2026-08-17 10:41:00,,0.08122100628204505,0
2026-08-24 10:29:00,,0.33416871586048336,0
2026-05-29 13:56:00,,0.1382948950160448,0
2026-06-09 14:25:00,,0.10370139119336864,1
2026-06-17 10:09:00,,0.28065219087743704,0
2026-06-18 11:02:00,,0.09331938321515737,0
2026-07-03 13:58:00,,0.10660683155397667,1
2026-07-16 10:28:00,,0.11853901175446739,0
2026-07-16 10:46:00,,0.11542032535935755,0
2026-07-16 11:21:00,,0.1528489542655222,1
2026-07-16 11:25:00,,0.07229198130963055,1
2026-07-17 09:30:00,,0.4993500584427703,1
2026-07-21 09:42:00,,0.36702875040205324,0
2026-07-21 10:41:00,,0.19034586706533269,0
2026-07-28 13:01:00,,0.1290546637137217,0
2026-07-29 10:54:00,,0.10828725982122715,0
2026-08-20 13:44:00,,0.1032824276862136,0
2026-09-01 14:31:00,,0.06061633910673958,0
2026-05-27 14:40:00,,0.13753597374175028,0
2026-06-01 09:57:00,,0.15633645422973602,1
2026-06-10 10:05:00,,0.10606597554225305,0
2026-07-20 10:16:00,,0.1816680711563733,0
2026-07-21 13:25:00,,0.11858991321119351,0
2026-07-30 13:02:00,,0.21181318058482765,0
2026-08-03 14:07:00,,0.11393030728584058,0
2026-08-10 14:29:00,,0.031156875866467218,0
2026-05-28 10:45:00,,0.12674960931171458,0
2026-06-05 11:19:00,,0.28544729525995155,0
2026-06-05 13:33:00,,0.5843273863573217,0
2026-06-10 10:48:00,,0.3598332133669367,1
2026-06-10 13:37:00,,0.526536394940475,0
2026-07-01 14:08:00,,0.18362185340180537,1
2026-07-17 11:23:00,,0.3715689201919383,0
2026-07-31 09:39:00,,0.26103536004265204,0
2026-08-03 10:01:00,,0.4022819666721703,1
2026-08-07 14:20:00,,0.12411465253225253,0
2026-08-18 11:16:00,,0.07497318231097576,0
2026-08-27 10:08:00,,0.3454621080023426,0
2026-08-31 14:51:00,,0.5897398404347546,1
2026-09-02 13:55:00,,0.5387009982760577,1
2026-06-08 10:00:00,,0.09814722692386522,0
2026-06-18 09:36:00,,0.260404314088134,1
2026-06-29 10:31:00,,0.2336175496828236,0
2026-07-20 15:00:00,,0.3002871248083987,0
2026-08-07 13:43:00,,0.0717387139226814,0
2026-06-23 10:20:00,,0.2877805470845537,0
2026-06-25 14:44:00,,0.13420266385388205,0
2026-07-02 10:57:00,,0.18944416004105494,0
2026-07-03 09:52:00,,0.27514068659622565,0
2026-07-10 10:26:00,,0.32381428003542084,0
2026-07-13 10:21:00,,0.19350809572955174,0
2026-07-13 10:43:00,,0.19629742937668976,0
2026-07-21 10:07:00,,0.2957065874703228,0
2026-07-22 14:22:00,,0.14099441260886109,0
2026-08-07 14:52:00,,0.0839469603707309,1
2026-08-19 09:55:00,,0.2645666106941312,0
2026-09-01 14:12:00,,0.10638948186673833,0
2026-06-01 10:43:00,,0.1354184125033805,0
2026-06-08 09:30:00,,0.2596438806261928,1
2026-06-25 10:49:00,,0.1248270737231964,1
2026-06-25 11:08:00,,0.09621019738112571,0
2026-07-14 14:51:00,,0.05171274373329361,0
2026-07-20 10:28:00,,0.19452308089694711,0
2026-07-21 10:25:00,,0.19263997349424342,0
2026-07-24 14:22:00,,0.047945472487179466,0
2026-08-06 10:33:00,,0.10452027789337766,0
2026-08-07 13:17:00,,0.07941551155425704,0
2026-06-24 09:55:00,,0.3836894709373282,0
2026-06-25 10:55:00,,0.31702248773363345,0
2026-07-22 11:06:00,,0.4037402845717986,1
2026-07-28 14:45:00,,0.26978238375108976,1
2026-08-04 14:41:00,,0.16746525216873484,0
2026-09-01 13:13:00,,0.23585697170661651,0
2026-09-04 09:41:00,,0.4469743507767095,0
2026-06-10 11:21:00,,0.2509867170279523,0
2026-06-29 13:48:00,,0.27087884252114114,0
2026-07-03 11:03:00,,0.15300203526732717,0
2026-07-06 14:28:00,,0.06273030837360608,0
2026-07-17 10:29:00,,0.3620943694828045,0
2026-07-24 09:38:00,,0.3623092915320628,1
2026-07-27 13:06:00,,0.2958614737414455,1
2026-08-11 13:59:00,,0.10136081426618991,0
2026-08-14 14:51:00,,0.08058786560459413,0
2026-05-27 10:32:00,,0.08935224428503494,0
2026-07-31 09:50:00,,0.24299127144048588,0
2026-08-05 11:00:00,,0.04444573207397175,0
2026-08-06 13:32:00,,0.053787106494966964,0
2026-08-14 10:41:00,,0.051848664483360715,0
2026-05-21 13:04:00,,0.1526774241852743,0
2026-06-11 11:08:00,,0.2510246941307512,0
2026-06-23 11:09:00,,0.08306226570898512,0
2026-08-27 10:34:00,,0.1563660561148191,1
2026-09-02 14:48:00,,0.0683861941364435,0
2026-05-28 10:03:00,,0.08259692954154886,0
2026-07-06 09:47:00,,0.27650909175707483,0
2026-07-14 10:11:00,,0.12143499778386639,0
2026-05-21 09:45:00,,0.35651390254213167,0
2026-05-25 10:14:00,,0.16368177087958885,0
2026-05-28 10:24:00,,0.09845402794838563,0
2026-06-03 11:14:00,,0.3211499327569315,1
2026-06-05 14:43:00,,0.0016086929422974747,0
2026-07-02 14:04:00,,0.3054926467954418,0
2026-08-13 10:38:00,,0.33781491787367385,0
2026-06-01 13:24:00,,0.24840840860586633,0
2026-06-03 10:44:00,,0.2703900583960659,0
2026-06-17 11:06:00,,0.18599232664934148,0
2026-07-01 11:12:00,,0.0011199102724106266,0
2026-07-01 13:18:00,,0.000961916408554505,0
2026-07-10 13:30:00,,0.26143799684128316,0
2026-08-04 14:51:00,,0.19454141911479553,1
2026-08-14 10:12:00,,0.31065758547646616,1
2026-08-14 13:47:00,,0.26934236229672515,1
2026-08-26 10:29:00,,0.2927380487904611,1
2026-08-27 10:43:00,,0.16171541668077297,0
2026-05-27 10:06:00,,0.21877788422186187,1
2026-06-09 13:51:00,,0.21745036294012624,0
2026-06-30 10:03:00,,0.326673878416377,0
2026-07-13 14:01:00,,0.24819361625233793,0
2026-07-27 13:28:00,,0.15773037321509803,0
2026-08-18 10:24:00,,0.20323083350740495,0
2026-05-27 13:31:00,,0.24140253666094402,0
2026-06-09 14:48:00,,0.06583325990207965,0
2026-06-23 13:22:00,,0.10863773868477941,0
2026-07-16 14:47:00,,0.07830305374273257,0
2026-07-17 10:52:00,,0.1410844782631877,0
2026-07-20 14:46:00,,0.2971201305751648,0
2026-08-04 10:53:00,,0.13492335861305596,1
2026-06-30 14:50:00,,0.32599928366563447,1
2026-07-09 10:43:00,,0.3725504379134959,0
2026-07-14 13:46:00,,0.08642484554403686,1
2026-07-29 13:18:00,,0.19292913186102842,0
2026-07-30 13:57:00,,0.39692350119875147,0
2026-06-01 13:18:00,,0.11625830029846598,0
2026-06-16 10:51:00,,0.1801315250470982,0
2026-07-13 14:51:00,,0.3107883988882483,0
2026-07-15 14:38:00,,0.15936343585840523,0
2026-07-31 10:44:00,,0.2856517498952775,0
2026-06-08 14:57:00,,0.17603064555149195,1
2026-06-17 13:43:00,,0.03887236567311494,0
2026-06-18 14:09:00,,0.15465939571469545,0
2026-08-07 09:38:00,,0.28702399829065034,0
2026-08-13 10:52:00,,0.13267623493838085,0
2026-08-21 13:11:00,,0.24952808539420032,1
2026-08-27 13:19:00,,0.09563499788362892,0
2026-09-02 14:41:00,,0.09356274276866791,0
2026-06-03 14:50:00,,0.15734786574441703,0
2026-06-08 09:30:00,,0.5296423604998769,1
2026-07-15 11:04:00,,0.2595797373393707,0
2026-07-15 14:26:00,,0.11231790744542029,0
2026-07-16 13:42:00,,0.2089965382475957,0
2026-07-17 09:44:00,,0.45742910565464373,0
2026-07-28 13:05:00,,0.26111493843422157,1
2026-08-05 11:07:00,,0.17084660090390644,0
2026-08-10 13:25:00,,0.21620449504678754,1
2026-08-21 13:16:00,,0.2123995580333523,0
2026-06-24 14:28:00,,0.06376988454329252,0
2026-06-26 11:30:00,,0.20344226178884642,0
2026-07-22 09:47:00,,0.3036999090430752,1
2026-08-24 13:23:00,,0.11534006875646205,0
2026-09-04 11:27:00,,0.15763312243030952,1
2026-06-08 13:35:00,,0.25094818676052116,0
2026-06-25 10:34:00,,0.15444175515538294,1
2026-06-26 14:38:00,,0.11747392801636741,0
2026-06-29 09:31:00,,0.3281543186342316,0
2026-07-01 14:07:00,,0.0923509103894487,1
2026-07-14 10:33:00,,0.21406604784842018,0
2026-07-15 10:44:00,,0.11393639532984291,0
2026-08-11 09:59:00,,0.21934664208181845,1
2026-08-13 11:01:00,,0.15081346381119903,0
2026-09-03 10:13:00,,0.23717734390741968,0
2026-05-26 09:46:00,,0.2687374965379927,0
2026-06-18 11:20:00,,0.059344407997568786,0
2026-06-24 14:47:00,,0.10540164420592694,0
2026-07-29 14:17:00,,0.08125874442298497,0
2026-07-30 10:30:00,,0.17440745362203955,0
2026-09-01 11:10:00,,0.14548626292052047,0
2026-05-25 13:29:00,,0.1378136569325179,0
2026-06-01 09:59:00,,0.19576920366096395,0
2026-06-25 10:35:00,,0.3638676800305733,1
2026-06-26 13:20:00,,0.2176624505925784,0
2026-07-27 13:25:00,,0.12240765171076086,0
2026-08-10 13:04:00,,0.20319088587296397,1
2026-05-21 10:42:00,,0.11814482399945574,0
2026-06-01 13:15:00,,0.10861237635106706,0
2026-06-11 10:44:00,,0.31289807654860596,0
2026-06-18 14:15:00,,0.05114520495546927,0
2026-07-08 09:32:00,,0.3401909891600433,1
2026-08-26 09:45:00,,0.35247943756739686,1
2026-08-28 09:45:00,,0.17217871135027127,0
2026-08-28 13:38:00,,0.04728766613104407,0
2026-05-21 13:19:00,,0.3041621934482689,1
2026-06-01 10:43:00,,0.23997885049863038,0
2026-06-03 14:17:00,,0.23330907184845612,1
2026-06-23 10:01:00,,0.27527639419193023,0
2026-08-24 09:42:00,,0.3240357045269303,0
2026-08-27 13:04:00,,0.14323612631928717,0
2026-06-02 11:23:00,,0.2333477450606622,0
2026-06-04 09:34:00,,0.38816065787684734,1
2026-06-10 14:57:00,,0.28641517721913273,1
2026-06-15 14:25:00,,0.33051794085957237,0
2026-06-18 14:57:00,,0.4571725185774603,1
2026-07-07 10:33:00,,0.29736405933522875,0
2026-07-09 13:39:00,,0.24129713180986503,1
2026-07-23 13:38:00,,0.250771756759756,0
2026-08-05 10:42:00,,0.13777435071584176,0
2026-08-19 14:22:00,,0.3102331542735817,0
2026-08-28 13:26:00,,0.17157970407639783,0
2026-08-31 10:17:00,,0.2476387038116496,1
2026-06-02 10:59:00,,0.21540655029857678,1
2026-06-03 10:01:00,,0.2475212165724131,1
2026-06-11 10:43:00,,0.14332873059105106,0
2026-07-03 14:17:00,,0.14462699331107595,0
2026-07-22 13:28:00,,0.1450882829618241,0
2026-08-07 14:56:00,,0.3666874896535964,1
2026-08-12 14:17:00,,0.05819143646960272,0
2026-06-02 13:58:00,,0.3392180492400879,0
2026-06-08 10:04:00,,0.2939848106470641,1
2026-06-23 09:42:00,,0.39719092894949365,0
2026-07-06 13:21:00,,0.3266988008571542,0
2026-07-13 14:21:00,,0.3880103736943963,0
2026-07-14 14:47:00,,0.21967563881953953,0
2026-07-21 14:21:00,,0.0010054379549159136,0
2026-08-19 10:52:00,,0.33252882699594244,0
2026-08-20 14:05:00,,0.2943312433166736,0
2026-06-01 11:07:00,,0.21190795421410252,0
2026-07-01 13:05:00,,0.32086498302111205,0
2026-07-06 11:18:00,,0.23655867123651267,1
2026-07-06 13:05:00,,0.2964645033093304,0
2026-07-16 14:08:00,,0.2916412432511484,0
2026-07-28 09:58:00,,0.2914515611799588,0
2026-07-31 14:18:00,,0.16440771010643532,0
2026-08-20 09:39:00,,0.4630102049023801,1
2026-05-22 09:42:00,,0.30731695963015443,1
2026-05-25 09:45:00,,0.3150984559899633,0
2026-05-25 11:11:00,,0.24694127417550463,0
2026-05-29 11:05:00,,0.17940102940259908,0
2026-06-30 10:05:00,,0.27845817108036147,0
2026-07-01 11:07:00,,0.13849799322516887,1
2026-07-01 14:50:00,,0.19702492838296828,0
2026-07-06 10:17:00,,0.2613294857886685,0
2026-07-24 13:52:00,,0.09322643119305629,0
2026-08-05 11:28:00,,0.1118974048667707,0
2026-08-17 10:08:00,,0.12347238721628205,0
2026-08-27 14:43:00,,0.21262525871933097,0
2026-08-31 10:04:00,,0.2730820725279197,0
2026-09-03 13:17:00,,0.1164582269406383,0
2026-05-22 11:27:00,,0.12048595765221287,0
2026-05-25 10:52:00,,0.19442504174675906,0
2026-05-27 14:16:00,,0.17069067955484776,0
2026-06-04 11:21:00,,0.1926671273031265,0
2026-06-10 14:59:00,,0.48545551584562235,0
2026-07-23 14:33:00,,0.18452563817403905,0
2026-08-27 10:20:00,,0.18253906875359827,1
2026-08-27 11:01:00,,0.1600287905852529,0
2026-09-03 13:54:00,,0.07907947435131325,0
2026-05-22 10:27:00,,0.1465964459474467,0
2026-08-11 11:08:00,,0.11622045214932965,0
2026-08-17 10:02:00,,0.1510005981342152,0
2026-08-18 10:24:00,,0.1656340852771312,0
2026-08-26 13:32:00,,0.11894192497532075,0
2026-05-22 11:13:00,,0.17749792366684114,0
2026-06-01 11:30:00,,0.27703132204860703,1
2026-06-30 10:22:00,,0.24296355444909928,0
2026-07-03 09:50:00,,0.3391760976305111,0
2026-07-03 14:04:00,,0.21560955723314323,0
2026-07-09 14:55:00,,0.2063011567177766,1
2026-07-10 14:31:00,,0.1213936653960312,0
2026-07-13 11:15:00,,0.11739177156467165,0
2026-07-17 09:30:00,,0.5020487599219204,1
2026-07-22 10:44:00,,0.2591914367448176,0
2026-07-31 10:13:00,,0.25185740014200064,0
2026-08-18 13:51:00,,0.14853313292558082,0
2026-08-28 13:35:00,,0.29453351358208874,0
2026-06-01 13:44:00,,0.16074351152503477,0
2026-06-11 14:39:00,,0.1606159660457643,1
2026-06-18 14:59:00,,0.44666577312322786,0
2026-07-03 09:54:00,,0.3383059312603496,0
2026-07-03 11:01:00,,0.23256345409879167,0
2026-07-03 14:54:00,,0.16465046976218795,0
2026-07-20 13:31:00,,0.3323799311628846,0
2026-07-20 13:48:00,,0.0964226796009387,0
2026-08-10 10:26:00,,0.1841057459682421,0
2026-08-12 11:06:00,,0.1338275054278037,0
2026-08-17 11:23:00,,0.21173620481536512,0
2026-05-29 13:40:00,,0.0725419406994628,0
2026-06-08 09:52:00,,0.15314872242530017,0
2026-06-08 11:22:00,,0.07461485664520877,0
2026-06-09 13:22:00,,0.12495089580785372,0
2026-07-29 14:50:00,,0.043423170699385706,0
2026-05-26 13:37:00,,0.2640709657368616,0
2026-07-08 13:31:00,,0.3164062553769071,0
2026-07-21 11:17:00,,0.2703416767025264,0
2026-07-27 13:42:00,,0.13226169145330255,0
2026-08-19 14:56:00,,0.3789378544243318,1
2026-05-26 14:43:00,,0.22392087959239146,0
2026-06-29 10:55:00,,0.12444572806736619,0
2026-07-07 10:57:00,,0.13743425561247538,1
2026-07-20 14:38:00,,0.16574633529277938,0
2026-09-02 11:20:00,,0.04169831866882709,0
2026-05-29 10:02:00,,0.22174432375401623,0
2026-06-05 11:27:00,,0.19487947329566876,1
2026-06-23 13:31:00,,0.35266656040410893,1
2026-07-14 14:46:00,,0.15937424779564222,0
2026-07-29 13:25:00,,0.1691551670280872,1
2026-07-30 13:04:00,,0.22314428355681104,1
2026-08-05 10:24:00,,0.19580392385030582,0
2026-08-06 14:02:00,,0.21355229530227454,0
2026-08-17 09:56:00,,0.2588074559767233,0
2026-08-24 13:11:00,,0.12366030345466412,0
2026-08-28 09:53:00,,0.16209644257138203,0
2026-05-29 10:11:00,,0.28493236726625304,0
2026-05-29 13:33:00,,0.15291166682867952,0
2026-06-04 10:05:00,,0.2556275784412924,0
2026-06-23 13:37:00,,0.10123287000939801,0
2026-07-10 13:24:00,,0.2663235016489496,1
2026-08-10 13:15:00,,0.09354367688104041,0
2026-06-05 14:16:00,,0.21379440150016688,0
2026-06-22 09:39:00,,0.4926200889212226,0
2026-06-23 13:51:00,,0.10559534950395409,0
2026-07-03 14:11:00,,0.1628593992388348,0
2026-07-16 13:32:00,,0.279508081568039,0
2026-05-29 13:05:00,,0.34576356536890457,1
2026-06-02 13:14:00,,0.29673798854123795,0
2026-06-26 11:00:00,,0.33018912329975636,1
2026-06-29 13:43:00,,0.28620928422748215,0
2026-08-06 09:39:00,,0.3979579192558858,0
2026-08-18 14:03:00,,0.11642457697064912,0
2026-05-22 10:39:00,,0.5225420759626725,0
2026-06-08 10:40:00,,0.5292923771632209,1
2026-06-23 11:01:00,,0.11292754964863996,0
2026-06-25 14:49:00,,0.4916142593801683,1
2026-07-06 14:04:00,,0.1355886122958546,1
2026-08-05 10:50:00,,0.5093707721375804,1
2026-08-06 13:49:00,,0.16722175644672757,1
2026-08-28 13:36:00,,0.037339400861410244,0
2026-06-02 10:44:00,,0.19366613335960925,0
2026-06-18 13:24:00,,0.16834150403705206,0
2026-07-08 10:49:00,,0.11217718729954393,0
2026-07-10 13:19:00,,0.22209849352509634,0
2026-07-14 11:28:00,,0.24518641795174823,1
2026-07-16 10:02:00,,0.25366683778281257,0
2026-07-17 09:47:00,,0.2919248151968505,0
2026-08-19 10:42:00,,0.108972301601379,0
2026-05-21 14:39:00,,0.36113691598727443,0
2026-06-02 14:38:00,,0.09928945362709111,0
2026-07-03 10:25:00,,0.24759856970248317,0
2026-07-22 14:54:00,,0.16552558262735445,0
2026-08-03 14:48:00,,0.06775129250871392,0
2026-08-13 14:24:00,,0.0010556547332928612,0
2026-08-13 14:45:00,,0.5809146003254386,1
2026-06-02 09:48:00,,0.35000819773584324,1
2026-06-30 09:54:00,,0.368170643973657,1
2026-07-06 13:45:00,,0.000973869051729211,0
2026-07-08 13:34:00,,0.18709879863345594,0
2026-07-21 09:49:00,,0.4328076962959926,0
2026-08-24 13:11:00,,0.23302373224744102,0
2026-09-01 09:45:00,,0.3065330286225874,0
2026-09-01 13:45:00,,0.060747154532908784,0
2026-07-14 11:19:00,,0.061991982036360985,0
2026-07-27 13:36:00,,0.12029931334406686,1
2026-08-06 10:37:00,,0.08880494998291928,0
2026-08-11 13:06:00,,0.11234758791305098,0
2026-08-27 13:51:00,,0.07158893894328591,1
2026-07-07 13:36:00,,0.06148677450129977,0
2026-07-31 13:23:00,,0.02727551754692571,0
2026-08-03 14:46:00,,0.022056084705506247,0
2026-08-03 14:59:00,,0.20722703941860401,0
2026-08-10 10:16:00,,0.069560126249649,1
2026-06-24 14:31:00,,0.0970754530301127,0
2026-07-09 10:05:00,,0.23039037970507362,0
2026-07-14 13:20:00,,0.08309759619940281,0
2026-08-13 14:39:00,,0.0805716567723617,0
2026-05-26 11:09:00,,0.3096794736069558,0
2026-06-12 09:56:00,,0.31181952738450364,0
2026-07-13 14:11:00,,0.2097770627529173,0
2026-08-03 11:18:00,,0.2191643194918269,0
2026-08-14 11:15:00,,0.24975827022740962,1
2026-09-03 13:45:00,,0.2172907992822741,1
2026-05-28 10:59:00,,0.2383943719541882,1
2026-06-03 14:49:00,,0.303321247768952,0
2026-06-11 10:03:00,,0.2734251087965052,0
2026-06-29 11:06:00,,0.19015924418823213,1
2026-08-04 13:04:00,,0.061381516098699,0
2026-08-19 09:33:00,,0.3654729841903946,1
2026-05-28 10:26:00,,0.10981235931209955,0
2026-07-23 13:36:00,,0.1127528135847281,0
2026-07-24 14:54:00,,0.06089286333461958,0
2026-08-21 09:31:00,,0.4190843573268012,0
2026-08-25 09:31:00,,0.3298122277591717,0
2026-08-27 09:51:00,,0.2540983703314469,0
2026-08-28 10:27:00,,0.11025719004467913,0
2026-09-03 09:49:00,,0.2412784676859051,0
2026-07-28 09:45:00,,0.27614894162863973,1
2026-08-10 09:50:00,,0.27811252806171505,0
2026-08-10 13:22:00,,0.15776688583911075,0
2026-08-17 09:49:00,,0.2663111723002159,0
2026-08-19 09:41:00,,0.2511678096830223,1
2026-08-27 14:22:00,,0.05230882470219061,0
2026-09-03 13:19:00,,0.12028527616438572,0
2026-05-22 13:52:00,,0.04852400057589221,0
2026-06-05 14:32:00,,0.12943700510779485,0
2026-06-17 09:37:00,,0.3166325493446144,0
2026-07-02 10:05:00,,0.226299900678424,0
2026-07-27 09:57:00,,0.213787027123182,0
2026-08-20 13:40:00,,0.13715480852743045,0
2026-08-26 11:26:00,,0.1209266733944857,0
2026-05-21 14:40:00,,0.35328033598712844,0
2026-06-17 09:56:00,,0.3047663082421287,0
2026-06-18 13:05:00,,0.21278068798776836,0
2026-07-07 10:24:00,,0.37452315799864216,0
2026-07-17 14:29:00,,0.42741944639356927,0
2026-07-20 14:41:00,,0.39232039475668,1
2026-07-21 14:31:00,,0.26600863764067567,1
2026-08-17 13:12:00,,0.14246119457617845,0
2026-08-19 11:08:00,,0.23790855643263592,0
2026-06-08 09:44:00,,0.32147882144842715,0
2026-07-17 13:03:00,,0.19955370701826725,0
2026-07-22 14:44:00,,0.08166449213004895,0
2026-08-04 14:40:00,,0.05765500963070788,0
2026-08-24 14:36:00,,0.06886896176325774,0
2026-08-06 09:49:00,,0.2811701387666606,0
2026-08-14 14:12:00,,0.10892806390745727,0
2026-09-01 10:05:00,,0.24027944384488517,0
2026-05-25 10:25:00,,0.23730144920181692,0
2026-06-01 10:51:00,,0.1857240557595172,0
2026-06-02 13:52:00,,0.09560531362847222,0
2026-06-18 13:05:00,,0.2575968847834063,1
2026-07-09 13:48:00,,0.22808123880062356,0
2026-07-16 11:26:00,,0.17702790964976683,0
2026-07-27 13:10:00,,0.21826309290627993,0
2026-07-30 13:34:00,,0.24740506828514197,0
2026-07-31 10:50:00,,0.14418586325760333,0
2026-07-07 13:51:00,,0.24970255039339,1
2026-07-21 10:03:00,,0.38790740304080024,0
2026-08-10 10:56:00,,0.11477003332880595,0
2026-08-13 10:49:00,,0.15619630487230907,0
2026-08-31 09:55:00,,0.28663006227525517,0
2026-09-01 10:00:00,,0.3340366147698351,0
2026-06-03 10:28:00,,0.1724417726841854,0
2026-06-03 10:45:00,,0.10857668994795124,0
2026-07-15 09:56:00,,0.24204827876530863,1
2026-07-22 14:43:00,,0.13979016639372333,0
2026-08-07 11:24:00,,0.15156742670052803,1
2026-08-10 11:00:00,,0.06100372712730028,0
2026-09-02 10:55:00,,0.08328565378860472,0
2026-05-27 11:26:00,,0.26465127877381533,1
2026-06-22 14:41:00,,0.12407318796458867,0
2026-07-21 13:17:00,,0.36375594490633734,0
2026-08-07 10:25:00,,0.16683098462494197,0
2026-08-14 09:40:00,,0.36918343912783524,0
2026-09-04 13:35:00,,0.13023870167732327,0
2026-05-22 14:55:00,,0.11482171856173824,0
2026-06-16 14:39:00,,0.1254839136018452,0
2026-07-03 10:40:00,,0.29651242951609846,1
2026-07-13 13:09:00,,0.34783693519982206,0
2026-07-15 11:06:00,,0.32683952255901344,0
2026-07-28 13:35:00,,0.1909384742763638,1
2026-05-21 09:49:00,,0.24253692867994095,0
2026-05-28 14:15:00,,0.19329820832877273,0
2026-05-28 14:16:00,,0.17198792509766297,0
2026-06-15 14:45:00,,0.07937266919814683,0
2026-07-01 13:55:00,,0.2964651889793656,1
2026-07-14 14:53:00,,0.14296694326610312,0
2026-07-15 10:54:00,,0.10784187712702044,0
2026-07-17 09:37:00,,0.3312549436584564,0
2026-08-26 09:50:00,,0.2020979848598374,0
2026-08-26 10:49:00,,0.12996126364647434,0
2026-07-31 11:14:00,,0.33309677721544023,1
2026-08-14 13:11:00,,0.23964173469527938,0
2026-08-24 14:16:00,,0.3090470222939505,1
2026-08-25 14:46:00,,0.06515633413960545,0
2026-05-21 10:52:00,,0.3108281783083321,0
2026-06-04 13:41:00,,0.0008848044026454694,0
2026-06-08 09:39:00,,0.33879094527658504,1
2026-06-24 13:26:00,,0.25161979085848823,0
2026-07-24 09:56:00,,0.3396016131281034,0
2026-08-03 10:08:00,,0.30228190431450225,1
2026-08-14 11:12:00,,0.20442582469254134,0
2026-08-17 13:47:00,,0.0009579202661837642,0
2026-08-26 09:40:00,,0.3736068719441967,0
2026-06-03 10:06:00,,0.3184955615701765,0
2026-08-20 15:00:00,,0.5032333387193588,0
2026-08-25 13:21:00,,0.07576182562823577,0
2026-06-03 13:28:00,,0.09906147909925987,0
2026-06-17 10:44:00,,0.21409259417740786,0
2026-06-29 11:11:00,,0.1225704017927574,0
2026-07-08 09:45:00,,0.3555324845955647,0
2026-07-24 09:50:00,,0.28478729067533576,0
2026-07-29 10:17:00,,0.1859430666371043,0
2026-08-04 14:17:00,,0.05468062339052642,0
2026-08-05 10:18:00,,0.18896303698906575,1
2026-08-11 14:16:00,,0.06120436502233059,0
2026-05-25 10:03:00,,0.2837292678084842,0
2026-06-22 14:01:00,,0.246588949114351,1
2026-06-29 09:41:00,,0.36026180908201655,1
2026-07-02 10:34:00,,0.25592172740237434,0
2026-07-07 14:24:00,,0.13124214090481684,0
2026-05-26 11:11:00,,0.07939560986408753,0
2026-05-27 13:06:00,,0.26811708372797544,0
2026-06-26 13:51:00,,0.06402303351602587,0
2026-07-17 11:20:00,,0.10963901450703763,0
2026-07-24 14:29:00,,0.08135523371630057,0
2026-05-25 11:00:00,,0.23264684158738028,1
2026-05-28 14:38:00,,0.1337934825832562,0
2026-06-01 13:47:00,,0.13441524226123586,1
2026-07-08 10:28:00,,0.19736887624603425,0
2026-07-24 14:06:00,,0.18764884704948023,0
2026-08-07 13:27:00,,0.13729471334178284,0
2026-08-11 09:43:00,,0.30483270498566345,0
2026-08-12 13:59:00,,0.1106586430959846,0
2026-06-15 10:42:00,,0.1383039099809819,0
2026-06-24 10:58:00,,0.23611304647923673,1
2026-07-06 11:23:00,,0.16335006021684392,0
2026-07-16 14:25:00,,0.09314495366571887,0
2026-07-22 11:05:00,,0.2077900629660617,0
2026-08-05 14:48:00,,0.08823240488721659,0
2026-08-31 10:57:00,,0.09637899443631957,0
2026-05-25 10:43:00,,0.2112544168505299,0
2026-06-04 09:48:00,,0.3626677943321435,0
2026-06-16 13:34:00,,0.17155523467879197,0
2026-06-25 10:45:00,,0.2704674657256169,0
2026-06-26 14:08:00,,0.23102810694842096,0
2026-07-21 13:02:00,,0.33256333554271533,1
2026-08-10 13:46:00,,0.18153146794981115,0
2026-08-10 14:39:00,,0.20464321078806125,0
2026-08-18 09:58:00,,0.3430342020032887,0
2026-09-02 10:16:00,,0.3078073189382509,0
2026-09-03 13:47:00,,0.2653294201261521,1
2026-06-04 10:54:00,,0.14849979977609418,0
2026-06-29 10:25:00,,0.22032487826897587,1
2026-06-29 14:55:00,,0.1970584574418099,0
2026-08-26 10:59:00,,0.14919399111803594,0
2026-08-28 10:34:00,,0.16555618683871476,0
2026-06-04 13:58:00,,0.11509805574759496,0
2026-06-08 09:51:00,,0.3259772025801851,1
2026-06-25 10:13:00,,0.0009528317461157689,0
2026-07-20 13:11:00,,0.007264033051206557,0
2026-07-21 13:04:00,,0.0028579404211567165,0
2026-07-23 13:39:00,,0.24103288763730915,1
2026-07-24 14:15:00,,0.14474170543545978,0
2026-08-05 10:32:00,,0.2774236850492371,0
2026-06-24 10:12:00,,0.279605683954014,0
2026-06-25 14:35:00,,0.10787633032271851,0
2026-07-06 10:23:00,,0.27823501585365157,0
2026-07-17 13:56:00,,0.23040390814038297,1
2026-07-17 14:06:00,,0.30168279241946205,1
2026-07-27 10:55:00,,0.0007101493162469318,0
2026-07-30 11:00:00,,0.17035971385759288,0
2026-08-13 14:28:00,,0.14819676535100038,0
2026-05-26 14:22:00,,0.09919107788199971,1
2026-05-28 11:00:00,,0.22471763625444505,1
2026-06-02 14:05:00,,0.17180530343664238,0
2026-06-22 13:21:00,,0.1559528344686775,1
2026-06-24 14:04:00,,0.001301726019995891,0
2026-06-29 13:39:00,,0.13313867877885086,1
2026-07-02 11:09:00,,0.15766234059715908,0
2026-07-30 11:22:00,,0.2929832277363059,1
2026-07-30 14:57:00,,0.30864518331856405,0
2026-05-29 13:15:00,,0.13416247869730655,1
2026-07-24 09:52:00,,0.3486944361572952,0
2026-07-27 14:34:00,,0.20679119030622015,1
2026-08-05 13:31:00,,0.15581852696097248,0
2026-08-05 13:34:00,,0.1127056486125589,0
2026-09-04 11:16:00,,0.31124654473962193,0
2026-05-28 11:13:00,,0.18191709513755325,0
2026-07-03 13:41:00,,0.18911517077584755,0
2026-07-13 13:54:00,,0.21957951423190128,0
2026-07-17 13:10:00,,0.27657938587993974,1
2026-07-30 11:24:00,,0.20113492430942176,0
2026-08-07 14:36:00,,0.09924572457177451,0
2026-08-28 09:51:00,,0.27561803975427723,0
2026-09-04 11:18:00,,0.059623804988248326,0
2026-06-02 13:11:00,,0.24794886343698416,0
2026-07-01 10:52:00,,0.3859583986670538,1
2026-07-08 10:54:00,,0.30569278916584924,0
2026-07-08 14:04:00,,0.18713652617806625,0
2026-07-29 13:45:00,,0.36284226718168006,0
2026-07-31 11:25:00,,0.0007298337447521049,0
2026-08-13 10:16:00,,0.29414584177092545,0
2026-08-19 14:20:00,,0.13918677216930841,0
2026-08-25 10:37:00,,0.3179375264668064,1
2026-06-05 09:35:00,,0.4599645132618362,0
2026-06-08 13:17:00,,0.23725300706801872,0
2026-07-07 13:01:00,,0.277007991578489,0
2026-07-27 14:26:00,,0.07493842940421674,0
2026-06-17 10:53:00,,0.2525758528278222,1
2026-08-05 10:50:00,,0.09818373724101061,0
2026-08-06 10:50:00,,0.2522769409107636,0
2026-08-10 14:49:00,,0.045350263402266236,0
2026-05-22 11:18:00,,0.1942263844284297,1
2026-05-26 10:26:00,,0.23193283375591028,0
2026-06-23 09:43:00,,0.29277927332670595,0
2026-07-02 13:28:00,,0.084470983855819,0
2026-07-06 14:26:00,,0.12357979184034755,0
2026-08-13 13:48:00,,0.1779507021299733,0
2026-08-27 14:11:00,,0.09109127553364736,0
2026-05-27 11:04:00,,0.20017209518260398,0
2026-05-27 14:08:00,,0.1712345976612546,1
2026-05-29 14:56:00,,0.2823430432905335,0
2026-06-01 09:38:00,,0.37500521330859415,1
2026-07-01 13:59:00,,0.2683526519026554,0
2026-07-10 10:58:00,,0.11495150994408296,0
2026-07-14 09:37:00,,0.36787408477114614,0
2026-09-01 14:39:00,,0.07994724232968799,0
2026-05-28 09:36:00,,0.3513710701404814,0
2026-06-11 10:14:00,,0.22497386545792336,0
2026-06-16 10:41:00,,0.19499920746413088,0
2026-06-26 13:18:00,,0.32233721820100514,0
2026-07-08 09:30:00,,0.33999444127853357,0
2026-07-16 10:53:00,,0.1366026624379596,0
2026-08-12 13:47:00,,0.23425373292801377,0
2026-08-28 13:51:00,,0.08685467883289208,0
2026-09-03 13:18:00,,0.07286633712866099,0
2026-05-21 14:42:00,,0.3774389398173716,0
2026-06-01 14:16:00,,0.18230785103867933,0
2026-06-04 14:11:00,,0.192524727660924,0
2026-06-17 10:26:00,,0.2626932810857943,1
2026-06-18 14:04:00,,0.15398405110396285,0
2026-07-07 13:16:00,,0.19053670966510322,0
2026-07-14 14:50:00,,0.1290325043914398,1
2026-07-15 10:03:00,,0.37052377046190316,1
2026-07-22 13:57:00,,0.3494034000339027,0
2026-07-23 14:40:00,,0.1348546011953166,1
2026-07-27 13:55:00,,0.199578381786065,0
2026-08-05 10:03:00,,0.4576409584059479,1
2026-08-05 13:03:00,,0.31798800271956534,0
2026-08-10 10:29:00,,0.263684197583244,0
2026-07-06 13:43:00,,0.2044212387538296,0
2026-07-21 10:44:00,,0.23348648224186294,1
2026-06-18 14:24:00,,0.04082536119649609,0
2026-08-25 09:41:00,,0.33912269135043077,0
2026-06-29 11:04:00,,0.2366683746636519,0
2026-07-10 09:57:00,,0.2424362778126276,1
2026-07-30 11:06:00,,0.15879325854928025,0
2026-08-18 14:27:00,,0.04711701716297125,0
2026-09-02 11:12:00,,0.059285685678609215,0
2026-05-25 13:21:00,,0.11461076577935672,0
2026-06-01 14:57:00,,0.306779137638782,0
2026-07-06 09:42:00,,0.2983519088415825,0
2026-07-21 13:34:00,,0.18825575513138754,0
2026-08-03 13:59:00,,0.14936036447458137,0
2026-08-06 13:33:00,,0.09325497762457273,0
2026-08-21 13:29:00,,0.17782585851985092,0
2026-08-25 11:09:00,,0.09399894098464366,1
2026-09-02 14:16:00,,0.11719452583935212,0
2026-06-18 09:31:00,,0.4252604758659353,0
2026-06-24 14:08:00,,0.44187120715646216,1
2026-06-26 09:35:00,,0.35113679771517897,0
2026-08-28 09:50:00,,0.3884198865103632,1
2026-09-02 11:02:00,,0.40775008279315317,1
2026-09-02 13:47:00,,0.44611964402635745,1
2026-05-29 09:31:00,,0.3169482347810473,0
2026-06-11 09:52:00,,0.29368277658287406,0
2026-07-03 11:16:00,,0.1351240149160653,0
2026-07-10 11:03:00,,0.0639818100292096,0
2026-07-17 09:45:00,,0.32355848622672023,1
2026-07-20 13:27:00,,0.2656491509912856,0
2026-08-18 13:55:00,,0.045316081421234854,0
2026-08-26 10:58:00,,0.13521950251086767,0
2026-09-02 10:47:00,,0.05617326408826543,0
2026-05-26 14:39:00,,0.06624565150233969,0
2026-06-01 13:04:00,,0.08376834425339111,0
2026-06-09 10:07:00,,0.15110953081946185,0
2026-06-12 13:37:00,,0.05691083506921535,0
2026-06-18 14:23:00,,0.03459955340358323,0
2026-07-06 14:34:00,,0.050934693230511904,0
2026-07-24 13:20:00,,0.1411998067040369,0
2026-08-04 09:38:00,,0.30507606825463573,0
2026-08-17 14:37:00,,0.06769454273138191,1
2026-08-27 10:47:00,,0.08267202190339168,0
2026-09-02 10:56:00,,0.06864746360322448,0
2026-05-21 13:34:00,,0.08102853082709678,0
2026-05-26 14:21:00,,0.08605676142863196,0
2026-06-01 13:52:00,,0.05193217906373817,0
2026-06-09 10:38:00,,0.08179062147395344,0
2026-06-17 10:40:00,,0.24544694946679776,0
2026-08-11 10:51:00,,0.11432759375888527,0
2026-08-13 10:59:00,,0.04801234789817191,0
2026-08-31 10:47:00,,0.17631689370760167,0
2026-05-22 10:20:00,,0.23314379587117987,0
2026-07-31 14:35:00,,0.07981895012861175,0
2026-08-20 11:27:00,,0.18984287517303922,0
2026-06-02 10:36:00,,0.14763415784166672,0
2026-06-11 10:24:00,,0.294899438974388,1
2026-06-15 13:51:00,,0.061442967173759806,0
2026-06-17 13:30:00,,0.15005284192319396,1
2026-06-18 13:07:00,,0.05734929210855316,0
2026-08-17 13:44:00,,0.0725013724033323,0
2026-07-14 09:50:00,,0.32529932215846785,1
2026-07-22 14:52:00,,0.20973752091067463,0
2026-07-28 09:55:00,,0.27835860683510844,0
2026-08-18 10:26:00,,0.15553832990818153,0
2026-08-20 14:23:00,,0.20189895720819853,0
2026-05-21 14:02:00,,0.06882555758520045,0
2026-06-22 14:55:00,,0.08933934847760917,0
2026-06-24 09:31:00,,0.35463556841886223,0
2026-06-25 10:58:00,,0.2399046583512247,0
2026-07-14 14:34:00,,0.14489033315140099,0
2026-07-27 14:28:00,,0.07521669853156068,0
2026-05-22 11:09:00,,0.06638829465971442,0
2026-05-27 09:51:00,,0.21620981884218715,0
2026-05-28 14:05:00,,0.12713624253697764,0
2026-06-25 13:34:00,,0.2071456711284531,0
2026-07-14 13:02:00,,0.21373478405677057,1
2026-08-25 13:10:00,,0.1451069275308588,0
2026-07-23 13:16:00,,0.10354052225802016,0
2026-07-27 14:15:00,,0.07927545317019649,0
2026-08-05 10:57:00,,0.10235316476264214,0
2026-08-28 10:46:00,,0.0888352777942424,0
2026-06-02 11:11:00,,0.08430310597267165,0
2026-06-05 09:33:00,,0.29351738333052996,0
2026-06-11 10:57:00,,0.07309988242989295,0
2026-06-12 11:05:00,,0.16518870926190823,0
2026-06-12 13:09:00,,0.1332046510009481,0
2026-06-16 13:01:00,,0.09562365784078206,0
2026-06-18 10:39:00,,0.14880688336631448,0
2026-08-18 10:53:00,,0.001280150983877704,0
2026-09-01 10:15:00,,0.316076013899945,1
2026-05-25 09:55:00,,0.40240605557586523,0
2026-06-22 11:08:00,,0.2796937253829727,0
2026-07-28 14:15:00,,0.22958374180899735,0
2026-08-20 13:20:00,,0.17855268679392328,0
2026-06-01 11:28:00,,0.0031536823507556408,0
2026-06-04 10:35:00,,0.1963625401229171,0
2026-06-12 14:16:00,,0.19094852995239553,1
2026-06-15 09:37:00,,0.34607489581677336,0
2026-06-15 10:03:00,,0.2835123823377169,1
2026-06-22 13:37:00,,0.0028735202853248693,0
2026-07-21 14:46:00,,0.0027470487907764645,0
2026-07-30 10:25:00,,0.30887045519807793,0
2026-08-17 10:25:00,,0.2743769472489949,0
2026-08-25 14:34:00,,0.05651725561374643,0
2026-05-22 13:56:00,,0.13542200542174088,0
2026-06-05 14:28:00,,0.2560256306250975,0
2026-07-01 10:57:00,,0.20833122815579747,0
2026-07-08 13:56:00,,0.13971881126344657,0
2026-07-16 09:38:00,,0.4215046870336189,0
2026-07-27 13:31:00,,0.08678669371685524,0
2026-08-10 11:19:00,,0.13296465024357543,0
2026-08-13 13:44:00,,0.13469371935274435,0
2026-08-31 13:41:00,,0.08540988833231317,0
2026-07-06 10:20:00,,0.18104417892958782,0
2026-07-09 14:43:00,,0.10795157869635447,1
2026-07-17 10:12:00,,0.2560897800126871,1
2026-07-20 13:41:00,,0.2567939677892129,0
2026-07-29 09:52:00,,0.19185769502632322,1
2026-08-05 13:25:00,,0.06748902491510533,0
2026-08-28 10:19:00,,0.06157135924287361,0
2026-09-01 14:29:00,,0.0999075527856456,0
2026-06-22 14:10:00,,0.16107984025274039,0
2026-07-24 10:21:00,,0.3169461517456406,0
2026-08-10 13:15:00,,0.13822771608224077,0
2026-08-12 13:33:00,,0.13200342368245624,0
2026-08-17 14:30:00,,0.055190397584480334,0
2026-08-21 11:24:00,,0.14353982536320423,1
2026-08-31 13:33:00,,0.19867904953586085,0
2026-05-26 13:56:00,,0.28441991967153574,0
2026-06-02 14:19:00,,0.11071063763786092,0
2026-07-10 09:39:00,,0.40095569130206515,0
2026-08-18 09:59:00,,0.3206773875292103,0
2026-08-31 14:56:00,,0.2705153981917097,0
2026-05-22 10:31:00,,0.29420422632283316,0
2026-06-01 09:48:00,,0.2888217754244327,0
2026-06-02 11:07:00,,0.22536278741739058,0
2026-06-03 10:46:00,,0.10786637895064254,0
2026-06-10 10:44:00,,0.09267488026843546,0
2026-06-18 15:00:00,,0.37545249625895066,1
2026-07-23 10:56:00,,0.16276919764132647,0
2026-07-24 10:16:00,,0.20428881958987902,0
2026-07-31 09:51:00,,0.34547028065549634,0
2026-08-06 10:20:00,,0.17439098404464662,0
2026-08-10 13:35:00,,0.11721870960940776,0
2026-08-25 11:03:00,,0.35177634974244015,0
2026-08-28 13:59:00,,0.03541871826698897,0
2026-09-03 11:12:00,,0.1841115819101853,0
2026-06-08 14:00:00,,0.19114345657646026,0
2026-06-10 14:45:00,,0.03338946052119928,0
2026-06-26 10:59:00,,0.2832780952293443,0
2026-07-15 11:20:00,,0.23910486915384457,1
2026-08-07 13:29:00,,0.14091213297290606,0
2026-08-11 11:14:00,,0.2854734385087591,0
2026-08-24 13:35:00,,0.15292536248079916,0
2026-07-16 10:10:00,,0.2302617627052257,1
2026-05-26 13:03:00,,0.07351343386006902,0
2026-06-08 10:10:00,,0.09875294468164592,0
2026-06-12 13:25:00,,0.08619801631933768,1
2026-06-15 11:09:00,,0.053539346521078175,0
2026-06-29 10:07:00,,0.21119526298376814,0
2026-07-02 14:36:00,,0.031885770057261585,0
2026-07-22 09:40:00,,0.22680489983530147,0
2026-07-22 10:36:00,,0.1530261221788246,0
2026-07-28 10:19:00,,0.1558873638955446,0
2026-07-29 09:31:00,,0.30885918527145134,1
2026-07-30 09:37:00,,0.2509689160122806,0
2026-09-04 09:51:00,,0.09842941732224274,0
2026-06-02 10:22:00,,0.29428786669111856,0
2026-06-09 11:05:00,,0.3007775028749427,1
2026-07-14 10:00:00,,0.0008909740283369034,0
2026-08-28 10:48:00,,0.2538430724971483,0
2026-09-03 13:18:00,,0.20188670629441693,0
2026-05-25 13:01:00,,0.11706556517793561,0
2026-05-28 13:52:00,,0.20554256996045278,0
2026-06-10 14:45:00,,0.08094205056677027,1
2026-06-25 13:56:00,,0.09728921978086386,0
2026-07-13 14:40:00,,0.15841364696083465,1
2026-07-15 14:13:00,,0.07575644160748682,0
2026-08-05 14:24:00,,0.07061618911108572,0
2026-06-11 09:40:00,,0.4200845871867505,1
2026-06-24 13:55:00,,0.17090551629824993,0
2026-07-02 14:49:00,,0.22026423792384225,0
2026-07-10 14:10:00,,0.24391658136209912,0
2026-07-13 14:27:00,,0.1555954755602557,0
2026-07-14 13:07:00,,0.22520988130608421,1
2026-07-23 09:53:00,,0.23327098460266596,0
2026-05-28 10:46:00,,0.248519304973198,0
2026-06-08 13:41:00,,0.12172817216530997,0
2026-06-30 10:16:00,,0.10885788121329773,0
2026-06-30 14:25:00,,0.10225302470457395,0
2026-07-16 13:23:00,,0.1761219211263751,0
2026-07-20 13:57:00,,0.38621993561446466,1
2026-07-23 13:38:00,,0.2008339897605814,0
2026-08-06 10:03:00,,0.23906145959717184,0
2026-05-27 11:26:00,,0.1629654420247671,0
2026-06-04 11:23:00,,0.08463032762468783,0
2026-06-10 10:29:00,,0.3193492486269623,1
2026-07-02 14:53:00,,0.22753360535328446,1
2026-07-07 13:22:00,,0.1891295469403597,0
2026-07-22 10:10:00,,0.2260727258982233,0
2026-06-11 10:55:00,,0.23349013634941293,0
2026-06-17 13:46:00,,0.1572323296498762,0
2026-07-02 11:09:00,,0.15612583842761818,0
2026-07-07 13:35:00,,0.2216418945440382,0
2026-07-17 13:57:00,,0.22555019318529712,1
2026-07-24 10:09:00,,0.2314774578909886,0
2026-08-26 13:31:00,,0.09628311454047801,0
2026-06-08 11:22:00,,0.2641004637585967,0
2026-06-12 10:49:00,,0.2247640553417908,1
2026-06-22 10:02:00,,0.27179005975992343,0
2026-08-27 13:37:00,,0.09110385714134116,0
2026-09-01 14:14:00,,0.07501294735588857,0
2026-07-06 14:09:00,,0.06900143441689516,0
2026-07-14 10:19:00,,0.16467313101325518,0
2026-08-20 09:49:00,,0.1512793511938873,0
2026-08-24 10:01:00,,0.1342527499917092,0
2026-09-02 13:20:00,,0.0670539503572349,0
2026-05-25 14:47:00,,0.1141573052541375,0
2026-05-26 13:44:00,,0.13296647189387512,0
2026-06-03 13:13:00,,0.14410558505255197,0
2026-06-18 13:28:00,,0.12193145488631763,0
2026-07-21 13:30:00,,0.2895144996025422,0
2026-08-07 10:00:00,,0.28703261287602405,1
2026-08-11 13:31:00,,0.2084222102795334,0
2026-08-19 10:53:00,,0.17941358284389045,0
2026-09-03 11:26:00,,0.06669230879247703,0
2026-06-02 13:59:00,,0.128204412447596,0
2026-06-08 13:41:00,,0.30984960644804377,0
2026-06-12 09:52:00,,0.3572264001198148,0
2026-07-15 10:37:00,,0.1896263807635448,1
2026-07-20 13:46:00,,0.39955192507957493,1
2026-07-28 13:49:00,,0.19891943166929796,1
2026-07-29 10:23:00,,0.19814354804197634,1
2026-08-11 09:47:00,,0.333105748910836,1
2026-06-10 09:31:00,,0.3248332184077262,0
2026-07-24 10:02:00,,0.27049553307136187,0
2026-08-14 13:04:00,,0.05059506377226172,0
2026-08-19 10:19:00,,0.14485731508352004,1
2026-05-21 13:01:00,,0.11909886003372216,0
2026-06-02 14:11:00,,0.06434573225155107,0
2026-06-17 14:27:00,,0.08799407129740969,0
2026-06-25 15:00:00,,0.3539722552070923,0
2026-08-11 11:05:00,,0.09196696119366506,0
2026-08-13 14:41:00,,0.06873461173769078,0
2026-08-24 09:43:00,,0.19538642628287284,0
2026-05-28 10:53:00,,0.301992656043222,1
2026-06-01 13:45:00,,0.00328792239980917,0
2026-06-22 13:12:00,,0.22592378998223014,1
2026-07-01 14:38:00,,0.1767644569373065,0
2026-07-03 14:30:00,,0.13489093573363625,0
2026-07-07 13:44:00,,0.21178676879741268,0
2026-07-17 13:02:00,,0.31631956494166297,0
2026-07-23 09:37:00,,0.3842900268623169,0
2026-08-18 14:06:00,,0.10364033109122649,0
2026-08-21 14:31:00,,0.22412966279854007,0
2026-06-01 10:21:00,,0.23692459868215213,0
2026-06-03 13:33:00,,0.2675015777607888,1
2026-07-02 10:40:00,,0.36705121021041975,0
2026-07-27 14:55:00,,0.0025773433633395726,0
2026-08-20 13:59:00,,0.11788049628886557,0
2026-06-02 11:04:00,,0.1552407566386942,0
2026-06-17 13:36:00,,0.04353173135231505,0
2026-06-18 13:22:00,,0.11131579217762845,0
2026-06-25 10:23:00,,0.09478386818443096,0
2026-07-28 11:19:00,,0.08739275512805286,1
2026-08-05 13:45:00,,0.05051361121267906,0
2026-05-27 09:44:00,,0.3715318488444869,1
2026-06-10 13:42:00,,0.2691297880089522,1
2026-07-14 13:35:00,,0.19285056347636853,0
2026-07-15 10:14:00,,0.2959419604731664,0
2026-07-15 13:55:00,,0.14707359057996866,0
2026-07-27 14:18:00,,0.20208513445652646,1
2026-07-31 10:36:00,,0.2210085033566502,0
2026-08-10 14:31:00,,0.10772777944649307,0
2026-08-21 14:39:00,,0.07536892939350685,0
2026-08-26 13:31:00,,0.058901388441344446,0
2026-06-01 11:03:00,,0.14998278243710828,0
2026-08-04 14:41:00,,0.13258641766465176,0
2026-06-09 10:36:00,,0.17485798837105268,0
2026-06-11 10:33:00,,0.20708182488834861,0
2026-06-26 09:39:00,,0.34742422819660584,0
2026-07-03 13:47:00,,0.07892679119135648,0
2026-07-17 09:37:00,,0.3543387492945243,0
2026-07-22 13:02:00,,0.0018689843491187174,0
2026-08-05 14:06:00,,0.1684817114179631,0
2026-07-23 10:32:00,,0.15086256148486485,0
2026-07-29 09:34:00,,0.279391606530053,1
2026-07-30 10:52:00,,0.08596452854305019,0
2026-09-01 09:58:00,,0.3313516997286458,0
2026-06-16 14:58:00,,0.27327373361565394,0
2026-06-18 10:57:00,,0.11323572278365726,0
2026-06-22 10:55:00,,0.2891439281250496,0
2026-07-09 14:22:00,,0.27601652575501856,1
2026-07-27 10:30:00,,0.0010252279046422273,0
2026-07-28 14:39:00,,0.10837874627880494,0
2026-07-29 14:45:00,,0.14058417668557704,1
2026-08-12 14:33:00,,0.10106006417479484,0
2026-05-22 14:52:00,,0.12347559909553005,0
2026-06-03 14:08:00,,0.1971087991696064,0
2026-06-11 14:51:00,,0.18785518315596397,1
2026-06-18 10:20:00,,0.23924201584372418,0
2026-07-01 09:43:00,,0.3289184250793074,0
2026-07-06 14:59:00,,0.5303006788562143,0
2026-07-16 10:45:00,,0.17957176581755938,0
2026-07-22 13:09:00,,0.189127140041676,0
2026-08-03 11:17:00,,0.19336774417224037,0
2026-08-26 14:09:00,,0.20243239329443707,0
2026-08-28 13:22:00,,0.22107885140995112,1
2026-08-28 14:11:00,,0.08485174278839451,0
2026-05-25 10:30:00,,0.171389280865782,0
2026-06-11 14:13:00,,0.1684770215053236,0
2026-07-08 13:02:00,,0.24804561804928238,0
2026-07-27 09:43:00,,0.2641830599398617,1
2026-08-20 10:00:00,,0.2941324124665829,0
2026-08-24 10:34:00,,0.3658884913203425,0
2026-05-22 11:21:00,,0.08369924409894444,0
2026-05-26 11:06:00,,0.11572901837822448,1
2026-06-08 13:25:00,,0.2595336917935722,0
2026-06-25 13:29:00,,0.1508238285965542,0
2026-07-03 13:14:00,,0.1459317438817588,0
2026-07-13 10:22:00,,0.28914131100434054,0
2026-07-24 11:18:00,,0.06341091887361634,0
2026-08-05 11:23:00,,0.1224048948581553,0
2026-06-08 09:46:00,,0.30265648393184436,1
2026-06-17 13:56:00,,0.15725925308749666,0
2026-06-18 11:08:00,,0.26338209964086756,0
2026-06-26 14:45:00,,0.19806646695827637,0
2026-07-02 09:38:00,,0.33121320295680834,0
2026-07-27 13:30:00,,0.0008399323028870408,0
2026-08-10 13:27:00,,0.20102997369886696,0
2026-08-17 10:10:00,,0.0006245434549692274,0
2026-08-28 10:31:00,,0.2625943534263392,0
2026-09-02 14:00:00,,0.13034278749085496,0
2026-06-22 10:26:00,,0.11635955292334146,0
2026-06-22 11:28:00,,0.19601580033409052,0
2026-07-13 09:35:00,,0.36037914916876845,1
2026-05-22 10:14:00,,0.23594285745809515,0
2026-07-06 14:09:00,,0.1242228876900659,0
2026-08-07 11:25:00,,0.08608618182619843,0
2026-06-12 10:24:00,,0.3487116532684212,0
2026-07-16 10:23:00,,0.33701818801439154,0
2026-07-24 09:58:00,,0.3735492184864869,0
2026-08-13 11:22:00,,0.20170692175846525,0
2026-08-14 14:29:00,,0.22615192828900244,0
2026-05-27 13:03:00,,0.2400272338754252,1
2026-07-31 13:20:00,,0.2258211581846399,0
2026-08-25 14:50:00,,0.10837486649092333,0
2026-08-31 10:33:00,,0.34536111131011055,1
2026-06-24 15:00:00,,0.34545071933796756,0
2026-07-23 13:53:00,,0.34976922316506165,0
2026-07-27 14:49:00,,0.2059686323506089,0
2026-09-03 10:17:00,,0.2806267702329397,1
2026-05-25 13:46:00,,0.16253912835274334,0
2026-05-29 09:34:00,,0.3937787413053064,1
2026-06-04 09:36:00,,0.4476389824938903,1
2026-06-09 14:52:00,,0.24133636800250713,1
2026-06-23 09:59:00,,0.3216820957770726,0
2026-06-24 14:19:00,,0.24264880986409496,1
2026-08-07 11:20:00,,0.20131757261480585,1
2026-08-27 11:29:00,,0.305842318375517,0
2026-08-27 13:51:00,,0.17097626634784915,0
2026-09-02 14:35:00,,0.2682648654634363,0
2026-06-01 13:20:00,,0.23270230925294624,1
2026-06-17 09:35:00,,0.40477555039631813,0
2026-07-20 13:46:00,,0.49082759626995076,1
2026-06-03 13:04:00,,0.0786703209447828,0
2026-06-22 09:49:00,,0.27948910875855004,0
2026-06-26 14:20:00,,0.179791059088326,1
2026-07-21 14:35:00,,0.09338222419513356,0
2026-08-12 13:33:00,,0.011092427817951698,0
2026-05-22 11:25:00,,0.30131133400824595,0
2026-05-22 14:12:00,,0.15442119820160352,0
2026-07-15 13:01:00,,0.021917279063747064,0
2026-07-16 14:22:00,,0.00870035929729502,0
2026-08-07 13:29:00,,0.13950874726590168,1
2026-08-14 11:02:00,,0.19553470976404974,0
2026-08-27 09:31:00,,0.40447512179635725,0
2026-06-12 14:58:00,,0.3454411393584283,0
2026-06-26 14:56:00,,0.4485613336134803,0
2026-07-03 13:46:00,,0.08071371597819886,0
2026-08-21 14:06:00,,0.07687278008951987,0
2026-06-02 13:01:00,,0.09774405747746308,0
2026-06-08 13:58:00,,0.13172218542574074,0
2026-07-27 13:12:00,,0.07798195533353407,0
2026-07-28 13:42:00,,0.05859257050942694,0
2026-05-29 14:55:00,,0.17778495327224267,0
2026-06-24 11:26:00,,0.22900835989526866,1
2026-08-17 14:31:00,,0.22588034152344363,1
2026-06-12 09:38:00,,0.4196221598850447,1
2026-06-24 11:15:00,,0.21418137595300824,1
2026-07-14 11:10:00,,0.21561323518537678,0
2026-07-31 13:28:00,,0.13049119092423125,0
2026-09-03 14:57:00,,0.3524609614112337,1
2026-05-21 14:30:00,,0.1645667722401824,0
2026-06-03 13:33:00,,0.16127386940530067,0
2026-06-16 10:08:00,,0.338536102755737,1
2026-07-01 09:49:00,,0.3136442599347413,0
2026-06-04 13:21:00,,0.11774318866252428,0
2026-06-16 10:55:00,,0.23801334172333935,0
2026-06-25 14:59:00,,0.28033787643716035,0
2026-07-16 10:42:00,,0.19334015876096383,0
2026-07-21 10:12:00,,0.3753053239860918,1
2026-07-30 09:46:00,,0.38400581756038427,0
2026-08-05 10:03:00,,0.2545536393156325,1
2026-08-06 13:58:00,,0.10580378711785467,0
2026-08-10 14:10:00,,0.13141552635421483,0
2026-08-12 10:53:00,,0.18339018197959286,1
2026-08-25 11:13:00,,0.1661459242244501,0
2026-05-25 14:00:00,,0.10641887117920486,0
2026-06-24 13:11:00,,0.18642664373724604,0
2026-07-06 14:27:00,,0.14773214717918878,0
2026-07-17 10:50:00,,0.141489173521432,0
2026-07-23 10:32:00,,0.22906421083650566,1
2026-07-23 13:29:00,,0.15933763920124774,0
2026-07-30 14:16:00,,0.27806888398253987,1
2026-08-13 14:59:00,,0.4914743671196716,0
2026-08-17 13:55:00,,0.10999655922511575,0
2026-08-26 10:07:00,,0.25439953534612886,0
2026-06-16 10:30:00,,0.08895041823471185,0
2026-06-22 11:07:00,,0.17883179972176547,0
2026-07-02 11:30:00,,0.20161575521214017,0
2026-07-20 09:40:00,,0.38614488203470876,1
2026-07-28 13:51:00,,0.14428704670166365,0
2026-08-11 13:14:00,,0.23882996499459608,0
2026-09-03 13:01:00,,0.1697068476974769,0
2026-05-21 10:24:00,,0.3707027532024926,0
2026-05-21 13:03:00,,0.4054180561181018,0
2026-06-01 13:43:00,,0.26448937081659785,1
2026-06-10 10:54:00,,0.04468476991634109,0
2026-07-23 14:49:00,,0.28587670757600886,0
2026-07-24 13:15:00,,0.3136603621050215,0
2026-07-27 14:52:00,,0.30461090195046947,1
2026-07-31 09:34:00,,0.41237050731514574,1
2026-08-18 11:10:00,,0.2778617634522577,1
2026-05-27 14:36:00,,0.09533136579318674,0
2026-05-28 13:24:00,,0.13001499965316143,0
2026-06-26 10:30:00,,0.33337271202569085,0
2026-07-02 10:58:00,,0.1667324143774777,0
2026-07-21 11:19:00,,0.18638968004349754,0
2026-07-28 10:12:00,,0.14474570066992518,0
2026-08-06 10:32:00,,0.15340936238232641,0
2026-08-10 11:02:00,,0.18218758360196746,0
2026-08-24 10:14:00,,0.23905680629291023,1
2026-05-25 10:50:00,,0.3524011632764729,1
2026-05-25 13:54:00,,0.21612780196611098,0
2026-07-29 14:24:00,,0.1517387253043437,0
2026-08-17 13:39:00,,0.27413253325051445,0
2026-08-21 13:37:00,,0.048726274524513426,0
2026-08-24 13:49:00,,0.18613883714482898,1
2026-08-26 10:50:00,,0.23657506078610552,0
2026-05-25 13:36:00,,0.148195416822965,0
2026-05-29 09:42:00,,0.29881345509814944,0
2026-06-24 13:11:00,,0.11185696020524408,0
2026-06-30 11:19:00,,0.1440940006746124,1
2026-07-06 09:54:00,,0.2156635625804489,0
2026-07-24 14:21:00,,0.1316164313408388,1
2026-07-29 10:56:00,,0.15803421871256182,0
2026-08-26 11:25:00,,0.04081236100367801,0
2026-09-04 09:32:00,,0.23677679369118762,1
2026-06-01 09:48:00,,0.24524737989795545,0
2026-07-16 14:10:00,,0.049804575097560956,0
2026-07-24 10:44:00,,0.12452339829400175,0
2026-08-19 13:01:00,,0.22344154570342778,0
2026-06-05 13:40:00,,0.1792221370416758,0
2026-06-11 11:03:00,,0.15509821911303898,0
2026-06-11 13:53:00,,0.4346860997404165,1
2026-07-10 13:40:00,,0.12261456636234551,0
2026-07-10 14:08:00,,0.1587629097984013,0
2026-07-30 11:30:00,,0.0016998873878315741,0
2026-08-21 13:43:00,,0.12208276460078671,0
2026-09-02 09:52:00,,0.28419473511698834,0
2026-07-10 14:07:00,,0.04931767963959785,0
2026-08-17 10:09:00,,0.22722962701041421,0
2026-05-29 14:40:00,,0.13188038319715906,0
2026-06-17 10:07:00,,0.152337727440588,0
2026-06-17 13:14:00,,0.08437830161698347,0
2026-06-18 14:17:00,,0.10424760846003207,0
2026-06-25 11:25:00,,0.12193735795409427,0
2026-07-24 13:48:00,,0.13387681170717217,0
2026-07-31 14:12:00,,0.06384970468398499,0
2026-08-12 09:51:00,,0.19485280085364187,1
2026-06-05 14:40:00,,0.005561435584931665,0
2026-06-10 09:48:00,,0.34582998176309016,0
2026-06-30 09:34:00,,0.4144525229122068,1
2026-08-07 14:01:00,,0.21910739978959837,1
2026-08-14 11:19:00,,0.3010527887000895,1
2026-08-27 13:55:00,,0.256234532735389,1
2026-09-02 09:47:00,,0.33933530905063075,1
2026-09-03 14:48:00,,0.2375033870436237,0
2026-06-09 11:21:00,,0.19209973866743252,1
2026-07-01 13:28:00,,0.15171125757298473,0
2026-07-03 14:39:00,,0.12089353594802123,0
2026-07-28 10:05:00,,0.2144484727057924,0
2026-08-03 14:57:00,,0.3164805348929113,1
2026-08-10 14:51:00,,0.06674857058836649,0
2026-08-28 11:24:00,,0.10586592798983659,0
2026-06-22 10:31:00,,0.12048006911051994,0
2026-06-30 14:23:00,,0.09160708994902109,0
2026-07-08 13:27:00,,0.16504195906376573,0
2026-07-14 09:31:00,,0.4116290474367179,1
2026-07-20 11:05:00,,0.2124709443358363,0
2026-08-04 10:19:00,,0.15810163896658982,0
2026-08-04 13:37:00,,0.05053244466398861,0
2026-08-17 14:36:00,,0.10664757383392419,0
2026-08-18 11:06:00,,0.10068294533517055,0
2026-08-19 11:26:00,,0.0013563110898479392,0
2026-08-21 13:27:00,,0.11505064576280699,0
2026-05-28 14:00:00,,0.13859073611840592,0
2026-07-10 13:44:00,,0.1233954173536614,0
2026-08-10 14:59:00,,0.3279498961013883,0
2026-08-11 11:18:00,,0.10015522236401092,0
2026-05-27 10:53:00,,0.1624437569003487,0
2026-06-26 14:41:00,,0.16163991121420201,0
2026-07-13 10:47:00,,0.13221566941414023,0
2026-08-03 10:55:00,,0.10667461361250767,0
2026-08-04 13:15:00,,0.1258746374142721,0
2026-08-13 09:37:00,,0.2863843204169347,1
2026-06-04 10:03:00,,0.21801103693031323,0
2026-07-03 14:11:00,,0.16377653639993245,0
2026-08-04 11:24:00,,0.09917152385306219,0
2026-08-05 14:50:00,,0.14026284538051573,0
2026-08-20 10:12:00,,0.15690831276758213,0
2026-09-02 13:46:00,,0.15788312080655625,0
2026-09-03 11:00:00,,0.13079967784575725,0
2026-06-15 14:31:00,,0.0672986927452898,0
2026-06-16 13:48:00,,0.2792670904459024,1
2026-07-01 09:38:00,,0.2915061879897349,0
2026-07-15 10:40:00,,0.12470133354061035,0
2026-07-01 13:31:00,,0.09257637500171177,0
2026-07-14 13:28:00,,0.16999074049145596,0
2026-07-16 13:40:00,,0.11364302103417805,0
2026-08-18 13:30:00,,0.04406256893432199,0
2026-08-26 14:38:00,,0.03160074120844774,0
2026-08-31 09:50:00,,0.232305635876053,0
2026-06-03 11:05:00,,0.10410031284001739,0
2026-06-03 13:03:00,,0.19597328008883336,0
2026-06-25 11:11:00,,0.14022747670333005,0
2026-08-10 14:34:00,,0.20365213133079457,0
2026-08-24 09:59:00,,0.0846609353353166,0
2026-08-28 14:36:00,,0.10367010890232704,0
2026-06-15 13:38:00,,0.14008561485735743,0
2026-06-15 14:18:00,,0.09894791948591414,0
2026-06-18 09:56:00,,0.34323121118603583,0
2026-06-25 09:36:00,,0.5126709565770218,1
2026-06-25 13:43:00,,0.22479977951009272,0
2026-06-30 11:14:00,,0.15046553334587226,0
2026-08-07 13:24:00,,0.12804721033041638,0
2026-07-30 11:20:00,,0.09707087293111741,0
2026-08-07 09:38:00,,0.17797818194104192,0
2026-08-10 10:42:00,,0.2867951888854172,0
2026-07-21 10:15:00,,0.24735361854951668,0
2026-08-31 13:27:00,,0.062316578719074533,0
2026-06-16 09:37:00,,0.39398976245548345,1
2026-07-10 14:59:00,,0.4355407104578985,1
2026-08-03 10:04:00,,0.3214795332820606,0
2026-08-24 13:12:00,,0.2959030175602316,0
2026-08-25 10:46:00,,0.2589052920315272,0
2026-09-03 13:40:00,,0.1413192041489879,0
2026-06-04 11:08:00,,0.22096726650000287,0
2026-08-14 14:37:00,,0.04182923905492372,0
2026-08-21 13:28:00,,0.21867245833954435,0
2026-09-03 11:23:00,,0.21012269948178416,1
2026-05-28 14:12:00,,0.20895490328039915,0
2026-06-25 13:45:00,,0.17327654054296593,0
2026-06-26 10:07:00,,0.2682113019473737,0
2026-07-15 13:28:00,,0.09362197925328367,0
2026-07-17 13:26:00,,0.2933874446662232,0
2026-07-23 13:13:00,,0.16787913688862813,0
2026-07-28 14:27:00,,0.051841656866857135,0
2026-08-06 10:18:00,,0.1894750994988787,0
2026-06-15 14:34:00,,0.10390916323273032,1
2026-06-24 14:58:00,,0.3486839262963574,1
2026-06-30 14:36:00,,0.18103467376802204,0
2026-07-01 13:24:00,,0.3164016253195896,0
2026-07-20 11:09:00,,0.3753440388832997,0
2026-07-31 14:12:00,,0.2846104159532702,0
2026-08-27 13:07:00,,0.2858150198368146,0
2026-09-01 10:37:00,,0.2375252044203629,0
2026-05-28 10:31:00,,0.26152558030295586,0
2026-08-05 13:30:00,,0.2008799960944513,0
2026-08-19 09:35:00,,0.45355179187409134,1
2026-08-28 14:01:00,,0.14376692815804287,0
2026-09-01 13:02:00,,0.2426170545891878,1
2026-09-01 13:15:00,,0.22536322746197499,0
2026-05-21 09:37:00,,0.33860830153466165,0
2026-05-22 10:35:00,,0.20737061875927584,0
2026-06-12 10:41:00,,0.09212596087462899,0
2026-06-16 13:40:00,,0.12916167019732808,0
2026-06-22 14:32:00,,0.09433887610316952,0
2026-07-06 09:37:00,,0.3945178663914668,0
2026-07-08 14:46:00,,0.10060326790216922,0
2026-08-05 10:27:00,,0.19948689316974907,0
2026-08-13 11:29:00,,0.001947299472184052,0
2026-08-24 11:14:00,,0.3287952733937916,1
2026-06-01 14:32:00,,0.3952800883346227,0
2026-06-08 10:59:00,,0.21844295788344706,0
2026-06-23 11:12:00,,0.21185551167822345,0
2026-07-21 09:58:00,,0.51476756694497,0
2026-07-22 10:03:00,,0.4020294020616591,0
2026-07-23 14:52:00,,0.14997053539912691,1
2026-07-28 10:46:00,,0.18547067983278487,0
2026-07-30 09:38:00,,0.37090447416158817,1
2026-07-31 14:47:00,,0.1444170434713834,0
2026-08-11 14:16:00,,0.08527087609971859,0
2026-08-24 13:23:00,,0.4095900411135006,1
2026-09-02 10:55:00,,0.3979020259150034,0
2026-06-05 14:24:00,,0.3078518796490135,0
2026-06-29 13:33:00,,0.23692147613268136,1
2026-07-27 13:19:00,,0.30392404702831877,1
2026-08-18 13:38:00,,0.07292022696316385,0
2026-08-27 13:50:00,,0.22098916995130732,0
2026-09-04 14:59:00,,0.5280678374875376,0
2026-06-30 13:12:00,,0.16987044289714384,0
2026-08-26 10:37:00,,0.19882528832170962,1
2026-08-27 10:59:00,,0.14917017483404788,0
2026-05-27 09:38:00,,0.4573639310508867,1
2026-06-01 14:25:00,,0.26392196186962763,1
2026-06-26 10:20:00,,0.35200183608732494,0
2026-06-30 14:27:00,,0.14501195377943016,0
2026-08-28 09:56:00,,0.26589984193049054,0
2026-06-03 09:57:00,,0.2560654725307872,1
2026-06-05 11:20:00,,0.13412825260274164,0
2026-06-29 11:15:00,,0.1528903781460362,0
2026-07-31 11:24:00,,0.2618156804240108,1
2026-08-04 10:20:00,,0.2569300696531867,0
2026-08-27 09:52:00,,0.2527158575677939,0
2026-06-01 11:03:00,,0.10056811495903535,0
2026-06-16 14:03:00,,0.0008647326002625943,0
2026-07-01 11:00:00,,0.3014359530535228,0
2026-07-03 11:08:00,,0.3113803104442657,0
2026-07-20 14:32:00,,0.006801412458650485,0
2026-07-23 10:22:00,,0.38119146192299347,0
2026-08-18 13:25:00,,0.24556339305153774,0
2026-08-20 10:52:00,,0.19254253854858333,0
2026-08-27 13:14:00,,0.19477964864125563,0
2026-06-02 09:42:00,,0.3433379953522441,0
2026-06-30 13:31:00,,0.21183585042569633,0
2026-07-07 09:56:00,,0.3644224010642326,0
2026-07-24 14:25:00,,0.21619933131517124,0
2026-07-30 14:04:00,,0.26686039097080533,0
2026-08-12 13:11:00,,0.12808095452599863,0
2026-08-14 09:46:00,,0.36167904628718656,1
2026-05-28 14:12:00,,0.1355325532594727,0
2026-05-29 10:41:00,,0.1641426577920741,0
2026-06-23 14:06:00,,0.1067702066513094,0
2026-07-01 14:47:00,,0.08883557718637713,0
2026-07-15 14:01:00,,0.11576668143920328,0
2026-07-21 14:17:00,,0.14927452118873738,1
2026-08-11 10:06:00,,0.2008713119991725,1
2026-08-14 10:10:00,,0.24307794002169694,0
2026-08-14 14:57:00,,0.4295563928616402,0
2026-08-18 11:20:00,,0.13654234396948442,0
2026-08-28 14:43:00,,0.05151639109333564,0
2026-09-01 13:38:00,,0.12120372292971938,0
2026-06-02 09:57:00,,0.28771108899143016,0
2026-06-03 10:58:00,,0.2551896666403109,1
2026-06-03 13:56:00,,0.16327307896788035,0
2026-06-18 14:34:00,,0.1514669903051026,0
2026-06-23 10:18:00,,0.12707737405442315,0
2026-07-31 10:16:00,,0.16490839045078015,1
2026-07-31 14:54:00,,0.17364585584324008,0
2026-08-14 10:00:00,,0.2969378899150342,0
2026-08-20 10:24:00,,0.1067860034658705,0
2026-09-02 11:18:00,,0.12697443483706675,0
2026-07-02 13:01:00,,0.32585637313552274,1
2026-07-14 14:25:00,,0.07343846734824191,1
2026-05-21 09:52:00,,0.11453980437607379,0
2026-06-02 14:30:00,,0.08544381526695982,0
2026-06-23 10:24:00,,0.40300326247262197,1
2026-07-16 14:41:00,,0.06521181994345128,0
2026-08-03 14:05:00,,0.035952382367802294,0
2026-08-11 14:18:00,,0.03501863781813126,0
2026-08-24 14:42:00,,0.08840922707746528,0
2026-06-26 14:17:00,,0.06736947988121281,0
2026-06-30 09:46:00,,0.2919858065900786,0
2026-07-03 13:52:00,,0.11552687291892234,0
2026-08-17 14:26:00,,0.05665173971606983,0
2026-08-25 09:49:00,,0.21165489210370406,0
2026-05-21 10:30:00,,0.306890017985338,0
2026-05-25 10:38:00,,0.31590044793911765,0
2026-06-12 13:59:00,,0.23916392603554654,0
2026-06-16 10:26:00,,0.2483593487015956,0
2026-06-18 14:01:00,,0.14147952362466865,0
2026-06-29 14:33:00,,0.1890708838947161,0
2026-06-30 14:21:00,,0.1098526405228437,0
2026-07-14 13:42:00,,0.24473415477410818,0
2026-07-21 09:53:00,,0.38138119802080545,0
2026-07-23 13:25:00,,0.14360672653114004,1
2026-07-28 10:14:00,,0.38326316075748507,1
2026-07-28 11:11:00,,0.13142991301511855,0
2026-08-03 10:32:00,,0.23521221988144975,1
2026-08-05 13:32:00,,0.14074169039707904,0
2026-08-24 14:35:00,,0.12207899732734186,0
2026-08-31 10:09:00,,0.26995969841420614,0
2026-07-20 11:11:00,,0.3127831639180701,0
2026-07-30 13:02:00,,0.0024229483729527384,0
2026-08-21 14:27:00,,0.06866659665515032,0
2026-05-21 10:40:00,,0.20585093666323853,1
2026-06-08 10:12:00,,0.3136022681242807,0
2026-07-15 14:08:00,,0.1665304387395803,0
2026-08-18 13:02:00,,0.17897783224110853,0
2026-05-28 11:05:00,,0.18685871102793938,0
2026-06-03 11:26:00,,0.32173939601288915,0
2026-06-09 13:41:00,,0.08658968471647678,0
2026-06-11 10:18:00,,0.2487062483178979,0
2026-06-15 11:16:00,,0.10494976328516684,0
2026-06-23 14:03:00,,0.06926641661118398,0
2026-06-24 10:14:00,,0.18263170096936662,0
2026-07-13 09:34:00,,0.3674315152728127,0
2026-07-16 13:12:00,,0.22274736426187075,1
2026-07-17 10:39:00,,0.20197855274855075,0
2026-08-14 14:07:00,,0.10644366679695202,0
2026-06-10 11:11:00,,0.15718462340840952,1
2026-07-03 09:49:00,,0.3362159912553898,0
2026-08-06 10:16:00,,0.2183672172544954,1
2026-08-11 11:21:00,,0.12546849030526713,1
2026-08-28 11:10:00,,0.1229516130285536,0
2026-05-25 10:12:00,,0.26239783299198693,0
2026-06-09 14:08:00,,0.21032062822017608,0
2026-06-15 13:24:00,,0.19071567481057813,0
2026-06-30 14:07:00,,0.2517917448584678,1
2026-07-01 13:18:00,,0.19252207254092632,0
2026-07-09 14:10:00,,0.21243530496414217,0
2026-07-24 10:41:00,,0.2265748537343587,1
2026-07-31 10:59:00,,0.15904812085837786,0
2026-08-03 10:59:00,,0.14767839971126995,0
2026-08-10 10:37:00,,0.1471266376114003,0
2026-09-04 10:44:00,,0.11516488649905186,0
2026-06-17 11:15:00,,0.22170802265288697,0
2026-06-24 10:29:00,,0.24722005701993627,0
2026-06-25 13:12:00,,0.1750826105569653,0
2026-06-25 13:40:00,,0.41380086462840276,1
2026-07-17 10:14:00,,0.23426579672398656,1
2026-07-17 14:53:00,,0.31678643638273785,1
2026-08-03 11:03:00,,0.2024473107700764,0
2026-09-03 10:34:00,,0.11233567207174999,1
2026-06-23 09:53:00,,0.33233096052488037,0
2026-07-16 10:49:00,,0.2847036047521799,0
2026-07-22 13:25:00,,0.2706159650496493,0
2026-09-01 14:31:00,,0.22063082112213842,0
2026-07-02 09:53:00,,0.33078103431381917,1
2026-07-27 10:36:00,,0.1561965293448247,0
2026-08-12 10:54:00,,0.0011685041605669665,0
2026-08-13 14:30:00,,0.09151480198390456,0
2026-08-14 14:19:00,,0.31796395785741083,0
2026-07-06 14:08:00,,0.10463984054530377,0
2026-07-29 10:26:00,,0.1697170440598854,1
2026-07-31 09:58:00,,0.17419188084581472,0
2026-09-03 13:33:00,,0.13234465191545133,0
2026-05-27 10:41:00,,0.05893719278320614,0
2026-06-05 10:10:00,,0.21348693177144454,0
2026-06-15 13:41:00,,0.07510730124275952,0
2026-08-21 14:52:00,,0.06783074723145051,0
2026-09-02 10:49:00,,0.14125088438495267,0
2026-05-29 14:16:00,,0.14600199628356955,0
2026-06-22 10:26:00,,0.23824750953682614,0
2026-06-25 11:15:00,,0.13276660131784743,0
2026-06-29 13:09:00,,0.12668257495066185,0
2026-07-20 10:22:00,,0.255942270378132,1
2026-08-05 09:45:00,,0.29201128804560156,0
2026-09-03 10:41:00,,0.24123315768438036,1
2026-09-04 13:35:00,,0.45853802157349133,0
2026-05-21 11:23:00,,0.1969018078264479,0
2026-05-28 10:46:00,,0.13801981351932427,0
2026-06-08 14:04:00,,0.10841888051420077,0
2026-06-17 13:10:00,,0.11995290455592954,0
2026-06-30 13:18:00,,0.25896187087740735,0
2026-07-02 09:33:00,,0.36649575665483786,1
2026-07-09 10:04:00,,0.3222005044063004,0
2026-07-09 13:46:00,,0.21870393200241803,1
2026-07-17 11:14:00,,0.3040937409594253,0
2026-07-24 10:19:00,,0.2934499913949415,0
2026-07-31 15:00:00,,0.5659202461871305,0
2026-08-10 10:33:00,,0.17120477656982008,1
2026-08-11 10:00:00,,0.2614203497656157,1
2026-08-18 13:52:00,,0.17033590402713855,0
2026-08-20 14:59:00,,0.41554496498012655,0
2026-08-21 10:43:00,,0.1545688093588115,0
2026-09-04 13:51:00,,0.13287597350377167,0
2026-05-21 09:47:00,,0.2101562459967504,0
2026-06-22 13:36:00,,0.05383853602731088,0
2026-07-09 09:47:00,,0.24652554307629945,0
2026-07-23 13:34:00,,0.09695839551475177,0
2026-07-24 14:02:00,,0.11065081844614809,0
2026-08-06 09:36:00,,0.20395784537831257,1
2026-08-06 13:01:00,,0.1139256884687692,0
2026-08-07 13:04:00,,0.13072707215316098,0
2026-08-13 10:05:00,,0.13905632168250662,0
2026-08-17 15:00:00,,0.2318785169147324,1
2026-08-28 14:06:00,,0.03242705499761188,0
2026-05-27 10:19:00,,0.2676591496363752,0
2026-06-09 14:43:00,,0.07662173625572037,0
2026-08-06 14:58:00,,0.26655661322134605,0
2026-08-27 13:13:00,,0.20350080743766882,0
2026-05-21 14:26:00,,0.41512526408093164,0
2026-06-24 10:40:00,,0.26375701499285986,0
2026-06-30 14:20:00,,0.10730999380503412,0
2026-07-13 09:47:00,,0.3625601496555834,0
2026-07-14 10:22:00,,0.2520077155389208,0
2026-07-20 09:43:00,,0.30674983528675126,1
2026-07-31 11:23:00,,0.14316383082565715,0
2026-06-15 11:26:00,,0.14730717621257416,0
2026-07-02 11:03:00,,0.15404742187280895,0
2026-07-03 09:53:00,,0.31019940620400616,0
2026-07-14 10:10:00,,0.2654166990668715,0
2026-08-04 10:31:00,,0.18459653874544982,0
2026-08-27 13:50:00,,0.181051710771028,1
2026-05-28 13:54:00,,0.18760027915262995,0
2026-06-17 13:07:00,,0.17382247472230405,0
2026-06-26 13:01:00,,0.3043011597837545,1
2026-07-14 10:47:00,,0.24615442021792167,0
2026-07-16 13:09:00,,0.19107649172980098,0
2026-07-29 13:46:00,,0.2689116751449919,0
2026-08-06 10:39:00,,0.15666292036547655,0
2026-08-21 13:13:00,,0.11302121072567022,0
2026-07-08 10:31:00,,0.22557054688515982,0
2026-07-17 14:59:00,,0.5444996146034052,1
2026-08-06 13:13:00,,0.21703055975904176,0
2026-08-07 13:35:00,,0.19939539123970995,0
2026-08-18 10:18:00,,0.2565078963666268,0
2026-05-26 10:27:00,,0.13483099323567513,0
2026-05-26 13:33:00,,0.12711508669482866,0
2026-06-09 13:10:00,,0.09372908403024673,0
2026-06-15 10:12:00,,0.15712215515261901,0
2026-06-16 14:29:00,,0.07496207224481803,0
2026-08-04 13:30:00,,0.053182940079317335,0
2026-08-18 14:24:00,,0.04303855312576162,0
2026-08-19 14:36:00,,0.05171970986605438,0
2026-09-01 14:54:00,,0.07586802048061551,0
2026-07-03 14:58:00,,0.4804750918026011,0
2026-07-15 09:41:00,,0.24084962698980247,0
2026-07-22 13:21:00,,0.10015857260348227,0
2026-08-10 09:49:00,,0.19914240968870245,1
2026-08-13 13:35:00,,0.12856429077512252,0
2026-08-21 11:06:00,,0.0986403512327402,0
2026-07-22 14:06:00,,0.08527885858660969,0
2026-07-28 13:49:00,,0.16102982853045325,0
2026-08-07 10:31:00,,0.17084989337495599,1
2026-08-24 14:52:00,,0.21745793373864422,1
2026-05-29 13:02:00,,0.32369894299154683,0
2026-05-29 13:42:00,,0.3267463037393502,1
2026-07-02 10:33:00,,0.45499869075881616,1
2026-07-14 10:42:00,,0.2697900693348635,0
2026-07-21 14:00:00,,0.3880128796277495,1
2026-09-01 10:46:00,,0.22295805353616363,1
2026-09-04 10:25:00,,0.12423347419371336,0
2026-07-10 11:15:00,,0.09344335131285157,0
2026-07-21 14:56:00,,0.289272983394933,0
2026-08-21 10:29:00,,0.24194038390893435,0
2026-06-12 14:53:00,,0.10120018452526262,0
2026-06-22 14:47:00,,0.0015678764800269873,0
2026-06-26 11:20:00,,0.18992860494548724,0
2026-07-14 10:25:00,,0.21785399439852546,1
2026-08-12 14:40:00,,0.036556941550052895,0
2026-08-18 13:02:00,,0.14625112696685294,0
2026-05-27 14:58:00,,0.4056344063704894,0
2026-06-17 09:44:00,,0.22303772797066435,0
2026-07-01 13:46:00,,0.13523617152098777,0
2026-07-14 13:04:00,,0.21314111782627537,1
2026-08-19 09:31:00,,0.42038237846698,1
2026-08-19 14:42:00,,0.0819123686152337,0
2026-08-24 13:07:00,,0.1119987068098478,0
2026-09-02 10:28:00,,0.12229275302077328,0
2026-07-07 14:34:00,,0.05771204860789105,0
2026-07-17 14:50:00,,0.25892770192209663,0
2026-08-11 10:35:00,,0.271820102332099,1
2026-08-13 11:20:00,,0.10791063027452824,0
2026-08-20 13:52:00,,0.08185190440973585,0
2026-05-27 13:58:00,,0.2665013164080112,0
2026-06-01 11:27:00,,0.28040197683967805,1
2026-06-09 14:23:00,,0.0778464034966569,0
2026-06-18 11:25:00,,0.1502418787190301,0
2026-07-09 10:38:00,,0.31368005424244855,0
2026-07-22 13:54:00,,0.18636297763512633,0
2026-08-05 14:24:00,,0.1825052662243559,0
2026-08-10 10:42:00,,0.17736750731912043,0
2026-08-13 14:48:00,,0.21542299609997118,0
2026-08-21 14:57:00,,0.45041947749438777,0
2026-08-26 09:35:00,,0.37165358254327746,0
2026-06-26 13:53:00,,0.088200291470627,0
2026-08-03 09:39:00,,0.45795347563013594,1
2026-08-03 10:34:00,,0.2758512384737298,0
2026-06-02 14:31:00,,0.1643293112888389,0
2026-06-15 13:45:00,,0.1171128049074377,0
2026-07-13 11:12:00,,0.1746402195357049,0
2026-08-05 11:02:00,,0.13638502280485976,0
2026-09-02 13:34:00,,0.055428580990896203,0
2026-05-28 10:42:00,,0.1614547816764616,0
2026-06-05 14:50:00,,0.13713788222646514,0
2026-06-15 13:05:00,,0.1897870068276536,0
2026-06-22 11:28:00,,0.20594691423619887,0
2026-07-10 10:26:00,,0.39668517361972927,0
2026-07-13 10:57:00,,0.22802431620255945,0
2026-07-16 10:43:00,,0.34451273264535304,0
2026-07-24 09:50:00,,0.25717410218974446,0
2026-08-17 14:16:00,,0.07714270598661194,1
2026-08-25 14:34:00,,0.07492233967417998,0
2026-08-31 14:59:00,,0.282147420290498,0
2026-05-28 10:33:00,,0.14879287109943728,0
2026-05-29 10:31:00,,0.21817619112939246,0
2026-06-02 13:39:00,,0.1290531509378326,0
2026-06-09 14:54:00,,0.07537716394964712,1
2026-05-25 09:47:00,,0.25603627765567033,1
2026-06-15 13:02:00,,0.4032274879139103,1
2026-06-26 10:25:00,,0.2152633570100229,0
2026-06-05 13:46:00,,0.059604600201306666,0
2026-06-09 09:43:00,,0.20304296416779202,0
2026-06-15 14:22:00,,0.04156910360202158,0
2026-06-17 10:14:00,,0.16313077822368566,0
2026-07-01 14:47:00,,0.03761058973610799,0
2026-08-10 10:32:00,,0.14094581476909723,0
2026-08-12 13:47:00,,0.18617466199015814,1
2026-08-12 14:15:00,,0.09495981177632633,0
2026-08-31 14:02:00,,0.0036721514742786812,0
2026-05-28 14:45:00,,0.08109501692084577,0
2026-06-05 11:06:00,,0.18091008351527382,1
2026-07-01 13:03:00,,0.17526612534208572,0
2026-05-26 14:22:00,,0.1235300870284694,1
2026-05-27 14:26:00,,0.09549805544346238,0
2026-06-24 14:08:00,,0.10614183425804312,0
2026-07-09 14:24:00,,0.07508459294067911,0
2026-07-31 14:43:00,,0.0692512364174857,0
2026-08-21 14:55:00,,0.1336828343503265,0
2026-08-31 13:24:00,,0.16002750791730325,0
2026-07-01 10:26:00,,0.20709618231286478,0
2026-07-28 14:33:00,,0.06985204626221315,0
2026-07-29 10:03:00,,0.2374639933467138,0
2026-08-19 10:48:00,,0.17172319959977234,0
2026-06-01 10:12:00,,0.2621821228477532,1
2026-06-10 14:28:00,,0.0011543041219493036,0
2026-06-15 11:05:00,,0.13325697016019988,0
2026-07-21 13:09:00,,0.26093277972629336,0
2026-08-11 14:18:00,,0.17698662113013275,0
2026-08-14 10:31:00,,0.1498579329952475,1
2026-08-19 10:56:00,,0.18654535478527376,0
2026-05-22 14:46:00,,0.05855565093453654,0
2026-06-05 11:26:00,,0.1231398355181896,1
2026-06-09 10:58:00,,0.10738849248603015,0
2026-07-01 14:59:00,,0.3450057247334816,1
2026-07-07 13:09:00,,0.1784323752642095,0
2026-07-29 10:23:00,,0.23300599996570762,1
2026-08-28 13:31:00,,0.04735675493621553,0
2026-07-08 14:49:00,,0.037129968333478716,0
2026-07-24 11:04:00,,0.338275973775114,1
2026-08-11 14:30:00,,0.02969945706309817,0
2026-05-28 10:01:00,,0.2910888153714042,1
2026-06-22 09:34:00,,0.395533439195088,1
2026-06-29 14:27:00,,0.13609725411400816,0
2026-07-10 09:48:00,,0.33707265429344824,0
2026-07-16 13:44:00,,0.10503039539922984,0
2026-07-21 13:04:00,,0.22614816481263972,0
2026-08-24 14:51:00,,0.11511148438162494,0
2026-09-02 11:27:00,,0.2294007638908228,0
2026-05-28 09:38:00,,0.30617126055534494,0
2026-06-01 10:54:00,,0.12035643121687015,0
2026-06-05 11:18:00,,0.27733997034996677,0
2026-06-12 14:36:00,,0.08943326112641162,0
2026-06-24 10:20:00,,0.23565197708459623,0
2026-07-22 11:09:00,,0.4957097655705144,1
2026-08-11 13:04:00,,0.43812563743798516,0
2026-08-12 10:53:00,,0.2112347609502789,1
2026-08-19 14:02:00,,0.1853987474879971,0
2026-08-31 13:04:00,,0.1491623808152779,0
2026-09-03 10:24:00,,0.3872528412361585,1
2026-05-28 13:39:00,,0.12525315691507444,1
2026-06-05 13:01:00,,0.13259389934608148,0
2026-06-16 13:01:00,,0.22906944118771408,0
2026-07-01 13:19:00,,0.1959509084532078,0
2026-07-16 13:37:00,,0.06830853243457051,0
2026-07-29 11:03:00,,0.0946183331099033,0
2026-07-30 13:32:00,,0.16363841399294252,0
2026-08-06 13:55:00,,0.1375860859766615,0
2026-08-14 13:08:00,,0.10686969765942436,0
2026-05-21 14:22:00,,0.14200056333494201,0
2026-06-11 11:27:00,,0.16127128302885607,0
2026-06-22 13:52:00,,0.04557173950405483,0
2026-06-22 14:34:00,,0.020865198231668797,0
2026-07-01 13:26:00,,0.0669504388321774,1
2026-07-10 09:40:00,,0.3592953885672614,1
2026-08-31 09:49:00,,0.2590017780706701,0
2026-05-27 11:22:00,,0.2589188564388992,0
2026-06-30 09:31:00,,0.39923570233907757,0
2026-07-30 14:53:00,,0.16770610742345343,0
2026-08-24 13:43:00,,0.12926637752234155,0
2026-08-28 10:58:00,,0.22589788263972693,1
2026-06-04 13:18:00,,0.1600770136193129,0
2026-07-23 14:51:00,,0.10543677355561695,0
2026-08-06 11:10:00,,0.11097319434608272,0
2026-08-25 10:03:00,,0.2384712964595413,0
2026-05-26 14:56:00,,0.33242509980607715,1
2026-06-05 10:18:00,,0.29137011528987383,0
2026-06-16 13:12:00,,0.13973084705711208,0
2026-06-25 13:37:00,,0.2703251952899814,1
2026-07-07 10:06:00,,0.34021701385615527,0
2026-07-15 09:41:00,,0.48747971044081556,1
2026-06-03 10:40:00,,0.10001670773842596,0
2026-06-09 13:03:00,,0.1031894519210074,0
2026-07-08 09:55:00,,0.1379223319075712,0
2026-07-21 13:13:00,,0.04489889281591161,0
2026-08-10 13:47:00,,0.04889275578818789,0
2026-08-11 14:30:00,,0.04407706368014023,0
2026-08-25 09:55:00,,0.0975990687584866,0
2026-09-02 13:54:00,,0.08432267991223036,0
2026-09-04 13:30:00,,0.03035093794005257,0
2026-06-01 14:36:00,,0.04088032619882485,0
2026-06-08 13:45:00,,0.15909352924032047,0
2026-06-16 14:28:00,,0.10884910796672043,0
2026-06-25 13:11:00,,0.15127644521076922,1
2026-06-30 13:53:00,,0.11619048192926407,0
2026-07-13 13:26:00,,0.11786442690876824,0
2026-08-17 10:58:00,,0.05380503938954332,0
2026-08-27 11:16:00,,0.14644012344010732,0
2026-07-01 10:40:00,,0.14472386077698074,1
2026-07-10 13:23:00,,0.23589683277117035,1
2026-07-30 13:35:00,,0.13575884313927672,0
2026-08-24 10:48:00,,0.15584373686191577,0
2026-08-26 13:46:00,,0.055359744363631544,0
2026-06-03 11:23:00,,0.11038182894563867,0
2026-08-10 10:43:00,,0.14775228717309954,0
2026-08-20 11:06:00,,0.19194324878755042,0
2026-08-28 13:35:00,,0.2095877598036201,0
2026-09-01 11:18:00,,0.19196169578578318,1
2026-05-21 13:39:00,,0.0814551519263113,0
2026-07-03 13:56:00,,0.1360486199481267,1
2026-07-09 14:15:00,,0.22294957428965803,0
2026-07-30 10:29:00,,0.06326511465531542,0
2026-08-03 14:51:00,,0.18220125556961786,0
2026-08-11 14:44:00,,0.09777313380132674,1
2026-08-06 14:31:00,,0.06478388743287714,0
2026-08-12 11:15:00,,0.10981028968787593,0
2026-05-28 09:53:00,,0.1548874133380824,0
2026-07-17 14:45:00,,0.03129899370286381,0
2026-07-30 11:06:00,,0.0621123827555931,0
2026-08-10 14:30:00,,0.029746591766519444,0
2026-05-22 10:59:00,,0.19787392286211342,0
2026-06-17 10:44:00,,0.12548165407214262,0
2026-06-17 13:08:00,,0.19075786700122543,1
2026-06-17 14:51:00,,0.0909301839453805,1
2026-07-03 10:23:00,,0.23930448288461525,0
2026-07-08 11:15:00,,0.19120677895384355,0
2026-07-14 13:57:00,,0.20698670342720035,1
2026-08-07 14:22:00,,0.14914882368409255,0
2026-08-17 10:14:00,,0.23930404759453291,0
2026-08-18 13:29:00,,0.12471889181831038,0
2026-06-23 13:27:00,,0.07304752577988555,1
2026-07-15 10:06:00,,0.16093564159151086,0
2026-08-05 14:32:00,,0.03445315821056885,0
2026-08-12 11:25:00,,0.04911359866779842,0
2026-08-14 11:25:00,,0.19043189281753345,1
2026-08-19 14:56:00,,0.15565546625875618,1
2026-05-21 14:55:00,,0.2551355662658453,0
2026-06-15 10:24:00,,0.4355411464218979,0
2026-06-17 13:32:00,,0.199792596062696,1
2026-06-26 09:38:00,,0.32247454463368636,0
2026-07-03 14:04:00,,0.12900150384833295,0
2026-07-13 14:35:00,,0.1965641353109258,1
2026-08-04 10:20:00,,0.3165738120117991,0
2026-08-05 14:01:00,,0.12156761182601446,0
2026-08-28 10:56:00,,0.11764677058301967,1
2026-08-28 11:13:00,,0.07707460036397279,0
2026-06-03 11:30:00,,0.11625282983095978,0
2026-06-05 13:18:00,,0.18159682321817722,0
2026-06-22 14:28:00,,0.13006111740870877,0
2026-06-24 13:40:00,,0.16190368729560298,0
2026-07-13 10:28:00,,0.27030953810394037,0
2026-07-16 14:47:00,,0.28438458161479524,0
2026-07-29 14:37:00,,0.4009683499364859,1
2026-09-03 11:29:00,,0.18548322359362482,0
2026-07-29 10:02:00,,0.13063451556397318,0
2026-07-29 10:19:00,,0.10118136901449762,0
2026-07-29 10:52:00,,0.06046955505324259,0
2026-08-03 10:18:00,,0.050952807665894766,0
2026-08-06 13:24:00,,0.04123921028929621,0
2026-09-04 11:05:00,,0.16640932145097959,0
2026-09-04 11:09:00,,0.16800176749454862,0
2026-05-27 13:46:00,,0.3637741368585669,0
2026-06-17 10:11:00,,0.23154181232038729,0
2026-07-13 11:07:00,,0.3572826181027689,1
2026-07-14 13:36:00,,0.25228311034900613,0
2026-08-13 11:19:00,,0.04544934277356978,0
2026-08-28 10:56:00,,0.06546231957369339,0
2026-05-25 10:59:00,,0.063326704765269,0
2026-05-28 10:44:00,,0.1584113329586864,0
2026-06-03 13:39:00,,0.056315106895945974,0
2026-06-09 09:51:00,,0.20360688649929515,0
2026-06-22 13:01:00,,0.22994931801455135,1
2026-07-06 13:32:00,,0.12236162608636378,0
2026-07-07 10:28:00,,0.18991139767960438,0
2026-07-10 10:47:00,,0.1178691078383931,0
2026-08-06 13:25:00,,0.08039528242967439,0
2026-08-26 14:28:00,,0.022091827561348514,0
2026-06-01 13:16:00,,0.30694599691997193,0
2026-06-02 09:39:00,,0.45765327715789617,1
2026-06-30 13:51:00,,0.5560922466490419,1
2026-07-09 14:44:00,,0.060345730987407094,0
2026-08-05 14:57:00,,0.3341452181923109,0
2026-08-20 11:24:00,,0.15085033686658011,1
2026-06-08 11:07:00,,0.17152099727200398,0
2026-07-01 11:06:00,,0.1373806682506476,1
2026-07-01 11:28:00,,0.21730769238570277,0
2026-07-13 10:40:00,,0.3701079126514116,0
2026-07-28 13:51:00,,0.3426093532921675,1
2026-08-17 09:31:00,,0.49213330353174584,0
2026-08-27 09:53:00,,0.45058270247594817,1
2026-09-01 11:18:00,,0.2297682349201319,1
2026-05-21 14:34:00,,0.31869652802198034,0
2026-06-03 13:35:00,,0.22078845446955866,1
2026-07-21 13:49:00,,0.07449871909130606,0
2026-08-26 10:39:00,,0.14775577662517939,1
2026-05-28 14:58:00,,0.5344414671826444,1
2026-06-10 14:03:00,,0.43032067614690656,0
2026-06-12 14:33:00,,0.04851882839223236,0
2026-06-16 13:08:00,,0.13641944125929173,0
2026-07-06 13:58:00,,0.2844614782381676,0
2026-05-21 09:32:00,,0.4187393771149418,1
2026-06-24 11:20:00,,0.12206127571541499,0
2026-06-29 13:38:00,,0.3164090895359277,0
2026-07-06 14:42:00,,0.17587516768475683,0
2026-07-15 11:14:00,,0.11913595162254523,0
2026-08-31 14:50:00,,0.17224809041034858,0
2026-06-10 13:15:00,,0.3295454221086871,1
2026-06-22 13:28:00,,0.338016262820497,0
2026-06-30 10:46:00,,0.11896075170471031,0
2026-07-07 11:08:00,,0.3546871165183964,1
2026-07-09 09:35:00,,0.35712789290690966,1
2026-07-14 14:19:00,,0.08208321327772694,0
2026-08-04 11:01:00,,0.08404189745637164,0
2026-08-13 14:12:00,,0.4483908176029879,0
2026-06-04 14:54:00,,0.11361437596349912,0
2026-06-24 13:12:00,,0.2681207946822136,1
2026-07-02 09:44:00,,0.21095731629329034,0
2026-07-02 10:23:00,,0.4089363041281357,1
2026-07-02 14:52:00,,0.5663814572495873,0
2026-07-09 13:59:00,,0.14101460348288583,0
2026-07-17 13:26:00,,0.442526685897568,1
2026-07-21 14:46:00,,0.1327819085100254,0
2026-07-23 13:06:00,,0.29520523646409746,0
2026-08-11 10:53:00,,0.2571886756465351,0
2026-08-11 11:29:00,,0.11409620387273034,0
2026-08-14 14:13:00,,0.29575973696741187,1
2026-09-01 13:15:00,,0.1410296772475464,0
2026-09-04 13:59:00,,0.11965817066487719,0
2026-06-16 14:59:00,,0.3077471033148971,0
2026-06-18 10:56:00,,0.18398006124686148,0
2026-06-25 13:43:00,,0.12845408844300987,0
2026-07-15 11:21:00,,0.040805548525534356,0
2026-07-29 11:24:00,,0.0919601676018332,0
2026-08-11 13:05:00,,0.07797216733094864,0
2026-08-25 14:09:00,,0.03663953296628594,0
2026-06-03 13:43:00,,0.21756306559083802,0
2026-06-04 13:38:00,,0.18270724736561633,1
2026-07-09 13:42:00,,0.11934595960855292,0
2026-07-15 14:18:00,,0.07836127445605663,0
2026-08-04 14:05:00,,0.03827957524863217,0
2026-06-11 10:12:00,,0.21231828480940837,0
2026-06-12 10:35:00,,0.10733876882410989,0
2026-06-17 14:40:00,,0.14698814135937915,0
2026-07-01 11:28:00,,0.2392078579703547,1
2026-07-15 14:02:00,,0.11330350022275665,0
2026-07-24 10:16:00,,0.004106248641553299,0
2026-07-24 10:42:00,,0.0028812069541427985,0
2026-08-17 14:27:00,,0.10101508289587913,0
2026-08-21 14:06:00,,0.12012465534412191,0
2026-06-02 14:58:00,,0.330366271942419,0
2026-06-17 10:12:00,,0.2860773350910618,0
2026-07-03 13:25:00,,0.2661655163996162,0
2026-07-28 09:56:00,,0.2900255310693083,0
2026-07-31 13:17:00,,0.25824501403219297,0
2026-08-03 13:07:00,,0.17725027254307438,0
2026-08-04 11:22:00,,0.1755596154274938,0
2026-09-01 10:30:00,,0.19140063492602746,0
2026-09-03 09:39:00,,0.26262204482512586,0
2026-07-13 10:52:00,,0.12933448989651472,0
2026-07-07 10:43:00,,0.24774794797340496,0
2026-07-14 11:01:00,,0.013943619782401261,0
2026-07-20 13:59:00,,0.4806730651094737,1
2026-07-08 13:53:00,,0.25775501108266013,1
2026-07-14 14:11:00,,0.13927336081411315,1
2026-07-17 09:54:00,,0.40336391978883374,0
2026-08-21 13:51:00,,0.39773035913851995,0
2026-09-02 09:36:00,,0.3298652087422344,0
2026-05-26 10:50:00,,0.18988733354396237,0
2026-05-29 10:00:00,,0.21818667179592074,0
2026-06-11 11:23:00,,0.11716835719112409,1
2026-06-23 09:53:00,,0.0010417993357272816,0
2026-06-26 09:53:00,,0.3494861620315976,1
2026-07-16 13:28:00,,0.23662745046341302,0
2026-07-17 14:42:00,,0.35747971743496143,0
2026-08-10 13:21:00,,0.08364288764669826,0
2026-08-24 11:14:00,,0.13074146377713128,1
2026-06-10 11:14:00,,0.11274331779277491,1
2026-06-24 10:09:00,,0.2660516089765808,0
2026-07-08 10:52:00,,0.09785132308662785,0
2026-07-08 13:13:00,,0.11272509134164974,1
2026-08-19 13:59:00,,0.11312743288771752,0
2026-06-12 09:35:00,,0.4278686296171242,1
2026-07-10 09:46:00,,0.43555491311075983,1
2026-07-20 14:49:00,,0.06740041523965362,0
2026-07-22 14:31:00,,0.44964825837040867,0
2026-07-24 14:55:00,,0.5583857764646158,0
2026-08-04 13:08:00,,0.33768474324050146,0
2026-06-10 14:07:00,,0.2845092668261574,0
2026-06-17 09:54:00,,0.25721594224391214,0
2026-07-01 13:59:00,,0.09013538722695669,0
2026-08-14 14:26:00,,0.030083848056042976,0
2026-08-28 09:35:00,,0.23925935319199243,0
2026-06-04 10:04:00,,0.24884099836704665,0
2026-06-18 10:00:00,,0.20958616340937394,0
2026-06-26 11:11:00,,0.11274617957029956,0
2026-07-10 10:08:00,,0.18996884542934872,1
2026-07-27 13:27:00,,0.3058308156722975,0
2026-08-26 11:22:00,,0.20865515889508712,0
2026-06-29 13:40:00,,0.4586035938750603,1
2026-07-06 10:40:00,,0.1996641912240601,0
2026-07-15 14:31:00,,0.3998427903366277,0
2026-07-16 14:17:00,,0.43339792377446473,0
2026-07-23 14:35:00,,0.1750172402790842,0
2026-08-14 14:13:00,,0.24911054102292196,1
2026-08-26 10:45:00,,0.4675046823122333,1
2026-08-26 14:38:00,,0.3529482630403917,1
2026-05-26 10:11:00,,0.1979449804887465,0
2026-05-27 13:58:00,,0.16185340709660842,0
2026-06-24 13:48:00,,0.16478864803131005,0
2026-06-25 10:35:00,,0.17313604765665688,1
2026-06-26 13:38:00,,0.332917700727238,1
2026-07-24 13:51:00,,0.08746591813876647,0
2026-07-27 10:34:00,,0.21122345649608185,0
2026-08-20 13:05:00,,0.14748300835920414,0
2026-08-24 13:34:00,,0.09358581831377405,0
2026-05-27 13:47:00,,0.21864682013137995,0
2026-06-12 13:48:00,,0.093669878280977,0
2026-07-17 13:08:00,,0.13369358421686828,0
2026-07-24 10:29:00,,0.25285795869479316,0
2026-07-30 13:16:00,,0.09186594811702448,0
2026-08-06 14:48:00,,0.10050279115264107,0
2026-08-12 14:32:00,,0.07320609871211735,0
2026-08-20 11:14:00,,0.1006680417624347,0
2026-05-22 11:16:00,,0.16394934602808575,0
2026-06-04 10:29:00,,0.23364669601482876,0
2026-05-22 11:12:00,,0.22907008897616268,0
2026-07-03 10:09:00,,0.13282592989473596,0
2026-07-09 13:01:00,,0.16678711879218946,0
2026-07-22 09:39:00,,0.2911262089482545,0
2026-07-31 13:59:00,,0.04419955793456136,0
2026-05-22 10:51:00,,0.1354441221206676,0
2026-06-03 11:20:00,,0.20517265314540348,0
2026-06-04 09:53:00,,0.2977891875434367,1
2026-06-23 10:28:00,,0.2374513712689815,1
2026-06-24 10:44:00,,0.20155928022903166,0
2026-07-02 13:59:00,,0.0011822319926215743,0
2026-07-28 11:20:00,,0.12135010925067233,0
2026-08-18 09:36:00,,0.4142256830286886,1
2026-08-19 13:56:00,,0.21918625905108607,0
2026-08-20 10:08:00,,0.32122805414707367,0
2026-08-24 10:04:00,,0.2690340248081353,0
2026-09-03 11:14:00,,0.24402638812843833,1
2026-06-04 13:59:00,,0.1389715011362887,0
2026-06-11 15:00:00,,0.26654974650290153,1
2026-07-03 13:19:00,,0.102886509685524,0
2026-07-21 11:23:00,,0.1835404791626025,0
2026-08-11 11:19:00,,0.049745494930586866,0
2026-08-11 14:44:00,,0.09517318519895071,0
2026-08-14 11:10:00,,0.06188628260681306,0
2026-06-04 10:16:00,,0.4567957760210508,1
2026-06-12 09:46:00,,0.39273246353772934,0
2026-06-23 10:15:00,,0.32293245004383736,0
2026-07-30 10:46:00,,0.12379498219477686,0
2026-08-07 11:23:00,,0.09374811685311887,0
2026-08-10 10:02:00,,0.11606928790394698,0
2026-08-21 11:25:00,,0.0540277817374275,0
2026-06-03 13:29:00,,0.18113158415371672,0
2026-06-15 09:42:00,,0.368037145634722,0
2026-06-23 09:59:00,,0.3830875102922523,0
2026-07-16 13:37:00,,0.2697675042150934,0
2026-07-29 13:14:00,,0.30531124096999507,0
2026-08-04 11:16:00,,0.14329191390489338,0
2026-08-28 10:03:00,,0.2998599173905555,0
2026-09-01 10:15:00,,0.27980865840142416,1
2026-06-03 10:04:00,,0.27130935848063115,0
2026-06-12 11:10:00,,0.004965154809116029,0
2026-06-24 09:41:00,,0.297845606587083,0
2026-07-23 11:29:00,,0.24692210862959427,1
2026-08-05 14:38:00,,0.06033373818772074,0
2026-08-12 09:32:00,,0.4010675880831037,1
2026-08-17 13:56:00,,0.07572154930980736,0
2026-06-04 13:08:00,,0.26189752944455286,1
2026-06-16 10:14:00,,0.28437429537718595,0
2026-06-18 10:09:00,,0.36007666064283234,0
2026-06-23 13:56:00,,0.4104603717826474,0
2026-06-23 14:38:00,,0.3376601724237184,1
2026-06-25 11:04:00,,0.3533331226382635,1
2026-08-04 09:56:00,,0.3427966280204665,1
2026-08-10 10:59:00,,0.12647254236125555,0
2026-08-17 13:28:00,,0.4143037059183013,1
2026-05-29 10:57:00,,0.07830393770053622,0
2026-06-29 14:32:00,,0.050864015161353346,0
2026-07-08 09:30:00,,0.28527039751833055,0
2026-07-17 13:42:00,,0.15941300051211982,0
2026-07-21 14:41:00,,0.021244511356958325,0
2026-07-23 13:45:00,,0.05114408675292683,0
2026-08-05 14:05:00,,0.020217134503351695,0
2026-08-13 14:52:00,,0.07151041076269503,0
2026-06-03 11:30:00,,0.10486281148617647,0
2026-06-22 10:54:00,,0.1183896643939772,0
2026-06-26 10:53:00,,0.12561553634804853,0
2026-07-01 14:08:00,,0.10047742556483603,0
2026-07-08 09:34:00,,0.26602824184973445,0
2026-08-13 14:32:00,,0.03305330721621787,0
2026-08-18 11:15:00,,0.1130256124917509,0
2026-05-28 13:23:00,,0.1372383106152787,1
2026-07-17 14:40:00,,0.11458636836307048,0
2026-07-22 11:12:00,,0.10483324091984822,1
2026-07-24 10:39:00,,0.2612115722749867,0
2026-08-18 10:31:00,,0.26164006332897555,0
2026-08-21 11:02:00,,0.15784852664764087,1
2026-05-25 10:48:00,,0.3006844704052677,0
2026-06-08 11:07:00,,0.27541937935242083,0
2026-06-08 11:12:00,,0.2292632438825171,0
2026-06-26 10:25:00,,0.3034202407451445,0
2026-06-30 13:55:00,,0.12635055577417226,0
2026-07-15 10:57:00,,0.2232000705763012,0
2026-07-20 09:31:00,,0.3315747848390653,1
2026-08-05 09:59:00,,0.22109245009618322,0
2026-08-10 14:57:00,,0.1999160212064276,0
2026-08-18 14:31:00,,0.14574459537469217,0
2026-06-01 14:14:00,,0.5824865921499146,0
2026-06-16 14:04:00,,0.41926737734266,0
2026-06-24 13:21:00,,0.18403088420607083,0
2026-06-30 14:52:00,,0.4603702743662715,1
2026-07-14 11:04:00,,0.05082858386215861,0
2026-07-17 10:35:00,,0.11734040083984172,0
2026-07-20 13:57:00,,0.25484184835450485,0
2026-07-31 13:07:00,,0.3542247839821521,0
2026-07-31 13:28:00,,0.059336958346959866,0
2026-08-18 14:54:00,,0.5385688381157605,0
2026-05-21 14:42:00,,0.4397031375413379,0
2026-06-10 13:45:00,,0.5303165669558482,0
2026-08-06 09:36:00,,0.36314906154359866,1
2026-08-24 09:39:00,,0.4345471855363835,0
2026-08-26 13:05:00,,0.33935265057429215,1
2026-06-17 14:31:00,,0.029743495998542202,0
2026-07-24 09:30:00,,0.21167901058596336,0
2026-08-04 10:17:00,,0.06607912947072973,0
2026-08-05 11:13:00,,0.03859639985549455,0
2026-08-13 09:36:00,,0.26712079726102905,1
2026-05-28 14:32:00,,0.03807703851320527,0
2026-05-29 13:59:00,,0.36457442712979615,0
2026-06-08 14:44:00,,0.0986242838988178,0
2026-06-09 11:05:00,,0.07950989211510355,1
2026-06-24 13:33:00,,0.09182251669389088,0
2026-06-26 09:51:00,,0.46164906582518433,0
2026-06-26 11:09:00,,0.08588048255849563,1
2026-07-03 14:17:00,,0.07929803033587395,0
2026-07-21 13:08:00,,0.1295498839977417,0
2026-08-05 10:43:00,,0.22144667830281675,0
2026-07-15 10:40:00,,0.39474277927962437,0
2026-07-24 13:46:00,,0.2350160880233609,0
2026-07-28 09:30:00,,0.48735395510148183,1
2026-08-25 13:09:00,,0.3230831887405397,1
2026-08-25 13:27:00,,0.3372962751982077,0
2026-06-01 10:02:00,,0.22695040277117204,0
2026-06-23 14:10:00,,0.30487888287446585,0
2026-06-26 10:27:00,,0.37889743646171214,0
2026-08-11 13:49:00,,0.4643541462715136,1
2026-08-12 14:21:00,,0.4823446105095742,1
2026-08-31 13:59:00,,0.060355230444275244,0
2026-07-17 14:28:00,,0.14405634791948954,0
2026-07-24 14:19:00,,0.009092038999342456,0
2026-08-17 09:52:00,,0.2545004497191269,0
2026-08-19 13:45:00,,0.22499979005773516,1
2026-08-20 09:44:00,,0.30059592129061086,0
2026-08-26 13:02:00,,0.16869866998444413,0
2026-08-27 13:03:00,,0.1525080204920501,1
2026-06-22 11:21:00,,0.2800505112913845,1
2026-07-03 11:12:00,,0.1248767988253482,1
2026-07-09 14:09:00,,0.23133027154314342,0
2026-07-10 10:07:00,,0.34205728341812813,1
2026-07-29 14:26:00,,0.06886492970492038,0
2026-07-31 13:07:00,,0.11352544742885112,0
2026-08-11 13:44:00,,0.03711022045583852,0
2026-08-13 14:48:00,,0.11548185019756285,0
2026-08-14 10:54:00,,0.049419968850972294,0
2026-08-18 14:30:00,,0.09383891099221417,0
2026-08-26 14:09:00,,0.09002158886868944,0
2026-06-01 10:45:00,,0.3152589187536721,0
2026-07-07 10:51:00,,0.39184743107522507,0
2026-07-13 14:21:00,,0.2535470365536939,0
2026-07-17 10:37:00,,0.2870272834461028,0
2026-07-17 13:42:00,,0.31853748537840637,0
2026-07-23 11:15:00,,0.0008266694128357925,0
2026-08-10 11:23:00,,0.1821630263341425,0
2026-08-14 13:55:00,,0.20647412842932839,1
2026-06-11 10:13:00,,0.22724272841066467,0
2026-07-06 14:02:00,,0.05269351234340444,0
2026-07-27 10:43:00,,0.09572336965492158,0
2026-08-24 13:46:00,,0.08802837768063522,0
2026-06-04 09:49:00,,0.3169738294284497,0
2026-06-04 11:07:00,,0.30110264042045226,0
2026-06-29 11:22:00,,0.18978625503705537,0
2026-07-15 13:16:00,,0.19424796908788738,0
2026-07-28 09:35:00,,0.32285777711346525,0
2026-08-06 10:40:00,,0.1725018809460372,0
2026-08-10 09:37:00,,0.3901477020919833,0
2026-08-11 10:23:00,,0.2634307246248036,0
2026-08-19 13:15:00,,0.25655616351320315,0
2026-06-10 14:19:00,,0.1531230050550957,0
2026-06-16 13:26:00,,0.147052705587377,0
2026-07-16 09:51:00,,0.28021248868825804,1
2026-08-04 13:06:00,,0.1383588993450402,0
2026-09-04 13:08:00,,0.19351795434446042,0
2026-05-21 13:31:00,,0.16793942169308598,0
2026-06-03 14:35:00,,0.2017818033104449,0
2026-06-04 10:06:00,,0.33573908300298355,0
2026-06-16 14:01:00,,0.24922353168754868,0
2026-08-03 13:56:00,,0.12731278687506592,0
2026-08-10 10:38:00,,0.34621432180616946,0
2026-06-17 13:28:00,,0.2009111972820557,0
2026-06-22 13:39:00,,0.10087530706311794,0
2026-07-03 14:18:00,,0.10037042719279744,0
2026-07-15 11:30:00,,0.2469078823822835,0
2026-08-03 14:16:00,,0.046585994788009746,0
2026-08-20 14:28:00,,0.11327429548908527,1
2026-06-04 13:02:00,,0.22167558090901854,0
2026-06-05 10:07:00,,0.22502668224019554,0
2026-06-09 13:06:00,,0.1652812265813559,0
2026-06-12 13:04:00,,0.11114090141085424,0
2026-06-23 15:00:00,,0.33499014001579397,0
2026-07-23 13:23:00,,0.146446672047494,1
2026-08-27 13:29:00,,0.24285041167283392,0
2026-09-02 09:36:00,,0.4005571989546904,0
2026-06-24 14:20:00,,0.2380105393966982,0
2026-07-02 13:23:00,,0.06960534761860163,1
2026-07-07 13:28:00,,0.3061952495257119,0
2026-07-27 10:18:00,,0.18791072939269976,1
2026-08-06 10:06:00,,0.2530962904515761,0
2026-08-12 11:06:00,,0.15835498354389163,0
2026-08-13 13:18:00,,0.1762872076650633,0
2026-08-26 09:31:00,,0.32997496138495847,1
2026-08-26 10:30:00,,0.0009640917292133449,0
2026-08-28 14:41:00,,0.003467733463571085,0
2026-09-03 09:45:00,,0.3745660902925493,1
2026-07-06 11:22:00,,0.3314406168527128,0
2026-08-20 14:34:00,,0.5397960679268206,0
2026-08-31 14:34:00,,0.0019203111814429259,0
2026-09-01 13:30:00,,0.16338176014313502,0
2026-06-12 09:48:00,,0.3740074819848789,0
2026-07-08 14:27:00,,0.4004569023100816,0
2026-07-13 11:19:00,,0.09879187847497177,0
2026-07-29 09:38:00,,0.3708475680485901,0
2026-08-03 11:05:00,,0.08023043086899455,0
2026-08-31 13:51:00,,0.08296367140415095,0
2026-06-09 14:00:00,,0.310632814204927,0
2026-06-26 13:10:00,,0.21944386333789,0
2026-08-12 11:09:00,,0.09455445928238394,0
2026-08-14 14:15:00,,0.24964028647533018,0
2026-06-12 11:28:00,,0.48681451204903275,1
2026-06-12 14:32:00,,0.11389280261282506,0
2026-06-29 10:35:00,,0.3913703917164938,0
2026-06-30 13:29:00,,0.3586661605673126,0
2026-07-21 11:20:00,,0.1957922531661689,0
2026-08-10 14:45:00,,0.14081719366207157,0
2026-08-11 11:07:00,,0.472449986151754,1
2026-08-27 14:35:00,,0.03443006534176989,0
2026-09-03 10:33:00,,0.1713332322531883,0
2026-09-03 14:22:00,,0.44224253737648594,0
2026-05-28 10:30:00,,0.15208131708976316,0
2026-07-09 09:44:00,,0.2681301410929613,1
2026-07-31 13:07:00,,0.11827356140339612,0
2026-08-04 13:35:00,,0.10586503842121682,0
2026-08-04 13:55:00,,0.06879797119642267,0
2026-08-13 09:40:00,,0.2783149783620755,0
2026-05-26 14:22:00,,0.08255029096126978,1
2026-06-18 13:10:00,,0.0680299204338446,0
2026-06-25 13:49:00,,0.08697714312824295,0
2026-07-07 14:17:00,,0.10196640678052517,1
2026-07-23 10:34:00,,0.13486601358053163,0
2026-05-25 10:02:00,,0.1816478900916952,0
2026-07-01 13:26:00,,0.15893496988485747,0
2026-07-03 14:53:00,,0.5190599825583672,0
2026-07-06 14:43:00,,0.13439271039044054,0
2026-07-07 10:16:00,,0.3964858499835366,0
2026-07-15 13:28:00,,0.35219987761434296,1
2026-07-22 13:42:00,,0.07783518484564786,0
2026-08-03 13:06:00,,0.45561810052279383,1
2026-05-21 13:59:00,,0.12324091127851969,0
2026-06-29 13:09:00,,0.261964792726929,1
2026-07-01 10:14:00,,0.27766127187915607,1
2026-07-24 09:42:00,,0.2250726954880543,1
2026-05-21 13:18:00,,0.12172885320423837,0
2026-05-29 10:26:00,,0.2580733087661682,0
2026-05-29 14:22:00,,0.19597114575067168,0
2026-06-18 13:05:00,,0.23977517372652116,1
2026-06-25 09:45:00,,0.3693647354951392,0
2026-06-29 10:16:00,,0.2886987634465431,0
2026-07-16 09:52:00,,0.3133751542079479,1
2026-09-02 14:54:00,,0.08198936537695993,0
2026-06-05 09:49:00,,0.2212335601509025,0
2026-08-05 10:07:00,,0.11949974691650414,0
2026-08-05 14:28:00,,0.02398493649894756,0
2026-08-12 13:52:00,,0.026237173991341088,0
2026-08-14 14:19:00,,0.04532019197743287,0
2026-08-18 13:09:00,,0.0971367938154327,0
2026-08-19 13:22:00,,0.13553416983924768,0
2026-08-19 14:54:00,,0.1230760321772903,0
2026-06-09 14:33:00,,0.08306892943642447,0
2026-06-26 14:03:00,,0.033781929729405774,0
2026-07-10 10:34:00,,0.05394839321125215,0
2026-07-13 14:31:00,,0.10803074550506749,0
2026-07-28 09:45:00,,0.1986026025713171,1
2026-08-07 14:34:00,,0.06217403552799524,0
2026-08-13 13:59:00,,0.0320911723757933,0
2026-08-14 11:15:00,,0.07389789204974782,0
2026-08-25 09:42:00,,0.28694669390405214,0
2026-09-04 14:57:00,,0.205258340052392,1
2026-05-21 10:31:00,,0.11574090805750178,0
2026-05-27 13:18:00,,0.12663139698596254,0
2026-05-28 09:56:00,,0.15603561691623744,0
2026-06-18 09:40:00,,0.23854327881248838,0
2026-06-29 11:30:00,,0.1326469232153208,0
2026-07-15 11:06:00,,0.10197599423226625,0
2026-07-17 11:27:00,,0.16084014489646262,0
2026-07-21 14:01:00,,0.11313604380468192,0
2026-07-21 14:17:00,,0.05941150798076706,0
2026-07-29 09:31:00,,0.35066248951106355,0
2026-05-26 13:50:00,,0.19316148653825344,0
2026-06-02 10:13:00,,0.19896140358164496,0
2026-06-03 10:23:00,,0.1356065077322873,0
2026-06-25 10:11:00,,0.30608717450604356,0
2026-07-02 10:09:00,,0.22327738807433817,0
2026-08-12 13:27:00,,0.05383401134520614,0
2026-08-20 10:09:00,,0.1836927367729372,0
2026-08-31 14:26:00,,0.09970401468021488,0
2026-09-01 14:24:00,,0.08642590603968855,0
2026-06-25 10:19:00,,0.25110505959604984,1
2026-05-22 14:22:00,,0.3920691190485711,1
2026-07-30 10:48:00,,0.15413995674659914,0
2026-08-14 10:01:00,,0.4621374577911517,0
2026-05-26 09:49:00,,0.38698909122139447,0
2026-06-18 13:46:00,,0.4675077814523161,0
2026-06-18 13:56:00,,0.1530653744271136,0
2026-07-02 09:40:00,,0.25526526533536903,1
2026-07-24 10:15:00,,0.18292776082292866,0
2026-05-29 09:52:00,,0.2793161709322053,1
2026-06-05 13:59:00,,0.20650179452401674,1
2026-06-10 11:06:00,,0.233515502471303,0
2026-06-11 13:44:00,,0.11932513280809377,1
2026-06-12 09:44:00,,0.20755877774311612,1
2026-06-15 11:23:00,,0.2653624680045749,0
2026-06-16 11:07:00,,0.08041139237612484,0
2026-07-06 13:14:00,,0.17998114618481953,0
2026-07-13 10:19:00,,0.1885756708432193,0
2026-05-25 14:33:00,,0.13812807993898113,0
2026-05-27 14:57:00,,0.22930703146354472,0
2026-06-02 14:54:00,,0.14505256235334485,0
2026-06-16 13:31:00,,0.1577507293137159,0
2026-06-17 13:14:00,,0.31041730544732293,0
2026-06-22 09:48:00,,0.41037560531849177,1
2026-06-24 11:25:00,,0.20128232883913444,0
2026-07-09 13:16:00,,0.14214750414026056,0
2026-07-16 11:06:00,,0.10862589392279998,0
2026-07-28 13:24:00,,0.29395101735577556,0
2026-07-29 11:12:00,,0.26858111342151475,0
2026-08-20 10:33:00,,0.16345177023214283,0
2026-08-20 13:36:00,,0.3923921970716996,0
2026-09-01 13:01:00,,0.1503552374870647,1
2026-06-18 13:50:00,,0.28149051541085723,1
2026-07-01 14:48:00,,0.19607282294915274,1
2026-07-10 10:22:00,,0.33607363373836824,0
2026-07-30 14:51:00,,0.1971945688657916,0
2026-08-24 10:32:00,,0.27097874030428,0
2026-06-02 09:43:00,,0.2582618620855681,0
2026-06-16 09:54:00,,0.20242564595980914,0
2026-06-23 09:47:00,,0.22936782997987568,0
2026-06-26 10:37:00,,0.26634807300610464,0
2026-08-12 14:24:00,,0.02083127076365845,0
2026-08-13 14:02:00,,0.05410429259020588,0
2026-08-14 10:30:00,,0.06301639472117235,0
2026-08-26 10:59:00,,0.1422731631840297,0
2026-08-26 13:43:00,,0.046817081531157614,0
2026-08-28 13:17:00,,0.058856582129948515,0
2026-05-28 13:27:00,,0.058983833406985806,0
2026-06-12 13:23:00,,0.057647105377191275,0
2026-06-23 14:04:00,,0.04927067267328797,0
2026-07-07 13:41:00,,0.05089966235547004,0
2026-07-08 14:58:00,,0.24606811285740027,0
2026-05-26 11:30:00,,0.11674520302137603,0
2026-05-27 13:33:00,,0.22931706291080034,0
2026-06-05 13:36:00,,0.34009558078770386,1
2026-06-10 10:49:00,,0.1810434662172793,0
2026-06-12 13:26:00,,0.15140298148424336,1
2026-06-30 10:32:00,,0.0007916871372873579,0
2026-08-10 14:00:00,,0.08367210345593022,0
2026-08-18 10:58:00,,0.06901480828019362,0
2026-08-28 11:07:00,,0.08908933533743245,1
2026-06-26 14:24:00,,0.13189085151138707,0
2026-07-21 13:16:00,,0.21679471336260184,0
2026-08-25 13:31:00,,0.2818614773174705,0
2026-08-27 11:14:00,,0.05845095121416328,1
2026-06-03 13:47:00,,0.14019487230986605,0
2026-06-05 10:29:00,,0.26742164391934165,1
2026-07-01 11:29:00,,0.3861906045272325,1
2026-07-17 13:43:00,,0.5612729170451076,0
2026-08-19 10:43:00,,0.12488000235540835,0
2026-05-21 14:17:00,,0.41022895897925493,0
2026-06-30 11:05:00,,0.09223323523117768,0
2026-07-03 13:25:00,,0.1564345781201534,0
2026-07-06 11:30:00,,0.14530953346045378,0
2026-07-09 13:17:00,,0.11990791923898446,0
2026-07-09 14:02:00,,0.15526614718339485,0
2026-07-13 14:39:00,,0.1177198239363558,0
2026-07-20 14:56:00,,0.23429072035219012,0
2026-07-21 11:04:00,,0.33405528961926556,0
2026-07-31 09:57:00,,0.2213755108723612,0
2026-08-04 11:20:00,,0.08332006169679267,0
2026-08-05 14:06:00,,0.14445775572843267,0
2026-09-02 10:52:00,,0.001051837932796952,0
2026-09-04 13:16:00,,0.09541402123824681,0
2026-05-25 10:55:00,,0.2598260921748035,0
2026-05-29 13:31:00,,0.3268162816362304,1
2026-06-03 10:33:00,,0.3017873662203741,0
2026-07-16 10:26:00,,0.23709238139557734,0
2026-08-14 13:22:00,,0.19901333856751446,1
2026-06-08 09:52:00,,0.26050066637339536,0
2026-06-25 14:19:00,,0.050179799348586865,0
2026-06-30 14:38:00,,0.06611739148256322,1
2026-07-03 14:30:00,,0.061455538384731244,1
2026-07-29 10:08:00,,0.28142608066714103,0
2026-06-08 10:58:00,,0.3181734412525,0
2026-06-16 13:56:00,,0.269793882257914,0
2026-07-02 10:46:00,,0.4048040908674998,0
2026-07-09 11:11:00,,0.32494325231859567,0
2026-07-30 10:34:00,,0.49436298787690935,1
2026-06-16 11:08:00,,0.10951818467118384,0
2026-07-21 10:35:00,,0.38006938024119136,0
2026-07-22 14:34:00,,0.2560800629900881,0
2026-08-12 10:48:00,,0.19546773015490518,0
2026-08-13 13:58:00,,0.2811710477610803,0
2026-08-14 13:02:00,,0.20326042138390987,0
2026-08-25 11:21:00,,0.08747109469995991,0
2026-06-17 10:43:00,,0.2097089464667348,0
2026-06-23 10:48:00,,0.21788336647118683,0
2026-06-24 14:36:00,,0.058650792143047865,0
2026-07-09 09:56:00,,0.20220934422087034,0
2026-08-11 09:30:00,,0.2380033027682895,0
2026-08-17 14:27:00,,0.03659424331152476,0
2026-05-28 10:01:00,,0.1463686313576921,0
2026-06-04 14:38:00,,0.04543422802230131,0
2026-06-09 11:24:00,,0.04589879313756476,0
2026-06-22 09:32:00,,0.37393508288300403,0
2026-07-21 13:55:00,,0.04464162008814656,0
2026-09-04 11:29:00,,0.08173022217065432,0
2026-06-03 13:16:00,,0.21390789060363744,0
2026-06-23 11:12:00,,0.24688966820402578,0
2026-07-21 13:15:00,,0.18221433635555445,0
2026-08-26 11:22:00,,0.1483907605398325,0
2026-08-31 11:27:00,,0.21212023626706192,0
2026-05-28 13:05:00,,0.20061042029212062,0
2026-06-25 13:12:00,,0.15140912002789372,1
2026-05-28 09:41:00,,0.3253911723302385,0
2026-06-05 14:12:00,,0.2801952872651674,0
2026-07-01 10:27:00,,0.18776584475041555,0
2026-07-28 13:16:00,,0.04791025543681772,0
2026-08-28 10:43:00,,0.0556078165932096,0
2026-09-02 13:37:00,,0.03450056970313947,0
2026-05-22 14:08:00,,0.0647504474724755,0
2026-05-28 11:01:00,,0.07943265355704024,0
2026-06-16 11:18:00,,0.04363990112569582,0
2026-07-09 13:08:00,,0.0796590604336305,0
2026-07-16 10:41:00,,0.1639825212897257,0
2026-07-20 09:48:00,,0.2185379169884814,0
2026-07-28 10:27:00,,0.07041049210432669,0
2026-08-11 13:04:00,,0.10267979782633764,0
2026-08-24 13:58:00,,0.04558447249849458,0
2026-05-22 10:10:00,,0.05381083517600583,0
2026-06-04 14:35:00,,0.011301163972522168,0
2026-06-10 09:53:00,,0.10115575466386388,0
2026-07-10 11:00:00,,0.058187994923668204,0
2026-08-24 11:17:00,,0.016503413592722428,0
2026-06-01 13:32:00,,0.058255814970226576,0
2026-06-15 10:27:00,,0.3353991219983521,0
2026-07-03 09:48:00,,0.3020649850084832,1
2026-07-16 11:04:00,,0.2537385294955593,1
2026-07-17 10:54:00,,0.12153549562497043,0
2026-07-28 13:35:00,,0.07131517623344769,1
2026-08-05 13:15:00,,0.11843694354600358,0
2026-08-12 13:11:00,,0.05173452604767137,0
2026-09-02 11:22:00,,0.14093064045109618,0
2026-06-02 10:51:00,,0.03733775341075587,0
2026-06-03 14:06:00,,0.052055165943757996,0
2026-06-17 14:29:00,,0.09436231734441441,0
2026-07-16 11:29:00,,0.07455352661452057,0
2026-07-16 14:39:00,,0.11731526597655621,0
2026-08-12 10:38:00,,0.09481964207048241,0
2026-05-22 11:04:00,,0.21793928916667796,1
2026-05-27 09:46:00,,0.29171183537205936,0
2026-06-30 10:00:00,,0.21812217408713863,0
2026-07-06 14:52:00,,0.13495387382427032,0
2026-07-14 13:20:00,,0.060080848994909446,0
2026-07-27 10:57:00,,0.144513550227978,0
2026-07-29 09:43:00,,0.25598867297438027,0
2026-08-10 14:28:00,,0.08475606403321813,0
2026-08-14 10:11:00,,0.21640832917433867,1
2026-05-21 11:05:00,,0.1307437051829097,0
2026-05-27 09:48:00,,0.28818453719641696,1
2026-06-02 11:19:00,,0.3217474152385553,1
2026-06-17 10:19:00,,0.14812967163744153,0
2026-07-06 11:21:00,,0.15761935847996708,0
2026-07-10 11:03:00,,0.24898619664916818,1
2026-07-23 13:23:00,,0.058098375719094944,1
2026-07-28 10:29:00,,0.12281924693269483,0
2026-08-14 10:14:00,,0.2269935340951269,1
2026-08-27 11:20:00,,0.07145943053686633,0
2026-06-22 10:51:00,,0.14126774231108624,0
2026-07-22 10:41:00,,0.18932567155383617,0
2026-08-11 13:20:00,,0.04245486126832684,0
2026-08-19 11:10:00,,0.13694070201241687,0
2026-08-24 10:53:00,,0.06628834074912499,0
2026-05-25 13:22:00,,0.3120684951408671,0
2026-06-25 11:21:00,,0.11192118864793048,0
2026-07-08 13:09:00,,0.24252674491574272,0
2026-07-16 09:41:00,,0.2918957996815549,1
2026-08-24 09:56:00,,0.12555133804428126,0
2026-08-28 09:36:00,,0.2429601156253487,0
2026-05-22 14:35:00,,0.06021398302560312,0
2026-06-02 14:51:00,,0.12673198971961558,0
2026-06-23 09:31:00,,0.37540577881590376,0
2026-06-23 13:43:00,,0.11934693254229427,0
2026-07-10 10:21:00,,0.3277790063280497,0
2026-07-17 14:38:00,,0.12261206645640818,0
2026-07-23 13:46:00,,0.12920819223168875,0
2026-07-27 14:43:00,,0.13329943521183868,0
2026-08-13 11:12:00,,0.12745525142629013,0
2026-08-13 14:55:00,,0.18758574278583548,0
2026-08-20 10:32:00,,0.17297301394772538,0
2026-08-25 10:02:00,,0.2718425695074444,0
2026-08-25 10:14:00,,0.273870952322527,1
2026-05-22 09:49:00,,0.29032852590242814,0
2026-06-18 11:21:00,,0.054493277305279,1
2026-07-03 10:35:00,,0.5690461730618991,0
2026-07-03 10:47:00,,0.4407278842338295,0
2026-07-17 11:25:00,,0.2879372536919013,0
2026-08-11 10:21:00,,0.10471523970333431,0
2026-08-31 10:18:00,,0.3785400567147412,0
2026-09-01 09:46:00,,0.30577347436167374,0
2026-06-08 14:11:00,,0.11482909659662016,1
2026-06-29 13:02:00,,0.10377053938872875,0
2026-07-01 11:02:00,,0.13800524781115875,0
2026-07-10 13:35:00,,0.0919063533110473,0
2026-08-14 10:52:00,,0.06666917735462193,0
2026-09-01 14:01:00,,0.049864977507182114,0
2026-06-10 09:37:00,,0.4522648604560221,1
2026-07-03 10:01:00,,0.2979081324291827,0
2026-08-31 11:11:00,,0.23680477365288927,0
2026-05-26 10:13:00,,0.2737706560508188,0
2026-06-05 13:33:00,,0.17696081463892777,0
2026-06-09 10:54:00,,0.15101430835559787,0
2026-06-12 14:08:00,,0.1338778733740617,0
2026-06-26 11:17:00,,0.24029264850462134,0
2026-06-30 10:18:00,,0.21780583563945125,0
2026-07-13 10:35:00,,0.28079600512592257,0
2026-07-15 10:36:00,,0.2481777890169305,0
2026-07-21 14:07:00,,0.10022441674794731,0
2026-08-12 09:48:00,,0.30498927261850883,0
2026-05-21 09:31:00,,0.34162037732851996,0
2026-07-01 09:53:00,,0.2760063125995543,1
2026-08-05 10:54:00,,0.09383107313862388,0
2026-08-18 14:08:00,,0.20182610436674195,0
2026-08-28 14:22:00,,0.0841030306734318,0
2026-09-04 13:11:00,,0.15338898309507643,0
2026-05-25 09:41:00,,0.2771131759514963,0
2026-05-25 09:57:00,,0.23941369368066454,0
2026-06-25 14:23:00,,0.1240922624519788,0
2026-06-26 14:41:00,,0.1286707659126672,0
2026-07-03 14:24:00,,0.14751462512223143,0
2026-07-21 09:34:00,,0.3793407211087922,0
2026-07-24 14:07:00,,0.09677867541314221,0
2026-06-09 13:06:00,,0.13532856644083546,0
2026-07-01 10:48:00,,0.19330236290687194,0
2026-08-06 13:05:00,,0.16712489985882364,1
2026-08-07 09:33:00,,0.3112551156112387,0
2026-08-13 10:54:00,,0.06992599379074614,0
2026-08-17 14:11:00,,0.05993502840425421,0
2026-08-28 10:49:00,,0.07284790509601735,1
2026-06-01 10:29:00,,0.21687061281058725,0
2026-06-09 13:18:00,,0.06590486569749092,0
2026-06-23 13:53:00,,0.06731127547306115,0
2026-07-03 15:00:00,,0.31609026566608195,1
2026-07-10 13:01:00,,0.17572451526925417,0
2026-07-20 10:58:00,,0.2587124148401664,0
2026-07-27 09:32:00,,0.27810242506678,1
2026-08-06 10:00:00,,0.15724872248779503,0
2026-08-27 10:20:00,,0.18328445025313922,0
2026-09-02 10:06:00,,0.22895575946052513,0
2026-06-03 13:41:00,,0.21036020879823603,0
2026-06-05 11:04:00,,0.3161918051492457,0
2026-06-10 10:55:00,,0.3112896317865991,0
2026-06-10 13:37:00,,0.25770595842574956,1
2026-07-03 11:29:00,,0.2787163658620671,1
2026-07-03 13:18:00,,0.3514232881979932,0
2026-07-30 11:15:00,,0.24375668256620348,0
2026-07-30 13:07:00,,0.26335880396989,1
2026-08-28 11:19:00,,0.1633435102410598,0
2026-08-28 13:11:00,,0.18848471622233423,1
2026-06-09 14:43:00,,0.13454745908403265,1
2026-06-10 14:33:00,,0.3670461416163529,0
2026-07-08 09:49:00,,0.3152003248015399,1
2026-07-09 11:08:00,,0.5109431991370741,0
2026-07-24 14:12:00,,0.3840342394355743,0
2026-05-27 13:26:00,,0.18481687230926758,0
2026-06-08 14:18:00,,0.14037923530713808,1
2026-06-15 10:03:00,,0.211316705591974,1
2026-07-27 10:13:00,,0.1918809682192022,1
2026-07-28 10:23:00,,0.10471343740157045,0
2026-08-03 13:39:00,,0.04607364802128306,0
2026-08-05 10:57:00,,0.0685290551876577,0
2026-08-11 10:59:00,,0.05893656580235579,0
2026-08-14 10:22:00,,0.1984404695630175,0
2026-08-20 11:03:00,,0.15502718614066888,0
2026-08-25 11:10:00,,0.14301593967404988,0
2026-05-25 13:58:00,,0.20747681481620328,1
2026-06-02 09:38:00,,0.3837922840352234,0
2026-06-30 09:34:00,,0.42786400954809245,1
2026-07-09 13:39:00,,0.21824195984891226,1
2026-07-10 14:53:00,,0.17348840472395177,0
2026-08-07 09:33:00,,0.40729869876354674,0
2026-06-10 14:51:00,,0.08342131787659485,0
2026-06-12 14:12:00,,0.12702400161870753,0
2026-06-24 10:53:00,,0.16120680430862616,1
2026-06-25 10:43:00,,0.23386610702722682,0
2026-07-01 13:15:00,,0.1759032828793356,0
2026-07-20 13:51:00,,0.20793556443455619,0
2026-07-21 14:28:00,,0.10821324645274757,0
2026-08-10 13:08:00,,0.09433596683254843,0
2026-08-13 10:40:00,,0.16288095165233726,0
2026-08-26 14:13:00,,0.08156694191732625,0
2026-08-31 11:15:00,,0.1966040507132822,0
2026-09-02 13:28:00,,0.16730612317094512,0
2026-05-21 13:56:00,,0.19907550703814764,0
2026-05-26 10:31:00,,0.2658433536854916,0
2026-06-15 14:40:00,,0.09342324569503249,0
2026-06-25 13:10:00,,0.2844937589811363,1
2026-07-17 14:08:00,,0.25873438504272034,1
2026-08-17 09:35:00,,0.3194064278310083,1
2026-09-01 11:04:00,,0.1515097968834823,0
2026-09-04 14:26:00,,0.08199453188853918,0
2026-06-09 14:02:00,,0.20129834186868667,1
2026-06-10 09:35:00,,0.4116888880731654,0
2026-06-22 13:04:00,,0.2264685879776182,0
2026-07-13 14:25:00,,0.0025991499115634556,0
2026-07-15 10:48:00,,0.39726097545514527,0
2026-07-15 14:54:00,,0.20211849322424955,1
2026-08-11 13:23:00,,0.31957216047110865,0
2026-08-20 14:39:00,,0.4635594934953514,1
2026-08-26 11:25:00,,0.14642120769074685,0
2026-06-04 14:32:00,,0.21312460038847544,1
2026-06-22 14:42:00,,0.1067119087920551,0
2026-07-08 11:14:00,,0.1279699112266064,0
2026-07-13 10:19:00,,0.21520737233623075,0
2026-08-17 09:52:00,,0.19619774079610164,0
2026-09-02 13:22:00,,0.09654174940357936,0
2026-09-02 14:34:00,,0.04622291933916069,0
2026-05-29 10:20:00,,0.33356933585299253,0
2026-06-17 10:36:00,,0.21212372471347501,0
2026-06-30 13:23:00,,0.21877189198023259,0
2026-07-21 10:07:00,,0.34070004053776476,0
2026-08-05 13:50:00,,0.07872748691679782,0
2026-08-19 14:56:00,,0.4156769624371185,1
2026-05-22 10:54:00,,0.24876385597755918,1
2026-06-02 09:33:00,,0.22825684864926915,0
2026-06-16 14:47:00,,0.07014612377930524,1
2026-06-26 10:20:00,,0.2322503052350279,0
2026-07-15 14:33:00,,0.05063595266173836,1
2026-08-26 14:07:00,,0.0014005001888714743,0
2026-09-04 10:06:00,,0.3167136950080285,0
2026-05-28 13:43:00,,0.12818006033786722,0
2026-06-05 09:36:00,,0.3005147583080157,0
2026-06-05 14:17:00,,0.10948343194454754,0
2026-06-30 10:29:00,,0.16946563807885212,0
2026-07-15 11:28:00,,0.10528901840942455,0
2026-07-28 10:21:00,,0.1178723056777216,1
2026-08-10 10:03:00,,0.18058056774241954,1
2026-08-10 10:54:00,,0.08540470709854614,0
2026-08-24 13:52:00,,0.13787650112051905,0
2026-05-27 13:26:00,,0.24060287470605474,1
2026-06-23 14:52:00,,0.23034957818004895,0
2026-07-07 10:25:00,,0.278911644709255,0
2026-07-09 10:32:00,,0.3577443193557005,0
2026-08-11 14:47:00,,0.17867487500812104,0
2026-05-21 09:37:00,,0.2272237234345582,0
2026-05-25 13:51:00,,0.07032139193352833,0
2026-05-26 13:25:00,,0.16755075825967716,0
2026-06-12 14:08:00,,0.0010568288471625277,0
2026-06-23 13:13:00,,0.0009953480643732245,0
2026-07-06 13:36:00,,0.15101889610102734,0
2026-07-24 14:42:00,,0.05156131799092602,0
2026-08-25 14:49:00,,0.04422345957206087,0
2026-08-27 13:02:00,,0.05984031736032486,0
2026-08-28 09:59:00,,0.14184657978591836,0
2026-09-02 13:47:00,,0.06676316352966707,0
2026-09-03 10:46:00,,0.08883917829023352,0
2026-05-21 11:26:00,,0.2613645721556554,0
2026-06-23 14:05:00,,0.1022168240835461,0
2026-07-20 13:30:00,,0.47146747040424986,0
2026-08-14 11:01:00,,0.09553784547680011,0
2026-08-17 13:50:00,,0.20402311928600622,0
2026-08-21 10:17:00,,0.24598216411344984,0
2026-08-25 13:24:00,,0.14901369281618027,0
2026-09-01 10:16:00,,0.08996051542336712,0
2026-05-29 10:25:00,,0.1543985451085296,0
2026-06-23 14:12:00,,0.10782633784498329,0
2026-06-30 14:20:00,,0.17664896035922928,0
2026-06-01 13:05:00,,0.3103884151366883,0
2026-06-04 13:05:00,,0.34618680564214754,1
2026-06-08 13:54:00,,0.2403433153030736,0
2026-07-21 14:44:00,,0.019829893315191305,0
2026-07-23 10:56:00,,0.2486123227432862,0
2026-07-27 14:59:00,,0.35927885402350784,1
2026-07-29 11:05:00,,0.23680059898236008,0
2026-08-10 14:11:00,,0.15097457990408786,0
2026-08-19 14:32:00,,0.14831602830194754,0
2026-05-29 09:49:00,,0.24282978449334486,1
2026-06-10 13:21:00,,0.09713010599527458,0
2026-06-11 10:58:00,,0.13548631672052314,0
2026-06-17 10:43:00,,0.3796165402131268,0
2026-07-15 14:35:00,,0.04848094462268011,0
2026-08-12 14:58:00,,0.22166332714918452,0
2026-08-21 10:18:00,,0.14400653982706704,1
2026-05-26 11:05:00,,0.20561377531472333,0
2026-06-03 14:50:00,,0.10575295111721476,1
2026-06-23 13:49:00,,0.1023295916781099,0
2026-08-03 11:25:00,,0.09578308343981362,0
2026-08-17 11:29:00,,0.13568370543373948,1
2026-05-26 09:55:00,,0.21329068410401245,1
2026-05-28 13:22:00,,0.17700734018092737,1
2026-06-02 09:39:00,,0.32442667426277555,0
2026-06-04 10:57:00,,0.08181411162094945,0
2026-07-07 13:38:00,,0.139330480637234,0
2026-08-12 10:37:00,,0.1093966556413092,0
2026-09-03 10:45:00,,0.0681684996666213,0
2026-06-03 11:05:00,,0.25941291241032327,0
2026-06-05 14:41:00,,0.11402656851781859,1
2026-07-06 10:13:00,,0.34744421304271433,0
2026-07-20 13:39:00,,0.4626620520103724,0
2026-08-17 10:55:00,,0.08221407483374901,0
2026-08-27 13:42:00,,0.07462352816952061,0
2026-06-10 13:54:00,,0.19740304180048665,1
2026-06-26 10:49:00,,0.20030671897534405,0
2026-07-02 13:37:00,,0.1687971435416699,0
2026-07-13 14:10:00,,0.17107679062320766,1
2026-08-19 11:17:00,,0.2200426156606716,0
2026-08-28 10:13:00,,0.27883891049389564,0
2026-06-11 10:43:00,,0.23260006870402458,0
2026-06-17 13:42:00,,0.16832055471086757,0
2026-07-15 11:05:00,,0.2463663450926676,0
2026-07-17 13:15:00,,0.3368067042830836,1
2026-07-24 13:47:00,,0.2779105734161842,0
2026-08-21 14:52:00,,0.22259917003494284,0
2026-08-25 14:34:00,,0.0542674967595148,0
2026-08-27 14:20:00,,0.08898551446958414,0
2026-08-28 09:56:00,,0.27080814095303507,0
2026-05-22 10:07:00,,0.23643686970003605,0
2026-05-28 15:00:00,,0.33696665057458486,0
2026-06-15 13:12:00,,0.32403671490378966,0
2026-06-18 09:43:00,,0.31524771715925337,1
2026-06-24 14:29:00,,0.07345269770267729,0
2026-07-03 11:19:00,,0.10822496493877194,1
2026-07-17 13:39:00,,0.31462721289589285,0
2026-07-22 14:05:00,,0.15094716067619027,0
2026-07-23 13:40:00,,0.13743325656463992,0
2026-08-20 11:19:00,,0.1447782390643178,0
2026-08-27 11:20:00,,0.12985474721329987,0
2026-05-27 10:20:00,,0.2764639883349501,0
2026-05-28 13:18:00,,0.1629609323421393,0
2026-05-29 14:15:00,,0.14200815483400764,0
2026-06-26 10:09:00,,0.31442313081854034,0
2026-07-07 10:38:00,,0.2159271976119645,0
2026-07-22 10:17:00,,0.2776772181701456,0
2026-07-30 10:10:00,,0.23000105600430742,0
2026-08-04 14:41:00,,0.11550217154970382,0
2026-08-26 11:17:00,,0.1983184125307032,0
2026-08-26 13:20:00,,0.12257309565397581,0
2026-05-27 10:01:00,,0.32764143329321316,0
2026-07-02 13:07:00,,0.319963487519071,1
2026-07-21 13:12:00,,0.2161625883670699,0
2026-08-19 11:25:00,,0.0440476007333778,0
2026-09-02 14:15:00,,0.0727485929878274,0
2026-06-05 14:08:00,,0.09374651568861951,0
2026-06-08 14:43:00,,0.3400026004796841,1
2026-06-10 11:30:00,,0.2252862524385599,0
2026-06-18 10:40:00,,0.10915784850662777,0
2026-07-08 14:55:00,,0.2154296945749826,0
2026-07-22 09:36:00,,0.28636064251542703,0
2026-08-18 14:11:00,,0.08540018808776557,0
2026-08-19 11:22:00,,0.17212436185550137,0
2026-05-27 09:41:00,,0.48054400514191187,1
2026-05-29 09:59:00,,0.282131192993491,0
2026-06-18 13:01:00,,0.12241442717649964,0
2026-06-25 10:23:00,,0.2672867007079047,0
2026-06-29 10:38:00,,0.43011698555555034,1
2026-07-17 10:42:00,,0.27261645637838644,0
2026-07-30 13:24:00,,0.16115259690473777,0
2026-08-10 10:02:00,,0.2887112991776617,1
2026-08-26 10:57:00,,0.20165949676272857,0
2026-08-28 13:50:00,,0.11558063654662877,0
2026-09-02 14:39:00,,0.11312047816588953,0
2026-06-05 14:19:00,,0.026877593701188175,0
2026-06-15 14:19:00,,0.0010148658068799435,0
2026-07-06 14:19:00,,0.21289481548368053,0
2026-06-01 14:19:00,,0.1553881151638309,1
2026-06-11 10:36:00,,0.04197294383653395,0
2026-06-18 09:42:00,,0.42287475979924655,1
2026-07-17 13:50:00,,0.2866662722416425,0
2026-07-21 13:20:00,,0.31656749294307296,0
2026-07-24 11:07:00,,0.14671404104813474,0
2026-07-31 10:01:00,,0.2506667859195117,0
2026-08-03 09:51:00,,0.32678727915770933,0
2026-08-17 10:09:00,,0.14726839674789124,0
2026-08-19 10:02:00,,0.2512984523442299,0
2026-06-18 09:43:00,,0.35315748361954447,0
2026-07-22 10:56:00,,0.0017891771225433488,0
2026-08-10 14:09:00,,0.0012234927333735369,0
2026-08-13 10:46:00,,0.36674183916114184,1
2026-08-21 09:53:00,,0.341251417829911,0
2026-06-03 10:42:00,,0.27002156976657754,0
2026-06-30 11:02:00,,0.13655207339152328,0
2026-07-07 09:47:00,,0.3346226585366318,1
2026-07-10 11:18:00,,0.17009895944728376,0
2026-07-17 13:38:00,,0.4049548089168937,0
2026-08-27 11:23:00,,0.15578475567537814,1
2026-06-03 11:23:00,,0.2863291525407052,1
2026-06-16 09:39:00,,0.37512546233266403,1
2026-07-10 09:57:00,,0.46047635464494063,0
2026-07-24 13:19:00,,0.2477785417075801,0
2026-07-27 13:20:00,,0.0015539323752074975,0
2026-08-20 09:57:00,,0.3250965836720962,1
2026-08-20 14:05:00,,0.16140363410115527,1
2026-09-02 10:16:00,,0.29510442713066476,0
2026-06-30 10:32:00,,0.23573052954286022,0
2026-07-01 11:29:00,,0.001460919535143616,0
2026-07-03 11:04:00,,0.1805350949259299,0
2026-07-09 13:30:00,,0.1902401499400572,1
2026-07-15 13:28:00,,0.2448401893418659,0
2026-06-02 10:12:00,,0.27910535471606324,0
2026-06-11 10:56:00,,0.1934402950963843,0
2026-06-15 13:05:00,,0.10899793501172002,0
2026-07-07 14:32:00,,0.10816506848349554,1
2026-07-09 14:17:00,,0.1763438165036412,0
2026-07-10 09:59:00,,0.23831575099982896,1
2026-07-14 14:12:00,,0.15935887640879418,0
2026-08-10 10:53:00,,0.31250967559594317,1
2026-06-23 13:48:00,,0.15590685568869697,0
2026-06-25 10:44:00,,0.31083010850881904,0
2026-07-03 09:42:00,,0.30936042137926445,1
2026-07-13 09:40:00,,0.41610323475842087,0
2026-08-14 14:43:00,,0.061187477515528214,0
2026-09-04 14:12:00,,0.09878465058914297,0
2026-05-22 14:01:00,,0.23946006707570758,1
2026-06-25 10:08:00,,0.3909427505583725,1
2026-06-25 11:12:00,,0.25662932641941794,0
2026-06-29 10:33:00,,0.34351623496434364,0
2026-07-07 13:53:00,,0.1517739387459185,1
2026-07-08 10:28:00,,0.182863683451804,0
2026-08-07 09:57:00,,0.32627556649615197,1
2026-08-18 11:13:00,,0.0853139786218014,0
2026-08-31 14:37:00,,0.23162861800217102,0
2026-05-28 14:05:00,,0.24367655036997304,0
2026-06-15 14:24:00,,0.03619296438883702,0
2026-07-08 10:05:00,,0.33048316670502303,1
2026-07-08 11:19:00,,0.18628979973220686,0
2026-07-17 09:44:00,,0.36940205957222894,0
2026-08-03 10:41:00,,0.08777225964916063,1
2026-08-12 13:09:00,,0.04213563653884467,0
2026-08-31 13:53:00,,0.24442426304466,0
2026-06-12 09:30:00,,0.32143853054215366,0
2026-06-24 14:37:00,,0.1550665218296456,0
2026-07-07 14:09:00,,0.170964145527173,0
2026-07-13 14:40:00,,0.22815076787271268,0
2026-07-15 13:31:00,,0.31975386481638746,0
2026-08-14 14:45:00,,0.19424748397234246,0
2026-08-17 10:18:00,,0.3483505479985464,0
2026-09-01 13:26:00,,0.17157207782967515,0
2026-06-18 14:00:00,,0.2887573206913664,1
2026-06-25 14:51:00,,0.15421913943493493,0
2026-07-21 09:45:00,,0.43209332482538726,0
2026-07-23 13:15:00,,0.18509146441469151,0
2026-07-30 13:42:00,,0.23992281245936403,1
2026-08-04 11:15:00,,0.11727596396249473,0
2026-08-27 10:18:00,,0.17175569860831633,0
2026-05-27 10:10:00,,0.13089291167943976,0
2026-06-01 11:26:00,,0.10001589686873892,1
2026-06-05 09:38:00,,0.30381391798209595,0
2026-07-20 13:41:00,,0.22664765313851246,0
2026-08-13 10:04:00,,0.26565250426031156,0
2026-06-01 14:58:00,,0.6208159626524603,0
2026-06-09 14:01:00,,0.18959389999413073,1
2026-06-09 14:03:00,,0.22233063776793183,1
2026-08-13 11:21:00,,0.17016221057879113,0
2026-08-20 14:01:00,,0.22073631706096464,0
2026-05-22 14:41:00,,0.1610036516443596,0
2026-05-25 09:37:00,,0.30887508171444356,0
2026-05-25 14:14:00,,0.17206459290561227,0
2026-05-25 14:27:00,,0.12126245008296656,0
2026-06-25 14:40:00,,0.14174822887325153,0
2026-07-07 10:52:00,,0.23868963712260668,1
2026-07-09 14:44:00,,0.10486702679370398,1
2026-07-10 10:35:00,,0.32979949574504985,1
2026-08-05 09:56:00,,0.16140699423202676,0
2026-08-28 11:30:00,,0.20574508284155119,0
2026-05-27 10:38:00,,0.2009503365384849,0
2026-06-11 11:29:00,,0.1908520607179931,1
2026-06-18 10:08:00,,0.17375787309726637,1
2026-07-15 13:27:00,,0.19414663592121859,0
2026-07-17 13:51:00,,0.14643525036823724,0
2026-08-10 10:14:00,,0.17428994919151672,0
2026-08-31 10:44:00,,0.17219858009322156,0
2026-06-17 09:42:00,,0.3518384746526794,0
2026-06-23 13:40:00,,0.434333401970682,1
2026-06-26 11:01:00,,0.22749115914872423,0
2026-07-16 14:47:00,,0.10534177302458869,0
2026-07-20 14:11:00,,0.37003138677507535,1
2026-08-03 13:44:00,,0.12225393206532145,1
2026-08-12 14:05:00,,0.20202336384271083,0
2026-07-07 10:49:00,,0.22098523843671689,1
2026-08-18 13:15:00,,0.2287133789903884,1
2026-09-02 13:07:00,,0.07060758839565477,1
2026-07-21 14:07:00,,0.1488537354195102,0
2026-06-01 13:06:00,,0.1977277427717544,0
2026-06-05 10:54:00,,0.20164961188156139,0
2026-07-03 13:49:00,,0.10326845456213803,1
2026-07-16 10:43:00,,0.19956985337224695,1
2026-07-23 09:32:00,,0.32728126619734293,0
2026-08-13 11:08:00,,0.14910419561736088,0
2026-08-18 10:22:00,,0.2116750520145944,0
2026-08-27 11:21:00,,0.09006470773731826,0
2026-06-26 10:19:00,,0.19772599501610466,1
2026-07-16 09:39:00,,0.44140084101454996,0
2026-07-22 13:53:00,,0.2031673351657947,0
2026-08-13 14:01:00,,0.038093431028945926,0
2026-06-25 14:41:00,,0.12190885271667808,0
2026-07-16 09:42:00,,0.28236942515788555,1
2026-07-17 13:37:00,,0.45320663833872443,0
2026-07-27 09:43:00,,0.35074958222448427,1
2026-08-05 09:54:00,,0.2462899596315911,0
2026-08-11 14:50:00,,0.061172081613000785,0
2026-08-14 14:16:00,,0.05253258400489929,0
2026-08-26 10:04:00,,0.21301500272614776,0
2026-05-26 14:42:00,,0.22763652474507282,0
2026-06-03 11:01:00,,0.14643805364640303,1
2026-06-04 09:47:00,,0.355276194020684,0
2026-06-12 14:49:00,,0.11800130456544143,0
2026-06-30 14:24:00,,0.21882697949203714,1
2026-07-15 11:16:00,,0.18696308866187136,1
2026-09-03 13:05:00,,0.09640336590041987,0
2026-06-01 14:28:00,,0.1457427717038211,0
2026-07-21 10:08:00,,0.44644491763907057,1
2026-08-19 14:20:00,,0.16109212786968344,0
2026-08-21 14:59:00,,0.2868039645047294,0
2026-08-24 10:14:00,,0.22798501070987598,0
2026-07-28 10:17:00,,0.24366229001634937,0
2026-08-05 13:08:00,,0.26510029857967216,1
2026-08-07 14:17:00,,0.36939415022073635,0
2026-08-11 13:09:00,,0.21165991953910335,0
2026-08-21 14:32:00,,0.16475465179870405,0
2026-08-27 13:56:00,,0.08537399640157217,0
2026-06-01 14:31:00,,0.20741759791527795,0
2026-06-12 14:02:00,,0.18500097819185257,0
2026-06-18 11:11:00,,0.19531289606224161,0
2026-07-09 14:23:00,,0.19592455958660587,0
2026-08-14 09:53:00,,0.3107871382011566,1
2026-06-16 14:17:00,,0.10656761372054542,0
2026-07-13 14:36:00,,0.09241595984117128,0
2026-07-17 10:02:00,,0.24484341630536416,0
2026-07-17 10:40:00,,0.13271191052706263,0
2026-06-15 11:18:00,,0.06642807685651894,0
2026-06-18 14:26:00,,0.05874000191066626,0
2026-06-29 13:12:00,,0.07092591856951967,0
2026-07-13 14:41:00,,0.0603595047916764,0
2026-07-16 10:39:00,,0.14723465946795236,0
2026-07-22 13:40:00,,0.1650843010928014,0
2026-08-25 10:33:00,,0.08990804542245383,0
2026-06-18 10:38:00,,0.20552380313079102,0
2026-07-06 14:24:00,,0.06015614170166309,0
2026-07-21 14:16:00,,0.10044703707930379,0
2026-07-23 09:42:00,,0.25614954302565685,0
2026-07-27 14:00:00,,0.07594196546584284,0
2026-07-29 13:50:00,,0.09132740689257694,0
2026-08-04 11:15:00,,0.0714230926682153,0
2026-05-28 14:58:00,,0.2736167536637061,0
2026-06-08 13:39:00,,0.1118483843928064,1
2026-06-10 14:43:00,,0.13118232757943674,0
2026-07-01 14:03:00,,0.11953651570832946,1
2026-07-02 14:59:00,,0.3486112158533269,0
2026-07-13 10:42:00,,0.14600781453465544,0
2026-08-04 13:12:00,,0.38331279618489217,0
2026-08-21 14:18:00,,0.08880300676630598,1
2026-08-31 11:02:00,,0.14441351044256662,0
2026-05-25 10:10:00,,0.10610054334818535,0
2026-06-25 14:10:00,,0.18050120842025508,0
2026-06-29 10:37:00,,0.24084717155273447,0
2026-07-15 10:37:00,,0.0585170106709562,0
2026-08-04 13:12:00,,0.02467044895615166,0
2026-08-19 13:53:00,,0.021595194528073222,0
2026-08-20 13:09:00,,0.028428065761241517,0
2026-08-27 10:28:00,,0.08800581354435974,0
2026-09-03 14:39:00,,0.023441562652889422,0
2026-05-21 10:18:00,,0.07905702188492014,0
2026-06-05 09:45:00,,0.21767059074743814,0
2026-06-09 10:40:00,,0.038553131338742656,0
2026-06-18 13:02:00,,0.10355959727738698,0
2026-06-30 11:08:00,,0.08349973620293884,0
2026-07-17 13:53:00,,0.24733759800231678,1
2026-08-04 14:27:00,,0.047983928103308274,0
2026-08-21 14:15:00,,0.09423340983346258,0
2026-05-26 14:12:00,,0.06355553658892646,0
2026-06-09 11:12:00,,0.07401245955843404,0
2026-07-09 13:02:00,,0.1736281674198847,0
2026-07-15 14:44:00,,0.17293926237186205,0
2026-07-24 13:20:00,,0.1383247243066274,0
2026-08-04 14:11:00,,0.028446931977003313,0
2026-08-05 13:07:00,,0.07701031292262231,0
2026-08-19 10:46:00,,0.15994753969085754,0
2026-09-04 14:50:00,,0.059664584221026884,0
2026-05-27 10:57:00,,0.019376111133547355,0
2026-05-28 14:36:00,,0.03964847790279502,0
2026-05-29 14:30:00,,0.0726478472581862,0
2026-06-01 14:08:00,,0.19087301763357628,0
2026-06-23 14:44:00,,0.07401459478063943,0
2026-07-13 10:39:00,,0.083357336935329,0
2026-07-21 10:10:00,,0.16030476260681084,0
2026-07-22 10:53:00,,0.1326272881204078,0
2026-07-23 14:43:00,,0.1121002652790502,0
2026-08-05 11:27:00,,0.05446609576216676,0
2026-08-14 10:44:00,,0.03172826300519459,0
2026-06-10 10:03:00,,0.28843471721045694,0
2026-07-15 09:54:00,,0.24698452345886765,1
2026-07-24 14:14:00,,0.07739558144463941,0
2026-07-31 14:00:00,,0.04833973331556459,0
2026-07-31 14:38:00,,0.04273894394200882,0
2026-06-26 10:41:00,,0.27856034946888836,0
2026-07-29 13:04:00,,0.1912575038294809,1
2026-08-21 13:27:00,,0.2034735130061336,0
2026-09-02 10:48:00,,0.0808802790638816,0
2026-05-21 10:16:00,,0.2279626585525952,0
2026-05-21 10:21:00,,0.15226236986783145,0
2026-05-25 14:06:00,,0.0009837254740450061,0
2026-05-29 09:31:00,,0.39532575468337294,0
2026-06-09 10:42:00,,0.0009305059006177838,0
2026-06-16 09:32:00,,0.401059410734833,1
2026-07-20 13:22:00,,0.11386002201617211,0
2026-08-05 11:09:00,,0.06460315049703125,0
2026-05-26 10:52:00,,0.17959625095621354,1
2026-06-11 13:02:00,,0.3169256894104812,0
2026-07-01 14:36:00,,0.001385018138308079,0
2026-07-01 14:40:00,,0.0014136506070013973,0
2026-07-07 13:51:00,,0.1393046400828103,0
2026-07-20 13:50:00,,0.25328869515299274,0
2026-07-28 09:48:00,,0.317736658010366,1
2026-08-03 11:21:00,,0.08255328315637679,0
2026-08-04 09:58:00,,0.19837636971939823,0
2026-08-28 11:23:00,,0.04753287601188836,0
2026-06-01 09:38:00,,0.2942310770759648,1
2026-06-26 10:32:00,,0.302388046661671,0
2026-07-16 11:05:00,,0.11004904977137617,1
2026-07-16 14:05:00,,0.09820179269169375,0
2026-07-21 10:06:00,,0.31948858691621435,0
2026-08-06 13:24:00,,0.0866745421329697,0
2026-08-20 10:05:00,,0.2571435887955769,0
2026-08-24 10:38:00,,0.17707866320161808,0
2026-08-24 10:42:00,,0.19102757594301809,0
2026-08-26 09:57:00,,0.1622145465798024,0
2026-07-15 09:52:00,,0.22282006383829303,1
2026-07-23 11:09:00,,0.15332653069005014,1
2026-07-24 13:07:00,,0.12306627964075004,1
2026-08-03 13:46:00,,0.0871157368854848,0
2026-06-17 10:00:00,,0.4203917123300534,0
2026-06-22 09:52:00,,0.3418467365463172,1
2026-06-29 14:06:00,,0.28290431553242096,0
2026-06-30 14:56:00,,0.32070837868418883,0
2026-07-01 14:17:00,,0.2017220726093321,0
2026-07-16 09:43:00,,0.3679593125046633,1
2026-07-17 10:23:00,,0.39064521202089286,0
2026-08-20 11:25:00,,0.30186532569100016,1
2026-05-26 10:05:00,,0.26181580251304276,1
2026-05-29 14:55:00,,0.1573420043723018,0
2026-06-25 09:47:00,,0.30698384182277105,0
2026-07-02 09:51:00,,0.22341054547953487,0
2026-07-08 13:48:00,,0.153561295574422,0
2026-07-16 14:58:00,,0.308476454893769,1
2026-07-21 13:55:00,,0.1677127973846345,0
2026-07-27 10:07:00,,0.2865267088966826,0
2026-07-28 11:07:00,,0.1365172252278041,0
2026-07-31 14:14:00,,0.06570937173078083,0
2026-05-21 10:11:00,,0.29422053720192304,0
2026-06-09 11:03:00,,0.23042584581896253,0
2026-07-09 14:33:00,,0.3384509014340072,0
2026-07-22 14:28:00,,0.21404506105750487,1
2026-08-12 14:59:00,,0.3242139273587012,1
2026-08-19 11:13:00,,0.19663391809535186,0
2026-08-28 10:50:00,,0.17802219616774478,0
2026-05-27 14:15:00,,0.28666481657658754,1
2026-07-22 13:31:00,,0.4318231499048424,1
2026-07-24 14:14:00,,0.27721255063696404,1
2026-08-20 11:26:00,,0.20990835054600504,1
2026-06-02 14:39:00,,0.42382200728600256,1
2026-07-17 14:17:00,,0.3500696218670448,0
2026-08-24 10:50:00,,0.0027279012621673738,0
2026-09-02 11:19:00,,0.46645166659015314,1
2026-06-09 10:14:00,,0.1503571933888788,0
2026-06-29 14:56:00,,0.3218031625384839,0
2026-07-02 11:05:00,,0.10553574647971027,0
2026-07-06 09:54:00,,0.18846597764895126,1
2026-08-06 09:49:00,,0.07506379003091165,0
2026-08-10 10:10:00,,0.09801877344148012,0
2026-08-17 14:48:00,,0.13287576035455625,0
2026-08-31 09:31:00,,0.3072239602291137,0
2026-09-01 14:28:00,,0.03265160271388368,0
2026-05-22 10:05:00,,0.2620101540923914,0
2026-06-11 09:59:00,,0.27606432483927396,0
2026-07-08 10:43:00,,0.09645019583062224,0
2026-07-14 13:49:00,,0.12606589979824315,0
2026-07-16 14:21:00,,0.1402324430987839,0
2026-07-17 13:26:00,,0.46589914092366097,1
2026-08-25 14:03:00,,0.09061158568919477,0
2026-08-31 10:26:00,,0.1128907844406493,0
2026-06-22 10:30:00,,0.1304393352278093,0
2026-06-22 13:25:00,,0.06416637341530686,0
2026-07-03 14:06:00,,0.047286366224067074,0
2026-07-23 14:36:00,,0.016864476489260413,0
2026-07-29 11:20:00,,0.06841983905012206,0
2026-09-03 14:39:00,,0.04951993408376567,0
2026-05-22 10:28:00,,0.14833434758683728,0
2026-06-03 14:24:00,,0.02523876532416454,0
2026-07-16 09:37:00,,0.3079667726119171,0
2026-07-22 09:32:00,,0.337604740721703,1
2026-07-24 10:11:00,,0.12033811062264052,0
2026-09-04 14:15:00,,0.028922857635806834,0
2026-05-27 14:31:00,,0.14843825880861367,0
2026-06-01 09:50:00,,0.28091931234785655,0
2026-06-03 13:30:00,,0.12158735126789685,0
2026-06-15 13:11:00,,0.08003181288038759,0
2026-06-22 14:39:00,,0.13687460402234994,1
2026-07-03 14:16:00,,0.0929200265715077,0
2026-07-06 13:39:00,,0.15829606878971994,0
2026-06-30 10:58:00,,0.33081970210132466,0
2026-07-08 10:31:00,,0.3292183859821509,1
2026-07-22 13:48:00,,0.22013522441818992,0
2026-08-07 09:41:00,,0.29989555800714535,0
2026-08-31 14:09:00,,0.17225382403830516,0
2026-06-17 09:31:00,,0.39422814832377046,1
2026-07-01 10:55:00,,0.3662642770922094,1
2026-07-13 11:16:00,,0.009970120069525733,0
2026-07-15 13:30:00,,0.013874413866383904,0
2026-07-16 14:57:00,,0.34516947093221123,0
2026-08-24 13:50:00,,0.1484574572915437,0
2026-08-27 10:27:00,,0.12580641983670443,0
2026-09-04 10:17:00,,0.18900007737636004,0
2026-06-01 13:55:00,,0.23753843059077326,0
2026-06-09 14:13:00,,0.32081718606483267,1
2026-07-10 11:24:00,,0.2277199614287118,0
2026-08-04 10:03:00,,0.3722519047529552,1
2026-08-13 13:41:00,,0.1692281219648389,0
2026-08-28 14:29:00,,0.2089380481415326,0
2026-06-12 10:52:00,,0.08322543666831991,1
2026-06-15 11:15:00,,0.03905131025501981,0
2026-07-02 11:03:00,,0.07010535601515933,0
2026-07-10 14:37:00,,0.03825099688573375,0
2026-07-14 14:04:00,,0.0710327154052755,0
2026-07-17 14:45:00,,0.10558428995607184,0
2026-08-13 13:08:00,,0.028295310292691552,0
2026-05-25 10:14:00,,0.26671704932700097,0
2026-06-30 09:52:00,,0.30159642814247334,0
2026-07-07 10:11:00,,0.29291040684417846,0
2026-07-07 14:59:00,,0.4108219984982796,0
2026-07-16 14:20:00,,0.12524143679307076,0
2026-08-21 11:18:00,,0.18151934524396618,0
2026-08-28 09:43:00,,0.351235563279342,1
2026-07-01 11:06:00,,0.12126181839825322,1
2026-07-17 10:29:00,,0.22446328812866534,0
2026-07-27 09:53:00,,0.3115045070665283,1
2026-08-20 14:24:00,,0.10209913642858343,0
2026-08-26 09:47:00,,0.2781258801939109,0
2026-09-01 13:57:00,,0.10041080547054589,1
2026-09-02 10:34:00,,0.15625704492502876,1
2026-05-29 11:04:00,,0.07001689151388898,0
2026-06-05 13:32:00,,0.100897704045439,0
2026-06-10 10:05:00,,0.20569422047865746,0
2026-06-17 09:50:00,,0.17876214510212687,0
2026-06-23 13:03:00,,0.0940620221910301,0
2026-07-07 11:25:00,,0.06864102122673113,0
2026-07-07 14:37:00,,0.04385023588664051,0
2026-08-04 11:07:00,,0.03779797995325658,0
2026-08-26 10:18:00,,0.06944892824954008,0
2026-09-01 14:03:00,,0.11176434672060788,0
2026-05-28 10:06:00,,0.2116820445972348,0
2026-06-10 10:11:00,,0.3407123901894109,1
2026-06-10 14:16:00,,0.3911659529958788,0
2026-07-13 13:09:00,,0.19428396844376425,0
2026-08-20 14:08:00,,0.3974507025826989,1
2026-06-04 09:46:00,,0.30602519752094076,0
2026-06-04 10:37:00,,0.18711558138328735,0
2026-07-03 10:42:00,,0.22417863950182013,1
2026-07-09 14:48:00,,0.1477037206192333,0
2026-07-22 10:47:00,,0.3416078354336357,1
2026-07-24 14:39:00,,0.11094396599019699,0
2026-08-03 14:46:00,,0.09935329674367968,0
2026-08-07 14:23:00,,0.1349384246901268,0
2026-08-17 11:01:00,,0.18294306477615738,0
2026-06-16 11:16:00,,0.17054626470212644,0
2026-07-13 11:03:00,,0.14374328775805104,0
2026-07-22 14:36:00,,0.05717126506430746,0
2026-06-16 14:14:00,,0.17923939877323602,0
2026-06-23 14:56:00,,0.2933186992387954,0
2026-07-13 14:24:00,,0.12286433293576586,0
2026-07-16 14:23:00,,0.16215965205276037,0
2026-07-30 10:42:00,,0.20661180954645447,0
2026-08-24 09:37:00,,0.4598387076896986,0
2026-06-02 11:16:00,,0.11347407775819754,0
2026-08-06 13:01:00,,0.17989521582452495,0
2026-06-15 13:34:00,,0.0008221137464557106,0
2026-07-07 14:39:00,,0.2337910184474069,0
2026-07-14 10:33:00,,0.26079519747623775,0
2026-08-20 10:29:00,,0.280455239407868,1
2026-08-24 13:55:00,,0.12195700232272791,0
2026-05-26 14:14:00,,0.1641635123663484,0
2026-05-28 13:50:00,,0.23407394619956748,0
2026-06-01 11:03:00,,0.21304919697615085,0
2026-06-04 11:02:00,,0.1760901175190629,0
2026-06-05 10:16:00,,0.22203580103093343,0
2026-06-25 13:27:00,,0.1825246272650947,0
2026-07-06 14:13:00,,0.12341603903431457,0
2026-08-07 13:30:00,,0.14027034337147415,0
2026-08-12 14:04:00,,0.143577514323972,0
2026-08-19 10:05:00,,0.28827931047163213,0
2026-06-11 13:34:00,,0.09033842437189012,0
2026-06-15 14:53:00,,0.06685777933370522,0
2026-06-24 14:45:00,,0.16641381878649153,0
2026-07-08 14:07:00,,0.1331349282231514,0
2026-07-15 10:36:00,,0.1572438034662226,0
2026-07-16 14:47:00,,0.5902653432669528,1
2026-08-04 13:50:00,,0.4432880376928124,1
2026-08-26 14:26:00,,0.11244899686106956,1
2026-06-16 10:47:00,,0.24353186446206473,0
2026-06-24 10:32:00,,0.25647025723847716,1
2026-07-01 10:49:00,,0.15488372690921276,0
2026-07-09 09:37:00,,0.3753775381145654,1
2026-08-07 14:48:00,,0.07545282114916618,0
2026-09-03 14:26:00,,0.13609393594657457,0
2026-06-11 13:58:00,,0.2666326229136501,0
2026-06-12 11:22:00,,0.250141813255651,0
2026-07-03 09:59:00,,0.3808805088194476,1
2026-07-07 13:51:00,,0.0009716116677091217,0
2026-05-22 09:47:00,,0.2259531112685816,0
2026-05-28 09:30:00,,0.3865279026330629,0
2026-06-29 10:29:00,,0.23142624534516665,0
2026-07-02 09:33:00,,0.3255845506300215,0
2026-07-13 14:41:00,,0.09243775276153292,0
2026-07-28 09:47:00,,0.22496876816602565,1
2026-08-19 09:38:00,,0.3742435831367361,0
2026-08-19 10:06:00,,0.2002400730363864,0
2026-05-21 09:30:00,,0.30605325801089817,0
2026-06-17 11:19:00,,0.17822449899808862,0
2026-07-09 14:18:00,,0.4842671185616341,1
2026-07-17 10:22:00,,0.406597691016896,0
2026-07-30 10:59:00,,0.40780092089205494,0
2026-08-06 11:08:00,,0.1434056647383897,0
2026-09-01 11:16:00,,0.1409629129919538,0
2026-09-02 11:03:00,,0.15974568152303492,0
2026-06-17 13:45:00,,0.07672099032093793,0
2026-06-23 11:18:00,,0.05750212473296192,0
2026-06-29 10:17:00,,0.1459751904265399,0
2026-06-30 11:10:00,,0.1406922677450285,0
2026-07-06 13:33:00,,0.057929851248394476,0
2026-07-14 14:20:00,,0.07727235466752584,0
2026-07-16 11:20:00,,0.12330540019913008,0
2026-07-16 14:59:00,,0.2561687656484233,0
2026-07-22 14:05:00,,0.03169827012303803,0
2026-09-01 13:13:00,,0.041690684207227977,0
2026-09-03 14:00:00,,0.048254784985786774,0
2026-05-25 09:32:00,,0.3953350799758032,0
2026-06-05 10:22:00,,0.22989332964845058,0
2026-07-01 13:51:00,,0.23342811289304358,0
2026-07-14 09:33:00,,0.39228740640956283,0
2026-08-06 10:06:00,,0.23665171200250443,0
2026-08-12 11:01:00,,0.1671184120819512,0
2026-08-24 09:36:00,,0.22903921226268018,0
2026-08-24 10:59:00,,0.18695103012053588,0
2026-08-26 14:40:00,,0.07102786211692715,0
2026-05-26 10:56:00,,0.19688494274561866,0
2026-07-02 10:35:00,,0.004334162966812636,0
2026-07-03 13:09:00,,0.3026567233976323,1
2026-07-17 10:46:00,,0.19025386079685774,0
2026-07-21 13:55:00,,0.10738029735699514,0
2026-07-31 10:14:00,,0.3001997114351764,0
2026-08-05 14:39:00,,0.21134651068998175,0
2026-08-12 09:57:00,,0.20063201662518387,0
2026-08-27 14:05:00,,0.04465949456903955,0
2026-06-02 10:37:00,,0.17093922680877544,1
2026-06-10 13:56:00,,0.15139444235721203,1
2026-06-11 13:38:00,,0.1708455941316662,0
2026-06-16 13:05:00,,0.1608213809421606,0
2026-06-23 14:07:00,,0.10309933356723568,0
2026-07-06 09:59:00,,0.3321727064478537,1
2026-07-16 10:02:00,,0.2864983857757788,0
2026-07-24 14:58:00,,0.22197542019523975,0
2026-07-30 13:44:00,,0.1923310906847547,1
2026-09-02 13:52:00,,0.06572807656214749,0
2026-05-29 10:15:00,,0.19148585024823006,0
2026-06-08 10:46:00,,0.16703739238573465,0
2026-07-28 11:23:00,,0.0739619465403259,0
2026-07-31 13:51:00,,0.08009817868983675,0
2026-08-12 10:12:00,,0.1863859611734902,0
2026-06-08 10:42:00,,0.188024688319432,0
2026-06-12 14:44:00,,0.1073104507983418,0
2026-06-17 10:56:00,,0.08693020850229635,0
2026-07-02 09:40:00,,0.26712421035124456,1
2026-07-14 14:18:00,,0.07442494839528664,0
2026-07-31 09:30:00,,0.25753865796811976,0
2026-08-04 14:13:00,,0.045622271520627256,0
2026-07-08 09:42:00,,0.27761777459047293,1
2026-07-20 10:43:00,,0.15693644546669447,0
2026-08-14 13:09:00,,0.12079234195096908,0
2026-08-14 14:59:00,,0.2891852238515143,0
2026-05-27 09:42:00,,0.3161107513237252,1
2026-06-18 10:35:00,,0.2421653619167797,0
2026-06-25 10:01:00,,0.38438405122903496,0
2026-07-22 13:32:00,,0.16063608765301918,0
2026-07-27 11:08:00,,0.22767496951616753,0
2026-07-31 14:50:00,,0.27822552690591396,0
2026-08-14 13:03:00,,0.2851776548762784,0
2026-08-17 11:25:00,,0.1909735638144269,0
2026-08-19 13:51:00,,0.4057064305445393,0
2026-08-25 14:58:00,,0.2956392407773887,0
2026-09-04 14:55:00,,0.2582217976407132,0
2026-05-25 10:27:00,,0.3073161821393468,1
2026-06-05 13:05:00,,0.36269729218167546,1
2026-07-08 10:39:00,,0.40766570230523047,0
2026-07-22 13:42:00,,0.42237366819413863,1
2026-07-31 14:27:00,,0.22928156759386636,0
2026-08-10 09:58:00,,0.16619706661057573,0
2026-08-13 14:01:00,,0.48664333611580557,1
2026-05-21 09:37:00,,0.42625837510837394,0
2026-06-04 14:45:00,,0.1250433743569824,0
2026-07-02 13:58:00,,0.23612090982743525,0
2026-08-31 13:27:00,,0.23410279254379787,0
2026-09-03 11:11:00,,0.22218986404567972,1
2026-07-03 15:00:00,,0.29542680089097834,0
2026-07-06 14:32:00,,0.01890708104636439,0
2026-07-08 14:43:00,,0.0326421984478188,0
2026-07-17 14:23:00,,0.05677440590387387,0
2026-07-20 13:59:00,,0.12952311053702478,1
2026-08-11 13:27:00,,0.02419294292945218,0
2026-08-12 10:53:00,,0.03176941953634959,0
2026-08-19 14:41:00,,0.02829919543776228,0
2026-08-24 13:23:00,,0.044496809945657544,0
2026-09-04 14:37:00,,0.03090792489908706,0
2026-05-22 10:07:00,,0.21725002999383874,1
2026-06-09 14:46:00,,0.08831413275310031,0
2026-06-12 11:24:00,,0.1793251800333547,0
2026-07-07 14:38:00,,0.15392234911318953,0
2026-07-21 13:20:00,,0.17789457912254975,0
2026-08-17 10:51:00,,0.13123565146080726,0
2026-09-04 13:24:00,,0.06296419358368778,0
2026-06-01 13:42:00,,0.20067755378394384,1
2026-06-11 13:38:00,,0.18635348654867642,0
2026-06-17 10:33:00,,0.23353199050340145,0
2026-06-22 13:53:00,,0.059668374113108,0
2026-08-03 09:48:00,,0.2560565627185778,1
2026-08-05 14:09:00,,0.16925657998311186,0
2026-05-28 10:57:00,,0.16676647743756426,0
2026-07-02 11:30:00,,0.10362567013133292,1
2026-07-07 10:43:00,,0.21891701140035388,0
2026-07-13 11:01:00,,0.08125275445813906,0
2026-07-14 13:09:00,,0.1280553439456282,0
2026-08-05 11:04:00,,0.13899127047288645,1
2026-07-03 13:26:00,,0.21315731667319968,0
2026-07-20 14:07:00,,0.27729976745242096,0
2026-07-27 09:50:00,,0.3046273520745389,1
2026-07-27 14:39:00,,0.16447924248581527,1
2026-08-13 13:54:00,,0.07655001026541966,0
2026-08-13 14:20:00,,0.07065814620671135,0
2026-06-10 09:51:00,,0.23951288856870684,0
2026-06-15 10:04:00,,0.24789201409144293,1
2026-06-25 11:02:00,,0.21535644148246133,0
2026-06-25 14:21:00,,0.1315486322366979,1
2026-07-07 13:49:00,,0.1469289028146588,0
2026-07-16 11:08:00,,0.05257204092129126,0
2026-07-17 15:00:00,,0.4452650028963098,1
2026-07-29 10:14:00,,0.22401136492523308,0
2026-08-11 10:22:00,,0.10662807599624831,0
2026-08-17 11:27:00,,0.1159907052829025,0
2026-08-25 14:15:00,,0.08780133184102949,0
2026-09-02 10:42:00,,0.15503730144210187,0
2026-06-08 09:47:00,,0.4156673369235338,0
2026-06-29 11:07:00,,0.20439770761680168,0
2026-07-23 14:09:00,,0.15704047204321597,0
2026-09-02 11:08:00,,0.09604233381132067,0
2026-06-05 10:07:00,,0.2820822897023989,0
2026-06-30 11:15:00,,0.13380906574317078,1
2026-08-20 14:37:00,,0.11190140675346846,0
2026-08-27 10:54:00,,0.06997232498001796,0
2026-09-01 11:09:00,,0.12170220311183645,0
2026-06-16 09:56:00,,0.4116482549949771,1
2026-06-18 10:51:00,,0.3506725847158402,0
2026-07-10 10:02:00,,0.2800979793511992,0
2026-07-24 09:48:00,,0.2888461096259021,0
2026-07-27 10:27:00,,0.24691160881030355,1
2026-08-03 09:32:00,,0.4888089123388696,1
2026-08-12 13:28:00,,0.40290420831192925,1
2026-09-01 14:22:00,,0.23662333060174612,0
2026-09-04 09:55:00,,0.4314244946499717,1
2026-05-22 09:56:00,,0.35692170906469545,0
2026-05-25 10:33:00,,0.3600853717462368,0
2026-05-27 11:21:00,,0.4082450469589747,0
2026-06-10 10:47:00,,0.3331535934940376,0
2026-07-01 11:30:00,,0.30923798785972323,1
2026-07-06 13:40:00,,0.29463446132743776,1
2026-07-08 09:49:00,,0.3083445262772861,0
2026-07-08 13:12:00,,0.4416422511848819,1
2026-07-09 10:41:00,,0.2888157290895974,0
2026-07-16 13:13:00,,0.3078963049062019,0
2026-08-19 10:03:00,,0.43575491412418993,0
2026-06-04 14:56:00,,0.26215622847878367,1
2026-07-03 14:35:00,,0.06188496588474833,1
2026-07-16 10:49:00,,0.18338386509888946,0
2026-07-27 10:53:00,,0.16734436844457143,0
2026-08-05 14:39:00,,0.06312147990076335,0
2026-08-24 10:38:00,,0.10896499755694088,0
2026-08-24 10:39:00,,0.12556387211504969,0
2026-06-03 09:36:00,,0.3819966668016116,0
2026-06-29 14:30:00,,0.07135304081621444,0
2026-07-01 13:25:00,,0.06204837062197597,0
2026-07-21 14:02:00,,0.04921162269422751,0
2026-07-22 10:44:00,,0.0710692236089448,0
2026-09-04 10:19:00,,0.10346385474614792,0
2026-06-03 09:40:00,,0.27667258099734093,0
2026-06-30 13:40:00,,0.10511921094494975,0
2026-07-29 10:09:00,,0.28974531103341217,1
2026-09-01 13:42:00,,0.11429991472892517,0
2026-06-02 14:50:00,,0.058348107638112906,0
2026-06-03 09:39:00,,0.2876681254456002,1
2026-06-04 13:12:00,,0.1229386858273937,1
2026-08-04 10:45:00,,0.09417235202982621,0
2026-08-25 14:01:00,,0.06466046762842322,0
2026-08-26 10:23:00,,0.1583766428434641,0
2026-08-28 14:55:00,,0.07763209173986448,0
2026-05-22 11:05:00,,0.17353767794511302,0
2026-06-09 14:46:00,,0.180986472875621,0
2026-07-07 11:23:00,,0.16403292975475847,0
2026-07-17 10:50:00,,0.3704262943095986,0
2026-08-10 14:05:00,,0.09288071839613958,1
2026-08-21 14:55:00,,0.11545119547619971,0
2026-06-01 10:55:00,,0.18953949702143733,0
2026-06-02 13:19:00,,0.332427711478852,1
2026-06-15 10:13:00,,0.157509314871334,1
2026-06-24 14:05:00,,0.39915230006237357,0
2026-06-25 11:21:00,,0.16899116590275964,0
2026-07-27 10:37:00,,0.11907707182522714,0
2026-07-27 13:02:00,,0.3707124245003167,0
2026-06-16 13:03:00,,0.10523739871839562,0
2026-06-24 14:28:00,,0.06805571635779793,1
2026-07-02 14:40:00,,0.07429699839176666,0
2026-07-13 13:03:00,,0.11495641466455182,0
2026-07-21 13:04:00,,0.23417959707917332,0
2026-08-12 14:50:00,,0.029501318257846944,0
2026-08-28 10:19:00,,0.10299125872087694,0
2026-06-11 13:51:00,,0.14422400745082858,0
2026-07-06 14:06:00,,0.0648734370601891,0
2026-07-06 14:40:00,,0.06190587342148356,0
2026-07-10 13:09:00,,0.2337832034510062,0
2026-07-15 14:28:00,,0.14922280610852015,0
2026-08-13 14:13:00,,0.0907000469497954,0
2026-08-26 14:15:00,,0.12355406940450935,0
2026-07-06 11:01:00,,0.28251492615716245,1
2026-07-20 11:04:00,,0.3290887117385593,0
2026-07-31 11:17:00,,0.19323143472776158,1
2026-08-03 10:46:00,,0.2581287263355803,0
2026-08-04 13:05:00,,0.12368898593733435,0
2026-08-21 13:47:00,,0.1616633564693741,0
2026-08-25 13:27:00,,0.3112013608956077,0
2026-06-11 11:06:00,,0.12750822465552814,0
2026-06-22 11:26:00,,0.21234518866683746,0
2026-06-23 10:04:00,,0.27458201422050144,0
2026-08-26 11:18:00,,0.19641931309291408,0
2026-08-26 13:49:00,,0.12290748614362952,0
2026-09-01 13:33:00,,0.1680395821437229,0
2026-06-05 14:40:00,,0.03932264268496757,0
2026-06-29 10:50:00,,0.17654908747608078,1
2026-07-31 11:24:00,,0.0766890796687997,0
2026-08-27 14:32:00,,0.03665063111599937,0
2026-06-18 11:13:00,,0.14187205911806605,0
2026-07-02 14:26:00,,0.10006903327359275,0
2026-07-30 10:01:00,,0.2056236855158161,0
2026-08-11 10:35:00,,0.15713074423592346,0
2026-08-19 09:38:00,,0.29730820798579083,0
2026-05-26 09:47:00,,0.15065976898556618,0
2026-05-28 10:28:00,,0.07790288962757799,0
2026-06-17 14:48:00,,0.04248033943049539,0
2026-07-14 09:44:00,,0.24359456353894812,1
2026-07-14 11:13:00,,0.31808932113552457,1
2026-07-20 09:50:00,,0.41252297534658516,0
2026-08-11 13:37:00,,0.09120695395329069,0
2026-08-31 14:30:00,,0.0011989909929187024,0
2026-09-01 13:05:00,,0.23919169784498595,0
2026-06-01 10:14:00,,0.05881572906494473,0
2026-06-04 10:59:00,,0.015077576580984534,0
2026-07-07 14:38:00,,0.02598045340154776,0
2026-07-10 14:34:00,,0.016115742383969622,0
2026-08-11 14:21:00,,0.013144604752572729,0
2026-06-12 10:12:00,,0.30828876127026705,0
2026-06-16 14:19:00,,0.17199802508844947,1
2026-06-23 10:28:00,,0.21814468803248327,0
2026-06-30 10:42:00,,0.2463276290462793,1
2026-07-16 10:47:00,,0.17709559551271473,0
2026-07-29 10:45:00,,0.33749557424639837,0
2026-07-29 13:22:00,,0.13451116838282615,0
2026-08-14 11:08:00,,0.28483041209667037,1
2026-08-17 14:30:00,,0.27624334215608815,0
2026-08-20 09:41:00,,0.34130311578397576,0
2026-06-11 14:12:00,,0.17042431098433614,0
2026-07-09 10:03:00,,0.3076625852939659,0
2026-07-17 11:01:00,,0.225411852537193,0
2026-07-27 14:48:00,,0.05034820745713205,0
2026-08-21 09:46:00,,0.2403785953248571,0
2026-08-21 13:44:00,,0.08887769058680112,0
2026-06-02 11:16:00,,0.20423544530713023,0
2026-06-26 09:30:00,,0.5021915621982903,0
2026-07-10 14:36:00,,0.12268045110854732,0
2026-07-13 14:40:00,,0.16636875663500744,1
2026-07-16 11:18:00,,0.08260244037845683,0
2026-07-28 14:24:00,,0.051637210616586465,0
2026-08-06 09:33:00,,0.36557045020933904,0
2026-08-13 13:49:00,,0.08085781948331473,0
2026-05-25 14:53:00,,0.11808835678482602,0
2026-06-17 10:29:00,,0.08815791661372321,0
2026-06-24 10:12:00,,0.2100066254936446,0
2026-07-02 10:27:00,,0.10577146821389632,0
2026-07-17 10:32:00,,0.16416278817677166,1
2026-08-17 10:45:00,,0.10434291052255519,0
2026-08-25 10:10:00,,0.14876258851619895,0
2026-08-28 13:57:00,,0.043545634449527006,0
2026-09-02 14:58:00,,0.3121796182137468,1
2026-05-29 11:20:00,,0.10091597353661887,0
2026-07-13 13:04:00,,0.26170329408186943,0
2026-07-16 14:13:00,,0.19848357927997728,0
2026-07-21 09:51:00,,0.4480162432473961,1
2026-08-11 14:24:00,,0.13362808347733604,0
2026-08-13 11:20:00,,0.30877511441405786,0
2026-08-19 10:53:00,,0.18646663081279724,0
2026-08-24 10:44:00,,0.23286744463447223,0
2026-08-25 13:08:00,,0.1710406510855416,0
2026-05-27 13:20:00,,0.06047730332712476,0
2026-06-05 10:10:00,,0.168944489058564,0
2026-06-05 11:27:00,,0.17926542554114255,0
2026-06-05 14:44:00,,0.19561761931031224,1
2026-06-23 13:16:00,,0.09342626636261285,0
2026-07-29 14:29:00,,0.12015302518619395,0
2026-05-25 09:33:00,,0.3284908523964276,0
2026-06-08 09:36:00,,0.39891621627593865,0
2026-06-09 11:26:00,,0.15959798299758185,1
2026-06-16 11:25:00,,0.12302554095766664,0
2026-06-26 13:21:00,,0.11895674551788211,0
2026-06-29 11:12:00,,0.23163769051377722,1
2026-07-14 10:50:00,,0.19058616134174144,1
2026-07-21 14:31:00,,0.13322501165629141,0
2026-07-23 14:49:00,,0.1435720437809128,0
2026-07-28 14:44:00,,0.22244404063217402,0
2026-05-27 14:03:00,,0.14393314105801086,0
2026-06-11 14:13:00,,0.16488421492257227,0
2026-06-16 14:26:00,,0.12546255351136712,0
2026-07-01 10:27:00,,0.20224269189377062,0
2026-07-22 13:55:00,,0.1852119230274984,0
2026-07-27 09:35:00,,0.29298110657762144,0
2026-08-17 11:02:00,,0.18280137479900488,0
2026-06-04 09:46:00,,0.28435009282597423,0
2026-07-16 10:20:00,,0.19272949556516686,1
2026-07-21 10:49:00,,0.19349909361410558,1
2026-08-24 13:31:00,,0.15773265859716668,0
2026-09-04 13:32:00,,0.3098246016186938,0
2026-05-29 09:53:00,,0.30825914924084635,0
2026-06-02 11:23:00,,0.3032375598720356,1
2026-06-17 13:41:00,,0.10827663254892653,0
2026-07-13 13:24:00,,0.14806689726021055,0
2026-07-22 13:25:00,,0.17772851395866002,0
2026-07-30 13:24:00,,0.18290729177838633,0
2026-09-01 13:53:00,,0.11742994310509991,0
2026-08-31 10:50:00,,0.05852218208784468,0
2026-06-05 09:31:00,,0.20556864870393635,1
2026-06-26 14:19:00,,0.09069981683200978,1
2026-07-02 11:19:00,,0.0907936779677685,0
2026-07-21 11:09:00,,0.16238515663850267,1
2026-07-21 13:21:00,,0.0925086900154532,0
2026-08-03 11:10:00,,0.08207773371691598,0
2026-08-05 13:43:00,,0.11535588050467908,0
2026-08-17 13:05:00,,0.11006920812949489,0
2026-05-26 14:07:00,,0.1886837667664768,1
2026-06-01 09:45:00,,0.3488512555582192,0
2026-06-01 14:32:00,,0.18152022672282775,0
2026-06-11 13:06:00,,0.29760255502767974,1
2026-07-03 14:45:00,,0.06916172313024398,0
2026-07-27 13:14:00,,0.12528859355614397,0
2026-07-27 14:58:00,,0.31240582202938766,0
2026-08-03 14:53:00,,0.0553496318259353,0
2026-08-13 10:10:00,,0.25531262157214807,1
2026-09-04 14:12:00,,0.10201301949922487,0
2026-05-25 13:45:00,,0.21550609862079168,1
2026-06-01 14:26:00,,0.1662128570172024,0
2026-06-08 10:38:00,,0.3764243603925724,0
2026-06-11 14:50:00,,0.18625130447888655,1
2026-06-23 13:40:00,,0.1770940981034284,1
2026-07-06 11:11:00,,0.2498453362391521,1
2026-07-16 13:57:00,,0.20530019234414007,1
2026-08-07 14:59:00,,0.3320637951039814,0
2026-08-20 09:42:00,,0.28522719482769593,1
2026-06-23 11:01:00,,0.15046523197783998,0
2026-06-23 13:01:00,,0.20285355725780183,0
2026-07-01 10:27:00,,0.16357953752877646,0
2026-08-11 13:12:00,,0.1436872014842552,0
2026-09-02 09:39:00,,0.349489421178611,0
2026-06-16 14:35:00,,0.058116069517861586,0
2026-07-01 13:10:00,,0.10274829407910538,0
2026-08-03 10:51:00,,0.07843380508130152,0
2026-08-24 11:05:00,,0.09007784151064642,1
2026-05-26 09:46:00,,0.2906450243593916,0
2026-06-08 13:08:00,,0.1482345161101903,0
2026-06-29 09:49:00,,0.3118030319956111,0
2026-07-02 14:07:00,,0.08515066242294923,0
2026-07-07 11:24:00,,0.08183718994749725,1
2026-07-08 15:00:00,,0.2909317721899373,0
2026-07-09 11:27:00,,0.1282214142222503,0
2026-07-27 13:35:00,,0.1078000461118903,0
2026-07-29 14:44:00,,0.05005478324434281,0
2026-08-06 09:45:00,,0.2076944600694062,0
2026-08-25 14:11:00,,0.048821137475649985,0
2026-08-31 09:52:00,,0.15485874389629795,1
2026-05-22 13:20:00,,0.11175805320100149,0
2026-06-01 14:02:00,,0.14170631733740607,0
2026-06-03 11:07:00,,0.15170246305893687,0
2026-06-12 09:33:00,,0.31390361635702624,0
2026-06-15 10:14:00,,0.1556701044178687,0
2026-06-22 11:02:00,,0.16007525224839558,0
2026-06-25 10:43:00,,0.11958717431419001,0
2026-07-13 10:30:00,,0.19546336957373656,0
2026-07-14 11:02:00,,0.31050965010651155,0
2026-07-16 11:21:00,,0.07899336044856341,0
2026-07-17 15:00:00,,0.5134148762066078,1
2026-08-20 11:26:00,,0.15501995666999793,1
2026-09-01 14:04:00,,0.09828253478758285,0
2026-09-04 13:43:00,,0.07025282922003107,0
2026-05-22 10:21:00,,0.28151580538543297,0
2026-06-22 09:50:00,,0.32491943061173767,1
2026-07-06 09:45:00,,0.3528665716466548,0
2026-07-07 10:51:00,,0.3158416039461145,0
2026-07-27 10:59:00,,0.17302077958908013,1
2026-09-01 13:25:00,,0.13699405888898475,0
2026-05-26 09:34:00,,0.44724535934343185,0
2026-05-28 11:05:00,,0.32247154215533463,0
2026-06-12 09:51:00,,0.4247537731218597,0
2026-06-18 14:03:00,,0.17418409755945846,0
2026-06-26 10:25:00,,0.3000034352950998,0
2026-08-31 09:53:00,,0.32972731709124453,1
2026-09-04 14:10:00,,0.1907955988436706,0
2026-05-21 11:13:00,,0.026611081922318924,0
2026-05-21 14:30:00,,0.04154612991210043,0
2026-05-27 13:30:00,,0.07621834724730175,0
2026-06-03 14:28:00,,0.01999529776785683,0
2026-06-25 11:30:00,,0.3459969548998372,0
2026-06-25 13:10:00,,0.18611932044745427,1
2026-07-06 10:03:00,,0.17945556434611346,0
2026-08-19 10:16:00,,0.17580460339052797,1
2026-05-28 13:36:00,,0.2014519670751405,1
2026-06-02 13:06:00,,0.17134547654155938,0
2026-06-29 10:10:00,,0.3395953695878216,0
2026-07-02 10:34:00,,0.24709978611762198,0
2026-07-03 14:21:00,,0.0479658908327195,0
2026-07-09 10:39:00,,0.2959097564438266,0
2026-07-15 14:53:00,,0.1395308454237503,0
2026-07-24 14:04:00,,0.0815251591502273,0
2026-08-26 14:36:00,,0.08118386477240673,0
2026-06-03 14:05:00,,0.08573693726959995,0
2026-06-15 13:40:00,,0.12314797858516745,0
2026-07-14 10:17:00,,0.274702635132431,0
2026-07-30 14:12:00,,0.050992547285572266,0
2026-08-07 10:04:00,,0.24899628015006106,0
2026-08-10 14:40:00,,0.0017946146653787089,0
2026-08-21 13:42:00,,0.14070311529726554,0
2026-09-01 13:50:00,,0.05281873491013849,0
2026-06-01 14:10:00,,0.08490354016137537,0
2026-06-02 09:49:00,,0.2866008484855537,0
2026-06-03 11:16:00,,0.21690339768530742,0
2026-07-14 09:47:00,,0.28654450810093607,0
2026-08-04 14:43:00,,0.06268318578118671,0
2026-08-17 09:42:00,,0.24817951540925778,1
2026-08-18 10:59:00,,0.08202392423786264,0
2026-05-25 10:40:00,,0.41712049281085484,1
2026-05-29 13:10:00,,0.20045564337052893,0
2026-06-25 14:15:00,,0.3684559975884387,1
2026-07-13 13:49:00,,0.3639658002866533,1
2026-07-14 10:17:00,,0.13721338489984478,0
2026-07-16 14:40:00,,0.16072912868264258,1
2026-07-24 14:12:00,,0.0009490375014061911,0
2026-08-17 10:38:00,,0.08859847038949212,0
2026-09-02 13:08:00,,0.13658191920374074,0
2026-06-11 14:14:00,,0.48449890341542656,0
2026-06-22 11:10:00,,0.1581088465391343,0
2026-07-15 09:58:00,,0.23422464121006556,0
2026-07-22 13:41:00,,0.07184067130242687,0
2026-08-07 09:44:00,,0.4213819213492717,0
2026-08-27 09:31:00,,0.3863281163325003,0
2026-06-01 14:08:00,,0.17089710097014893,0
2026-06-01 14:40:00,,0.12641021163026825,0
2026-06-02 09:56:00,,0.3170471509996817,1
2026-06-23 14:19:00,,0.1389342452984813,0
2026-07-06 09:55:00,,0.2815622297665387,0
2026-07-14 13:48:00,,0.29257101839785615,0
2026-07-22 13:15:00,,0.20917276554521494,0
2026-08-06 10:02:00,,0.20096791302624317,1
2026-08-20 10:26:00,,0.1594435836231779,0
2026-07-16 13:30:00,,0.14267609694143654,0
2026-08-07 14:39:00,,0.051705968569295296,0
2026-08-12 11:14:00,,0.06969555732463183,1
2026-08-25 10:36:00,,0.05614565871632965,0
2026-08-27 09:58:00,,0.24969527669668587,0
2026-08-27 15:00:00,,0.2816395595172995,0
2026-06-09 14:36:00,,0.15866477834323117,0
2026-06-16 10:45:00,,0.17877258708332308,0
2026-06-29 13:01:00,,0.40129264995597624,1
2026-07-08 11:03:00,,0.1207012902422284,1
2026-05-21 09:58:00,,0.182797590710736,1
2026-06-04 14:32:00,,0.15890625301985964,1
2026-06-10 10:31:00,,0.17190715222221542,0
2026-08-19 14:16:00,,0.10863776744990847,0
2026-06-18 10:32:00,,0.0009374355505227475,0
2026-06-22 09:58:00,,0.3865360323556802,0
2026-07-16 10:40:00,,0.18439493786383215,1
2026-07-24 11:19:00,,0.10927392269251833,0
2026-08-14 10:32:00,,0.13383900652887518,0
2026-05-22 14:12:00,,0.053417767770359004,0
2026-05-26 13:40:00,,0.15390279970773021,0
2026-06-23 13:39:00,,0.12255601226564602,1
2026-07-09 10:25:00,,0.21700237452763696,0
2026-07-09 14:06:00,,0.1400305916726162,0
2026-07-14 11:22:00,,0.1451626600279314,0
2026-07-30 13:11:00,,0.17288124142421935,0
2026-08-11 11:21:00,,0.0885337255535129,0
2026-05-25 14:50:00,,0.047787870609725044,0
2026-05-28 10:10:00,,0.010389979409905731,0
2026-06-15 13:06:00,,0.061095345708016786,0
2026-06-26 10:50:00,,0.11661241420581267,0
2026-07-01 14:59:00,,0.39663699857075935,1
2026-07-30 13:58:00,,0.09178707685812786,0
2026-08-24 11:22:00,,0.275069991110489,1
2026-09-01 10:36:00,,0.07116443993523619,0
2026-09-02 14:39:00,,0.5637183219324186,0
2026-06-01 10:44:00,,0.17318047199665754,0
2026-06-04 11:15:00,,0.13066414386622063,0
2026-06-23 13:38:00,,0.15447897238881622,0
2026-07-15 13:21:00,,0.1466433352472106,1
2026-08-14 13:41:00,,0.11385630871791522,0
2026-06-04 13:59:00,,0.12990075084489816,0
2026-06-30 10:27:00,,0.18901265325124206,0
2026-07-03 09:50:00,,0.23561568577232778,1
2026-07-24 10:59:00,,0.10527320806855482,1
2026-07-24 11:17:00,,0.14493284480546093,0
2026-08-04 14:49:00,,0.10105354963471298,0
2026-08-07 09:52:00,,0.1593251469169914,0
2026-08-12 14:53:00,,0.12661268520754396,0
2026-08-20 11:09:00,,0.06353848322443655,0
2026-08-31 14:33:00,,0.1221848584808558,0
2026-05-27 13:09:00,,0.27737011693375496,1
2026-06-09 10:28:00,,0.2683537270569221,0
2026-06-18 13:42:00,,0.17653844694629478,0
2026-06-24 13:04:00,,0.2844671808675009,0
2026-06-30 14:51:00,,0.09844037780182312,0
2026-07-02 10:50:00,,0.20791310305901797,0
2026-07-03 13:46:00,,0.1432339440488762,0
2026-08-27 14:40:00,,0.04166773072408266,0
2026-06-08 10:03:00,,0.23448868535653528,0
2026-07-03 10:18:00,,0.18838566830397208,0
2026-07-31 13:38:00,,0.15739115778318255,0
2026-08-31 14:27:00,,0.04913481895214173,0
2026-05-21 10:50:00,,0.08031071237954404,0
2026-05-21 14:22:00,,0.13645522395822057,0
2026-06-04 10:02:00,,0.2852580257370237,0
2026-06-10 10:19:00,,0.13950708923854982,0
2026-06-18 09:43:00,,0.27892104292215264,1
2026-06-18 13:56:00,,0.027545018906420318,0
2026-06-22 10:14:00,,0.1683196346297771,0
2026-06-22 11:25:00,,0.07295942966683217,0
2026-07-07 13:20:00,,0.07464221706317918,0
2026-07-14 09:31:00,,0.48947842505008354,0
2026-09-01 14:03:00,,0.11662255200898192,0
2026-06-05 10:57:00,,0.1327375263258333,0
2026-07-23 10:40:00,,0.1289745295203565,0
2026-08-04 10:09:00,,0.19149426576940476,1
2026-08-05 14:37:00,,0.07636882090420573,0
2026-08-13 13:38:00,,0.05434131369488226,0
2026-08-27 13:30:00,,0.06792416808488881,0
2026-06-03 11:07:00,,0.2854395983937293,1
2026-06-12 11:23:00,,0.2535825095667347,0
2026-06-16 13:33:00,,0.1759785690477137,0
2026-06-30 10:26:00,,0.13353109576199257,0
2026-07-06 11:10:00,,0.07195701297355996,0
2026-08-10 10:26:00,,0.12969058745667536,0
2026-08-17 11:11:00,,0.10139251968521894,1
2026-05-26 11:26:00,,0.1939026863151277,0
2026-06-04 10:34:00,,0.2652811013293469,0
2026-06-23 14:36:00,,0.001784556724847714,0
2026-07-09 13:25:00,,0.2509488352931681,1
2026-07-15 13:01:00,,0.20844355309773968,0
2026-08-03 10:58:00,,0.08280285647227219,0
2026-08-06 11:21:00,,0.165398338343138,0
2026-08-27 10:29:00,,0.1897147684028148,0
2026-09-01 13:19:00,,0.13652033150794565,0
2026-09-04 13:17:00,,0.10788046828273601,0
2026-06-17 11:28:00,,0.4206528223712984,0
2026-07-24 13:18:00,,0.2859980219427008,0
2026-07-24 14:03:00,,0.42230272402658003,0
2026-07-30 10:29:00,,0.30330937503266014,0
2026-08-20 11:19:00,,0.3209522460914377,1
2026-05-27 10:28:00,,0.1487550356687614,0
2026-06-12 13:36:00,,0.1510880285009573,0
2026-07-14 14:58:00,,0.31267306356228314,1
2026-08-17 11:11:00,,0.2819555144974104,0
2026-06-17 13:50:00,,0.3593150486785776,0
2026-06-24 10:01:00,,0.38590106473463565,0
2026-07-01 13:41:00,,0.20755487833075084,0
2026-07-07 11:22:00,,0.2498698969764702,0
2026-08-14 13:28:00,,0.1841429563361607,0
2026-06-01 13:23:00,,0.2971688744926209,0
2026-07-28 13:43:00,,0.23660784317815628,0
2026-08-20 13:14:00,,0.21190849548078858,0
2026-09-03 14:29:00,,0.166813112737324,0
2026-05-26 13:56:00,,0.10166740311071926,0
2026-07-06 09:53:00,,0.26975644070196286,0
2026-08-13 11:11:00,,0.028374028771807842,0
2026-08-13 14:01:00,,0.06622849759714063,0
2026-08-27 10:00:00,,0.1842677802216325,0
2026-09-04 10:17:00,,0.1809998292628544,0
2026-06-02 10:32:00,,0.12918671342863355,0
2026-06-03 09:57:00,,0.3539511768718143,0
2026-06-11 11:01:00,,0.22977020200170298,0
2026-07-02 13:27:00,,0.2503300597738263,0
2026-07-07 13:29:00,,0.15808155247115058,0
2026-08-27 10:58:00,,0.1201956814431985,0
2026-09-02 10:11:00,,0.17942372596806846,0
2026-05-28 14:29:00,,0.09214683555549083,0
2026-05-28 14:47:00,,0.13735092305375446,0
2026-06-17 09:33:00,,0.409294233861515,1
2026-07-24 14:40:00,,0.20718755156892082,0
2026-08-20 14:22:00,,0.3015873465449568,0
2026-07-08 10:23:00,,0.35697186178998264,1
2026-08-10 14:15:00,,0.26464914442623644,0
2026-08-25 09:44:00,,0.38253779256337844,1
2026-06-23 09:35:00,,0.3321347118662548,1
2026-07-21 14:27:00,,0.04925391185344516,0
2026-08-05 10:16:00,,0.2122711181889667,0
2026-08-12 11:18:00,,0.04741110091912762,0
2026-09-02 14:40:00,,0.026143307850385957,0
2026-05-21 13:17:00,,0.12203005950865027,0
2026-05-25 14:04:00,,0.09466974931215628,0
2026-05-28 13:39:00,,0.25942249735556155,1
2026-06-02 10:08:00,,0.23346481932165628,0
2026-06-08 09:50:00,,0.2667464238678198,0
2026-06-10 14:06:00,,0.13256543680152902,0
2026-06-11 13:41:00,,0.20376642307410428,0
2026-08-05 10:21:00,,0.23414412072164392,0
2026-08-18 14:16:00,,0.15350659865670568,1
2026-06-17 14:44:00,,0.05678858229359495,1
2026-07-14 10:30:00,,0.18173563685697178,0
2026-07-22 09:40:00,,0.26141004920236444,0
2026-07-28 10:08:00,,0.1503967917508074,0
2026-08-11 14:45:00,,0.048082116947300274,0
2026-08-19 11:17:00,,0.08180558051074621,0
2026-05-26 10:55:00,,0.1399070782968923,0
2026-06-11 09:48:00,,0.3629787435875052,0
2026-06-24 11:25:00,,0.19991451745295122,0
2026-07-21 14:21:00,,0.14213597819984297,0
2026-09-03 10:08:00,,0.1767057737851807,0
2026-05-28 10:54:00,,0.10104697224418879,0
2026-06-12 11:20:00,,0.1062946351414284,0
2026-08-05 13:49:00,,0.09884720330665445,0
2026-08-20 14:34:00,,0.08150619972375207,0
2026-08-27 14:05:00,,0.07665157994490378,0
2026-08-31 13:17:00,,0.147301369596849,0
2026-05-28 14:32:00,,0.12346135758288954,0
2026-06-15 13:42:00,,0.1537018517628055,0
2026-07-02 11:23:00,,0.24896401659019904,0
2026-08-27 11:01:00,,0.18910874743063313,0
2026-08-27 11:13:00,,0.16166758354310704,1
2026-05-26 10:31:00,,0.2911143624045011,0
2026-06-05 10:26:00,,0.18428263240006773,0
2026-07-20 10:01:00,,0.2972817731971697,1
2026-07-21 13:24:00,,0.1710680248979395,1
2026-08-03 14:28:00,,0.12536434165672936,0
2026-08-13 13:30:00,,0.06051994487488775,0
2026-08-24 13:14:00,,0.0878249075814201,0
2026-06-01 14:44:00,,0.04196777570840025,0
2026-07-21 11:24:00,,0.10652157989526338,0
2026-07-29 09:48:00,,0.224765638683108,0
2026-07-30 13:37:00,,0.2718230005697134,0
2026-06-04 14:06:00,,0.075488589716881,0
2026-06-10 10:21:00,,0.2873419070459031,0
2026-07-10 13:22:00,,0.2726123774412217,1
2026-08-04 11:01:00,,0.06340809183752832,0
2026-08-07 11:25:00,,0.10317579323335226,0
2026-08-13 10:20:00,,0.22315722756009732,0
2026-08-18 13:22:00,,0.10699910133001489,0
2026-09-04 14:35:00,,0.21347499641746362,1
2026-09-04 14:50:00,,0.13209230047960063,1
2026-05-21 10:12:00,,0.24069513756388936,0
2026-05-26 14:18:00,,0.1931593442042669,0
2026-06-02 11:09:00,,0.21647497630754792,0
2026-06-22 11:07:00,,0.3015102933460744,0
2026-07-08 10:12:00,,0.3627962823168286,0
2026-07-15 13:52:00,,0.14653445814142982,0
2026-07-16 14:16:00,,0.14065772504073853,0
2026-07-27 14:46:00,,0.09307283768773032,0
2026-07-28 14:49:00,,0.05271291888100458,0
2026-08-20 10:42:00,,0.16333123023104157,1
2026-09-01 11:25:00,,0.033681819138161775,0
2026-06-16 14:46:00,,0.054144153360735185,0
2026-06-22 11:00:00,,0.2849793179546063,1
2026-07-07 13:57:00,,0.08649970121090012,0
2026-07-24 13:56:00,,0.12136055799958421,0
2026-08-06 13:57:00,,0.3338512002025471,0
2026-08-11 10:22:00,,0.30693662175445363,0
2026-09-02 13:05:00,,0.06220964927579312,0
2026-06-03 09:45:00,,0.237338506495751,1
2026-06-18 10:43:00,,0.1810208494344257,0
2026-08-21 13:50:00,,0.13027269713963396,0
2026-08-26 14:18:00,,0.03471615109610145,0
2026-06-09 10:17:00,,0.29955738817461747,0
2026-06-15 11:14:00,,0.18808188566392864,0
2026-06-29 14:00:00,,0.19067775514794646,0
2026-07-03 14:46:00,,0.16984522762371576,0
2026-07-14 14:40:00,,0.1362950144021326,0
2026-08-07 14:11:00,,0.1809471932050996,0
2026-06-10 14:34:00,,0.11140121937863241,0
2026-07-07 10:37:00,,0.24674748204231417,0
2026-07-20 14:13:00,,0.4955600496031987,1
2026-07-29 10:10:00,,0.18694162976674644,0
2026-08-06 09:31:00,,0.2716316367752431,0
2026-08-21 10:05:00,,0.3559154290084531,0
2026-08-28 09:31:00,,0.3872066482835419,0
2026-08-31 10:42:00,,0.08128803056588628,0
2026-05-22 10:44:00,,0.04259996715451269,0
2026-05-29 11:10:00,,0.089115968831895,0
2026-06-03 09:53:00,,0.17321680612568885,0
2026-06-10 11:14:00,,0.11488663161121049,0
2026-06-16 10:31:00,,0.05073092085250404,0
2026-07-20 10:43:00,,0.15554644581631277,1
2026-08-10 13:53:00,,0.043912487324725934,0
2026-08-18 11:00:00,,0.038948050191256765,0
2026-09-04 10:08:00,,0.06228839858157349,0
2026-06-08 10:31:00,,0.07552555486485006,0
2026-07-13 14:52:00,,0.04153013206344924,0
2026-07-14 14:55:00,,0.04239953103360242,0
2026-07-28 10:51:00,,0.18930931128437764,0
2026-08-13 09:43:00,,0.18562856365844294,0
2026-05-22 09:49:00,,0.24919629683503486,1
2026-06-24 10:30:00,,0.1720645573883912,0
2026-06-26 13:15:00,,0.2102786980448115,0
2026-07-24 14:47:00,,0.031346849987757684,0
2026-08-25 14:49:00,,0.09818519737629677,0
2026-08-27 11:25:00,,0.14071208713874547,0
2026-09-03 13:53:00,,0.08428624864971677,0
2026-06-29 13:37:00,,0.0800338555047079,0
2026-07-06 10:31:00,,0.19149583819820543,1
2026-07-14 14:18:00,,0.06293800968717408,0
2026-08-10 14:36:00,,0.14853752799693226,0
2026-08-19 11:18:00,,0.04781853773775175,0
2026-08-24 14:17:00,,0.057966475791669476,0
2026-05-21 10:08:00,,0.3155742170021512,0
2026-05-21 10:34:00,,0.23779753592091019,0
2026-06-02 09:36:00,,0.36193467372368227,0
2026-06-30 11:11:00,,0.2747505863577662,0
2026-07-13 10:56:00,,0.20047549466639153,1
2026-07-21 13:22:00,,0.40169688710227963,1
2026-07-31 11:16:00,,0.24330803916213958,1
2026-07-31 14:32:00,,0.2349797852680394,0
2026-08-11 11:20:00,,0.23332421356901864,0
2026-08-18 14:28:00,,0.0013119120865340863,0
2026-08-25 14:01:00,,0.41376032427787607,0
2026-06-18 09:52:00,,0.30800913706773403,1
2026-07-10 11:09:00,,0.30500655980074964,0
2026-08-31 13:58:00,,0.1809933620982234,0
2026-09-04 14:01:00,,0.2472951875378985,0
2026-05-21 13:52:00,,0.16502845724876256,0
2026-05-29 13:22:00,,0.18124536182381437,0
2026-06-02 14:31:00,,0.0977140855794819,0
2026-06-03 10:22:00,,0.2814890668316658,1
2026-06-04 11:08:00,,0.20267703329439668,0
2026-06-17 13:09:00,,0.3208993383689655,1
2026-07-01 13:41:00,,0.012824759630336283,0
2026-07-20 13:40:00,,0.3988920074385277,0
2026-07-29 14:25:00,,0.1831647473969865,0
2026-07-31 09:39:00,,0.29117537368669444,0
2026-07-31 11:14:00,,0.13913887289146643,0
2026-08-28 11:22:00,,0.06819502571691298,0
2026-05-21 10:25:00,,0.171560977131269,0
2026-05-28 11:18:00,,0.10274295521673187,0
2026-06-15 14:33:00,,0.13976500733950567,0
2026-07-08 14:42:00,,0.5424965788724486,0
2026-07-15 11:07:00,,0.24688492055730882,0
2026-08-04 13:52:00,,0.25761915003161423,0
2026-08-14 14:50:00,,0.5312510675770521,1
2026-08-27 14:44:00,,0.3806775567248743,0
2026-08-28 13:34:00,,0.11468853825438324,0
2026-09-03 09:48:00,,0.2506837977041998,1
2026-06-11 14:37:00,,0.31951651149144955,1
2026-06-16 13:36:00,,0.18278068130629968,0
2026-06-18 09:56:00,,0.27964776435400385,0
2026-07-16 11:10:00,,0.13612172340085535,0
2026-08-14 14:04:00,,0.19031165513760245,0
2026-08-20 10:39:00,,0.09416858340305957,0
2026-06-10 09:35:00,,0.3697774627245689,0
2026-07-13 13:48:00,,0.2933665117031423,1
2026-08-14 14:59:00,,0.3437061457574373,0
2026-09-01 13:59:00,,0.16974071962588164,0
2026-07-03 09:34:00,,0.351777917061581,0
2026-07-27 10:39:00,,0.1811697575085187,0
2026-08-11 10:21:00,,0.12136570139713315,0
2026-08-27 14:53:00,,0.09895288241386183,0
2026-08-28 10:04:00,,0.1312805874902897,0
2026-09-04 13:15:00,,0.0009201795802254335,0
2026-06-05 14:45:00,,0.17514785199714503,1
2026-06-25 10:09:00,,0.27427614796256244,0
2026-07-28 10:55:00,,0.20335862149135478,1
2026-08-24 10:46:00,,0.1853729973416796,0
2026-08-31 13:17:00,,0.1403121906055225,0
2026-05-22 10:59:00,,0.0740061605083439,0
2026-05-22 13:13:00,,0.10309999401643322,0
2026-06-01 13:45:00,,0.10680651871354215,1
2026-06-08 13:03:00,,0.18394576577659144,0
2026-06-26 13:28:00,,0.15568692817572244,0
2026-08-11 13:52:00,,0.11523539813550925,0
2026-08-17 10:49:00,,0.05710275531099521,0
2026-08-26 10:22:00,,0.10866783124526798,0
2026-09-03 14:59:00,,0.44558058312646576,1
2026-09-04 13:50:00,,0.13357059333631338,0
2026-05-28 13:39:00,,0.0007529032305386149,0
2026-06-12 13:32:00,,0.0010079759229901833,0
2026-07-02 14:04:00,,0.43950799661833817,1
2026-07-08 10:32:00,,0.347427239032223,1
2026-08-03 11:00:00,,0.28236677632983265,0
2026-08-19 11:12:00,,0.46428570549285747,1
2026-09-02 13:15:00,,0.19038550633719806,1
2026-06-23 14:51:00,,0.08383688188970317,0
2026-06-25 10:33:00,,0.22979141443302079,1
2026-07-09 13:46:00,,0.18745429197889485,0
2026-07-22 09:30:00,,0.5017659312736579,0
2026-05-21 13:10:00,,0.06592588179890929,0
2026-05-22 14:04:00,,0.06861667149328655,0
2026-06-11 13:13:00,,0.0776629662501552,1
2026-06-26 10:56:00,,0.06228548299025299,0
2026-07-01 11:14:00,,0.12538598489423255,0
2026-07-06 10:29:00,,0.09309003536030087,0
2026-07-17 14:09:00,,0.11804034173042212,0
2026-07-20 11:14:00,,0.07197608425326478,0
2026-07-27 13:28:00,,0.0888983638877449,0
2026-07-30 11:07:00,,0.06201927531454626,0
2026-08-25 14:36:00,,0.04472940659989387,0
2026-08-26 11:12:00,,0.060072603107100477,0
2026-09-01 11:19:00,,0.033133095525888265,0
2026-07-07 13:50:00,,0.4875169223808862,0
2026-07-09 09:51:00,,0.3246480548398831,1
2026-07-10 14:07:00,,0.36250903071037327,1
2026-07-16 10:35:00,,0.14515421297238248,0
2026-07-27 09:34:00,,0.3012929433693378,1
2026-08-04 10:36:00,,0.2779365048408691,0
2026-08-06 09:31:00,,0.36092356299704786,1
2026-08-06 13:17:00,,0.19936269843253931,0
2026-08-26 11:15:00,,0.10489591968929057,0
2026-05-25 10:04:00,,0.14713014372476463,0
2026-06-23 09:45:00,,0.23245639229669673,0
2026-06-23 10:18:00,,0.07552423958896716,0
2026-07-07 11:26:00,,0.2580877021799318,0
2026-08-10 14:31:00,,0.05041702670417052,0
2026-08-13 11:00:00,,0.10248338888060436,0
2026-08-14 10:07:00,,0.2570912003464463,0
2026-08-14 14:27:00,,0.09947281578302847,0
2026-08-25 09:30:00,,0.22566169439140912,1
2026-08-31 13:42:00,,0.11511284999723045,0
2026-08-31 14:29:00,,0.08935263203949463,0
2026-05-21 10:49:00,,0.03468613916909911,0
2026-05-26 14:00:00,,0.08305640803336584,0
2026-06-18 13:59:00,,0.05701888948725448,0
2026-09-02 10:41:00,,0.057513544637815356,0
2026-05-21 13:59:00,,0.1786300759563428,0
2026-06-04 13:42:00,,0.08599863337989062,1
2026-07-10 14:43:00,,0.10435762734237913,0
2026-08-12 10:24:00,,0.12034146495763065,0
2026-08-13 10:47:00,,0.09893024086612726,0
2026-08-18 10:23:00,,0.15529286731849468,0
2026-08-28 14:52:00,,0.10542140131463586,0
2026-06-12 14:15:00,,0.05923252728237064,0
2026-06-15 09:47:00,,0.20759368957594151,0
2026-07-21 14:23:00,,0.11532515866084575,0
2026-07-29 13:29:00,,0.12541397428476014,0
2026-07-31 14:23:00,,0.08760909687992288,0
2026-08-21 09:32:00,,0.37641953647832316,0
2026-08-31 10:16:00,,0.17154945171938993,0
2026-06-03 14:30:00,,0.26831878441718615,1
2026-06-15 10:27:00,,0.19552150211567734,0
2026-07-08 10:05:00,,0.3444233988028882,0
2026-07-10 11:24:00,,0.13851453188830845,0
2026-07-17 11:23:00,,0.15572384572149117,0
2026-08-12 10:48:00,,0.24716804441683504,0
2026-08-31 13:28:00,,0.1821256430405852,0
2026-09-04 10:20:00,,0.2992110195394902,0
2026-05-22 10:03:00,,0.24127165052096824,0
2026-06-09 09:47:00,,0.36444422075348093,1
2026-07-06 13:36:00,,0.1253841989006522,0
2026-06-08 14:33:00,,0.1979894057568186,1
2026-06-15 11:01:00,,0.06111306469120466,0
2026-06-18 11:19:00,,0.2581843287825141,0
2026-07-27 13:57:00,,0.07296054755732792,0
2026-08-10 09:56:00,,0.14858453412625047,1
2026-08-26 09:56:00,,0.23460547161602532,0
2026-08-26 14:54:00,,0.5595326370494408,1
2026-05-28 10:37:00,,0.06021707406354034,0
2026-06-10 14:12:00,,0.07735689183432135,0
2026-06-10 14:56:00,,0.1725144960215471,1
2026-06-12 10:56:00,,0.09206938384064804,1
2026-08-10 10:52:00,,0.10952519531949492,0
2026-05-28 14:57:00,,0.5634655340671764,0
2026-05-29 09:37:00,,0.20604675063903663,1
2026-06-02 10:07:00,,0.19738701850406104,0
2026-06-02 14:51:00,,0.10054820864976179,0
2026-06-05 10:37:00,,0.34709116733812856,1
2026-06-17 09:54:00,,0.4122031319074273,0
2026-06-24 11:13:00,,0.1501477455928987,0
2026-07-24 10:49:00,,0.19305519205342797,0
2026-07-29 13:28:00,,0.39795191037658834,1
2026-08-04 09:58:00,,0.4175178961035458,1
2026-08-26 11:03:00,,0.3717856864095726,1
2026-08-26 13:17:00,,0.14300419530670647,0
2026-09-01 14:30:00,,0.0011244887349524345,0
2026-06-01 10:48:00,,0.14706398178941069,0
2026-06-05 14:54:00,,0.1683804702467191,0
2026-06-15 09:34:00,,0.3479078118197323,0
2026-06-22 14:21:00,,0.14072337817951086,1
2026-07-09 09:49:00,,0.19730274378821547,0
2026-07-29 10:51:00,,0.15475576346756928,0
2026-08-06 14:38:00,,0.0415402025089295,0
2026-08-13 10:40:00,,0.03909483891271442,0
2026-08-25 14:00:00,,0.0722801278687069,0
2026-07-24 14:21:00,,0.09518556033320533,0
2026-08-13 14:38:00,,0.10370349218644241,0
2026-08-20 10:29:00,,0.07641878733215393,0
2026-08-21 14:40:00,,0.12642068293696396,0
2026-08-24 14:52:00,,0.06622089105984794,0
2026-07-01 14:59:00,,0.3337705636401012,0
2026-07-14 10:57:00,,0.08207182378413663,0
2026-07-24 10:49:00,,0.08642173147184792,0
2026-07-28 14:59:00,,0.30398345148141304,1
2026-05-27 13:10:00,,0.20777176297961605,0
2026-06-03 09:43:00,,0.31258995301008985,1
2026-06-08 10:29:00,,0.18008114871650985,0
2026-06-23 10:56:00,,0.10320765525831486,0
2026-07-07 10:56:00,,0.11360285949216144,0
2026-08-03 14:55:00,,0.06019397419566638,0
2026-08-21 14:52:00,,0.05012303779118446,0
2026-06-05 13:21:00,,0.04436414855529157,0
2026-06-11 10:19:00,,0.15678243608334846,0
2026-06-24 13:59:00,,0.1130416048569144,0
2026-06-29 13:31:00,,0.19974035325138698,1
2026-07-10 11:29:00,,0.1879957174912538,0
2026-07-17 13:35:00,,0.20982768479293845,0
2026-07-22 13:59:00,,0.08808257887667781,0
2026-07-23 10:36:00,,0.09823541103555064,0
2026-07-29 10:39:00,,0.15980863047162946,0
2026-08-24 13:16:00,,0.0520817745997973,0
2026-09-04 14:36:00,,0.029390774420160314,0
2026-07-15 11:09:00,,0.2347398347966335,1
2026-07-31 13:26:00,,0.27968123532488715,0
2026-08-13 10:10:00,,0.29069651909223204,0
2026-08-20 14:19:00,,0.19629389341820108,0
2026-08-21 14:32:00,,0.09850937458766011,0
2026-06-10 13:34:00,,0.06797313384343173,1
2026-06-23 13:43:00,,0.12246431934102261,0
2026-07-10 09:33:00,,0.30595014064808784,0
2026-07-20 13:51:00,,0.18888116098187116,0
2026-07-28 14:13:00,,0.05800250326416264,0
2026-07-02 14:11:00,,0.08149548103642366,0
2026-08-05 10:16:00,,0.27970940332531624,1
2026-08-11 10:42:00,,0.22581558441007596,0
2026-05-21 14:36:00,,0.5005311637737808,1
2026-06-04 11:21:00,,0.36693640983621706,0
2026-06-05 13:13:00,,0.0008929895264578397,0
2026-06-24 10:18:00,,0.2785708191220142,1
2026-07-06 14:48:00,,0.16592698972929798,0
2026-07-23 09:42:00,,0.33137405488699384,0
2026-08-10 10:02:00,,0.2338463929095116,0
2026-08-31 10:44:00,,0.12907561702895184,1
2026-05-27 11:16:00,,0.15539763811683516,0
2026-05-27 14:41:00,,0.24932981647815278,0
2026-05-27 14:44:00,,0.2090656911052548,0
2026-06-10 10:35:00,,0.27033396353665684,0
2026-06-26 13:28:00,,0.3942404116966725,1
2026-08-13 10:10:00,,0.26988859946411287,0
2026-08-20 13:43:00,,0.1183269822125387,0
2026-05-22 14:06:00,,0.0947505874917706,1
2026-05-25 10:00:00,,0.15675050483314334,0
2026-05-28 09:55:00,,0.23407116934897568,1
2026-06-22 13:31:00,,0.09529984675960515,0
2026-07-13 14:18:00,,0.05338336719594477,0
2026-08-12 10:28:00,,0.1442158256948198,0
2026-08-26 11:11:00,,0.09292810848364534,0
2026-05-26 09:39:00,,0.4106703435422036,0
2026-06-15 09:31:00,,0.41114696471270007,0
2026-07-29 10:32:00,,0.26406912610857897,1
2026-07-31 09:31:00,,0.4060962258929108,0
2026-08-25 13:58:00,,0.1188522559912163,0
2026-06-01 10:08:00,,0.2683509580645019,1
2026-06-12 13:08:00,,0.07495169121184486,0
2026-08-18 13:35:00,,0.24857543944415647,1
2026-09-01 10:00:00,,0.4261912204306068,0
2026-05-22 10:42:00,,0.035821935287888775,0
2026-06-02 09:41:00,,0.2062024007214929,0
2026-06-16 11:15:00,,0.04256340657360613,0
2026-06-17 11:22:00,,0.029434688940353358,0
2026-07-31 11:17:00,,0.13379500892156765,0
2026-08-10 14:35:00,,0.0019728977128302674,0
2026-08-12 13:41:00,,0.3008468391667089,0
2026-08-14 10:38:00,,0.10474407176334986,1
2026-08-20 13:06:00,,0.12807497403494553,0
2026-05-27 11:18:00,,0.1574015169335561,1
2026-06-12 10:52:00,,0.13488570542927775,1
2026-07-17 14:13:00,,0.22827528673635183,0
2026-07-22 14:55:00,,0.23552895318825962,1
2026-07-31 14:06:00,,0.10170438171402112,0
2026-08-07 13:38:00,,0.10519407850555675,1
2026-08-19 14:05:00,,0.09243939217795734,0
2026-08-26 10:51:00,,0.3330484257290571,1
2026-09-04 10:45:00,,0.17170112288248318,0
2026-06-25 09:44:00,,0.4065385007535117,0
2026-07-07 11:06:00,,0.25758034906643706,0
2026-07-09 10:16:00,,0.2914432693389225,0
2026-07-22 10:26:00,,0.2943918726373361,0
2026-07-31 10:21:00,,0.2563244782176289,0
2026-08-04 14:23:00,,0.15517183964715975,1
2026-06-12 14:14:00,,0.12528021321365956,0
2026-06-26 14:22:00,,0.3192788806728245,1
2026-07-30 09:35:00,,0.3386564470720553,1
2026-07-30 10:08:00,,0.42240322821354276,1
2026-05-28 13:56:00,,0.10750931471518667,0
2026-06-10 10:32:00,,0.16844952470109956,0
2026-06-30 10:40:00,,0.13164392204766803,0
2026-07-09 09:48:00,,0.3566250957886479,0
2026-07-09 14:55:00,,0.11126048271770726,0
2026-07-10 09:46:00,,0.32157003771224757,0
2026-07-23 13:43:00,,0.09542365467823027,0
2026-08-03 14:27:00,,0.06736546603970939,0
2026-09-04 10:41:00,,0.07509133293330741,0
2026-05-28 14:36:00,,0.14828069630490304,0
2026-06-09 13:08:00,,0.31905720258426,0
2026-06-15 14:02:00,,0.17730626841838837,0
2026-06-25 13:33:00,,0.29601927971231695,0
2026-07-30 10:24:00,,0.29969462287852205,0
2026-08-20 10:24:00,,0.28372948379987434,1
2026-06-18 10:38:00,,0.31207956797359454,0
2026-07-06 09:49:00,,0.3642070473373931,0
2026-07-22 10:18:00,,0.354551702196536,0
2026-07-24 13:23:00,,0.11849028136466883,0
2026-07-27 13:04:00,,0.18264549604241104,1
2026-08-04 13:55:00,,0.033733831086561444,0
2026-06-01 14:27:00,,0.04284952840190108,0
2026-06-08 10:50:00,,0.11415979369383947,0
2026-06-17 09:38:00,,0.2177033789420103,0
2026-06-22 11:08:00,,0.10205698587500024,0
2026-07-03 10:03:00,,0.17755025562270482,0
2026-07-07 10:17:00,,0.3028954166452581,0
2026-07-13 13:03:00,,0.26327163716897356,0
2026-08-17 14:54:00,,0.0679138024965093,0
2026-09-04 14:03:00,,0.10922907255107067,0
2026-05-29 11:21:00,,0.051073695543609035,0
2026-06-29 13:13:00,,0.3412609822253677,1
2026-07-06 10:48:00,,0.26379688365826454,0
2026-07-08 09:32:00,,0.3649736038524955,0
2026-07-16 10:18:00,,0.14322735406214848,0
2026-08-04 11:23:00,,0.08333280209624704,0
2026-08-18 10:07:00,,0.26240097328644607,0
2026-05-26 10:44:00,,0.18811908434762012,1
2026-05-26 14:24:00,,0.15958431428976674,1
2026-06-10 14:23:00,,0.4243758745840126,0
2026-07-07 10:04:00,,0.3443503670079299,1
2026-07-27 13:02:00,,0.37280561151477615,0
2026-08-20 13:46:00,,0.2167431791702101,1
2026-07-29 09:51:00,,0.4179134277574283,0
2026-07-31 14:16:00,,0.3762529203308033,0
2026-08-05 11:14:00,,0.0008092270662241831,0
2026-08-20 10:56:00,,0.2199393889188663,0
2026-08-20 14:14:00,,0.28820819828436917,0
2026-09-04 10:35:00,,0.2908281148551506,0
2026-09-04 13:01:00,,0.21219689650908563,0
2026-07-08 10:49:00,,0.15622790008931803,0
2026-07-28 11:20:00,,0.3177111233659008,0
2026-07-30 14:48:00,,0.04814179192631564,0
2026-08-04 13:14:00,,0.14976058075344853,0
2026-08-27 13:05:00,,0.10549444108976906,0
2026-08-28 10:11:00,,0.16607501461512272,0
2026-09-03 11:15:00,,0.09586090106787493,0
2026-06-01 14:28:00,,0.059249490420800646,0
2026-06-12 10:20:00,,0.22305646089021616,0
2026-07-27 13:17:00,,0.09098021698040919,1
2026-07-30 13:44:00,,0.10648783810829883,1
2026-08-13 10:38:00,,0.11562517776946217,1
2026-08-24 14:38:00,,0.07189826535705075,0
2026-05-27 09:34:00,,0.3575842143280892,0
2026-06-05 11:28:00,,0.3440210818955347,1
2026-06-25 14:35:00,,0.08718413128113449,0
2026-06-29 10:44:00,,0.14978428448112024,1
2026-07-29 10:30:00,,0.2517771567676396,1
2026-07-29 13:44:00,,0.23135246345365842,0
2026-08-03 14:43:00,,0.3217175093830839,0
2026-08-05 09:55:00,,0.3511986009536064,0
2026-08-06 11:28:00,,0.40579497167166345,1
2026-08-10 09:46:00,,0.34310813105149757,0
2026-08-24 13:39:00,,0.13377897426538837,0
2026-08-26 10:41:00,,0.23815696667014494,0
2026-08-27 13:37:00,,0.11271256494354781,0
2026-08-28 10:54:00,,0.1900999966184955,0
2026-05-25 13:35:00,,0.24407754010227825,1
2026-06-12 14:54:00,,0.10168950775105615,0
2026-06-16 13:25:00,,0.15796996528773066,0
2026-06-30 10:18:00,,0.1817775585504981,0
2026-09-02 14:34:00,,0.04961955210988374,0
2026-09-04 14:21:00,,0.08956816856535672,0
2026-06-05 09:38:00,,0.36181374594074195,0
2026-06-09 09:42:00,,0.008968316825028187,0
2026-06-10 13:14:00,,0.0008273485844065275,0
2026-07-14 09:32:00,,0.37193733506658877,0
2026-08-20 13:17:00,,0.15816623053382148,0
2026-08-25 10:17:00,,0.20279760932280447,0
2026-06-02 14:10:00,,0.1274350300084871,0
2026-06-04 13:44:00,,0.08597335400556737,0
2026-06-24 14:38:00,,0.11976470697275288,0
2026-06-25 14:21:00,,0.15510496095049325,0
2026-07-08 14:20:00,,0.0578932452792908,0
2026-07-28 13:47:00,,0.12114299730844287,0
2026-07-30 13:49:00,,0.1906554547671921,0
2026-06-15 09:31:00,,0.3432009282999853,1
2026-07-03 14:42:00,,0.3493565758235483,1
2026-07-24 09:42:00,,0.355325599823309,1
2026-07-27 11:30:00,,0.308101443218456,0
2026-08-18 10:17:00,,0.2629082275478418,0
2026-05-27 13:06:00,,0.06860267151278734,0
2026-06-08 13:45:00,,0.3456781831641357,1
2026-07-02 14:20:00,,0.10512931933375709,0
2026-08-05 10:16:00,,0.08831765889170916,0
2026-08-12 10:17:00,,0.13930698065122807,0
2026-08-31 09:43:00,,0.2480757129154173,0
2026-07-02 14:05:00,,0.5312448735018329,1
2026-08-13 13:22:00,,0.41031500635609647,1
2026-05-28 11:14:00,,0.0710062003569566,0
2026-06-04 10:57:00,,0.117016203202199,1
2026-07-02 13:38:00,,0.08814484731498327,0
2026-07-07 14:31:00,,0.13751277772322051,1
2026-07-24 14:50:00,,0.16971870794671645,0
2026-08-21 09:38:00,,0.37564466659722534,1
2026-08-26 13:19:00,,0.1959459748967832,1
2026-05-27 11:01:00,,0.04646813036594309,0
2026-06-18 14:41:00,,0.03566312567579182,0
2026-06-25 10:34:00,,0.14939372168940432,1
2026-08-05 10:59:00,,0.048438163286685376,0
2026-09-02 09:33:00,,0.3618220864525597,0
2026-09-02 10:39:00,,0.1417316683627525,0
2026-05-25 13:53:00,,0.11813813022744353,0
2026-05-28 10:50:00,,0.04548400161652079,0
2026-06-24 10:41:00,,0.3182406951254528,1
2026-07-10 09:31:00,,0.4738917405045096,1
2026-07-21 10:08:00,,0.4722911698881144,0
2026-07-24 13:48:00,,0.13629934852116685,1
2026-08-03 13:37:00,,0.1597926145116916,0
2026-09-02 11:06:00,,0.11179725356039594,0
2026-06-22 09:56:00,,0.261840993194114,0
2026-07-29 13:04:00,,0.0803249967589675,1
2026-08-19 14:25:00,,0.026619295709832774,0
2026-05-27 10:30:00,,0.0880879495714788,0
2026-06-26 09:48:00,,0.2845462479726489,0
2026-07-02 10:36:00,,0.18025813098738183,0
2026-07-02 11:23:00,,0.20331119517131863,1
2026-07-06 10:24:00,,0.15145900359578635,0
2026-07-10 11:18:00,,0.14403239346333774,0
2026-07-17 14:54:00,,0.3050521751727743,0
2026-07-24 10:56:00,,0.14028754209926195,0
2026-07-30 09:46:00,,0.21522878786464625,0
2026-07-30 13:57:00,,0.05319673309594159,0
2026-08-14 10:46:00,,0.1128019654954513,0
2026-05-26 10:32:00,,0.2176059466313331,0
2026-06-10 10:24:00,,0.36163153933568365,1
2026-07-20 13:16:00,,0.49699346490361873,0
2026-08-03 14:12:00,,0.1002787840115411,1
2026-06-12 11:04:00,,0.29554158009474824,0
2026-06-17 09:58:00,,0.2709567903252198,1
2026-06-22 09:33:00,,0.3422326015455842,0
2026-06-29 10:30:00,,0.2999922014297767,0
2026-07-08 14:38:00,,0.17165891148995177,0
2026-07-28 13:43:00,,0.17221715231312185,0
2026-08-10 13:31:00,,0.11595164490392006,1
2026-08-31 13:16:00,,0.05463989223265592,0
2026-08-31 14:34:00,,0.03194735980463442,0
2026-06-02 13:10:00,,0.25559521340809965,0
2026-06-16 11:17:00,,0.34080790897629565,0
2026-06-30 10:17:00,,0.28924560829350937,0
2026-07-08 13:57:00,,0.23153856065549067,0
2026-07-09 11:14:00,,0.1887562952358045,0
2026-07-16 13:50:00,,0.1853959684468168,0
2026-06-03 14:10:00,,0.1020987732479308,0
2026-06-29 10:55:00,,0.12500296734923402,1
2026-08-12 14:57:00,,0.25866172545810945,0
2026-08-13 14:14:00,,0.11602608644957069,0
2026-08-20 14:28:00,,0.1042955685577844,1
2026-08-28 13:31:00,,0.1546844360033274,0
2026-05-26 14:14:00,,0.1304354377247579,0
2026-07-08 11:23:00,,0.10051129824095832,1
2026-07-09 10:03:00,,0.3250155503825726,0
2026-07-14 13:55:00,,0.18496702437481077,0
2026-08-12 10:25:00,,0.26128513548289856,0
2026-06-30 14:28:00,,0.08734466133991146,0
2026-07-09 11:27:00,,0.2061797772107377,0
2026-07-22 14:26:00,,0.40927453290325894,0
2026-09-02 13:38:00,,0.10120318621042042,0
2026-06-22 10:48:00,,0.11140624166144425,0
2026-07-29 13:49:00,,0.07151373473907086,0
2026-07-30 10:24:00,,0.16556707274644772,0
2026-05-28 13:31:00,,0.08024022104417888,1
2026-06-10 14:09:00,,0.04125968882499494,0
2026-06-15 14:10:00,,0.04764310193524039,0
2026-07-31 10:11:00,,0.14241189348241917,0
2026-08-13 14:12:00,,0.06455845605266267,0
2026-08-20 14:22:00,,0.06313804277899149,1
2026-05-21 14:12:00,,0.18564703310797603,0
2026-06-02 13:51:00,,0.219965560595249,0
2026-06-03 13:41:00,,0.25773345555956934,0
2026-07-16 14:45:00,,0.3161892438335317,0
2026-07-22 10:32:00,,0.27906958376262914,0
2026-06-01 14:03:00,,0.0673906775042104,0
2026-06-04 10:09:00,,0.14816582624571817,0
2026-06-11 13:16:00,,0.3273364837753607,0
2026-06-24 10:05:00,,0.29666993059451074,1
2026-06-25 13:24:00,,0.19413028911960462,1
2026-08-21 11:19:00,,0.052732560098951484,0
2026-08-27 10:22:00,,0.2718376809683505,1
2026-05-21 09:32:00,,0.41778871424118713,0
2026-07-01 10:08:00,,0.35365810700439626,0
2026-08-10 09:49:00,,0.382046822054143,0
2026-08-13 09:34:00,,0.3987153449336339,0
2026-05-29 13:56:00,,0.3039557284221319,0
2026-06-11 09:33:00,,0.47478134317639703,0
2026-06-26 13:29:00,,0.411130219426566,1
2026-06-29 13:13:00,,0.23461013792128632,1
2026-07-14 13:25:00,,0.3335948357356173,1
2026-08-18 11:13:00,,0.001022384132949681,0
2026-09-01 13:04:00,,0.10322829784801688,0
2026-06-02 14:43:00,,0.06949443683443639,0
2026-07-09 13:28:00,,0.10500245947831784,0
2026-07-20 09:34:00,,0.4399007267094019,0
2026-07-22 14:26:00,,0.08629254875262941,0
2026-07-24 10:41:00,,0.15076880910584795,0
2026-07-24 14:28:00,,0.07553164423115574,0
2026-07-30 10:39:00,,0.07282241453163088,0
2026-08-20 13:06:00,,0.0980897903110209,0
2026-05-28 10:47:00,,0.11575411368670377,0
2026-06-23 10:34:00,,0.134383139077053,0
2026-07-13 13:33:00,,0.14932471401015043,1
2026-07-16 14:31:00,,0.11352425891056858,0
2026-07-20 13:35:00,,0.3363423561005727,0
2026-07-28 13:42:00,,0.19377994511817567,0
2026-05-21 14:06:00,,0.029543171928240054,0
2026-06-08 10:33:00,,0.1338397321700985,0
2026-07-03 11:06:00,,0.04876330585440531,0
2026-07-10 14:46:00,,0.024005220265341704,0
2026-07-29 10:14:00,,0.11752785711103508,1
2026-08-21 11:00:00,,0.03680624214343724,0
2026-08-31 11:16:00,,0.030168536628069745,0
2026-09-03 10:45:00,,0.04665333158576306,0
2026-05-21 13:24:00,,0.16137702208095986,0
2026-05-28 14:54:00,,0.1944036674877963,0
2026-06-04 14:03:00,,0.05612434739045047,0
2026-06-18 13:11:00,,0.06284436054053937,0
2026-06-29 13:25:00,,0.14605465730068615,0
2026-07-06 09:45:00,,0.28501662853330284,0
2026-07-07 09:32:00,,0.4196114584897476,0
2026-08-10 14:50:00,,0.05468441677890181,0
2026-08-11 11:03:00,,0.09875130196180187,0
2026-08-18 11:27:00,,0.28157093994183413,0
2026-08-18 14:04:00,,0.13013767401382853,0
2026-08-24 10:57:00,,0.1762374547497399,0
2026-06-09 10:48:00,,0.1958149617136123,0
2026-07-16 14:51:00,,0.12278273915184157,1
2026-07-28 13:33:00,,0.2948194855785119,0
2026-06-02 13:31:00,,0.11310849741114352,0
2026-06-08 13:07:00,,0.14677674004700186,0
2026-06-24 11:23:00,,0.16881815243909606,1
2026-07-03 13:34:00,,0.09226680774411063,0
2026-08-04 10:06:00,,0.18801148567308443,0
2026-08-04 13:55:00,,0.11259324825629871,1
2026-08-12 10:14:00,,0.18406275291578794,0
2026-08-24 14:20:00,,0.06475103481268804,0
2026-08-27 10:49:00,,0.07113227815501151,0
2026-09-02 11:18:00,,0.11555977172523209,0
2026-05-29 10:58:00,,0.19361912803518497,0
2026-06-02 14:22:00,,0.07673271255685819,0
2026-06-12 11:30:00,,0.14904215897850331,0
2026-06-22 14:32:00,,0.12743388599748037,0
2026-07-06 10:47:00,,0.20942298268126952,0
2026-07-09 11:30:00,,0.2612167603138421,1
2026-05-28 13:39:00,,0.22016160616326158,1
2026-06-03 09:33:00,,0.4356012360297442,0
2026-06-08 14:06:00,,0.37716101573680993,0
2026-06-10 14:14:00,,0.3005123564198928,0
2026-06-11 13:18:00,,0.20289521156474016,1
2026-06-16 10:34:00,,0.1780108694921152,1
2026-07-17 10:56:00,,0.0014087678057889002,0
2026-07-28 10:54:00,,0.15702089382798345,0
2026-07-28 14:35:00,,0.40375766057956375,0
2026-08-10 10:08:00,,0.30822503560007447,0
2026-08-24 11:24:00,,0.18693006124951075,0
2026-05-21 10:54:00,,0.21697233156877208,0
2026-06-09 13:39:00,,0.0007406208091331235,0
2026-06-09 14:16:00,,0.0008033825699357488,0
2026-06-15 11:23:00,,0.1778131341512734,0
2026-06-26 13:28:00,,0.09711478642892382,0
2026-07-06 10:20:00,,0.2275359682754603,0
2026-08-14 09:31:00,,0.3797089229143531,0
2026-09-02 14:08:00,,0.15434624716500273,0
2026-06-03 14:15:00,,0.17705406770810317,0
2026-06-16 13:21:00,,0.12480786099673097,0
2026-06-22 09:34:00,,0.3690250087150809,0
2026-07-17 10:28:00,,0.25123330984466746,0
2026-07-27 13:42:00,,0.08962771924421431,1
2026-08-13 15:00:00,,0.5301965256620694,1
2026-08-19 11:21:00,,0.11476633076406716,0
2026-07-07 11:08:00,,0.10968252535138763,0
2026-07-08 13:19:00,,0.17886812678318767,0
2026-07-10 10:21:00,,0.28248530417688894,1
2026-07-13 11:20:00,,0.14639400773054959,0
2026-07-23 10:19:00,,0.15678762909032,0
2026-07-30 13:06:00,,0.11591534276034395,0
2026-08-19 09:39:00,,0.3058474292247693,0
2026-08-20 11:09:00,,0.14475376126558057,0
2026-09-04 14:50:00,,0.0810780928459148,1
2026-05-22 10:44:00,,0.241471286180107,0
2026-06-25 14:02:00,,0.2199384057154532,0
2026-08-13 13:33:00,,0.19908425638912225,0
2026-08-24 13:32:00,,0.21457761755853846,0
2026-09-03 14:57:00,,0.4588017147386618,0
2026-05-22 14:05:00,,0.14207952992335107,0
2026-05-26 13:53:00,,0.10617549743973782,0
2026-05-27 10:33:00,,0.19907468304048415,0
2026-06-22 11:18:00,,0.2571427483674172,1
2026-07-08 14:21:00,,0.2089302426329478,1
2026-07-29 14:32:00,,0.0008552916349062677,0
2026-08-11 09:36:00,,0.457417295074631,0
2026-08-12 11:29:00,,0.07495190509975919,0
2026-08-13 13:32:00,,0.0736058152268957,0
2026-08-21 13:35:00,,0.12235345791489292,1
2026-05-22 13:19:00,,0.16059058996842368,0
2026-06-17 11:14:00,,0.15657979889811782,0
2026-07-13 13:59:00,,0.08996780323608887,0
2026-07-22 14:58:00,,0.2485812027680383,1
2026-07-24 14:32:00,,0.04742740402006062,0
2026-07-30 10:39:00,,0.17215280936781194,0
2026-08-04 10:49:00,,0.10987331644337207,0
2026-08-17 13:03:00,,0.12655104185695554,0
2026-06-09 10:11:00,,0.20642933452219697,0
2026-07-03 09:50:00,,0.3699391344862219,1
2026-07-22 13:12:00,,0.2860424472980197,0
2026-08-06 10:46:00,,0.14417217460426146,0
2026-08-07 14:34:00,,0.08876807171986623,0
2026-08-11 13:26:00,,0.20555608842156467,0
2026-06-10 10:58:00,,0.2590829320605364,1
2026-06-18 09:46:00,,0.18621181938562942,1
2026-06-18 13:20:00,,0.09627290763384248,0
2026-07-13 13:09:00,,0.26584837914384013,0
2026-09-04 10:38:00,,0.06960127711966584,0
2026-05-26 09:45:00,,0.23822546881200057,1
2026-06-08 11:14:00,,0.2630382777498806,0
2026-07-03 14:17:00,,0.13664887391482458,0
2026-07-22 14:12:00,,0.4142157737492563,0
2026-07-29 10:53:00,,0.4168111695982308,0
2026-08-10 11:07:00,,0.15306003650066477,0
2026-08-17 11:26:00,,0.16255084646489276,1
2026-09-02 11:17:00,,0.06294044334199995,0
2026-09-02 14:24:00,,0.044726102233165,0
2026-09-03 14:40:00,,0.052405549972604146,0
2026-06-04 13:03:00,,0.15976510283746528,1
2026-07-03 10:41:00,,0.23588002244968312,0
2026-07-28 10:14:00,,0.297647279438573,0
2026-08-03 10:40:00,,0.22169805285185382,1
2026-08-06 09:31:00,,0.3662237333608815,0
2026-08-19 10:47:00,,0.24399078925989176,1
2026-08-25 14:44:00,,0.1520292213822529,0
2026-06-09 11:13:00,,0.06419426227648925,0
2026-06-17 10:13:00,,0.08003791465868829,0
2026-07-03 11:25:00,,0.13825069525903416,0
2026-07-08 11:17:00,,0.05249957049996194,0
2026-07-10 09:50:00,,0.19306104948911967,0
2026-07-14 11:12:00,,0.13054891756540285,0
2026-08-05 11:01:00,,0.06536567521967335,0
2026-08-31 11:20:00,,0.08813224480490965,0
2026-06-12 13:20:00,,0.19473027117854214,0
2026-08-12 11:19:00,,0.1310043935035434,1
2026-08-12 13:02:00,,0.2587041908610062,0
2026-08-28 14:51:00,,0.1313270167127917,0
2026-07-29 13:43:00,,0.1333901709996719,0
2026-07-31 10:27:00,,0.22525650661552138,1
2026-08-13 11:09:00,,0.05224632641210639,0
2026-08-13 13:25:00,,0.05861035176881455,0
2026-08-17 14:17:00,,0.10423078755308238,0
2026-08-19 14:11:00,,0.2370958114578049,0
2026-05-28 13:37:00,,0.18211032417680514,1
2026-06-08 11:04:00,,0.27833766033222296,1
2026-06-12 09:44:00,,0.29111374148905156,0
2026-06-30 10:56:00,,0.1501516776906877,0
2026-07-15 10:53:00,,0.10676376151037435,0
2026-08-19 10:27:00,,0.2846076479999435,0
2026-06-11 14:31:00,,0.1503536647140835,0
2026-06-17 11:08:00,,0.23454965855580195,0
2026-06-29 13:06:00,,0.18153780970173147,0
2026-07-07 11:19:00,,0.15519930020108663,0
2026-07-08 10:05:00,,0.37927396730413027,0
2026-08-19 13:09:00,,0.10863391731792997,0
2026-08-20 11:29:00,,0.1683304768041657,0
2026-08-26 14:58:00,,0.4739328682728959,1
2026-06-04 14:49:00,,0.041523610616890215,0
2026-06-08 09:53:00,,0.12123721757529762,0
2026-06-15 10:45:00,,0.02701392495599081,0
2026-06-22 11:03:00,,0.07599615038102973,1
2026-07-17 14:14:00,,0.06612783380868593,0
2026-07-30 11:06:00,,0.04537939755690313,0
2026-08-10 10:48:00,,0.028398408858753253,0
2026-08-19 11:15:00,,0.040546153673526826,0
2026-08-21 09:46:00,,0.15041000540426666,0
2026-08-21 14:26:00,,0.035453985618610184,0
2026-08-21 14:57:00,,0.29387608291043016,0
2026-09-01 14:51:00,,0.02686858518397643,0
2026-06-25 09:45:00,,0.35534284139287,0
2026-07-07 13:56:00,,0.1340385785337327,0
2026-08-13 11:00:00,,0.12122375801445179,0
2026-07-07 11:04:00,,0.17567951504560134,1
2026-08-12 13:56:00,,0.1786087286137602,0
2026-09-01 10:27:00,,0.2523772625374812,0
2026-06-25 13:35:00,,0.16620968803095595,0
2026-06-29 14:34:00,,0.1066717000113614,0
2026-07-13 14:50:00,,0.2133993224872461,0
2026-09-03 14:15:00,,0.1019620123082105,0
2026-06-17 10:14:00,,0.37582932849515993,1
2026-07-13 13:15:00,,0.009279333485180348,0
2026-08-11 10:16:00,,0.20486280706523022,0
2026-08-13 13:27:00,,0.18579190363429815,1
2026-08-17 14:43:00,,0.12566940089435305,0
2026-08-27 09:42:00,,0.33220712339617825,1
2026-09-03 10:04:00,,0.3162259062851937,1
2026-05-27 13:27:00,,0.19325108324906562,0
2026-06-25 09:44:00,,0.38074445838171805,0
2026-06-25 11:22:00,,0.21104929063643774,0
2026-07-24 10:28:00,,0.20411251810456119,1
2026-07-27 11:05:00,,0.1087657684377305,0
2026-07-30 10:30:00,,0.159028660599203,0
2026-08-19 14:58:00,,0.450796330037198,1
2026-08-21 14:28:00,,0.12674031010164516,0
2026-05-21 13:21:00,,0.10742689531555262,0
2026-08-24 14:13:00,,0.11078589163608801,0
2026-08-24 14:28:00,,0.11069034611875446,0
2026-06-22 11:11:00,,0.29002114665270085,1
2026-07-02 10:54:00,,0.15134459486948734,0
2026-07-16 14:51:00,,0.09288928589125434,0
2026-07-29 14:07:00,,0.0023022743493626634,0
2026-08-14 10:33:00,,0.24968516261688928,1
2026-08-21 13:43:00,,0.24715596208962828,1
2026-08-31 14:07:00,,0.1920414863203287,0
2026-09-04 10:28:00,,0.0009023828221202467,0
2026-06-16 10:12:00,,0.19430549112388296,0
2026-06-26 13:34:00,,0.2207118424419674,0
2026-07-16 13:57:00,,0.16464602822372176,0
2026-08-31 13:22:00,,0.20786551747881185,0
2026-05-26 10:08:00,,0.3417397932877904,0
2026-06-11 15:00:00,,0.616578543545402,0
2026-06-17 09:56:00,,0.35825598893841654,1
2026-07-21 14:24:00,,0.18656065293956997,0
2026-08-03 09:56:00,,0.33786308813541743,0
2026-08-13 14:37:00,,0.2094294664797018,0
2026-08-28 10:15:00,,0.2500932449109286,0
2026-08-31 10:16:00,,0.2622623181136829,0
2026-05-21 13:15:00,,0.18056924613242914,1
2026-06-23 13:31:00,,0.10760572903932855,1
2026-06-24 10:28:00,,0.2762707557279468,0
2026-06-25 09:41:00,,0.35156362440715533,1
2026-07-02 09:42:00,,0.3378672925324545,0
2026-07-02 14:35:00,,0.18569250941790882,0
2026-07-14 14:18:00,,0.23193653768416247,0
2026-07-20 14:41:00,,0.3073523322713666,1
2026-07-29 14:33:00,,0.07784615301661059,0
2026-08-18 10:29:00,,0.22976868233696257,0
2026-08-25 14:20:00,,0.058496662154754846,0
2026-07-06 11:21:00,,0.24746874146166917,0
2026-07-13 13:18:00,,0.3676422633782125,0
2026-07-21 13:08:00,,0.28981837820450823,0
2026-08-13 10:24:00,,0.26400338546975527,0
2026-08-13 10:49:00,,0.19701885786327802,0
2026-05-25 14:54:00,,0.1300895078552141,0
2026-07-17 11:09:00,,0.33753571433690654,0
2026-07-31 13:38:00,,0.14007033223877113,0
2026-08-06 14:22:00,,0.1532430761009954,0
2026-06-18 10:32:00,,0.32568574618599755,0
2026-08-03 10:58:00,,0.24385816321026976,1
2026-08-07 13:22:00,,0.24100539336221954,1
2026-08-11 11:30:00,,0.0016964937325323942,0
2026-09-03 10:03:00,,0.2515120557397647,1
2026-06-24 10:09:00,,0.32063578687168853,0
2026-07-02 13:17:00,,0.29284591894321815,0
2026-07-03 14:00:00,,0.15250850318457262,1
2026-05-22 10:05:00,,0.2644583901242957,0
2026-06-15 10:21:00,,0.10204984203720212,0
2026-06-25 14:29:00,,0.0680137947941967,0
2026-07-09 13:05:00,,0.3302494932751535,0
2026-08-31 09:33:00,,0.3685246132364445,0
2026-09-02 10:33:00,,0.15113582349834212,0
2026-05-27 09:47:00,,0.31894555498228044,0
2026-06-11 10:37:00,,0.20753159135470192,0
2026-06-22 14:54:00,,0.06100269922487192,0
2026-07-06 11:26:00,,0.20517009890926688,1
2026-07-08 10:46:00,,0.1709156648062067,0
2026-07-31 11:25:00,,0.14130645251862853,0
2026-08-06 10:41:00,,0.18132091694634947,0
2026-08-12 09:37:00,,0.275197143956227,0
2026-05-21 13:21:00,,0.25459460402034306,1
2026-05-22 10:03:00,,0.3462031233809261,1
2026-05-27 14:54:00,,0.1764534903897199,0
2026-06-30 10:26:00,,0.3455176775588897,0
2026-07-15 14:07:00,,0.0813637900615035,0
2026-07-21 14:46:00,,0.09553866602196139,0
2026-07-31 14:54:00,,0.2652252681960027,0
2026-08-31 10:44:00,,0.13804518128312854,0
2026-06-02 14:36:00,,0.07565624522186257,0
2026-08-21 14:17:00,,0.06570299324053375,0
2026-08-27 10:28:00,,0.18512004436898674,0
2026-05-21 14:33:00,,0.2710431831270077,0
2026-05-25 14:51:00,,0.11970265879240202,0
2026-05-25 14:56:00,,0.2595903307799913,0
2026-05-29 14:44:00,,0.39098744429337573,1
2026-06-18 13:50:00,,0.1540204634421069,0
2026-07-01 10:33:00,,0.19988872936012744,1
2026-07-09 13:21:00,,0.16957074871685482,0
2026-07-31 10:12:00,,0.2143857524201175,0
2026-08-06 09:42:00,,0.31036059522262455,0
2026-06-02 14:16:00,,0.06551946858421116,0
2026-06-29 14:15:00,,0.17770607710398043,0
2026-07-21 14:05:00,,0.13333775993833563,0
2026-07-23 13:28:00,,0.17334066439498008,0
2026-07-29 13:20:00,,0.11796551731159359,0
2026-07-31 10:47:00,,0.07860593157059347,1
2026-08-18 13:42:00,,0.06632515858577082,0
2026-08-21 14:35:00,,0.059669211162040846,0
2026-08-24 10:49:00,,0.15429415761881854,0
2026-08-24 13:50:00,,0.11644053370753299,0
2026-08-28 09:44:00,,0.26489605653819703,0
2026-09-04 11:07:00,,0.1268675536541669,0
2026-05-26 11:01:00,,0.1080050350055272,0
2026-06-15 10:04:00,,0.2334547139417671,0
2026-06-29 10:19:00,,0.2571918931325168,1
2026-07-01 14:22:00,,0.06879309376960746,0
2026-07-02 14:39:00,,0.056964860327789454,0
2026-07-06 13:25:00,,0.14734490941850112,0
2026-07-07 10:12:00,,0.22006470186269936,0
2026-08-24 14:17:00,,0.0009169440271770699,0
2026-08-26 11:02:00,,0.24223403370039215,0
2026-08-28 09:42:00,,0.3279746309809733,1
2026-09-03 14:50:00,,0.08272476721971564,0
2026-06-25 13:17:00,,0.15394208178467478,1
2026-07-24 13:28:00,,0.2425342042730834,0
2026-07-28 09:48:00,,0.3384781482224657,0
2026-08-26 10:30:00,,0.31830157187385505,1
2026-05-26 11:21:00,,0.2631614406973329,0
2026-06-11 13:39:00,,0.47441466755793044,0
2026-09-04 11:24:00,,0.09346529751978154,0
2026-06-24 14:27:00,,0.15384297490023865,1
2026-08-03 13:11:00,,0.1616372563806779,0
2026-08-06 09:45:00,,0.38870071211566826,0
2026-08-28 13:54:00,,0.20469965679080016,0
2026-09-03 11:22:00,,0.19627465409170766,0
2026-05-27 14:21:00,,0.1440219743650469,0
2026-07-31 10:45:00,,0.06895814367417369,0
2026-08-07 09:53:00,,0.23822907426351494,0
2026-08-10 10:11:00,,0.10427534579200667,0
2026-08-12 09:40:00,,0.22063017690308512,0
2026-08-26 09:35:00,,0.1969195135275839,0
2026-09-03 10:53:00,,0.23513124043115122,0
2026-09-04 09:33:00,,0.36497846222781377,0
2026-06-22 14:37:00,,0.14313623793692992,1
2026-07-02 13:19:00,,0.09627869758777796,0
2026-07-17 10:20:00,,0.3093300096391752,0
2026-07-28 10:55:00,,0.09668201107933799,0
2026-08-03 10:10:00,,0.18727041836794361,0
2026-08-11 14:49:00,,0.08132968606565989,0
2026-05-21 10:27:00,,0.0008041137167901282,0
2026-06-15 10:28:00,,0.14648113766681964,0
2026-07-02 10:44:00,,0.2590735720710495,0
2026-07-06 11:03:00,,0.18113039830380825,0
2026-07-08 13:24:00,,0.35672998986151344,1
2026-08-11 14:41:00,,0.11137209613397878,1
2026-08-19 13:28:00,,0.19529735232060963,0
2026-08-25 14:01:00,,0.09199147623521954,0
2026-05-22 11:05:00,,0.18000943510732295,1
2026-06-08 09:56:00,,0.3751545224585153,0
2026-06-15 14:09:00,,0.13288386048319756,0
2026-07-17 14:59:00,,0.44585475086930365,1
2026-07-24 09:41:00,,0.36704353465348927,1
2026-08-12 13:57:00,,0.1318485765283355,0
2026-08-17 14:38:00,,0.18368801073431895,0
2026-08-24 13:22:00,,0.25356335286021014,0
2026-08-27 14:08:00,,0.11093775610787765,0
2026-09-02 14:12:00,,0.2440493922963495,0
2026-06-05 10:55:00,,0.2509713472323813,0
2026-06-08 09:47:00,,0.3700962005864939,1
2026-06-25 14:36:00,,0.10827864400076109,0
2026-07-20 10:23:00,,0.3569973093901798,1
2026-07-20 10:37:00,,0.3436278548574787,1
2026-05-21 13:26:00,,0.12397740254569521,0
2026-06-03 10:43:00,,0.2624541035961882,1
2026-06-18 14:43:00,,0.08167822000780386,0
2026-07-01 14:12:00,,0.12540150971055783,1
2026-07-14 11:00:00,,0.27669216259763657,0
2026-07-17 13:19:00,,0.1540767504923101,0
2026-05-25 10:05:00,,0.27365589074443336,0
2026-06-02 13:06:00,,0.27756381701323174,0
2026-06-15 10:22:00,,0.24530402589147393,1
2026-07-01 13:13:00,,0.25227122949372655,0
2026-07-02 11:14:00,,0.2619943545104126,1
2026-07-14 09:41:00,,0.3446015503166393,1
2026-07-30 11:12:00,,0.06964890169717666,0
2026-08-05 09:39:00,,0.2851634781080544,0
2026-08-07 10:19:00,,0.14205901689111192,0
2026-08-18 10:45:00,,0.08981437508836812,0
2026-08-20 13:57:00,,0.07477327616177934,0
2026-08-24 14:24:00,,0.13763032939425343,0
2026-06-02 11:27:00,,0.1977247057395446,1
2026-07-10 13:16:00,,0.30595318212300826,1
2026-07-29 13:22:00,,0.19478987973175407,0
2026-08-31 09:59:00,,0.33872902701001495,0
2026-05-25 10:37:00,,0.4540203766858872,0
2026-07-01 10:06:00,,0.21968768701789768,0
2026-07-08 10:57:00,,0.06702916422427974,0
2026-07-20 10:02:00,,0.3122861691594703,0
2026-08-04 11:13:00,,0.342648186436279,0
2026-08-14 10:32:00,,0.40822082595925085,0
2026-08-17 11:30:00,,0.5135743979142537,1
2026-06-01 10:13:00,,0.202008487394855,1
2026-06-01 14:57:00,,0.2497824190085148,0
2026-06-09 09:52:00,,0.24259684856891503,0
2026-06-12 13:09:00,,0.30317659597043256,1
2026-07-29 13:28:00,,0.1992719601705786,0
2026-07-31 11:27:00,,0.08899579497132026,0
2026-08-06 14:56:00,,0.21694008692275873,0
2026-08-10 14:01:00,,0.2037321996464504,0
2026-05-28 13:30:00,,0.19668318209003754,1
2026-06-01 10:58:00,,0.14557304658893067,1
2026-06-22 09:51:00,,0.26577540268610106,0
2026-06-26 10:36:00,,0.30024468069927557,0
2026-07-02 11:30:00,,0.1406866519348009,0
2026-07-08 14:53:00,,0.12697834778307873,0
2026-06-11 09:37:00,,0.38538875170091097,0
2026-07-29 13:04:00,,0.22038733724800394,1
2026-08-26 09:41:00,,0.2562000971104105,1
2026-08-27 11:29:00,,0.2073481753300704,0
2026-08-31 13:25:00,,0.17800088010020282,0
2026-06-09 15:00:00,,0.3182460122777461,0
2026-06-11 10:15:00,,0.181264579940452,0
2026-06-18 10:44:00,,0.13131706332541634,0
2026-07-15 13:31:00,,0.16068534093799566,1
2026-08-04 10:04:00,,0.2667613919166018,0
2026-09-03 09:37:00,,0.3543946471538383,0
2026-05-21 10:23:00,,0.1853058094183182,0
2026-05-27 13:35:00,,0.22017814623177664,0
2026-05-28 13:25:00,,0.15926332083425726,0
2026-05-29 14:29:00,,0.09314198292681984,1
2026-06-15 13:54:00,,0.15765740224202351,1
2026-07-03 09:52:00,,0.2555346754892819,0
2026-07-14 13:38:00,,0.19531065473702627,0
2026-07-24 14:49:00,,0.06885071889196671,0
2026-07-30 09:34:00,,0.2975269927580829,1
2026-08-28 13:41:00,,0.0006290584019528786,0
2026-06-15 10:13:00,,0.3291690685553402,0
2026-06-16 14:49:00,,0.32066181306423486,0
2026-06-22 13:47:00,,0.13899192187177742,0
2026-07-02 13:17:00,,0.3009053973169726,0
2026-07-08 13:55:00,,0.2217689965293727,0
2026-07-20 14:49:00,,0.18342990397510697,1
2026-07-27 14:29:00,,0.4075462436491171,1
2026-08-19 10:02:00,,0.3394469181792773,1
2026-09-04 13:56:00,,0.13898489381495582,0
2026-06-08 14:51:00,,0.13679097769349777,0
2026-06-16 11:22:00,,0.10599899225794444,0
2026-06-29 10:37:00,,0.27516390814844033,0
2026-07-03 11:06:00,,0.13510679166467843,0
2026-07-06 10:58:00,,0.15576148021846148,0
2026-07-20 13:23:00,,0.182469136529343,0
2026-08-13 14:41:00,,0.07920216515908841,0
2026-08-25 10:27:00,,0.1066085606113589,0
2026-05-22 11:00:00,,0.09368395018723176,0
2026-05-27 09:31:00,,0.3642993731986614,1
2026-06-02 09:58:00,,0.31860249061458273,0
2026-07-06 14:44:00,,0.08241731547156099,0
2026-07-07 13:55:00,,0.145017927791048,1
2026-07-20 14:08:00,,0.3189475195113401,0
2026-07-30 13:37:00,,0.3417135317897346,0
2026-08-06 09:45:00,,0.29194055823630183,0
2026-08-10 10:32:00,,0.12397864987689242,0
2026-08-13 10:08:00,,0.09761763604107541,0
2026-05-27 10:24:00,,0.29648499554591495,0
2026-05-29 09:53:00,,0.2034703605015409,0
2026-06-22 14:18:00,,0.15129551700403096,0
2026-06-26 13:24:00,,0.193012179959826,0
2026-07-02 13:53:00,,0.11345204091858174,0
2026-07-06 10:26:00,,0.214861918129537,0
2026-07-08 10:47:00,,0.179066069561823,0
2026-07-20 13:34:00,,0.27474469135611046,0
2026-07-28 10:39:00,,0.09941252770178613,0
2026-08-17 11:28:00,,0.18950740822762327,0
2026-08-19 10:28:00,,0.2109161080171606,0
2026-06-12 09:54:00,,0.3750608977185758,1
2026-06-15 11:05:00,,0.2206260285974845,0
2026-06-18 11:18:00,,0.20820295476591755,1
2026-08-05 14:16:00,,0.16451807891172873,0
2026-08-26 10:38:00,,0.21292185153157028,0
2026-07-09 10:38:00,,0.37055399997891825,0
2026-07-15 13:51:00,,0.2911321374561058,0
2026-08-05 09:46:00,,0.3745756450023753,0
2026-08-05 14:51:00,,0.0026618961981533336,0
2026-08-26 09:48:00,,0.3793720915104435,0
2026-06-22 10:57:00,,0.229483045495423,1
2026-07-01 14:20:00,,0.10398111274991632,0
2026-07-08 13:05:00,,0.1775251582562938,1
2026-07-20 09:34:00,,0.35117395947063196,0
2026-08-04 14:44:00,,0.025129442700877316,0
2026-08-19 14:23:00,,0.0685838918256381,0
2026-08-20 11:09:00,,0.07924153157334374,0
2026-05-27 10:01:00,,0.4059829129167072,1
2026-06-01 10:04:00,,0.4166433589522068,0
2026-06-09 11:08:00,,0.28356752849730515,0
2026-06-15 10:05:00,,0.3344891153447052,1
2026-06-16 14:56:00,,0.30350151869262354,0
2026-07-21 10:09:00,,0.33243701515576557,0
2026-07-31 14:22:00,,0.1956276868702871,0
2026-08-04 14:55:00,,0.002841541846036451,0
2026-08-27 14:07:00,,0.0008654601973383482,0
2026-06-05 11:29:00,,0.3253495783761501,1
2026-06-05 13:01:00,,0.2502747662105599,1
2026-06-15 10:06:00,,0.4904295943576701,0
2026-06-15 10:49:00,,0.3245150206979823,0
2026-06-25 09:35:00,,0.3426178348652221,1
2026-07-06 14:28:00,,0.23864764508951816,0
2026-08-13 14:13:00,,0.05608199088288125,0
2026-08-18 13:03:00,,0.10221193867164183,0
2026-08-19 11:28:00,,0.11241788064390144,0
2026-08-28 09:41:00,,0.26347903102687814,0
2026-05-28 10:13:00,,0.3397856469532169,0
2026-06-16 13:01:00,,0.14999268880710995,0
2026-07-16 09:45:00,,0.29933906625573253,0
2026-07-24 09:46:00,,0.27892749446725873,0
2026-09-02 10:11:00,,0.2675234082379411,0
2026-07-06 13:42:00,,0.05758539553553662,0
2026-07-10 11:18:00,,0.16436309231915322,0
2026-07-14 09:44:00,,0.2676492884434399,1
2026-08-10 10:50:00,,0.07790624305820927,0
2026-08-17 13:32:00,,0.04553160272371288,0
2026-08-24 09:38:00,,0.2849876482615397,1
2026-09-03 11:27:00,,0.09717005711636224,0
2026-05-21 10:30:00,,0.17319380779471166,1
2026-06-03 10:42:00,,0.04778384781916356,0
2026-06-11 11:25:00,,0.19609278438452926,0
2026-06-18 11:20:00,,0.16811551109736447,1
2026-06-26 14:47:00,,0.055803118782186974,0
2026-07-06 10:59:00,,0.1250499014037152,0
2026-07-23 09:45:00,,0.3117260733109342,0
2026-08-19 10:04:00,,0.14245237877506323,0
2026-08-24 14:45:00,,0.06341373942438167,0
2026-09-03 14:10:00,,0.05680686904140383,0
2026-06-01 14:36:00,,0.1529272656874902,0
2026-06-12 14:44:00,,0.1956739516054055,0
2026-07-10 14:40:00,,0.0015904878457097817,0
2026-08-26 14:22:00,,0.12455493261175088,1
2026-05-27 13:56:00,,0.10676459116842306,0
2026-05-28 14:32:00,,0.15321239169294307,0
2026-06-18 14:14:00,,0.20204177674134588,0
2026-08-31 14:08:00,,0.14650541252972774,1
2026-05-26 14:56:00,,0.2781505188226544,0
2026-06-17 14:13:00,,0.13633311377332336,0
2026-07-23 10:36:00,,0.13583970186054498,0
2026-06-09 10:55:00,,0.22014484819418484,1
2026-06-23 11:12:00,,0.15186444056098847,0
2026-06-26 13:50:00,,0.1763037164219563,0
2026-06-26 14:31:00,,0.2555101514212368,0
2026-07-02 11:30:00,,0.0032168142578597406,0
2026-07-17 13:07:00,,0.2644310455782108,0
2026-07-24 11:20:00,,0.14599629316754684,0
2026-08-04 14:50:00,,0.08623441173030381,0
2026-08-05 14:51:00,,0.332545313194123,1
2026-08-27 11:16:00,,0.09430187949425209,0
2026-08-28 14:29:00,,0.09688235585402066,1
2026-06-11 13:29:00,,0.20071504450433322,0
2026-07-27 14:52:00,,0.1904085685811972,0
2026-07-31 14:07:00,,0.04612777267427549,0
2026-08-03 09:59:00,,0.2133364845862032,0
2026-08-05 14:56:00,,0.18634259040944012,0
2026-08-13 11:04:00,,0.1151650408218378,0
2026-06-23 09:41:00,,0.27408253683286155,1
2026-07-06 10:43:00,,0.28792104133780955,0
2026-07-09 10:02:00,,0.37050852469074225,0
2026-07-24 14:49:00,,0.15097020346371962,0
2026-08-04 13:23:00,,0.13104360761635633,0
2026-08-07 14:19:00,,0.08959407848377322,0
2026-08-10 14:15:00,,0.09667179324911215,0
2026-08-12 14:55:00,,0.07744310942117336,0
2026-08-13 14:42:00,,0.2006599291245147,0
2026-08-14 10:55:00,,0.13398014275844916,0
2026-06-01 09:49:00,,0.27185238034823234,0
2026-06-12 09:53:00,,0.2759376256651263,0
2026-08-03 14:01:00,,0.1396226757003457,0
2026-08-03 14:06:00,,0.10818986166319625,1
2026-08-19 13:31:00,,0.2182425603587329,0
2026-08-25 11:29:00,,0.1979876630060421,1
2026-06-18 11:03:00,,0.21162877926416557,0
2026-06-30 14:02:00,,0.25910580672697625,0
2026-07-27 10:54:00,,0.23542009285349066,0
2026-07-31 11:01:00,,0.1927354824330251,0
2026-08-05 13:39:00,,0.25121761196216336,0
2026-08-06 09:47:00,,0.27659827801349246,0
2026-08-13 13:45:00,,0.08110079371711831,0
2026-08-17 14:56:00,,0.24850794091930098,0
2026-06-03 13:14:00,,0.3280119239314639,1
2026-06-11 09:35:00,,0.41142177193514884,0
2026-06-26 13:22:00,,0.22731814614520338,0
2026-07-17 10:29:00,,0.337809942657763,0
2026-07-28 10:22:00,,0.13487231521833654,1
2026-07-29 13:59:00,,0.22481787312364354,0
2026-06-04 09:34:00,,0.3865407230690016,0
2026-06-18 09:37:00,,0.34408591703257896,0
2026-06-24 14:51:00,,0.1902344520676558,1
2026-07-07 13:50:00,,0.21229514208296982,0
2026-07-13 09:30:00,,0.46985954197505675,0
2026-07-16 15:00:00,,0.3367352035825177,0
2026-08-03 13:23:00,,0.04945255967047453,0
2026-08-10 14:42:00,,0.14510759130236645,0
2026-08-26 09:49:00,,0.2563532939090624,0
2026-06-05 13:05:00,,0.2217396110581287,0
2026-06-18 14:52:00,,0.1395518557563564,0
2026-07-30 09:52:00,,0.30173377125078754,0
2026-08-07 10:30:00,,0.24559789860910528,0
2026-08-14 10:06:00,,0.4029253459871927,1
2026-05-22 11:12:00,,0.17429680677907292,0
2026-05-25 13:19:00,,0.2759688996582134,0
2026-06-12 10:38:00,,0.3507483423847631,1
2026-08-17 14:25:00,,0.11047573721021893,0
2026-06-03 13:41:00,,0.2606787039109004,1
2026-06-10 13:01:00,,0.2536137819220557,1
2026-06-22 10:49:00,,0.18332595271176477,0
2026-07-03 13:38:00,,0.22954653663637278,0
2026-07-06 11:22:00,,0.27326463737867634,1
2026-07-13 15:00:00,,0.4723708790594184,1
2026-07-31 10:56:00,,0.2177528974421046,0
2026-08-03 10:00:00,,0.3515532549687899,1
2026-09-01 11:14:00,,0.14709580355232343,0
2026-06-03 10:24:00,,0.11758611346773255,0
2026-06-16 13:57:00,,0.13134089954551487,0
2026-06-25 14:58:00,,0.4532259738536902,0
2026-07-01 13:59:00,,0.19493752306512016,1
2026-08-28 13:03:00,,0.2605743920539551,0
2026-06-12 10:15:00,,0.32388895124769734,0
2026-07-01 09:36:00,,0.35632007385902975,1
2026-07-22 13:15:00,,0.0807386437433438,0
2026-07-29 10:47:00,,0.11938797983299683,0
2026-08-03 10:34:00,,0.15024869010984465,0
2026-05-25 13:13:00,,0.11814680991557652,0
2026-06-03 10:52:00,,0.12883499433801818,0
2026-06-10 13:15:00,,0.18350960140217382,1
2026-07-02 10:46:00,,0.1611601627558426,0
2026-07-28 13:29:00,,0.10854097742283023,0
2026-09-03 09:56:00,,0.320258044668294,0
2026-05-22 13:31:00,,0.1396111846723333,0
2026-07-09 13:23:00,,0.26806565022608453,1
2026-07-10 09:34:00,,0.33562462388239234,1
2026-07-14 13:12:00,,0.22928118626409888,0
2026-05-28 10:35:00,,0.2287282632455773,0
2026-07-03 14:48:00,,0.08104720179953029,0
2026-07-21 13:07:00,,0.31144519114399244,0
2026-07-30 13:33:00,,0.2189697373194839,0
2026-08-03 11:13:00,,0.2364941459147854,1
2026-08-13 14:18:00,,0.06781624382247017,0
2026-08-20 13:57:00,,0.09699556488336601,0
2026-08-20 14:11:00,,0.05522325299573547,0
2026-05-28 13:32:00,,0.16614162150421968,1
2026-06-09 14:13:00,,0.10302298564367586,0
2026-07-09 13:44:00,,0.14674748333043108,0
2026-07-14 10:58:00,,0.12170702361940454,0
2026-07-21 09:53:00,,0.3043208865235576,0
2026-07-23 09:31:00,,0.39608099008502096,0
2026-08-24 11:27:00,,0.14824007851955887,0
2026-05-26 11:18:00,,0.24265011515500443,0
2026-06-22 10:55:00,,0.3275453068245191,0
2026-07-06 13:13:00,,0.19898118135460685,0
2026-07-23 14:07:00,,0.1061461349039877,0
2026-08-25 14:37:00,,0.19284418088821864,0
2026-09-02 14:11:00,,0.1314659095307006,0
2026-05-22 10:34:00,,0.21010937740121644,1
2026-06-01 10:03:00,,0.31646344846891,0
2026-07-20 13:03:00,,0.03197289351891315,0
2026-07-24 10:37:00,,0.27056088738185347,0
2026-08-03 11:20:00,,0.1142348422022386,0
2026-06-15 13:01:00,,0.13225346045951475,0
2026-07-07 11:04:00,,0.162903766841446,1
2026-08-03 09:59:00,,0.23896674419090608,0
2026-08-05 13:47:00,,0.08216393761958032,0
2026-08-06 14:49:00,,0.09889777968311975,0
2026-08-11 14:45:00,,0.06073121943554495,0
2026-08-14 13:41:00,,0.07619714723486515,0
2026-08-19 13:30:00,,0.16138510743723097,0
2026-09-01 14:44:00,,0.0649661093314749,0
2026-09-03 14:38:00,,0.12187507500460908,0
2026-05-21 11:00:00,,0.1294006146130006,0
2026-06-10 10:14:00,,0.45508868041187095,0
2026-06-12 13:33:00,,0.12363422042066088,0
2026-06-26 10:22:00,,0.18630455097477283,0
2026-07-10 14:47:00,,0.2351435451252713,1
2026-07-13 14:04:00,,0.36406608875899243,0
2026-07-24 11:18:00,,0.5266990708754751,0
2026-08-11 13:50:00,,0.33086175051576816,0
2026-08-25 11:03:00,,0.1000799125172012,0
2026-06-05 14:28:00,,0.1723911775902259,0
2026-07-10 14:56:00,,0.5334181376448057,0
2026-07-16 09:41:00,,0.3695643825267938,1
2026-07-29 14:25:00,,0.12295286544279485,1
2026-08-06 13:46:00,,0.07725249812532047,0
2026-08-07 14:21:00,,0.39993791706295295,1
2026-09-02 14:41:00,,0.07720907553837922,0
2026-05-26 11:13:00,,0.24548593188413914,1
2026-05-28 13:07:00,,0.19982724560538562,0
2026-05-29 11:26:00,,0.2814884175787616,0
2026-06-09 10:48:00,,0.2059612949144699,0
2026-06-18 11:30:00,,0.18229752794179888,0
2026-06-23 13:10:00,,0.12680878730037903,1
2026-06-23 14:38:00,,0.18127379717659292,0
2026-06-24 13:30:00,,0.2488492373281438,0
2026-07-10 13:40:00,,0.2203396851487932,0
2026-07-24 11:23:00,,0.15234059186889382,1
2026-07-29 11:28:00,,0.1820894749250617,0
2026-07-31 09:45:00,,0.27201951583131234,0
2026-08-21 14:55:00,,0.07663143811403503,0
2026-09-01 10:56:00,,0.17340363951734902,1
2026-06-11 10:41:00,,0.3162978130419936,0
2026-06-15 14:06:00,,0.25922937665584167,1
2026-06-26 13:38:00,,0.2574000553069301,1
2026-07-10 14:12:00,,0.28303433841002695,0
2026-07-15 11:08:00,,0.28039297230837634,0
2026-08-21 14:28:00,,0.19746842852769989,0
2026-08-21 14:53:00,,0.11726008063325254,0
2026-08-28 10:53:00,,0.296352657063193,1
2026-05-28 13:27:00,,0.12197372471290557,1
2026-07-01 14:07:00,,0.10194049426176326,0
2026-07-14 13:09:00,,0.28428136064314624,0
2026-07-17 11:06:00,,0.2428614685799399,0
2026-07-24 09:32:00,,0.4341870437096371,1
2026-08-18 10:52:00,,0.17801852305916624,0
2026-08-20 09:30:00,,0.3164436557037705,0
2026-08-21 10:43:00,,0.10272068146090665,0
2026-08-28 14:53:00,,0.5499050166401052,1
2026-06-01 11:29:00,,0.3329067141626793,1
2026-06-04 13:59:00,,0.12907518360671044,1
2026-06-17 11:11:00,,0.13290997393801357,0
2026-06-18 09:40:00,,0.2997877220270978,1
2026-06-30 10:10:00,,0.1880533081486478,1
2026-07-16 10:56:00,,0.12555529348875688,0
2026-07-06 14:40:00,,0.14603398340658535,0
2026-07-17 10:16:00,,0.3681981604822539,1
2026-07-31 14:39:00,,0.24219775017026715,1
2026-08-06 10:13:00,,0.32940360968566756,0
2026-08-21 09:51:00,,0.29824475960327357,0
2026-05-29 10:31:00,,0.26183487919599435,1
2026-05-29 14:00:00,,0.2664055435170187,0
2026-05-29 14:47:00,,0.14865374491667646,0
2026-06-22 09:48:00,,0.29500609348216217,1
2026-06-24 09:51:00,,0.30842132048282206,1
2026-07-02 10:04:00,,0.32978702840505214,0
2026-07-06 10:10:00,,0.3282800221910445,0
2026-07-07 10:38:00,,0.29045826642393663,0
2026-07-07 14:41:00,,0.16346169224161256,0
2026-07-31 13:27:00,,0.14868117934669747,0
2026-08-20 09:32:00,,0.4217955734669232,0
2026-08-28 11:04:00,,0.13951306998195642,0
2026-09-03 11:03:00,,0.10059159126640836,0
2026-06-09 13:17:00,,0.11653198670238528,1
2026-06-22 13:45:00,,0.060756910727463136,1
2026-07-20 11:12:00,,0.4091726718365358,1
2026-08-18 14:53:00,,0.1395619777638199,0
2026-06-08 10:54:00,,0.2960680520309787,0
2026-06-08 13:42:00,,0.19771056300493633,0
2026-07-13 10:20:00,,0.1686592857703198,0
2026-08-21 13:16:00,,0.06412695976536144,0
2026-07-03 10:44:00,,0.49566528319047654,0
2026-07-03 14:54:00,,0.4779819622873327,0
2026-07-14 09:46:00,,0.25590350443365123,0
2026-07-17 14:43:00,,0.4067860386944431,0
2026-08-13 10:30:00,,0.42020232881130803,1
2026-08-13 14:48:00,,0.29792553569747643,0
2026-08-28 13:58:00,,0.5025594771317129,1
2026-06-04 14:38:00,,0.2083695192653463,0
2026-06-18 09:42:00,,0.4152599075999227,1
2026-07-10 10:01:00,,0.31567247406668647,0
2026-08-06 10:49:00,,0.36378284405843153,0
2026-06-04 10:12:00,,0.3365075097803086,0
2026-06-25 14:23:00,,0.08349329075331305,0
2026-07-01 13:22:00,,0.2994104653735063,1
2026-07-09 10:36:00,,0.22263915845938467,0
2026-07-20 09:41:00,,0.3814111057909594,1
2026-07-24 10:47:00,,0.18900774946883092,0
2026-07-24 11:26:00,,0.18771594116890064,0
2026-05-28 13:55:00,,0.16675655685820814,1
2026-07-30 13:23:00,,0.38103245610398534,1
2026-08-27 14:48:00,,0.2232215719719447,0
2026-06-30 10:03:00,,0.2175456343308672,0
2026-07-06 13:32:00,,0.1373970976632989,0
2026-07-24 14:23:00,,0.1057244909340315,0
2026-08-05 10:06:00,,0.3047048247865392,0
2026-08-05 11:19:00,,0.0480090012494798,0
2026-08-07 09:59:00,,0.30463803899688735,1
2026-08-26 09:54:00,,0.30020422388409124,0
2026-05-21 14:40:00,,0.2905913606522203,0
2026-06-12 13:49:00,,0.09359328750121458,0
2026-07-01 10:16:00,,0.21994676140839964,0
2026-07-10 10:06:00,,0.35721590777141565,1
2026-08-21 14:27:00,,0.1342859830374812,1
2026-05-25 10:28:00,,0.15581722186496808,0
2026-06-09 10:59:00,,0.05677018522184583,0
2026-06-11 09:37:00,,0.46171654705222676,0
2026-07-06 14:49:00,,0.030094864747078245,0
2026-07-15 11:30:00,,0.2281016920258121,0
2026-08-11 13:15:00,,0.11373295040525087,0
2026-08-11 14:32:00,,0.07229129620616366,0
2026-08-13 11:11:00,,0.08741444067188185,0
2026-08-25 11:14:00,,0.06089007863301991,1
2026-08-28 11:20:00,,0.13055878943224195,0
2026-05-27 11:27:00,,0.18718389048989828,1
2026-06-02 09:53:00,,0.2549765146458635,0
2026-07-10 10:56:00,,0.1747096171748757,0
2026-07-27 11:30:00,,0.08474456771119204,0
2026-05-25 09:50:00,,0.3388252192269096,1
2026-05-29 14:41:00,,0.11219263161393334,0
2026-07-17 14:29:00,,0.1956821939467025,0
2026-07-23 14:51:00,,0.09233382915961597,0
2026-07-30 13:45:00,,0.0931220869480973,1
2026-09-02 13:47:00,,0.11428452534685934,1
2026-05-21 14:30:00,,0.1533429660080512,0
2026-05-29 13:39:00,,0.1361358958421616,0
2026-07-06 13:18:00,,0.11939412276937632,0
2026-08-12 14:00:00,,0.060085689932069086,0
2026-09-01 11:07:00,,0.21098193706420626,0
2026-06-11 14:36:00,,0.14932538367284917,0
2026-06-22 10:28:00,,0.2437574892647433,0
2026-07-01 11:08:00,,0.06680692352546846,1
2026-07-03 14:46:00,,0.06999469431763877,0
2026-08-14 10:37:00,,0.18271694559890272,0
2026-08-19 14:13:00,,0.1281894899885328,0
2026-05-21 11:21:00,,0.16236983654974654,0
2026-05-27 14:23:00,,0.19919530921014098,0
2026-05-29 13:14:00,,0.14616039499310635,0
2026-07-14 14:11:00,,0.1310380126639609,0
2026-08-25 14:39:00,,0.07615138099434021,0
2026-09-01 14:45:00,,0.10698036093638731,0
2026-06-05 13:57:00,,0.08796446219443867,0
2026-06-25 10:59:00,,0.16671369153273163,0
2026-06-26 13:04:00,,0.15994950837358043,1
2026-07-27 14:26:00,,0.036746999689555304,0
2026-08-04 10:21:00,,0.16062139559575822,0
2026-08-07 09:57:00,,0.33918073415643035,0
2026-08-18 10:35:00,,0.2581488168339237,0
2026-09-01 09:59:00,,0.3532797428537243,1
2026-05-25 14:30:00,,0.02170412690086219,0
2026-05-26 10:06:00,,0.06108728773607442,0
2026-07-17 13:39:00,,0.1327629822759258,0
2026-08-03 13:33:00,,0.035208000751331965,0
2026-08-05 11:12:00,,0.1964102529434612,1
2026-08-25 14:08:00,,0.016595186970206923,0
2026-08-26 10:04:00,,0.038849426773561055,0
2026-06-04 13:24:00,,0.1132967914197057,0
2026-07-31 13:03:00,,0.1615634647676607,0
2026-08-28 09:36:00,,0.2848156778465623,0
2026-09-03 13:13:00,,0.09775601557370577,0
2026-05-21 14:34:00,,0.3187382846376587,1
2026-06-18 13:45:00,,0.09345741969681047,0
2026-07-07 11:29:00,,0.15481519721010417,0
2026-08-05 14:35:00,,0.09957985503773314,0
2026-08-13 10:41:00,,0.23398648602395064,1
2026-08-19 13:18:00,,0.26656583573512405,1
2026-08-20 10:29:00,,0.33162318843983724,0
2026-05-21 09:32:00,,0.4032722440405529,1
2026-05-26 09:48:00,,0.335540478466687,1
2026-06-02 13:31:00,,0.1787599705890451,0
2026-06-22 14:47:00,,0.11935731487544123,0
2026-06-26 13:07:00,,0.13875072967383054,0
2026-07-03 13:45:00,,0.20154227784286566,0
2026-07-16 10:05:00,,0.31839423533069133,1
2026-08-24 13:12:00,,0.21376083102337512,0
2026-06-02 10:00:00,,0.2933310980025335,0
2026-06-03 13:59:00,,0.21444866426604306,1
2026-06-05 13:18:00,,0.29396669797174463,1
2026-06-11 13:11:00,,0.2406048200295191,0
2026-07-02 13:11:00,,0.2131438728721955,0
2026-07-08 10:46:00,,0.28034244868471764,0
2026-07-22 13:38:00,,0.22244669636511769,0
2026-07-30 10:09:00,,0.3776501469619791,1
2026-08-14 14:41:00,,0.29616831761418977,0
2026-08-25 14:35:00,,0.08027538674268785,0
2026-06-05 13:14:00,,0.3139880923169093,0
2026-06-08 13:49:00,,0.32663879265276025,1
2026-06-18 13:31:00,,0.22439721326817877,0
2026-06-23 10:27:00,,0.3865220235634598,0
2026-06-30 13:31:00,,0.292544127696149,0
2026-07-03 10:13:00,,0.4205388455538456,1
2026-08-18 13:47:00,,0.21925669800882006,1
2026-08-25 10:39:00,,0.2940686422502512,0
2026-05-26 09:38:00,,0.34165474567223564,0
2026-06-23 09:59:00,,0.30859912966157127,1
2026-07-01 09:52:00,,0.301264785837848,1
2026-07-22 14:34:00,,0.26759209044996,1
2026-09-03 10:33:00,,0.37491866594209144,0
2026-09-04 13:16:00,,0.15718347931773588,0
2026-05-29 14:38:00,,0.32748882193891415,0
2026-06-10 11:17:00,,0.19039328793647245,0
2026-06-26 11:23:00,,0.3541123909956723,0
2026-08-17 11:21:00,,0.04622180883717895,1
2026-08-27 14:59:00,,0.3003655485527583,0
2026-06-08 10:40:00,,0.17661610030836128,1
2026-07-06 09:33:00,,0.319781742149093,0
2026-07-15 13:52:00,,0.12700193772087523,0
2026-07-22 10:17:00,,0.153664063575098,0
2026-07-22 14:10:00,,0.16315706408565192,0
2026-08-04 09:35:00,,0.33554710142287225,1
2026-08-05 11:21:00,,0.14736539881606942,1
2026-08-07 11:07:00,,0.17336280270386076,1
2026-08-27 11:12:00,,0.0535184768501245,0
2026-08-28 14:29:00,,0.03304298155019788,1
2026-05-25 13:22:00,,0.14283283036847738,0
2026-06-03 09:57:00,,0.25277257161412214,0
2026-06-11 13:47:00,,0.42861121562438875,1
2026-07-01 14:23:00,,0.1627629667868728,0
2026-07-28 10:22:00,,0.34459125439969895,0
2026-08-18 13:29:00,,0.000905450036036784,0
2026-08-27 11:12:00,,0.3500607583501944,0
2026-07-06 09:55:00,,0.2744464756784608,0
2026-07-17 14:51:00,,0.35722413408913817,0
2026-07-20 10:32:00,,0.12795172633511107,0
2026-07-31 13:05:00,,0.15072649260729176,0
2026-08-04 09:44:00,,0.19334953226121915,0
2026-08-11 11:04:00,,0.433194118243423,0
2026-08-17 09:51:00,,0.37100622502988,1
2026-08-17 14:27:00,,0.06879939538501742,0
2026-08-25 09:53:00,,0.2751168905029677,0
2026-08-26 13:25:00,,0.4208771403943643,0
2026-06-01 14:37:00,,0.13674656719223943,0
2026-06-03 10:24:00,,0.25222513288330345,0
2026-06-18 09:43:00,,0.3578357572301585,1
2026-07-10 09:48:00,,0.36841577616588717,0
2026-07-20 14:43:00,,0.21962383751575007,0
2026-07-21 11:20:00,,0.25913674149504,0
2026-08-03 09:31:00,,0.4624834722634933,0
2026-08-20 14:30:00,,0.09850599333628975,0
2026-08-26 10:01:00,,0.32550736612683717,0
2026-09-02 13:10:00,,0.18911797499348285,1
2026-06-05 10:44:00,,0.19724009007339588,1
2026-06-08 14:46:00,,0.16943232224900964,0
2026-06-29 14:44:00,,0.15990957741598033,1
2026-07-02 14:35:00,,0.1432997063823086,0
2026-07-13 14:53:00,,0.36984969110109883,1
2026-08-03 13:25:00,,0.13194232992529203,0
2026-06-02 14:03:00,,0.08597122963114844,0
2026-06-11 10:30:00,,0.10762500512477344,0
2026-06-18 09:50:00,,0.2111860909273885,0
2026-06-29 14:00:00,,0.1017441439873649,0
2026-07-06 13:20:00,,0.06802574650459871,0
2026-07-16 13:40:00,,0.06487302814064008,0
2026-08-03 10:39:00,,0.060874659971056365,0
2026-08-05 13:45:00,,0.05095567053721956,0
2026-08-06 14:42:00,,0.028785032358025906,0
2026-08-14 09:30:00,,0.2832187451027284,0
2026-08-19 14:58:00,,0.358468425994099,1
2026-06-12 10:33:00,,0.12700822832319056,0
2026-06-22 14:42:00,,0.04898364243343397,0
2026-06-25 13:54:00,,0.20693320732197765,0
2026-07-22 10:31:00,,0.19043464434111695,0
2026-08-06 10:13:00,,0.1817166935357787,0
2026-08-07 10:16:00,,0.4464068256057027,1
2026-08-13 14:29:00,,0.5503352302452735,0
2026-09-01 13:25:00,,0.07385256913969268,0
2026-05-21 10:52:00,,0.26322062337519386,0
2026-06-08 10:29:00,,0.25655823159197494,0
2026-06-11 13:18:00,,0.3347551226721794,0
2026-06-16 13:29:00,,0.2205380756005254,0
2026-07-06 10:07:00,,0.30469783932048977,0
2026-07-09 13:56:00,,0.19171159090029716,1
2026-07-22 10:03:00,,0.37986327807811676,0
2026-08-04 09:57:00,,0.2684320542049587,0
2026-08-19 09:30:00,,0.4952197809183045,0
2026-08-25 10:39:00,,0.24030153620276448,0
2026-08-26 10:10:00,,0.2112800391320162,1
2026-07-23 09:30:00,,0.4909524082938453,0
2026-05-28 10:33:00,,0.27683230078754123,0
2026-06-12 11:21:00,,0.19117603374189857,1
2026-06-30 14:50:00,,0.1863372068537261,0
2026-07-17 09:49:00,,0.41340244253259445,0
2026-07-27 14:09:00,,0.12942632619250302,0
2026-07-29 13:44:00,,0.2874141064219687,0
2026-08-27 14:45:00,,0.06918449993320319,0
2026-08-28 10:12:00,,0.17593446945874472,0
2026-07-07 13:25:00,,0.12342961867611889,0
2026-05-29 13:41:00,,0.23492510222878482,0
2026-07-02 13:30:00,,0.39480313395817535,0
2026-08-11 10:46:00,,0.14340506559149196,0
2026-06-03 14:55:00,,0.10144562699954504,0
2026-07-28 13:02:00,,0.2279877053067268,0
2026-08-11 10:04:00,,0.16732038832087462,0
2026-09-02 14:42:00,,0.09034712875891587,0
2026-08-19 10:58:00,,0.24482457147491785,0
2026-08-24 09:44:00,,0.436537967508574,0
2026-08-26 09:54:00,,0.32475764246520006,1
2026-08-28 10:08:00,,0.3410730224290159,0
2026-08-28 14:43:00,,0.4049509899406592,0
2026-08-31 10:30:00,,0.4480848188602343,0
2026-06-01 09:43:00,,0.2635564947151631,0
2026-06-02 10:50:00,,0.08110203155399989,1
2026-07-09 13:53:00,,0.15366148942524702,1
2026-08-06 13:15:00,,0.20066907489301436,0
2026-08-17 13:07:00,,0.04141615049767591,0
2026-06-23 13:21:00,,0.20618766076520845,0
2026-07-20 10:08:00,,0.45667606077390066,0
2026-08-07 13:09:00,,0.18426844803479459,0
2026-08-14 14:48:00,,0.1343844693513065,0
2026-09-03 13:35:00,,0.1742698681794181,0
2026-05-21 14:45:00,,0.3668449351468635,0
2026-05-22 13:40:00,,0.2895629732962344,0
2026-05-29 14:51:00,,0.21250506719925366,1
2026-06-10 14:20:00,,0.31211879972436163,1
2026-06-16 10:37:00,,0.28502324806882284,1
2026-07-15 13:30:00,,0.2845351982706717,0
2026-07-21 14:54:00,,0.17140386152542963,1
2026-07-24 10:09:00,,0.2239639555528518,0
2026-08-13 13:42:00,,0.19755291365369998,0
2026-08-24 09:38:00,,0.3445744282485138,0
2026-06-24 13:07:00,,0.18958513087955384,1
2026-07-08 09:33:00,,0.4128462456016147,0
2026-07-10 14:21:00,,0.1817887285293683,0
2026-08-12 14:16:00,,0.05261006389898661,0
2026-09-03 09:33:00,,0.32624424551338366,1
2026-09-04 09:32:00,,0.3528210463400036,1
2026-05-21 10:38:00,,0.259624075340855,0
2026-05-29 10:27:00,,0.3284708296089003,0
2026-06-03 14:47:00,,0.27130633010725436,1
2026-07-06 14:23:00,,0.3948453933778893,0
2026-07-15 10:47:00,,0.3367246925033097,0
2026-08-05 10:13:00,,0.46761071384201064,0
2026-08-12 11:17:00,,0.34281059198738256,0
2026-08-25 14:53:00,,0.1390019912496347,0
2026-08-28 14:21:00,,0.10021562193385325,0
2026-07-27 11:03:00,,0.0641613840909576,0
2026-08-03 10:08:00,,0.17838595741353683,1
2026-08-03 14:28:00,,0.04249891951550501,0
2026-08-04 14:47:00,,0.048283256102360644,0
2026-05-22 10:44:00,,0.19360412664522986,1
2026-05-25 10:58:00,,0.160470569926076,0
2026-05-28 13:21:00,,0.18255636936198777,1
2026-06-01 10:01:00,,0.2915520208867278,1
2026-06-02 13:33:00,,0.23807142315255167,0
2026-06-05 09:51:00,,0.3094421933649786,1
2026-06-09 10:24:00,,0.21634751205914865,1
2026-07-01 13:54:00,,0.2574675685858037,0
2026-07-03 14:02:00,,0.10403091438471526,1
2026-07-06 14:24:00,,0.11197364318831203,0
2026-07-17 14:29:00,,0.416688837476577,0
2026-07-22 11:27:00,,0.27274879257986356,0
2026-08-03 14:55:00,,0.06552114171567285,0
2026-08-05 14:15:00,,0.3041631486446011,0
2026-08-13 09:39:00,,0.3257202517987084,0
2026-05-21 10:17:00,,0.18470360799958963,1
2026-06-02 13:07:00,,0.12817627010674507,0
2026-06-15 13:50:00,,0.15976714370957656,0
2026-06-15 14:14:00,,0.07778160344025763,0
2026-06-18 11:24:00,,0.11817829761756529,0
2026-06-22 10:23:00,,0.31766435553282335,1
2026-06-30 14:54:00,,0.055819516448729144,0
2026-07-10 11:12:00,,0.062226598990273774,0
2026-08-13 10:44:00,,0.07477048365526101,0
2026-06-01 14:21:00,,0.13537878954827515,0
2026-07-06 13:56:00,,0.08302828403575592,0
2026-07-27 13:36:00,,0.08335288285864907,1
2026-08-11 10:10:00,,0.156326423889835,0
2026-08-14 13:33:00,,0.10281438329434506,1
2026-06-08 09:47:00,,0.3755448884778703,1
2026-06-15 09:43:00,,0.30167667277964466,0
2026-06-16 13:58:00,,0.14469606104228783,0
2026-07-29 13:17:00,,0.24970415388327624,0
2026-08-06 11:07:00,,0.2814437069199595,0
2026-08-12 13:43:00,,0.04799511293218907,0
2026-08-20 09:47:00,,0.2638076374552216,0
2026-09-03 09:37:00,,0.2337943093670591,0
2026-06-05 11:18:00,,0.22751337180293596,0
2026-07-17 11:02:00,,0.09329615618377692,0
2026-07-27 09:51:00,,0.33840917376702745,1
2026-08-12 10:28:00,,0.13806415954224746,0
2026-09-03 09:54:00,,0.21023582895854878,0
2026-06-12 10:53:00,,0.09807205106128818,0
2026-06-16 14:47:00,,0.15800602550958226,1
2026-07-01 10:24:00,,0.32721916533059603,0
2026-08-17 11:02:00,,0.12363796901895682,0
2026-08-18 14:38:00,,0.18728425630672768,0
2026-08-21 13:29:00,,0.25307809850934426,0
2026-06-08 10:42:00,,0.24432305273998942,0
2026-06-10 10:30:00,,0.3299768323066678,0
2026-06-10 11:21:00,,0.27918209646472414,0
2026-06-15 09:47:00,,0.35204857829087255,1
2026-06-18 14:53:00,,0.16501837163777833,0
2026-06-24 14:46:00,,0.11733269455448034,0
2026-07-16 14:33:00,,0.12228534263539977,0
2026-08-03 14:41:00,,0.13716073098898618,0
2026-08-24 10:05:00,,0.23197784547359498,0
2026-08-24 14:21:00,,0.21746432254266704,0
2026-09-03 13:03:00,,0.3143269202687951,0
2026-06-23 10:20:00,,0.4847610491749056,1
2026-07-14 10:03:00,,0.3992489121740686,1
2026-07-20 11:27:00,,0.07471465788629728,0
2026-07-22 13:52:00,,0.12212885410278264,0
2026-07-31 10:30:00,,0.17639407198450027,0
2026-08-11 13:50:00,,0.17394189718925035,1
2026-08-20 10:29:00,,0.09397804436952764,1
2026-09-03 13:07:00,,0.13273469239644523,0
2026-05-26 14:46:00,,0.22905355776332992,1
2026-05-27 13:06:00,,0.32728603069720247,1
2026-06-12 11:13:00,,0.25666010295545966,1
2026-06-24 14:22:00,,0.20635751907484898,0
2026-07-23 13:13:00,,0.1899370497242724,0
2026-08-21 11:06:00,,0.20064058278665692,0
2026-08-04 10:48:00,,0.21495523771568167,0
2026-08-12 10:29:00,,0.3144461466005639,1
2026-08-25 11:14:00,,0.30681852977438345,0
2026-06-18 13:17:00,,0.1666969080525512,0
2026-07-15 13:32:00,,0.3451316974311298,0
2026-07-20 14:56:00,,0.3816835113047213,1
2026-07-28 11:26:00,,0.2012902621891371,0
2026-08-27 14:14:00,,0.0765875578826173,0
2026-09-03 10:48:00,,0.1555207761558582,0
2026-09-03 14:07:00,,0.22151105688977268,0
2026-07-08 14:53:00,,0.20988098761261023,0
2026-07-15 11:12:00,,0.13809803662618586,1
2026-08-07 13:13:00,,0.1375785438110743,1
2026-08-11 13:36:00,,0.12346246527336553,0
2026-08-31 14:22:00,,0.038297083431812644,0
2026-07-02 14:15:00,,0.20447606313038608,0
2026-07-09 11:29:00,,0.28387685767808846,1
2026-06-15 10:50:00,,0.30539574625726107,0
2026-06-29 13:11:00,,0.3142618575088336,0
2026-07-16 13:57:00,,0.230868708901089,0
2026-07-22 14:35:00,,0.23965208494326035,0
2026-08-12 14:17:00,,0.08372812256876452,0
2026-08-17 13:42:00,,0.13087720106064743,1
2026-08-26 13:13:00,,0.23994025925761048,1
2026-09-04 11:21:00,,0.10348381250759955,0
2026-05-21 14:15:00,,0.1045162732243446,0
2026-06-03 10:55:00,,0.07553904985364003,0
2026-06-17 09:39:00,,0.3386422463830538,0
2026-07-10 09:46:00,,0.2187737858042483,1
2026-08-11 13:57:00,,0.08372773147445291,0
2026-08-21 14:34:00,,0.06937949714975845,0
2026-08-24 14:45:00,,0.07755237223628407,0
2026-09-01 10:36:00,,0.07538067322104341,0
2026-06-12 11:07:00,,0.07805080163632075,0
2026-06-18 13:24:00,,0.09282582479175763,0
2026-06-23 10:23:00,,0.16698797811895635,0
2026-06-30 10:54:00,,0.1909426877631994,0
2026-06-30 13:53:00,,0.24775340112497127,0
2026-07-14 10:19:00,,0.21834045675254463,0
2026-08-10 13:45:00,,0.04624693292193609,0
2026-08-18 11:08:00,,0.07597568218882354,0
2026-06-02 10:27:00,,0.3704557407460664,1
2026-06-05 09:33:00,,0.40143705522759654,0
2026-06-05 10:24:00,,0.30304133192310645,0
2026-07-07 14:37:00,,0.07293405700289511,0
2026-07-14 10:02:00,,0.4057241456913133,1
2026-07-27 09:41:00,,0.2825066162349117,1
2026-08-21 09:36:00,,0.3873396431101566,0
2026-08-21 13:30:00,,0.09810801900770416,0
2026-08-27 11:02:00,,0.10589876922458225,0
2026-08-28 11:01:00,,0.03300989559927991,0
2026-06-17 14:00:00,,0.10676274391523088,1
2026-07-22 09:44:00,,0.2943579026992833,0
2026-08-06 10:15:00,,0.20680683840754,0
2026-05-25 10:28:00,,0.31224958741967335,1
2026-05-29 10:02:00,,0.3963294903920098,0
2026-06-08 13:07:00,,0.22726717152151307,0
2026-06-30 14:03:00,,0.09160400382818404,0
2026-07-07 11:19:00,,0.14688605269512087,1
2026-07-10 11:09:00,,0.08265201920493015,0
2026-08-26 11:24:00,,0.05568591488327155,0
2026-08-26 11:27:00,,0.06577457086654817,0
2026-08-31 10:54:00,,0.05226491027613966,0
2026-08-31 11:07:00,,0.028718919268245158,0
2026-09-03 13:19:00,,0.05610736535336347,0
2026-09-04 13:56:00,,0.10178194344413032,0
2026-05-28 14:39:00,,0.07315309060610113,0
2026-06-03 14:01:00,,0.16706101791931283,1
2026-06-10 09:39:00,,0.36951289342680577,0
2026-06-18 14:16:00,,0.13498955316092232,1
2026-06-22 11:29:00,,0.2607435137495406,0
2026-07-24 13:59:00,,0.1494438034248891,0
2026-08-07 13:04:00,,0.22413709625041833,0
2026-08-31 14:14:00,,0.13120447182996683,1
2026-06-04 11:13:00,,0.11622791655683119,0
2026-06-26 13:16:00,,0.2145211649468253,0
2026-06-29 09:43:00,,0.28321040949591,0
2026-07-17 13:13:00,,0.1435224597919796,0
2026-08-06 10:50:00,,0.13124383951949437,0
2026-08-10 14:06:00,,0.06111129360391553,0
2026-08-12 09:44:00,,0.23704412180820283,0
2026-07-13 13:43:00,,0.38393135163870096,0
2026-08-07 10:24:00,,0.23321646562674528,0
2026-08-28 13:31:00,,0.336116529239453,1
2026-06-03 14:40:00,,0.11125598532507557,0
2026-07-07 13:40:00,,0.33618787792203886,0
2026-07-09 13:29:00,,0.23344726897745025,0
2026-07-15 10:27:00,,0.20366274103671114,0
2026-07-28 14:06:00,,0.24886802541219,0
2026-07-31 10:45:00,,0.28897496399376604,1
2026-05-26 14:51:00,,0.15649487698155834,0
2026-06-29 14:28:00,,0.3035326241764892,1
2026-06-30 10:49:00,,0.2529755102247186,1
2026-06-30 11:13:00,,0.33204279051893926,1
2026-07-10 11:14:00,,0.27401448265454403,1
2026-08-19 11:11:00,,0.2386847079645259,0
2026-06-24 13:57:00,,0.1760710447610858,0
2026-07-08 09:32:00,,0.37959751876602554,0
2026-07-13 09:40:00,,0.41982267026814907,0
2026-07-20 14:26:00,,0.41383402554539694,1
2026-08-13 09:55:00,,0.3251661401337698,0
2026-08-13 10:58:00,,0.30169953548762984,0
2026-06-17 11:26:00,,0.32956878701819736,0
2026-06-22 14:45:00,,0.3417805365657947,0
2026-06-25 13:32:00,,0.2709663600478426,0
2026-06-30 13:23:00,,0.37505707366980073,0
2026-07-17 10:05:00,,0.321626712961072,0
2026-07-17 14:26:00,,0.2335582305616662,0
2026-07-20 10:09:00,,0.40432809815962295,0
2026-07-21 10:45:00,,0.38082742888886634,1
2026-08-05 14:42:00,,0.1753322219471462,0
2026-08-19 11:00:00,,0.24065406564898154,0
2026-08-20 14:58:00,,0.3121922195694044,1
2026-06-18 09:31:00,,0.3601295986750354,0
2026-07-01 14:10:00,,0.11557116165151579,0
2026-07-30 11:21:00,,0.18208126854639972,0
2026-08-13 09:56:00,,0.14502843733487528,0
2026-08-19 14:11:00,,0.13940673972110823,0
2026-06-04 14:37:00,,0.2764740352532609,1
2026-06-05 10:06:00,,0.38274860663164123,1
2026-06-12 14:01:00,,0.31757036263896155,1
2026-07-09 14:32:00,,0.21001901015235455,0
2026-07-24 14:21:00,,0.18860943915638828,0
2026-06-04 11:04:00,,0.5131377781406384,1
2026-06-15 09:50:00,,0.3588891895771242,1
2026-06-15 11:02:00,,0.24782152163979662,0
2026-06-16 10:10:00,,0.1486819675569886,0
2026-06-29 14:19:00,,0.21706799733593468,0
2026-08-20 09:34:00,,0.2956157808071381,1
2026-08-28 13:54:00,,0.1045596597181812,0
2026-09-03 11:09:00,,0.1733557096918548,0
2026-05-26 14:36:00,,0.16474959899721123,0
2026-05-27 10:21:00,,0.34260283924186397,0
2026-06-02 14:06:00,,0.2338838833458048,0
2026-06-04 14:07:00,,0.22599780251760726,1
2026-06-24 09:38:00,,0.4017295671489534,0
2026-08-07 10:32:00,,0.3486225242497017,0
2026-08-28 13:48:00,,0.2543800945389833,1
2026-06-09 13:48:00,,0.08291172298946603,0
2026-08-03 11:06:00,,0.10622803873644175,0
2026-08-11 13:02:00,,0.10849986749044845,0
2026-06-02 14:01:00,,0.10217427334973013,0
2026-06-05 11:00:00,,0.2591784314200596,0
2026-06-10 13:46:00,,0.2150395060970721,0
2026-06-23 11:25:00,,0.22650623520824803,1
2026-07-01 10:39:00,,0.3106850687672858,0
2026-07-06 14:32:00,,0.1579404379925103,0
2026-07-10 10:20:00,,0.2968208611956671,0
2026-07-10 13:33:00,,0.2979693265272806,0
2026-07-15 11:08:00,,0.16697432898840792,0
2026-07-28 13:53:00,,0.1599051907476974,0
2026-08-20 09:46:00,,0.330717242309959,0
2026-05-29 14:02:00,,0.15614491131644861,0
2026-05-29 14:45:00,,0.1080328796015709,0
2026-07-28 14:00:00,,0.39671551635854285,0
2026-08-11 13:17:00,,0.07162171947476349,0
2026-08-24 13:23:00,,0.09641540323373561,0
2026-08-25 10:37:00,,0.1056726878020879,0
2026-06-09 13:36:00,,0.11600644944961148,0
2026-06-25 14:52:00,,0.1642307246282416,0
2026-07-01 10:28:00,,0.3072511092130677,0
2026-07-10 09:38:00,,0.2864301668815458,1
2026-07-20 14:42:00,,0.12840156549850562,1
2026-07-23 10:01:00,,0.3472313266258012,1
2026-07-24 14:54:00,,0.23750582558625907,0
2026-07-29 13:09:00,,0.12301828269888178,1
2026-08-06 09:59:00,,0.29453497936804146,1
2026-08-28 13:38:00,,0.08674237626068793,0
2026-06-05 11:11:00,,0.2982167315346057,1
2026-07-10 14:32:00,,0.20570054873719662,0
2026-07-13 10:35:00,,0.21445385220479182,0
2026-08-05 13:19:00,,0.16818094015862456,0
2026-08-07 10:51:00,,0.16144615548087804,0
2026-08-31 13:37:00,,0.13500270819838614,0
2026-05-25 13:59:00,,0.11873519851964924,0
2026-07-02 13:49:00,,0.11339977539789423,1
2026-07-10 10:11:00,,0.30481020330271785,1
2026-07-15 13:03:00,,0.22642346381941056,0
2026-07-22 09:36:00,,0.40380241484398094,1
2026-05-25 11:20:00,,0.0728909017488783,0
2026-06-11 15:00:00,,0.3965131595307934,0
2026-06-30 13:58:00,,0.10707789066082157,0
2026-08-03 15:00:00,,0.3143854522911921,1
2026-08-31 10:04:00,,0.2757735866286309,1
2026-09-04 09:50:00,,0.3144070221515425,1
2026-05-21 09:57:00,,0.218336637833311,1
2026-06-04 10:01:00,,0.27666584079747003,0
2026-06-18 10:29:00,,0.2438323851766186,0
2026-06-23 13:26:00,,0.08956220839023506,0
2026-07-10 09:37:00,,0.38243240558089575,1
2026-08-05 11:10:00,,0.11934687541752953,1
2026-05-25 14:19:00,,0.15914558885642893,0
2026-06-02 13:32:00,,0.13248183543093828,0
2026-06-10 14:05:00,,0.47375449026811345,1
2026-06-22 14:15:00,,0.20612050822209013,0
2026-06-30 13:12:00,,0.10742322845551754,1
2026-07-29 09:45:00,,0.25327009433837455,0
2026-07-30 10:06:00,,0.2037955144600234,0
2026-08-04 13:39:00,,0.10840415796695019,0
2026-08-04 14:59:00,,0.30725809542366955,1
2026-05-28 14:05:00,,0.21746354823580547,1
2026-06-30 09:41:00,,0.5051646949182149,1
2026-06-30 14:58:00,,0.32470441897129637,0
2026-07-22 13:42:00,,0.4131852743657997,1
2026-08-11 10:08:00,,0.2914872201114717,1
2026-09-01 10:07:00,,0.27273431443052054,0
2026-06-03 10:28:00,,0.21299558860612539,1
2026-07-09 09:51:00,,0.29329571062771587,1
2026-07-28 10:38:00,,0.20198082093563988,0
2026-08-19 13:18:00,,0.13822617074325752,1
2026-08-31 13:03:00,,0.17714779166539477,0
2026-05-29 11:06:00,,0.21439418215787856,1
2026-06-12 13:10:00,,0.2862985636727695,1
2026-07-07 14:40:00,,0.08668918640409748,0
2026-07-15 13:57:00,,0.09537787735328342,0
2026-07-20 09:51:00,,0.2713247350732964,0
2026-07-28 09:33:00,,0.26076266588537067,0
2026-08-19 13:46:00,,0.20211118657799024,0
2026-06-03 09:57:00,,0.2933325424943846,0
2026-06-04 14:09:00,,0.2662254727012377,0
2026-06-25 14:05:00,,0.1692399242839098,1
2026-07-02 11:22:00,,0.27888107673049295,0
2026-07-08 14:02:00,,0.2217080730629691,0
2026-07-22 11:00:00,,0.31454586681949653,0
2026-07-22 13:25:00,,0.2967126704322297,0
2026-08-11 10:31:00,,0.1984492195310054,1
2026-08-11 14:43:00,,0.0406005896168638,0
2026-08-13 13:25:00,,0.2002634311792433,0
2026-08-14 09:45:00,,0.33071908944426165,0
2026-08-20 10:47:00,,0.13656530816176007,0
2026-08-26 09:55:00,,0.31501200067670737,0
2026-09-01 14:30:00,,0.19089216234785095,1
2026-05-26 13:28:00,,0.2235575604787737,1
2026-06-05 10:16:00,,0.2751826159477801,1
2026-06-10 09:46:00,,0.3208933566956065,0
2026-06-23 10:37:00,,0.19377902435703254,0
2026-07-29 10:16:00,,0.20914378802150288,0
2026-08-25 13:54:00,,0.10590835836707976,0
2026-08-26 10:15:00,,0.20813608519203744,1
2026-08-28 09:38:00,,0.32197338901951655,0
2026-08-31 10:49:00,,0.16811973542274564,0
2026-06-16 13:57:00,,0.3057238724732727,0
2026-07-15 10:15:00,,0.24822221095840097,1
2026-09-01 13:48:00,,0.16626941159865197,0
2026-05-22 09:53:00,,0.23625106592441142,0
2026-05-26 09:33:00,,0.28839112313829957,0
2026-06-17 14:13:00,,0.26947619919673055,0
2026-06-18 14:22:00,,0.30079301338272285,0
2026-07-01 10:02:00,,0.31347551123819184,0
2026-08-28 10:01:00,,0.26086314446173026,0
2026-05-22 10:54:00,,0.1912205164879213,1
2026-06-25 10:17:00,,0.19933959415137992,0
2026-07-02 10:00:00,,0.2569337568239428,1
2026-08-27 10:05:00,,0.16801294565440916,1
2026-05-26 11:24:00,,0.14673699498929488,0
2026-06-24 10:40:00,,0.34250414654160916,0
2026-07-02 10:55:00,,0.20684746674546678,0
2026-07-03 09:49:00,,0.30715031668354664,1
2026-07-20 13:14:00,,0.3612069997169802,0
2026-07-27 10:36:00,,0.38742344991474187,0
2026-06-04 10:50:00,,0.1945775786500684,0
2026-08-03 13:18:00,,0.058658780400587036,0
2026-09-02 09:37:00,,0.36080360402722317,0
2026-05-21 13:13:00,,0.34315231249948897,1
2026-06-03 15:00:00,,0.33537940778108993,0
2026-06-08 13:23:00,,0.298014943986339,0
2026-07-14 14:45:00,,0.2377461904441709,1
2026-08-12 14:41:00,,0.19111579754396754,0
2026-05-21 11:17:00,,0.06539568091163364,0
2026-06-03 10:09:00,,0.1642351017639268,0
2026-07-10 10:51:00,,0.1828715986398745,0
2026-07-31 13:44:00,,0.20627966701416175,0
2026-08-05 09:35:00,,0.31932369171024216,1
2026-09-02 13:17:00,,0.16643835421841577,0
2026-06-30 10:27:00,,0.3807235277698279,1
2026-07-21 13:31:00,,0.2979829507789086,0
2026-07-27 10:56:00,,0.2610550850474814,1
2026-08-17 11:04:00,,0.09591540341394081,0
2026-08-24 11:20:00,,0.11811125576200797,0
2026-08-25 13:44:00,,0.1928665860465172,1
2026-06-17 13:59:00,,0.24692196285348286,0
2026-07-16 13:17:00,,0.29003003033571867,1
2026-07-24 13:58:00,,0.19106871007878626,0
2026-07-31 14:23:00,,0.0010048463585653044,0
2026-08-17 13:27:00,,0.18637735801852354,0
2026-06-15 11:15:00,,0.12701487167002906,0
2026-07-08 13:50:00,,0.11617498135419345,1
2026-07-24 09:38:00,,0.371552848299294,0
2026-08-19 14:33:00,,0.2537062216520423,0
2026-06-18 09:32:00,,0.44152133775519653,0
2026-07-30 10:48:00,,0.1925694494546924,0
2026-08-04 11:12:00,,0.109581810690659,0
2026-08-18 11:23:00,,0.18898369706231888,0
2026-05-21 10:16:00,,0.27215259644876033,1
2026-05-22 10:45:00,,0.2890722688520221,0
2026-05-27 10:05:00,,0.3476338528409733,0
2026-06-03 14:15:00,,0.3473477752021551,0
2026-06-11 14:40:00,,0.27750577804016757,1
2026-07-06 14:29:00,,0.14349083025017942,1
2026-07-21 13:13:00,,0.32508270792360167,0
2026-08-25 13:54:00,,0.1953251216870434,1
2026-06-10 13:13:00,,0.17691072508195332,0
2026-06-23 09:49:00,,0.36611451767047426,0
2026-06-30 11:03:00,,0.19732396741712793,0
2026-07-03 10:04:00,,0.3126715315202959,0
2026-07-09 14:08:00,,0.16652459275644432,0
2026-07-29 11:22:00,,0.1727278191955033,0
2026-07-29 14:03:00,,0.08809469500762906,0
2026-08-07 14:48:00,,0.1857824686324838,0
2026-08-17 10:22:00,,0.40214895939147177,1
2026-05-22 11:17:00,,0.30747218340426724,0
2026-07-01 11:05:00,,0.3262308324431921,1
2026-07-27 14:23:00,,0.19399197272861243,0
2026-08-07 13:43:00,,0.2108200263815779,0
2026-06-17 11:00:00,,0.3325413270835104,0
2026-06-18 13:43:00,,0.1733841572274648,0
2026-06-24 09:51:00,,0.31404829239744325,0
2026-07-06 09:53:00,,0.28600865328554936,0
2026-07-07 09:33:00,,0.3782077257271046,1
2026-08-25 11:22:00,,0.27342913035448485,1
2026-09-01 09:57:00,,0.2731068623927089,0
2026-09-02 09:40:00,,0.35131578073844766,1
2026-05-29 13:09:00,,0.0932823334497337,0
2026-06-08 11:14:00,,0.17957580566170414,0
2026-07-08 09:53:00,,0.2509082967830747,1
2026-07-15 14:24:00,,0.10448159081232113,0
2026-07-16 13:52:00,,0.06492034797619747,0
2026-08-04 10:36:00,,0.12997284050658722,0
2026-08-10 10:44:00,,0.08006267168027334,0
2026-08-13 13:27:00,,0.04960042048593195,0
2026-08-26 14:30:00,,0.05486973615770374,0
2026-09-02 14:28:00,,0.08459005531616005,0
2026-06-23 14:06:00,,0.1320852842792284,0
2026-07-07 14:36:00,,0.12033611192382895,0
2026-07-23 14:43:00,,0.0797330002467333,0
2026-08-06 14:17:00,,0.12244857772729784,1
2026-08-31 13:56:00,,0.11782606617984472,0
2026-06-03 14:39:00,,0.2084348417588662,1
2026-07-16 14:20:00,,0.2252820045998052,0
2026-07-23 14:39:00,,0.1247373397671833,0
2026-07-24 10:50:00,,0.24798449193171584,1
2026-08-13 11:23:00,,0.07155111711493917,0
2026-06-09 11:23:00,,0.23012312624075812,0
2026-06-12 13:39:00,,0.15405207376741162,0
2026-06-16 10:31:00,,0.3016694431628134,1
2026-07-07 10:25:00,,0.21836662153547867,0
2026-07-07 10:50:00,,0.14510266676777364,0
2026-07-10 09:36:00,,0.34106832814797694,1
2026-07-31 13:33:00,,0.13819715473983873,0
2026-08-10 09:41:00,,0.2840754044597974,1
2026-08-10 13:46:00,,0.07718693784536136,0
2026-08-24 14:12:00,,0.14960891362621526,0
2026-05-26 14:56:00,,0.24169553378755612,0
2026-06-10 14:05:00,,0.2837279478640983,0
2026-06-12 14:01:00,,0.16970818565810775,1
2026-06-16 14:36:00,,0.273718471934654,0
2026-07-06 11:25:00,,0.13857743314592766,0
2026-07-27 13:35:00,,0.1640456490507375,0
2026-08-24 14:45:00,,0.19664511148629643,1
2026-08-28 13:07:00,,0.06845250884398309,0
2026-05-22 11:14:00,,0.13695741582547907,0
2026-05-26 09:53:00,,0.17722292880546744,0
2026-06-04 13:46:00,,0.16548646189471142,0
2026-06-08 10:50:00,,0.11325376058973108,0
2026-06-09 11:04:00,,0.10259523731522026,0
2026-06-15 14:16:00,,0.07787526683106866,0
2026-06-24 11:23:00,,0.18368861002295284,1
2026-07-07 14:22:00,,0.15152067204941005,0
2026-07-08 13:44:00,,0.0010545957061199457,0
2026-07-31 13:29:00,,0.2159864444524801,0
2026-08-18 14:02:00,,0.20505084108613028,0
2026-08-25 14:26:00,,0.23008014778522676,0
2026-09-03 13:02:00,,0.24084922013846174,0
2026-09-03 13:41:00,,0.2372990445866195,0
2026-07-06 09:42:00,,0.35554378099625894,1
2026-07-16 09:37:00,,0.4275869058289773,1
2026-08-13 13:43:00,,0.12525076829420506,0
2026-08-14 13:42:00,,0.22494332599419664,0
2026-05-21 13:42:00,,0.20193124367123194,0
2026-05-27 14:57:00,,0.5013457570380638,0
2026-06-08 09:38:00,,0.37625105992947067,1
2026-07-06 11:06:00,,0.31173527031350007,1
2026-07-09 09:30:00,,0.34710165688962646,0
2026-07-09 11:03:00,,0.34606564773956894,0
2026-07-27 13:40:00,,0.27555612833888865,1
2026-08-05 10:02:00,,0.3583287574104408,0
2026-08-25 14:48:00,,0.059171510903197146,0
2026-08-27 13:37:00,,0.12779741067761718,0
2026-09-01 13:57:00,,0.18501539369948355,0
2026-05-26 11:07:00,,0.13779471831491363,0
2026-06-25 09:48:00,,0.23945431986373475,0
2026-07-01 09:34:00,,0.1970784543490252,0
2026-07-07 13:17:00,,0.10010836704723687,0
2026-07-09 14:24:00,,0.11025265345931426,1
2026-07-14 14:05:00,,0.09814455275233239,0
2026-07-27 14:11:00,,0.0818935094334012,1
2026-08-18 09:41:00,,0.22631121787229727,0
2026-08-20 14:05:00,,0.08920250243401569,0
2026-08-21 10:59:00,,0.14877581871566467,0
2026-08-31 11:24:00,,0.030188221634014658,0
2026-06-10 09:34:00,,0.3139316119101043,0
2026-06-23 14:03:00,,0.10886018596255184,0
2026-07-27 13:32:00,,0.15013297920734156,0
2026-07-27 14:43:00,,0.11568012790358043,0
2026-07-29 09:57:00,,0.3135169824620181,1
2026-08-31 10:04:00,,0.23093718361643048,0
2026-06-16 11:03:00,,0.16023853445932926,0
2026-06-26 14:32:00,,0.13292231131348314,1
2026-07-13 11:24:00,,0.22194900123136815,0
2026-07-27 10:26:00,,0.17087101403720598,0
2026-08-04 10:19:00,,0.22674056177065985,0
2026-09-02 10:45:00,,0.18986477196556775,0
2026-05-25 11:17:00,,0.3158557509712957,0
2026-05-28 14:28:00,,0.22876725510251408,0
2026-06-15 09:40:00,,0.3501297697213242,0
2026-06-24 09:33:00,,0.3817467121924741,1
2026-06-30 10:31:00,,0.23572538708037094,0
2026-07-01 13:06:00,,0.22992232827958034,0
2026-07-01 14:14:00,,0.24052642996645482,0
2026-07-17 14:58:00,,0.41257046138204795,0
2026-07-28 10:43:00,,0.24032515866764997,1
2026-07-28 11:00:00,,0.24541911697355367,0
2026-08-14 14:22:00,,0.15223208173399072,0
2026-08-24 09:31:00,,0.3591976997805384,0
2026-08-28 10:06:00,,0.3560780018676546,0
2026-09-01 09:32:00,,0.3361684823772386,0
2026-05-28 10:06:00,,0.35564489290389756,0
2026-06-01 14:39:00,,0.13406339925005156,0
2026-06-17 10:36:00,,0.15886439504176145,0
2026-07-08 14:12:00,,0.20050308144815962,1
2026-05-22 13:12:00,,0.19738295467590342,0
2026-07-06 14:49:00,,0.1175320546833798,0
2026-07-07 14:21:00,,0.11660274492624163,0
2026-07-09 14:39:00,,0.24324883552067203,1
2026-08-10 13:16:00,,0.0649460917893577,1
2026-08-21 13:06:00,,0.11057808210021605,0
2026-06-15 14:00:00,,0.13648766508406018,0
2026-06-24 14:35:00,,0.08345751487640819,1
2026-07-14 10:53:00,,0.095981385056114,0
2026-07-17 11:14:00,,0.17209040103306444,0
2026-05-28 14:08:00,,0.14936594451361146,0
2026-06-10 09:49:00,,0.3347901589981249,0
2026-06-17 10:08:00,,0.32440134984677754,0
2026-06-18 10:01:00,,0.39976260085895365,0
2026-06-26 11:18:00,,0.19760334434706797,0
2026-07-06 14:53:00,,0.26813304022667345,0
2026-07-22 09:59:00,,0.36204224565132415,1
2026-07-23 10:02:00,,0.2978608872710465,0
2026-08-20 11:25:00,,0.20806759869187477,0
2026-06-04 13:10:00,,0.14156017368481472,1
2026-06-11 11:21:00,,0.22258361111527578,1
2026-07-15 11:01:00,,0.1888128973424347,0
2026-08-14 09:35:00,,0.31876299587025425,0
2026-05-26 11:05:00,,0.286175638932611,1
2026-06-03 11:11:00,,0.21288800694365068,0
2026-06-08 11:05:00,,0.38247093835290097,0
2026-06-15 13:55:00,,0.198136598193586,0
2026-06-16 11:22:00,,0.24770418908969788,0
2026-06-22 09:49:00,,0.32711528010873925,0
2026-06-30 11:30:00,,0.1400452997641654,0
2026-07-22 13:23:00,,0.1274566638870904,0
2026-08-12 10:43:00,,0.13445166020605973,0
2026-08-19 09:48:00,,0.2592979978379049,0
2026-08-19 14:52:00,,0.22048184965977904,0
2026-08-26 14:07:00,,0.04048731012511348,1
2026-06-09 09:38:00,,0.34921998751153144,1
2026-07-24 13:56:00,,0.10525511575354693,0
2026-07-30 14:55:00,,0.23375651686698984,0
2026-08-11 09:37:00,,0.3122061613479546,0
2026-08-18 11:09:00,,0.09753899063146783,0
2026-07-03 13:08:00,,0.1339173032273087,1
2026-07-28 10:19:00,,0.21505180657993703,0
2026-08-10 10:18:00,,0.24108246305272737,0
2026-08-25 09:50:00,,0.32973543647465076,1
2026-05-22 10:21:00,,0.2563304274994812,0
2026-06-03 10:52:00,,0.22752299868087966,0
2026-06-08 09:59:00,,0.33032090665990316,0
2026-07-21 10:02:00,,0.46673509839864247,1
2026-07-27 09:50:00,,0.39637154212965625,1
2026-07-28 14:09:00,,0.14088107731912322,0
2026-05-25 09:34:00,,0.3641426305727836,0
2026-05-29 13:01:00,,0.17708348163059087,0
2026-06-11 10:14:00,,0.28244768932589664,0
2026-06-11 14:56:00,,0.24471785262570475,1
2026-06-12 09:40:00,,0.3900549170986242,0
2026-06-17 10:57:00,,0.2016362664948805,0
2026-06-17 13:28:00,,0.21357523221467545,0
2026-06-18 14:33:00,,0.1718257573781286,0
2026-06-23 11:19:00,,0.12411807138948704,0
2026-07-06 10:28:00,,0.2603712645214963,0
2026-07-15 11:10:00,,0.32940953857720784,1
2026-08-05 14:26:00,,0.08837806665462068,0
2026-08-12 10:02:00,,0.3124749930887461,1
2026-08-28 14:58:00,,0.3343850767700356,0
2026-06-05 13:59:00,,0.18202403109275608,0
2026-06-18 09:50:00,,0.3495618049100436,1
2026-06-18 14:19:00,,0.15960344085396194,0
2026-07-15 11:10:00,,0.15153519433687437,0
2026-07-31 13:26:00,,0.42487022799986174,0
2026-08-24 14:08:00,,0.5386418333902049,1
2026-09-04 11:08:00,,0.25450996680763677,0
2026-06-05 11:28:00,,0.34226086269078726,1
2026-06-18 14:32:00,,0.22764372858714535,0
2026-07-20 10:48:00,,0.24441604027561079,0
2026-07-31 13:34:00,,0.13808215127442608,0
2026-06-01 13:33:00,,0.09788821653001464,0
2026-06-11 14:58:00,,0.4373956138056515,1
2026-06-24 10:36:00,,0.22200955742154807,0
2026-07-22 11:02:00,,0.3226456031050604,0
2026-07-31 10:52:00,,0.08506631204221127,0
2026-08-04 09:35:00,,0.3432289873295406,0
2026-08-19 14:03:00,,0.10064813912155106,0
2026-08-25 14:51:00,,0.09343247530327833,1
2026-05-29 14:47:00,,0.19381958792287238,0
2026-06-05 10:52:00,,0.27919766801088647,0
2026-07-17 13:37:00,,0.49499020294687046,0
2026-08-19 09:41:00,,0.31547579581826585,0
2026-08-31 09:45:00,,0.3339122908982417,0
2026-05-25 13:10:00,,0.1173187724540747,1
2026-05-29 11:13:00,,0.18626714696762856,0
2026-06-03 14:38:00,,0.11588860629700493,0
2026-07-01 10:07:00,,0.20155087179454623,0
2026-05-21 09:37:00,,0.35047046602631077,0
2026-06-01 10:40:00,,0.298511392686312,0
2026-06-01 11:26:00,,0.2172271507159962,0
2026-06-16 09:45:00,,0.3092874598522306,1
2026-06-24 11:25:00,,0.20066822362607079,1
2026-06-25 10:48:00,,0.2471071110457481,0
2026-06-29 10:56:00,,0.20618967885862433,0
2026-08-21 10:27:00,,0.14583313592684047,0
2026-05-21 09:32:00,,0.3461398425275579,1
2026-05-26 13:57:00,,0.2323845196782485,0
2026-06-01 11:02:00,,0.2674830763633811,0
2026-07-22 13:17:00,,0.19561362651649364,0
2026-07-31 14:58:00,,0.41699320718276245,1
2026-08-12 13:27:00,,0.0588828090640854,0
2026-08-27 11:20:00,,0.19884103675546053,1
2026-08-28 09:35:00,,0.36283531807031344,0
2026-06-10 13:01:00,,0.4095208634060544,1
2026-06-18 11:09:00,,0.1955078886614196,0
2026-06-24 13:56:00,,0.21713309494292102,1
2026-06-26 10:41:00,,0.21859726719525022,0
2026-06-26 14:20:00,,0.09253774673806918,0
2026-06-29 11:26:00,,0.4142617637400653,0
2026-07-10 10:34:00,,0.3202606541929108,0
2026-08-17 10:34:00,,0.13995626610825218,0
2026-05-28 13:52:00,,0.1866083946630379,0
2026-06-04 10:40:00,,0.22456217479224172,0
2026-06-30 11:03:00,,0.4246293076317353,0
2026-07-16 13:02:00,,0.3298227264023828,0
2026-07-27 10:58:00,,0.32382706145515333,1
2026-07-30 10:17:00,,0.3010021752279584,0
2026-08-17 11:07:00,,0.08489775649313758,0
2026-08-17 14:05:00,,0.13049192353971148,0
2026-09-03 14:52:00,,0.20879572882866324,0
2026-05-22 13:07:00,,0.22347239039886854,0
2026-06-01 13:35:00,,0.19882001386680295,0
2026-07-01 10:32:00,,0.34056534272909683,1
2026-07-06 09:57:00,,0.36415262350408045,1
2026-07-22 09:55:00,,0.35915621450389995,0
2026-07-24 13:58:00,,0.23289864713063876,0
2026-07-29 10:44:00,,0.2892735187741133,0
2026-08-06 13:57:00,,0.35214839262708075,0
2026-08-21 10:49:00,,0.32082675664455657,1
2026-08-28 14:49:00,,0.1239128734599374,0
2026-05-21 13:09:00,,0.29639671721879635,1
2026-05-29 10:33:00,,0.24061856965465547,0
2026-06-05 11:22:00,,0.27484799030815454,0
2026-06-26 14:01:00,,0.20741841538457673,1
2026-06-30 14:25:00,,0.06191011858286302,1
2026-07-20 09:32:00,,0.25504504320523563,1
2026-07-24 14:40:00,,0.2691912206601509,1
2026-07-31 11:29:00,,0.3868605120781019,0
2026-08-14 13:31:00,,0.1489588723092964,0
2026-08-28 10:43:00,,0.15734241300348675,0
2026-07-09 11:21:00,,0.33793262203605334,1
2026-08-17 09:38:00,,0.3436772400857622,1
2026-09-03 14:14:00,,0.47099346890631866,1
2026-05-21 10:40:00,,0.14364487872091508,0
2026-06-01 13:05:00,,0.24294615144634446,0
2026-06-16 14:06:00,,0.06766804857599654,1
2026-06-23 14:07:00,,0.13725893715156612,0
2026-07-20 10:24:00,,0.2924928462604853,0
2026-07-22 13:43:00,,0.20394374787055258,1
2026-07-31 13:03:00,,0.2419970045104091,0
2026-08-03 10:52:00,,0.08410049305499503,0
2026-08-11 10:34:00,,0.17216369107950455,0
2026-08-25 13:24:00,,0.1534481711450429,0
2026-08-31 14:01:00,,0.22118176183745641,0
2026-09-04 14:24:00,,0.1727011990495157,0
2026-06-12 10:21:00,,0.27207951878762454,0
2026-06-30 11:25:00,,0.27840430225640567,0
2026-08-12 13:08:00,,0.18048899886543948,0
2026-08-25 10:23:00,,0.3039176780066108,1
2026-08-25 13:06:00,,0.2771730851871587,0
2026-08-28 14:24:00,,0.178704274503535,0
2026-06-09 13:25:00,,0.11359543622669079,0
2026-06-10 10:31:00,,0.16211361206295546,0
2026-06-16 10:11:00,,0.24388072188406562,0
2026-07-17 13:25:00,,0.23481605796600488,0
2026-07-20 09:55:00,,0.3051636106229254,0
2026-06-15 10:39:00,,0.260374202989163,0
2026-07-07 10:26:00,,0.2847212114505328,0
2026-08-06 10:20:00,,0.2478034880708756,0
2026-08-20 13:55:00,,0.25578428869930836,0
2026-08-24 10:46:00,,0.22719369513444618,0
2026-05-29 14:15:00,,0.11882164186184486,0
2026-06-17 13:16:00,,0.08989729488512356,1
2026-06-30 14:32:00,,0.12509423012875712,0
2026-07-06 14:18:00,,0.24411093253580676,0
2026-07-22 13:44:00,,0.2512498305149162,0
2026-07-23 09:35:00,,0.42411907804201715,0
2026-07-30 10:17:00,,0.26699336097437615,0
2026-08-11 10:20:00,,0.10657333063553284,0
2026-06-09 14:29:00,,0.15890592275526297,0
2026-06-18 09:40:00,,0.3210586226301023,1
2026-07-06 14:16:00,,0.1513161628005236,0
2026-08-21 09:46:00,,0.28214631074241403,1
2026-08-31 13:04:00,,0.21882733779485034,0
2026-06-08 13:24:00,,0.26631432154954693,0
2026-06-17 11:13:00,,0.12022899971576574,1
2026-06-18 13:49:00,,0.19815876494981244,0
2026-06-22 09:59:00,,0.4538195656842255,1
2026-06-25 14:12:00,,0.25852408803077764,0
2026-08-28 14:56:00,,0.2346121438726452,1
2026-05-28 11:10:00,,0.07701108765946953,0
2026-06-11 13:15:00,,0.21920533129938577,0
2026-06-18 10:49:00,,0.3731782406029755,1
2026-06-23 13:09:00,,0.20349866610352796,0
2026-07-16 14:45:00,,0.234340522144993,0
2026-08-04 11:21:00,,0.10385289263480586,1
2026-08-28 10:46:00,,0.17435892821223697,0
2026-05-25 11:13:00,,0.2528827675264923,0
2026-05-26 13:47:00,,0.21361917872707148,0
2026-06-03 10:26:00,,0.32198029802395317,1
2026-07-10 14:23:00,,0.17947170212972896,0
2026-08-26 11:09:00,,0.16876609994346994,0
2026-07-06 13:39:00,,0.1482835597127047,1
2026-07-27 13:03:00,,0.22363568022198982,1
2026-08-03 10:49:00,,0.19451811376761233,0
2026-08-07 14:04:00,,0.07574612983419947,0
2026-08-26 10:13:00,,0.2269166014772507,1
2026-06-08 10:37:00,,0.26416274258385536,1
2026-06-16 13:31:00,,0.25592947516867276,1
2026-06-30 13:10:00,,0.2669508902068089,0
2026-07-01 10:40:00,,0.3258962010394904,0
2026-07-23 13:56:00,,0.23648199295620945,0
2026-07-24 13:38:00,,0.3950570729585536,1
2026-08-19 10:11:00,,0.37656801517032,0
2026-08-28 10:39:00,,0.3144110315909133,0
2026-09-02 13:14:00,,0.2056082872625292,1
2026-06-02 14:22:00,,0.17339945674983193,0
2026-06-25 10:56:00,,0.1719731431866258,0
2026-07-01 11:26:00,,0.24350631409852064,0
2026-08-07 13:35:00,,0.1745417685138179,0
2026-08-10 10:30:00,,0.22936208746961603,0
2026-08-18 11:09:00,,0.12488077464489032,1
2026-05-22 09:51:00,,0.3524635316729732,0
2026-06-04 10:27:00,,0.23582284287543717,0
2026-06-08 10:57:00,,0.3596010591983149,0
2026-06-15 09:47:00,,0.3833154901875948,0
2026-06-15 14:50:00,,0.39334843535886205,0
2026-06-29 10:13:00,,0.42687725546041033,0
2026-06-30 11:09:00,,0.10260762446015581,0
2026-07-01 13:34:00,,0.07959705215389587,0
2026-07-01 14:25:00,,0.23541029612761988,1
2026-08-20 11:11:00,,0.27598046596298653,0
2026-05-26 14:06:00,,0.28733386298566166,1
2026-06-03 10:05:00,,0.3483360503408624,1
2026-06-10 09:43:00,,0.32084590248326095,1
2026-06-11 09:56:00,,0.3045733850064353,0
2026-06-17 13:06:00,,0.3158377446885811,0
2026-07-27 09:34:00,,0.3767337414169561,0
2026-09-01 13:29:00,,0.2223917883752229,1
2026-06-02 13:43:00,,0.24313217740693427,0
2026-06-08 10:58:00,,0.3929063220622915,0
2026-06-12 13:58:00,,0.1470270474529041,0
2026-06-15 13:39:00,,0.0746565668242429,0
2026-06-17 09:57:00,,0.22684920403825423,1
2026-07-23 13:26:00,,0.17055798557834143,1
2026-08-27 14:36:00,,0.09533354371223486,0
2026-07-01 14:33:00,,0.1910369722543797,0
2026-07-24 13:42:00,,0.18784181492210417,1
2026-08-06 09:54:00,,0.3778120196027478,1
2026-08-24 09:54:00,,0.34682018269884507,0
2026-09-01 10:20:00,,0.2671531123236159,0
2026-05-25 10:26:00,,0.22812160394592518,0
2026-06-11 10:36:00,,0.3134187408915548,0
2026-06-25 10:08:00,,0.33669771070433574,0
2026-07-03 10:58:00,,0.15125270475825123,1
2026-08-11 11:18:00,,0.1359059514747694,0
2026-05-22 14:46:00,,0.1491467839581653,1
2026-06-08 14:35:00,,0.28297860926006224,0
2026-06-30 11:19:00,,0.189973154398237,0
2026-07-17 10:09:00,,0.3011735078990008,0
2026-08-13 09:54:00,,0.30773233200276495,1
2026-08-31 10:11:00,,0.21203681072364516,0
2026-06-02 13:30:00,,0.24269970840100766,0
2026-06-10 13:31:00,,0.28800927793602193,0
2026-06-12 14:32:00,,0.27834027008033196,0
2026-08-20 09:57:00,,0.3522425643456083,1
2026-08-25 14:24:00,,0.11235629053438823,0
2026-08-31 10:41:00,,0.23743187725521062,1
2026-05-22 10:01:00,,0.19408129551489461,1
2026-05-25 14:37:00,,0.09396619013387432,0
2026-06-01 11:00:00,,0.1790001593815619,0
2026-06-03 13:39:00,,0.28743691962327317,0
2026-06-08 10:07:00,,0.2850590341879299,1
2026-06-24 10:05:00,,0.3036862930275074,0
2026-06-29 09:47:00,,0.3167348691609581,0
2026-08-05 13:52:00,,0.06900117823352252,0
2026-08-10 13:50:00,,0.07310451368769717,0
2026-08-26 14:03:00,,0.03764208022858334,0
2026-09-01 14:26:00,,0.054008518232599445,0
2026-06-03 09:40:00,,0.2452611455216997,0
2026-06-10 14:58:00,,0.2880635637605323,0
2026-06-23 13:50:00,,0.09450148832440274,0
2026-07-16 11:02:00,,0.2123883160574617,0
2026-08-26 11:21:00,,0.07438917779376374,0
2026-08-28 14:52:00,,0.27130715338279005,0
2026-05-27 10:57:00,,0.1332229977175202,0
2026-06-01 14:13:00,,0.08254182495727902,0
2026-07-01 10:54:00,,0.19405740477508768,0
2026-07-15 11:04:00,,0.14999561551036086,0
2026-07-15 13:52:00,,0.06717116178634955,0
2026-07-24 14:00:00,,0.1046439989527961,0
2026-08-04 14:48:00,,0.027046529709278025,0
2026-08-17 13:19:00,,0.0638609216445037,0
2026-08-19 09:35:00,,0.3873086541733419,0
2026-06-01 10:50:00,,0.12644207264887652,0
2026-06-17 10:22:00,,0.16937624644834837,0
2026-06-18 11:11:00,,0.1237698008324902,0
2026-06-24 10:02:00,,0.38484470576000157,1
2026-06-26 10:49:00,,0.2136224758245537,0
2026-08-14 13:13:00,,0.10139882682041185,0
2026-08-24 10:26:00,,0.27156700020721186,0
2026-06-03 11:13:00,,0.12984869717667788,0
2026-06-12 10:36:00,,0.205660178079564,0
2026-07-09 13:16:00,,0.09783462685780882,0
2026-07-21 14:34:00,,0.09258650815530811,1
2026-07-27 13:56:00,,0.10490657903298038,0
2026-08-06 11:18:00,,0.24283367140948697,0
2026-08-07 09:47:00,,0.2628239159183441,1
2026-08-18 10:28:00,,0.1800884907998624,0
2026-09-01 13:16:00,,0.10219846340404694,0
2026-06-09 10:25:00,,0.17315086369643407,1
2026-06-12 14:22:00,,0.07845473758022266,0
2026-06-16 10:38:00,,0.0993064999566294,1
2026-06-23 10:48:00,,0.18908026136352496,0
2026-07-01 10:24:00,,0.31870300755875947,0
2026-07-28 14:04:00,,0.1454404616376234,0
2026-08-06 10:38:00,,0.2933315993719742,0
2026-08-26 14:59:00,,0.3086867689660321,0
2026-08-31 10:53:00,,0.08746944235473526,0
2026-05-21 13:58:00,,0.15680424671760476,0
2026-05-26 14:34:00,,0.09498768220175656,0
2026-05-28 13:36:00,,0.13396756718009498,1
2026-06-29 10:52:00,,0.10156130978795876,0
2026-07-28 10:15:00,,0.1758954855431032,0
2026-09-04 10:53:00,,0.0963032296938788,0
2026-06-22 10:34:00,,0.2900588014543398,0
2026-06-26 10:52:00,,0.17362885460306013,0
2026-07-01 14:35:00,,0.10942859276358555,0
2026-07-02 13:23:00,,0.2001809883053845,0
2026-07-07 09:56:00,,0.2897099564816201,0
2026-07-22 10:35:00,,0.16611738347809457,0
2026-06-03 13:20:00,,0.26087271632766584,1
2026-07-28 11:10:00,,0.2378590929817252,0
2026-07-29 14:04:00,,0.18687677942342126,0
2026-07-31 13:41:00,,0.21911805621189331,0
2026-08-27 13:45:00,,0.1648318107691201,1
2026-05-27 10:12:00,,0.319369346637053,0
2026-06-01 10:51:00,,0.3648460352222924,0
2026-06-05 14:15:00,,0.29863538754702795,0
2026-06-10 13:08:00,,0.2086005259662891,0
2026-07-01 15:00:00,,0.46452904776633036,0
2026-07-06 11:05:00,,0.22168829757093134,0
2026-07-06 13:44:00,,0.20042459790331005,0
2026-07-07 10:45:00,,0.34711492183849346,0
2026-07-22 09:30:00,,0.49636323661481063,1
2026-08-10 14:02:00,,0.10131629590415167,0
2026-08-25 09:31:00,,0.5707483406673831,1
2026-06-04 14:24:00,,0.3374628508441527,0
2026-06-10 10:55:00,,0.21108998927507788,1
2026-06-17 14:22:00,,0.14069496710202334,0
2026-07-01 14:05:00,,0.10083044403374863,1
2026-07-09 13:02:00,,0.24125919583565633,0
2026-08-19 11:18:00,,0.1347808810034097,0
2026-08-26 09:34:00,,0.31740095819007147,1
2026-05-29 11:27:00,,0.3799808064673117,0
2026-07-13 13:07:00,,0.20885054056712754,1
2026-07-15 13:34:00,,0.2552072522727096,0
2026-08-10 10:12:00,,0.24442867823214914,1
2026-08-10 13:41:00,,0.15542842682905575,0
2026-08-11 10:24:00,,0.22636387922239257,1
2026-05-21 13:29:00,,0.3610283869509726,0
2026-05-22 09:47:00,,0.357784744220729,1
2026-06-16 14:33:00,,0.15734901249749073,0
2026-06-25 14:45:00,,0.19702254381478962,1
2026-07-09 13:19:00,,0.24129261861808649,0
2026-08-13 10:35:00,,0.2605275248754192,0
2026-08-21 09:50:00,,0.30663261593161956,1
2026-08-21 13:37:00,,0.10595705716620639,0
2026-08-21 14:31:00,,0.19991831647931138,0
2026-05-29 11:02:00,,0.25776835056430775,0
2026-06-23 11:26:00,,0.18548371651368042,0
2026-06-26 10:44:00,,0.414136261082479,0
2026-07-10 14:00:00,,0.34968176934719936,0
2026-07-16 09:32:00,,0.39771968086739934,0
2026-07-28 11:13:00,,0.09845364670107226,0
2026-08-18 14:06:00,,0.20894847867233404,0
2026-08-20 13:15:00,,0.27859618932577385,0
2026-09-02 11:24:00,,0.20745119161637052,0
2026-05-27 10:51:00,,0.39135674259226394,1
2026-06-15 14:37:00,,0.12141990357110666,0
2026-06-18 09:50:00,,0.31834587824361105,0
2026-06-22 10:46:00,,0.4874992892334021,0
2026-07-01 10:48:00,,0.3074569810107274,1
2026-08-03 10:59:00,,0.27046491240850085,0
2026-08-13 10:35:00,,0.332703002156606,0
2026-06-11 14:50:00,,0.16352507484417175,0
2026-06-23 14:48:00,,0.35710001361016386,0
2026-07-21 14:55:00,,0.17566058796366646,1
2026-08-14 14:36:00,,0.05544920946458577,0
2026-05-22 09:33:00,,0.33409504876147433,0
2026-05-27 11:16:00,,0.17021168619757815,0
2026-06-01 13:25:00,,0.23796638587161703,0
2026-07-03 10:56:00,,0.14397535761966418,1
2026-08-11 10:37:00,,0.11819819656335742,0
2026-08-13 13:39:00,,0.12481479909383346,0
2026-08-18 13:21:00,,0.12796310154176616,0
2026-08-24 14:50:00,,0.08155643713530365,0
2026-06-10 13:40:00,,0.15585701878229508,0
2026-06-11 14:43:00,,0.2644456208906074,0
2026-07-27 14:16:00,,0.0709648779482911,0
2026-08-28 14:52:00,,0.07313918725313727,0
2026-09-04 11:28:00,,0.16438328071637293,1
2026-06-02 14:27:00,,0.11494217246630152,0
2026-06-15 14:13:00,,0.14378393660867073,0
2026-06-23 11:06:00,,0.14054742720996655,0
2026-07-08 11:13:00,,0.2633224147249219,0
2026-07-10 09:35:00,,0.34152416103531774,1
2026-07-13 14:57:00,,0.5562585647939831,0
2026-07-23 13:18:00,,0.22351983701664038,1
2026-07-23 14:08:00,,0.15115793750089723,1
2026-07-31 11:12:00,,0.2690606046174564,0
2026-08-05 11:19:00,,0.21726627609588944,0
2026-08-18 11:26:00,,0.19019738100417014,1
2026-09-04 13:57:00,,0.1475393486867614,0
2026-09-04 14:31:00,,0.16437114506068645,0
2026-06-03 13:32:00,,0.21132766840009104,0
2026-06-04 10:41:00,,0.32227126824451796,1
2026-06-12 13:35:00,,0.33422739077077374,0
2026-06-23 13:49:00,,0.18105898703636872,0
2026-06-23 14:47:00,,0.16643294623399335,1
2026-07-03 10:57:00,,0.2258239810845522,1
2026-07-24 13:51:00,,0.15615026609331223,0
2026-07-28 09:54:00,,0.3277026542194324,0
2026-08-26 10:14:00,,0.2819266198574285,0
2026-06-15 10:32:00,,0.19753226579739955,0
2026-06-15 11:08:00,,0.10321352155553741,0
2026-07-21 13:59:00,,0.2294230106360942,0
2026-07-21 14:14:00,,0.07252834949559278,1
2026-07-22 14:17:00,,0.17307274921092236,1
2026-07-23 14:38:00,,0.12425720339926974,0
2026-07-29 09:39:00,,0.28100391638113315,0
2026-08-20 09:57:00,,0.2082807765220575,0
2026-08-27 14:05:00,,0.05922881207723139,0
2026-09-04 10:31:00,,0.1411016676753278,0
2026-07-03 10:14:00,,0.18176227327769975,0
2026-07-06 10:36:00,,0.22686913695587488,0
2026-07-13 13:03:00,,0.22161840832333843,1
2026-08-04 13:10:00,,0.15190794469107305,0
2026-08-10 10:21:00,,0.14337034314469171,0
2026-06-09 10:09:00,,0.3058447814217271,0
2026-06-10 10:41:00,,0.41130534194300633,1
2026-06-12 13:15:00,,0.16265102727916553,0
2026-07-03 09:36:00,,0.38858146755694367,0
2026-08-06 14:55:00,,0.19943610039170773,0
2026-08-10 13:20:00,,0.20824090443596963,0
2026-08-20 09:59:00,,0.23231100847229477,0
2026-05-25 14:24:00,,0.11259365141757531,0
2026-06-01 09:52:00,,0.3383612170445907,0
2026-06-12 13:23:00,,0.19909165588749367,0
2026-06-16 10:22:00,,0.19497891206890244,0
2026-06-16 11:09:00,,0.1632949561641607,0
2026-06-18 14:49:00,,0.06306532215270515,0
2026-07-01 10:17:00,,0.30489777788898537,1
2026-07-06 13:53:00,,0.18560823773607119,0
2026-07-07 11:25:00,,0.19747088109781968,1
2026-07-16 14:34:00,,0.09360108072575289,0
2026-06-25 11:18:00,,0.33003777271650786,1
2026-07-01 13:37:00,,0.2550963931346269,0
2026-07-14 13:37:00,,0.3395615496347064,0
2026-05-21 14:20:00,,0.4380329301973211,0
2026-05-27 11:13:00,,0.25141573490983415,1
2026-07-07 11:11:00,,0.2283057181214539,0
2026-07-08 14:34:00,,0.1741682757093993,0
2026-07-16 13:14:00,,0.31504667856331914,0
2026-07-23 13:20:00,,0.2967989156022768,1
2026-08-05 14:18:00,,0.36341841059578406,0
2026-05-21 10:11:00,,0.24487046152163328,0
2026-06-04 11:24:00,,0.20695692644750754,0
2026-06-30 13:42:00,,0.1576523626397162,0
2026-08-05 13:56:00,,0.15805231312076348,0
2026-08-05 14:21:00,,0.4415058561626153,1
2026-08-06 14:21:00,,0.16811988267077055,1
2026-08-07 11:07:00,,0.058027752635420045,1
2026-08-13 13:56:00,,0.11256759249191658,0
2026-08-27 10:09:00,,0.14454703428881258,0
2026-09-02 14:09:00,,0.17885770798905878,0
2026-05-29 14:21:00,,0.26139216702102114,0
2026-06-11 10:34:00,,0.24235213381704582,0
2026-07-01 11:29:00,,0.23092795478598174,1
2026-07-06 11:30:00,,0.3113376720168256,1
2026-07-15 09:49:00,,0.3213055834152734,0
2026-08-11 11:14:00,,0.1300395605258538,0
2026-08-31 10:38:00,,0.20993031620500424,0
2026-05-29 10:03:00,,0.32677321457109587,0
2026-06-23 11:24:00,,0.2646364030151271,0
2026-06-24 14:55:00,,0.08528871106030772,0
2026-07-03 09:34:00,,0.43815067000166874,1
2026-08-04 14:07:00,,0.1190618442589412,0
2026-08-12 10:00:00,,0.3335928963502405,1
2026-08-25 13:07:00,,0.2128392916230439,1
2026-06-10 14:45:00,,0.048398738680360966,0
2026-06-24 13:45:00,,0.045284314529408995,0
2026-06-26 14:27:00,,0.07007577125636234,0
2026-06-30 14:03:00,,0.06432394373238803,0
2026-08-10 11:18:00,,0.031622313585436025,0
2026-08-26 14:49:00,,0.039779240553013746,0
2026-06-01 13:07:00,,0.23687922068466846,0
2026-06-15 10:55:00,,0.19016107095018836,0
2026-07-14 10:59:00,,0.32949015853035996,0
2026-07-31 13:06:00,,0.1665350890465202,0
2026-08-10 10:51:00,,0.0676110333617114,0
2026-08-19 14:21:00,,0.09543572246920828,0
2026-05-25 11:24:00,,0.12344039203853363,0
2026-05-27 09:43:00,,0.2944557755146443,1
2026-06-01 09:32:00,,0.38195709435544956,1
2026-06-16 09:53:00,,0.34188273404518876,0
2026-06-22 14:18:00,,0.19621898342691516,0
2026-06-25 14:52:00,,0.20371214908617405,0
2026-07-03 10:07:00,,0.20230425277246641,0
2026-07-09 10:49:00,,0.35682149123764245,0
2026-08-07 10:04:00,,0.34248012858408683,0
2026-06-05 10:15:00,,0.2071768881836153,0
2026-07-01 09:39:00,,0.3758309478252351,1
2026-07-07 14:11:00,,0.17638733154932557,0
2026-07-15 10:14:00,,0.24541285792458103,0
2026-07-20 13:10:00,,0.23222553154145148,0
2026-08-03 10:21:00,,0.2325225779389442,0
2026-08-06 14:13:00,,0.13413442822478908,0
2026-08-13 10:41:00,,0.2703668247755044,0
2026-08-31 14:30:00,,0.06381285476267841,0
2026-07-03 10:11:00,,0.18944586884727377,1
2026-07-21 14:30:00,,0.03241938955457813,0
2026-07-28 13:30:00,,0.0773079179730464,0
2026-08-12 09:41:00,,0.24376860723372215,0
2026-05-27 14:57:00,,0.40668585818992653,0
2026-06-29 11:05:00,,0.23642392139587626,0
2026-07-02 09:54:00,,0.30693912500128534,1
2026-07-10 10:32:00,,0.2284513852256897,1
2026-07-15 13:44:00,,0.16671915804086349,0
2026-06-25 10:59:00,,0.29617809625658215,0
2026-07-02 14:27:00,,0.2955447194837799,1
2026-07-29 10:10:00,,0.2937959314696217,1
2026-05-28 10:21:00,,0.30103627379545994,1
2026-05-29 10:29:00,,0.20883048722263503,0
2026-06-01 10:15:00,,0.27731513316955697,0
2026-06-12 13:41:00,,0.1976926618908565,1
2026-07-10 13:02:00,,0.3433393579791767,0
2026-07-29 10:36:00,,0.29888500111352695,0
2026-07-31 14:12:00,,0.18266144326981945,0
2026-08-03 10:22:00,,0.3210610735013628,0
2026-05-27 14:20:00,,0.1974529244824688,0
2026-05-29 09:37:00,,0.3644318773217001,0
2026-07-22 13:15:00,,0.2629040031339707,0
2026-08-04 10:34:00,,0.32165297577633534,0
2026-08-14 13:58:00,,0.2966144591754459,0
2026-08-21 10:49:00,,0.1542977387039242,1
2026-09-01 10:02:00,,0.3222930958367409,0
2026-07-06 14:17:00,,0.32708986679140944,0
2026-07-14 11:12:00,,0.3237186674555276,0
2026-07-17 09:41:00,,0.32986095650200975,0
2026-07-24 10:50:00,,0.3107432722776173,0
2026-08-05 09:33:00,,0.41272435091773624,0
2026-08-12 14:10:00,,0.05686243538244082,0
2026-06-05 13:33:00,,0.13149925929261339,0
2026-06-22 10:31:00,,0.21444907891757772,1
2026-07-30 11:01:00,,0.1635378826926714,0
2026-08-12 14:53:00,,0.12753803868863411,0
2026-08-25 11:23:00,,0.062234183925402795,0
2026-09-03 09:55:00,,0.1374801142589772,0
2026-09-04 10:51:00,,0.06055749984677768,0
2026-05-28 13:33:00,,0.23808686963549408,1
2026-06-16 14:33:00,,0.10962760311706789,0
2026-06-25 10:16:00,,0.3111097835311897,0
2026-07-31 09:39:00,,0.29357339709128993,1
2026-08-03 10:25:00,,0.20037598430480114,0
2026-08-04 13:41:00,,0.07541347776417444,0
2026-08-18 10:10:00,,0.2780334144652528,0
2026-08-27 11:02:00,,0.2507668932498805,0
2026-08-31 10:31:00,,0.2514993418613118,0
2026-05-29 14:13:00,,0.27499568238195593,0
2026-07-02 13:27:00,,0.1328057050004961,0
2026-07-09 10:31:00,,0.21173546590009867,0
2026-08-07 11:23:00,,0.18914011018101978,0
2026-09-04 10:36:00,,0.14192405870749297,1
2026-06-23 10:30:00,,0.3366736529986847,0
2026-06-24 14:19:00,,0.13405069915282392,0
2026-07-24 10:24:00,,0.35051142218991943,1
2026-07-27 13:33:00,,0.38409468813079817,0
2026-07-30 10:10:00,,0.31356973365225127,0
2026-07-30 13:09:00,,0.2801942764924296,0
2026-07-30 13:32:00,,0.3780022529494703,0
2026-09-01 14:06:00,,0.09160441187565632,0
2026-05-26 13:31:00,,0.21759920629322616,0
2026-06-03 11:17:00,,0.28527079733856014,0
2026-06-04 11:05:00,,0.20607284521461122,0
2026-07-14 13:32:00,,0.24398462789947073,0
2026-07-15 14:16:00,,0.1960275171040245,0
2026-07-24 10:03:00,,0.3235210042227625,0
2026-08-05 09:42:00,,0.32686143328851575,1
2026-05-22 14:36:00,,0.09700775302313423,0
2026-06-01 11:04:00,,0.20164592263905315,0
2026-06-04 13:08:00,,0.14052045604238178,0
2026-06-22 13:56:00,,0.241169985711585,1
2026-06-24 11:11:00,,0.18164695373762413,0
2026-07-10 13:02:00,,0.16915988380840577,0
2026-08-17 09:39:00,,0.3861825327853341,0
2026-08-19 11:16:00,,0.19114152946623159,0
2026-08-19 14:48:00,,0.1318499876806761,0
2026-08-26 13:52:00,,0.0872454288305109,0
2026-08-28 11:27:00,,0.10761345778081711,0
2026-05-21 10:18:00,,0.168965698307308,0
2026-05-22 14:15:00,,0.12465378239121541,0
2026-05-27 14:04:00,,0.20943688970458157,0
2026-06-16 10:57:00,,0.11116415394773468,0
2026-06-26 11:04:00,,0.10283812465873358,0
2026-06-30 13:39:00,,0.16172177671619956,1
2026-07-06 11:18:00,,0.15806344366297967,0
2026-07-23 14:15:00,,0.07073679779421878,0
2026-05-26 11:25:00,,0.21163092459006075,0
2026-06-11 10:18:00,,0.2622060510612762,0
2026-06-11 13:57:00,,0.17657560793629365,0
2026-06-26 13:42:00,,0.23999888475566672,0
2026-08-03 11:07:00,,0.2955836561291438,1
2026-08-20 14:18:00,,0.09303057528607692,0
2026-08-25 14:27:00,,0.07585987674751798,0
2026-08-26 13:54:00,,0.07870390796299181,0
2026-08-27 10:18:00,,0.2745760194998265,0
2026-09-01 13:51:00,,0.1419183218262964,0
2026-06-08 13:40:00,,0.2641002905838736,0
2026-06-15 11:16:00,,0.06735517747385969,1
2026-06-17 13:58:00,,0.060527601884964345,0
2026-06-18 14:02:00,,0.13371672871220763,0
2026-07-03 09:54:00,,0.2654654751374143,1
2026-07-27 10:51:00,,0.15815779805611563,0
2026-08-31 13:10:00,,0.09911144789379675,0
2026-05-22 13:12:00,,0.09341264312665253,0
2026-05-28 14:21:00,,0.1387247924041637,0
2026-06-15 09:31:00,,0.30532251903205937,1
2026-07-06 14:02:00,,0.21227474601467505,0
2026-07-15 13:36:00,,0.11721575278244557,0
2026-05-29 10:37:00,,0.19960282147672237,0
2026-06-08 10:34:00,,0.2808500813590299,1
2026-06-23 13:23:00,,0.22953225474680214,0
2026-06-26 11:27:00,,0.16578260270983367,1
2026-07-13 09:36:00,,0.3999942411890248,0
2026-07-28 10:27:00,,0.2675208862504602,0
2026-07-31 10:27:00,,0.1840122600326269,0
2026-08-17 13:37:00,,0.22239778617818548,0
2026-09-04 14:28:00,,0.08997079350486144,0
2026-05-26 10:13:00,,0.31983008794714507,0
2026-06-09 10:49:00,,0.21865499021423104,0
2026-06-10 09:59:00,,0.29245987546549934,0
2026-06-25 09:58:00,,0.3645262658225472,0
2026-06-26 11:30:00,,0.19971643954794446,0
2026-07-06 14:35:00,,0.15227845657764874,0
2026-07-28 10:47:00,,0.1902480286311956,0
2026-08-03 09:35:00,,0.4121201084195893,1
2026-08-06 14:56:00,,0.24450457407379508,1
2026-05-29 10:50:00,,0.20168364034422992,0
2026-05-29 14:18:00,,0.1696448181155383,0
2026-06-05 13:41:00,,0.19840921424902833,1
2026-06-18 14:26:00,,0.10624411868450802,0
2026-07-14 10:51:00,,0.19082027523207493,0
2026-07-17 14:10:00,,0.16277884664555878,0
2026-07-29 14:17:00,,0.07655351148046707,0
2026-09-03 10:36:00,,0.068457347409778,0
2026-05-28 14:46:00,,0.11873039149111818,0
2026-07-09 10:35:00,,0.3294209868139517,0
2026-07-13 09:55:00,,0.3175688668834396,0
2026-07-16 14:28:00,,0.15468856886460303,0
2026-07-23 09:32:00,,0.3156971527244745,1
2026-06-05 10:13:00,,0.26497082915302245,0
2026-06-09 13:14:00,,0.27000474826946863,1
2026-06-24 13:06:00,,0.21546597609831633,1
2026-06-29 09:35:00,,0.39596293302783164,1
2026-07-10 13:08:00,,0.16969546460217297,1
2026-05-22 10:41:00,,0.32363736092760975,0
2026-06-01 11:05:00,,0.4076833697495197,0
2026-06-24 11:04:00,,0.3778674684484648,1
2026-06-30 10:48:00,,0.2545202033089694,0
2026-07-08 10:29:00,,0.32408566766737007,1
2026-07-17 11:10:00,,0.4301372750539237,0
2026-07-24 14:01:00,,0.37570290592006017,0
2026-08-20 14:09:00,,0.19506146918495884,0
2026-09-04 09:45:00,,0.33478344554987477,0
2026-07-06 10:11:00,,0.22194966939313765,0
2026-07-13 14:11:00,,0.19554130653903085,0
2026-07-20 14:55:00,,0.315074994438183,0
2026-07-21 09:46:00,,0.4447818239164511,0
2026-08-04 11:02:00,,0.07155556590187916,0
2026-08-14 13:28:00,,0.15706152388714922,0
2026-05-27 14:15:00,,0.1984253366472156,1
2026-06-03 09:34:00,,0.3735935532835437,0
2026-06-03 10:11:00,,0.3475701553530757,0
2026-06-15 11:10:00,,0.27005401333418333,0
2026-07-02 10:57:00,,0.20325786563489148,0
2026-07-13 09:54:00,,0.36818113939933894,0
2026-07-22 11:19:00,,0.21554589294953902,0
2026-07-30 14:39:00,,0.2636397591373958,0
2026-08-06 10:02:00,,0.2052046476653264,0
2026-08-26 13:33:00,,0.17368785172531973,0
2026-09-01 14:01:00,,0.16272578837993593,0
2026-09-03 09:53:00,,0.3554635288726898,0
2026-06-10 10:46:00,,0.3001242733599621,0
2026-06-17 13:17:00,,0.3787733211859766,1
2026-06-22 10:46:00,,0.4309251307399356,0
2026-07-10 10:23:00,,0.31615155858365984,1
2026-08-11 13:31:00,,0.3143918448967811,1
2026-06-02 14:24:00,,0.19330692558071028,0
2026-06-12 10:01:00,,0.4263742924278561,1
2026-06-18 13:48:00,,0.16796654855568022,0
2026-06-29 09:56:00,,0.44849719776105096,0
2026-07-03 10:38:00,,0.22767371842598444,0
2026-07-07 10:44:00,,0.17982384110549973,0
2026-07-13 09:49:00,,0.4021352309786664,0
2026-08-31 10:12:00,,0.27365274183706795,1
2026-06-02 09:45:00,,0.35523420985358445,0
2026-06-11 14:10:00,,0.3410775657546097,0
2026-06-24 14:12:00,,0.1458200000953935,0
2026-07-17 13:22:00,,0.20948597786953616,0
2026-07-23 10:59:00,,0.1054525969076326,0
2026-07-27 11:03:00,,0.3473963474874412,0
2026-08-03 14:56:00,,0.39613080044548404,0
2026-09-03 13:08:00,,0.09191547749424683,0
2026-06-10 13:43:00,,0.1956000329337765,0
2026-07-15 09:48:00,,0.2774821682445308,0
2026-07-17 10:00:00,,0.3932232815214935,1
2026-07-17 14:20:00,,0.3877732467211501,0
2026-07-23 14:08:00,,0.3628210037987573,0
2026-09-03 10:32:00,,0.17435758472196963,0
2026-06-22 13:03:00,,0.3117196701862469,0
2026-07-02 15:00:00,,0.5290652032273859,1
2026-08-07 09:54:00,,0.25470032944163135,0
2026-08-31 14:49:00,,0.04661527171043898,0
2026-09-01 10:02:00,,0.23265117343109418,0
2026-05-25 09:47:00,,0.38124713936877247,0
2026-05-26 14:50:00,,0.2056109001337892,0
2026-06-08 11:10:00,,0.31179253327699635,1
2026-06-29 13:03:00,,0.329912032395817,1
2026-07-01 14:53:00,,0.20987324883964056,0
2026-07-17 13:09:00,,0.48441715375225103,0
2026-07-31 10:55:00,,0.2230151990377538,0
2026-08-24 09:48:00,,0.3248920661906746,0
2026-06-15 11:29:00,,0.18767445305212108,0
2026-07-07 11:25:00,,0.18158170082726852,1
2026-07-13 10:21:00,,0.24306538968372735,0
2026-07-29 09:51:00,,0.3029810591242005,1
2026-08-04 10:05:00,,0.3866624807176359,0
2026-08-06 10:18:00,,0.16101171189153296,1
2026-05-28 10:58:00,,0.1572000375511098,0
2026-07-20 10:13:00,,0.320954817924523,0
2026-08-07 10:27:00,,0.180883872027949,1
2026-05-22 09:45:00,,0.3111348892825471,1
2026-06-02 14:58:00,,0.37741434362959025,1
2026-06-10 14:25:00,,0.2346131405297356,0
2026-08-03 10:16:00,,0.18023744019698953,0
2026-08-04 14:15:00,,0.08727361189315383,0
2026-08-13 13:20:00,,0.11847925251473926,0
2026-08-26 10:13:00,,0.27478298990150113,1
2026-08-27 10:00:00,,0.2200683319528504,0
2026-09-02 14:58:00,,0.3502903573434481,1
2026-06-26 14:55:00,,0.33482468670955895,1
2026-07-13 14:57:00,,0.4063989484679377,1
2026-07-29 10:06:00,,0.3502964763156682,1
2026-08-13 10:32:00,,0.3366122281617744,0
2026-06-23 13:27:00,,0.24554706564599912,0
2026-06-26 14:30:00,,0.12160248398460698,0
2026-07-03 13:19:00,,0.28036513975416427,0
2026-07-15 10:27:00,,0.22809922950004857,0
2026-08-25 10:12:00,,0.2622811633060913,1
2026-08-26 13:17:00,,0.17387525610739388,0
2026-08-26 13:38:00,,0.23719888837722397,0
2026-05-29 13:21:00,,0.24869791297308178,0
2026-06-15 10:14:00,,0.23090042446280679,0
2026-08-12 13:07:00,,0.16280062647346896,0
2026-09-04 10:30:00,,0.3737889888956922,0
2026-09-04 10:39:00,,0.2899648265806575,0
2026-06-25 10:22:00,,0.25619737591678315,0
2026-07-07 13:08:00,,0.2252596776582201,0
2026-07-13 10:42:00,,0.26138444433688846,1
2026-07-30 10:17:00,,0.1860887930476441,0
2026-08-26 10:57:00,,0.1712628213653282,0
2026-05-27 13:04:00,,0.1704213645249403,1
2026-06-01 10:19:00,,0.1517913007001743,1
2026-06-25 14:51:00,,0.11355828025194295,0
2026-06-29 13:56:00,,0.1892691521368567,0
2026-07-09 14:52:00,,0.24154599859180387,0
2026-07-15 14:07:00,,0.052027476841181766,0
2026-07-16 11:27:00,,0.09377432102985186,0
2026-07-20 14:44:00,,0.13657829088849993,0
2026-07-22 14:41:00,,0.062103685636833716,0
2026-07-27 10:44:00,,0.27755049497752093,0
2026-08-05 14:44:00,,0.12400885164063653,0
2026-08-11 10:06:00,,0.24850625007743446,1
2026-08-11 13:29:00,,0.1162191268128124,1
2026-08-17 11:16:00,,0.1606208045586974,0
2026-08-21 09:43:00,,0.25188416930841645,1
2026-08-28 09:53:00,,0.2275708901343433,0
2026-09-02 10:10:00,,0.21148588277241256,1
2026-09-02 14:59:00,,0.31683108361092216,1
2026-05-21 09:53:00,,0.37287789887151757,1
2026-05-25 11:21:00,,0.1709107558332931,0
2026-08-06 13:42:00,,0.26995959532716546,1
2026-08-07 13:32:00,,0.16370523817932908,0
2026-08-28 14:42:00,,0.1165603294770554,0
2026-09-04 09:43:00,,0.3316776680257975,0
2026-05-22 14:37:00,,0.050427219524213376,0
2026-05-25 10:36:00,,0.29036024754991735,1
2026-05-27 10:24:00,,0.2816127212712268,1
2026-07-17 13:39:00,,0.24205735859450245,0
2026-07-27 10:16:00,,0.33906876828711174,1
2026-08-18 13:25:00,,0.15159521900445286,0
2026-05-26 13:43:00,,0.2713775727328857,0
2026-05-26 14:14:00,,0.2184292546683151,1
2026-05-29 13:31:00,,0.3022884020132886,0
2026-06-02 10:38:00,,0.26286792010358895,1
2026-06-10 14:02:00,,0.22732434615455263,0
2026-07-08 14:54:00,,0.42106692864417433,1
2026-07-16 09:49:00,,0.33372283805527403,0
2026-07-21 14:57:00,,0.324995874607941,1
2026-05-25 09:33:00,,0.32146280789093196,1
2026-05-26 10:06:00,,0.19646777612366437,1
2026-05-27 14:54:00,,0.17141254152206517,0
2026-06-16 10:52:00,,0.1914544264876597,1
2026-06-23 09:39:00,,0.3473933497761736,1
2026-06-25 13:54:00,,0.22277723933083005,0
2026-06-26 11:10:00,,0.24847884796773612,0
2026-07-15 14:32:00,,0.20194986137871201,0
2026-07-22 13:07:00,,0.2177540725287612,0
2026-08-11 14:43:00,,0.06007891623637786,0
2026-08-18 11:03:00,,0.11707201340146821,0
2026-05-25 14:11:00,,0.22420091366137843,0
2026-06-10 14:01:00,,0.1249227410273172,0
2026-06-15 13:06:00,,0.21855882238729393,1
2026-06-30 13:20:00,,0.03710885351171398,0
2026-07-07 10:53:00,,0.30248398469473053,1
2026-07-07 14:41:00,,0.27954874343840685,0
2026-08-14 14:20:00,,0.15759486407106355,0
2026-08-19 13:55:00,,0.2557837046928301,0
2026-05-25 13:50:00,,0.24875301924872176,1
2026-06-04 10:36:00,,0.3248524685145009,0
2026-06-22 13:17:00,,0.2159143570946433,0
2026-06-29 09:36:00,,0.46708174756488946,1
2026-07-20 13:53:00,,0.5199968819577782,0
2026-08-04 14:14:00,,0.10071246675595673,0
2026-08-11 09:45:00,,0.2794524195324187,1
2026-08-26 13:12:00,,0.10537449067461677,0
2026-09-04 14:13:00,,0.1041678535049754,0
2026-06-11 14:34:00,,0.15005628824600015,0
2026-06-23 10:17:00,,0.2522775857329675,1
2026-07-08 10:53:00,,0.2654281964929387,0
2026-07-24 11:03:00,,0.14345041743967726,0
2026-08-07 10:58:00,,0.22915494977371842,0
2026-08-14 14:14:00,,0.09071034297348601,0
2026-08-17 13:07:00,,0.09674527849972253,0
2026-08-28 09:55:00,,0.20179629005876945,0
2026-09-01 13:57:00,,0.1676729748839384,0
2026-09-04 11:20:00,,0.1790686172927825,0
2026-05-27 09:50:00,,0.27509531654451547,0
2026-06-15 13:16:00,,0.25143873315484216,1
2026-07-21 14:39:00,,0.14208611429742415,0
2026-08-17 13:16:00,,0.09989874811165088,0
2026-05-25 10:47:00,,0.08273679120273646,0
2026-06-17 13:57:00,,0.09146143673912153,0
2026-06-18 09:43:00,,0.2910615970965941,1
2026-06-29 10:19:00,,0.2865437937254819,1
2026-07-06 14:08:00,,0.054535411047608805,0
2026-08-03 09:30:00,,0.421477809203693,1
2026-08-04 10:10:00,,0.22648599759047083,1
2026-05-29 10:15:00,,0.310422183629965,0
2026-07-01 14:21:00,,0.1675178274104705,0
2026-07-07 09:47:00,,0.3317374397381078,0
2026-07-31 10:08:00,,0.20902470355606861,0
2026-08-12 14:22:00,,0.06086541001173888,0
2026-08-31 10:27:00,,0.11279975995196576,0
2026-05-22 14:33:00,,0.11324589781434057,0
2026-06-10 14:27:00,,0.07686840032818858,0
2026-06-15 13:29:00,,0.16981832687176318,0
2026-07-30 10:21:00,,0.27226059814257225,0
2026-08-13 11:25:00,,0.10165469454046014,0
2026-08-21 11:16:00,,0.22332507490677023,0
2026-08-24 13:42:00,,0.15762405617962788,0
2026-05-22 11:00:00,,0.12003653278439116,1
2026-05-28 13:22:00,,0.11302288990703167,1
2026-07-07 09:58:00,,0.4402552140847212,1
2026-07-20 14:40:00,,0.21099323032331602,1
2026-07-21 13:20:00,,0.281317687303888,0
2026-08-04 11:03:00,,0.07632939326086595,0
2026-08-19 10:04:00,,0.24531203328627021,0
2026-08-28 10:07:00,,0.14394701152635242,1
2026-09-03 11:20:00,,0.14991116649673117,1
2026-05-21 10:37:00,,0.15437646140980932,0
2026-05-22 13:51:00,,0.1878382556640709,1
2026-05-28 14:20:00,,0.1856832109758443,0
2026-06-30 13:18:00,,0.1934330865109167,0
2026-06-30 14:22:00,,0.20652162750654637,1
2026-08-07 09:53:00,,0.34941508407314786,0
2026-09-02 10:25:00,,0.1983784030175533,0
2026-05-27 13:42:00,,0.24569962389362499,0
2026-06-10 14:55:00,,0.2512759043918529,0
2026-06-26 14:23:00,,0.14895637427883107,0
2026-07-07 14:45:00,,0.1543552632434311,0
2026-07-20 13:33:00,,0.4466748651021127,0
2026-07-24 14:16:00,,0.07946104261360842,0
2026-08-12 10:45:00,,0.1220371072758306,0
2026-05-21 13:06:00,,0.1489721857564621,0
2026-06-15 10:12:00,,0.2915589819557,0
2026-08-12 09:34:00,,0.4741306994128354,0
2026-05-21 13:28:00,,0.06849669215536044,0
2026-05-28 10:11:00,,0.26604326193817857,0
2026-06-11 11:17:00,,0.05244078403107062,0
2026-06-25 13:26:00,,0.2615260402886474,0
2026-07-20 14:55:00,,0.20638805603915875,1
2026-07-31 13:39:00,,0.06674958795416698,0
2026-08-05 09:30:00,,0.364848460099407,0
2026-08-05 14:00:00,,0.04575620660775001,0
2026-08-12 13:55:00,,0.18497610198577388,0
2026-05-28 13:56:00,,0.1742913013177185,0
2026-07-02 14:12:00,,0.20884741490263095,0
2026-07-06 14:19:00,,0.11543993939596706,0
2026-07-09 13:17:00,,0.27937285470687545,0
2026-07-09 14:30:00,,0.19844735423730966,0
2026-08-20 10:37:00,,0.3165381373177537,1
2026-08-27 10:14:00,,0.23904884313510014,0
2026-09-03 13:11:00,,0.26150739223054564,0
2026-07-20 10:45:00,,0.19885060756140258,1
2026-07-22 10:08:00,,0.3261929054021974,0
2026-07-28 09:30:00,,0.36413195574905854,1
2026-07-28 09:47:00,,0.3217109405134066,1
2026-07-29 13:16:00,,0.3222346780928013,0
2026-08-05 14:01:00,,0.2649565771732949,0
2026-08-10 14:12:00,,0.08388933499190028,0
2026-08-11 10:08:00,,0.3170339156090471,1
2026-08-31 13:35:00,,0.1572338988253824,0
2026-06-10 14:16:00,,0.16929237155867605,1
2026-07-01 10:23:00,,0.24676808316538906,0
2026-07-03 10:58:00,,0.1709883062271864,0
2026-07-10 11:07:00,,0.19673787458460137,1
2026-07-31 09:48:00,,0.28023021874956305,0
2026-09-04 10:11:00,,0.16365096503250007,0
2026-05-28 13:13:00,,0.2339550597402527,0
2026-06-09 14:39:00,,0.20857334072790307,0
2026-08-03 14:13:00,,0.13278085085856792,1
2026-08-18 10:02:00,,0.30857946553822657,1
2026-08-26 14:48:00,,0.24867903399861904,0
2026-05-22 10:54:00,,0.16409784309017075,1
2026-05-28 13:42:00,,0.22905982304628925,1
2026-06-25 11:12:00,,0.16443462204033768,1
2026-07-01 11:06:00,,0.15604611538176283,0
2026-07-13 10:35:00,,0.31645217031023365,0
2026-07-30 13:34:00,,0.23102750856154405,0
2026-05-27 14:51:00,,0.12534801388724298,0
2026-06-02 13:38:00,,0.34378000010882237,0
2026-06-08 14:00:00,,0.25650351691911616,0
2026-06-23 10:15:00,,0.2558613535810397,0
2026-07-07 09:54:00,,0.3381359691430279,0
2026-07-09 10:56:00,,0.25240164018683336,0
2026-06-01 13:06:00,,0.2211028073163498,0
2026-06-17 11:03:00,,0.18110939774993123,0
2026-07-10 13:58:00,,0.2341669135300649,0
2026-07-22 09:32:00,,0.4948042922200218,1
2026-08-25 13:23:00,,0.3053780736737159,1
2026-09-04 14:24:00,,0.18098859467016157,0
2026-05-27 10:17:00,,0.2395801919865071,0
2026-05-27 14:08:00,,0.1616427593039183,1
2026-06-22 10:27:00,,0.42300736812004935,1
2026-07-15 13:09:00,,0.34980806987732943,0
2026-07-28 11:06:00,,0.3116143856969011,0
2026-08-06 10:02:00,,0.27283239450987395,0
2026-08-17 10:22:00,,0.5596149811885748,0
2026-08-18 14:52:00,,0.18144791519984751,0
2026-08-19 14:17:00,,0.24926855291157154,0
2026-05-26 10:30:00,,0.30164392803973583,0
2026-06-05 10:29:00,,0.2823681533042306,1
2026-07-23 13:10:00,,0.21963306616931572,0
2026-07-28 14:20:00,,0.1548048217679519,0
2026-08-03 10:20:00,,0.2817823358178765,0
2026-08-04 14:20:00,,0.243674229292512,0
2026-08-11 10:55:00,,0.32413950535701536,1
2026-08-18 13:20:00,,0.24464891367176156,0
2026-05-25 13:10:00,,0.10454477127212299,0
2026-06-05 11:29:00,,0.17572476387775904,0
2026-07-09 13:46:00,,0.2212207879804294,0
2026-08-04 11:27:00,,0.11746601850883513,0
2026-08-10 14:06:00,,0.21915761337199272,1
2026-08-13 10:05:00,,0.2896566273857943,0
2026-08-13 10:10:00,,0.34299443617258735,0
2026-08-18 11:15:00,,0.22784591016513295,1
2026-08-28 09:40:00,,0.3177606203154722,0
2026-08-28 11:06:00,,0.16182731895879668,0
2026-08-31 10:40:00,,0.1803116619748934,0
2026-06-09 10:22:00,,0.21280368613348488,0
2026-06-09 10:56:00,,0.179896424465837,1
2026-06-11 11:00:00,,0.1699496606564643,0
2026-06-22 13:09:00,,0.2037995147648893,1
2026-07-13 13:53:00,,0.13852653278266225,0
2026-07-16 09:38:00,,0.3133031635155321,0
2026-07-17 13:34:00,,0.5190596953521769,0
2026-07-22 14:06:00,,0.15047924632255608,0
2026-07-24 10:12:00,,0.22748452299985134,0
2026-08-14 10:24:00,,0.17518268844423424,0
2026-08-14 13:22:00,,0.10047687495312874,0
2026-06-12 10:58:00,,0.2384849845841501,1
2026-06-15 13:55:00,,0.13067480125641937,0
2026-08-20 13:03:00,,0.15389819324654294,0
2026-09-01 09:40:00,,0.34140214909962846,0
2026-05-21 13:12:00,,0.1591448855534073,0
2026-06-15 14:44:00,,0.12142367010422389,0
2026-06-29 14:43:00,,0.36144033724435753,0
2026-07-02 09:50:00,,0.23119802644567455,0
2026-07-06 09:40:00,,0.2992985081425113,0
2026-07-10 10:36:00,,0.242186877702921,0
2026-07-17 14:45:00,,0.17625844012941067,0
2026-07-22 09:47:00,,0.31572970976768955,0
2026-08-07 10:28:00,,0.276522629113932,1
2026-05-21 11:15:00,,0.13528267002439073,0
2026-06-11 09:38:00,,0.32731692618602654,0
2026-07-07 14:15:00,,0.178469272736159,1
2026-07-23 14:18:00,,0.07337691492568948,0
2026-09-02 09:39:00,,0.345263473079104,1
2026-09-02 14:29:00,,0.3240004642636019,0
2026-09-04 11:30:00,,0.2042881048910235,0
2026-09-04 13:46:00,,0.21379378705361438,0
2026-08-25 10:44:00,,0.23021963997756095,0
2026-05-22 10:14:00,,0.14708477685134932,0
2026-06-12 13:49:00,,0.14582964245062258,0
2026-08-05 13:09:00,,0.07501842248704409,0
2026-05-28 10:32:00,,0.10896312670257405,0
2026-06-25 13:18:00,,0.19520241338658612,0
2026-07-03 13:24:00,,0.12069491359584628,0
2026-08-06 10:03:00,,0.20376965744114667,0
2026-08-21 13:09:00,,0.08764204716137378,0
2026-08-25 13:48:00,,0.23482890112980032,1
2026-05-29 09:48:00,,0.4165938049420088,0
2026-05-29 14:03:00,,0.2944240228708096,0
2026-06-23 10:43:00,,0.20129950060096635,0
2026-06-24 11:08:00,,0.23403859322651313,0
2026-07-02 10:07:00,,0.3325350749872862,0
2026-07-16 09:50:00,,0.0013440771801953627,0
2026-07-21 13:31:00,,0.34908027505606665,0
2026-08-10 13:51:00,,0.17957317380250368,0
2026-08-27 10:47:00,,0.17243770301071926,0
2026-08-31 10:26:00,,0.30394503457222394,0
2026-06-04 11:01:00,,0.18039443253416765,0
2026-06-09 09:48:00,,0.3167814173856641,1
2026-06-22 14:07:00,,0.18866271317851688,0
2026-06-24 14:00:00,,0.1597176877274459,0
2026-07-10 10:13:00,,0.2394861207204499,0
2026-08-14 13:20:00,,0.07758762165135921,0
2026-08-18 09:42:00,,0.2464866126817994,1
2026-08-19 13:19:00,,0.3293211442569026,0
2026-08-27 10:14:00,,0.37441579072762265,1
2026-09-03 14:15:00,,0.20174241083887326,0
2026-06-02 10:28:00,,0.27892519282476314,1
2026-06-25 09:43:00,,0.3036720491917673,1
2026-07-13 09:47:00,,0.39812696119841967,0
2026-07-17 09:44:00,,0.35727598335213107,0
2026-07-20 13:41:00,,0.31667262939386037,0
2026-07-21 10:43:00,,0.355855070025937,1
2026-08-04 11:06:00,,0.2026044235387944,1
2026-06-10 10:01:00,,0.261876620751362,0
2026-07-16 09:32:00,,0.424530296534029,1
2026-07-21 14:33:00,,0.083548022096151,0
2026-08-07 13:23:00,,0.05619642730396762,0
2026-08-21 10:39:00,,0.1581653356038767,0
2026-08-28 14:26:00,,0.02529944376709349,0
2026-09-02 13:11:00,,0.07513042525380438,0
2026-05-25 09:47:00,,0.3507675216001027,0
2026-06-01 10:19:00,,0.2024974887729011,0
2026-07-01 14:51:00,,0.22427279194063182,1
2026-07-06 10:37:00,,0.2926019789524409,0
2026-07-06 13:33:00,,0.1888432276386226,1
2026-07-07 14:56:00,,0.3338396110030701,1
2026-08-21 09:56:00,,0.3555701778415298,1
2026-08-25 11:12:00,,0.20006994957112567,0
2026-06-01 13:08:00,,0.15680167137949594,0
2026-06-26 13:50:00,,0.1906801421685894,0
2026-06-29 09:56:00,,0.34342236928769687,0
2026-07-02 13:53:00,,0.21404701964901143,0
2026-07-10 14:50:00,,0.10071036114945192,0
2026-07-20 13:12:00,,0.20831429543849483,0
2026-07-29 10:42:00,,0.17712502302731076,0
2026-08-04 14:55:00,,0.06548402799931025,0
2026-09-01 11:24:00,,0.07482656351420591,1
2026-05-27 11:06:00,,0.2239864797201773,1
2026-06-23 13:40:00,,0.13986775985977112,0
2026-06-29 14:27:00,,0.2029660459034427,0
2026-07-06 10:17:00,,0.2976416787726859,0
2026-07-07 13:25:00,,0.43935824170843213,0
2026-07-15 10:31:00,,0.2538394999727649,1
2026-08-13 13:52:00,,0.2701278855613259,0
2026-08-24 13:13:00,,0.17523104605898615,0
2026-05-22 10:19:00,,0.29340351466639586,0
2026-05-26 14:15:00,,0.19105750997717316,0
2026-05-28 10:45:00,,0.22563778838270865,0
2026-06-23 09:48:00,,0.3905112564672952,1
2026-07-01 10:53:00,,0.20005014326314993,1
2026-09-01 14:49:00,,0.14016003052467504,0
2026-07-10 09:43:00,,0.2607223737063112,0
2026-08-03 09:32:00,,0.28493539435377574,1
2026-05-28 13:28:00,,0.21877365935182397,0
2026-06-16 10:21:00,,0.2904500605233498,0
2026-06-25 14:54:00,,0.13797587763360195,0
2026-07-14 14:44:00,,0.20349821909057209,0
2026-07-23 10:06:00,,0.33107292571189006,0
2026-08-05 10:03:00,,0.33249803603615913,0
2026-08-06 10:18:00,,0.27354265316472937,0
2026-08-12 14:20:00,,0.07500528200762568,0
2026-08-18 10:51:00,,0.2829453588574444,0
2026-08-24 13:25:00,,0.22930590315798685,0
2026-08-26 11:28:00,,0.28284390742897136,0
2026-09-04 13:44:00,,0.2952187255846781,0
2026-06-03 09:32:00,,0.3470124805585673,0
2026-06-03 13:14:00,,0.10699165266393963,0
2026-06-18 13:24:00,,0.2860573729702479,0
2026-06-30 10:37:00,,0.18276075532655894,0
2026-07-13 11:05:00,,0.10932807605103491,0
2026-07-20 10:46:00,,0.13731879486630516,0
2026-07-27 10:02:00,,0.2173096115565105,0
2026-09-03 14:06:00,,0.08085029021930068,0
2026-05-29 14:11:00,,0.2817050730985579,0
2026-06-10 10:46:00,,0.29499011338483844,0
2026-06-17 14:18:00,,0.19333793196608814,0
2026-07-03 10:23:00,,0.32086816636921206,1
2026-07-08 13:12:00,,0.27444724023468187,0
2026-08-10 13:43:00,,0.09386467060378542,0
2026-08-13 11:19:00,,0.0938732301379818,0
2026-06-05 11:14:00,,0.26878714394179104,0
2026-06-11 09:39:00,,0.41324217338352853,1
2026-06-18 11:27:00,,0.2564419097289439,0
2026-06-26 11:03:00,,0.3515286101390463,0
2026-07-09 13:54:00,,0.28119732656522395,1
2026-07-09 14:55:00,,0.14411032634599347,0
2026-07-10 13:49:00,,0.27367573527029165,0
2026-06-08 14:04:00,,0.18121184593041278,0
2026-07-14 11:23:00,,0.3184731976053371,0
2026-08-05 13:39:00,,0.21629687555582963,1
2026-06-10 13:24:00,,0.13341203276910182,0
2026-06-23 09:32:00,,0.3388842477922624,0
2026-07-03 11:08:00,,0.232920845725807,0
2026-08-19 14:43:00,,0.12621531911871056,1
2026-09-01 10:16:00,,0.2621570217676338,0
2026-06-01 13:41:00,,0.16039264860497113,0
2026-06-08 14:10:00,,0.18482526614412106,0
2026-06-09 11:04:00,,0.13630237042024318,0
2026-07-01 14:48:00,,0.11026465299412885,0
2026-07-14 10:04:00,,0.3069214311488555,0
2026-07-09 13:55:00,,0.22923907093560086,1
2026-07-20 09:52:00,,0.3439348118773208,1
2026-07-20 10:30:00,,0.4139853743624241,0
2026-07-23 09:54:00,,0.3371446397245113,1
2026-08-06 10:06:00,,0.26199276243227043,1
2026-06-11 14:09:00,,0.1926988310856182,0
2026-07-24 14:43:00,,0.1368842904971798,0
2026-07-27 09:54:00,,0.2883024237512111,1
2026-08-04 10:28:00,,0.19494969410952567,0
2026-08-07 10:13:00,,0.2992455346650005,0
2026-09-03 14:39:00,,0.08754881588947189,0
2026-06-03 13:29:00,,0.4469325993052034,0
2026-06-12 09:46:00,,0.3549068164631498,1
2026-06-12 13:18:00,,0.20962878371026064,0
2026-07-31 14:02:00,,0.2828562954636751,0
2026-08-06 10:10:00,,0.254363373438483,0
2026-08-31 14:01:00,,0.2009954867213576,0
2026-05-26 10:05:00,,0.3398341878980478,0
2026-05-27 09:58:00,,0.3213993467871751,0
2026-06-01 14:37:00,,0.17220329022176026,0
2026-06-02 13:01:00,,0.24650794789877944,0
2026-06-08 13:17:00,,0.31814439822493157,0
2026-07-10 13:50:00,,0.1977266909220658,0
2026-08-06 14:19:00,,0.07798686911315969,0
2026-09-04 13:17:00,,0.1463277016946428,0
2026-05-25 14:03:00,,0.20562539623802434,0
2026-06-04 14:47:00,,0.15322515535255002,0
2026-06-11 11:01:00,,0.19685748454365246,0
2026-07-22 14:06:00,,0.36015222344784814,0
2026-08-17 11:02:00,,0.3070266216603901,1
2026-08-21 11:02:00,,0.16759922641604766,0
2026-06-05 10:03:00,,0.32594458312491115,1
2026-06-23 14:42:00,,0.16562620775736114,1
2026-06-24 13:04:00,,0.29854565726037663,0
2026-07-01 14:59:00,,0.4703846127176453,0
2026-07-06 13:12:00,,0.20938290250629757,0
2026-07-13 11:04:00,,0.29379237221203974,0
2026-07-15 10:24:00,,0.280563112348701,1
2026-07-29 14:53:00,,0.13145668808778543,0
2026-08-19 10:08:00,,0.2567896810382467,0
2026-08-31 10:05:00,,0.2960150484525821,0
2026-05-25 14:28:00,,0.175780345262848,0
2026-06-26 14:33:00,,0.16233313084615242,0
2026-07-10 15:00:00,,0.3933509885486754,0
2026-09-02 14:38:00,,0.09235943261085643,0
2026-06-23 09:50:00,,0.3227381120911805,0
2026-07-08 11:28:00,,0.4674002516569101,1
2026-07-31 10:37:00,,0.18835409696574906,0
2026-08-03 13:07:00,,0.19903022642043883,0
2026-08-24 13:11:00,,0.14136150024996066,0
2026-05-22 13:59:00,,0.19039407677781264,1
2026-06-02 13:58:00,,0.29141105675616,0
2026-07-23 10:28:00,,0.3308044017300241,1
2026-08-07 14:40:00,,0.19250010529115347,0
2026-08-12 10:23:00,,0.20322307654068938,0
2026-08-12 13:56:00,,0.1677865830078972,0
2026-08-13 13:58:00,,0.11679542726272503,0
2026-08-14 13:37:00,,0.13940335011386312,1
2026-08-25 13:18:00,,0.2861554523922312,0
2026-08-28 14:03:00,,0.15204939762237746,0
2026-09-04 11:18:00,,0.09519807446033607,0
2026-05-26 13:54:00,,0.17182308152063328,0
2026-06-09 14:18:00,,0.17200571450246077,1
2026-06-15 09:50:00,,0.2750035511952979,0
2026-06-18 13:58:00,,0.12594151693466327,0
2026-06-24 13:02:00,,0.3163071342007729,0
2026-07-08 10:10:00,,0.3166132525158686,1
2026-07-13 14:42:00,,0.16260634128497242,1
2026-07-27 10:23:00,,0.25534399191343676,0
2026-05-25 11:19:00,,0.12877957891968955,0
2026-06-18 14:42:00,,0.055950382035082666,0
2026-07-16 09:55:00,,0.32241599939765186,1
2026-07-21 13:30:00,,0.22998301092314072,0
2026-08-03 13:12:00,,0.22979164836340157,1
2026-08-04 14:35:00,,0.1098478583250453,0
2026-08-12 09:48:00,,0.307704354816207,0
2026-09-02 13:31:00,,0.18359971781925963,0
2026-05-25 13:42:00,,0.16718929942816824,0
2026-06-12 14:20:00,,0.24114587044156885,0
2026-07-06 11:20:00,,0.21908001209253367,0
2026-07-31 13:05:00,,0.130919040111402,0
2026-08-03 11:02:00,,0.04348666771010457,0
2026-08-06 13:08:00,,0.2667142377078835,0
2026-08-13 11:20:00,,0.11054951850810034,0
2026-08-13 13:28:00,,0.11225294174122454,0
2026-08-31 13:48:00,,0.10778740811591792,0
2026-05-21 11:04:00,,0.2042193248338463,0
2026-06-01 11:24:00,,0.2527005277483337,0
2026-06-11 11:11:00,,0.2027176810614301,0
2026-07-02 10:14:00,,0.2947911826511159,0
2026-07-16 13:34:00,,0.26037590597431565,0
2026-08-26 10:06:00,,0.30060086278023007,0
2026-05-27 09:53:00,,0.2683288410229756,1
2026-05-27 11:07:00,,0.22867979169196367,0
2026-07-07 14:21:00,,0.09874326864215574,0
2026-07-13 11:02:00,,0.12930503326024026,0
2026-07-22 13:27:00,,0.22641990969337206,0
2026-05-22 10:03:00,,0.3667185799163039,1
2026-06-24 14:45:00,,0.1394426273300625,1
2026-06-25 11:04:00,,0.19080379261007213,0
2026-07-07 10:23:00,,0.23989042970837568,0
2026-07-09 13:49:00,,0.17047006458434613,0
2026-07-16 14:48:00,,0.21804733117292713,1
2026-08-10 09:37:00,,0.3188035405588973,1
2026-05-28 13:27:00,,0.18190043045057264,0
2026-06-09 14:20:00,,0.2700794562149043,0
2026-06-09 14:44:00,,0.14649722692877934,0
2026-06-12 10:04:00,,0.31190527315303695,0
2026-06-16 10:42:00,,0.10017876285609968,1
2026-06-24 14:49:00,,0.14042504950288504,0
2026-07-02 13:02:00,,0.2775379045909566,0
2026-07-28 11:00:00,,0.39263736398700183,0
2026-05-27 10:19:00,,0.23459242696466087,0
2026-05-29 13:03:00,,0.2961428133901166,1
2026-06-08 14:26:00,,0.24462433002350983,0
2026-07-02 09:35:00,,0.335139159660889,1
2026-07-20 10:48:00,,0.13251626557386612,0
2026-08-03 14:11:00,,0.16367249032827538,1
2026-08-04 09:38:00,,0.3991465898044812,1
2026-08-06 13:21:00,,0.29533304000082156,0
2026-08-20 09:59:00,,0.3371499847567278,0
2026-08-26 14:45:00,,0.10631290678116405,0
2026-08-28 11:11:00,,0.11423116309525108,0
2026-06-04 13:21:00,,0.22462615642727465,0
2026-06-22 09:53:00,,0.321030297546926,0
2026-05-27 11:28:00,,0.19050887507027883,0
2026-07-06 13:10:00,,0.10553167995370753,0
2026-07-23 11:16:00,,0.07499923637370151,0
2026-08-19 10:54:00,,0.11814038889951624,0
2026-08-25 13:56:00,,0.21325928612697806,0
2026-05-22 14:25:00,,0.06305965101196197,0
2026-05-28 10:33:00,,0.09575986382549209,0
2026-07-20 10:01:00,,0.3499860436783543,0
2026-08-06 13:30:00,,0.13186186948345682,0
2026-08-19 10:57:00,,0.09043005191768543,0
2026-06-10 10:37:00,,0.15747454673641292,0
2026-06-15 13:27:00,,0.18148002462215887,1
2026-06-24 10:47:00,,0.22654435863412475,1
2026-06-25 14:23:00,,0.1459608027963386,0
2026-07-09 10:59:00,,0.29959982393961365,0
2026-07-13 11:06:00,,0.25264121460020933,0
2026-07-27 11:08:00,,0.16959902748278505,0
2026-08-12 09:45:00,,0.259387740726169,0
2026-08-13 11:00:00,,0.1646052474340774,0
2026-09-03 14:20:00,,0.10591010998870087,0
2026-06-05 10:51:00,,0.2062909434848957,1
2026-08-20 13:14:00,,0.08993523887606877,0
2026-06-10 09:40:00,,0.3435190596753465,1
2026-07-21 13:26:00,,0.269010696712279,1
2026-07-24 10:27:00,,0.3122644145476245,0
2026-07-28 10:53:00,,0.19578156544788322,0
2026-08-17 09:36:00,,0.34993541677232964,0
2026-08-27 13:27:00,,0.1276851076457908,0
2026-05-28 13:53:00,,0.2278335902271139,0
2026-06-15 14:48:00,,0.20457942816420785,0
2026-06-17 14:18:00,,0.19449531183736374,0
2026-06-18 13:03:00,,0.20817944262370125,1
2026-06-29 11:18:00,,0.27999310726888565,0
2026-08-20 10:01:00,,0.32088609104102833,0
2026-08-20 14:22:00,,0.21907891853281514,0
2026-08-26 13:02:00,,0.3029913403485745,0
2026-06-12 10:27:00,,0.27719946147341545,0
2026-06-26 09:49:00,,0.31275367966742457,0
2026-07-24 13:39:00,,0.06445990661026088,0
2026-07-27 10:56:00,,0.11540655142914259,0
2026-07-30 11:01:00,,0.27117736161115125,1
2026-05-22 11:21:00,,0.3651587313757951,0
2026-05-22 13:21:00,,0.24532060459579494,0
2026-05-27 14:57:00,,0.25631406848323113,0
2026-06-17 11:23:00,,0.20632183086393788,0
2026-07-24 13:36:00,,0.3506282043083521,0
2026-08-06 09:54:00,,0.3767174631798101,1
2026-08-18 13:43:00,,0.21280641761044503,0
2026-06-29 09:30:00,,0.402155651402046,0
2026-07-01 14:28:00,,0.0969288608572034,0
2026-07-22 13:35:00,,0.1822303693533105,0
2026-06-02 14:56:00,,0.32793879616078664,0
2026-06-24 10:22:00,,0.238564697987903,0
2026-07-09 13:01:00,,0.23565520666613646,0
2026-08-03 10:44:00,,0.20490767552712574,0
2026-08-05 10:36:00,,0.09185993829609744,0
2026-08-14 10:04:00,,0.2785186231150667,1
2026-06-23 14:18:00,,0.08628795069212938,0
2026-07-10 11:07:00,,0.08828933103817758,1
2026-07-20 10:03:00,,0.3129271012439342,0
2026-07-21 14:11:00,,0.17275811420610726,0
2026-08-13 10:17:00,,0.10621028342575162,0
2026-08-17 10:21:00,,0.28667097850047535,1
2026-08-25 13:49:00,,0.09133575621929244,0
2026-05-27 09:40:00,,0.31778743180385377,0
2026-06-25 13:45:00,,0.1899106577744994,0
2026-06-30 13:45:00,,0.13502875689509053,0
2026-07-13 11:08:00,,0.29466939985114743,1
2026-07-27 11:25:00,,0.0698494630255349,0
2026-08-06 10:08:00,,0.08108104036851312,0
2026-08-17 14:16:00,,0.07411405690949298,0
2026-08-17 14:47:00,,0.08572618342399384,0
2026-08-20 13:52:00,,0.19586708917616671,0
2026-05-26 13:48:00,,0.10737115500178683,0
2026-07-22 13:05:00,,0.12964031705579432,0
2026-07-31 09:45:00,,0.20095447494920926,0
2026-07-31 13:16:00,,0.12209295870410795,0
2026-09-01 14:12:00,,0.02675202527277457,0
2026-05-29 14:39:00,,0.2677018832952679,0
2026-06-30 10:32:00,,0.5687560032679996,0
2026-07-02 10:31:00,,0.28037279796271025,0
2026-07-09 09:47:00,,0.3557852241699927,0
2026-07-21 14:12:00,,0.1313714636703543,0
2026-08-12 13:46:00,,0.08544276681649239,0
2026-08-12 13:53:00,,0.06656302413926028,0
2026-08-20 09:34:00,,0.42365056951411306,0
2026-05-29 14:48:00,,0.22032309817037762,0
2026-06-22 09:31:00,,0.4896108564377688,0
2026-06-23 13:43:00,,0.2470348597903298,0
2026-07-03 14:36:00,,0.30236408581783053,1
2026-07-09 14:14:00,,0.2884225229809855,0
2026-07-14 11:15:00,,0.3125572036529341,1
2026-07-29 13:46:00,,0.26956386063565485,0
2026-08-12 13:27:00,,0.2973295335263395,0
2026-08-13 10:45:00,,0.25652694352948713,0
2026-08-18 14:03:00,,0.241502282335501,0
2026-08-25 14:06:00,,0.20280456559888646,0
2026-07-22 15:00:00,,0.3319718765191921,1
2026-07-30 13:12:00,,0.3645973507742494,0
2026-08-12 13:26:00,,0.26398705126089683,1
2026-08-17 13:30:00,,0.2818309705759894,1
2026-08-31 10:02:00,,0.3502935697474133,0
2026-05-26 13:33:00,,0.23062812499095844,0
2026-06-12 13:52:00,,0.12206544712641339,0
2026-06-15 11:20:00,,0.10139959767282039,0
2026-07-02 13:42:00,,0.09871418587555429,0
2026-08-06 11:01:00,,0.27752005258521845,1
2026-08-20 11:06:00,,0.19906661928486835,0
2026-06-04 10:35:00,,0.2639261881798417,0
2026-06-24 11:23:00,,0.18163977578668136,1
2026-07-02 11:16:00,,0.23272199707639551,0
2026-07-09 09:40:00,,0.3061868712139231,1
2026-07-28 09:39:00,,0.32283279044584884,1
2026-09-02 09:34:00,,0.4856352811822723,0
2026-09-04 13:23:00,,0.11574669305103952,0
2026-05-26 09:46:00,,0.3556629810124828,0
2026-05-27 11:27:00,,0.21875931816398178,0
2026-06-04 10:24:00,,0.15538052970766472,1
2026-06-17 11:23:00,,0.12153962427288534,0
2026-07-17 13:22:00,,0.22282791655158884,0
2026-07-23 09:40:00,,0.2584267925869541,1
2026-07-24 14:10:00,,0.11969118952205172,0
2026-08-26 09:35:00,,0.42404478666305256,0
2026-08-26 10:24:00,,0.2239277767808016,0
2026-09-02 10:18:00,,0.19425382926353868,0
2026-09-04 14:35:00,,0.1091504566145501,0
2026-05-25 14:44:00,,0.13191087974156787,0
2026-06-02 10:32:00,,0.19196974132424136,0
2026-07-08 10:45:00,,0.37043875687256433,0
2026-07-09 10:52:00,,0.2483566847766507,0
2026-07-09 13:06:00,,0.20715661249089545,1
2026-07-13 11:07:00,,0.29005033072543734,0
2026-08-11 10:48:00,,0.0781365735575896,0
2026-08-11 10:51:00,,0.1085919698184992,1
2026-08-27 09:46:00,,0.26420103841408527,0
2026-08-31 14:47:00,,0.03925871535489199,0
2026-05-29 14:07:00,,0.17844958877716083,1
2026-06-12 10:00:00,,0.29683880786548356,1
2026-06-17 14:59:00,,0.385800920914019,0
2026-07-06 11:03:00,,0.42340159827091545,0
2026-07-14 09:42:00,,0.4536936241670911,1
2026-08-19 10:02:00,,0.3575931228757049,0
2026-08-20 10:46:00,,0.16710814239578517,1
2026-05-29 14:10:00,,0.3644362257445921,1
2026-07-06 11:25:00,,0.30183529712971124,0
2026-07-22 09:57:00,,0.40239587167169,0
2026-08-17 13:51:00,,0.09578836269205851,0
2026-08-20 14:20:00,,0.2722033211357479,0
2026-09-03 09:39:00,,0.3017738693349837,0
2026-05-28 10:45:00,,0.24258499252226035,0
2026-06-17 11:24:00,,0.11432157406341763,0
2026-06-24 14:01:00,,0.22487527894140588,1
2026-06-26 09:43:00,,0.31319473872190184,1
2026-06-30 14:52:00,,0.1410422676306715,1
2026-07-23 13:10:00,,0.2450191818626744,0
2026-07-24 10:08:00,,0.3055271848817356,0
2026-08-06 10:50:00,,0.15911163975543546,1
2026-08-17 13:55:00,,0.10054133927886184,0
2026-08-18 13:53:00,,0.22382487468914292,0
2026-08-20 14:57:00,,0.27782199211847475,0
2026-08-21 13:59:00,,0.14419005882960348,0
2026-08-27 09:49:00,,0.340376159385162,0
2026-05-22 09:46:00,,0.2650949526967974,0
2026-05-29 10:37:00,,0.19865301200655447,0
2026-06-10 10:53:00,,0.18050880550320966,0
2026-06-24 11:07:00,,0.21061824512329927,0
2026-07-07 10:50:00,,0.1808476453219817,0
2026-07-23 10:50:00,,0.0006564575740473767,0
2026-08-03 10:04:00,,0.3187665610196758,0
2026-08-20 14:20:00,,0.16415581734160808,1
2026-05-26 13:02:00,,0.18363355136605214,0
2026-06-30 13:14:00,,0.1879509895450748,1
2026-07-07 11:04:00,,0.27812208158979923,1
2026-08-05 14:18:00,,0.11968122453184031,0
2026-08-10 11:25:00,,0.12423268211263569,0
2026-08-26 10:48:00,,0.12874443182093434,0
2026-06-10 14:09:00,,0.18936455787866913,1
2026-08-06 09:57:00,,0.29756505037265435,0
2026-08-12 09:50:00,,0.32882078968368417,0
2026-08-19 14:28:00,,0.12352089877745029,0
2026-05-21 13:17:00,,0.13192272720495435,0
2026-05-29 10:31:00,,0.2954527817014346,1
2026-06-12 14:39:00,,0.2234319516651643,0
2026-07-06 10:23:00,,0.2058714680468707,0
2026-08-19 14:15:00,,0.09977062662980511,0
2026-06-11 13:54:00,,0.2332707805764035,0
2026-07-30 14:15:00,,0.13876288198341483,1
2026-08-28 09:39:00,,0.3723653307966281,0
2026-05-29 14:48:00,,0.11485217108592785,0
2026-06-04 10:56:00,,0.12428592466786774,0
2026-07-14 09:39:00,,0.22987739109049318,0
2026-08-03 14:45:00,,0.07251516709216334,0
2026-08-06 10:08:00,,0.106340019461177,0
2026-08-27 14:11:00,,0.06436554370851712,0
2026-07-02 13:01:00,,0.29533432588107844,0
2026-07-14 13:14:00,,0.36155495030307067,0
2026-07-21 13:10:00,,0.2144337751693767,0
2026-08-17 14:52:00,,0.06796908623140452,0
2026-08-25 13:39:00,,0.15441561977983612,0
2026-05-29 14:15:00,,0.13976519117780822,0
2026-06-03 11:13:00,,0.12290274774564428,0
2026-06-08 09:54:00,,0.2627185538080345,0
2026-07-06 14:01:00,,0.17023249397946802,1
2026-07-08 09:39:00,,0.3812901561141559,0
2026-07-13 13:49:00,,0.28615813498546944,1
2026-08-07 11:15:00,,0.17828659824162302,0
2026-08-25 10:13:00,,0.22518110755112858,0
2026-05-27 13:09:00,,0.33033980571679555,0
2026-06-30 13:10:00,,0.3319149398863552,0
2026-07-02 13:14:00,,0.22182890774556874,0
2026-07-03 14:42:00,,0.18058389302846753,0
2026-07-27 09:30:00,,0.4185274569618495,0
2026-08-06 11:16:00,,0.2898336768767472,0
2026-08-17 11:16:00,,0.252282898296218,0
2026-06-23 10:07:00,,0.2618172354056159,0
2026-06-30 14:42:00,,0.08426995270274419,0
2026-07-30 11:08:00,,0.12233654536449028,0
2026-08-05 14:52:00,,0.07731942441778153,1
2026-08-31 14:20:00,,0.05228811319932233,0
2026-06-05 13:28:00,,0.447709282606911,1
2026-06-24 14:29:00,,0.5516806805904352,1
2026-07-08 11:25:00,,0.2668257619439459,0
2026-07-13 10:54:00,,0.35153345708577693,1
2026-08-10 10:20:00,,0.31143610146327305,0
2026-09-04 09:36:00,,0.38414102416825185,0
2026-06-02 15:00:00,,0.3306938251914893,0
2026-06-25 13:18:00,,0.24226036218943162,1
2026-07-03 09:32:00,,0.36567028143003666,0
2026-07-13 10:51:00,,0.2319682161854121,0
2026-05-28 14:24:00,,0.1679409113809737,0
2026-06-08 14:00:00,,0.20082056888991645,1
2026-07-13 09:56:00,,0.3339636716674477,0
2026-07-16 13:49:00,,0.2166560568471075,1
2026-07-21 10:57:00,,0.21152748508244687,0
2026-07-23 14:05:00,,0.2840208372956551,0
2026-08-04 10:18:00,,0.24874111493268636,0
2026-08-19 10:49:00,,0.2989960468056464,0
2026-05-29 10:33:00,,0.05758373772883369,0
2026-06-11 13:29:00,,0.12812064341165852,0
2026-06-23 10:26:00,,0.16393673773883619,0
2026-07-03 13:57:00,,0.1503538239993018,0
2026-07-10 10:07:00,,0.17006411881139488,1
2026-07-14 14:27:00,,0.045524321636895675,0
2026-07-15 13:16:00,,0.11661494162139752,0
2026-08-04 10:18:00,,0.09598906350251597,0
2026-07-01 10:48:00,,0.2793517061778136,0
2026-07-07 13:19:00,,0.17667525571353307,0
2026-07-07 13:21:00,,0.13304303597212608,0
2026-07-16 10:44:00,,0.2467951651300035,0
2026-07-23 14:11:00,,0.062091933246279526,1
2026-08-25 14:37:00,,0.05820950247671796,0
2026-08-26 14:01:00,,0.139882756756541,0
2026-09-01 13:59:00,,0.18416582277224744,0
2026-06-03 10:57:00,,0.13822969778380212,1
2026-06-15 14:43:00,,0.07732123042119923,0
2026-06-16 13:47:00,,0.20333962729464977,0
2026-06-18 14:01:00,,0.37696561792718775,0
2026-08-06 09:51:00,,0.35184878796597363,0
2026-09-02 11:30:00,,0.26691748349666294,0
2026-06-01 09:43:00,,0.32087006961745085,0
2026-06-11 10:13:00,,0.2060209892645901,0
2026-06-18 09:54:00,,0.3063881678434521,0
2026-06-18 09:55:00,,0.2935657482645281,0
2026-07-13 13:35:00,,0.22209453623290956,0
2026-07-29 14:54:00,,0.20649917983176508,0
2026-08-26 14:38:00,,0.12517279264515463,0
2026-08-28 10:33:00,,0.36065457247752836,0
2026-09-01 11:20:00,,0.12012089696663562,1
2026-05-27 09:37:00,,0.32401211240188604,0
2026-06-05 10:44:00,,0.2482720958523136,1
2026-07-02 09:55:00,,0.3205021988224813,0
2026-07-07 13:34:00,,0.20149726735165877,1
2026-07-16 11:20:00,,0.182867373349874,0
2026-07-22 09:41:00,,0.33386911834147714,0
2026-08-03 09:49:00,,0.288730941188146,1
2026-08-05 13:16:00,,0.18242681630938942,0
2026-08-10 11:30:00,,0.1518333839835393,0
2026-05-21 13:36:00,,0.3317876138372053,1
2026-06-02 10:13:00,,0.30276473000959,0
2026-07-16 10:26:00,,0.3215924693210228,1
2026-07-31 14:49:00,,0.25869039511031555,0
2026-08-03 14:30:00,,0.2650866839830733,0
2026-08-12 14:27:00,,0.10906142475909565,0
2026-08-17 13:15:00,,0.20812228144484468,0
2026-07-29 13:38:00,,0.3230950972140878,1
2026-07-30 11:07:00,,0.19606445937933095,0
2026-08-10 14:25:00,,0.2002354096928749,0
2026-06-02 09:41:00,,0.38360689176332996,0
2026-06-17 13:12:00,,0.1256442736732424,0
2026-06-26 13:06:00,,0.17049591449257867,1
2026-07-22 10:54:00,,0.20556628035157984,0
2026-08-06 10:31:00,,0.20381027705653348,0
2026-08-24 10:29:00,,0.21233351724459032,0
2026-08-25 13:43:00,,0.13214329326402055,0
2026-08-26 09:52:00,,0.20891578518692194,0
2026-05-21 13:04:00,,0.23874513305456657,1
2026-06-04 11:02:00,,0.22487494426812094,0
2026-07-22 13:59:00,,0.2617279368687074,0
2026-08-06 10:27:00,,0.22892625388448856,0
2026-08-13 14:24:00,,0.14839729576825167,0
2026-08-20 14:00:00,,0.5439559946162819,1
2026-08-24 13:53:00,,0.2732817455489191,1
2026-07-23 09:52:00,,0.0027892138542769266,0
2026-07-29 09:50:00,,0.33605145333228725,0
2026-08-07 10:50:00,,0.22027444618269215,0
2026-08-20 14:30:00,,0.17000212631123485,1
2026-06-02 13:30:00,,0.23770658309354056,1
2026-06-04 10:15:00,,0.2995199776368576,1
2026-06-11 09:47:00,,0.31606321421965183,0
2026-06-18 10:05:00,,0.2905467684291741,0
2026-06-26 14:36:00,,0.11937035803202929,1
2026-07-23 10:57:00,,0.3777150472540848,0
2026-08-14 10:22:00,,0.329207394116122,0
2026-08-24 09:38:00,,0.4223848239574366,0
2026-08-24 10:48:00,,0.2400514682981843,0
2026-08-26 13:11:00,,0.21528352600605347,0
2026-09-01 10:43:00,,0.15731099113231609,1
2026-06-18 13:46:00,,0.2753610091329724,0
2026-07-15 14:31:00,,0.15349109225301338,0
2026-07-21 09:50:00,,0.42217269313520794,0
2026-07-22 10:07:00,,0.36013065033051406,0
2026-07-22 13:05:00,,0.21045302846331362,0
2026-07-29 10:04:00,,0.32214950002955983,1
2026-08-12 13:57:00,,0.07281161018723999,0
2026-08-18 09:37:00,,0.37221312683180824,0
2026-09-04 09:41:00,,0.22743584537019446,0
2026-06-01 09:58:00,,0.3660625926185099,1
2026-06-01 14:53:00,,0.26373729002048735,0
2026-06-03 14:47:00,,0.2277781285243448,1
2026-06-04 09:37:00,,0.4386619071831055,1
2026-06-12 10:25:00,,0.2748194467415023,0
2026-06-18 14:35:00,,0.20870040180431249,0
2026-07-08 13:22:00,,0.2761660882828091,0
2026-07-09 13:57:00,,0.32297606457139644,0
2026-07-15 13:15:00,,0.2785212716974888,1
2026-07-23 10:15:00,,0.35796520024656825,0
2026-08-10 11:20:00,,0.28189122456589993,0
2026-06-11 10:20:00,,0.3172605794920723,0
2026-06-22 09:53:00,,0.3259227835566448,0
2026-06-22 10:58:00,,0.32490574094353114,1
2026-06-29 14:41:00,,0.1532719533039997,0
2026-08-06 10:26:00,,0.3078551128974632,1
2026-06-10 14:17:00,,0.2810665046637051,1
2026-07-16 13:36:00,,0.2442380939457581,0
2026-05-26 13:47:00,,0.1935458632232809,0
2026-07-09 14:04:00,,0.23001547976402562,0
2026-07-21 10:51:00,,0.27120241165549214,1
2026-07-24 14:35:00,,0.09874224683873183,0
2026-08-04 09:43:00,,0.19608983940473387,1
2026-07-06 10:32:00,,0.27029687794811336,0
2026-07-13 13:38:00,,0.3379139043643359,0
2026-07-13 14:19:00,,0.1929502615230297,0
2026-07-22 13:27:00,,0.2735007807471383,0
2026-07-22 13:58:00,,0.2229953095746828,0
2026-08-04 14:54:00,,0.1397660214492575,0
2026-08-05 10:40:00,,0.23701200958808347,1
2026-08-10 11:15:00,,0.24992449590331087,1
2026-08-13 11:03:00,,0.15664482398365429,0
2026-08-20 13:38:00,,0.1844383271467832,1
2026-05-22 13:34:00,,0.1888665114790341,0
2026-06-02 13:10:00,,0.20823691812353365,0
2026-08-07 13:12:00,,0.13334282281374132,0
2026-05-28 13:44:00,,0.1830139175602847,1
2026-06-08 10:04:00,,0.23121358932879862,1
2026-06-22 09:33:00,,0.4318537611567134,0
2026-07-03 10:36:00,,0.21368070847092424,0
2026-07-03 13:07:00,,0.09588056273588298,0
2026-07-03 14:10:00,,0.15166383806885916,0
2026-07-13 13:17:00,,0.1105301667378867,0
2026-07-22 14:15:00,,0.061852667850977774,0
2026-07-30 13:01:00,,0.1238517807669962,0
2026-09-03 13:53:00,,0.0389869434504239,0
2026-05-29 10:23:00,,0.33589116899436366,0
2026-06-16 14:35:00,,0.18750535794867149,0
2026-06-30 09:54:00,,0.3629805823521924,0
2026-07-20 14:04:00,,0.2711726013309766,0
2026-07-30 11:27:00,,0.3111639563935995,0
2026-08-13 10:28:00,,0.24350001610587643,0
2026-08-14 11:05:00,,0.14221020647476262,0
2026-08-18 13:35:00,,0.1660405518030793,0
2026-08-21 10:51:00,,0.20514512223198128,1
2026-08-25 14:51:00,,0.07246164075898218,0
2026-06-18 09:48:00,,0.3752723727538975,0
2026-07-13 10:52:00,,0.12298587801485616,0
2026-07-30 13:44:00,,0.20066239096215563,1
2026-08-11 09:33:00,,0.39551097207436664,0
2026-09-04 10:10:00,,0.17605358621883502,0
2026-05-21 10:34:00,,0.07636989377953574,0
2026-06-18 10:54:00,,0.07642569286198013,0
2026-06-18 14:42:00,,0.06901741130771534,1
2026-07-22 10:20:00,,0.30127801990766195,0
2026-06-12 10:21:00,,0.40379849654620165,0
2026-07-08 13:23:00,,0.16777446955241462,0
2026-07-14 14:23:00,,0.18602757903089062,1
2026-05-21 10:56:00,,0.30693042771922996,0
2026-06-30 14:08:00,,0.09452561907805614,0
2026-07-08 13:35:00,,0.4026373309382922,1
2026-08-19 13:55:00,,0.18296444390075098,0
2026-06-16 10:32:00,,0.11471096886926577,1
2026-08-13 09:55:00,,0.18426386195507208,0
2026-08-26 10:42:00,,0.1465882747889504,0
2026-09-02 09:36:00,,0.2883916852848263,0
2026-09-04 11:02:00,,0.0555453530822967,0
2026-06-02 13:07:00,,0.18385463483560874,0
2026-06-02 13:09:00,,0.20027407195716962,0
2026-06-04 11:18:00,,0.16839295207558477,0
2026-06-26 10:51:00,,0.28726353787266734,0
2026-07-01 09:35:00,,0.43113079493682815,1
2026-07-22 14:33:00,,0.22286427405427495,0
2026-08-20 13:05:00,,0.30229422534722644,0
2026-05-21 09:51:00,,0.28720321352951317,0
2026-06-09 13:50:00,,0.1787271281598784,0
2026-07-03 10:37:00,,0.3452348416738246,1
2026-07-09 14:52:00,,0.22846092703247198,0
2026-05-27 14:27:00,,0.1982868288707788,0
2026-06-12 13:52:00,,0.24027303327461197,0
2026-06-25 09:30:00,,0.36686707558240766,0
2026-08-10 10:12:00,,0.2681280972389419,1
2026-06-22 14:47:00,,0.15695515652419986,0
2026-08-03 10:01:00,,0.3383160520926534,1
2026-08-04 10:50:00,,0.1931219112891809,0
2026-09-02 13:59:00,,0.07999749804709172,0
2026-09-04 11:01:00,,0.094085135430764,0
2026-06-09 09:58:00,,0.30493491026753994,1
2026-06-29 11:23:00,,0.3645472619577395,0
2026-07-13 14:53:00,,0.2817003527690942,0
2026-07-21 11:27:00,,0.23777273603986643,1
2026-08-04 13:11:00,,0.13626395078975068,0
2026-08-11 13:22:00,,0.11277529710306326,0
2026-08-14 13:51:00,,0.15505773596532418,0
2026-07-01 10:33:00,,0.2901786128080995,0
2026-07-07 13:55:00,,0.14087990040789114,0
2026-07-10 14:21:00,,0.14651238459211527,0
2026-07-15 10:07:00,,0.254649643906464,0
2026-08-13 13:42:00,,0.14832165950446305,0
2026-05-26 14:07:00,,0.1645725527777143,1
2026-06-15 14:59:00,,0.287562019151381,0
2026-07-01 13:32:00,,0.22949139080114414,1
2026-07-13 11:10:00,,0.2269392843702535,0
2026-07-28 11:10:00,,0.2059981453150954,0
2026-08-17 14:20:00,,0.0512723605204452,0
2026-08-31 13:28:00,,0.1312173299758736,0
2026-09-01 14:00:00,,0.16900797267705658,0
2026-09-02 10:00:00,,0.248276630319137,0
2026-06-22 11:02:00,,0.2678768490864355,0
2026-08-07 10:46:00,,0.12998594002406683,0
2026-08-07 11:15:00,,0.36189403701752143,0
2026-08-11 11:11:00,,0.22441158979478495,1
2026-08-19 13:52:00,,0.33083309566402624,0
2026-09-03 14:31:00,,0.19307103095102726,0
2026-06-25 10:05:00,,0.29237141215820805,1
2026-07-02 11:04:00,,0.3421514105207554,1
2026-07-03 14:32:00,,0.273969680517741,0
2026-07-07 13:57:00,,0.16834733097707805,0
2026-07-09 09:52:00,,0.33521222412426005,0
2026-07-14 14:39:00,,0.30981314769713353,1
2026-07-15 10:41:00,,0.39224902777995957,0
2026-08-19 10:19:00,,0.29636730105666453,0
2026-08-20 14:01:00,,0.2442923351555632,1
2026-08-25 09:43:00,,0.30766844546600997,0
2026-05-27 14:46:00,,0.323939459259738,1
2026-06-01 14:45:00,,0.3935619974657525,1
2026-06-25 14:11:00,,0.28120463896568304,0
2026-07-01 14:50:00,,0.21020647947749266,0
2026-07-20 14:03:00,,0.2726886789046364,0
2026-08-06 13:18:00,,0.2475355453351067,0
2026-08-11 13:13:00,,0.31217248975864703,0
2026-08-28 11:04:00,,0.25229909601223655,0
2026-09-03 13:24:00,,0.24426003638782964,0
2026-05-21 09:39:00,,0.24767832287074648,1
2026-05-25 10:01:00,,0.23487750051212133,0
2026-06-10 09:40:00,,0.3689755871764618,0
2026-06-22 14:24:00,,0.1380460110250271,0
2026-07-10 14:56:00,,0.29006227855064837,0
2026-07-24 14:56:00,,0.3873242539782768,0
2026-08-10 13:14:00,,0.0847512246203736,0
2026-08-17 13:38:00,,0.06816427129853442,0
2026-06-11 14:15:00,,0.36103426410050676,0
2026-06-18 11:26:00,,0.14101437332161929,0
2026-06-18 14:43:00,,0.12773456878462633,0
2026-07-09 09:33:00,,0.42273465705286006,0
2026-08-05 13:13:00,,0.16483060283320425,0
2026-08-05 13:49:00,,0.14081927663448418,0
2026-08-17 13:09:00,,0.10876056339140609,0
2026-09-03 09:46:00,,0.2539989141618708,0
2026-06-15 11:10:00,,0.1583563751547591,0
2026-07-24 13:30:00,,0.24391756585196467,0
2026-08-27 13:15:00,,0.14531037936564278,1
2026-05-27 11:26:00,,0.26816218154930604,0
2026-06-02 14:50:00,,0.18839492033638813,0
2026-06-03 10:48:00,,0.14313162193387005,0
2026-06-05 14:12:00,,0.17767503276125776,0
2026-07-10 11:15:00,,0.18561685459028132,0
2026-08-18 13:09:00,,0.1277967296260541,0
2026-08-31 10:58:00,,0.1308725132070968,1
2026-05-26 13:20:00,,0.17418642949341775,0
2026-06-01 09:34:00,,0.47179082662719923,0
2026-06-24 09:53:00,,0.3253180352730936,1
2026-06-26 11:09:00,,0.32370814806319487,0
2026-07-02 14:40:00,,0.18684205963827172,0
2026-07-16 10:12:00,,0.3230036328454798,0
2026-08-11 13:02:00,,0.23313623818243226,0
2026-08-24 14:11:00,,0.25161426269043224,0
2026-06-15 14:31:00,,0.042216995061021965,1
2026-06-23 13:20:00,,0.12631573517950193,0
2026-07-21 14:38:00,,0.07481359993352049,1
2026-07-23 14:50:00,,0.12795182754197257,0
2026-08-05 14:28:00,,0.07443946771257537,0
2026-08-25 10:02:00,,0.2520186597528806,1
2026-06-18 10:48:00,,0.283820419101448,0
2026-06-29 11:30:00,,0.2996414475812693,0
2026-07-06 09:46:00,,0.3786829177192514,1
2026-07-20 10:43:00,,0.4114726951874597,1
2026-08-03 14:59:00,,0.31740434684259,0
2026-08-17 10:03:00,,0.2882590590615119,1
2026-09-01 14:23:00,,0.07435795428648298,0
2026-06-02 09:49:00,,0.2838081559987791,0
2026-06-18 10:08:00,,0.1619265803908293,1
2026-06-22 15:00:00,,0.28971319876408347,0
2026-06-23 13:27:00,,0.07656486834147573,0
2026-06-30 09:36:00,,0.387314472844676,1
2026-06-30 11:24:00,,0.16130719142695016,0
2026-07-01 13:40:00,,0.13672656019344487,0
2026-07-23 11:14:00,,0.09423663002471762,0
2026-07-29 09:33:00,,0.37750132714760626,0
2026-08-05 13:30:00,,0.09436934865329924,0
2026-09-01 10:38:00,,0.14835859891171285,0
2026-09-01 13:38:00,,0.11753149390248804,0
2026-09-03 14:26:00,,0.03550652509982992,0
2026-05-21 13:24:00,,0.232292174285385,1
2026-06-16 10:52:00,,0.20185025641839208,0
2026-06-18 13:33:00,,0.19359345845726292,0
2026-06-22 14:14:00,,0.3213644130591739,0
2026-07-13 10:26:00,,0.21420422704259232,1
2026-07-17 10:07:00,,0.32730129191482016,0
2026-07-21 09:59:00,,0.6162928860629128,0
2026-07-23 14:01:00,,0.348313502407495,1
2026-08-07 10:51:00,,0.23365085964631546,0
2026-08-18 10:53:00,,0.16567574344633695,0
2026-09-02 13:08:00,,0.10904130732136455,0
2026-09-03 09:44:00,,0.3548412308772319,0
2026-06-02 14:59:00,,0.3971229659457887,0
2026-06-09 13:39:00,,0.2766679852435484,0
2026-07-13 13:54:00,,0.24008424022051425,0
2026-07-17 14:16:00,,0.33781466956038625,0
2026-07-28 14:10:00,,0.19928287015405502,0
2026-09-01 11:17:00,,0.24888264252867215,1
2026-09-03 10:02:00,,0.41836556215736564,1
2026-09-04 14:05:00,,0.2871705650349765,0
2026-07-30 13:51:00,,0.33408190862383846,0
2026-08-11 13:36:00,,0.09916946817323147,0
2026-09-02 10:21:00,,0.23929738815265825,1
2026-05-25 13:55:00,,0.23300016566162646,1
2026-06-04 14:28:00,,0.20225046522084453,0
2026-06-18 14:15:00,,0.17111369778925128,0
2026-07-10 14:49:00,,0.40582697279051344,0
2026-07-29 14:29:00,,0.18750982875813793,0
2026-08-06 09:30:00,,0.47924134728617995,1
2026-08-14 10:58:00,,0.2397355299939668,0
2026-08-28 10:10:00,,0.34395399766178686,0
2026-05-21 11:08:00,,0.24669918839826374,0
2026-05-28 13:39:00,,0.22905098617727837,0
2026-06-12 13:50:00,,0.23199672404339455,0
2026-06-12 14:45:00,,0.25242330264947926,1
2026-06-24 11:07:00,,0.28013379156032003,0
2026-06-24 11:18:00,,0.2988052218838124,1
2026-07-13 11:18:00,,0.34169365538691104,0
2026-07-20 13:15:00,,0.42501101109810874,0
2026-08-04 13:26:00,,0.22502492126529033,1
2026-06-01 14:48:00,,0.40913931669305587,0
2026-06-08 09:52:00,,0.3665086013998757,0
2026-06-26 09:36:00,,0.3855378318329509,0
2026-07-07 13:22:00,,0.2844727995681867,1
2026-08-13 10:39:00,,0.4082163633529607,1
2026-06-01 14:28:00,,0.08920439767210547,0
2026-07-14 11:26:00,,0.2869057695041557,1
2026-07-17 14:38:00,,0.29948894228196316,0
2026-08-18 09:36:00,,0.3538950885771472,0
2026-05-28 10:42:00,,0.32035922158019814,1
2026-07-20 10:42:00,,0.27770276196718563,1
2026-08-05 10:14:00,,0.253062411657776,0
2026-08-05 13:20:00,,0.1081120848920049,0
2026-08-06 13:18:00,,0.2610718892426767,0
2026-08-12 14:20:00,,0.21815793292086408,0
2026-06-17 10:19:00,,0.2727449599439386,0
2026-06-29 11:06:00,,0.36886433778667316,0
2026-07-01 13:18:00,,0.18055824161222594,1
2026-07-09 13:52:00,,0.2454435833875686,0
2026-07-13 13:15:00,,0.3119077867052774,0
2026-07-17 10:42:00,,0.3857532897640062,0
2026-07-17 14:50:00,,0.3488041931052079,0
2026-07-21 10:17:00,,0.2956024542425197,1
2026-07-27 10:26:00,,0.23896484758471023,0
2026-08-13 09:32:00,,0.34143668185732434,0
2026-06-01 14:55:00,,0.22319319300185467,1
2026-06-10 13:03:00,,0.27741576035685744,0
2026-07-17 14:17:00,,0.3814401078762725,1
2026-07-23 13:47:00,,0.23992311645182948,0
2026-07-27 13:44:00,,0.1820715407561056,1
2026-07-29 10:30:00,,0.29470996275288464,0
2026-08-12 13:37:00,,0.16084960576324378,0
2026-08-20 14:11:00,,0.368760366885417,0
2026-08-27 14:46:00,,0.1720772195761977,0
2026-07-08 13:56:00,,0.15958193601397416,0
2026-07-23 10:09:00,,0.35628437227378984,1
2026-09-04 10:59:00,,0.0865426176195893,0
2026-06-11 09:53:00,,0.3419356692541084,1
2026-06-17 13:28:00,,0.13052294547313903,1
2026-06-23 14:38:00,,0.1467147099190045,0
2026-06-30 11:06:00,,0.27840549895288513,0
2026-07-03 10:57:00,,0.15872629909379687,0
2026-07-14 14:48:00,,0.10273878097670723,1
2026-07-21 14:58:00,,0.33718484332993276,0
2026-08-26 13:01:00,,0.2638950961504808,0
2026-05-21 13:26:00,,0.15400325614791283,0
2026-06-23 14:32:00,,0.10725102340659488,1
2026-07-03 13:03:00,,0.14533929005750687,0
2026-08-06 13:58:00,,0.07333866086053571,0
2026-08-07 10:19:00,,0.17838332580361113,0
2026-08-10 09:51:00,,0.2274169496310522,1
2026-09-01 11:04:00,,0.06580045023223242,0
2026-09-04 13:26:00,,0.19928022806420637,0
2026-06-16 11:03:00,,0.16907529022711046,0
2026-07-06 14:52:00,,0.3038231263802962,0
2026-07-14 09:44:00,,0.2697727370477714,0
2026-08-13 13:30:00,,0.05675790200211646,0
2026-06-04 10:17:00,,0.2299781163137313,0
2026-06-18 11:23:00,,0.11505005437329342,0
2026-06-23 14:41:00,,0.21002867633689892,0
2026-06-24 14:27:00,,0.1369938279309218,0
2026-06-29 14:06:00,,0.10640724848976094,0
2026-07-27 10:41:00,,0.13017002922285587,0
2026-07-31 13:58:00,,0.07697294872045612,0
2026-08-17 10:41:00,,0.11052301976105824,0
2026-05-28 10:03:00,,0.18436227506395497,0
2026-06-04 10:30:00,,0.2110734666814711,0
2026-06-08 11:06:00,,0.1372069031439738,0
2026-06-30 10:12:00,,0.2373925241106647,1
2026-07-06 14:44:00,,0.05581976095690141,0
2026-07-08 13:43:00,,0.09732214984985045,0
2026-07-14 14:08:00,,0.1332983257873646,0
2026-08-12 14:49:00,,0.07037705111179587,0
2026-08-13 13:42:00,,0.11389726529298114,0
2026-08-19 13:53:00,,0.12370421979426578,0
2026-06-12 11:25:00,,0.24800371376260286,0
2026-07-10 10:32:00,,0.35441043096837227,0
2026-07-20 13:55:00,,0.40080757023757635,0
2026-07-30 11:21:00,,0.29007624214984284,0
2026-08-21 14:21:00,,0.07222158528432833,1
2026-08-25 13:22:00,,0.28140480361128944,0
2026-09-01 14:32:00,,0.08563057347514497,0
2026-06-01 14:02:00,,0.18598248935996342,0
2026-07-31 10:54:00,,0.13344054893232732,0
2026-08-11 13:57:00,,0.0708200719281903,0
2026-08-14 13:23:00,,0.18885724184163805,0
2026-08-25 13:04:00,,0.22179388282678922,0
2026-08-26 09:53:00,,0.25978742392146975,0
2026-09-02 09:33:00,,0.37395905057030376,0
2026-05-29 10:58:00,,0.22692140370657754,0
2026-06-03 14:13:00,,0.25058746152682154,0
2026-06-12 10:51:00,,0.17187239529585868,1
2026-06-22 14:52:00,,0.19051919369344242,1
2026-07-02 09:45:00,,0.32894225769384583,0
2026-07-07 09:50:00,,0.39240612318113055,0
2026-07-10 11:05:00,,0.33454096025515034,1
2026-07-13 09:44:00,,0.3473133324407789,1
2026-07-14 14:30:00,,0.1707482995290504,1
2026-08-06 14:47:00,,0.09568375904214702,0
2026-08-12 14:00:00,,0.09476941682046501,0
2026-05-21 10:21:00,,0.21574702477299249,0
2026-05-29 14:59:00,,0.5109386440497167,0
2026-06-03 10:28:00,,0.3699399113053801,0
2026-07-07 14:49:00,,0.1625326633675513,0
2026-08-05 11:17:00,,0.09714347207169191,0
2026-08-13 10:25:00,,0.24914729724440834,0
2026-09-03 11:01:00,,0.22412108563423302,0
2026-05-21 13:52:00,,0.10288812912026722,0
2026-05-29 10:55:00,,0.10853277566804913,0
2026-06-18 10:06:00,,0.21528115800872827,1
2026-07-27 13:13:00,,0.15770343599126194,0
2026-07-29 10:45:00,,0.3693823562384516,0
2026-08-05 13:27:00,,0.30444855583797215,0
2026-08-19 14:16:00,,0.15039703076184535,1
2026-09-01 10:57:00,,0.1769124934943128,0
2026-05-26 14:08:00,,0.178912413285367,1
2026-06-01 13:35:00,,0.3472483814061606,1
2026-05-28 10:44:00,,0.31204841930986577,0
2026-06-11 14:19:00,,0.20741061437805006,0
2026-07-07 13:52:00,,0.18248176243215233,0
2026-07-15 14:09:00,,0.12858947089191478,0
2026-07-30 10:25:00,,0.3272408397933853,0
2026-08-13 14:47:00,,0.2704245283800653,0
2026-08-24 11:27:00,,0.2649100978786085,0
2026-08-31 10:50:00,,0.24781838843447415,0
2026-08-31 14:55:00,,0.07784857646836402,0
2026-06-03 14:12:00,,0.1288598533634882,0
2026-06-04 13:45:00,,0.10722864534898312,1
2026-06-08 13:46:00,,0.37984468284707856,1
2026-06-12 10:15:00,,0.15475814854359196,0
2026-05-28 13:54:00,,0.26034923810106,0
2026-07-06 09:41:00,,0.40224560740837556,0
2026-07-10 13:24:00,,0.23062247731439225,1
2026-07-17 14:25:00,,0.30176592722975915,0
2026-07-21 14:26:00,,0.16520647284880888,0
2026-07-27 10:36:00,,0.2061344496812862,0
2026-08-11 10:19:00,,0.18727862319253025,1
2026-08-12 14:49:00,,0.04412263006733961,0
2026-06-12 10:06:00,,0.29240371633524176,0
2026-06-16 10:47:00,,0.2551801073292011,0
2026-07-20 11:25:00,,0.1838998882056771,0
2026-08-05 14:05:00,,0.15366724566857712,0
2026-06-09 10:58:00,,0.1794032232637161,1
2026-06-23 11:14:00,,0.25448708649727003,0
2026-07-02 13:23:00,,0.31347482380969327,1
2026-07-03 13:43:00,,0.1827935834833823,0
2026-07-06 13:59:00,,0.2541511200465411,0
2026-07-13 14:36:00,,0.2222121514410959,0
2026-07-16 13:15:00,,0.18916314336366596,1
2026-08-12 09:36:00,,0.28945721525255663,0
2026-08-25 13:17:00,,0.2270215365243082,0
2026-06-02 10:34:00,,0.18089571010298766,0
2026-08-06 11:08:00,,0.13155250933509408,1
2026-08-31 14:43:00,,0.07940801821095748,0
2026-05-21 13:22:00,,0.18848387992618526,0
2026-05-25 13:06:00,,0.3833496578608543,1
2026-06-18 14:13:00,,0.1334595102731745,0
2026-07-02 09:48:00,,0.36353935400106663,1
2026-07-03 13:57:00,,0.2532591994493923,0
2026-07-10 13:13:00,,0.211070096598413,1
2026-07-30 10:06:00,,0.2981154314867528,0
2026-05-21 09:47:00,,0.3404993701243694,1
2026-06-18 14:00:00,,0.1532876600080981,0
2026-08-11 13:03:00,,0.12401953799982973,1
2026-08-25 11:14:00,,0.15200432292034663,0
2026-06-17 13:38:00,,0.22465742874240294,1
2026-06-17 14:06:00,,0.23363506214362437,0
2026-07-29 10:22:00,,0.3834728974594173,1
2026-08-07 14:23:00,,0.26307724945828326,0
2026-08-20 14:45:00,,0.19780443165073988,0
2026-08-26 10:52:00,,0.23847224446664272,0
2026-05-29 10:39:00,,0.2889114397310517,0
2026-06-08 10:01:00,,0.2594929812127672,0
2026-06-30 11:18:00,,0.22156685689988018,1
2026-07-06 14:06:00,,0.13792085272673552,0
2026-07-27 13:11:00,,0.2609113862366638,0
2026-07-29 14:35:00,,0.10167086411378977,0
2026-06-29 10:24:00,,0.3747202796243947,0
2026-07-20 14:45:00,,0.333036085598212,1
2026-07-30 14:02:00,,0.17554012415130474,1
2026-07-31 10:04:00,,0.33458110134362895,0
2026-08-03 14:11:00,,0.13709149191986578,0
2026-08-06 14:11:00,,0.14884350850379904,0
2026-09-01 13:02:00,,0.30472114381212645,1
2026-06-04 13:01:00,,0.19867916178256967,0
2026-06-04 14:45:00,,0.09980094187987051,0
2026-06-12 13:02:00,,0.13487662150963556,0
2026-07-01 14:26:00,,0.08565678593324971,0
2026-07-17 13:24:00,,0.36552183835586355,1
2026-08-05 14:52:00,,0.12241832578796413,0
2026-08-26 13:15:00,,0.10185899091808677,0
2026-06-24 13:42:00,,0.19110099055808116,0
2026-07-09 09:52:00,,0.37362310534961307,1
2026-07-15 13:09:00,,0.18492927853015853,0
2026-05-28 10:37:00,,0.15562989536518454,0
2026-06-11 10:54:00,,0.14410655111127074,0
2026-08-10 14:35:00,,0.11768546937615337,0
2026-05-28 14:55:00,,0.145847459901594,0
2026-05-29 10:08:00,,0.28074661889102687,0
2026-06-01 10:12:00,,0.21957953391832521,1
2026-06-08 13:20:00,,0.21564885731175937,0
2026-07-10 10:53:00,,0.2147089880883464,0
2026-08-25 09:59:00,,0.33253683624224845,1
2026-05-25 11:23:00,,0.209289596359007,0
2026-06-17 13:57:00,,0.11724159325186434,0
2026-07-23 13:27:00,,0.21633680758936022,0
2026-08-07 14:37:00,,0.1123704707594335,0
2026-08-28 14:04:00,,0.059537016301958144,0
2026-05-22 14:49:00,,0.30300130028238964,0
2026-06-12 14:30:00,,0.12577938787266243,0
2026-06-26 13:09:00,,0.2630109135479324,0
2026-07-06 13:06:00,,0.11667347236494108,0
2026-07-28 09:52:00,,0.2811770704900613,0
2026-07-30 09:53:00,,0.33754262318442013,0
2026-08-17 13:26:00,,0.24226437989994362,1
2026-08-24 14:48:00,,0.13707271887472944,0
2026-06-29 11:27:00,,0.41280858509413265,0
2026-07-29 14:17:00,,0.12159905818796268,1
2026-08-06 09:54:00,,0.295836448617929,1
2026-08-10 14:00:00,,0.18791129072625581,0
2026-08-18 14:37:00,,0.18627551909056558,0
2026-05-28 10:51:00,,0.40145052520772906,1
2026-06-01 13:12:00,,0.34053887784062975,0
2026-06-10 11:24:00,,0.34008344452654543,1
2026-07-15 10:39:00,,0.3731271266083334,0
2026-07-17 13:11:00,,0.297196122265809,0
2026-07-20 10:37:00,,0.5495992550818275,1
2026-08-03 11:25:00,,0.22655912389415245,0
2026-08-19 09:35:00,,0.5171655689815569,1
2026-08-19 10:15:00,,0.36276241712439905,0
2026-05-29 14:42:00,,0.2856234450308055,0
2026-06-09 10:24:00,,0.24430758710577202,1
2026-06-10 09:50:00,,0.3367389378016266,0
2026-06-10 10:09:00,,0.29591998334098313,0
2026-06-12 13:56:00,,0.2542753456170594,0
2026-06-29 13:25:00,,0.2636087199659305,1
2026-07-20 13:45:00,,0.41787825208006,1
2026-07-23 13:55:00,,0.1475418274754709,0
2026-07-28 09:39:00,,0.38315905102777814,1
2026-07-30 10:13:00,,0.24857920308257747,0
2026-08-03 09:46:00,,0.3126831580609052,0
2026-08-10 10:11:00,,0.22995832790305346,0
2026-08-13 11:18:00,,0.21141269320073514,0
2026-06-22 14:41:00,,0.0558681760608883,0
2026-08-05 13:02:00,,0.09032560790171433,0
2026-08-14 14:04:00,,0.19329618279822516,0
2026-06-23 11:29:00,,0.26648305994076155,0
2026-07-20 10:09:00,,0.23306313161293818,0
2026-07-31 09:42:00,,0.21647604031518197,0
2026-08-11 14:39:00,,0.06600074911208474,0
2026-08-12 13:21:00,,0.06356239267611023,0
2026-08-27 09:49:00,,0.26716357625490234,0
2026-06-01 14:51:00,,0.09963536605519646,0
2026-06-10 14:14:00,,0.14719885343275027,0
2026-06-25 11:06:00,,0.17850073103268077,0
2026-06-29 13:59:00,,0.15948814580652562,0
2026-07-13 14:15:00,,0.1365489918845266,1
2026-07-28 11:21:00,,0.07855597053556072,0
2026-07-31 10:14:00,,0.31654448559932075,0
2026-08-03 14:02:00,,0.22064625478484154,0
2026-08-20 09:34:00,,0.37736477557071335,0
2026-08-27 11:08:00,,0.05975971872424254,0
2026-06-09 13:58:00,,0.20220116641295977,0
2026-07-13 09:48:00,,0.4041502518023316,0
2026-07-23 14:28:00,,0.1195980588229977,1
2026-08-06 11:22:00,,0.2536712896714004,0
2026-08-11 09:59:00,,0.3228525789320662,1
2026-08-19 14:44:00,,0.1969654398079862,0
2026-08-25 09:55:00,,0.31100887593571297,1
2026-06-15 13:03:00,,0.169872268831736,0
2026-08-03 14:55:00,,0.023791940996172843,0
2026-08-10 14:45:00,,0.1997627263936198,0
2026-08-19 09:37:00,,0.3200900178500769,0
